state_alpha,season,week,cal_week,week_ending,PCT DENTED,PCT DOUGH,PCT EMERGED,PCT HARVESTED,PCT MATURE,PCT MILK,PCT PLANTED,PCT SILKING
AL,2016,6,13,2016-04-03,,,8.0,0.0,0.0,,13.0,0.0
AL,2016,7,14,2016-04-10,,,13.0,0.0,0.0,,45.0,0.0
AL,2016,8,15,2016-04-17,,,38.0,0.0,0.0,,62.0,0.0
AL,2016,9,16,2016-04-24,,,56.0,0.0,0.0,,75.0,0.0
AL,2016,10,17,2016-05-01,,,75.0,0.0,0.0,,92.0,0.0
AL,2016,11,18,2016-05-08,,,92.0,0.0,0.0,,97.0,0.0
AL,2016,12,19,2016-05-15,,,97.0,0.0,0.0,,97.0,0.0
AL,2016,14,21,2016-05-29,,,97.0,0.0,0.0,,97.0,2.0
AL,2016,15,22,2016-06-05,,,97.0,0.0,0.0,,97.0,19.0
AL,2016,16,23,2016-06-12,,,97.0,0.0,0.0,,97.0,45.0
AL,2016,17,24,2016-06-19,,,97.0,0.0,0.0,,97.0,64.0
AL,2016,18,25,2016-06-26,,,97.0,0.0,0.0,,97.0,80.0
AL,2016,19,26,2016-07-03,,,97.0,0.0,0.0,,97.0,92.0
AL,2016,20,27,2016-07-10,,,97.0,0.0,0.0,,97.0,95.0
AL,2016,21,28,2016-07-17,,,97.0,0.0,21.0,,97.0,95.0
AL,2016,22,29,2016-07-24,,,97.0,0.0,61.0,,97.0,95.0
AL,2016,23,30,2016-07-31,,,97.0,0.0,72.0,,97.0,95.0
AL,2016,24,31,2016-08-07,,,97.0,8.0,80.0,,97.0,95.0
AL,2016,25,32,2016-08-14,,,97.0,11.0,91.0,,97.0,95.0
AL,2016,26,33,2016-08-21,,,97.0,18.0,95.0,,97.0,95.0
AL,2016,27,34,2016-08-28,,,97.0,26.0,95.0,,97.0,95.0
AL,2016,28,35,2016-09-04,,,97.0,37.0,95.0,,97.0,95.0
AL,2016,29,36,2016-09-11,,,97.0,62.0,95.0,,97.0,95.0
AL,2016,30,37,2016-09-18,,,97.0,83.0,95.0,,97.0,95.0
AL,2016,31,38,2016-09-25,,,97.0,91.0,95.0,,97.0,95.0
AL,2016,32,39,2016-10-02,,,97.0,94.0,95.0,,97.0,95.0
AL,2016,33,40,2016-10-09,,,97.0,97.0,95.0,,97.0,95.0
AL,2017,6,13,2017-04-02,,,2.0,0.0,0.0,,11.0,0.0
AL,2017,7,14,2017-04-09,,,17.0,0.0,0.0,,30.0,0.0
AL,2017,8,15,2017-04-16,,,30.0,0.0,0.0,,57.0,0.0
AL,2017,9,16,2017-04-23,,,57.0,0.0,0.0,,77.0,0.0
AL,2017,10,17,2017-04-30,,,77.0,0.0,0.0,,88.0,0.0
AL,2017,11,18,2017-05-07,,,82.0,0.0,0.0,,92.0,0.0
AL,2017,12,19,2017-05-14,,,89.0,0.0,0.0,,97.0,0.0
AL,2017,13,20,2017-05-21,,,98.0,0.0,0.0,,97.0,0.0
AL,2017,14,21,2017-05-28,,,98.0,0.0,0.0,,97.0,2.0
AL,2017,15,22,2017-06-04,,,98.0,0.0,0.0,,97.0,21.0
AL,2017,16,23,2017-06-11,,,98.0,0.0,0.0,,97.0,48.0
AL,2017,17,24,2017-06-18,,,98.0,0.0,0.0,,97.0,66.0
AL,2017,18,25,2017-06-25,,,98.0,0.0,0.0,,97.0,82.0
AL,2017,19,26,2017-07-02,,,98.0,0.0,0.0,,97.0,90.0
AL,2017,20,27,2017-07-09,,,98.0,0.0,4.0,,97.0,93.0
AL,2017,21,28,2017-07-16,,,98.0,0.0,17.0,,97.0,95.0
AL,2017,22,29,2017-07-23,,,98.0,0.0,49.0,,97.0,95.0
AL,2017,23,30,2017-07-30,,,98.0,0.0,68.0,,97.0,95.0
AL,2017,24,31,2017-08-06,,,98.0,1.0,78.0,,97.0,95.0
AL,2017,25,32,2017-08-13,,,98.0,7.0,85.0,,97.0,95.0
AL,2017,26,33,2017-08-20,,,98.0,16.0,95.0,,97.0,95.0
AL,2017,27,34,2017-08-27,,,98.0,31.0,95.0,,97.0,95.0
AL,2017,28,35,2017-09-03,,,98.0,51.0,95.0,,97.0,95.0
AL,2017,29,36,2017-09-10,,,98.0,69.0,95.0,,97.0,95.0
AL,2017,30,37,2017-09-17,,,98.0,77.0,95.0,,97.0,95.0
AL,2017,31,38,2017-09-24,,,98.0,90.0,95.0,,97.0,95.0
AL,2017,32,39,2017-10-01,,,98.0,94.0,95.0,,97.0,95.0
AL,2017,33,40,2017-10-08,,,98.0,98.0,95.0,,97.0,95.0
AL,2018,6,13,2018-04-01,,,6.0,0.0,0.0,,17.0,0.0
AL,2018,7,14,2018-04-08,,,14.0,0.0,0.0,,30.0,0.0
AL,2018,8,15,2018-04-15,,,23.0,0.0,0.0,,49.0,0.0
AL,2018,9,16,2018-04-22,,,32.0,0.0,0.0,,62.0,0.0
AL,2018,10,17,2018-04-29,,,50.0,0.0,0.0,,71.0,0.0
AL,2018,11,18,2018-05-06,,,67.0,0.0,0.0,,88.0,0.0
AL,2018,12,19,2018-05-13,,,81.0,0.0,0.0,,96.0,0.0
AL,2018,13,20,2018-05-20,,,95.0,0.0,0.0,,96.0,0.0
AL,2018,14,21,2018-05-27,,,95.0,0.0,0.0,,96.0,1.0
AL,2018,15,22,2018-06-03,,,95.0,0.0,0.0,,96.0,7.0
AL,2018,16,23,2018-06-10,,,95.0,0.0,0.0,,96.0,20.0
AL,2018,17,24,2018-06-17,,,95.0,0.0,0.0,,96.0,36.0
AL,2018,18,25,2018-06-24,,,95.0,0.0,0.0,,96.0,70.0
AL,2018,19,26,2018-07-01,,,95.0,0.0,0.0,,96.0,80.0
AL,2018,20,27,2018-07-08,,,95.0,0.0,0.0,,96.0,90.0
AL,2018,21,28,2018-07-15,,,95.0,0.0,3.0,,96.0,93.0
AL,2018,22,29,2018-07-22,,,95.0,0.0,39.0,,96.0,97.0
AL,2018,23,30,2018-07-29,,,95.0,0.0,52.0,,96.0,97.0
AL,2018,24,31,2018-08-05,,,95.0,0.0,71.0,,96.0,97.0
AL,2018,25,32,2018-08-12,,,95.0,2.0,78.0,,96.0,97.0
AL,2018,26,33,2018-08-19,,,95.0,11.0,86.0,,96.0,97.0
AL,2018,27,34,2018-08-26,,,95.0,27.0,95.0,,96.0,97.0
AL,2018,28,35,2018-09-02,,,95.0,49.0,95.0,,96.0,97.0
AL,2018,29,36,2018-09-09,,,95.0,64.0,95.0,,96.0,97.0
AL,2018,30,37,2018-09-16,,,95.0,78.0,95.0,,96.0,97.0
AL,2018,31,38,2018-09-23,,,95.0,86.0,95.0,,96.0,97.0
AL,2018,32,39,2018-09-30,,,95.0,91.0,95.0,,96.0,97.0
AL,2018,33,40,2018-10-07,,,95.0,94.0,95.0,,96.0,97.0
AL,2018,34,41,2018-10-14,,,95.0,97.0,95.0,,96.0,97.0
AL,2019,6,13,2019-03-31,,,4.0,0.0,0.0,,28.0,0.0
AL,2019,7,14,2019-04-07,,,15.0,0.0,0.0,,48.0,0.0
AL,2019,8,15,2019-04-14,,,31.0,0.0,0.0,,62.0,0.0
AL,2019,9,16,2019-04-21,,,55.0,0.0,0.0,,76.0,0.0
AL,2019,10,17,2019-04-28,,,70.0,0.0,0.0,,87.0,0.0
AL,2019,11,18,2019-05-05,,,85.0,0.0,0.0,,94.0,0.0
AL,2019,12,19,2019-05-12,,,91.0,0.0,0.0,,97.0,0.0
AL,2019,13,20,2019-05-19,,,97.0,0.0,0.0,,97.0,0.0
AL,2019,14,21,2019-05-26,,,97.0,0.0,0.0,,97.0,2.0
AL,2019,15,22,2019-06-02,,,97.0,0.0,0.0,,97.0,10.0
AL,2019,16,23,2019-06-09,,,97.0,0.0,0.0,,97.0,32.0
AL,2019,17,24,2019-06-16,,,97.0,0.0,0.0,,97.0,55.0
AL,2019,18,25,2019-06-23,,,97.0,0.0,0.0,,97.0,74.0
AL,2019,19,26,2019-06-30,,,97.0,0.0,0.0,,97.0,87.0
AL,2019,20,27,2019-07-07,,,97.0,0.0,1.0,,97.0,94.0
AL,2019,21,28,2019-07-14,,,97.0,0.0,13.0,,97.0,98.0
AL,2019,22,29,2019-07-21,,,97.0,0.0,27.0,,97.0,98.0
AL,2019,23,30,2019-07-28,,,97.0,0.0,40.0,,97.0,98.0
AL,2019,24,31,2019-08-04,,,97.0,0.0,57.0,,97.0,98.0
AL,2019,25,32,2019-08-11,,,97.0,0.0,67.0,,97.0,98.0
AL,2019,26,33,2019-08-18,,,97.0,7.0,73.0,,97.0,98.0
AL,2019,27,34,2019-08-25,,,97.0,23.0,83.0,,97.0,98.0
AL,2019,28,35,2019-09-01,,,97.0,37.0,91.0,,97.0,98.0
AL,2019,29,36,2019-09-08,,,97.0,52.0,95.0,,97.0,98.0
AL,2019,30,37,2019-09-15,,,97.0,77.0,95.0,,97.0,98.0
AL,2019,31,38,2019-09-22,,,97.0,87.0,95.0,,97.0,98.0
AL,2019,32,39,2019-09-29,,,97.0,93.0,95.0,,97.0,98.0
AL,2019,33,40,2019-10-06,,,97.0,96.0,95.0,,97.0,98.0
AL,2020,7,14,2020-04-05,,,10.0,0.0,0.0,,20.0,0.0
AL,2020,8,15,2020-04-12,,,20.0,0.0,0.0,,42.0,0.0
AL,2020,9,16,2020-04-19,,,37.0,0.0,0.0,,62.0,0.0
AL,2020,10,17,2020-04-26,,,57.0,0.0,0.0,,75.0,0.0
AL,2020,11,18,2020-05-03,,,72.0,0.0,0.0,,89.0,0.0
AL,2020,12,19,2020-05-10,,,84.0,0.0,0.0,,93.0,0.0
AL,2020,13,20,2020-05-17,,,90.0,0.0,0.0,,96.0,0.0
AL,2020,14,21,2020-05-24,,,95.0,0.0,0.0,,96.0,0.0
AL,2020,15,22,2020-05-31,,,95.0,0.0,0.0,,96.0,5.0
AL,2020,16,23,2020-06-07,,,95.0,0.0,0.0,,96.0,12.0
AL,2020,17,24,2020-06-14,,,95.0,0.0,0.0,,96.0,32.0
AL,2020,18,25,2020-06-21,,,95.0,0.0,0.0,,96.0,43.0
AL,2020,19,26,2020-06-28,,,95.0,0.0,0.0,,96.0,72.0
AL,2020,20,27,2020-07-05,,,95.0,0.0,0.0,,96.0,88.0
AL,2020,21,28,2020-07-12,,,95.0,0.0,4.0,,96.0,95.0
AL,2020,22,29,2020-07-19,,,95.0,0.0,20.0,,96.0,95.0
AL,2020,23,30,2020-07-26,,,95.0,0.0,39.0,,96.0,95.0
AL,2020,24,31,2020-08-02,,,95.0,0.0,54.0,,96.0,95.0
AL,2020,25,32,2020-08-09,,,95.0,1.0,64.0,,96.0,95.0
AL,2020,26,33,2020-08-16,,,95.0,7.0,78.0,,96.0,95.0
AL,2020,27,34,2020-08-23,,,95.0,20.0,85.0,,96.0,95.0
AL,2020,28,35,2020-08-30,,,95.0,27.0,89.0,,96.0,95.0
AL,2020,29,36,2020-09-06,,,95.0,38.0,94.0,,96.0,95.0
AL,2020,30,37,2020-09-13,,,95.0,56.0,97.0,,96.0,95.0
AL,2020,31,38,2020-09-20,,,95.0,72.0,97.0,,96.0,95.0
AL,2020,32,39,2020-09-27,,,95.0,76.0,97.0,,96.0,95.0
AL,2020,33,40,2020-10-04,,,95.0,86.0,97.0,,96.0,95.0
AL,2020,34,41,2020-10-11,,,95.0,92.0,97.0,,96.0,95.0
AL,2020,35,42,2020-10-18,,,95.0,95.0,97.0,,96.0,95.0
AL,2021,6,13,2021-04-04,,,7.0,0.0,0.0,,11.0,0.0
AL,2021,7,14,2021-04-11,,,11.0,0.0,0.0,,23.0,0.0
AL,2021,8,15,2021-04-18,,,20.0,0.0,0.0,,60.0,0.0
AL,2021,9,16,2021-04-25,,,48.0,0.0,0.0,,79.0,0.0
AL,2021,10,17,2021-05-02,,,74.0,0.0,0.0,,90.0,0.0
AL,2021,11,18,2021-05-09,,,89.0,0.0,0.0,,96.0,0.0
AL,2021,12,19,2021-05-16,,,96.0,0.0,0.0,,96.0,0.0
AL,2021,14,21,2021-05-30,,,96.0,0.0,0.0,,96.0,1.0
AL,2021,15,22,2021-06-06,,,96.0,0.0,0.0,,96.0,8.0
AL,2021,16,23,2021-06-13,,,96.0,0.0,0.0,,96.0,22.0
AL,2021,17,24,2021-06-20,,,96.0,0.0,0.0,,96.0,39.0
AL,2021,18,25,2021-06-27,,,96.0,0.0,0.0,,96.0,70.0
AL,2021,19,26,2021-07-04,,,96.0,0.0,0.0,,96.0,90.0
AL,2021,20,27,2021-07-11,,,96.0,0.0,3.0,,96.0,96.0
AL,2021,21,28,2021-07-18,,,96.0,0.0,19.0,,96.0,96.0
AL,2021,22,29,2021-07-25,,,96.0,0.0,37.0,,96.0,96.0
AL,2021,23,30,2021-08-01,,,96.0,0.0,46.0,,96.0,96.0
AL,2021,24,31,2021-08-08,,,96.0,1.0,55.0,,96.0,96.0
AL,2021,25,32,2021-08-15,,,96.0,6.0,65.0,,96.0,96.0
AL,2021,26,33,2021-08-22,,,96.0,10.0,77.0,,96.0,96.0
AL,2021,27,34,2021-08-29,,,96.0,18.0,88.0,,96.0,96.0
AL,2021,28,35,2021-09-05,,,96.0,23.0,93.0,,96.0,96.0
AL,2021,29,36,2021-09-12,,,96.0,42.0,98.0,,96.0,96.0
AL,2021,30,37,2021-09-19,,,96.0,61.0,98.0,,96.0,96.0
AL,2021,31,38,2021-09-26,,,96.0,73.0,98.0,,96.0,96.0
AL,2021,32,39,2021-10-03,,,96.0,81.0,98.0,,96.0,96.0
AL,2021,33,40,2021-10-10,,,96.0,89.0,98.0,,96.0,96.0
AL,2021,34,41,2021-10-17,,,96.0,95.0,98.0,,96.0,96.0
AL,2022,6,13,2022-04-03,,,7.0,0.0,0.0,,15.0,0.0
AL,2022,7,14,2022-04-10,,,13.0,0.0,0.0,,38.0,0.0
AL,2022,8,15,2022-04-17,,,20.0,0.0,0.0,,51.0,0.0
AL,2022,9,16,2022-04-24,,,37.0,0.0,0.0,,65.0,0.0
AL,2022,10,17,2022-05-01,,,60.0,0.0,0.0,,79.0,0.0
AL,2022,11,18,2022-05-08,,,76.0,0.0,0.0,,87.0,0.0
AL,2022,12,19,2022-05-15,,,86.0,0.0,0.0,,96.0,0.0
AL,2022,13,20,2022-05-22,,,95.0,0.0,0.0,,96.0,0.0
AL,2022,14,21,2022-05-29,,,95.0,0.0,0.0,,96.0,3.0
AL,2022,15,22,2022-06-05,,,95.0,0.0,0.0,,96.0,11.0
AL,2022,16,23,2022-06-12,,,95.0,0.0,0.0,,96.0,14.0
AL,2022,17,24,2022-06-19,,,95.0,0.0,0.0,,96.0,34.0
AL,2022,18,25,2022-06-26,,,95.0,0.0,0.0,,96.0,69.0
AL,2022,19,26,2022-07-03,,,95.0,0.0,0.0,,96.0,83.0
AL,2022,20,27,2022-07-10,,,95.0,0.0,8.0,,96.0,93.0
AL,2022,21,28,2022-07-17,,,95.0,0.0,17.0,,96.0,97.0
AL,2022,22,29,2022-07-24,,,95.0,0.0,37.0,,96.0,97.0
AL,2022,23,30,2022-07-31,,,95.0,1.0,55.0,,96.0,97.0
AL,2022,24,31,2022-08-07,,,95.0,3.0,70.0,,96.0,97.0
AL,2022,25,32,2022-08-14,,,95.0,10.0,87.0,,96.0,97.0
AL,2022,26,33,2022-08-21,,,95.0,14.0,94.0,,96.0,97.0
AL,2022,27,34,2022-08-28,,,95.0,22.0,98.0,,96.0,97.0
AL,2022,28,35,2022-09-04,,,95.0,35.0,98.0,,96.0,97.0
AL,2022,29,36,2022-09-11,,,95.0,47.0,98.0,,96.0,97.0
AL,2022,30,37,2022-09-18,,,95.0,67.0,98.0,,96.0,97.0
AL,2022,31,38,2022-09-25,,,95.0,82.0,98.0,,96.0,97.0
AL,2022,32,39,2022-10-02,,,95.0,92.0,98.0,,96.0,97.0
AL,2022,33,40,2022-10-09,,,95.0,96.0,98.0,,96.0,97.0
AL,2023,6,13,2023-04-02,,,8.0,0.0,0.0,,21.0,0.0
AL,2023,7,14,2023-04-09,,,13.0,0.0,0.0,,32.0,0.0
AL,2023,8,15,2023-04-16,,,20.0,0.0,0.0,,49.0,0.0
AL,2023,9,16,2023-04-23,,,41.0,0.0,0.0,,66.0,0.0
AL,2023,10,17,2023-04-30,,,66.0,0.0,0.0,,79.0,0.0
AL,2023,11,18,2023-05-07,,,78.0,0.0,0.0,,90.0,0.0
AL,2023,12,19,2023-05-14,,,85.0,0.0,0.0,,96.0,0.0
AL,2023,13,20,2023-05-21,,,91.0,0.0,0.0,,96.0,0.0
AL,2023,14,21,2023-05-28,,,95.0,0.0,0.0,,96.0,2.0
AL,2023,15,22,2023-06-04,,,95.0,0.0,0.0,,96.0,12.0
AL,2023,16,23,2023-06-11,,,95.0,0.0,0.0,,96.0,20.0
AL,2023,17,24,2023-06-18,,,95.0,0.0,0.0,,96.0,39.0
AL,2023,18,25,2023-06-25,,,95.0,0.0,0.0,,96.0,52.0
AL,2023,19,26,2023-07-02,,,95.0,0.0,0.0,,96.0,66.0
AL,2023,20,27,2023-07-09,,,95.0,0.0,0.0,,96.0,84.0
AL,2023,21,28,2023-07-16,,,95.0,0.0,8.0,,96.0,95.0
AL,2023,22,29,2023-07-23,,,95.0,0.0,28.0,,96.0,95.0
AL,2023,23,30,2023-07-30,,,95.0,1.0,41.0,,96.0,95.0
AL,2023,24,31,2023-08-06,,,95.0,3.0,61.0,,96.0,95.0
AL,2023,25,32,2023-08-13,,,95.0,7.0,79.0,,96.0,95.0
AL,2023,26,33,2023-08-20,,,95.0,12.0,88.0,,96.0,95.0
AL,2023,27,34,2023-08-27,,,95.0,20.0,93.0,,96.0,95.0
AL,2023,28,35,2023-09-03,,,95.0,31.0,97.0,,96.0,95.0
AL,2023,29,36,2023-09-10,,,95.0,46.0,99.0,,96.0,95.0
AL,2023,30,37,2023-09-17,,,95.0,58.0,100.0,,96.0,95.0
AL,2023,31,38,2023-09-24,,,95.0,75.0,100.0,,96.0,95.0
AL,2023,32,39,2023-10-01,,,95.0,85.0,100.0,,96.0,95.0
AL,2023,33,40,2023-10-08,,,95.0,91.0,100.0,,96.0,95.0
AL,2023,34,41,2023-10-15,,,95.0,97.0,100.0,,96.0,95.0
AL,2024,6,13,2024-03-31,,,4.0,0.0,0.0,,10.0,0.0
AL,2024,7,14,2024-04-07,,,6.0,0.0,0.0,,17.0,0.0
AL,2024,8,15,2024-04-14,,,11.0,0.0,0.0,,25.0,0.0
AL,2024,9,16,2024-04-21,,,29.0,0.0,0.0,,48.0,0.0
AL,2024,10,17,2024-04-28,,,46.0,0.0,0.0,,69.0,0.0
AL,2024,11,18,2024-05-05,,,67.0,0.0,0.0,,83.0,0.0
AL,2024,12,19,2024-05-12,,,76.0,0.0,0.0,,90.0,0.0
AL,2024,13,20,2024-05-19,,,85.0,0.0,0.0,,96.0,0.0
AL,2024,14,21,2024-05-26,,,91.0,0.0,0.0,,99.0,3.0
AL,2024,15,22,2024-06-02,,,96.0,0.0,0.0,,100.0,13.0
AL,2024,16,23,2024-06-09,,,96.0,0.0,0.0,,100.0,21.0
AL,2024,17,24,2024-06-16,,,99.0,0.0,0.0,,100.0,42.0
AL,2024,18,25,2024-06-23,,,100.0,0.0,0.0,,100.0,61.0
AL,2024,19,26,2024-06-30,,,100.0,0.0,0.0,,100.0,77.0
AL,2024,20,27,2024-07-07,,,100.0,0.0,0.0,,100.0,88.0
AL,2024,21,28,2024-07-14,,,100.0,0.0,13.0,,100.0,92.0
AL,2024,22,29,2024-07-21,,,100.0,0.0,30.0,,100.0,98.0
AL,2024,23,30,2024-07-28,,,100.0,1.0,43.0,,100.0,98.0
AL,2024,24,31,2024-08-04,,,100.0,4.0,64.0,,100.0,98.0
AL,2024,25,32,2024-08-11,,,100.0,8.0,77.0,,100.0,98.0
AL,2024,26,33,2024-08-18,,,100.0,13.0,87.0,,100.0,98.0
AL,2024,27,34,2024-08-25,,,100.0,26.0,90.0,,100.0,98.0
AL,2024,28,35,2024-09-01,,,100.0,44.0,93.0,,100.0,98.0
AL,2024,29,36,2024-09-08,,,100.0,60.0,97.0,,100.0,98.0
AL,2024,30,37,2024-09-15,,,100.0,77.0,97.0,,100.0,98.0
AL,2024,31,38,2024-09-22,,,100.0,85.0,97.0,,100.0,98.0
AL,2024,32,39,2024-09-29,,,100.0,92.0,97.0,,100.0,98.0
AL,2024,33,40,2024-10-06,,,100.0,95.0,97.0,,100.0,98.0
AL,2025,7,14,2025-04-06,,,7.0,0.0,0.0,,20.0,0.0
AL,2025,8,15,2025-04-13,,,11.0,0.0,0.0,,28.0,0.0
AL,2025,9,16,2025-04-20,,,22.0,0.0,0.0,,54.0,0.0
AL,2025,10,17,2025-04-27,,,41.0,0.0,0.0,,67.0,0.0
AL,2025,11,18,2025-05-04,,,64.0,0.0,0.0,,80.0,0.0
AL,2025,12,19,2025-05-11,,,76.0,0.0,0.0,,89.0,0.0
AL,2025,13,20,2025-05-18,,,86.0,0.0,0.0,,94.0,0.0
AL,2025,14,21,2025-05-25,,,90.0,0.0,0.0,,96.0,3.0
AL,2025,15,22,2025-06-01,,,95.0,0.0,0.0,,99.0,9.0
AL,2025,16,23,2025-06-08,,,95.0,0.0,0.0,,99.0,21.0
AL,2025,17,24,2025-06-15,,,95.0,0.0,0.0,,99.0,43.0
AL,2025,18,25,2025-06-22,,,95.0,0.0,0.0,,99.0,55.0
AL,2025,19,26,2025-06-29,,,95.0,0.0,0.0,,99.0,68.0
AL,2025,20,27,2025-07-06,,,95.0,0.0,0.0,,99.0,84.0
AL,2025,21,28,2025-07-13,,,95.0,0.0,5.0,,99.0,89.0
AL,2025,22,29,2025-07-20,,,95.0,0.0,28.0,,99.0,92.0
AL,2025,23,30,2025-07-27,,,95.0,1.0,42.0,,99.0,95.0
AL,2025,24,31,2025-08-03,,,95.0,2.0,54.0,,99.0,95.0
AL,2025,25,32,2025-08-10,,,95.0,5.0,70.0,,99.0,95.0
AL,2025,26,33,2025-08-17,,,95.0,10.0,79.0,,99.0,95.0
AL,2025,27,34,2025-08-24,,,95.0,18.0,85.0,,99.0,95.0
AL,2025,28,35,2025-08-31,,,95.0,28.0,91.0,,99.0,95.0
AL,2025,29,36,2025-09-07,,,95.0,45.0,96.0,,99.0,95.0
AL,2025,30,37,2025-09-14,,,95.0,61.0,96.0,,99.0,95.0
AL,2025,31,38,2025-09-21,,,95.0,77.0,96.0,,99.0,95.0
AL,2025,32,39,2025-09-28,,,95.0,86.0,96.0,,99.0,95.0
AR,2016,5,12,2016-03-27,0.0,0.0,1.0,0.0,0.0,,8.0,0.0
AR,2016,6,13,2016-04-03,0.0,0.0,6.0,0.0,0.0,,31.0,0.0
AR,2016,7,14,2016-04-10,0.0,0.0,19.0,0.0,0.0,,61.0,0.0
AR,2016,8,15,2016-04-17,0.0,0.0,47.0,0.0,0.0,,81.0,0.0
AR,2016,9,16,2016-04-24,0.0,0.0,73.0,0.0,0.0,,90.0,0.0
AR,2016,10,17,2016-05-01,0.0,0.0,89.0,0.0,0.0,,96.0,0.0
AR,2016,11,18,2016-05-08,0.0,0.0,95.0,0.0,0.0,,99.0,0.0
AR,2016,12,19,2016-05-15,0.0,0.0,98.0,0.0,0.0,,100.0,0.0
AR,2016,13,20,2016-05-22,0.0,0.0,100.0,0.0,0.0,,100.0,1.0
AR,2016,14,21,2016-05-29,0.0,0.0,100.0,0.0,0.0,,100.0,3.0
AR,2016,15,22,2016-06-05,0.0,0.0,100.0,0.0,0.0,,100.0,5.0
AR,2016,16,23,2016-06-12,0.0,0.0,100.0,0.0,0.0,,100.0,33.0
AR,2016,17,24,2016-06-19,0.0,0.0,100.0,0.0,0.0,,100.0,70.0
AR,2016,18,25,2016-06-26,0.0,11.0,100.0,0.0,0.0,,100.0,87.0
AR,2016,19,26,2016-07-03,0.0,33.0,100.0,0.0,0.0,,100.0,95.0
AR,2016,20,27,2016-07-10,0.0,58.0,100.0,0.0,0.0,,100.0,97.0
AR,2016,21,28,2016-07-17,30.0,74.0,100.0,0.0,0.0,,100.0,100.0
AR,2016,22,29,2016-07-24,55.0,89.0,100.0,0.0,0.0,,100.0,100.0
AR,2016,23,30,2016-07-31,81.0,98.0,100.0,0.0,11.0,,100.0,100.0
AR,2016,24,31,2016-08-07,92.0,100.0,100.0,0.0,25.0,,100.0,100.0
AR,2016,25,32,2016-08-14,97.0,100.0,100.0,5.0,69.0,,100.0,100.0
AR,2016,26,33,2016-08-21,99.0,100.0,100.0,8.0,87.0,,100.0,100.0
AR,2016,27,34,2016-08-28,100.0,100.0,100.0,22.0,93.0,,100.0,100.0
AR,2016,28,35,2016-09-04,100.0,100.0,100.0,59.0,99.0,,100.0,100.0
AR,2016,29,36,2016-09-11,100.0,100.0,100.0,83.0,100.0,,100.0,100.0
AR,2016,30,37,2016-09-18,100.0,100.0,100.0,94.0,100.0,,100.0,100.0
AR,2016,31,38,2016-09-25,100.0,100.0,100.0,97.0,100.0,,100.0,100.0
AR,2016,32,39,2016-10-02,100.0,100.0,100.0,99.0,100.0,,100.0,100.0
AR,2016,33,40,2016-10-09,100.0,100.0,100.0,100.0,100.0,,100.0,100.0
AR,2017,3,10,2017-03-12,0.0,0.0,0.0,0.0,0.0,,0.0,0.0
AR,2017,4,11,2017-03-19,0.0,0.0,0.0,0.0,0.0,,1.0,0.0
AR,2017,5,12,2017-03-26,0.0,0.0,0.0,0.0,0.0,,19.0,0.0
AR,2017,6,13,2017-04-02,0.0,0.0,5.0,0.0,0.0,,30.0,0.0
AR,2017,7,14,2017-04-09,0.0,0.0,27.0,0.0,0.0,,54.0,0.0
AR,2017,8,15,2017-04-16,0.0,0.0,54.0,0.0,0.0,,82.0,0.0
AR,2017,9,16,2017-04-23,0.0,0.0,79.0,0.0,0.0,,92.0,0.0
AR,2017,10,17,2017-04-30,0.0,0.0,89.0,0.0,0.0,,97.0,0.0
AR,2017,11,18,2017-05-07,0.0,0.0,96.0,0.0,0.0,,99.0,0.0
AR,2017,12,19,2017-05-14,0.0,0.0,99.0,0.0,0.0,,100.0,0.0
AR,2017,13,20,2017-05-21,0.0,0.0,100.0,0.0,0.0,,100.0,0.0
AR,2017,14,21,2017-05-28,0.0,0.0,100.0,0.0,0.0,,100.0,1.0
AR,2017,15,22,2017-06-04,0.0,0.0,100.0,0.0,0.0,,100.0,15.0
AR,2017,16,23,2017-06-11,0.0,0.0,100.0,0.0,0.0,,100.0,43.0
AR,2017,17,24,2017-06-18,0.0,2.0,100.0,0.0,0.0,,100.0,67.0
AR,2017,18,25,2017-06-25,0.0,14.0,100.0,0.0,0.0,,100.0,85.0
AR,2017,19,26,2017-07-02,5.0,38.0,100.0,0.0,0.0,,100.0,90.0
AR,2017,20,27,2017-07-09,20.0,57.0,100.0,0.0,0.0,,100.0,95.0
AR,2017,21,28,2017-07-16,33.0,69.0,100.0,0.0,2.0,,100.0,99.0
AR,2017,22,29,2017-07-23,49.0,80.0,100.0,0.0,6.0,,100.0,100.0
AR,2017,23,30,2017-07-30,71.0,87.0,100.0,0.0,22.0,,100.0,100.0
AR,2017,24,31,2017-08-06,88.0,91.0,100.0,2.0,41.0,,100.0,100.0
AR,2017,25,32,2017-08-13,91.0,94.0,100.0,4.0,64.0,,100.0,100.0
AR,2017,26,33,2017-08-20,93.0,99.0,100.0,11.0,75.0,,100.0,100.0
AR,2017,27,34,2017-08-27,96.0,100.0,100.0,27.0,86.0,,100.0,100.0
AR,2017,28,35,2017-09-03,100.0,100.0,100.0,46.0,94.0,,100.0,100.0
AR,2017,29,36,2017-09-10,100.0,100.0,100.0,66.0,98.0,,100.0,100.0
AR,2017,30,37,2017-09-17,100.0,100.0,100.0,78.0,100.0,,100.0,100.0
AR,2017,31,38,2017-09-24,100.0,100.0,100.0,92.0,100.0,,100.0,100.0
AR,2017,32,39,2017-10-01,100.0,100.0,100.0,96.0,100.0,,100.0,100.0
AR,2017,33,40,2017-10-08,100.0,100.0,100.0,99.0,100.0,,100.0,100.0
AR,2017,34,41,2017-10-15,100.0,100.0,100.0,100.0,100.0,,100.0,100.0
AR,2018,3,10,2018-03-11,0.0,0.0,0.0,0.0,0.0,,0.0,0.0
AR,2018,4,11,2018-03-18,0.0,0.0,0.0,0.0,0.0,,2.0,0.0
AR,2018,5,12,2018-03-25,0.0,0.0,0.0,0.0,0.0,,18.0,0.0
AR,2018,6,13,2018-04-01,0.0,0.0,4.0,0.0,0.0,,24.0,0.0
AR,2018,7,14,2018-04-08,0.0,0.0,9.0,0.0,0.0,,31.0,0.0
AR,2018,8,15,2018-04-15,0.0,0.0,20.0,0.0,0.0,,52.0,0.0
AR,2018,9,16,2018-04-22,0.0,0.0,39.0,0.0,0.0,,75.0,0.0
AR,2018,10,17,2018-04-29,0.0,0.0,54.0,0.0,0.0,,80.0,0.0
AR,2018,11,18,2018-05-06,0.0,0.0,72.0,0.0,0.0,,91.0,0.0
AR,2018,12,19,2018-05-13,0.0,0.0,91.0,0.0,0.0,,98.0,0.0
AR,2018,13,20,2018-05-20,0.0,0.0,97.0,0.0,0.0,,99.0,0.0
AR,2018,14,21,2018-05-27,0.0,0.0,99.0,0.0,0.0,,100.0,1.0
AR,2018,15,22,2018-06-03,0.0,0.0,100.0,0.0,0.0,,100.0,3.0
AR,2018,16,23,2018-06-10,0.0,0.0,100.0,0.0,0.0,,100.0,12.0
AR,2018,17,24,2018-06-17,0.0,1.0,100.0,0.0,0.0,,100.0,49.0
AR,2018,18,25,2018-06-24,0.0,8.0,100.0,0.0,0.0,,100.0,76.0
AR,2018,19,26,2018-07-01,0.0,21.0,100.0,0.0,0.0,,100.0,88.0
AR,2018,20,27,2018-07-08,4.0,48.0,100.0,0.0,0.0,,100.0,93.0
AR,2018,21,28,2018-07-15,23.0,64.0,100.0,0.0,0.0,,100.0,97.0
AR,2018,22,29,2018-07-22,56.0,87.0,100.0,0.0,4.0,,100.0,99.0
AR,2018,23,30,2018-07-29,77.0,92.0,100.0,0.0,19.0,,100.0,100.0
AR,2018,24,31,2018-08-05,86.0,95.0,100.0,0.0,37.0,,100.0,100.0
AR,2018,25,32,2018-08-12,93.0,99.0,100.0,1.0,56.0,,100.0,100.0
AR,2018,26,33,2018-08-19,97.0,100.0,100.0,6.0,77.0,,100.0,100.0
AR,2018,27,34,2018-08-26,99.0,100.0,100.0,14.0,91.0,,100.0,100.0
AR,2018,28,35,2018-09-02,100.0,100.0,100.0,30.0,98.0,,100.0,100.0
AR,2018,29,36,2018-09-09,100.0,100.0,100.0,51.0,99.0,,100.0,100.0
AR,2018,30,37,2018-09-16,100.0,100.0,100.0,66.0,100.0,,100.0,100.0
AR,2018,31,38,2018-09-23,100.0,100.0,100.0,81.0,100.0,,100.0,100.0
AR,2018,32,39,2018-09-30,100.0,100.0,100.0,86.0,100.0,,100.0,100.0
AR,2018,33,40,2018-10-07,100.0,100.0,100.0,93.0,100.0,,100.0,100.0
AR,2018,34,41,2018-10-14,100.0,100.0,100.0,96.0,100.0,,100.0,100.0
AR,2018,35,42,2018-10-21,100.0,100.0,100.0,97.0,100.0,,100.0,100.0
AR,2018,36,43,2018-10-28,100.0,100.0,100.0,99.0,100.0,,100.0,100.0
AR,2018,37,44,2018-11-04,100.0,100.0,100.0,100.0,100.0,,100.0,100.0
AR,2019,3,10,2019-03-10,0.0,0.0,0.0,0.0,0.0,,0.0,0.0
AR,2019,4,11,2019-03-17,0.0,0.0,0.0,0.0,0.0,,0.0,0.0
AR,2019,5,12,2019-03-24,0.0,0.0,0.0,0.0,0.0,,3.0,0.0
AR,2019,6,13,2019-03-31,0.0,0.0,0.0,0.0,0.0,,13.0,0.0
AR,2019,7,14,2019-04-07,0.0,0.0,1.0,0.0,0.0,,27.0,0.0
AR,2019,8,15,2019-04-14,0.0,0.0,12.0,0.0,0.0,,39.0,0.0
AR,2019,9,16,2019-04-21,0.0,0.0,30.0,0.0,0.0,,47.0,0.0
AR,2019,10,17,2019-04-28,0.0,0.0,43.0,0.0,0.0,,60.0,0.0
AR,2019,11,18,2019-05-05,0.0,0.0,54.0,0.0,0.0,,73.0,0.0
AR,2019,12,19,2019-05-12,0.0,0.0,69.0,0.0,0.0,,81.0,0.0
AR,2019,13,20,2019-05-19,0.0,0.0,79.0,0.0,0.0,,89.0,0.0
AR,2019,14,21,2019-05-26,0.0,0.0,88.0,0.0,0.0,,96.0,0.0
AR,2019,15,22,2019-06-02,0.0,0.0,94.0,0.0,0.0,,98.0,0.0
AR,2019,16,23,2019-06-09,0.0,0.0,97.0,0.0,0.0,,100.0,6.0
AR,2019,17,24,2019-06-16,0.0,0.0,98.0,0.0,0.0,,100.0,30.0
AR,2019,18,25,2019-06-23,0.0,6.0,100.0,0.0,0.0,,100.0,54.0
AR,2019,19,26,2019-06-30,0.0,17.0,100.0,0.0,0.0,,100.0,74.0
AR,2019,20,27,2019-07-07,3.0,31.0,100.0,0.0,0.0,,100.0,87.0
AR,2019,21,28,2019-07-14,23.0,56.0,100.0,0.0,0.0,,100.0,93.0
AR,2019,22,29,2019-07-21,34.0,67.0,100.0,0.0,0.0,,100.0,97.0
AR,2019,23,30,2019-07-28,55.0,75.0,100.0,0.0,8.0,,100.0,99.0
AR,2019,24,31,2019-08-04,65.0,85.0,100.0,0.0,21.0,,100.0,100.0
AR,2019,25,32,2019-08-11,74.0,89.0,100.0,1.0,30.0,,100.0,100.0
AR,2019,26,33,2019-08-18,87.0,96.0,100.0,4.0,44.0,,100.0,100.0
AR,2019,27,34,2019-08-25,94.0,99.0,100.0,9.0,62.0,,100.0,100.0
AR,2019,28,35,2019-09-01,97.0,100.0,100.0,22.0,78.0,,100.0,100.0
AR,2019,29,36,2019-09-08,100.0,100.0,100.0,40.0,86.0,,100.0,100.0
AR,2019,30,37,2019-09-15,100.0,100.0,100.0,63.0,96.0,,100.0,100.0
AR,2019,31,38,2019-09-22,100.0,100.0,100.0,82.0,98.0,,100.0,100.0
AR,2019,32,39,2019-09-29,100.0,100.0,100.0,88.0,100.0,,100.0,100.0
AR,2019,33,40,2019-10-06,100.0,100.0,100.0,94.0,100.0,,100.0,100.0
AR,2019,34,41,2019-10-13,100.0,100.0,100.0,97.0,100.0,,100.0,100.0
AR,2019,35,42,2019-10-20,100.0,100.0,100.0,99.0,100.0,,100.0,100.0
AR,2019,36,43,2019-10-27,100.0,100.0,100.0,100.0,100.0,,100.0,100.0
AR,2020,4,11,2020-03-15,0.0,0.0,0.0,0.0,0.0,,0.0,0.0
AR,2020,5,12,2020-03-22,0.0,0.0,0.0,0.0,0.0,,1.0,0.0
AR,2020,6,13,2020-03-29,0.0,0.0,0.0,0.0,0.0,,2.0,0.0
AR,2020,7,14,2020-04-05,0.0,0.0,1.0,0.0,0.0,,3.0,0.0
AR,2020,8,15,2020-04-12,0.0,0.0,2.0,0.0,0.0,,15.0,0.0
AR,2020,9,16,2020-04-19,0.0,0.0,12.0,0.0,0.0,,37.0,0.0
AR,2020,10,17,2020-04-26,0.0,0.0,27.0,0.0,0.0,,48.0,0.0
AR,2020,11,18,2020-05-03,0.0,0.0,45.0,0.0,0.0,,68.0,0.0
AR,2020,12,19,2020-05-10,0.0,0.0,67.0,0.0,0.0,,86.0,0.0
AR,2020,13,20,2020-05-17,0.0,0.0,85.0,0.0,0.0,,93.0,0.0
AR,2020,14,21,2020-05-24,0.0,0.0,92.0,0.0,0.0,,98.0,0.0
AR,2020,15,22,2020-05-31,0.0,0.0,97.0,0.0,0.0,,100.0,0.0
AR,2020,16,23,2020-06-07,0.0,0.0,100.0,0.0,0.0,,100.0,3.0
AR,2020,17,24,2020-06-14,0.0,0.0,100.0,0.0,0.0,,100.0,10.0
AR,2020,18,25,2020-06-21,0.0,3.0,100.0,0.0,0.0,,100.0,23.0
AR,2020,19,26,2020-06-28,0.0,8.0,100.0,0.0,0.0,,100.0,52.0
AR,2020,20,27,2020-07-05,1.0,20.0,100.0,0.0,0.0,,100.0,76.0
AR,2020,21,28,2020-07-12,5.0,42.0,100.0,0.0,0.0,,100.0,90.0
AR,2020,22,29,2020-07-19,12.0,60.0,100.0,0.0,0.0,,100.0,95.0
AR,2020,23,30,2020-07-26,42.0,76.0,100.0,0.0,4.0,,100.0,99.0
AR,2020,24,31,2020-08-02,61.0,87.0,100.0,0.0,12.0,,100.0,100.0
AR,2020,25,32,2020-08-09,79.0,95.0,100.0,1.0,18.0,,100.0,100.0
AR,2020,26,33,2020-08-16,87.0,97.0,100.0,2.0,36.0,,100.0,100.0
AR,2020,27,34,2020-08-23,93.0,98.0,100.0,5.0,56.0,,100.0,100.0
AR,2020,28,35,2020-08-30,96.0,100.0,100.0,14.0,73.0,,100.0,100.0
AR,2020,29,36,2020-09-06,99.0,100.0,100.0,25.0,85.0,,100.0,100.0
AR,2020,30,37,2020-09-13,100.0,100.0,100.0,44.0,95.0,,100.0,100.0
AR,2020,31,38,2020-09-20,100.0,100.0,100.0,62.0,98.0,,100.0,100.0
AR,2020,32,39,2020-09-27,100.0,100.0,100.0,75.0,100.0,,100.0,100.0
AR,2020,33,40,2020-10-04,100.0,100.0,100.0,86.0,100.0,,100.0,100.0
AR,2020,34,41,2020-10-11,100.0,100.0,100.0,94.0,100.0,,100.0,100.0
AR,2020,35,42,2020-10-18,100.0,100.0,100.0,98.0,100.0,,100.0,100.0
AR,2020,36,43,2020-10-25,100.0,100.0,100.0,100.0,100.0,,100.0,100.0
AR,2021,3,10,2021-03-14,0.0,0.0,0.0,0.0,0.0,,1.0,0.0
AR,2021,4,11,2021-03-21,0.0,0.0,0.0,0.0,0.0,,2.0,0.0
AR,2021,5,12,2021-03-28,0.0,0.0,1.0,0.0,0.0,,4.0,0.0
AR,2021,6,13,2021-04-04,0.0,0.0,3.0,0.0,0.0,,8.0,0.0
AR,2021,7,14,2021-04-11,0.0,0.0,7.0,0.0,0.0,,24.0,0.0
AR,2021,8,15,2021-04-18,0.0,0.0,21.0,0.0,0.0,,43.0,0.0
AR,2021,9,16,2021-04-25,0.0,0.0,42.0,0.0,0.0,,70.0,0.0
AR,2021,10,17,2021-05-02,0.0,0.0,63.0,0.0,0.0,,85.0,0.0
AR,2021,11,18,2021-05-09,0.0,0.0,79.0,0.0,0.0,,92.0,0.0
AR,2021,12,19,2021-05-16,0.0,0.0,88.0,0.0,0.0,,95.0,0.0
AR,2021,13,20,2021-05-23,0.0,0.0,93.0,0.0,0.0,,97.0,0.0
AR,2021,14,21,2021-05-30,0.0,0.0,96.0,0.0,0.0,,100.0,0.0
AR,2021,15,22,2021-06-06,0.0,0.0,99.0,0.0,0.0,,100.0,3.0
AR,2021,16,23,2021-06-13,0.0,0.0,100.0,0.0,0.0,,100.0,13.0
AR,2021,17,24,2021-06-20,0.0,1.0,100.0,0.0,0.0,,100.0,28.0
AR,2021,18,25,2021-06-27,0.0,5.0,100.0,0.0,0.0,,100.0,35.0
AR,2021,19,26,2021-07-04,1.0,19.0,100.0,0.0,0.0,,100.0,71.0
AR,2021,20,27,2021-07-11,8.0,36.0,100.0,0.0,0.0,,100.0,90.0
AR,2021,21,28,2021-07-18,23.0,53.0,100.0,0.0,1.0,,100.0,96.0
AR,2021,22,29,2021-07-25,41.0,69.0,100.0,0.0,10.0,,100.0,98.0
AR,2021,23,30,2021-08-01,62.0,83.0,100.0,0.0,23.0,,100.0,100.0
AR,2021,24,31,2021-08-08,74.0,91.0,100.0,1.0,32.0,,100.0,100.0
AR,2021,25,32,2021-08-15,85.0,97.0,100.0,5.0,41.0,,100.0,100.0
AR,2021,26,33,2021-08-22,93.0,99.0,100.0,9.0,58.0,,100.0,100.0
AR,2021,27,34,2021-08-29,98.0,100.0,100.0,19.0,75.0,,100.0,100.0
AR,2021,28,35,2021-09-05,100.0,100.0,100.0,38.0,92.0,,100.0,100.0
AR,2021,29,36,2021-09-12,100.0,100.0,100.0,61.0,97.0,,100.0,100.0
AR,2021,30,37,2021-09-19,100.0,100.0,100.0,78.0,100.0,,100.0,100.0
AR,2021,31,38,2021-09-26,100.0,100.0,100.0,89.0,100.0,,100.0,100.0
AR,2021,32,39,2021-10-03,100.0,100.0,100.0,94.0,100.0,,100.0,100.0
AR,2021,33,40,2021-10-10,100.0,100.0,100.0,97.0,100.0,,100.0,100.0
AR,2021,34,41,2021-10-17,100.0,100.0,100.0,99.0,100.0,,100.0,100.0
AR,2021,35,42,2021-10-24,100.0,100.0,100.0,100.0,100.0,,100.0,100.0
AR,2022,3,10,2022-03-13,0.0,0.0,0.0,0.0,0.0,,0.0,0.0
AR,2022,4,11,2022-03-20,0.0,0.0,0.0,0.0,0.0,,1.0,0.0
AR,2022,5,12,2022-03-27,0.0,0.0,0.0,0.0,0.0,,2.0,0.0
AR,2022,6,13,2022-04-03,0.0,0.0,1.0,0.0,0.0,,7.0,0.0
AR,2022,7,14,2022-04-10,0.0,0.0,4.0,0.0,0.0,,16.0,0.0
AR,2022,8,15,2022-04-17,0.0,0.0,13.0,0.0,0.0,,26.0,0.0
AR,2022,9,16,2022-04-24,0.0,0.0,23.0,0.0,0.0,,35.0,0.0
AR,2022,10,17,2022-05-01,0.0,0.0,32.0,0.0,0.0,,62.0,0.0
AR,2022,11,18,2022-05-08,0.0,0.0,59.0,0.0,0.0,,82.0,0.0
AR,2022,12,19,2022-05-15,0.0,0.0,77.0,0.0,0.0,,93.0,0.0
AR,2022,13,20,2022-05-22,0.0,0.0,90.0,0.0,0.0,,98.0,0.0
AR,2022,14,21,2022-05-29,0.0,0.0,97.0,0.0,0.0,,100.0,0.0
AR,2022,15,22,2022-06-05,0.0,0.0,100.0,0.0,0.0,,100.0,1.0
AR,2022,16,23,2022-06-12,0.0,0.0,100.0,0.0,0.0,,100.0,12.0
AR,2022,17,24,2022-06-19,0.0,1.0,100.0,0.0,0.0,,100.0,34.0
AR,2022,18,25,2022-06-26,0.0,10.0,100.0,0.0,0.0,,100.0,58.0
AR,2022,19,26,2022-07-03,4.0,25.0,100.0,0.0,0.0,,100.0,76.0
AR,2022,20,27,2022-07-10,7.0,41.0,100.0,0.0,0.0,,100.0,90.0
AR,2022,21,28,2022-07-17,29.0,61.0,100.0,0.0,0.0,,100.0,96.0
AR,2022,22,29,2022-07-24,42.0,73.0,100.0,0.0,6.0,,100.0,98.0
AR,2022,23,30,2022-07-31,58.0,81.0,100.0,0.0,10.0,,100.0,100.0
AR,2022,24,31,2022-08-07,72.0,93.0,100.0,0.0,25.0,,100.0,100.0
AR,2022,25,32,2022-08-14,84.0,97.0,100.0,1.0,39.0,,100.0,100.0
AR,2022,26,33,2022-08-21,90.0,99.0,100.0,6.0,60.0,,100.0,100.0
AR,2022,27,34,2022-08-28,95.0,100.0,100.0,15.0,76.0,,100.0,100.0
AR,2022,28,35,2022-09-04,99.0,100.0,100.0,30.0,88.0,,100.0,100.0
AR,2022,29,36,2022-09-11,100.0,100.0,100.0,54.0,96.0,,100.0,100.0
AR,2022,30,37,2022-09-18,100.0,100.0,100.0,72.0,99.0,,100.0,100.0
AR,2022,31,38,2022-09-25,100.0,100.0,100.0,88.0,100.0,,100.0,100.0
AR,2022,32,39,2022-10-02,100.0,100.0,100.0,93.0,100.0,,100.0,100.0
AR,2022,33,40,2022-10-09,100.0,100.0,100.0,97.0,100.0,,100.0,100.0
AR,2022,34,41,2022-10-16,100.0,100.0,100.0,99.0,100.0,,100.0,100.0
AR,2022,35,42,2022-10-23,100.0,100.0,100.0,100.0,100.0,,100.0,100.0
AR,2023,3,10,2023-03-12,0.0,0.0,0.0,0.0,0.0,,0.0,0.0
AR,2023,4,11,2023-03-19,0.0,0.0,0.0,0.0,0.0,,1.0,0.0
AR,2023,5,12,2023-03-26,0.0,0.0,0.0,0.0,0.0,,2.0,0.0
AR,2023,6,13,2023-04-02,0.0,0.0,1.0,0.0,0.0,,11.0,0.0
AR,2023,7,14,2023-04-09,0.0,0.0,6.0,0.0,0.0,,21.0,0.0
AR,2023,8,15,2023-04-16,0.0,0.0,18.0,0.0,0.0,,46.0,0.0
AR,2023,9,16,2023-04-23,0.0,0.0,39.0,0.0,0.0,,68.0,0.0
AR,2023,10,17,2023-04-30,0.0,0.0,54.0,0.0,0.0,,82.0,0.0
AR,2023,11,18,2023-05-07,0.0,0.0,73.0,0.0,0.0,,92.0,0.0
AR,2023,12,19,2023-05-14,0.0,0.0,88.0,0.0,0.0,,95.0,0.0
AR,2023,13,20,2023-05-21,0.0,0.0,93.0,0.0,0.0,,98.0,0.0
AR,2023,14,21,2023-05-28,0.0,0.0,97.0,0.0,0.0,,100.0,0.0
AR,2023,15,22,2023-06-04,0.0,0.0,99.0,0.0,0.0,,100.0,2.0
AR,2023,16,23,2023-06-11,0.0,0.0,100.0,0.0,0.0,,100.0,13.0
AR,2023,17,24,2023-06-18,0.0,1.0,100.0,0.0,0.0,,100.0,39.0
AR,2023,18,25,2023-06-25,0.0,15.0,100.0,0.0,0.0,,100.0,64.0
AR,2023,19,26,2023-07-02,3.0,33.0,100.0,0.0,0.0,,100.0,85.0
AR,2023,20,27,2023-07-09,8.0,42.0,100.0,0.0,0.0,,100.0,87.0
AR,2023,21,28,2023-07-16,30.0,62.0,100.0,0.0,2.0,,100.0,91.0
AR,2023,22,29,2023-07-23,44.0,74.0,100.0,0.0,5.0,,100.0,95.0
AR,2023,23,30,2023-07-30,62.0,85.0,100.0,0.0,15.0,,100.0,98.0
AR,2023,24,31,2023-08-06,76.0,89.0,100.0,0.0,35.0,,100.0,100.0
AR,2023,25,32,2023-08-13,83.0,91.0,100.0,3.0,47.0,,100.0,100.0
AR,2023,26,33,2023-08-20,90.0,95.0,100.0,11.0,67.0,,100.0,100.0
AR,2023,27,34,2023-08-27,94.0,98.0,100.0,24.0,78.0,,100.0,100.0
AR,2023,28,35,2023-09-03,97.0,99.0,100.0,43.0,88.0,,100.0,100.0
AR,2023,29,36,2023-09-10,98.0,100.0,100.0,68.0,96.0,,100.0,100.0
AR,2023,30,37,2023-09-17,100.0,100.0,100.0,78.0,97.0,,100.0,100.0
AR,2023,31,38,2023-09-24,100.0,100.0,100.0,86.0,100.0,,100.0,100.0
AR,2023,32,39,2023-10-01,100.0,100.0,100.0,92.0,100.0,,100.0,100.0
AR,2023,33,40,2023-10-08,100.0,100.0,100.0,96.0,100.0,,100.0,100.0
AR,2023,34,41,2023-10-15,100.0,100.0,100.0,98.0,100.0,,100.0,100.0
AR,2023,35,42,2023-10-22,100.0,100.0,100.0,100.0,100.0,,100.0,100.0
AR,2024,3,10,2024-03-10,0.0,0.0,0.0,0.0,0.0,,0.0,0.0
AR,2024,4,11,2024-03-17,0.0,0.0,0.0,0.0,0.0,,1.0,0.0
AR,2024,5,12,2024-03-24,0.0,0.0,0.0,0.0,0.0,,4.0,0.0
AR,2024,6,13,2024-03-31,0.0,0.0,1.0,0.0,0.0,,11.0,0.0
AR,2024,7,14,2024-04-07,0.0,0.0,9.0,0.0,0.0,,22.0,0.0
AR,2024,8,15,2024-04-14,0.0,0.0,20.0,0.0,0.0,,51.0,0.0
AR,2024,9,16,2024-04-21,0.0,0.0,42.0,0.0,0.0,,68.0,0.0
AR,2024,10,17,2024-04-28,0.0,0.0,59.0,0.0,0.0,,81.0,0.0
AR,2024,11,18,2024-05-05,0.0,0.0,76.0,0.0,0.0,,91.0,0.0
AR,2024,12,19,2024-05-12,0.0,0.0,86.0,0.0,0.0,,95.0,0.0
AR,2024,13,20,2024-05-19,0.0,0.0,91.0,0.0,0.0,,97.0,0.0
AR,2024,14,21,2024-05-26,0.0,0.0,96.0,0.0,0.0,,100.0,0.0
AR,2024,15,22,2024-06-02,0.0,0.0,99.0,0.0,0.0,,100.0,1.0
AR,2024,16,23,2024-06-09,0.0,1.0,100.0,0.0,0.0,,100.0,21.0
AR,2024,17,24,2024-06-16,0.0,2.0,100.0,0.0,0.0,,100.0,56.0
AR,2024,18,25,2024-06-23,1.0,9.0,100.0,0.0,0.0,,100.0,70.0
AR,2024,19,26,2024-06-30,5.0,23.0,100.0,0.0,0.0,,100.0,89.0
AR,2024,20,27,2024-07-07,14.0,44.0,100.0,0.0,0.0,,100.0,94.0
AR,2024,21,28,2024-07-14,38.0,67.0,100.0,0.0,2.0,,100.0,97.0
AR,2024,22,29,2024-07-21,55.0,77.0,100.0,0.0,6.0,,100.0,99.0
AR,2024,23,30,2024-07-28,68.0,87.0,100.0,0.0,17.0,,100.0,100.0
AR,2024,24,31,2024-08-04,79.0,92.0,100.0,0.0,38.0,,100.0,100.0
AR,2024,25,32,2024-08-11,88.0,95.0,100.0,4.0,55.0,,100.0,100.0
AR,2024,26,33,2024-08-18,91.0,98.0,100.0,17.0,76.0,,100.0,100.0
AR,2024,27,34,2024-08-25,94.0,99.0,100.0,30.0,87.0,,100.0,100.0
AR,2024,28,35,2024-09-01,97.0,100.0,100.0,58.0,93.0,,100.0,100.0
AR,2024,29,36,2024-09-08,99.0,100.0,100.0,73.0,96.0,,100.0,100.0
AR,2024,30,37,2024-09-15,100.0,100.0,100.0,84.0,98.0,,100.0,100.0
AR,2024,31,38,2024-09-22,100.0,100.0,100.0,90.0,100.0,,100.0,100.0
AR,2024,32,39,2024-09-29,100.0,100.0,100.0,95.0,100.0,,100.0,100.0
AR,2024,33,40,2024-10-06,100.0,100.0,100.0,98.0,100.0,,100.0,100.0
AR,2024,34,41,2024-10-13,100.0,100.0,100.0,100.0,100.0,,100.0,100.0
AR,2025,3,10,2025-03-09,0.0,0.0,0.0,0.0,0.0,,0.0,0.0
AR,2025,4,11,2025-03-16,0.0,0.0,0.0,0.0,0.0,,2.0,0.0
AR,2025,5,12,2025-03-23,0.0,0.0,1.0,0.0,0.0,,10.0,0.0
AR,2025,6,13,2025-03-30,0.0,0.0,3.0,0.0,0.0,,22.0,0.0
AR,2025,7,14,2025-04-06,0.0,0.0,12.0,0.0,0.0,,31.0,0.0
AR,2025,8,15,2025-04-13,0.0,0.0,24.0,0.0,0.0,,42.0,0.0
AR,2025,9,16,2025-04-20,0.0,0.0,40.0,0.0,0.0,,62.0,0.0
AR,2025,10,17,2025-04-27,0.0,0.0,58.0,0.0,0.0,,80.0,0.0
AR,2025,11,18,2025-05-04,0.0,0.0,71.0,0.0,0.0,,86.0,0.0
AR,2025,12,19,2025-05-11,0.0,0.0,83.0,0.0,0.0,,92.0,0.0
AR,2025,13,20,2025-05-18,0.0,0.0,90.0,0.0,0.0,,96.0,1.0
AR,2025,14,21,2025-05-25,0.0,0.0,94.0,0.0,0.0,,98.0,2.0
AR,2025,15,22,2025-06-01,0.0,0.0,96.0,0.0,0.0,,100.0,9.0
AR,2025,16,23,2025-06-08,0.0,4.0,98.0,0.0,0.0,,100.0,25.0
AR,2025,17,24,2025-06-15,0.0,6.0,100.0,0.0,0.0,,100.0,46.0
AR,2025,18,25,2025-06-22,0.0,19.0,100.0,0.0,0.0,,100.0,65.0
AR,2025,19,26,2025-06-29,6.0,35.0,100.0,0.0,0.0,,100.0,86.0
AR,2025,20,27,2025-07-06,14.0,43.0,100.0,0.0,0.0,,100.0,91.0
AR,2025,21,28,2025-07-13,22.0,55.0,100.0,0.0,1.0,,100.0,96.0
AR,2025,22,29,2025-07-20,46.0,78.0,100.0,0.0,6.0,,100.0,98.0
AR,2025,23,30,2025-07-27,64.0,87.0,100.0,0.0,19.0,,100.0,100.0
AR,2025,24,31,2025-08-03,74.0,93.0,100.0,1.0,33.0,,100.0,100.0
AR,2025,25,32,2025-08-10,84.0,97.0,100.0,9.0,52.0,,100.0,100.0
AR,2025,26,33,2025-08-17,90.0,99.0,100.0,17.0,68.0,,100.0,100.0
AR,2025,27,34,2025-08-24,96.0,100.0,100.0,33.0,85.0,,100.0,100.0
AR,2025,28,35,2025-08-31,99.0,100.0,100.0,57.0,94.0,,100.0,100.0
AR,2025,29,36,2025-09-07,100.0,100.0,100.0,71.0,97.0,,100.0,100.0
AR,2025,30,37,2025-09-14,100.0,100.0,100.0,85.0,99.0,,100.0,100.0
AR,2025,31,38,2025-09-21,100.0,100.0,100.0,92.0,100.0,,100.0,100.0
AR,2025,32,39,2025-09-28,100.0,100.0,100.0,96.0,100.0,,100.0,100.0
AR,2025,39,46,2025-11-16,100.0,100.0,100.0,100.0,100.0,,100.0,100.0
CO,2016,7,14,2016-04-10,0.0,0.0,0.0,0.0,0.0,,0.0,0.0
CO,2016,8,15,2016-04-17,0.0,0.0,0.0,0.0,0.0,,0.0,0.0
CO,2016,9,16,2016-04-24,0.0,0.0,0.0,0.0,0.0,,7.0,0.0
CO,2016,10,17,2016-05-01,0.0,0.0,0.0,0.0,0.0,,19.0,0.0
CO,2016,11,18,2016-05-08,0.0,0.0,1.0,0.0,0.0,,36.0,0.0
CO,2016,12,19,2016-05-15,0.0,0.0,8.0,0.0,0.0,,64.0,0.0
CO,2016,13,20,2016-05-22,0.0,0.0,41.0,0.0,0.0,,80.0,0.0
CO,2016,14,21,2016-05-29,0.0,0.0,65.0,0.0,0.0,,94.0,0.0
CO,2016,15,22,2016-06-05,0.0,0.0,85.0,0.0,0.0,,98.0,0.0
CO,2016,16,23,2016-06-12,0.0,0.0,96.0,0.0,0.0,,98.0,0.0
CO,2016,17,24,2016-06-19,0.0,0.0,96.0,0.0,0.0,,98.0,0.0
CO,2016,18,25,2016-06-26,0.0,0.0,96.0,0.0,0.0,,98.0,1.0
CO,2016,19,26,2016-07-03,0.0,0.0,96.0,0.0,0.0,,98.0,5.0
CO,2016,20,27,2016-07-10,0.0,0.0,96.0,0.0,0.0,,98.0,7.0
CO,2016,21,28,2016-07-17,0.0,0.0,96.0,0.0,0.0,,98.0,16.0
CO,2016,22,29,2016-07-24,0.0,0.0,96.0,0.0,0.0,,98.0,28.0
CO,2016,23,30,2016-07-31,0.0,1.0,96.0,0.0,0.0,,98.0,74.0
CO,2016,24,31,2016-08-07,0.0,13.0,96.0,0.0,0.0,,98.0,90.0
CO,2016,25,32,2016-08-14,2.0,30.0,96.0,0.0,0.0,,98.0,96.0
CO,2016,26,33,2016-08-21,20.0,56.0,96.0,1.0,0.0,,98.0,96.0
CO,2016,27,34,2016-08-28,45.0,80.0,96.0,5.0,0.0,,98.0,96.0
CO,2016,28,35,2016-09-04,62.0,91.0,96.0,12.0,6.0,,98.0,96.0
CO,2016,29,36,2016-09-11,77.0,97.0,96.0,0.0,13.0,,98.0,96.0
CO,2016,30,37,2016-09-18,88.0,97.0,96.0,0.0,22.0,,98.0,96.0
CO,2016,31,38,2016-09-25,95.0,97.0,96.0,5.0,41.0,,98.0,96.0
CO,2016,32,39,2016-10-02,95.0,97.0,96.0,9.0,58.0,,98.0,96.0
CO,2016,33,40,2016-10-09,95.0,97.0,96.0,20.0,82.0,,98.0,96.0
CO,2016,34,41,2016-10-16,95.0,97.0,96.0,31.0,88.0,,98.0,96.0
CO,2016,35,42,2016-10-23,95.0,97.0,96.0,53.0,95.0,,98.0,96.0
CO,2016,36,43,2016-10-30,95.0,97.0,96.0,68.0,95.0,,98.0,96.0
CO,2016,37,44,2016-11-06,95.0,97.0,96.0,87.0,95.0,,98.0,96.0
CO,2016,38,45,2016-11-13,95.0,97.0,96.0,94.0,95.0,,98.0,96.0
CO,2016,39,46,2016-11-20,95.0,97.0,96.0,97.0,95.0,,98.0,96.0
CO,2017,7,14,2017-04-09,0.0,0.0,0.0,0.0,0.0,,0.0,0.0
CO,2017,8,15,2017-04-16,0.0,0.0,0.0,0.0,0.0,,1.0,0.0
CO,2017,9,16,2017-04-23,0.0,0.0,0.0,0.0,0.0,,8.0,0.0
CO,2017,10,17,2017-04-30,0.0,0.0,0.0,0.0,0.0,,16.0,0.0
CO,2017,11,18,2017-05-07,0.0,0.0,3.0,0.0,0.0,,29.0,0.0
CO,2017,12,19,2017-05-14,0.0,0.0,16.0,0.0,0.0,,53.0,0.0
CO,2017,13,20,2017-05-21,0.0,0.0,35.0,0.0,0.0,,69.0,0.0
CO,2017,14,21,2017-05-28,0.0,0.0,62.0,0.0,0.0,,89.0,0.0
CO,2017,15,22,2017-06-04,0.0,0.0,80.0,0.0,0.0,,93.0,0.0
CO,2017,16,23,2017-06-11,0.0,0.0,89.0,0.0,0.0,,96.0,0.0
CO,2017,17,24,2017-06-18,0.0,0.0,96.0,0.0,0.0,,96.0,0.0
CO,2017,18,25,2017-06-25,0.0,0.0,96.0,0.0,0.0,,96.0,0.0
CO,2017,19,26,2017-07-02,0.0,0.0,96.0,0.0,0.0,,96.0,0.0
CO,2017,20,27,2017-07-09,0.0,0.0,96.0,0.0,0.0,,96.0,1.0
CO,2017,21,28,2017-07-16,0.0,0.0,96.0,0.0,0.0,,96.0,9.0
CO,2017,22,29,2017-07-23,0.0,0.0,96.0,0.0,0.0,,96.0,21.0
CO,2017,23,30,2017-07-30,0.0,2.0,96.0,0.0,0.0,,96.0,69.0
CO,2017,24,31,2017-08-06,0.0,7.0,96.0,0.0,0.0,,96.0,87.0
CO,2017,25,32,2017-08-13,1.0,25.0,96.0,0.0,0.0,,96.0,96.0
CO,2017,26,33,2017-08-20,7.0,50.0,96.0,2.0,0.0,,96.0,96.0
CO,2017,27,34,2017-08-27,15.0,63.0,96.0,4.0,0.0,,96.0,96.0
CO,2017,28,35,2017-09-03,31.0,80.0,96.0,12.0,2.0,,96.0,96.0
CO,2017,29,36,2017-09-10,54.0,90.0,96.0,0.0,9.0,,96.0,96.0
CO,2017,30,37,2017-09-17,71.0,95.0,96.0,2.0,19.0,,96.0,96.0
CO,2017,31,38,2017-09-24,86.0,95.0,96.0,4.0,31.0,,96.0,96.0
CO,2017,32,39,2017-10-01,94.0,95.0,96.0,5.0,42.0,,96.0,96.0
CO,2017,33,40,2017-10-08,97.0,95.0,96.0,8.0,59.0,,96.0,96.0
CO,2017,34,41,2017-10-15,97.0,95.0,96.0,12.0,73.0,,96.0,96.0
CO,2017,35,42,2017-10-22,97.0,95.0,96.0,18.0,86.0,,96.0,96.0
CO,2017,36,43,2017-10-29,97.0,95.0,96.0,31.0,97.0,,96.0,96.0
CO,2017,37,44,2017-11-05,97.0,95.0,96.0,50.0,97.0,,96.0,96.0
CO,2017,38,45,2017-11-12,97.0,95.0,96.0,72.0,97.0,,96.0,96.0
CO,2017,39,46,2017-11-19,97.0,95.0,96.0,86.0,97.0,,96.0,96.0
CO,2017,40,47,2017-11-26,97.0,95.0,96.0,94.0,97.0,,96.0,96.0
CO,2018,7,14,2018-04-08,0.0,0.0,0.0,0.0,0.0,,0.0,0.0
CO,2018,8,15,2018-04-15,0.0,0.0,0.0,0.0,0.0,,0.0,0.0
CO,2018,9,16,2018-04-22,0.0,0.0,0.0,0.0,0.0,,2.0,0.0
CO,2018,10,17,2018-04-29,0.0,0.0,0.0,0.0,0.0,,7.0,0.0
CO,2018,11,18,2018-05-06,0.0,0.0,1.0,0.0,0.0,,16.0,0.0
CO,2018,12,19,2018-05-13,0.0,0.0,7.0,0.0,0.0,,41.0,0.0
CO,2018,13,20,2018-05-20,0.0,0.0,31.0,0.0,0.0,,67.0,0.0
CO,2018,14,21,2018-05-27,0.0,0.0,58.0,0.0,0.0,,85.0,0.0
CO,2018,15,22,2018-06-03,0.0,0.0,72.0,0.0,0.0,,97.0,0.0
CO,2018,16,23,2018-06-10,0.0,0.0,93.0,0.0,0.0,,97.0,0.0
CO,2018,17,24,2018-06-17,0.0,0.0,97.0,0.0,0.0,,97.0,0.0
CO,2018,18,25,2018-06-24,0.0,0.0,97.0,0.0,0.0,,97.0,0.0
CO,2018,19,26,2018-07-01,0.0,0.0,97.0,0.0,0.0,,97.0,0.0
CO,2018,20,27,2018-07-08,0.0,0.0,97.0,0.0,0.0,,97.0,4.0
CO,2018,21,28,2018-07-15,0.0,0.0,97.0,0.0,0.0,,97.0,17.0
CO,2018,22,29,2018-07-22,0.0,1.0,97.0,0.0,0.0,,97.0,55.0
CO,2018,23,30,2018-07-29,0.0,9.0,97.0,0.0,0.0,,97.0,73.0
CO,2018,24,31,2018-08-05,0.0,23.0,97.0,0.0,0.0,,97.0,83.0
CO,2018,25,32,2018-08-12,3.0,42.0,97.0,1.0,0.0,,97.0,93.0
CO,2018,26,33,2018-08-19,8.0,64.0,97.0,6.0,0.0,,97.0,96.0
CO,2018,27,34,2018-08-26,25.0,78.0,97.0,16.0,1.0,,97.0,96.0
CO,2018,28,35,2018-09-02,45.0,94.0,97.0,34.0,2.0,,97.0,96.0
CO,2018,29,36,2018-09-09,72.0,95.0,97.0,0.0,8.0,,97.0,96.0
CO,2018,30,37,2018-09-16,86.0,95.0,97.0,0.0,22.0,,97.0,96.0
CO,2018,31,38,2018-09-23,92.0,95.0,97.0,1.0,39.0,,97.0,96.0
CO,2018,32,39,2018-09-30,95.0,95.0,97.0,11.0,59.0,,97.0,96.0
CO,2018,33,40,2018-10-07,95.0,95.0,97.0,20.0,73.0,,97.0,96.0
CO,2018,34,41,2018-10-14,95.0,95.0,97.0,29.0,85.0,,97.0,96.0
CO,2018,35,42,2018-10-21,95.0,95.0,97.0,38.0,94.0,,97.0,96.0
CO,2018,36,43,2018-10-28,95.0,95.0,97.0,50.0,97.0,,97.0,96.0
CO,2018,37,44,2018-11-04,95.0,95.0,97.0,65.0,97.0,,97.0,96.0
CO,2018,38,45,2018-11-11,95.0,95.0,97.0,77.0,97.0,,97.0,96.0
CO,2018,39,46,2018-11-18,95.0,95.0,97.0,87.0,97.0,,97.0,96.0
CO,2018,40,47,2018-11-25,95.0,95.0,97.0,97.0,97.0,,97.0,96.0
CO,2019,7,14,2019-04-07,0.0,0.0,0.0,0.0,0.0,,0.0,0.0
CO,2019,8,15,2019-04-14,0.0,0.0,0.0,0.0,0.0,,0.0,0.0
CO,2019,9,16,2019-04-21,0.0,0.0,0.0,0.0,0.0,,2.0,0.0
CO,2019,10,17,2019-04-28,0.0,0.0,0.0,0.0,0.0,,8.0,0.0
CO,2019,11,18,2019-05-05,0.0,0.0,2.0,0.0,0.0,,21.0,0.0
CO,2019,12,19,2019-05-12,0.0,0.0,7.0,0.0,0.0,,39.0,0.0
CO,2019,13,20,2019-05-19,0.0,0.0,12.0,0.0,0.0,,63.0,0.0
CO,2019,14,21,2019-05-26,0.0,0.0,25.0,0.0,0.0,,71.0,0.0
CO,2019,15,22,2019-06-02,0.0,0.0,49.0,0.0,0.0,,78.0,0.0
CO,2019,16,23,2019-06-09,0.0,0.0,69.0,0.0,0.0,,88.0,0.0
CO,2019,17,24,2019-06-16,0.0,0.0,86.0,0.0,0.0,,93.0,0.0
CO,2019,18,25,2019-06-23,0.0,0.0,93.0,0.0,0.0,,95.0,0.0
CO,2019,19,26,2019-06-30,0.0,0.0,99.0,0.0,0.0,,95.0,0.0
CO,2019,20,27,2019-07-07,0.0,0.0,100.0,0.0,0.0,,95.0,1.0
CO,2019,21,28,2019-07-14,0.0,0.0,100.0,0.0,0.0,,95.0,4.0
CO,2019,22,29,2019-07-21,0.0,0.0,100.0,0.0,0.0,,95.0,21.0
CO,2019,23,30,2019-07-28,0.0,1.0,100.0,0.0,0.0,,95.0,53.0
CO,2019,24,31,2019-08-04,1.0,5.0,100.0,0.0,0.0,,95.0,77.0
CO,2019,25,32,2019-08-11,2.0,15.0,100.0,0.0,0.0,,95.0,91.0
CO,2019,26,33,2019-08-18,3.0,34.0,100.0,7.0,0.0,,95.0,96.0
CO,2019,27,34,2019-08-25,10.0,56.0,100.0,8.0,0.0,,95.0,96.0
CO,2019,28,35,2019-09-01,22.0,72.0,100.0,10.0,1.0,,95.0,96.0
CO,2019,29,36,2019-09-08,44.0,90.0,100.0,15.0,2.0,,95.0,96.0
CO,2019,30,37,2019-09-15,61.0,94.0,100.0,0.0,5.0,,95.0,96.0
CO,2019,31,38,2019-09-22,77.0,98.0,100.0,4.0,23.0,,95.0,96.0
CO,2019,32,39,2019-09-29,93.0,98.0,100.0,12.0,41.0,,95.0,96.0
CO,2019,33,40,2019-10-06,99.0,98.0,100.0,17.0,65.0,,95.0,96.0
CO,2019,34,41,2019-10-13,100.0,98.0,100.0,27.0,83.0,,95.0,96.0
CO,2019,35,42,2019-10-20,100.0,98.0,100.0,40.0,96.0,,95.0,96.0
CO,2019,36,43,2019-10-27,100.0,98.0,100.0,56.0,97.0,,95.0,96.0
CO,2019,37,44,2019-11-03,100.0,98.0,100.0,66.0,100.0,,95.0,96.0
CO,2019,38,45,2019-11-10,100.0,98.0,100.0,83.0,100.0,,95.0,96.0
CO,2019,39,46,2019-11-17,100.0,98.0,100.0,92.0,100.0,,95.0,96.0
CO,2019,40,47,2019-11-24,100.0,98.0,100.0,96.0,100.0,,95.0,96.0
CO,2019,41,48,2019-12-01,100.0,98.0,100.0,98.0,100.0,,95.0,96.0
CO,2020,8,15,2020-04-12,0.0,0.0,0.0,0.0,0.0,,0.0,0.0
CO,2020,9,16,2020-04-19,0.0,0.0,0.0,0.0,0.0,,4.0,0.0
CO,2020,10,17,2020-04-26,0.0,0.0,0.0,0.0,0.0,,17.0,0.0
CO,2020,11,18,2020-05-03,0.0,0.0,0.0,0.0,0.0,,33.0,0.0
CO,2020,12,19,2020-05-10,0.0,0.0,9.0,0.0,0.0,,51.0,0.0
CO,2020,13,20,2020-05-17,0.0,0.0,30.0,0.0,0.0,,79.0,0.0
CO,2020,14,21,2020-05-24,0.0,0.0,61.0,0.0,0.0,,91.0,0.0
CO,2020,15,22,2020-05-31,0.0,0.0,84.0,0.0,0.0,,97.0,0.0
CO,2020,16,23,2020-06-07,0.0,0.0,95.0,0.0,0.0,,98.0,0.0
CO,2020,17,24,2020-06-14,0.0,0.0,97.0,0.0,0.0,,98.0,0.0
CO,2020,18,25,2020-06-21,0.0,0.0,98.0,0.0,0.0,,98.0,0.0
CO,2020,19,26,2020-06-28,0.0,0.0,98.0,0.0,0.0,,98.0,0.0
CO,2020,20,27,2020-07-05,0.0,0.0,98.0,0.0,0.0,,98.0,1.0
CO,2020,21,28,2020-07-12,0.0,0.0,98.0,0.0,0.0,,98.0,7.0
CO,2020,22,29,2020-07-19,0.0,3.0,98.0,0.0,0.0,,98.0,35.0
CO,2020,23,30,2020-07-26,0.0,6.0,98.0,0.0,0.0,,98.0,70.0
CO,2020,24,31,2020-08-02,0.0,16.0,98.0,0.0,0.0,,98.0,84.0
CO,2020,25,32,2020-08-09,5.0,36.0,98.0,1.0,0.0,,98.0,95.0
CO,2020,26,33,2020-08-16,12.0,55.0,98.0,2.0,0.0,,98.0,95.0
CO,2020,27,34,2020-08-23,23.0,70.0,98.0,6.0,0.0,,98.0,95.0
CO,2020,28,35,2020-08-30,39.0,86.0,98.0,14.0,4.0,,98.0,95.0
CO,2020,29,36,2020-09-06,62.0,95.0,98.0,27.0,10.0,,98.0,95.0
CO,2020,30,37,2020-09-13,87.0,95.0,98.0,1.0,27.0,,98.0,95.0
CO,2020,31,38,2020-09-20,93.0,95.0,98.0,5.0,42.0,,98.0,95.0
CO,2020,32,39,2020-09-27,97.0,95.0,98.0,13.0,55.0,,98.0,95.0
CO,2020,33,40,2020-10-04,97.0,95.0,98.0,30.0,69.0,,98.0,95.0
CO,2020,34,41,2020-10-11,97.0,95.0,98.0,42.0,90.0,,98.0,95.0
CO,2020,35,42,2020-10-18,97.0,95.0,98.0,53.0,96.0,,98.0,95.0
CO,2020,36,43,2020-10-25,97.0,95.0,98.0,70.0,96.0,,98.0,95.0
CO,2020,37,44,2020-11-01,97.0,95.0,98.0,84.0,96.0,,98.0,95.0
CO,2020,38,45,2020-11-08,97.0,95.0,98.0,93.0,96.0,,98.0,95.0
CO,2020,39,46,2020-11-15,97.0,95.0,98.0,96.0,96.0,,98.0,95.0
CO,2021,6,13,2021-04-04,0.0,0.0,0.0,0.0,0.0,,0.0,0.0
CO,2021,7,14,2021-04-11,0.0,0.0,0.0,0.0,0.0,,1.0,0.0
CO,2021,8,15,2021-04-18,0.0,0.0,0.0,0.0,0.0,,6.0,0.0
CO,2021,9,16,2021-04-25,0.0,0.0,0.0,0.0,0.0,,11.0,0.0
CO,2021,10,17,2021-05-02,0.0,0.0,0.0,0.0,0.0,,26.0,0.0
CO,2021,11,18,2021-05-09,0.0,0.0,5.0,0.0,0.0,,41.0,0.0
CO,2021,12,19,2021-05-16,0.0,0.0,10.0,0.0,0.0,,53.0,0.0
CO,2021,13,20,2021-05-23,0.0,0.0,32.0,0.0,0.0,,64.0,0.0
CO,2021,14,21,2021-05-30,0.0,0.0,54.0,0.0,0.0,,84.0,0.0
CO,2021,15,22,2021-06-06,0.0,0.0,68.0,0.0,0.0,,90.0,0.0
CO,2021,16,23,2021-06-13,0.0,0.0,87.0,0.0,0.0,,99.0,0.0
CO,2021,17,24,2021-06-20,0.0,0.0,99.0,0.0,0.0,,99.0,0.0
CO,2021,18,25,2021-06-27,0.0,0.0,99.0,0.0,0.0,,99.0,0.0
CO,2021,19,26,2021-07-04,0.0,0.0,99.0,0.0,0.0,,99.0,2.0
CO,2021,20,27,2021-07-11,0.0,0.0,99.0,0.0,0.0,,99.0,13.0
CO,2021,21,28,2021-07-18,0.0,0.0,99.0,0.0,0.0,,99.0,21.0
CO,2021,22,29,2021-07-25,0.0,3.0,99.0,0.0,0.0,,99.0,54.0
CO,2021,23,30,2021-08-01,4.0,15.0,99.0,0.0,0.0,,99.0,86.0
CO,2021,24,31,2021-08-08,10.0,32.0,99.0,0.0,0.0,,99.0,95.0
CO,2021,25,32,2021-08-15,12.0,49.0,99.0,1.0,0.0,,99.0,95.0
CO,2021,26,33,2021-08-22,18.0,66.0,99.0,2.0,1.0,,99.0,95.0
CO,2021,27,34,2021-08-29,27.0,88.0,99.0,5.0,3.0,,99.0,95.0
CO,2021,28,35,2021-09-05,42.0,95.0,99.0,17.0,10.0,,99.0,95.0
CO,2021,29,36,2021-09-12,77.0,95.0,99.0,1.0,19.0,,99.0,95.0
CO,2021,30,37,2021-09-19,91.0,95.0,99.0,4.0,36.0,,99.0,95.0
CO,2021,31,38,2021-09-26,96.0,95.0,99.0,16.0,53.0,,99.0,95.0
CO,2021,32,39,2021-10-03,99.0,95.0,99.0,22.0,67.0,,99.0,95.0
CO,2021,33,40,2021-10-10,99.0,95.0,99.0,34.0,85.0,,99.0,95.0
CO,2021,34,41,2021-10-17,99.0,95.0,99.0,45.0,91.0,,99.0,95.0
CO,2021,35,42,2021-10-24,99.0,95.0,99.0,58.0,99.0,,99.0,95.0
CO,2021,36,43,2021-10-31,99.0,95.0,99.0,68.0,99.0,,99.0,95.0
CO,2021,37,44,2021-11-07,99.0,95.0,99.0,85.0,99.0,,99.0,95.0
CO,2021,38,45,2021-11-14,99.0,95.0,99.0,94.0,99.0,,99.0,95.0
CO,2021,39,46,2021-11-21,99.0,95.0,99.0,97.0,99.0,,99.0,95.0
CO,2022,6,13,2022-04-03,0.0,0.0,0.0,0.0,0.0,,0.0,0.0
CO,2022,7,14,2022-04-10,0.0,0.0,0.0,0.0,0.0,,0.0,0.0
CO,2022,8,15,2022-04-17,0.0,0.0,0.0,0.0,0.0,,0.0,0.0
CO,2022,9,16,2022-04-24,0.0,0.0,0.0,0.0,0.0,,4.0,0.0
CO,2022,10,17,2022-05-01,0.0,0.0,0.0,0.0,0.0,,13.0,0.0
CO,2022,11,18,2022-05-08,0.0,0.0,0.0,0.0,0.0,,23.0,0.0
CO,2022,12,19,2022-05-15,0.0,0.0,6.0,0.0,0.0,,41.0,0.0
CO,2022,13,20,2022-05-22,0.0,0.0,30.0,0.0,0.0,,66.0,0.0
CO,2022,14,21,2022-05-29,0.0,0.0,45.0,0.0,0.0,,84.0,0.0
CO,2022,15,22,2022-06-05,0.0,0.0,70.0,0.0,0.0,,95.0,0.0
CO,2022,16,23,2022-06-12,0.0,0.0,84.0,0.0,0.0,,99.0,0.0
CO,2022,17,24,2022-06-19,0.0,0.0,97.0,0.0,0.0,,100.0,0.0
CO,2022,18,25,2022-06-26,0.0,0.0,97.0,0.0,0.0,,100.0,0.0
CO,2022,19,26,2022-07-03,0.0,0.0,97.0,0.0,0.0,,100.0,3.0
CO,2022,20,27,2022-07-10,0.0,3.0,97.0,0.0,0.0,,100.0,10.0
CO,2022,21,28,2022-07-17,0.0,5.0,97.0,0.0,0.0,,100.0,20.0
CO,2022,22,29,2022-07-24,0.0,10.0,97.0,0.0,0.0,,100.0,38.0
CO,2022,23,30,2022-07-31,0.0,13.0,97.0,0.0,0.0,,100.0,51.0
CO,2022,24,31,2022-08-07,0.0,30.0,97.0,0.0,0.0,,100.0,80.0
CO,2022,25,32,2022-08-14,10.0,38.0,97.0,0.0,0.0,,100.0,87.0
CO,2022,26,33,2022-08-21,20.0,50.0,97.0,1.0,0.0,,100.0,98.0
CO,2022,27,34,2022-08-28,30.0,63.0,97.0,4.0,0.0,,100.0,100.0
CO,2022,28,35,2022-09-04,40.0,75.0,97.0,20.0,1.0,,100.0,100.0
CO,2022,29,36,2022-09-11,46.0,85.0,97.0,0.0,1.0,,100.0,100.0
CO,2022,30,37,2022-09-18,65.0,95.0,97.0,0.0,20.0,,100.0,100.0
CO,2022,31,38,2022-09-25,85.0,95.0,97.0,1.0,40.0,,100.0,100.0
CO,2022,32,39,2022-10-02,95.0,95.0,97.0,7.0,62.0,,100.0,100.0
CO,2022,33,40,2022-10-09,95.0,95.0,97.0,19.0,80.0,,100.0,100.0
CO,2022,34,41,2022-10-16,95.0,95.0,97.0,27.0,95.0,,100.0,100.0
CO,2022,35,42,2022-10-23,95.0,95.0,97.0,32.0,97.0,,100.0,100.0
CO,2022,36,43,2022-10-30,95.0,95.0,97.0,45.0,97.0,,100.0,100.0
CO,2022,37,44,2022-11-06,95.0,95.0,97.0,65.0,97.0,,100.0,100.0
CO,2022,38,45,2022-11-13,95.0,95.0,97.0,84.0,97.0,,100.0,100.0
CO,2022,39,46,2022-11-20,95.0,95.0,97.0,95.0,97.0,,100.0,100.0
CO,2023,6,13,2023-04-02,0.0,0.0,0.0,0.0,0.0,,0.0,0.0
CO,2023,7,14,2023-04-09,0.0,0.0,0.0,0.0,0.0,,0.0,0.0
CO,2023,8,15,2023-04-16,0.0,0.0,0.0,0.0,0.0,,1.0,0.0
CO,2023,9,16,2023-04-23,0.0,0.0,0.0,0.0,0.0,,2.0,0.0
CO,2023,10,17,2023-04-30,0.0,0.0,0.0,0.0,0.0,,6.0,0.0
CO,2023,11,18,2023-05-07,0.0,0.0,0.0,0.0,0.0,,22.0,0.0
CO,2023,12,19,2023-05-14,0.0,0.0,1.0,0.0,0.0,,40.0,0.0
CO,2023,13,20,2023-05-21,0.0,0.0,18.0,0.0,0.0,,62.0,0.0
CO,2023,14,21,2023-05-28,0.0,0.0,30.0,0.0,0.0,,78.0,0.0
CO,2023,15,22,2023-06-04,0.0,0.0,55.0,0.0,0.0,,94.0,0.0
CO,2023,16,23,2023-06-11,0.0,0.0,70.0,0.0,0.0,,97.0,0.0
CO,2023,17,24,2023-06-18,0.0,0.0,84.0,0.0,0.0,,97.0,0.0
CO,2023,18,25,2023-06-25,0.0,0.0,95.0,0.0,0.0,,97.0,0.0
CO,2023,19,26,2023-07-02,0.0,0.0,95.0,0.0,0.0,,97.0,0.0
CO,2023,20,27,2023-07-09,0.0,0.0,95.0,0.0,0.0,,97.0,0.0
CO,2023,21,28,2023-07-16,0.0,0.0,95.0,0.0,0.0,,97.0,5.0
CO,2023,22,29,2023-07-23,0.0,0.0,95.0,0.0,0.0,,97.0,30.0
CO,2023,23,30,2023-07-30,0.0,2.0,95.0,0.0,0.0,,97.0,53.0
CO,2023,24,31,2023-08-06,1.0,10.0,95.0,0.0,0.0,,97.0,80.0
CO,2023,25,32,2023-08-13,2.0,12.0,95.0,4.0,0.0,,97.0,90.0
CO,2023,26,33,2023-08-20,6.0,41.0,95.0,10.0,1.0,,97.0,96.0
CO,2023,27,34,2023-08-27,27.0,78.0,95.0,18.0,2.0,,97.0,96.0
CO,2023,28,35,2023-09-03,42.0,86.0,95.0,20.0,3.0,,97.0,96.0
CO,2023,29,36,2023-09-10,59.0,96.0,95.0,0.0,7.0,,97.0,96.0
CO,2023,30,37,2023-09-17,71.0,96.0,95.0,0.0,14.0,,97.0,96.0
CO,2023,31,38,2023-09-24,82.0,96.0,95.0,0.0,29.0,,97.0,96.0
CO,2023,32,39,2023-10-01,95.0,96.0,95.0,8.0,48.0,,97.0,96.0
CO,2023,33,40,2023-10-08,95.0,96.0,95.0,21.0,68.0,,97.0,96.0
CO,2023,34,41,2023-10-15,95.0,96.0,95.0,33.0,83.0,,97.0,96.0
CO,2023,35,42,2023-10-22,95.0,96.0,95.0,45.0,95.0,,97.0,96.0
CO,2023,36,43,2023-10-29,95.0,96.0,95.0,68.0,95.0,,97.0,96.0
CO,2023,37,44,2023-11-05,95.0,96.0,95.0,79.0,95.0,,97.0,96.0
CO,2023,38,45,2023-11-12,95.0,96.0,95.0,86.0,95.0,,97.0,96.0
CO,2023,39,46,2023-11-19,95.0,96.0,95.0,91.0,95.0,,97.0,96.0
CO,2023,40,47,2023-11-26,95.0,96.0,95.0,95.0,95.0,,97.0,96.0
CO,2024,6,13,2024-03-31,0.0,0.0,0.0,0.0,0.0,,0.0,0.0
CO,2024,7,14,2024-04-07,0.0,0.0,0.0,0.0,0.0,,0.0,0.0
CO,2024,8,15,2024-04-14,0.0,0.0,0.0,0.0,0.0,,0.0,0.0
CO,2024,9,16,2024-04-21,0.0,0.0,0.0,0.0,0.0,,1.0,0.0
CO,2024,10,17,2024-04-28,0.0,0.0,0.0,0.0,0.0,,8.0,0.0
CO,2024,11,18,2024-05-05,0.0,0.0,0.0,0.0,0.0,,12.0,0.0
CO,2024,12,19,2024-05-12,0.0,0.0,5.0,0.0,0.0,,33.0,0.0
CO,2024,13,20,2024-05-19,0.0,0.0,23.0,0.0,0.0,,57.0,0.0
CO,2024,14,21,2024-05-26,0.0,0.0,37.0,0.0,0.0,,74.0,0.0
CO,2024,15,22,2024-06-02,0.0,0.0,47.0,0.0,0.0,,86.0,0.0
CO,2024,16,23,2024-06-09,0.0,0.0,64.0,0.0,0.0,,96.0,0.0
CO,2024,17,24,2024-06-16,0.0,0.0,83.0,0.0,0.0,,96.0,0.0
CO,2024,18,25,2024-06-23,0.0,0.0,95.0,0.0,0.0,,96.0,0.0
CO,2024,19,26,2024-06-30,0.0,0.0,95.0,0.0,0.0,,96.0,0.0
CO,2024,20,27,2024-07-07,0.0,0.0,95.0,0.0,0.0,,96.0,3.0
CO,2024,21,28,2024-07-14,0.0,0.0,95.0,0.0,0.0,,96.0,14.0
CO,2024,22,29,2024-07-21,0.0,1.0,95.0,0.0,0.0,,96.0,29.0
CO,2024,23,30,2024-07-28,0.0,5.0,95.0,0.0,0.0,,96.0,50.0
CO,2024,24,31,2024-08-04,0.0,10.0,95.0,0.0,0.0,,96.0,72.0
CO,2024,25,32,2024-08-11,0.0,27.0,95.0,0.0,0.0,,96.0,83.0
CO,2024,26,33,2024-08-18,5.0,48.0,95.0,11.0,0.0,,96.0,91.0
CO,2024,27,34,2024-08-25,21.0,55.0,95.0,22.0,0.0,,96.0,93.0
CO,2024,28,35,2024-09-01,39.0,65.0,95.0,31.0,0.0,,96.0,98.0
CO,2024,29,36,2024-09-08,52.0,78.0,95.0,0.0,3.0,,96.0,98.0
CO,2024,30,37,2024-09-15,65.0,93.0,95.0,0.0,16.0,,96.0,98.0
CO,2024,31,38,2024-09-22,77.0,94.0,95.0,0.0,34.0,,96.0,98.0
CO,2024,32,39,2024-09-29,89.0,99.0,95.0,3.0,52.0,,96.0,98.0
CO,2024,33,40,2024-10-06,95.0,99.0,95.0,20.0,67.0,,96.0,98.0
CO,2024,34,41,2024-10-13,95.0,99.0,95.0,30.0,85.0,,96.0,98.0
CO,2024,35,42,2024-10-20,95.0,99.0,95.0,46.0,95.0,,96.0,98.0
CO,2024,36,43,2024-10-27,95.0,99.0,95.0,58.0,95.0,,96.0,98.0
CO,2024,37,44,2024-11-03,95.0,99.0,95.0,74.0,95.0,,96.0,98.0
CO,2024,38,45,2024-11-10,95.0,99.0,95.0,82.0,95.0,,96.0,98.0
CO,2024,39,46,2024-11-17,95.0,99.0,95.0,90.0,95.0,,96.0,98.0
CO,2024,40,47,2024-11-24,95.0,99.0,95.0,95.0,95.0,,96.0,98.0
CO,2025,7,14,2025-04-06,0.0,0.0,0.0,0.0,0.0,,0.0,0.0
CO,2025,8,15,2025-04-13,0.0,0.0,0.0,0.0,0.0,,1.0,0.0
CO,2025,9,16,2025-04-20,0.0,0.0,0.0,0.0,0.0,,9.0,0.0
CO,2025,10,17,2025-04-27,0.0,0.0,0.0,0.0,0.0,,18.0,0.0
CO,2025,11,18,2025-05-04,0.0,0.0,0.0,0.0,0.0,,37.0,0.0
CO,2025,12,19,2025-05-11,0.0,0.0,2.0,0.0,0.0,,53.0,0.0
CO,2025,13,20,2025-05-18,0.0,0.0,24.0,0.0,0.0,,66.0,0.0
CO,2025,14,21,2025-05-25,0.0,0.0,39.0,0.0,0.0,,87.0,0.0
CO,2025,15,22,2025-06-01,0.0,0.0,55.0,0.0,0.0,,95.0,0.0
CO,2025,16,23,2025-06-08,0.0,0.0,71.0,0.0,0.0,,96.0,0.0
CO,2025,17,24,2025-06-15,0.0,0.0,88.0,0.0,0.0,,96.0,0.0
CO,2025,18,25,2025-06-22,0.0,0.0,95.0,0.0,0.0,,96.0,0.0
CO,2025,19,26,2025-06-29,0.0,0.0,97.0,0.0,0.0,,96.0,0.0
CO,2025,20,27,2025-07-06,0.0,0.0,97.0,0.0,0.0,,96.0,1.0
CO,2025,21,28,2025-07-13,0.0,0.0,97.0,0.0,0.0,,96.0,5.0
CO,2025,22,29,2025-07-20,0.0,0.0,97.0,0.0,0.0,,96.0,20.0
CO,2025,23,30,2025-07-27,0.0,2.0,97.0,0.0,0.0,,96.0,36.0
CO,2025,24,31,2025-08-03,0.0,10.0,97.0,0.0,0.0,,96.0,47.0
CO,2025,25,32,2025-08-10,1.0,26.0,97.0,0.0,0.0,,96.0,75.0
CO,2025,26,33,2025-08-17,6.0,50.0,97.0,0.0,0.0,,96.0,89.0
CO,2025,27,34,2025-08-24,7.0,61.0,97.0,0.0,0.0,,96.0,96.0
CO,2025,28,35,2025-08-31,30.0,72.0,97.0,1.0,0.0,,96.0,96.0
CO,2025,29,36,2025-09-07,50.0,85.0,97.0,0.0,5.0,,96.0,96.0
CO,2025,30,37,2025-09-14,60.0,95.0,97.0,0.0,11.0,,96.0,96.0
CO,2025,31,38,2025-09-21,78.0,95.0,97.0,1.0,28.0,,96.0,96.0
CO,2025,32,39,2025-09-28,91.0,95.0,97.0,2.0,49.0,,96.0,96.0
CO,2025,39,46,2025-11-16,91.0,95.0,97.0,91.0,49.0,,96.0,96.0
CO,2025,40,47,2025-11-23,91.0,95.0,97.0,95.0,49.0,,96.0,96.0
CT,2016,9,16,2016-04-24,,,0.0,0.0,,,0.0,
CT,2016,10,17,2016-05-01,,,0.0,0.0,,,5.0,
CT,2016,11,18,2016-05-08,,,0.0,0.0,,,15.0,
CT,2016,12,19,2016-05-15,,,0.0,0.0,,,23.0,
CT,2016,13,20,2016-05-22,,,12.0,0.0,,,45.0,
CT,2016,14,21,2016-05-29,,,25.0,0.0,,,50.0,
CT,2016,15,22,2016-06-05,,,50.0,0.0,,,75.0,
CT,2016,16,23,2016-06-12,,,74.0,0.0,,,90.0,
CT,2016,17,24,2016-06-19,,,91.0,0.0,,,90.0,
CT,2016,18,25,2016-06-26,,,98.0,0.0,,,90.0,
CT,2016,28,35,2016-09-04,,,98.0,1.0,,,90.0,
CT,2016,29,36,2016-09-11,,,98.0,10.0,,,90.0,
CT,2016,30,37,2016-09-18,,,98.0,21.0,,,90.0,
CT,2016,31,38,2016-09-25,,,98.0,40.0,,,90.0,
CT,2016,32,39,2016-10-02,,,98.0,65.0,,,90.0,
CT,2016,33,40,2016-10-09,,,98.0,74.0,,,90.0,
CT,2016,34,41,2016-10-16,,,98.0,100.0,,,90.0,
CT,2016,35,42,2016-10-23,,,98.0,100.0,,,90.0,
CT,2017,9,16,2017-04-23,,,0.0,0.0,,,0.0,
CT,2017,10,17,2017-04-30,,,0.0,0.0,,,0.0,
CT,2017,11,18,2017-05-07,,,0.0,0.0,,,10.0,
CT,2017,12,19,2017-05-14,,,0.0,0.0,,,30.0,
CT,2017,13,20,2017-05-21,,,5.0,0.0,,,50.0,
CT,2017,14,21,2017-05-28,,,15.0,0.0,,,60.0,
CT,2017,15,22,2017-06-04,,,28.0,0.0,,,75.0,
CT,2017,16,23,2017-06-11,,,70.0,0.0,,,80.0,
CT,2017,17,24,2017-06-18,,,75.0,0.0,,,85.0,
CT,2017,18,25,2017-06-25,,,100.0,0.0,,,100.0,
CT,2017,19,26,2017-07-02,,,100.0,0.0,,,100.0,
CT,2017,20,27,2017-07-09,,,100.0,0.0,,,100.0,
CT,2017,28,35,2017-09-03,,,100.0,0.0,,,100.0,
CT,2017,29,36,2017-09-10,,,100.0,3.0,,,100.0,
CT,2017,30,37,2017-09-17,,,100.0,5.0,,,100.0,
CT,2017,31,38,2017-09-24,,,100.0,10.0,,,100.0,
CT,2017,32,39,2017-10-01,,,100.0,15.0,,,100.0,
CT,2017,33,40,2017-10-08,,,100.0,20.0,,,100.0,
CT,2017,34,41,2017-10-15,,,100.0,35.0,,,100.0,
CT,2017,35,42,2017-10-22,,,100.0,50.0,,,100.0,
CT,2017,36,43,2017-10-29,,,100.0,75.0,,,100.0,
CT,2017,37,44,2017-11-05,,,100.0,80.0,,,100.0,
CT,2017,38,45,2017-11-12,,,100.0,85.0,,,100.0,
CT,2018,10,17,2018-04-29,,,0.0,0.0,,,0.0,
CT,2018,11,18,2018-05-06,,,0.0,0.0,,,2.0,
CT,2018,12,19,2018-05-13,,,0.0,0.0,,,7.0,
CT,2018,13,20,2018-05-20,,,0.0,0.0,,,10.0,
CT,2018,14,21,2018-05-27,,,5.0,0.0,,,35.0,
CT,2018,15,22,2018-06-03,,,26.0,0.0,,,50.0,
CT,2018,16,23,2018-06-10,,,36.0,0.0,,,65.0,
CT,2018,17,24,2018-06-17,,,70.0,0.0,,,95.0,
CT,2018,18,25,2018-06-24,,,95.0,0.0,,,95.0,
CT,2018,19,26,2018-07-01,,,99.0,0.0,,,95.0,
CT,2018,31,38,2018-09-23,,,99.0,25.0,,,95.0,
CT,2018,32,39,2018-09-30,,,99.0,40.0,,,95.0,
CT,2018,33,40,2018-10-07,,,99.0,49.0,,,95.0,
CT,2018,34,41,2018-10-14,,,99.0,61.0,,,95.0,
CT,2018,35,42,2018-10-21,,,99.0,71.0,,,95.0,
CT,2018,36,43,2018-10-28,,,99.0,85.0,,,95.0,
CT,2019,11,18,2019-05-05,,,0.0,0.0,,,1.0,
CT,2019,12,19,2019-05-12,,,0.0,0.0,,,3.0,
CT,2019,13,20,2019-05-19,,,0.0,0.0,,,10.0,
CT,2019,14,21,2019-05-26,,,0.0,0.0,,,13.0,
CT,2019,15,22,2019-06-02,,,5.0,0.0,,,30.0,
CT,2019,16,23,2019-06-09,,,25.0,0.0,,,50.0,
CT,2019,17,24,2019-06-16,,,45.0,0.0,,,90.0,
CT,2019,18,25,2019-06-23,,,90.0,0.0,,,95.0,
CT,2019,19,26,2019-06-30,,,91.0,0.0,,,96.0,
CT,2019,20,27,2019-07-07,,,93.0,0.0,,,96.0,
CT,2019,29,36,2019-09-08,,,93.0,0.0,,,96.0,
CT,2019,30,37,2019-09-15,,,93.0,0.0,,,96.0,
CT,2019,31,38,2019-09-22,,,93.0,10.0,,,96.0,
CT,2019,32,39,2019-09-29,,,93.0,13.0,,,96.0,
CT,2019,33,40,2019-10-06,,,93.0,16.0,,,96.0,
CT,2019,34,41,2019-10-13,,,93.0,19.0,,,96.0,
CT,2019,35,42,2019-10-20,,,93.0,56.0,,,96.0,
CT,2019,36,43,2019-10-27,,,93.0,95.0,,,96.0,
CT,2019,37,44,2019-11-03,,,93.0,97.0,,,96.0,
CT,2020,8,15,2020-04-12,,,0.0,0.0,,,0.0,
CT,2020,9,16,2020-04-19,,,0.0,0.0,,,0.0,
CT,2020,10,17,2020-04-26,,,0.0,0.0,,,0.0,
CT,2020,11,18,2020-05-03,,,0.0,0.0,,,4.0,
CT,2020,12,19,2020-05-10,,,0.0,0.0,,,26.0,
CT,2020,13,20,2020-05-17,,,4.0,0.0,,,26.0,
CT,2020,14,21,2020-05-24,,,9.0,0.0,,,30.0,
CT,2020,15,22,2020-05-31,,,15.0,0.0,,,50.0,
CT,2020,16,23,2020-06-07,,,30.0,0.0,,,75.0,
CT,2020,17,24,2020-06-14,,,50.0,0.0,,,85.0,
CT,2020,18,25,2020-06-21,,,95.0,0.0,,,100.0,
CT,2020,19,26,2020-06-28,,,100.0,0.0,,,100.0,
CT,2020,20,27,2020-07-05,,,100.0,0.0,,,100.0,
CT,2020,21,28,2020-07-12,,,100.0,0.0,,,100.0,
CT,2020,29,36,2020-09-06,,,100.0,0.0,,,100.0,
CT,2020,30,37,2020-09-13,,,100.0,0.0,,,100.0,
CT,2020,31,38,2020-09-20,,,100.0,7.0,,,100.0,
CT,2020,32,39,2020-09-27,,,100.0,19.0,,,100.0,
CT,2020,33,40,2020-10-04,,,100.0,27.0,,,100.0,
CT,2020,34,41,2020-10-11,,,100.0,48.0,,,100.0,
CT,2020,35,42,2020-10-18,,,100.0,55.0,,,100.0,
CT,2020,36,43,2020-10-25,,,100.0,88.0,,,100.0,
CT,2020,37,44,2020-11-01,,,100.0,97.0,,,100.0,
CT,2020,38,45,2020-11-08,,,100.0,100.0,,,100.0,
CT,2021,9,16,2021-04-25,,,0.0,0.0,0.0,,0.0,
CT,2021,10,17,2021-05-02,,,0.0,0.0,0.0,,0.0,
CT,2021,11,18,2021-05-09,,,0.0,0.0,0.0,,30.0,
CT,2021,12,19,2021-05-16,,,5.0,0.0,0.0,,33.0,
CT,2021,13,20,2021-05-23,,,7.0,0.0,0.0,,36.0,
CT,2021,14,21,2021-05-30,,,14.0,0.0,0.0,,42.0,
CT,2021,15,22,2021-06-06,,,70.0,0.0,0.0,,71.0,
CT,2021,16,23,2021-06-13,,,82.0,0.0,0.0,,91.0,
CT,2021,17,24,2021-06-20,,,94.0,0.0,0.0,,99.0,
CT,2021,18,25,2021-06-27,,,96.0,0.0,0.0,,99.0,
CT,2021,19,26,2021-07-04,,,96.0,0.0,0.0,,99.0,
CT,2021,20,27,2021-07-11,,,98.0,0.0,0.0,,99.0,
CT,2021,28,35,2021-09-05,,,98.0,0.0,0.0,,99.0,
CT,2021,29,36,2021-09-12,,,98.0,0.0,0.0,,99.0,
CT,2021,30,37,2021-09-19,,,98.0,0.0,0.0,,99.0,
CT,2021,31,38,2021-09-26,,,98.0,18.0,0.0,,99.0,
CT,2021,32,39,2021-10-03,,,98.0,0.0,0.0,,99.0,
CT,2021,33,40,2021-10-10,,,98.0,44.0,0.0,,99.0,
CT,2021,34,41,2021-10-17,,,98.0,62.0,0.0,,99.0,
CT,2021,35,42,2021-10-24,,,98.0,91.0,0.0,,99.0,
CT,2021,36,43,2021-10-31,,,98.0,100.0,0.0,,99.0,
CT,2021,37,44,2021-11-07,,,98.0,100.0,0.0,,99.0,
CT,2022,9,16,2022-04-24,0.0,0.0,0.0,0.0,,,0.0,0.0
CT,2022,10,17,2022-05-01,0.0,0.0,0.0,0.0,,,0.0,0.0
CT,2022,11,18,2022-05-08,0.0,0.0,0.0,0.0,,,5.0,0.0
CT,2022,12,19,2022-05-15,0.0,0.0,0.0,0.0,,,18.0,0.0
CT,2022,13,20,2022-05-22,0.0,0.0,3.0,0.0,,,39.0,0.0
CT,2022,14,21,2022-05-29,0.0,0.0,48.0,0.0,,,74.0,0.0
CT,2022,15,22,2022-06-05,0.0,0.0,62.0,0.0,,,84.0,0.0
CT,2022,16,23,2022-06-12,0.0,0.0,72.0,0.0,,,89.0,0.0
CT,2022,17,24,2022-06-19,0.0,0.0,87.0,0.0,,,95.0,0.0
CT,2022,18,25,2022-06-26,0.0,0.0,100.0,0.0,,,100.0,0.0
CT,2022,19,26,2022-07-03,0.0,0.0,100.0,0.0,,,100.0,0.0
CT,2022,20,27,2022-07-10,0.0,0.0,100.0,0.0,,,100.0,0.0
CT,2022,24,31,2022-08-07,0.0,20.0,100.0,0.0,,,100.0,80.0
CT,2022,25,32,2022-08-14,0.0,20.0,100.0,0.0,,,100.0,80.0
CT,2022,28,35,2022-09-04,0.0,20.0,100.0,1.0,,,100.0,80.0
CT,2022,29,36,2022-09-11,0.0,20.0,100.0,9.0,,,100.0,80.0
CT,2022,30,37,2022-09-18,0.0,20.0,100.0,40.0,,,100.0,80.0
CT,2022,31,38,2022-09-25,0.0,20.0,100.0,44.0,,,100.0,80.0
CT,2022,32,39,2022-10-02,0.0,20.0,100.0,45.0,,,100.0,80.0
CT,2022,33,40,2022-10-09,0.0,20.0,100.0,80.0,,,100.0,80.0
CT,2022,34,41,2022-10-16,0.0,20.0,100.0,91.0,,,100.0,80.0
CT,2022,35,42,2022-10-23,0.0,20.0,100.0,99.0,,,100.0,80.0
CT,2022,36,43,2022-10-30,0.0,20.0,100.0,100.0,,,100.0,80.0
CT,2023,10,17,2023-04-30,,,0.0,0.0,,,2.0,
CT,2023,11,18,2023-05-07,,,0.0,0.0,,,5.0,
CT,2023,12,19,2023-05-14,,,0.0,0.0,,,18.0,
CT,2023,13,20,2023-05-21,,,0.0,0.0,,,27.0,
CT,2023,14,21,2023-05-28,,,5.0,0.0,,,39.0,
CT,2023,15,22,2023-06-04,,,37.0,0.0,,,64.0,
CT,2023,16,23,2023-06-11,,,64.0,0.0,,,90.0,
CT,2023,17,24,2023-06-18,,,83.0,0.0,,,97.0,
CT,2023,18,25,2023-06-25,,,85.0,0.0,,,97.0,
CT,2023,19,26,2023-07-02,,,94.0,0.0,,,97.0,
CT,2023,27,34,2023-08-27,,,94.0,0.0,,,97.0,
CT,2023,28,35,2023-09-03,,,94.0,2.0,,,97.0,
CT,2023,29,36,2023-09-10,,,94.0,15.0,,,97.0,
CT,2023,30,37,2023-09-17,,,94.0,17.0,,,97.0,
CT,2023,31,38,2023-09-24,,,94.0,26.0,,,97.0,
CT,2023,32,39,2023-10-01,,,94.0,42.0,,,97.0,
CT,2023,33,40,2023-10-08,,,94.0,61.0,,,97.0,
CT,2023,34,41,2023-10-15,,,94.0,71.0,,,97.0,
CT,2023,35,42,2023-10-22,,,94.0,83.0,,,97.0,
CT,2023,36,43,2023-10-29,,,94.0,92.0,,,97.0,
CT,2024,9,16,2024-04-21,,,0.0,0.0,,,0.0,
CT,2024,10,17,2024-04-28,,,0.0,0.0,,,0.0,
CT,2024,11,18,2024-05-05,,,0.0,0.0,,,10.0,
CT,2024,12,19,2024-05-12,,,0.0,0.0,,,23.0,
CT,2024,13,20,2024-05-19,,,5.0,0.0,,,31.0,
CT,2024,14,21,2024-05-26,,,9.0,0.0,,,31.0,
CT,2024,15,22,2024-06-02,,,12.0,0.0,,,46.0,
CT,2024,16,23,2024-06-09,,,48.0,0.0,,,65.0,
CT,2024,17,24,2024-06-16,,,75.0,0.0,,,85.0,
CT,2024,18,25,2024-06-23,,,94.0,0.0,,,85.0,
CT,2024,19,26,2024-06-30,,,95.0,0.0,,,85.0,
CT,2024,28,35,2024-09-01,,,95.0,0.0,,,85.0,
CT,2024,29,36,2024-09-08,,,95.0,5.0,,,85.0,
CT,2024,30,37,2024-09-15,,,95.0,18.0,,,85.0,
CT,2024,31,38,2024-09-22,,,95.0,40.0,,,85.0,
CT,2024,32,39,2024-09-29,,,95.0,65.0,,,85.0,
CT,2024,33,40,2024-10-06,,,95.0,75.0,,,85.0,
CT,2024,34,41,2024-10-13,,,95.0,84.0,,,85.0,
CT,2024,35,42,2024-10-20,,,95.0,85.0,,,85.0,
CT,2025,15,22,2025-06-01,,,20.0,0.0,,,40.0,
CT,2025,16,23,2025-06-08,,,24.0,0.0,,,42.0,
CT,2025,17,24,2025-06-15,,,34.0,0.0,,,50.0,
CT,2025,18,25,2025-06-22,,,70.0,0.0,,,90.0,
CT,2025,19,26,2025-06-29,,,75.0,0.0,,,90.0,
CT,2025,20,27,2025-07-06,,,100.0,0.0,,,90.0,
CT,2025,29,36,2025-09-07,,,100.0,0.0,,,90.0,
CT,2025,30,37,2025-09-14,,,100.0,0.0,,,90.0,
CT,2025,31,38,2025-09-21,,,100.0,48.0,,,90.0,
CT,2025,32,39,2025-09-28,,,100.0,60.0,,,90.0,
DE,2016,9,16,2016-04-24,0.0,0.0,0.0,0.0,0.0,0.0,4.0,0.0
DE,2016,10,17,2016-05-01,0.0,0.0,0.0,0.0,0.0,0.0,22.0,0.0
DE,2016,11,18,2016-05-08,0.0,0.0,0.0,0.0,0.0,0.0,33.0,0.0
DE,2016,12,19,2016-05-15,0.0,0.0,16.0,0.0,0.0,0.0,58.0,0.0
DE,2016,13,20,2016-05-22,0.0,0.0,48.0,0.0,0.0,0.0,76.0,0.0
DE,2016,14,21,2016-05-29,0.0,0.0,65.0,0.0,0.0,0.0,87.0,0.0
DE,2016,15,22,2016-06-05,0.0,0.0,91.0,0.0,0.0,0.0,95.0,0.0
DE,2016,16,23,2016-06-12,0.0,0.0,93.0,0.0,0.0,0.0,95.0,0.0
DE,2016,17,24,2016-06-19,0.0,0.0,95.0,0.0,0.0,0.0,95.0,0.0
DE,2016,18,25,2016-06-26,0.0,0.0,96.0,0.0,0.0,0.0,95.0,0.0
DE,2016,19,26,2016-07-03,0.0,0.0,99.0,0.0,0.0,0.0,95.0,3.0
DE,2016,20,27,2016-07-10,0.0,0.0,100.0,0.0,0.0,0.0,95.0,25.0
DE,2016,21,28,2016-07-17,0.0,0.0,100.0,0.0,0.0,1.0,95.0,76.0
DE,2016,22,29,2016-07-24,0.0,0.0,100.0,0.0,0.0,23.0,95.0,100.0
DE,2016,23,30,2016-07-31,0.0,44.0,100.0,0.0,0.0,60.0,95.0,100.0
DE,2016,24,31,2016-08-07,0.0,45.0,100.0,0.0,0.0,78.0,95.0,100.0
DE,2016,25,32,2016-08-14,11.0,76.0,100.0,0.0,0.0,88.0,95.0,100.0
DE,2016,26,33,2016-08-21,40.0,83.0,100.0,0.0,0.0,98.0,95.0,100.0
DE,2016,27,34,2016-08-28,51.0,86.0,100.0,0.0,0.0,98.0,95.0,100.0
DE,2016,28,35,2016-09-04,73.0,88.0,100.0,0.0,0.0,98.0,95.0,100.0
DE,2016,29,36,2016-09-11,88.0,99.0,100.0,17.0,65.0,98.0,95.0,100.0
DE,2016,30,37,2016-09-18,99.0,99.0,100.0,38.0,89.0,98.0,95.0,100.0
DE,2016,31,38,2016-09-25,99.0,99.0,100.0,45.0,98.0,98.0,95.0,100.0
DE,2016,32,39,2016-10-02,99.0,99.0,100.0,51.0,98.0,98.0,95.0,100.0
DE,2016,33,40,2016-10-09,99.0,99.0,100.0,64.0,98.0,98.0,95.0,100.0
DE,2016,34,41,2016-10-16,99.0,99.0,100.0,73.0,98.0,98.0,95.0,100.0
DE,2016,35,42,2016-10-23,99.0,99.0,100.0,94.0,98.0,98.0,95.0,100.0
DE,2016,36,43,2016-10-30,99.0,99.0,100.0,97.0,98.0,98.0,95.0,100.0
DE,2017,7,14,2017-04-09,0.0,0.0,0.0,0.0,0.0,0.0,2.0,0.0
DE,2017,8,15,2017-04-16,0.0,0.0,0.0,0.0,0.0,0.0,10.0,0.0
DE,2017,9,16,2017-04-23,0.0,0.0,4.0,0.0,0.0,0.0,19.0,0.0
DE,2017,10,17,2017-04-30,0.0,0.0,4.0,0.0,0.0,0.0,39.0,0.0
DE,2017,11,18,2017-05-07,0.0,0.0,28.0,0.0,0.0,0.0,56.0,0.0
DE,2017,12,19,2017-05-14,0.0,0.0,38.0,0.0,0.0,0.0,66.0,0.0
DE,2017,13,20,2017-05-21,0.0,0.0,54.0,0.0,0.0,0.0,77.0,0.0
DE,2017,14,21,2017-05-28,0.0,0.0,62.0,0.0,0.0,0.0,79.0,0.0
DE,2017,15,22,2017-06-04,0.0,0.0,76.0,0.0,0.0,0.0,87.0,0.0
DE,2017,16,23,2017-06-11,0.0,0.0,81.0,0.0,0.0,0.0,90.0,0.0
DE,2017,17,24,2017-06-18,0.0,0.0,84.0,0.0,0.0,0.0,93.0,0.0
DE,2017,18,25,2017-06-25,0.0,0.0,93.0,0.0,0.0,0.0,97.0,0.0
DE,2017,19,26,2017-07-02,0.0,0.0,96.0,0.0,0.0,0.0,100.0,2.0
DE,2017,20,27,2017-07-09,0.0,0.0,100.0,0.0,0.0,0.0,100.0,21.0
DE,2017,21,28,2017-07-16,0.0,0.0,100.0,0.0,0.0,4.0,100.0,45.0
DE,2017,22,29,2017-07-23,0.0,1.0,100.0,0.0,0.0,25.0,100.0,80.0
DE,2017,23,30,2017-07-30,0.0,17.0,100.0,0.0,0.0,55.0,100.0,80.0
DE,2017,24,31,2017-08-06,1.0,55.0,100.0,0.0,0.0,84.0,100.0,80.0
DE,2017,25,32,2017-08-13,1.0,67.0,100.0,0.0,0.0,87.0,100.0,80.0
DE,2017,26,33,2017-08-20,30.0,83.0,100.0,0.0,0.0,97.0,100.0,80.0
DE,2017,27,34,2017-08-27,33.0,86.0,100.0,0.0,4.0,100.0,100.0,80.0
DE,2017,28,35,2017-09-03,69.0,100.0,100.0,0.0,60.0,100.0,100.0,80.0
DE,2017,29,36,2017-09-10,78.0,100.0,100.0,10.0,69.0,100.0,100.0,80.0
DE,2017,30,37,2017-09-17,89.0,100.0,100.0,27.0,81.0,100.0,100.0,80.0
DE,2017,31,38,2017-09-24,92.0,100.0,100.0,33.0,84.0,100.0,100.0,80.0
DE,2017,32,39,2017-10-01,96.0,100.0,100.0,49.0,90.0,100.0,100.0,80.0
DE,2017,33,40,2017-10-08,99.0,100.0,100.0,56.0,93.0,100.0,100.0,80.0
DE,2017,34,41,2017-10-15,100.0,100.0,100.0,77.0,99.0,100.0,100.0,80.0
DE,2017,35,42,2017-10-22,100.0,100.0,100.0,93.0,100.0,100.0,100.0,80.0
DE,2017,36,43,2017-10-29,100.0,100.0,100.0,94.0,100.0,100.0,100.0,80.0
DE,2017,37,44,2017-11-05,100.0,100.0,100.0,97.0,100.0,100.0,100.0,80.0
DE,2017,38,45,2017-11-12,100.0,100.0,100.0,98.0,100.0,100.0,100.0,80.0
DE,2017,39,46,2017-11-19,100.0,100.0,100.0,99.0,100.0,100.0,100.0,80.0
DE,2017,40,47,2017-11-26,100.0,100.0,100.0,100.0,100.0,100.0,100.0,80.0
DE,2018,7,14,2018-04-08,0.0,0.0,0.0,0.0,0.0,0.0,0.0,0.0
DE,2018,8,15,2018-04-15,0.0,0.0,0.0,0.0,0.0,0.0,0.0,0.0
DE,2018,9,16,2018-04-22,0.0,0.0,0.0,0.0,0.0,0.0,2.0,0.0
DE,2018,10,17,2018-04-29,0.0,0.0,0.0,0.0,0.0,0.0,11.0,0.0
DE,2018,11,18,2018-05-06,0.0,0.0,1.0,0.0,0.0,0.0,48.0,0.0
DE,2018,12,19,2018-05-13,0.0,0.0,29.0,0.0,0.0,0.0,76.0,0.0
DE,2018,13,20,2018-05-20,0.0,0.0,41.0,0.0,0.0,0.0,82.0,0.0
DE,2018,14,21,2018-05-27,0.0,0.0,65.0,0.0,0.0,0.0,89.0,0.0
DE,2018,15,22,2018-06-03,0.0,0.0,82.0,0.0,0.0,0.0,94.0,0.0
DE,2018,16,23,2018-06-10,0.0,0.0,85.0,0.0,0.0,0.0,96.0,0.0
DE,2018,17,24,2018-06-17,0.0,0.0,89.0,0.0,0.0,0.0,98.0,0.0
DE,2018,18,25,2018-06-24,0.0,0.0,91.0,0.0,0.0,0.0,99.0,0.0
DE,2018,19,26,2018-07-01,0.0,0.0,94.0,0.0,0.0,0.0,100.0,4.0
DE,2018,20,27,2018-07-08,0.0,0.0,100.0,0.0,0.0,0.0,100.0,24.0
DE,2018,21,28,2018-07-15,0.0,0.0,100.0,0.0,0.0,9.0,100.0,54.0
DE,2018,22,29,2018-07-22,0.0,0.0,100.0,0.0,0.0,29.0,100.0,77.0
DE,2018,23,30,2018-07-29,0.0,5.0,100.0,0.0,0.0,50.0,100.0,80.0
DE,2018,24,31,2018-08-05,0.0,18.0,100.0,0.0,0.0,67.0,100.0,87.0
DE,2018,25,32,2018-08-12,1.0,23.0,100.0,0.0,0.0,68.0,100.0,91.0
DE,2018,26,33,2018-08-19,18.0,41.0,100.0,0.0,0.0,92.0,100.0,99.0
DE,2018,27,34,2018-08-26,47.0,70.0,100.0,0.0,0.0,97.0,100.0,99.0
DE,2018,28,35,2018-09-02,50.0,86.0,100.0,0.0,7.0,97.0,100.0,99.0
DE,2018,29,36,2018-09-09,76.0,94.0,100.0,6.0,36.0,97.0,100.0,99.0
DE,2018,30,37,2018-09-16,87.0,99.0,100.0,10.0,51.0,97.0,100.0,99.0
DE,2018,31,38,2018-09-23,98.0,99.0,100.0,21.0,80.0,97.0,100.0,99.0
DE,2018,32,39,2018-09-30,98.0,99.0,100.0,35.0,93.0,97.0,100.0,99.0
DE,2018,33,40,2018-10-07,98.0,99.0,100.0,58.0,99.0,97.0,100.0,99.0
DE,2018,34,41,2018-10-14,98.0,99.0,100.0,75.0,99.0,97.0,100.0,99.0
DE,2018,35,42,2018-10-21,98.0,99.0,100.0,78.0,99.0,97.0,100.0,99.0
DE,2018,36,43,2018-10-28,98.0,99.0,100.0,92.0,99.0,97.0,100.0,99.0
DE,2018,37,44,2018-11-04,98.0,99.0,100.0,96.0,99.0,97.0,100.0,99.0
DE,2019,7,14,2019-04-07,0.0,0.0,0.0,0.0,0.0,0.0,0.0,0.0
DE,2019,8,15,2019-04-14,0.0,0.0,0.0,0.0,0.0,0.0,1.0,0.0
DE,2019,9,16,2019-04-21,0.0,0.0,0.0,0.0,0.0,0.0,4.0,0.0
DE,2019,10,17,2019-04-28,0.0,0.0,3.0,0.0,0.0,0.0,19.0,0.0
DE,2019,11,18,2019-05-05,0.0,0.0,10.0,0.0,0.0,0.0,36.0,0.0
DE,2019,12,19,2019-05-12,0.0,0.0,22.0,0.0,0.0,0.0,46.0,0.0
DE,2019,13,20,2019-05-19,0.0,0.0,46.0,0.0,0.0,0.0,73.0,0.0
DE,2019,14,21,2019-05-26,0.0,0.0,49.0,0.0,0.0,0.0,76.0,0.0
DE,2019,15,22,2019-06-02,0.0,0.0,67.0,0.0,0.0,0.0,85.0,0.0
DE,2019,16,23,2019-06-09,0.0,0.0,81.0,0.0,0.0,0.0,97.0,0.0
DE,2019,17,24,2019-06-16,0.0,0.0,95.0,0.0,0.0,0.0,97.0,0.0
DE,2019,20,27,2019-07-07,0.0,0.0,95.0,0.0,0.0,0.0,97.0,42.0
DE,2019,21,28,2019-07-14,0.0,0.0,95.0,0.0,0.0,0.0,97.0,54.0
DE,2019,22,29,2019-07-21,0.0,2.0,95.0,0.0,0.0,26.0,97.0,76.0
DE,2019,23,30,2019-07-28,0.0,28.0,95.0,0.0,0.0,52.0,97.0,91.0
DE,2019,24,31,2019-08-04,0.0,30.0,95.0,0.0,0.0,61.0,97.0,94.0
DE,2019,25,32,2019-08-11,0.0,47.0,95.0,0.0,0.0,64.0,97.0,97.0
DE,2019,26,33,2019-08-18,7.0,61.0,95.0,0.0,0.0,90.0,97.0,97.0
DE,2019,27,34,2019-08-25,27.0,81.0,95.0,0.0,0.0,95.0,97.0,97.0
DE,2019,28,35,2019-09-01,48.0,91.0,95.0,0.0,5.0,95.0,97.0,97.0
DE,2019,29,36,2019-09-08,71.0,95.0,95.0,0.0,16.0,95.0,97.0,97.0
DE,2019,30,37,2019-09-15,87.0,95.0,95.0,12.0,53.0,95.0,97.0,97.0
DE,2019,31,38,2019-09-22,93.0,95.0,95.0,22.0,72.0,95.0,97.0,97.0
DE,2019,32,39,2019-09-29,98.0,95.0,95.0,47.0,83.0,95.0,97.0,97.0
DE,2019,33,40,2019-10-06,98.0,95.0,95.0,61.0,91.0,95.0,97.0,97.0
DE,2019,34,41,2019-10-13,98.0,95.0,95.0,78.0,94.0,95.0,97.0,97.0
DE,2019,35,42,2019-10-20,98.0,95.0,95.0,87.0,96.0,95.0,97.0,97.0
DE,2019,36,43,2019-10-27,98.0,95.0,95.0,95.0,96.0,95.0,97.0,97.0
DE,2020,8,15,2020-04-12,0.0,0.0,0.0,0.0,0.0,0.0,0.0,0.0
DE,2020,9,16,2020-04-19,0.0,0.0,0.0,0.0,0.0,0.0,1.0,0.0
DE,2020,10,17,2020-04-26,0.0,0.0,0.0,0.0,0.0,0.0,4.0,0.0
DE,2020,11,18,2020-05-03,0.0,0.0,0.0,0.0,0.0,0.0,23.0,0.0
DE,2020,12,19,2020-05-10,0.0,0.0,10.0,0.0,0.0,0.0,24.0,0.0
DE,2020,13,20,2020-05-17,0.0,0.0,21.0,0.0,0.0,0.0,74.0,0.0
DE,2020,14,21,2020-05-24,0.0,0.0,50.0,0.0,0.0,0.0,82.0,0.0
DE,2020,15,22,2020-05-31,0.0,0.0,73.0,0.0,0.0,0.0,83.0,0.0
DE,2020,16,23,2020-06-07,0.0,0.0,79.0,0.0,0.0,0.0,83.0,0.0
DE,2020,17,24,2020-06-14,0.0,0.0,91.0,0.0,0.0,0.0,95.0,0.0
DE,2020,18,25,2020-06-21,0.0,0.0,95.0,0.0,0.0,0.0,98.0,0.0
DE,2020,19,26,2020-06-28,0.0,0.0,95.0,0.0,0.0,0.0,98.0,3.0
DE,2020,20,27,2020-07-05,0.0,0.0,95.0,0.0,0.0,0.0,98.0,11.0
DE,2020,21,28,2020-07-12,0.0,0.0,95.0,0.0,0.0,1.0,98.0,34.0
DE,2020,22,29,2020-07-19,0.0,0.0,95.0,0.0,0.0,14.0,98.0,60.0
DE,2020,23,30,2020-07-26,0.0,0.0,95.0,0.0,0.0,22.0,98.0,65.0
DE,2020,24,31,2020-08-02,0.0,17.0,95.0,0.0,0.0,58.0,98.0,90.0
DE,2020,25,32,2020-08-09,0.0,40.0,95.0,0.0,0.0,76.0,98.0,95.0
DE,2020,26,33,2020-08-16,0.0,50.0,95.0,0.0,0.0,86.0,98.0,95.0
DE,2020,27,34,2020-08-23,14.0,79.0,95.0,0.0,0.0,96.0,98.0,95.0
DE,2020,28,35,2020-08-30,43.0,95.0,95.0,0.0,2.0,96.0,98.0,95.0
DE,2020,29,36,2020-09-06,52.0,95.0,95.0,0.0,14.0,96.0,98.0,95.0
DE,2020,30,37,2020-09-13,88.0,95.0,95.0,1.0,36.0,96.0,98.0,95.0
DE,2020,31,38,2020-09-20,90.0,95.0,95.0,14.0,52.0,96.0,98.0,95.0
DE,2020,32,39,2020-09-27,97.0,95.0,95.0,30.0,80.0,96.0,98.0,95.0
DE,2020,33,40,2020-10-04,97.0,95.0,95.0,44.0,91.0,96.0,98.0,95.0
DE,2020,34,41,2020-10-11,97.0,95.0,95.0,83.0,97.0,96.0,98.0,95.0
DE,2020,35,42,2020-10-18,97.0,95.0,95.0,88.0,97.0,96.0,98.0,95.0
DE,2020,36,43,2020-10-25,97.0,95.0,95.0,93.0,97.0,96.0,98.0,95.0
DE,2020,37,44,2020-11-01,97.0,95.0,95.0,95.0,97.0,96.0,98.0,95.0
DE,2021,9,16,2021-04-25,0.0,0.0,0.0,0.0,0.0,0.0,5.0,0.0
DE,2021,10,17,2021-05-02,0.0,0.0,0.0,0.0,0.0,0.0,26.0,0.0
DE,2021,11,18,2021-05-09,0.0,0.0,27.0,0.0,0.0,0.0,28.0,0.0
DE,2021,12,19,2021-05-16,0.0,0.0,32.0,0.0,0.0,0.0,68.0,0.0
DE,2021,13,20,2021-05-23,0.0,0.0,76.0,0.0,0.0,0.0,93.0,0.0
DE,2021,14,21,2021-05-30,0.0,0.0,87.0,0.0,0.0,0.0,96.0,0.0
DE,2021,15,22,2021-06-06,0.0,0.0,92.0,0.0,0.0,0.0,96.0,0.0
DE,2021,16,23,2021-06-13,0.0,0.0,94.0,0.0,0.0,0.0,96.0,0.0
DE,2021,17,24,2021-06-20,0.0,0.0,95.0,0.0,0.0,0.0,96.0,0.0
DE,2021,21,28,2021-07-18,0.0,0.0,95.0,0.0,0.0,6.0,96.0,31.0
DE,2021,22,29,2021-07-25,0.0,0.0,95.0,0.0,0.0,27.0,96.0,82.0
DE,2021,23,30,2021-08-01,0.0,0.0,95.0,0.0,0.0,68.0,96.0,95.0
DE,2021,24,31,2021-08-08,0.0,49.0,95.0,0.0,0.0,75.0,96.0,95.0
DE,2021,25,32,2021-08-15,27.0,85.0,95.0,0.0,0.0,94.0,96.0,95.0
DE,2021,26,33,2021-08-22,30.0,90.0,95.0,0.0,0.0,96.0,96.0,95.0
DE,2021,27,34,2021-08-29,38.0,97.0,95.0,0.0,7.0,96.0,96.0,95.0
DE,2021,28,35,2021-09-05,51.0,97.0,95.0,0.0,20.0,96.0,96.0,95.0
DE,2021,29,36,2021-09-12,86.0,97.0,95.0,9.0,47.0,96.0,96.0,95.0
DE,2021,30,37,2021-09-19,98.0,97.0,95.0,18.0,73.0,96.0,96.0,95.0
DE,2021,31,38,2021-09-26,98.0,97.0,95.0,32.0,90.0,96.0,96.0,95.0
DE,2021,32,39,2021-10-03,98.0,97.0,95.0,61.0,97.0,96.0,96.0,95.0
DE,2021,33,40,2021-10-10,98.0,97.0,95.0,78.0,97.0,96.0,96.0,95.0
DE,2021,34,41,2021-10-17,98.0,97.0,95.0,95.0,97.0,96.0,96.0,95.0
DE,2022,9,16,2022-04-24,0.0,0.0,0.0,0.0,0.0,0.0,8.0,0.0
DE,2022,10,17,2022-05-01,0.0,0.0,0.0,0.0,0.0,0.0,26.0,0.0
DE,2022,11,18,2022-05-08,0.0,0.0,10.0,0.0,0.0,0.0,45.0,0.0
DE,2022,12,19,2022-05-15,0.0,0.0,29.0,0.0,0.0,0.0,52.0,0.0
DE,2022,13,20,2022-05-22,0.0,0.0,46.0,0.0,0.0,0.0,80.0,0.0
DE,2022,14,21,2022-05-29,0.0,0.0,80.0,0.0,0.0,0.0,94.0,0.0
DE,2022,15,22,2022-06-05,0.0,0.0,95.0,0.0,0.0,0.0,99.0,0.0
DE,2022,16,23,2022-06-12,0.0,0.0,98.0,0.0,0.0,0.0,99.0,0.0
DE,2022,20,27,2022-07-10,0.0,0.0,98.0,0.0,0.0,0.0,99.0,10.0
DE,2022,21,28,2022-07-17,0.0,0.0,98.0,0.0,0.0,1.0,99.0,41.0
DE,2022,22,29,2022-07-24,0.0,0.0,98.0,0.0,0.0,21.0,99.0,72.0
DE,2022,23,30,2022-07-31,0.0,1.0,98.0,0.0,0.0,35.0,99.0,75.0
DE,2022,24,31,2022-08-07,0.0,14.0,98.0,0.0,0.0,46.0,99.0,78.0
DE,2022,25,32,2022-08-14,0.0,39.0,98.0,0.0,0.0,51.0,99.0,85.0
DE,2022,26,33,2022-08-21,0.0,72.0,98.0,0.0,0.0,80.0,99.0,95.0
DE,2022,27,34,2022-08-28,35.0,87.0,98.0,0.0,0.0,92.0,99.0,95.0
DE,2022,28,35,2022-09-04,46.0,94.0,98.0,0.0,9.0,99.0,99.0,95.0
DE,2022,29,36,2022-09-11,52.0,100.0,98.0,0.0,31.0,99.0,99.0,95.0
DE,2022,30,37,2022-09-18,77.0,100.0,98.0,11.0,62.0,99.0,99.0,95.0
DE,2022,31,38,2022-09-25,81.0,100.0,98.0,28.0,70.0,99.0,99.0,95.0
DE,2022,32,39,2022-10-02,89.0,100.0,98.0,38.0,77.0,99.0,99.0,95.0
DE,2022,33,40,2022-10-09,96.0,100.0,98.0,53.0,95.0,99.0,99.0,95.0
DE,2022,34,41,2022-10-16,96.0,100.0,98.0,65.0,95.0,99.0,99.0,95.0
DE,2022,35,42,2022-10-23,96.0,100.0,98.0,80.0,95.0,99.0,99.0,95.0
DE,2022,36,43,2022-10-30,96.0,100.0,98.0,88.0,95.0,99.0,99.0,95.0
DE,2022,37,44,2022-11-06,96.0,100.0,98.0,97.0,95.0,99.0,99.0,95.0
DE,2023,8,15,2023-04-16,0.0,0.0,0.0,0.0,0.0,0.0,4.0,0.0
DE,2023,9,16,2023-04-23,0.0,0.0,0.0,0.0,0.0,0.0,17.0,0.0
DE,2023,10,17,2023-04-30,0.0,0.0,11.0,0.0,0.0,0.0,24.0,0.0
DE,2023,11,18,2023-05-07,0.0,0.0,19.0,0.0,0.0,0.0,49.0,0.0
DE,2023,12,19,2023-05-14,0.0,0.0,39.0,0.0,0.0,0.0,67.0,0.0
DE,2023,13,20,2023-05-21,0.0,0.0,54.0,0.0,0.0,0.0,78.0,0.0
DE,2023,14,21,2023-05-28,0.0,0.0,68.0,0.0,0.0,0.0,86.0,0.0
DE,2023,15,22,2023-06-04,0.0,0.0,88.0,0.0,0.0,0.0,94.0,0.0
DE,2023,16,23,2023-06-11,0.0,0.0,95.0,0.0,0.0,0.0,98.0,0.0
DE,2023,21,28,2023-07-16,0.0,0.0,95.0,0.0,0.0,0.0,98.0,30.0
DE,2023,22,29,2023-07-23,0.0,0.0,95.0,0.0,0.0,0.0,98.0,64.0
DE,2023,23,30,2023-07-30,0.0,0.0,95.0,0.0,0.0,19.0,98.0,74.0
DE,2023,24,31,2023-08-06,0.0,0.0,95.0,0.0,0.0,43.0,98.0,89.0
DE,2023,25,32,2023-08-13,0.0,48.0,95.0,0.0,0.0,53.0,98.0,93.0
DE,2023,26,33,2023-08-20,16.0,66.0,95.0,0.0,0.0,89.0,98.0,97.0
DE,2023,27,34,2023-08-27,42.0,84.0,95.0,0.0,4.0,98.0,98.0,97.0
DE,2023,28,35,2023-09-03,69.0,98.0,95.0,0.0,19.0,98.0,98.0,97.0
DE,2023,29,36,2023-09-10,87.0,98.0,95.0,0.0,41.0,98.0,98.0,97.0
DE,2023,30,37,2023-09-17,95.0,98.0,95.0,0.0,68.0,98.0,98.0,97.0
DE,2023,31,38,2023-09-24,95.0,98.0,95.0,23.0,87.0,98.0,98.0,97.0
DE,2023,32,39,2023-10-01,95.0,98.0,95.0,30.0,97.0,98.0,98.0,97.0
DE,2023,33,40,2023-10-08,95.0,98.0,95.0,59.0,97.0,98.0,98.0,97.0
DE,2023,34,41,2023-10-15,95.0,98.0,95.0,70.0,97.0,98.0,98.0,97.0
DE,2023,35,42,2023-10-22,95.0,98.0,95.0,86.0,97.0,98.0,98.0,97.0
DE,2023,36,43,2023-10-29,95.0,98.0,95.0,97.0,97.0,98.0,98.0,97.0
DE,2024,9,16,2024-04-21,0.0,0.0,0.0,0.0,0.0,0.0,7.0,0.0
DE,2024,10,17,2024-04-28,0.0,0.0,0.0,0.0,0.0,0.0,18.0,0.0
DE,2024,11,18,2024-05-05,0.0,0.0,0.0,0.0,0.0,0.0,42.0,0.0
DE,2024,12,19,2024-05-12,0.0,0.0,26.0,0.0,0.0,0.0,68.0,0.0
DE,2024,13,20,2024-05-19,0.0,0.0,58.0,0.0,0.0,0.0,83.0,0.0
DE,2024,14,21,2024-05-26,0.0,0.0,77.0,0.0,0.0,0.0,92.0,0.0
DE,2024,15,22,2024-06-02,0.0,0.0,91.0,0.0,0.0,0.0,96.0,0.0
DE,2024,16,23,2024-06-09,0.0,0.0,98.0,0.0,0.0,0.0,96.0,0.0
DE,2024,20,27,2024-07-07,0.0,0.0,98.0,0.0,0.0,0.0,96.0,32.0
DE,2024,21,28,2024-07-14,0.0,0.0,98.0,0.0,0.0,0.0,96.0,41.0
DE,2024,22,29,2024-07-21,0.0,0.0,98.0,0.0,0.0,15.0,96.0,73.0
DE,2024,23,30,2024-07-28,0.0,0.0,98.0,0.0,0.0,47.0,96.0,93.0
DE,2024,24,31,2024-08-04,0.0,29.0,98.0,0.0,0.0,67.0,96.0,97.0
DE,2024,25,32,2024-08-11,13.0,64.0,98.0,0.0,0.0,85.0,96.0,97.0
DE,2024,26,33,2024-08-18,31.0,71.0,98.0,0.0,0.0,88.0,96.0,97.0
DE,2024,27,34,2024-08-25,58.0,78.0,98.0,0.0,10.0,95.0,96.0,97.0
DE,2024,28,35,2024-09-01,80.0,95.0,98.0,0.0,26.0,95.0,96.0,97.0
DE,2024,29,36,2024-09-08,92.0,95.0,98.0,0.0,40.0,95.0,96.0,97.0
DE,2024,30,37,2024-09-15,98.0,95.0,98.0,9.0,67.0,95.0,96.0,97.0
DE,2024,31,38,2024-09-22,98.0,95.0,98.0,26.0,78.0,95.0,96.0,97.0
DE,2024,32,39,2024-09-29,98.0,95.0,98.0,49.0,95.0,95.0,96.0,97.0
DE,2024,33,40,2024-10-06,98.0,95.0,98.0,69.0,95.0,95.0,96.0,97.0
DE,2024,34,41,2024-10-13,98.0,95.0,98.0,80.0,95.0,95.0,96.0,97.0
DE,2024,35,42,2024-10-20,98.0,95.0,98.0,94.0,95.0,95.0,96.0,97.0
DE,2024,36,43,2024-10-27,98.0,95.0,98.0,96.0,95.0,95.0,96.0,97.0
DE,2025,7,14,2025-04-06,0.0,0.0,0.0,0.0,0.0,0.0,0.0,0.0
DE,2025,8,15,2025-04-13,0.0,0.0,0.0,0.0,0.0,0.0,1.0,0.0
DE,2025,9,16,2025-04-20,0.0,0.0,0.0,0.0,0.0,0.0,4.0,0.0
DE,2025,10,17,2025-04-27,0.0,0.0,0.0,0.0,0.0,0.0,13.0,0.0
DE,2025,11,18,2025-05-04,0.0,0.0,8.0,0.0,0.0,0.0,31.0,0.0
DE,2025,12,19,2025-05-11,0.0,0.0,28.0,0.0,0.0,0.0,51.0,0.0
DE,2025,13,20,2025-05-18,0.0,0.0,55.0,0.0,0.0,0.0,79.0,0.0
DE,2025,14,21,2025-05-25,0.0,0.0,66.0,0.0,0.0,0.0,94.0,0.0
DE,2025,15,22,2025-06-01,0.0,0.0,91.0,0.0,0.0,0.0,97.0,0.0
DE,2025,16,23,2025-06-08,0.0,0.0,95.0,0.0,0.0,0.0,97.0,0.0
DE,2025,20,27,2025-07-06,0.0,0.0,95.0,0.0,0.0,0.0,97.0,22.0
DE,2025,21,28,2025-07-13,0.0,0.0,95.0,0.0,0.0,0.0,97.0,39.0
DE,2025,22,29,2025-07-20,0.0,0.0,95.0,0.0,0.0,25.0,97.0,61.0
DE,2025,23,30,2025-07-27,0.0,0.0,95.0,0.0,0.0,43.0,97.0,76.0
DE,2025,24,31,2025-08-03,0.0,17.0,95.0,0.0,0.0,66.0,97.0,90.0
DE,2025,25,32,2025-08-10,8.0,65.0,95.0,0.0,0.0,80.0,97.0,96.0
DE,2025,26,33,2025-08-17,24.0,78.0,95.0,0.0,0.0,94.0,97.0,96.0
DE,2025,27,34,2025-08-24,46.0,90.0,95.0,0.0,6.0,96.0,97.0,96.0
DE,2025,28,35,2025-08-31,73.0,97.0,95.0,0.0,25.0,96.0,97.0,96.0
DE,2025,29,36,2025-09-07,91.0,97.0,95.0,0.0,46.0,96.0,97.0,96.0
DE,2025,30,37,2025-09-14,97.0,97.0,95.0,14.0,64.0,96.0,97.0,96.0
DE,2025,31,38,2025-09-21,97.0,97.0,95.0,26.0,87.0,96.0,97.0,96.0
DE,2025,32,39,2025-09-28,97.0,97.0,95.0,41.0,92.0,96.0,97.0,96.0
DE,2025,39,46,2025-11-16,97.0,97.0,95.0,100.0,100.0,96.0,97.0,96.0
GA,2016,6,13,2016-04-03,,,32.0,0.0,0.0,,43.0,0.0
GA,2016,7,14,2016-04-10,,,39.0,0.0,0.0,,72.0,0.0
GA,2016,8,15,2016-04-17,,,70.0,0.0,0.0,,81.0,0.0
GA,2016,9,16,2016-04-24,,,81.0,0.0,0.0,,88.0,0.0
GA,2016,10,17,2016-05-01,,,88.0,0.0,0.0,,94.0,0.0
GA,2016,11,18,2016-05-08,,,90.0,0.0,0.0,,96.0,0.0
GA,2016,12,19,2016-05-15,,,94.0,0.0,0.0,,96.0,0.0
GA,2016,13,20,2016-05-22,,,96.0,0.0,0.0,,96.0,0.0
GA,2016,14,21,2016-05-29,,,96.0,0.0,0.0,,96.0,10.0
GA,2016,15,22,2016-06-05,,,96.0,0.0,0.0,,96.0,38.0
GA,2016,16,23,2016-06-12,,,96.0,0.0,0.0,,96.0,64.0
GA,2016,17,24,2016-06-19,,,96.0,0.0,0.0,,96.0,81.0
GA,2016,18,25,2016-06-26,,,96.0,0.0,0.0,,96.0,87.0
GA,2016,19,26,2016-07-03,,,96.0,0.0,0.0,,96.0,91.0
GA,2016,20,27,2016-07-10,,,96.0,0.0,0.0,,96.0,94.0
GA,2016,21,28,2016-07-17,,,96.0,0.0,15.0,,96.0,96.0
GA,2016,22,29,2016-07-24,,,96.0,0.0,48.0,,96.0,96.0
GA,2016,23,30,2016-07-31,,,96.0,7.0,69.0,,96.0,96.0
GA,2016,24,31,2016-08-07,,,96.0,22.0,84.0,,96.0,96.0
GA,2016,25,32,2016-08-14,,,96.0,36.0,89.0,,96.0,96.0
GA,2016,26,33,2016-08-21,,,96.0,55.0,93.0,,96.0,96.0
GA,2016,27,34,2016-08-28,,,96.0,72.0,96.0,,96.0,96.0
GA,2016,28,35,2016-09-04,,,96.0,85.0,96.0,,96.0,96.0
GA,2016,29,36,2016-09-11,,,96.0,92.0,96.0,,96.0,96.0
GA,2016,30,37,2016-09-18,,,96.0,95.0,96.0,,96.0,96.0
GA,2017,6,13,2017-04-02,,,31.0,0.0,0.0,,49.0,0.0
GA,2017,7,14,2017-04-09,,,49.0,0.0,0.0,,67.0,0.0
GA,2017,8,15,2017-04-16,,,67.0,0.0,0.0,,82.0,0.0
GA,2017,9,16,2017-04-23,,,80.0,0.0,0.0,,89.0,0.0
GA,2017,10,17,2017-04-30,,,87.0,0.0,0.0,,93.0,0.0
GA,2017,11,18,2017-05-07,,,93.0,0.0,0.0,,96.0,0.0
GA,2017,12,19,2017-05-14,,,96.0,0.0,0.0,,96.0,0.0
GA,2017,13,20,2017-05-21,,,96.0,0.0,0.0,,96.0,5.0
GA,2017,14,21,2017-05-28,,,96.0,0.0,0.0,,96.0,29.0
GA,2017,15,22,2017-06-04,,,96.0,0.0,0.0,,96.0,55.0
GA,2017,16,23,2017-06-11,,,96.0,0.0,0.0,,96.0,70.0
GA,2017,17,24,2017-06-18,,,96.0,0.0,0.0,,96.0,82.0
GA,2017,18,25,2017-06-25,,,96.0,0.0,0.0,,96.0,88.0
GA,2017,19,26,2017-07-02,,,96.0,0.0,7.0,,96.0,94.0
GA,2017,20,27,2017-07-09,,,96.0,0.0,17.0,,96.0,96.0
GA,2017,21,28,2017-07-16,,,96.0,0.0,27.0,,96.0,96.0
GA,2017,22,29,2017-07-23,,,96.0,0.0,45.0,,96.0,96.0
GA,2017,23,30,2017-07-30,,,96.0,5.0,65.0,,96.0,96.0
GA,2017,24,31,2017-08-06,,,96.0,17.0,79.0,,96.0,96.0
GA,2017,25,32,2017-08-13,,,96.0,34.0,89.0,,96.0,96.0
GA,2017,26,33,2017-08-20,,,96.0,54.0,95.0,,96.0,96.0
GA,2017,27,34,2017-08-27,,,96.0,72.0,95.0,,96.0,96.0
GA,2017,28,35,2017-09-03,,,96.0,83.0,95.0,,96.0,96.0
GA,2017,29,36,2017-09-10,,,96.0,87.0,95.0,,96.0,96.0
GA,2017,30,37,2017-09-17,,,96.0,95.0,95.0,,96.0,96.0
GA,2018,6,13,2018-04-01,,,21.0,0.0,0.0,,40.0,0.0
GA,2018,7,14,2018-04-08,,,39.0,0.0,0.0,,63.0,0.0
GA,2018,8,15,2018-04-15,,,59.0,0.0,0.0,,81.0,0.0
GA,2018,9,16,2018-04-22,,,77.0,0.0,0.0,,89.0,0.0
GA,2018,10,17,2018-04-29,,,84.0,0.0,0.0,,93.0,0.0
GA,2018,11,18,2018-05-06,,,90.0,0.0,0.0,,95.0,0.0
GA,2018,12,19,2018-05-13,,,94.0,0.0,0.0,,95.0,0.0
GA,2018,13,20,2018-05-20,,,97.0,0.0,0.0,,95.0,3.0
GA,2018,14,21,2018-05-27,,,97.0,0.0,0.0,,95.0,14.0
GA,2018,15,22,2018-06-03,,,97.0,0.0,0.0,,95.0,40.0
GA,2018,16,23,2018-06-10,,,97.0,0.0,0.0,,95.0,60.0
GA,2018,17,24,2018-06-17,,,97.0,0.0,0.0,,95.0,80.0
GA,2018,18,25,2018-06-24,,,97.0,0.0,0.0,,95.0,89.0
GA,2018,19,26,2018-07-01,,,97.0,0.0,2.0,,95.0,95.0
GA,2018,20,27,2018-07-08,,,97.0,0.0,14.0,,95.0,95.0
GA,2018,21,28,2018-07-15,,,97.0,0.0,30.0,,95.0,95.0
GA,2018,22,29,2018-07-22,,,97.0,0.0,49.0,,95.0,95.0
GA,2018,23,30,2018-07-29,,,97.0,3.0,65.0,,95.0,95.0
GA,2018,24,31,2018-08-05,,,97.0,11.0,77.0,,95.0,95.0
GA,2018,25,32,2018-08-12,,,97.0,23.0,86.0,,95.0,95.0
GA,2018,26,33,2018-08-19,,,97.0,36.0,92.0,,95.0,95.0
GA,2018,27,34,2018-08-26,,,97.0,55.0,96.0,,95.0,95.0
GA,2018,28,35,2018-09-02,,,97.0,76.0,96.0,,95.0,95.0
GA,2018,29,36,2018-09-09,,,97.0,87.0,96.0,,95.0,95.0
GA,2018,30,37,2018-09-16,,,97.0,92.0,96.0,,95.0,95.0
GA,2018,31,38,2018-09-23,,,97.0,95.0,96.0,,95.0,95.0
GA,2019,6,13,2019-03-31,,,24.0,0.0,0.0,,48.0,0.0
GA,2019,7,14,2019-04-07,,,42.0,0.0,0.0,,67.0,0.0
GA,2019,8,15,2019-04-14,,,64.0,0.0,0.0,,81.0,0.0
GA,2019,9,16,2019-04-21,,,79.0,0.0,0.0,,90.0,0.0
GA,2019,10,17,2019-04-28,,,89.0,0.0,0.0,,94.0,0.0
GA,2019,11,18,2019-05-05,,,93.0,0.0,0.0,,96.0,0.0
GA,2019,12,19,2019-05-12,,,95.0,0.0,0.0,,96.0,0.0
GA,2019,13,20,2019-05-19,,,95.0,0.0,0.0,,96.0,2.0
GA,2019,14,21,2019-05-26,,,95.0,0.0,0.0,,96.0,20.0
GA,2019,15,22,2019-06-02,,,95.0,0.0,0.0,,96.0,49.0
GA,2019,16,23,2019-06-09,,,95.0,0.0,0.0,,96.0,70.0
GA,2019,17,24,2019-06-16,,,95.0,0.0,0.0,,96.0,84.0
GA,2019,18,25,2019-06-23,,,95.0,0.0,0.0,,96.0,90.0
GA,2019,19,26,2019-06-30,,,95.0,0.0,3.0,,96.0,95.0
GA,2019,20,27,2019-07-07,,,95.0,0.0,16.0,,96.0,95.0
GA,2019,21,28,2019-07-14,,,95.0,0.0,37.0,,96.0,95.0
GA,2019,22,29,2019-07-21,,,95.0,0.0,55.0,,96.0,95.0
GA,2019,23,30,2019-07-28,,,95.0,3.0,66.0,,96.0,95.0
GA,2019,24,31,2019-08-04,,,95.0,14.0,71.0,,96.0,95.0
GA,2019,25,32,2019-08-11,,,95.0,31.0,84.0,,96.0,95.0
GA,2019,26,33,2019-08-18,,,95.0,49.0,91.0,,96.0,95.0
GA,2019,27,34,2019-08-25,,,95.0,65.0,95.0,,96.0,95.0
GA,2019,28,35,2019-09-01,,,95.0,81.0,95.0,,96.0,95.0
GA,2019,29,36,2019-09-08,,,95.0,89.0,95.0,,96.0,95.0
GA,2019,30,37,2019-09-15,,,95.0,93.0,95.0,,96.0,95.0
GA,2019,31,38,2019-09-22,,,95.0,95.0,95.0,,96.0,95.0
GA,2020,7,14,2020-04-05,,,34.0,0.0,0.0,,48.0,0.0
GA,2020,8,15,2020-04-12,,,48.0,0.0,0.0,,73.0,0.0
GA,2020,9,16,2020-04-19,,,73.0,0.0,0.0,,86.0,0.0
GA,2020,10,17,2020-04-26,,,84.0,0.0,0.0,,91.0,0.0
GA,2020,11,18,2020-05-03,,,89.0,0.0,0.0,,94.0,0.0
GA,2020,12,19,2020-05-10,,,92.0,0.0,0.0,,95.0,0.0
GA,2020,13,20,2020-05-17,,,96.0,0.0,0.0,,95.0,2.0
GA,2020,14,21,2020-05-24,,,96.0,0.0,0.0,,95.0,13.0
GA,2020,15,22,2020-05-31,,,96.0,0.0,0.0,,95.0,36.0
GA,2020,16,23,2020-06-07,,,96.0,0.0,0.0,,95.0,56.0
GA,2020,17,24,2020-06-14,,,96.0,0.0,0.0,,95.0,74.0
GA,2020,18,25,2020-06-21,,,96.0,0.0,0.0,,95.0,81.0
GA,2020,19,26,2020-06-28,,,96.0,0.0,2.0,,95.0,90.0
GA,2020,20,27,2020-07-05,,,96.0,0.0,9.0,,95.0,93.0
GA,2020,21,28,2020-07-12,,,96.0,0.0,21.0,,95.0,96.0
GA,2020,22,29,2020-07-19,,,96.0,0.0,34.0,,95.0,96.0
GA,2020,23,30,2020-07-26,,,96.0,0.0,56.0,,95.0,96.0
GA,2020,24,31,2020-08-02,,,96.0,6.0,68.0,,95.0,96.0
GA,2020,25,32,2020-08-09,,,96.0,17.0,79.0,,95.0,96.0
GA,2020,26,33,2020-08-16,,,96.0,31.0,88.0,,95.0,96.0
GA,2020,27,34,2020-08-23,,,96.0,47.0,93.0,,95.0,96.0
GA,2020,28,35,2020-08-30,,,96.0,61.0,97.0,,95.0,96.0
GA,2020,29,36,2020-09-06,,,96.0,74.0,97.0,,95.0,96.0
GA,2020,30,37,2020-09-13,,,96.0,84.0,97.0,,95.0,96.0
GA,2020,31,38,2020-09-20,,,96.0,90.0,97.0,,95.0,96.0
GA,2020,32,39,2020-09-27,,,96.0,94.0,97.0,,95.0,96.0
GA,2020,33,40,2020-10-04,,,96.0,95.0,97.0,,95.0,96.0
GA,2021,6,13,2021-04-04,,,35.0,0.0,0.0,,49.0,0.0
GA,2021,7,14,2021-04-11,,,54.0,0.0,0.0,,70.0,0.0
GA,2021,8,15,2021-04-18,,,68.0,0.0,0.0,,82.0,0.0
GA,2021,9,16,2021-04-25,,,80.0,0.0,0.0,,89.0,0.0
GA,2021,10,17,2021-05-02,,,84.0,0.0,0.0,,92.0,0.0
GA,2021,11,18,2021-05-09,,,89.0,0.0,0.0,,95.0,0.0
GA,2021,12,19,2021-05-16,,,94.0,0.0,0.0,,95.0,0.0
GA,2021,13,20,2021-05-23,,,97.0,0.0,0.0,,95.0,5.0
GA,2021,14,21,2021-05-30,,,97.0,0.0,0.0,,95.0,25.0
GA,2021,15,22,2021-06-06,,,97.0,0.0,0.0,,95.0,43.0
GA,2021,16,23,2021-06-13,,,97.0,0.0,0.0,,95.0,62.0
GA,2021,17,24,2021-06-20,,,97.0,0.0,0.0,,95.0,76.0
GA,2021,18,25,2021-06-27,,,97.0,0.0,0.0,,95.0,86.0
GA,2021,19,26,2021-07-04,,,97.0,0.0,2.0,,95.0,91.0
GA,2021,20,27,2021-07-11,,,97.0,0.0,12.0,,95.0,94.0
GA,2021,21,28,2021-07-18,,,97.0,0.0,20.0,,95.0,97.0
GA,2021,22,29,2021-07-25,,,97.0,0.0,31.0,,95.0,97.0
GA,2021,23,30,2021-08-01,,,97.0,2.0,49.0,,95.0,97.0
GA,2021,24,31,2021-08-08,,,97.0,14.0,69.0,,95.0,97.0
GA,2021,25,32,2021-08-15,,,97.0,28.0,79.0,,95.0,97.0
GA,2021,26,33,2021-08-22,,,97.0,39.0,90.0,,95.0,97.0
GA,2021,27,34,2021-08-29,,,97.0,53.0,93.0,,95.0,97.0
GA,2021,28,35,2021-09-05,,,97.0,67.0,97.0,,95.0,97.0
GA,2021,29,36,2021-09-12,,,97.0,78.0,97.0,,95.0,97.0
GA,2021,30,37,2021-09-19,,,97.0,85.0,97.0,,95.0,97.0
GA,2021,31,38,2021-09-26,,,97.0,90.0,97.0,,95.0,97.0
GA,2021,32,39,2021-10-03,,,97.0,94.0,97.0,,95.0,97.0
GA,2021,33,40,2021-10-10,,,97.0,96.0,97.0,,95.0,97.0
GA,2022,6,13,2022-04-03,,,24.0,0.0,0.0,,35.0,0.0
GA,2022,7,14,2022-04-10,,,43.0,0.0,0.0,,60.0,0.0
GA,2022,8,15,2022-04-17,,,56.0,0.0,0.0,,75.0,0.0
GA,2022,9,16,2022-04-24,,,74.0,0.0,0.0,,87.0,0.0
GA,2022,10,17,2022-05-01,,,84.0,0.0,0.0,,92.0,0.0
GA,2022,11,18,2022-05-08,,,90.0,0.0,0.0,,96.0,0.0
GA,2022,12,19,2022-05-15,,,96.0,0.0,0.0,,96.0,0.0
GA,2022,13,20,2022-05-22,,,96.0,0.0,0.0,,96.0,4.0
GA,2022,14,21,2022-05-29,,,96.0,0.0,0.0,,96.0,18.0
GA,2022,15,22,2022-06-05,,,96.0,0.0,0.0,,96.0,37.0
GA,2022,16,23,2022-06-12,,,96.0,0.0,0.0,,96.0,61.0
GA,2022,17,24,2022-06-19,,,96.0,0.0,0.0,,96.0,78.0
GA,2022,18,25,2022-06-26,,,96.0,0.0,0.0,,96.0,88.0
GA,2022,19,26,2022-07-03,,,96.0,0.0,3.0,,96.0,94.0
GA,2022,20,27,2022-07-10,,,96.0,0.0,13.0,,96.0,97.0
GA,2022,21,28,2022-07-17,,,96.0,0.0,31.0,,96.0,97.0
GA,2022,22,29,2022-07-24,,,96.0,0.0,44.0,,96.0,97.0
GA,2022,23,30,2022-07-31,,,96.0,6.0,60.0,,96.0,97.0
GA,2022,24,31,2022-08-07,,,96.0,15.0,73.0,,96.0,97.0
GA,2022,25,32,2022-08-14,,,96.0,26.0,87.0,,96.0,97.0
GA,2022,26,33,2022-08-21,,,96.0,40.0,93.0,,96.0,97.0
GA,2022,27,34,2022-08-28,,,96.0,56.0,96.0,,96.0,97.0
GA,2022,28,35,2022-09-04,,,96.0,70.0,96.0,,96.0,97.0
GA,2022,29,36,2022-09-11,,,96.0,76.0,96.0,,96.0,97.0
GA,2022,30,37,2022-09-18,,,96.0,88.0,96.0,,96.0,97.0
GA,2022,31,38,2022-09-25,,,96.0,93.0,96.0,,96.0,97.0
GA,2022,32,39,2022-10-02,,,96.0,96.0,96.0,,96.0,97.0
GA,2023,6,13,2023-04-02,,,35.0,0.0,0.0,,50.0,0.0
GA,2023,7,14,2023-04-09,,,46.0,0.0,0.0,,64.0,0.0
GA,2023,8,15,2023-04-16,,,62.0,0.0,0.0,,77.0,0.0
GA,2023,9,16,2023-04-23,,,76.0,0.0,0.0,,86.0,0.0
GA,2023,10,17,2023-04-30,,,85.0,0.0,0.0,,91.0,0.0
GA,2023,11,18,2023-05-07,,,89.0,0.0,0.0,,94.0,0.0
GA,2023,12,19,2023-05-14,,,92.0,0.0,0.0,,95.0,0.0
GA,2023,13,20,2023-05-21,,,95.0,0.0,0.0,,95.0,5.0
GA,2023,14,21,2023-05-28,,,95.0,0.0,0.0,,95.0,22.0
GA,2023,15,22,2023-06-04,,,95.0,0.0,0.0,,95.0,41.0
GA,2023,16,23,2023-06-11,,,95.0,0.0,0.0,,95.0,61.0
GA,2023,17,24,2023-06-18,,,95.0,0.0,0.0,,95.0,74.0
GA,2023,18,25,2023-06-25,,,95.0,0.0,0.0,,95.0,83.0
GA,2023,19,26,2023-07-02,,,95.0,0.0,5.0,,95.0,89.0
GA,2023,20,27,2023-07-09,,,95.0,0.0,12.0,,95.0,91.0
GA,2023,21,28,2023-07-16,,,95.0,0.0,20.0,,95.0,96.0
GA,2023,22,29,2023-07-23,,,95.0,0.0,33.0,,95.0,96.0
GA,2023,23,30,2023-07-30,,,95.0,3.0,46.0,,95.0,96.0
GA,2023,24,31,2023-08-06,,,95.0,13.0,62.0,,95.0,96.0
GA,2023,25,32,2023-08-13,,,95.0,24.0,74.0,,95.0,96.0
GA,2023,26,33,2023-08-20,,,95.0,37.0,85.0,,95.0,96.0
GA,2023,27,34,2023-08-27,,,95.0,53.0,92.0,,95.0,96.0
GA,2023,28,35,2023-09-03,,,95.0,68.0,95.0,,95.0,96.0
GA,2023,29,36,2023-09-10,,,95.0,81.0,97.0,,95.0,96.0
GA,2023,30,37,2023-09-17,,,95.0,87.0,97.0,,95.0,96.0
GA,2023,31,38,2023-09-24,,,95.0,93.0,97.0,,95.0,96.0
GA,2023,32,39,2023-10-01,,,95.0,95.0,97.0,,95.0,96.0
GA,2024,6,13,2024-03-31,,,17.0,0.0,0.0,,29.0,0.0
GA,2024,7,14,2024-04-07,,,33.0,0.0,0.0,,48.0,0.0
GA,2024,8,15,2024-04-14,,,48.0,0.0,0.0,,65.0,0.0
GA,2024,9,16,2024-04-21,,,65.0,0.0,0.0,,80.0,0.0
GA,2024,10,17,2024-04-28,,,76.0,0.0,0.0,,89.0,0.0
GA,2024,11,18,2024-05-05,,,87.0,0.0,0.0,,93.0,0.0
GA,2024,12,19,2024-05-12,,,92.0,0.0,0.0,,95.0,0.0
GA,2024,13,20,2024-05-19,,,95.0,0.0,0.0,,99.0,3.0
GA,2024,14,21,2024-05-26,,,100.0,0.0,0.0,,100.0,13.0
GA,2024,15,22,2024-06-02,,,100.0,0.0,0.0,,100.0,27.0
GA,2024,16,23,2024-06-09,,,100.0,0.0,0.0,,100.0,50.0
GA,2024,17,24,2024-06-16,,,100.0,0.0,0.0,,100.0,73.0
GA,2024,18,25,2024-06-23,,,100.0,0.0,0.0,,100.0,82.0
GA,2024,19,26,2024-06-30,,,100.0,0.0,5.0,,100.0,90.0
GA,2024,20,27,2024-07-07,,,100.0,0.0,16.0,,100.0,94.0
GA,2024,21,28,2024-07-14,,,100.0,0.0,27.0,,100.0,98.0
GA,2024,22,29,2024-07-21,,,100.0,0.0,40.0,,100.0,98.0
GA,2024,23,30,2024-07-28,,,100.0,2.0,56.0,,100.0,98.0
GA,2024,24,31,2024-08-04,,,100.0,8.0,72.0,,100.0,98.0
GA,2024,25,32,2024-08-11,,,100.0,15.0,80.0,,100.0,98.0
GA,2024,26,33,2024-08-18,,,100.0,30.0,89.0,,100.0,98.0
GA,2024,27,34,2024-08-25,,,100.0,50.0,93.0,,100.0,98.0
GA,2024,28,35,2024-09-01,,,100.0,68.0,97.0,,100.0,98.0
GA,2024,29,36,2024-09-08,,,100.0,82.0,97.0,,100.0,98.0
GA,2024,30,37,2024-09-15,,,100.0,88.0,97.0,,100.0,98.0
GA,2024,31,38,2024-09-22,,,100.0,92.0,97.0,,100.0,98.0
GA,2024,32,39,2024-09-29,,,100.0,95.0,97.0,,100.0,98.0
GA,2025,7,14,2025-04-06,,,23.0,0.0,0.0,,45.0,0.0
GA,2025,8,15,2025-04-13,,,44.0,0.0,0.0,,65.0,0.0
GA,2025,9,16,2025-04-20,,,65.0,0.0,0.0,,83.0,0.0
GA,2025,10,17,2025-04-27,,,81.0,0.0,0.0,,91.0,0.0
GA,2025,11,18,2025-05-04,,,89.0,0.0,0.0,,96.0,0.0
GA,2025,12,19,2025-05-11,,,93.0,0.0,0.0,,96.0,0.0
GA,2025,13,20,2025-05-18,,,96.0,0.0,0.0,,99.0,2.0
GA,2025,14,21,2025-05-25,,,96.0,0.0,0.0,,99.0,16.0
GA,2025,15,22,2025-06-01,,,96.0,0.0,0.0,,99.0,37.0
GA,2025,16,23,2025-06-08,,,96.0,0.0,0.0,,99.0,57.0
GA,2025,17,24,2025-06-15,,,96.0,0.0,0.0,,99.0,70.0
GA,2025,18,25,2025-06-22,,,96.0,0.0,0.0,,99.0,82.0
GA,2025,19,26,2025-06-29,,,96.0,0.0,6.0,,99.0,90.0
GA,2025,20,27,2025-07-06,,,96.0,0.0,17.0,,99.0,95.0
GA,2025,21,28,2025-07-13,,,96.0,0.0,32.0,,99.0,95.0
GA,2025,22,29,2025-07-20,,,96.0,0.0,41.0,,99.0,95.0
GA,2025,23,30,2025-07-27,,,96.0,2.0,58.0,,99.0,95.0
GA,2025,24,31,2025-08-03,,,96.0,11.0,74.0,,99.0,95.0
GA,2025,25,32,2025-08-10,,,96.0,18.0,84.0,,99.0,95.0
GA,2025,26,33,2025-08-17,,,96.0,30.0,89.0,,99.0,95.0
GA,2025,27,34,2025-08-24,,,96.0,44.0,93.0,,99.0,95.0
GA,2025,28,35,2025-08-31,,,96.0,61.0,96.0,,99.0,95.0
GA,2025,29,36,2025-09-07,,,96.0,77.0,98.0,,99.0,95.0
GA,2025,30,37,2025-09-14,,,96.0,87.0,98.0,,99.0,95.0
GA,2025,31,38,2025-09-21,,,96.0,93.0,98.0,,99.0,95.0
GA,2025,32,39,2025-09-28,,,96.0,96.0,98.0,,99.0,95.0
IA,2016,7,14,2016-04-10,0.0,0.0,0.0,0.0,0.0,,0.0,0.0
IA,2016,8,15,2016-04-17,0.0,0.0,0.0,0.0,0.0,,13.0,0.0
IA,2016,9,16,2016-04-24,0.0,0.0,0.0,0.0,0.0,,40.0,0.0
IA,2016,10,17,2016-05-01,0.0,0.0,7.0,0.0,0.0,,57.0,0.0
IA,2016,11,18,2016-05-08,0.0,0.0,28.0,0.0,0.0,,80.0,0.0
IA,2016,12,19,2016-05-15,0.0,0.0,51.0,0.0,0.0,,88.0,0.0
IA,2016,13,20,2016-05-22,0.0,0.0,75.0,0.0,0.0,,96.0,0.0
IA,2016,14,21,2016-05-29,0.0,0.0,90.0,0.0,0.0,,99.0,0.0
IA,2016,15,22,2016-06-05,0.0,0.0,97.0,0.0,0.0,,100.0,0.0
IA,2016,16,23,2016-06-12,0.0,0.0,99.0,0.0,0.0,,100.0,0.0
IA,2016,18,25,2016-06-26,0.0,0.0,99.0,0.0,0.0,,100.0,0.0
IA,2016,19,26,2016-07-03,0.0,0.0,99.0,0.0,0.0,,100.0,6.0
IA,2016,20,27,2016-07-10,0.0,0.0,99.0,0.0,0.0,,100.0,29.0
IA,2016,21,28,2016-07-17,0.0,2.0,99.0,0.0,0.0,,100.0,67.0
IA,2016,22,29,2016-07-24,0.0,11.0,99.0,0.0,0.0,,100.0,87.0
IA,2016,23,30,2016-07-31,1.0,35.0,99.0,0.0,0.0,,100.0,95.0
IA,2016,24,31,2016-08-07,7.0,61.0,99.0,0.0,0.0,,100.0,98.0
IA,2016,25,32,2016-08-14,23.0,80.0,99.0,0.0,0.0,,100.0,98.0
IA,2016,26,33,2016-08-21,45.0,90.0,99.0,0.0,0.0,,100.0,98.0
IA,2016,27,34,2016-08-28,65.0,94.0,99.0,0.0,4.0,,100.0,98.0
IA,2016,28,35,2016-09-04,80.0,97.0,99.0,0.0,14.0,,100.0,98.0
IA,2016,29,36,2016-09-11,90.0,97.0,99.0,1.0,29.0,,100.0,98.0
IA,2016,30,37,2016-09-18,95.0,97.0,99.0,2.0,52.0,,100.0,98.0
IA,2016,31,38,2016-09-25,98.0,97.0,99.0,4.0,72.0,,100.0,98.0
IA,2016,32,39,2016-10-02,98.0,97.0,99.0,10.0,88.0,,100.0,98.0
IA,2016,33,40,2016-10-09,98.0,97.0,99.0,19.0,94.0,,100.0,98.0
IA,2016,34,41,2016-10-16,98.0,97.0,99.0,33.0,97.0,,100.0,98.0
IA,2016,35,42,2016-10-23,98.0,97.0,99.0,52.0,97.0,,100.0,98.0
IA,2016,36,43,2016-10-30,98.0,97.0,99.0,71.0,97.0,,100.0,98.0
IA,2016,37,44,2016-11-06,98.0,97.0,99.0,86.0,97.0,,100.0,98.0
IA,2016,38,45,2016-11-13,98.0,97.0,99.0,94.0,97.0,,100.0,98.0
IA,2016,39,46,2016-11-20,98.0,97.0,99.0,98.0,97.0,,100.0,98.0
IA,2016,40,47,2016-11-27,98.0,97.0,99.0,99.0,97.0,,100.0,98.0
IA,2017,7,14,2017-04-09,0.0,0.0,0.0,0.0,0.0,,0.0,0.0
IA,2017,8,15,2017-04-16,0.0,0.0,0.0,0.0,0.0,,2.0,0.0
IA,2017,9,16,2017-04-23,0.0,0.0,0.0,0.0,0.0,,8.0,0.0
IA,2017,10,17,2017-04-30,0.0,0.0,1.0,0.0,0.0,,28.0,0.0
IA,2017,11,18,2017-05-07,0.0,0.0,7.0,0.0,0.0,,52.0,0.0
IA,2017,12,19,2017-05-14,0.0,0.0,28.0,0.0,0.0,,85.0,0.0
IA,2017,13,20,2017-05-21,0.0,0.0,59.0,0.0,0.0,,92.0,0.0
IA,2017,14,21,2017-05-28,0.0,0.0,82.0,0.0,0.0,,97.0,0.0
IA,2017,15,22,2017-06-04,0.0,0.0,90.0,0.0,0.0,,98.0,0.0
IA,2017,16,23,2017-06-11,0.0,0.0,96.0,0.0,0.0,,98.0,0.0
IA,2017,17,24,2017-06-18,0.0,0.0,98.0,0.0,0.0,,98.0,0.0
IA,2017,18,25,2017-06-25,0.0,0.0,100.0,0.0,0.0,,98.0,0.0
IA,2017,19,26,2017-07-02,0.0,0.0,100.0,0.0,0.0,,98.0,0.0
IA,2017,20,27,2017-07-09,0.0,0.0,100.0,0.0,0.0,,98.0,7.0
IA,2017,21,28,2017-07-16,0.0,0.0,100.0,0.0,0.0,,98.0,37.0
IA,2017,22,29,2017-07-23,0.0,4.0,100.0,0.0,0.0,,98.0,74.0
IA,2017,23,30,2017-07-30,0.0,19.0,100.0,0.0,0.0,,98.0,91.0
IA,2017,24,31,2017-08-06,1.0,42.0,100.0,0.0,0.0,,98.0,95.0
IA,2017,25,32,2017-08-13,8.0,62.0,100.0,0.0,0.0,,98.0,98.0
IA,2017,26,33,2017-08-20,21.0,78.0,100.0,0.0,0.0,,98.0,98.0
IA,2017,27,34,2017-08-27,41.0,88.0,100.0,0.0,1.0,,98.0,98.0
IA,2017,28,35,2017-09-03,60.0,94.0,100.0,0.0,3.0,,98.0,98.0
IA,2017,29,36,2017-09-10,76.0,98.0,100.0,0.0,15.0,,98.0,98.0
IA,2017,30,37,2017-09-17,88.0,98.0,100.0,1.0,30.0,,98.0,98.0
IA,2017,31,38,2017-09-24,94.0,98.0,100.0,3.0,52.0,,98.0,98.0
IA,2017,32,39,2017-10-01,97.0,98.0,100.0,6.0,73.0,,98.0,98.0
IA,2017,33,40,2017-10-08,97.0,98.0,100.0,8.0,87.0,,98.0,98.0
IA,2017,34,41,2017-10-15,97.0,98.0,100.0,13.0,94.0,,98.0,98.0
IA,2017,35,42,2017-10-22,97.0,98.0,100.0,23.0,98.0,,98.0,98.0
IA,2017,36,43,2017-10-29,97.0,98.0,100.0,44.0,98.0,,98.0,98.0
IA,2017,37,44,2017-11-05,97.0,98.0,100.0,67.0,98.0,,98.0,98.0
IA,2017,38,45,2017-11-12,97.0,98.0,100.0,85.0,98.0,,98.0,98.0
IA,2017,39,46,2017-11-19,97.0,98.0,100.0,92.0,98.0,,98.0,98.0
IA,2017,40,47,2017-11-26,97.0,98.0,100.0,96.0,98.0,,98.0,98.0
IA,2018,7,14,2018-04-08,0.0,0.0,0.0,0.0,0.0,,0.0,0.0
IA,2018,8,15,2018-04-15,0.0,0.0,0.0,0.0,0.0,,0.0,0.0
IA,2018,9,16,2018-04-22,0.0,0.0,0.0,0.0,0.0,,0.0,0.0
IA,2018,10,17,2018-04-29,0.0,0.0,0.0,0.0,0.0,,17.0,0.0
IA,2018,11,18,2018-05-06,0.0,0.0,3.0,0.0,0.0,,40.0,0.0
IA,2018,12,19,2018-05-13,0.0,0.0,26.0,0.0,0.0,,65.0,0.0
IA,2018,13,20,2018-05-20,0.0,0.0,53.0,0.0,0.0,,86.0,0.0
IA,2018,14,21,2018-05-27,0.0,0.0,77.0,0.0,0.0,,96.0,0.0
IA,2018,15,22,2018-06-03,0.0,0.0,91.0,0.0,0.0,,99.0,0.0
IA,2018,16,23,2018-06-10,0.0,0.0,97.0,0.0,0.0,,99.0,0.0
IA,2018,17,24,2018-06-17,0.0,0.0,99.0,0.0,0.0,,99.0,0.0
IA,2018,18,25,2018-06-24,0.0,0.0,99.0,0.0,0.0,,99.0,0.0
IA,2018,19,26,2018-07-01,0.0,0.0,99.0,0.0,0.0,,99.0,7.0
IA,2018,20,27,2018-07-08,0.0,0.0,99.0,0.0,0.0,,99.0,35.0
IA,2018,21,28,2018-07-15,0.0,0.0,99.0,0.0,0.0,,99.0,68.0
IA,2018,22,29,2018-07-22,0.0,7.0,99.0,0.0,0.0,,99.0,88.0
IA,2018,23,30,2018-07-29,1.0,31.0,99.0,0.0,0.0,,99.0,96.0
IA,2018,24,31,2018-08-05,8.0,55.0,99.0,0.0,0.0,,99.0,98.0
IA,2018,25,32,2018-08-12,22.0,73.0,99.0,0.0,0.0,,99.0,98.0
IA,2018,26,33,2018-08-19,42.0,85.0,99.0,0.0,1.0,,99.0,98.0
IA,2018,27,34,2018-08-26,63.0,92.0,99.0,0.0,7.0,,99.0,98.0
IA,2018,28,35,2018-09-02,77.0,95.0,99.0,0.0,15.0,,99.0,98.0
IA,2018,29,36,2018-09-09,87.0,98.0,99.0,0.0,28.0,,99.0,98.0
IA,2018,30,37,2018-09-16,94.0,98.0,99.0,2.0,53.0,,99.0,98.0
IA,2018,31,38,2018-09-23,97.0,98.0,99.0,5.0,74.0,,99.0,98.0
IA,2018,32,39,2018-09-30,99.0,98.0,99.0,11.0,88.0,,99.0,98.0
IA,2018,33,40,2018-10-07,99.0,98.0,99.0,15.0,95.0,,99.0,98.0
IA,2018,34,41,2018-10-14,99.0,98.0,99.0,17.0,97.0,,99.0,98.0
IA,2018,35,42,2018-10-21,99.0,98.0,99.0,29.0,97.0,,99.0,98.0
IA,2018,36,43,2018-10-28,99.0,98.0,99.0,49.0,97.0,,99.0,98.0
IA,2018,37,44,2018-11-04,99.0,98.0,99.0,72.0,97.0,,99.0,98.0
IA,2018,38,45,2018-11-11,99.0,98.0,99.0,83.0,97.0,,99.0,98.0
IA,2018,39,46,2018-11-18,99.0,98.0,99.0,91.0,97.0,,99.0,98.0
IA,2018,40,47,2018-11-25,99.0,98.0,99.0,96.0,97.0,,99.0,98.0
IA,2019,7,14,2019-04-07,0.0,0.0,0.0,0.0,0.0,,0.0,0.0
IA,2019,8,15,2019-04-14,0.0,0.0,0.0,0.0,0.0,,0.0,0.0
IA,2019,9,16,2019-04-21,0.0,0.0,0.0,0.0,0.0,,4.0,0.0
IA,2019,10,17,2019-04-28,0.0,0.0,0.0,0.0,0.0,,21.0,0.0
IA,2019,11,18,2019-05-05,0.0,0.0,1.0,0.0,0.0,,36.0,0.0
IA,2019,12,19,2019-05-12,0.0,0.0,5.0,0.0,0.0,,48.0,0.0
IA,2019,13,20,2019-05-19,0.0,0.0,20.0,0.0,0.0,,70.0,0.0
IA,2019,14,21,2019-05-26,0.0,0.0,42.0,0.0,0.0,,76.0,0.0
IA,2019,15,22,2019-06-02,0.0,0.0,58.0,0.0,0.0,,80.0,0.0
IA,2019,16,23,2019-06-09,0.0,0.0,73.0,0.0,0.0,,93.0,0.0
IA,2019,17,24,2019-06-16,0.0,0.0,88.0,0.0,0.0,,98.0,0.0
IA,2019,18,25,2019-06-23,0.0,0.0,96.0,0.0,0.0,,100.0,0.0
IA,2019,19,26,2019-06-30,0.0,0.0,98.0,0.0,0.0,,100.0,0.0
IA,2019,20,27,2019-07-07,0.0,0.0,100.0,0.0,0.0,,100.0,1.0
IA,2019,21,28,2019-07-14,0.0,0.0,100.0,0.0,0.0,,100.0,8.0
IA,2019,22,29,2019-07-21,0.0,1.0,100.0,0.0,0.0,,100.0,41.0
IA,2019,23,30,2019-07-28,0.0,7.0,100.0,0.0,0.0,,100.0,69.0
IA,2019,24,31,2019-08-04,0.0,20.0,100.0,0.0,0.0,,100.0,84.0
IA,2019,25,32,2019-08-11,1.0,41.0,100.0,0.0,0.0,,100.0,92.0
IA,2019,26,33,2019-08-18,7.0,59.0,100.0,0.0,0.0,,100.0,96.0
IA,2019,27,34,2019-08-25,21.0,76.0,100.0,0.0,0.0,,100.0,98.0
IA,2019,28,35,2019-09-01,41.0,86.0,100.0,0.0,1.0,,100.0,98.0
IA,2019,29,36,2019-09-08,60.0,91.0,100.0,0.0,4.0,,100.0,98.0
IA,2019,30,37,2019-09-15,74.0,94.0,100.0,0.0,8.0,,100.0,98.0
IA,2019,31,38,2019-09-22,82.0,97.0,100.0,0.0,18.0,,100.0,98.0
IA,2019,32,39,2019-09-29,90.0,97.0,100.0,2.0,36.0,,100.0,98.0
IA,2019,33,40,2019-10-06,94.0,97.0,100.0,3.0,52.0,,100.0,98.0
IA,2019,34,41,2019-10-13,97.0,97.0,100.0,7.0,72.0,,100.0,98.0
IA,2019,35,42,2019-10-20,97.0,97.0,100.0,15.0,87.0,,100.0,98.0
IA,2019,36,43,2019-10-27,97.0,97.0,100.0,26.0,95.0,,100.0,98.0
IA,2019,37,44,2019-11-03,97.0,97.0,100.0,43.0,97.0,,100.0,98.0
IA,2019,38,45,2019-11-10,97.0,97.0,100.0,64.0,97.0,,100.0,98.0
IA,2019,39,46,2019-11-17,97.0,97.0,100.0,77.0,97.0,,100.0,98.0
IA,2019,40,47,2019-11-24,97.0,97.0,100.0,86.0,97.0,,100.0,98.0
IA,2019,41,48,2019-12-01,97.0,97.0,100.0,92.0,97.0,,100.0,98.0
IA,2020,8,15,2020-04-12,0.0,0.0,0.0,0.0,0.0,,0.0,0.0
IA,2020,9,16,2020-04-19,0.0,0.0,0.0,0.0,0.0,,2.0,0.0
IA,2020,10,17,2020-04-26,0.0,0.0,0.0,0.0,0.0,,39.0,0.0
IA,2020,11,18,2020-05-03,0.0,0.0,6.0,0.0,0.0,,78.0,0.0
IA,2020,12,19,2020-05-10,0.0,0.0,33.0,0.0,0.0,,91.0,0.0
IA,2020,13,20,2020-05-17,0.0,0.0,62.0,0.0,0.0,,96.0,0.0
IA,2020,14,21,2020-05-24,0.0,0.0,82.0,0.0,0.0,,97.0,0.0
IA,2020,15,22,2020-05-31,0.0,0.0,93.0,0.0,0.0,,98.0,0.0
IA,2020,16,23,2020-06-07,0.0,0.0,97.0,0.0,0.0,,99.0,0.0
IA,2020,17,24,2020-06-14,0.0,0.0,99.0,0.0,0.0,,99.0,0.0
IA,2020,18,25,2020-06-21,0.0,0.0,99.0,0.0,0.0,,99.0,0.0
IA,2020,19,26,2020-06-28,0.0,0.0,99.0,0.0,0.0,,99.0,1.0
IA,2020,20,27,2020-07-05,0.0,0.0,99.0,0.0,0.0,,99.0,5.0
IA,2020,21,28,2020-07-12,0.0,1.0,99.0,0.0,0.0,,99.0,35.0
IA,2020,22,29,2020-07-19,0.0,6.0,99.0,0.0,0.0,,99.0,69.0
IA,2020,23,30,2020-07-26,0.0,23.0,99.0,0.0,0.0,,99.0,87.0
IA,2020,24,31,2020-08-02,2.0,44.0,99.0,0.0,0.0,,99.0,95.0
IA,2020,25,32,2020-08-09,9.0,66.0,99.0,0.0,0.0,,99.0,98.0
IA,2020,26,33,2020-08-16,26.0,81.0,99.0,0.0,0.0,,99.0,98.0
IA,2020,27,34,2020-08-23,49.0,91.0,99.0,0.0,3.0,,99.0,98.0
IA,2020,28,35,2020-08-30,71.0,95.0,99.0,0.0,11.0,,99.0,98.0
IA,2020,29,36,2020-09-06,84.0,97.0,99.0,0.0,28.0,,99.0,98.0
IA,2020,30,37,2020-09-13,90.0,97.0,99.0,1.0,45.0,,99.0,98.0
IA,2020,31,38,2020-09-20,94.0,97.0,99.0,4.0,66.0,,99.0,98.0
IA,2020,32,39,2020-09-27,97.0,97.0,99.0,12.0,82.0,,99.0,98.0
IA,2020,33,40,2020-10-04,99.0,97.0,99.0,25.0,92.0,,99.0,98.0
IA,2020,34,41,2020-10-11,99.0,97.0,99.0,42.0,97.0,,99.0,98.0
IA,2020,35,42,2020-10-18,99.0,97.0,99.0,65.0,99.0,,99.0,98.0
IA,2020,36,43,2020-10-25,99.0,97.0,99.0,78.0,99.0,,99.0,98.0
IA,2020,37,44,2020-11-01,99.0,97.0,99.0,87.0,99.0,,99.0,98.0
IA,2020,38,45,2020-11-08,99.0,97.0,99.0,94.0,99.0,,99.0,98.0
IA,2020,39,46,2020-11-15,99.0,97.0,99.0,97.0,99.0,,99.0,98.0
IA,2020,40,47,2020-11-22,99.0,97.0,99.0,98.0,99.0,,99.0,98.0
IA,2020,41,48,2020-11-29,99.0,97.0,99.0,99.0,99.0,,99.0,98.0
IA,2021,6,13,2021-04-04,0.0,0.0,0.0,0.0,0.0,,0.0,0.0
IA,2021,7,14,2021-04-11,0.0,0.0,0.0,0.0,0.0,,1.0,0.0
IA,2021,8,15,2021-04-18,0.0,0.0,0.0,0.0,0.0,,4.0,0.0
IA,2021,9,16,2021-04-25,0.0,0.0,0.0,0.0,0.0,,20.0,0.0
IA,2021,10,17,2021-05-02,0.0,0.0,2.0,0.0,0.0,,69.0,0.0
IA,2021,11,18,2021-05-09,0.0,0.0,22.0,0.0,0.0,,86.0,0.0
IA,2021,12,19,2021-05-16,0.0,0.0,52.0,0.0,0.0,,94.0,0.0
IA,2021,13,20,2021-05-23,0.0,0.0,75.0,0.0,0.0,,97.0,0.0
IA,2021,14,21,2021-05-30,0.0,0.0,87.0,0.0,0.0,,99.0,0.0
IA,2021,15,22,2021-06-06,0.0,0.0,96.0,0.0,0.0,,99.0,0.0
IA,2021,16,23,2021-06-13,0.0,0.0,99.0,0.0,0.0,,99.0,0.0
IA,2021,18,25,2021-06-27,0.0,0.0,99.0,0.0,0.0,,99.0,0.0
IA,2021,19,26,2021-07-04,0.0,0.0,99.0,0.0,0.0,,99.0,4.0
IA,2021,20,27,2021-07-11,0.0,1.0,99.0,0.0,0.0,,99.0,21.0
IA,2021,21,28,2021-07-18,0.0,6.0,99.0,0.0,0.0,,99.0,60.0
IA,2021,22,29,2021-07-25,1.0,21.0,99.0,0.0,0.0,,99.0,80.0
IA,2021,23,30,2021-08-01,5.0,42.0,99.0,0.0,0.0,,99.0,92.0
IA,2021,24,31,2021-08-08,11.0,64.0,99.0,0.0,0.0,,99.0,96.0
IA,2021,25,32,2021-08-15,29.0,83.0,99.0,0.0,0.0,,99.0,96.0
IA,2021,26,33,2021-08-22,47.0,90.0,99.0,0.0,3.0,,99.0,96.0
IA,2021,27,34,2021-08-29,66.0,95.0,99.0,0.0,6.0,,99.0,96.0
IA,2021,28,35,2021-09-05,77.0,97.0,99.0,0.0,14.0,,99.0,96.0
IA,2021,29,36,2021-09-12,87.0,97.0,99.0,0.0,32.0,,99.0,96.0
IA,2021,30,37,2021-09-19,93.0,97.0,99.0,4.0,50.0,,99.0,96.0
IA,2021,31,38,2021-09-26,97.0,97.0,99.0,9.0,72.0,,99.0,96.0
IA,2021,32,39,2021-10-03,97.0,97.0,99.0,19.0,87.0,,99.0,96.0
IA,2021,33,40,2021-10-10,97.0,97.0,99.0,30.0,95.0,,99.0,96.0
IA,2021,34,41,2021-10-17,97.0,97.0,99.0,43.0,97.0,,99.0,96.0
IA,2021,35,42,2021-10-24,97.0,97.0,99.0,60.0,97.0,,99.0,96.0
IA,2021,36,43,2021-10-31,97.0,97.0,99.0,70.0,97.0,,99.0,96.0
IA,2021,37,44,2021-11-07,97.0,97.0,99.0,84.0,97.0,,99.0,96.0
IA,2021,38,45,2021-11-14,97.0,97.0,99.0,91.0,97.0,,99.0,96.0
IA,2021,39,46,2021-11-21,97.0,97.0,99.0,95.0,97.0,,99.0,96.0
IA,2021,40,47,2021-11-28,97.0,97.0,99.0,98.0,97.0,,99.0,96.0
IA,2022,6,13,2022-04-03,0.0,0.0,0.0,0.0,0.0,,0.0,0.0
IA,2022,7,14,2022-04-10,0.0,0.0,0.0,0.0,0.0,,0.0,0.0
IA,2022,8,15,2022-04-17,0.0,0.0,0.0,0.0,0.0,,0.0,0.0
IA,2022,9,16,2022-04-24,0.0,0.0,0.0,0.0,0.0,,2.0,0.0
IA,2022,10,17,2022-05-01,0.0,0.0,0.0,0.0,0.0,,9.0,0.0
IA,2022,11,18,2022-05-08,0.0,0.0,0.0,0.0,0.0,,14.0,0.0
IA,2022,12,19,2022-05-15,0.0,0.0,8.0,0.0,0.0,,57.0,0.0
IA,2022,13,20,2022-05-22,0.0,0.0,47.0,0.0,0.0,,86.0,0.0
IA,2022,14,21,2022-05-29,0.0,0.0,73.0,0.0,0.0,,94.0,0.0
IA,2022,15,22,2022-06-05,0.0,0.0,87.0,0.0,0.0,,98.0,0.0
IA,2022,16,23,2022-06-12,0.0,0.0,95.0,0.0,0.0,,99.0,0.0
IA,2022,17,24,2022-06-19,0.0,0.0,98.0,0.0,0.0,,99.0,0.0
IA,2022,18,25,2022-06-26,0.0,0.0,98.0,0.0,0.0,,99.0,0.0
IA,2022,19,26,2022-07-03,0.0,0.0,98.0,0.0,0.0,,99.0,2.0
IA,2022,20,27,2022-07-10,0.0,0.0,98.0,0.0,0.0,,99.0,7.0
IA,2022,21,28,2022-07-17,0.0,1.0,98.0,0.0,0.0,,99.0,31.0
IA,2022,22,29,2022-07-24,0.0,8.0,98.0,0.0,0.0,,99.0,66.0
IA,2022,23,30,2022-07-31,1.0,30.0,98.0,0.0,0.0,,99.0,87.0
IA,2022,24,31,2022-08-07,5.0,53.0,98.0,0.0,0.0,,99.0,93.0
IA,2022,25,32,2022-08-14,15.0,72.0,98.0,0.0,0.0,,99.0,96.0
IA,2022,26,33,2022-08-21,30.0,84.0,98.0,0.0,1.0,,99.0,97.0
IA,2022,27,34,2022-08-28,52.0,92.0,98.0,0.0,3.0,,99.0,97.0
IA,2022,28,35,2022-09-04,71.0,96.0,98.0,0.0,10.0,,99.0,97.0
IA,2022,29,36,2022-09-11,84.0,98.0,98.0,0.0,23.0,,99.0,97.0
IA,2022,30,37,2022-09-18,93.0,98.0,98.0,2.0,42.0,,99.0,97.0
IA,2022,31,38,2022-09-25,97.0,98.0,98.0,5.0,63.0,,99.0,97.0
IA,2022,32,39,2022-10-02,99.0,98.0,98.0,11.0,82.0,,99.0,97.0
IA,2022,33,40,2022-10-09,99.0,98.0,98.0,23.0,92.0,,99.0,97.0
IA,2022,34,41,2022-10-16,99.0,98.0,98.0,38.0,96.0,,99.0,97.0
IA,2022,35,42,2022-10-23,99.0,98.0,98.0,59.0,98.0,,99.0,97.0
IA,2022,36,43,2022-10-30,99.0,98.0,98.0,77.0,98.0,,99.0,97.0
IA,2022,37,44,2022-11-06,99.0,98.0,98.0,89.0,98.0,,99.0,97.0
IA,2022,38,45,2022-11-13,99.0,98.0,98.0,95.0,98.0,,99.0,97.0
IA,2022,39,46,2022-11-20,99.0,98.0,98.0,97.0,98.0,,99.0,97.0
IA,2023,6,13,2023-04-02,0.0,0.0,0.0,0.0,0.0,,0.0,0.0
IA,2023,7,14,2023-04-09,0.0,0.0,0.0,0.0,0.0,,0.0,0.0
IA,2023,8,15,2023-04-16,0.0,0.0,0.0,0.0,0.0,,7.0,0.0
IA,2023,9,16,2023-04-23,0.0,0.0,0.0,0.0,0.0,,10.0,0.0
IA,2023,10,17,2023-04-30,0.0,0.0,1.0,0.0,0.0,,29.0,0.0
IA,2023,11,18,2023-05-07,0.0,0.0,6.0,0.0,0.0,,70.0,0.0
IA,2023,12,19,2023-05-14,0.0,0.0,35.0,0.0,0.0,,86.0,0.0
IA,2023,13,20,2023-05-21,0.0,0.0,65.0,0.0,0.0,,95.0,0.0
IA,2023,14,21,2023-05-28,0.0,0.0,85.0,0.0,0.0,,98.0,0.0
IA,2023,15,22,2023-06-04,0.0,0.0,94.0,0.0,0.0,,100.0,0.0
IA,2023,16,23,2023-06-11,0.0,0.0,98.0,0.0,0.0,,100.0,0.0
IA,2023,17,24,2023-06-18,0.0,0.0,99.0,0.0,0.0,,100.0,0.0
IA,2023,18,25,2023-06-25,0.0,0.0,99.0,0.0,0.0,,100.0,1.0
IA,2023,19,26,2023-07-02,0.0,0.0,99.0,0.0,0.0,,100.0,4.0
IA,2023,20,27,2023-07-09,0.0,1.0,99.0,0.0,0.0,,100.0,22.0
IA,2023,21,28,2023-07-16,0.0,8.0,99.0,0.0,0.0,,100.0,49.0
IA,2023,22,29,2023-07-23,1.0,19.0,99.0,0.0,0.0,,100.0,79.0
IA,2023,23,30,2023-07-30,5.0,37.0,99.0,0.0,0.0,,100.0,92.0
IA,2023,24,31,2023-08-06,16.0,58.0,99.0,0.0,0.0,,100.0,97.0
IA,2023,25,32,2023-08-13,23.0,78.0,99.0,0.0,0.0,,100.0,99.0
IA,2023,26,33,2023-08-20,39.0,92.0,99.0,0.0,1.0,,100.0,99.0
IA,2023,27,34,2023-08-27,62.0,96.0,99.0,0.0,6.0,,100.0,99.0
IA,2023,28,35,2023-09-03,78.0,99.0,99.0,0.0,17.0,,100.0,99.0
IA,2023,29,36,2023-09-10,90.0,99.0,99.0,2.0,38.0,,100.0,99.0
IA,2023,30,37,2023-09-17,96.0,99.0,99.0,5.0,63.0,,100.0,99.0
IA,2023,31,38,2023-09-24,98.0,99.0,99.0,9.0,83.0,,100.0,99.0
IA,2023,32,39,2023-10-01,98.0,99.0,99.0,16.0,92.0,,100.0,99.0
IA,2023,33,40,2023-10-08,98.0,99.0,99.0,30.0,96.0,,100.0,99.0
IA,2023,34,41,2023-10-15,98.0,99.0,99.0,42.0,98.0,,100.0,99.0
IA,2023,35,42,2023-10-22,98.0,99.0,99.0,62.0,98.0,,100.0,99.0
IA,2023,36,43,2023-10-29,98.0,99.0,99.0,77.0,98.0,,100.0,99.0
IA,2023,37,44,2023-11-05,98.0,99.0,99.0,89.0,98.0,,100.0,99.0
IA,2023,38,45,2023-11-12,98.0,99.0,99.0,94.0,98.0,,100.0,99.0
IA,2023,39,46,2023-11-19,98.0,99.0,99.0,97.0,98.0,,100.0,99.0
IA,2023,40,47,2023-11-26,98.0,99.0,99.0,99.0,98.0,,100.0,99.0
IA,2024,6,13,2024-03-31,0.0,0.0,0.0,0.0,0.0,,0.0,0.0
IA,2024,7,14,2024-04-07,0.0,0.0,0.0,0.0,0.0,,0.0,0.0
IA,2024,8,15,2024-04-14,0.0,0.0,0.0,0.0,0.0,,4.0,0.0
IA,2024,9,16,2024-04-21,0.0,0.0,0.0,0.0,0.0,,13.0,0.0
IA,2024,10,17,2024-04-28,0.0,0.0,2.0,0.0,0.0,,39.0,0.0
IA,2024,11,18,2024-05-05,0.0,0.0,7.0,0.0,0.0,,47.0,0.0
IA,2024,12,19,2024-05-12,0.0,0.0,26.0,0.0,0.0,,57.0,0.0
IA,2024,13,20,2024-05-19,0.0,0.0,47.0,0.0,0.0,,78.0,0.0
IA,2024,14,21,2024-05-26,0.0,0.0,66.0,0.0,0.0,,88.0,0.0
IA,2024,15,22,2024-06-02,0.0,0.0,81.0,0.0,0.0,,93.0,0.0
IA,2024,16,23,2024-06-09,0.0,0.0,89.0,0.0,0.0,,98.0,0.0
IA,2024,17,24,2024-06-16,0.0,0.0,95.0,0.0,0.0,,98.0,0.0
IA,2024,18,25,2024-06-23,0.0,0.0,97.0,0.0,0.0,,98.0,0.0
IA,2024,19,26,2024-06-30,0.0,0.0,97.0,0.0,0.0,,98.0,4.0
IA,2024,20,27,2024-07-07,0.0,1.0,97.0,0.0,0.0,,98.0,17.0
IA,2024,21,28,2024-07-14,0.0,6.0,97.0,0.0,0.0,,98.0,44.0
IA,2024,22,29,2024-07-21,0.0,18.0,97.0,0.0,0.0,,98.0,68.0
IA,2024,23,30,2024-07-28,2.0,34.0,97.0,0.0,0.0,,98.0,85.0
IA,2024,24,31,2024-08-04,8.0,51.0,97.0,0.0,0.0,,98.0,92.0
IA,2024,25,32,2024-08-11,17.0,69.0,97.0,0.0,0.0,,98.0,96.0
IA,2024,26,33,2024-08-18,28.0,82.0,97.0,0.0,1.0,,98.0,98.0
IA,2024,27,34,2024-08-25,45.0,90.0,97.0,0.0,4.0,,98.0,98.0
IA,2024,28,35,2024-09-01,61.0,94.0,97.0,0.0,10.0,,98.0,98.0
IA,2024,29,36,2024-09-08,74.0,96.0,97.0,0.0,20.0,,98.0,98.0
IA,2024,30,37,2024-09-15,85.0,96.0,97.0,2.0,41.0,,98.0,98.0
IA,2024,31,38,2024-09-22,93.0,96.0,97.0,5.0,61.0,,98.0,98.0
IA,2024,32,39,2024-09-29,97.0,96.0,97.0,11.0,75.0,,98.0,98.0
IA,2024,33,40,2024-10-06,97.0,96.0,97.0,22.0,90.0,,98.0,98.0
IA,2024,34,41,2024-10-13,97.0,96.0,97.0,45.0,97.0,,98.0,98.0
IA,2024,35,42,2024-10-20,97.0,96.0,97.0,68.0,99.0,,98.0,98.0
IA,2024,36,43,2024-10-27,97.0,96.0,97.0,84.0,99.0,,98.0,98.0
IA,2024,37,44,2024-11-03,97.0,96.0,97.0,92.0,99.0,,98.0,98.0
IA,2024,38,45,2024-11-10,97.0,96.0,97.0,95.0,99.0,,98.0,98.0
IA,2024,39,46,2024-11-17,97.0,96.0,97.0,97.0,99.0,,98.0,98.0
IA,2024,40,47,2024-11-24,97.0,96.0,97.0,98.0,99.0,,98.0,98.0
IA,2025,7,14,2025-04-06,0.0,0.0,0.0,0.0,0.0,,0.0,0.0
IA,2025,8,15,2025-04-13,0.0,0.0,0.0,0.0,0.0,,2.0,0.0
IA,2025,9,16,2025-04-20,0.0,0.0,0.0,0.0,0.0,,18.0,0.0
IA,2025,10,17,2025-04-27,0.0,0.0,2.0,0.0,0.0,,34.0,0.0
IA,2025,11,18,2025-05-04,0.0,0.0,10.0,0.0,0.0,,49.0,0.0
IA,2025,12,19,2025-05-11,0.0,0.0,30.0,0.0,0.0,,76.0,0.0
IA,2025,13,20,2025-05-18,0.0,0.0,58.0,0.0,0.0,,91.0,0.0
IA,2025,14,21,2025-05-25,0.0,0.0,76.0,0.0,0.0,,95.0,0.0
IA,2025,15,22,2025-06-01,0.0,0.0,87.0,0.0,0.0,,97.0,0.0
IA,2025,16,23,2025-06-08,0.0,0.0,92.0,0.0,0.0,,99.0,0.0
IA,2025,17,24,2025-06-15,0.0,0.0,97.0,0.0,0.0,,99.0,0.0
IA,2025,18,25,2025-06-22,0.0,0.0,99.0,0.0,0.0,,99.0,2.0
IA,2025,19,26,2025-06-29,0.0,1.0,99.0,0.0,0.0,,99.0,3.0
IA,2025,20,27,2025-07-06,0.0,3.0,99.0,0.0,0.0,,99.0,15.0
IA,2025,21,28,2025-07-13,0.0,5.0,99.0,0.0,0.0,,99.0,36.0
IA,2025,22,29,2025-07-20,1.0,18.0,99.0,0.0,0.0,,99.0,62.0
IA,2025,23,30,2025-07-27,4.0,34.0,99.0,0.0,0.0,,99.0,84.0
IA,2025,24,31,2025-08-03,9.0,53.0,99.0,0.0,0.0,,99.0,92.0
IA,2025,25,32,2025-08-10,15.0,68.0,99.0,0.0,0.0,,99.0,96.0
IA,2025,26,33,2025-08-17,27.0,78.0,99.0,0.0,0.0,,99.0,98.0
IA,2025,27,34,2025-08-24,45.0,88.0,99.0,0.0,3.0,,99.0,98.0
IA,2025,28,35,2025-08-31,63.0,92.0,99.0,0.0,9.0,,99.0,98.0
IA,2025,29,36,2025-09-07,80.0,97.0,99.0,0.0,26.0,,99.0,98.0
IA,2025,30,37,2025-09-14,90.0,97.0,99.0,3.0,48.0,,99.0,98.0
IA,2025,31,38,2025-09-21,95.0,97.0,99.0,8.0,66.0,,99.0,98.0
IA,2025,32,39,2025-09-28,97.0,97.0,99.0,15.0,80.0,,99.0,98.0
IA,2025,39,46,2025-11-16,97.0,97.0,99.0,97.0,80.0,,99.0,98.0
IA,2025,40,47,2025-11-23,97.0,97.0,99.0,99.0,80.0,,99.0,98.0
ID,2016,6,13,2016-04-03,0.0,0.0,0.0,0.0,0.0,,0.0,0.0
ID,2016,7,14,2016-04-10,0.0,0.0,0.0,0.0,0.0,,1.0,0.0
ID,2016,8,15,2016-04-17,0.0,0.0,0.0,0.0,0.0,,10.0,0.0
ID,2016,9,16,2016-04-24,0.0,0.0,7.0,0.0,0.0,,24.0,0.0
ID,2016,10,17,2016-05-01,0.0,0.0,20.0,0.0,0.0,,48.0,0.0
ID,2016,11,18,2016-05-08,0.0,0.0,56.0,0.0,0.0,,77.0,0.0
ID,2016,12,19,2016-05-15,0.0,0.0,57.0,0.0,0.0,,80.0,0.0
ID,2016,13,20,2016-05-22,0.0,0.0,59.0,0.0,0.0,,83.0,0.0
ID,2016,14,21,2016-05-29,0.0,0.0,78.0,0.0,0.0,,95.0,0.0
ID,2016,15,22,2016-06-05,0.0,0.0,84.0,0.0,0.0,,95.0,0.0
ID,2016,16,23,2016-06-12,0.0,0.0,94.0,0.0,0.0,,95.0,0.0
ID,2016,17,24,2016-06-19,0.0,0.0,98.0,0.0,0.0,,95.0,0.0
ID,2016,18,25,2016-06-26,0.0,0.0,98.0,0.0,0.0,,95.0,1.0
ID,2016,19,26,2016-07-03,0.0,0.0,98.0,0.0,0.0,,95.0,7.0
ID,2016,20,27,2016-07-10,0.0,0.0,98.0,0.0,0.0,,95.0,8.0
ID,2016,21,28,2016-07-17,0.0,0.0,98.0,0.0,0.0,,95.0,37.0
ID,2016,22,29,2016-07-24,0.0,6.0,98.0,0.0,0.0,,95.0,60.0
ID,2016,23,30,2016-07-31,0.0,8.0,98.0,0.0,0.0,,95.0,79.0
ID,2016,24,31,2016-08-07,33.0,50.0,98.0,0.0,0.0,,95.0,95.0
ID,2016,25,32,2016-08-14,36.0,77.0,98.0,0.0,0.0,,95.0,95.0
ID,2016,26,33,2016-08-21,40.0,80.0,98.0,0.0,0.0,,95.0,95.0
ID,2016,27,34,2016-08-28,44.0,81.0,98.0,1.0,1.0,,95.0,95.0
ID,2016,28,35,2016-09-04,53.0,82.0,98.0,9.0,6.0,,95.0,95.0
ID,2016,29,36,2016-09-11,64.0,85.0,98.0,0.0,22.0,,95.0,95.0
ID,2016,30,37,2016-09-18,73.0,88.0,98.0,3.0,34.0,,95.0,95.0
ID,2016,31,38,2016-09-25,83.0,93.0,98.0,6.0,35.0,,95.0,95.0
ID,2016,32,39,2016-10-02,84.0,94.0,98.0,16.0,52.0,,95.0,95.0
ID,2016,33,40,2016-10-09,89.0,95.0,98.0,19.0,71.0,,95.0,95.0
ID,2016,34,41,2016-10-16,91.0,95.0,98.0,44.0,80.0,,95.0,95.0
ID,2016,35,42,2016-10-23,93.0,95.0,98.0,58.0,85.0,,95.0,95.0
ID,2016,36,43,2016-10-30,95.0,95.0,98.0,59.0,90.0,,95.0,95.0
ID,2016,37,44,2016-11-06,95.0,95.0,98.0,62.0,94.0,,95.0,95.0
ID,2016,38,45,2016-11-13,95.0,95.0,98.0,66.0,95.0,,95.0,95.0
ID,2016,39,46,2016-11-20,95.0,95.0,98.0,74.0,95.0,,95.0,95.0
ID,2016,40,47,2016-11-27,95.0,95.0,98.0,76.0,95.0,,95.0,95.0
ID,2017,7,14,2017-04-09,0.0,0.0,0.0,0.0,0.0,,0.0,0.0
ID,2017,8,15,2017-04-16,0.0,0.0,0.0,0.0,0.0,,3.0,0.0
ID,2017,9,16,2017-04-23,0.0,0.0,0.0,0.0,0.0,,10.0,0.0
ID,2017,10,17,2017-04-30,0.0,0.0,1.0,0.0,0.0,,23.0,0.0
ID,2017,11,18,2017-05-07,0.0,0.0,2.0,0.0,0.0,,34.0,0.0
ID,2017,12,19,2017-05-14,0.0,0.0,3.0,0.0,0.0,,52.0,0.0
ID,2017,13,20,2017-05-21,0.0,0.0,17.0,0.0,0.0,,66.0,0.0
ID,2017,14,21,2017-05-28,0.0,0.0,23.0,0.0,0.0,,80.0,0.0
ID,2017,15,22,2017-06-04,0.0,0.0,50.0,0.0,0.0,,93.0,0.0
ID,2017,16,23,2017-06-11,0.0,0.0,82.0,0.0,0.0,,96.0,0.0
ID,2017,17,24,2017-06-18,0.0,0.0,93.0,0.0,0.0,,96.0,0.0
ID,2017,18,25,2017-06-25,0.0,0.0,97.0,0.0,0.0,,96.0,0.0
ID,2017,19,26,2017-07-02,0.0,0.0,97.0,0.0,0.0,,96.0,0.0
ID,2017,20,27,2017-07-09,0.0,0.0,97.0,0.0,0.0,,96.0,1.0
ID,2017,21,28,2017-07-16,0.0,0.0,97.0,0.0,0.0,,96.0,23.0
ID,2017,22,29,2017-07-23,0.0,6.0,97.0,0.0,0.0,,96.0,55.0
ID,2017,23,30,2017-07-30,0.0,9.0,97.0,0.0,0.0,,96.0,83.0
ID,2017,24,31,2017-08-06,0.0,17.0,97.0,0.0,0.0,,96.0,89.0
ID,2017,25,32,2017-08-13,1.0,64.0,97.0,0.0,0.0,,96.0,95.0
ID,2017,26,33,2017-08-20,2.0,69.0,97.0,0.0,0.0,,96.0,97.0
ID,2017,27,34,2017-08-27,27.0,77.0,97.0,0.0,0.0,,96.0,97.0
ID,2017,28,35,2017-09-03,60.0,92.0,97.0,3.0,5.0,,96.0,97.0
ID,2017,29,36,2017-09-10,74.0,95.0,97.0,0.0,11.0,,96.0,97.0
ID,2017,30,37,2017-09-17,91.0,95.0,97.0,0.0,17.0,,96.0,97.0
ID,2017,31,38,2017-09-24,95.0,95.0,97.0,0.0,30.0,,96.0,97.0
ID,2017,32,39,2017-10-01,100.0,95.0,97.0,2.0,65.0,,96.0,97.0
ID,2017,33,40,2017-10-08,100.0,95.0,97.0,8.0,75.0,,96.0,97.0
ID,2017,34,41,2017-10-15,100.0,95.0,97.0,21.0,81.0,,96.0,97.0
ID,2017,35,42,2017-10-22,100.0,95.0,97.0,22.0,82.0,,96.0,97.0
ID,2017,36,43,2017-10-29,100.0,95.0,97.0,37.0,90.0,,96.0,97.0
ID,2017,37,44,2017-11-05,100.0,95.0,97.0,46.0,94.0,,96.0,97.0
ID,2017,38,45,2017-11-12,100.0,95.0,97.0,52.0,96.0,,96.0,97.0
ID,2017,39,46,2017-11-19,100.0,95.0,97.0,70.0,96.0,,96.0,97.0
ID,2017,40,47,2017-11-26,100.0,95.0,97.0,75.0,96.0,,96.0,97.0
ID,2018,7,14,2018-04-08,0.0,0.0,0.0,0.0,0.0,,0.0,0.0
ID,2018,8,15,2018-04-15,0.0,0.0,0.0,0.0,0.0,,5.0,0.0
ID,2018,9,16,2018-04-22,0.0,0.0,0.0,0.0,0.0,,18.0,0.0
ID,2018,10,17,2018-04-29,0.0,0.0,0.0,0.0,0.0,,21.0,0.0
ID,2018,11,18,2018-05-06,0.0,0.0,2.0,0.0,0.0,,38.0,0.0
ID,2018,12,19,2018-05-13,0.0,0.0,25.0,0.0,0.0,,66.0,0.0
ID,2018,13,20,2018-05-20,0.0,0.0,56.0,0.0,0.0,,83.0,0.0
ID,2018,14,21,2018-05-27,0.0,0.0,87.0,0.0,0.0,,98.0,0.0
ID,2018,15,22,2018-06-03,0.0,0.0,93.0,0.0,0.0,,99.0,0.0
ID,2018,16,23,2018-06-10,0.0,0.0,96.0,0.0,0.0,,99.0,0.0
ID,2018,17,24,2018-06-17,0.0,0.0,98.0,0.0,0.0,,99.0,0.0
ID,2018,18,25,2018-06-24,0.0,0.0,98.0,0.0,0.0,,99.0,0.0
ID,2018,19,26,2018-07-01,0.0,0.0,98.0,0.0,0.0,,99.0,15.0
ID,2018,20,27,2018-07-08,0.0,0.0,98.0,0.0,0.0,,99.0,18.0
ID,2018,21,28,2018-07-15,0.0,0.0,98.0,0.0,0.0,,99.0,60.0
ID,2018,22,29,2018-07-22,0.0,1.0,98.0,0.0,0.0,,99.0,71.0
ID,2018,23,30,2018-07-29,0.0,16.0,98.0,0.0,0.0,,99.0,80.0
ID,2018,24,31,2018-08-05,10.0,42.0,98.0,0.0,0.0,,99.0,86.0
ID,2018,25,32,2018-08-12,36.0,71.0,98.0,0.0,0.0,,99.0,94.0
ID,2018,26,33,2018-08-19,56.0,81.0,98.0,1.0,0.0,,99.0,98.0
ID,2018,27,34,2018-08-26,77.0,88.0,98.0,10.0,3.0,,99.0,98.0
ID,2018,28,35,2018-09-02,78.0,91.0,98.0,20.0,22.0,,99.0,98.0
ID,2018,29,36,2018-09-09,86.0,98.0,98.0,1.0,52.0,,99.0,98.0
ID,2018,30,37,2018-09-16,95.0,98.0,98.0,3.0,64.0,,99.0,98.0
ID,2018,31,38,2018-09-23,96.0,98.0,98.0,11.0,66.0,,99.0,98.0
ID,2018,32,39,2018-09-30,96.0,98.0,98.0,28.0,81.0,,99.0,98.0
ID,2018,33,40,2018-10-07,96.0,98.0,98.0,35.0,94.0,,99.0,98.0
ID,2018,34,41,2018-10-14,96.0,98.0,98.0,61.0,99.0,,99.0,98.0
ID,2018,35,42,2018-10-21,96.0,98.0,98.0,63.0,99.0,,99.0,98.0
ID,2018,36,43,2018-10-28,96.0,98.0,98.0,66.0,99.0,,99.0,98.0
ID,2018,37,44,2018-11-04,96.0,98.0,98.0,69.0,99.0,,99.0,98.0
ID,2018,38,45,2018-11-11,96.0,98.0,98.0,75.0,99.0,,99.0,98.0
ID,2018,39,46,2018-11-18,96.0,98.0,98.0,87.0,99.0,,99.0,98.0
ID,2018,40,47,2018-11-25,96.0,98.0,98.0,90.0,99.0,,99.0,98.0
ID,2019,7,14,2019-04-07,0.0,0.0,0.0,0.0,0.0,,0.0,0.0
ID,2019,8,15,2019-04-14,0.0,0.0,0.0,0.0,0.0,,4.0,0.0
ID,2019,9,16,2019-04-21,0.0,0.0,0.0,0.0,0.0,,25.0,0.0
ID,2019,10,17,2019-04-28,0.0,0.0,0.0,0.0,0.0,,37.0,0.0
ID,2019,11,18,2019-05-05,0.0,0.0,15.0,0.0,0.0,,52.0,0.0
ID,2019,12,19,2019-05-12,0.0,0.0,29.0,0.0,0.0,,61.0,0.0
ID,2019,13,20,2019-05-19,0.0,0.0,45.0,0.0,0.0,,79.0,0.0
ID,2019,14,21,2019-05-26,0.0,0.0,68.0,0.0,0.0,,91.0,0.0
ID,2019,15,22,2019-06-02,0.0,0.0,78.0,0.0,0.0,,93.0,0.0
ID,2019,16,23,2019-06-09,0.0,0.0,89.0,0.0,0.0,,95.0,0.0
ID,2019,17,24,2019-06-16,0.0,0.0,96.0,0.0,0.0,,95.0,0.0
ID,2019,18,25,2019-06-23,0.0,0.0,98.0,0.0,0.0,,100.0,0.0
ID,2019,20,27,2019-07-07,0.0,0.0,100.0,0.0,0.0,,100.0,1.0
ID,2019,21,28,2019-07-14,0.0,0.0,100.0,0.0,0.0,,100.0,15.0
ID,2019,22,29,2019-07-21,0.0,0.0,100.0,0.0,0.0,,100.0,40.0
ID,2019,23,30,2019-07-28,0.0,0.0,100.0,0.0,0.0,,100.0,47.0
ID,2019,24,31,2019-08-04,0.0,21.0,100.0,0.0,0.0,,100.0,81.0
ID,2019,25,32,2019-08-11,1.0,34.0,100.0,0.0,0.0,,100.0,93.0
ID,2019,26,33,2019-08-18,11.0,42.0,100.0,0.0,0.0,,100.0,95.0
ID,2019,27,34,2019-08-25,19.0,57.0,100.0,0.0,0.0,,100.0,95.0
ID,2019,28,35,2019-09-01,30.0,79.0,100.0,1.0,1.0,,100.0,95.0
ID,2019,29,36,2019-09-08,47.0,87.0,100.0,7.0,12.0,,100.0,95.0
ID,2019,30,37,2019-09-15,63.0,92.0,100.0,0.0,21.0,,100.0,95.0
ID,2019,31,38,2019-09-22,80.0,95.0,100.0,0.0,42.0,,100.0,95.0
ID,2019,32,39,2019-09-29,95.0,95.0,100.0,3.0,70.0,,100.0,95.0
ID,2019,33,40,2019-10-06,95.0,95.0,100.0,15.0,78.0,,100.0,95.0
ID,2019,34,41,2019-10-13,95.0,95.0,100.0,28.0,95.0,,100.0,95.0
ID,2019,35,42,2019-10-20,95.0,95.0,100.0,32.0,95.0,,100.0,95.0
ID,2019,36,43,2019-10-27,95.0,95.0,100.0,51.0,95.0,,100.0,95.0
ID,2019,37,44,2019-11-03,95.0,95.0,100.0,77.0,95.0,,100.0,95.0
ID,2019,38,45,2019-11-10,95.0,95.0,100.0,79.0,95.0,,100.0,95.0
ID,2019,39,46,2019-11-17,95.0,95.0,100.0,87.0,95.0,,100.0,95.0
ID,2019,40,47,2019-11-24,95.0,95.0,100.0,94.0,95.0,,100.0,95.0
ID,2020,8,15,2020-04-12,0.0,0.0,0.0,0.0,0.0,,1.0,0.0
ID,2020,9,16,2020-04-19,0.0,0.0,0.0,0.0,0.0,,4.0,0.0
ID,2020,10,17,2020-04-26,0.0,0.0,0.0,0.0,0.0,,11.0,0.0
ID,2020,11,18,2020-05-03,0.0,0.0,0.0,0.0,0.0,,41.0,0.0
ID,2020,12,19,2020-05-10,0.0,0.0,0.0,0.0,0.0,,55.0,0.0
ID,2020,13,20,2020-05-17,0.0,0.0,47.0,0.0,0.0,,84.0,0.0
ID,2020,14,21,2020-05-24,0.0,0.0,49.0,0.0,0.0,,86.0,0.0
ID,2020,15,22,2020-05-31,0.0,0.0,77.0,0.0,0.0,,91.0,0.0
ID,2020,16,23,2020-06-07,0.0,0.0,87.0,0.0,0.0,,95.0,0.0
ID,2020,17,24,2020-06-14,0.0,0.0,95.0,0.0,0.0,,95.0,0.0
ID,2020,18,25,2020-06-21,0.0,0.0,95.0,0.0,0.0,,95.0,0.0
ID,2020,19,26,2020-06-28,0.0,0.0,95.0,0.0,0.0,,95.0,0.0
ID,2020,20,27,2020-07-05,0.0,0.0,95.0,0.0,0.0,,95.0,0.0
ID,2020,21,28,2020-07-12,0.0,0.0,95.0,0.0,0.0,,95.0,6.0
ID,2020,22,29,2020-07-19,0.0,0.0,95.0,0.0,0.0,,95.0,30.0
ID,2020,23,30,2020-07-26,0.0,4.0,95.0,0.0,0.0,,95.0,56.0
ID,2020,24,31,2020-08-02,0.0,23.0,95.0,0.0,0.0,,95.0,79.0
ID,2020,25,32,2020-08-09,0.0,36.0,95.0,0.0,0.0,,95.0,93.0
ID,2020,26,33,2020-08-16,1.0,42.0,95.0,0.0,0.0,,95.0,97.0
ID,2020,27,34,2020-08-23,22.0,64.0,95.0,0.0,0.0,,95.0,97.0
ID,2020,28,35,2020-08-30,34.0,84.0,95.0,1.0,1.0,,95.0,97.0
ID,2020,29,36,2020-09-06,45.0,93.0,95.0,2.0,12.0,,95.0,97.0
ID,2020,30,37,2020-09-13,63.0,99.0,95.0,0.0,22.0,,95.0,97.0
ID,2020,31,38,2020-09-20,82.0,99.0,95.0,0.0,31.0,,95.0,97.0
ID,2020,32,39,2020-09-27,94.0,99.0,95.0,1.0,33.0,,95.0,97.0
ID,2020,33,40,2020-10-04,99.0,99.0,95.0,3.0,57.0,,95.0,97.0
ID,2020,34,41,2020-10-11,99.0,99.0,95.0,11.0,81.0,,95.0,97.0
ID,2020,35,42,2020-10-18,99.0,99.0,95.0,26.0,86.0,,95.0,97.0
ID,2020,36,43,2020-10-25,99.0,99.0,95.0,45.0,95.0,,95.0,97.0
ID,2020,37,44,2020-11-01,99.0,99.0,95.0,57.0,95.0,,95.0,97.0
ID,2020,38,45,2020-11-08,99.0,99.0,95.0,70.0,95.0,,95.0,97.0
ID,2020,39,46,2020-11-15,99.0,99.0,95.0,84.0,95.0,,95.0,97.0
ID,2020,40,47,2020-11-22,99.0,99.0,95.0,88.0,95.0,,95.0,97.0
ID,2020,41,48,2020-11-29,99.0,99.0,95.0,97.0,95.0,,95.0,97.0
ID,2021,8,15,2021-04-18,0.0,0.0,0.0,0.0,0.0,,3.0,0.0
ID,2021,9,16,2021-04-25,0.0,0.0,0.0,0.0,0.0,,10.0,0.0
ID,2021,10,17,2021-05-02,0.0,0.0,5.0,0.0,0.0,,29.0,0.0
ID,2021,11,18,2021-05-09,0.0,0.0,10.0,0.0,0.0,,55.0,0.0
ID,2021,12,19,2021-05-16,0.0,0.0,39.0,0.0,0.0,,82.0,0.0
ID,2021,13,20,2021-05-23,0.0,0.0,54.0,0.0,0.0,,90.0,0.0
ID,2021,14,21,2021-05-30,0.0,0.0,79.0,0.0,0.0,,96.0,0.0
ID,2021,15,22,2021-06-06,0.0,0.0,89.0,0.0,0.0,,96.0,0.0
ID,2021,16,23,2021-06-13,0.0,0.0,93.0,0.0,0.0,,96.0,0.0
ID,2021,17,24,2021-06-20,0.0,0.0,99.0,0.0,0.0,,96.0,0.0
ID,2021,18,25,2021-06-27,0.0,0.0,99.0,0.0,0.0,,96.0,0.0
ID,2021,19,26,2021-07-04,0.0,0.0,99.0,0.0,0.0,,96.0,2.0
ID,2021,20,27,2021-07-11,0.0,0.0,99.0,0.0,0.0,,96.0,7.0
ID,2021,21,28,2021-07-18,0.0,0.0,99.0,0.0,0.0,,96.0,29.0
ID,2021,22,29,2021-07-25,0.0,2.0,99.0,0.0,0.0,,96.0,54.0
ID,2021,23,30,2021-08-01,0.0,22.0,99.0,0.0,0.0,,96.0,83.0
ID,2021,24,31,2021-08-08,3.0,40.0,99.0,0.0,0.0,,96.0,96.0
ID,2021,25,32,2021-08-15,24.0,64.0,99.0,0.0,0.0,,96.0,96.0
ID,2021,26,33,2021-08-22,40.0,86.0,99.0,0.0,4.0,,96.0,96.0
ID,2021,27,34,2021-08-29,56.0,97.0,99.0,3.0,11.0,,96.0,96.0
ID,2021,28,35,2021-09-05,74.0,97.0,99.0,12.0,33.0,,96.0,96.0
ID,2021,29,36,2021-09-12,93.0,97.0,99.0,0.0,52.0,,96.0,96.0
ID,2021,30,37,2021-09-19,95.0,97.0,99.0,0.0,64.0,,96.0,96.0
ID,2021,31,38,2021-09-26,95.0,97.0,99.0,3.0,68.0,,96.0,96.0
ID,2021,32,39,2021-10-03,95.0,97.0,99.0,6.0,72.0,,96.0,96.0
ID,2021,33,40,2021-10-10,95.0,97.0,99.0,9.0,84.0,,96.0,96.0
ID,2021,34,41,2021-10-17,95.0,97.0,99.0,24.0,95.0,,96.0,96.0
ID,2021,35,42,2021-10-24,95.0,97.0,99.0,34.0,95.0,,96.0,96.0
ID,2021,36,43,2021-10-31,95.0,97.0,99.0,45.0,95.0,,96.0,96.0
ID,2021,37,44,2021-11-07,95.0,97.0,99.0,62.0,95.0,,96.0,96.0
ID,2021,38,45,2021-11-14,95.0,97.0,99.0,70.0,95.0,,96.0,96.0
ID,2021,39,46,2021-11-21,95.0,97.0,99.0,84.0,95.0,,96.0,96.0
ID,2021,40,47,2021-11-28,95.0,97.0,99.0,94.0,95.0,,96.0,96.0
ID,2022,8,15,2022-04-17,,,0.0,0.0,,,0.0,
ID,2022,9,16,2022-04-24,,,0.0,0.0,,,5.0,
ID,2022,10,17,2022-05-01,,,0.0,0.0,,,9.0,
ID,2022,11,18,2022-05-08,,,1.0,0.0,,,30.0,
ID,2022,12,19,2022-05-15,,,16.0,0.0,,,58.0,
ID,2022,13,20,2022-05-22,,,40.0,0.0,,,72.0,
ID,2022,14,21,2022-05-29,,,55.0,0.0,,,81.0,
ID,2022,15,22,2022-06-05,,,70.0,0.0,,,92.0,
ID,2022,16,23,2022-06-12,,,85.0,0.0,,,97.0,
ID,2022,17,24,2022-06-19,,,96.0,0.0,,,97.0,
ID,2022,27,34,2022-08-28,,,96.0,0.0,,,97.0,
ID,2022,28,35,2022-09-04,,,96.0,1.0,,,97.0,
ID,2022,29,36,2022-09-11,,,96.0,3.0,,,97.0,
ID,2022,30,37,2022-09-18,,,96.0,0.0,,,97.0,
ID,2022,31,38,2022-09-25,,,96.0,0.0,,,97.0,
ID,2022,32,39,2022-10-02,,,96.0,0.0,,,97.0,
ID,2022,33,40,2022-10-09,,,96.0,3.0,,,97.0,
ID,2022,34,41,2022-10-16,,,96.0,15.0,,,97.0,
ID,2022,35,42,2022-10-23,,,96.0,23.0,,,97.0,
ID,2022,36,43,2022-10-30,,,96.0,35.0,,,97.0,
ID,2022,37,44,2022-11-06,,,96.0,48.0,,,97.0,
ID,2022,38,45,2022-11-13,,,96.0,65.0,,,97.0,
ID,2022,39,46,2022-11-20,,,96.0,75.0,,,97.0,
ID,2022,40,47,2022-11-27,,,96.0,85.0,,,97.0,
ID,2023,8,15,2023-04-16,,,0.0,0.0,,,0.0,
ID,2023,9,16,2023-04-23,,,0.0,0.0,,,1.0,
ID,2023,10,17,2023-04-30,,,0.0,0.0,,,3.0,
ID,2023,11,18,2023-05-07,,,2.0,0.0,,,29.0,
ID,2023,12,19,2023-05-14,,,19.0,0.0,,,52.0,
ID,2023,13,20,2023-05-21,,,45.0,0.0,,,77.0,
ID,2023,14,21,2023-05-28,,,64.0,0.0,,,86.0,
ID,2023,15,22,2023-06-04,,,78.0,0.0,,,95.0,
ID,2023,16,23,2023-06-11,,,88.0,0.0,,,95.0,
ID,2023,17,24,2023-06-18,,,96.0,0.0,,,95.0,
ID,2023,27,34,2023-08-27,,,96.0,3.0,,,95.0,
ID,2023,28,35,2023-09-03,,,96.0,10.0,,,95.0,
ID,2023,29,36,2023-09-10,,,96.0,0.0,,,95.0,
ID,2023,30,37,2023-09-17,,,96.0,0.0,,,95.0,
ID,2023,31,38,2023-09-24,,,96.0,5.0,,,95.0,
ID,2023,32,39,2023-10-01,,,96.0,15.0,,,95.0,
ID,2023,33,40,2023-10-08,,,96.0,18.0,,,95.0,
ID,2023,34,41,2023-10-15,,,96.0,20.0,,,95.0,
ID,2023,35,42,2023-10-22,,,96.0,25.0,,,95.0,
ID,2023,36,43,2023-10-29,,,96.0,35.0,,,95.0,
ID,2023,37,44,2023-11-05,,,96.0,50.0,,,95.0,
ID,2023,38,45,2023-11-12,,,96.0,67.0,,,95.0,
ID,2023,39,46,2023-11-19,,,96.0,80.0,,,95.0,
ID,2023,40,47,2023-11-26,,,96.0,90.0,,,95.0,
ID,2024,8,15,2024-04-14,,,0.0,0.0,,,1.0,
ID,2024,9,16,2024-04-21,,,0.0,0.0,,,10.0,
ID,2024,10,17,2024-04-28,,,0.0,0.0,,,22.0,
ID,2024,11,18,2024-05-05,,,2.0,0.0,,,36.0,
ID,2024,12,19,2024-05-12,,,15.0,0.0,,,55.0,
ID,2024,13,20,2024-05-19,,,40.0,0.0,,,75.0,
ID,2024,14,21,2024-05-26,,,49.0,0.0,,,83.0,
ID,2024,15,22,2024-06-02,,,75.0,0.0,,,95.0,
ID,2024,16,23,2024-06-09,,,82.0,0.0,,,95.0,
ID,2024,17,24,2024-06-16,,,95.0,0.0,,,95.0,
ID,2024,27,34,2024-08-25,,,95.0,1.0,,,95.0,
ID,2024,28,35,2024-09-01,,,95.0,8.0,,,95.0,
ID,2024,29,36,2024-09-08,,,95.0,10.0,,,95.0,
ID,2024,30,37,2024-09-15,,,95.0,0.0,,,95.0,
ID,2024,31,38,2024-09-22,,,95.0,0.0,,,95.0,
ID,2024,32,39,2024-09-29,,,95.0,0.0,,,95.0,
ID,2024,33,40,2024-10-06,,,95.0,4.0,,,95.0,
ID,2024,34,41,2024-10-13,,,95.0,10.0,,,95.0,
ID,2024,35,42,2024-10-20,,,95.0,18.0,,,95.0,
ID,2024,36,43,2024-10-27,,,95.0,30.0,,,95.0,
ID,2024,37,44,2024-11-03,,,95.0,49.0,,,95.0,
ID,2024,38,45,2024-11-10,,,95.0,62.0,,,95.0,
ID,2024,39,46,2024-11-17,,,95.0,76.0,,,95.0,
ID,2024,40,47,2024-11-24,,,95.0,86.0,,,95.0,
ID,2025,8,15,2025-04-13,,,0.0,0.0,,,0.0,
ID,2025,9,16,2025-04-20,,,0.0,0.0,,,3.0,
ID,2025,10,17,2025-04-27,,,0.0,0.0,,,10.0,
ID,2025,11,18,2025-05-04,,,0.0,0.0,,,31.0,
ID,2025,12,19,2025-05-11,,,15.0,0.0,,,60.0,
ID,2025,13,20,2025-05-18,,,30.0,0.0,,,72.0,
ID,2025,14,21,2025-05-25,,,50.0,0.0,,,84.0,
ID,2025,15,22,2025-06-01,,,68.0,0.0,,,90.0,
ID,2025,16,23,2025-06-08,,,80.0,0.0,,,97.0,
ID,2025,17,24,2025-06-15,,,95.0,0.0,,,97.0,
ID,2025,25,32,2025-08-10,,,95.0,0.0,,,97.0,
ID,2025,26,33,2025-08-17,,,95.0,0.0,,,97.0,
ID,2025,27,34,2025-08-24,,,95.0,0.0,,,97.0,
ID,2025,28,35,2025-08-31,,,95.0,1.0,,,97.0,
ID,2025,29,36,2025-09-07,,,95.0,9.0,,,97.0,
ID,2025,30,37,2025-09-14,,,95.0,0.0,,,97.0,
ID,2025,31,38,2025-09-21,,,95.0,0.0,,,97.0,
ID,2025,32,39,2025-09-28,,,95.0,1.0,,,97.0,
ID,2025,39,46,2025-11-16,,,95.0,85.0,,,97.0,
ID,2025,40,47,2025-11-23,,,95.0,92.0,,,97.0,
IL,2016,6,13,2016-04-03,0.0,0.0,0.0,0.0,0.0,,0.0,0.0
IL,2016,7,14,2016-04-10,0.0,0.0,0.0,0.0,0.0,,2.0,0.0
IL,2016,8,15,2016-04-17,0.0,0.0,0.0,0.0,0.0,,12.0,0.0
IL,2016,9,16,2016-04-24,0.0,0.0,4.0,0.0,0.0,,42.0,0.0
IL,2016,10,17,2016-05-01,0.0,0.0,25.0,0.0,0.0,,66.0,0.0
IL,2016,11,18,2016-05-08,0.0,0.0,46.0,0.0,0.0,,78.0,0.0
IL,2016,12,19,2016-05-15,0.0,0.0,64.0,0.0,0.0,,83.0,0.0
IL,2016,13,20,2016-05-22,0.0,0.0,77.0,0.0,0.0,,89.0,0.0
IL,2016,14,21,2016-05-29,0.0,0.0,87.0,0.0,0.0,,94.0,0.0
IL,2016,15,22,2016-06-05,0.0,0.0,92.0,0.0,0.0,,97.0,0.0
IL,2016,16,23,2016-06-12,0.0,0.0,97.0,0.0,0.0,,97.0,0.0
IL,2016,17,24,2016-06-19,0.0,0.0,97.0,0.0,0.0,,97.0,0.0
IL,2016,18,25,2016-06-26,0.0,0.0,97.0,0.0,0.0,,97.0,4.0
IL,2016,19,26,2016-07-03,0.0,0.0,97.0,0.0,0.0,,97.0,22.0
IL,2016,20,27,2016-07-10,0.0,0.0,97.0,0.0,0.0,,97.0,53.0
IL,2016,21,28,2016-07-17,0.0,5.0,97.0,0.0,0.0,,97.0,77.0
IL,2016,22,29,2016-07-24,0.0,18.0,97.0,0.0,0.0,,97.0,90.0
IL,2016,23,30,2016-07-31,0.0,38.0,97.0,0.0,0.0,,97.0,97.0
IL,2016,24,31,2016-08-07,6.0,60.0,97.0,0.0,0.0,,97.0,100.0
IL,2016,25,32,2016-08-14,25.0,79.0,97.0,0.0,0.0,,97.0,100.0
IL,2016,26,33,2016-08-21,47.0,89.0,97.0,0.0,1.0,,97.0,100.0
IL,2016,27,34,2016-08-28,68.0,95.0,97.0,0.0,7.0,,97.0,100.0
IL,2016,28,35,2016-09-04,83.0,97.0,97.0,1.0,22.0,,97.0,100.0
IL,2016,29,36,2016-09-11,91.0,97.0,97.0,3.0,42.0,,97.0,100.0
IL,2016,30,37,2016-09-18,95.0,97.0,97.0,9.0,63.0,,97.0,100.0
IL,2016,31,38,2016-09-25,98.0,97.0,97.0,24.0,88.0,,97.0,100.0
IL,2016,32,39,2016-10-02,98.0,97.0,97.0,43.0,97.0,,97.0,100.0
IL,2016,33,40,2016-10-09,98.0,97.0,97.0,62.0,99.0,,97.0,100.0
IL,2016,34,41,2016-10-16,98.0,97.0,97.0,73.0,100.0,,97.0,100.0
IL,2016,35,42,2016-10-23,98.0,97.0,97.0,83.0,100.0,,97.0,100.0
IL,2016,36,43,2016-10-30,98.0,97.0,97.0,91.0,100.0,,97.0,100.0
IL,2016,37,44,2016-11-06,98.0,97.0,97.0,94.0,100.0,,97.0,100.0
IL,2016,38,45,2016-11-13,98.0,97.0,97.0,97.0,100.0,,97.0,100.0
IL,2016,39,46,2016-11-20,98.0,97.0,97.0,100.0,100.0,,97.0,100.0
IL,2017,7,14,2017-04-09,0.0,0.0,0.0,0.0,0.0,,1.0,0.0
IL,2017,8,15,2017-04-16,0.0,0.0,0.0,0.0,0.0,,6.0,0.0
IL,2017,9,16,2017-04-23,0.0,0.0,5.0,0.0,0.0,,34.0,0.0
IL,2017,10,17,2017-04-30,0.0,0.0,20.0,0.0,0.0,,63.0,0.0
IL,2017,11,18,2017-05-07,0.0,0.0,29.0,0.0,0.0,,65.0,0.0
IL,2017,12,19,2017-05-14,0.0,0.0,47.0,0.0,0.0,,75.0,0.0
IL,2017,13,20,2017-05-21,0.0,0.0,67.0,0.0,0.0,,89.0,0.0
IL,2017,14,21,2017-05-28,0.0,0.0,80.0,0.0,0.0,,93.0,0.0
IL,2017,15,22,2017-06-04,0.0,0.0,90.0,0.0,0.0,,98.0,0.0
IL,2017,16,23,2017-06-11,0.0,0.0,96.0,0.0,0.0,,98.0,0.0
IL,2017,17,24,2017-06-18,0.0,0.0,100.0,0.0,0.0,,98.0,0.0
IL,2017,18,25,2017-06-25,0.0,0.0,100.0,0.0,0.0,,98.0,2.0
IL,2017,19,26,2017-07-02,0.0,0.0,100.0,0.0,0.0,,98.0,12.0
IL,2017,20,27,2017-07-09,0.0,0.0,100.0,0.0,0.0,,98.0,33.0
IL,2017,21,28,2017-07-16,0.0,0.0,100.0,0.0,0.0,,98.0,63.0
IL,2017,22,29,2017-07-23,0.0,7.0,100.0,0.0,0.0,,98.0,83.0
IL,2017,23,30,2017-07-30,1.0,36.0,100.0,0.0,0.0,,98.0,93.0
IL,2017,24,31,2017-08-06,9.0,57.0,100.0,0.0,0.0,,98.0,97.0
IL,2017,25,32,2017-08-13,26.0,77.0,100.0,0.0,0.0,,98.0,100.0
IL,2017,26,33,2017-08-20,41.0,91.0,100.0,0.0,0.0,,98.0,100.0
IL,2017,27,34,2017-08-27,54.0,94.0,100.0,0.0,2.0,,98.0,100.0
IL,2017,28,35,2017-09-03,67.0,96.0,100.0,0.0,13.0,,98.0,100.0
IL,2017,29,36,2017-09-10,82.0,100.0,100.0,2.0,26.0,,98.0,100.0
IL,2017,30,37,2017-09-17,89.0,100.0,100.0,5.0,39.0,,98.0,100.0
IL,2017,31,38,2017-09-24,94.0,100.0,100.0,11.0,57.0,,98.0,100.0
IL,2017,32,39,2017-10-01,97.0,100.0,100.0,21.0,73.0,,98.0,100.0
IL,2017,33,40,2017-10-08,97.0,100.0,100.0,38.0,90.0,,98.0,100.0
IL,2017,34,41,2017-10-15,97.0,100.0,100.0,47.0,95.0,,98.0,100.0
IL,2017,35,42,2017-10-22,97.0,100.0,100.0,62.0,100.0,,98.0,100.0
IL,2017,36,43,2017-10-29,97.0,100.0,100.0,73.0,100.0,,98.0,100.0
IL,2017,37,44,2017-11-05,97.0,100.0,100.0,83.0,100.0,,98.0,100.0
IL,2017,38,45,2017-11-12,97.0,100.0,100.0,90.0,100.0,,98.0,100.0
IL,2017,39,46,2017-11-19,97.0,100.0,100.0,95.0,100.0,,98.0,100.0
IL,2017,40,47,2017-11-26,97.0,100.0,100.0,98.0,100.0,,98.0,100.0
IL,2018,6,13,2018-04-01,0.0,0.0,0.0,0.0,0.0,,0.0,0.0
IL,2018,7,14,2018-04-08,0.0,0.0,0.0,0.0,0.0,,0.0,0.0
IL,2018,8,15,2018-04-15,0.0,0.0,0.0,0.0,0.0,,0.0,0.0
IL,2018,9,16,2018-04-22,0.0,0.0,0.0,0.0,0.0,,4.0,0.0
IL,2018,10,17,2018-04-29,0.0,0.0,0.0,0.0,0.0,,32.0,0.0
IL,2018,11,18,2018-05-06,0.0,0.0,14.0,0.0,0.0,,74.0,0.0
IL,2018,12,19,2018-05-13,0.0,0.0,63.0,0.0,0.0,,90.0,0.0
IL,2018,13,20,2018-05-20,0.0,0.0,84.0,0.0,0.0,,96.0,0.0
IL,2018,14,21,2018-05-27,0.0,0.0,89.0,0.0,0.0,,100.0,0.0
IL,2018,15,22,2018-06-03,0.0,0.0,91.0,0.0,0.0,,100.0,0.0
IL,2018,16,23,2018-06-10,0.0,0.0,95.0,0.0,0.0,,100.0,0.0
IL,2018,17,24,2018-06-17,0.0,0.0,100.0,0.0,0.0,,100.0,0.0
IL,2018,18,25,2018-06-24,0.0,0.0,100.0,0.0,0.0,,100.0,2.0
IL,2018,19,26,2018-07-01,0.0,0.0,100.0,0.0,0.0,,100.0,40.0
IL,2018,20,27,2018-07-08,0.0,0.0,100.0,0.0,0.0,,100.0,76.0
IL,2018,21,28,2018-07-15,0.0,7.0,100.0,0.0,0.0,,100.0,93.0
IL,2018,22,29,2018-07-22,0.0,33.0,100.0,0.0,0.0,,100.0,97.0
IL,2018,23,30,2018-07-29,6.0,64.0,100.0,0.0,0.0,,100.0,100.0
IL,2018,24,31,2018-08-05,21.0,81.0,100.0,0.0,0.0,,100.0,100.0
IL,2018,25,32,2018-08-12,45.0,90.0,100.0,0.0,0.0,,100.0,100.0
IL,2018,26,33,2018-08-19,63.0,94.0,100.0,0.0,1.0,,100.0,100.0
IL,2018,27,34,2018-08-26,80.0,97.0,100.0,0.0,11.0,,100.0,100.0
IL,2018,28,35,2018-09-02,90.0,100.0,100.0,1.0,36.0,,100.0,100.0
IL,2018,29,36,2018-09-09,96.0,100.0,100.0,4.0,56.0,,100.0,100.0
IL,2018,30,37,2018-09-16,100.0,100.0,100.0,12.0,75.0,,100.0,100.0
IL,2018,31,38,2018-09-23,100.0,100.0,100.0,28.0,85.0,,100.0,100.0
IL,2018,32,39,2018-09-30,100.0,100.0,100.0,48.0,96.0,,100.0,100.0
IL,2018,33,40,2018-10-07,100.0,100.0,100.0,63.0,100.0,,100.0,100.0
IL,2018,34,41,2018-10-14,100.0,100.0,100.0,71.0,100.0,,100.0,100.0
IL,2018,35,42,2018-10-21,100.0,100.0,100.0,82.0,100.0,,100.0,100.0
IL,2018,36,43,2018-10-28,100.0,100.0,100.0,89.0,100.0,,100.0,100.0
IL,2018,37,44,2018-11-04,100.0,100.0,100.0,93.0,100.0,,100.0,100.0
IL,2018,38,45,2018-11-11,100.0,100.0,100.0,96.0,100.0,,100.0,100.0
IL,2018,39,46,2018-11-18,100.0,100.0,100.0,100.0,100.0,,100.0,100.0
IL,2018,40,47,2018-11-25,100.0,100.0,100.0,100.0,100.0,,100.0,100.0
IL,2019,6,13,2019-03-31,0.0,0.0,0.0,0.0,0.0,,0.0,0.0
IL,2019,7,14,2019-04-07,0.0,0.0,0.0,0.0,0.0,,0.0,0.0
IL,2019,8,15,2019-04-14,0.0,0.0,0.0,0.0,0.0,,0.0,0.0
IL,2019,9,16,2019-04-21,0.0,0.0,0.0,0.0,0.0,,1.0,0.0
IL,2019,10,17,2019-04-28,0.0,0.0,0.0,0.0,0.0,,9.0,0.0
IL,2019,11,18,2019-05-05,0.0,0.0,2.0,0.0,0.0,,10.0,0.0
IL,2019,12,19,2019-05-12,0.0,0.0,4.0,0.0,0.0,,11.0,0.0
IL,2019,13,20,2019-05-19,0.0,0.0,11.0,0.0,0.0,,24.0,0.0
IL,2019,14,21,2019-05-26,0.0,0.0,20.0,0.0,0.0,,35.0,0.0
IL,2019,15,22,2019-06-02,0.0,0.0,32.0,0.0,0.0,,45.0,0.0
IL,2019,16,23,2019-06-09,0.0,0.0,51.0,0.0,0.0,,73.0,0.0
IL,2019,17,24,2019-06-16,0.0,0.0,74.0,0.0,0.0,,88.0,0.0
IL,2019,18,25,2019-06-23,0.0,0.0,84.0,0.0,0.0,,92.0,0.0
IL,2019,19,26,2019-06-30,0.0,0.0,89.0,0.0,0.0,,95.0,0.0
IL,2019,20,27,2019-07-07,0.0,0.0,95.0,0.0,0.0,,95.0,4.0
IL,2019,21,28,2019-07-14,0.0,0.0,95.0,0.0,0.0,,95.0,19.0
IL,2019,22,29,2019-07-21,0.0,1.0,95.0,0.0,0.0,,95.0,36.0
IL,2019,23,30,2019-07-28,0.0,16.0,95.0,0.0,0.0,,95.0,59.0
IL,2019,24,31,2019-08-04,0.0,29.0,95.0,0.0,0.0,,95.0,81.0
IL,2019,25,32,2019-08-11,1.0,42.0,95.0,0.0,0.0,,95.0,93.0
IL,2019,26,33,2019-08-18,12.0,55.0,95.0,0.0,0.0,,95.0,96.0
IL,2019,27,34,2019-08-25,34.0,75.0,95.0,0.0,0.0,,95.0,96.0
IL,2019,28,35,2019-09-01,46.0,82.0,95.0,0.0,2.0,,95.0,96.0
IL,2019,29,36,2019-09-08,53.0,88.0,95.0,0.0,8.0,,95.0,96.0
IL,2019,30,37,2019-09-15,67.0,94.0,95.0,1.0,14.0,,95.0,96.0
IL,2019,31,38,2019-09-22,77.0,97.0,95.0,2.0,26.0,,95.0,96.0
IL,2019,32,39,2019-09-29,85.0,97.0,95.0,4.0,40.0,,95.0,96.0
IL,2019,33,40,2019-10-06,91.0,97.0,95.0,13.0,59.0,,95.0,96.0
IL,2019,34,41,2019-10-13,96.0,97.0,95.0,23.0,73.0,,95.0,96.0
IL,2019,35,42,2019-10-20,96.0,97.0,95.0,36.0,88.0,,95.0,96.0
IL,2019,36,43,2019-10-27,96.0,97.0,95.0,54.0,93.0,,95.0,96.0
IL,2019,37,44,2019-11-03,96.0,97.0,95.0,58.0,95.0,,95.0,96.0
IL,2019,38,45,2019-11-10,96.0,97.0,95.0,71.0,95.0,,95.0,96.0
IL,2019,39,46,2019-11-17,96.0,97.0,95.0,80.0,95.0,,95.0,96.0
IL,2019,40,47,2019-11-24,96.0,97.0,95.0,88.0,95.0,,95.0,96.0
IL,2019,41,48,2019-12-01,96.0,97.0,95.0,93.0,95.0,,95.0,96.0
IL,2020,8,15,2020-04-12,0.0,0.0,0.0,0.0,0.0,,1.0,0.0
IL,2020,9,16,2020-04-19,0.0,0.0,0.0,0.0,0.0,,8.0,0.0
IL,2020,10,17,2020-04-26,0.0,0.0,1.0,0.0,0.0,,37.0,0.0
IL,2020,11,18,2020-05-03,0.0,0.0,9.0,0.0,0.0,,56.0,0.0
IL,2020,12,19,2020-05-10,0.0,0.0,23.0,0.0,0.0,,68.0,0.0
IL,2020,13,20,2020-05-17,0.0,0.0,43.0,0.0,0.0,,83.0,0.0
IL,2020,14,21,2020-05-24,0.0,0.0,66.0,0.0,0.0,,89.0,0.0
IL,2020,15,22,2020-05-31,0.0,0.0,76.0,0.0,0.0,,92.0,0.0
IL,2020,16,23,2020-06-07,0.0,0.0,90.0,0.0,0.0,,98.0,0.0
IL,2020,17,24,2020-06-14,0.0,0.0,96.0,0.0,0.0,,98.0,0.0
IL,2020,18,25,2020-06-21,0.0,0.0,96.0,0.0,0.0,,98.0,0.0
IL,2020,19,26,2020-06-28,0.0,0.0,96.0,0.0,0.0,,98.0,1.0
IL,2020,20,27,2020-07-05,0.0,0.0,96.0,0.0,0.0,,98.0,10.0
IL,2020,21,28,2020-07-12,0.0,1.0,96.0,0.0,0.0,,98.0,36.0
IL,2020,22,29,2020-07-19,0.0,9.0,96.0,0.0,0.0,,98.0,69.0
IL,2020,23,30,2020-07-26,0.0,22.0,96.0,0.0,0.0,,98.0,89.0
IL,2020,24,31,2020-08-02,1.0,43.0,96.0,0.0,0.0,,98.0,96.0
IL,2020,25,32,2020-08-09,10.0,66.0,96.0,0.0,0.0,,98.0,100.0
IL,2020,26,33,2020-08-16,21.0,81.0,96.0,0.0,0.0,,98.0,100.0
IL,2020,27,34,2020-08-23,47.0,93.0,96.0,0.0,1.0,,98.0,100.0
IL,2020,28,35,2020-08-30,71.0,97.0,96.0,0.0,12.0,,98.0,100.0
IL,2020,29,36,2020-09-06,86.0,100.0,96.0,0.0,23.0,,98.0,100.0
IL,2020,30,37,2020-09-13,92.0,100.0,96.0,2.0,37.0,,98.0,100.0
IL,2020,31,38,2020-09-20,98.0,100.0,96.0,4.0,53.0,,98.0,100.0
IL,2020,32,39,2020-09-27,98.0,100.0,96.0,13.0,73.0,,98.0,100.0
IL,2020,33,40,2020-10-04,98.0,100.0,96.0,26.0,89.0,,98.0,100.0
IL,2020,34,41,2020-10-11,98.0,100.0,96.0,45.0,95.0,,98.0,100.0
IL,2020,35,42,2020-10-18,98.0,100.0,96.0,66.0,99.0,,98.0,100.0
IL,2020,36,43,2020-10-25,98.0,100.0,96.0,80.0,99.0,,98.0,100.0
IL,2020,37,44,2020-11-01,98.0,100.0,96.0,89.0,99.0,,98.0,100.0
IL,2020,38,45,2020-11-08,98.0,100.0,96.0,95.0,99.0,,98.0,100.0
IL,2020,39,46,2020-11-15,98.0,100.0,96.0,99.0,99.0,,98.0,100.0
IL,2021,6,13,2021-04-04,0.0,0.0,0.0,0.0,0.0,,0.0,0.0
IL,2021,7,14,2021-04-11,0.0,0.0,0.0,0.0,0.0,,5.0,0.0
IL,2021,8,15,2021-04-18,0.0,0.0,0.0,0.0,0.0,,12.0,0.0
IL,2021,9,16,2021-04-25,0.0,0.0,2.0,0.0,0.0,,23.0,0.0
IL,2021,10,17,2021-05-02,0.0,0.0,14.0,0.0,0.0,,54.0,0.0
IL,2021,11,18,2021-05-09,0.0,0.0,35.0,0.0,0.0,,74.0,0.0
IL,2021,12,19,2021-05-16,0.0,0.0,59.0,0.0,0.0,,86.0,0.0
IL,2021,13,20,2021-05-23,0.0,0.0,74.0,0.0,0.0,,90.0,0.0
IL,2021,14,21,2021-05-30,0.0,0.0,86.0,0.0,0.0,,95.0,0.0
IL,2021,15,22,2021-06-06,0.0,0.0,93.0,0.0,0.0,,95.0,0.0
IL,2021,16,23,2021-06-13,0.0,0.0,98.0,0.0,0.0,,95.0,0.0
IL,2021,18,25,2021-06-27,0.0,0.0,98.0,0.0,0.0,,95.0,0.0
IL,2021,19,26,2021-07-04,0.0,0.0,98.0,0.0,0.0,,95.0,14.0
IL,2021,20,27,2021-07-11,0.0,1.0,98.0,0.0,0.0,,95.0,50.0
IL,2021,21,28,2021-07-18,0.0,9.0,98.0,0.0,0.0,,95.0,77.0
IL,2021,22,29,2021-07-25,0.0,20.0,98.0,0.0,0.0,,95.0,91.0
IL,2021,23,30,2021-08-01,0.0,49.0,98.0,0.0,0.0,,95.0,96.0
IL,2021,24,31,2021-08-08,3.0,66.0,98.0,0.0,0.0,,95.0,97.0
IL,2021,25,32,2021-08-15,27.0,80.0,98.0,0.0,0.0,,95.0,97.0
IL,2021,26,33,2021-08-22,50.0,85.0,98.0,0.0,0.0,,95.0,97.0
IL,2021,27,34,2021-08-29,65.0,88.0,98.0,0.0,4.0,,95.0,97.0
IL,2021,28,35,2021-09-05,83.0,96.0,98.0,0.0,30.0,,95.0,97.0
IL,2021,29,36,2021-09-12,93.0,96.0,98.0,1.0,51.0,,95.0,97.0
IL,2021,30,37,2021-09-19,96.0,96.0,98.0,11.0,72.0,,95.0,97.0
IL,2021,31,38,2021-09-26,97.0,96.0,98.0,21.0,83.0,,95.0,97.0
IL,2021,32,39,2021-10-03,97.0,96.0,98.0,41.0,95.0,,95.0,97.0
IL,2021,33,40,2021-10-10,97.0,96.0,98.0,55.0,96.0,,95.0,97.0
IL,2021,34,41,2021-10-17,97.0,96.0,98.0,62.0,98.0,,95.0,97.0
IL,2021,35,42,2021-10-24,97.0,96.0,98.0,78.0,98.0,,95.0,97.0
IL,2021,36,43,2021-10-31,97.0,96.0,98.0,81.0,98.0,,95.0,97.0
IL,2021,37,44,2021-11-07,97.0,96.0,98.0,90.0,98.0,,95.0,97.0
IL,2021,38,45,2021-11-14,97.0,96.0,98.0,95.0,98.0,,95.0,97.0
IL,2021,39,46,2021-11-21,97.0,96.0,98.0,96.0,98.0,,95.0,97.0
IL,2022,6,13,2022-04-03,0.0,0.0,0.0,0.0,0.0,,0.0,0.0
IL,2022,7,14,2022-04-10,0.0,0.0,0.0,0.0,0.0,,0.0,0.0
IL,2022,8,15,2022-04-17,0.0,0.0,0.0,0.0,0.0,,0.0,0.0
IL,2022,9,16,2022-04-24,0.0,0.0,0.0,0.0,0.0,,2.0,0.0
IL,2022,10,17,2022-05-01,0.0,0.0,0.0,0.0,0.0,,7.0,0.0
IL,2022,11,18,2022-05-08,0.0,0.0,1.0,0.0,0.0,,15.0,0.0
IL,2022,12,19,2022-05-15,0.0,0.0,13.0,0.0,0.0,,55.0,0.0
IL,2022,13,20,2022-05-22,0.0,0.0,48.0,0.0,0.0,,78.0,0.0
IL,2022,14,21,2022-05-29,0.0,0.0,76.0,0.0,0.0,,89.0,0.0
IL,2022,15,22,2022-06-05,0.0,0.0,89.0,0.0,0.0,,95.0,0.0
IL,2022,16,23,2022-06-12,0.0,0.0,96.0,0.0,0.0,,98.0,0.0
IL,2022,17,24,2022-06-19,0.0,0.0,97.0,0.0,0.0,,98.0,0.0
IL,2022,18,25,2022-06-26,0.0,0.0,97.0,0.0,0.0,,98.0,0.0
IL,2022,19,26,2022-07-03,0.0,0.0,97.0,0.0,0.0,,98.0,4.0
IL,2022,20,27,2022-07-10,0.0,0.0,97.0,0.0,0.0,,98.0,15.0
IL,2022,21,28,2022-07-17,0.0,6.0,97.0,0.0,0.0,,98.0,60.0
IL,2022,22,29,2022-07-24,0.0,17.0,97.0,0.0,0.0,,98.0,81.0
IL,2022,23,30,2022-07-31,0.0,31.0,97.0,0.0,0.0,,98.0,91.0
IL,2022,24,31,2022-08-07,2.0,55.0,97.0,0.0,0.0,,98.0,96.0
IL,2022,25,32,2022-08-14,12.0,70.0,97.0,0.0,0.0,,98.0,96.0
IL,2022,26,33,2022-08-21,37.0,80.0,97.0,0.0,0.0,,98.0,96.0
IL,2022,27,34,2022-08-28,46.0,85.0,97.0,0.0,3.0,,98.0,96.0
IL,2022,28,35,2022-09-04,64.0,88.0,97.0,0.0,11.0,,98.0,96.0
IL,2022,29,36,2022-09-11,70.0,90.0,97.0,1.0,16.0,,98.0,96.0
IL,2022,30,37,2022-09-18,77.0,92.0,97.0,2.0,27.0,,98.0,96.0
IL,2022,31,38,2022-09-25,81.0,96.0,97.0,6.0,47.0,,98.0,96.0
IL,2022,32,39,2022-10-02,85.0,96.0,97.0,13.0,63.0,,98.0,96.0
IL,2022,33,40,2022-10-09,95.0,96.0,97.0,27.0,75.0,,98.0,96.0
IL,2022,34,41,2022-10-16,95.0,96.0,97.0,47.0,88.0,,98.0,96.0
IL,2022,35,42,2022-10-23,95.0,96.0,97.0,65.0,93.0,,98.0,96.0
IL,2022,36,43,2022-10-30,95.0,96.0,97.0,78.0,97.0,,98.0,96.0
IL,2022,37,44,2022-11-06,95.0,96.0,97.0,88.0,97.0,,98.0,96.0
IL,2022,38,45,2022-11-13,95.0,96.0,97.0,94.0,97.0,,98.0,96.0
IL,2022,39,46,2022-11-20,95.0,96.0,97.0,97.0,97.0,,98.0,96.0
IL,2023,6,13,2023-04-02,0.0,0.0,0.0,0.0,0.0,,0.0,0.0
IL,2023,7,14,2023-04-09,0.0,0.0,0.0,0.0,0.0,,1.0,0.0
IL,2023,8,15,2023-04-16,0.0,0.0,0.0,0.0,0.0,,10.0,0.0
IL,2023,9,16,2023-04-23,0.0,0.0,0.0,0.0,0.0,,18.0,0.0
IL,2023,10,17,2023-04-30,0.0,0.0,4.0,0.0,0.0,,40.0,0.0
IL,2023,11,18,2023-05-07,0.0,0.0,17.0,0.0,0.0,,73.0,0.0
IL,2023,12,19,2023-05-14,0.0,0.0,45.0,0.0,0.0,,84.0,0.0
IL,2023,13,20,2023-05-21,0.0,0.0,68.0,0.0,0.0,,91.0,0.0
IL,2023,14,21,2023-05-28,0.0,0.0,84.0,0.0,0.0,,95.0,0.0
IL,2023,15,22,2023-06-04,0.0,0.0,91.0,0.0,0.0,,96.0,0.0
IL,2023,16,23,2023-06-11,0.0,0.0,97.0,0.0,0.0,,96.0,0.0
IL,2023,17,24,2023-06-18,0.0,0.0,98.0,0.0,0.0,,96.0,0.0
IL,2023,18,25,2023-06-25,0.0,0.0,98.0,0.0,0.0,,96.0,1.0
IL,2023,19,26,2023-07-02,0.0,0.0,98.0,0.0,0.0,,96.0,5.0
IL,2023,20,27,2023-07-09,0.0,1.0,98.0,0.0,0.0,,96.0,27.0
IL,2023,21,28,2023-07-16,0.0,7.0,98.0,0.0,0.0,,96.0,70.0
IL,2023,22,29,2023-07-23,0.0,18.0,98.0,0.0,0.0,,96.0,88.0
IL,2023,23,30,2023-07-30,0.0,35.0,98.0,0.0,0.0,,96.0,95.0
IL,2023,24,31,2023-08-06,1.0,56.0,98.0,0.0,0.0,,96.0,97.0
IL,2023,25,32,2023-08-13,20.0,71.0,98.0,0.0,0.0,,96.0,98.0
IL,2023,26,33,2023-08-20,39.0,80.0,98.0,0.0,1.0,,96.0,99.0
IL,2023,27,34,2023-08-27,54.0,85.0,98.0,0.0,7.0,,96.0,99.0
IL,2023,28,35,2023-09-03,66.0,87.0,98.0,1.0,15.0,,96.0,99.0
IL,2023,29,36,2023-09-10,87.0,98.0,98.0,2.0,42.0,,96.0,99.0
IL,2023,30,37,2023-09-17,94.0,98.0,98.0,6.0,70.0,,96.0,99.0
IL,2023,31,38,2023-09-24,97.0,98.0,98.0,10.0,81.0,,96.0,99.0
IL,2023,32,39,2023-10-01,97.0,98.0,98.0,23.0,92.0,,96.0,99.0
IL,2023,33,40,2023-10-08,97.0,98.0,98.0,42.0,96.0,,96.0,99.0
IL,2023,34,41,2023-10-15,97.0,98.0,98.0,52.0,98.0,,96.0,99.0
IL,2023,35,42,2023-10-22,97.0,98.0,98.0,70.0,98.0,,96.0,99.0
IL,2023,36,43,2023-10-29,97.0,98.0,98.0,81.0,98.0,,96.0,99.0
IL,2023,37,44,2023-11-05,97.0,98.0,98.0,90.0,98.0,,96.0,99.0
IL,2023,38,45,2023-11-12,97.0,98.0,98.0,95.0,98.0,,96.0,99.0
IL,2023,39,46,2023-11-19,97.0,98.0,98.0,97.0,98.0,,96.0,99.0
IL,2023,40,47,2023-11-26,97.0,98.0,98.0,99.0,98.0,,96.0,99.0
IL,2024,5,12,2024-03-24,0.0,0.0,0.0,0.0,0.0,,0.0,0.0
IL,2024,6,13,2024-03-31,0.0,0.0,0.0,0.0,0.0,,1.0,0.0
IL,2024,7,14,2024-04-07,0.0,0.0,0.0,0.0,0.0,,2.0,0.0
IL,2024,8,15,2024-04-14,0.0,0.0,0.0,0.0,0.0,,3.0,0.0
IL,2024,9,16,2024-04-21,0.0,0.0,1.0,0.0,0.0,,11.0,0.0
IL,2024,10,17,2024-04-28,0.0,0.0,6.0,0.0,0.0,,25.0,0.0
IL,2024,11,18,2024-05-05,0.0,0.0,13.0,0.0,0.0,,32.0,0.0
IL,2024,12,19,2024-05-12,0.0,0.0,25.0,0.0,0.0,,42.0,0.0
IL,2024,13,20,2024-05-19,0.0,0.0,49.0,0.0,0.0,,67.0,0.0
IL,2024,14,21,2024-05-26,0.0,0.0,65.0,0.0,0.0,,80.0,0.0
IL,2024,15,22,2024-06-02,0.0,0.0,78.0,0.0,0.0,,89.0,0.0
IL,2024,16,23,2024-06-09,0.0,0.0,87.0,0.0,0.0,,93.0,0.0
IL,2024,17,24,2024-06-16,0.0,0.0,93.0,0.0,0.0,,97.0,0.0
IL,2024,18,25,2024-06-23,0.0,0.0,96.0,0.0,0.0,,97.0,1.0
IL,2024,19,26,2024-06-30,0.0,0.0,96.0,0.0,0.0,,97.0,17.0
IL,2024,20,27,2024-07-07,0.0,1.0,96.0,0.0,0.0,,97.0,39.0
IL,2024,21,28,2024-07-14,0.0,8.0,96.0,0.0,0.0,,97.0,62.0
IL,2024,22,29,2024-07-21,0.0,18.0,96.0,0.0,0.0,,97.0,80.0
IL,2024,23,30,2024-07-28,0.0,34.0,96.0,0.0,0.0,,97.0,87.0
IL,2024,24,31,2024-08-04,4.0,56.0,96.0,0.0,0.0,,97.0,94.0
IL,2024,25,32,2024-08-11,18.0,69.0,96.0,0.0,0.0,,97.0,96.0
IL,2024,26,33,2024-08-18,40.0,85.0,96.0,0.0,1.0,,97.0,98.0
IL,2024,27,34,2024-08-25,62.0,92.0,96.0,0.0,10.0,,97.0,98.0
IL,2024,28,35,2024-09-01,70.0,95.0,96.0,0.0,24.0,,97.0,98.0
IL,2024,29,36,2024-09-08,82.0,97.0,96.0,2.0,40.0,,97.0,98.0
IL,2024,30,37,2024-09-15,93.0,97.0,96.0,7.0,63.0,,97.0,98.0
IL,2024,31,38,2024-09-22,97.0,97.0,96.0,14.0,72.0,,97.0,98.0
IL,2024,32,39,2024-09-29,99.0,97.0,96.0,21.0,85.0,,97.0,98.0
IL,2024,33,40,2024-10-06,99.0,97.0,96.0,32.0,94.0,,97.0,98.0
IL,2024,34,41,2024-10-13,99.0,97.0,96.0,49.0,97.0,,97.0,98.0
IL,2024,35,42,2024-10-20,99.0,97.0,96.0,67.0,99.0,,97.0,98.0
IL,2024,36,43,2024-10-27,99.0,97.0,96.0,87.0,99.0,,97.0,98.0
IL,2024,37,44,2024-11-03,99.0,97.0,96.0,95.0,99.0,,97.0,98.0
IL,2024,38,45,2024-11-10,99.0,97.0,96.0,97.0,99.0,,97.0,98.0
IL,2025,6,13,2025-03-30,0.0,0.0,0.0,0.0,0.0,,0.0,0.0
IL,2025,7,14,2025-04-06,0.0,0.0,0.0,0.0,0.0,,0.0,0.0
IL,2025,8,15,2025-04-13,0.0,0.0,0.0,0.0,0.0,,1.0,0.0
IL,2025,9,16,2025-04-20,0.0,0.0,0.0,0.0,0.0,,7.0,0.0
IL,2025,10,17,2025-04-27,0.0,0.0,2.0,0.0,0.0,,16.0,0.0
IL,2025,11,18,2025-05-04,0.0,0.0,8.0,0.0,0.0,,32.0,0.0
IL,2025,12,19,2025-05-11,0.0,0.0,25.0,0.0,0.0,,54.0,0.0
IL,2025,13,20,2025-05-18,0.0,0.0,54.0,0.0,0.0,,74.0,0.0
IL,2025,14,21,2025-05-25,0.0,0.0,70.0,0.0,0.0,,82.0,0.0
IL,2025,15,22,2025-06-01,0.0,0.0,80.0,0.0,0.0,,93.0,0.0
IL,2025,16,23,2025-06-08,0.0,0.0,89.0,0.0,0.0,,97.0,0.0
IL,2025,17,24,2025-06-15,0.0,0.0,93.0,0.0,0.0,,97.0,0.0
IL,2025,18,25,2025-06-22,0.0,0.0,95.0,0.0,0.0,,97.0,1.0
IL,2025,19,26,2025-06-29,0.0,0.0,95.0,0.0,0.0,,97.0,9.0
IL,2025,20,27,2025-07-06,0.0,1.0,95.0,0.0,0.0,,97.0,21.0
IL,2025,21,28,2025-07-13,0.0,6.0,95.0,0.0,0.0,,97.0,46.0
IL,2025,22,29,2025-07-20,0.0,15.0,95.0,0.0,0.0,,97.0,79.0
IL,2025,23,30,2025-07-27,0.0,35.0,95.0,0.0,0.0,,97.0,92.0
IL,2025,24,31,2025-08-03,1.0,53.0,95.0,0.0,0.0,,97.0,96.0
IL,2025,25,32,2025-08-10,19.0,68.0,95.0,0.0,0.0,,97.0,98.0
IL,2025,26,33,2025-08-17,34.0,81.0,95.0,0.0,0.0,,97.0,99.0
IL,2025,27,34,2025-08-24,59.0,92.0,95.0,0.0,3.0,,97.0,99.0
IL,2025,28,35,2025-08-31,72.0,96.0,95.0,0.0,15.0,,97.0,99.0
IL,2025,29,36,2025-09-07,87.0,98.0,95.0,2.0,27.0,,97.0,99.0
IL,2025,30,37,2025-09-14,93.0,98.0,95.0,5.0,50.0,,97.0,99.0
IL,2025,31,38,2025-09-21,96.0,98.0,95.0,12.0,69.0,,97.0,99.0
IL,2025,32,39,2025-09-28,98.0,98.0,95.0,21.0,85.0,,97.0,99.0
IL,2025,39,46,2025-11-16,98.0,98.0,95.0,98.0,85.0,,97.0,99.0
IL,2025,40,47,2025-11-23,98.0,98.0,95.0,99.0,85.0,,97.0,99.0
IN,2016,7,14,2016-04-10,0.0,0.0,0.0,0.0,0.0,,0.0,0.0
IN,2016,8,15,2016-04-17,0.0,0.0,0.0,0.0,0.0,,1.0,0.0
IN,2016,9,16,2016-04-24,0.0,0.0,0.0,0.0,0.0,,11.0,0.0
IN,2016,10,17,2016-05-01,0.0,0.0,4.0,0.0,0.0,,30.0,0.0
IN,2016,11,18,2016-05-08,0.0,0.0,15.0,0.0,0.0,,38.0,0.0
IN,2016,12,19,2016-05-15,0.0,0.0,28.0,0.0,0.0,,45.0,0.0
IN,2016,13,20,2016-05-22,0.0,0.0,39.0,0.0,0.0,,62.0,0.0
IN,2016,14,21,2016-05-29,0.0,0.0,60.0,0.0,0.0,,86.0,0.0
IN,2016,15,22,2016-06-05,0.0,0.0,80.0,0.0,0.0,,94.0,0.0
IN,2016,16,23,2016-06-12,0.0,0.0,91.0,0.0,0.0,,98.0,0.0
IN,2016,17,24,2016-06-19,0.0,0.0,97.0,0.0,0.0,,98.0,3.0
IN,2016,18,25,2016-06-26,0.0,0.0,97.0,0.0,0.0,,98.0,5.0
IN,2016,19,26,2016-07-03,0.0,0.0,97.0,0.0,0.0,,98.0,11.0
IN,2016,20,27,2016-07-10,0.0,0.0,97.0,0.0,0.0,,98.0,24.0
IN,2016,21,28,2016-07-17,0.0,1.0,97.0,0.0,0.0,,98.0,50.0
IN,2016,22,29,2016-07-24,0.0,10.0,97.0,0.0,0.0,,98.0,78.0
IN,2016,23,30,2016-07-31,1.0,29.0,97.0,0.0,0.0,,98.0,89.0
IN,2016,24,31,2016-08-07,10.0,49.0,97.0,0.0,0.0,,98.0,95.0
IN,2016,25,32,2016-08-14,23.0,72.0,97.0,0.0,0.0,,98.0,95.0
IN,2016,26,33,2016-08-21,44.0,84.0,97.0,1.0,2.0,,98.0,95.0
IN,2016,27,34,2016-08-28,62.0,95.0,97.0,9.0,8.0,,98.0,95.0
IN,2016,28,35,2016-09-04,77.0,99.0,97.0,0.0,20.0,,98.0,95.0
IN,2016,29,36,2016-09-11,88.0,99.0,97.0,3.0,35.0,,98.0,95.0
IN,2016,30,37,2016-09-18,95.0,99.0,97.0,7.0,56.0,,98.0,95.0
IN,2016,31,38,2016-09-25,99.0,99.0,97.0,15.0,74.0,,98.0,95.0
IN,2016,32,39,2016-10-02,99.0,99.0,97.0,24.0,87.0,,98.0,95.0
IN,2016,33,40,2016-10-09,99.0,99.0,97.0,38.0,94.0,,98.0,95.0
IN,2016,34,41,2016-10-16,99.0,99.0,97.0,52.0,97.0,,98.0,95.0
IN,2016,35,42,2016-10-23,99.0,99.0,97.0,64.0,97.0,,98.0,95.0
IN,2016,36,43,2016-10-30,99.0,99.0,97.0,76.0,97.0,,98.0,95.0
IN,2016,37,44,2016-11-06,99.0,99.0,97.0,87.0,97.0,,98.0,95.0
IN,2016,38,45,2016-11-13,99.0,99.0,97.0,94.0,97.0,,98.0,95.0
IN,2016,39,46,2016-11-20,99.0,99.0,97.0,97.0,97.0,,98.0,95.0
IN,2016,40,47,2016-11-27,99.0,99.0,97.0,99.0,97.0,,98.0,95.0
IN,2017,7,14,2017-04-09,0.0,0.0,0.0,0.0,0.0,,0.0,0.0
IN,2017,8,15,2017-04-16,0.0,0.0,0.0,0.0,0.0,,4.0,0.0
IN,2017,9,16,2017-04-23,0.0,0.0,2.0,0.0,0.0,,15.0,0.0
IN,2017,10,17,2017-04-30,0.0,0.0,10.0,0.0,0.0,,45.0,0.0
IN,2017,11,18,2017-05-07,0.0,0.0,18.0,0.0,0.0,,51.0,0.0
IN,2017,12,19,2017-05-14,0.0,0.0,29.0,0.0,0.0,,56.0,0.0
IN,2017,13,20,2017-05-21,0.0,0.0,45.0,0.0,0.0,,76.0,0.0
IN,2017,14,21,2017-05-28,0.0,0.0,60.0,0.0,0.0,,81.0,0.0
IN,2017,15,22,2017-06-04,0.0,0.0,74.0,0.0,0.0,,91.0,0.0
IN,2017,16,23,2017-06-11,0.0,0.0,86.0,0.0,0.0,,98.0,0.0
IN,2017,17,24,2017-06-18,0.0,0.0,92.0,0.0,0.0,,100.0,0.0
IN,2017,18,25,2017-06-25,0.0,0.0,95.0,0.0,0.0,,100.0,2.0
IN,2017,19,26,2017-07-02,0.0,0.0,95.0,0.0,0.0,,100.0,8.0
IN,2017,20,27,2017-07-09,0.0,0.0,95.0,0.0,0.0,,100.0,19.0
IN,2017,21,28,2017-07-16,0.0,0.0,95.0,0.0,0.0,,100.0,39.0
IN,2017,22,29,2017-07-23,0.0,5.0,95.0,0.0,0.0,,100.0,67.0
IN,2017,23,30,2017-07-30,0.0,25.0,95.0,0.0,0.0,,100.0,83.0
IN,2017,24,31,2017-08-06,3.0,45.0,95.0,0.0,0.0,,100.0,95.0
IN,2017,25,32,2017-08-13,20.0,65.0,95.0,0.0,0.0,,100.0,100.0
IN,2017,26,33,2017-08-20,40.0,80.0,95.0,0.0,0.0,,100.0,100.0
IN,2017,27,34,2017-08-27,53.0,89.0,95.0,3.0,3.0,,100.0,100.0
IN,2017,28,35,2017-09-03,65.0,94.0,95.0,14.0,13.0,,100.0,100.0
IN,2017,29,36,2017-09-10,76.0,96.0,95.0,1.0,26.0,,100.0,100.0
IN,2017,30,37,2017-09-17,86.0,96.0,95.0,5.0,39.0,,100.0,100.0
IN,2017,31,38,2017-09-24,92.0,96.0,95.0,10.0,54.0,,100.0,100.0
IN,2017,32,39,2017-10-01,96.0,96.0,95.0,16.0,69.0,,100.0,100.0
IN,2017,33,40,2017-10-08,96.0,96.0,95.0,24.0,82.0,,100.0,100.0
IN,2017,34,41,2017-10-15,96.0,96.0,95.0,34.0,91.0,,100.0,100.0
IN,2017,35,42,2017-10-22,96.0,96.0,95.0,46.0,95.0,,100.0,100.0
IN,2017,36,43,2017-10-29,96.0,96.0,95.0,59.0,99.0,,100.0,100.0
IN,2017,37,44,2017-11-05,96.0,96.0,95.0,70.0,99.0,,100.0,100.0
IN,2017,38,45,2017-11-12,96.0,96.0,95.0,80.0,99.0,,100.0,100.0
IN,2017,39,46,2017-11-19,96.0,96.0,95.0,87.0,99.0,,100.0,100.0
IN,2017,40,47,2017-11-26,96.0,96.0,95.0,93.0,99.0,,100.0,100.0
IN,2018,7,14,2018-04-08,0.0,0.0,0.0,0.0,0.0,,0.0,0.0
IN,2018,8,15,2018-04-15,0.0,0.0,0.0,0.0,0.0,,0.0,0.0
IN,2018,9,16,2018-04-22,0.0,0.0,0.0,0.0,0.0,,1.0,0.0
IN,2018,10,17,2018-04-29,0.0,0.0,0.0,0.0,0.0,,8.0,0.0
IN,2018,11,18,2018-05-06,0.0,0.0,3.0,0.0,0.0,,42.0,0.0
IN,2018,12,19,2018-05-13,0.0,0.0,32.0,0.0,0.0,,73.0,0.0
IN,2018,13,20,2018-05-20,0.0,0.0,61.0,0.0,0.0,,88.0,0.0
IN,2018,14,21,2018-05-27,0.0,0.0,81.0,0.0,0.0,,95.0,0.0
IN,2018,15,22,2018-06-03,0.0,0.0,89.0,0.0,0.0,,98.0,0.0
IN,2018,16,23,2018-06-10,0.0,0.0,97.0,0.0,0.0,,98.0,0.0
IN,2018,17,24,2018-06-17,0.0,0.0,99.0,0.0,0.0,,98.0,0.0
IN,2018,18,25,2018-06-24,0.0,0.0,99.0,0.0,0.0,,98.0,2.0
IN,2018,19,26,2018-07-01,0.0,0.0,99.0,0.0,0.0,,98.0,18.0
IN,2018,20,27,2018-07-08,0.0,0.0,99.0,0.0,0.0,,98.0,49.0
IN,2018,21,28,2018-07-15,0.0,0.0,99.0,0.0,0.0,,98.0,74.0
IN,2018,22,29,2018-07-22,0.0,6.0,99.0,0.0,0.0,,98.0,86.0
IN,2018,23,30,2018-07-29,0.0,34.0,99.0,0.0,0.0,,98.0,93.0
IN,2018,24,31,2018-08-05,3.0,58.0,99.0,0.0,0.0,,98.0,97.0
IN,2018,25,32,2018-08-12,26.0,75.0,99.0,0.0,0.0,,98.0,100.0
IN,2018,26,33,2018-08-19,43.0,86.0,99.0,3.0,2.0,,98.0,100.0
IN,2018,27,34,2018-08-26,59.0,93.0,99.0,16.0,11.0,,98.0,100.0
IN,2018,28,35,2018-09-02,74.0,96.0,99.0,36.0,23.0,,98.0,100.0
IN,2018,29,36,2018-09-09,86.0,100.0,99.0,2.0,40.0,,98.0,100.0
IN,2018,30,37,2018-09-16,94.0,100.0,99.0,7.0,61.0,,98.0,100.0
IN,2018,31,38,2018-09-23,98.0,100.0,99.0,18.0,81.0,,98.0,100.0
IN,2018,32,39,2018-09-30,98.0,100.0,99.0,27.0,91.0,,98.0,100.0
IN,2018,33,40,2018-10-07,98.0,100.0,99.0,39.0,95.0,,98.0,100.0
IN,2018,34,41,2018-10-14,98.0,100.0,99.0,51.0,100.0,,98.0,100.0
IN,2018,35,42,2018-10-21,98.0,100.0,99.0,65.0,100.0,,98.0,100.0
IN,2018,36,43,2018-10-28,98.0,100.0,99.0,77.0,100.0,,98.0,100.0
IN,2018,37,44,2018-11-04,98.0,100.0,99.0,83.0,100.0,,98.0,100.0
IN,2018,38,45,2018-11-11,98.0,100.0,99.0,88.0,100.0,,98.0,100.0
IN,2018,39,46,2018-11-18,98.0,100.0,99.0,92.0,100.0,,98.0,100.0
IN,2018,40,47,2018-11-25,98.0,100.0,99.0,95.0,100.0,,98.0,100.0
IN,2019,7,14,2019-04-07,0.0,0.0,0.0,0.0,0.0,,0.0,0.0
IN,2019,8,15,2019-04-14,0.0,0.0,0.0,0.0,0.0,,1.0,0.0
IN,2019,9,16,2019-04-21,0.0,0.0,0.0,0.0,0.0,,1.0,0.0
IN,2019,10,17,2019-04-28,0.0,0.0,0.0,0.0,0.0,,2.0,0.0
IN,2019,11,18,2019-05-05,0.0,0.0,0.0,0.0,0.0,,3.0,0.0
IN,2019,12,19,2019-05-12,0.0,0.0,1.0,0.0,0.0,,6.0,0.0
IN,2019,13,20,2019-05-19,0.0,0.0,4.0,0.0,0.0,,14.0,0.0
IN,2019,14,21,2019-05-26,0.0,0.0,10.0,0.0,0.0,,22.0,0.0
IN,2019,15,22,2019-06-02,0.0,0.0,18.0,0.0,0.0,,31.0,0.0
IN,2019,16,23,2019-06-09,0.0,0.0,35.0,0.0,0.0,,67.0,0.0
IN,2019,17,24,2019-06-16,0.0,0.0,61.0,0.0,0.0,,84.0,0.0
IN,2019,18,25,2019-06-23,0.0,0.0,79.0,0.0,0.0,,91.0,0.0
IN,2019,19,26,2019-06-30,0.0,0.0,88.0,0.0,0.0,,95.0,0.0
IN,2019,20,27,2019-07-07,0.0,0.0,93.0,0.0,0.0,,98.0,1.0
IN,2019,21,28,2019-07-14,0.0,0.0,97.0,0.0,0.0,,100.0,10.0
IN,2019,22,29,2019-07-21,0.0,0.0,100.0,0.0,0.0,,100.0,23.0
IN,2019,23,30,2019-07-28,0.0,8.0,100.0,0.0,0.0,,100.0,40.0
IN,2019,24,31,2019-08-04,0.0,16.0,100.0,0.0,0.0,,100.0,60.0
IN,2019,25,32,2019-08-11,1.0,28.0,100.0,0.0,0.0,,100.0,79.0
IN,2019,26,33,2019-08-18,7.0,43.0,100.0,0.0,0.0,,100.0,89.0
IN,2019,27,34,2019-08-25,17.0,59.0,100.0,0.0,0.0,,100.0,94.0
IN,2019,28,35,2019-09-01,26.0,70.0,100.0,0.0,1.0,,100.0,97.0
IN,2019,29,36,2019-09-08,43.0,82.0,100.0,0.0,8.0,,100.0,100.0
IN,2019,30,37,2019-09-15,59.0,90.0,100.0,1.0,16.0,,100.0,100.0
IN,2019,31,38,2019-09-22,73.0,95.0,100.0,3.0,26.0,,100.0,100.0
IN,2019,32,39,2019-09-29,84.0,100.0,100.0,8.0,41.0,,100.0,100.0
IN,2019,33,40,2019-10-06,91.0,100.0,100.0,15.0,56.0,,100.0,100.0
IN,2019,34,41,2019-10-13,95.0,100.0,100.0,24.0,72.0,,100.0,100.0
IN,2019,35,42,2019-10-20,100.0,100.0,100.0,36.0,85.0,,100.0,100.0
IN,2019,36,43,2019-10-27,100.0,100.0,100.0,48.0,94.0,,100.0,100.0
IN,2019,37,44,2019-11-03,100.0,100.0,100.0,57.0,97.0,,100.0,100.0
IN,2019,38,45,2019-11-10,100.0,100.0,100.0,72.0,100.0,,100.0,100.0
IN,2019,39,46,2019-11-17,100.0,100.0,100.0,80.0,100.0,,100.0,100.0
IN,2019,40,47,2019-11-24,100.0,100.0,100.0,89.0,100.0,,100.0,100.0
IN,2019,41,48,2019-12-01,100.0,100.0,100.0,93.0,100.0,,100.0,100.0
IN,2020,8,15,2020-04-12,0.0,0.0,0.0,0.0,0.0,,1.0,0.0
IN,2020,9,16,2020-04-19,0.0,0.0,0.0,0.0,0.0,,4.0,0.0
IN,2020,10,17,2020-04-26,0.0,0.0,1.0,0.0,0.0,,18.0,0.0
IN,2020,11,18,2020-05-03,0.0,0.0,4.0,0.0,0.0,,33.0,0.0
IN,2020,12,19,2020-05-10,0.0,0.0,13.0,0.0,0.0,,51.0,0.0
IN,2020,13,20,2020-05-17,0.0,0.0,31.0,0.0,0.0,,72.0,0.0
IN,2020,14,21,2020-05-24,0.0,0.0,55.0,0.0,0.0,,80.0,0.0
IN,2020,15,22,2020-05-31,0.0,0.0,73.0,0.0,0.0,,87.0,0.0
IN,2020,16,23,2020-06-07,0.0,0.0,85.0,0.0,0.0,,95.0,0.0
IN,2020,17,24,2020-06-14,0.0,0.0,94.0,0.0,0.0,,100.0,0.0
IN,2020,18,25,2020-06-21,0.0,0.0,98.0,0.0,0.0,,100.0,0.0
IN,2020,19,26,2020-06-28,0.0,0.0,100.0,0.0,0.0,,100.0,2.0
IN,2020,20,27,2020-07-05,0.0,0.0,100.0,0.0,0.0,,100.0,7.0
IN,2020,21,28,2020-07-12,0.0,0.0,100.0,0.0,0.0,,100.0,30.0
IN,2020,22,29,2020-07-19,0.0,4.0,100.0,0.0,0.0,,100.0,61.0
IN,2020,23,30,2020-07-26,0.0,17.0,100.0,0.0,0.0,,100.0,84.0
IN,2020,24,31,2020-08-02,0.0,37.0,100.0,0.0,0.0,,100.0,93.0
IN,2020,25,32,2020-08-09,4.0,56.0,100.0,0.0,0.0,,100.0,97.0
IN,2020,26,33,2020-08-16,16.0,71.0,100.0,0.0,0.0,,100.0,100.0
IN,2020,27,34,2020-08-23,35.0,86.0,100.0,4.0,2.0,,100.0,100.0
IN,2020,28,35,2020-08-30,52.0,94.0,100.0,17.0,8.0,,100.0,100.0
IN,2020,29,36,2020-09-06,68.0,97.0,100.0,38.0,20.0,,100.0,100.0
IN,2020,30,37,2020-09-13,82.0,100.0,100.0,1.0,34.0,,100.0,100.0
IN,2020,31,38,2020-09-20,91.0,100.0,100.0,5.0,50.0,,100.0,100.0
IN,2020,32,39,2020-09-27,96.0,100.0,100.0,12.0,66.0,,100.0,100.0
IN,2020,33,40,2020-10-04,100.0,100.0,100.0,22.0,83.0,,100.0,100.0
IN,2020,34,41,2020-10-11,100.0,100.0,100.0,34.0,91.0,,100.0,100.0
IN,2020,35,42,2020-10-18,100.0,100.0,100.0,48.0,95.0,,100.0,100.0
IN,2020,36,43,2020-10-25,100.0,100.0,100.0,62.0,100.0,,100.0,100.0
IN,2020,37,44,2020-11-01,100.0,100.0,100.0,73.0,100.0,,100.0,100.0
IN,2020,38,45,2020-11-08,100.0,100.0,100.0,86.0,100.0,,100.0,100.0
IN,2020,39,46,2020-11-15,100.0,100.0,100.0,93.0,100.0,,100.0,100.0
IN,2020,40,47,2020-11-22,100.0,100.0,100.0,96.0,100.0,,100.0,100.0
IN,2020,41,48,2020-11-29,100.0,100.0,100.0,100.0,100.0,,100.0,100.0
IN,2021,6,13,2021-04-04,0.0,0.0,0.0,0.0,0.0,,0.0,0.0
IN,2021,7,14,2021-04-11,0.0,0.0,0.0,0.0,0.0,,2.0,0.0
IN,2021,8,15,2021-04-18,0.0,0.0,0.0,0.0,0.0,,7.0,0.0
IN,2021,9,16,2021-04-25,0.0,0.0,2.0,0.0,0.0,,14.0,0.0
IN,2021,10,17,2021-05-02,0.0,0.0,8.0,0.0,0.0,,32.0,0.0
IN,2021,11,18,2021-05-09,0.0,0.0,18.0,0.0,0.0,,46.0,0.0
IN,2021,12,19,2021-05-16,0.0,0.0,34.0,0.0,0.0,,62.0,0.0
IN,2021,13,20,2021-05-23,0.0,0.0,55.0,0.0,0.0,,82.0,0.0
IN,2021,14,21,2021-05-30,0.0,0.0,76.0,0.0,0.0,,94.0,0.0
IN,2021,15,22,2021-06-06,0.0,0.0,88.0,0.0,0.0,,97.0,0.0
IN,2021,16,23,2021-06-13,0.0,0.0,96.0,0.0,0.0,,99.0,0.0
IN,2021,17,24,2021-06-20,0.0,0.0,100.0,0.0,0.0,,99.0,0.0
IN,2021,18,25,2021-06-27,0.0,0.0,100.0,0.0,0.0,,99.0,1.0
IN,2021,19,26,2021-07-04,0.0,0.0,100.0,0.0,0.0,,99.0,7.0
IN,2021,20,27,2021-07-11,0.0,1.0,100.0,0.0,0.0,,99.0,27.0
IN,2021,21,28,2021-07-18,0.0,8.0,100.0,0.0,0.0,,99.0,59.0
IN,2021,22,29,2021-07-25,0.0,19.0,100.0,0.0,0.0,,99.0,82.0
IN,2021,23,30,2021-08-01,0.0,31.0,100.0,0.0,0.0,,99.0,93.0
IN,2021,24,31,2021-08-08,3.0,52.0,100.0,0.0,0.0,,99.0,96.0
IN,2021,25,32,2021-08-15,17.0,76.0,100.0,0.0,0.0,,99.0,100.0
IN,2021,26,33,2021-08-22,36.0,87.0,100.0,7.0,1.0,,99.0,100.0
IN,2021,27,34,2021-08-29,57.0,93.0,100.0,15.0,8.0,,99.0,100.0
IN,2021,28,35,2021-09-05,72.0,96.0,100.0,30.0,15.0,,99.0,100.0
IN,2021,29,36,2021-09-12,88.0,100.0,100.0,2.0,34.0,,99.0,100.0
IN,2021,30,37,2021-09-19,94.0,100.0,100.0,9.0,55.0,,99.0,100.0
IN,2021,31,38,2021-09-26,97.0,100.0,100.0,15.0,72.0,,99.0,100.0
IN,2021,32,39,2021-10-03,100.0,100.0,100.0,26.0,88.0,,99.0,100.0
IN,2021,33,40,2021-10-10,100.0,100.0,100.0,36.0,94.0,,99.0,100.0
IN,2021,34,41,2021-10-17,100.0,100.0,100.0,45.0,97.0,,99.0,100.0
IN,2021,35,42,2021-10-24,100.0,100.0,100.0,57.0,100.0,,99.0,100.0
IN,2021,36,43,2021-10-31,100.0,100.0,100.0,62.0,100.0,,99.0,100.0
IN,2021,37,44,2021-11-07,100.0,100.0,100.0,75.0,100.0,,99.0,100.0
IN,2021,38,45,2021-11-14,100.0,100.0,100.0,85.0,100.0,,99.0,100.0
IN,2021,39,46,2021-11-21,100.0,100.0,100.0,91.0,100.0,,99.0,100.0
IN,2021,40,47,2021-11-28,100.0,100.0,100.0,95.0,100.0,,99.0,100.0
IN,2022,6,13,2022-04-03,0.0,0.0,0.0,0.0,0.0,,0.0,0.0
IN,2022,7,14,2022-04-10,0.0,0.0,0.0,0.0,0.0,,0.0,0.0
IN,2022,8,15,2022-04-17,0.0,0.0,0.0,0.0,0.0,,0.0,0.0
IN,2022,9,16,2022-04-24,0.0,0.0,0.0,0.0,0.0,,1.0,0.0
IN,2022,10,17,2022-05-01,0.0,0.0,0.0,0.0,0.0,,6.0,0.0
IN,2022,11,18,2022-05-08,0.0,0.0,1.0,0.0,0.0,,11.0,0.0
IN,2022,12,19,2022-05-15,0.0,0.0,9.0,0.0,0.0,,40.0,0.0
IN,2022,13,20,2022-05-22,0.0,0.0,32.0,0.0,0.0,,64.0,0.0
IN,2022,14,21,2022-05-29,0.0,0.0,58.0,0.0,0.0,,81.0,0.0
IN,2022,15,22,2022-06-05,0.0,0.0,76.0,0.0,0.0,,92.0,0.0
IN,2022,16,23,2022-06-12,0.0,0.0,89.0,0.0,0.0,,97.0,0.0
IN,2022,17,24,2022-06-19,0.0,0.0,96.0,0.0,0.0,,100.0,0.0
IN,2022,18,25,2022-06-26,0.0,0.0,100.0,0.0,0.0,,100.0,0.0
IN,2022,19,26,2022-07-03,0.0,0.0,100.0,0.0,0.0,,100.0,4.0
IN,2022,20,27,2022-07-10,0.0,0.0,100.0,0.0,0.0,,100.0,16.0
IN,2022,21,28,2022-07-17,0.0,3.0,100.0,0.0,0.0,,100.0,39.0
IN,2022,22,29,2022-07-24,0.0,10.0,100.0,0.0,0.0,,100.0,69.0
IN,2022,23,30,2022-07-31,0.0,25.0,100.0,0.0,0.0,,100.0,85.0
IN,2022,24,31,2022-08-07,1.0,44.0,100.0,0.0,0.0,,100.0,93.0
IN,2022,25,32,2022-08-14,8.0,59.0,100.0,0.0,0.0,,100.0,96.0
IN,2022,26,33,2022-08-21,20.0,77.0,100.0,1.0,1.0,,100.0,99.0
IN,2022,27,34,2022-08-28,37.0,88.0,100.0,9.0,2.0,,100.0,100.0
IN,2022,28,35,2022-09-04,55.0,94.0,100.0,29.0,9.0,,100.0,100.0
IN,2022,29,36,2022-09-11,73.0,97.0,100.0,0.0,15.0,,100.0,100.0
IN,2022,30,37,2022-09-18,86.0,100.0,100.0,1.0,29.0,,100.0,100.0
IN,2022,31,38,2022-09-25,92.0,100.0,100.0,6.0,47.0,,100.0,100.0
IN,2022,32,39,2022-10-02,96.0,100.0,100.0,16.0,67.0,,100.0,100.0
IN,2022,33,40,2022-10-09,99.0,100.0,100.0,27.0,84.0,,100.0,100.0
IN,2022,34,41,2022-10-16,100.0,100.0,100.0,39.0,92.0,,100.0,100.0
IN,2022,35,42,2022-10-23,100.0,100.0,100.0,54.0,95.0,,100.0,100.0
IN,2022,36,43,2022-10-30,100.0,100.0,100.0,71.0,99.0,,100.0,100.0
IN,2022,37,44,2022-11-06,100.0,100.0,100.0,83.0,100.0,,100.0,100.0
IN,2022,38,45,2022-11-13,100.0,100.0,100.0,91.0,100.0,,100.0,100.0
IN,2022,39,46,2022-11-20,100.0,100.0,100.0,95.0,100.0,,100.0,100.0
IN,2022,40,47,2022-11-27,100.0,100.0,100.0,99.0,100.0,,100.0,100.0
IN,2023,6,13,2023-04-02,0.0,0.0,0.0,0.0,0.0,,0.0,0.0
IN,2023,7,14,2023-04-09,0.0,0.0,0.0,0.0,0.0,,0.0,0.0
IN,2023,8,15,2023-04-16,0.0,0.0,0.0,0.0,0.0,,3.0,0.0
IN,2023,9,16,2023-04-23,0.0,0.0,0.0,0.0,0.0,,9.0,0.0
IN,2023,10,17,2023-04-30,0.0,0.0,1.0,0.0,0.0,,20.0,0.0
IN,2023,11,18,2023-05-07,0.0,0.0,6.0,0.0,0.0,,36.0,0.0
IN,2023,12,19,2023-05-14,0.0,0.0,22.0,0.0,0.0,,56.0,0.0
IN,2023,13,20,2023-05-21,0.0,0.0,47.0,0.0,0.0,,77.0,0.0
IN,2023,14,21,2023-05-28,0.0,0.0,71.0,0.0,0.0,,92.0,0.0
IN,2023,15,22,2023-06-04,0.0,0.0,85.0,0.0,0.0,,97.0,0.0
IN,2023,16,23,2023-06-11,0.0,0.0,94.0,0.0,0.0,,100.0,0.0
IN,2023,17,24,2023-06-18,0.0,0.0,97.0,0.0,0.0,,100.0,1.0
IN,2023,18,25,2023-06-25,0.0,0.0,100.0,0.0,0.0,,100.0,3.0
IN,2023,19,26,2023-07-02,0.0,0.0,100.0,0.0,0.0,,100.0,7.0
IN,2023,20,27,2023-07-09,0.0,0.0,100.0,0.0,0.0,,100.0,15.0
IN,2023,21,28,2023-07-16,0.0,4.0,100.0,0.0,0.0,,100.0,40.0
IN,2023,22,29,2023-07-23,0.0,11.0,100.0,0.0,0.0,,100.0,64.0
IN,2023,23,30,2023-07-30,0.0,24.0,100.0,0.0,0.0,,100.0,81.0
IN,2023,24,31,2023-08-06,0.0,39.0,100.0,0.0,0.0,,100.0,90.0
IN,2023,25,32,2023-08-13,2.0,55.0,100.0,0.0,0.0,,100.0,94.0
IN,2023,26,33,2023-08-20,12.0,71.0,100.0,1.0,0.0,,100.0,97.0
IN,2023,27,34,2023-08-27,32.0,82.0,100.0,10.0,1.0,,100.0,100.0
IN,2023,28,35,2023-09-03,51.0,92.0,100.0,19.0,4.0,,100.0,100.0
IN,2023,29,36,2023-09-10,70.0,96.0,100.0,0.0,12.0,,100.0,100.0
IN,2023,30,37,2023-09-17,85.0,99.0,100.0,2.0,31.0,,100.0,100.0
IN,2023,31,38,2023-09-24,93.0,100.0,100.0,7.0,51.0,,100.0,100.0
IN,2023,32,39,2023-10-01,97.0,100.0,100.0,13.0,69.0,,100.0,100.0
IN,2023,33,40,2023-10-08,100.0,100.0,100.0,21.0,82.0,,100.0,100.0
IN,2023,34,41,2023-10-15,100.0,100.0,100.0,30.0,92.0,,100.0,100.0
IN,2023,35,42,2023-10-22,100.0,100.0,100.0,42.0,96.0,,100.0,100.0
IN,2023,36,43,2023-10-29,100.0,100.0,100.0,56.0,99.0,,100.0,100.0
IN,2023,37,44,2023-11-05,100.0,100.0,100.0,68.0,100.0,,100.0,100.0
IN,2023,38,45,2023-11-12,100.0,100.0,100.0,82.0,100.0,,100.0,100.0
IN,2023,39,46,2023-11-19,100.0,100.0,100.0,90.0,100.0,,100.0,100.0
IN,2023,40,47,2023-11-26,100.0,100.0,100.0,95.0,100.0,,100.0,100.0
IN,2024,6,13,2024-03-31,0.0,0.0,0.0,0.0,0.0,,0.0,0.0
IN,2024,7,14,2024-04-07,0.0,0.0,0.0,0.0,0.0,,0.0,0.0
IN,2024,8,15,2024-04-14,0.0,0.0,0.0,0.0,0.0,,1.0,0.0
IN,2024,9,16,2024-04-21,0.0,0.0,0.0,0.0,0.0,,2.0,0.0
IN,2024,10,17,2024-04-28,0.0,0.0,0.0,0.0,0.0,,8.0,0.0
IN,2024,11,18,2024-05-05,0.0,0.0,6.0,0.0,0.0,,20.0,0.0
IN,2024,12,19,2024-05-12,0.0,0.0,15.0,0.0,0.0,,36.0,0.0
IN,2024,13,20,2024-05-19,0.0,0.0,30.0,0.0,0.0,,54.0,0.0
IN,2024,14,21,2024-05-26,0.0,0.0,50.0,0.0,0.0,,73.0,0.0
IN,2024,15,22,2024-06-02,0.0,0.0,71.0,0.0,0.0,,87.0,0.0
IN,2024,16,23,2024-06-09,0.0,0.0,83.0,0.0,0.0,,94.0,0.0
IN,2024,17,24,2024-06-16,0.0,0.0,92.0,0.0,0.0,,97.0,0.0
IN,2024,18,25,2024-06-23,0.0,0.0,98.0,0.0,0.0,,99.0,1.0
IN,2024,19,26,2024-06-30,0.0,0.0,100.0,0.0,0.0,,100.0,7.0
IN,2024,20,27,2024-07-07,0.0,0.0,100.0,0.0,0.0,,100.0,20.0
IN,2024,21,28,2024-07-14,0.0,3.0,100.0,0.0,0.0,,100.0,42.0
IN,2024,22,29,2024-07-21,0.0,13.0,100.0,0.0,0.0,,100.0,66.0
IN,2024,23,30,2024-07-28,0.0,26.0,100.0,0.0,0.0,,100.0,81.0
IN,2024,24,31,2024-08-04,2.0,40.0,100.0,0.0,0.0,,100.0,89.0
IN,2024,25,32,2024-08-11,11.0,55.0,100.0,0.0,0.0,,100.0,94.0
IN,2024,26,33,2024-08-18,25.0,71.0,100.0,1.0,0.0,,100.0,98.0
IN,2024,27,34,2024-08-25,43.0,84.0,100.0,9.0,4.0,,100.0,100.0
IN,2024,28,35,2024-09-01,61.0,89.0,100.0,19.0,12.0,,100.0,100.0
IN,2024,29,36,2024-09-08,79.0,96.0,100.0,1.0,25.0,,100.0,100.0
IN,2024,30,37,2024-09-15,90.0,100.0,100.0,5.0,48.0,,100.0,100.0
IN,2024,31,38,2024-09-22,95.0,100.0,100.0,12.0,67.0,,100.0,100.0
IN,2024,32,39,2024-09-29,100.0,100.0,100.0,20.0,81.0,,100.0,100.0
IN,2024,33,40,2024-10-06,100.0,100.0,100.0,29.0,91.0,,100.0,100.0
IN,2024,34,41,2024-10-13,100.0,100.0,100.0,44.0,96.0,,100.0,100.0
IN,2024,35,42,2024-10-20,100.0,100.0,100.0,61.0,99.0,,100.0,100.0
IN,2024,36,43,2024-10-27,100.0,100.0,100.0,77.0,100.0,,100.0,100.0
IN,2024,37,44,2024-11-03,100.0,100.0,100.0,88.0,100.0,,100.0,100.0
IN,2024,38,45,2024-11-10,100.0,100.0,100.0,94.0,100.0,,100.0,100.0
IN,2024,39,46,2024-11-17,100.0,100.0,100.0,97.0,100.0,,100.0,100.0
IN,2024,40,47,2024-11-24,100.0,100.0,100.0,99.0,100.0,,100.0,100.0
IN,2025,7,14,2025-04-06,0.0,0.0,0.0,0.0,0.0,,0.0,0.0
IN,2025,8,15,2025-04-13,0.0,0.0,0.0,0.0,0.0,,0.0,0.0
IN,2025,9,16,2025-04-20,0.0,0.0,0.0,0.0,0.0,,2.0,0.0
IN,2025,10,17,2025-04-27,0.0,0.0,0.0,0.0,0.0,,10.0,0.0
IN,2025,11,18,2025-05-04,0.0,0.0,6.0,0.0,0.0,,26.0,0.0
IN,2025,12,19,2025-05-11,0.0,0.0,19.0,0.0,0.0,,45.0,0.0
IN,2025,13,20,2025-05-18,0.0,0.0,39.0,0.0,0.0,,64.0,0.0
IN,2025,14,21,2025-05-25,0.0,0.0,57.0,0.0,0.0,,76.0,0.0
IN,2025,15,22,2025-06-01,0.0,0.0,70.0,0.0,0.0,,86.0,0.0
IN,2025,16,23,2025-06-08,0.0,0.0,81.0,0.0,0.0,,93.0,0.0
IN,2025,17,24,2025-06-15,0.0,0.0,89.0,0.0,0.0,,96.0,0.0
IN,2025,18,25,2025-06-22,0.0,0.0,94.0,0.0,0.0,,98.0,0.0
IN,2025,19,26,2025-06-29,0.0,0.0,97.0,0.0,0.0,,100.0,2.0
IN,2025,20,27,2025-07-06,0.0,0.0,99.0,0.0,0.0,,100.0,13.0
IN,2025,21,28,2025-07-13,0.0,1.0,100.0,0.0,0.0,,100.0,31.0
IN,2025,22,29,2025-07-20,0.0,9.0,100.0,0.0,0.0,,100.0,55.0
IN,2025,23,30,2025-07-27,0.0,19.0,100.0,0.0,0.0,,100.0,74.0
IN,2025,24,31,2025-08-03,0.0,33.0,100.0,0.0,0.0,,100.0,87.0
IN,2025,25,32,2025-08-10,0.0,54.0,100.0,0.0,0.0,,100.0,93.0
IN,2025,26,33,2025-08-17,20.0,69.0,100.0,2.0,0.0,,100.0,96.0
IN,2025,27,34,2025-08-24,34.0,82.0,100.0,11.0,1.0,,100.0,100.0
IN,2025,28,35,2025-08-31,47.0,90.0,100.0,23.0,5.0,,100.0,100.0
IN,2025,29,36,2025-09-07,71.0,95.0,100.0,1.0,19.0,,100.0,100.0
IN,2025,30,37,2025-09-14,85.0,99.0,100.0,6.0,40.0,,100.0,100.0
IN,2025,31,38,2025-09-21,91.0,100.0,100.0,10.0,54.0,,100.0,100.0
IN,2025,32,39,2025-09-28,95.0,100.0,100.0,16.0,68.0,,100.0,100.0
IN,2025,39,46,2025-11-16,95.0,100.0,100.0,93.0,68.0,,100.0,100.0
IN,2025,40,47,2025-11-23,95.0,100.0,100.0,97.0,68.0,,100.0,100.0
KS,2016,5,12,2016-03-27,0.0,0.0,0.0,0.0,0.0,,2.0,0.0
KS,2016,6,13,2016-04-03,0.0,0.0,0.0,0.0,0.0,,6.0,0.0
KS,2016,7,14,2016-04-10,0.0,0.0,0.0,0.0,0.0,,17.0,0.0
KS,2016,8,15,2016-04-17,0.0,0.0,0.0,0.0,0.0,,35.0,0.0
KS,2016,9,16,2016-04-24,0.0,0.0,22.0,0.0,0.0,,43.0,0.0
KS,2016,10,17,2016-05-01,0.0,0.0,27.0,0.0,0.0,,50.0,0.0
KS,2016,11,18,2016-05-08,0.0,0.0,38.0,0.0,0.0,,63.0,0.0
KS,2016,12,19,2016-05-15,0.0,0.0,51.0,0.0,0.0,,80.0,0.0
KS,2016,13,20,2016-05-22,0.0,0.0,61.0,0.0,0.0,,90.0,0.0
KS,2016,14,21,2016-05-29,0.0,0.0,75.0,0.0,0.0,,95.0,0.0
KS,2016,15,22,2016-06-05,0.0,0.0,88.0,0.0,0.0,,97.0,0.0
KS,2016,16,23,2016-06-12,0.0,0.0,96.0,0.0,0.0,,100.0,1.0
KS,2016,17,24,2016-06-19,0.0,0.0,96.0,0.0,0.0,,100.0,6.0
KS,2016,18,25,2016-06-26,0.0,0.0,96.0,0.0,0.0,,100.0,17.0
KS,2016,19,26,2016-07-03,0.0,0.0,96.0,0.0,0.0,,100.0,34.0
KS,2016,20,27,2016-07-10,0.0,0.0,96.0,0.0,0.0,,100.0,47.0
KS,2016,21,28,2016-07-17,0.0,0.0,96.0,0.0,0.0,,100.0,63.0
KS,2016,22,29,2016-07-24,0.0,13.0,96.0,0.0,0.0,,100.0,86.0
KS,2016,23,30,2016-07-31,0.0,33.0,96.0,0.0,0.0,,100.0,92.0
KS,2016,24,31,2016-08-07,13.0,56.0,96.0,0.0,0.0,,100.0,97.0
KS,2016,25,32,2016-08-14,29.0,78.0,96.0,0.0,0.0,,100.0,97.0
KS,2016,26,33,2016-08-21,51.0,87.0,96.0,0.0,7.0,,100.0,97.0
KS,2016,27,34,2016-08-28,64.0,92.0,96.0,0.0,15.0,,100.0,97.0
KS,2016,28,35,2016-09-04,80.0,94.0,96.0,0.0,26.0,,100.0,97.0
KS,2016,29,36,2016-09-11,88.0,97.0,96.0,8.0,42.0,,100.0,97.0
KS,2016,30,37,2016-09-18,96.0,97.0,96.0,17.0,65.0,,100.0,97.0
KS,2016,31,38,2016-09-25,98.0,97.0,96.0,29.0,81.0,,100.0,97.0
KS,2016,32,39,2016-10-02,98.0,97.0,96.0,47.0,91.0,,100.0,97.0
KS,2016,33,40,2016-10-09,98.0,97.0,96.0,62.0,96.0,,100.0,97.0
KS,2016,34,41,2016-10-16,98.0,97.0,96.0,76.0,100.0,,100.0,97.0
KS,2016,35,42,2016-10-23,98.0,97.0,96.0,87.0,100.0,,100.0,97.0
KS,2016,36,43,2016-10-30,98.0,97.0,96.0,93.0,100.0,,100.0,97.0
KS,2016,37,44,2016-11-06,98.0,97.0,96.0,96.0,100.0,,100.0,97.0
KS,2016,38,45,2016-11-13,98.0,97.0,96.0,99.0,100.0,,100.0,97.0
KS,2016,39,46,2016-11-20,98.0,97.0,96.0,100.0,100.0,,100.0,97.0
KS,2017,5,12,2017-03-26,0.0,0.0,0.0,0.0,0.0,,2.0,0.0
KS,2017,6,13,2017-04-02,0.0,0.0,0.0,0.0,0.0,,3.0,0.0
KS,2017,7,14,2017-04-09,0.0,0.0,0.0,0.0,0.0,,4.0,0.0
KS,2017,8,15,2017-04-16,0.0,0.0,0.0,0.0,0.0,,9.0,0.0
KS,2017,9,16,2017-04-23,0.0,0.0,4.0,0.0,0.0,,21.0,0.0
KS,2017,10,17,2017-04-30,0.0,0.0,12.0,0.0,0.0,,38.0,0.0
KS,2017,11,18,2017-05-07,0.0,0.0,20.0,0.0,0.0,,45.0,0.0
KS,2017,12,19,2017-05-14,0.0,0.0,34.0,0.0,0.0,,60.0,0.0
KS,2017,13,20,2017-05-21,0.0,0.0,48.0,0.0,0.0,,70.0,0.0
KS,2017,14,21,2017-05-28,0.0,0.0,64.0,0.0,0.0,,82.0,0.0
KS,2017,15,22,2017-06-04,0.0,0.0,76.0,0.0,0.0,,90.0,0.0
KS,2017,16,23,2017-06-11,0.0,0.0,88.0,0.0,0.0,,98.0,1.0
KS,2017,17,24,2017-06-18,0.0,0.0,95.0,0.0,0.0,,98.0,4.0
KS,2017,18,25,2017-06-25,0.0,0.0,95.0,0.0,0.0,,98.0,8.0
KS,2017,19,26,2017-07-02,0.0,0.0,95.0,0.0,0.0,,98.0,19.0
KS,2017,20,27,2017-07-09,0.0,0.0,95.0,0.0,0.0,,98.0,36.0
KS,2017,21,28,2017-07-16,0.0,0.0,95.0,0.0,0.0,,98.0,55.0
KS,2017,22,29,2017-07-23,0.0,8.0,95.0,0.0,0.0,,98.0,72.0
KS,2017,23,30,2017-07-30,0.0,31.0,95.0,0.0,0.0,,98.0,83.0
KS,2017,24,31,2017-08-06,10.0,51.0,95.0,0.0,0.0,,98.0,90.0
KS,2017,25,32,2017-08-13,24.0,70.0,95.0,0.0,0.0,,98.0,96.0
KS,2017,26,33,2017-08-20,40.0,83.0,95.0,0.0,3.0,,98.0,96.0
KS,2017,27,34,2017-08-27,58.0,89.0,95.0,0.0,15.0,,98.0,96.0
KS,2017,28,35,2017-09-03,75.0,93.0,95.0,3.0,30.0,,98.0,96.0
KS,2017,29,36,2017-09-10,84.0,97.0,95.0,10.0,45.0,,98.0,96.0
KS,2017,30,37,2017-09-17,91.0,97.0,95.0,19.0,61.0,,98.0,96.0
KS,2017,31,38,2017-09-24,96.0,97.0,95.0,29.0,75.0,,98.0,96.0
KS,2017,32,39,2017-10-01,98.0,97.0,95.0,39.0,84.0,,98.0,96.0
KS,2017,33,40,2017-10-08,98.0,97.0,95.0,46.0,88.0,,98.0,96.0
KS,2017,34,41,2017-10-15,98.0,97.0,95.0,54.0,92.0,,98.0,96.0
KS,2017,35,42,2017-10-22,98.0,97.0,95.0,65.0,95.0,,98.0,96.0
KS,2017,36,43,2017-10-29,98.0,97.0,95.0,78.0,95.0,,98.0,96.0
KS,2017,37,44,2017-11-05,98.0,97.0,95.0,88.0,95.0,,98.0,96.0
KS,2017,38,45,2017-11-12,98.0,97.0,95.0,93.0,95.0,,98.0,96.0
KS,2017,39,46,2017-11-19,98.0,97.0,95.0,96.0,95.0,,98.0,96.0
KS,2017,40,47,2017-11-26,98.0,97.0,95.0,98.0,95.0,,98.0,96.0
KS,2018,6,13,2018-04-01,0.0,0.0,0.0,0.0,0.0,,1.0,0.0
KS,2018,7,14,2018-04-08,0.0,0.0,0.0,0.0,0.0,,2.0,0.0
KS,2018,8,15,2018-04-15,0.0,0.0,0.0,0.0,0.0,,6.0,0.0
KS,2018,9,16,2018-04-22,0.0,0.0,0.0,0.0,0.0,,15.0,0.0
KS,2018,10,17,2018-04-29,0.0,0.0,6.0,0.0,0.0,,27.0,0.0
KS,2018,11,18,2018-05-06,0.0,0.0,18.0,0.0,0.0,,47.0,0.0
KS,2018,12,19,2018-05-13,0.0,0.0,37.0,0.0,0.0,,68.0,0.0
KS,2018,13,20,2018-05-20,0.0,0.0,56.0,0.0,0.0,,82.0,0.0
KS,2018,14,21,2018-05-27,0.0,0.0,81.0,0.0,0.0,,93.0,0.0
KS,2018,15,22,2018-06-03,0.0,0.0,90.0,0.0,0.0,,97.0,0.0
KS,2018,16,23,2018-06-10,0.0,0.0,96.0,0.0,0.0,,97.0,0.0
KS,2018,17,24,2018-06-17,0.0,0.0,99.0,0.0,0.0,,97.0,3.0
KS,2018,18,25,2018-06-24,0.0,0.0,99.0,0.0,0.0,,97.0,13.0
KS,2018,19,26,2018-07-01,0.0,0.0,99.0,0.0,0.0,,97.0,30.0
KS,2018,20,27,2018-07-08,0.0,6.0,99.0,0.0,0.0,,97.0,48.0
KS,2018,21,28,2018-07-15,0.0,17.0,99.0,0.0,0.0,,97.0,64.0
KS,2018,22,29,2018-07-22,0.0,34.0,99.0,0.0,0.0,,97.0,83.0
KS,2018,23,30,2018-07-29,11.0,49.0,99.0,0.0,0.0,,97.0,92.0
KS,2018,24,31,2018-08-05,23.0,65.0,99.0,0.0,0.0,,97.0,96.0
KS,2018,25,32,2018-08-12,42.0,77.0,99.0,0.0,6.0,,97.0,96.0
KS,2018,26,33,2018-08-19,58.0,88.0,99.0,1.0,14.0,,97.0,96.0
KS,2018,27,34,2018-08-26,71.0,92.0,99.0,2.0,23.0,,97.0,96.0
KS,2018,28,35,2018-09-02,81.0,95.0,99.0,6.0,36.0,,97.0,96.0
KS,2018,29,36,2018-09-09,89.0,95.0,99.0,9.0,49.0,,97.0,96.0
KS,2018,30,37,2018-09-16,94.0,95.0,99.0,16.0,63.0,,97.0,96.0
KS,2018,31,38,2018-09-23,98.0,95.0,99.0,30.0,80.0,,97.0,96.0
KS,2018,32,39,2018-09-30,98.0,95.0,99.0,47.0,90.0,,97.0,96.0
KS,2018,33,40,2018-10-07,98.0,95.0,99.0,59.0,95.0,,97.0,96.0
KS,2018,34,41,2018-10-14,98.0,95.0,99.0,63.0,96.0,,97.0,96.0
KS,2018,35,42,2018-10-21,98.0,95.0,99.0,69.0,96.0,,97.0,96.0
KS,2018,36,43,2018-10-28,98.0,95.0,99.0,76.0,96.0,,97.0,96.0
KS,2018,37,44,2018-11-04,98.0,95.0,99.0,85.0,96.0,,97.0,96.0
KS,2018,38,45,2018-11-11,98.0,95.0,99.0,89.0,96.0,,97.0,96.0
KS,2018,39,46,2018-11-18,98.0,95.0,99.0,92.0,96.0,,97.0,96.0
KS,2018,40,47,2018-11-25,98.0,95.0,99.0,94.0,96.0,,97.0,96.0
KS,2019,6,13,2019-03-31,0.0,0.0,0.0,0.0,0.0,,1.0,0.0
KS,2019,7,14,2019-04-07,0.0,0.0,0.0,0.0,0.0,,2.0,0.0
KS,2019,8,15,2019-04-14,0.0,0.0,0.0,0.0,0.0,,6.0,0.0
KS,2019,9,16,2019-04-21,0.0,0.0,0.0,0.0,0.0,,17.0,0.0
KS,2019,10,17,2019-04-28,0.0,0.0,3.0,0.0,0.0,,31.0,0.0
KS,2019,11,18,2019-05-05,0.0,0.0,16.0,0.0,0.0,,41.0,0.0
KS,2019,12,19,2019-05-12,0.0,0.0,26.0,0.0,0.0,,46.0,0.0
KS,2019,13,20,2019-05-19,0.0,0.0,37.0,0.0,0.0,,61.0,0.0
KS,2019,14,21,2019-05-26,0.0,0.0,49.0,0.0,0.0,,70.0,0.0
KS,2019,15,22,2019-06-02,0.0,0.0,60.0,0.0,0.0,,79.0,0.0
KS,2019,16,23,2019-06-09,0.0,0.0,73.0,0.0,0.0,,89.0,0.0
KS,2019,17,24,2019-06-16,0.0,0.0,83.0,0.0,0.0,,96.0,0.0
KS,2019,18,25,2019-06-23,0.0,0.0,92.0,0.0,0.0,,99.0,3.0
KS,2019,19,26,2019-06-30,0.0,0.0,97.0,0.0,0.0,,99.0,8.0
KS,2019,20,27,2019-07-07,0.0,1.0,99.0,0.0,0.0,,99.0,19.0
KS,2019,21,28,2019-07-14,0.0,6.0,99.0,0.0,0.0,,99.0,36.0
KS,2019,22,29,2019-07-21,0.0,13.0,99.0,0.0,0.0,,99.0,54.0
KS,2019,23,30,2019-07-28,2.0,24.0,99.0,0.0,0.0,,99.0,71.0
KS,2019,24,31,2019-08-04,9.0,39.0,99.0,0.0,0.0,,99.0,85.0
KS,2019,25,32,2019-08-11,21.0,55.0,99.0,0.0,1.0,,99.0,93.0
KS,2019,26,33,2019-08-18,37.0,72.0,99.0,0.0,4.0,,99.0,97.0
KS,2019,27,34,2019-08-25,51.0,84.0,99.0,0.0,7.0,,99.0,97.0
KS,2019,28,35,2019-09-01,65.0,90.0,99.0,1.0,16.0,,99.0,97.0
KS,2019,29,36,2019-09-08,80.0,96.0,99.0,4.0,28.0,,99.0,97.0
KS,2019,30,37,2019-09-15,88.0,97.0,99.0,10.0,43.0,,99.0,97.0
KS,2019,31,38,2019-09-22,93.0,98.0,99.0,19.0,60.0,,99.0,97.0
KS,2019,32,39,2019-09-29,96.0,98.0,99.0,28.0,73.0,,99.0,97.0
KS,2019,33,40,2019-10-06,97.0,98.0,99.0,36.0,84.0,,99.0,97.0
KS,2019,34,41,2019-10-13,98.0,98.0,99.0,48.0,93.0,,99.0,97.0
KS,2019,35,42,2019-10-20,98.0,98.0,99.0,62.0,97.0,,99.0,97.0
KS,2019,36,43,2019-10-27,98.0,98.0,99.0,74.0,98.0,,99.0,97.0
KS,2019,37,44,2019-11-03,98.0,98.0,99.0,83.0,100.0,,99.0,97.0
KS,2019,38,45,2019-11-10,98.0,98.0,99.0,90.0,100.0,,99.0,97.0
KS,2019,39,46,2019-11-17,98.0,98.0,99.0,95.0,100.0,,99.0,97.0
KS,2019,40,47,2019-11-24,98.0,98.0,99.0,97.0,100.0,,99.0,97.0
KS,2019,41,48,2019-12-01,98.0,98.0,99.0,99.0,100.0,,99.0,97.0
KS,2020,6,13,2020-03-29,0.0,0.0,0.0,0.0,0.0,,0.0,0.0
KS,2020,7,14,2020-04-05,0.0,0.0,0.0,0.0,0.0,,1.0,0.0
KS,2020,8,15,2020-04-12,0.0,0.0,0.0,0.0,0.0,,6.0,0.0
KS,2020,9,16,2020-04-19,0.0,0.0,0.0,0.0,0.0,,13.0,0.0
KS,2020,10,17,2020-04-26,0.0,0.0,3.0,0.0,0.0,,24.0,0.0
KS,2020,11,18,2020-05-03,0.0,0.0,13.0,0.0,0.0,,42.0,0.0
KS,2020,12,19,2020-05-10,0.0,0.0,29.0,0.0,0.0,,61.0,0.0
KS,2020,13,20,2020-05-17,0.0,0.0,45.0,0.0,0.0,,74.0,0.0
KS,2020,14,21,2020-05-24,0.0,0.0,60.0,0.0,0.0,,87.0,0.0
KS,2020,15,22,2020-05-31,0.0,0.0,74.0,0.0,0.0,,92.0,0.0
KS,2020,16,23,2020-06-07,0.0,0.0,86.0,0.0,0.0,,97.0,0.0
KS,2020,17,24,2020-06-14,0.0,0.0,95.0,0.0,0.0,,97.0,1.0
KS,2020,18,25,2020-06-21,0.0,0.0,95.0,0.0,0.0,,97.0,3.0
KS,2020,19,26,2020-06-28,0.0,1.0,95.0,0.0,0.0,,97.0,9.0
KS,2020,20,27,2020-07-05,0.0,4.0,95.0,0.0,0.0,,97.0,27.0
KS,2020,21,28,2020-07-12,0.0,9.0,95.0,0.0,0.0,,97.0,47.0
KS,2020,22,29,2020-07-19,1.0,25.0,95.0,0.0,0.0,,97.0,66.0
KS,2020,23,30,2020-07-26,4.0,36.0,95.0,0.0,0.0,,97.0,79.0
KS,2020,24,31,2020-08-02,11.0,53.0,95.0,0.0,0.0,,97.0,90.0
KS,2020,25,32,2020-08-09,26.0,67.0,95.0,0.0,0.0,,97.0,95.0
KS,2020,26,33,2020-08-16,40.0,81.0,95.0,0.0,1.0,,97.0,95.0
KS,2020,27,34,2020-08-23,57.0,90.0,95.0,0.0,8.0,,97.0,95.0
KS,2020,28,35,2020-08-30,71.0,96.0,95.0,2.0,18.0,,97.0,95.0
KS,2020,29,36,2020-09-06,83.0,97.0,95.0,4.0,31.0,,97.0,95.0
KS,2020,30,37,2020-09-13,91.0,100.0,95.0,8.0,49.0,,97.0,95.0
KS,2020,31,38,2020-09-20,96.0,100.0,95.0,16.0,67.0,,97.0,95.0
KS,2020,32,39,2020-09-27,96.0,100.0,95.0,29.0,84.0,,97.0,95.0
KS,2020,33,40,2020-10-04,96.0,100.0,95.0,44.0,92.0,,97.0,95.0
KS,2020,34,41,2020-10-11,96.0,100.0,95.0,63.0,96.0,,97.0,95.0
KS,2020,35,42,2020-10-18,96.0,100.0,95.0,76.0,98.0,,97.0,95.0
KS,2020,36,43,2020-10-25,96.0,100.0,95.0,85.0,98.0,,97.0,95.0
KS,2020,37,44,2020-11-01,96.0,100.0,95.0,90.0,98.0,,97.0,95.0
KS,2020,38,45,2020-11-08,96.0,100.0,95.0,94.0,98.0,,97.0,95.0
KS,2020,39,46,2020-11-15,96.0,100.0,95.0,97.0,98.0,,97.0,95.0
KS,2021,6,13,2021-04-04,0.0,0.0,0.0,0.0,0.0,,2.0,0.0
KS,2021,7,14,2021-04-11,0.0,0.0,0.0,0.0,0.0,,8.0,0.0
KS,2021,8,15,2021-04-18,0.0,0.0,1.0,0.0,0.0,,15.0,0.0
KS,2021,9,16,2021-04-25,0.0,0.0,6.0,0.0,0.0,,20.0,0.0
KS,2021,10,17,2021-05-02,0.0,0.0,14.0,0.0,0.0,,36.0,0.0
KS,2021,11,18,2021-05-09,0.0,0.0,26.0,0.0,0.0,,54.0,0.0
KS,2021,12,19,2021-05-16,0.0,0.0,42.0,0.0,0.0,,67.0,0.0
KS,2021,13,20,2021-05-23,0.0,0.0,56.0,0.0,0.0,,76.0,0.0
KS,2021,14,21,2021-05-30,0.0,0.0,66.0,0.0,0.0,,83.0,0.0
KS,2021,15,22,2021-06-06,0.0,0.0,74.0,0.0,0.0,,90.0,0.0
KS,2021,16,23,2021-06-13,0.0,0.0,86.0,0.0,0.0,,96.0,0.0
KS,2021,17,24,2021-06-20,0.0,0.0,95.0,0.0,0.0,,96.0,3.0
KS,2021,18,25,2021-06-27,0.0,0.0,98.0,0.0,0.0,,96.0,8.0
KS,2021,19,26,2021-07-04,0.0,0.0,98.0,0.0,0.0,,96.0,18.0
KS,2021,20,27,2021-07-11,0.0,4.0,98.0,0.0,0.0,,96.0,37.0
KS,2021,21,28,2021-07-18,0.0,13.0,98.0,0.0,0.0,,96.0,57.0
KS,2021,22,29,2021-07-25,0.0,24.0,98.0,0.0,0.0,,96.0,76.0
KS,2021,23,30,2021-08-01,4.0,46.0,98.0,0.0,0.0,,96.0,88.0
KS,2021,24,31,2021-08-08,12.0,62.0,98.0,0.0,0.0,,96.0,93.0
KS,2021,25,32,2021-08-15,25.0,74.0,98.0,0.0,0.0,,96.0,97.0
KS,2021,26,33,2021-08-22,48.0,86.0,98.0,0.0,3.0,,96.0,97.0
KS,2021,27,34,2021-08-29,63.0,91.0,98.0,0.0,12.0,,96.0,97.0
KS,2021,28,35,2021-09-05,76.0,95.0,98.0,4.0,26.0,,96.0,97.0
KS,2021,29,36,2021-09-12,89.0,95.0,98.0,11.0,45.0,,96.0,97.0
KS,2021,30,37,2021-09-19,93.0,95.0,98.0,20.0,62.0,,96.0,97.0
KS,2021,31,38,2021-09-26,97.0,95.0,98.0,36.0,81.0,,96.0,97.0
KS,2021,32,39,2021-10-03,97.0,95.0,98.0,51.0,92.0,,96.0,97.0
KS,2021,33,40,2021-10-10,97.0,95.0,98.0,66.0,98.0,,96.0,97.0
KS,2021,34,41,2021-10-17,97.0,95.0,98.0,75.0,99.0,,96.0,97.0
KS,2021,35,42,2021-10-24,97.0,95.0,98.0,84.0,99.0,,96.0,97.0
KS,2021,36,43,2021-10-31,97.0,95.0,98.0,90.0,99.0,,96.0,97.0
KS,2021,37,44,2021-11-07,97.0,95.0,98.0,93.0,99.0,,96.0,97.0
KS,2021,38,45,2021-11-14,97.0,95.0,98.0,95.0,99.0,,96.0,97.0
KS,2021,39,46,2021-11-21,97.0,95.0,98.0,97.0,99.0,,96.0,97.0
KS,2022,5,12,2022-03-27,0.0,0.0,0.0,0.0,0.0,,1.0,0.0
KS,2022,6,13,2022-04-03,0.0,0.0,0.0,0.0,0.0,,2.0,0.0
KS,2022,7,14,2022-04-10,0.0,0.0,0.0,0.0,0.0,,5.0,0.0
KS,2022,8,15,2022-04-17,0.0,0.0,0.0,0.0,0.0,,12.0,0.0
KS,2022,9,16,2022-04-24,0.0,0.0,1.0,0.0,0.0,,21.0,0.0
KS,2022,10,17,2022-05-01,0.0,0.0,8.0,0.0,0.0,,35.0,0.0
KS,2022,11,18,2022-05-08,0.0,0.0,17.0,0.0,0.0,,46.0,0.0
KS,2022,12,19,2022-05-15,0.0,0.0,28.0,0.0,0.0,,60.0,0.0
KS,2022,13,20,2022-05-22,0.0,0.0,46.0,0.0,0.0,,76.0,0.0
KS,2022,14,21,2022-05-29,0.0,0.0,61.0,0.0,0.0,,87.0,0.0
KS,2022,15,22,2022-06-05,0.0,0.0,77.0,0.0,0.0,,93.0,0.0
KS,2022,16,23,2022-06-12,0.0,0.0,83.0,0.0,0.0,,96.0,0.0
KS,2022,17,24,2022-06-19,0.0,0.0,93.0,0.0,0.0,,96.0,2.0
KS,2022,18,25,2022-06-26,0.0,0.0,96.0,0.0,0.0,,96.0,9.0
KS,2022,19,26,2022-07-03,0.0,0.0,96.0,0.0,0.0,,96.0,18.0
KS,2022,20,27,2022-07-10,0.0,2.0,96.0,0.0,0.0,,96.0,34.0
KS,2022,21,28,2022-07-17,0.0,9.0,96.0,0.0,0.0,,96.0,47.0
KS,2022,22,29,2022-07-24,0.0,19.0,96.0,0.0,0.0,,96.0,61.0
KS,2022,23,30,2022-07-31,0.0,29.0,96.0,0.0,0.0,,96.0,74.0
KS,2022,24,31,2022-08-07,6.0,49.0,96.0,0.0,0.0,,96.0,83.0
KS,2022,25,32,2022-08-14,25.0,63.0,96.0,0.0,0.0,,96.0,90.0
KS,2022,26,33,2022-08-21,47.0,74.0,96.0,4.0,12.0,,96.0,94.0
KS,2022,27,34,2022-08-28,61.0,85.0,96.0,8.0,24.0,,96.0,96.0
KS,2022,28,35,2022-09-04,74.0,92.0,96.0,16.0,38.0,,96.0,96.0
KS,2022,29,36,2022-09-11,83.0,95.0,96.0,21.0,50.0,,96.0,96.0
KS,2022,30,37,2022-09-18,90.0,95.0,96.0,27.0,61.0,,96.0,96.0
KS,2022,31,38,2022-09-25,95.0,95.0,96.0,35.0,72.0,,96.0,96.0
KS,2022,32,39,2022-10-02,96.0,95.0,96.0,50.0,83.0,,96.0,96.0
KS,2022,33,40,2022-10-09,96.0,95.0,96.0,61.0,95.0,,96.0,96.0
KS,2022,34,41,2022-10-16,96.0,95.0,96.0,73.0,97.0,,96.0,96.0
KS,2022,35,42,2022-10-23,96.0,95.0,96.0,83.0,99.0,,96.0,96.0
KS,2022,36,43,2022-10-30,96.0,95.0,96.0,90.0,99.0,,96.0,96.0
KS,2022,37,44,2022-11-06,96.0,95.0,96.0,93.0,99.0,,96.0,96.0
KS,2022,38,45,2022-11-13,96.0,95.0,96.0,96.0,99.0,,96.0,96.0
KS,2022,39,46,2022-11-20,96.0,95.0,96.0,97.0,99.0,,96.0,96.0
KS,2023,6,13,2023-04-02,0.0,0.0,0.0,0.0,0.0,,1.0,0.0
KS,2023,7,14,2023-04-09,0.0,0.0,0.0,0.0,0.0,,6.0,0.0
KS,2023,8,15,2023-04-16,0.0,0.0,0.0,0.0,0.0,,17.0,0.0
KS,2023,9,16,2023-04-23,0.0,0.0,3.0,0.0,0.0,,24.0,0.0
KS,2023,10,17,2023-04-30,0.0,0.0,10.0,0.0,0.0,,34.0,0.0
KS,2023,11,18,2023-05-07,0.0,0.0,20.0,0.0,0.0,,47.0,0.0
KS,2023,12,19,2023-05-14,0.0,0.0,36.0,0.0,0.0,,61.0,0.0
KS,2023,13,20,2023-05-21,0.0,0.0,54.0,0.0,0.0,,71.0,0.0
KS,2023,14,21,2023-05-28,0.0,0.0,66.0,0.0,0.0,,82.0,0.0
KS,2023,15,22,2023-06-04,0.0,0.0,75.0,0.0,0.0,,91.0,0.0
KS,2023,16,23,2023-06-11,0.0,0.0,86.0,0.0,0.0,,96.0,0.0
KS,2023,17,24,2023-06-18,0.0,0.0,91.0,0.0,0.0,,98.0,0.0
KS,2023,18,25,2023-06-25,0.0,0.0,96.0,0.0,0.0,,98.0,6.0
KS,2023,19,26,2023-07-02,0.0,0.0,96.0,0.0,0.0,,98.0,19.0
KS,2023,20,27,2023-07-09,0.0,4.0,96.0,0.0,0.0,,98.0,36.0
KS,2023,21,28,2023-07-16,0.0,13.0,96.0,0.0,0.0,,98.0,55.0
KS,2023,22,29,2023-07-23,0.0,24.0,96.0,0.0,0.0,,98.0,68.0
KS,2023,23,30,2023-07-30,0.0,39.0,96.0,0.0,0.0,,98.0,82.0
KS,2023,24,31,2023-08-06,11.0,57.0,96.0,0.0,0.0,,98.0,91.0
KS,2023,25,32,2023-08-13,24.0,68.0,96.0,0.0,0.0,,98.0,94.0
KS,2023,26,33,2023-08-20,48.0,80.0,96.0,0.0,7.0,,98.0,97.0
KS,2023,27,34,2023-08-27,64.0,89.0,96.0,0.0,20.0,,98.0,97.0
KS,2023,28,35,2023-09-03,83.0,95.0,96.0,6.0,39.0,,98.0,97.0
KS,2023,29,36,2023-09-10,89.0,97.0,96.0,17.0,56.0,,98.0,97.0
KS,2023,30,37,2023-09-17,96.0,97.0,96.0,27.0,76.0,,98.0,97.0
KS,2023,31,38,2023-09-24,99.0,97.0,96.0,38.0,87.0,,98.0,97.0
KS,2023,32,39,2023-10-01,99.0,97.0,96.0,51.0,93.0,,98.0,97.0
KS,2023,33,40,2023-10-08,99.0,97.0,96.0,64.0,97.0,,98.0,97.0
KS,2023,34,41,2023-10-15,99.0,97.0,96.0,72.0,100.0,,98.0,97.0
KS,2023,35,42,2023-10-22,99.0,97.0,96.0,82.0,100.0,,98.0,97.0
KS,2023,36,43,2023-10-29,99.0,97.0,96.0,89.0,100.0,,98.0,97.0
KS,2023,37,44,2023-11-05,99.0,97.0,96.0,94.0,100.0,,98.0,97.0
KS,2023,38,45,2023-11-12,99.0,97.0,96.0,97.0,100.0,,98.0,97.0
KS,2023,39,46,2023-11-19,99.0,97.0,96.0,100.0,100.0,,98.0,97.0
KS,2023,40,47,2023-11-26,99.0,97.0,96.0,100.0,100.0,,98.0,97.0
KS,2024,6,13,2024-03-31,0.0,0.0,0.0,0.0,0.0,,2.0,0.0
KS,2024,7,14,2024-04-07,0.0,0.0,0.0,0.0,0.0,,4.0,0.0
KS,2024,8,15,2024-04-14,0.0,0.0,0.0,0.0,0.0,,13.0,0.0
KS,2024,9,16,2024-04-21,0.0,0.0,3.0,0.0,0.0,,26.0,0.0
KS,2024,10,17,2024-04-28,0.0,0.0,17.0,0.0,0.0,,39.0,0.0
KS,2024,11,18,2024-05-05,0.0,0.0,29.0,0.0,0.0,,51.0,0.0
KS,2024,12,19,2024-05-12,0.0,0.0,41.0,0.0,0.0,,61.0,0.0
KS,2024,13,20,2024-05-19,0.0,0.0,53.0,0.0,0.0,,74.0,0.0
KS,2024,14,21,2024-05-26,0.0,0.0,68.0,0.0,0.0,,85.0,0.0
KS,2024,15,22,2024-06-02,0.0,0.0,79.0,0.0,0.0,,92.0,0.0
KS,2024,16,23,2024-06-09,0.0,0.0,87.0,0.0,0.0,,96.0,0.0
KS,2024,17,24,2024-06-16,0.0,0.0,94.0,0.0,0.0,,96.0,1.0
KS,2024,18,25,2024-06-23,0.0,0.0,97.0,0.0,0.0,,96.0,11.0
KS,2024,19,26,2024-06-30,0.0,0.0,97.0,0.0,0.0,,96.0,30.0
KS,2024,20,27,2024-07-07,0.0,4.0,97.0,0.0,0.0,,96.0,47.0
KS,2024,21,28,2024-07-14,0.0,16.0,97.0,0.0,0.0,,96.0,59.0
KS,2024,22,29,2024-07-21,0.0,30.0,97.0,0.0,0.0,,96.0,76.0
KS,2024,23,30,2024-07-28,0.0,48.0,97.0,0.0,0.0,,96.0,84.0
KS,2024,24,31,2024-08-04,10.0,70.0,97.0,0.0,0.0,,96.0,92.0
KS,2024,25,32,2024-08-11,32.0,78.0,97.0,0.0,0.0,,96.0,95.0
KS,2024,26,33,2024-08-18,48.0,88.0,97.0,0.0,7.0,,96.0,100.0
KS,2024,27,34,2024-08-25,64.0,91.0,97.0,0.0,20.0,,96.0,100.0
KS,2024,28,35,2024-09-01,76.0,96.0,97.0,4.0,36.0,,96.0,100.0
KS,2024,29,36,2024-09-08,88.0,100.0,97.0,14.0,55.0,,96.0,100.0
KS,2024,30,37,2024-09-15,94.0,100.0,97.0,26.0,72.0,,96.0,100.0
KS,2024,31,38,2024-09-22,98.0,100.0,97.0,41.0,85.0,,96.0,100.0
KS,2024,32,39,2024-09-29,99.0,100.0,97.0,53.0,92.0,,96.0,100.0
KS,2024,33,40,2024-10-06,99.0,100.0,97.0,67.0,97.0,,96.0,100.0
KS,2024,34,41,2024-10-13,99.0,100.0,97.0,77.0,98.0,,96.0,100.0
KS,2024,35,42,2024-10-20,99.0,100.0,97.0,83.0,99.0,,96.0,100.0
KS,2024,36,43,2024-10-27,99.0,100.0,97.0,89.0,100.0,,96.0,100.0
KS,2024,37,44,2024-11-03,99.0,100.0,97.0,93.0,100.0,,96.0,100.0
KS,2024,38,45,2024-11-10,99.0,100.0,97.0,97.0,100.0,,96.0,100.0
KS,2025,6,13,2025-03-30,0.0,0.0,0.0,0.0,0.0,,2.0,0.0
KS,2025,7,14,2025-04-06,0.0,0.0,0.0,0.0,0.0,,4.0,0.0
KS,2025,8,15,2025-04-13,0.0,0.0,1.0,0.0,0.0,,11.0,0.0
KS,2025,9,16,2025-04-20,0.0,0.0,3.0,0.0,0.0,,27.0,0.0
KS,2025,10,17,2025-04-27,0.0,0.0,11.0,0.0,0.0,,39.0,0.0
KS,2025,11,18,2025-05-04,0.0,0.0,24.0,0.0,0.0,,50.0,0.0
KS,2025,12,19,2025-05-11,0.0,0.0,42.0,0.0,0.0,,61.0,0.0
KS,2025,13,20,2025-05-18,0.0,0.0,53.0,0.0,0.0,,73.0,0.0
KS,2025,14,21,2025-05-25,0.0,0.0,63.0,0.0,0.0,,85.0,0.0
KS,2025,15,22,2025-06-01,0.0,0.0,73.0,0.0,0.0,,92.0,0.0
KS,2025,16,23,2025-06-08,0.0,0.0,81.0,0.0,0.0,,94.0,0.0
KS,2025,17,24,2025-06-15,0.0,0.0,88.0,0.0,0.0,,96.0,1.0
KS,2025,18,25,2025-06-22,0.0,0.0,95.0,0.0,0.0,,96.0,5.0
KS,2025,19,26,2025-06-29,0.0,0.0,95.0,0.0,0.0,,96.0,22.0
KS,2025,20,27,2025-07-06,0.0,2.0,95.0,0.0,0.0,,96.0,39.0
KS,2025,21,28,2025-07-13,0.0,11.0,95.0,0.0,0.0,,96.0,51.0
KS,2025,22,29,2025-07-20,0.0,24.0,95.0,0.0,0.0,,96.0,61.0
KS,2025,23,30,2025-07-27,0.0,36.0,95.0,0.0,0.0,,96.0,77.0
KS,2025,24,31,2025-08-03,4.0,51.0,95.0,0.0,0.0,,96.0,85.0
KS,2025,25,32,2025-08-10,22.0,68.0,95.0,0.0,0.0,,96.0,90.0
KS,2025,26,33,2025-08-17,37.0,78.0,95.0,0.0,1.0,,96.0,95.0
KS,2025,27,34,2025-08-24,56.0,89.0,95.0,0.0,12.0,,96.0,95.0
KS,2025,28,35,2025-08-31,72.0,96.0,95.0,0.0,29.0,,96.0,95.0
KS,2025,29,36,2025-09-07,85.0,97.0,95.0,2.0,44.0,,96.0,95.0
KS,2025,30,37,2025-09-14,94.0,97.0,95.0,10.0,55.0,,96.0,95.0
KS,2025,31,38,2025-09-21,97.0,97.0,95.0,20.0,70.0,,96.0,95.0
KS,2025,32,39,2025-09-28,100.0,97.0,95.0,29.0,87.0,,96.0,95.0
KS,2025,39,46,2025-11-16,100.0,97.0,95.0,92.0,87.0,,96.0,95.0
KS,2025,40,47,2025-11-23,100.0,97.0,95.0,95.0,87.0,,96.0,95.0
KY,2016,7,14,2016-04-10,0.0,0.0,0.0,0.0,0.0,0.0,6.0,0.0
KY,2016,8,15,2016-04-17,0.0,0.0,0.0,0.0,0.0,0.0,23.0,0.0
KY,2016,9,16,2016-04-24,0.0,0.0,8.0,0.0,0.0,0.0,50.0,0.0
KY,2016,10,17,2016-05-01,0.0,0.0,29.0,0.0,0.0,0.0,64.0,0.0
KY,2016,11,18,2016-05-08,0.0,0.0,49.0,0.0,0.0,0.0,74.0,0.0
KY,2016,12,19,2016-05-15,0.0,0.0,63.0,0.0,0.0,0.0,82.0,0.0
KY,2016,13,20,2016-05-22,0.0,0.0,71.0,0.0,0.0,0.0,83.0,0.0
KY,2016,14,21,2016-05-29,0.0,0.0,77.0,0.0,0.0,0.0,87.0,0.0
KY,2016,15,22,2016-06-05,0.0,0.0,84.0,0.0,0.0,0.0,92.0,0.0
KY,2016,16,23,2016-06-12,0.0,0.0,88.0,0.0,0.0,0.0,96.0,0.0
KY,2016,17,24,2016-06-19,0.0,0.0,95.0,0.0,0.0,0.0,96.0,2.0
KY,2016,18,25,2016-06-26,0.0,0.0,95.0,0.0,0.0,0.0,96.0,18.0
KY,2016,19,26,2016-07-03,0.0,0.0,95.0,0.0,0.0,8.0,96.0,45.0
KY,2016,20,27,2016-07-10,0.0,2.0,95.0,0.0,0.0,19.0,96.0,62.0
KY,2016,21,28,2016-07-17,0.0,15.0,95.0,0.0,0.0,36.0,96.0,75.0
KY,2016,22,29,2016-07-24,3.0,31.0,95.0,0.0,0.0,50.0,96.0,85.0
KY,2016,23,30,2016-07-31,19.0,43.0,95.0,0.0,0.0,62.0,96.0,90.0
KY,2016,24,31,2016-08-07,32.0,54.0,95.0,0.0,0.0,74.0,96.0,93.0
KY,2016,25,32,2016-08-14,49.0,70.0,95.0,0.0,5.0,86.0,96.0,97.0
KY,2016,26,33,2016-08-21,63.0,80.0,95.0,0.0,18.0,91.0,96.0,97.0
KY,2016,27,34,2016-08-28,74.0,88.0,95.0,2.0,33.0,95.0,96.0,97.0
KY,2016,28,35,2016-09-04,84.0,93.0,95.0,14.0,58.0,95.0,96.0,97.0
KY,2016,29,36,2016-09-11,90.0,95.0,95.0,27.0,74.0,95.0,96.0,97.0
KY,2016,30,37,2016-09-18,94.0,95.0,95.0,41.0,83.0,95.0,96.0,97.0
KY,2016,31,38,2016-09-25,96.0,95.0,95.0,59.0,89.0,95.0,96.0,97.0
KY,2016,32,39,2016-10-02,96.0,95.0,95.0,72.0,95.0,95.0,96.0,97.0
KY,2016,33,40,2016-10-09,96.0,95.0,95.0,83.0,97.0,95.0,96.0,97.0
KY,2016,34,41,2016-10-16,96.0,95.0,95.0,89.0,99.0,95.0,96.0,97.0
KY,2016,35,42,2016-10-23,96.0,95.0,95.0,94.0,99.0,95.0,96.0,97.0
KY,2016,36,43,2016-10-30,96.0,95.0,95.0,97.0,99.0,95.0,96.0,97.0
KY,2016,37,44,2016-11-06,96.0,95.0,95.0,99.0,99.0,95.0,96.0,97.0
KY,2016,38,45,2016-11-13,96.0,95.0,95.0,99.0,99.0,95.0,96.0,97.0
KY,2016,39,46,2016-11-20,96.0,95.0,95.0,100.0,99.0,95.0,96.0,97.0
KY,2017,7,14,2017-04-09,0.0,0.0,0.0,0.0,0.0,0.0,4.0,0.0
KY,2017,8,15,2017-04-16,0.0,0.0,0.0,0.0,0.0,0.0,19.0,0.0
KY,2017,9,16,2017-04-23,0.0,0.0,10.0,0.0,0.0,0.0,29.0,0.0
KY,2017,10,17,2017-04-30,0.0,0.0,24.0,0.0,0.0,0.0,42.0,0.0
KY,2017,11,18,2017-05-07,0.0,0.0,33.0,0.0,0.0,0.0,50.0,0.0
KY,2017,12,19,2017-05-14,0.0,0.0,45.0,0.0,0.0,0.0,68.0,0.0
KY,2017,13,20,2017-05-21,0.0,0.0,60.0,0.0,0.0,0.0,83.0,0.0
KY,2017,14,21,2017-05-28,0.0,0.0,74.0,0.0,0.0,0.0,91.0,0.0
KY,2017,15,22,2017-06-04,0.0,0.0,83.0,0.0,0.0,0.0,95.0,0.0
KY,2017,16,23,2017-06-11,0.0,0.0,92.0,0.0,0.0,0.0,95.0,0.0
KY,2017,17,24,2017-06-18,0.0,0.0,96.0,0.0,0.0,0.0,95.0,4.0
KY,2017,18,25,2017-06-25,0.0,0.0,96.0,0.0,0.0,0.0,95.0,20.0
KY,2017,19,26,2017-07-02,0.0,0.0,96.0,0.0,0.0,12.0,95.0,45.0
KY,2017,20,27,2017-07-09,0.0,3.0,96.0,0.0,0.0,24.0,95.0,59.0
KY,2017,21,28,2017-07-16,0.0,16.0,96.0,0.0,0.0,38.0,95.0,76.0
KY,2017,22,29,2017-07-23,4.0,31.0,96.0,0.0,0.0,54.0,95.0,86.0
KY,2017,23,30,2017-07-30,19.0,42.0,96.0,0.0,0.0,63.0,95.0,90.0
KY,2017,24,31,2017-08-06,31.0,52.0,96.0,0.0,0.0,71.0,95.0,93.0
KY,2017,25,32,2017-08-13,42.0,64.0,96.0,0.0,8.0,80.0,95.0,95.0
KY,2017,26,33,2017-08-20,57.0,76.0,96.0,0.0,23.0,88.0,95.0,95.0
KY,2017,27,34,2017-08-27,71.0,86.0,96.0,4.0,39.0,93.0,95.0,95.0
KY,2017,28,35,2017-09-03,81.0,92.0,96.0,11.0,52.0,96.0,95.0,95.0
KY,2017,29,36,2017-09-10,88.0,96.0,96.0,22.0,68.0,96.0,95.0,95.0
KY,2017,30,37,2017-09-17,93.0,96.0,96.0,29.0,76.0,96.0,95.0,95.0
KY,2017,31,38,2017-09-24,96.0,96.0,96.0,36.0,82.0,96.0,95.0,95.0
KY,2017,32,39,2017-10-01,98.0,96.0,96.0,56.0,91.0,96.0,95.0,95.0
KY,2017,33,40,2017-10-08,98.0,96.0,96.0,66.0,93.0,96.0,95.0,95.0
KY,2017,34,41,2017-10-15,98.0,96.0,96.0,72.0,96.0,96.0,95.0,95.0
KY,2017,35,42,2017-10-22,98.0,96.0,96.0,81.0,99.0,96.0,95.0,95.0
KY,2017,36,43,2017-10-29,98.0,96.0,96.0,87.0,99.0,96.0,95.0,95.0
KY,2017,37,44,2017-11-05,98.0,96.0,96.0,90.0,99.0,96.0,95.0,95.0
KY,2017,38,45,2017-11-12,98.0,96.0,96.0,92.0,99.0,96.0,95.0,95.0
KY,2017,39,46,2017-11-19,98.0,96.0,96.0,94.0,99.0,96.0,95.0,95.0
KY,2017,40,47,2017-11-26,98.0,96.0,96.0,96.0,99.0,96.0,95.0,95.0
KY,2018,7,14,2018-04-08,0.0,0.0,0.0,0.0,0.0,0.0,0.0,0.0
KY,2018,8,15,2018-04-15,0.0,0.0,0.0,0.0,0.0,0.0,3.0,0.0
KY,2018,9,16,2018-04-22,0.0,0.0,0.0,0.0,0.0,0.0,10.0,0.0
KY,2018,10,17,2018-04-29,0.0,0.0,3.0,0.0,0.0,0.0,15.0,0.0
KY,2018,11,18,2018-05-06,0.0,0.0,14.0,0.0,0.0,0.0,37.0,0.0
KY,2018,12,19,2018-05-13,0.0,0.0,30.0,0.0,0.0,0.0,63.0,0.0
KY,2018,13,20,2018-05-20,0.0,0.0,52.0,0.0,0.0,0.0,81.0,0.0
KY,2018,14,21,2018-05-27,0.0,0.0,68.0,0.0,0.0,0.0,90.0,0.0
KY,2018,15,22,2018-06-03,0.0,0.0,81.0,0.0,0.0,0.0,94.0,0.0
KY,2018,16,23,2018-06-10,0.0,0.0,92.0,0.0,0.0,0.0,94.0,0.0
KY,2018,17,24,2018-06-17,0.0,0.0,96.0,0.0,0.0,0.0,94.0,3.0
KY,2018,18,25,2018-06-24,0.0,0.0,96.0,0.0,0.0,0.0,94.0,16.0
KY,2018,19,26,2018-07-01,0.0,0.0,96.0,0.0,0.0,10.0,94.0,44.0
KY,2018,20,27,2018-07-08,0.0,3.0,96.0,0.0,0.0,22.0,94.0,62.0
KY,2018,21,28,2018-07-15,0.0,16.0,96.0,0.0,0.0,38.0,94.0,77.0
KY,2018,22,29,2018-07-22,5.0,32.0,96.0,0.0,0.0,53.0,94.0,86.0
KY,2018,23,30,2018-07-29,16.0,45.0,96.0,0.0,0.0,67.0,94.0,91.0
KY,2018,24,31,2018-08-05,32.0,58.0,96.0,0.0,0.0,77.0,94.0,94.0
KY,2018,25,32,2018-08-12,48.0,70.0,96.0,0.0,8.0,85.0,94.0,96.0
KY,2018,26,33,2018-08-19,59.0,80.0,96.0,0.0,21.0,92.0,94.0,96.0
KY,2018,27,34,2018-08-26,71.0,88.0,96.0,1.0,47.0,95.0,94.0,96.0
KY,2018,28,35,2018-09-02,82.0,93.0,96.0,12.0,59.0,95.0,94.0,96.0
KY,2018,29,36,2018-09-09,90.0,97.0,96.0,24.0,74.0,95.0,94.0,96.0
KY,2018,30,37,2018-09-16,94.0,97.0,96.0,34.0,81.0,95.0,94.0,96.0
KY,2018,31,38,2018-09-23,96.0,97.0,96.0,50.0,87.0,95.0,94.0,96.0
KY,2018,32,39,2018-09-30,96.0,97.0,96.0,60.0,92.0,95.0,94.0,96.0
KY,2018,33,40,2018-10-07,96.0,97.0,96.0,71.0,95.0,95.0,94.0,96.0
KY,2018,34,41,2018-10-14,96.0,97.0,96.0,79.0,97.0,95.0,94.0,96.0
KY,2018,35,42,2018-10-21,96.0,97.0,96.0,84.0,97.0,95.0,94.0,96.0
KY,2018,36,43,2018-10-28,96.0,97.0,96.0,89.0,97.0,95.0,94.0,96.0
KY,2018,37,44,2018-11-04,96.0,97.0,96.0,92.0,97.0,95.0,94.0,96.0
KY,2018,38,45,2018-11-11,96.0,97.0,96.0,94.0,97.0,95.0,94.0,96.0
KY,2018,39,46,2018-11-18,96.0,97.0,96.0,95.0,97.0,95.0,94.0,96.0
KY,2018,40,47,2018-11-25,96.0,97.0,96.0,96.0,97.0,95.0,94.0,96.0
KY,2019,7,14,2019-04-07,0.0,0.0,0.0,0.0,0.0,0.0,2.0,0.0
KY,2019,8,15,2019-04-14,0.0,0.0,0.0,0.0,0.0,0.0,8.0,0.0
KY,2019,9,16,2019-04-21,0.0,0.0,3.0,0.0,0.0,0.0,17.0,0.0
KY,2019,10,17,2019-04-28,0.0,0.0,12.0,0.0,0.0,0.0,28.0,0.0
KY,2019,11,18,2019-05-05,0.0,0.0,22.0,0.0,0.0,0.0,42.0,0.0
KY,2019,12,19,2019-05-12,0.0,0.0,37.0,0.0,0.0,0.0,55.0,0.0
KY,2019,13,20,2019-05-19,0.0,0.0,50.0,0.0,0.0,0.0,71.0,0.0
KY,2019,14,21,2019-05-26,0.0,0.0,65.0,0.0,0.0,0.0,82.0,0.0
KY,2019,15,22,2019-06-02,0.0,0.0,74.0,0.0,0.0,0.0,87.0,0.0
KY,2019,16,23,2019-06-09,0.0,0.0,85.0,0.0,0.0,0.0,94.0,0.0
KY,2019,17,24,2019-06-16,0.0,0.0,91.0,0.0,0.0,0.0,97.0,3.0
KY,2019,18,25,2019-06-23,0.0,0.0,95.0,0.0,0.0,0.0,100.0,8.0
KY,2019,19,26,2019-06-30,0.0,0.0,98.0,0.0,0.0,0.0,100.0,23.0
KY,2019,20,27,2019-07-07,0.0,0.0,99.0,0.0,0.0,8.0,100.0,47.0
KY,2019,21,28,2019-07-14,0.0,8.0,99.0,0.0,0.0,26.0,100.0,60.0
KY,2019,22,29,2019-07-21,2.0,19.0,99.0,0.0,0.0,38.0,100.0,69.0
KY,2019,23,30,2019-07-28,10.0,34.0,99.0,0.0,0.0,50.0,100.0,79.0
KY,2019,24,31,2019-08-04,20.0,43.0,99.0,0.0,0.0,61.0,100.0,86.0
KY,2019,25,32,2019-08-11,31.0,56.0,99.0,0.0,0.0,75.0,100.0,92.0
KY,2019,26,33,2019-08-18,47.0,69.0,99.0,0.0,12.0,82.0,100.0,95.0
KY,2019,27,34,2019-08-25,57.0,76.0,99.0,1.0,23.0,86.0,100.0,95.0
KY,2019,28,35,2019-09-01,70.0,83.0,99.0,5.0,40.0,91.0,100.0,95.0
KY,2019,29,36,2019-09-08,85.0,93.0,99.0,13.0,59.0,91.0,100.0,95.0
KY,2019,30,37,2019-09-15,91.0,95.0,99.0,26.0,71.0,91.0,100.0,95.0
KY,2019,31,38,2019-09-22,96.0,99.0,99.0,44.0,82.0,91.0,100.0,95.0
KY,2019,32,39,2019-09-29,99.0,99.0,99.0,58.0,90.0,91.0,100.0,95.0
KY,2019,33,40,2019-10-06,100.0,99.0,99.0,76.0,96.0,91.0,100.0,95.0
KY,2019,34,41,2019-10-13,100.0,99.0,99.0,84.0,99.0,91.0,100.0,95.0
KY,2019,35,42,2019-10-20,100.0,99.0,99.0,90.0,100.0,91.0,100.0,95.0
KY,2019,36,43,2019-10-27,100.0,99.0,99.0,94.0,100.0,91.0,100.0,95.0
KY,2019,37,44,2019-11-03,100.0,99.0,99.0,95.0,100.0,91.0,100.0,95.0
KY,2019,38,45,2019-11-10,100.0,99.0,99.0,96.0,100.0,91.0,100.0,95.0
KY,2019,39,46,2019-11-17,100.0,99.0,99.0,98.0,100.0,91.0,100.0,95.0
KY,2019,40,47,2019-11-24,100.0,99.0,99.0,99.0,100.0,91.0,100.0,95.0
KY,2019,41,48,2019-12-01,100.0,99.0,99.0,100.0,100.0,91.0,100.0,95.0
KY,2020,8,15,2020-04-12,0.0,0.0,0.0,0.0,0.0,0.0,12.0,0.0
KY,2020,9,16,2020-04-19,0.0,0.0,6.0,0.0,0.0,0.0,25.0,0.0
KY,2020,10,17,2020-04-26,0.0,0.0,14.0,0.0,0.0,0.0,44.0,0.0
KY,2020,11,18,2020-05-03,0.0,0.0,28.0,0.0,0.0,0.0,57.0,0.0
KY,2020,12,19,2020-05-10,0.0,0.0,42.0,0.0,0.0,0.0,65.0,0.0
KY,2020,13,20,2020-05-17,0.0,0.0,56.0,0.0,0.0,0.0,74.0,0.0
KY,2020,14,21,2020-05-24,0.0,0.0,64.0,0.0,0.0,0.0,79.0,0.0
KY,2020,15,22,2020-05-31,0.0,0.0,72.0,0.0,0.0,0.0,86.0,0.0
KY,2020,16,23,2020-06-07,0.0,0.0,79.0,0.0,0.0,0.0,93.0,0.0
KY,2020,17,24,2020-06-14,0.0,0.0,90.0,0.0,0.0,0.0,98.0,0.0
KY,2020,18,25,2020-06-21,0.0,0.0,95.0,0.0,0.0,0.0,98.0,2.0
KY,2020,19,26,2020-06-28,0.0,0.0,95.0,0.0,0.0,0.0,98.0,9.0
KY,2020,20,27,2020-07-05,0.0,0.0,95.0,0.0,0.0,5.0,98.0,28.0
KY,2020,21,28,2020-07-12,0.0,4.0,95.0,0.0,0.0,14.0,98.0,52.0
KY,2020,22,29,2020-07-19,2.0,13.0,95.0,0.0,0.0,35.0,98.0,67.0
KY,2020,23,30,2020-07-26,10.0,24.0,95.0,0.0,0.0,51.0,98.0,80.0
KY,2020,24,31,2020-08-02,22.0,44.0,95.0,0.0,0.0,64.0,98.0,89.0
KY,2020,25,32,2020-08-09,37.0,59.0,95.0,0.0,0.0,81.0,98.0,95.0
KY,2020,26,33,2020-08-16,49.0,71.0,95.0,0.0,10.0,89.0,98.0,95.0
KY,2020,27,34,2020-08-23,58.0,79.0,95.0,0.0,22.0,95.0,98.0,95.0
KY,2020,28,35,2020-08-30,73.0,91.0,95.0,2.0,37.0,95.0,98.0,95.0
KY,2020,29,36,2020-09-06,82.0,94.0,95.0,5.0,51.0,95.0,98.0,95.0
KY,2020,30,37,2020-09-13,92.0,94.0,95.0,13.0,71.0,95.0,98.0,95.0
KY,2020,31,38,2020-09-20,95.0,94.0,95.0,30.0,81.0,95.0,98.0,95.0
KY,2020,32,39,2020-09-27,95.0,94.0,95.0,54.0,92.0,95.0,98.0,95.0
KY,2020,33,40,2020-10-04,95.0,94.0,95.0,66.0,96.0,95.0,98.0,95.0
KY,2020,34,41,2020-10-11,95.0,94.0,95.0,74.0,99.0,95.0,98.0,95.0
KY,2020,35,42,2020-10-18,95.0,94.0,95.0,80.0,99.0,95.0,98.0,95.0
KY,2020,36,43,2020-10-25,95.0,94.0,95.0,86.0,99.0,95.0,98.0,95.0
KY,2020,37,44,2020-11-01,95.0,94.0,95.0,88.0,99.0,95.0,98.0,95.0
KY,2020,38,45,2020-11-08,95.0,94.0,95.0,93.0,99.0,95.0,98.0,95.0
KY,2020,39,46,2020-11-15,95.0,94.0,95.0,95.0,99.0,95.0,98.0,95.0
KY,2021,6,13,2021-04-04,0.0,0.0,0.0,0.0,0.0,0.0,0.0,0.0
KY,2021,7,14,2021-04-11,0.0,0.0,0.0,0.0,0.0,0.0,10.0,0.0
KY,2021,8,15,2021-04-18,0.0,0.0,1.0,0.0,0.0,0.0,26.0,0.0
KY,2021,9,16,2021-04-25,0.0,0.0,13.0,0.0,0.0,0.0,41.0,0.0
KY,2021,10,17,2021-05-02,0.0,0.0,29.0,0.0,0.0,0.0,61.0,0.0
KY,2021,11,18,2021-05-09,0.0,0.0,46.0,0.0,0.0,0.0,71.0,0.0
KY,2021,12,19,2021-05-16,0.0,0.0,57.0,0.0,0.0,0.0,78.0,0.0
KY,2021,13,20,2021-05-23,0.0,0.0,64.0,0.0,0.0,0.0,85.0,0.0
KY,2021,14,21,2021-05-30,0.0,0.0,77.0,0.0,0.0,0.0,92.0,0.0
KY,2021,15,22,2021-06-06,0.0,0.0,85.0,0.0,0.0,0.0,97.0,0.0
KY,2021,16,23,2021-06-13,0.0,0.0,94.0,0.0,0.0,0.0,97.0,0.0
KY,2021,17,24,2021-06-20,0.0,0.0,97.0,0.0,0.0,0.0,97.0,1.0
KY,2021,18,25,2021-06-27,0.0,0.0,97.0,0.0,0.0,0.0,97.0,11.0
KY,2021,19,26,2021-07-04,0.0,0.0,97.0,0.0,0.0,0.0,97.0,31.0
KY,2021,20,27,2021-07-11,0.0,0.0,97.0,0.0,0.0,20.0,97.0,53.0
KY,2021,21,28,2021-07-18,0.0,8.0,97.0,0.0,0.0,34.0,97.0,70.0
KY,2021,22,29,2021-07-25,5.0,24.0,97.0,0.0,0.0,52.0,97.0,83.0
KY,2021,23,30,2021-08-01,16.0,37.0,97.0,0.0,0.0,62.0,97.0,91.0
KY,2021,24,31,2021-08-08,24.0,50.0,97.0,0.0,0.0,73.0,97.0,93.0
KY,2021,25,32,2021-08-15,36.0,60.0,97.0,0.0,0.0,78.0,97.0,95.0
KY,2021,26,33,2021-08-22,53.0,71.0,97.0,0.0,21.0,88.0,97.0,95.0
KY,2021,27,34,2021-08-29,62.0,78.0,97.0,1.0,30.0,95.0,97.0,95.0
KY,2021,28,35,2021-09-05,72.0,84.0,97.0,5.0,43.0,95.0,97.0,95.0
KY,2021,29,36,2021-09-12,83.0,92.0,97.0,15.0,60.0,95.0,97.0,95.0
KY,2021,30,37,2021-09-19,89.0,95.0,97.0,28.0,75.0,95.0,97.0,95.0
KY,2021,31,38,2021-09-26,91.0,95.0,97.0,39.0,82.0,95.0,97.0,95.0
KY,2021,32,39,2021-10-03,95.0,95.0,97.0,50.0,88.0,95.0,97.0,95.0
KY,2021,33,40,2021-10-10,95.0,95.0,97.0,61.0,95.0,95.0,97.0,95.0
KY,2021,34,41,2021-10-17,95.0,95.0,97.0,69.0,99.0,95.0,97.0,95.0
KY,2021,35,42,2021-10-24,95.0,95.0,97.0,78.0,99.0,95.0,97.0,95.0
KY,2021,36,43,2021-10-31,95.0,95.0,97.0,84.0,99.0,95.0,97.0,95.0
KY,2021,37,44,2021-11-07,95.0,95.0,97.0,89.0,99.0,95.0,97.0,95.0
KY,2021,38,45,2021-11-14,95.0,95.0,97.0,91.0,99.0,95.0,97.0,95.0
KY,2021,39,46,2021-11-21,95.0,95.0,97.0,95.0,99.0,95.0,97.0,95.0
KY,2022,6,13,2022-04-03,0.0,0.0,0.0,0.0,0.0,0.0,1.0,0.0
KY,2022,7,14,2022-04-10,0.0,0.0,0.0,0.0,0.0,0.0,4.0,0.0
KY,2022,8,15,2022-04-17,0.0,0.0,0.0,0.0,0.0,0.0,6.0,0.0
KY,2022,9,16,2022-04-24,0.0,0.0,0.0,0.0,0.0,0.0,10.0,0.0
KY,2022,10,17,2022-05-01,0.0,0.0,3.0,0.0,0.0,0.0,26.0,0.0
KY,2022,11,18,2022-05-08,0.0,0.0,14.0,0.0,0.0,0.0,39.0,0.0
KY,2022,12,19,2022-05-15,0.0,0.0,32.0,0.0,0.0,0.0,65.0,0.0
KY,2022,13,20,2022-05-22,0.0,0.0,54.0,0.0,0.0,0.0,81.0,0.0
KY,2022,14,21,2022-05-29,0.0,0.0,67.0,0.0,0.0,0.0,89.0,0.0
KY,2022,15,22,2022-06-05,0.0,0.0,79.0,0.0,0.0,0.0,95.0,0.0
KY,2022,16,23,2022-06-12,0.0,0.0,86.0,0.0,0.0,0.0,98.0,0.0
KY,2022,17,24,2022-06-19,0.0,0.0,92.0,0.0,0.0,0.0,98.0,0.0
KY,2022,18,25,2022-06-26,0.0,0.0,99.0,0.0,0.0,0.0,98.0,10.0
KY,2022,19,26,2022-07-03,0.0,0.0,99.0,0.0,0.0,0.0,98.0,30.0
KY,2022,20,27,2022-07-10,0.0,3.0,99.0,0.0,0.0,15.0,98.0,51.0
KY,2022,21,28,2022-07-17,0.0,11.0,99.0,0.0,0.0,24.0,98.0,66.0
KY,2022,22,29,2022-07-24,4.0,24.0,99.0,0.0,0.0,41.0,98.0,76.0
KY,2022,23,30,2022-07-31,20.0,40.0,99.0,0.0,0.0,61.0,98.0,88.0
KY,2022,24,31,2022-08-07,33.0,55.0,99.0,0.0,0.0,73.0,98.0,92.0
KY,2022,25,32,2022-08-14,43.0,63.0,99.0,0.0,0.0,80.0,98.0,95.0
KY,2022,26,33,2022-08-21,54.0,71.0,99.0,0.0,13.0,89.0,98.0,99.0
KY,2022,27,34,2022-08-28,69.0,81.0,99.0,1.0,22.0,95.0,98.0,99.0
KY,2022,28,35,2022-09-04,75.0,88.0,99.0,7.0,40.0,95.0,98.0,99.0
KY,2022,29,36,2022-09-11,81.0,95.0,99.0,12.0,53.0,95.0,98.0,99.0
KY,2022,30,37,2022-09-18,90.0,95.0,99.0,26.0,71.0,95.0,98.0,99.0
KY,2022,31,38,2022-09-25,95.0,95.0,99.0,43.0,81.0,95.0,98.0,99.0
KY,2022,32,39,2022-10-02,98.0,95.0,99.0,57.0,91.0,95.0,98.0,99.0
KY,2022,33,40,2022-10-09,98.0,95.0,99.0,67.0,95.0,95.0,98.0,99.0
KY,2022,34,41,2022-10-16,98.0,95.0,99.0,78.0,99.0,95.0,98.0,99.0
KY,2022,35,42,2022-10-23,98.0,95.0,99.0,85.0,100.0,95.0,98.0,99.0
KY,2022,36,43,2022-10-30,98.0,95.0,99.0,91.0,100.0,95.0,98.0,99.0
KY,2022,37,44,2022-11-06,98.0,95.0,99.0,94.0,100.0,95.0,98.0,99.0
KY,2022,38,45,2022-11-13,98.0,95.0,99.0,96.0,100.0,95.0,98.0,99.0
KY,2022,39,46,2022-11-20,98.0,95.0,99.0,99.0,100.0,95.0,98.0,99.0
KY,2023,6,13,2023-04-02,0.0,0.0,0.0,0.0,0.0,0.0,2.0,0.0
KY,2023,7,14,2023-04-09,0.0,0.0,0.0,0.0,0.0,0.0,5.0,0.0
KY,2023,8,15,2023-04-16,0.0,0.0,0.0,0.0,0.0,0.0,14.0,0.0
KY,2023,9,16,2023-04-23,0.0,0.0,12.0,0.0,0.0,0.0,36.0,0.0
KY,2023,10,17,2023-04-30,0.0,0.0,24.0,0.0,0.0,0.0,52.0,0.0
KY,2023,11,18,2023-05-07,0.0,0.0,36.0,0.0,0.0,0.0,66.0,0.0
KY,2023,12,19,2023-05-14,0.0,0.0,47.0,0.0,0.0,0.0,75.0,0.0
KY,2023,13,20,2023-05-21,0.0,0.0,64.0,0.0,0.0,0.0,84.0,0.0
KY,2023,14,21,2023-05-28,0.0,0.0,76.0,0.0,0.0,0.0,91.0,0.0
KY,2023,15,22,2023-06-04,0.0,0.0,86.0,0.0,0.0,0.0,97.0,0.0
KY,2023,16,23,2023-06-11,0.0,0.0,94.0,0.0,0.0,0.0,97.0,0.0
KY,2023,17,24,2023-06-18,0.0,0.0,97.0,0.0,0.0,0.0,97.0,0.0
KY,2023,18,25,2023-06-25,0.0,0.0,97.0,0.0,0.0,0.0,97.0,8.0
KY,2023,19,26,2023-07-02,0.0,0.0,97.0,0.0,0.0,0.0,97.0,23.0
KY,2023,20,27,2023-07-09,0.0,2.0,97.0,0.0,0.0,12.0,97.0,38.0
KY,2023,21,28,2023-07-16,0.0,11.0,97.0,0.0,0.0,28.0,97.0,59.0
KY,2023,22,29,2023-07-23,2.0,26.0,97.0,0.0,0.0,39.0,97.0,73.0
KY,2023,23,30,2023-07-30,10.0,36.0,97.0,0.0,0.0,53.0,97.0,84.0
KY,2023,24,31,2023-08-06,24.0,47.0,97.0,0.0,0.0,66.0,97.0,89.0
KY,2023,25,32,2023-08-13,38.0,60.0,97.0,0.0,0.0,78.0,97.0,91.0
KY,2023,26,33,2023-08-20,51.0,71.0,97.0,0.0,11.0,87.0,97.0,95.0
KY,2023,27,34,2023-08-27,65.0,83.0,97.0,0.0,29.0,94.0,97.0,95.0
KY,2023,28,35,2023-09-03,72.0,90.0,97.0,4.0,40.0,97.0,97.0,95.0
KY,2023,29,36,2023-09-10,83.0,95.0,97.0,8.0,48.0,97.0,97.0,95.0
KY,2023,30,37,2023-09-17,91.0,95.0,97.0,20.0,62.0,97.0,97.0,95.0
KY,2023,31,38,2023-09-24,95.0,95.0,97.0,34.0,74.0,97.0,97.0,95.0
KY,2023,32,39,2023-10-01,95.0,95.0,97.0,46.0,86.0,97.0,97.0,95.0
KY,2023,33,40,2023-10-08,95.0,95.0,97.0,59.0,91.0,97.0,97.0,95.0
KY,2023,34,41,2023-10-15,95.0,95.0,97.0,69.0,95.0,97.0,97.0,95.0
KY,2023,35,42,2023-10-22,95.0,95.0,97.0,79.0,95.0,97.0,97.0,95.0
KY,2023,36,43,2023-10-29,95.0,95.0,97.0,85.0,95.0,97.0,97.0,95.0
KY,2023,37,44,2023-11-05,95.0,95.0,97.0,89.0,95.0,97.0,97.0,95.0
KY,2023,38,45,2023-11-12,95.0,95.0,97.0,93.0,95.0,97.0,97.0,95.0
KY,2023,39,46,2023-11-19,95.0,95.0,97.0,95.0,95.0,97.0,97.0,95.0
KY,2023,40,47,2023-11-26,95.0,95.0,97.0,99.0,95.0,97.0,97.0,95.0
KY,2024,6,13,2024-03-31,0.0,0.0,0.0,0.0,0.0,0.0,2.0,0.0
KY,2024,7,14,2024-04-07,0.0,0.0,0.0,0.0,0.0,0.0,5.0,0.0
KY,2024,8,15,2024-04-14,0.0,0.0,0.0,0.0,0.0,0.0,9.0,0.0
KY,2024,9,16,2024-04-21,0.0,0.0,8.0,0.0,0.0,0.0,23.0,0.0
KY,2024,10,17,2024-04-28,0.0,0.0,15.0,0.0,0.0,0.0,35.0,0.0
KY,2024,11,18,2024-05-05,0.0,0.0,25.0,0.0,0.0,0.0,46.0,0.0
KY,2024,12,19,2024-05-12,0.0,0.0,39.0,0.0,0.0,0.0,58.0,0.0
KY,2024,13,20,2024-05-19,0.0,0.0,49.0,0.0,0.0,0.0,65.0,0.0
KY,2024,14,21,2024-05-26,0.0,0.0,58.0,0.0,0.0,0.0,73.0,0.0
KY,2024,15,22,2024-06-02,0.0,0.0,66.0,0.0,0.0,0.0,79.0,0.0
KY,2024,16,23,2024-06-09,0.0,0.0,76.0,0.0,0.0,0.0,90.0,0.0
KY,2024,17,24,2024-06-16,0.0,0.0,87.0,0.0,0.0,0.0,96.0,0.0
KY,2024,18,25,2024-06-23,0.0,0.0,93.0,0.0,0.0,0.0,97.0,9.0
KY,2024,19,26,2024-06-30,0.0,0.0,100.0,0.0,0.0,0.0,100.0,32.0
KY,2024,20,27,2024-07-07,0.0,0.0,100.0,0.0,0.0,12.0,100.0,46.0
KY,2024,21,28,2024-07-14,0.0,9.0,100.0,0.0,0.0,29.0,100.0,65.0
KY,2024,22,29,2024-07-21,1.0,18.0,100.0,0.0,0.0,42.0,100.0,77.0
KY,2024,23,30,2024-07-28,10.0,30.0,100.0,0.0,0.0,51.0,100.0,83.0
KY,2024,24,31,2024-08-04,22.0,48.0,100.0,0.0,0.0,66.0,100.0,90.0
KY,2024,25,32,2024-08-11,37.0,61.0,100.0,0.0,0.0,76.0,100.0,93.0
KY,2024,26,33,2024-08-18,54.0,75.0,100.0,0.0,5.0,85.0,100.0,96.0
KY,2024,27,34,2024-08-25,66.0,83.0,100.0,1.0,25.0,91.0,100.0,96.0
KY,2024,28,35,2024-09-01,80.0,90.0,100.0,11.0,50.0,96.0,100.0,96.0
KY,2024,29,36,2024-09-08,88.0,95.0,100.0,22.0,67.0,96.0,100.0,96.0
KY,2024,30,37,2024-09-15,92.0,100.0,100.0,33.0,78.0,96.0,100.0,96.0
KY,2024,31,38,2024-09-22,96.0,100.0,100.0,45.0,85.0,96.0,100.0,96.0
KY,2024,32,39,2024-09-29,99.0,100.0,100.0,56.0,91.0,96.0,100.0,96.0
KY,2024,33,40,2024-10-06,99.0,100.0,100.0,66.0,95.0,96.0,100.0,96.0
KY,2024,34,41,2024-10-13,99.0,100.0,100.0,76.0,98.0,96.0,100.0,96.0
KY,2024,35,42,2024-10-20,99.0,100.0,100.0,82.0,100.0,96.0,100.0,96.0
KY,2024,36,43,2024-10-27,99.0,100.0,100.0,87.0,100.0,96.0,100.0,96.0
KY,2024,37,44,2024-11-03,99.0,100.0,100.0,92.0,100.0,96.0,100.0,96.0
KY,2024,38,45,2024-11-10,99.0,100.0,100.0,95.0,100.0,96.0,100.0,96.0
KY,2025,7,14,2025-04-06,0.0,0.0,0.0,0.0,0.0,0.0,1.0,0.0
KY,2025,8,15,2025-04-13,0.0,0.0,0.0,0.0,0.0,0.0,3.0,0.0
KY,2025,9,16,2025-04-20,0.0,0.0,0.0,0.0,0.0,0.0,12.0,0.0
KY,2025,10,17,2025-04-27,0.0,0.0,5.0,0.0,0.0,0.0,25.0,0.0
KY,2025,11,18,2025-05-04,0.0,0.0,19.0,0.0,0.0,0.0,40.0,0.0
KY,2025,12,19,2025-05-11,0.0,0.0,33.0,0.0,0.0,0.0,52.0,0.0
KY,2025,13,20,2025-05-18,0.0,0.0,43.0,0.0,0.0,0.0,63.0,0.0
KY,2025,14,21,2025-05-25,0.0,0.0,55.0,0.0,0.0,0.0,70.0,0.0
KY,2025,15,22,2025-06-01,0.0,0.0,64.0,0.0,0.0,0.0,80.0,0.0
KY,2025,16,23,2025-06-08,0.0,0.0,74.0,0.0,0.0,0.0,88.0,0.0
KY,2025,17,24,2025-06-15,0.0,0.0,84.0,0.0,0.0,0.0,92.0,0.0
KY,2025,18,25,2025-06-22,0.0,0.0,89.0,0.0,0.0,0.0,96.0,9.0
KY,2025,19,26,2025-06-29,0.0,0.0,95.0,0.0,0.0,0.0,96.0,25.0
KY,2025,20,27,2025-07-06,0.0,4.0,95.0,0.0,0.0,0.0,96.0,40.0
KY,2025,21,28,2025-07-13,0.0,12.0,95.0,0.0,0.0,25.0,96.0,58.0
KY,2025,22,29,2025-07-20,0.0,23.0,95.0,0.0,0.0,40.0,96.0,70.0
KY,2025,23,30,2025-07-27,10.0,41.0,95.0,0.0,0.0,56.0,96.0,79.0
KY,2025,24,31,2025-08-03,20.0,53.0,95.0,0.0,0.0,66.0,96.0,84.0
KY,2025,25,32,2025-08-10,33.0,61.0,95.0,0.0,0.0,72.0,96.0,87.0
KY,2025,26,33,2025-08-17,46.0,70.0,95.0,0.0,4.0,83.0,96.0,91.0
KY,2025,27,34,2025-08-24,58.0,78.0,95.0,0.0,25.0,90.0,96.0,95.0
KY,2025,28,35,2025-08-31,73.0,86.0,95.0,0.0,46.0,95.0,96.0,99.0
KY,2025,29,36,2025-09-07,84.0,92.0,95.0,18.0,66.0,95.0,96.0,99.0
KY,2025,30,37,2025-09-14,89.0,95.0,95.0,30.0,75.0,95.0,96.0,99.0
KY,2025,31,38,2025-09-21,95.0,95.0,95.0,43.0,83.0,95.0,96.0,99.0
KY,2025,32,39,2025-09-28,99.0,95.0,95.0,53.0,90.0,95.0,96.0,99.0
KY,2025,39,46,2025-11-16,99.0,95.0,95.0,95.0,90.0,95.0,96.0,99.0
KY,2025,40,47,2025-11-23,99.0,95.0,95.0,99.0,90.0,95.0,96.0,99.0
LA,2016,5,12,2016-03-27,0.0,0.0,18.0,0.0,0.0,,36.0,0.0
LA,2016,6,13,2016-04-03,0.0,0.0,33.0,0.0,0.0,,46.0,0.0
LA,2016,7,14,2016-04-10,0.0,0.0,45.0,0.0,0.0,,73.0,0.0
LA,2016,8,15,2016-04-17,0.0,0.0,67.0,0.0,0.0,,86.0,0.0
LA,2016,9,16,2016-04-24,0.0,0.0,85.0,0.0,0.0,,93.0,0.0
LA,2016,10,17,2016-05-01,0.0,0.0,93.0,0.0,0.0,,95.0,0.0
LA,2016,11,18,2016-05-08,0.0,0.0,97.0,0.0,0.0,,100.0,0.0
LA,2016,12,19,2016-05-15,0.0,0.0,100.0,0.0,0.0,,100.0,0.0
LA,2016,13,20,2016-05-22,0.0,0.0,100.0,0.0,0.0,,100.0,4.0
LA,2016,14,21,2016-05-29,0.0,0.0,100.0,0.0,0.0,,100.0,35.0
LA,2016,15,22,2016-06-05,0.0,0.0,100.0,0.0,0.0,,100.0,55.0
LA,2016,16,23,2016-06-12,0.0,7.0,100.0,0.0,0.0,,100.0,71.0
LA,2016,17,24,2016-06-19,0.0,24.0,100.0,0.0,0.0,,100.0,89.0
LA,2016,18,25,2016-06-26,0.0,47.0,100.0,0.0,0.0,,100.0,94.0
LA,2016,19,26,2016-07-03,17.0,67.0,100.0,0.0,0.0,,100.0,98.0
LA,2016,20,27,2016-07-10,46.0,85.0,100.0,0.0,0.0,,100.0,100.0
LA,2016,21,28,2016-07-17,70.0,95.0,100.0,0.0,6.0,,100.0,100.0
LA,2016,22,29,2016-07-24,84.0,98.0,100.0,0.0,21.0,,100.0,100.0
LA,2016,23,30,2016-07-31,91.0,100.0,100.0,8.0,51.0,,100.0,100.0
LA,2016,24,31,2016-08-07,98.0,100.0,100.0,18.0,81.0,,100.0,100.0
LA,2016,25,32,2016-08-14,100.0,100.0,100.0,30.0,91.0,,100.0,100.0
LA,2016,26,33,2016-08-21,100.0,100.0,100.0,35.0,93.0,,100.0,100.0
LA,2016,27,34,2016-08-28,100.0,100.0,100.0,59.0,99.0,,100.0,100.0
LA,2016,28,35,2016-09-04,100.0,100.0,100.0,83.0,100.0,,100.0,100.0
LA,2016,29,36,2016-09-11,100.0,100.0,100.0,93.0,100.0,,100.0,100.0
LA,2016,30,37,2016-09-18,100.0,100.0,100.0,98.0,100.0,,100.0,100.0
LA,2016,31,38,2016-09-25,100.0,100.0,100.0,100.0,100.0,,100.0,100.0
LA,2016,32,39,2016-10-02,100.0,100.0,100.0,100.0,100.0,,100.0,100.0
LA,2017,3,10,2017-03-12,0.0,0.0,0.0,0.0,0.0,,10.0,0.0
LA,2017,4,11,2017-03-19,0.0,0.0,0.0,0.0,0.0,,35.0,0.0
LA,2017,5,12,2017-03-26,0.0,0.0,31.0,0.0,0.0,,80.0,0.0
LA,2017,6,13,2017-04-02,0.0,0.0,67.0,0.0,0.0,,90.0,0.0
LA,2017,7,14,2017-04-09,0.0,0.0,87.0,0.0,0.0,,96.0,0.0
LA,2017,8,15,2017-04-16,0.0,0.0,94.0,0.0,0.0,,99.0,0.0
LA,2017,9,16,2017-04-23,0.0,0.0,96.0,0.0,0.0,,100.0,0.0
LA,2017,10,17,2017-04-30,0.0,0.0,100.0,0.0,0.0,,100.0,0.0
LA,2017,11,18,2017-05-07,0.0,0.0,100.0,0.0,0.0,,100.0,0.0
LA,2017,12,19,2017-05-14,0.0,0.0,100.0,0.0,0.0,,100.0,4.0
LA,2017,13,20,2017-05-21,0.0,0.0,100.0,0.0,0.0,,100.0,25.0
LA,2017,14,21,2017-05-28,0.0,0.0,100.0,0.0,0.0,,100.0,57.0
LA,2017,15,22,2017-06-04,0.0,0.0,100.0,0.0,0.0,,100.0,78.0
LA,2017,16,23,2017-06-11,0.0,8.0,100.0,0.0,0.0,,100.0,90.0
LA,2017,17,24,2017-06-18,0.0,33.0,100.0,0.0,0.0,,100.0,97.0
LA,2017,18,25,2017-06-25,15.0,70.0,100.0,0.0,0.0,,100.0,99.0
LA,2017,19,26,2017-07-02,43.0,82.0,100.0,0.0,0.0,,100.0,100.0
LA,2017,20,27,2017-07-09,59.0,93.0,100.0,0.0,5.0,,100.0,100.0
LA,2017,21,28,2017-07-16,79.0,95.0,100.0,0.0,22.0,,100.0,100.0
LA,2017,22,29,2017-07-23,92.0,98.0,100.0,5.0,50.0,,100.0,100.0
LA,2017,23,30,2017-07-30,97.0,100.0,100.0,17.0,83.0,,100.0,100.0
LA,2017,24,31,2017-08-06,100.0,100.0,100.0,30.0,90.0,,100.0,100.0
LA,2017,25,32,2017-08-13,100.0,100.0,100.0,38.0,96.0,,100.0,100.0
LA,2017,26,33,2017-08-20,100.0,100.0,100.0,58.0,98.0,,100.0,100.0
LA,2017,27,34,2017-08-27,100.0,100.0,100.0,87.0,100.0,,100.0,100.0
LA,2017,28,35,2017-09-03,100.0,100.0,100.0,91.0,100.0,,100.0,100.0
LA,2017,29,36,2017-09-10,100.0,100.0,100.0,97.0,100.0,,100.0,100.0
LA,2017,30,37,2017-09-17,100.0,100.0,100.0,99.0,100.0,,100.0,100.0
LA,2017,31,38,2017-09-24,100.0,100.0,100.0,100.0,100.0,,100.0,100.0
LA,2017,32,39,2017-10-01,100.0,100.0,100.0,100.0,100.0,,100.0,100.0
LA,2018,3,10,2018-03-11,0.0,0.0,0.0,0.0,0.0,,0.0,0.0
LA,2018,4,11,2018-03-18,0.0,0.0,0.0,0.0,0.0,,8.0,0.0
LA,2018,5,12,2018-03-25,0.0,0.0,9.0,0.0,0.0,,63.0,0.0
LA,2018,6,13,2018-04-01,0.0,0.0,38.0,0.0,0.0,,84.0,0.0
LA,2018,7,14,2018-04-08,0.0,0.0,82.0,0.0,0.0,,95.0,0.0
LA,2018,8,15,2018-04-15,0.0,0.0,89.0,0.0,0.0,,97.0,0.0
LA,2018,9,16,2018-04-22,0.0,0.0,95.0,0.0,0.0,,99.0,0.0
LA,2018,10,17,2018-04-29,0.0,0.0,98.0,0.0,0.0,,100.0,0.0
LA,2018,11,18,2018-05-06,0.0,0.0,99.0,0.0,0.0,,100.0,0.0
LA,2018,12,19,2018-05-13,0.0,0.0,100.0,0.0,0.0,,100.0,1.0
LA,2018,13,20,2018-05-20,0.0,0.0,100.0,0.0,0.0,,100.0,3.0
LA,2018,14,21,2018-05-27,0.0,0.0,100.0,0.0,0.0,,100.0,13.0
LA,2018,15,22,2018-06-03,0.0,0.0,100.0,0.0,0.0,,100.0,59.0
LA,2018,16,23,2018-06-10,0.0,4.0,100.0,0.0,0.0,,100.0,85.0
LA,2018,17,24,2018-06-17,1.0,32.0,100.0,0.0,0.0,,100.0,97.0
LA,2018,18,25,2018-06-24,7.0,43.0,100.0,0.0,0.0,,100.0,99.0
LA,2018,19,26,2018-07-01,40.0,78.0,100.0,0.0,0.0,,100.0,100.0
LA,2018,20,27,2018-07-08,67.0,90.0,100.0,0.0,3.0,,100.0,100.0
LA,2018,21,28,2018-07-15,75.0,97.0,100.0,0.0,15.0,,100.0,100.0
LA,2018,22,29,2018-07-22,91.0,100.0,100.0,0.0,19.0,,100.0,100.0
LA,2018,23,30,2018-07-29,98.0,100.0,100.0,4.0,56.0,,100.0,100.0
LA,2018,24,31,2018-08-05,100.0,100.0,100.0,11.0,77.0,,100.0,100.0
LA,2018,25,32,2018-08-12,100.0,100.0,100.0,27.0,96.0,,100.0,100.0
LA,2018,26,33,2018-08-19,100.0,100.0,100.0,55.0,99.0,,100.0,100.0
LA,2018,27,34,2018-08-26,100.0,100.0,100.0,83.0,100.0,,100.0,100.0
LA,2018,28,35,2018-09-02,100.0,100.0,100.0,94.0,100.0,,100.0,100.0
LA,2018,29,36,2018-09-09,100.0,100.0,100.0,98.0,100.0,,100.0,100.0
LA,2018,30,37,2018-09-16,100.0,100.0,100.0,100.0,100.0,,100.0,100.0
LA,2019,3,10,2019-03-10,0.0,0.0,0.0,0.0,0.0,,0.0,0.0
LA,2019,4,11,2019-03-17,0.0,0.0,0.0,0.0,0.0,,3.0,0.0
LA,2019,5,12,2019-03-24,0.0,0.0,2.0,0.0,0.0,,50.0,0.0
LA,2019,6,13,2019-03-31,0.0,0.0,22.0,0.0,0.0,,87.0,0.0
LA,2019,7,14,2019-04-07,0.0,0.0,48.0,0.0,0.0,,96.0,0.0
LA,2019,8,15,2019-04-14,0.0,0.0,69.0,0.0,0.0,,98.0,0.0
LA,2019,9,16,2019-04-21,0.0,0.0,80.0,0.0,0.0,,99.0,0.0
LA,2019,10,17,2019-04-28,0.0,0.0,95.0,0.0,0.0,,100.0,0.0
LA,2019,11,18,2019-05-05,0.0,0.0,100.0,0.0,0.0,,100.0,0.0
LA,2019,12,19,2019-05-12,0.0,0.0,100.0,0.0,0.0,,100.0,0.0
LA,2019,13,20,2019-05-19,0.0,0.0,100.0,0.0,0.0,,100.0,0.0
LA,2019,14,21,2019-05-26,0.0,0.0,100.0,0.0,0.0,,100.0,9.0
LA,2019,15,22,2019-06-02,0.0,0.0,100.0,0.0,0.0,,100.0,32.0
LA,2019,16,23,2019-06-09,0.0,0.0,100.0,0.0,0.0,,100.0,55.0
LA,2019,17,24,2019-06-16,0.0,5.0,100.0,0.0,0.0,,100.0,81.0
LA,2019,18,25,2019-06-23,1.0,17.0,100.0,0.0,0.0,,100.0,91.0
LA,2019,19,26,2019-06-30,21.0,60.0,100.0,0.0,0.0,,100.0,95.0
LA,2019,20,27,2019-07-07,41.0,80.0,100.0,0.0,1.0,,100.0,98.0
LA,2019,21,28,2019-07-14,62.0,90.0,100.0,0.0,8.0,,100.0,99.0
LA,2019,22,29,2019-07-21,80.0,98.0,100.0,0.0,22.0,,100.0,100.0
LA,2019,23,30,2019-07-28,90.0,100.0,100.0,2.0,45.0,,100.0,100.0
LA,2019,24,31,2019-08-04,98.0,100.0,100.0,7.0,60.0,,100.0,100.0
LA,2019,25,32,2019-08-11,100.0,100.0,100.0,13.0,74.0,,100.0,100.0
LA,2019,26,33,2019-08-18,100.0,100.0,100.0,36.0,91.0,,100.0,100.0
LA,2019,27,34,2019-08-25,100.0,100.0,100.0,65.0,100.0,,100.0,100.0
LA,2019,28,35,2019-09-01,100.0,100.0,100.0,84.0,100.0,,100.0,100.0
LA,2019,29,36,2019-09-08,100.0,100.0,100.0,97.0,100.0,,100.0,100.0
LA,2019,30,37,2019-09-15,100.0,100.0,100.0,99.0,100.0,,100.0,100.0
LA,2019,31,38,2019-09-22,100.0,100.0,100.0,100.0,100.0,,100.0,100.0
LA,2019,32,39,2019-09-29,100.0,100.0,100.0,100.0,100.0,,100.0,100.0
LA,2020,4,11,2020-03-15,0.0,0.0,0.0,0.0,0.0,,3.0,0.0
LA,2020,5,12,2020-03-22,0.0,0.0,2.0,0.0,0.0,,40.0,0.0
LA,2020,6,13,2020-03-29,0.0,0.0,33.0,0.0,0.0,,61.0,0.0
LA,2020,7,14,2020-04-05,0.0,0.0,52.0,0.0,0.0,,87.0,0.0
LA,2020,8,15,2020-04-12,0.0,0.0,78.0,0.0,0.0,,96.0,0.0
LA,2020,9,16,2020-04-19,0.0,0.0,93.0,0.0,0.0,,99.0,0.0
LA,2020,10,17,2020-04-26,0.0,0.0,98.0,0.0,0.0,,100.0,0.0
LA,2020,11,18,2020-05-03,0.0,0.0,99.0,0.0,0.0,,100.0,0.0
LA,2020,12,19,2020-05-10,0.0,0.0,100.0,0.0,0.0,,100.0,1.0
LA,2020,13,20,2020-05-17,0.0,0.0,100.0,0.0,0.0,,100.0,8.0
LA,2020,14,21,2020-05-24,0.0,0.0,100.0,0.0,0.0,,100.0,14.0
LA,2020,15,22,2020-05-31,0.0,0.0,100.0,0.0,0.0,,100.0,45.0
LA,2020,16,23,2020-06-07,0.0,3.0,100.0,0.0,0.0,,100.0,61.0
LA,2020,17,24,2020-06-14,0.0,8.0,100.0,0.0,0.0,,100.0,82.0
LA,2020,18,25,2020-06-21,4.0,29.0,100.0,0.0,0.0,,100.0,92.0
LA,2020,19,26,2020-06-28,19.0,52.0,100.0,0.0,1.0,,100.0,99.0
LA,2020,20,27,2020-07-05,35.0,80.0,100.0,0.0,7.0,,100.0,100.0
LA,2020,21,28,2020-07-12,56.0,91.0,100.0,0.0,12.0,,100.0,100.0
LA,2020,22,29,2020-07-19,75.0,98.0,100.0,3.0,31.0,,100.0,100.0
LA,2020,23,30,2020-07-26,86.0,99.0,100.0,5.0,47.0,,100.0,100.0
LA,2020,24,31,2020-08-02,91.0,100.0,100.0,12.0,57.0,,100.0,100.0
LA,2020,25,32,2020-08-09,98.0,100.0,100.0,17.0,79.0,,100.0,100.0
LA,2020,26,33,2020-08-16,100.0,100.0,100.0,36.0,92.0,,100.0,100.0
LA,2020,27,34,2020-08-23,100.0,100.0,100.0,68.0,96.0,,100.0,100.0
LA,2020,28,35,2020-08-30,100.0,100.0,100.0,83.0,99.0,,100.0,100.0
LA,2020,29,36,2020-09-06,100.0,100.0,100.0,95.0,100.0,,100.0,100.0
LA,2020,30,37,2020-09-13,100.0,100.0,100.0,99.0,100.0,,100.0,100.0
LA,2020,31,38,2020-09-20,100.0,100.0,100.0,100.0,100.0,,100.0,100.0
LA,2021,3,10,2021-03-14,0.0,0.0,0.0,0.0,0.0,,14.0,0.0
LA,2021,4,11,2021-03-21,0.0,0.0,10.0,0.0,0.0,,52.0,0.0
LA,2021,5,12,2021-03-28,0.0,0.0,31.0,0.0,0.0,,74.0,0.0
LA,2021,6,13,2021-04-04,0.0,0.0,48.0,0.0,0.0,,86.0,0.0
LA,2021,7,14,2021-04-11,0.0,0.0,72.0,0.0,0.0,,95.0,0.0
LA,2021,8,15,2021-04-18,0.0,0.0,92.0,0.0,0.0,,98.0,0.0
LA,2021,9,16,2021-04-25,0.0,0.0,95.0,0.0,0.0,,100.0,0.0
LA,2021,10,17,2021-05-02,0.0,0.0,99.0,0.0,0.0,,100.0,0.0
LA,2021,11,18,2021-05-09,0.0,0.0,100.0,0.0,0.0,,100.0,0.0
LA,2021,12,19,2021-05-16,0.0,0.0,100.0,0.0,0.0,,100.0,1.0
LA,2021,13,20,2021-05-23,0.0,0.0,100.0,0.0,0.0,,100.0,5.0
LA,2021,14,21,2021-05-30,0.0,0.0,100.0,0.0,0.0,,100.0,31.0
LA,2021,15,22,2021-06-06,0.0,2.0,100.0,0.0,0.0,,100.0,56.0
LA,2021,16,23,2021-06-13,0.0,14.0,100.0,0.0,0.0,,100.0,77.0
LA,2021,17,24,2021-06-20,3.0,25.0,100.0,0.0,0.0,,100.0,88.0
LA,2021,18,25,2021-06-27,15.0,51.0,100.0,0.0,0.0,,100.0,96.0
LA,2021,19,26,2021-07-04,31.0,76.0,100.0,0.0,0.0,,100.0,99.0
LA,2021,20,27,2021-07-11,40.0,79.0,100.0,0.0,1.0,,100.0,100.0
LA,2021,21,28,2021-07-18,50.0,88.0,100.0,0.0,2.0,,100.0,100.0
LA,2021,22,29,2021-07-25,65.0,93.0,100.0,0.0,21.0,,100.0,100.0
LA,2021,23,30,2021-08-01,82.0,99.0,100.0,7.0,44.0,,100.0,100.0
LA,2021,24,31,2021-08-08,93.0,100.0,100.0,15.0,70.0,,100.0,100.0
LA,2021,25,32,2021-08-15,97.0,100.0,100.0,40.0,90.0,,100.0,100.0
LA,2021,26,33,2021-08-22,100.0,100.0,100.0,62.0,95.0,,100.0,100.0
LA,2021,27,34,2021-08-29,100.0,100.0,100.0,79.0,100.0,,100.0,100.0
LA,2021,28,35,2021-09-05,100.0,100.0,100.0,90.0,100.0,,100.0,100.0
LA,2021,29,36,2021-09-12,100.0,100.0,100.0,97.0,100.0,,100.0,100.0
LA,2021,30,37,2021-09-19,100.0,100.0,100.0,98.0,100.0,,100.0,100.0
LA,2021,31,38,2021-09-26,100.0,100.0,100.0,100.0,100.0,,100.0,100.0
LA,2022,3,10,2022-03-13,0.0,0.0,0.0,0.0,0.0,,11.0,0.0
LA,2022,4,11,2022-03-20,0.0,0.0,7.0,0.0,0.0,,35.0,0.0
LA,2022,5,12,2022-03-27,0.0,0.0,16.0,0.0,0.0,,51.0,0.0
LA,2022,6,13,2022-04-03,0.0,0.0,40.0,0.0,0.0,,80.0,0.0
LA,2022,7,14,2022-04-10,0.0,0.0,65.0,0.0,0.0,,90.0,0.0
LA,2022,8,15,2022-04-17,0.0,0.0,83.0,0.0,0.0,,95.0,0.0
LA,2022,9,16,2022-04-24,0.0,0.0,88.0,0.0,0.0,,100.0,0.0
LA,2022,10,17,2022-05-01,0.0,0.0,94.0,0.0,0.0,,100.0,0.0
LA,2022,11,18,2022-05-08,0.0,0.0,100.0,0.0,0.0,,100.0,0.0
LA,2022,12,19,2022-05-15,0.0,0.0,100.0,0.0,0.0,,100.0,0.0
LA,2022,13,20,2022-05-22,0.0,0.0,100.0,0.0,0.0,,100.0,3.0
LA,2022,14,21,2022-05-29,0.0,0.0,100.0,0.0,0.0,,100.0,16.0
LA,2022,15,22,2022-06-05,0.0,0.0,100.0,0.0,0.0,,100.0,35.0
LA,2022,16,23,2022-06-12,0.0,5.0,100.0,0.0,0.0,,100.0,70.0
LA,2022,17,24,2022-06-19,2.0,35.0,100.0,0.0,0.0,,100.0,87.0
LA,2022,18,25,2022-06-26,8.0,46.0,100.0,0.0,0.0,,100.0,96.0
LA,2022,19,26,2022-07-03,18.0,54.0,100.0,0.0,0.0,,100.0,98.0
LA,2022,20,27,2022-07-10,39.0,78.0,100.0,0.0,1.0,,100.0,100.0
LA,2022,21,28,2022-07-17,65.0,88.0,100.0,0.0,7.0,,100.0,100.0
LA,2022,22,29,2022-07-24,80.0,94.0,100.0,0.0,31.0,,100.0,100.0
LA,2022,23,30,2022-07-31,88.0,99.0,100.0,5.0,51.0,,100.0,100.0
LA,2022,24,31,2022-08-07,96.0,100.0,100.0,18.0,73.0,,100.0,100.0
LA,2022,25,32,2022-08-14,100.0,100.0,100.0,38.0,91.0,,100.0,100.0
LA,2022,26,33,2022-08-21,100.0,100.0,100.0,60.0,97.0,,100.0,100.0
LA,2022,27,34,2022-08-28,100.0,100.0,100.0,64.0,100.0,,100.0,100.0
LA,2022,28,35,2022-09-04,100.0,100.0,100.0,81.0,100.0,,100.0,100.0
LA,2022,29,36,2022-09-11,100.0,100.0,100.0,91.0,100.0,,100.0,100.0
LA,2022,30,37,2022-09-18,100.0,100.0,100.0,96.0,100.0,,100.0,100.0
LA,2022,31,38,2022-09-25,100.0,100.0,100.0,99.0,100.0,,100.0,100.0
LA,2022,32,39,2022-10-02,100.0,100.0,100.0,100.0,100.0,,100.0,100.0
LA,2023,3,10,2023-03-12,0.0,0.0,0.0,0.0,0.0,,78.0,0.0
LA,2023,4,11,2023-03-19,0.0,0.0,64.0,0.0,0.0,,87.0,0.0
LA,2023,5,12,2023-03-26,0.0,0.0,78.0,0.0,0.0,,95.0,0.0
LA,2023,6,13,2023-04-02,0.0,0.0,88.0,0.0,0.0,,99.0,0.0
LA,2023,7,14,2023-04-09,0.0,0.0,93.0,0.0,0.0,,100.0,0.0
LA,2023,8,15,2023-04-16,0.0,0.0,98.0,0.0,0.0,,100.0,0.0
LA,2023,9,16,2023-04-23,0.0,0.0,100.0,0.0,0.0,,100.0,0.0
LA,2023,12,19,2023-05-14,0.0,0.0,100.0,0.0,0.0,,100.0,1.0
LA,2023,13,20,2023-05-21,0.0,0.0,100.0,0.0,0.0,,100.0,11.0
LA,2023,14,21,2023-05-28,0.0,0.0,100.0,0.0,0.0,,100.0,34.0
LA,2023,15,22,2023-06-04,0.0,0.0,100.0,0.0,0.0,,100.0,56.0
LA,2023,16,23,2023-06-11,0.0,11.0,100.0,0.0,0.0,,100.0,79.0
LA,2023,17,24,2023-06-18,4.0,34.0,100.0,0.0,0.0,,100.0,96.0
LA,2023,18,25,2023-06-25,15.0,51.0,100.0,0.0,0.0,,100.0,98.0
LA,2023,19,26,2023-07-02,36.0,69.0,100.0,0.0,0.0,,100.0,100.0
LA,2023,20,27,2023-07-09,55.0,79.0,100.0,0.0,1.0,,100.0,100.0
LA,2023,21,28,2023-07-16,72.0,92.0,100.0,0.0,16.0,,100.0,100.0
LA,2023,22,29,2023-07-23,84.0,94.0,100.0,0.0,33.0,,100.0,100.0
LA,2023,23,30,2023-07-30,93.0,99.0,100.0,8.0,50.0,,100.0,100.0
LA,2023,24,31,2023-08-06,98.0,100.0,100.0,28.0,74.0,,100.0,100.0
LA,2023,25,32,2023-08-13,100.0,100.0,100.0,51.0,93.0,,100.0,100.0
LA,2023,26,33,2023-08-20,100.0,100.0,100.0,68.0,98.0,,100.0,100.0
LA,2023,27,34,2023-08-27,100.0,100.0,100.0,97.0,100.0,,100.0,100.0
LA,2023,28,35,2023-09-03,100.0,100.0,100.0,99.0,100.0,,100.0,100.0
LA,2023,29,36,2023-09-10,100.0,100.0,100.0,100.0,100.0,,100.0,100.0
LA,2024,3,10,2024-03-10,0.0,0.0,0.0,0.0,0.0,,17.0,0.0
LA,2024,4,11,2024-03-17,0.0,0.0,9.0,0.0,0.0,,28.0,0.0
LA,2024,5,12,2024-03-24,0.0,0.0,27.0,0.0,0.0,,52.0,0.0
LA,2024,6,13,2024-03-31,0.0,0.0,40.0,0.0,0.0,,70.0,0.0
LA,2024,7,14,2024-04-07,0.0,0.0,66.0,0.0,0.0,,89.0,0.0
LA,2024,8,15,2024-04-14,0.0,0.0,75.0,0.0,0.0,,95.0,0.0
LA,2024,9,16,2024-04-21,0.0,0.0,87.0,0.0,0.0,,98.0,0.0
LA,2024,10,17,2024-04-28,0.0,0.0,94.0,0.0,0.0,,100.0,0.0
LA,2024,11,18,2024-05-05,0.0,0.0,97.0,0.0,0.0,,100.0,0.0
LA,2024,12,19,2024-05-12,0.0,0.0,100.0,0.0,0.0,,100.0,1.0
LA,2024,13,20,2024-05-19,0.0,0.0,100.0,0.0,0.0,,100.0,13.0
LA,2024,14,21,2024-05-26,0.0,0.0,100.0,0.0,0.0,,100.0,31.0
LA,2024,15,22,2024-06-02,0.0,0.0,100.0,0.0,0.0,,100.0,45.0
LA,2024,16,23,2024-06-09,0.0,11.0,100.0,0.0,0.0,,100.0,74.0
LA,2024,17,24,2024-06-16,1.0,34.0,100.0,0.0,0.0,,100.0,86.0
LA,2024,18,25,2024-06-23,12.0,52.0,100.0,0.0,0.0,,100.0,95.0
LA,2024,19,26,2024-06-30,26.0,72.0,100.0,0.0,3.0,,100.0,99.0
LA,2024,20,27,2024-07-07,40.0,86.0,100.0,0.0,5.0,,100.0,100.0
LA,2024,21,28,2024-07-14,55.0,92.0,100.0,0.0,12.0,,100.0,100.0
LA,2024,22,29,2024-07-21,70.0,97.0,100.0,1.0,21.0,,100.0,100.0
LA,2024,23,30,2024-07-28,91.0,99.0,100.0,3.0,49.0,,100.0,100.0
LA,2024,24,31,2024-08-04,95.0,100.0,100.0,18.0,74.0,,100.0,100.0
LA,2024,25,32,2024-08-11,100.0,100.0,100.0,38.0,90.0,,100.0,100.0
LA,2024,26,33,2024-08-18,100.0,100.0,100.0,58.0,96.0,,100.0,100.0
LA,2024,27,34,2024-08-25,100.0,100.0,100.0,76.0,98.0,,100.0,100.0
LA,2024,28,35,2024-09-01,100.0,100.0,100.0,93.0,100.0,,100.0,100.0
LA,2024,29,36,2024-09-08,100.0,100.0,100.0,98.0,100.0,,100.0,100.0
LA,2024,30,37,2024-09-15,100.0,100.0,100.0,100.0,100.0,,100.0,100.0
LA,2025,3,10,2025-03-09,0.0,0.0,0.0,0.0,0.0,,3.0,0.0
LA,2025,4,11,2025-03-16,0.0,0.0,0.0,0.0,0.0,,27.0,0.0
LA,2025,5,12,2025-03-23,0.0,0.0,9.0,0.0,0.0,,61.0,0.0
LA,2025,6,13,2025-03-30,0.0,0.0,38.0,0.0,0.0,,81.0,0.0
LA,2025,7,14,2025-04-06,0.0,0.0,64.0,0.0,0.0,,92.0,0.0
LA,2025,8,15,2025-04-13,0.0,0.0,84.0,0.0,0.0,,95.0,0.0
LA,2025,9,16,2025-04-20,0.0,0.0,94.0,0.0,0.0,,99.0,0.0
LA,2025,10,17,2025-04-27,0.0,0.0,98.0,0.0,0.0,,100.0,0.0
LA,2025,11,18,2025-05-04,0.0,0.0,100.0,0.0,0.0,,100.0,2.0
LA,2025,12,19,2025-05-11,0.0,0.0,100.0,0.0,0.0,,100.0,4.0
LA,2025,13,20,2025-05-18,0.0,0.0,100.0,0.0,0.0,,100.0,10.0
LA,2025,14,21,2025-05-25,0.0,0.0,100.0,0.0,0.0,,100.0,37.0
LA,2025,15,22,2025-06-01,0.0,0.0,100.0,0.0,0.0,,100.0,48.0
LA,2025,16,23,2025-06-08,0.0,9.0,100.0,0.0,0.0,,100.0,82.0
LA,2025,17,24,2025-06-15,1.0,33.0,100.0,0.0,0.0,,100.0,95.0
LA,2025,18,25,2025-06-22,10.0,51.0,100.0,0.0,0.0,,100.0,98.0
LA,2025,19,26,2025-06-29,35.0,75.0,100.0,0.0,0.0,,100.0,100.0
LA,2025,20,27,2025-07-06,55.0,90.0,100.0,0.0,4.0,,100.0,100.0
LA,2025,21,28,2025-07-13,72.0,93.0,100.0,0.0,10.0,,100.0,100.0
LA,2025,22,29,2025-07-20,85.0,97.0,100.0,1.0,15.0,,100.0,100.0
LA,2025,23,30,2025-07-27,88.0,99.0,100.0,10.0,42.0,,100.0,100.0
LA,2025,24,31,2025-08-03,94.0,100.0,100.0,22.0,65.0,,100.0,100.0
LA,2025,25,32,2025-08-10,100.0,100.0,100.0,43.0,84.0,,100.0,100.0
LA,2025,26,33,2025-08-17,100.0,100.0,100.0,61.0,93.0,,100.0,100.0
LA,2025,27,34,2025-08-24,100.0,100.0,100.0,78.0,96.0,,100.0,100.0
LA,2025,28,35,2025-08-31,100.0,100.0,100.0,89.0,99.0,,100.0,100.0
LA,2025,29,36,2025-09-07,100.0,100.0,100.0,93.0,100.0,,100.0,100.0
LA,2025,30,37,2025-09-14,100.0,100.0,100.0,96.0,100.0,,100.0,100.0
LA,2025,31,38,2025-09-21,100.0,100.0,100.0,98.0,100.0,,100.0,100.0
LA,2025,32,39,2025-09-28,100.0,100.0,100.0,100.0,100.0,,100.0,100.0
MA,2016,9,16,2016-04-24,,,0.0,0.0,,,0.0,
MA,2016,10,17,2016-05-01,,,0.0,0.0,,,5.0,
MA,2016,11,18,2016-05-08,,,0.0,0.0,,,10.0,
MA,2016,12,19,2016-05-15,,,0.0,0.0,,,20.0,
MA,2016,13,20,2016-05-22,,,1.0,0.0,,,35.0,
MA,2016,14,21,2016-05-29,,,29.0,0.0,,,58.0,
MA,2016,15,22,2016-06-05,,,54.0,0.0,,,71.0,
MA,2016,16,23,2016-06-12,,,75.0,0.0,,,86.0,
MA,2016,17,24,2016-06-19,,,89.0,0.0,,,86.0,
MA,2016,18,25,2016-06-26,,,96.0,0.0,,,86.0,
MA,2016,28,35,2016-09-04,,,96.0,8.0,,,86.0,
MA,2016,29,36,2016-09-11,,,96.0,21.0,,,86.0,
MA,2016,30,37,2016-09-18,,,96.0,33.0,,,86.0,
MA,2016,31,38,2016-09-25,,,96.0,44.0,,,86.0,
MA,2016,32,39,2016-10-02,,,96.0,65.0,,,86.0,
MA,2016,33,40,2016-10-09,,,96.0,83.0,,,86.0,
MA,2016,34,41,2016-10-16,,,96.0,93.0,,,86.0,
MA,2016,35,42,2016-10-23,,,96.0,98.0,,,86.0,
MA,2017,9,16,2017-04-23,,,0.0,0.0,,,0.0,
MA,2017,10,17,2017-04-30,,,0.0,0.0,,,2.0,
MA,2017,11,18,2017-05-07,,,0.0,0.0,,,4.0,
MA,2017,12,19,2017-05-14,,,0.0,0.0,,,10.0,
MA,2017,13,20,2017-05-21,,,2.0,0.0,,,25.0,
MA,2017,14,21,2017-05-28,,,30.0,0.0,,,40.0,
MA,2017,15,22,2017-06-04,,,35.0,0.0,,,45.0,
MA,2017,16,23,2017-06-11,,,50.0,0.0,,,85.0,
MA,2017,17,24,2017-06-18,,,55.0,0.0,,,90.0,
MA,2017,18,25,2017-06-25,,,70.0,0.0,,,95.0,
MA,2017,19,26,2017-07-02,,,98.0,0.0,,,95.0,
MA,2017,20,27,2017-07-09,,,100.0,0.0,,,95.0,
MA,2017,28,35,2017-09-03,,,100.0,1.0,,,95.0,
MA,2017,29,36,2017-09-10,,,100.0,5.0,,,95.0,
MA,2017,30,37,2017-09-17,,,100.0,7.0,,,95.0,
MA,2017,31,38,2017-09-24,,,100.0,10.0,,,95.0,
MA,2017,32,39,2017-10-01,,,100.0,15.0,,,95.0,
MA,2017,33,40,2017-10-08,,,100.0,20.0,,,95.0,
MA,2017,34,41,2017-10-15,,,100.0,35.0,,,95.0,
MA,2017,35,42,2017-10-22,,,100.0,50.0,,,95.0,
MA,2017,36,43,2017-10-29,,,100.0,75.0,,,95.0,
MA,2017,37,44,2017-11-05,,,100.0,80.0,,,95.0,
MA,2017,38,45,2017-11-12,,,100.0,93.0,,,95.0,
MA,2018,10,17,2018-04-29,,,0.0,0.0,,,0.0,
MA,2018,11,18,2018-05-06,,,0.0,0.0,,,0.0,
MA,2018,12,19,2018-05-13,,,0.0,0.0,,,5.0,
MA,2018,13,20,2018-05-20,,,0.0,0.0,,,30.0,
MA,2018,14,21,2018-05-27,,,30.0,0.0,,,65.0,
MA,2018,15,22,2018-06-03,,,60.0,0.0,,,85.0,
MA,2018,16,23,2018-06-10,,,75.0,0.0,,,90.0,
MA,2018,17,24,2018-06-17,,,85.0,0.0,,,95.0,
MA,2018,18,25,2018-06-24,,,96.0,0.0,,,95.0,
MA,2018,19,26,2018-07-01,,,100.0,0.0,,,95.0,
MA,2018,31,38,2018-09-23,,,100.0,15.0,,,95.0,
MA,2018,32,39,2018-09-30,,,100.0,30.0,,,95.0,
MA,2018,33,40,2018-10-07,,,100.0,70.0,,,95.0,
MA,2018,34,41,2018-10-14,,,100.0,80.0,,,95.0,
MA,2018,35,42,2018-10-21,,,100.0,90.0,,,95.0,
MA,2018,36,43,2018-10-28,,,100.0,95.0,,,95.0,
MA,2019,11,18,2019-05-05,,,0.0,0.0,,,0.0,
MA,2019,12,19,2019-05-12,,,0.0,0.0,,,0.0,
MA,2019,13,20,2019-05-19,,,0.0,0.0,,,5.0,
MA,2019,14,21,2019-05-26,,,2.0,0.0,,,18.0,
MA,2019,15,22,2019-06-02,,,20.0,0.0,,,32.0,
MA,2019,16,23,2019-06-09,,,35.0,0.0,,,58.0,
MA,2019,17,24,2019-06-16,,,50.0,0.0,,,73.0,
MA,2019,18,25,2019-06-23,,,75.0,0.0,,,90.0,
MA,2019,19,26,2019-06-30,,,81.0,0.0,,,96.0,
MA,2019,20,27,2019-07-07,,,95.0,0.0,,,96.0,
MA,2019,29,36,2019-09-08,,,95.0,2.0,,,96.0,
MA,2019,30,37,2019-09-15,,,95.0,15.0,,,96.0,
MA,2019,31,38,2019-09-22,,,95.0,25.0,,,96.0,
MA,2019,32,39,2019-09-29,,,95.0,45.0,,,96.0,
MA,2019,33,40,2019-10-06,,,95.0,55.0,,,96.0,
MA,2019,34,41,2019-10-13,,,95.0,57.0,,,96.0,
MA,2019,35,42,2019-10-20,,,95.0,80.0,,,96.0,
MA,2019,36,43,2019-10-27,,,95.0,90.0,,,96.0,
MA,2019,37,44,2019-11-03,,,95.0,96.0,,,96.0,
MA,2020,8,15,2020-04-12,,,0.0,0.0,,,0.0,
MA,2020,9,16,2020-04-19,,,0.0,0.0,,,0.0,
MA,2020,10,17,2020-04-26,,,0.0,0.0,,,5.0,
MA,2020,11,18,2020-05-03,,,0.0,0.0,,,5.0,
MA,2020,12,19,2020-05-10,,,0.0,0.0,,,30.0,
MA,2020,13,20,2020-05-17,,,4.0,0.0,,,31.0,
MA,2020,14,21,2020-05-24,,,5.0,0.0,,,33.0,
MA,2020,15,22,2020-05-31,,,9.0,0.0,,,37.0,
MA,2020,16,23,2020-06-07,,,22.0,0.0,,,50.0,
MA,2020,17,24,2020-06-14,,,41.0,0.0,,,80.0,
MA,2020,18,25,2020-06-21,,,42.0,0.0,,,81.0,
MA,2020,19,26,2020-06-28,,,67.0,0.0,,,81.0,
MA,2020,20,27,2020-07-05,,,68.0,0.0,,,81.0,
MA,2020,21,28,2020-07-12,,,70.0,0.0,,,81.0,
MA,2020,22,29,2020-07-19,,,72.0,0.0,,,81.0,
MA,2020,29,36,2020-09-06,,,72.0,0.0,,,81.0,
MA,2020,30,37,2020-09-13,,,72.0,0.0,,,81.0,
MA,2020,31,38,2020-09-20,,,72.0,7.0,,,81.0,
MA,2020,32,39,2020-09-27,,,72.0,19.0,,,81.0,
MA,2020,33,40,2020-10-04,,,72.0,27.0,,,81.0,
MA,2020,34,41,2020-10-11,,,72.0,48.0,,,81.0,
MA,2020,35,42,2020-10-18,,,72.0,55.0,,,81.0,
MA,2020,36,43,2020-10-25,,,72.0,88.0,,,81.0,
MA,2020,37,44,2020-11-01,,,72.0,97.0,,,81.0,
MA,2020,38,45,2020-11-08,,,72.0,100.0,,,81.0,
MA,2021,9,16,2021-04-25,,,0.0,0.0,0.0,,0.0,
MA,2021,10,17,2021-05-02,,,0.0,0.0,0.0,,0.0,
MA,2021,11,18,2021-05-09,,,0.0,0.0,0.0,,11.0,
MA,2021,12,19,2021-05-16,,,5.0,0.0,0.0,,13.0,
MA,2021,13,20,2021-05-23,,,7.0,0.0,0.0,,36.0,
MA,2021,14,21,2021-05-30,,,10.0,0.0,0.0,,40.0,
MA,2021,15,22,2021-06-06,,,15.0,0.0,0.0,,45.0,
MA,2021,16,23,2021-06-13,,,50.0,0.0,0.0,,66.0,
MA,2021,17,24,2021-06-20,,,62.0,0.0,0.0,,85.0,
MA,2021,18,25,2021-06-27,,,70.0,0.0,0.0,,100.0,
MA,2021,19,26,2021-07-04,,,93.0,0.0,0.0,,100.0,
MA,2021,20,27,2021-07-11,,,100.0,0.0,0.0,,100.0,
MA,2021,28,35,2021-09-05,,,100.0,0.0,0.0,,100.0,
MA,2021,29,36,2021-09-12,,,100.0,4.0,0.0,,100.0,
MA,2021,30,37,2021-09-19,,,100.0,9.0,0.0,,100.0,
MA,2021,31,38,2021-09-26,,,100.0,20.0,0.0,,100.0,
MA,2021,32,39,2021-10-03,,,100.0,0.0,0.0,,100.0,
MA,2021,33,40,2021-10-10,,,100.0,45.0,0.0,,100.0,
MA,2021,34,41,2021-10-17,,,100.0,62.0,0.0,,100.0,
MA,2021,35,42,2021-10-24,,,100.0,91.0,0.0,,100.0,
MA,2021,36,43,2021-10-31,,,100.0,100.0,0.0,,100.0,
MA,2021,37,44,2021-11-07,,,100.0,100.0,0.0,,100.0,
MA,2022,9,16,2022-04-24,0.0,0.0,0.0,0.0,,,0.0,0.0
MA,2022,10,17,2022-05-01,0.0,0.0,0.0,0.0,,,0.0,0.0
MA,2022,11,18,2022-05-08,0.0,0.0,0.0,0.0,,,0.0,0.0
MA,2022,12,19,2022-05-15,0.0,0.0,0.0,0.0,,,12.0,0.0
MA,2022,13,20,2022-05-22,0.0,0.0,0.0,0.0,,,15.0,0.0
MA,2022,14,21,2022-05-29,0.0,0.0,25.0,0.0,,,50.0,0.0
MA,2022,15,22,2022-06-05,0.0,0.0,50.0,0.0,,,80.0,0.0
MA,2022,16,23,2022-06-12,0.0,0.0,70.0,0.0,,,100.0,0.0
MA,2022,17,24,2022-06-19,0.0,0.0,95.0,0.0,,,100.0,0.0
MA,2022,18,25,2022-06-26,0.0,0.0,100.0,0.0,,,100.0,0.0
MA,2022,19,26,2022-07-03,0.0,0.0,100.0,0.0,,,100.0,0.0
MA,2022,20,27,2022-07-10,0.0,0.0,100.0,0.0,,,100.0,0.0
MA,2022,24,31,2022-08-07,0.0,0.0,100.0,0.0,,,100.0,23.0
MA,2022,25,32,2022-08-14,0.0,0.0,100.0,0.0,,,100.0,23.0
MA,2022,28,35,2022-09-04,0.0,0.0,100.0,0.0,,,100.0,23.0
MA,2022,29,36,2022-09-11,0.0,0.0,100.0,0.0,,,100.0,23.0
MA,2022,30,37,2022-09-18,0.0,0.0,100.0,0.0,,,100.0,23.0
MA,2022,31,38,2022-09-25,0.0,0.0,100.0,17.0,,,100.0,23.0
MA,2022,32,39,2022-10-02,0.0,0.0,100.0,29.0,,,100.0,23.0
MA,2022,33,40,2022-10-09,0.0,0.0,100.0,70.0,,,100.0,23.0
MA,2022,34,41,2022-10-16,0.0,0.0,100.0,85.0,,,100.0,23.0
MA,2022,35,42,2022-10-23,0.0,0.0,100.0,95.0,,,100.0,23.0
MA,2022,36,43,2022-10-30,0.0,0.0,100.0,99.0,,,100.0,23.0
MA,2023,10,17,2023-04-30,,,0.0,0.0,,,0.0,
MA,2023,11,18,2023-05-07,,,0.0,0.0,,,0.0,
MA,2023,12,19,2023-05-14,,,0.0,0.0,,,15.0,
MA,2023,13,20,2023-05-21,,,9.0,0.0,,,50.0,
MA,2023,14,21,2023-05-28,,,18.0,0.0,,,66.0,
MA,2023,15,22,2023-06-04,,,27.0,0.0,,,75.0,
MA,2023,16,23,2023-06-11,,,55.0,0.0,,,90.0,
MA,2023,17,24,2023-06-18,,,70.0,0.0,,,100.0,
MA,2023,18,25,2023-06-25,,,85.0,0.0,,,100.0,
MA,2023,19,26,2023-07-02,,,92.0,0.0,,,100.0,
MA,2023,27,34,2023-08-27,,,92.0,0.0,,,100.0,
MA,2023,28,35,2023-09-03,,,92.0,0.0,,,100.0,
MA,2023,29,36,2023-09-10,,,92.0,0.0,,,100.0,
MA,2023,30,37,2023-09-17,,,92.0,0.0,,,100.0,
MA,2023,31,38,2023-09-24,,,92.0,19.0,,,100.0,
MA,2023,32,39,2023-10-01,,,92.0,28.0,,,100.0,
MA,2023,33,40,2023-10-08,,,92.0,45.0,,,100.0,
MA,2023,34,41,2023-10-15,,,92.0,70.0,,,100.0,
MA,2023,35,42,2023-10-22,,,92.0,85.0,,,100.0,
MA,2023,36,43,2023-10-29,,,92.0,90.0,,,100.0,
MA,2024,9,16,2024-04-21,,,0.0,0.0,,,0.0,
MA,2024,10,17,2024-04-28,,,0.0,0.0,,,0.0,
MA,2024,11,18,2024-05-05,,,0.0,0.0,,,0.0,
MA,2024,12,19,2024-05-12,,,0.0,0.0,,,10.0,
MA,2024,13,20,2024-05-19,,,3.0,0.0,,,25.0,
MA,2024,14,21,2024-05-26,,,5.0,0.0,,,28.0,
MA,2024,15,22,2024-06-02,,,8.0,0.0,,,32.0,
MA,2024,16,23,2024-06-09,,,25.0,0.0,,,64.0,
MA,2024,17,24,2024-06-16,,,58.0,0.0,,,80.0,
MA,2024,18,25,2024-06-23,,,77.0,0.0,,,80.0,
MA,2024,19,26,2024-06-30,,,83.0,0.0,,,80.0,
MA,2024,28,35,2024-09-01,,,83.0,0.0,,,80.0,
MA,2024,29,36,2024-09-08,,,83.0,2.0,,,80.0,
MA,2024,30,37,2024-09-15,,,83.0,15.0,,,80.0,
MA,2024,31,38,2024-09-22,,,83.0,39.0,,,80.0,
MA,2024,32,39,2024-09-29,,,83.0,42.0,,,80.0,
MA,2024,33,40,2024-10-06,,,83.0,55.0,,,80.0,
MA,2024,34,41,2024-10-13,,,83.0,75.0,,,80.0,
MA,2024,35,42,2024-10-20,,,83.0,85.0,,,80.0,
MA,2025,15,22,2025-06-01,,,19.0,0.0,,,42.0,
MA,2025,16,23,2025-06-08,,,20.0,0.0,,,45.0,
MA,2025,17,24,2025-06-15,,,35.0,0.0,,,55.0,
MA,2025,18,25,2025-06-22,,,70.0,0.0,,,89.0,
MA,2025,19,26,2025-06-29,,,80.0,0.0,,,89.0,
MA,2025,20,27,2025-07-06,,,95.0,0.0,,,89.0,
MA,2025,29,36,2025-09-07,,,95.0,0.0,,,89.0,
MA,2025,30,37,2025-09-14,,,95.0,0.0,,,89.0,
MA,2025,31,38,2025-09-21,,,95.0,5.0,,,89.0,
MA,2025,32,39,2025-09-28,,,95.0,45.0,,,89.0,
MD,2016,6,13,2016-04-03,0.0,0.0,0.0,0.0,0.0,0.0,0.0,0.0
MD,2016,7,14,2016-04-10,0.0,0.0,0.0,0.0,0.0,0.0,0.0,0.0
MD,2016,8,15,2016-04-17,0.0,0.0,0.0,0.0,0.0,0.0,0.0,0.0
MD,2016,9,16,2016-04-24,0.0,0.0,0.0,0.0,0.0,0.0,6.0,0.0
MD,2016,10,17,2016-05-01,0.0,0.0,0.0,0.0,0.0,0.0,17.0,0.0
MD,2016,11,18,2016-05-08,0.0,0.0,0.0,0.0,0.0,0.0,31.0,0.0
MD,2016,12,19,2016-05-15,0.0,0.0,8.0,0.0,0.0,0.0,41.0,0.0
MD,2016,13,20,2016-05-22,0.0,0.0,39.0,0.0,0.0,0.0,62.0,0.0
MD,2016,14,21,2016-05-29,0.0,0.0,51.0,0.0,0.0,0.0,72.0,0.0
MD,2016,15,22,2016-06-05,0.0,0.0,61.0,0.0,0.0,0.0,78.0,0.0
MD,2016,16,23,2016-06-12,0.0,0.0,76.0,0.0,0.0,0.0,87.0,0.0
MD,2016,17,24,2016-06-19,0.0,0.0,87.0,0.0,0.0,0.0,95.0,0.0
MD,2016,18,25,2016-06-26,0.0,0.0,90.0,0.0,0.0,0.0,95.0,0.0
MD,2016,19,26,2016-07-03,0.0,0.0,95.0,0.0,0.0,0.0,95.0,2.0
MD,2016,20,27,2016-07-10,0.0,0.0,100.0,0.0,0.0,0.0,95.0,27.0
MD,2016,21,28,2016-07-17,0.0,0.0,100.0,0.0,0.0,5.0,95.0,54.0
MD,2016,22,29,2016-07-24,0.0,10.0,100.0,0.0,0.0,27.0,95.0,67.0
MD,2016,23,30,2016-07-31,0.0,24.0,100.0,0.0,0.0,55.0,95.0,77.0
MD,2016,24,31,2016-08-07,0.0,26.0,100.0,0.0,0.0,63.0,95.0,86.0
MD,2016,25,32,2016-08-14,9.0,54.0,100.0,0.0,0.0,79.0,95.0,98.0
MD,2016,26,33,2016-08-21,25.0,60.0,100.0,0.0,0.0,84.0,95.0,98.0
MD,2016,27,34,2016-08-28,38.0,63.0,100.0,0.0,0.0,85.0,95.0,98.0
MD,2016,28,35,2016-09-04,44.0,66.0,100.0,0.0,0.0,88.0,95.0,98.0
MD,2016,29,36,2016-09-11,78.0,89.0,100.0,61.0,0.0,97.0,95.0,98.0
MD,2016,30,37,2016-09-18,92.0,99.0,100.0,15.0,73.0,97.0,95.0,98.0
MD,2016,31,38,2016-09-25,96.0,99.0,100.0,24.0,86.0,97.0,95.0,98.0
MD,2016,32,39,2016-10-02,96.0,99.0,100.0,34.0,92.0,97.0,95.0,98.0
MD,2016,33,40,2016-10-09,96.0,99.0,100.0,48.0,100.0,97.0,95.0,98.0
MD,2016,34,41,2016-10-16,96.0,99.0,100.0,59.0,100.0,97.0,95.0,98.0
MD,2016,35,42,2016-10-23,96.0,99.0,100.0,72.0,100.0,97.0,95.0,98.0
MD,2016,36,43,2016-10-30,96.0,99.0,100.0,76.0,100.0,97.0,95.0,98.0
MD,2016,37,44,2016-11-06,96.0,99.0,100.0,87.0,100.0,97.0,95.0,98.0
MD,2016,38,45,2016-11-13,96.0,99.0,100.0,91.0,100.0,97.0,95.0,98.0
MD,2016,39,46,2016-11-20,96.0,99.0,100.0,97.0,100.0,97.0,95.0,98.0
MD,2017,7,14,2017-04-09,0.0,0.0,0.0,0.0,0.0,0.0,0.0,0.0
MD,2017,8,15,2017-04-16,0.0,0.0,0.0,0.0,0.0,0.0,1.0,0.0
MD,2017,9,16,2017-04-23,0.0,0.0,0.0,0.0,0.0,0.0,6.0,0.0
MD,2017,10,17,2017-04-30,0.0,0.0,12.0,0.0,0.0,0.0,25.0,0.0
MD,2017,11,18,2017-05-07,0.0,0.0,24.0,0.0,0.0,0.0,56.0,0.0
MD,2017,12,19,2017-05-14,0.0,0.0,43.0,0.0,0.0,0.0,75.0,0.0
MD,2017,13,20,2017-05-21,0.0,0.0,60.0,0.0,0.0,0.0,86.0,0.0
MD,2017,14,21,2017-05-28,0.0,0.0,76.0,0.0,0.0,0.0,88.0,0.0
MD,2017,15,22,2017-06-04,0.0,0.0,79.0,0.0,0.0,0.0,90.0,0.0
MD,2017,16,23,2017-06-11,0.0,0.0,83.0,0.0,0.0,0.0,92.0,0.0
MD,2017,17,24,2017-06-18,0.0,0.0,87.0,0.0,0.0,0.0,93.0,0.0
MD,2017,18,25,2017-06-25,0.0,0.0,88.0,0.0,0.0,0.0,94.0,1.0
MD,2017,19,26,2017-07-02,0.0,0.0,92.0,0.0,0.0,0.0,97.0,8.0
MD,2017,20,27,2017-07-09,0.0,0.0,95.0,0.0,0.0,0.0,100.0,22.0
MD,2017,21,28,2017-07-16,0.0,0.0,100.0,0.0,0.0,15.0,100.0,51.0
MD,2017,22,29,2017-07-23,0.0,2.0,100.0,0.0,0.0,33.0,100.0,71.0
MD,2017,23,30,2017-07-30,0.0,6.0,100.0,0.0,0.0,34.0,100.0,79.0
MD,2017,24,31,2017-08-06,0.0,6.0,100.0,0.0,0.0,36.0,100.0,79.0
MD,2017,25,32,2017-08-13,9.0,22.0,100.0,0.0,0.0,46.0,100.0,83.0
MD,2017,26,33,2017-08-20,21.0,44.0,100.0,0.0,0.0,67.0,100.0,86.0
MD,2017,27,34,2017-08-27,39.0,55.0,100.0,0.0,1.0,70.0,100.0,89.0
MD,2017,28,35,2017-09-03,42.0,62.0,100.0,0.0,4.0,83.0,100.0,100.0
MD,2017,29,36,2017-09-10,71.0,98.0,100.0,1.0,33.0,100.0,100.0,100.0
MD,2017,30,37,2017-09-17,78.0,100.0,100.0,2.0,40.0,100.0,100.0,100.0
MD,2017,31,38,2017-09-24,81.0,100.0,100.0,15.0,57.0,100.0,100.0,100.0
MD,2017,32,39,2017-10-01,88.0,100.0,100.0,27.0,69.0,100.0,100.0,100.0
MD,2017,33,40,2017-10-08,91.0,100.0,100.0,30.0,72.0,100.0,100.0,100.0
MD,2017,34,41,2017-10-15,96.0,100.0,100.0,42.0,81.0,100.0,100.0,100.0
MD,2017,35,42,2017-10-22,100.0,100.0,100.0,77.0,94.0,100.0,100.0,100.0
MD,2017,36,43,2017-10-29,100.0,100.0,100.0,80.0,94.0,100.0,100.0,100.0
MD,2017,37,44,2017-11-05,100.0,100.0,100.0,83.0,94.0,100.0,100.0,100.0
MD,2017,38,45,2017-11-12,100.0,100.0,100.0,86.0,94.0,100.0,100.0,100.0
MD,2017,39,46,2017-11-19,100.0,100.0,100.0,89.0,94.0,100.0,100.0,100.0
MD,2017,40,47,2017-11-26,100.0,100.0,100.0,92.0,94.0,100.0,100.0,100.0
MD,2018,7,14,2018-04-08,0.0,0.0,0.0,0.0,0.0,0.0,0.0,0.0
MD,2018,8,15,2018-04-15,0.0,0.0,0.0,0.0,0.0,0.0,0.0,0.0
MD,2018,9,16,2018-04-22,0.0,0.0,0.0,0.0,0.0,0.0,3.0,0.0
MD,2018,10,17,2018-04-29,0.0,0.0,0.0,0.0,0.0,0.0,4.0,0.0
MD,2018,11,18,2018-05-06,0.0,0.0,1.0,0.0,0.0,0.0,39.0,0.0
MD,2018,12,19,2018-05-13,0.0,0.0,26.0,0.0,0.0,0.0,41.0,0.0
MD,2018,13,20,2018-05-20,0.0,0.0,43.0,0.0,0.0,0.0,70.0,0.0
MD,2018,14,21,2018-05-27,0.0,0.0,46.0,0.0,0.0,0.0,73.0,0.0
MD,2018,15,22,2018-06-03,0.0,0.0,50.0,0.0,0.0,0.0,76.0,0.0
MD,2018,16,23,2018-06-10,0.0,0.0,74.0,0.0,0.0,0.0,93.0,0.0
MD,2018,17,24,2018-06-17,0.0,0.0,77.0,0.0,0.0,0.0,96.0,0.0
MD,2018,18,25,2018-06-24,0.0,0.0,94.0,0.0,0.0,0.0,99.0,0.0
MD,2018,19,26,2018-07-01,0.0,0.0,97.0,0.0,0.0,0.0,100.0,2.0
MD,2018,20,27,2018-07-08,0.0,0.0,100.0,0.0,0.0,0.0,100.0,18.0
MD,2018,21,28,2018-07-15,0.0,0.0,100.0,0.0,0.0,4.0,100.0,44.0
MD,2018,22,29,2018-07-22,0.0,0.0,100.0,0.0,0.0,18.0,100.0,55.0
MD,2018,23,30,2018-07-29,0.0,2.0,100.0,0.0,0.0,29.0,100.0,61.0
MD,2018,24,31,2018-08-05,0.0,14.0,100.0,0.0,0.0,39.0,100.0,69.0
MD,2018,25,32,2018-08-12,0.0,17.0,100.0,0.0,0.0,42.0,100.0,82.0
MD,2018,26,33,2018-08-19,11.0,55.0,100.0,0.0,0.0,70.0,100.0,99.0
MD,2018,27,34,2018-08-26,24.0,67.0,100.0,0.0,0.0,84.0,100.0,99.0
MD,2018,28,35,2018-09-02,43.0,71.0,100.0,0.0,0.0,91.0,100.0,99.0
MD,2018,29,36,2018-09-09,53.0,94.0,100.0,1.0,18.0,91.0,100.0,99.0
MD,2018,30,37,2018-09-16,82.0,95.0,100.0,3.0,54.0,91.0,100.0,99.0
MD,2018,31,38,2018-09-23,92.0,95.0,100.0,15.0,65.0,91.0,100.0,99.0
MD,2018,32,39,2018-09-30,98.0,95.0,100.0,17.0,87.0,91.0,100.0,99.0
MD,2018,33,40,2018-10-07,100.0,95.0,100.0,24.0,96.0,91.0,100.0,99.0
MD,2018,34,41,2018-10-14,100.0,95.0,100.0,53.0,96.0,91.0,100.0,99.0
MD,2018,35,42,2018-10-21,100.0,95.0,100.0,64.0,96.0,91.0,100.0,99.0
MD,2018,36,43,2018-10-28,100.0,95.0,100.0,85.0,96.0,91.0,100.0,99.0
MD,2018,37,44,2018-11-04,100.0,95.0,100.0,91.0,96.0,91.0,100.0,99.0
MD,2018,38,45,2018-11-11,100.0,95.0,100.0,92.0,96.0,91.0,100.0,99.0
MD,2018,39,46,2018-11-18,100.0,95.0,100.0,93.0,96.0,91.0,100.0,99.0
MD,2018,40,47,2018-11-25,100.0,95.0,100.0,94.0,96.0,91.0,100.0,99.0
MD,2019,7,14,2019-04-07,0.0,0.0,0.0,0.0,0.0,0.0,2.0,0.0
MD,2019,8,15,2019-04-14,0.0,0.0,0.0,0.0,0.0,0.0,5.0,0.0
MD,2019,9,16,2019-04-21,0.0,0.0,0.0,0.0,0.0,0.0,12.0,0.0
MD,2019,10,17,2019-04-28,0.0,0.0,7.0,0.0,0.0,0.0,21.0,0.0
MD,2019,11,18,2019-05-05,0.0,0.0,21.0,0.0,0.0,0.0,42.0,0.0
MD,2019,12,19,2019-05-12,0.0,0.0,42.0,0.0,0.0,0.0,65.0,0.0
MD,2019,13,20,2019-05-19,0.0,0.0,58.0,0.0,0.0,0.0,71.0,0.0
MD,2019,14,21,2019-05-26,0.0,0.0,71.0,0.0,0.0,0.0,93.0,0.0
MD,2019,15,22,2019-06-02,0.0,0.0,91.0,0.0,0.0,0.0,96.0,0.0
MD,2019,16,23,2019-06-09,0.0,0.0,96.0,0.0,0.0,0.0,96.0,0.0
MD,2019,17,24,2019-06-16,0.0,0.0,97.0,0.0,0.0,0.0,96.0,0.0
MD,2019,18,25,2019-06-23,0.0,0.0,100.0,0.0,0.0,0.0,96.0,0.0
MD,2019,21,28,2019-07-14,0.0,0.0,100.0,0.0,0.0,3.0,96.0,49.0
MD,2019,22,29,2019-07-21,0.0,2.0,100.0,0.0,0.0,27.0,96.0,69.0
MD,2019,23,30,2019-07-28,0.0,11.0,100.0,0.0,0.0,33.0,96.0,79.0
MD,2019,24,31,2019-08-04,0.0,20.0,100.0,0.0,0.0,46.0,96.0,81.0
MD,2019,25,32,2019-08-11,0.0,45.0,100.0,0.0,0.0,82.0,96.0,93.0
MD,2019,26,33,2019-08-18,6.0,68.0,100.0,0.0,0.0,92.0,96.0,98.0
MD,2019,27,34,2019-08-25,29.0,85.0,100.0,0.0,0.0,96.0,96.0,98.0
MD,2019,28,35,2019-09-01,58.0,90.0,100.0,0.0,6.0,96.0,96.0,98.0
MD,2019,29,36,2019-09-08,86.0,95.0,100.0,0.0,32.0,96.0,96.0,98.0
MD,2019,30,37,2019-09-15,91.0,95.0,100.0,10.0,61.0,96.0,96.0,98.0
MD,2019,31,38,2019-09-22,95.0,95.0,100.0,25.0,78.0,96.0,96.0,98.0
MD,2019,32,39,2019-09-29,97.0,95.0,100.0,54.0,87.0,96.0,96.0,98.0
MD,2019,33,40,2019-10-06,100.0,95.0,100.0,72.0,94.0,96.0,96.0,98.0
MD,2019,34,41,2019-10-13,100.0,95.0,100.0,81.0,96.0,96.0,96.0,98.0
MD,2019,35,42,2019-10-20,100.0,95.0,100.0,90.0,96.0,96.0,96.0,98.0
MD,2019,36,43,2019-10-27,100.0,95.0,100.0,95.0,96.0,96.0,96.0,98.0
MD,2020,8,15,2020-04-12,0.0,0.0,0.0,0.0,0.0,0.0,3.0,0.0
MD,2020,9,16,2020-04-19,0.0,0.0,0.0,0.0,0.0,0.0,6.0,0.0
MD,2020,10,17,2020-04-26,0.0,0.0,0.0,0.0,0.0,0.0,8.0,0.0
MD,2020,11,18,2020-05-03,0.0,0.0,0.0,0.0,0.0,0.0,12.0,0.0
MD,2020,12,19,2020-05-10,0.0,0.0,2.0,0.0,0.0,0.0,21.0,0.0
MD,2020,13,20,2020-05-17,0.0,0.0,18.0,0.0,0.0,0.0,58.0,0.0
MD,2020,14,21,2020-05-24,0.0,0.0,48.0,0.0,0.0,0.0,90.0,0.0
MD,2020,15,22,2020-05-31,0.0,0.0,55.0,0.0,0.0,0.0,93.0,0.0
MD,2020,16,23,2020-06-07,0.0,0.0,73.0,0.0,0.0,0.0,95.0,0.0
MD,2020,17,24,2020-06-14,0.0,0.0,95.0,0.0,0.0,0.0,98.0,0.0
MD,2020,18,25,2020-06-21,0.0,0.0,95.0,0.0,0.0,0.0,99.0,0.0
MD,2020,19,26,2020-06-28,0.0,0.0,100.0,0.0,0.0,0.0,99.0,0.0
MD,2020,20,27,2020-07-05,0.0,0.0,100.0,0.0,0.0,0.0,99.0,0.0
MD,2020,21,28,2020-07-12,0.0,0.0,100.0,0.0,0.0,0.0,99.0,8.0
MD,2020,22,29,2020-07-19,0.0,0.0,100.0,0.0,0.0,4.0,99.0,53.0
MD,2020,23,30,2020-07-26,0.0,0.0,100.0,0.0,0.0,20.0,99.0,60.0
MD,2020,24,31,2020-08-02,0.0,15.0,100.0,0.0,0.0,50.0,99.0,69.0
MD,2020,25,32,2020-08-09,0.0,38.0,100.0,0.0,0.0,72.0,99.0,95.0
MD,2020,26,33,2020-08-16,0.0,40.0,100.0,0.0,0.0,80.0,99.0,95.0
MD,2020,27,34,2020-08-23,22.0,70.0,100.0,0.0,0.0,95.0,99.0,95.0
MD,2020,28,35,2020-08-30,41.0,94.0,100.0,0.0,6.0,95.0,99.0,95.0
MD,2020,29,36,2020-09-06,74.0,95.0,100.0,0.0,26.0,95.0,99.0,95.0
MD,2020,30,37,2020-09-13,95.0,95.0,100.0,2.0,68.0,95.0,99.0,95.0
MD,2020,31,38,2020-09-20,95.0,95.0,100.0,7.0,82.0,95.0,99.0,95.0
MD,2020,32,39,2020-09-27,95.0,95.0,100.0,17.0,91.0,95.0,99.0,95.0
MD,2020,33,40,2020-10-04,95.0,95.0,100.0,30.0,95.0,95.0,99.0,95.0
MD,2020,34,41,2020-10-11,95.0,95.0,100.0,67.0,95.0,95.0,99.0,95.0
MD,2020,35,42,2020-10-18,95.0,95.0,100.0,77.0,95.0,95.0,99.0,95.0
MD,2020,36,43,2020-10-25,95.0,95.0,100.0,81.0,95.0,95.0,99.0,95.0
MD,2020,37,44,2020-11-01,95.0,95.0,100.0,89.0,95.0,95.0,99.0,95.0
MD,2020,38,45,2020-11-08,95.0,95.0,100.0,95.0,95.0,95.0,99.0,95.0
MD,2021,7,14,2021-04-11,0.0,0.0,0.0,0.0,0.0,0.0,0.0,0.0
MD,2021,8,15,2021-04-18,0.0,0.0,0.0,0.0,0.0,0.0,1.0,0.0
MD,2021,9,16,2021-04-25,0.0,0.0,0.0,0.0,0.0,0.0,7.0,0.0
MD,2021,10,17,2021-05-02,0.0,0.0,3.0,0.0,0.0,0.0,20.0,0.0
MD,2021,11,18,2021-05-09,0.0,0.0,9.0,0.0,0.0,0.0,27.0,0.0
MD,2021,12,19,2021-05-16,0.0,0.0,37.0,0.0,0.0,0.0,56.0,0.0
MD,2021,13,20,2021-05-23,0.0,0.0,68.0,0.0,0.0,0.0,80.0,0.0
MD,2021,14,21,2021-05-30,0.0,0.0,84.0,0.0,0.0,0.0,97.0,0.0
MD,2021,15,22,2021-06-06,0.0,0.0,89.0,0.0,0.0,0.0,97.0,0.0
MD,2021,16,23,2021-06-13,0.0,0.0,90.0,0.0,0.0,0.0,97.0,0.0
MD,2021,17,24,2021-06-20,0.0,0.0,93.0,0.0,0.0,0.0,97.0,0.0
MD,2021,18,25,2021-06-27,0.0,0.0,99.0,0.0,0.0,0.0,97.0,0.0
MD,2021,19,26,2021-07-04,0.0,0.0,99.0,0.0,0.0,0.0,97.0,7.0
MD,2021,20,27,2021-07-11,0.0,0.0,99.0,0.0,0.0,0.0,97.0,28.0
MD,2021,21,28,2021-07-18,0.0,0.0,99.0,0.0,0.0,15.0,97.0,66.0
MD,2021,22,29,2021-07-25,0.0,6.0,99.0,0.0,0.0,39.0,97.0,83.0
MD,2021,23,30,2021-08-01,0.0,26.0,99.0,0.0,0.0,54.0,97.0,89.0
MD,2021,24,31,2021-08-08,0.0,30.0,99.0,0.0,0.0,60.0,97.0,92.0
MD,2021,25,32,2021-08-15,2.0,57.0,99.0,0.0,0.0,84.0,97.0,95.0
MD,2021,26,33,2021-08-22,17.0,64.0,99.0,0.0,0.0,90.0,97.0,95.0
MD,2021,27,34,2021-08-29,45.0,88.0,99.0,0.0,0.0,97.0,97.0,95.0
MD,2021,28,35,2021-09-05,58.0,95.0,99.0,0.0,24.0,97.0,97.0,95.0
MD,2021,29,36,2021-09-12,95.0,95.0,99.0,7.0,72.0,97.0,97.0,95.0
MD,2021,30,37,2021-09-19,95.0,95.0,99.0,16.0,80.0,97.0,97.0,95.0
MD,2021,31,38,2021-09-26,95.0,95.0,99.0,19.0,90.0,97.0,97.0,95.0
MD,2021,32,39,2021-10-03,95.0,95.0,99.0,28.0,94.0,97.0,97.0,95.0
MD,2021,33,40,2021-10-10,95.0,95.0,99.0,43.0,94.0,97.0,97.0,95.0
MD,2021,34,41,2021-10-17,95.0,95.0,99.0,71.0,94.0,97.0,97.0,95.0
MD,2021,35,42,2021-10-24,95.0,95.0,99.0,87.0,94.0,97.0,97.0,95.0
MD,2021,36,43,2021-10-31,95.0,95.0,99.0,90.0,94.0,97.0,97.0,95.0
MD,2021,37,44,2021-11-07,95.0,95.0,99.0,95.0,94.0,97.0,97.0,95.0
MD,2022,9,16,2022-04-24,0.0,0.0,0.0,0.0,0.0,0.0,13.0,0.0
MD,2022,10,17,2022-05-01,0.0,0.0,0.0,0.0,0.0,0.0,25.0,0.0
MD,2022,11,18,2022-05-08,0.0,0.0,10.0,0.0,0.0,0.0,27.0,0.0
MD,2022,12,19,2022-05-15,0.0,0.0,18.0,0.0,0.0,0.0,32.0,0.0
MD,2022,13,20,2022-05-22,0.0,0.0,32.0,0.0,0.0,0.0,51.0,0.0
MD,2022,14,21,2022-05-29,0.0,0.0,70.0,0.0,0.0,0.0,81.0,0.0
MD,2022,15,22,2022-06-05,0.0,0.0,87.0,0.0,0.0,0.0,91.0,0.0
MD,2022,16,23,2022-06-12,0.0,0.0,98.0,0.0,0.0,0.0,91.0,0.0
MD,2022,20,27,2022-07-10,0.0,0.0,98.0,0.0,0.0,0.0,91.0,8.0
MD,2022,21,28,2022-07-17,0.0,0.0,98.0,0.0,0.0,2.0,91.0,34.0
MD,2022,22,29,2022-07-24,0.0,1.0,98.0,0.0,0.0,5.0,91.0,42.0
MD,2022,23,30,2022-07-31,0.0,8.0,98.0,0.0,0.0,43.0,91.0,80.0
MD,2022,24,31,2022-08-07,0.0,30.0,98.0,0.0,0.0,58.0,91.0,85.0
MD,2022,25,32,2022-08-14,0.0,43.0,98.0,0.0,0.0,67.0,91.0,93.0
MD,2022,26,33,2022-08-21,0.0,67.0,98.0,0.0,0.0,87.0,91.0,100.0
MD,2022,27,34,2022-08-28,16.0,78.0,98.0,0.0,0.0,93.0,91.0,100.0
MD,2022,28,35,2022-09-04,70.0,93.0,98.0,0.0,13.0,97.0,91.0,100.0
MD,2022,29,36,2022-09-11,83.0,97.0,98.0,0.0,37.0,97.0,91.0,100.0
MD,2022,30,37,2022-09-18,83.0,97.0,98.0,7.0,45.0,97.0,91.0,100.0
MD,2022,31,38,2022-09-25,83.0,97.0,98.0,15.0,49.0,97.0,91.0,100.0
MD,2022,32,39,2022-10-02,83.0,97.0,98.0,34.0,75.0,97.0,91.0,100.0
MD,2022,33,40,2022-10-09,83.0,97.0,98.0,60.0,99.0,97.0,91.0,100.0
MD,2022,34,41,2022-10-16,83.0,97.0,98.0,70.0,99.0,97.0,91.0,100.0
MD,2022,35,42,2022-10-23,83.0,97.0,98.0,76.0,99.0,97.0,91.0,100.0
MD,2022,36,43,2022-10-30,83.0,97.0,98.0,84.0,99.0,97.0,91.0,100.0
MD,2022,37,44,2022-11-06,83.0,97.0,98.0,92.0,99.0,97.0,91.0,100.0
MD,2022,38,45,2022-11-13,83.0,97.0,98.0,100.0,99.0,97.0,91.0,100.0
MD,2023,8,15,2023-04-16,0.0,0.0,0.0,0.0,0.0,0.0,4.0,0.0
MD,2023,9,16,2023-04-23,0.0,0.0,0.0,0.0,0.0,0.0,19.0,0.0
MD,2023,10,17,2023-04-30,0.0,0.0,25.0,0.0,0.0,0.0,50.0,0.0
MD,2023,11,18,2023-05-07,0.0,0.0,61.0,0.0,0.0,0.0,65.0,0.0
MD,2023,12,19,2023-05-14,0.0,0.0,73.0,0.0,0.0,0.0,86.0,0.0
MD,2023,13,20,2023-05-21,0.0,0.0,85.0,0.0,0.0,0.0,96.0,0.0
MD,2023,14,21,2023-05-28,0.0,0.0,94.0,0.0,0.0,0.0,96.0,0.0
MD,2023,15,22,2023-06-04,0.0,0.0,97.0,0.0,0.0,0.0,96.0,0.0
MD,2023,21,28,2023-07-16,0.0,0.0,97.0,0.0,0.0,0.0,96.0,23.0
MD,2023,22,29,2023-07-23,0.0,0.0,97.0,0.0,0.0,0.0,96.0,60.0
MD,2023,23,30,2023-07-30,0.0,0.0,97.0,0.0,0.0,16.0,96.0,71.0
MD,2023,24,31,2023-08-06,0.0,0.0,97.0,0.0,0.0,51.0,96.0,92.0
MD,2023,25,32,2023-08-13,0.0,40.0,97.0,0.0,0.0,65.0,96.0,98.0
MD,2023,26,33,2023-08-20,17.0,60.0,97.0,0.0,0.0,80.0,96.0,98.0
MD,2023,27,34,2023-08-27,47.0,80.0,97.0,0.0,3.0,92.0,96.0,98.0
MD,2023,28,35,2023-09-03,65.0,89.0,97.0,0.0,16.0,92.0,96.0,98.0
MD,2023,29,36,2023-09-10,84.0,93.0,97.0,0.0,22.0,92.0,96.0,98.0
MD,2023,30,37,2023-09-17,88.0,95.0,97.0,0.0,53.0,92.0,96.0,98.0
MD,2023,31,38,2023-09-24,95.0,95.0,97.0,17.0,67.0,92.0,96.0,98.0
MD,2023,32,39,2023-10-01,95.0,95.0,97.0,45.0,90.0,92.0,96.0,98.0
MD,2023,33,40,2023-10-08,95.0,95.0,97.0,54.0,96.0,92.0,96.0,98.0
MD,2023,34,41,2023-10-15,95.0,95.0,97.0,69.0,96.0,92.0,96.0,98.0
MD,2023,35,42,2023-10-22,95.0,95.0,97.0,79.0,96.0,92.0,96.0,98.0
MD,2023,36,43,2023-10-29,95.0,95.0,97.0,88.0,96.0,92.0,96.0,98.0
MD,2023,37,44,2023-11-05,95.0,95.0,97.0,97.0,96.0,92.0,96.0,98.0
MD,2024,9,16,2024-04-21,0.0,0.0,0.0,0.0,0.0,0.0,6.0,0.0
MD,2024,10,17,2024-04-28,0.0,0.0,0.0,0.0,0.0,0.0,23.0,0.0
MD,2024,11,18,2024-05-05,0.0,0.0,0.0,0.0,0.0,0.0,51.0,0.0
MD,2024,12,19,2024-05-12,0.0,0.0,36.0,0.0,0.0,0.0,70.0,0.0
MD,2024,13,20,2024-05-19,0.0,0.0,60.0,0.0,0.0,0.0,81.0,0.0
MD,2024,14,21,2024-05-26,0.0,0.0,81.0,0.0,0.0,0.0,95.0,0.0
MD,2024,15,22,2024-06-02,0.0,0.0,90.0,0.0,0.0,0.0,95.0,0.0
MD,2024,16,23,2024-06-09,0.0,0.0,98.0,0.0,0.0,0.0,95.0,0.0
MD,2024,20,27,2024-07-07,0.0,0.0,98.0,0.0,0.0,0.0,95.0,14.0
MD,2024,21,28,2024-07-14,0.0,0.0,98.0,0.0,0.0,0.0,95.0,30.0
MD,2024,22,29,2024-07-21,0.0,0.0,98.0,0.0,0.0,10.0,95.0,67.0
MD,2024,23,30,2024-07-28,0.0,0.0,98.0,0.0,0.0,42.0,95.0,87.0
MD,2024,24,31,2024-08-04,0.0,40.0,98.0,0.0,0.0,70.0,95.0,96.0
MD,2024,25,32,2024-08-11,15.0,58.0,98.0,0.0,0.0,85.0,95.0,96.0
MD,2024,26,33,2024-08-18,31.0,79.0,98.0,0.0,0.0,95.0,95.0,96.0
MD,2024,27,34,2024-08-25,56.0,88.0,98.0,0.0,19.0,95.0,95.0,96.0
MD,2024,28,35,2024-09-01,71.0,95.0,98.0,0.0,31.0,95.0,95.0,96.0
MD,2024,29,36,2024-09-08,80.0,95.0,98.0,0.0,43.0,95.0,95.0,96.0
MD,2024,30,37,2024-09-15,89.0,95.0,98.0,6.0,58.0,95.0,95.0,96.0
MD,2024,31,38,2024-09-22,95.0,95.0,98.0,22.0,74.0,95.0,95.0,96.0
MD,2024,32,39,2024-09-29,95.0,95.0,98.0,34.0,84.0,95.0,95.0,96.0
MD,2024,33,40,2024-10-06,95.0,95.0,98.0,43.0,91.0,95.0,95.0,96.0
MD,2024,34,41,2024-10-13,95.0,95.0,98.0,64.0,97.0,95.0,95.0,96.0
MD,2024,35,42,2024-10-20,95.0,95.0,98.0,78.0,97.0,95.0,95.0,96.0
MD,2024,36,43,2024-10-27,95.0,95.0,98.0,88.0,97.0,95.0,95.0,96.0
MD,2024,37,44,2024-11-03,95.0,95.0,98.0,95.0,97.0,95.0,95.0,96.0
MD,2025,7,14,2025-04-06,0.0,0.0,0.0,0.0,0.0,0.0,0.0,0.0
MD,2025,8,15,2025-04-13,0.0,0.0,0.0,0.0,0.0,0.0,0.0,0.0
MD,2025,9,16,2025-04-20,0.0,0.0,0.0,0.0,0.0,0.0,0.0,0.0
MD,2025,10,17,2025-04-27,0.0,0.0,0.0,0.0,0.0,0.0,20.0,0.0
MD,2025,11,18,2025-05-04,0.0,0.0,9.0,0.0,0.0,0.0,39.0,0.0
MD,2025,12,19,2025-05-11,0.0,0.0,29.0,0.0,0.0,0.0,59.0,0.0
MD,2025,13,20,2025-05-18,0.0,0.0,49.0,0.0,0.0,0.0,82.0,0.0
MD,2025,14,21,2025-05-25,0.0,0.0,69.0,0.0,0.0,0.0,90.0,0.0
MD,2025,15,22,2025-06-01,0.0,0.0,86.0,0.0,0.0,0.0,94.0,0.0
MD,2025,16,23,2025-06-08,0.0,0.0,91.0,0.0,0.0,0.0,96.0,0.0
MD,2025,17,24,2025-06-15,0.0,0.0,96.0,0.0,0.0,0.0,96.0,0.0
MD,2025,20,27,2025-07-06,0.0,0.0,96.0,0.0,0.0,0.0,96.0,20.0
MD,2025,21,28,2025-07-13,0.0,0.0,96.0,0.0,0.0,0.0,96.0,48.0
MD,2025,22,29,2025-07-20,0.0,0.0,96.0,0.0,0.0,20.0,96.0,68.0
MD,2025,23,30,2025-07-27,0.0,0.0,96.0,0.0,0.0,37.0,96.0,81.0
MD,2025,24,31,2025-08-03,0.0,11.0,96.0,0.0,0.0,68.0,96.0,92.0
MD,2025,25,32,2025-08-10,1.0,59.0,96.0,0.0,0.0,84.0,96.0,99.0
MD,2025,26,33,2025-08-17,21.0,78.0,96.0,0.0,0.0,90.0,96.0,99.0
MD,2025,27,34,2025-08-24,41.0,87.0,96.0,0.0,2.0,97.0,96.0,99.0
MD,2025,28,35,2025-08-31,66.0,92.0,96.0,0.0,17.0,97.0,96.0,99.0
MD,2025,29,36,2025-09-07,82.0,95.0,96.0,0.0,22.0,97.0,96.0,99.0
MD,2025,30,37,2025-09-14,90.0,95.0,96.0,3.0,52.0,97.0,96.0,99.0
MD,2025,31,38,2025-09-21,96.0,95.0,96.0,20.0,67.0,97.0,96.0,99.0
MD,2025,32,39,2025-09-28,96.0,95.0,96.0,37.0,84.0,97.0,96.0,99.0
MD,2025,39,46,2025-11-16,96.0,95.0,96.0,94.0,100.0,97.0,96.0,99.0
MD,2025,40,47,2025-11-23,96.0,95.0,96.0,97.0,100.0,97.0,96.0,99.0
ME,2016,9,16,2016-04-24,,,0.0,0.0,,,0.0,
ME,2016,10,17,2016-05-01,,,0.0,0.0,,,5.0,
ME,2016,11,18,2016-05-08,,,0.0,0.0,,,8.0,
ME,2016,12,19,2016-05-15,,,0.0,0.0,,,16.0,
ME,2016,13,20,2016-05-22,,,1.0,0.0,,,37.0,
ME,2016,14,21,2016-05-29,,,25.0,0.0,,,69.0,
ME,2016,15,22,2016-06-05,,,55.0,0.0,,,88.0,
ME,2016,16,23,2016-06-12,,,64.0,0.0,,,90.0,
ME,2016,17,24,2016-06-19,,,73.0,0.0,,,90.0,
ME,2016,18,25,2016-06-26,,,100.0,0.0,,,90.0,
ME,2016,28,35,2016-09-04,,,100.0,0.0,,,90.0,
ME,2016,29,36,2016-09-11,,,100.0,9.0,,,90.0,
ME,2016,30,37,2016-09-18,,,100.0,18.0,,,90.0,
ME,2016,31,38,2016-09-25,,,100.0,37.0,,,90.0,
ME,2016,32,39,2016-10-02,,,100.0,40.0,,,90.0,
ME,2016,33,40,2016-10-09,,,100.0,50.0,,,90.0,
ME,2016,34,41,2016-10-16,,,100.0,90.0,,,90.0,
ME,2016,35,42,2016-10-23,,,100.0,100.0,,,90.0,
ME,2017,9,16,2017-04-23,,,0.0,0.0,,,0.0,
ME,2017,10,17,2017-04-30,,,0.0,0.0,,,0.0,
ME,2017,11,18,2017-05-07,,,0.0,0.0,,,0.0,
ME,2017,12,19,2017-05-14,,,0.0,0.0,,,0.0,
ME,2017,13,20,2017-05-21,,,0.0,0.0,,,1.0,
ME,2017,14,21,2017-05-28,,,1.0,0.0,,,30.0,
ME,2017,15,22,2017-06-04,,,6.0,0.0,,,40.0,
ME,2017,16,23,2017-06-11,,,9.0,0.0,,,58.0,
ME,2017,17,24,2017-06-18,,,66.0,0.0,,,98.0,
ME,2017,18,25,2017-06-25,,,85.0,0.0,,,99.0,
ME,2017,19,26,2017-07-02,,,87.0,0.0,,,99.0,
ME,2017,20,27,2017-07-09,,,92.0,0.0,,,99.0,
ME,2017,28,35,2017-09-03,,,92.0,0.0,,,99.0,
ME,2017,29,36,2017-09-10,,,92.0,0.0,,,99.0,
ME,2017,30,37,2017-09-17,,,92.0,0.0,,,99.0,
ME,2017,31,38,2017-09-24,,,92.0,5.0,,,99.0,
ME,2017,32,39,2017-10-01,,,92.0,10.0,,,99.0,
ME,2017,33,40,2017-10-08,,,92.0,14.0,,,99.0,
ME,2017,34,41,2017-10-15,,,92.0,43.0,,,99.0,
ME,2017,35,42,2017-10-22,,,92.0,79.0,,,99.0,
ME,2017,36,43,2017-10-29,,,92.0,85.0,,,99.0,
ME,2017,37,44,2017-11-05,,,92.0,88.0,,,99.0,
ME,2017,38,45,2017-11-12,,,92.0,92.0,,,99.0,
ME,2018,10,17,2018-04-29,,,0.0,0.0,,,0.0,
ME,2018,11,18,2018-05-06,,,0.0,0.0,,,0.0,
ME,2018,12,19,2018-05-13,,,0.0,0.0,,,0.0,
ME,2018,13,20,2018-05-20,,,0.0,0.0,,,4.0,
ME,2018,14,21,2018-05-27,,,5.0,0.0,,,50.0,
ME,2018,15,22,2018-06-03,,,16.0,0.0,,,57.0,
ME,2018,16,23,2018-06-10,,,35.0,0.0,,,71.0,
ME,2018,17,24,2018-06-17,,,70.0,0.0,,,90.0,
ME,2018,18,25,2018-06-24,,,78.0,0.0,,,90.0,
ME,2018,19,26,2018-07-01,,,100.0,0.0,,,90.0,
ME,2018,31,38,2018-09-23,,,100.0,50.0,,,90.0,
ME,2018,32,39,2018-09-30,,,100.0,55.0,,,90.0,
ME,2018,33,40,2018-10-07,,,100.0,70.0,,,90.0,
ME,2018,34,41,2018-10-14,,,100.0,92.0,,,90.0,
ME,2018,35,42,2018-10-21,,,100.0,99.0,,,90.0,
ME,2018,36,43,2018-10-28,,,100.0,100.0,,,90.0,
ME,2019,11,18,2019-05-05,,,0.0,0.0,,,0.0,
ME,2019,12,19,2019-05-12,,,0.0,0.0,,,0.0,
ME,2019,13,20,2019-05-19,,,0.0,0.0,,,5.0,
ME,2019,14,21,2019-05-26,,,0.0,0.0,,,17.0,
ME,2019,15,22,2019-06-02,,,0.0,0.0,,,58.0,
ME,2019,16,23,2019-06-09,,,5.0,0.0,,,75.0,
ME,2019,17,24,2019-06-16,,,15.0,0.0,,,85.0,
ME,2019,18,25,2019-06-23,,,60.0,0.0,,,95.0,
ME,2019,19,26,2019-06-30,,,70.0,0.0,,,99.0,
ME,2019,20,27,2019-07-07,,,95.0,0.0,,,99.0,
ME,2019,29,36,2019-09-08,,,95.0,0.0,,,99.0,
ME,2019,30,37,2019-09-15,,,95.0,0.0,,,99.0,
ME,2019,31,38,2019-09-22,,,95.0,10.0,,,99.0,
ME,2019,32,39,2019-09-29,,,95.0,30.0,,,99.0,
ME,2019,33,40,2019-10-06,,,95.0,35.0,,,99.0,
ME,2019,34,41,2019-10-13,,,95.0,60.0,,,99.0,
ME,2019,35,42,2019-10-20,,,95.0,80.0,,,99.0,
ME,2019,36,43,2019-10-27,,,95.0,95.0,,,99.0,
ME,2019,37,44,2019-11-03,,,95.0,100.0,,,99.0,
ME,2020,8,15,2020-04-12,,,0.0,0.0,,,0.0,
ME,2020,9,16,2020-04-19,,,0.0,0.0,,,0.0,
ME,2020,10,17,2020-04-26,,,0.0,0.0,,,0.0,
ME,2020,11,18,2020-05-03,,,0.0,0.0,,,0.0,
ME,2020,12,19,2020-05-10,,,0.0,0.0,,,0.0,
ME,2020,13,20,2020-05-17,,,0.0,0.0,,,17.0,
ME,2020,14,21,2020-05-24,,,3.0,0.0,,,61.0,
ME,2020,15,22,2020-05-31,,,4.0,0.0,,,68.0,
ME,2020,16,23,2020-06-07,,,22.0,0.0,,,73.0,
ME,2020,17,24,2020-06-14,,,29.0,0.0,,,84.0,
ME,2020,18,25,2020-06-21,,,54.0,0.0,,,90.0,
ME,2020,19,26,2020-06-28,,,70.0,0.0,,,90.0,
ME,2020,20,27,2020-07-05,,,80.0,0.0,,,90.0,
ME,2020,21,28,2020-07-12,,,88.0,0.0,,,90.0,
ME,2020,29,36,2020-09-06,,,88.0,1.0,,,90.0,
ME,2020,30,37,2020-09-13,,,88.0,8.0,,,90.0,
ME,2020,31,38,2020-09-20,,,88.0,16.0,,,90.0,
ME,2020,32,39,2020-09-27,,,88.0,38.0,,,90.0,
ME,2020,33,40,2020-10-04,,,88.0,40.0,,,90.0,
ME,2020,34,41,2020-10-11,,,88.0,63.0,,,90.0,
ME,2020,35,42,2020-10-18,,,88.0,89.0,,,90.0,
ME,2020,36,43,2020-10-25,,,88.0,97.0,,,90.0,
ME,2020,37,44,2020-11-01,,,88.0,99.0,,,90.0,
ME,2020,38,45,2020-11-08,,,88.0,100.0,,,90.0,
ME,2021,9,16,2021-04-25,,,0.0,0.0,,,0.0,
ME,2021,10,17,2021-05-02,,,0.0,0.0,,,0.0,
ME,2021,11,18,2021-05-09,,,0.0,0.0,,,5.0,
ME,2021,12,19,2021-05-16,,,5.0,0.0,,,10.0,
ME,2021,13,20,2021-05-23,,,10.0,0.0,,,36.0,
ME,2021,14,21,2021-05-30,,,15.0,0.0,,,46.0,
ME,2021,15,22,2021-06-06,,,20.0,0.0,,,57.0,
ME,2021,16,23,2021-06-13,,,50.0,0.0,,,66.0,
ME,2021,17,24,2021-06-20,,,53.0,0.0,,,71.0,
ME,2021,18,25,2021-06-27,,,60.0,0.0,,,75.0,
ME,2021,19,26,2021-07-04,,,93.0,0.0,,,75.0,
ME,2021,20,27,2021-07-11,,,98.0,0.0,,,75.0,
ME,2021,28,35,2021-09-05,,,98.0,0.0,,,75.0,
ME,2021,29,36,2021-09-12,,,98.0,4.0,,,75.0,
ME,2021,30,37,2021-09-19,,,98.0,14.0,,,75.0,
ME,2021,31,38,2021-09-26,,,98.0,20.0,,,75.0,
ME,2021,32,39,2021-10-03,,,98.0,32.0,,,75.0,
ME,2021,33,40,2021-10-10,,,98.0,45.0,,,75.0,
ME,2021,34,41,2021-10-17,,,98.0,62.0,,,75.0,
ME,2021,35,42,2021-10-24,,,98.0,91.0,,,75.0,
ME,2021,36,43,2021-10-31,,,98.0,96.0,,,75.0,
ME,2021,37,44,2021-11-07,,,98.0,98.0,,,75.0,
ME,2022,9,16,2022-04-24,0.0,0.0,0.0,0.0,,,0.0,0.0
ME,2022,10,17,2022-05-01,0.0,0.0,0.0,0.0,,,4.0,0.0
ME,2022,11,18,2022-05-08,0.0,0.0,0.0,0.0,,,10.0,0.0
ME,2022,12,19,2022-05-15,0.0,0.0,0.0,0.0,,,18.0,0.0
ME,2022,13,20,2022-05-22,0.0,0.0,0.0,0.0,,,52.0,0.0
ME,2022,14,21,2022-05-29,0.0,0.0,25.0,0.0,,,75.0,0.0
ME,2022,15,22,2022-06-05,0.0,0.0,30.0,0.0,,,80.0,0.0
ME,2022,16,23,2022-06-12,0.0,0.0,49.0,0.0,,,90.0,0.0
ME,2022,17,24,2022-06-19,0.0,0.0,80.0,0.0,,,98.0,0.0
ME,2022,18,25,2022-06-26,0.0,0.0,90.0,0.0,,,100.0,0.0
ME,2022,19,26,2022-07-03,0.0,0.0,99.0,0.0,,,100.0,0.0
ME,2022,20,27,2022-07-10,0.0,0.0,100.0,0.0,,,100.0,0.0
ME,2022,24,31,2022-08-07,0.0,0.0,100.0,0.0,,,100.0,0.0
ME,2022,25,32,2022-08-14,0.0,0.0,100.0,0.0,,,100.0,0.0
ME,2022,28,35,2022-09-04,0.0,0.0,100.0,0.0,,,100.0,0.0
ME,2022,29,36,2022-09-11,0.0,0.0,100.0,0.0,,,100.0,0.0
ME,2022,30,37,2022-09-18,0.0,0.0,100.0,0.0,,,100.0,0.0
ME,2022,31,38,2022-09-25,0.0,0.0,100.0,32.0,,,100.0,0.0
ME,2022,32,39,2022-10-02,0.0,0.0,100.0,60.0,,,100.0,0.0
ME,2022,33,40,2022-10-09,0.0,0.0,100.0,63.0,,,100.0,0.0
ME,2022,34,41,2022-10-16,0.0,0.0,100.0,90.0,,,100.0,0.0
ME,2022,35,42,2022-10-23,0.0,0.0,100.0,98.0,,,100.0,0.0
ME,2022,36,43,2022-10-30,0.0,0.0,100.0,100.0,,,100.0,0.0
ME,2023,10,17,2023-04-30,,,0.0,0.0,,,0.0,
ME,2023,11,18,2023-05-07,,,0.0,0.0,,,15.0,
ME,2023,12,19,2023-05-14,,,2.0,0.0,,,30.0,
ME,2023,13,20,2023-05-21,,,5.0,0.0,,,35.0,
ME,2023,14,21,2023-05-28,,,15.0,0.0,,,55.0,
ME,2023,15,22,2023-06-04,,,20.0,0.0,,,70.0,
ME,2023,16,23,2023-06-11,,,45.0,0.0,,,88.0,
ME,2023,17,24,2023-06-18,,,69.0,0.0,,,95.0,
ME,2023,18,25,2023-06-25,,,83.0,0.0,,,95.0,
ME,2023,19,26,2023-07-02,,,85.0,0.0,,,95.0,
ME,2023,27,34,2023-08-27,,,85.0,0.0,,,95.0,
ME,2023,28,35,2023-09-03,,,85.0,0.0,,,95.0,
ME,2023,29,36,2023-09-10,,,85.0,0.0,,,95.0,
ME,2023,30,37,2023-09-17,,,85.0,0.0,,,95.0,
ME,2023,31,38,2023-09-24,,,85.0,20.0,,,95.0,
ME,2023,32,39,2023-10-01,,,85.0,35.0,,,95.0,
ME,2023,33,40,2023-10-08,,,85.0,49.0,,,95.0,
ME,2023,34,41,2023-10-15,,,85.0,72.0,,,95.0,
ME,2023,35,42,2023-10-22,,,85.0,86.0,,,95.0,
ME,2023,36,43,2023-10-29,,,85.0,91.0,,,95.0,
ME,2024,9,16,2024-04-21,,,0.0,0.0,,,0.0,
ME,2024,10,17,2024-04-28,,,0.0,0.0,,,0.0,
ME,2024,11,18,2024-05-05,,,0.0,0.0,,,0.0,
ME,2024,12,19,2024-05-12,,,0.0,0.0,,,14.0,
ME,2024,13,20,2024-05-19,,,0.0,0.0,,,36.0,
ME,2024,14,21,2024-05-26,,,0.0,0.0,,,41.0,
ME,2024,15,22,2024-06-02,,,15.0,0.0,,,60.0,
ME,2024,16,23,2024-06-09,,,35.0,0.0,,,80.0,
ME,2024,17,24,2024-06-16,,,60.0,0.0,,,90.0,
ME,2024,18,25,2024-06-23,,,83.0,0.0,,,90.0,
ME,2024,19,26,2024-06-30,,,85.0,0.0,,,90.0,
ME,2024,28,35,2024-09-01,,,85.0,6.0,,,90.0,
ME,2024,29,36,2024-09-08,,,85.0,12.0,,,90.0,
ME,2024,30,37,2024-09-15,,,85.0,25.0,,,90.0,
ME,2024,31,38,2024-09-22,,,85.0,56.0,,,90.0,
ME,2024,32,39,2024-09-29,,,85.0,66.0,,,90.0,
ME,2024,33,40,2024-10-06,,,85.0,74.0,,,90.0,
ME,2024,34,41,2024-10-13,,,85.0,83.0,,,90.0,
ME,2024,35,42,2024-10-20,,,85.0,93.0,,,90.0,
ME,2025,15,22,2025-06-01,,,2.0,0.0,,,15.0,
ME,2025,16,23,2025-06-08,,,31.0,0.0,,,66.0,
ME,2025,17,24,2025-06-15,,,45.0,0.0,,,70.0,
ME,2025,18,25,2025-06-22,,,70.0,0.0,,,91.0,
ME,2025,19,26,2025-06-29,,,81.0,0.0,,,91.0,
ME,2025,20,27,2025-07-06,,,92.0,0.0,,,91.0,
ME,2025,29,36,2025-09-07,,,92.0,2.0,,,91.0,
ME,2025,30,37,2025-09-14,,,92.0,4.0,,,91.0,
ME,2025,31,38,2025-09-21,,,92.0,10.0,,,91.0,
ME,2025,32,39,2025-09-28,,,92.0,26.0,,,91.0,
MI,2016,6,13,2016-04-03,0.0,0.0,0.0,0.0,0.0,,0.0,0.0
MI,2016,7,14,2016-04-10,0.0,0.0,0.0,0.0,0.0,,0.0,0.0
MI,2016,8,15,2016-04-17,0.0,0.0,0.0,0.0,0.0,,0.0,0.0
MI,2016,9,16,2016-04-24,0.0,0.0,0.0,0.0,0.0,,3.0,0.0
MI,2016,10,17,2016-05-01,0.0,0.0,0.0,0.0,0.0,,8.0,0.0
MI,2016,11,18,2016-05-08,0.0,0.0,2.0,0.0,0.0,,18.0,0.0
MI,2016,12,19,2016-05-15,0.0,0.0,6.0,0.0,0.0,,34.0,0.0
MI,2016,13,20,2016-05-22,0.0,0.0,17.0,0.0,0.0,,65.0,0.0
MI,2016,14,21,2016-05-29,0.0,0.0,46.0,0.0,0.0,,87.0,0.0
MI,2016,15,22,2016-06-05,0.0,0.0,73.0,0.0,0.0,,95.0,0.0
MI,2016,16,23,2016-06-12,0.0,0.0,92.0,0.0,0.0,,100.0,0.0
MI,2016,17,24,2016-06-19,0.0,0.0,96.0,0.0,0.0,,100.0,0.0
MI,2016,18,25,2016-06-26,0.0,0.0,100.0,0.0,0.0,,100.0,0.0
MI,2016,19,26,2016-07-03,0.0,0.0,100.0,0.0,0.0,,100.0,1.0
MI,2016,20,27,2016-07-10,0.0,0.0,100.0,0.0,0.0,,100.0,3.0
MI,2016,21,28,2016-07-17,0.0,0.0,100.0,0.0,0.0,,100.0,22.0
MI,2016,22,29,2016-07-24,0.0,1.0,100.0,0.0,0.0,,100.0,54.0
MI,2016,23,30,2016-07-31,0.0,10.0,100.0,0.0,0.0,,100.0,81.0
MI,2016,24,31,2016-08-07,0.0,25.0,100.0,0.0,0.0,,100.0,91.0
MI,2016,25,32,2016-08-14,1.0,48.0,100.0,0.0,0.0,,100.0,94.0
MI,2016,26,33,2016-08-21,15.0,67.0,100.0,0.0,0.0,,100.0,94.0
MI,2016,27,34,2016-08-28,33.0,78.0,100.0,1.0,0.0,,100.0,94.0
MI,2016,28,35,2016-09-04,54.0,85.0,100.0,8.0,5.0,,100.0,94.0
MI,2016,29,36,2016-09-11,65.0,90.0,100.0,0.0,17.0,,100.0,94.0
MI,2016,30,37,2016-09-18,79.0,95.0,100.0,1.0,26.0,,100.0,94.0
MI,2016,31,38,2016-09-25,90.0,95.0,100.0,1.0,50.0,,100.0,94.0
MI,2016,32,39,2016-10-02,94.0,95.0,100.0,6.0,65.0,,100.0,94.0
MI,2016,33,40,2016-10-09,94.0,95.0,100.0,11.0,79.0,,100.0,94.0
MI,2016,34,41,2016-10-16,94.0,95.0,100.0,16.0,89.0,,100.0,94.0
MI,2016,35,42,2016-10-23,94.0,95.0,100.0,27.0,95.0,,100.0,94.0
MI,2016,36,43,2016-10-30,94.0,95.0,100.0,40.0,95.0,,100.0,94.0
MI,2016,37,44,2016-11-06,94.0,95.0,100.0,53.0,95.0,,100.0,94.0
MI,2016,38,45,2016-11-13,94.0,95.0,100.0,70.0,95.0,,100.0,94.0
MI,2016,39,46,2016-11-20,94.0,95.0,100.0,83.0,95.0,,100.0,94.0
MI,2016,40,47,2016-11-27,94.0,95.0,100.0,88.0,95.0,,100.0,94.0
MI,2017,7,14,2017-04-09,0.0,0.0,0.0,0.0,0.0,,0.0,0.0
MI,2017,8,15,2017-04-16,0.0,0.0,0.0,0.0,0.0,,0.0,0.0
MI,2017,9,16,2017-04-23,0.0,0.0,0.0,0.0,0.0,,1.0,0.0
MI,2017,10,17,2017-04-30,0.0,0.0,0.0,0.0,0.0,,5.0,0.0
MI,2017,11,18,2017-05-07,0.0,0.0,0.0,0.0,0.0,,10.0,0.0
MI,2017,12,19,2017-05-14,0.0,0.0,2.0,0.0,0.0,,30.0,0.0
MI,2017,13,20,2017-05-21,0.0,0.0,16.0,0.0,0.0,,67.0,0.0
MI,2017,14,21,2017-05-28,0.0,0.0,43.0,0.0,0.0,,82.0,0.0
MI,2017,15,22,2017-06-04,0.0,0.0,66.0,0.0,0.0,,91.0,0.0
MI,2017,16,23,2017-06-11,0.0,0.0,83.0,0.0,0.0,,96.0,0.0
MI,2017,17,24,2017-06-18,0.0,0.0,94.0,0.0,0.0,,96.0,0.0
MI,2017,18,25,2017-06-25,0.0,0.0,94.0,0.0,0.0,,96.0,0.0
MI,2017,19,26,2017-07-02,0.0,0.0,94.0,0.0,0.0,,96.0,0.0
MI,2017,20,27,2017-07-09,0.0,0.0,94.0,0.0,0.0,,96.0,2.0
MI,2017,21,28,2017-07-16,0.0,0.0,94.0,0.0,0.0,,96.0,15.0
MI,2017,22,29,2017-07-23,0.0,1.0,94.0,0.0,0.0,,96.0,41.0
MI,2017,23,30,2017-07-30,0.0,4.0,94.0,0.0,0.0,,96.0,71.0
MI,2017,24,31,2017-08-06,0.0,17.0,94.0,0.0,0.0,,96.0,86.0
MI,2017,25,32,2017-08-13,3.0,39.0,94.0,0.0,0.0,,96.0,91.0
MI,2017,26,33,2017-08-20,11.0,56.0,94.0,0.0,0.0,,96.0,95.0
MI,2017,27,34,2017-08-27,23.0,70.0,94.0,0.0,0.0,,96.0,95.0
MI,2017,28,35,2017-09-03,44.0,79.0,94.0,1.0,1.0,,96.0,95.0
MI,2017,29,36,2017-09-10,63.0,84.0,94.0,0.0,4.0,,96.0,95.0
MI,2017,30,37,2017-09-17,73.0,92.0,94.0,3.0,17.0,,96.0,95.0
MI,2017,31,38,2017-09-24,84.0,95.0,94.0,4.0,37.0,,96.0,95.0
MI,2017,32,39,2017-10-01,89.0,95.0,94.0,7.0,58.0,,96.0,95.0
MI,2017,33,40,2017-10-08,94.0,95.0,94.0,12.0,73.0,,96.0,95.0
MI,2017,34,41,2017-10-15,95.0,95.0,94.0,19.0,83.0,,96.0,95.0
MI,2017,35,42,2017-10-22,95.0,95.0,94.0,34.0,91.0,,96.0,95.0
MI,2017,36,43,2017-10-29,95.0,95.0,94.0,44.0,94.0,,96.0,95.0
MI,2017,37,44,2017-11-05,95.0,95.0,94.0,57.0,96.0,,96.0,95.0
MI,2017,38,45,2017-11-12,95.0,95.0,94.0,69.0,96.0,,96.0,95.0
MI,2017,39,46,2017-11-19,95.0,95.0,94.0,76.0,96.0,,96.0,95.0
MI,2017,40,47,2017-11-26,95.0,95.0,94.0,84.0,96.0,,96.0,95.0
MI,2018,7,14,2018-04-08,0.0,0.0,0.0,0.0,0.0,,0.0,0.0
MI,2018,8,15,2018-04-15,0.0,0.0,0.0,0.0,0.0,,0.0,0.0
MI,2018,9,16,2018-04-22,0.0,0.0,0.0,0.0,0.0,,0.0,0.0
MI,2018,10,17,2018-04-29,0.0,0.0,0.0,0.0,0.0,,3.0,0.0
MI,2018,11,18,2018-05-06,0.0,0.0,0.0,0.0,0.0,,14.0,0.0
MI,2018,12,19,2018-05-13,0.0,0.0,6.0,0.0,0.0,,34.0,0.0
MI,2018,13,20,2018-05-20,0.0,0.0,22.0,0.0,0.0,,50.0,0.0
MI,2018,14,21,2018-05-27,0.0,0.0,40.0,0.0,0.0,,64.0,0.0
MI,2018,15,22,2018-06-03,0.0,0.0,61.0,0.0,0.0,,80.0,0.0
MI,2018,16,23,2018-06-10,0.0,0.0,77.0,0.0,0.0,,89.0,0.0
MI,2018,17,24,2018-06-17,0.0,0.0,87.0,0.0,0.0,,93.0,0.0
MI,2018,18,25,2018-06-24,0.0,0.0,92.0,0.0,0.0,,96.0,0.0
MI,2018,19,26,2018-07-01,0.0,0.0,96.0,0.0,0.0,,96.0,2.0
MI,2018,20,27,2018-07-08,0.0,0.0,100.0,0.0,0.0,,96.0,5.0
MI,2018,21,28,2018-07-15,0.0,0.0,100.0,0.0,0.0,,96.0,26.0
MI,2018,22,29,2018-07-22,0.0,1.0,100.0,0.0,0.0,,96.0,46.0
MI,2018,23,30,2018-07-29,0.0,9.0,100.0,0.0,0.0,,96.0,68.0
MI,2018,24,31,2018-08-05,0.0,22.0,100.0,0.0,0.0,,96.0,81.0
MI,2018,25,32,2018-08-12,7.0,39.0,100.0,0.0,0.0,,96.0,90.0
MI,2018,26,33,2018-08-19,14.0,58.0,100.0,0.0,0.0,,96.0,96.0
MI,2018,27,34,2018-08-26,34.0,76.0,100.0,6.0,2.0,,96.0,100.0
MI,2018,28,35,2018-09-02,51.0,84.0,100.0,12.0,7.0,,96.0,100.0
MI,2018,29,36,2018-09-09,67.0,90.0,100.0,0.0,13.0,,96.0,100.0
MI,2018,30,37,2018-09-16,80.0,95.0,100.0,1.0,26.0,,96.0,100.0
MI,2018,31,38,2018-09-23,87.0,98.0,100.0,4.0,46.0,,96.0,100.0
MI,2018,32,39,2018-09-30,95.0,98.0,100.0,10.0,64.0,,96.0,100.0
MI,2018,33,40,2018-10-07,100.0,98.0,100.0,16.0,78.0,,96.0,100.0
MI,2018,34,41,2018-10-14,100.0,98.0,100.0,20.0,87.0,,96.0,100.0
MI,2018,35,42,2018-10-21,100.0,98.0,100.0,31.0,95.0,,96.0,100.0
MI,2018,36,43,2018-10-28,100.0,98.0,100.0,46.0,100.0,,96.0,100.0
MI,2018,37,44,2018-11-04,100.0,98.0,100.0,57.0,100.0,,96.0,100.0
MI,2018,38,45,2018-11-11,100.0,98.0,100.0,67.0,100.0,,96.0,100.0
MI,2018,39,46,2018-11-18,100.0,98.0,100.0,74.0,100.0,,96.0,100.0
MI,2018,40,47,2018-11-25,100.0,98.0,100.0,82.0,100.0,,96.0,100.0
MI,2019,7,14,2019-04-07,0.0,0.0,0.0,0.0,0.0,,0.0,0.0
MI,2019,8,15,2019-04-14,0.0,0.0,0.0,0.0,0.0,,0.0,0.0
MI,2019,9,16,2019-04-21,0.0,0.0,0.0,0.0,0.0,,0.0,0.0
MI,2019,10,17,2019-04-28,0.0,0.0,0.0,0.0,0.0,,2.0,0.0
MI,2019,11,18,2019-05-05,0.0,0.0,0.0,0.0,0.0,,3.0,0.0
MI,2019,12,19,2019-05-12,0.0,0.0,0.0,0.0,0.0,,5.0,0.0
MI,2019,13,20,2019-05-19,0.0,0.0,1.0,0.0,0.0,,19.0,0.0
MI,2019,14,21,2019-05-26,0.0,0.0,7.0,0.0,0.0,,33.0,0.0
MI,2019,15,22,2019-06-02,0.0,0.0,17.0,0.0,0.0,,42.0,0.0
MI,2019,16,23,2019-06-09,0.0,0.0,33.0,0.0,0.0,,63.0,0.0
MI,2019,17,24,2019-06-16,0.0,0.0,48.0,0.0,0.0,,84.0,0.0
MI,2019,18,25,2019-06-23,0.0,0.0,63.0,0.0,0.0,,91.0,0.0
MI,2019,19,26,2019-06-30,0.0,0.0,84.0,0.0,0.0,,96.0,0.0
MI,2019,20,27,2019-07-07,0.0,0.0,95.0,0.0,0.0,,100.0,0.0
MI,2019,21,28,2019-07-14,0.0,0.0,100.0,0.0,0.0,,100.0,0.0
MI,2019,22,29,2019-07-21,0.0,0.0,100.0,0.0,0.0,,100.0,5.0
MI,2019,23,30,2019-07-28,0.0,0.0,100.0,0.0,0.0,,100.0,20.0
MI,2019,24,31,2019-08-04,0.0,2.0,100.0,0.0,0.0,,100.0,44.0
MI,2019,25,32,2019-08-11,0.0,17.0,100.0,0.0,0.0,,100.0,65.0
MI,2019,26,33,2019-08-18,1.0,30.0,100.0,0.0,0.0,,100.0,81.0
MI,2019,27,34,2019-08-25,9.0,45.0,100.0,0.0,0.0,,100.0,88.0
MI,2019,28,35,2019-09-01,14.0,57.0,100.0,0.0,0.0,,100.0,95.0
MI,2019,29,36,2019-09-08,26.0,69.0,100.0,3.0,0.0,,100.0,100.0
MI,2019,30,37,2019-09-15,41.0,80.0,100.0,0.0,3.0,,100.0,100.0
MI,2019,31,38,2019-09-22,53.0,87.0,100.0,0.0,8.0,,100.0,100.0
MI,2019,32,39,2019-09-29,72.0,95.0,100.0,0.0,17.0,,100.0,100.0
MI,2019,33,40,2019-10-06,82.0,100.0,100.0,4.0,31.0,,100.0,100.0
MI,2019,34,41,2019-10-13,87.0,100.0,100.0,7.0,44.0,,100.0,100.0
MI,2019,35,42,2019-10-20,92.0,100.0,100.0,14.0,62.0,,100.0,100.0
MI,2019,36,43,2019-10-27,96.0,100.0,100.0,21.0,75.0,,100.0,100.0
MI,2019,37,44,2019-11-03,100.0,100.0,100.0,25.0,83.0,,100.0,100.0
MI,2019,38,45,2019-11-10,100.0,100.0,100.0,33.0,91.0,,100.0,100.0
MI,2019,39,46,2019-11-17,100.0,100.0,100.0,39.0,95.0,,100.0,100.0
MI,2019,40,47,2019-11-24,100.0,100.0,100.0,56.0,100.0,,100.0,100.0
MI,2019,41,48,2019-12-01,100.0,100.0,100.0,66.0,100.0,,100.0,100.0
MI,2020,8,15,2020-04-12,0.0,0.0,0.0,0.0,0.0,,0.0,0.0
MI,2020,9,16,2020-04-19,0.0,0.0,0.0,0.0,0.0,,0.0,0.0
MI,2020,10,17,2020-04-26,0.0,0.0,0.0,0.0,0.0,,3.0,0.0
MI,2020,11,18,2020-05-03,0.0,0.0,0.0,0.0,0.0,,11.0,0.0
MI,2020,12,19,2020-05-10,0.0,0.0,3.0,0.0,0.0,,37.0,0.0
MI,2020,13,20,2020-05-17,0.0,0.0,11.0,0.0,0.0,,59.0,0.0
MI,2020,14,21,2020-05-24,0.0,0.0,28.0,0.0,0.0,,70.0,0.0
MI,2020,15,22,2020-05-31,0.0,0.0,53.0,0.0,0.0,,83.0,0.0
MI,2020,16,23,2020-06-07,0.0,0.0,72.0,0.0,0.0,,92.0,0.0
MI,2020,17,24,2020-06-14,0.0,0.0,85.0,0.0,0.0,,96.0,0.0
MI,2020,18,25,2020-06-21,0.0,0.0,92.0,0.0,0.0,,100.0,0.0
MI,2020,19,26,2020-06-28,0.0,0.0,96.0,0.0,0.0,,100.0,0.0
MI,2020,20,27,2020-07-05,0.0,0.0,100.0,0.0,0.0,,100.0,0.0
MI,2020,21,28,2020-07-12,0.0,0.0,100.0,0.0,0.0,,100.0,4.0
MI,2020,22,29,2020-07-19,0.0,0.0,100.0,0.0,0.0,,100.0,22.0
MI,2020,23,30,2020-07-26,0.0,3.0,100.0,0.0,0.0,,100.0,67.0
MI,2020,24,31,2020-08-02,0.0,13.0,100.0,0.0,0.0,,100.0,85.0
MI,2020,25,32,2020-08-09,0.0,38.0,100.0,0.0,0.0,,100.0,95.0
MI,2020,26,33,2020-08-16,7.0,59.0,100.0,0.0,0.0,,100.0,100.0
MI,2020,27,34,2020-08-23,24.0,77.0,100.0,0.0,0.0,,100.0,100.0
MI,2020,28,35,2020-08-30,40.0,85.0,100.0,9.0,1.0,,100.0,100.0
MI,2020,29,36,2020-09-06,63.0,92.0,100.0,33.0,9.0,,100.0,100.0
MI,2020,30,37,2020-09-13,78.0,96.0,100.0,0.0,19.0,,100.0,100.0
MI,2020,31,38,2020-09-20,91.0,99.0,100.0,0.0,37.0,,100.0,100.0
MI,2020,32,39,2020-09-27,96.0,100.0,100.0,4.0,55.0,,100.0,100.0
MI,2020,33,40,2020-10-04,100.0,100.0,100.0,7.0,70.0,,100.0,100.0
MI,2020,34,41,2020-10-11,100.0,100.0,100.0,16.0,82.0,,100.0,100.0
MI,2020,35,42,2020-10-18,100.0,100.0,100.0,24.0,91.0,,100.0,100.0
MI,2020,36,43,2020-10-25,100.0,100.0,100.0,34.0,96.0,,100.0,100.0
MI,2020,37,44,2020-11-01,100.0,100.0,100.0,53.0,99.0,,100.0,100.0
MI,2020,38,45,2020-11-08,100.0,100.0,100.0,77.0,100.0,,100.0,100.0
MI,2020,39,46,2020-11-15,100.0,100.0,100.0,85.0,100.0,,100.0,100.0
MI,2020,40,47,2020-11-22,100.0,100.0,100.0,91.0,100.0,,100.0,100.0
MI,2020,41,48,2020-11-29,100.0,100.0,100.0,95.0,100.0,,100.0,100.0
MI,2021,6,13,2021-04-04,0.0,0.0,0.0,0.0,0.0,,0.0,0.0
MI,2021,7,14,2021-04-11,0.0,0.0,0.0,0.0,0.0,,1.0,0.0
MI,2021,8,15,2021-04-18,0.0,0.0,0.0,0.0,0.0,,2.0,0.0
MI,2021,9,16,2021-04-25,0.0,0.0,0.0,0.0,0.0,,5.0,0.0
MI,2021,10,17,2021-05-02,0.0,0.0,2.0,0.0,0.0,,29.0,0.0
MI,2021,11,18,2021-05-09,0.0,0.0,5.0,0.0,0.0,,46.0,0.0
MI,2021,12,19,2021-05-16,0.0,0.0,16.0,0.0,0.0,,70.0,0.0
MI,2021,13,20,2021-05-23,0.0,0.0,53.0,0.0,0.0,,88.0,0.0
MI,2021,14,21,2021-05-30,0.0,0.0,79.0,0.0,0.0,,95.0,0.0
MI,2021,15,22,2021-06-06,0.0,0.0,92.0,0.0,0.0,,98.0,0.0
MI,2021,16,23,2021-06-13,0.0,0.0,97.0,0.0,0.0,,99.0,0.0
MI,2021,17,24,2021-06-20,0.0,0.0,100.0,0.0,0.0,,99.0,0.0
MI,2021,18,25,2021-06-27,0.0,0.0,100.0,0.0,0.0,,99.0,0.0
MI,2021,19,26,2021-07-04,0.0,0.0,100.0,0.0,0.0,,99.0,0.0
MI,2021,20,27,2021-07-11,0.0,0.0,100.0,0.0,0.0,,99.0,4.0
MI,2021,21,28,2021-07-18,0.0,0.0,100.0,0.0,0.0,,99.0,42.0
MI,2021,22,29,2021-07-25,0.0,2.0,100.0,0.0,0.0,,99.0,78.0
MI,2021,23,30,2021-08-01,0.0,19.0,100.0,0.0,0.0,,99.0,91.0
MI,2021,24,31,2021-08-08,0.0,41.0,100.0,0.0,0.0,,99.0,97.0
MI,2021,25,32,2021-08-15,5.0,59.0,100.0,0.0,0.0,,99.0,100.0
MI,2021,26,33,2021-08-22,20.0,78.0,100.0,1.0,0.0,,99.0,100.0
MI,2021,27,34,2021-08-29,36.0,87.0,100.0,4.0,1.0,,99.0,100.0
MI,2021,28,35,2021-09-05,61.0,94.0,100.0,14.0,5.0,,99.0,100.0
MI,2021,29,36,2021-09-12,70.0,96.0,100.0,0.0,24.0,,99.0,100.0
MI,2021,30,37,2021-09-19,80.0,99.0,100.0,2.0,44.0,,99.0,100.0
MI,2021,31,38,2021-09-26,89.0,100.0,100.0,7.0,57.0,,99.0,100.0
MI,2021,32,39,2021-10-03,95.0,100.0,100.0,17.0,77.0,,99.0,100.0
MI,2021,33,40,2021-10-10,100.0,100.0,100.0,24.0,89.0,,99.0,100.0
MI,2021,34,41,2021-10-17,100.0,100.0,100.0,32.0,93.0,,99.0,100.0
MI,2021,35,42,2021-10-24,100.0,100.0,100.0,47.0,95.0,,99.0,100.0
MI,2021,36,43,2021-10-31,100.0,100.0,100.0,53.0,100.0,,99.0,100.0
MI,2021,37,44,2021-11-07,100.0,100.0,100.0,62.0,100.0,,99.0,100.0
MI,2021,38,45,2021-11-14,100.0,100.0,100.0,76.0,100.0,,99.0,100.0
MI,2021,39,46,2021-11-21,100.0,100.0,100.0,85.0,100.0,,99.0,100.0
MI,2021,40,47,2021-11-28,100.0,100.0,100.0,89.0,100.0,,99.0,100.0
MI,2022,6,13,2022-04-03,0.0,0.0,0.0,0.0,0.0,,0.0,0.0
MI,2022,7,14,2022-04-10,0.0,0.0,0.0,0.0,0.0,,0.0,0.0
MI,2022,8,15,2022-04-17,0.0,0.0,0.0,0.0,0.0,,0.0,0.0
MI,2022,9,16,2022-04-24,0.0,0.0,0.0,0.0,0.0,,0.0,0.0
MI,2022,10,17,2022-05-01,0.0,0.0,0.0,0.0,0.0,,1.0,0.0
MI,2022,11,18,2022-05-08,0.0,0.0,0.0,0.0,0.0,,4.0,0.0
MI,2022,12,19,2022-05-15,0.0,0.0,2.0,0.0,0.0,,31.0,0.0
MI,2022,13,20,2022-05-22,0.0,0.0,18.0,0.0,0.0,,60.0,0.0
MI,2022,14,21,2022-05-29,0.0,0.0,47.0,0.0,0.0,,80.0,0.0
MI,2022,15,22,2022-06-05,0.0,0.0,74.0,0.0,0.0,,93.0,0.0
MI,2022,16,23,2022-06-12,0.0,0.0,86.0,0.0,0.0,,97.0,0.0
MI,2022,17,24,2022-06-19,0.0,0.0,93.0,0.0,0.0,,99.0,0.0
MI,2022,18,25,2022-06-26,0.0,0.0,98.0,0.0,0.0,,99.0,0.0
MI,2022,19,26,2022-07-03,0.0,0.0,98.0,0.0,0.0,,99.0,0.0
MI,2022,20,27,2022-07-10,0.0,0.0,98.0,0.0,0.0,,99.0,2.0
MI,2022,21,28,2022-07-17,0.0,0.0,98.0,0.0,0.0,,99.0,18.0
MI,2022,22,29,2022-07-24,0.0,8.0,98.0,0.0,0.0,,99.0,52.0
MI,2022,23,30,2022-07-31,0.0,22.0,98.0,0.0,0.0,,99.0,73.0
MI,2022,24,31,2022-08-07,1.0,38.0,98.0,0.0,0.0,,99.0,91.0
MI,2022,25,32,2022-08-14,11.0,55.0,98.0,0.0,0.0,,99.0,97.0
MI,2022,26,33,2022-08-21,24.0,71.0,98.0,0.0,0.0,,99.0,100.0
MI,2022,27,34,2022-08-28,35.0,85.0,98.0,8.0,4.0,,99.0,100.0
MI,2022,28,35,2022-09-04,51.0,92.0,98.0,16.0,8.0,,99.0,100.0
MI,2022,29,36,2022-09-11,69.0,97.0,98.0,0.0,13.0,,99.0,100.0
MI,2022,30,37,2022-09-18,81.0,97.0,98.0,2.0,24.0,,99.0,100.0
MI,2022,31,38,2022-09-25,90.0,97.0,98.0,3.0,39.0,,99.0,100.0
MI,2022,32,39,2022-10-02,96.0,97.0,98.0,10.0,55.0,,99.0,100.0
MI,2022,33,40,2022-10-09,96.0,97.0,98.0,16.0,75.0,,99.0,100.0
MI,2022,34,41,2022-10-16,96.0,97.0,98.0,22.0,86.0,,99.0,100.0
MI,2022,35,42,2022-10-23,96.0,97.0,98.0,30.0,93.0,,99.0,100.0
MI,2022,36,43,2022-10-30,96.0,97.0,98.0,43.0,97.0,,99.0,100.0
MI,2022,37,44,2022-11-06,96.0,97.0,98.0,60.0,100.0,,99.0,100.0
MI,2022,38,45,2022-11-13,96.0,97.0,98.0,78.0,100.0,,99.0,100.0
MI,2022,39,46,2022-11-20,96.0,97.0,98.0,86.0,100.0,,99.0,100.0
MI,2022,40,47,2022-11-27,96.0,97.0,98.0,95.0,100.0,,99.0,100.0
MI,2023,6,13,2023-04-02,0.0,0.0,0.0,0.0,0.0,,0.0,0.0
MI,2023,7,14,2023-04-09,0.0,0.0,0.0,0.0,0.0,,0.0,0.0
MI,2023,8,15,2023-04-16,0.0,0.0,0.0,0.0,0.0,,0.0,0.0
MI,2023,9,16,2023-04-23,0.0,0.0,0.0,0.0,0.0,,1.0,0.0
MI,2023,10,17,2023-04-30,0.0,0.0,0.0,0.0,0.0,,2.0,0.0
MI,2023,11,18,2023-05-07,0.0,0.0,0.0,0.0,0.0,,6.0,0.0
MI,2023,12,19,2023-05-14,0.0,0.0,3.0,0.0,0.0,,31.0,0.0
MI,2023,13,20,2023-05-21,0.0,0.0,20.0,0.0,0.0,,60.0,0.0
MI,2023,14,21,2023-05-28,0.0,0.0,43.0,0.0,0.0,,80.0,0.0
MI,2023,15,22,2023-06-04,0.0,0.0,72.0,0.0,0.0,,91.0,0.0
MI,2023,16,23,2023-06-11,0.0,0.0,89.0,0.0,0.0,,97.0,0.0
MI,2023,17,24,2023-06-18,0.0,0.0,92.0,0.0,0.0,,99.0,0.0
MI,2023,18,25,2023-06-25,0.0,0.0,96.0,0.0,0.0,,99.0,0.0
MI,2023,19,26,2023-07-02,0.0,0.0,99.0,0.0,0.0,,99.0,0.0
MI,2023,20,27,2023-07-09,0.0,0.0,100.0,0.0,0.0,,99.0,3.0
MI,2023,21,28,2023-07-16,0.0,0.0,100.0,0.0,0.0,,99.0,13.0
MI,2023,22,29,2023-07-23,0.0,2.0,100.0,0.0,0.0,,99.0,28.0
MI,2023,23,30,2023-07-30,0.0,12.0,100.0,0.0,0.0,,99.0,55.0
MI,2023,24,31,2023-08-06,0.0,25.0,100.0,0.0,0.0,,99.0,78.0
MI,2023,25,32,2023-08-13,2.0,38.0,100.0,0.0,0.0,,99.0,86.0
MI,2023,26,33,2023-08-20,15.0,47.0,100.0,1.0,0.0,,99.0,89.0
MI,2023,27,34,2023-08-27,24.0,64.0,100.0,8.0,0.0,,99.0,95.0
MI,2023,28,35,2023-09-03,44.0,78.0,100.0,14.0,3.0,,99.0,98.0
MI,2023,29,36,2023-09-10,58.0,89.0,100.0,0.0,10.0,,99.0,100.0
MI,2023,30,37,2023-09-17,71.0,96.0,100.0,1.0,19.0,,99.0,100.0
MI,2023,31,38,2023-09-24,83.0,99.0,100.0,1.0,22.0,,99.0,100.0
MI,2023,32,39,2023-10-01,92.0,100.0,100.0,7.0,35.0,,99.0,100.0
MI,2023,33,40,2023-10-08,96.0,100.0,100.0,13.0,53.0,,99.0,100.0
MI,2023,34,41,2023-10-15,99.0,100.0,100.0,17.0,74.0,,99.0,100.0
MI,2023,35,42,2023-10-22,100.0,100.0,100.0,24.0,86.0,,99.0,100.0
MI,2023,36,43,2023-10-29,100.0,100.0,100.0,30.0,91.0,,99.0,100.0
MI,2023,37,44,2023-11-05,100.0,100.0,100.0,40.0,95.0,,99.0,100.0
MI,2023,38,45,2023-11-12,100.0,100.0,100.0,52.0,98.0,,99.0,100.0
MI,2023,39,46,2023-11-19,100.0,100.0,100.0,67.0,100.0,,99.0,100.0
MI,2023,40,47,2023-11-26,100.0,100.0,100.0,79.0,100.0,,99.0,100.0
MI,2024,6,13,2024-03-31,0.0,0.0,0.0,0.0,0.0,,0.0,0.0
MI,2024,7,14,2024-04-07,0.0,0.0,0.0,0.0,0.0,,0.0,0.0
MI,2024,8,15,2024-04-14,0.0,0.0,0.0,0.0,0.0,,0.0,0.0
MI,2024,9,16,2024-04-21,0.0,0.0,0.0,0.0,0.0,,1.0,0.0
MI,2024,10,17,2024-04-28,0.0,0.0,0.0,0.0,0.0,,4.0,0.0
MI,2024,11,18,2024-05-05,0.0,0.0,0.0,0.0,0.0,,16.0,0.0
MI,2024,12,19,2024-05-12,0.0,0.0,4.0,0.0,0.0,,26.0,0.0
MI,2024,13,20,2024-05-19,0.0,0.0,20.0,0.0,0.0,,50.0,0.0
MI,2024,14,21,2024-05-26,0.0,0.0,41.0,0.0,0.0,,75.0,0.0
MI,2024,15,22,2024-06-02,0.0,0.0,66.0,0.0,0.0,,86.0,0.0
MI,2024,16,23,2024-06-09,0.0,0.0,80.0,0.0,0.0,,95.0,0.0
MI,2024,17,24,2024-06-16,0.0,0.0,92.0,0.0,0.0,,97.0,0.0
MI,2024,18,25,2024-06-23,0.0,0.0,97.0,0.0,0.0,,100.0,0.0
MI,2024,19,26,2024-06-30,0.0,0.0,100.0,0.0,0.0,,100.0,0.0
MI,2024,20,27,2024-07-07,0.0,0.0,100.0,0.0,0.0,,100.0,9.0
MI,2024,21,28,2024-07-14,0.0,0.0,100.0,0.0,0.0,,100.0,31.0
MI,2024,22,29,2024-07-21,0.0,2.0,100.0,0.0,0.0,,100.0,48.0
MI,2024,23,30,2024-07-28,0.0,8.0,100.0,0.0,0.0,,100.0,69.0
MI,2024,24,31,2024-08-04,1.0,22.0,100.0,0.0,0.0,,100.0,81.0
MI,2024,25,32,2024-08-11,7.0,39.0,100.0,0.0,0.0,,100.0,93.0
MI,2024,26,33,2024-08-18,14.0,55.0,100.0,0.0,0.0,,100.0,97.0
MI,2024,27,34,2024-08-25,29.0,72.0,100.0,1.0,0.0,,100.0,100.0
MI,2024,28,35,2024-09-01,49.0,88.0,100.0,6.0,2.0,,100.0,100.0
MI,2024,29,36,2024-09-08,66.0,95.0,100.0,0.0,8.0,,100.0,100.0
MI,2024,30,37,2024-09-15,80.0,100.0,100.0,2.0,26.0,,100.0,100.0
MI,2024,31,38,2024-09-22,91.0,100.0,100.0,3.0,50.0,,100.0,100.0
MI,2024,32,39,2024-09-29,95.0,100.0,100.0,9.0,69.0,,100.0,100.0
MI,2024,33,40,2024-10-06,97.0,100.0,100.0,18.0,85.0,,100.0,100.0
MI,2024,34,41,2024-10-13,100.0,100.0,100.0,31.0,96.0,,100.0,100.0
MI,2024,35,42,2024-10-20,100.0,100.0,100.0,45.0,100.0,,100.0,100.0
MI,2024,36,43,2024-10-27,100.0,100.0,100.0,62.0,100.0,,100.0,100.0
MI,2024,37,44,2024-11-03,100.0,100.0,100.0,82.0,100.0,,100.0,100.0
MI,2024,38,45,2024-11-10,100.0,100.0,100.0,91.0,100.0,,100.0,100.0
MI,2024,39,46,2024-11-17,100.0,100.0,100.0,95.0,100.0,,100.0,100.0
MI,2024,40,47,2024-11-24,100.0,100.0,100.0,97.0,100.0,,100.0,100.0
MI,2025,7,14,2025-04-06,0.0,0.0,0.0,0.0,0.0,,0.0,0.0
MI,2025,8,15,2025-04-13,0.0,0.0,0.0,0.0,0.0,,0.0,0.0
MI,2025,9,16,2025-04-20,0.0,0.0,0.0,0.0,0.0,,1.0,0.0
MI,2025,10,17,2025-04-27,0.0,0.0,0.0,0.0,0.0,,6.0,0.0
MI,2025,11,18,2025-05-04,0.0,0.0,1.0,0.0,0.0,,23.0,0.0
MI,2025,12,19,2025-05-11,0.0,0.0,3.0,0.0,0.0,,42.0,0.0
MI,2025,13,20,2025-05-18,0.0,0.0,27.0,0.0,0.0,,63.0,0.0
MI,2025,14,21,2025-05-25,0.0,0.0,41.0,0.0,0.0,,76.0,0.0
MI,2025,15,22,2025-06-01,0.0,0.0,62.0,0.0,0.0,,89.0,0.0
MI,2025,16,23,2025-06-08,0.0,0.0,85.0,0.0,0.0,,97.0,0.0
MI,2025,17,24,2025-06-15,0.0,0.0,92.0,0.0,0.0,,99.0,0.0
MI,2025,18,25,2025-06-22,0.0,0.0,96.0,0.0,0.0,,100.0,0.0
MI,2025,19,26,2025-06-29,0.0,0.0,99.0,0.0,0.0,,100.0,0.0
MI,2025,20,27,2025-07-06,0.0,0.0,100.0,0.0,0.0,,100.0,8.0
MI,2025,21,28,2025-07-13,0.0,0.0,100.0,0.0,0.0,,100.0,21.0
MI,2025,22,29,2025-07-20,0.0,5.0,100.0,0.0,0.0,,100.0,38.0
MI,2025,23,30,2025-07-27,0.0,17.0,100.0,0.0,0.0,,100.0,56.0
MI,2025,24,31,2025-08-03,0.0,32.0,100.0,0.0,0.0,,100.0,78.0
MI,2025,25,32,2025-08-10,0.0,51.0,100.0,0.0,0.0,,100.0,93.0
MI,2025,26,33,2025-08-17,13.0,65.0,100.0,0.0,0.0,,100.0,97.0
MI,2025,27,34,2025-08-24,26.0,75.0,100.0,0.0,0.0,,100.0,100.0
MI,2025,28,35,2025-08-31,42.0,86.0,100.0,4.0,2.0,,100.0,100.0
MI,2025,29,36,2025-09-07,58.0,93.0,100.0,0.0,3.0,,100.0,100.0
MI,2025,30,37,2025-09-14,75.0,97.0,100.0,0.0,15.0,,100.0,100.0
MI,2025,31,38,2025-09-21,84.0,100.0,100.0,0.0,33.0,,100.0,100.0
MI,2025,32,39,2025-09-28,89.0,100.0,100.0,7.0,48.0,,100.0,100.0
MI,2025,39,46,2025-11-16,89.0,100.0,100.0,82.0,48.0,,100.0,100.0
MI,2025,40,47,2025-11-23,89.0,100.0,100.0,92.0,48.0,,100.0,100.0
MN,2016,7,14,2016-04-10,0.0,0.0,0.0,0.0,0.0,,0.0,0.0
MN,2016,8,15,2016-04-17,0.0,0.0,0.0,0.0,0.0,,13.0,0.0
MN,2016,9,16,2016-04-24,0.0,0.0,1.0,0.0,0.0,,45.0,0.0
MN,2016,10,17,2016-05-01,0.0,0.0,5.0,0.0,0.0,,59.0,0.0
MN,2016,11,18,2016-05-08,0.0,0.0,25.0,0.0,0.0,,89.0,0.0
MN,2016,12,19,2016-05-15,0.0,0.0,53.0,0.0,0.0,,93.0,0.0
MN,2016,13,20,2016-05-22,0.0,0.0,78.0,0.0,0.0,,98.0,0.0
MN,2016,14,21,2016-05-29,0.0,0.0,92.0,0.0,0.0,,99.0,0.0
MN,2016,15,22,2016-06-05,0.0,0.0,98.0,0.0,0.0,,100.0,0.0
MN,2016,16,23,2016-06-12,0.0,0.0,100.0,0.0,0.0,,100.0,0.0
MN,2016,18,25,2016-06-26,0.0,0.0,100.0,0.0,0.0,,100.0,0.0
MN,2016,19,26,2016-07-03,0.0,0.0,100.0,0.0,0.0,,100.0,0.0
MN,2016,20,27,2016-07-10,0.0,0.0,100.0,0.0,0.0,,100.0,16.0
MN,2016,21,28,2016-07-17,0.0,0.0,100.0,0.0,0.0,,100.0,51.0
MN,2016,22,29,2016-07-24,0.0,2.0,100.0,0.0,0.0,,100.0,86.0
MN,2016,23,30,2016-07-31,0.0,26.0,100.0,0.0,0.0,,100.0,95.0
MN,2016,24,31,2016-08-07,1.0,54.0,100.0,0.0,0.0,,100.0,98.0
MN,2016,25,32,2016-08-14,12.0,78.0,100.0,0.0,0.0,,100.0,98.0
MN,2016,26,33,2016-08-21,31.0,90.0,100.0,0.0,0.0,,100.0,98.0
MN,2016,27,34,2016-08-28,58.0,95.0,100.0,3.0,0.0,,100.0,98.0
MN,2016,28,35,2016-09-04,77.0,98.0,100.0,12.0,7.0,,100.0,98.0
MN,2016,29,36,2016-09-11,90.0,98.0,100.0,0.0,18.0,,100.0,98.0
MN,2016,30,37,2016-09-18,96.0,98.0,100.0,0.0,45.0,,100.0,98.0
MN,2016,31,38,2016-09-25,98.0,98.0,100.0,3.0,70.0,,100.0,98.0
MN,2016,32,39,2016-10-02,98.0,98.0,100.0,8.0,87.0,,100.0,98.0
MN,2016,33,40,2016-10-09,98.0,98.0,100.0,14.0,95.0,,100.0,98.0
MN,2016,34,41,2016-10-16,98.0,98.0,100.0,31.0,99.0,,100.0,98.0
MN,2016,35,42,2016-10-23,98.0,98.0,100.0,55.0,99.0,,100.0,98.0
MN,2016,36,43,2016-10-30,98.0,98.0,100.0,75.0,99.0,,100.0,98.0
MN,2016,37,44,2016-11-06,98.0,98.0,100.0,86.0,99.0,,100.0,98.0
MN,2016,38,45,2016-11-13,98.0,98.0,100.0,94.0,99.0,,100.0,98.0
MN,2016,39,46,2016-11-20,98.0,98.0,100.0,97.0,99.0,,100.0,98.0
MN,2016,40,47,2016-11-27,98.0,98.0,100.0,98.0,99.0,,100.0,98.0
MN,2017,7,14,2017-04-09,0.0,0.0,0.0,0.0,0.0,,0.0,0.0
MN,2017,8,15,2017-04-16,0.0,0.0,0.0,0.0,0.0,,1.0,0.0
MN,2017,9,16,2017-04-23,0.0,0.0,0.0,0.0,0.0,,6.0,0.0
MN,2017,10,17,2017-04-30,0.0,0.0,0.0,0.0,0.0,,12.0,0.0
MN,2017,11,18,2017-05-07,0.0,0.0,1.0,0.0,0.0,,35.0,0.0
MN,2017,12,19,2017-05-14,0.0,0.0,20.0,0.0,0.0,,84.0,0.0
MN,2017,13,20,2017-05-21,0.0,0.0,59.0,0.0,0.0,,94.0,0.0
MN,2017,14,21,2017-05-28,0.0,0.0,81.0,0.0,0.0,,96.0,0.0
MN,2017,15,22,2017-06-04,0.0,0.0,92.0,0.0,0.0,,99.0,0.0
MN,2017,16,23,2017-06-11,0.0,0.0,98.0,0.0,0.0,,99.0,0.0
MN,2017,17,24,2017-06-18,0.0,0.0,100.0,0.0,0.0,,99.0,0.0
MN,2017,18,25,2017-06-25,0.0,0.0,100.0,0.0,0.0,,99.0,0.0
MN,2017,19,26,2017-07-02,0.0,0.0,100.0,0.0,0.0,,99.0,0.0
MN,2017,20,27,2017-07-09,0.0,0.0,100.0,0.0,0.0,,99.0,3.0
MN,2017,21,28,2017-07-16,0.0,0.0,100.0,0.0,0.0,,99.0,20.0
MN,2017,22,29,2017-07-23,0.0,0.0,100.0,0.0,0.0,,99.0,61.0
MN,2017,23,30,2017-07-30,0.0,13.0,100.0,0.0,0.0,,99.0,79.0
MN,2017,24,31,2017-08-06,0.0,36.0,100.0,0.0,0.0,,99.0,93.0
MN,2017,25,32,2017-08-13,2.0,54.0,100.0,0.0,0.0,,99.0,96.0
MN,2017,26,33,2017-08-20,13.0,72.0,100.0,0.0,0.0,,99.0,96.0
MN,2017,27,34,2017-08-27,33.0,85.0,100.0,0.0,0.0,,99.0,96.0
MN,2017,28,35,2017-09-03,51.0,93.0,100.0,1.0,1.0,,99.0,96.0
MN,2017,29,36,2017-09-10,71.0,96.0,100.0,0.0,2.0,,99.0,96.0
MN,2017,30,37,2017-09-17,86.0,96.0,100.0,0.0,13.0,,99.0,96.0
MN,2017,31,38,2017-09-24,93.0,96.0,100.0,1.0,33.0,,99.0,96.0
MN,2017,32,39,2017-10-01,96.0,96.0,100.0,2.0,55.0,,99.0,96.0
MN,2017,33,40,2017-10-08,96.0,96.0,100.0,4.0,77.0,,99.0,96.0
MN,2017,34,41,2017-10-15,96.0,96.0,100.0,7.0,89.0,,99.0,96.0
MN,2017,35,42,2017-10-22,96.0,96.0,100.0,14.0,97.0,,99.0,96.0
MN,2017,36,43,2017-10-29,96.0,96.0,100.0,38.0,97.0,,99.0,96.0
MN,2017,37,44,2017-11-05,96.0,96.0,100.0,60.0,97.0,,99.0,96.0
MN,2017,38,45,2017-11-12,96.0,96.0,100.0,79.0,97.0,,99.0,96.0
MN,2017,39,46,2017-11-19,96.0,96.0,100.0,90.0,97.0,,99.0,96.0
MN,2017,40,47,2017-11-26,96.0,96.0,100.0,96.0,97.0,,99.0,96.0
MN,2018,7,14,2018-04-08,0.0,0.0,0.0,0.0,0.0,,0.0,0.0
MN,2018,8,15,2018-04-15,0.0,0.0,0.0,0.0,0.0,,0.0,0.0
MN,2018,9,16,2018-04-22,0.0,0.0,0.0,0.0,0.0,,0.0,0.0
MN,2018,10,17,2018-04-29,0.0,0.0,0.0,0.0,0.0,,0.0,0.0
MN,2018,11,18,2018-05-06,0.0,0.0,0.0,0.0,0.0,,9.0,0.0
MN,2018,12,19,2018-05-13,0.0,0.0,1.0,0.0,0.0,,40.0,0.0
MN,2018,13,20,2018-05-20,0.0,0.0,24.0,0.0,0.0,,77.0,0.0
MN,2018,14,21,2018-05-27,0.0,0.0,66.0,0.0,0.0,,93.0,0.0
MN,2018,15,22,2018-06-03,0.0,0.0,87.0,0.0,0.0,,98.0,0.0
MN,2018,16,23,2018-06-10,0.0,0.0,97.0,0.0,0.0,,98.0,0.0
MN,2018,17,24,2018-06-17,0.0,0.0,99.0,0.0,0.0,,98.0,0.0
MN,2018,18,25,2018-06-24,0.0,0.0,99.0,0.0,0.0,,98.0,0.0
MN,2018,19,26,2018-07-01,0.0,0.0,99.0,0.0,0.0,,98.0,1.0
MN,2018,20,27,2018-07-08,0.0,0.0,99.0,0.0,0.0,,98.0,8.0
MN,2018,21,28,2018-07-15,0.0,0.0,99.0,0.0,0.0,,98.0,45.0
MN,2018,22,29,2018-07-22,0.0,3.0,99.0,0.0,0.0,,98.0,77.0
MN,2018,23,30,2018-07-29,0.0,23.0,99.0,0.0,0.0,,98.0,92.0
MN,2018,24,31,2018-08-05,4.0,45.0,99.0,0.0,0.0,,98.0,97.0
MN,2018,25,32,2018-08-12,12.0,65.0,99.0,0.0,0.0,,98.0,97.0
MN,2018,26,33,2018-08-19,26.0,82.0,99.0,5.0,0.0,,98.0,97.0
MN,2018,27,34,2018-08-26,45.0,92.0,99.0,11.0,0.0,,98.0,97.0
MN,2018,28,35,2018-09-02,67.0,97.0,99.0,20.0,6.0,,98.0,97.0
MN,2018,29,36,2018-09-09,83.0,97.0,99.0,0.0,17.0,,98.0,97.0
MN,2018,30,37,2018-09-16,92.0,97.0,99.0,1.0,42.0,,98.0,97.0
MN,2018,31,38,2018-09-23,96.0,97.0,99.0,3.0,66.0,,98.0,97.0
MN,2018,32,39,2018-09-30,96.0,97.0,99.0,8.0,87.0,,98.0,97.0
MN,2018,33,40,2018-10-07,96.0,97.0,99.0,15.0,96.0,,98.0,97.0
MN,2018,34,41,2018-10-14,96.0,97.0,99.0,18.0,97.0,,98.0,97.0
MN,2018,35,42,2018-10-21,96.0,97.0,99.0,35.0,97.0,,98.0,97.0
MN,2018,36,43,2018-10-28,96.0,97.0,99.0,58.0,97.0,,98.0,97.0
MN,2018,37,44,2018-11-04,96.0,97.0,99.0,78.0,97.0,,98.0,97.0
MN,2018,38,45,2018-11-11,96.0,97.0,99.0,87.0,97.0,,98.0,97.0
MN,2018,39,46,2018-11-18,96.0,97.0,99.0,93.0,97.0,,98.0,97.0
MN,2018,40,47,2018-11-25,96.0,97.0,99.0,96.0,97.0,,98.0,97.0
MN,2019,7,14,2019-04-07,0.0,0.0,0.0,0.0,0.0,,0.0,0.0
MN,2019,8,15,2019-04-14,0.0,0.0,0.0,0.0,0.0,,0.0,0.0
MN,2019,9,16,2019-04-21,0.0,0.0,0.0,0.0,0.0,,0.0,0.0
MN,2019,10,17,2019-04-28,0.0,0.0,0.0,0.0,0.0,,2.0,0.0
MN,2019,11,18,2019-05-05,0.0,0.0,0.0,0.0,0.0,,6.0,0.0
MN,2019,12,19,2019-05-12,0.0,0.0,1.0,0.0,0.0,,21.0,0.0
MN,2019,13,20,2019-05-19,0.0,0.0,6.0,0.0,0.0,,56.0,0.0
MN,2019,14,21,2019-05-26,0.0,0.0,21.0,0.0,0.0,,66.0,0.0
MN,2019,15,22,2019-06-02,0.0,0.0,48.0,0.0,0.0,,76.0,0.0
MN,2019,16,23,2019-06-09,0.0,0.0,69.0,0.0,0.0,,92.0,0.0
MN,2019,17,24,2019-06-16,0.0,0.0,87.0,0.0,0.0,,99.0,0.0
MN,2019,18,25,2019-06-23,0.0,0.0,96.0,0.0,0.0,,100.0,0.0
MN,2019,19,26,2019-06-30,0.0,0.0,99.0,0.0,0.0,,100.0,0.0
MN,2019,20,27,2019-07-07,0.0,0.0,100.0,0.0,0.0,,100.0,0.0
MN,2019,21,28,2019-07-14,0.0,0.0,100.0,0.0,0.0,,100.0,2.0
MN,2019,22,29,2019-07-21,0.0,0.0,100.0,0.0,0.0,,100.0,21.0
MN,2019,23,30,2019-07-28,0.0,3.0,100.0,0.0,0.0,,100.0,54.0
MN,2019,24,31,2019-08-04,0.0,15.0,100.0,0.0,0.0,,100.0,83.0
MN,2019,25,32,2019-08-11,0.0,30.0,100.0,0.0,0.0,,100.0,96.0
MN,2019,26,33,2019-08-18,1.0,55.0,100.0,0.0,0.0,,100.0,98.0
MN,2019,27,34,2019-08-25,7.0,74.0,100.0,0.0,0.0,,100.0,98.0
MN,2019,28,35,2019-09-01,25.0,84.0,100.0,2.0,0.0,,100.0,98.0
MN,2019,29,36,2019-09-08,42.0,90.0,100.0,5.0,1.0,,100.0,98.0
MN,2019,30,37,2019-09-15,59.0,95.0,100.0,0.0,2.0,,100.0,98.0
MN,2019,31,38,2019-09-22,75.0,98.0,100.0,0.0,8.0,,100.0,98.0
MN,2019,32,39,2019-09-29,88.0,98.0,100.0,0.0,22.0,,100.0,98.0
MN,2019,33,40,2019-10-06,94.0,98.0,100.0,1.0,39.0,,100.0,98.0
MN,2019,34,41,2019-10-13,98.0,98.0,100.0,5.0,66.0,,100.0,98.0
MN,2019,35,42,2019-10-20,98.0,98.0,100.0,11.0,89.0,,100.0,98.0
MN,2019,36,43,2019-10-27,98.0,98.0,100.0,22.0,96.0,,100.0,98.0
MN,2019,37,44,2019-11-03,98.0,98.0,100.0,44.0,99.0,,100.0,98.0
MN,2019,38,45,2019-11-10,98.0,98.0,100.0,63.0,99.0,,100.0,98.0
MN,2019,39,46,2019-11-17,98.0,98.0,100.0,77.0,99.0,,100.0,98.0
MN,2019,40,47,2019-11-24,98.0,98.0,100.0,86.0,99.0,,100.0,98.0
MN,2019,41,48,2019-12-01,98.0,98.0,100.0,91.0,99.0,,100.0,98.0
MN,2020,7,14,2020-04-05,0.0,0.0,0.0,0.0,0.0,,0.0,0.0
MN,2020,8,15,2020-04-12,0.0,0.0,0.0,0.0,0.0,,0.0,0.0
MN,2020,9,16,2020-04-19,0.0,0.0,0.0,0.0,0.0,,1.0,0.0
MN,2020,10,17,2020-04-26,0.0,0.0,0.0,0.0,0.0,,40.0,0.0
MN,2020,11,18,2020-05-03,0.0,0.0,3.0,0.0,0.0,,76.0,0.0
MN,2020,12,19,2020-05-10,0.0,0.0,32.0,0.0,0.0,,89.0,0.0
MN,2020,13,20,2020-05-17,0.0,0.0,57.0,0.0,0.0,,95.0,0.0
MN,2020,14,21,2020-05-24,0.0,0.0,80.0,0.0,0.0,,98.0,0.0
MN,2020,15,22,2020-05-31,0.0,0.0,91.0,0.0,0.0,,99.0,0.0
MN,2020,16,23,2020-06-07,0.0,0.0,97.0,0.0,0.0,,100.0,0.0
MN,2020,17,24,2020-06-14,0.0,0.0,99.0,0.0,0.0,,100.0,0.0
MN,2020,18,25,2020-06-21,0.0,0.0,99.0,0.0,0.0,,100.0,0.0
MN,2020,19,26,2020-06-28,0.0,0.0,99.0,0.0,0.0,,100.0,0.0
MN,2020,20,27,2020-07-05,0.0,0.0,99.0,0.0,0.0,,100.0,2.0
MN,2020,21,28,2020-07-12,0.0,0.0,99.0,0.0,0.0,,100.0,21.0
MN,2020,22,29,2020-07-19,0.0,4.0,99.0,0.0,0.0,,100.0,70.0
MN,2020,23,30,2020-07-26,0.0,15.0,99.0,0.0,0.0,,100.0,90.0
MN,2020,24,31,2020-08-02,0.0,37.0,99.0,0.0,0.0,,100.0,97.0
MN,2020,25,32,2020-08-09,2.0,62.0,99.0,0.0,0.0,,100.0,99.0
MN,2020,26,33,2020-08-16,12.0,81.0,99.0,1.0,0.0,,100.0,99.0
MN,2020,27,34,2020-08-23,33.0,91.0,99.0,4.0,0.0,,100.0,99.0
MN,2020,28,35,2020-08-30,63.0,97.0,99.0,15.0,3.0,,100.0,99.0
MN,2020,29,36,2020-09-06,86.0,99.0,99.0,44.0,23.0,,100.0,99.0
MN,2020,30,37,2020-09-13,95.0,99.0,99.0,0.0,45.0,,100.0,99.0
MN,2020,31,38,2020-09-20,97.0,99.0,99.0,1.0,63.0,,100.0,99.0
MN,2020,32,39,2020-09-27,97.0,99.0,99.0,6.0,85.0,,100.0,99.0
MN,2020,33,40,2020-10-04,97.0,99.0,99.0,14.0,94.0,,100.0,99.0
MN,2020,34,41,2020-10-11,97.0,99.0,99.0,34.0,98.0,,100.0,99.0
MN,2020,35,42,2020-10-18,97.0,99.0,99.0,63.0,99.0,,100.0,99.0
MN,2020,36,43,2020-10-25,97.0,99.0,99.0,72.0,99.0,,100.0,99.0
MN,2020,37,44,2020-11-01,97.0,99.0,99.0,83.0,99.0,,100.0,99.0
MN,2020,38,45,2020-11-08,97.0,99.0,99.0,93.0,99.0,,100.0,99.0
MN,2020,39,46,2020-11-15,97.0,99.0,99.0,97.0,99.0,,100.0,99.0
MN,2020,40,47,2020-11-22,97.0,99.0,99.0,99.0,99.0,,100.0,99.0
MN,2021,6,13,2021-04-04,0.0,0.0,0.0,0.0,0.0,,0.0,0.0
MN,2021,7,14,2021-04-11,0.0,0.0,0.0,0.0,0.0,,0.0,0.0
MN,2021,8,15,2021-04-18,0.0,0.0,0.0,0.0,0.0,,3.0,0.0
MN,2021,9,16,2021-04-25,0.0,0.0,0.0,0.0,0.0,,18.0,0.0
MN,2021,10,17,2021-05-02,0.0,0.0,1.0,0.0,0.0,,60.0,0.0
MN,2021,11,18,2021-05-09,0.0,0.0,8.0,0.0,0.0,,85.0,0.0
MN,2021,12,19,2021-05-16,0.0,0.0,39.0,0.0,0.0,,95.0,0.0
MN,2021,13,20,2021-05-23,0.0,0.0,77.0,0.0,0.0,,98.0,0.0
MN,2021,14,21,2021-05-30,0.0,0.0,89.0,0.0,0.0,,99.0,0.0
MN,2021,15,22,2021-06-06,0.0,0.0,96.0,0.0,0.0,,99.0,0.0
MN,2021,16,23,2021-06-13,0.0,0.0,98.0,0.0,0.0,,99.0,0.0
MN,2021,18,25,2021-06-27,0.0,0.0,98.0,0.0,0.0,,99.0,0.0
MN,2021,19,26,2021-07-04,0.0,0.0,98.0,0.0,0.0,,99.0,5.0
MN,2021,20,27,2021-07-11,0.0,0.0,98.0,0.0,0.0,,99.0,16.0
MN,2021,21,28,2021-07-18,0.0,3.0,98.0,0.0,0.0,,99.0,62.0
MN,2021,22,29,2021-07-25,0.0,11.0,98.0,0.0,0.0,,99.0,90.0
MN,2021,23,30,2021-08-01,2.0,28.0,98.0,0.0,0.0,,99.0,96.0
MN,2021,24,31,2021-08-08,4.0,44.0,98.0,0.0,0.0,,99.0,99.0
MN,2021,25,32,2021-08-15,13.0,65.0,98.0,3.0,0.0,,99.0,99.0
MN,2021,26,33,2021-08-22,30.0,86.0,98.0,14.0,0.0,,99.0,99.0
MN,2021,27,34,2021-08-29,50.0,95.0,98.0,25.0,6.0,,99.0,99.0
MN,2021,28,35,2021-09-05,71.0,97.0,98.0,0.0,18.0,,99.0,99.0
MN,2021,29,36,2021-09-12,86.0,97.0,98.0,3.0,34.0,,99.0,99.0
MN,2021,30,37,2021-09-19,94.0,97.0,98.0,6.0,59.0,,99.0,99.0
MN,2021,31,38,2021-09-26,97.0,97.0,98.0,10.0,75.0,,99.0,99.0
MN,2021,32,39,2021-10-03,97.0,97.0,98.0,20.0,90.0,,99.0,99.0
MN,2021,33,40,2021-10-10,97.0,97.0,98.0,36.0,97.0,,99.0,99.0
MN,2021,34,41,2021-10-17,97.0,97.0,98.0,53.0,99.0,,99.0,99.0
MN,2021,35,42,2021-10-24,97.0,97.0,98.0,70.0,99.0,,99.0,99.0
MN,2021,36,43,2021-10-31,97.0,97.0,98.0,83.0,99.0,,99.0,99.0
MN,2021,37,44,2021-11-07,97.0,97.0,98.0,92.0,99.0,,99.0,99.0
MN,2021,38,45,2021-11-14,97.0,97.0,98.0,97.0,99.0,,99.0,99.0
MN,2021,39,46,2021-11-21,97.0,97.0,98.0,99.0,99.0,,99.0,99.0
MN,2022,6,13,2022-04-03,0.0,0.0,0.0,0.0,0.0,,0.0,0.0
MN,2022,7,14,2022-04-10,0.0,0.0,0.0,0.0,0.0,,0.0,0.0
MN,2022,8,15,2022-04-17,0.0,0.0,0.0,0.0,0.0,,0.0,0.0
MN,2022,9,16,2022-04-24,0.0,0.0,0.0,0.0,0.0,,0.0,0.0
MN,2022,10,17,2022-05-01,0.0,0.0,0.0,0.0,0.0,,0.0,0.0
MN,2022,11,18,2022-05-08,0.0,0.0,0.0,0.0,0.0,,9.0,0.0
MN,2022,12,19,2022-05-15,0.0,0.0,2.0,0.0,0.0,,35.0,0.0
MN,2022,13,20,2022-05-22,0.0,0.0,24.0,0.0,0.0,,60.0,0.0
MN,2022,14,21,2022-05-29,0.0,0.0,42.0,0.0,0.0,,82.0,0.0
MN,2022,15,22,2022-06-05,0.0,0.0,66.0,0.0,0.0,,93.0,0.0
MN,2022,16,23,2022-06-12,0.0,0.0,85.0,0.0,0.0,,98.0,0.0
MN,2022,17,24,2022-06-19,0.0,0.0,97.0,0.0,0.0,,98.0,0.0
MN,2022,18,25,2022-06-26,0.0,0.0,97.0,0.0,0.0,,98.0,0.0
MN,2022,19,26,2022-07-03,0.0,0.0,97.0,0.0,0.0,,98.0,1.0
MN,2022,20,27,2022-07-10,0.0,0.0,97.0,0.0,0.0,,98.0,2.0
MN,2022,21,28,2022-07-17,0.0,2.0,97.0,0.0,0.0,,98.0,18.0
MN,2022,22,29,2022-07-24,0.0,4.0,97.0,0.0,0.0,,98.0,49.0
MN,2022,23,30,2022-07-31,0.0,13.0,97.0,0.0,0.0,,98.0,75.0
MN,2022,24,31,2022-08-07,1.0,26.0,97.0,0.0,0.0,,98.0,90.0
MN,2022,25,32,2022-08-14,4.0,44.0,97.0,0.0,0.0,,98.0,97.0
MN,2022,26,33,2022-08-21,12.0,62.0,97.0,2.0,0.0,,98.0,99.0
MN,2022,27,34,2022-08-28,23.0,83.0,97.0,4.0,0.0,,98.0,99.0
MN,2022,28,35,2022-09-04,47.0,92.0,97.0,9.0,1.0,,98.0,99.0
MN,2022,29,36,2022-09-11,73.0,97.0,97.0,0.0,8.0,,98.0,99.0
MN,2022,30,37,2022-09-18,86.0,97.0,97.0,0.0,21.0,,98.0,99.0
MN,2022,31,38,2022-09-25,94.0,97.0,97.0,1.0,49.0,,98.0,99.0
MN,2022,32,39,2022-10-02,98.0,97.0,97.0,5.0,75.0,,98.0,99.0
MN,2022,33,40,2022-10-09,98.0,97.0,97.0,14.0,92.0,,98.0,99.0
MN,2022,34,41,2022-10-16,98.0,97.0,97.0,36.0,96.0,,98.0,99.0
MN,2022,35,42,2022-10-23,98.0,97.0,97.0,61.0,98.0,,98.0,99.0
MN,2022,36,43,2022-10-30,98.0,97.0,97.0,80.0,98.0,,98.0,99.0
MN,2022,37,44,2022-11-06,98.0,97.0,97.0,92.0,98.0,,98.0,99.0
MN,2022,38,45,2022-11-13,98.0,97.0,97.0,96.0,98.0,,98.0,99.0
MN,2022,39,46,2022-11-20,98.0,97.0,97.0,98.0,98.0,,98.0,99.0
MN,2023,6,13,2023-04-02,0.0,0.0,0.0,0.0,0.0,,0.0,0.0
MN,2023,7,14,2023-04-09,0.0,0.0,0.0,0.0,0.0,,0.0,0.0
MN,2023,8,15,2023-04-16,0.0,0.0,0.0,0.0,0.0,,0.0,0.0
MN,2023,9,16,2023-04-23,0.0,0.0,0.0,0.0,0.0,,1.0,0.0
MN,2023,10,17,2023-04-30,0.0,0.0,0.0,0.0,0.0,,5.0,0.0
MN,2023,11,18,2023-05-07,0.0,0.0,2.0,0.0,0.0,,38.0,0.0
MN,2023,12,19,2023-05-14,0.0,0.0,15.0,0.0,0.0,,61.0,0.0
MN,2023,13,20,2023-05-21,0.0,0.0,44.0,0.0,0.0,,80.0,0.0
MN,2023,14,21,2023-05-28,0.0,0.0,69.0,0.0,0.0,,93.0,0.0
MN,2023,15,22,2023-06-04,0.0,0.0,88.0,0.0,0.0,,98.0,0.0
MN,2023,16,23,2023-06-11,0.0,0.0,94.0,0.0,0.0,,100.0,0.0
MN,2023,17,24,2023-06-18,0.0,0.0,99.0,0.0,0.0,,100.0,0.0
MN,2023,18,25,2023-06-25,0.0,0.0,99.0,0.0,0.0,,100.0,2.0
MN,2023,19,26,2023-07-02,0.0,0.0,99.0,0.0,0.0,,100.0,3.0
MN,2023,20,27,2023-07-09,0.0,1.0,99.0,0.0,0.0,,100.0,15.0
MN,2023,21,28,2023-07-16,0.0,5.0,99.0,0.0,0.0,,100.0,44.0
MN,2023,22,29,2023-07-23,0.0,18.0,99.0,0.0,0.0,,100.0,72.0
MN,2023,23,30,2023-07-30,3.0,39.0,99.0,0.0,0.0,,100.0,91.0
MN,2023,24,31,2023-08-06,8.0,56.0,99.0,0.0,0.0,,100.0,96.0
MN,2023,25,32,2023-08-13,17.0,77.0,99.0,1.0,0.0,,100.0,99.0
MN,2023,26,33,2023-08-20,33.0,87.0,99.0,5.0,0.0,,100.0,99.0
MN,2023,27,34,2023-08-27,51.0,94.0,99.0,12.0,2.0,,100.0,99.0
MN,2023,28,35,2023-09-03,71.0,97.0,99.0,31.0,11.0,,100.0,99.0
MN,2023,29,36,2023-09-10,86.0,99.0,99.0,1.0,37.0,,100.0,99.0
MN,2023,30,37,2023-09-17,93.0,99.0,99.0,6.0,60.0,,100.0,99.0
MN,2023,31,38,2023-09-24,97.0,99.0,99.0,11.0,80.0,,100.0,99.0
MN,2023,32,39,2023-10-01,97.0,99.0,99.0,18.0,90.0,,100.0,99.0
MN,2023,33,40,2023-10-08,97.0,99.0,99.0,31.0,94.0,,100.0,99.0
MN,2023,34,41,2023-10-15,97.0,99.0,99.0,45.0,98.0,,100.0,99.0
MN,2023,35,42,2023-10-22,97.0,99.0,99.0,62.0,98.0,,100.0,99.0
MN,2023,36,43,2023-10-29,97.0,99.0,99.0,75.0,98.0,,100.0,99.0
MN,2023,37,44,2023-11-05,97.0,99.0,99.0,86.0,98.0,,100.0,99.0
MN,2023,38,45,2023-11-12,97.0,99.0,99.0,93.0,98.0,,100.0,99.0
MN,2023,39,46,2023-11-19,97.0,99.0,99.0,97.0,98.0,,100.0,99.0
MN,2023,40,47,2023-11-26,97.0,99.0,99.0,98.0,98.0,,100.0,99.0
MN,2024,6,13,2024-03-31,0.0,0.0,0.0,0.0,0.0,,0.0,0.0
MN,2024,7,14,2024-04-07,0.0,0.0,0.0,0.0,0.0,,0.0,0.0
MN,2024,8,15,2024-04-14,0.0,0.0,0.0,0.0,0.0,,3.0,0.0
MN,2024,9,16,2024-04-21,0.0,0.0,0.0,0.0,0.0,,8.0,0.0
MN,2024,10,17,2024-04-28,0.0,0.0,1.0,0.0,0.0,,30.0,0.0
MN,2024,11,18,2024-05-05,0.0,0.0,4.0,0.0,0.0,,42.0,0.0
MN,2024,12,19,2024-05-12,0.0,0.0,14.0,0.0,0.0,,56.0,0.0
MN,2024,13,20,2024-05-19,0.0,0.0,38.0,0.0,0.0,,81.0,0.0
MN,2024,14,21,2024-05-26,0.0,0.0,58.0,0.0,0.0,,89.0,0.0
MN,2024,15,22,2024-06-02,0.0,0.0,74.0,0.0,0.0,,93.0,0.0
MN,2024,16,23,2024-06-09,0.0,0.0,84.0,0.0,0.0,,96.0,0.0
MN,2024,17,24,2024-06-16,0.0,0.0,93.0,0.0,0.0,,96.0,0.0
MN,2024,18,25,2024-06-23,0.0,0.0,97.0,0.0,0.0,,96.0,0.0
MN,2024,19,26,2024-06-30,0.0,0.0,97.0,0.0,0.0,,96.0,3.0
MN,2024,20,27,2024-07-07,0.0,0.0,97.0,0.0,0.0,,96.0,4.0
MN,2024,21,28,2024-07-14,0.0,0.0,97.0,0.0,0.0,,96.0,16.0
MN,2024,22,29,2024-07-21,0.0,3.0,97.0,0.0,0.0,,96.0,38.0
MN,2024,23,30,2024-07-28,0.0,13.0,97.0,0.0,0.0,,96.0,63.0
MN,2024,24,31,2024-08-04,0.0,31.0,97.0,0.0,0.0,,96.0,81.0
MN,2024,25,32,2024-08-11,2.0,49.0,97.0,0.0,0.0,,96.0,91.0
MN,2024,26,33,2024-08-18,6.0,62.0,97.0,4.0,1.0,,96.0,95.0
MN,2024,27,34,2024-08-25,19.0,78.0,97.0,6.0,5.0,,96.0,95.0
MN,2024,28,35,2024-09-01,35.0,86.0,97.0,8.0,7.0,,96.0,95.0
MN,2024,29,36,2024-09-08,55.0,93.0,97.0,0.0,12.0,,96.0,95.0
MN,2024,30,37,2024-09-15,69.0,95.0,97.0,1.0,27.0,,96.0,95.0
MN,2024,31,38,2024-09-22,84.0,95.0,97.0,4.0,46.0,,96.0,95.0
MN,2024,32,39,2024-09-29,93.0,95.0,97.0,7.0,67.0,,96.0,95.0
MN,2024,33,40,2024-10-06,97.0,95.0,97.0,15.0,82.0,,96.0,95.0
MN,2024,34,41,2024-10-13,97.0,95.0,97.0,43.0,94.0,,96.0,95.0
MN,2024,35,42,2024-10-20,97.0,95.0,97.0,66.0,98.0,,96.0,95.0
MN,2024,36,43,2024-10-27,97.0,95.0,97.0,85.0,98.0,,96.0,95.0
MN,2024,37,44,2024-11-03,97.0,95.0,97.0,95.0,98.0,,96.0,95.0
MN,2024,38,45,2024-11-10,97.0,95.0,97.0,98.0,98.0,,96.0,95.0
MN,2025,7,14,2025-04-06,0.0,0.0,0.0,0.0,0.0,,0.0,0.0
MN,2025,8,15,2025-04-13,0.0,0.0,0.0,0.0,0.0,,1.0,0.0
MN,2025,9,16,2025-04-20,0.0,0.0,0.0,0.0,0.0,,9.0,0.0
MN,2025,10,17,2025-04-27,0.0,0.0,0.0,0.0,0.0,,26.0,0.0
MN,2025,11,18,2025-05-04,0.0,0.0,3.0,0.0,0.0,,44.0,0.0
MN,2025,12,19,2025-05-11,0.0,0.0,30.0,0.0,0.0,,75.0,0.0
MN,2025,13,20,2025-05-18,0.0,0.0,58.0,0.0,0.0,,92.0,0.0
MN,2025,14,21,2025-05-25,0.0,0.0,78.0,0.0,0.0,,97.0,0.0
MN,2025,15,22,2025-06-01,0.0,0.0,87.0,0.0,0.0,,99.0,0.0
MN,2025,16,23,2025-06-08,0.0,0.0,94.0,0.0,0.0,,100.0,0.0
MN,2025,17,24,2025-06-15,0.0,0.0,98.0,0.0,0.0,,100.0,0.0
MN,2025,18,25,2025-06-22,0.0,0.0,100.0,0.0,0.0,,100.0,0.0
MN,2025,19,26,2025-06-29,0.0,0.0,100.0,0.0,0.0,,100.0,1.0
MN,2025,20,27,2025-07-06,0.0,0.0,100.0,0.0,0.0,,100.0,6.0
MN,2025,21,28,2025-07-13,0.0,1.0,100.0,0.0,0.0,,100.0,19.0
MN,2025,22,29,2025-07-20,0.0,2.0,100.0,0.0,0.0,,100.0,44.0
MN,2025,23,30,2025-07-27,0.0,8.0,100.0,0.0,0.0,,100.0,73.0
MN,2025,24,31,2025-08-03,0.0,23.0,100.0,0.0,0.0,,100.0,87.0
MN,2025,25,32,2025-08-10,5.0,42.0,100.0,0.0,0.0,,100.0,95.0
MN,2025,26,33,2025-08-17,14.0,62.0,100.0,1.0,0.0,,100.0,97.0
MN,2025,27,34,2025-08-24,28.0,80.0,100.0,4.0,2.0,,100.0,97.0
MN,2025,28,35,2025-08-31,43.0,90.0,100.0,8.0,8.0,,100.0,97.0
MN,2025,29,36,2025-09-07,61.0,94.0,100.0,0.0,14.0,,100.0,97.0
MN,2025,30,37,2025-09-14,78.0,97.0,100.0,0.0,26.0,,100.0,97.0
MN,2025,31,38,2025-09-21,88.0,97.0,100.0,1.0,43.0,,100.0,97.0
MN,2025,32,39,2025-09-28,95.0,97.0,100.0,5.0,62.0,,100.0,97.0
MN,2025,39,46,2025-11-16,95.0,97.0,100.0,96.0,62.0,,100.0,97.0
MN,2025,40,47,2025-11-23,95.0,97.0,100.0,99.0,62.0,,100.0,97.0
MO,2016,6,13,2016-04-03,0.0,0.0,0.0,0.0,0.0,,3.0,0.0
MO,2016,7,14,2016-04-10,0.0,0.0,0.0,0.0,0.0,,24.0,0.0
MO,2016,8,15,2016-04-17,0.0,0.0,0.0,0.0,0.0,,58.0,0.0
MO,2016,9,16,2016-04-24,0.0,0.0,24.0,0.0,0.0,,81.0,0.0
MO,2016,10,17,2016-05-01,0.0,0.0,57.0,0.0,0.0,,89.0,0.0
MO,2016,11,18,2016-05-08,0.0,0.0,76.0,0.0,0.0,,94.0,0.0
MO,2016,12,19,2016-05-15,0.0,0.0,85.0,0.0,0.0,,96.0,0.0
MO,2016,13,20,2016-05-22,0.0,0.0,93.0,0.0,0.0,,97.0,0.0
MO,2016,14,21,2016-05-29,0.0,0.0,97.0,0.0,0.0,,99.0,0.0
MO,2016,15,22,2016-06-05,0.0,0.0,100.0,0.0,0.0,,100.0,0.0
MO,2016,16,23,2016-06-12,0.0,0.0,100.0,0.0,0.0,,100.0,0.0
MO,2016,17,24,2016-06-19,0.0,0.0,100.0,0.0,0.0,,100.0,3.0
MO,2016,18,25,2016-06-26,0.0,0.0,100.0,0.0,0.0,,100.0,20.0
MO,2016,19,26,2016-07-03,0.0,0.0,100.0,0.0,0.0,,100.0,57.0
MO,2016,20,27,2016-07-10,0.0,0.0,100.0,0.0,0.0,,100.0,81.0
MO,2016,21,28,2016-07-17,0.0,11.0,100.0,0.0,0.0,,100.0,92.0
MO,2016,22,29,2016-07-24,0.0,37.0,100.0,0.0,0.0,,100.0,97.0
MO,2016,23,30,2016-07-31,0.0,60.0,100.0,0.0,0.0,,100.0,100.0
MO,2016,24,31,2016-08-07,11.0,77.0,100.0,0.0,0.0,,100.0,100.0
MO,2016,25,32,2016-08-14,41.0,85.0,100.0,0.0,0.0,,100.0,100.0
MO,2016,26,33,2016-08-21,63.0,93.0,100.0,0.0,6.0,,100.0,100.0
MO,2016,27,34,2016-08-28,79.0,97.0,100.0,2.0,21.0,,100.0,100.0
MO,2016,28,35,2016-09-04,91.0,99.0,100.0,8.0,44.0,,100.0,100.0
MO,2016,29,36,2016-09-11,95.0,99.0,100.0,18.0,64.0,,100.0,100.0
MO,2016,30,37,2016-09-18,100.0,99.0,100.0,25.0,82.0,,100.0,100.0
MO,2016,31,38,2016-09-25,100.0,99.0,100.0,38.0,93.0,,100.0,100.0
MO,2016,32,39,2016-10-02,100.0,99.0,100.0,56.0,98.0,,100.0,100.0
MO,2016,33,40,2016-10-09,100.0,99.0,100.0,70.0,99.0,,100.0,100.0
MO,2016,34,41,2016-10-16,100.0,99.0,100.0,78.0,100.0,,100.0,100.0
MO,2016,35,42,2016-10-23,100.0,99.0,100.0,87.0,100.0,,100.0,100.0
MO,2016,36,43,2016-10-30,100.0,99.0,100.0,92.0,100.0,,100.0,100.0
MO,2016,37,44,2016-11-06,100.0,99.0,100.0,95.0,100.0,,100.0,100.0
MO,2016,38,45,2016-11-13,100.0,99.0,100.0,100.0,100.0,,100.0,100.0
MO,2016,39,46,2016-11-20,100.0,99.0,100.0,100.0,100.0,,100.0,100.0
MO,2017,6,13,2017-04-02,0.0,0.0,0.0,0.0,0.0,,1.0,0.0
MO,2017,7,14,2017-04-09,0.0,0.0,0.0,0.0,0.0,,5.0,0.0
MO,2017,8,15,2017-04-16,0.0,0.0,1.0,0.0,0.0,,17.0,0.0
MO,2017,9,16,2017-04-23,0.0,0.0,13.0,0.0,0.0,,46.0,0.0
MO,2017,10,17,2017-04-30,0.0,0.0,30.0,0.0,0.0,,67.0,0.0
MO,2017,11,18,2017-05-07,0.0,0.0,42.0,0.0,0.0,,77.0,0.0
MO,2017,12,19,2017-05-14,0.0,0.0,61.0,0.0,0.0,,87.0,0.0
MO,2017,13,20,2017-05-21,0.0,0.0,79.0,0.0,0.0,,93.0,0.0
MO,2017,14,21,2017-05-28,0.0,0.0,89.0,0.0,0.0,,97.0,0.0
MO,2017,15,22,2017-06-04,0.0,0.0,94.0,0.0,0.0,,99.0,0.0
MO,2017,16,23,2017-06-11,0.0,0.0,98.0,0.0,0.0,,99.0,0.0
MO,2017,17,24,2017-06-18,0.0,0.0,100.0,0.0,0.0,,99.0,0.0
MO,2017,18,25,2017-06-25,0.0,0.0,100.0,0.0,0.0,,99.0,6.0
MO,2017,19,26,2017-07-02,0.0,0.0,100.0,0.0,0.0,,99.0,25.0
MO,2017,20,27,2017-07-09,0.0,0.0,100.0,0.0,0.0,,99.0,51.0
MO,2017,21,28,2017-07-16,0.0,5.0,100.0,0.0,0.0,,99.0,81.0
MO,2017,22,29,2017-07-23,0.0,30.0,100.0,0.0,0.0,,99.0,92.0
MO,2017,23,30,2017-07-30,4.0,55.0,100.0,0.0,0.0,,99.0,96.0
MO,2017,24,31,2017-08-06,26.0,69.0,100.0,0.0,0.0,,99.0,100.0
MO,2017,25,32,2017-08-13,47.0,85.0,100.0,0.0,0.0,,99.0,100.0
MO,2017,26,33,2017-08-20,64.0,90.0,100.0,0.0,2.0,,99.0,100.0
MO,2017,27,34,2017-08-27,79.0,96.0,100.0,0.0,11.0,,99.0,100.0
MO,2017,28,35,2017-09-03,88.0,100.0,100.0,4.0,21.0,,99.0,100.0
MO,2017,29,36,2017-09-10,93.0,100.0,100.0,12.0,42.0,,99.0,100.0
MO,2017,30,37,2017-09-17,96.0,100.0,100.0,21.0,61.0,,99.0,100.0
MO,2017,31,38,2017-09-24,100.0,100.0,100.0,32.0,80.0,,99.0,100.0
MO,2017,32,39,2017-10-01,100.0,100.0,100.0,44.0,89.0,,99.0,100.0
MO,2017,33,40,2017-10-08,100.0,100.0,100.0,53.0,97.0,,99.0,100.0
MO,2017,34,41,2017-10-15,100.0,100.0,100.0,60.0,100.0,,99.0,100.0
MO,2017,35,42,2017-10-22,100.0,100.0,100.0,69.0,100.0,,99.0,100.0
MO,2017,36,43,2017-10-29,100.0,100.0,100.0,80.0,100.0,,99.0,100.0
MO,2017,37,44,2017-11-05,100.0,100.0,100.0,87.0,100.0,,99.0,100.0
MO,2017,38,45,2017-11-12,100.0,100.0,100.0,92.0,100.0,,99.0,100.0
MO,2017,39,46,2017-11-19,100.0,100.0,100.0,95.0,100.0,,99.0,100.0
MO,2017,40,47,2017-11-26,100.0,100.0,100.0,100.0,100.0,,99.0,100.0
MO,2018,6,13,2018-04-01,0.0,0.0,0.0,0.0,0.0,,0.0,0.0
MO,2018,7,14,2018-04-08,0.0,0.0,0.0,0.0,0.0,,1.0,0.0
MO,2018,8,15,2018-04-15,0.0,0.0,0.0,0.0,0.0,,4.0,0.0
MO,2018,9,16,2018-04-22,0.0,0.0,1.0,0.0,0.0,,16.0,0.0
MO,2018,10,17,2018-04-29,0.0,0.0,6.0,0.0,0.0,,52.0,0.0
MO,2018,11,18,2018-05-06,0.0,0.0,34.0,0.0,0.0,,78.0,0.0
MO,2018,12,19,2018-05-13,0.0,0.0,64.0,0.0,0.0,,91.0,0.0
MO,2018,13,20,2018-05-20,0.0,0.0,84.0,0.0,0.0,,96.0,0.0
MO,2018,14,21,2018-05-27,0.0,0.0,91.0,0.0,0.0,,100.0,0.0
MO,2018,15,22,2018-06-03,0.0,0.0,96.0,0.0,0.0,,100.0,0.0
MO,2018,16,23,2018-06-10,0.0,0.0,100.0,0.0,0.0,,100.0,0.0
MO,2018,17,24,2018-06-17,0.0,0.0,100.0,0.0,0.0,,100.0,0.0
MO,2018,18,25,2018-06-24,0.0,0.0,100.0,0.0,0.0,,100.0,11.0
MO,2018,19,26,2018-07-01,0.0,0.0,100.0,0.0,0.0,,100.0,48.0
MO,2018,20,27,2018-07-08,0.0,0.0,100.0,0.0,0.0,,100.0,76.0
MO,2018,21,28,2018-07-15,0.0,10.0,100.0,0.0,0.0,,100.0,91.0
MO,2018,22,29,2018-07-22,0.0,51.0,100.0,0.0,0.0,,100.0,95.0
MO,2018,23,30,2018-07-29,12.0,73.0,100.0,0.0,0.0,,100.0,100.0
MO,2018,24,31,2018-08-05,35.0,84.0,100.0,0.0,0.0,,100.0,100.0
MO,2018,25,32,2018-08-12,58.0,88.0,100.0,0.0,0.0,,100.0,100.0
MO,2018,26,33,2018-08-19,79.0,95.0,100.0,0.0,10.0,,100.0,100.0
MO,2018,27,34,2018-08-26,88.0,100.0,100.0,0.0,30.0,,100.0,100.0
MO,2018,28,35,2018-09-02,91.0,100.0,100.0,2.0,49.0,,100.0,100.0
MO,2018,29,36,2018-09-09,95.0,100.0,100.0,12.0,66.0,,100.0,100.0
MO,2018,30,37,2018-09-16,100.0,100.0,100.0,25.0,81.0,,100.0,100.0
MO,2018,31,38,2018-09-23,100.0,100.0,100.0,43.0,89.0,,100.0,100.0
MO,2018,32,39,2018-09-30,100.0,100.0,100.0,65.0,96.0,,100.0,100.0
MO,2018,33,40,2018-10-07,100.0,100.0,100.0,76.0,100.0,,100.0,100.0
MO,2018,34,41,2018-10-14,100.0,100.0,100.0,79.0,100.0,,100.0,100.0
MO,2018,35,42,2018-10-21,100.0,100.0,100.0,85.0,100.0,,100.0,100.0
MO,2018,36,43,2018-10-28,100.0,100.0,100.0,90.0,100.0,,100.0,100.0
MO,2018,37,44,2018-11-04,100.0,100.0,100.0,92.0,100.0,,100.0,100.0
MO,2018,38,45,2018-11-11,100.0,100.0,100.0,94.0,100.0,,100.0,100.0
MO,2018,39,46,2018-11-18,100.0,100.0,100.0,95.0,100.0,,100.0,100.0
MO,2018,40,47,2018-11-25,100.0,100.0,100.0,100.0,100.0,,100.0,100.0
MO,2019,6,13,2019-03-31,0.0,0.0,0.0,0.0,0.0,,0.0,0.0
MO,2019,7,14,2019-04-07,0.0,0.0,0.0,0.0,0.0,,2.0,0.0
MO,2019,8,15,2019-04-14,0.0,0.0,0.0,0.0,0.0,,6.0,0.0
MO,2019,9,16,2019-04-21,0.0,0.0,2.0,0.0,0.0,,16.0,0.0
MO,2019,10,17,2019-04-28,0.0,0.0,7.0,0.0,0.0,,45.0,0.0
MO,2019,11,18,2019-05-05,0.0,0.0,19.0,0.0,0.0,,49.0,0.0
MO,2019,12,19,2019-05-12,0.0,0.0,31.0,0.0,0.0,,52.0,0.0
MO,2019,13,20,2019-05-19,0.0,0.0,44.0,0.0,0.0,,62.0,0.0
MO,2019,14,21,2019-05-26,0.0,0.0,51.0,0.0,0.0,,65.0,0.0
MO,2019,15,22,2019-06-02,0.0,0.0,59.0,0.0,0.0,,69.0,0.0
MO,2019,16,23,2019-06-09,0.0,0.0,67.0,0.0,0.0,,81.0,0.0
MO,2019,17,24,2019-06-16,0.0,0.0,80.0,0.0,0.0,,89.0,0.0
MO,2019,18,25,2019-06-23,0.0,0.0,85.0,0.0,0.0,,92.0,0.0
MO,2019,19,26,2019-06-30,0.0,0.0,89.0,0.0,0.0,,95.0,6.0
MO,2019,20,27,2019-07-07,0.0,0.0,96.0,0.0,0.0,,95.0,25.0
MO,2019,21,28,2019-07-14,0.0,0.0,96.0,0.0,0.0,,95.0,45.0
MO,2019,22,29,2019-07-21,0.0,5.0,96.0,0.0,0.0,,95.0,62.0
MO,2019,23,30,2019-07-28,0.0,21.0,96.0,0.0,0.0,,95.0,77.0
MO,2019,24,31,2019-08-04,0.0,38.0,96.0,0.0,0.0,,95.0,87.0
MO,2019,25,32,2019-08-11,6.0,61.0,96.0,0.0,0.0,,95.0,95.0
MO,2019,26,33,2019-08-18,27.0,77.0,96.0,0.0,0.0,,95.0,100.0
MO,2019,27,34,2019-08-25,43.0,84.0,96.0,0.0,0.0,,95.0,100.0
MO,2019,28,35,2019-09-01,61.0,89.0,96.0,0.0,6.0,,95.0,100.0
MO,2019,29,36,2019-09-08,72.0,95.0,96.0,2.0,15.0,,95.0,100.0
MO,2019,30,37,2019-09-15,80.0,100.0,96.0,8.0,30.0,,95.0,100.0
MO,2019,31,38,2019-09-22,88.0,100.0,96.0,15.0,54.0,,95.0,100.0
MO,2019,32,39,2019-09-29,96.0,100.0,96.0,26.0,72.0,,95.0,100.0
MO,2019,33,40,2019-10-06,100.0,100.0,96.0,35.0,87.0,,95.0,100.0
MO,2019,34,41,2019-10-13,100.0,100.0,96.0,46.0,92.0,,95.0,100.0
MO,2019,35,42,2019-10-20,100.0,100.0,96.0,55.0,97.0,,95.0,100.0
MO,2019,36,43,2019-10-27,100.0,100.0,96.0,64.0,100.0,,95.0,100.0
MO,2019,37,44,2019-11-03,100.0,100.0,96.0,71.0,100.0,,95.0,100.0
MO,2019,38,45,2019-11-10,100.0,100.0,96.0,79.0,100.0,,95.0,100.0
MO,2019,39,46,2019-11-17,100.0,100.0,96.0,85.0,100.0,,95.0,100.0
MO,2019,40,47,2019-11-24,100.0,100.0,96.0,92.0,100.0,,95.0,100.0
MO,2019,41,48,2019-12-01,100.0,100.0,96.0,95.0,100.0,,95.0,100.0
MO,2020,7,14,2020-04-05,0.0,0.0,0.0,0.0,0.0,,0.0,0.0
MO,2020,8,15,2020-04-12,0.0,0.0,0.0,0.0,0.0,,4.0,0.0
MO,2020,9,16,2020-04-19,0.0,0.0,0.0,0.0,0.0,,11.0,0.0
MO,2020,10,17,2020-04-26,0.0,0.0,5.0,0.0,0.0,,25.0,0.0
MO,2020,11,18,2020-05-03,0.0,0.0,14.0,0.0,0.0,,44.0,0.0
MO,2020,12,19,2020-05-10,0.0,0.0,33.0,0.0,0.0,,67.0,0.0
MO,2020,13,20,2020-05-17,0.0,0.0,58.0,0.0,0.0,,83.0,0.0
MO,2020,14,21,2020-05-24,0.0,0.0,76.0,0.0,0.0,,90.0,0.0
MO,2020,15,22,2020-05-31,0.0,0.0,85.0,0.0,0.0,,92.0,0.0
MO,2020,16,23,2020-06-07,0.0,0.0,90.0,0.0,0.0,,95.0,0.0
MO,2020,17,24,2020-06-14,0.0,0.0,94.0,0.0,0.0,,95.0,0.0
MO,2020,18,25,2020-06-21,0.0,0.0,96.0,0.0,0.0,,95.0,4.0
MO,2020,19,26,2020-06-28,0.0,0.0,96.0,0.0,0.0,,95.0,7.0
MO,2020,20,27,2020-07-05,0.0,0.0,96.0,0.0,0.0,,95.0,21.0
MO,2020,21,28,2020-07-12,0.0,3.0,96.0,0.0,0.0,,95.0,59.0
MO,2020,22,29,2020-07-19,0.0,24.0,96.0,0.0,0.0,,95.0,80.0
MO,2020,23,30,2020-07-26,0.0,38.0,96.0,0.0,0.0,,95.0,89.0
MO,2020,24,31,2020-08-02,4.0,54.0,96.0,0.0,0.0,,95.0,95.0
MO,2020,25,32,2020-08-09,25.0,72.0,96.0,0.0,0.0,,95.0,100.0
MO,2020,26,33,2020-08-16,47.0,83.0,96.0,0.0,0.0,,95.0,100.0
MO,2020,27,34,2020-08-23,69.0,91.0,96.0,0.0,2.0,,95.0,100.0
MO,2020,28,35,2020-08-30,83.0,97.0,96.0,0.0,7.0,,95.0,100.0
MO,2020,29,36,2020-09-06,91.0,100.0,96.0,1.0,25.0,,95.0,100.0
MO,2020,30,37,2020-09-13,96.0,100.0,96.0,6.0,44.0,,95.0,100.0
MO,2020,31,38,2020-09-20,99.0,100.0,96.0,13.0,65.0,,95.0,100.0
MO,2020,32,39,2020-09-27,99.0,100.0,96.0,20.0,69.0,,95.0,100.0
MO,2020,33,40,2020-10-04,99.0,100.0,96.0,31.0,81.0,,95.0,100.0
MO,2020,34,41,2020-10-11,99.0,100.0,96.0,51.0,94.0,,95.0,100.0
MO,2020,35,42,2020-10-18,99.0,100.0,96.0,64.0,98.0,,95.0,100.0
MO,2020,36,43,2020-10-25,99.0,100.0,96.0,72.0,98.0,,95.0,100.0
MO,2020,37,44,2020-11-01,99.0,100.0,96.0,80.0,98.0,,95.0,100.0
MO,2020,38,45,2020-11-08,99.0,100.0,96.0,90.0,98.0,,95.0,100.0
MO,2020,39,46,2020-11-15,99.0,100.0,96.0,95.0,98.0,,95.0,100.0
MO,2021,6,13,2021-04-04,0.0,0.0,0.0,0.0,0.0,,1.0,0.0
MO,2021,7,14,2021-04-11,0.0,0.0,0.0,0.0,0.0,,8.0,0.0
MO,2021,8,15,2021-04-18,0.0,0.0,1.0,0.0,0.0,,14.0,0.0
MO,2021,9,16,2021-04-25,0.0,0.0,5.0,0.0,0.0,,20.0,0.0
MO,2021,10,17,2021-05-02,0.0,0.0,15.0,0.0,0.0,,50.0,0.0
MO,2021,11,18,2021-05-09,0.0,0.0,40.0,0.0,0.0,,69.0,0.0
MO,2021,12,19,2021-05-16,0.0,0.0,60.0,0.0,0.0,,84.0,0.0
MO,2021,13,20,2021-05-23,0.0,0.0,77.0,0.0,0.0,,90.0,0.0
MO,2021,14,21,2021-05-30,0.0,0.0,83.0,0.0,0.0,,92.0,0.0
MO,2021,15,22,2021-06-06,0.0,0.0,91.0,0.0,0.0,,96.0,0.0
MO,2021,16,23,2021-06-13,0.0,0.0,97.0,0.0,0.0,,96.0,0.0
MO,2021,18,25,2021-06-27,0.0,0.0,97.0,0.0,0.0,,96.0,2.0
MO,2021,19,26,2021-07-04,0.0,0.0,97.0,0.0,0.0,,96.0,15.0
MO,2021,20,27,2021-07-11,0.0,2.0,97.0,0.0,0.0,,96.0,39.0
MO,2021,21,28,2021-07-18,0.0,19.0,97.0,0.0,0.0,,96.0,64.0
MO,2021,22,29,2021-07-25,0.0,37.0,97.0,0.0,0.0,,96.0,79.0
MO,2021,23,30,2021-08-01,0.0,54.0,97.0,0.0,0.0,,96.0,89.0
MO,2021,24,31,2021-08-08,4.0,68.0,97.0,0.0,0.0,,96.0,96.0
MO,2021,25,32,2021-08-15,29.0,82.0,97.0,0.0,0.0,,96.0,96.0
MO,2021,26,33,2021-08-22,54.0,93.0,97.0,0.0,2.0,,96.0,96.0
MO,2021,27,34,2021-08-29,73.0,96.0,97.0,0.0,11.0,,96.0,96.0
MO,2021,28,35,2021-09-05,84.0,96.0,97.0,1.0,31.0,,96.0,96.0
MO,2021,29,36,2021-09-12,95.0,96.0,97.0,7.0,50.0,,96.0,96.0
MO,2021,30,37,2021-09-19,96.0,96.0,97.0,17.0,73.0,,96.0,96.0
MO,2021,31,38,2021-09-26,100.0,96.0,97.0,34.0,86.0,,96.0,96.0
MO,2021,32,39,2021-10-03,100.0,96.0,97.0,52.0,94.0,,96.0,96.0
MO,2021,33,40,2021-10-10,100.0,96.0,97.0,64.0,98.0,,96.0,96.0
MO,2021,34,41,2021-10-17,100.0,96.0,97.0,74.0,99.0,,96.0,96.0
MO,2021,35,42,2021-10-24,100.0,96.0,97.0,81.0,99.0,,96.0,96.0
MO,2021,36,43,2021-10-31,100.0,96.0,97.0,86.0,99.0,,96.0,96.0
MO,2021,37,44,2021-11-07,100.0,96.0,97.0,91.0,99.0,,96.0,96.0
MO,2021,38,45,2021-11-14,100.0,96.0,97.0,94.0,99.0,,96.0,96.0
MO,2021,39,46,2021-11-21,100.0,96.0,97.0,97.0,99.0,,96.0,96.0
MO,2022,6,13,2022-04-03,0.0,0.0,0.0,0.0,0.0,,0.0,0.0
MO,2022,7,14,2022-04-10,0.0,0.0,0.0,0.0,0.0,,1.0,0.0
MO,2022,8,15,2022-04-17,0.0,0.0,0.0,0.0,0.0,,4.0,0.0
MO,2022,9,16,2022-04-24,0.0,0.0,0.0,0.0,0.0,,10.0,0.0
MO,2022,10,17,2022-05-01,0.0,0.0,3.0,0.0,0.0,,27.0,0.0
MO,2022,11,18,2022-05-08,0.0,0.0,10.0,0.0,0.0,,32.0,0.0
MO,2022,12,19,2022-05-15,0.0,0.0,30.0,0.0,0.0,,65.0,0.0
MO,2022,13,20,2022-05-22,0.0,0.0,57.0,0.0,0.0,,84.0,0.0
MO,2022,14,21,2022-05-29,0.0,0.0,76.0,0.0,0.0,,91.0,0.0
MO,2022,15,22,2022-06-05,0.0,0.0,86.0,0.0,0.0,,95.0,0.0
MO,2022,16,23,2022-06-12,0.0,0.0,89.0,0.0,0.0,,96.0,0.0
MO,2022,17,24,2022-06-19,0.0,0.0,97.0,0.0,0.0,,96.0,0.0
MO,2022,18,25,2022-06-26,0.0,0.0,97.0,0.0,0.0,,96.0,1.0
MO,2022,19,26,2022-07-03,0.0,0.0,97.0,0.0,0.0,,96.0,12.0
MO,2022,20,27,2022-07-10,0.0,2.0,97.0,0.0,0.0,,96.0,36.0
MO,2022,21,28,2022-07-17,0.0,15.0,97.0,0.0,0.0,,96.0,65.0
MO,2022,22,29,2022-07-24,0.0,35.0,97.0,0.0,0.0,,96.0,83.0
MO,2022,23,30,2022-07-31,0.0,51.0,97.0,0.0,0.0,,96.0,92.0
MO,2022,24,31,2022-08-07,6.0,66.0,97.0,0.0,0.0,,96.0,95.0
MO,2022,25,32,2022-08-14,34.0,81.0,97.0,0.0,0.0,,96.0,95.0
MO,2022,26,33,2022-08-21,55.0,91.0,97.0,0.0,3.0,,96.0,98.0
MO,2022,27,34,2022-08-28,73.0,95.0,97.0,0.0,15.0,,96.0,98.0
MO,2022,28,35,2022-09-04,87.0,96.0,97.0,1.0,31.0,,96.0,98.0
MO,2022,29,36,2022-09-11,92.0,96.0,97.0,5.0,44.0,,96.0,98.0
MO,2022,30,37,2022-09-18,96.0,96.0,97.0,11.0,64.0,,96.0,98.0
MO,2022,31,38,2022-09-25,97.0,96.0,97.0,19.0,73.0,,96.0,98.0
MO,2022,32,39,2022-10-02,98.0,96.0,97.0,34.0,82.0,,96.0,98.0
MO,2022,33,40,2022-10-09,98.0,96.0,97.0,53.0,93.0,,96.0,98.0
MO,2022,34,41,2022-10-16,98.0,96.0,97.0,67.0,97.0,,96.0,98.0
MO,2022,35,42,2022-10-23,98.0,96.0,97.0,78.0,98.0,,96.0,98.0
MO,2022,36,43,2022-10-30,98.0,96.0,97.0,83.0,98.0,,96.0,98.0
MO,2022,37,44,2022-11-06,98.0,96.0,97.0,90.0,98.0,,96.0,98.0
MO,2022,38,45,2022-11-13,98.0,96.0,97.0,94.0,98.0,,96.0,98.0
MO,2022,39,46,2022-11-20,98.0,96.0,97.0,96.0,98.0,,96.0,98.0
MO,2023,6,13,2023-04-02,0.0,0.0,0.0,0.0,0.0,,0.0,0.0
MO,2023,7,14,2023-04-09,0.0,0.0,0.0,0.0,0.0,,7.0,0.0
MO,2023,8,15,2023-04-16,0.0,0.0,0.0,0.0,0.0,,30.0,0.0
MO,2023,9,16,2023-04-23,0.0,0.0,11.0,0.0,0.0,,58.0,0.0
MO,2023,10,17,2023-04-30,0.0,0.0,31.0,0.0,0.0,,80.0,0.0
MO,2023,11,18,2023-05-07,0.0,0.0,56.0,0.0,0.0,,92.0,0.0
MO,2023,12,19,2023-05-14,0.0,0.0,78.0,0.0,0.0,,96.0,0.0
MO,2023,13,20,2023-05-21,0.0,0.0,88.0,0.0,0.0,,97.0,0.0
MO,2023,14,21,2023-05-28,0.0,0.0,93.0,0.0,0.0,,98.0,0.0
MO,2023,15,22,2023-06-04,0.0,0.0,96.0,0.0,0.0,,99.0,0.0
MO,2023,16,23,2023-06-11,0.0,0.0,97.0,0.0,0.0,,99.0,0.0
MO,2023,17,24,2023-06-18,0.0,0.0,98.0,0.0,0.0,,99.0,0.0
MO,2023,18,25,2023-06-25,0.0,0.0,98.0,0.0,0.0,,99.0,3.0
MO,2023,19,26,2023-07-02,0.0,0.0,98.0,0.0,0.0,,99.0,21.0
MO,2023,20,27,2023-07-09,0.0,3.0,98.0,0.0,0.0,,99.0,52.0
MO,2023,21,28,2023-07-16,0.0,21.0,98.0,0.0,0.0,,99.0,81.0
MO,2023,22,29,2023-07-23,0.0,39.0,98.0,0.0,0.0,,99.0,90.0
MO,2023,23,30,2023-07-30,0.0,56.0,98.0,0.0,0.0,,99.0,94.0
MO,2023,24,31,2023-08-06,5.0,70.0,98.0,0.0,0.0,,99.0,97.0
MO,2023,25,32,2023-08-13,30.0,84.0,98.0,0.0,0.0,,99.0,98.0
MO,2023,26,33,2023-08-20,61.0,93.0,98.0,0.0,3.0,,99.0,98.0
MO,2023,27,34,2023-08-27,76.0,96.0,98.0,0.0,16.0,,99.0,98.0
MO,2023,28,35,2023-09-03,87.0,97.0,98.0,2.0,32.0,,99.0,98.0
MO,2023,29,36,2023-09-10,94.0,98.0,98.0,9.0,51.0,,99.0,98.0
MO,2023,30,37,2023-09-17,97.0,98.0,98.0,19.0,70.0,,99.0,98.0
MO,2023,31,38,2023-09-24,98.0,98.0,98.0,28.0,86.0,,99.0,98.0
MO,2023,32,39,2023-10-01,98.0,98.0,98.0,42.0,92.0,,99.0,98.0
MO,2023,33,40,2023-10-08,98.0,98.0,98.0,56.0,96.0,,99.0,98.0
MO,2023,34,41,2023-10-15,98.0,98.0,98.0,65.0,98.0,,99.0,98.0
MO,2023,35,42,2023-10-22,98.0,98.0,98.0,75.0,98.0,,99.0,98.0
MO,2023,36,43,2023-10-29,98.0,98.0,98.0,84.0,98.0,,99.0,98.0
MO,2023,37,44,2023-11-05,98.0,98.0,98.0,89.0,98.0,,99.0,98.0
MO,2023,38,45,2023-11-12,98.0,98.0,98.0,94.0,98.0,,99.0,98.0
MO,2023,39,46,2023-11-19,98.0,98.0,98.0,97.0,98.0,,99.0,98.0
MO,2023,40,47,2023-11-26,98.0,98.0,98.0,99.0,98.0,,99.0,98.0
MO,2024,5,12,2024-03-24,0.0,0.0,0.0,0.0,0.0,,0.0,0.0
MO,2024,6,13,2024-03-31,0.0,0.0,0.0,0.0,0.0,,2.0,0.0
MO,2024,7,14,2024-04-07,0.0,0.0,0.0,0.0,0.0,,7.0,0.0
MO,2024,8,15,2024-04-14,0.0,0.0,1.0,0.0,0.0,,26.0,0.0
MO,2024,9,16,2024-04-21,0.0,0.0,12.0,0.0,0.0,,47.0,0.0
MO,2024,10,17,2024-04-28,0.0,0.0,35.0,0.0,0.0,,63.0,0.0
MO,2024,11,18,2024-05-05,0.0,0.0,48.0,0.0,0.0,,67.0,0.0
MO,2024,12,19,2024-05-12,0.0,0.0,54.0,0.0,0.0,,72.0,0.0
MO,2024,13,20,2024-05-19,0.0,0.0,61.0,0.0,0.0,,76.0,0.0
MO,2024,14,21,2024-05-26,0.0,0.0,70.0,0.0,0.0,,87.0,0.0
MO,2024,15,22,2024-06-02,0.0,0.0,81.0,0.0,0.0,,93.0,0.0
MO,2024,16,23,2024-06-09,0.0,0.0,90.0,0.0,0.0,,97.0,0.0
MO,2024,17,24,2024-06-16,0.0,0.0,97.0,0.0,0.0,,97.0,1.0
MO,2024,18,25,2024-06-23,0.0,0.0,99.0,0.0,0.0,,97.0,13.0
MO,2024,19,26,2024-06-30,0.0,1.0,99.0,0.0,0.0,,97.0,35.0
MO,2024,20,27,2024-07-07,0.0,9.0,99.0,0.0,0.0,,97.0,60.0
MO,2024,21,28,2024-07-14,0.0,32.0,99.0,0.0,0.0,,97.0,76.0
MO,2024,22,29,2024-07-21,0.0,51.0,99.0,0.0,0.0,,97.0,87.0
MO,2024,23,30,2024-07-28,3.0,62.0,99.0,0.0,0.0,,97.0,93.0
MO,2024,24,31,2024-08-04,22.0,76.0,99.0,0.0,0.0,,97.0,96.0
MO,2024,25,32,2024-08-11,44.0,86.0,99.0,0.0,0.0,,97.0,97.0
MO,2024,26,33,2024-08-18,64.0,92.0,99.0,0.0,7.0,,97.0,98.0
MO,2024,27,34,2024-08-25,75.0,95.0,99.0,2.0,17.0,,97.0,98.0
MO,2024,28,35,2024-09-01,85.0,97.0,99.0,5.0,39.0,,97.0,98.0
MO,2024,29,36,2024-09-08,91.0,98.0,99.0,13.0,62.0,,97.0,98.0
MO,2024,30,37,2024-09-15,95.0,98.0,99.0,25.0,74.0,,97.0,98.0
MO,2024,31,38,2024-09-22,97.0,98.0,99.0,38.0,88.0,,97.0,98.0
MO,2024,32,39,2024-09-29,99.0,98.0,99.0,48.0,93.0,,97.0,98.0
MO,2024,33,40,2024-10-06,99.0,98.0,99.0,62.0,97.0,,97.0,98.0
MO,2024,34,41,2024-10-13,99.0,98.0,99.0,73.0,99.0,,97.0,98.0
MO,2024,35,42,2024-10-20,99.0,98.0,99.0,80.0,100.0,,97.0,98.0
MO,2024,36,43,2024-10-27,99.0,98.0,99.0,86.0,100.0,,97.0,98.0
MO,2024,37,44,2024-11-03,99.0,98.0,99.0,91.0,100.0,,97.0,98.0
MO,2024,38,45,2024-11-10,99.0,98.0,99.0,93.0,100.0,,97.0,98.0
MO,2024,39,46,2024-11-17,99.0,98.0,99.0,95.0,100.0,,97.0,98.0
MO,2025,6,13,2025-03-30,0.0,0.0,0.0,0.0,0.0,,3.0,0.0
MO,2025,7,14,2025-04-06,0.0,0.0,0.0,0.0,0.0,,6.0,0.0
MO,2025,8,15,2025-04-13,0.0,0.0,1.0,0.0,0.0,,9.0,0.0
MO,2025,9,16,2025-04-20,0.0,0.0,6.0,0.0,0.0,,33.0,0.0
MO,2025,10,17,2025-04-27,0.0,0.0,15.0,0.0,0.0,,47.0,0.0
MO,2025,11,18,2025-05-04,0.0,0.0,31.0,0.0,0.0,,54.0,0.0
MO,2025,12,19,2025-05-11,0.0,0.0,43.0,0.0,0.0,,68.0,0.0
MO,2025,13,20,2025-05-18,0.0,0.0,63.0,0.0,0.0,,87.0,0.0
MO,2025,14,21,2025-05-25,0.0,0.0,78.0,0.0,0.0,,94.0,0.0
MO,2025,15,22,2025-06-01,0.0,0.0,86.0,0.0,0.0,,97.0,0.0
MO,2025,16,23,2025-06-08,0.0,0.0,93.0,0.0,0.0,,98.0,0.0
MO,2025,17,24,2025-06-15,0.0,0.0,97.0,0.0,0.0,,98.0,0.0
MO,2025,18,25,2025-06-22,0.0,0.0,98.0,0.0,0.0,,98.0,5.0
MO,2025,19,26,2025-06-29,0.0,1.0,98.0,0.0,0.0,,98.0,19.0
MO,2025,20,27,2025-07-06,0.0,9.0,98.0,0.0,0.0,,98.0,46.0
MO,2025,21,28,2025-07-13,0.0,20.0,98.0,0.0,0.0,,98.0,69.0
MO,2025,22,29,2025-07-20,0.0,35.0,98.0,0.0,0.0,,98.0,86.0
MO,2025,23,30,2025-07-27,0.0,48.0,98.0,0.0,0.0,,98.0,91.0
MO,2025,24,31,2025-08-03,10.0,65.0,98.0,0.0,0.0,,98.0,95.0
MO,2025,25,32,2025-08-10,24.0,79.0,98.0,0.0,0.0,,98.0,97.0
MO,2025,26,33,2025-08-17,50.0,89.0,98.0,0.0,3.0,,98.0,99.0
MO,2025,27,34,2025-08-24,66.0,94.0,98.0,1.0,15.0,,98.0,99.0
MO,2025,28,35,2025-08-31,78.0,97.0,98.0,4.0,34.0,,98.0,99.0
MO,2025,29,36,2025-09-07,88.0,99.0,98.0,9.0,50.0,,98.0,99.0
MO,2025,30,37,2025-09-14,94.0,99.0,98.0,17.0,66.0,,98.0,99.0
MO,2025,31,38,2025-09-21,96.0,99.0,98.0,28.0,82.0,,98.0,99.0
MO,2025,32,39,2025-09-28,98.0,99.0,98.0,40.0,93.0,,98.0,99.0
MO,2025,39,46,2025-11-16,98.0,99.0,98.0,92.0,93.0,,98.0,99.0
MO,2025,40,47,2025-11-23,98.0,99.0,98.0,96.0,93.0,,98.0,99.0
MS,2016,5,12,2016-03-27,0.0,0.0,0.0,0.0,0.0,,5.0,0.0
MS,2016,6,13,2016-04-03,0.0,0.0,6.0,0.0,0.0,,19.0,0.0
MS,2016,7,14,2016-04-10,0.0,0.0,17.0,0.0,0.0,,51.0,0.0
MS,2016,8,15,2016-04-17,0.0,0.0,43.0,0.0,0.0,,64.0,0.0
MS,2016,9,16,2016-04-24,0.0,0.0,60.0,0.0,0.0,,76.0,0.0
MS,2016,10,17,2016-05-01,0.0,0.0,76.0,0.0,0.0,,89.0,0.0
MS,2016,11,18,2016-05-08,0.0,0.0,88.0,0.0,0.0,,94.0,0.0
MS,2016,12,19,2016-05-15,0.0,0.0,92.0,0.0,0.0,,96.0,0.0
MS,2016,13,20,2016-05-22,0.0,0.0,94.0,0.0,0.0,,98.0,0.0
MS,2016,14,21,2016-05-29,0.0,0.0,98.0,0.0,0.0,,100.0,1.0
MS,2016,15,22,2016-06-05,0.0,0.0,100.0,0.0,0.0,,100.0,21.0
MS,2016,16,23,2016-06-12,0.0,0.0,100.0,0.0,0.0,,100.0,49.0
MS,2016,17,24,2016-06-19,0.0,7.0,100.0,0.0,0.0,,100.0,71.0
MS,2016,18,25,2016-06-26,0.0,26.0,100.0,0.0,0.0,,100.0,85.0
MS,2016,19,26,2016-07-03,0.0,49.0,100.0,0.0,0.0,,100.0,92.0
MS,2016,20,27,2016-07-10,10.0,66.0,100.0,0.0,0.0,,100.0,94.0
MS,2016,21,28,2016-07-17,35.0,83.0,100.0,0.0,0.0,,100.0,98.0
MS,2016,22,29,2016-07-24,60.0,91.0,100.0,0.0,2.0,,100.0,100.0
MS,2016,23,30,2016-07-31,72.0,94.0,100.0,0.0,20.0,,100.0,100.0
MS,2016,24,31,2016-08-07,86.0,97.0,100.0,4.0,45.0,,100.0,100.0
MS,2016,25,32,2016-08-14,91.0,99.0,100.0,11.0,67.0,,100.0,100.0
MS,2016,26,33,2016-08-21,93.0,100.0,100.0,14.0,77.0,,100.0,100.0
MS,2016,27,34,2016-08-28,98.0,100.0,100.0,30.0,86.0,,100.0,100.0
MS,2016,28,35,2016-09-04,100.0,100.0,100.0,58.0,93.0,,100.0,100.0
MS,2016,29,36,2016-09-11,100.0,100.0,100.0,79.0,96.0,,100.0,100.0
MS,2016,30,37,2016-09-18,100.0,100.0,100.0,91.0,100.0,,100.0,100.0
MS,2016,31,38,2016-09-25,100.0,100.0,100.0,97.0,100.0,,100.0,100.0
MS,2016,32,39,2016-10-02,100.0,100.0,100.0,99.0,100.0,,100.0,100.0
MS,2016,33,40,2016-10-09,100.0,100.0,100.0,100.0,100.0,,100.0,100.0
MS,2017,3,10,2017-03-12,0.0,0.0,0.0,0.0,0.0,,2.0,0.0
MS,2017,4,11,2017-03-19,0.0,0.0,0.0,0.0,0.0,,4.0,0.0
MS,2017,5,12,2017-03-26,0.0,0.0,0.0,0.0,0.0,,30.0,0.0
MS,2017,6,13,2017-04-02,0.0,0.0,18.0,0.0,0.0,,63.0,0.0
MS,2017,7,14,2017-04-09,0.0,0.0,46.0,0.0,0.0,,76.0,0.0
MS,2017,8,15,2017-04-16,0.0,0.0,71.0,0.0,0.0,,88.0,0.0
MS,2017,9,16,2017-04-23,0.0,0.0,85.0,0.0,0.0,,95.0,0.0
MS,2017,10,17,2017-04-30,0.0,0.0,92.0,0.0,0.0,,98.0,0.0
MS,2017,11,18,2017-05-07,0.0,0.0,96.0,0.0,0.0,,99.0,0.0
MS,2017,12,19,2017-05-14,0.0,0.0,98.0,0.0,0.0,,100.0,0.0
MS,2017,13,20,2017-05-21,0.0,0.0,99.0,0.0,0.0,,100.0,8.0
MS,2017,14,21,2017-05-28,0.0,0.0,100.0,0.0,0.0,,100.0,20.0
MS,2017,15,22,2017-06-04,0.0,0.0,100.0,0.0,0.0,,100.0,31.0
MS,2017,16,23,2017-06-11,0.0,1.0,100.0,0.0,0.0,,100.0,52.0
MS,2017,17,24,2017-06-18,0.0,10.0,100.0,0.0,0.0,,100.0,75.0
MS,2017,18,25,2017-06-25,0.0,30.0,100.0,0.0,0.0,,100.0,87.0
MS,2017,19,26,2017-07-02,2.0,51.0,100.0,0.0,0.0,,100.0,91.0
MS,2017,20,27,2017-07-09,25.0,69.0,100.0,0.0,0.0,,100.0,95.0
MS,2017,21,28,2017-07-16,50.0,79.0,100.0,0.0,2.0,,100.0,98.0
MS,2017,22,29,2017-07-23,63.0,87.0,100.0,0.0,13.0,,100.0,99.0
MS,2017,23,30,2017-07-30,80.0,92.0,100.0,0.0,29.0,,100.0,100.0
MS,2017,24,31,2017-08-06,89.0,96.0,100.0,5.0,47.0,,100.0,100.0
MS,2017,25,32,2017-08-13,94.0,98.0,100.0,11.0,67.0,,100.0,100.0
MS,2017,26,33,2017-08-20,98.0,100.0,100.0,26.0,84.0,,100.0,100.0
MS,2017,27,34,2017-08-27,99.0,100.0,100.0,51.0,91.0,,100.0,100.0
MS,2017,28,35,2017-09-03,100.0,100.0,100.0,68.0,95.0,,100.0,100.0
MS,2017,29,36,2017-09-10,100.0,100.0,100.0,81.0,98.0,,100.0,100.0
MS,2017,30,37,2017-09-17,100.0,100.0,100.0,91.0,100.0,,100.0,100.0
MS,2017,31,38,2017-09-24,100.0,100.0,100.0,95.0,100.0,,100.0,100.0
MS,2017,32,39,2017-10-01,100.0,100.0,100.0,98.0,100.0,,100.0,100.0
MS,2017,33,40,2017-10-08,100.0,100.0,100.0,99.0,100.0,,100.0,100.0
MS,2017,34,41,2017-10-15,100.0,100.0,100.0,100.0,100.0,,100.0,100.0
MS,2018,3,10,2018-03-11,0.0,0.0,0.0,0.0,0.0,,1.0,0.0
MS,2018,4,11,2018-03-18,0.0,0.0,0.0,0.0,0.0,,6.0,0.0
MS,2018,5,12,2018-03-25,0.0,0.0,1.0,0.0,0.0,,28.0,0.0
MS,2018,6,13,2018-04-01,0.0,0.0,16.0,0.0,0.0,,50.0,0.0
MS,2018,7,14,2018-04-08,0.0,0.0,33.0,0.0,0.0,,55.0,0.0
MS,2018,8,15,2018-04-15,0.0,0.0,45.0,0.0,0.0,,64.0,0.0
MS,2018,9,16,2018-04-22,0.0,0.0,60.0,0.0,0.0,,81.0,0.0
MS,2018,10,17,2018-04-29,0.0,0.0,66.0,0.0,0.0,,85.0,0.0
MS,2018,11,18,2018-05-06,0.0,0.0,81.0,0.0,0.0,,92.0,0.0
MS,2018,12,19,2018-05-13,0.0,0.0,87.0,0.0,0.0,,98.0,0.0
MS,2018,13,20,2018-05-20,0.0,0.0,93.0,0.0,0.0,,99.0,0.0
MS,2018,14,21,2018-05-27,0.0,0.0,96.0,0.0,0.0,,100.0,1.0
MS,2018,15,22,2018-06-03,0.0,0.0,97.0,0.0,0.0,,100.0,11.0
MS,2018,16,23,2018-06-10,0.0,0.0,99.0,0.0,0.0,,100.0,38.0
MS,2018,17,24,2018-06-17,0.0,1.0,100.0,0.0,0.0,,100.0,61.0
MS,2018,18,25,2018-06-24,0.0,9.0,100.0,0.0,0.0,,100.0,75.0
MS,2018,19,26,2018-07-01,1.0,23.0,100.0,0.0,0.0,,100.0,86.0
MS,2018,20,27,2018-07-08,11.0,48.0,100.0,0.0,0.0,,100.0,93.0
MS,2018,21,28,2018-07-15,32.0,69.0,100.0,0.0,1.0,,100.0,96.0
MS,2018,22,29,2018-07-22,53.0,83.0,100.0,0.0,1.0,,100.0,98.0
MS,2018,23,30,2018-07-29,63.0,91.0,100.0,0.0,8.0,,100.0,99.0
MS,2018,24,31,2018-08-05,83.0,96.0,100.0,1.0,32.0,,100.0,100.0
MS,2018,25,32,2018-08-12,92.0,98.0,100.0,4.0,53.0,,100.0,100.0
MS,2018,26,33,2018-08-19,95.0,99.0,100.0,21.0,72.0,,100.0,100.0
MS,2018,27,34,2018-08-26,97.0,100.0,100.0,39.0,86.0,,100.0,100.0
MS,2018,28,35,2018-09-02,99.0,100.0,100.0,57.0,92.0,,100.0,100.0
MS,2018,29,36,2018-09-09,100.0,100.0,100.0,74.0,96.0,,100.0,100.0
MS,2018,30,37,2018-09-16,100.0,100.0,100.0,83.0,98.0,,100.0,100.0
MS,2018,31,38,2018-09-23,100.0,100.0,100.0,90.0,99.0,,100.0,100.0
MS,2018,32,39,2018-09-30,100.0,100.0,100.0,92.0,100.0,,100.0,100.0
MS,2018,33,40,2018-10-07,100.0,100.0,100.0,97.0,100.0,,100.0,100.0
MS,2018,34,41,2018-10-14,100.0,100.0,100.0,98.0,100.0,,100.0,100.0
MS,2018,35,42,2018-10-21,100.0,100.0,100.0,99.0,100.0,,100.0,100.0
MS,2018,36,43,2018-10-28,100.0,100.0,100.0,100.0,100.0,,100.0,100.0
MS,2019,3,10,2019-03-10,0.0,0.0,0.0,0.0,0.0,,0.0,0.0
MS,2019,4,11,2019-03-17,0.0,0.0,0.0,0.0,0.0,,1.0,0.0
MS,2019,5,12,2019-03-24,0.0,0.0,0.0,0.0,0.0,,18.0,0.0
MS,2019,6,13,2019-03-31,0.0,0.0,3.0,0.0,0.0,,33.0,0.0
MS,2019,7,14,2019-04-07,0.0,0.0,15.0,0.0,0.0,,52.0,0.0
MS,2019,8,15,2019-04-14,0.0,0.0,35.0,0.0,0.0,,54.0,0.0
MS,2019,9,16,2019-04-21,0.0,0.0,44.0,0.0,0.0,,56.0,0.0
MS,2019,10,17,2019-04-28,0.0,0.0,55.0,0.0,0.0,,75.0,0.0
MS,2019,11,18,2019-05-05,0.0,0.0,74.0,0.0,0.0,,90.0,0.0
MS,2019,12,19,2019-05-12,0.0,0.0,82.0,0.0,0.0,,92.0,0.0
MS,2019,13,20,2019-05-19,0.0,0.0,86.0,0.0,0.0,,95.0,0.0
MS,2019,14,21,2019-05-26,0.0,0.0,94.0,0.0,0.0,,97.0,0.0
MS,2019,15,22,2019-06-02,0.0,0.0,96.0,0.0,0.0,,99.0,2.0
MS,2019,16,23,2019-06-09,0.0,0.0,97.0,0.0,0.0,,100.0,18.0
MS,2019,17,24,2019-06-16,0.0,0.0,99.0,0.0,0.0,,100.0,42.0
MS,2019,18,25,2019-06-23,0.0,3.0,100.0,0.0,0.0,,100.0,57.0
MS,2019,19,26,2019-06-30,0.0,8.0,100.0,0.0,0.0,,100.0,74.0
MS,2019,20,27,2019-07-07,5.0,26.0,100.0,0.0,0.0,,100.0,82.0
MS,2019,21,28,2019-07-14,17.0,44.0,100.0,0.0,0.0,,100.0,91.0
MS,2019,22,29,2019-07-21,27.0,57.0,100.0,0.0,1.0,,100.0,95.0
MS,2019,23,30,2019-07-28,40.0,72.0,100.0,0.0,4.0,,100.0,97.0
MS,2019,24,31,2019-08-04,56.0,84.0,100.0,0.0,13.0,,100.0,100.0
MS,2019,25,32,2019-08-11,80.0,92.0,100.0,1.0,35.0,,100.0,100.0
MS,2019,26,33,2019-08-18,87.0,95.0,100.0,8.0,56.0,,100.0,100.0
MS,2019,27,34,2019-08-25,91.0,96.0,100.0,24.0,68.0,,100.0,100.0
MS,2019,28,35,2019-09-01,95.0,99.0,100.0,41.0,81.0,,100.0,100.0
MS,2019,29,36,2019-09-08,97.0,100.0,100.0,55.0,90.0,,100.0,100.0
MS,2019,30,37,2019-09-15,100.0,100.0,100.0,80.0,95.0,,100.0,100.0
MS,2019,31,38,2019-09-22,100.0,100.0,100.0,91.0,99.0,,100.0,100.0
MS,2019,32,39,2019-09-29,100.0,100.0,100.0,95.0,100.0,,100.0,100.0
MS,2019,33,40,2019-10-06,100.0,100.0,100.0,98.0,100.0,,100.0,100.0
MS,2019,34,41,2019-10-13,100.0,100.0,100.0,99.0,100.0,,100.0,100.0
MS,2019,35,42,2019-10-20,100.0,100.0,100.0,100.0,100.0,,100.0,100.0
MS,2020,5,12,2020-03-22,0.0,0.0,0.0,0.0,0.0,,3.0,0.0
MS,2020,6,13,2020-03-29,0.0,0.0,2.0,0.0,0.0,,8.0,0.0
MS,2020,7,14,2020-04-05,0.0,0.0,6.0,0.0,0.0,,15.0,0.0
MS,2020,8,15,2020-04-12,0.0,0.0,14.0,0.0,0.0,,32.0,0.0
MS,2020,9,16,2020-04-19,0.0,0.0,29.0,0.0,0.0,,50.0,0.0
MS,2020,10,17,2020-04-26,0.0,0.0,44.0,0.0,0.0,,60.0,0.0
MS,2020,11,18,2020-05-03,0.0,0.0,59.0,0.0,0.0,,71.0,0.0
MS,2020,12,19,2020-05-10,0.0,0.0,69.0,0.0,0.0,,87.0,0.0
MS,2020,13,20,2020-05-17,0.0,0.0,85.0,0.0,0.0,,95.0,0.0
MS,2020,14,21,2020-05-24,0.0,0.0,92.0,0.0,0.0,,97.0,3.0
MS,2020,15,22,2020-05-31,0.0,0.0,96.0,0.0,0.0,,99.0,7.0
MS,2020,16,23,2020-06-07,0.0,0.0,98.0,0.0,0.0,,100.0,14.0
MS,2020,17,24,2020-06-14,0.0,0.0,99.0,0.0,0.0,,100.0,27.0
MS,2020,18,25,2020-06-21,0.0,5.0,100.0,0.0,0.0,,100.0,54.0
MS,2020,19,26,2020-06-28,0.0,14.0,100.0,0.0,0.0,,100.0,70.0
MS,2020,20,27,2020-07-05,4.0,23.0,100.0,0.0,0.0,,100.0,82.0
MS,2020,21,28,2020-07-12,18.0,46.0,100.0,0.0,0.0,,100.0,94.0
MS,2020,22,29,2020-07-19,33.0,61.0,100.0,0.0,5.0,,100.0,97.0
MS,2020,23,30,2020-07-26,49.0,77.0,100.0,0.0,15.0,,100.0,99.0
MS,2020,24,31,2020-08-02,65.0,86.0,100.0,0.0,23.0,,100.0,100.0
MS,2020,25,32,2020-08-09,77.0,93.0,100.0,4.0,44.0,,100.0,100.0
MS,2020,26,33,2020-08-16,88.0,96.0,100.0,11.0,58.0,,100.0,100.0
MS,2020,27,34,2020-08-23,94.0,98.0,100.0,24.0,71.0,,100.0,100.0
MS,2020,28,35,2020-08-30,97.0,100.0,100.0,34.0,83.0,,100.0,100.0
MS,2020,29,36,2020-09-06,98.0,100.0,100.0,51.0,91.0,,100.0,100.0
MS,2020,30,37,2020-09-13,100.0,100.0,100.0,67.0,95.0,,100.0,100.0
MS,2020,31,38,2020-09-20,100.0,100.0,100.0,83.0,98.0,,100.0,100.0
MS,2020,32,39,2020-09-27,100.0,100.0,100.0,90.0,100.0,,100.0,100.0
MS,2020,33,40,2020-10-04,100.0,100.0,100.0,94.0,100.0,,100.0,100.0
MS,2020,34,41,2020-10-11,100.0,100.0,100.0,97.0,100.0,,100.0,100.0
MS,2020,35,42,2020-10-18,100.0,100.0,100.0,98.0,100.0,,100.0,100.0
MS,2020,36,43,2020-10-25,100.0,100.0,100.0,100.0,100.0,,100.0,100.0
MS,2021,3,10,2021-03-14,0.0,0.0,0.0,0.0,0.0,,1.0,0.0
MS,2021,4,11,2021-03-21,0.0,0.0,1.0,0.0,0.0,,11.0,0.0
MS,2021,5,12,2021-03-28,0.0,0.0,10.0,0.0,0.0,,24.0,0.0
MS,2021,6,13,2021-04-04,0.0,0.0,23.0,0.0,0.0,,38.0,0.0
MS,2021,7,14,2021-04-11,0.0,0.0,37.0,0.0,0.0,,58.0,0.0
MS,2021,8,15,2021-04-18,0.0,0.0,52.0,0.0,0.0,,66.0,0.0
MS,2021,9,16,2021-04-25,0.0,0.0,59.0,0.0,0.0,,82.0,0.0
MS,2021,10,17,2021-05-02,0.0,0.0,74.0,0.0,0.0,,92.0,0.0
MS,2021,11,18,2021-05-09,0.0,0.0,86.0,0.0,0.0,,96.0,0.0
MS,2021,12,19,2021-05-16,0.0,0.0,91.0,0.0,0.0,,97.0,0.0
MS,2021,13,20,2021-05-23,0.0,0.0,95.0,0.0,0.0,,99.0,0.0
MS,2021,14,21,2021-05-30,0.0,0.0,97.0,0.0,0.0,,100.0,7.0
MS,2021,15,22,2021-06-06,0.0,0.0,98.0,0.0,0.0,,100.0,16.0
MS,2021,16,23,2021-06-13,0.0,0.0,99.0,0.0,0.0,,100.0,30.0
MS,2021,17,24,2021-06-20,0.0,1.0,100.0,0.0,0.0,,100.0,47.0
MS,2021,18,25,2021-06-27,0.0,7.0,100.0,0.0,0.0,,100.0,73.0
MS,2021,19,26,2021-07-04,5.0,35.0,100.0,0.0,0.0,,100.0,83.0
MS,2021,20,27,2021-07-11,12.0,44.0,100.0,0.0,0.0,,100.0,93.0
MS,2021,21,28,2021-07-18,23.0,67.0,100.0,0.0,2.0,,100.0,96.0
MS,2021,22,29,2021-07-25,39.0,78.0,100.0,0.0,7.0,,100.0,98.0
MS,2021,23,30,2021-08-01,54.0,86.0,100.0,0.0,15.0,,100.0,100.0
MS,2021,24,31,2021-08-08,77.0,95.0,100.0,3.0,39.0,,100.0,100.0
MS,2021,25,32,2021-08-15,87.0,98.0,100.0,12.0,58.0,,100.0,100.0
MS,2021,26,33,2021-08-22,94.0,100.0,100.0,21.0,76.0,,100.0,100.0
MS,2021,27,34,2021-08-29,97.0,100.0,100.0,42.0,89.0,,100.0,100.0
MS,2021,28,35,2021-09-05,98.0,100.0,100.0,61.0,93.0,,100.0,100.0
MS,2021,29,36,2021-09-12,99.0,100.0,100.0,75.0,97.0,,100.0,100.0
MS,2021,30,37,2021-09-19,100.0,100.0,100.0,86.0,98.0,,100.0,100.0
MS,2021,31,38,2021-09-26,100.0,100.0,100.0,91.0,100.0,,100.0,100.0
MS,2021,32,39,2021-10-03,100.0,100.0,100.0,95.0,100.0,,100.0,100.0
MS,2021,33,40,2021-10-10,100.0,100.0,100.0,97.0,100.0,,100.0,100.0
MS,2021,34,41,2021-10-17,100.0,100.0,100.0,99.0,100.0,,100.0,100.0
MS,2021,35,42,2021-10-24,100.0,100.0,100.0,100.0,100.0,,100.0,100.0
MS,2022,3,10,2022-03-13,0.0,0.0,0.0,0.0,0.0,,1.0,0.0
MS,2022,4,11,2022-03-20,0.0,0.0,0.0,0.0,0.0,,2.0,0.0
MS,2022,5,12,2022-03-27,0.0,0.0,1.0,0.0,0.0,,5.0,0.0
MS,2022,6,13,2022-04-03,0.0,0.0,2.0,0.0,0.0,,18.0,0.0
MS,2022,7,14,2022-04-10,0.0,0.0,12.0,0.0,0.0,,34.0,0.0
MS,2022,8,15,2022-04-17,0.0,0.0,20.0,0.0,0.0,,45.0,0.0
MS,2022,9,16,2022-04-24,0.0,0.0,38.0,0.0,0.0,,63.0,0.0
MS,2022,10,17,2022-05-01,0.0,0.0,60.0,0.0,0.0,,82.0,0.0
MS,2022,11,18,2022-05-08,0.0,0.0,73.0,0.0,0.0,,90.0,0.0
MS,2022,12,19,2022-05-15,0.0,0.0,85.0,0.0,0.0,,95.0,0.0
MS,2022,13,20,2022-05-22,0.0,0.0,91.0,0.0,0.0,,98.0,1.0
MS,2022,14,21,2022-05-29,0.0,0.0,95.0,0.0,0.0,,100.0,3.0
MS,2022,15,22,2022-06-05,0.0,0.0,98.0,0.0,0.0,,100.0,10.0
MS,2022,16,23,2022-06-12,0.0,0.0,100.0,0.0,0.0,,100.0,33.0
MS,2022,17,24,2022-06-19,0.0,2.0,100.0,0.0,0.0,,100.0,58.0
MS,2022,18,25,2022-06-26,0.0,8.0,100.0,0.0,0.0,,100.0,79.0
MS,2022,19,26,2022-07-03,1.0,21.0,100.0,0.0,0.0,,100.0,86.0
MS,2022,20,27,2022-07-10,9.0,44.0,100.0,0.0,0.0,,100.0,94.0
MS,2022,21,28,2022-07-17,31.0,67.0,100.0,0.0,7.0,,100.0,96.0
MS,2022,22,29,2022-07-24,55.0,81.0,100.0,0.0,19.0,,100.0,98.0
MS,2022,23,30,2022-07-31,69.0,90.0,100.0,0.0,34.0,,100.0,98.0
MS,2022,24,31,2022-08-07,83.0,94.0,100.0,3.0,44.0,,100.0,98.0
MS,2022,25,32,2022-08-14,90.0,96.0,100.0,8.0,65.0,,100.0,98.0
MS,2022,26,33,2022-08-21,94.0,98.0,100.0,18.0,79.0,,100.0,98.0
MS,2022,27,34,2022-08-28,96.0,99.0,100.0,29.0,88.0,,100.0,98.0
MS,2022,28,35,2022-09-04,98.0,100.0,100.0,53.0,91.0,,100.0,98.0
MS,2022,29,36,2022-09-11,99.0,100.0,100.0,71.0,96.0,,100.0,98.0
MS,2022,30,37,2022-09-18,100.0,100.0,100.0,82.0,98.0,,100.0,98.0
MS,2022,31,38,2022-09-25,100.0,100.0,100.0,91.0,100.0,,100.0,98.0
MS,2022,32,39,2022-10-02,100.0,100.0,100.0,95.0,100.0,,100.0,98.0
MS,2022,33,40,2022-10-09,100.0,100.0,100.0,98.0,100.0,,100.0,98.0
MS,2022,34,41,2022-10-16,100.0,100.0,100.0,99.0,100.0,,100.0,98.0
MS,2022,35,42,2022-10-23,100.0,100.0,100.0,100.0,100.0,,100.0,98.0
MS,2023,3,10,2023-03-12,0.0,0.0,0.0,0.0,0.0,,3.0,0.0
MS,2023,4,11,2023-03-19,0.0,0.0,1.0,0.0,0.0,,7.0,0.0
MS,2023,5,12,2023-03-26,0.0,0.0,3.0,0.0,0.0,,14.0,0.0
MS,2023,6,13,2023-04-02,0.0,0.0,9.0,0.0,0.0,,28.0,0.0
MS,2023,7,14,2023-04-09,0.0,0.0,20.0,0.0,0.0,,44.0,0.0
MS,2023,8,15,2023-04-16,0.0,0.0,40.0,0.0,0.0,,59.0,0.0
MS,2023,9,16,2023-04-23,0.0,0.0,55.0,0.0,0.0,,73.0,0.0
MS,2023,10,17,2023-04-30,0.0,0.0,69.0,0.0,0.0,,84.0,0.0
MS,2023,11,18,2023-05-07,0.0,0.0,83.0,0.0,0.0,,94.0,0.0
MS,2023,12,19,2023-05-14,0.0,0.0,87.0,0.0,0.0,,96.0,0.0
MS,2023,13,20,2023-05-21,0.0,0.0,90.0,0.0,0.0,,98.0,0.0
MS,2023,14,21,2023-05-28,0.0,0.0,94.0,0.0,0.0,,99.0,1.0
MS,2023,15,22,2023-06-04,0.0,0.0,98.0,0.0,0.0,,100.0,11.0
MS,2023,16,23,2023-06-11,0.0,0.0,100.0,0.0,0.0,,100.0,33.0
MS,2023,17,24,2023-06-18,0.0,1.0,100.0,0.0,0.0,,100.0,51.0
MS,2023,18,25,2023-06-25,0.0,8.0,100.0,0.0,0.0,,100.0,75.0
MS,2023,19,26,2023-07-02,7.0,34.0,100.0,0.0,0.0,,100.0,90.0
MS,2023,20,27,2023-07-09,19.0,56.0,100.0,0.0,0.0,,100.0,94.0
MS,2023,21,28,2023-07-16,32.0,72.0,100.0,0.0,0.0,,100.0,97.0
MS,2023,22,29,2023-07-23,43.0,82.0,100.0,0.0,2.0,,100.0,99.0
MS,2023,23,30,2023-07-30,62.0,87.0,100.0,0.0,11.0,,100.0,100.0
MS,2023,24,31,2023-08-06,80.0,92.0,100.0,3.0,37.0,,100.0,100.0
MS,2023,25,32,2023-08-13,89.0,97.0,100.0,12.0,56.0,,100.0,100.0
MS,2023,26,33,2023-08-20,94.0,99.0,100.0,26.0,75.0,,100.0,100.0
MS,2023,27,34,2023-08-27,97.0,100.0,100.0,44.0,87.0,,100.0,100.0
MS,2023,28,35,2023-09-03,99.0,100.0,100.0,72.0,92.0,,100.0,100.0
MS,2023,29,36,2023-09-10,100.0,100.0,100.0,84.0,96.0,,100.0,100.0
MS,2023,30,37,2023-09-17,100.0,100.0,100.0,91.0,99.0,,100.0,100.0
MS,2023,31,38,2023-09-24,100.0,100.0,100.0,96.0,100.0,,100.0,100.0
MS,2023,32,39,2023-10-01,100.0,100.0,100.0,99.0,100.0,,100.0,100.0
MS,2023,33,40,2023-10-08,100.0,100.0,100.0,100.0,100.0,,100.0,100.0
MS,2024,3,10,2024-03-10,0.0,0.0,0.0,0.0,0.0,,2.0,0.0
MS,2024,4,11,2024-03-17,0.0,0.0,0.0,0.0,0.0,,3.0,0.0
MS,2024,5,12,2024-03-24,0.0,0.0,2.0,0.0,0.0,,7.0,0.0
MS,2024,6,13,2024-03-31,0.0,0.0,6.0,0.0,0.0,,16.0,0.0
MS,2024,7,14,2024-04-07,0.0,0.0,15.0,0.0,0.0,,43.0,0.0
MS,2024,8,15,2024-04-14,0.0,0.0,32.0,0.0,0.0,,57.0,0.0
MS,2024,9,16,2024-04-21,0.0,0.0,51.0,0.0,0.0,,68.0,0.0
MS,2024,10,17,2024-04-28,0.0,0.0,66.0,0.0,0.0,,85.0,0.0
MS,2024,11,18,2024-05-05,0.0,0.0,80.0,0.0,0.0,,92.0,0.0
MS,2024,12,19,2024-05-12,0.0,0.0,88.0,0.0,0.0,,96.0,0.0
MS,2024,13,20,2024-05-19,0.0,0.0,94.0,0.0,0.0,,98.0,0.0
MS,2024,14,21,2024-05-26,0.0,0.0,96.0,0.0,0.0,,99.0,2.0
MS,2024,15,22,2024-06-02,0.0,0.0,98.0,0.0,0.0,,100.0,11.0
MS,2024,16,23,2024-06-09,0.0,0.0,99.0,0.0,0.0,,100.0,37.0
MS,2024,17,24,2024-06-16,0.0,3.0,100.0,0.0,0.0,,100.0,60.0
MS,2024,18,25,2024-06-23,0.0,15.0,100.0,0.0,0.0,,100.0,78.0
MS,2024,19,26,2024-06-30,4.0,30.0,100.0,0.0,0.0,,100.0,90.0
MS,2024,20,27,2024-07-07,15.0,48.0,100.0,0.0,0.0,,100.0,95.0
MS,2024,21,28,2024-07-14,27.0,67.0,100.0,0.0,1.0,,100.0,99.0
MS,2024,22,29,2024-07-21,42.0,82.0,100.0,0.0,10.0,,100.0,100.0
MS,2024,23,30,2024-07-28,59.0,90.0,100.0,1.0,17.0,,100.0,100.0
MS,2024,24,31,2024-08-04,73.0,94.0,100.0,2.0,26.0,,100.0,100.0
MS,2024,25,32,2024-08-11,87.0,98.0,100.0,8.0,51.0,,100.0,100.0
MS,2024,26,33,2024-08-18,93.0,100.0,100.0,22.0,72.0,,100.0,100.0
MS,2024,27,34,2024-08-25,98.0,100.0,100.0,46.0,89.0,,100.0,100.0
MS,2024,28,35,2024-09-01,100.0,100.0,100.0,71.0,96.0,,100.0,100.0
MS,2024,29,36,2024-09-08,100.0,100.0,100.0,86.0,98.0,,100.0,100.0
MS,2024,30,37,2024-09-15,100.0,100.0,100.0,91.0,100.0,,100.0,100.0
MS,2024,31,38,2024-09-22,100.0,100.0,100.0,96.0,100.0,,100.0,100.0
MS,2024,32,39,2024-09-29,100.0,100.0,100.0,98.0,100.0,,100.0,100.0
MS,2024,33,40,2024-10-06,100.0,100.0,100.0,100.0,100.0,,100.0,100.0
MS,2025,3,10,2025-03-09,0.0,0.0,0.0,0.0,0.0,,1.0,0.0
MS,2025,4,11,2025-03-16,0.0,0.0,0.0,0.0,0.0,,4.0,0.0
MS,2025,5,12,2025-03-23,0.0,0.0,1.0,0.0,0.0,,14.0,0.0
MS,2025,6,13,2025-03-30,0.0,0.0,8.0,0.0,0.0,,30.0,0.0
MS,2025,7,14,2025-04-06,0.0,0.0,15.0,0.0,0.0,,42.0,0.0
MS,2025,8,15,2025-04-13,0.0,0.0,37.0,0.0,0.0,,56.0,0.0
MS,2025,9,16,2025-04-20,0.0,0.0,49.0,0.0,0.0,,72.0,0.0
MS,2025,10,17,2025-04-27,0.0,0.0,71.0,0.0,0.0,,84.0,0.0
MS,2025,11,18,2025-05-04,0.0,0.0,79.0,0.0,0.0,,88.0,0.0
MS,2025,12,19,2025-05-11,0.0,0.0,84.0,0.0,0.0,,90.0,0.0
MS,2025,13,20,2025-05-18,0.0,0.0,88.0,0.0,0.0,,92.0,0.0
MS,2025,14,21,2025-05-25,0.0,0.0,91.0,0.0,0.0,,95.0,6.0
MS,2025,15,22,2025-06-01,0.0,0.0,93.0,0.0,0.0,,97.0,15.0
MS,2025,16,23,2025-06-08,0.0,0.0,95.0,0.0,0.0,,100.0,37.0
MS,2025,17,24,2025-06-15,0.0,5.0,97.0,0.0,0.0,,100.0,58.0
MS,2025,18,25,2025-06-22,0.0,11.0,100.0,0.0,0.0,,100.0,70.0
MS,2025,19,26,2025-06-29,3.0,35.0,100.0,0.0,0.0,,100.0,82.0
MS,2025,20,27,2025-07-06,15.0,56.0,100.0,0.0,0.0,,100.0,89.0
MS,2025,21,28,2025-07-13,30.0,71.0,100.0,0.0,2.0,,100.0,94.0
MS,2025,22,29,2025-07-20,48.0,83.0,100.0,0.0,7.0,,100.0,97.0
MS,2025,23,30,2025-07-27,62.0,89.0,100.0,1.0,22.0,,100.0,100.0
MS,2025,24,31,2025-08-03,79.0,93.0,100.0,5.0,38.0,,100.0,100.0
MS,2025,25,32,2025-08-10,90.0,96.0,100.0,16.0,61.0,,100.0,100.0
MS,2025,26,33,2025-08-17,94.0,99.0,100.0,31.0,78.0,,100.0,100.0
MS,2025,27,34,2025-08-24,96.0,100.0,100.0,47.0,88.0,,100.0,100.0
MS,2025,28,35,2025-08-31,98.0,100.0,100.0,66.0,94.0,,100.0,100.0
MS,2025,29,36,2025-09-07,100.0,100.0,100.0,82.0,96.0,,100.0,100.0
MS,2025,30,37,2025-09-14,100.0,100.0,100.0,90.0,98.0,,100.0,100.0
MS,2025,31,38,2025-09-21,100.0,100.0,100.0,94.0,100.0,,100.0,100.0
MS,2025,32,39,2025-09-28,100.0,100.0,100.0,97.0,100.0,,100.0,100.0
MS,2025,39,46,2025-11-16,100.0,100.0,100.0,100.0,100.0,,100.0,100.0
MT,2016,8,15,2016-04-17,,,0.0,0.0,,,3.0,
MT,2016,9,16,2016-04-24,,,0.0,0.0,,,17.0,
MT,2016,10,17,2016-05-01,,,1.0,0.0,,,39.0,
MT,2016,11,18,2016-05-08,,,12.0,0.0,,,57.0,
MT,2016,12,19,2016-05-15,,,23.0,0.0,,,68.0,
MT,2016,13,20,2016-05-22,,,37.0,0.0,,,81.0,
MT,2016,14,21,2016-05-29,,,62.0,0.0,,,90.0,
MT,2016,15,22,2016-06-05,,,76.0,0.0,,,96.0,
MT,2016,16,23,2016-06-12,,,87.0,0.0,,,96.0,
MT,2016,17,24,2016-06-19,,,95.0,0.0,,,96.0,
MT,2016,25,32,2016-08-14,,,95.0,1.0,,,96.0,
MT,2016,26,33,2016-08-21,,,95.0,3.0,,,96.0,
MT,2016,27,34,2016-08-28,,,95.0,7.0,,,96.0,
MT,2016,28,35,2016-09-04,,,95.0,2.0,,,96.0,
MT,2016,29,36,2016-09-11,,,95.0,10.0,,,96.0,
MT,2016,30,37,2016-09-18,,,95.0,23.0,,,96.0,
MT,2016,31,38,2016-09-25,,,95.0,25.0,,,96.0,
MT,2016,32,39,2016-10-02,,,95.0,28.0,,,96.0,
MT,2016,33,40,2016-10-09,,,95.0,30.0,,,96.0,
MT,2016,34,41,2016-10-16,,,95.0,34.0,,,96.0,
MT,2016,35,42,2016-10-23,,,95.0,54.0,,,96.0,
MT,2016,36,43,2016-10-30,,,95.0,67.0,,,96.0,
MT,2016,37,44,2016-11-06,,,95.0,71.0,,,96.0,
MT,2016,38,45,2016-11-13,,,95.0,73.0,,,96.0,
MT,2016,39,46,2016-11-20,,,95.0,83.0,,,96.0,
MT,2016,40,47,2016-11-27,,,95.0,87.0,,,96.0,
MT,2017,8,15,2017-04-16,,,0.0,0.0,,,0.0,0.0
MT,2017,9,16,2017-04-23,,,0.0,0.0,,,1.0,0.0
MT,2017,10,17,2017-04-30,,,0.0,0.0,,,6.0,0.0
MT,2017,11,18,2017-05-07,,,1.0,0.0,,,15.0,0.0
MT,2017,12,19,2017-05-14,,,21.0,0.0,,,48.0,0.0
MT,2017,13,20,2017-05-21,,,39.0,0.0,,,76.0,0.0
MT,2017,14,21,2017-05-28,,,58.0,0.0,,,93.0,0.0
MT,2017,15,22,2017-06-04,,,75.0,0.0,,,96.0,0.0
MT,2017,16,23,2017-06-11,,,80.0,0.0,,,98.0,0.0
MT,2017,17,24,2017-06-18,,,86.0,0.0,,,98.0,0.0
MT,2017,18,25,2017-06-25,,,90.0,0.0,,,98.0,0.0
MT,2017,19,26,2017-07-02,,,92.0,0.0,,,98.0,0.0
MT,2017,20,27,2017-07-09,,,99.0,0.0,,,98.0,8.0
MT,2017,21,28,2017-07-16,,,99.0,0.0,,,98.0,10.0
MT,2017,22,29,2017-07-23,,,99.0,0.0,,,98.0,32.0
MT,2017,23,30,2017-07-30,,,99.0,0.0,,,98.0,59.0
MT,2017,24,31,2017-08-06,,,99.0,0.0,,,98.0,66.0
MT,2017,26,33,2017-08-20,,,99.0,0.0,,,98.0,66.0
MT,2017,27,34,2017-08-27,,,99.0,3.0,,,98.0,66.0
MT,2017,28,35,2017-09-03,,,99.0,20.0,,,98.0,66.0
MT,2017,29,36,2017-09-10,,,99.0,4.0,,,98.0,66.0
MT,2017,30,37,2017-09-17,,,99.0,5.0,,,98.0,66.0
MT,2017,31,38,2017-09-24,,,99.0,6.0,,,98.0,66.0
MT,2017,32,39,2017-10-01,,,99.0,14.0,,,98.0,66.0
MT,2017,33,40,2017-10-08,,,99.0,23.0,,,98.0,66.0
MT,2017,34,41,2017-10-15,,,99.0,34.0,,,98.0,66.0
MT,2017,35,42,2017-10-22,,,99.0,45.0,,,98.0,66.0
MT,2017,36,43,2017-10-29,,,99.0,51.0,,,98.0,66.0
MT,2017,37,44,2017-11-05,,,99.0,65.0,,,98.0,66.0
MT,2017,38,45,2017-11-12,,,99.0,72.0,,,98.0,66.0
MT,2017,39,46,2017-11-19,,,99.0,77.0,,,98.0,66.0
MT,2017,40,47,2017-11-26,,,99.0,81.0,,,98.0,66.0
MT,2018,8,15,2018-04-15,,,0.0,0.0,,,0.0,0.0
MT,2018,9,16,2018-04-22,,,0.0,0.0,,,0.0,0.0
MT,2018,10,17,2018-04-29,,,0.0,0.0,,,3.0,0.0
MT,2018,11,18,2018-05-06,,,0.0,0.0,,,6.0,0.0
MT,2018,12,19,2018-05-13,,,0.0,0.0,,,22.0,0.0
MT,2018,13,20,2018-05-20,,,7.0,0.0,,,44.0,0.0
MT,2018,14,21,2018-05-27,,,27.0,0.0,,,70.0,0.0
MT,2018,15,22,2018-06-03,,,50.0,0.0,,,85.0,0.0
MT,2018,16,23,2018-06-10,,,70.0,0.0,,,92.0,0.0
MT,2018,17,24,2018-06-17,,,88.0,0.0,,,97.0,0.0
MT,2018,18,25,2018-06-24,,,95.0,0.0,,,97.0,0.0
MT,2018,20,27,2018-07-08,,,95.0,0.0,,,97.0,0.0
MT,2018,26,33,2018-08-19,,,95.0,1.0,,,97.0,0.0
MT,2018,27,34,2018-08-26,,,95.0,5.0,,,97.0,0.0
MT,2018,28,35,2018-09-02,,,95.0,9.0,,,97.0,0.0
MT,2018,29,36,2018-09-09,,,95.0,0.0,,,97.0,0.0
MT,2018,30,37,2018-09-16,,,95.0,3.0,,,97.0,0.0
MT,2018,31,38,2018-09-23,,,95.0,5.0,,,97.0,0.0
MT,2018,32,39,2018-09-30,,,95.0,15.0,,,97.0,0.0
MT,2018,33,40,2018-10-07,,,95.0,22.0,,,97.0,0.0
MT,2018,34,41,2018-10-14,,,95.0,25.0,,,97.0,0.0
MT,2018,35,42,2018-10-21,,,95.0,37.0,,,97.0,0.0
MT,2018,36,43,2018-10-28,,,95.0,54.0,,,97.0,0.0
MT,2018,37,44,2018-11-04,,,95.0,64.0,,,97.0,0.0
MT,2018,38,45,2018-11-11,,,95.0,68.0,,,97.0,0.0
MT,2018,39,46,2018-11-18,,,95.0,78.0,,,97.0,0.0
MT,2018,40,47,2018-11-25,,,95.0,91.0,,,97.0,0.0
MT,2019,8,15,2019-04-14,,,0.0,0.0,,,0.0,
MT,2019,9,16,2019-04-21,,,0.0,0.0,,,1.0,
MT,2019,10,17,2019-04-28,,,0.0,0.0,,,10.0,
MT,2019,11,18,2019-05-05,,,0.0,0.0,,,12.0,
MT,2019,12,19,2019-05-12,,,1.0,0.0,,,39.0,
MT,2019,13,20,2019-05-19,,,6.0,0.0,,,51.0,
MT,2019,14,21,2019-05-26,,,17.0,0.0,,,59.0,
MT,2019,15,22,2019-06-02,,,35.0,0.0,,,75.0,
MT,2019,16,23,2019-06-09,,,56.0,0.0,,,90.0,
MT,2019,17,24,2019-06-16,,,66.0,0.0,,,92.0,
MT,2019,18,25,2019-06-23,,,87.0,0.0,,,96.0,
MT,2019,19,26,2019-06-30,,,94.0,0.0,,,96.0,
MT,2019,20,27,2019-07-07,,,97.0,0.0,,,96.0,
MT,2019,27,34,2019-08-25,,,97.0,1.0,,,96.0,
MT,2019,28,35,2019-09-01,,,97.0,10.0,,,96.0,
MT,2019,29,36,2019-09-08,,,97.0,23.0,,,96.0,
MT,2019,30,37,2019-09-15,,,97.0,29.0,,,96.0,
MT,2019,31,38,2019-09-22,,,97.0,40.0,,,96.0,
MT,2019,32,39,2019-09-29,,,97.0,0.0,,,96.0,
MT,2019,33,40,2019-10-06,,,97.0,0.0,,,96.0,
MT,2019,34,41,2019-10-13,,,97.0,5.0,,,96.0,
MT,2019,35,42,2019-10-20,,,97.0,13.0,,,96.0,
MT,2019,36,43,2019-10-27,,,97.0,20.0,,,96.0,
MT,2019,37,44,2019-11-03,,,97.0,30.0,,,96.0,
MT,2019,38,45,2019-11-10,,,97.0,35.0,,,96.0,
MT,2019,39,46,2019-11-17,,,97.0,47.0,,,96.0,
MT,2019,40,47,2019-11-24,,,97.0,61.0,,,96.0,
MT,2020,9,16,2020-04-19,,,0.0,0.0,,,0.0,
MT,2020,10,17,2020-04-26,,,0.0,0.0,,,5.0,
MT,2020,11,18,2020-05-03,,,0.0,0.0,,,18.0,
MT,2020,12,19,2020-05-10,,,0.0,0.0,,,35.0,
MT,2020,13,20,2020-05-17,,,3.0,0.0,,,61.0,
MT,2020,14,21,2020-05-24,,,25.0,0.0,,,78.0,
MT,2020,15,22,2020-05-31,,,41.0,0.0,,,86.0,
MT,2020,16,23,2020-06-07,,,61.0,0.0,,,91.0,
MT,2020,17,24,2020-06-14,,,71.0,0.0,,,95.0,
MT,2020,18,25,2020-06-21,,,80.0,0.0,,,95.0,
MT,2020,19,26,2020-06-28,,,95.0,0.0,,,95.0,
MT,2020,27,34,2020-08-23,,,95.0,1.0,,,95.0,
MT,2020,28,35,2020-08-30,,,95.0,10.0,,,95.0,
MT,2020,29,36,2020-09-06,,,95.0,20.0,,,95.0,
MT,2020,30,37,2020-09-13,,,95.0,3.0,,,95.0,
MT,2020,31,38,2020-09-20,,,95.0,5.0,,,95.0,
MT,2020,32,39,2020-09-27,,,95.0,10.0,,,95.0,
MT,2020,33,40,2020-10-04,,,95.0,18.0,,,95.0,
MT,2020,34,41,2020-10-11,,,95.0,25.0,,,95.0,
MT,2020,35,42,2020-10-18,,,95.0,32.0,,,95.0,
MT,2020,36,43,2020-10-25,,,95.0,38.0,,,95.0,
MT,2020,37,44,2020-11-01,,,95.0,46.0,,,95.0,
MT,2020,38,45,2020-11-08,,,95.0,60.0,,,95.0,
MT,2020,39,46,2020-11-15,,,95.0,70.0,,,95.0,
MT,2020,40,47,2020-11-22,,,95.0,77.0,,,95.0,
MT,2020,41,48,2020-11-29,,,95.0,90.0,,,95.0,
MT,2021,8,15,2021-04-18,,,0.0,0.0,,,1.0,
MT,2021,9,16,2021-04-25,,,0.0,0.0,,,5.0,
MT,2021,10,17,2021-05-02,,,0.0,0.0,,,10.0,
MT,2021,11,18,2021-05-09,,,0.0,0.0,,,18.0,
MT,2021,12,19,2021-05-16,,,2.0,0.0,,,35.0,
MT,2021,13,20,2021-05-23,,,19.0,0.0,,,56.0,
MT,2021,14,21,2021-05-30,,,28.0,0.0,,,64.0,
MT,2021,15,22,2021-06-06,,,30.0,0.0,,,73.0,
MT,2021,16,23,2021-06-13,,,52.0,0.0,,,83.0,
MT,2021,17,24,2021-06-20,,,74.0,0.0,,,93.0,
MT,2021,18,25,2021-06-27,,,90.0,0.0,,,97.0,
MT,2021,19,26,2021-07-04,,,96.0,0.0,,,97.0,
MT,2021,26,33,2021-08-22,,,96.0,1.0,,,97.0,
MT,2021,27,34,2021-08-29,,,96.0,10.0,,,97.0,
MT,2021,28,35,2021-09-05,,,96.0,21.0,,,97.0,
MT,2021,29,36,2021-09-12,,,96.0,1.0,,,97.0,
MT,2021,30,37,2021-09-19,,,96.0,5.0,,,97.0,
MT,2021,31,38,2021-09-26,,,96.0,12.0,,,97.0,
MT,2021,32,39,2021-10-03,,,96.0,23.0,,,97.0,
MT,2021,33,40,2021-10-10,,,96.0,36.0,,,97.0,
MT,2021,34,41,2021-10-17,,,96.0,46.0,,,97.0,
MT,2021,35,42,2021-10-24,,,96.0,55.0,,,97.0,
MT,2021,36,43,2021-10-31,,,96.0,70.0,,,97.0,
MT,2021,37,44,2021-11-07,,,96.0,80.0,,,97.0,
MT,2021,38,45,2021-11-14,,,96.0,84.0,,,97.0,
MT,2021,39,46,2021-11-21,,,96.0,88.0,,,97.0,
MT,2021,40,47,2021-11-28,,,96.0,90.0,,,97.0,
MT,2022,8,15,2022-04-17,,,0.0,0.0,,,0.0,
MT,2022,9,16,2022-04-24,,,0.0,0.0,,,0.0,
MT,2022,10,17,2022-05-01,,,0.0,0.0,,,3.0,
MT,2022,11,18,2022-05-08,,,0.0,0.0,,,7.0,
MT,2022,12,19,2022-05-15,,,1.0,0.0,,,25.0,
MT,2022,13,20,2022-05-22,,,10.0,0.0,,,39.0,
MT,2022,14,21,2022-05-29,,,19.0,0.0,,,53.0,
MT,2022,15,22,2022-06-05,,,41.0,0.0,,,67.0,
MT,2022,16,23,2022-06-12,,,65.0,0.0,,,80.0,
MT,2022,17,24,2022-06-19,,,75.0,0.0,,,95.0,
MT,2022,18,25,2022-06-26,,,90.0,0.0,,,95.0,
MT,2022,19,26,2022-07-03,,,98.0,0.0,,,95.0,
MT,2022,25,32,2022-08-14,,,98.0,0.0,,,95.0,
MT,2022,26,33,2022-08-21,,,98.0,3.0,,,95.0,
MT,2022,27,34,2022-08-28,,,98.0,17.0,,,95.0,
MT,2022,28,35,2022-09-04,,,98.0,20.0,,,95.0,
MT,2022,29,36,2022-09-11,,,98.0,10.0,,,95.0,
MT,2022,30,37,2022-09-18,,,98.0,14.0,,,95.0,
MT,2022,31,38,2022-09-25,,,98.0,17.0,,,95.0,
MT,2022,32,39,2022-10-02,,,98.0,20.0,,,95.0,
MT,2022,33,40,2022-10-09,,,98.0,33.0,,,95.0,
MT,2022,34,41,2022-10-16,,,98.0,40.0,,,95.0,
MT,2022,35,42,2022-10-23,,,98.0,47.0,,,95.0,
MT,2022,36,43,2022-10-30,,,98.0,67.0,,,95.0,
MT,2022,37,44,2022-11-06,,,98.0,73.0,,,95.0,
MT,2022,38,45,2022-11-13,,,98.0,91.0,,,95.0,
MT,2022,39,46,2022-11-20,,,98.0,94.0,,,95.0,
MT,2022,40,47,2022-11-27,,,98.0,99.0,,,95.0,
MT,2023,9,16,2023-04-23,,,0.0,0.0,,,0.0,
MT,2023,10,17,2023-04-30,,,0.0,0.0,,,8.0,
MT,2023,11,18,2023-05-07,,,0.0,0.0,,,14.0,
MT,2023,12,19,2023-05-14,,,2.0,0.0,,,30.0,
MT,2023,13,20,2023-05-21,,,21.0,0.0,,,53.0,
MT,2023,14,21,2023-05-28,,,24.0,0.0,,,63.0,
MT,2023,15,22,2023-06-04,,,51.0,0.0,,,78.0,
MT,2023,16,23,2023-06-11,,,71.0,0.0,,,88.0,
MT,2023,17,24,2023-06-18,,,83.0,0.0,,,91.0,
MT,2023,18,25,2023-06-25,,,89.0,0.0,,,95.0,
MT,2023,19,26,2023-07-02,,,91.0,0.0,,,95.0,
MT,2023,20,27,2023-07-09,,,95.0,0.0,,,95.0,
MT,2023,27,34,2023-08-27,,,95.0,1.0,,,95.0,
MT,2023,28,35,2023-09-03,,,95.0,15.0,,,95.0,
MT,2023,29,36,2023-09-10,,,95.0,1.0,,,95.0,
MT,2023,30,37,2023-09-17,,,95.0,8.0,,,95.0,
MT,2023,31,38,2023-09-24,,,95.0,17.0,,,95.0,
MT,2023,32,39,2023-10-01,,,95.0,23.0,,,95.0,
MT,2023,33,40,2023-10-08,,,95.0,34.0,,,95.0,
MT,2023,34,41,2023-10-15,,,95.0,42.0,,,95.0,
MT,2023,35,42,2023-10-22,,,95.0,68.0,,,95.0,
MT,2023,36,43,2023-10-29,,,95.0,72.0,,,95.0,
MT,2023,37,44,2023-11-05,,,95.0,80.0,,,95.0,
MT,2023,38,45,2023-11-12,,,95.0,84.0,,,95.0,
MT,2023,39,46,2023-11-19,,,95.0,91.0,,,95.0,
MT,2023,40,47,2023-11-26,,,95.0,93.0,,,95.0,
MT,2024,12,19,2024-05-12,,,0.0,0.0,,,5.0,
MT,2024,13,20,2024-05-19,,,5.0,0.0,,,21.0,
MT,2024,14,21,2024-05-26,,,14.0,0.0,,,30.0,
MT,2024,15,22,2024-06-02,,,25.0,0.0,,,50.0,
MT,2024,16,23,2024-06-09,,,54.0,0.0,,,76.0,
MT,2024,17,24,2024-06-16,,,77.0,0.0,,,92.0,
MT,2024,18,25,2024-06-23,,,86.0,0.0,,,96.0,
MT,2024,19,26,2024-06-30,,,90.0,0.0,,,96.0,
MT,2024,20,27,2024-07-07,,,96.0,0.0,,,96.0,
MT,2024,26,33,2024-08-18,,,96.0,0.0,,,96.0,
MT,2024,27,34,2024-08-25,,,96.0,1.0,,,96.0,
MT,2024,28,35,2024-09-01,,,96.0,4.0,,,96.0,
MT,2024,29,36,2024-09-08,,,96.0,0.0,,,96.0,
MT,2024,30,37,2024-09-15,,,96.0,0.0,,,96.0,
MT,2024,31,38,2024-09-22,,,96.0,2.0,,,96.0,
MT,2024,32,39,2024-09-29,,,96.0,10.0,,,96.0,
MT,2024,33,40,2024-10-06,,,96.0,18.0,,,96.0,
MT,2024,34,41,2024-10-13,,,96.0,29.0,,,96.0,
MT,2024,35,42,2024-10-20,,,96.0,48.0,,,96.0,
MT,2024,36,43,2024-10-27,,,96.0,62.0,,,96.0,
MT,2024,37,44,2024-11-03,,,96.0,72.0,,,96.0,
MT,2024,38,45,2024-11-10,,,96.0,80.0,,,96.0,
MT,2024,39,46,2024-11-17,,,96.0,84.0,,,96.0,
MT,2024,40,47,2024-11-24,,,96.0,89.0,,,96.0,
MT,2025,9,16,2025-04-20,,,0.0,0.0,,,0.0,
MT,2025,10,17,2025-04-27,,,0.0,0.0,,,1.0,
MT,2025,11,18,2025-05-04,,,0.0,0.0,,,6.0,
MT,2025,12,19,2025-05-11,,,0.0,0.0,,,16.0,
MT,2025,13,20,2025-05-18,,,1.0,0.0,,,32.0,
MT,2025,14,21,2025-05-25,,,14.0,0.0,,,44.0,
MT,2025,15,22,2025-06-01,,,26.0,0.0,,,54.0,
MT,2025,16,23,2025-06-08,,,39.0,0.0,,,61.0,
MT,2025,17,24,2025-06-15,,,54.0,0.0,,,69.0,
MT,2025,18,25,2025-06-22,,,59.0,0.0,,,73.0,
MT,2025,19,26,2025-06-29,,,62.0,0.0,,,74.0,
MT,2025,20,27,2025-07-06,,,66.0,0.0,,,76.0,
MT,2025,21,28,2025-07-13,,,70.0,0.0,,,86.0,
MT,2025,22,29,2025-07-20,,,80.0,0.0,,,95.0,
MT,2025,23,30,2025-07-27,,,95.0,0.0,,,95.0,
MT,2025,26,33,2025-08-17,,,95.0,1.0,,,95.0,
MT,2025,27,34,2025-08-24,,,95.0,7.0,,,95.0,
MT,2025,28,35,2025-08-31,,,95.0,10.0,,,95.0,
MT,2025,29,36,2025-09-07,,,95.0,1.0,,,95.0,
MT,2025,30,37,2025-09-14,,,95.0,1.0,,,95.0,
MT,2025,31,38,2025-09-21,,,95.0,10.0,,,95.0,
MT,2025,32,39,2025-09-28,,,95.0,22.0,,,95.0,
MT,2025,39,46,2025-11-16,,,95.0,65.0,,,95.0,
MT,2025,40,47,2025-11-23,,,95.0,93.0,,,95.0,
NC,2016,6,13,2016-04-03,0.0,0.0,0.0,0.0,0.0,,5.0,0.0
NC,2016,7,14,2016-04-10,0.0,0.0,0.0,0.0,0.0,,21.0,0.0
NC,2016,8,15,2016-04-17,0.0,0.0,12.0,0.0,0.0,,46.0,0.0
NC,2016,9,16,2016-04-24,0.0,0.0,34.0,0.0,0.0,,73.0,0.0
NC,2016,10,17,2016-05-01,0.0,0.0,55.0,0.0,0.0,,84.0,0.0
NC,2016,11,18,2016-05-08,0.0,0.0,66.0,0.0,0.0,,88.0,0.0
NC,2016,12,19,2016-05-15,0.0,0.0,82.0,0.0,0.0,,94.0,0.0
NC,2016,13,20,2016-05-22,0.0,0.0,88.0,0.0,0.0,,96.0,0.0
NC,2016,14,21,2016-05-29,0.0,0.0,93.0,0.0,0.0,,97.0,0.0
NC,2016,15,22,2016-06-05,0.0,0.0,95.0,0.0,0.0,,99.0,2.0
NC,2016,16,23,2016-06-12,0.0,0.0,98.0,0.0,0.0,,99.0,16.0
NC,2016,17,24,2016-06-19,0.0,1.0,100.0,0.0,0.0,,99.0,36.0
NC,2016,18,25,2016-06-26,0.0,2.0,100.0,0.0,0.0,,99.0,56.0
NC,2016,19,26,2016-07-03,0.0,21.0,100.0,0.0,0.0,,99.0,84.0
NC,2016,20,27,2016-07-10,2.0,42.0,100.0,0.0,0.0,,99.0,89.0
NC,2016,21,28,2016-07-17,10.0,60.0,100.0,0.0,0.0,,99.0,93.0
NC,2016,22,29,2016-07-24,28.0,75.0,100.0,0.0,0.0,,99.0,96.0
NC,2016,23,30,2016-07-31,55.0,88.0,100.0,9.0,10.0,,99.0,98.0
NC,2016,24,31,2016-08-07,75.0,93.0,100.0,22.0,25.0,,99.0,99.0
NC,2016,25,32,2016-08-14,87.0,97.0,100.0,40.0,42.0,,99.0,100.0
NC,2016,26,33,2016-08-21,92.0,98.0,100.0,13.0,68.0,,99.0,100.0
NC,2016,27,34,2016-08-28,95.0,100.0,100.0,31.0,81.0,,99.0,100.0
NC,2016,28,35,2016-09-04,97.0,100.0,100.0,50.0,91.0,,99.0,100.0
NC,2016,29,36,2016-09-11,98.0,100.0,100.0,66.0,94.0,,99.0,100.0
NC,2016,30,37,2016-09-18,100.0,100.0,100.0,82.0,98.0,,99.0,100.0
NC,2016,31,38,2016-09-25,100.0,100.0,100.0,87.0,99.0,,99.0,100.0
NC,2016,32,39,2016-10-02,100.0,100.0,100.0,89.0,100.0,,99.0,100.0
NC,2016,33,40,2016-10-09,100.0,100.0,100.0,92.0,100.0,,99.0,100.0
NC,2016,34,41,2016-10-16,100.0,100.0,100.0,94.0,100.0,,99.0,100.0
NC,2016,35,42,2016-10-23,100.0,100.0,100.0,96.0,100.0,,99.0,100.0
NC,2016,36,43,2016-10-30,100.0,100.0,100.0,98.0,100.0,,99.0,100.0
NC,2016,37,44,2016-11-06,100.0,100.0,100.0,99.0,100.0,,99.0,100.0
NC,2016,38,45,2016-11-13,100.0,100.0,100.0,100.0,100.0,,99.0,100.0
NC,2016,39,46,2016-11-20,100.0,100.0,100.0,100.0,100.0,,99.0,100.0
NC,2017,6,13,2017-04-02,0.0,0.0,0.0,0.0,0.0,,3.0,0.0
NC,2017,7,14,2017-04-09,0.0,0.0,0.0,0.0,0.0,,10.0,0.0
NC,2017,8,15,2017-04-16,0.0,0.0,0.0,0.0,0.0,,32.0,0.0
NC,2017,9,16,2017-04-23,0.0,0.0,12.0,0.0,0.0,,63.0,0.0
NC,2017,10,17,2017-04-30,0.0,0.0,54.0,0.0,0.0,,79.0,0.0
NC,2017,11,18,2017-05-07,0.0,0.0,78.0,0.0,0.0,,88.0,0.0
NC,2017,12,19,2017-05-14,0.0,0.0,86.0,0.0,0.0,,93.0,0.0
NC,2017,13,20,2017-05-21,0.0,0.0,92.0,0.0,0.0,,96.0,0.0
NC,2017,14,21,2017-05-28,0.0,0.0,95.0,0.0,0.0,,98.0,0.0
NC,2017,15,22,2017-06-04,0.0,0.0,96.0,0.0,0.0,,99.0,0.0
NC,2017,16,23,2017-06-11,0.0,0.0,99.0,0.0,0.0,,99.0,8.0
NC,2017,17,24,2017-06-18,0.0,0.0,100.0,0.0,0.0,,99.0,35.0
NC,2017,18,25,2017-06-25,0.0,2.0,100.0,0.0,0.0,,99.0,60.0
NC,2017,19,26,2017-07-02,0.0,16.0,100.0,0.0,0.0,,99.0,78.0
NC,2017,20,27,2017-07-09,2.0,35.0,100.0,0.0,0.0,,99.0,87.0
NC,2017,21,28,2017-07-16,21.0,53.0,100.0,0.0,0.0,,99.0,93.0
NC,2017,22,29,2017-07-23,32.0,72.0,100.0,0.0,0.0,,99.0,97.0
NC,2017,23,30,2017-07-30,57.0,86.0,100.0,1.0,6.0,,99.0,98.0
NC,2017,24,31,2017-08-06,69.0,92.0,100.0,24.0,26.0,,99.0,99.0
NC,2017,25,32,2017-08-13,79.0,95.0,100.0,42.0,45.0,,99.0,100.0
NC,2017,26,33,2017-08-20,89.0,97.0,100.0,3.0,56.0,,99.0,100.0
NC,2017,27,34,2017-08-27,92.0,99.0,100.0,20.0,72.0,,99.0,100.0
NC,2017,28,35,2017-09-03,95.0,100.0,100.0,38.0,83.0,,99.0,100.0
NC,2017,29,36,2017-09-10,98.0,100.0,100.0,56.0,88.0,,99.0,100.0
NC,2017,30,37,2017-09-17,100.0,100.0,100.0,68.0,93.0,,99.0,100.0
NC,2017,31,38,2017-09-24,100.0,100.0,100.0,77.0,96.0,,99.0,100.0
NC,2017,32,39,2017-10-01,100.0,100.0,100.0,85.0,100.0,,99.0,100.0
NC,2017,33,40,2017-10-08,100.0,100.0,100.0,89.0,100.0,,99.0,100.0
NC,2017,34,41,2017-10-15,100.0,100.0,100.0,92.0,100.0,,99.0,100.0
NC,2017,35,42,2017-10-22,100.0,100.0,100.0,95.0,100.0,,99.0,100.0
NC,2017,36,43,2017-10-29,100.0,100.0,100.0,97.0,100.0,,99.0,100.0
NC,2017,37,44,2017-11-05,100.0,100.0,100.0,98.0,100.0,,99.0,100.0
NC,2017,38,45,2017-11-12,100.0,100.0,100.0,100.0,100.0,,99.0,100.0
NC,2017,39,46,2017-11-19,100.0,100.0,100.0,100.0,100.0,,99.0,100.0
NC,2017,40,47,2017-11-26,100.0,100.0,100.0,100.0,100.0,,99.0,100.0
NC,2018,6,13,2018-04-01,0.0,0.0,0.0,0.0,0.0,,1.0,0.0
NC,2018,7,14,2018-04-08,0.0,0.0,0.0,0.0,0.0,,13.0,0.0
NC,2018,8,15,2018-04-15,0.0,0.0,2.0,0.0,0.0,,30.0,0.0
NC,2018,9,16,2018-04-22,0.0,0.0,11.0,0.0,0.0,,48.0,0.0
NC,2018,10,17,2018-04-29,0.0,0.0,36.0,0.0,0.0,,63.0,0.0
NC,2018,11,18,2018-05-06,0.0,0.0,58.0,0.0,0.0,,81.0,0.0
NC,2018,12,19,2018-05-13,0.0,0.0,78.0,0.0,0.0,,92.0,0.0
NC,2018,13,20,2018-05-20,0.0,0.0,89.0,0.0,0.0,,96.0,0.0
NC,2018,14,21,2018-05-27,0.0,0.0,94.0,0.0,0.0,,98.0,0.0
NC,2018,15,22,2018-06-03,0.0,0.0,97.0,0.0,0.0,,99.0,0.0
NC,2018,16,23,2018-06-10,0.0,0.0,98.0,0.0,0.0,,99.0,5.0
NC,2018,17,24,2018-06-17,0.0,0.0,100.0,0.0,0.0,,99.0,23.0
NC,2018,18,25,2018-06-24,0.0,1.0,100.0,0.0,0.0,,99.0,47.0
NC,2018,19,26,2018-07-01,0.0,10.0,100.0,0.0,0.0,,99.0,68.0
NC,2018,20,27,2018-07-08,0.0,27.0,100.0,0.0,0.0,,99.0,82.0
NC,2018,21,28,2018-07-15,9.0,46.0,100.0,0.0,0.0,,99.0,90.0
NC,2018,22,29,2018-07-22,23.0,63.0,100.0,0.0,0.0,,99.0,94.0
NC,2018,23,30,2018-07-29,38.0,77.0,100.0,0.0,1.0,,99.0,97.0
NC,2018,24,31,2018-08-05,55.0,87.0,100.0,4.0,14.0,,99.0,99.0
NC,2018,25,32,2018-08-12,69.0,91.0,100.0,22.0,28.0,,99.0,99.0
NC,2018,26,33,2018-08-19,80.0,94.0,100.0,3.0,46.0,,99.0,99.0
NC,2018,27,34,2018-08-26,91.0,97.0,100.0,12.0,67.0,,99.0,99.0
NC,2018,28,35,2018-09-02,93.0,99.0,100.0,27.0,80.0,,99.0,99.0
NC,2018,29,36,2018-09-09,96.0,99.0,100.0,43.0,90.0,,99.0,99.0
NC,2018,30,37,2018-09-16,99.0,99.0,100.0,66.0,93.0,,99.0,99.0
NC,2018,31,38,2018-09-23,100.0,99.0,100.0,76.0,96.0,,99.0,99.0
NC,2018,32,39,2018-09-30,100.0,99.0,100.0,83.0,99.0,,99.0,99.0
NC,2018,33,40,2018-10-07,100.0,99.0,100.0,88.0,100.0,,99.0,99.0
NC,2018,34,41,2018-10-14,100.0,99.0,100.0,91.0,100.0,,99.0,99.0
NC,2018,35,42,2018-10-21,100.0,99.0,100.0,93.0,100.0,,99.0,99.0
NC,2018,36,43,2018-10-28,100.0,99.0,100.0,95.0,100.0,,99.0,99.0
NC,2018,37,44,2018-11-04,100.0,99.0,100.0,98.0,100.0,,99.0,99.0
NC,2018,38,45,2018-11-11,100.0,99.0,100.0,99.0,100.0,,99.0,99.0
NC,2018,39,46,2018-11-18,100.0,99.0,100.0,100.0,100.0,,99.0,99.0
NC,2018,40,47,2018-11-25,100.0,99.0,100.0,100.0,100.0,,99.0,99.0
NC,2019,6,13,2019-03-31,0.0,0.0,0.0,0.0,0.0,,1.0,0.0
NC,2019,7,14,2019-04-07,0.0,0.0,0.0,0.0,0.0,,5.0,0.0
NC,2019,8,15,2019-04-14,0.0,0.0,1.0,0.0,0.0,,18.0,0.0
NC,2019,9,16,2019-04-21,0.0,0.0,7.0,0.0,0.0,,28.0,0.0
NC,2019,10,17,2019-04-28,0.0,0.0,23.0,0.0,0.0,,53.0,0.0
NC,2019,11,18,2019-05-05,0.0,0.0,50.0,0.0,0.0,,73.0,0.0
NC,2019,12,19,2019-05-12,0.0,0.0,71.0,0.0,0.0,,88.0,0.0
NC,2019,13,20,2019-05-19,0.0,0.0,80.0,0.0,0.0,,93.0,0.0
NC,2019,14,21,2019-05-26,0.0,0.0,89.0,0.0,0.0,,95.0,0.0
NC,2019,15,22,2019-06-02,0.0,0.0,94.0,0.0,0.0,,97.0,0.0
NC,2019,16,23,2019-06-09,0.0,0.0,95.0,0.0,0.0,,100.0,3.0
NC,2019,17,24,2019-06-16,0.0,0.0,100.0,0.0,0.0,,100.0,20.0
NC,2019,18,25,2019-06-23,0.0,0.0,100.0,0.0,0.0,,100.0,36.0
NC,2019,19,26,2019-06-30,0.0,6.0,100.0,0.0,0.0,,100.0,54.0
NC,2019,20,27,2019-07-07,1.0,15.0,100.0,0.0,0.0,,100.0,62.0
NC,2019,21,28,2019-07-14,3.0,38.0,100.0,0.0,0.0,,100.0,80.0
NC,2019,22,29,2019-07-21,16.0,53.0,100.0,0.0,0.0,,100.0,89.0
NC,2019,23,30,2019-07-28,36.0,71.0,100.0,6.0,2.0,,100.0,93.0
NC,2019,24,31,2019-08-04,58.0,87.0,100.0,24.0,14.0,,100.0,99.0
NC,2019,25,32,2019-08-11,70.0,91.0,100.0,40.0,30.0,,100.0,100.0
NC,2019,26,33,2019-08-18,84.0,95.0,100.0,7.0,51.0,,100.0,100.0
NC,2019,27,34,2019-08-25,90.0,97.0,100.0,19.0,68.0,,100.0,100.0
NC,2019,28,35,2019-09-01,93.0,98.0,100.0,40.0,83.0,,100.0,100.0
NC,2019,29,36,2019-09-08,95.0,100.0,100.0,58.0,90.0,,100.0,100.0
NC,2019,30,37,2019-09-15,97.0,100.0,100.0,72.0,93.0,,100.0,100.0
NC,2019,31,38,2019-09-22,100.0,100.0,100.0,81.0,95.0,,100.0,100.0
NC,2019,32,39,2019-09-29,100.0,100.0,100.0,87.0,98.0,,100.0,100.0
NC,2019,33,40,2019-10-06,100.0,100.0,100.0,91.0,100.0,,100.0,100.0
NC,2019,34,41,2019-10-13,100.0,100.0,100.0,93.0,100.0,,100.0,100.0
NC,2019,35,42,2019-10-20,100.0,100.0,100.0,94.0,100.0,,100.0,100.0
NC,2019,36,43,2019-10-27,100.0,100.0,100.0,97.0,100.0,,100.0,100.0
NC,2019,37,44,2019-11-03,100.0,100.0,100.0,99.0,100.0,,100.0,100.0
NC,2019,38,45,2019-11-10,100.0,100.0,100.0,100.0,100.0,,100.0,100.0
NC,2019,39,46,2019-11-17,100.0,100.0,100.0,100.0,100.0,,100.0,100.0
NC,2019,40,47,2019-11-24,100.0,100.0,100.0,100.0,100.0,,100.0,100.0
NC,2019,41,48,2019-12-01,100.0,100.0,100.0,100.0,100.0,,100.0,100.0
NC,2020,7,14,2020-04-05,0.0,0.0,0.0,0.0,0.0,,6.0,0.0
NC,2020,8,15,2020-04-12,0.0,0.0,4.0,0.0,0.0,,28.0,0.0
NC,2020,9,16,2020-04-19,0.0,0.0,21.0,0.0,0.0,,49.0,0.0
NC,2020,10,17,2020-04-26,0.0,0.0,40.0,0.0,0.0,,62.0,0.0
NC,2020,11,18,2020-05-03,0.0,0.0,57.0,0.0,0.0,,79.0,0.0
NC,2020,12,19,2020-05-10,0.0,0.0,72.0,0.0,0.0,,89.0,0.0
NC,2020,13,20,2020-05-17,0.0,0.0,87.0,0.0,0.0,,95.0,0.0
NC,2020,14,21,2020-05-24,0.0,0.0,91.0,0.0,0.0,,98.0,0.0
NC,2020,15,22,2020-05-31,0.0,0.0,93.0,0.0,0.0,,100.0,0.0
NC,2020,16,23,2020-06-07,0.0,0.0,98.0,0.0,0.0,,100.0,0.0
NC,2020,17,24,2020-06-14,0.0,0.0,100.0,0.0,0.0,,100.0,12.0
NC,2020,18,25,2020-06-21,0.0,0.0,100.0,0.0,0.0,,100.0,26.0
NC,2020,19,26,2020-06-28,0.0,1.0,100.0,0.0,0.0,,100.0,45.0
NC,2020,20,27,2020-07-05,0.0,11.0,100.0,0.0,0.0,,100.0,70.0
NC,2020,21,28,2020-07-12,1.0,29.0,100.0,0.0,0.0,,100.0,86.0
NC,2020,22,29,2020-07-19,9.0,47.0,100.0,0.0,0.0,,100.0,94.0
NC,2020,23,30,2020-07-26,24.0,69.0,100.0,1.0,1.0,,100.0,97.0
NC,2020,24,31,2020-08-02,33.0,77.0,100.0,10.0,4.0,,100.0,100.0
NC,2020,25,32,2020-08-09,56.0,84.0,100.0,20.0,16.0,,100.0,100.0
NC,2020,26,33,2020-08-16,74.0,92.0,100.0,2.0,36.0,,100.0,100.0
NC,2020,27,34,2020-08-23,85.0,96.0,100.0,10.0,58.0,,100.0,100.0
NC,2020,28,35,2020-08-30,90.0,98.0,100.0,18.0,73.0,,100.0,100.0
NC,2020,29,36,2020-09-06,93.0,100.0,100.0,33.0,83.0,,100.0,100.0
NC,2020,30,37,2020-09-13,97.0,100.0,100.0,47.0,90.0,,100.0,100.0
NC,2020,31,38,2020-09-20,100.0,100.0,100.0,63.0,93.0,,100.0,100.0
NC,2020,32,39,2020-09-27,100.0,100.0,100.0,74.0,96.0,,100.0,100.0
NC,2020,33,40,2020-10-04,100.0,100.0,100.0,85.0,99.0,,100.0,100.0
NC,2020,34,41,2020-10-11,100.0,100.0,100.0,90.0,100.0,,100.0,100.0
NC,2020,35,42,2020-10-18,100.0,100.0,100.0,93.0,100.0,,100.0,100.0
NC,2020,36,43,2020-10-25,100.0,100.0,100.0,95.0,100.0,,100.0,100.0
NC,2020,37,44,2020-11-01,100.0,100.0,100.0,97.0,100.0,,100.0,100.0
NC,2020,38,45,2020-11-08,100.0,100.0,100.0,99.0,100.0,,100.0,100.0
NC,2020,39,46,2020-11-15,100.0,100.0,100.0,100.0,100.0,,100.0,100.0
NC,2021,6,13,2021-04-04,0.0,0.0,0.0,0.0,0.0,,1.0,0.0
NC,2021,7,14,2021-04-11,0.0,0.0,1.0,0.0,0.0,,16.0,0.0
NC,2021,8,15,2021-04-18,0.0,0.0,13.0,0.0,0.0,,40.0,0.0
NC,2021,9,16,2021-04-25,0.0,0.0,37.0,0.0,0.0,,62.0,0.0
NC,2021,10,17,2021-05-02,0.0,0.0,60.0,0.0,0.0,,79.0,0.0
NC,2021,11,18,2021-05-09,0.0,0.0,77.0,0.0,0.0,,90.0,0.0
NC,2021,12,19,2021-05-16,0.0,0.0,86.0,0.0,0.0,,95.0,0.0
NC,2021,13,20,2021-05-23,0.0,0.0,92.0,0.0,0.0,,97.0,0.0
NC,2021,14,21,2021-05-30,0.0,0.0,96.0,0.0,0.0,,100.0,0.0
NC,2021,15,22,2021-06-06,0.0,0.0,100.0,0.0,0.0,,100.0,0.0
NC,2021,16,23,2021-06-13,0.0,0.0,100.0,0.0,0.0,,100.0,9.0
NC,2021,17,24,2021-06-20,0.0,0.0,100.0,0.0,0.0,,100.0,30.0
NC,2021,18,25,2021-06-27,0.0,1.0,100.0,0.0,0.0,,100.0,52.0
NC,2021,19,26,2021-07-04,0.0,10.0,100.0,0.0,0.0,,100.0,69.0
NC,2021,20,27,2021-07-11,0.0,22.0,100.0,0.0,0.0,,100.0,84.0
NC,2021,21,28,2021-07-18,11.0,39.0,100.0,0.0,0.0,,100.0,89.0
NC,2021,22,29,2021-07-25,22.0,64.0,100.0,0.0,0.0,,100.0,96.0
NC,2021,23,30,2021-08-01,43.0,81.0,100.0,4.0,9.0,,100.0,98.0
NC,2021,24,31,2021-08-08,61.0,89.0,100.0,20.0,23.0,,100.0,100.0
NC,2021,25,32,2021-08-15,74.0,93.0,100.0,1.0,40.0,,100.0,100.0
NC,2021,26,33,2021-08-22,88.0,97.0,100.0,8.0,55.0,,100.0,100.0
NC,2021,27,34,2021-08-29,94.0,99.0,100.0,19.0,74.0,,100.0,100.0
NC,2021,28,35,2021-09-05,97.0,100.0,100.0,34.0,86.0,,100.0,100.0
NC,2021,29,36,2021-09-12,98.0,100.0,100.0,49.0,92.0,,100.0,100.0
NC,2021,30,37,2021-09-19,100.0,100.0,100.0,66.0,96.0,,100.0,100.0
NC,2021,31,38,2021-09-26,100.0,100.0,100.0,77.0,97.0,,100.0,100.0
NC,2021,32,39,2021-10-03,100.0,100.0,100.0,86.0,99.0,,100.0,100.0
NC,2021,33,40,2021-10-10,100.0,100.0,100.0,91.0,100.0,,100.0,100.0
NC,2021,34,41,2021-10-17,100.0,100.0,100.0,93.0,100.0,,100.0,100.0
NC,2021,35,42,2021-10-24,100.0,100.0,100.0,96.0,100.0,,100.0,100.0
NC,2021,36,43,2021-10-31,100.0,100.0,100.0,97.0,100.0,,100.0,100.0
NC,2021,37,44,2021-11-07,100.0,100.0,100.0,99.0,100.0,,100.0,100.0
NC,2021,38,45,2021-11-14,100.0,100.0,100.0,100.0,100.0,,100.0,100.0
NC,2021,39,46,2021-11-21,100.0,100.0,100.0,100.0,100.0,,100.0,100.0
NC,2022,6,13,2022-04-03,0.0,0.0,0.0,0.0,0.0,,3.0,0.0
NC,2022,7,14,2022-04-10,0.0,0.0,1.0,0.0,0.0,,17.0,0.0
NC,2022,8,15,2022-04-17,0.0,0.0,10.0,0.0,0.0,,39.0,0.0
NC,2022,9,16,2022-04-24,0.0,0.0,32.0,0.0,0.0,,60.0,0.0
NC,2022,10,17,2022-05-01,0.0,0.0,56.0,0.0,0.0,,80.0,0.0
NC,2022,11,18,2022-05-08,0.0,0.0,76.0,0.0,0.0,,91.0,0.0
NC,2022,12,19,2022-05-15,0.0,0.0,89.0,0.0,0.0,,95.0,0.0
NC,2022,13,20,2022-05-22,0.0,0.0,93.0,0.0,0.0,,97.0,0.0
NC,2022,14,21,2022-05-29,0.0,0.0,95.0,0.0,0.0,,99.0,0.0
NC,2022,15,22,2022-06-05,0.0,0.0,98.0,0.0,0.0,,100.0,0.0
NC,2022,16,23,2022-06-12,0.0,0.0,100.0,0.0,0.0,,100.0,7.0
NC,2022,17,24,2022-06-19,0.0,0.0,100.0,0.0,0.0,,100.0,16.0
NC,2022,18,25,2022-06-26,0.0,4.0,100.0,0.0,0.0,,100.0,39.0
NC,2022,19,26,2022-07-03,0.0,10.0,100.0,0.0,0.0,,100.0,54.0
NC,2022,20,27,2022-07-10,1.0,30.0,100.0,0.0,0.0,,100.0,69.0
NC,2022,21,28,2022-07-17,4.0,43.0,100.0,0.0,0.0,,100.0,77.0
NC,2022,22,29,2022-07-24,15.0,56.0,100.0,0.0,0.0,,100.0,85.0
NC,2022,23,30,2022-07-31,32.0,70.0,100.0,2.0,2.0,,100.0,92.0
NC,2022,24,31,2022-08-07,48.0,82.0,100.0,11.0,14.0,,100.0,96.0
NC,2022,25,32,2022-08-14,63.0,87.0,100.0,2.0,29.0,,100.0,100.0
NC,2022,26,33,2022-08-21,78.0,91.0,100.0,7.0,46.0,,100.0,100.0
NC,2022,27,34,2022-08-28,86.0,96.0,100.0,19.0,62.0,,100.0,100.0
NC,2022,28,35,2022-09-04,92.0,98.0,100.0,32.0,78.0,,100.0,100.0
NC,2022,29,36,2022-09-11,95.0,100.0,100.0,46.0,86.0,,100.0,100.0
NC,2022,30,37,2022-09-18,98.0,100.0,100.0,62.0,90.0,,100.0,100.0
NC,2022,31,38,2022-09-25,100.0,100.0,100.0,74.0,94.0,,100.0,100.0
NC,2022,32,39,2022-10-02,100.0,100.0,100.0,81.0,98.0,,100.0,100.0
NC,2022,33,40,2022-10-09,100.0,100.0,100.0,88.0,100.0,,100.0,100.0
NC,2022,34,41,2022-10-16,100.0,100.0,100.0,91.0,100.0,,100.0,100.0
NC,2022,35,42,2022-10-23,100.0,100.0,100.0,94.0,100.0,,100.0,100.0
NC,2022,36,43,2022-10-30,100.0,100.0,100.0,96.0,100.0,,100.0,100.0
NC,2022,37,44,2022-11-06,100.0,100.0,100.0,98.0,100.0,,100.0,100.0
NC,2022,38,45,2022-11-13,100.0,100.0,100.0,100.0,100.0,,100.0,100.0
NC,2022,39,46,2022-11-20,100.0,100.0,100.0,100.0,100.0,,100.0,100.0
NC,2023,6,13,2023-04-02,0.0,0.0,0.0,0.0,0.0,,1.0,0.0
NC,2023,7,14,2023-04-09,0.0,0.0,1.0,0.0,0.0,,12.0,0.0
NC,2023,8,15,2023-04-16,0.0,0.0,10.0,0.0,0.0,,28.0,0.0
NC,2023,9,16,2023-04-23,0.0,0.0,25.0,0.0,0.0,,52.0,0.0
NC,2023,10,17,2023-04-30,0.0,0.0,48.0,0.0,0.0,,70.0,0.0
NC,2023,11,18,2023-05-07,0.0,0.0,65.0,0.0,0.0,,85.0,0.0
NC,2023,12,19,2023-05-14,0.0,0.0,83.0,0.0,0.0,,95.0,0.0
NC,2023,13,20,2023-05-21,0.0,0.0,90.0,0.0,0.0,,97.0,0.0
NC,2023,14,21,2023-05-28,0.0,0.0,95.0,0.0,0.0,,99.0,0.0
NC,2023,15,22,2023-06-04,0.0,0.0,97.0,0.0,0.0,,100.0,0.0
NC,2023,16,23,2023-06-11,0.0,0.0,99.0,0.0,0.0,,100.0,3.0
NC,2023,17,24,2023-06-18,0.0,0.0,100.0,0.0,0.0,,100.0,12.0
NC,2023,18,25,2023-06-25,0.0,4.0,100.0,0.0,0.0,,100.0,32.0
NC,2023,19,26,2023-07-02,0.0,10.0,100.0,0.0,0.0,,100.0,55.0
NC,2023,20,27,2023-07-09,1.0,25.0,100.0,0.0,0.0,,100.0,74.0
NC,2023,21,28,2023-07-16,11.0,35.0,100.0,0.0,0.0,,100.0,85.0
NC,2023,22,29,2023-07-23,15.0,46.0,100.0,0.0,0.0,,100.0,89.0
NC,2023,23,30,2023-07-30,23.0,59.0,100.0,1.0,1.0,,100.0,92.0
NC,2023,24,31,2023-08-06,38.0,76.0,100.0,6.0,11.0,,100.0,96.0
NC,2023,25,32,2023-08-13,59.0,86.0,100.0,13.0,30.0,,100.0,99.0
NC,2023,26,33,2023-08-20,76.0,93.0,100.0,4.0,46.0,,100.0,99.0
NC,2023,27,34,2023-08-27,89.0,96.0,100.0,14.0,68.0,,100.0,99.0
NC,2023,28,35,2023-09-03,94.0,98.0,100.0,30.0,81.0,,100.0,99.0
NC,2023,29,36,2023-09-10,95.0,100.0,100.0,49.0,89.0,,100.0,99.0
NC,2023,30,37,2023-09-17,98.0,100.0,100.0,65.0,92.0,,100.0,99.0
NC,2023,31,38,2023-09-24,100.0,100.0,100.0,78.0,93.0,,100.0,99.0
NC,2023,32,39,2023-10-01,100.0,100.0,100.0,86.0,96.0,,100.0,99.0
NC,2023,33,40,2023-10-08,100.0,100.0,100.0,92.0,100.0,,100.0,99.0
NC,2023,34,41,2023-10-15,100.0,100.0,100.0,94.0,100.0,,100.0,99.0
NC,2023,35,42,2023-10-22,100.0,100.0,100.0,96.0,100.0,,100.0,99.0
NC,2023,36,43,2023-10-29,100.0,100.0,100.0,97.0,100.0,,100.0,99.0
NC,2023,37,44,2023-11-05,100.0,100.0,100.0,98.0,100.0,,100.0,99.0
NC,2023,38,45,2023-11-12,100.0,100.0,100.0,100.0,100.0,,100.0,99.0
NC,2023,39,46,2023-11-19,100.0,100.0,100.0,100.0,100.0,,100.0,99.0
NC,2023,40,47,2023-11-26,100.0,100.0,100.0,100.0,100.0,,100.0,99.0
NC,2024,6,13,2024-03-31,0.0,0.0,0.0,0.0,0.0,,0.0,0.0
NC,2024,7,14,2024-04-07,0.0,0.0,0.0,0.0,0.0,,8.0,0.0
NC,2024,8,15,2024-04-14,0.0,0.0,7.0,0.0,0.0,,27.0,0.0
NC,2024,9,16,2024-04-21,0.0,0.0,26.0,0.0,0.0,,51.0,0.0
NC,2024,10,17,2024-04-28,0.0,0.0,46.0,0.0,0.0,,70.0,0.0
NC,2024,11,18,2024-05-05,0.0,0.0,66.0,0.0,0.0,,86.0,0.0
NC,2024,12,19,2024-05-12,0.0,0.0,81.0,0.0,0.0,,95.0,0.0
NC,2024,13,20,2024-05-19,0.0,0.0,90.0,0.0,0.0,,98.0,0.0
NC,2024,14,21,2024-05-26,0.0,0.0,91.0,0.0,0.0,,100.0,0.0
NC,2024,15,22,2024-06-02,0.0,0.0,97.0,0.0,0.0,,100.0,1.0
NC,2024,16,23,2024-06-09,0.0,0.0,98.0,0.0,0.0,,100.0,6.0
NC,2024,17,24,2024-06-16,0.0,0.0,100.0,0.0,0.0,,100.0,23.0
NC,2024,18,25,2024-06-23,0.0,3.0,100.0,0.0,0.0,,100.0,43.0
NC,2024,19,26,2024-06-30,0.0,11.0,100.0,0.0,0.0,,100.0,63.0
NC,2024,20,27,2024-07-07,1.0,26.0,100.0,0.0,0.0,,100.0,79.0
NC,2024,21,28,2024-07-14,7.0,43.0,100.0,0.0,0.0,,100.0,85.0
NC,2024,22,29,2024-07-21,17.0,58.0,100.0,0.0,0.0,,100.0,91.0
NC,2024,23,30,2024-07-28,39.0,74.0,100.0,14.0,6.0,,100.0,95.0
NC,2024,24,31,2024-08-04,55.0,83.0,100.0,33.0,11.0,,100.0,99.0
NC,2024,25,32,2024-08-11,70.0,89.0,100.0,0.0,22.0,,100.0,100.0
NC,2024,26,33,2024-08-18,80.0,92.0,100.0,1.0,40.0,,100.0,100.0
NC,2024,27,34,2024-08-25,88.0,96.0,100.0,10.0,59.0,,100.0,100.0
NC,2024,28,35,2024-09-01,93.0,98.0,100.0,18.0,75.0,,100.0,100.0
NC,2024,29,36,2024-09-08,95.0,100.0,100.0,33.0,83.0,,100.0,100.0
NC,2024,30,37,2024-09-15,97.0,100.0,100.0,47.0,86.0,,100.0,100.0
NC,2024,31,38,2024-09-22,99.0,100.0,100.0,64.0,91.0,,100.0,100.0
NC,2024,32,39,2024-09-29,100.0,100.0,100.0,72.0,95.0,,100.0,100.0
NC,2024,33,40,2024-10-06,100.0,100.0,100.0,80.0,99.0,,100.0,100.0
NC,2024,34,41,2024-10-13,100.0,100.0,100.0,88.0,100.0,,100.0,100.0
NC,2024,35,42,2024-10-20,100.0,100.0,100.0,94.0,100.0,,100.0,100.0
NC,2024,36,43,2024-10-27,100.0,100.0,100.0,97.0,100.0,,100.0,100.0
NC,2024,37,44,2024-11-03,100.0,100.0,100.0,99.0,100.0,,100.0,100.0
NC,2024,38,45,2024-11-10,100.0,100.0,100.0,100.0,100.0,,100.0,100.0
NC,2025,7,14,2025-04-06,0.0,0.0,0.0,0.0,0.0,,6.0,0.0
NC,2025,8,15,2025-04-13,0.0,0.0,4.0,0.0,0.0,,19.0,0.0
NC,2025,9,16,2025-04-20,0.0,0.0,21.0,0.0,0.0,,42.0,0.0
NC,2025,10,17,2025-04-27,0.0,0.0,39.0,0.0,0.0,,60.0,0.0
NC,2025,11,18,2025-05-04,0.0,0.0,57.0,0.0,0.0,,73.0,0.0
NC,2025,12,19,2025-05-11,0.0,0.0,75.0,0.0,0.0,,86.0,0.0
NC,2025,13,20,2025-05-18,0.0,0.0,88.0,0.0,0.0,,92.0,0.0
NC,2025,14,21,2025-05-25,0.0,0.0,93.0,0.0,0.0,,96.0,0.0
NC,2025,15,22,2025-06-01,0.0,0.0,95.0,0.0,0.0,,99.0,1.0
NC,2025,16,23,2025-06-08,0.0,0.0,97.0,0.0,0.0,,100.0,13.0
NC,2025,17,24,2025-06-15,0.0,0.0,100.0,0.0,0.0,,100.0,28.0
NC,2025,18,25,2025-06-22,0.0,6.0,100.0,0.0,0.0,,100.0,48.0
NC,2025,19,26,2025-06-29,0.0,18.0,100.0,0.0,0.0,,100.0,67.0
NC,2025,20,27,2025-07-06,9.0,37.0,100.0,0.0,0.0,,100.0,82.0
NC,2025,21,28,2025-07-13,22.0,50.0,100.0,0.0,0.0,,100.0,89.0
NC,2025,22,29,2025-07-20,37.0,71.0,100.0,2.0,1.0,,100.0,95.0
NC,2025,23,30,2025-07-27,58.0,81.0,100.0,3.0,10.0,,100.0,96.0
NC,2025,24,31,2025-08-03,71.0,87.0,100.0,4.0,21.0,,100.0,97.0
NC,2025,25,32,2025-08-10,83.0,90.0,100.0,1.0,36.0,,100.0,99.0
NC,2025,26,33,2025-08-17,88.0,92.0,100.0,7.0,52.0,,100.0,100.0
NC,2025,27,34,2025-08-24,89.0,93.0,100.0,17.0,62.0,,100.0,100.0
NC,2025,28,35,2025-08-31,93.0,96.0,100.0,29.0,78.0,,100.0,100.0
NC,2025,29,36,2025-09-07,95.0,100.0,100.0,44.0,83.0,,100.0,100.0
NC,2025,30,37,2025-09-14,97.0,100.0,100.0,59.0,86.0,,100.0,100.0
NC,2025,31,38,2025-09-21,99.0,100.0,100.0,74.0,90.0,,100.0,100.0
NC,2025,32,39,2025-09-28,100.0,100.0,100.0,82.0,92.0,,100.0,100.0
NC,2025,39,46,2025-11-16,100.0,100.0,100.0,95.0,92.0,,100.0,100.0
NC,2025,40,47,2025-11-23,100.0,100.0,100.0,98.0,92.0,,100.0,100.0
ND,2016,7,14,2016-04-10,0.0,0.0,0.0,0.0,0.0,,0.0,0.0
ND,2016,8,15,2016-04-17,0.0,0.0,0.0,0.0,0.0,,1.0,0.0
ND,2016,9,16,2016-04-24,0.0,0.0,0.0,0.0,0.0,,6.0,0.0
ND,2016,10,17,2016-05-01,0.0,0.0,1.0,0.0,0.0,,16.0,0.0
ND,2016,11,18,2016-05-08,0.0,0.0,4.0,0.0,0.0,,51.0,0.0
ND,2016,12,19,2016-05-15,0.0,0.0,22.0,0.0,0.0,,76.0,0.0
ND,2016,13,20,2016-05-22,0.0,0.0,49.0,0.0,0.0,,91.0,0.0
ND,2016,14,21,2016-05-29,0.0,0.0,76.0,0.0,0.0,,96.0,0.0
ND,2016,15,22,2016-06-05,0.0,0.0,88.0,0.0,0.0,,98.0,0.0
ND,2016,16,23,2016-06-12,0.0,0.0,97.0,0.0,0.0,,98.0,0.0
ND,2016,17,24,2016-06-19,0.0,0.0,97.0,0.0,0.0,,98.0,2.0
ND,2016,18,25,2016-06-26,0.0,0.0,97.0,0.0,0.0,,98.0,13.0
ND,2016,19,26,2016-07-03,0.0,0.0,97.0,0.0,0.0,,98.0,15.0
ND,2016,20,27,2016-07-10,0.0,0.0,97.0,0.0,0.0,,98.0,17.0
ND,2016,21,28,2016-07-17,0.0,0.0,97.0,0.0,0.0,,98.0,25.0
ND,2016,22,29,2016-07-24,0.0,0.0,97.0,0.0,0.0,,98.0,45.0
ND,2016,23,30,2016-07-31,0.0,2.0,97.0,0.0,0.0,,98.0,70.0
ND,2016,24,31,2016-08-07,2.0,22.0,97.0,0.0,0.0,,98.0,89.0
ND,2016,25,32,2016-08-14,6.0,49.0,97.0,0.0,0.0,,98.0,92.0
ND,2016,26,33,2016-08-21,19.0,71.0,97.0,0.0,0.0,,98.0,96.0
ND,2016,27,34,2016-08-28,41.0,84.0,97.0,0.0,1.0,,98.0,99.0
ND,2016,28,35,2016-09-04,64.0,94.0,97.0,0.0,8.0,,98.0,99.0
ND,2016,29,36,2016-09-11,77.0,97.0,97.0,1.0,23.0,,98.0,99.0
ND,2016,30,37,2016-09-18,88.0,97.0,97.0,2.0,40.0,,98.0,99.0
ND,2016,31,38,2016-09-25,95.0,97.0,97.0,3.0,59.0,,98.0,99.0
ND,2016,32,39,2016-10-02,95.0,97.0,97.0,6.0,77.0,,98.0,99.0
ND,2016,33,40,2016-10-09,95.0,97.0,97.0,10.0,90.0,,98.0,99.0
ND,2016,34,41,2016-10-16,95.0,97.0,97.0,21.0,94.0,,98.0,99.0
ND,2016,35,42,2016-10-23,95.0,97.0,97.0,39.0,98.0,,98.0,99.0
ND,2016,36,43,2016-10-30,95.0,97.0,97.0,52.0,98.0,,98.0,99.0
ND,2016,37,44,2016-11-06,95.0,97.0,97.0,71.0,98.0,,98.0,99.0
ND,2016,38,45,2016-11-13,95.0,97.0,97.0,85.0,98.0,,98.0,99.0
ND,2016,39,46,2016-11-20,95.0,97.0,97.0,93.0,98.0,,98.0,99.0
ND,2016,40,47,2016-11-27,95.0,97.0,97.0,97.0,98.0,,98.0,99.0
ND,2017,7,14,2017-04-09,0.0,0.0,0.0,0.0,0.0,,0.0,0.0
ND,2017,8,15,2017-04-16,0.0,0.0,0.0,0.0,0.0,,0.0,0.0
ND,2017,9,16,2017-04-23,0.0,0.0,0.0,0.0,0.0,,1.0,0.0
ND,2017,10,17,2017-04-30,0.0,0.0,0.0,0.0,0.0,,3.0,0.0
ND,2017,11,18,2017-05-07,0.0,0.0,0.0,0.0,0.0,,23.0,0.0
ND,2017,12,19,2017-05-14,0.0,0.0,8.0,0.0,0.0,,58.0,0.0
ND,2017,13,20,2017-05-21,0.0,0.0,38.0,0.0,0.0,,82.0,0.0
ND,2017,14,21,2017-05-28,0.0,0.0,66.0,0.0,0.0,,94.0,0.0
ND,2017,15,22,2017-06-04,0.0,0.0,86.0,0.0,0.0,,99.0,0.0
ND,2017,16,23,2017-06-11,0.0,0.0,94.0,0.0,0.0,,100.0,0.0
ND,2017,17,24,2017-06-18,0.0,0.0,98.0,0.0,0.0,,100.0,0.0
ND,2017,18,25,2017-06-25,0.0,0.0,98.0,0.0,0.0,,100.0,0.0
ND,2017,19,26,2017-07-02,0.0,0.0,98.0,0.0,0.0,,100.0,2.0
ND,2017,20,27,2017-07-09,0.0,0.0,98.0,0.0,0.0,,100.0,4.0
ND,2017,21,28,2017-07-16,0.0,0.0,98.0,0.0,0.0,,100.0,11.0
ND,2017,22,29,2017-07-23,0.0,0.0,98.0,0.0,0.0,,100.0,29.0
ND,2017,23,30,2017-07-30,0.0,3.0,98.0,0.0,0.0,,100.0,63.0
ND,2017,24,31,2017-08-06,0.0,20.0,98.0,0.0,0.0,,100.0,85.0
ND,2017,25,32,2017-08-13,1.0,37.0,98.0,0.0,0.0,,100.0,94.0
ND,2017,26,33,2017-08-20,6.0,50.0,98.0,0.0,0.0,,100.0,98.0
ND,2017,27,34,2017-08-27,18.0,73.0,98.0,0.0,1.0,,100.0,98.0
ND,2017,28,35,2017-09-03,31.0,87.0,98.0,0.0,3.0,,100.0,98.0
ND,2017,29,36,2017-09-10,56.0,94.0,98.0,0.0,4.0,,100.0,98.0
ND,2017,30,37,2017-09-17,77.0,98.0,98.0,0.0,17.0,,100.0,98.0
ND,2017,31,38,2017-09-24,88.0,98.0,98.0,1.0,30.0,,100.0,98.0
ND,2017,32,39,2017-10-01,93.0,98.0,98.0,2.0,47.0,,100.0,98.0
ND,2017,33,40,2017-10-08,97.0,98.0,98.0,4.0,62.0,,100.0,98.0
ND,2017,34,41,2017-10-15,97.0,98.0,98.0,8.0,80.0,,100.0,98.0
ND,2017,35,42,2017-10-22,97.0,98.0,98.0,17.0,93.0,,100.0,98.0
ND,2017,36,43,2017-10-29,97.0,98.0,98.0,37.0,97.0,,100.0,98.0
ND,2017,37,44,2017-11-05,97.0,98.0,98.0,59.0,97.0,,100.0,98.0
ND,2017,38,45,2017-11-12,97.0,98.0,98.0,76.0,97.0,,100.0,98.0
ND,2017,39,46,2017-11-19,97.0,98.0,98.0,86.0,97.0,,100.0,98.0
ND,2017,40,47,2017-11-26,97.0,98.0,98.0,94.0,97.0,,100.0,98.0
ND,2018,7,14,2018-04-08,0.0,0.0,0.0,0.0,0.0,,0.0,0.0
ND,2018,8,15,2018-04-15,0.0,0.0,0.0,0.0,0.0,,0.0,0.0
ND,2018,9,16,2018-04-22,0.0,0.0,0.0,0.0,0.0,,0.0,0.0
ND,2018,10,17,2018-04-29,0.0,0.0,0.0,0.0,0.0,,0.0,0.0
ND,2018,11,18,2018-05-06,0.0,0.0,0.0,0.0,0.0,,7.0,0.0
ND,2018,12,19,2018-05-13,0.0,0.0,1.0,0.0,0.0,,35.0,0.0
ND,2018,13,20,2018-05-20,0.0,0.0,8.0,0.0,0.0,,62.0,0.0
ND,2018,14,21,2018-05-27,0.0,0.0,34.0,0.0,0.0,,87.0,0.0
ND,2018,15,22,2018-06-03,0.0,0.0,66.0,0.0,0.0,,95.0,0.0
ND,2018,16,23,2018-06-10,0.0,0.0,89.0,0.0,0.0,,95.0,0.0
ND,2018,17,24,2018-06-17,0.0,0.0,96.0,0.0,0.0,,95.0,0.0
ND,2018,18,25,2018-06-24,0.0,0.0,96.0,0.0,0.0,,95.0,0.0
ND,2018,19,26,2018-07-01,0.0,0.0,96.0,0.0,0.0,,95.0,0.0
ND,2018,20,27,2018-07-08,0.0,0.0,96.0,0.0,0.0,,95.0,6.0
ND,2018,21,28,2018-07-15,0.0,0.0,96.0,0.0,0.0,,95.0,33.0
ND,2018,22,29,2018-07-22,0.0,0.0,96.0,0.0,0.0,,95.0,63.0
ND,2018,23,30,2018-07-29,0.0,11.0,96.0,0.0,0.0,,95.0,86.0
ND,2018,24,31,2018-08-05,0.0,32.0,96.0,0.0,0.0,,95.0,95.0
ND,2018,25,32,2018-08-12,6.0,63.0,96.0,0.0,0.0,,95.0,95.0
ND,2018,26,33,2018-08-19,29.0,84.0,96.0,0.0,1.0,,95.0,95.0
ND,2018,27,34,2018-08-26,47.0,92.0,96.0,0.0,3.0,,95.0,95.0
ND,2018,28,35,2018-09-02,70.0,96.0,96.0,0.0,11.0,,95.0,95.0
ND,2018,29,36,2018-09-09,84.0,96.0,96.0,0.0,26.0,,95.0,95.0
ND,2018,30,37,2018-09-16,92.0,96.0,96.0,1.0,46.0,,95.0,95.0
ND,2018,31,38,2018-09-23,96.0,96.0,96.0,4.0,65.0,,95.0,95.0
ND,2018,32,39,2018-09-30,96.0,96.0,96.0,6.0,85.0,,95.0,95.0
ND,2018,33,40,2018-10-07,96.0,96.0,96.0,8.0,93.0,,95.0,95.0
ND,2018,34,41,2018-10-14,96.0,96.0,96.0,12.0,96.0,,95.0,95.0
ND,2018,35,42,2018-10-21,96.0,96.0,96.0,21.0,96.0,,95.0,95.0
ND,2018,36,43,2018-10-28,96.0,96.0,96.0,36.0,96.0,,95.0,95.0
ND,2018,37,44,2018-11-04,96.0,96.0,96.0,49.0,96.0,,95.0,95.0
ND,2018,38,45,2018-11-11,96.0,96.0,96.0,62.0,96.0,,95.0,95.0
ND,2018,39,46,2018-11-18,96.0,96.0,96.0,71.0,96.0,,95.0,95.0
ND,2018,40,47,2018-11-25,96.0,96.0,96.0,80.0,96.0,,95.0,95.0
ND,2019,7,14,2019-04-07,0.0,0.0,0.0,0.0,0.0,,0.0,0.0
ND,2019,8,15,2019-04-14,0.0,0.0,0.0,0.0,0.0,,0.0,0.0
ND,2019,9,16,2019-04-21,0.0,0.0,0.0,0.0,0.0,,0.0,0.0
ND,2019,10,17,2019-04-28,0.0,0.0,0.0,0.0,0.0,,1.0,0.0
ND,2019,11,18,2019-05-05,0.0,0.0,0.0,0.0,0.0,,3.0,0.0
ND,2019,12,19,2019-05-12,0.0,0.0,0.0,0.0,0.0,,11.0,0.0
ND,2019,13,20,2019-05-19,0.0,0.0,1.0,0.0,0.0,,42.0,0.0
ND,2019,14,21,2019-05-26,0.0,0.0,8.0,0.0,0.0,,63.0,0.0
ND,2019,15,22,2019-06-02,0.0,0.0,27.0,0.0,0.0,,81.0,0.0
ND,2019,16,23,2019-06-09,0.0,0.0,63.0,0.0,0.0,,93.0,0.0
ND,2019,17,24,2019-06-16,0.0,0.0,86.0,0.0,0.0,,98.0,0.0
ND,2019,18,25,2019-06-23,0.0,0.0,95.0,0.0,0.0,,99.0,0.0
ND,2019,19,26,2019-06-30,0.0,0.0,98.0,0.0,0.0,,99.0,0.0
ND,2019,20,27,2019-07-07,0.0,0.0,100.0,0.0,0.0,,99.0,0.0
ND,2019,21,28,2019-07-14,0.0,0.0,100.0,0.0,0.0,,99.0,1.0
ND,2019,22,29,2019-07-21,0.0,0.0,100.0,0.0,0.0,,99.0,10.0
ND,2019,23,30,2019-07-28,0.0,0.0,100.0,0.0,0.0,,99.0,38.0
ND,2019,24,31,2019-08-04,0.0,1.0,100.0,0.0,0.0,,99.0,70.0
ND,2019,25,32,2019-08-11,0.0,7.0,100.0,0.0,0.0,,99.0,89.0
ND,2019,26,33,2019-08-18,0.0,18.0,100.0,0.0,0.0,,99.0,94.0
ND,2019,27,34,2019-08-25,5.0,47.0,100.0,0.0,0.0,,99.0,98.0
ND,2019,28,35,2019-09-01,8.0,72.0,100.0,0.0,0.0,,99.0,98.0
ND,2019,29,36,2019-09-08,25.0,87.0,100.0,0.0,1.0,,99.0,98.0
ND,2019,30,37,2019-09-15,38.0,92.0,100.0,0.0,3.0,,99.0,98.0
ND,2019,31,38,2019-09-22,59.0,97.0,100.0,0.0,5.0,,99.0,98.0
ND,2019,32,39,2019-09-29,75.0,97.0,100.0,0.0,15.0,,99.0,98.0
ND,2019,33,40,2019-10-06,84.0,97.0,100.0,0.0,22.0,,99.0,98.0
ND,2019,34,41,2019-10-13,92.0,97.0,100.0,1.0,42.0,,99.0,98.0
ND,2019,35,42,2019-10-20,95.0,97.0,100.0,4.0,65.0,,99.0,98.0
ND,2019,36,43,2019-10-27,95.0,97.0,100.0,6.0,77.0,,99.0,98.0
ND,2019,37,44,2019-11-03,95.0,97.0,100.0,10.0,95.0,,99.0,98.0
ND,2019,38,45,2019-11-10,95.0,97.0,100.0,15.0,95.0,,99.0,98.0
ND,2019,39,46,2019-11-17,95.0,97.0,100.0,23.0,95.0,,99.0,98.0
ND,2019,40,47,2019-11-24,95.0,97.0,100.0,30.0,95.0,,99.0,98.0
ND,2019,41,48,2019-12-01,95.0,97.0,100.0,36.0,95.0,,99.0,98.0
ND,2020,6,13,2020-03-29,0.0,0.0,0.0,75.0,0.0,,0.0,0.0
ND,2020,7,14,2020-04-05,0.0,0.0,0.0,81.0,0.0,,0.0,0.0
ND,2020,8,15,2020-04-12,0.0,0.0,0.0,83.0,0.0,,0.0,0.0
ND,2020,9,16,2020-04-19,0.0,0.0,0.0,86.0,0.0,,0.0,0.0
ND,2020,10,17,2020-04-26,0.0,0.0,0.0,89.0,0.0,,0.0,0.0
ND,2020,11,18,2020-05-03,0.0,0.0,0.0,89.0,0.0,,4.0,0.0
ND,2020,12,19,2020-05-10,0.0,0.0,0.0,89.0,0.0,,7.0,0.0
ND,2020,13,20,2020-05-17,0.0,0.0,1.0,89.0,0.0,,20.0,0.0
ND,2020,14,21,2020-05-24,0.0,0.0,12.0,89.0,0.0,,54.0,0.0
ND,2020,15,22,2020-05-31,0.0,0.0,26.0,89.0,0.0,,75.0,0.0
ND,2020,16,23,2020-06-07,0.0,0.0,52.0,89.0,0.0,,87.0,0.0
ND,2020,17,24,2020-06-14,0.0,0.0,74.0,89.0,0.0,,94.0,0.0
ND,2020,18,25,2020-06-21,0.0,0.0,87.0,89.0,0.0,,97.0,0.0
ND,2020,19,26,2020-06-28,0.0,0.0,92.0,89.0,0.0,,97.0,0.0
ND,2020,20,27,2020-07-05,0.0,0.0,96.0,89.0,0.0,,97.0,0.0
ND,2020,21,28,2020-07-12,0.0,0.0,96.0,89.0,0.0,,97.0,1.0
ND,2020,22,29,2020-07-19,0.0,0.0,96.0,89.0,0.0,,97.0,18.0
ND,2020,23,30,2020-07-26,0.0,2.0,96.0,89.0,0.0,,97.0,56.0
ND,2020,24,31,2020-08-02,0.0,7.0,96.0,89.0,0.0,,97.0,80.0
ND,2020,25,32,2020-08-09,0.0,20.0,96.0,89.0,0.0,,97.0,92.0
ND,2020,26,33,2020-08-16,1.0,38.0,96.0,89.0,0.0,,97.0,96.0
ND,2020,27,34,2020-08-23,8.0,62.0,96.0,89.0,0.0,,97.0,96.0
ND,2020,28,35,2020-08-30,26.0,79.0,96.0,89.0,0.0,,97.0,96.0
ND,2020,29,36,2020-09-06,52.0,95.0,96.0,89.0,6.0,,97.0,96.0
ND,2020,30,37,2020-09-13,68.0,95.0,96.0,0.0,18.0,,97.0,96.0
ND,2020,31,38,2020-09-20,81.0,95.0,96.0,3.0,39.0,,97.0,96.0
ND,2020,32,39,2020-09-27,90.0,95.0,96.0,4.0,58.0,,97.0,96.0
ND,2020,33,40,2020-10-04,95.0,95.0,96.0,11.0,78.0,,97.0,96.0
ND,2020,34,41,2020-10-11,95.0,95.0,96.0,25.0,93.0,,97.0,96.0
ND,2020,35,42,2020-10-18,95.0,95.0,96.0,55.0,97.0,,97.0,96.0
ND,2020,36,43,2020-10-25,95.0,95.0,96.0,73.0,97.0,,97.0,96.0
ND,2020,37,44,2020-11-01,95.0,95.0,96.0,84.0,97.0,,97.0,96.0
ND,2020,38,45,2020-11-08,95.0,95.0,96.0,93.0,97.0,,97.0,96.0
ND,2020,39,46,2020-11-15,95.0,95.0,96.0,97.0,97.0,,97.0,96.0
ND,2021,6,13,2021-04-04,0.0,0.0,0.0,0.0,0.0,,0.0,0.0
ND,2021,7,14,2021-04-11,0.0,0.0,0.0,0.0,0.0,,2.0,0.0
ND,2021,8,15,2021-04-18,0.0,0.0,0.0,0.0,0.0,,3.0,0.0
ND,2021,9,16,2021-04-25,0.0,0.0,0.0,0.0,0.0,,3.0,0.0
ND,2021,10,17,2021-05-02,0.0,0.0,0.0,0.0,0.0,,14.0,0.0
ND,2021,11,18,2021-05-09,0.0,0.0,0.0,0.0,0.0,,36.0,0.0
ND,2021,12,19,2021-05-16,0.0,0.0,8.0,0.0,0.0,,63.0,0.0
ND,2021,13,20,2021-05-23,0.0,0.0,41.0,0.0,0.0,,84.0,0.0
ND,2021,14,21,2021-05-30,0.0,0.0,63.0,0.0,0.0,,93.0,0.0
ND,2021,15,22,2021-06-06,0.0,0.0,73.0,0.0,0.0,,97.0,0.0
ND,2021,16,23,2021-06-13,0.0,0.0,90.0,0.0,0.0,,97.0,0.0
ND,2021,17,24,2021-06-20,0.0,0.0,96.0,0.0,0.0,,97.0,0.0
ND,2021,18,25,2021-06-27,0.0,0.0,96.0,0.0,0.0,,97.0,0.0
ND,2021,19,26,2021-07-04,0.0,0.0,96.0,0.0,0.0,,97.0,0.0
ND,2021,20,27,2021-07-11,0.0,0.0,96.0,0.0,0.0,,97.0,8.0
ND,2021,21,28,2021-07-18,0.0,0.0,96.0,0.0,0.0,,97.0,22.0
ND,2021,22,29,2021-07-25,0.0,0.0,96.0,0.0,0.0,,97.0,52.0
ND,2021,23,30,2021-08-01,0.0,8.0,96.0,0.0,0.0,,97.0,69.0
ND,2021,24,31,2021-08-08,0.0,20.0,96.0,0.0,0.0,,97.0,86.0
ND,2021,25,32,2021-08-15,3.0,46.0,96.0,0.0,0.0,,97.0,95.0
ND,2021,26,33,2021-08-22,23.0,75.0,96.0,0.0,2.0,,97.0,95.0
ND,2021,27,34,2021-08-29,45.0,89.0,96.0,0.0,5.0,,97.0,95.0
ND,2021,28,35,2021-09-05,63.0,94.0,96.0,0.0,12.0,,97.0,95.0
ND,2021,29,36,2021-09-12,77.0,98.0,96.0,0.0,22.0,,97.0,95.0
ND,2021,30,37,2021-09-19,90.0,98.0,96.0,3.0,43.0,,97.0,95.0
ND,2021,31,38,2021-09-26,96.0,98.0,96.0,9.0,65.0,,97.0,95.0
ND,2021,32,39,2021-10-03,99.0,98.0,96.0,18.0,82.0,,97.0,95.0
ND,2021,33,40,2021-10-10,100.0,98.0,96.0,29.0,93.0,,97.0,95.0
ND,2021,34,41,2021-10-17,100.0,98.0,96.0,42.0,97.0,,97.0,95.0
ND,2021,35,42,2021-10-24,100.0,98.0,96.0,55.0,100.0,,97.0,95.0
ND,2021,36,43,2021-10-31,100.0,98.0,96.0,69.0,100.0,,97.0,95.0
ND,2021,37,44,2021-11-07,100.0,98.0,96.0,82.0,100.0,,97.0,95.0
ND,2021,38,45,2021-11-14,100.0,98.0,96.0,90.0,100.0,,97.0,95.0
ND,2021,39,46,2021-11-21,100.0,98.0,96.0,95.0,100.0,,97.0,95.0
ND,2021,40,47,2021-11-28,100.0,98.0,96.0,98.0,100.0,,97.0,95.0
ND,2022,6,13,2022-04-03,0.0,0.0,0.0,0.0,0.0,,0.0,0.0
ND,2022,7,14,2022-04-10,0.0,0.0,0.0,0.0,0.0,,0.0,0.0
ND,2022,8,15,2022-04-17,0.0,0.0,0.0,0.0,0.0,,0.0,0.0
ND,2022,9,16,2022-04-24,0.0,0.0,0.0,0.0,0.0,,0.0,0.0
ND,2022,10,17,2022-05-01,0.0,0.0,0.0,0.0,0.0,,0.0,0.0
ND,2022,11,18,2022-05-08,0.0,0.0,0.0,0.0,0.0,,1.0,0.0
ND,2022,12,19,2022-05-15,0.0,0.0,0.0,0.0,0.0,,4.0,0.0
ND,2022,13,20,2022-05-22,0.0,0.0,1.0,0.0,0.0,,20.0,0.0
ND,2022,14,21,2022-05-29,0.0,0.0,7.0,0.0,0.0,,56.0,0.0
ND,2022,15,22,2022-06-05,0.0,0.0,22.0,0.0,0.0,,81.0,0.0
ND,2022,16,23,2022-06-12,0.0,0.0,50.0,0.0,0.0,,90.0,0.0
ND,2022,17,24,2022-06-19,0.0,0.0,68.0,0.0,0.0,,97.0,0.0
ND,2022,18,25,2022-06-26,0.0,0.0,93.0,0.0,0.0,,97.0,0.0
ND,2022,19,26,2022-07-03,0.0,0.0,97.0,0.0,0.0,,97.0,2.0
ND,2022,20,27,2022-07-10,0.0,0.0,97.0,0.0,0.0,,97.0,10.0
ND,2022,21,28,2022-07-17,0.0,0.0,97.0,0.0,0.0,,97.0,18.0
ND,2022,22,29,2022-07-24,0.0,0.0,97.0,0.0,0.0,,97.0,28.0
ND,2022,23,30,2022-07-31,0.0,7.0,97.0,0.0,0.0,,97.0,59.0
ND,2022,24,31,2022-08-07,0.0,17.0,97.0,0.0,0.0,,97.0,80.0
ND,2022,25,32,2022-08-14,1.0,40.0,97.0,0.0,0.0,,97.0,91.0
ND,2022,26,33,2022-08-21,6.0,61.0,97.0,0.0,0.0,,97.0,95.0
ND,2022,27,34,2022-08-28,18.0,77.0,97.0,0.0,0.0,,97.0,95.0
ND,2022,28,35,2022-09-04,45.0,88.0,97.0,0.0,1.0,,97.0,95.0
ND,2022,29,36,2022-09-11,60.0,92.0,97.0,0.0,12.0,,97.0,95.0
ND,2022,30,37,2022-09-18,76.0,95.0,97.0,0.0,26.0,,97.0,95.0
ND,2022,31,38,2022-09-25,88.0,95.0,97.0,0.0,36.0,,97.0,95.0
ND,2022,32,39,2022-10-02,94.0,95.0,97.0,3.0,66.0,,97.0,95.0
ND,2022,33,40,2022-10-09,97.0,95.0,97.0,12.0,86.0,,97.0,95.0
ND,2022,34,41,2022-10-16,97.0,95.0,97.0,25.0,93.0,,97.0,95.0
ND,2022,35,42,2022-10-23,97.0,95.0,97.0,48.0,97.0,,97.0,95.0
ND,2022,36,43,2022-10-30,97.0,95.0,97.0,74.0,97.0,,97.0,95.0
ND,2022,37,44,2022-11-06,97.0,95.0,97.0,91.0,97.0,,97.0,95.0
ND,2022,38,45,2022-11-13,97.0,95.0,97.0,96.0,97.0,,97.0,95.0
ND,2022,39,46,2022-11-20,97.0,95.0,97.0,98.0,97.0,,97.0,95.0
ND,2023,6,13,2023-04-02,0.0,0.0,0.0,0.0,0.0,,0.0,0.0
ND,2023,7,14,2023-04-09,0.0,0.0,0.0,0.0,0.0,,0.0,0.0
ND,2023,8,15,2023-04-16,0.0,0.0,0.0,0.0,0.0,,0.0,0.0
ND,2023,9,16,2023-04-23,0.0,0.0,0.0,0.0,0.0,,0.0,0.0
ND,2023,10,17,2023-04-30,0.0,0.0,0.0,0.0,0.0,,0.0,0.0
ND,2023,11,18,2023-05-07,0.0,0.0,0.0,0.0,0.0,,1.0,0.0
ND,2023,12,19,2023-05-14,0.0,0.0,0.0,0.0,0.0,,5.0,0.0
ND,2023,13,20,2023-05-21,0.0,0.0,4.0,0.0,0.0,,32.0,0.0
ND,2023,14,21,2023-05-28,0.0,0.0,19.0,0.0,0.0,,72.0,0.0
ND,2023,15,22,2023-06-04,0.0,0.0,47.0,0.0,0.0,,91.0,0.0
ND,2023,16,23,2023-06-11,0.0,0.0,75.0,0.0,0.0,,97.0,0.0
ND,2023,17,24,2023-06-18,0.0,0.0,91.0,0.0,0.0,,97.0,0.0
ND,2023,18,25,2023-06-25,0.0,0.0,98.0,0.0,0.0,,97.0,0.0
ND,2023,19,26,2023-07-02,0.0,0.0,98.0,0.0,0.0,,97.0,3.0
ND,2023,20,27,2023-07-09,0.0,0.0,98.0,0.0,0.0,,97.0,9.0
ND,2023,21,28,2023-07-16,0.0,0.0,98.0,0.0,0.0,,97.0,20.0
ND,2023,22,29,2023-07-23,0.0,2.0,98.0,0.0,0.0,,97.0,45.0
ND,2023,23,30,2023-07-30,0.0,4.0,98.0,0.0,0.0,,97.0,73.0
ND,2023,24,31,2023-08-06,0.0,15.0,98.0,0.0,0.0,,97.0,91.0
ND,2023,25,32,2023-08-13,1.0,35.0,98.0,0.0,0.0,,97.0,96.0
ND,2023,26,33,2023-08-20,9.0,59.0,98.0,0.0,0.0,,97.0,96.0
ND,2023,27,34,2023-08-27,30.0,82.0,98.0,0.0,0.0,,97.0,96.0
ND,2023,28,35,2023-09-03,52.0,89.0,98.0,0.0,1.0,,97.0,96.0
ND,2023,29,36,2023-09-10,67.0,96.0,98.0,0.0,7.0,,97.0,96.0
ND,2023,30,37,2023-09-17,86.0,96.0,98.0,0.0,23.0,,97.0,96.0
ND,2023,31,38,2023-09-24,95.0,96.0,98.0,3.0,51.0,,97.0,96.0
ND,2023,32,39,2023-10-01,95.0,96.0,98.0,8.0,73.0,,97.0,96.0
ND,2023,33,40,2023-10-08,95.0,96.0,98.0,14.0,88.0,,97.0,96.0
ND,2023,34,41,2023-10-15,95.0,96.0,98.0,27.0,96.0,,97.0,96.0
ND,2023,35,42,2023-10-22,95.0,96.0,98.0,45.0,96.0,,97.0,96.0
ND,2023,36,43,2023-10-29,95.0,96.0,98.0,57.0,96.0,,97.0,96.0
ND,2023,37,44,2023-11-05,95.0,96.0,98.0,67.0,96.0,,97.0,96.0
ND,2023,38,45,2023-11-12,95.0,96.0,98.0,76.0,96.0,,97.0,96.0
ND,2023,39,46,2023-11-19,95.0,96.0,98.0,87.0,96.0,,97.0,96.0
ND,2023,40,47,2023-11-26,95.0,96.0,98.0,93.0,96.0,,97.0,96.0
ND,2024,6,13,2024-03-31,0.0,0.0,0.0,0.0,0.0,,0.0,0.0
ND,2024,7,14,2024-04-07,0.0,0.0,0.0,0.0,0.0,,0.0,0.0
ND,2024,8,15,2024-04-14,0.0,0.0,0.0,0.0,0.0,,0.0,0.0
ND,2024,9,16,2024-04-21,0.0,0.0,0.0,0.0,0.0,,0.0,0.0
ND,2024,10,17,2024-04-28,0.0,0.0,0.0,0.0,0.0,,6.0,0.0
ND,2024,11,18,2024-05-05,0.0,0.0,0.0,0.0,0.0,,11.0,0.0
ND,2024,12,19,2024-05-12,0.0,0.0,1.0,0.0,0.0,,22.0,0.0
ND,2024,13,20,2024-05-19,0.0,0.0,13.0,0.0,0.0,,51.0,0.0
ND,2024,14,21,2024-05-26,0.0,0.0,27.0,0.0,0.0,,75.0,0.0
ND,2024,15,22,2024-06-02,0.0,0.0,45.0,0.0,0.0,,86.0,0.0
ND,2024,16,23,2024-06-09,0.0,0.0,69.0,0.0,0.0,,93.0,0.0
ND,2024,17,24,2024-06-16,0.0,0.0,88.0,0.0,0.0,,98.0,0.0
ND,2024,18,25,2024-06-23,0.0,0.0,96.0,0.0,0.0,,98.0,0.0
ND,2024,19,26,2024-06-30,0.0,0.0,96.0,0.0,0.0,,98.0,1.0
ND,2024,20,27,2024-07-07,0.0,0.0,96.0,0.0,0.0,,98.0,3.0
ND,2024,21,28,2024-07-14,0.0,0.0,96.0,0.0,0.0,,98.0,4.0
ND,2024,22,29,2024-07-21,0.0,0.0,96.0,0.0,0.0,,98.0,10.0
ND,2024,23,30,2024-07-28,0.0,1.0,96.0,0.0,0.0,,98.0,40.0
ND,2024,24,31,2024-08-04,0.0,11.0,96.0,0.0,0.0,,98.0,76.0
ND,2024,25,32,2024-08-11,0.0,20.0,96.0,0.0,0.0,,98.0,90.0
ND,2024,26,33,2024-08-18,0.0,33.0,96.0,0.0,0.0,,98.0,96.0
ND,2024,27,34,2024-08-25,5.0,49.0,96.0,0.0,0.0,,98.0,100.0
ND,2024,28,35,2024-09-01,18.0,60.0,96.0,0.0,0.0,,98.0,100.0
ND,2024,29,36,2024-09-08,34.0,73.0,96.0,0.0,3.0,,98.0,100.0
ND,2024,30,37,2024-09-15,59.0,84.0,96.0,0.0,5.0,,98.0,100.0
ND,2024,31,38,2024-09-22,72.0,91.0,96.0,0.0,15.0,,98.0,100.0
ND,2024,32,39,2024-09-29,87.0,95.0,96.0,1.0,39.0,,98.0,100.0
ND,2024,33,40,2024-10-06,95.0,95.0,96.0,8.0,65.0,,98.0,100.0
ND,2024,34,41,2024-10-13,95.0,95.0,96.0,19.0,88.0,,98.0,100.0
ND,2024,35,42,2024-10-20,95.0,95.0,96.0,47.0,95.0,,98.0,100.0
ND,2024,36,43,2024-10-27,95.0,95.0,96.0,71.0,95.0,,98.0,100.0
ND,2024,37,44,2024-11-03,95.0,95.0,96.0,85.0,95.0,,98.0,100.0
ND,2024,38,45,2024-11-10,95.0,95.0,96.0,90.0,95.0,,98.0,100.0
ND,2024,39,46,2024-11-17,95.0,95.0,96.0,95.0,95.0,,98.0,100.0
ND,2025,7,14,2025-04-06,0.0,0.0,0.0,0.0,0.0,,0.0,0.0
ND,2025,8,15,2025-04-13,0.0,0.0,0.0,0.0,0.0,,0.0,0.0
ND,2025,9,16,2025-04-20,0.0,0.0,0.0,0.0,0.0,,0.0,0.0
ND,2025,10,17,2025-04-27,0.0,0.0,0.0,0.0,0.0,,7.0,0.0
ND,2025,11,18,2025-05-04,0.0,0.0,1.0,0.0,0.0,,17.0,0.0
ND,2025,12,19,2025-05-11,0.0,0.0,5.0,0.0,0.0,,41.0,0.0
ND,2025,13,20,2025-05-18,0.0,0.0,25.0,0.0,0.0,,69.0,0.0
ND,2025,14,21,2025-05-25,0.0,0.0,39.0,0.0,0.0,,78.0,0.0
ND,2025,15,22,2025-06-01,0.0,0.0,56.0,0.0,0.0,,89.0,0.0
ND,2025,16,23,2025-06-08,0.0,0.0,76.0,0.0,0.0,,95.0,0.0
ND,2025,17,24,2025-06-15,0.0,0.0,89.0,0.0,0.0,,95.0,0.0
ND,2025,18,25,2025-06-22,0.0,0.0,94.0,0.0,0.0,,95.0,0.0
ND,2025,19,26,2025-06-29,0.0,0.0,99.0,0.0,0.0,,95.0,1.0
ND,2025,20,27,2025-07-06,0.0,0.0,99.0,0.0,0.0,,95.0,4.0
ND,2025,21,28,2025-07-13,0.0,0.0,99.0,0.0,0.0,,95.0,6.0
ND,2025,22,29,2025-07-20,0.0,0.0,99.0,0.0,0.0,,95.0,33.0
ND,2025,23,30,2025-07-27,0.0,3.0,99.0,0.0,0.0,,95.0,54.0
ND,2025,24,31,2025-08-03,1.0,17.0,99.0,0.0,0.0,,95.0,75.0
ND,2025,25,32,2025-08-10,7.0,36.0,99.0,0.0,0.0,,95.0,90.0
ND,2025,26,33,2025-08-17,11.0,45.0,99.0,0.0,0.0,,95.0,95.0
ND,2025,27,34,2025-08-24,16.0,62.0,99.0,0.0,0.0,,95.0,95.0
ND,2025,28,35,2025-08-31,31.0,77.0,99.0,0.0,2.0,,95.0,95.0
ND,2025,29,36,2025-09-07,50.0,90.0,99.0,0.0,8.0,,95.0,95.0
ND,2025,30,37,2025-09-14,62.0,94.0,99.0,0.0,12.0,,95.0,95.0
ND,2025,31,38,2025-09-21,73.0,96.0,99.0,0.0,19.0,,95.0,95.0
ND,2025,32,39,2025-09-28,87.0,96.0,99.0,0.0,41.0,,95.0,95.0
ND,2025,39,46,2025-11-16,87.0,96.0,99.0,80.0,41.0,,95.0,95.0
ND,2025,40,47,2025-11-23,87.0,96.0,99.0,89.0,41.0,,95.0,95.0
NE,2016,7,14,2016-04-10,0.0,0.0,0.0,0.0,0.0,,0.0,0.0
NE,2016,8,15,2016-04-17,0.0,0.0,0.0,0.0,0.0,,7.0,0.0
NE,2016,9,16,2016-04-24,0.0,0.0,1.0,0.0,0.0,,16.0,0.0
NE,2016,10,17,2016-05-01,0.0,0.0,7.0,0.0,0.0,,26.0,0.0
NE,2016,11,18,2016-05-08,0.0,0.0,15.0,0.0,0.0,,53.0,0.0
NE,2016,12,19,2016-05-15,0.0,0.0,30.0,0.0,0.0,,74.0,0.0
NE,2016,13,20,2016-05-22,0.0,0.0,51.0,0.0,0.0,,90.0,0.0
NE,2016,14,21,2016-05-29,0.0,0.0,78.0,0.0,0.0,,96.0,0.0
NE,2016,15,22,2016-06-05,0.0,0.0,90.0,0.0,0.0,,99.0,0.0
NE,2016,16,23,2016-06-12,0.0,0.0,99.0,0.0,0.0,,99.0,0.0
NE,2016,17,24,2016-06-19,0.0,0.0,99.0,0.0,0.0,,99.0,0.0
NE,2016,18,25,2016-06-26,0.0,0.0,99.0,0.0,0.0,,99.0,1.0
NE,2016,19,26,2016-07-03,0.0,0.0,99.0,0.0,0.0,,99.0,10.0
NE,2016,20,27,2016-07-10,0.0,0.0,99.0,0.0,0.0,,99.0,29.0
NE,2016,21,28,2016-07-17,0.0,0.0,99.0,0.0,0.0,,99.0,55.0
NE,2016,22,29,2016-07-24,0.0,13.0,99.0,0.0,0.0,,99.0,82.0
NE,2016,23,30,2016-07-31,0.0,25.0,99.0,0.0,0.0,,99.0,95.0
NE,2016,24,31,2016-08-07,9.0,47.0,99.0,0.0,0.0,,99.0,98.0
NE,2016,25,32,2016-08-14,17.0,76.0,99.0,0.0,0.0,,99.0,98.0
NE,2016,26,33,2016-08-21,42.0,87.0,99.0,0.0,0.0,,99.0,98.0
NE,2016,27,34,2016-08-28,61.0,95.0,99.0,0.0,5.0,,99.0,98.0
NE,2016,28,35,2016-09-04,76.0,97.0,99.0,0.0,8.0,,99.0,98.0
NE,2016,29,36,2016-09-11,89.0,97.0,99.0,1.0,28.0,,99.0,98.0
NE,2016,30,37,2016-09-18,95.0,97.0,99.0,2.0,45.0,,99.0,98.0
NE,2016,31,38,2016-09-25,98.0,97.0,99.0,7.0,69.0,,99.0,98.0
NE,2016,32,39,2016-10-02,98.0,97.0,99.0,15.0,85.0,,99.0,98.0
NE,2016,33,40,2016-10-09,98.0,97.0,99.0,23.0,92.0,,99.0,98.0
NE,2016,34,41,2016-10-16,98.0,97.0,99.0,34.0,96.0,,99.0,98.0
NE,2016,35,42,2016-10-23,98.0,97.0,99.0,50.0,96.0,,99.0,98.0
NE,2016,36,43,2016-10-30,98.0,97.0,99.0,69.0,96.0,,99.0,98.0
NE,2016,37,44,2016-11-06,98.0,97.0,99.0,84.0,96.0,,99.0,98.0
NE,2016,38,45,2016-11-13,98.0,97.0,99.0,93.0,96.0,,99.0,98.0
NE,2016,39,46,2016-11-20,98.0,97.0,99.0,96.0,96.0,,99.0,98.0
NE,2017,7,14,2017-04-09,0.0,0.0,0.0,0.0,0.0,,0.0,0.0
NE,2017,8,15,2017-04-16,0.0,0.0,0.0,0.0,0.0,,3.0,0.0
NE,2017,9,16,2017-04-23,0.0,0.0,2.0,0.0,0.0,,17.0,0.0
NE,2017,10,17,2017-04-30,0.0,0.0,3.0,0.0,0.0,,34.0,0.0
NE,2017,11,18,2017-05-07,0.0,0.0,10.0,0.0,0.0,,48.0,0.0
NE,2017,12,19,2017-05-14,0.0,0.0,31.0,0.0,0.0,,78.0,0.0
NE,2017,13,20,2017-05-21,0.0,0.0,52.0,0.0,0.0,,87.0,0.0
NE,2017,14,21,2017-05-28,0.0,0.0,76.0,0.0,0.0,,95.0,0.0
NE,2017,15,22,2017-06-04,0.0,0.0,91.0,0.0,0.0,,99.0,0.0
NE,2017,16,23,2017-06-11,0.0,0.0,98.0,0.0,0.0,,99.0,0.0
NE,2017,17,24,2017-06-18,0.0,0.0,100.0,0.0,0.0,,99.0,0.0
NE,2017,18,25,2017-06-25,0.0,0.0,100.0,0.0,0.0,,99.0,0.0
NE,2017,19,26,2017-07-02,0.0,0.0,100.0,0.0,0.0,,99.0,8.0
NE,2017,20,27,2017-07-09,0.0,0.0,100.0,0.0,0.0,,99.0,14.0
NE,2017,21,28,2017-07-16,0.0,0.0,100.0,0.0,0.0,,99.0,47.0
NE,2017,22,29,2017-07-23,0.0,9.0,100.0,0.0,0.0,,99.0,76.0
NE,2017,23,30,2017-07-30,0.0,17.0,100.0,0.0,0.0,,99.0,91.0
NE,2017,24,31,2017-08-06,3.0,40.0,100.0,0.0,0.0,,99.0,97.0
NE,2017,25,32,2017-08-13,14.0,65.0,100.0,0.0,0.0,,99.0,100.0
NE,2017,26,33,2017-08-20,28.0,83.0,100.0,0.0,0.0,,99.0,100.0
NE,2017,27,34,2017-08-27,51.0,94.0,100.0,0.0,1.0,,99.0,100.0
NE,2017,28,35,2017-09-03,68.0,97.0,100.0,0.0,10.0,,99.0,100.0
NE,2017,29,36,2017-09-10,86.0,99.0,100.0,2.0,18.0,,99.0,100.0
NE,2017,30,37,2017-09-17,94.0,99.0,100.0,2.0,37.0,,99.0,100.0
NE,2017,31,38,2017-09-24,96.0,99.0,100.0,7.0,55.0,,99.0,100.0
NE,2017,32,39,2017-10-01,99.0,99.0,100.0,12.0,70.0,,99.0,100.0
NE,2017,33,40,2017-10-08,99.0,99.0,100.0,13.0,83.0,,99.0,100.0
NE,2017,34,41,2017-10-15,99.0,99.0,100.0,17.0,92.0,,99.0,100.0
NE,2017,35,42,2017-10-22,99.0,99.0,100.0,26.0,97.0,,99.0,100.0
NE,2017,36,43,2017-10-29,99.0,99.0,100.0,45.0,97.0,,99.0,100.0
NE,2017,37,44,2017-11-05,99.0,99.0,100.0,68.0,97.0,,99.0,100.0
NE,2017,38,45,2017-11-12,99.0,99.0,100.0,86.0,97.0,,99.0,100.0
NE,2017,39,46,2017-11-19,99.0,99.0,100.0,93.0,97.0,,99.0,100.0
NE,2017,40,47,2017-11-26,99.0,99.0,100.0,97.0,97.0,,99.0,100.0
NE,2018,7,14,2018-04-08,0.0,0.0,0.0,0.0,0.0,,0.0,0.0
NE,2018,8,15,2018-04-15,0.0,0.0,0.0,0.0,0.0,,1.0,0.0
NE,2018,9,16,2018-04-22,0.0,0.0,0.0,0.0,0.0,,2.0,0.0
NE,2018,10,17,2018-04-29,0.0,0.0,0.0,0.0,0.0,,17.0,0.0
NE,2018,11,18,2018-05-06,0.0,0.0,2.0,0.0,0.0,,42.0,0.0
NE,2018,12,19,2018-05-13,0.0,0.0,26.0,0.0,0.0,,72.0,0.0
NE,2018,13,20,2018-05-20,0.0,0.0,53.0,0.0,0.0,,88.0,0.0
NE,2018,14,21,2018-05-27,0.0,0.0,81.0,0.0,0.0,,96.0,0.0
NE,2018,15,22,2018-06-03,0.0,0.0,92.0,0.0,0.0,,99.0,0.0
NE,2018,16,23,2018-06-10,0.0,0.0,97.0,0.0,0.0,,100.0,0.0
NE,2018,17,24,2018-06-17,0.0,0.0,100.0,0.0,0.0,,100.0,0.0
NE,2018,18,25,2018-06-24,0.0,0.0,100.0,0.0,0.0,,100.0,2.0
NE,2018,19,26,2018-07-01,0.0,0.0,100.0,0.0,0.0,,100.0,8.0
NE,2018,20,27,2018-07-08,0.0,0.0,100.0,0.0,0.0,,100.0,31.0
NE,2018,21,28,2018-07-15,0.0,4.0,100.0,0.0,0.0,,100.0,65.0
NE,2018,22,29,2018-07-22,0.0,22.0,100.0,0.0,0.0,,100.0,82.0
NE,2018,23,30,2018-07-29,2.0,38.0,100.0,0.0,0.0,,100.0,91.0
NE,2018,24,31,2018-08-05,6.0,57.0,100.0,0.0,0.0,,100.0,95.0
NE,2018,25,32,2018-08-12,18.0,77.0,100.0,0.0,0.0,,100.0,95.0
NE,2018,26,33,2018-08-19,38.0,88.0,100.0,0.0,0.0,,100.0,95.0
NE,2018,27,34,2018-08-26,59.0,94.0,100.0,0.0,2.0,,100.0,95.0
NE,2018,28,35,2018-09-02,72.0,97.0,100.0,0.0,9.0,,100.0,95.0
NE,2018,29,36,2018-09-09,86.0,97.0,100.0,1.0,22.0,,100.0,95.0
NE,2018,30,37,2018-09-16,92.0,97.0,100.0,4.0,44.0,,100.0,95.0
NE,2018,31,38,2018-09-23,98.0,97.0,100.0,9.0,69.0,,100.0,95.0
NE,2018,32,39,2018-09-30,99.0,97.0,100.0,17.0,84.0,,100.0,95.0
NE,2018,33,40,2018-10-07,99.0,97.0,100.0,23.0,92.0,,100.0,95.0
NE,2018,34,41,2018-10-14,99.0,97.0,100.0,25.0,95.0,,100.0,95.0
NE,2018,35,42,2018-10-21,99.0,97.0,100.0,34.0,95.0,,100.0,95.0
NE,2018,36,43,2018-10-28,99.0,97.0,100.0,47.0,95.0,,100.0,95.0
NE,2018,37,44,2018-11-04,99.0,97.0,100.0,65.0,95.0,,100.0,95.0
NE,2018,38,45,2018-11-11,99.0,97.0,100.0,77.0,95.0,,100.0,95.0
NE,2018,39,46,2018-11-18,99.0,97.0,100.0,88.0,95.0,,100.0,95.0
NE,2018,40,47,2018-11-25,99.0,97.0,100.0,94.0,95.0,,100.0,95.0
NE,2019,7,14,2019-04-07,0.0,0.0,0.0,0.0,0.0,,0.0,0.0
NE,2019,8,15,2019-04-14,0.0,0.0,0.0,0.0,0.0,,0.0,0.0
NE,2019,9,16,2019-04-21,0.0,0.0,0.0,0.0,0.0,,2.0,0.0
NE,2019,10,17,2019-04-28,0.0,0.0,0.0,0.0,0.0,,16.0,0.0
NE,2019,11,18,2019-05-05,0.0,0.0,2.0,0.0,0.0,,35.0,0.0
NE,2019,12,19,2019-05-12,0.0,0.0,9.0,0.0,0.0,,46.0,0.0
NE,2019,13,20,2019-05-19,0.0,0.0,27.0,0.0,0.0,,70.0,0.0
NE,2019,14,21,2019-05-26,0.0,0.0,50.0,0.0,0.0,,81.0,0.0
NE,2019,15,22,2019-06-02,0.0,0.0,67.0,0.0,0.0,,88.0,0.0
NE,2019,16,23,2019-06-09,0.0,0.0,80.0,0.0,0.0,,94.0,0.0
NE,2019,17,24,2019-06-16,0.0,0.0,90.0,0.0,0.0,,98.0,0.0
NE,2019,18,25,2019-06-23,0.0,0.0,95.0,0.0,0.0,,100.0,0.0
NE,2019,19,26,2019-06-30,0.0,0.0,99.0,0.0,0.0,,100.0,0.0
NE,2019,20,27,2019-07-07,0.0,0.0,100.0,0.0,0.0,,100.0,2.0
NE,2019,21,28,2019-07-14,0.0,0.0,100.0,0.0,0.0,,100.0,11.0
NE,2019,22,29,2019-07-21,0.0,2.0,100.0,0.0,0.0,,100.0,40.0
NE,2019,23,30,2019-07-28,0.0,12.0,100.0,0.0,0.0,,100.0,70.0
NE,2019,24,31,2019-08-04,0.0,27.0,100.0,0.0,0.0,,100.0,85.0
NE,2019,25,32,2019-08-11,3.0,41.0,100.0,0.0,0.0,,100.0,95.0
NE,2019,26,33,2019-08-18,17.0,61.0,100.0,0.0,0.0,,100.0,97.0
NE,2019,27,34,2019-08-25,36.0,80.0,100.0,0.0,0.0,,100.0,97.0
NE,2019,28,35,2019-09-01,54.0,90.0,100.0,0.0,1.0,,100.0,97.0
NE,2019,29,36,2019-09-08,70.0,94.0,100.0,0.0,9.0,,100.0,97.0
NE,2019,30,37,2019-09-15,82.0,97.0,100.0,0.0,19.0,,100.0,97.0
NE,2019,31,38,2019-09-22,91.0,99.0,100.0,3.0,37.0,,100.0,97.0
NE,2019,32,39,2019-09-29,95.0,99.0,100.0,8.0,52.0,,100.0,97.0
NE,2019,33,40,2019-10-06,96.0,99.0,100.0,12.0,74.0,,100.0,97.0
NE,2019,34,41,2019-10-13,98.0,99.0,100.0,20.0,85.0,,100.0,97.0
NE,2019,35,42,2019-10-20,98.0,99.0,100.0,30.0,94.0,,100.0,97.0
NE,2019,36,43,2019-10-27,98.0,99.0,100.0,44.0,97.0,,100.0,97.0
NE,2019,37,44,2019-11-03,98.0,99.0,100.0,60.0,100.0,,100.0,97.0
NE,2019,38,45,2019-11-10,98.0,99.0,100.0,74.0,100.0,,100.0,97.0
NE,2019,39,46,2019-11-17,98.0,99.0,100.0,85.0,100.0,,100.0,97.0
NE,2019,40,47,2019-11-24,98.0,99.0,100.0,93.0,100.0,,100.0,97.0
NE,2019,41,48,2019-12-01,98.0,99.0,100.0,96.0,100.0,,100.0,97.0
NE,2020,8,15,2020-04-12,0.0,0.0,0.0,0.0,0.0,,0.0,0.0
NE,2020,9,16,2020-04-19,0.0,0.0,0.0,0.0,0.0,,2.0,0.0
NE,2020,10,17,2020-04-26,0.0,0.0,0.0,0.0,0.0,,20.0,0.0
NE,2020,11,18,2020-05-03,0.0,0.0,9.0,0.0,0.0,,61.0,0.0
NE,2020,12,19,2020-05-10,0.0,0.0,30.0,0.0,0.0,,79.0,0.0
NE,2020,13,20,2020-05-17,0.0,0.0,54.0,0.0,0.0,,91.0,0.0
NE,2020,14,21,2020-05-24,0.0,0.0,77.0,0.0,0.0,,97.0,0.0
NE,2020,15,22,2020-05-31,0.0,0.0,88.0,0.0,0.0,,99.0,0.0
NE,2020,16,23,2020-06-07,0.0,0.0,95.0,0.0,0.0,,100.0,0.0
NE,2020,17,24,2020-06-14,0.0,0.0,98.0,0.0,0.0,,100.0,0.0
NE,2020,18,25,2020-06-21,0.0,0.0,98.0,0.0,0.0,,100.0,0.0
NE,2020,19,26,2020-06-28,0.0,0.0,98.0,0.0,0.0,,100.0,1.0
NE,2020,20,27,2020-07-05,0.0,0.0,98.0,0.0,0.0,,100.0,4.0
NE,2020,21,28,2020-07-12,0.0,1.0,98.0,0.0,0.0,,100.0,19.0
NE,2020,22,29,2020-07-19,0.0,3.0,98.0,0.0,0.0,,100.0,61.0
NE,2020,23,30,2020-07-26,0.0,27.0,98.0,0.0,0.0,,100.0,89.0
NE,2020,24,31,2020-08-02,6.0,43.0,98.0,0.0,0.0,,100.0,94.0
NE,2020,25,32,2020-08-09,14.0,67.0,98.0,0.0,0.0,,100.0,98.0
NE,2020,26,33,2020-08-16,29.0,88.0,98.0,0.0,0.0,,100.0,98.0
NE,2020,27,34,2020-08-23,60.0,96.0,98.0,0.0,7.0,,100.0,98.0
NE,2020,28,35,2020-08-30,74.0,98.0,98.0,0.0,11.0,,100.0,98.0
NE,2020,29,36,2020-09-06,84.0,100.0,98.0,1.0,27.0,,100.0,98.0
NE,2020,30,37,2020-09-13,94.0,100.0,98.0,4.0,48.0,,100.0,98.0
NE,2020,31,38,2020-09-20,97.0,100.0,98.0,10.0,65.0,,100.0,98.0
NE,2020,32,39,2020-09-27,97.0,100.0,98.0,14.0,80.0,,100.0,98.0
NE,2020,33,40,2020-10-04,97.0,100.0,98.0,21.0,91.0,,100.0,98.0
NE,2020,34,41,2020-10-11,97.0,100.0,98.0,34.0,96.0,,100.0,98.0
NE,2020,35,42,2020-10-18,97.0,100.0,98.0,58.0,98.0,,100.0,98.0
NE,2020,36,43,2020-10-25,97.0,100.0,98.0,76.0,98.0,,100.0,98.0
NE,2020,37,44,2020-11-01,97.0,100.0,98.0,86.0,98.0,,100.0,98.0
NE,2020,38,45,2020-11-08,97.0,100.0,98.0,93.0,98.0,,100.0,98.0
NE,2020,39,46,2020-11-15,97.0,100.0,98.0,96.0,98.0,,100.0,98.0
NE,2021,6,13,2021-04-04,0.0,0.0,0.0,0.0,0.0,,0.0,0.0
NE,2021,7,14,2021-04-11,0.0,0.0,0.0,0.0,0.0,,0.0,0.0
NE,2021,8,15,2021-04-18,0.0,0.0,0.0,0.0,0.0,,2.0,0.0
NE,2021,9,16,2021-04-25,0.0,0.0,0.0,0.0,0.0,,6.0,0.0
NE,2021,10,17,2021-05-02,0.0,0.0,2.0,0.0,0.0,,42.0,0.0
NE,2021,11,18,2021-05-09,0.0,0.0,12.0,0.0,0.0,,71.0,0.0
NE,2021,12,19,2021-05-16,0.0,0.0,34.0,0.0,0.0,,86.0,0.0
NE,2021,13,20,2021-05-23,0.0,0.0,62.0,0.0,0.0,,95.0,0.0
NE,2021,14,21,2021-05-30,0.0,0.0,84.0,0.0,0.0,,97.0,0.0
NE,2021,15,22,2021-06-06,0.0,0.0,95.0,0.0,0.0,,100.0,0.0
NE,2021,16,23,2021-06-13,0.0,0.0,99.0,0.0,0.0,,100.0,0.0
NE,2021,17,24,2021-06-20,0.0,0.0,100.0,0.0,0.0,,100.0,0.0
NE,2021,18,25,2021-06-27,0.0,0.0,100.0,0.0,0.0,,100.0,0.0
NE,2021,19,26,2021-07-04,0.0,0.0,100.0,0.0,0.0,,100.0,2.0
NE,2021,20,27,2021-07-11,0.0,0.0,100.0,0.0,0.0,,100.0,19.0
NE,2021,21,28,2021-07-18,0.0,4.0,100.0,0.0,0.0,,100.0,54.0
NE,2021,22,29,2021-07-25,0.0,14.0,100.0,0.0,0.0,,100.0,84.0
NE,2021,23,30,2021-08-01,0.0,41.0,100.0,0.0,0.0,,100.0,97.0
NE,2021,24,31,2021-08-08,7.0,63.0,100.0,0.0,0.0,,100.0,99.0
NE,2021,25,32,2021-08-15,17.0,80.0,100.0,0.0,0.0,,100.0,99.0
NE,2021,26,33,2021-08-22,41.0,89.0,100.0,0.0,1.0,,100.0,99.0
NE,2021,27,34,2021-08-29,64.0,93.0,100.0,0.0,8.0,,100.0,99.0
NE,2021,28,35,2021-09-05,78.0,96.0,100.0,0.0,18.0,,100.0,99.0
NE,2021,29,36,2021-09-12,90.0,96.0,100.0,1.0,35.0,,100.0,99.0
NE,2021,30,37,2021-09-19,94.0,96.0,100.0,7.0,54.0,,100.0,99.0
NE,2021,31,38,2021-09-26,97.0,96.0,100.0,13.0,71.0,,100.0,99.0
NE,2021,32,39,2021-10-03,97.0,96.0,100.0,21.0,85.0,,100.0,99.0
NE,2021,33,40,2021-10-10,97.0,96.0,100.0,29.0,93.0,,100.0,99.0
NE,2021,34,41,2021-10-17,97.0,96.0,100.0,41.0,95.0,,100.0,99.0
NE,2021,35,42,2021-10-24,97.0,96.0,100.0,60.0,95.0,,100.0,99.0
NE,2021,36,43,2021-10-31,97.0,96.0,100.0,72.0,95.0,,100.0,99.0
NE,2021,37,44,2021-11-07,97.0,96.0,100.0,82.0,95.0,,100.0,99.0
NE,2021,38,45,2021-11-14,97.0,96.0,100.0,90.0,95.0,,100.0,99.0
NE,2021,39,46,2021-11-21,97.0,96.0,100.0,95.0,95.0,,100.0,99.0
NE,2022,6,13,2022-04-03,0.0,0.0,0.0,0.0,0.0,,0.0,0.0
NE,2022,7,14,2022-04-10,0.0,0.0,0.0,0.0,0.0,,0.0,0.0
NE,2022,8,15,2022-04-17,0.0,0.0,0.0,0.0,0.0,,2.0,0.0
NE,2022,9,16,2022-04-24,0.0,0.0,0.0,0.0,0.0,,10.0,0.0
NE,2022,10,17,2022-05-01,0.0,0.0,1.0,0.0,0.0,,28.0,0.0
NE,2022,11,18,2022-05-08,0.0,0.0,4.0,0.0,0.0,,39.0,0.0
NE,2022,12,19,2022-05-15,0.0,0.0,19.0,0.0,0.0,,62.0,0.0
NE,2022,13,20,2022-05-22,0.0,0.0,48.0,0.0,0.0,,85.0,0.0
NE,2022,14,21,2022-05-29,0.0,0.0,73.0,0.0,0.0,,95.0,0.0
NE,2022,15,22,2022-06-05,0.0,0.0,88.0,0.0,0.0,,98.0,0.0
NE,2022,16,23,2022-06-12,0.0,0.0,92.0,0.0,0.0,,100.0,0.0
NE,2022,17,24,2022-06-19,0.0,0.0,98.0,0.0,0.0,,100.0,0.0
NE,2022,18,25,2022-06-26,0.0,0.0,100.0,0.0,0.0,,100.0,0.0
NE,2022,19,26,2022-07-03,0.0,0.0,100.0,0.0,0.0,,100.0,1.0
NE,2022,20,27,2022-07-10,0.0,0.0,100.0,0.0,0.0,,100.0,8.0
NE,2022,21,28,2022-07-17,0.0,1.0,100.0,0.0,0.0,,100.0,45.0
NE,2022,22,29,2022-07-24,0.0,8.0,100.0,0.0,0.0,,100.0,68.0
NE,2022,23,30,2022-07-31,0.0,21.0,100.0,0.0,0.0,,100.0,84.0
NE,2022,24,31,2022-08-07,3.0,45.0,100.0,0.0,0.0,,100.0,91.0
NE,2022,25,32,2022-08-14,17.0,64.0,100.0,0.0,0.0,,100.0,95.0
NE,2022,26,33,2022-08-21,39.0,78.0,100.0,0.0,3.0,,100.0,100.0
NE,2022,27,34,2022-08-28,59.0,89.0,100.0,0.0,8.0,,100.0,100.0
NE,2022,28,35,2022-09-04,74.0,95.0,100.0,0.0,19.0,,100.0,100.0
NE,2022,29,36,2022-09-11,86.0,96.0,100.0,1.0,36.0,,100.0,100.0
NE,2022,30,37,2022-09-18,93.0,96.0,100.0,6.0,52.0,,100.0,100.0
NE,2022,31,38,2022-09-25,96.0,96.0,100.0,13.0,71.0,,100.0,100.0
NE,2022,32,39,2022-10-02,100.0,96.0,100.0,24.0,83.0,,100.0,100.0
NE,2022,33,40,2022-10-09,100.0,96.0,100.0,34.0,91.0,,100.0,100.0
NE,2022,34,41,2022-10-16,100.0,96.0,100.0,46.0,94.0,,100.0,100.0
NE,2022,35,42,2022-10-23,100.0,96.0,100.0,65.0,97.0,,100.0,100.0
NE,2022,36,43,2022-10-30,100.0,96.0,100.0,80.0,97.0,,100.0,100.0
NE,2022,37,44,2022-11-06,100.0,96.0,100.0,90.0,97.0,,100.0,100.0
NE,2022,38,45,2022-11-13,100.0,96.0,100.0,95.0,97.0,,100.0,100.0
NE,2022,39,46,2022-11-20,100.0,96.0,100.0,99.0,97.0,,100.0,100.0
NE,2023,6,13,2023-04-02,0.0,0.0,0.0,0.0,0.0,,0.0,0.0
NE,2023,7,14,2023-04-09,0.0,0.0,0.0,0.0,0.0,,0.0,0.0
NE,2023,8,15,2023-04-16,0.0,0.0,0.0,0.0,0.0,,2.0,0.0
NE,2023,9,16,2023-04-23,0.0,0.0,0.0,0.0,0.0,,10.0,0.0
NE,2023,10,17,2023-04-30,0.0,0.0,1.0,0.0,0.0,,30.0,0.0
NE,2023,11,18,2023-05-07,0.0,0.0,11.0,0.0,0.0,,56.0,0.0
NE,2023,12,19,2023-05-14,0.0,0.0,32.0,0.0,0.0,,76.0,0.0
NE,2023,13,20,2023-05-21,0.0,0.0,60.0,0.0,0.0,,87.0,0.0
NE,2023,14,21,2023-05-28,0.0,0.0,81.0,0.0,0.0,,96.0,0.0
NE,2023,15,22,2023-06-04,0.0,0.0,92.0,0.0,0.0,,97.0,0.0
NE,2023,16,23,2023-06-11,0.0,0.0,97.0,0.0,0.0,,97.0,0.0
NE,2023,17,24,2023-06-18,0.0,0.0,97.0,0.0,0.0,,97.0,0.0
NE,2023,18,25,2023-06-25,0.0,0.0,97.0,0.0,0.0,,97.0,0.0
NE,2023,19,26,2023-07-02,0.0,0.0,97.0,0.0,0.0,,97.0,3.0
NE,2023,20,27,2023-07-09,0.0,0.0,97.0,0.0,0.0,,97.0,21.0
NE,2023,21,28,2023-07-16,0.0,1.0,97.0,0.0,0.0,,97.0,52.0
NE,2023,22,29,2023-07-23,0.0,10.0,97.0,0.0,0.0,,97.0,77.0
NE,2023,23,30,2023-07-30,0.0,21.0,97.0,0.0,0.0,,97.0,90.0
NE,2023,24,31,2023-08-06,3.0,46.0,97.0,0.0,0.0,,97.0,95.0
NE,2023,25,32,2023-08-13,21.0,69.0,97.0,0.0,0.0,,97.0,98.0
NE,2023,26,33,2023-08-20,43.0,83.0,97.0,0.0,1.0,,97.0,98.0
NE,2023,27,34,2023-08-27,59.0,94.0,97.0,0.0,11.0,,97.0,98.0
NE,2023,28,35,2023-09-03,76.0,96.0,97.0,0.0,24.0,,97.0,98.0
NE,2023,29,36,2023-09-10,90.0,98.0,97.0,2.0,41.0,,97.0,98.0
NE,2023,30,37,2023-09-17,95.0,98.0,97.0,7.0,57.0,,97.0,98.0
NE,2023,31,38,2023-09-24,98.0,98.0,97.0,15.0,70.0,,97.0,98.0
NE,2023,32,39,2023-10-01,98.0,98.0,97.0,22.0,86.0,,97.0,98.0
NE,2023,33,40,2023-10-08,98.0,98.0,97.0,32.0,94.0,,97.0,98.0
NE,2023,34,41,2023-10-15,98.0,98.0,97.0,44.0,98.0,,97.0,98.0
NE,2023,35,42,2023-10-22,98.0,98.0,97.0,62.0,98.0,,97.0,98.0
NE,2023,36,43,2023-10-29,98.0,98.0,97.0,76.0,98.0,,97.0,98.0
NE,2023,37,44,2023-11-05,98.0,98.0,97.0,84.0,98.0,,97.0,98.0
NE,2023,38,45,2023-11-12,98.0,98.0,97.0,91.0,98.0,,97.0,98.0
NE,2023,39,46,2023-11-19,98.0,98.0,97.0,95.0,98.0,,97.0,98.0
NE,2023,40,47,2023-11-26,98.0,98.0,97.0,98.0,98.0,,97.0,98.0
NE,2024,6,13,2024-03-31,0.0,0.0,0.0,0.0,0.0,,0.0,0.0
NE,2024,7,14,2024-04-07,0.0,0.0,0.0,0.0,0.0,,0.0,0.0
NE,2024,8,15,2024-04-14,0.0,0.0,0.0,0.0,0.0,,2.0,0.0
NE,2024,9,16,2024-04-21,0.0,0.0,0.0,0.0,0.0,,6.0,0.0
NE,2024,10,17,2024-04-28,0.0,0.0,1.0,0.0,0.0,,22.0,0.0
NE,2024,11,18,2024-05-05,0.0,0.0,7.0,0.0,0.0,,31.0,0.0
NE,2024,12,19,2024-05-12,0.0,0.0,18.0,0.0,0.0,,55.0,0.0
NE,2024,13,20,2024-05-19,0.0,0.0,38.0,0.0,0.0,,79.0,0.0
NE,2024,14,21,2024-05-26,0.0,0.0,61.0,0.0,0.0,,91.0,0.0
NE,2024,15,22,2024-06-02,0.0,0.0,79.0,0.0,0.0,,96.0,0.0
NE,2024,16,23,2024-06-09,0.0,0.0,93.0,0.0,0.0,,98.0,0.0
NE,2024,17,24,2024-06-16,0.0,0.0,98.0,0.0,0.0,,98.0,0.0
NE,2024,18,25,2024-06-23,0.0,0.0,100.0,0.0,0.0,,98.0,1.0
NE,2024,19,26,2024-06-30,0.0,0.0,100.0,0.0,0.0,,98.0,3.0
NE,2024,20,27,2024-07-07,0.0,1.0,100.0,0.0,0.0,,98.0,21.0
NE,2024,21,28,2024-07-14,0.0,8.0,100.0,0.0,0.0,,98.0,49.0
NE,2024,22,29,2024-07-21,0.0,19.0,100.0,0.0,0.0,,98.0,76.0
NE,2024,23,30,2024-07-28,1.0,37.0,100.0,0.0,0.0,,98.0,92.0
NE,2024,24,31,2024-08-04,5.0,51.0,100.0,0.0,0.0,,98.0,97.0
NE,2024,25,32,2024-08-11,26.0,63.0,100.0,0.0,0.0,,98.0,99.0
NE,2024,26,33,2024-08-18,41.0,76.0,100.0,0.0,6.0,,98.0,100.0
NE,2024,27,34,2024-08-25,58.0,87.0,100.0,0.0,17.0,,98.0,100.0
NE,2024,28,35,2024-09-01,74.0,93.0,100.0,0.0,23.0,,98.0,100.0
NE,2024,29,36,2024-09-08,83.0,96.0,100.0,1.0,30.0,,98.0,100.0
NE,2024,30,37,2024-09-15,91.0,96.0,100.0,5.0,45.0,,98.0,100.0
NE,2024,31,38,2024-09-22,96.0,96.0,100.0,10.0,66.0,,98.0,100.0
NE,2024,32,39,2024-09-29,98.0,96.0,100.0,17.0,79.0,,98.0,100.0
NE,2024,33,40,2024-10-06,98.0,96.0,100.0,27.0,88.0,,98.0,100.0
NE,2024,34,41,2024-10-13,98.0,96.0,100.0,45.0,94.0,,98.0,100.0
NE,2024,35,42,2024-10-20,98.0,96.0,100.0,63.0,98.0,,98.0,100.0
NE,2024,36,43,2024-10-27,98.0,96.0,100.0,79.0,98.0,,98.0,100.0
NE,2024,37,44,2024-11-03,98.0,96.0,100.0,90.0,98.0,,98.0,100.0
NE,2024,38,45,2024-11-10,98.0,96.0,100.0,94.0,98.0,,98.0,100.0
NE,2024,39,46,2024-11-17,98.0,96.0,100.0,97.0,98.0,,98.0,100.0
NE,2025,7,14,2025-04-06,0.0,0.0,0.0,0.0,0.0,,0.0,0.0
NE,2025,8,15,2025-04-13,0.0,0.0,0.0,0.0,0.0,,1.0,0.0
NE,2025,9,16,2025-04-20,0.0,0.0,0.0,0.0,0.0,,8.0,0.0
NE,2025,10,17,2025-04-27,0.0,0.0,1.0,0.0,0.0,,21.0,0.0
NE,2025,11,18,2025-05-04,0.0,0.0,8.0,0.0,0.0,,50.0,0.0
NE,2025,12,19,2025-05-11,0.0,0.0,36.0,0.0,0.0,,73.0,0.0
NE,2025,13,20,2025-05-18,0.0,0.0,58.0,0.0,0.0,,86.0,0.0
NE,2025,14,21,2025-05-25,0.0,0.0,77.0,0.0,0.0,,95.0,0.0
NE,2025,15,22,2025-06-01,0.0,0.0,90.0,0.0,0.0,,98.0,0.0
NE,2025,16,23,2025-06-08,0.0,0.0,95.0,0.0,0.0,,99.0,0.0
NE,2025,17,24,2025-06-15,0.0,0.0,97.0,0.0,0.0,,99.0,0.0
NE,2025,18,25,2025-06-22,0.0,0.0,100.0,0.0,0.0,,99.0,1.0
NE,2025,19,26,2025-06-29,0.0,0.0,100.0,0.0,0.0,,99.0,2.0
NE,2025,20,27,2025-07-06,0.0,1.0,100.0,0.0,0.0,,99.0,10.0
NE,2025,21,28,2025-07-13,0.0,5.0,100.0,0.0,0.0,,99.0,27.0
NE,2025,22,29,2025-07-20,0.0,10.0,100.0,0.0,0.0,,99.0,56.0
NE,2025,23,30,2025-07-27,0.0,20.0,100.0,0.0,0.0,,99.0,76.0
NE,2025,24,31,2025-08-03,1.0,40.0,100.0,0.0,0.0,,99.0,88.0
NE,2025,25,32,2025-08-10,15.0,59.0,100.0,0.0,0.0,,99.0,93.0
NE,2025,26,33,2025-08-17,28.0,71.0,100.0,0.0,0.0,,99.0,96.0
NE,2025,27,34,2025-08-24,49.0,81.0,100.0,0.0,6.0,,99.0,96.0
NE,2025,28,35,2025-08-31,59.0,88.0,100.0,0.0,13.0,,99.0,96.0
NE,2025,29,36,2025-09-07,70.0,92.0,100.0,0.0,23.0,,99.0,96.0
NE,2025,30,37,2025-09-14,82.0,94.0,100.0,3.0,35.0,,99.0,96.0
NE,2025,31,38,2025-09-21,88.0,96.0,100.0,5.0,46.0,,99.0,96.0
NE,2025,32,39,2025-09-28,92.0,96.0,100.0,11.0,64.0,,99.0,96.0
NE,2025,39,46,2025-11-16,92.0,96.0,100.0,74.0,64.0,,99.0,96.0
NE,2025,40,47,2025-11-23,92.0,96.0,100.0,92.0,64.0,,99.0,96.0
NH,2016,9,16,2016-04-24,,,0.0,0.0,,,4.0,
NH,2016,10,17,2016-05-01,,,0.0,0.0,,,5.0,
NH,2016,11,18,2016-05-08,,,0.0,0.0,,,6.0,
NH,2016,12,19,2016-05-15,,,1.0,0.0,,,14.0,
NH,2016,13,20,2016-05-22,,,6.0,0.0,,,35.0,
NH,2016,14,21,2016-05-29,,,30.0,0.0,,,75.0,
NH,2016,15,22,2016-06-05,,,57.0,0.0,,,91.0,
NH,2016,16,23,2016-06-12,,,80.0,0.0,,,97.0,
NH,2016,17,24,2016-06-19,,,89.0,0.0,,,97.0,
NH,2016,18,25,2016-06-26,,,96.0,0.0,,,97.0,
NH,2016,28,35,2016-09-04,,,96.0,16.0,,,97.0,
NH,2016,29,36,2016-09-11,,,96.0,20.0,,,97.0,
NH,2016,30,37,2016-09-18,,,96.0,25.0,,,97.0,
NH,2016,31,38,2016-09-25,,,96.0,41.0,,,97.0,
NH,2016,32,39,2016-10-02,,,96.0,61.0,,,97.0,
NH,2016,33,40,2016-10-09,,,96.0,72.0,,,97.0,
NH,2016,34,41,2016-10-16,,,96.0,88.0,,,97.0,
NH,2016,35,42,2016-10-23,,,96.0,97.0,,,97.0,
NH,2017,9,16,2017-04-23,,,0.0,0.0,,,0.0,
NH,2017,10,17,2017-04-30,,,0.0,0.0,,,0.0,
NH,2017,11,18,2017-05-07,,,0.0,0.0,,,2.0,
NH,2017,12,19,2017-05-14,,,0.0,0.0,,,3.0,
NH,2017,13,20,2017-05-21,,,4.0,0.0,,,17.0,
NH,2017,14,21,2017-05-28,,,17.0,0.0,,,43.0,
NH,2017,15,22,2017-06-04,,,42.0,0.0,,,62.0,
NH,2017,16,23,2017-06-11,,,60.0,0.0,,,80.0,
NH,2017,17,24,2017-06-18,,,80.0,0.0,,,96.0,
NH,2017,18,25,2017-06-25,,,89.0,0.0,,,98.0,
NH,2017,19,26,2017-07-02,,,97.0,0.0,,,98.0,
NH,2017,20,27,2017-07-09,,,99.0,0.0,,,98.0,
NH,2017,28,35,2017-09-03,,,99.0,0.0,,,98.0,
NH,2017,29,36,2017-09-10,,,99.0,0.0,,,98.0,
NH,2017,30,37,2017-09-17,,,99.0,0.0,,,98.0,
NH,2017,31,38,2017-09-24,,,99.0,2.0,,,98.0,
NH,2017,32,39,2017-10-01,,,99.0,9.0,,,98.0,
NH,2017,33,40,2017-10-08,,,99.0,20.0,,,98.0,
NH,2017,34,41,2017-10-15,,,99.0,52.0,,,98.0,
NH,2017,35,42,2017-10-22,,,99.0,78.0,,,98.0,
NH,2017,36,43,2017-10-29,,,99.0,94.0,,,98.0,
NH,2017,37,44,2017-11-05,,,99.0,99.0,,,98.0,
NH,2017,38,45,2017-11-12,,,99.0,100.0,,,98.0,
NH,2018,10,17,2018-04-29,,,0.0,0.0,,,0.0,
NH,2018,11,18,2018-05-06,,,0.0,0.0,,,1.0,
NH,2018,12,19,2018-05-13,,,0.0,0.0,,,7.0,
NH,2018,13,20,2018-05-20,,,0.0,0.0,,,25.0,
NH,2018,14,21,2018-05-27,,,5.0,0.0,,,47.0,
NH,2018,15,22,2018-06-03,,,38.0,0.0,,,77.0,
NH,2018,16,23,2018-06-10,,,76.0,0.0,,,87.0,
NH,2018,17,24,2018-06-17,,,92.0,0.0,,,96.0,
NH,2018,18,25,2018-06-24,,,93.0,0.0,,,96.0,
NH,2018,19,26,2018-07-01,,,95.0,0.0,,,96.0,
NH,2018,31,38,2018-09-23,,,95.0,31.0,,,96.0,
NH,2018,32,39,2018-09-30,,,95.0,54.0,,,96.0,
NH,2018,33,40,2018-10-07,,,95.0,77.0,,,96.0,
NH,2018,34,41,2018-10-14,,,95.0,85.0,,,96.0,
NH,2018,35,42,2018-10-21,,,95.0,94.0,,,96.0,
NH,2018,36,43,2018-10-28,,,95.0,99.0,,,96.0,
NH,2019,11,18,2019-05-05,,,0.0,0.0,,,0.0,
NH,2019,12,19,2019-05-12,,,0.0,0.0,,,2.0,
NH,2019,13,20,2019-05-19,,,0.0,0.0,,,11.0,
NH,2019,14,21,2019-05-26,,,5.0,0.0,,,19.0,
NH,2019,15,22,2019-06-02,,,24.0,0.0,,,41.0,
NH,2019,16,23,2019-06-09,,,38.0,0.0,,,55.0,
NH,2019,17,24,2019-06-16,,,47.0,0.0,,,74.0,
NH,2019,18,25,2019-06-23,,,64.0,0.0,,,85.0,
NH,2019,19,26,2019-06-30,,,79.0,0.0,,,91.0,
NH,2019,20,27,2019-07-07,,,94.0,0.0,,,91.0,
NH,2019,29,36,2019-09-08,,,94.0,0.0,,,91.0,
NH,2019,30,37,2019-09-15,,,94.0,2.0,,,91.0,
NH,2019,31,38,2019-09-22,,,94.0,3.0,,,91.0,
NH,2019,32,39,2019-09-29,,,94.0,26.0,,,91.0,
NH,2019,33,40,2019-10-06,,,94.0,35.0,,,91.0,
NH,2019,34,41,2019-10-13,,,94.0,51.0,,,91.0,
NH,2019,35,42,2019-10-20,,,94.0,57.0,,,91.0,
NH,2019,36,43,2019-10-27,,,94.0,80.0,,,91.0,
NH,2019,37,44,2019-11-03,,,94.0,97.0,,,91.0,
NH,2020,8,15,2020-04-12,,,0.0,0.0,,,0.0,
NH,2020,9,16,2020-04-19,,,0.0,0.0,,,0.0,
NH,2020,10,17,2020-04-26,,,0.0,0.0,,,0.0,
NH,2020,11,18,2020-05-03,,,0.0,0.0,,,5.0,
NH,2020,12,19,2020-05-10,,,0.0,0.0,,,16.0,
NH,2020,13,20,2020-05-17,,,2.0,0.0,,,28.0,
NH,2020,14,21,2020-05-24,,,31.0,0.0,,,42.0,
NH,2020,15,22,2020-05-31,,,42.0,0.0,,,60.0,
NH,2020,16,23,2020-06-07,,,51.0,0.0,,,70.0,
NH,2020,17,24,2020-06-14,,,60.0,0.0,,,84.0,
NH,2020,18,25,2020-06-21,,,68.0,0.0,,,90.0,
NH,2020,19,26,2020-06-28,,,82.0,0.0,,,90.0,
NH,2020,20,27,2020-07-05,,,100.0,0.0,,,90.0,
NH,2020,21,28,2020-07-12,,,100.0,0.0,,,90.0,
NH,2020,29,36,2020-09-06,,,100.0,0.0,,,90.0,
NH,2020,30,37,2020-09-13,,,100.0,6.0,,,90.0,
NH,2020,31,38,2020-09-20,,,100.0,20.0,,,90.0,
NH,2020,32,39,2020-09-27,,,100.0,28.0,,,90.0,
NH,2020,33,40,2020-10-04,,,100.0,40.0,,,90.0,
NH,2020,34,41,2020-10-11,,,100.0,53.0,,,90.0,
NH,2020,35,42,2020-10-18,,,100.0,83.0,,,90.0,
NH,2020,36,43,2020-10-25,,,100.0,97.0,,,90.0,
NH,2020,37,44,2020-11-01,,,100.0,99.0,,,90.0,
NH,2020,38,45,2020-11-08,,,100.0,100.0,,,90.0,
NH,2021,9,16,2021-04-25,,,0.0,0.0,,,0.0,
NH,2021,10,17,2021-05-02,,,0.0,0.0,,,3.0,
NH,2021,11,18,2021-05-09,,,0.0,0.0,,,10.0,
NH,2021,12,19,2021-05-16,,,2.0,0.0,,,24.0,
NH,2021,13,20,2021-05-23,,,20.0,0.0,,,68.0,
NH,2021,14,21,2021-05-30,,,25.0,0.0,,,75.0,
NH,2021,15,22,2021-06-06,,,35.0,0.0,,,79.0,
NH,2021,16,23,2021-06-13,,,64.0,0.0,,,83.0,
NH,2021,17,24,2021-06-20,,,78.0,0.0,,,90.0,
NH,2021,18,25,2021-06-27,,,82.0,0.0,,,100.0,
NH,2021,19,26,2021-07-04,,,97.0,0.0,,,100.0,
NH,2021,20,27,2021-07-11,,,100.0,0.0,,,100.0,
NH,2021,28,35,2021-09-05,,,100.0,0.0,,,100.0,
NH,2021,29,36,2021-09-12,,,100.0,0.0,,,100.0,
NH,2021,30,37,2021-09-19,,,100.0,2.0,,,100.0,
NH,2021,31,38,2021-09-26,,,100.0,22.0,,,100.0,
NH,2021,32,39,2021-10-03,,,100.0,35.0,,,100.0,
NH,2021,33,40,2021-10-10,,,100.0,37.0,,,100.0,
NH,2021,34,41,2021-10-17,,,100.0,76.0,,,100.0,
NH,2021,35,42,2021-10-24,,,100.0,96.0,,,100.0,
NH,2021,36,43,2021-10-31,,,100.0,97.0,,,100.0,
NH,2021,37,44,2021-11-07,,,100.0,98.0,,,100.0,
NH,2022,9,16,2022-04-24,0.0,0.0,0.0,0.0,,,0.0,0.0
NH,2022,10,17,2022-05-01,0.0,0.0,0.0,0.0,,,4.0,0.0
NH,2022,11,18,2022-05-08,0.0,0.0,0.0,0.0,,,8.0,0.0
NH,2022,12,19,2022-05-15,0.0,0.0,0.0,0.0,,,13.0,0.0
NH,2022,13,20,2022-05-22,0.0,0.0,8.0,0.0,,,40.0,0.0
NH,2022,14,21,2022-05-29,0.0,0.0,25.0,0.0,,,50.0,0.0
NH,2022,15,22,2022-06-05,0.0,0.0,79.0,0.0,,,98.0,0.0
NH,2022,16,23,2022-06-12,0.0,0.0,85.0,0.0,,,100.0,0.0
NH,2022,17,24,2022-06-19,0.0,0.0,95.0,0.0,,,100.0,0.0
NH,2022,18,25,2022-06-26,0.0,0.0,100.0,0.0,,,100.0,0.0
NH,2022,19,26,2022-07-03,0.0,0.0,100.0,0.0,,,100.0,0.0
NH,2022,20,27,2022-07-10,0.0,0.0,100.0,0.0,,,100.0,0.0
NH,2022,24,31,2022-08-07,0.0,4.0,100.0,0.0,,,100.0,25.0
NH,2022,25,32,2022-08-14,0.0,58.0,100.0,0.0,,,100.0,77.0
NH,2022,28,35,2022-09-04,0.0,58.0,100.0,0.0,,,100.0,77.0
NH,2022,29,36,2022-09-11,0.0,58.0,100.0,0.0,,,100.0,77.0
NH,2022,30,37,2022-09-18,0.0,58.0,100.0,0.0,,,100.0,77.0
NH,2022,31,38,2022-09-25,0.0,58.0,100.0,45.0,,,100.0,77.0
NH,2022,32,39,2022-10-02,0.0,58.0,100.0,79.0,,,100.0,77.0
NH,2022,33,40,2022-10-09,0.0,58.0,100.0,93.0,,,100.0,77.0
NH,2022,34,41,2022-10-16,0.0,58.0,100.0,98.0,,,100.0,77.0
NH,2022,35,42,2022-10-23,0.0,58.0,100.0,100.0,,,100.0,77.0
NH,2022,36,43,2022-10-30,0.0,58.0,100.0,100.0,,,100.0,77.0
NH,2023,10,17,2023-04-30,,,0.0,0.0,,,0.0,
NH,2023,11,18,2023-05-07,,,0.0,0.0,,,6.0,
NH,2023,12,19,2023-05-14,,,0.0,0.0,,,24.0,
NH,2023,13,20,2023-05-21,,,2.0,0.0,,,55.0,
NH,2023,14,21,2023-05-28,,,15.0,0.0,,,74.0,
NH,2023,15,22,2023-06-04,,,35.0,0.0,,,88.0,
NH,2023,16,23,2023-06-11,,,81.0,0.0,,,98.0,
NH,2023,17,24,2023-06-18,,,93.0,0.0,,,100.0,
NH,2023,18,25,2023-06-25,,,93.0,0.0,,,100.0,
NH,2023,19,26,2023-07-02,,,100.0,0.0,,,100.0,
NH,2023,27,34,2023-08-27,,,100.0,0.0,,,100.0,
NH,2023,28,35,2023-09-03,,,100.0,0.0,,,100.0,
NH,2023,29,36,2023-09-10,,,100.0,0.0,,,100.0,
NH,2023,30,37,2023-09-17,,,100.0,0.0,,,100.0,
NH,2023,31,38,2023-09-24,,,100.0,9.0,,,100.0,
NH,2023,32,39,2023-10-01,,,100.0,48.0,,,100.0,
NH,2023,33,40,2023-10-08,,,100.0,86.0,,,100.0,
NH,2023,34,41,2023-10-15,,,100.0,96.0,,,100.0,
NH,2023,35,42,2023-10-22,,,100.0,98.0,,,100.0,
NH,2023,36,43,2023-10-29,,,100.0,99.0,,,100.0,
NH,2024,9,16,2024-04-21,,,0.0,0.0,,,0.0,
NH,2024,10,17,2024-04-28,,,0.0,0.0,,,0.0,
NH,2024,11,18,2024-05-05,,,0.0,0.0,,,1.0,
NH,2024,12,19,2024-05-12,,,0.0,0.0,,,3.0,
NH,2024,13,20,2024-05-19,,,0.0,0.0,,,44.0,
NH,2024,14,21,2024-05-26,,,0.0,0.0,,,44.0,
NH,2024,15,22,2024-06-02,,,30.0,0.0,,,65.0,
NH,2024,16,23,2024-06-09,,,37.0,0.0,,,73.0,
NH,2024,17,24,2024-06-16,,,79.0,0.0,,,100.0,
NH,2024,18,25,2024-06-23,,,92.0,0.0,,,100.0,
NH,2024,19,26,2024-06-30,,,95.0,0.0,,,100.0,
NH,2024,28,35,2024-09-01,,,95.0,0.0,,,100.0,
NH,2024,29,36,2024-09-08,,,95.0,1.0,,,100.0,
NH,2024,30,37,2024-09-15,,,95.0,17.0,,,100.0,
NH,2024,31,38,2024-09-22,,,95.0,59.0,,,100.0,
NH,2024,32,39,2024-09-29,,,95.0,72.0,,,100.0,
NH,2024,33,40,2024-10-06,,,95.0,86.0,,,100.0,
NH,2024,34,41,2024-10-13,,,95.0,96.0,,,100.0,
NH,2024,35,42,2024-10-20,,,95.0,99.0,,,100.0,
NH,2025,15,22,2025-06-01,,,10.0,0.0,,,27.0,
NH,2025,16,23,2025-06-08,,,31.0,0.0,,,73.0,
NH,2025,17,24,2025-06-15,,,69.0,0.0,,,89.0,
NH,2025,18,25,2025-06-22,,,71.0,0.0,,,95.0,
NH,2025,19,26,2025-06-29,,,95.0,0.0,,,95.0,
NH,2025,20,27,2025-07-06,,,99.0,0.0,,,95.0,
NH,2025,29,36,2025-09-07,,,99.0,0.0,,,95.0,
NH,2025,30,37,2025-09-14,,,99.0,2.0,,,95.0,
NH,2025,31,38,2025-09-21,,,99.0,21.0,,,95.0,
NH,2025,32,39,2025-09-28,,,99.0,57.0,,,95.0,
NJ,2016,10,17,2016-05-01,0.0,0.0,0.0,0.0,0.0,0.0,3.0,0.0
NJ,2016,11,18,2016-05-08,0.0,0.0,3.0,0.0,0.0,0.0,19.0,0.0
NJ,2016,12,19,2016-05-15,0.0,0.0,10.0,0.0,0.0,0.0,30.0,0.0
NJ,2016,13,20,2016-05-22,0.0,0.0,45.0,0.0,0.0,0.0,58.0,0.0
NJ,2016,14,21,2016-05-29,0.0,0.0,63.0,0.0,0.0,0.0,81.0,0.0
NJ,2016,15,22,2016-06-05,0.0,0.0,75.0,0.0,0.0,0.0,88.0,0.0
NJ,2016,16,23,2016-06-12,0.0,0.0,86.0,0.0,0.0,0.0,96.0,0.0
NJ,2016,17,24,2016-06-19,0.0,0.0,94.0,0.0,0.0,0.0,97.0,0.0
NJ,2016,18,25,2016-06-26,0.0,0.0,97.0,0.0,0.0,0.0,98.0,0.0
NJ,2016,19,26,2016-07-03,0.0,0.0,99.0,0.0,0.0,0.0,100.0,0.0
NJ,2016,20,27,2016-07-10,0.0,0.0,100.0,0.0,0.0,0.0,100.0,0.0
NJ,2016,21,28,2016-07-17,0.0,1.0,100.0,0.0,0.0,0.0,100.0,19.0
NJ,2016,22,29,2016-07-24,0.0,23.0,100.0,0.0,0.0,0.0,100.0,42.0
NJ,2016,23,30,2016-07-31,0.0,30.0,100.0,0.0,0.0,33.0,100.0,66.0
NJ,2016,24,31,2016-08-07,1.0,31.0,100.0,0.0,0.0,68.0,100.0,81.0
NJ,2016,25,32,2016-08-14,2.0,55.0,100.0,0.0,0.0,70.0,100.0,90.0
NJ,2016,26,33,2016-08-21,11.0,59.0,100.0,0.0,0.0,72.0,100.0,99.0
NJ,2016,27,34,2016-08-28,32.0,62.0,100.0,0.0,0.0,79.0,100.0,99.0
NJ,2016,28,35,2016-09-04,39.0,64.0,100.0,0.0,0.0,96.0,100.0,99.0
NJ,2016,29,36,2016-09-11,54.0,75.0,100.0,0.0,0.0,99.0,100.0,99.0
NJ,2016,30,37,2016-09-18,79.0,83.0,100.0,0.0,26.0,99.0,100.0,99.0
NJ,2016,31,38,2016-09-25,92.0,97.0,100.0,0.0,61.0,99.0,100.0,99.0
NJ,2016,32,39,2016-10-02,97.0,100.0,100.0,0.0,74.0,99.0,100.0,99.0
NJ,2016,33,40,2016-10-09,99.0,100.0,100.0,3.0,88.0,99.0,100.0,99.0
NJ,2016,34,41,2016-10-16,99.0,100.0,100.0,35.0,92.0,99.0,100.0,99.0
NJ,2016,35,42,2016-10-23,99.0,100.0,100.0,63.0,98.0,99.0,100.0,99.0
NJ,2016,36,43,2016-10-30,99.0,100.0,100.0,68.0,100.0,99.0,100.0,99.0
NJ,2016,37,44,2016-11-06,99.0,100.0,100.0,77.0,100.0,99.0,100.0,99.0
NJ,2016,38,45,2016-11-13,99.0,100.0,100.0,86.0,100.0,99.0,100.0,99.0
NJ,2016,39,46,2016-11-20,99.0,100.0,100.0,92.0,100.0,99.0,100.0,99.0
NJ,2016,40,47,2016-11-27,99.0,100.0,100.0,97.0,100.0,99.0,100.0,99.0
NJ,2017,11,18,2017-05-07,0.0,0.0,3.0,0.0,0.0,0.0,15.0,0.0
NJ,2017,12,19,2017-05-14,0.0,0.0,17.0,0.0,0.0,0.0,35.0,0.0
NJ,2017,13,20,2017-05-21,0.0,0.0,45.0,0.0,0.0,0.0,60.0,0.0
NJ,2017,14,21,2017-05-28,0.0,0.0,49.0,0.0,0.0,0.0,69.0,0.0
NJ,2017,15,22,2017-06-04,0.0,0.0,66.0,0.0,0.0,0.0,80.0,0.0
NJ,2017,16,23,2017-06-11,0.0,0.0,82.0,0.0,0.0,0.0,95.0,0.0
NJ,2017,17,24,2017-06-18,0.0,0.0,95.0,0.0,0.0,0.0,97.0,0.0
NJ,2017,18,25,2017-06-25,0.0,0.0,97.0,0.0,0.0,0.0,98.0,0.0
NJ,2017,19,26,2017-07-02,0.0,0.0,100.0,0.0,0.0,0.0,100.0,0.0
NJ,2017,20,27,2017-07-09,0.0,0.0,100.0,0.0,0.0,0.0,100.0,15.0
NJ,2017,21,28,2017-07-16,0.0,0.0,100.0,0.0,0.0,0.0,100.0,21.0
NJ,2017,22,29,2017-07-23,0.0,0.0,100.0,0.0,0.0,18.0,100.0,53.0
NJ,2017,23,30,2017-07-30,0.0,0.0,100.0,0.0,0.0,23.0,100.0,81.0
NJ,2017,24,31,2017-08-06,0.0,31.0,100.0,0.0,0.0,49.0,100.0,90.0
NJ,2017,25,32,2017-08-13,15.0,51.0,100.0,0.0,0.0,88.0,100.0,100.0
NJ,2017,26,33,2017-08-20,25.0,55.0,100.0,0.0,0.0,95.0,100.0,100.0
NJ,2017,27,34,2017-08-27,26.0,60.0,100.0,0.0,0.0,96.0,100.0,100.0
NJ,2017,28,35,2017-09-03,50.0,88.0,100.0,0.0,20.0,97.0,100.0,100.0
NJ,2017,29,36,2017-09-10,58.0,91.0,100.0,0.0,21.0,99.0,100.0,100.0
NJ,2017,30,37,2017-09-17,75.0,98.0,100.0,0.0,32.0,99.0,100.0,100.0
NJ,2017,31,38,2017-09-24,96.0,98.0,100.0,0.0,59.0,99.0,100.0,100.0
NJ,2017,32,39,2017-10-01,96.0,98.0,100.0,10.0,79.0,99.0,100.0,100.0
NJ,2017,33,40,2017-10-08,96.0,98.0,100.0,18.0,92.0,99.0,100.0,100.0
NJ,2017,34,41,2017-10-15,96.0,98.0,100.0,31.0,98.0,99.0,100.0,100.0
NJ,2017,35,42,2017-10-22,96.0,98.0,100.0,41.0,98.0,99.0,100.0,100.0
NJ,2017,36,43,2017-10-29,96.0,98.0,100.0,60.0,98.0,99.0,100.0,100.0
NJ,2017,37,44,2017-11-05,96.0,98.0,100.0,65.0,98.0,99.0,100.0,100.0
NJ,2017,38,45,2017-11-12,96.0,98.0,100.0,83.0,98.0,99.0,100.0,100.0
NJ,2017,39,46,2017-11-19,96.0,98.0,100.0,86.0,98.0,99.0,100.0,100.0
NJ,2017,40,47,2017-11-26,96.0,98.0,100.0,96.0,98.0,99.0,100.0,100.0
NJ,2018,9,16,2018-04-22,0.0,0.0,0.0,0.0,0.0,0.0,0.0,0.0
NJ,2018,10,17,2018-04-29,0.0,0.0,0.0,0.0,0.0,0.0,1.0,0.0
NJ,2018,11,18,2018-05-06,0.0,0.0,0.0,0.0,0.0,0.0,13.0,0.0
NJ,2018,12,19,2018-05-13,0.0,0.0,0.0,0.0,0.0,0.0,30.0,0.0
NJ,2018,13,20,2018-05-20,0.0,0.0,0.0,0.0,0.0,0.0,36.0,0.0
NJ,2018,14,21,2018-05-27,0.0,0.0,0.0,0.0,0.0,0.0,54.0,0.0
NJ,2018,15,22,2018-06-03,0.0,0.0,10.0,0.0,0.0,0.0,64.0,0.0
NJ,2018,16,23,2018-06-10,0.0,0.0,47.0,0.0,0.0,0.0,76.0,0.0
NJ,2018,17,24,2018-06-17,0.0,0.0,76.0,0.0,0.0,0.0,93.0,0.0
NJ,2018,18,25,2018-06-24,0.0,0.0,89.0,0.0,0.0,0.0,96.0,0.0
NJ,2018,19,26,2018-07-01,0.0,0.0,95.0,0.0,0.0,0.0,98.0,2.0
NJ,2018,20,27,2018-07-08,0.0,0.0,97.0,0.0,0.0,0.0,98.0,6.0
NJ,2018,21,28,2018-07-15,0.0,0.0,100.0,0.0,0.0,0.0,98.0,10.0
NJ,2018,22,29,2018-07-22,0.0,0.0,100.0,0.0,0.0,0.0,98.0,30.0
NJ,2018,23,30,2018-07-29,0.0,0.0,100.0,0.0,0.0,2.0,98.0,50.0
NJ,2018,24,31,2018-08-05,0.0,0.0,100.0,0.0,0.0,6.0,98.0,77.0
NJ,2018,25,32,2018-08-12,0.0,0.0,100.0,0.0,0.0,55.0,98.0,84.0
NJ,2018,26,33,2018-08-19,0.0,0.0,100.0,0.0,0.0,56.0,98.0,92.0
NJ,2018,27,34,2018-08-26,0.0,0.0,100.0,0.0,0.0,70.0,98.0,100.0
NJ,2018,28,35,2018-09-02,0.0,29.0,100.0,0.0,0.0,92.0,98.0,100.0
NJ,2018,29,36,2018-09-09,14.0,65.0,100.0,0.0,0.0,93.0,98.0,100.0
NJ,2018,30,37,2018-09-16,28.0,80.0,100.0,0.0,0.0,100.0,98.0,100.0
NJ,2018,31,38,2018-09-23,45.0,97.0,100.0,0.0,0.0,100.0,98.0,100.0
NJ,2018,32,39,2018-09-30,85.0,97.0,100.0,1.0,32.0,100.0,98.0,100.0
NJ,2018,33,40,2018-10-07,94.0,97.0,100.0,5.0,53.0,100.0,98.0,100.0
NJ,2018,34,41,2018-10-14,100.0,97.0,100.0,26.0,85.0,100.0,98.0,100.0
NJ,2018,35,42,2018-10-21,100.0,97.0,100.0,40.0,91.0,100.0,98.0,100.0
NJ,2018,36,43,2018-10-28,100.0,97.0,100.0,41.0,92.0,100.0,98.0,100.0
NJ,2018,37,44,2018-11-04,100.0,97.0,100.0,45.0,93.0,100.0,98.0,100.0
NJ,2018,38,45,2018-11-11,100.0,97.0,100.0,70.0,100.0,100.0,98.0,100.0
NJ,2018,39,46,2018-11-18,100.0,97.0,100.0,83.0,100.0,100.0,98.0,100.0
NJ,2018,40,47,2018-11-25,100.0,97.0,100.0,93.0,100.0,100.0,98.0,100.0
NJ,2019,11,18,2019-05-05,0.0,0.0,0.0,0.0,0.0,0.0,6.0,0.0
NJ,2019,12,19,2019-05-12,0.0,0.0,0.0,0.0,0.0,0.0,10.0,0.0
NJ,2019,13,20,2019-05-19,0.0,0.0,10.0,0.0,0.0,0.0,32.0,0.0
NJ,2019,14,21,2019-05-26,0.0,0.0,30.0,0.0,0.0,0.0,57.0,0.0
NJ,2019,15,22,2019-06-02,0.0,0.0,55.0,0.0,0.0,0.0,82.0,0.0
NJ,2019,16,23,2019-06-09,0.0,0.0,82.0,0.0,0.0,0.0,89.0,0.0
NJ,2019,17,24,2019-06-16,0.0,0.0,88.0,0.0,0.0,0.0,95.0,0.0
NJ,2019,18,25,2019-06-23,0.0,0.0,95.0,0.0,0.0,0.0,96.0,0.0
NJ,2019,19,26,2019-06-30,0.0,0.0,96.0,0.0,0.0,0.0,97.0,0.0
NJ,2019,20,27,2019-07-07,0.0,0.0,97.0,0.0,0.0,0.0,98.0,0.0
NJ,2019,21,28,2019-07-14,0.0,0.0,98.0,0.0,0.0,0.0,100.0,0.0
NJ,2019,22,29,2019-07-21,0.0,0.0,100.0,0.0,0.0,0.0,100.0,16.0
NJ,2019,23,30,2019-07-28,0.0,0.0,100.0,0.0,0.0,0.0,100.0,33.0
NJ,2019,24,31,2019-08-04,0.0,0.0,100.0,0.0,0.0,0.0,100.0,60.0
NJ,2019,25,32,2019-08-11,0.0,0.0,100.0,0.0,0.0,6.0,100.0,78.0
NJ,2019,26,33,2019-08-18,0.0,0.0,100.0,0.0,0.0,31.0,100.0,85.0
NJ,2019,27,34,2019-08-25,0.0,3.0,100.0,0.0,0.0,52.0,100.0,92.0
NJ,2019,28,35,2019-09-01,0.0,31.0,100.0,0.0,0.0,70.0,100.0,100.0
NJ,2019,29,36,2019-09-08,9.0,50.0,100.0,0.0,0.0,93.0,100.0,100.0
NJ,2019,30,37,2019-09-15,49.0,79.0,100.0,0.0,28.0,93.0,100.0,100.0
NJ,2019,31,38,2019-09-22,71.0,90.0,100.0,0.0,38.0,93.0,100.0,100.0
NJ,2019,32,39,2019-09-29,82.0,95.0,100.0,9.0,51.0,93.0,100.0,100.0
NJ,2019,33,40,2019-10-06,100.0,95.0,100.0,27.0,72.0,93.0,100.0,100.0
NJ,2019,34,41,2019-10-13,100.0,95.0,100.0,56.0,99.0,93.0,100.0,100.0
NJ,2019,35,42,2019-10-20,100.0,95.0,100.0,71.0,99.0,93.0,100.0,100.0
NJ,2019,36,43,2019-10-27,100.0,95.0,100.0,78.0,99.0,93.0,100.0,100.0
NJ,2019,37,44,2019-11-03,100.0,95.0,100.0,80.0,99.0,93.0,100.0,100.0
NJ,2019,38,45,2019-11-10,100.0,95.0,100.0,85.0,99.0,93.0,100.0,100.0
NJ,2019,39,46,2019-11-17,100.0,95.0,100.0,90.0,99.0,93.0,100.0,100.0
NJ,2019,40,47,2019-11-24,100.0,95.0,100.0,91.0,99.0,93.0,100.0,100.0
NJ,2019,41,48,2019-12-01,100.0,95.0,100.0,98.0,99.0,93.0,100.0,100.0
NJ,2020,12,19,2020-05-10,0.0,0.0,0.0,0.0,0.0,0.0,3.0,0.0
NJ,2020,13,20,2020-05-17,0.0,0.0,0.0,0.0,0.0,0.0,29.0,0.0
NJ,2020,14,21,2020-05-24,0.0,0.0,14.0,0.0,0.0,0.0,43.0,0.0
NJ,2020,15,22,2020-05-31,0.0,0.0,36.0,0.0,0.0,0.0,62.0,0.0
NJ,2020,16,23,2020-06-07,0.0,0.0,41.0,0.0,0.0,0.0,71.0,0.0
NJ,2020,17,24,2020-06-14,0.0,0.0,71.0,0.0,0.0,0.0,83.0,0.0
NJ,2020,18,25,2020-06-21,0.0,0.0,83.0,0.0,0.0,0.0,98.0,0.0
NJ,2020,19,26,2020-06-28,0.0,0.0,100.0,0.0,0.0,0.0,98.0,0.0
NJ,2020,20,27,2020-07-05,0.0,0.0,100.0,0.0,0.0,0.0,98.0,0.0
NJ,2020,21,28,2020-07-12,0.0,0.0,100.0,0.0,0.0,0.0,98.0,1.0
NJ,2020,22,29,2020-07-19,0.0,0.0,100.0,0.0,0.0,1.0,98.0,59.0
NJ,2020,23,30,2020-07-26,0.0,0.0,100.0,0.0,0.0,1.0,98.0,61.0
NJ,2020,24,31,2020-08-02,0.0,0.0,100.0,0.0,0.0,6.0,98.0,69.0
NJ,2020,25,32,2020-08-09,0.0,0.0,100.0,0.0,0.0,22.0,98.0,71.0
NJ,2020,26,33,2020-08-16,0.0,0.0,100.0,0.0,0.0,43.0,98.0,78.0
NJ,2020,27,34,2020-08-23,0.0,0.0,100.0,0.0,0.0,74.0,98.0,95.0
NJ,2020,28,35,2020-08-30,0.0,0.0,100.0,0.0,0.0,88.0,98.0,95.0
NJ,2020,29,36,2020-09-06,0.0,0.0,100.0,0.0,0.0,90.0,98.0,95.0
NJ,2020,30,37,2020-09-13,49.0,84.0,100.0,0.0,27.0,100.0,98.0,95.0
NJ,2020,31,38,2020-09-20,71.0,95.0,100.0,0.0,50.0,100.0,98.0,95.0
NJ,2020,32,39,2020-09-27,83.0,95.0,100.0,0.0,63.0,100.0,98.0,95.0
NJ,2020,33,40,2020-10-04,92.0,95.0,100.0,0.0,68.0,100.0,98.0,95.0
NJ,2020,34,41,2020-10-11,95.0,95.0,100.0,13.0,79.0,100.0,98.0,95.0
NJ,2020,35,42,2020-10-18,95.0,95.0,100.0,40.0,90.0,100.0,98.0,95.0
NJ,2020,36,43,2020-10-25,95.0,95.0,100.0,56.0,95.0,100.0,98.0,95.0
NJ,2020,37,44,2020-11-01,95.0,95.0,100.0,60.0,95.0,100.0,98.0,95.0
NJ,2020,38,45,2020-11-08,95.0,95.0,100.0,72.0,95.0,100.0,98.0,95.0
NJ,2020,39,46,2020-11-15,95.0,95.0,100.0,76.0,95.0,100.0,98.0,95.0
NJ,2020,40,47,2020-11-22,95.0,95.0,100.0,80.0,95.0,100.0,98.0,95.0
NJ,2020,41,48,2020-11-29,95.0,95.0,100.0,87.0,95.0,100.0,98.0,95.0
NJ,2021,11,18,2021-05-09,0.0,0.0,0.0,0.0,0.0,0.0,12.0,0.0
NJ,2021,12,19,2021-05-16,0.0,0.0,15.0,0.0,0.0,0.0,37.0,0.0
NJ,2021,13,20,2021-05-23,0.0,0.0,35.0,0.0,0.0,0.0,66.0,0.0
NJ,2021,14,21,2021-05-30,0.0,0.0,41.0,0.0,0.0,0.0,68.0,0.0
NJ,2021,15,22,2021-06-06,0.0,0.0,46.0,0.0,0.0,0.0,70.0,0.0
NJ,2021,16,23,2021-06-13,0.0,0.0,48.0,0.0,0.0,0.0,71.0,0.0
NJ,2021,17,24,2021-06-20,0.0,0.0,90.0,0.0,0.0,0.0,95.0,0.0
NJ,2021,18,25,2021-06-27,0.0,0.0,96.0,0.0,0.0,0.0,95.0,0.0
NJ,2021,19,26,2021-07-04,0.0,0.0,96.0,0.0,0.0,0.0,95.0,0.0
NJ,2021,20,27,2021-07-11,0.0,0.0,96.0,0.0,0.0,0.0,95.0,45.0
NJ,2021,21,28,2021-07-18,0.0,0.0,96.0,0.0,0.0,0.0,95.0,66.0
NJ,2021,22,29,2021-07-25,0.0,0.0,96.0,0.0,0.0,50.0,95.0,95.0
NJ,2021,23,30,2021-08-01,0.0,0.0,96.0,0.0,0.0,85.0,95.0,95.0
NJ,2021,24,31,2021-08-08,0.0,0.0,96.0,0.0,0.0,99.0,95.0,95.0
NJ,2021,25,32,2021-08-15,0.0,0.0,96.0,0.0,0.0,100.0,95.0,95.0
NJ,2021,26,33,2021-08-22,0.0,100.0,96.0,0.0,0.0,100.0,95.0,95.0
NJ,2021,27,34,2021-08-29,20.0,100.0,96.0,0.0,0.0,100.0,95.0,95.0
NJ,2021,28,35,2021-09-05,40.0,100.0,96.0,0.0,15.0,100.0,95.0,95.0
NJ,2021,29,36,2021-09-12,70.0,100.0,96.0,0.0,21.0,100.0,95.0,95.0
NJ,2021,30,37,2021-09-19,80.0,100.0,96.0,0.0,40.0,100.0,95.0,95.0
NJ,2021,31,38,2021-09-26,90.0,100.0,96.0,0.0,60.0,100.0,95.0,95.0
NJ,2021,32,39,2021-10-03,98.0,100.0,96.0,23.0,88.0,100.0,95.0,95.0
NJ,2021,33,40,2021-10-10,98.0,100.0,96.0,47.0,96.0,100.0,95.0,95.0
NJ,2021,34,41,2021-10-17,98.0,100.0,96.0,56.0,96.0,100.0,95.0,95.0
NJ,2021,35,42,2021-10-24,98.0,100.0,96.0,78.0,96.0,100.0,95.0,95.0
NJ,2021,36,43,2021-10-31,98.0,100.0,96.0,83.0,96.0,100.0,95.0,95.0
NJ,2021,37,44,2021-11-07,98.0,100.0,96.0,86.0,96.0,100.0,95.0,95.0
NJ,2021,38,45,2021-11-14,98.0,100.0,96.0,90.0,96.0,100.0,95.0,95.0
NJ,2021,39,46,2021-11-21,98.0,100.0,96.0,95.0,96.0,100.0,95.0,95.0
NJ,2022,11,18,2022-05-08,0.0,0.0,0.0,0.0,0.0,0.0,20.0,0.0
NJ,2022,12,19,2022-05-15,0.0,0.0,18.0,0.0,0.0,0.0,48.0,0.0
NJ,2022,13,20,2022-05-22,0.0,0.0,52.0,0.0,0.0,0.0,77.0,0.0
NJ,2022,14,21,2022-05-29,0.0,0.0,80.0,0.0,0.0,0.0,88.0,0.0
NJ,2022,15,22,2022-06-05,0.0,0.0,84.0,0.0,0.0,0.0,93.0,0.0
NJ,2022,16,23,2022-06-12,0.0,0.0,91.0,0.0,0.0,0.0,96.0,0.0
NJ,2022,17,24,2022-06-19,0.0,0.0,96.0,0.0,0.0,0.0,96.0,0.0
NJ,2022,20,27,2022-07-10,0.0,0.0,96.0,0.0,0.0,0.0,96.0,20.0
NJ,2022,21,28,2022-07-17,0.0,0.0,96.0,0.0,0.0,0.0,96.0,66.0
NJ,2022,22,29,2022-07-24,0.0,0.0,96.0,0.0,0.0,36.0,96.0,85.0
NJ,2022,23,30,2022-07-31,0.0,0.0,96.0,0.0,0.0,50.0,96.0,92.0
NJ,2022,24,31,2022-08-07,0.0,0.0,96.0,0.0,0.0,85.0,96.0,100.0
NJ,2022,25,32,2022-08-14,0.0,0.0,96.0,0.0,0.0,91.0,96.0,100.0
NJ,2022,26,33,2022-08-21,0.0,0.0,96.0,0.0,0.0,96.0,96.0,100.0
NJ,2022,27,34,2022-08-28,0.0,81.0,96.0,0.0,0.0,96.0,96.0,100.0
NJ,2022,28,35,2022-09-04,62.0,96.0,96.0,0.0,33.0,96.0,96.0,100.0
NJ,2022,29,36,2022-09-11,88.0,96.0,96.0,0.0,49.0,96.0,96.0,100.0
NJ,2022,30,37,2022-09-18,96.0,96.0,96.0,0.0,61.0,96.0,96.0,100.0
NJ,2022,31,38,2022-09-25,96.0,96.0,96.0,0.0,89.0,96.0,96.0,100.0
NJ,2022,32,39,2022-10-02,96.0,96.0,96.0,33.0,89.0,96.0,96.0,100.0
NJ,2022,33,40,2022-10-09,96.0,96.0,96.0,42.0,100.0,96.0,96.0,100.0
NJ,2022,34,41,2022-10-16,96.0,96.0,96.0,47.0,100.0,96.0,96.0,100.0
NJ,2022,35,42,2022-10-23,96.0,96.0,96.0,65.0,100.0,96.0,96.0,100.0
NJ,2022,36,43,2022-10-30,96.0,96.0,96.0,77.0,100.0,96.0,96.0,100.0
NJ,2022,37,44,2022-11-06,96.0,96.0,96.0,88.0,100.0,96.0,96.0,100.0
NJ,2022,38,45,2022-11-13,96.0,96.0,96.0,91.0,100.0,96.0,96.0,100.0
NJ,2022,39,46,2022-11-20,96.0,96.0,96.0,96.0,100.0,96.0,96.0,100.0
NJ,2023,10,17,2023-04-30,0.0,0.0,0.0,0.0,0.0,0.0,10.0,0.0
NJ,2023,11,18,2023-05-07,0.0,0.0,10.0,0.0,0.0,0.0,25.0,0.0
NJ,2023,12,19,2023-05-14,0.0,0.0,20.0,0.0,0.0,0.0,40.0,0.0
NJ,2023,13,20,2023-05-21,0.0,0.0,35.0,0.0,0.0,0.0,65.0,0.0
NJ,2023,14,21,2023-05-28,0.0,0.0,65.0,0.0,0.0,0.0,90.0,0.0
NJ,2023,15,22,2023-06-04,0.0,0.0,70.0,0.0,0.0,0.0,95.0,0.0
NJ,2023,16,23,2023-06-11,0.0,0.0,85.0,0.0,0.0,0.0,95.0,0.0
NJ,2023,17,24,2023-06-18,0.0,0.0,95.0,0.0,0.0,0.0,95.0,0.0
NJ,2023,19,26,2023-07-02,0.0,0.0,95.0,0.0,0.0,0.0,95.0,0.0
NJ,2023,20,27,2023-07-09,0.0,0.0,95.0,0.0,0.0,0.0,95.0,3.0
NJ,2023,21,28,2023-07-16,0.0,0.0,95.0,0.0,0.0,1.0,95.0,13.0
NJ,2023,22,29,2023-07-23,0.0,0.0,95.0,0.0,0.0,18.0,95.0,38.0
NJ,2023,23,30,2023-07-30,0.0,0.0,95.0,0.0,0.0,29.0,95.0,56.0
NJ,2023,24,31,2023-08-06,0.0,0.0,95.0,0.0,0.0,36.0,95.0,64.0
NJ,2023,25,32,2023-08-13,0.0,0.0,95.0,0.0,0.0,41.0,95.0,70.0
NJ,2023,26,33,2023-08-20,0.0,0.0,95.0,0.0,0.0,60.0,95.0,83.0
NJ,2023,27,34,2023-08-27,0.0,22.0,95.0,0.0,0.0,75.0,95.0,93.0
NJ,2023,28,35,2023-09-03,5.0,34.0,95.0,0.0,3.0,86.0,95.0,93.0
NJ,2023,29,36,2023-09-10,43.0,66.0,95.0,0.0,23.0,95.0,95.0,93.0
NJ,2023,30,37,2023-09-17,55.0,84.0,95.0,0.0,30.0,95.0,95.0,93.0
NJ,2023,31,38,2023-09-24,75.0,84.0,95.0,0.0,39.0,95.0,95.0,93.0
NJ,2023,32,39,2023-10-01,95.0,84.0,95.0,0.0,50.0,95.0,95.0,93.0
NJ,2023,33,40,2023-10-08,95.0,84.0,95.0,8.0,67.0,95.0,95.0,93.0
NJ,2023,34,41,2023-10-15,95.0,84.0,95.0,30.0,72.0,95.0,95.0,93.0
NJ,2023,35,42,2023-10-22,95.0,84.0,95.0,45.0,81.0,95.0,95.0,93.0
NJ,2023,36,43,2023-10-29,95.0,84.0,95.0,55.0,92.0,95.0,95.0,93.0
NJ,2023,37,44,2023-11-05,95.0,84.0,95.0,75.0,95.0,95.0,95.0,93.0
NJ,2023,38,45,2023-11-12,95.0,84.0,95.0,80.0,95.0,95.0,95.0,93.0
NJ,2023,39,46,2023-11-19,95.0,84.0,95.0,93.0,95.0,95.0,95.0,93.0
NJ,2023,40,47,2023-11-26,95.0,84.0,95.0,97.0,95.0,95.0,95.0,93.0
NJ,2024,11,18,2024-05-05,0.0,0.0,0.0,0.0,0.0,0.0,8.0,0.0
NJ,2024,12,19,2024-05-12,0.0,0.0,10.0,0.0,0.0,0.0,35.0,0.0
NJ,2024,13,20,2024-05-19,0.0,0.0,30.0,0.0,0.0,0.0,50.0,0.0
NJ,2024,14,21,2024-05-26,0.0,0.0,42.0,0.0,0.0,0.0,70.0,0.0
NJ,2024,15,22,2024-06-02,0.0,0.0,65.0,0.0,0.0,0.0,85.0,0.0
NJ,2024,16,23,2024-06-09,0.0,0.0,74.0,0.0,0.0,0.0,95.0,0.0
NJ,2024,17,24,2024-06-16,0.0,0.0,83.0,0.0,0.0,0.0,96.0,0.0
NJ,2024,18,25,2024-06-23,0.0,0.0,95.0,0.0,0.0,0.0,96.0,0.0
NJ,2024,19,26,2024-06-30,0.0,0.0,95.0,0.0,0.0,0.0,96.0,1.0
NJ,2024,20,27,2024-07-07,0.0,0.0,95.0,0.0,0.0,0.0,96.0,5.0
NJ,2024,21,28,2024-07-14,0.0,0.0,95.0,0.0,0.0,0.0,96.0,33.0
NJ,2024,22,29,2024-07-21,0.0,0.0,95.0,0.0,0.0,5.0,96.0,52.0
NJ,2024,23,30,2024-07-28,0.0,0.0,95.0,0.0,0.0,27.0,96.0,68.0
NJ,2024,24,31,2024-08-04,0.0,0.0,95.0,0.0,0.0,37.0,96.0,74.0
NJ,2024,25,32,2024-08-11,0.0,0.0,95.0,0.0,0.0,42.0,96.0,82.0
NJ,2024,26,33,2024-08-18,0.0,0.0,95.0,0.0,0.0,54.0,96.0,85.0
NJ,2024,27,34,2024-08-25,0.0,9.0,95.0,0.0,0.0,68.0,96.0,95.0
NJ,2024,28,35,2024-09-01,10.0,34.0,95.0,0.0,0.0,85.0,96.0,95.0
NJ,2024,29,36,2024-09-08,25.0,41.0,95.0,0.0,10.0,87.0,96.0,95.0
NJ,2024,30,37,2024-09-15,50.0,70.0,95.0,0.0,25.0,96.0,96.0,95.0
NJ,2024,31,38,2024-09-22,53.0,82.0,95.0,1.0,40.0,96.0,96.0,95.0
NJ,2024,32,39,2024-09-29,75.0,85.0,95.0,7.0,54.0,96.0,96.0,95.0
NJ,2024,33,40,2024-10-06,80.0,90.0,95.0,18.0,63.0,96.0,96.0,95.0
NJ,2024,34,41,2024-10-13,85.0,95.0,95.0,35.0,71.0,96.0,96.0,95.0
NJ,2024,35,42,2024-10-20,95.0,95.0,95.0,47.0,83.0,96.0,96.0,95.0
NJ,2024,36,43,2024-10-27,95.0,95.0,95.0,56.0,86.0,96.0,96.0,95.0
NJ,2024,37,44,2024-11-03,95.0,95.0,95.0,65.0,92.0,96.0,96.0,95.0
NJ,2024,38,45,2024-11-10,95.0,95.0,95.0,67.0,95.0,96.0,96.0,95.0
NJ,2024,39,46,2024-11-17,95.0,95.0,95.0,71.0,95.0,96.0,96.0,95.0
NJ,2024,40,47,2024-11-24,95.0,95.0,95.0,72.0,95.0,96.0,96.0,95.0
NJ,2025,10,17,2025-04-27,0.0,0.0,0.0,0.0,0.0,0.0,14.0,0.0
NJ,2025,11,18,2025-05-04,0.0,0.0,2.0,0.0,0.0,0.0,32.0,0.0
NJ,2025,12,19,2025-05-11,0.0,0.0,21.0,0.0,0.0,0.0,52.0,0.0
NJ,2025,13,20,2025-05-18,0.0,0.0,40.0,0.0,0.0,0.0,60.0,0.0
NJ,2025,14,21,2025-05-25,0.0,0.0,58.0,0.0,0.0,0.0,75.0,0.0
NJ,2025,15,22,2025-06-01,0.0,0.0,65.0,0.0,0.0,0.0,78.0,0.0
NJ,2025,16,23,2025-06-08,0.0,0.0,80.0,0.0,0.0,0.0,95.0,0.0
NJ,2025,17,24,2025-06-15,0.0,0.0,95.0,0.0,0.0,0.0,95.0,0.0
NJ,2025,19,26,2025-06-29,0.0,0.0,95.0,0.0,0.0,0.0,95.0,0.0
NJ,2025,20,27,2025-07-06,0.0,0.0,95.0,0.0,0.0,0.0,95.0,0.0
NJ,2025,21,28,2025-07-13,0.0,0.0,95.0,0.0,0.0,0.0,95.0,20.0
NJ,2025,22,29,2025-07-20,0.0,0.0,95.0,0.0,0.0,12.0,95.0,49.0
NJ,2025,23,30,2025-07-27,0.0,0.0,95.0,0.0,0.0,30.0,95.0,71.0
NJ,2025,24,31,2025-08-03,0.0,0.0,95.0,0.0,0.0,40.0,95.0,85.0
NJ,2025,25,32,2025-08-10,0.0,2.0,95.0,0.0,0.0,60.0,95.0,95.0
NJ,2025,26,33,2025-08-17,0.0,22.0,95.0,0.0,0.0,76.0,95.0,95.0
NJ,2025,27,34,2025-08-24,5.0,42.0,95.0,0.0,0.0,81.0,95.0,95.0
NJ,2025,28,35,2025-08-31,9.0,62.0,95.0,0.0,0.0,91.0,95.0,95.0
NJ,2025,29,36,2025-09-07,12.0,75.0,95.0,0.0,3.0,95.0,95.0,95.0
NJ,2025,30,37,2025-09-14,40.0,85.0,95.0,0.0,32.0,95.0,95.0,95.0
NJ,2025,31,38,2025-09-21,60.0,95.0,95.0,0.0,42.0,95.0,95.0,95.0
NJ,2025,32,39,2025-09-28,75.0,95.0,95.0,2.0,52.0,95.0,95.0,95.0
NJ,2025,39,46,2025-11-16,75.0,95.0,95.0,85.0,96.0,95.0,95.0,95.0
NJ,2025,40,47,2025-11-23,75.0,95.0,95.0,91.0,96.0,95.0,95.0,95.0
NM,2016,7,14,2016-04-10,0.0,0.0,0.0,0.0,0.0,,0.0,0.0
NM,2016,8,15,2016-04-17,0.0,0.0,0.0,0.0,0.0,,1.0,0.0
NM,2016,9,16,2016-04-24,0.0,0.0,0.0,0.0,0.0,,13.0,0.0
NM,2016,10,17,2016-05-01,0.0,0.0,0.0,0.0,0.0,,25.0,0.0
NM,2016,11,18,2016-05-08,0.0,0.0,2.0,0.0,0.0,,35.0,0.0
NM,2016,12,19,2016-05-15,0.0,0.0,8.0,0.0,0.0,,44.0,0.0
NM,2016,13,20,2016-05-22,0.0,0.0,20.0,0.0,0.0,,54.0,0.0
NM,2016,14,21,2016-05-29,0.0,0.0,40.0,0.0,0.0,,80.0,0.0
NM,2016,15,22,2016-06-05,0.0,0.0,45.0,0.0,0.0,,88.0,0.0
NM,2016,16,23,2016-06-12,0.0,0.0,55.0,0.0,0.0,,90.0,0.0
NM,2016,17,24,2016-06-19,0.0,0.0,74.0,0.0,0.0,,93.0,0.0
NM,2016,18,25,2016-06-26,0.0,0.0,82.0,0.0,0.0,,97.0,0.0
NM,2016,19,26,2016-07-03,0.0,0.0,85.0,0.0,0.0,,97.0,4.0
NM,2016,20,27,2016-07-10,0.0,0.0,90.0,0.0,0.0,,97.0,14.0
NM,2016,21,28,2016-07-17,0.0,0.0,95.0,0.0,0.0,,97.0,20.0
NM,2016,22,29,2016-07-24,0.0,0.0,95.0,0.0,0.0,,97.0,36.0
NM,2016,23,30,2016-07-31,0.0,0.0,95.0,0.0,0.0,,97.0,60.0
NM,2016,24,31,2016-08-07,0.0,18.0,95.0,1.0,0.0,,97.0,73.0
NM,2016,25,32,2016-08-14,0.0,36.0,95.0,18.0,0.0,,97.0,84.0
NM,2016,26,33,2016-08-21,3.0,49.0,95.0,34.0,0.0,,97.0,90.0
NM,2016,27,34,2016-08-28,13.0,60.0,95.0,37.0,0.0,,97.0,95.0
NM,2016,28,35,2016-09-04,33.0,77.0,95.0,40.0,0.0,,97.0,95.0
NM,2016,29,36,2016-09-11,50.0,85.0,95.0,44.0,4.0,,97.0,95.0
NM,2016,30,37,2016-09-18,65.0,92.0,95.0,51.0,11.0,,97.0,95.0
NM,2016,31,38,2016-09-25,77.0,94.0,95.0,56.0,40.0,,97.0,95.0
NM,2016,32,39,2016-10-02,81.0,96.0,95.0,70.0,53.0,,97.0,95.0
NM,2016,33,40,2016-10-09,83.0,96.0,95.0,2.0,68.0,,97.0,95.0
NM,2016,34,41,2016-10-16,87.0,96.0,95.0,7.0,74.0,,97.0,95.0
NM,2016,35,42,2016-10-23,95.0,96.0,95.0,15.0,80.0,,97.0,95.0
NM,2016,36,43,2016-10-30,95.0,96.0,95.0,36.0,90.0,,97.0,95.0
NM,2016,37,44,2016-11-06,95.0,96.0,95.0,45.0,95.0,,97.0,95.0
NM,2016,38,45,2016-11-13,95.0,96.0,95.0,52.0,95.0,,97.0,95.0
NM,2016,39,46,2016-11-20,95.0,96.0,95.0,56.0,95.0,,97.0,95.0
NM,2016,40,47,2016-11-27,95.0,96.0,95.0,65.0,95.0,,97.0,95.0
NM,2017,7,14,2017-04-09,0.0,0.0,0.0,0.0,0.0,,3.0,0.0
NM,2017,8,15,2017-04-16,0.0,0.0,0.0,0.0,0.0,,13.0,0.0
NM,2017,9,16,2017-04-23,0.0,0.0,1.0,0.0,0.0,,25.0,0.0
NM,2017,10,17,2017-04-30,0.0,0.0,3.0,0.0,0.0,,29.0,0.0
NM,2017,11,18,2017-05-07,0.0,0.0,8.0,0.0,0.0,,35.0,0.0
NM,2017,12,19,2017-05-14,0.0,0.0,19.0,0.0,0.0,,49.0,0.0
NM,2017,13,20,2017-05-21,0.0,0.0,21.0,0.0,0.0,,57.0,0.0
NM,2017,14,21,2017-05-28,0.0,0.0,35.0,0.0,0.0,,69.0,0.0
NM,2017,15,22,2017-06-04,0.0,0.0,45.0,0.0,0.0,,82.0,0.0
NM,2017,16,23,2017-06-11,0.0,0.0,61.0,0.0,0.0,,90.0,0.0
NM,2017,17,24,2017-06-18,0.0,0.0,76.0,0.0,0.0,,99.0,0.0
NM,2017,18,25,2017-06-25,0.0,0.0,93.0,0.0,0.0,,99.0,0.0
NM,2017,19,26,2017-07-02,0.0,0.0,96.0,0.0,0.0,,99.0,1.0
NM,2017,20,27,2017-07-09,0.0,0.0,98.0,0.0,0.0,,99.0,5.0
NM,2017,21,28,2017-07-16,0.0,0.0,98.0,0.0,0.0,,99.0,15.0
NM,2017,22,29,2017-07-23,0.0,0.0,98.0,0.0,0.0,,99.0,26.0
NM,2017,23,30,2017-07-30,0.0,3.0,98.0,0.0,0.0,,99.0,54.0
NM,2017,24,31,2017-08-06,0.0,11.0,98.0,1.0,0.0,,99.0,68.0
NM,2017,25,32,2017-08-13,1.0,21.0,98.0,9.0,0.0,,99.0,78.0
NM,2017,26,33,2017-08-20,5.0,29.0,98.0,15.0,0.0,,99.0,91.0
NM,2017,27,34,2017-08-27,21.0,52.0,98.0,17.0,0.0,,99.0,95.0
NM,2017,28,35,2017-09-03,32.0,62.0,98.0,33.0,1.0,,99.0,95.0
NM,2017,29,36,2017-09-10,44.0,70.0,98.0,50.0,15.0,,99.0,95.0
NM,2017,30,37,2017-09-17,64.0,82.0,98.0,58.0,29.0,,99.0,95.0
NM,2017,31,38,2017-09-24,77.0,92.0,98.0,67.0,40.0,,99.0,95.0
NM,2017,32,39,2017-10-01,85.0,99.0,98.0,0.0,56.0,,99.0,95.0
NM,2017,33,40,2017-10-08,91.0,99.0,98.0,1.0,69.0,,99.0,95.0
NM,2017,34,41,2017-10-15,94.0,99.0,98.0,10.0,75.0,,99.0,95.0
NM,2017,35,42,2017-10-22,96.0,99.0,98.0,25.0,81.0,,99.0,95.0
NM,2017,36,43,2017-10-29,96.0,99.0,98.0,42.0,88.0,,99.0,95.0
NM,2017,37,44,2017-11-05,96.0,99.0,98.0,55.0,91.0,,99.0,95.0
NM,2017,38,45,2017-11-12,96.0,99.0,98.0,67.0,94.0,,99.0,95.0
NM,2017,39,46,2017-11-19,96.0,99.0,98.0,72.0,96.0,,99.0,95.0
NM,2017,40,47,2017-11-26,96.0,99.0,98.0,80.0,96.0,,99.0,95.0
NM,2018,8,15,2018-04-15,0.0,0.0,0.0,0.0,0.0,,2.0,0.0
NM,2018,9,16,2018-04-22,0.0,0.0,0.0,0.0,0.0,,22.0,0.0
NM,2018,10,17,2018-04-29,0.0,0.0,1.0,0.0,0.0,,37.0,0.0
NM,2018,11,18,2018-05-06,0.0,0.0,11.0,0.0,0.0,,51.0,0.0
NM,2018,12,19,2018-05-13,0.0,0.0,22.0,0.0,0.0,,61.0,0.0
NM,2018,13,20,2018-05-20,0.0,0.0,38.0,0.0,0.0,,73.0,0.0
NM,2018,14,21,2018-05-27,0.0,0.0,55.0,0.0,0.0,,79.0,0.0
NM,2018,15,22,2018-06-03,0.0,0.0,70.0,0.0,0.0,,86.0,0.0
NM,2018,16,23,2018-06-10,0.0,0.0,80.0,0.0,0.0,,94.0,0.0
NM,2018,17,24,2018-06-17,0.0,0.0,91.0,0.0,0.0,,98.0,0.0
NM,2018,18,25,2018-06-24,0.0,0.0,96.0,0.0,0.0,,98.0,0.0
NM,2018,19,26,2018-07-01,0.0,0.0,96.0,0.0,0.0,,98.0,0.0
NM,2018,20,27,2018-07-08,0.0,0.0,96.0,0.0,0.0,,98.0,12.0
NM,2018,21,28,2018-07-15,0.0,0.0,96.0,0.0,0.0,,98.0,29.0
NM,2018,22,29,2018-07-22,0.0,0.0,96.0,0.0,0.0,,98.0,40.0
NM,2018,23,30,2018-07-29,0.0,3.0,96.0,0.0,0.0,,98.0,62.0
NM,2018,24,31,2018-08-05,0.0,8.0,96.0,0.0,0.0,,98.0,77.0
NM,2018,25,32,2018-08-12,1.0,22.0,96.0,3.0,0.0,,98.0,91.0
NM,2018,26,33,2018-08-19,9.0,41.0,96.0,18.0,0.0,,98.0,95.0
NM,2018,27,34,2018-08-26,26.0,68.0,96.0,27.0,0.0,,98.0,95.0
NM,2018,28,35,2018-09-02,42.0,75.0,96.0,34.0,3.0,,98.0,95.0
NM,2018,29,36,2018-09-09,60.0,86.0,96.0,41.0,31.0,,98.0,95.0
NM,2018,30,37,2018-09-16,70.0,91.0,96.0,54.0,43.0,,98.0,95.0
NM,2018,31,38,2018-09-23,77.0,93.0,96.0,70.0,48.0,,98.0,95.0
NM,2018,32,39,2018-09-30,82.0,95.0,96.0,4.0,58.0,,98.0,95.0
NM,2018,33,40,2018-10-07,90.0,95.0,96.0,13.0,65.0,,98.0,95.0
NM,2018,34,41,2018-10-14,95.0,95.0,96.0,18.0,75.0,,98.0,95.0
NM,2018,35,42,2018-10-21,95.0,95.0,96.0,25.0,82.0,,98.0,95.0
NM,2018,36,43,2018-10-28,95.0,95.0,96.0,34.0,88.0,,98.0,95.0
NM,2018,37,44,2018-11-04,95.0,95.0,96.0,46.0,93.0,,98.0,95.0
NM,2018,38,45,2018-11-11,95.0,95.0,96.0,61.0,94.0,,98.0,95.0
NM,2018,39,46,2018-11-18,95.0,95.0,96.0,69.0,96.0,,98.0,95.0
NM,2018,40,47,2018-11-25,95.0,95.0,96.0,75.0,96.0,,98.0,95.0
NM,2019,8,15,2019-04-14,0.0,0.0,0.0,0.0,0.0,,2.0,0.0
NM,2019,9,16,2019-04-21,0.0,0.0,0.0,0.0,0.0,,16.0,0.0
NM,2019,10,17,2019-04-28,0.0,0.0,2.0,0.0,0.0,,27.0,0.0
NM,2019,11,18,2019-05-05,0.0,0.0,8.0,0.0,0.0,,36.0,0.0
NM,2019,12,19,2019-05-12,0.0,0.0,13.0,0.0,0.0,,44.0,0.0
NM,2019,13,20,2019-05-19,0.0,0.0,21.0,0.0,0.0,,57.0,0.0
NM,2019,14,21,2019-05-26,0.0,0.0,36.0,0.0,0.0,,69.0,0.0
NM,2019,15,22,2019-06-02,0.0,0.0,52.0,0.0,0.0,,77.0,0.0
NM,2019,16,23,2019-06-09,0.0,0.0,60.0,0.0,0.0,,84.0,0.0
NM,2019,17,24,2019-06-16,0.0,0.0,68.0,0.0,0.0,,96.0,0.0
NM,2019,18,25,2019-06-23,0.0,0.0,73.0,0.0,0.0,,96.0,0.0
NM,2019,19,26,2019-06-30,0.0,0.0,85.0,0.0,0.0,,96.0,0.0
NM,2019,20,27,2019-07-07,0.0,0.0,90.0,0.0,0.0,,96.0,0.0
NM,2019,21,28,2019-07-14,0.0,0.0,95.0,0.0,0.0,,96.0,0.0
NM,2019,22,29,2019-07-21,0.0,0.0,95.0,0.0,0.0,,96.0,9.0
NM,2019,23,30,2019-07-28,0.0,0.0,95.0,0.0,0.0,,96.0,18.0
NM,2019,24,31,2019-08-04,0.0,0.0,95.0,0.0,0.0,,96.0,31.0
NM,2019,25,32,2019-08-11,0.0,2.0,95.0,0.0,0.0,,96.0,52.0
NM,2019,26,33,2019-08-18,0.0,12.0,95.0,6.0,0.0,,96.0,66.0
NM,2019,27,34,2019-08-25,10.0,36.0,95.0,17.0,0.0,,96.0,80.0
NM,2019,28,35,2019-09-01,25.0,45.0,95.0,27.0,0.0,,96.0,87.0
NM,2019,29,36,2019-09-08,39.0,57.0,95.0,35.0,12.0,,96.0,95.0
NM,2019,30,37,2019-09-15,56.0,72.0,95.0,49.0,29.0,,96.0,95.0
NM,2019,31,38,2019-09-22,68.0,82.0,95.0,57.0,42.0,,96.0,95.0
NM,2019,32,39,2019-09-29,76.0,88.0,95.0,0.0,56.0,,96.0,95.0
NM,2019,33,40,2019-10-06,81.0,95.0,95.0,3.0,66.0,,96.0,95.0
NM,2019,34,41,2019-10-13,86.0,95.0,95.0,10.0,76.0,,96.0,95.0
NM,2019,35,42,2019-10-20,89.0,95.0,95.0,17.0,81.0,,96.0,95.0
NM,2019,36,43,2019-10-27,95.0,95.0,95.0,35.0,88.0,,96.0,95.0
NM,2019,37,44,2019-11-03,95.0,95.0,95.0,46.0,91.0,,96.0,95.0
NM,2019,38,45,2019-11-10,95.0,95.0,95.0,61.0,94.0,,96.0,95.0
NM,2019,39,46,2019-11-17,95.0,95.0,95.0,72.0,95.0,,96.0,95.0
NM,2019,40,47,2019-11-24,95.0,95.0,95.0,79.0,95.0,,96.0,95.0
NM,2020,8,15,2020-04-12,0.0,0.0,0.0,0.0,0.0,,5.0,0.0
NM,2020,9,16,2020-04-19,0.0,0.0,0.0,0.0,0.0,,19.0,0.0
NM,2020,10,17,2020-04-26,0.0,0.0,3.0,0.0,0.0,,27.0,0.0
NM,2020,11,18,2020-05-03,0.0,0.0,7.0,0.0,0.0,,39.0,0.0
NM,2020,12,19,2020-05-10,0.0,0.0,21.0,0.0,0.0,,53.0,0.0
NM,2020,13,20,2020-05-17,0.0,0.0,32.0,0.0,0.0,,58.0,0.0
NM,2020,14,21,2020-05-24,0.0,0.0,41.0,0.0,0.0,,70.0,0.0
NM,2020,15,22,2020-05-31,0.0,0.0,52.0,0.0,0.0,,76.0,0.0
NM,2020,16,23,2020-06-07,0.0,0.0,61.0,0.0,0.0,,83.0,0.0
NM,2020,17,24,2020-06-14,0.0,0.0,64.0,0.0,0.0,,86.0,0.0
NM,2020,18,25,2020-06-21,0.0,0.0,67.0,0.0,0.0,,89.0,2.0
NM,2020,19,26,2020-06-28,0.0,0.0,72.0,0.0,0.0,,92.0,5.0
NM,2020,20,27,2020-07-05,0.0,0.0,85.0,0.0,0.0,,94.0,7.0
NM,2020,21,28,2020-07-12,0.0,0.0,90.0,0.0,0.0,,95.0,10.0
NM,2020,22,29,2020-07-19,0.0,0.0,92.0,0.0,0.0,,95.0,12.0
NM,2020,23,30,2020-07-26,0.0,0.0,95.0,0.0,0.0,,95.0,27.0
NM,2020,24,31,2020-08-02,0.0,1.0,95.0,0.0,0.0,,95.0,50.0
NM,2020,25,32,2020-08-09,0.0,7.0,95.0,0.0,0.0,,95.0,56.0
NM,2020,26,33,2020-08-16,3.0,30.0,95.0,0.0,0.0,,95.0,70.0
NM,2020,27,34,2020-08-23,27.0,51.0,95.0,0.0,0.0,,95.0,80.0
NM,2020,28,35,2020-08-30,37.0,62.0,95.0,9.0,10.0,,95.0,83.0
NM,2020,29,36,2020-09-06,48.0,72.0,95.0,31.0,14.0,,95.0,89.0
NM,2020,30,37,2020-09-13,60.0,79.0,95.0,55.0,33.0,,95.0,93.0
NM,2020,31,38,2020-09-20,70.0,86.0,95.0,75.0,45.0,,95.0,97.0
NM,2020,32,39,2020-09-27,77.0,93.0,95.0,1.0,54.0,,95.0,97.0
NM,2020,33,40,2020-10-04,83.0,99.0,95.0,6.0,62.0,,95.0,97.0
NM,2020,34,41,2020-10-11,90.0,99.0,95.0,14.0,68.0,,95.0,97.0
NM,2020,35,42,2020-10-18,99.0,99.0,95.0,28.0,80.0,,95.0,97.0
NM,2020,36,43,2020-10-25,99.0,99.0,95.0,38.0,91.0,,95.0,97.0
NM,2020,37,44,2020-11-01,99.0,99.0,95.0,42.0,95.0,,95.0,97.0
NM,2020,38,45,2020-11-08,99.0,99.0,95.0,60.0,95.0,,95.0,97.0
NM,2020,39,46,2020-11-15,99.0,99.0,95.0,79.0,95.0,,95.0,97.0
NM,2020,40,47,2020-11-22,99.0,99.0,95.0,85.0,95.0,,95.0,97.0
NM,2020,41,48,2020-11-29,99.0,99.0,95.0,88.0,95.0,,95.0,97.0
NM,2021,7,14,2021-04-11,0.0,0.0,0.0,0.0,0.0,,2.0,0.0
NM,2021,8,15,2021-04-18,0.0,0.0,0.0,0.0,0.0,,9.0,0.0
NM,2021,9,16,2021-04-25,0.0,0.0,2.0,0.0,0.0,,18.0,0.0
NM,2021,10,17,2021-05-02,0.0,0.0,6.0,0.0,0.0,,28.0,0.0
NM,2021,11,18,2021-05-09,0.0,0.0,14.0,0.0,0.0,,45.0,0.0
NM,2021,12,19,2021-05-16,0.0,0.0,23.0,0.0,0.0,,55.0,0.0
NM,2021,13,20,2021-05-23,0.0,0.0,36.0,0.0,0.0,,67.0,0.0
NM,2021,14,21,2021-05-30,0.0,0.0,50.0,0.0,0.0,,79.0,0.0
NM,2021,15,22,2021-06-06,0.0,0.0,55.0,0.0,0.0,,84.0,0.0
NM,2021,16,23,2021-06-13,0.0,0.0,70.0,0.0,0.0,,98.0,0.0
NM,2021,17,24,2021-06-20,0.0,0.0,84.0,0.0,0.0,,98.0,0.0
NM,2021,18,25,2021-06-27,0.0,0.0,91.0,0.0,0.0,,98.0,0.0
NM,2021,19,26,2021-07-04,0.0,0.0,95.0,0.0,0.0,,98.0,1.0
NM,2021,20,27,2021-07-11,0.0,0.0,95.0,0.0,0.0,,98.0,6.0
NM,2021,21,28,2021-07-18,0.0,0.0,95.0,0.0,0.0,,98.0,21.0
NM,2021,22,29,2021-07-25,0.0,0.0,95.0,0.0,0.0,,98.0,28.0
NM,2021,23,30,2021-08-01,0.0,10.0,95.0,0.0,0.0,,98.0,47.0
NM,2021,24,31,2021-08-08,14.0,23.0,95.0,4.0,0.0,,98.0,66.0
NM,2021,25,32,2021-08-15,19.0,32.0,95.0,6.0,0.0,,98.0,82.0
NM,2021,26,33,2021-08-22,27.0,52.0,95.0,8.0,1.0,,98.0,89.0
NM,2021,27,34,2021-08-29,33.0,67.0,95.0,10.0,2.0,,98.0,92.0
NM,2021,28,35,2021-09-05,51.0,73.0,95.0,29.0,20.0,,98.0,96.0
NM,2021,29,36,2021-09-12,65.0,87.0,95.0,51.0,33.0,,98.0,96.0
NM,2021,30,37,2021-09-19,80.0,95.0,95.0,61.0,40.0,,98.0,96.0
NM,2021,31,38,2021-09-26,91.0,95.0,95.0,0.0,59.0,,98.0,96.0
NM,2021,32,39,2021-10-03,95.0,95.0,95.0,1.0,74.0,,98.0,96.0
NM,2021,33,40,2021-10-10,95.0,95.0,95.0,4.0,84.0,,98.0,96.0
NM,2021,34,41,2021-10-17,95.0,95.0,95.0,14.0,90.0,,98.0,96.0
NM,2021,35,42,2021-10-24,95.0,95.0,95.0,19.0,95.0,,98.0,96.0
NM,2021,36,43,2021-10-31,95.0,95.0,95.0,30.0,95.0,,98.0,96.0
NM,2021,37,44,2021-11-07,95.0,95.0,95.0,45.0,95.0,,98.0,96.0
NM,2021,38,45,2021-11-14,95.0,95.0,95.0,60.0,95.0,,98.0,96.0
NM,2021,39,46,2021-11-21,95.0,95.0,95.0,75.0,95.0,,98.0,96.0
NM,2021,40,47,2021-11-28,95.0,95.0,95.0,85.0,95.0,,98.0,96.0
NM,2022,7,14,2022-04-10,0.0,0.0,0.0,0.0,0.0,,1.0,0.0
NM,2022,8,15,2022-04-17,0.0,0.0,0.0,0.0,0.0,,13.0,0.0
NM,2022,9,16,2022-04-24,0.0,0.0,0.0,0.0,0.0,,21.0,0.0
NM,2022,10,17,2022-05-01,0.0,0.0,4.0,0.0,0.0,,30.0,0.0
NM,2022,11,18,2022-05-08,0.0,0.0,8.0,0.0,0.0,,38.0,0.0
NM,2022,12,19,2022-05-15,0.0,0.0,15.0,0.0,0.0,,48.0,0.0
NM,2022,13,20,2022-05-22,0.0,0.0,31.0,0.0,0.0,,60.0,0.0
NM,2022,14,21,2022-05-29,0.0,0.0,39.0,0.0,0.0,,66.0,0.0
NM,2022,15,22,2022-06-05,0.0,0.0,50.0,0.0,0.0,,71.0,0.0
NM,2022,16,23,2022-06-12,0.0,0.0,63.0,0.0,0.0,,81.0,0.0
NM,2022,17,24,2022-06-19,0.0,0.0,69.0,0.0,0.0,,91.0,0.0
NM,2022,18,25,2022-06-26,0.0,0.0,79.0,0.0,0.0,,93.0,0.0
NM,2022,19,26,2022-07-03,0.0,0.0,89.0,0.0,0.0,,95.0,1.0
NM,2022,20,27,2022-07-10,0.0,0.0,96.0,0.0,0.0,,95.0,5.0
NM,2022,21,28,2022-07-17,0.0,0.0,96.0,0.0,0.0,,95.0,11.0
NM,2022,22,29,2022-07-24,0.0,0.0,96.0,0.0,0.0,,95.0,30.0
NM,2022,23,30,2022-07-31,0.0,0.0,96.0,0.0,0.0,,95.0,54.0
NM,2022,24,31,2022-08-07,0.0,4.0,96.0,0.0,0.0,,95.0,66.0
NM,2022,25,32,2022-08-14,0.0,12.0,96.0,0.0,0.0,,95.0,79.0
NM,2022,26,33,2022-08-21,1.0,29.0,96.0,0.0,0.0,,95.0,88.0
NM,2022,27,34,2022-08-28,5.0,41.0,96.0,3.0,0.0,,95.0,95.0
NM,2022,28,35,2022-09-04,6.0,60.0,96.0,6.0,0.0,,95.0,95.0
NM,2022,29,36,2022-09-11,21.0,77.0,96.0,8.0,0.0,,95.0,95.0
NM,2022,30,37,2022-09-18,36.0,87.0,96.0,13.0,1.0,,95.0,95.0
NM,2022,31,38,2022-09-25,54.0,95.0,96.0,35.0,15.0,,95.0,95.0
NM,2022,32,39,2022-10-02,73.0,95.0,96.0,53.0,35.0,,95.0,95.0
NM,2022,33,40,2022-10-09,86.0,95.0,96.0,1.0,53.0,,95.0,95.0
NM,2022,34,41,2022-10-16,95.0,95.0,96.0,6.0,67.0,,95.0,95.0
NM,2022,35,42,2022-10-23,95.0,95.0,96.0,12.0,81.0,,95.0,95.0
NM,2022,36,43,2022-10-30,95.0,95.0,96.0,15.0,87.0,,95.0,95.0
NM,2022,37,44,2022-11-06,95.0,95.0,96.0,18.0,93.0,,95.0,95.0
NM,2022,38,45,2022-11-13,95.0,95.0,96.0,35.0,97.0,,95.0,95.0
NM,2022,39,46,2022-11-20,95.0,95.0,96.0,50.0,97.0,,95.0,95.0
NM,2022,40,47,2022-11-27,95.0,95.0,96.0,70.0,97.0,,95.0,95.0
NM,2023,7,14,2023-04-09,0.0,0.0,0.0,0.0,0.0,,2.0,0.0
NM,2023,8,15,2023-04-16,0.0,0.0,0.0,0.0,0.0,,19.0,0.0
NM,2023,9,16,2023-04-23,0.0,0.0,0.0,0.0,0.0,,30.0,0.0
NM,2023,10,17,2023-04-30,0.0,0.0,5.0,0.0,0.0,,43.0,0.0
NM,2023,11,18,2023-05-07,0.0,0.0,7.0,0.0,0.0,,53.0,0.0
NM,2023,12,19,2023-05-14,0.0,0.0,15.0,0.0,0.0,,62.0,0.0
NM,2023,13,20,2023-05-21,0.0,0.0,20.0,0.0,0.0,,73.0,0.0
NM,2023,14,21,2023-05-28,0.0,0.0,28.0,0.0,0.0,,79.0,0.0
NM,2023,15,22,2023-06-04,0.0,0.0,46.0,0.0,0.0,,83.0,0.0
NM,2023,16,23,2023-06-11,0.0,0.0,57.0,0.0,0.0,,88.0,0.0
NM,2023,17,24,2023-06-18,0.0,0.0,66.0,0.0,0.0,,91.0,0.0
NM,2023,18,25,2023-06-25,0.0,0.0,73.0,0.0,0.0,,93.0,0.0
NM,2023,19,26,2023-07-02,0.0,0.0,86.0,0.0,0.0,,96.0,0.0
NM,2023,20,27,2023-07-09,0.0,0.0,90.0,0.0,0.0,,96.0,0.0
NM,2023,21,28,2023-07-16,0.0,0.0,96.0,0.0,0.0,,96.0,2.0
NM,2023,22,29,2023-07-23,0.0,0.0,96.0,0.0,0.0,,96.0,5.0
NM,2023,23,30,2023-07-30,0.0,0.0,96.0,0.0,0.0,,96.0,23.0
NM,2023,24,31,2023-08-06,0.0,0.0,96.0,0.0,0.0,,96.0,31.0
NM,2023,25,32,2023-08-13,0.0,3.0,96.0,0.0,0.0,,96.0,52.0
NM,2023,26,33,2023-08-20,0.0,20.0,96.0,0.0,0.0,,96.0,68.0
NM,2023,27,34,2023-08-27,1.0,25.0,96.0,0.0,0.0,,96.0,70.0
NM,2023,28,35,2023-09-03,10.0,40.0,96.0,0.0,0.0,,96.0,82.0
NM,2023,29,36,2023-09-10,13.0,41.0,96.0,0.0,0.0,,96.0,83.0
NM,2023,30,37,2023-09-17,25.0,54.0,96.0,4.0,0.0,,96.0,86.0
NM,2023,31,38,2023-09-24,38.0,67.0,96.0,15.0,0.0,,96.0,95.0
NM,2023,32,39,2023-10-01,51.0,77.0,96.0,18.0,9.0,,96.0,95.0
NM,2023,33,40,2023-10-08,61.0,85.0,96.0,0.0,20.0,,96.0,95.0
NM,2023,34,41,2023-10-15,70.0,94.0,96.0,4.0,29.0,,96.0,95.0
NM,2023,35,42,2023-10-22,85.0,94.0,96.0,9.0,45.0,,96.0,95.0
NM,2023,36,43,2023-10-29,88.0,94.0,96.0,20.0,62.0,,96.0,95.0
NM,2023,37,44,2023-11-05,90.0,94.0,96.0,36.0,75.0,,96.0,95.0
NM,2023,38,45,2023-11-12,95.0,94.0,96.0,41.0,80.0,,96.0,95.0
NM,2023,39,46,2023-11-19,95.0,94.0,96.0,60.0,95.0,,96.0,95.0
NM,2023,40,47,2023-11-26,95.0,94.0,96.0,70.0,95.0,,96.0,95.0
NM,2024,7,14,2024-04-07,0.0,0.0,0.0,0.0,0.0,,2.0,0.0
NM,2024,8,15,2024-04-14,0.0,0.0,0.0,0.0,0.0,,15.0,0.0
NM,2024,9,16,2024-04-21,0.0,0.0,0.0,0.0,0.0,,19.0,0.0
NM,2024,10,17,2024-04-28,0.0,0.0,1.0,0.0,0.0,,24.0,0.0
NM,2024,11,18,2024-05-05,0.0,0.0,3.0,0.0,0.0,,30.0,0.0
NM,2024,12,19,2024-05-12,0.0,0.0,4.0,0.0,0.0,,40.0,0.0
NM,2024,13,20,2024-05-19,0.0,0.0,10.0,0.0,0.0,,47.0,0.0
NM,2024,14,21,2024-05-26,0.0,0.0,15.0,0.0,0.0,,56.0,0.0
NM,2024,15,22,2024-06-02,0.0,0.0,28.0,0.0,0.0,,62.0,0.0
NM,2024,16,23,2024-06-09,0.0,0.0,40.0,0.0,0.0,,74.0,0.0
NM,2024,17,24,2024-06-16,0.0,0.0,61.0,0.0,0.0,,78.0,0.0
NM,2024,18,25,2024-06-23,0.0,0.0,72.0,0.0,0.0,,89.0,1.0
NM,2024,19,26,2024-06-30,0.0,0.0,75.0,0.0,0.0,,97.0,2.0
NM,2024,20,27,2024-07-07,0.0,0.0,78.0,0.0,0.0,,97.0,4.0
NM,2024,21,28,2024-07-14,0.0,1.0,92.0,0.0,0.0,,97.0,10.0
NM,2024,22,29,2024-07-21,0.0,4.0,97.0,0.0,0.0,,97.0,17.0
NM,2024,23,30,2024-07-28,0.0,6.0,97.0,0.0,0.0,,97.0,20.0
NM,2024,24,31,2024-08-04,2.0,9.0,97.0,0.0,0.0,,97.0,35.0
NM,2024,25,32,2024-08-11,3.0,10.0,97.0,0.0,0.0,,97.0,46.0
NM,2024,26,33,2024-08-18,8.0,19.0,97.0,4.0,0.0,,97.0,60.0
NM,2024,27,34,2024-08-25,16.0,23.0,97.0,10.0,0.0,,97.0,62.0
NM,2024,28,35,2024-09-01,27.0,35.0,97.0,25.0,0.0,,97.0,75.0
NM,2024,29,36,2024-09-08,40.0,50.0,97.0,30.0,0.0,,97.0,85.0
NM,2024,30,37,2024-09-15,50.0,66.0,97.0,45.0,6.0,,97.0,95.0
NM,2024,31,38,2024-09-22,58.0,76.0,97.0,52.0,17.0,,97.0,95.0
NM,2024,32,39,2024-09-29,65.0,85.0,97.0,60.0,27.0,,97.0,95.0
NM,2024,33,40,2024-10-06,68.0,90.0,97.0,1.0,44.0,,97.0,95.0
NM,2024,34,41,2024-10-13,80.0,93.0,97.0,8.0,49.0,,97.0,95.0
NM,2024,35,42,2024-10-20,85.0,93.0,97.0,15.0,55.0,,97.0,95.0
NM,2024,36,43,2024-10-27,88.0,93.0,97.0,25.0,66.0,,97.0,95.0
NM,2024,37,44,2024-11-03,88.0,93.0,97.0,34.0,68.0,,97.0,95.0
NM,2024,38,45,2024-11-10,88.0,93.0,97.0,50.0,80.0,,97.0,95.0
NM,2024,39,46,2024-11-17,88.0,93.0,97.0,61.0,95.0,,97.0,95.0
NM,2024,40,47,2024-11-24,88.0,93.0,97.0,83.0,95.0,,97.0,95.0
NM,2025,8,15,2025-04-13,0.0,0.0,0.0,0.0,0.0,,8.0,0.0
NM,2025,9,16,2025-04-20,0.0,0.0,5.0,0.0,0.0,,15.0,0.0
NM,2025,10,17,2025-04-27,0.0,0.0,11.0,0.0,0.0,,20.0,0.0
NM,2025,11,18,2025-05-04,0.0,0.0,12.0,0.0,0.0,,25.0,0.0
NM,2025,12,19,2025-05-11,0.0,0.0,15.0,0.0,0.0,,30.0,0.0
NM,2025,13,20,2025-05-18,0.0,0.0,18.0,0.0,0.0,,39.0,0.0
NM,2025,14,21,2025-05-25,0.0,0.0,22.0,0.0,0.0,,46.0,0.0
NM,2025,15,22,2025-06-01,0.0,0.0,34.0,0.0,0.0,,60.0,0.0
NM,2025,16,23,2025-06-08,0.0,0.0,47.0,0.0,0.0,,74.0,0.0
NM,2025,17,24,2025-06-15,0.0,0.0,60.0,0.0,0.0,,92.0,0.0
NM,2025,18,25,2025-06-22,0.0,0.0,85.0,0.0,0.0,,99.0,5.0
NM,2025,19,26,2025-06-29,0.0,0.0,99.0,0.0,0.0,,99.0,11.0
NM,2025,20,27,2025-07-06,0.0,0.0,99.0,0.0,0.0,,99.0,15.0
NM,2025,21,28,2025-07-13,0.0,0.0,99.0,0.0,0.0,,99.0,20.0
NM,2025,22,29,2025-07-20,0.0,2.0,99.0,0.0,0.0,,99.0,30.0
NM,2025,23,30,2025-07-27,0.0,5.0,99.0,0.0,0.0,,99.0,53.0
NM,2025,24,31,2025-08-03,6.0,11.0,99.0,5.0,0.0,,99.0,72.0
NM,2025,25,32,2025-08-10,16.0,21.0,99.0,15.0,0.0,,99.0,87.0
NM,2025,26,33,2025-08-17,22.0,39.0,99.0,30.0,1.0,,99.0,99.0
NM,2025,27,34,2025-08-24,34.0,51.0,99.0,31.0,7.0,,99.0,99.0
NM,2025,28,35,2025-08-31,48.0,61.0,99.0,35.0,19.0,,99.0,99.0
NM,2025,29,36,2025-09-07,56.0,70.0,99.0,38.0,22.0,,99.0,99.0
NM,2025,30,37,2025-09-14,68.0,85.0,99.0,40.0,45.0,,99.0,99.0
NM,2025,31,38,2025-09-21,86.0,99.0,99.0,45.0,61.0,,99.0,99.0
NM,2025,32,39,2025-09-28,90.0,99.0,99.0,0.0,70.0,,99.0,99.0
NM,2025,39,46,2025-11-16,90.0,99.0,99.0,95.0,70.0,,99.0,99.0
NY,2016,7,14,2016-04-10,0.0,0.0,0.0,0.0,0.0,,0.0,0.0
NY,2016,8,15,2016-04-17,0.0,0.0,0.0,0.0,0.0,,0.0,0.0
NY,2016,9,16,2016-04-24,0.0,0.0,0.0,0.0,0.0,,1.0,0.0
NY,2016,10,17,2016-05-01,0.0,0.0,0.0,0.0,0.0,,3.0,0.0
NY,2016,11,18,2016-05-08,0.0,0.0,0.0,0.0,0.0,,9.0,0.0
NY,2016,12,19,2016-05-15,0.0,0.0,4.0,0.0,0.0,,32.0,0.0
NY,2016,13,20,2016-05-22,0.0,0.0,15.0,0.0,0.0,,58.0,0.0
NY,2016,14,21,2016-05-29,0.0,0.0,40.0,0.0,0.0,,78.0,0.0
NY,2016,15,22,2016-06-05,0.0,0.0,68.0,0.0,0.0,,85.0,0.0
NY,2016,16,23,2016-06-12,0.0,0.0,75.0,0.0,0.0,,90.0,0.0
NY,2016,17,24,2016-06-19,0.0,0.0,84.0,0.0,0.0,,95.0,0.0
NY,2016,18,25,2016-06-26,0.0,0.0,93.0,0.0,0.0,,95.0,0.0
NY,2016,19,26,2016-07-03,0.0,0.0,97.0,0.0,0.0,,95.0,0.0
NY,2016,20,27,2016-07-10,0.0,0.0,97.0,0.0,0.0,,95.0,0.0
NY,2016,21,28,2016-07-17,0.0,0.0,97.0,0.0,0.0,,95.0,0.0
NY,2016,22,29,2016-07-24,0.0,0.0,97.0,0.0,0.0,,95.0,7.0
NY,2016,23,30,2016-07-31,0.0,3.0,97.0,0.0,0.0,,95.0,31.0
NY,2016,24,31,2016-08-07,0.0,9.0,97.0,0.0,0.0,,95.0,57.0
NY,2016,25,32,2016-08-14,2.0,25.0,97.0,0.0,0.0,,95.0,71.0
NY,2016,26,33,2016-08-21,10.0,35.0,97.0,0.0,0.0,,95.0,83.0
NY,2016,27,34,2016-08-28,19.0,51.0,97.0,0.0,0.0,,95.0,87.0
NY,2016,28,35,2016-09-04,28.0,61.0,97.0,1.0,3.0,,95.0,91.0
NY,2016,29,36,2016-09-11,40.0,69.0,97.0,11.0,11.0,,95.0,91.0
NY,2016,30,37,2016-09-18,55.0,80.0,97.0,0.0,25.0,,95.0,93.0
NY,2016,31,38,2016-09-25,70.0,89.0,97.0,5.0,36.0,,95.0,98.0
NY,2016,32,39,2016-10-02,82.0,93.0,97.0,10.0,54.0,,95.0,98.0
NY,2016,33,40,2016-10-09,90.0,98.0,97.0,16.0,67.0,,95.0,98.0
NY,2016,34,41,2016-10-16,95.0,98.0,97.0,25.0,72.0,,95.0,98.0
NY,2016,35,42,2016-10-23,95.0,98.0,97.0,36.0,87.0,,95.0,98.0
NY,2016,36,43,2016-10-30,95.0,98.0,97.0,48.0,91.0,,95.0,98.0
NY,2016,37,44,2016-11-06,95.0,98.0,97.0,52.0,93.0,,95.0,98.0
NY,2016,38,45,2016-11-13,95.0,98.0,97.0,61.0,95.0,,95.0,98.0
NY,2016,39,46,2016-11-20,95.0,98.0,97.0,66.0,95.0,,95.0,98.0
NY,2016,40,47,2016-11-27,95.0,98.0,97.0,70.0,95.0,,95.0,98.0
NY,2017,7,14,2017-04-09,0.0,0.0,0.0,0.0,0.0,,0.0,0.0
NY,2017,8,15,2017-04-16,0.0,0.0,0.0,0.0,0.0,,0.0,0.0
NY,2017,9,16,2017-04-23,0.0,0.0,0.0,0.0,0.0,,0.0,0.0
NY,2017,10,17,2017-04-30,0.0,0.0,0.0,0.0,0.0,,3.0,0.0
NY,2017,11,18,2017-05-07,0.0,0.0,0.0,0.0,0.0,,5.0,0.0
NY,2017,12,19,2017-05-14,0.0,0.0,0.0,0.0,0.0,,11.0,0.0
NY,2017,13,20,2017-05-21,0.0,0.0,5.0,0.0,0.0,,27.0,0.0
NY,2017,14,21,2017-05-28,0.0,0.0,9.0,0.0,0.0,,39.0,0.0
NY,2017,15,22,2017-06-04,0.0,0.0,22.0,0.0,0.0,,47.0,0.0
NY,2017,16,23,2017-06-11,0.0,0.0,47.0,0.0,0.0,,70.0,0.0
NY,2017,17,24,2017-06-18,0.0,0.0,65.0,0.0,0.0,,78.0,0.0
NY,2017,18,25,2017-06-25,0.0,0.0,76.0,0.0,0.0,,88.0,0.0
NY,2017,19,26,2017-07-02,0.0,0.0,87.0,0.0,0.0,,91.0,0.0
NY,2017,20,27,2017-07-09,0.0,0.0,89.0,0.0,0.0,,93.0,0.0
NY,2017,21,28,2017-07-16,0.0,0.0,95.0,0.0,0.0,,98.0,1.0
NY,2017,22,29,2017-07-23,0.0,0.0,99.0,0.0,0.0,,100.0,10.0
NY,2017,23,30,2017-07-30,0.0,11.0,100.0,0.0,0.0,,100.0,36.0
NY,2017,24,31,2017-08-06,0.0,12.0,100.0,0.0,0.0,,100.0,54.0
NY,2017,25,32,2017-08-13,0.0,30.0,100.0,0.0,0.0,,100.0,64.0
NY,2017,26,33,2017-08-20,0.0,32.0,100.0,0.0,0.0,,100.0,69.0
NY,2017,27,34,2017-08-27,0.0,50.0,100.0,0.0,0.0,,100.0,83.0
NY,2017,28,35,2017-09-03,3.0,60.0,100.0,0.0,1.0,,100.0,94.0
NY,2017,29,36,2017-09-10,12.0,64.0,100.0,2.0,1.0,,100.0,95.0
NY,2017,30,37,2017-09-17,26.0,66.0,100.0,5.0,4.0,,100.0,96.0
NY,2017,31,38,2017-09-24,42.0,76.0,100.0,11.0,28.0,,100.0,98.0
NY,2017,32,39,2017-10-01,62.0,83.0,100.0,20.0,36.0,,100.0,99.0
NY,2017,33,40,2017-10-08,63.0,88.0,100.0,0.0,52.0,,100.0,100.0
NY,2017,34,41,2017-10-15,76.0,93.0,100.0,1.0,58.0,,100.0,100.0
NY,2017,35,42,2017-10-22,86.0,94.0,100.0,11.0,68.0,,100.0,100.0
NY,2017,36,43,2017-10-29,88.0,95.0,100.0,12.0,70.0,,100.0,100.0
NY,2017,37,44,2017-11-05,93.0,96.0,100.0,24.0,83.0,,100.0,100.0
NY,2017,38,45,2017-11-12,94.0,97.0,100.0,35.0,84.0,,100.0,100.0
NY,2017,39,46,2017-11-19,98.0,100.0,100.0,57.0,87.0,,100.0,100.0
NY,2017,40,47,2017-11-26,100.0,100.0,100.0,64.0,91.0,,100.0,100.0
NY,2018,9,16,2018-04-22,0.0,0.0,0.0,0.0,0.0,,0.0,0.0
NY,2018,10,17,2018-04-29,0.0,0.0,0.0,0.0,0.0,,0.0,0.0
NY,2018,11,18,2018-05-06,0.0,0.0,0.0,0.0,0.0,,4.0,0.0
NY,2018,12,19,2018-05-13,0.0,0.0,1.0,0.0,0.0,,20.0,0.0
NY,2018,13,20,2018-05-20,0.0,0.0,14.0,0.0,0.0,,42.0,0.0
NY,2018,14,21,2018-05-27,0.0,0.0,20.0,0.0,0.0,,48.0,0.0
NY,2018,15,22,2018-06-03,0.0,0.0,39.0,0.0,0.0,,77.0,0.0
NY,2018,16,23,2018-06-10,0.0,0.0,56.0,0.0,0.0,,88.0,0.0
NY,2018,17,24,2018-06-17,0.0,0.0,68.0,0.0,0.0,,91.0,0.0
NY,2018,18,25,2018-06-24,0.0,0.0,78.0,0.0,0.0,,93.0,0.0
NY,2018,19,26,2018-07-01,0.0,0.0,85.0,0.0,0.0,,94.0,0.0
NY,2018,20,27,2018-07-08,0.0,0.0,89.0,0.0,0.0,,95.0,0.0
NY,2018,21,28,2018-07-15,0.0,0.0,91.0,0.0,0.0,,97.0,4.0
NY,2018,22,29,2018-07-22,0.0,0.0,92.0,0.0,0.0,,100.0,30.0
NY,2018,23,30,2018-07-29,0.0,0.0,95.0,0.0,0.0,,100.0,46.0
NY,2018,24,31,2018-08-05,0.0,7.0,98.0,0.0,0.0,,100.0,70.0
NY,2018,25,32,2018-08-12,0.0,17.0,100.0,0.0,0.0,,100.0,80.0
NY,2018,26,33,2018-08-19,0.0,22.0,100.0,0.0,0.0,,100.0,84.0
NY,2018,27,34,2018-08-26,7.0,33.0,100.0,0.0,0.0,,100.0,87.0
NY,2018,28,35,2018-09-02,20.0,55.0,100.0,1.0,0.0,,100.0,91.0
NY,2018,29,36,2018-09-09,32.0,66.0,100.0,4.0,0.0,,100.0,95.0
NY,2018,30,37,2018-09-16,42.0,79.0,100.0,15.0,11.0,,100.0,96.0
NY,2018,31,38,2018-09-23,57.0,91.0,100.0,0.0,28.0,,100.0,98.0
NY,2018,32,39,2018-09-30,83.0,95.0,100.0,3.0,37.0,,100.0,100.0
NY,2018,33,40,2018-10-07,87.0,96.0,100.0,6.0,52.0,,100.0,100.0
NY,2018,34,41,2018-10-14,89.0,98.0,100.0,12.0,66.0,,100.0,100.0
NY,2018,35,42,2018-10-21,91.0,99.0,100.0,23.0,76.0,,100.0,100.0
NY,2018,36,43,2018-10-28,93.0,100.0,100.0,35.0,85.0,,100.0,100.0
NY,2018,37,44,2018-11-04,94.0,100.0,100.0,40.0,88.0,,100.0,100.0
NY,2018,38,45,2018-11-11,96.0,100.0,100.0,53.0,93.0,,100.0,100.0
NY,2018,39,46,2018-11-18,96.0,100.0,100.0,61.0,98.0,,100.0,100.0
NY,2018,40,47,2018-11-25,96.0,100.0,100.0,64.0,98.0,,100.0,100.0
NY,2019,11,18,2019-05-05,0.0,0.0,0.0,0.0,0.0,,1.0,
NY,2019,12,19,2019-05-12,0.0,0.0,0.0,0.0,0.0,,3.0,
NY,2019,13,20,2019-05-19,0.0,0.0,0.0,0.0,0.0,,7.0,
NY,2019,14,21,2019-05-26,0.0,0.0,3.0,0.0,0.0,,16.0,
NY,2019,15,22,2019-06-02,0.0,0.0,10.0,0.0,0.0,,31.0,
NY,2019,16,23,2019-06-09,0.0,0.0,24.0,0.0,0.0,,50.0,
NY,2019,17,24,2019-06-16,0.0,0.0,40.0,0.0,0.0,,63.0,
NY,2019,18,25,2019-06-23,0.0,0.0,55.0,0.0,0.0,,75.0,
NY,2019,19,26,2019-06-30,0.0,0.0,61.0,0.0,0.0,,80.0,
NY,2019,20,27,2019-07-07,0.0,0.0,76.0,0.0,0.0,,87.0,
NY,2019,21,28,2019-07-14,0.0,0.0,79.0,0.0,0.0,,89.0,
NY,2019,22,29,2019-07-21,0.0,0.0,82.0,0.0,0.0,,91.0,
NY,2019,23,30,2019-07-28,0.0,0.0,84.0,0.0,0.0,,93.0,
NY,2019,24,31,2019-08-04,0.0,0.0,86.0,0.0,0.0,,95.0,
NY,2019,25,32,2019-08-11,0.0,0.0,95.0,0.0,0.0,,100.0,
NY,2019,26,33,2019-08-18,0.0,0.0,96.0,0.0,0.0,,100.0,
NY,2019,27,34,2019-08-25,0.0,0.0,100.0,0.0,0.0,,100.0,
NY,2019,28,35,2019-09-01,0.0,0.0,100.0,0.0,0.0,,100.0,
NY,2019,29,36,2019-09-08,0.0,0.0,100.0,1.0,0.0,,100.0,
NY,2019,30,37,2019-09-15,0.0,0.0,100.0,2.0,0.0,,100.0,
NY,2019,31,38,2019-09-22,0.0,0.0,100.0,4.0,0.0,,100.0,
NY,2019,32,39,2019-09-29,47.0,62.0,100.0,0.0,13.0,,100.0,
NY,2019,33,40,2019-10-06,60.0,76.0,100.0,1.0,24.0,,100.0,
NY,2019,34,41,2019-10-13,69.0,84.0,100.0,6.0,44.0,,100.0,
NY,2019,35,42,2019-10-20,83.0,93.0,100.0,13.0,47.0,,100.0,
NY,2019,36,43,2019-10-27,88.0,98.0,100.0,22.0,65.0,,100.0,
NY,2019,37,44,2019-11-03,91.0,98.0,100.0,26.0,76.0,,100.0,
NY,2019,38,45,2019-11-10,94.0,98.0,100.0,36.0,84.0,,100.0,
NY,2019,39,46,2019-11-17,97.0,98.0,100.0,48.0,90.0,,100.0,
NY,2019,40,47,2019-11-24,100.0,98.0,100.0,57.0,95.0,,100.0,
NY,2019,41,48,2019-12-01,100.0,98.0,100.0,70.0,100.0,,100.0,
NY,2020,9,16,2020-04-19,0.0,0.0,0.0,0.0,0.0,,1.0,0.0
NY,2020,10,17,2020-04-26,0.0,0.0,0.0,0.0,0.0,,1.0,0.0
NY,2020,11,18,2020-05-03,0.0,0.0,0.0,0.0,0.0,,4.0,0.0
NY,2020,12,19,2020-05-10,0.0,0.0,0.0,0.0,0.0,,8.0,0.0
NY,2020,13,20,2020-05-17,0.0,0.0,1.0,0.0,0.0,,16.0,0.0
NY,2020,14,21,2020-05-24,0.0,0.0,9.0,0.0,0.0,,33.0,0.0
NY,2020,15,22,2020-05-31,0.0,0.0,21.0,0.0,0.0,,49.0,0.0
NY,2020,16,23,2020-06-07,0.0,0.0,39.0,0.0,0.0,,64.0,0.0
NY,2020,17,24,2020-06-14,0.0,0.0,59.0,0.0,0.0,,79.0,0.0
NY,2020,18,25,2020-06-21,0.0,0.0,72.0,0.0,0.0,,91.0,0.0
NY,2020,19,26,2020-06-28,0.0,0.0,80.0,0.0,0.0,,95.0,0.0
NY,2020,20,27,2020-07-05,0.0,0.0,89.0,0.0,0.0,,97.0,0.0
NY,2020,21,28,2020-07-12,0.0,0.0,95.0,0.0,0.0,,100.0,2.0
NY,2020,22,29,2020-07-19,0.0,0.0,98.0,0.0,0.0,,100.0,14.0
NY,2020,23,30,2020-07-26,0.0,0.0,100.0,0.0,0.0,,100.0,33.0
NY,2020,24,31,2020-08-02,0.0,5.0,100.0,0.0,0.0,,100.0,54.0
NY,2020,25,32,2020-08-09,0.0,10.0,100.0,0.0,0.0,,100.0,69.0
NY,2020,26,33,2020-08-16,2.0,22.0,100.0,0.0,0.0,,100.0,80.0
NY,2020,27,34,2020-08-23,6.0,36.0,100.0,0.0,0.0,,100.0,87.0
NY,2020,28,35,2020-08-30,15.0,58.0,100.0,0.0,0.0,,100.0,90.0
NY,2020,29,36,2020-09-06,32.0,72.0,100.0,7.0,0.0,,100.0,92.0
NY,2020,30,37,2020-09-13,41.0,79.0,100.0,15.0,0.0,,100.0,94.0
NY,2020,31,38,2020-09-20,57.0,85.0,100.0,28.0,7.0,,100.0,95.0
NY,2020,32,39,2020-09-27,68.0,92.0,100.0,0.0,25.0,,100.0,99.0
NY,2020,33,40,2020-10-04,78.0,93.0,100.0,4.0,40.0,,100.0,100.0
NY,2020,34,41,2020-10-11,86.0,99.0,100.0,8.0,48.0,,100.0,100.0
NY,2020,35,42,2020-10-18,91.0,100.0,100.0,15.0,64.0,,100.0,100.0
NY,2020,36,43,2020-10-25,92.0,100.0,100.0,23.0,75.0,,100.0,100.0
NY,2020,37,44,2020-11-01,99.0,100.0,100.0,29.0,80.0,,100.0,100.0
NY,2020,38,45,2020-11-08,100.0,100.0,100.0,42.0,86.0,,100.0,100.0
NY,2020,39,46,2020-11-15,100.0,100.0,100.0,50.0,90.0,,100.0,100.0
NY,2020,40,47,2020-11-22,100.0,100.0,100.0,60.0,100.0,,100.0,100.0
NY,2020,41,48,2020-11-29,100.0,100.0,100.0,72.0,100.0,,100.0,100.0
NY,2021,8,15,2021-04-18,0.0,0.0,0.0,0.0,0.0,,0.0,0.0
NY,2021,9,16,2021-04-25,0.0,0.0,0.0,0.0,0.0,,1.0,0.0
NY,2021,10,17,2021-05-02,0.0,0.0,0.0,0.0,0.0,,3.0,0.0
NY,2021,11,18,2021-05-09,0.0,0.0,0.0,0.0,0.0,,4.0,0.0
NY,2021,12,19,2021-05-16,0.0,0.0,0.0,0.0,0.0,,15.0,0.0
NY,2021,13,20,2021-05-23,0.0,0.0,9.0,0.0,0.0,,48.0,0.0
NY,2021,14,21,2021-05-30,0.0,0.0,35.0,0.0,0.0,,74.0,0.0
NY,2021,15,22,2021-06-06,0.0,0.0,62.0,0.0,0.0,,85.0,0.0
NY,2021,16,23,2021-06-13,0.0,0.0,76.0,0.0,0.0,,89.0,0.0
NY,2021,17,24,2021-06-20,0.0,0.0,85.0,0.0,0.0,,95.0,0.0
NY,2021,18,25,2021-06-27,0.0,0.0,88.0,0.0,0.0,,95.0,0.0
NY,2021,19,26,2021-07-04,0.0,0.0,90.0,0.0,0.0,,95.0,1.0
NY,2021,20,27,2021-07-11,0.0,0.0,95.0,0.0,0.0,,95.0,4.0
NY,2021,21,28,2021-07-18,0.0,0.0,95.0,0.0,0.0,,95.0,16.0
NY,2021,22,29,2021-07-25,0.0,0.0,95.0,0.0,0.0,,95.0,31.0
NY,2021,23,30,2021-08-01,0.0,0.0,95.0,0.0,0.0,,95.0,58.0
NY,2021,24,31,2021-08-08,0.0,3.0,95.0,0.0,0.0,,95.0,78.0
NY,2021,25,32,2021-08-15,0.0,24.0,95.0,0.0,0.0,,95.0,89.0
NY,2021,26,33,2021-08-22,4.0,45.0,95.0,0.0,0.0,,95.0,95.0
NY,2021,27,34,2021-08-29,11.0,57.0,95.0,0.0,0.0,,95.0,95.0
NY,2021,28,35,2021-09-05,26.0,71.0,95.0,0.0,0.0,,95.0,95.0
NY,2021,29,36,2021-09-12,49.0,81.0,95.0,1.0,0.0,,95.0,95.0
NY,2021,30,37,2021-09-19,69.0,90.0,95.0,15.0,9.0,,95.0,95.0
NY,2021,31,38,2021-09-26,79.0,93.0,95.0,34.0,35.0,,95.0,95.0
NY,2021,32,39,2021-10-03,87.0,97.0,95.0,52.0,51.0,,95.0,95.0
NY,2021,33,40,2021-10-10,90.0,97.0,95.0,3.0,63.0,,95.0,95.0
NY,2021,34,41,2021-10-17,91.0,97.0,95.0,6.0,70.0,,95.0,95.0
NY,2021,35,42,2021-10-24,92.0,97.0,95.0,9.0,73.0,,95.0,95.0
NY,2021,36,43,2021-10-31,96.0,97.0,95.0,28.0,87.0,,95.0,95.0
NY,2021,37,44,2021-11-07,96.0,97.0,95.0,42.0,94.0,,95.0,95.0
NY,2021,38,45,2021-11-14,96.0,97.0,95.0,53.0,95.0,,95.0,95.0
NY,2021,39,46,2021-11-21,96.0,97.0,95.0,66.0,95.0,,95.0,95.0
NY,2021,40,47,2021-11-28,96.0,97.0,95.0,77.0,95.0,,95.0,95.0
NY,2022,8,15,2022-04-17,0.0,0.0,0.0,0.0,0.0,,0.0,0.0
NY,2022,9,16,2022-04-24,0.0,0.0,0.0,0.0,0.0,,0.0,0.0
NY,2022,10,17,2022-05-01,0.0,0.0,0.0,0.0,0.0,,2.0,0.0
NY,2022,11,18,2022-05-08,0.0,0.0,0.0,0.0,0.0,,9.0,0.0
NY,2022,12,19,2022-05-15,0.0,0.0,1.0,0.0,0.0,,34.0,0.0
NY,2022,13,20,2022-05-22,0.0,0.0,23.0,0.0,0.0,,58.0,0.0
NY,2022,14,21,2022-05-29,0.0,0.0,51.0,0.0,0.0,,79.0,0.0
NY,2022,15,22,2022-06-05,0.0,0.0,67.0,0.0,0.0,,90.0,0.0
NY,2022,16,23,2022-06-12,0.0,0.0,80.0,0.0,0.0,,94.0,0.0
NY,2022,17,24,2022-06-19,0.0,0.0,89.0,0.0,0.0,,98.0,0.0
NY,2022,18,25,2022-06-26,0.0,0.0,97.0,0.0,0.0,,98.0,0.0
NY,2022,19,26,2022-07-03,0.0,0.0,97.0,0.0,0.0,,98.0,0.0
NY,2022,20,27,2022-07-10,0.0,0.0,97.0,0.0,0.0,,98.0,2.0
NY,2022,21,28,2022-07-17,0.0,0.0,97.0,0.0,0.0,,98.0,12.0
NY,2022,22,29,2022-07-24,0.0,0.0,97.0,0.0,0.0,,98.0,32.0
NY,2022,23,30,2022-07-31,0.0,1.0,97.0,0.0,0.0,,98.0,51.0
NY,2022,24,31,2022-08-07,0.0,7.0,97.0,0.0,0.0,,98.0,75.0
NY,2022,25,32,2022-08-14,0.0,20.0,97.0,0.0,0.0,,98.0,84.0
NY,2022,26,33,2022-08-21,2.0,32.0,97.0,0.0,0.0,,98.0,88.0
NY,2022,27,34,2022-08-28,6.0,44.0,97.0,0.0,0.0,,98.0,92.0
NY,2022,28,35,2022-09-04,29.0,66.0,97.0,0.0,0.0,,98.0,95.0
NY,2022,29,36,2022-09-11,48.0,79.0,97.0,9.0,0.0,,98.0,95.0
NY,2022,30,37,2022-09-18,63.0,87.0,97.0,21.0,15.0,,98.0,95.0
NY,2022,31,38,2022-09-25,71.0,90.0,97.0,29.0,20.0,,98.0,95.0
NY,2022,32,39,2022-10-02,79.0,93.0,97.0,43.0,28.0,,98.0,95.0
NY,2022,33,40,2022-10-09,83.0,95.0,97.0,2.0,40.0,,98.0,95.0
NY,2022,34,41,2022-10-16,90.0,96.0,97.0,16.0,52.0,,98.0,95.0
NY,2022,35,42,2022-10-23,95.0,97.0,97.0,29.0,67.0,,98.0,95.0
NY,2022,36,43,2022-10-30,97.0,98.0,97.0,44.0,80.0,,98.0,95.0
NY,2022,37,44,2022-11-06,97.0,98.0,97.0,61.0,92.0,,98.0,95.0
NY,2022,38,45,2022-11-13,97.0,98.0,97.0,75.0,96.0,,98.0,95.0
NY,2022,39,46,2022-11-20,97.0,98.0,97.0,79.0,96.0,,98.0,95.0
NY,2022,40,47,2022-11-27,97.0,98.0,97.0,86.0,96.0,,98.0,95.0
NY,2023,8,15,2023-04-16,0.0,0.0,0.0,0.0,0.0,,0.0,0.0
NY,2023,9,16,2023-04-23,0.0,0.0,0.0,0.0,0.0,,4.0,0.0
NY,2023,10,17,2023-04-30,0.0,0.0,0.0,0.0,0.0,,7.0,0.0
NY,2023,11,18,2023-05-07,0.0,0.0,0.0,0.0,0.0,,10.0,0.0
NY,2023,12,19,2023-05-14,0.0,0.0,2.0,0.0,0.0,,21.0,0.0
NY,2023,13,20,2023-05-21,0.0,0.0,13.0,0.0,0.0,,54.0,0.0
NY,2023,14,21,2023-05-28,0.0,0.0,32.0,0.0,0.0,,76.0,0.0
NY,2023,15,22,2023-06-04,0.0,0.0,52.0,0.0,0.0,,86.0,0.0
NY,2023,16,23,2023-06-11,0.0,0.0,71.0,0.0,0.0,,94.0,0.0
NY,2023,17,24,2023-06-18,0.0,0.0,83.0,0.0,0.0,,97.0,0.0
NY,2023,18,25,2023-06-25,0.0,0.0,95.0,0.0,0.0,,97.0,0.0
NY,2023,19,26,2023-07-02,0.0,0.0,95.0,0.0,0.0,,97.0,0.0
NY,2023,20,27,2023-07-09,0.0,0.0,95.0,0.0,0.0,,97.0,0.0
NY,2023,21,28,2023-07-16,0.0,0.0,95.0,0.0,0.0,,97.0,4.0
NY,2023,22,29,2023-07-23,0.0,0.0,95.0,0.0,0.0,,97.0,7.0
NY,2023,23,30,2023-07-30,0.0,4.0,95.0,0.0,0.0,,97.0,42.0
NY,2023,24,31,2023-08-06,0.0,6.0,95.0,0.0,0.0,,97.0,56.0
NY,2023,25,32,2023-08-13,1.0,11.0,95.0,0.0,0.0,,97.0,67.0
NY,2023,26,33,2023-08-20,3.0,25.0,95.0,0.0,0.0,,97.0,78.0
NY,2023,27,34,2023-08-27,9.0,39.0,95.0,0.0,0.0,,97.0,86.0
NY,2023,28,35,2023-09-03,18.0,57.0,95.0,2.0,0.0,,97.0,91.0
NY,2023,29,36,2023-09-10,33.0,74.0,95.0,5.0,0.0,,97.0,94.0
NY,2023,30,37,2023-09-17,55.0,88.0,95.0,18.0,10.0,,97.0,97.0
NY,2023,31,38,2023-09-24,73.0,92.0,95.0,31.0,27.0,,97.0,97.0
NY,2023,32,39,2023-10-01,82.0,95.0,95.0,46.0,43.0,,97.0,97.0
NY,2023,33,40,2023-10-08,90.0,95.0,95.0,9.0,59.0,,97.0,97.0
NY,2023,34,41,2023-10-15,92.0,95.0,95.0,10.0,69.0,,97.0,97.0
NY,2023,35,42,2023-10-22,95.0,95.0,95.0,24.0,83.0,,97.0,97.0
NY,2023,36,43,2023-10-29,95.0,95.0,95.0,36.0,89.0,,97.0,97.0
NY,2023,37,44,2023-11-05,95.0,95.0,95.0,49.0,96.0,,97.0,97.0
NY,2023,38,45,2023-11-12,95.0,95.0,95.0,59.0,96.0,,97.0,97.0
NY,2023,39,46,2023-11-19,95.0,95.0,95.0,71.0,96.0,,97.0,97.0
NY,2023,40,47,2023-11-26,95.0,95.0,95.0,82.0,96.0,,97.0,97.0
NY,2024,8,15,2024-04-14,0.0,0.0,0.0,0.0,0.0,,0.0,0.0
NY,2024,9,16,2024-04-21,0.0,0.0,0.0,0.0,0.0,,0.0,0.0
NY,2024,10,17,2024-04-28,0.0,0.0,0.0,0.0,0.0,,1.0,0.0
NY,2024,11,18,2024-05-05,0.0,0.0,0.0,0.0,0.0,,2.0,0.0
NY,2024,12,19,2024-05-12,0.0,0.0,1.0,0.0,0.0,,11.0,0.0
NY,2024,13,20,2024-05-19,0.0,0.0,9.0,0.0,0.0,,31.0,0.0
NY,2024,14,21,2024-05-26,0.0,0.0,18.0,0.0,0.0,,51.0,0.0
NY,2024,15,22,2024-06-02,0.0,0.0,32.0,0.0,0.0,,63.0,0.0
NY,2024,16,23,2024-06-09,0.0,0.0,50.0,0.0,0.0,,79.0,0.0
NY,2024,17,24,2024-06-16,0.0,0.0,68.0,0.0,0.0,,87.0,0.0
NY,2024,18,25,2024-06-23,0.0,0.0,81.0,0.0,0.0,,92.0,0.0
NY,2024,19,26,2024-06-30,0.0,0.0,88.0,0.0,0.0,,96.0,0.0
NY,2024,20,27,2024-07-07,0.0,0.0,94.0,0.0,0.0,,98.0,0.0
NY,2024,21,28,2024-07-14,0.0,0.0,98.0,0.0,0.0,,98.0,11.0
NY,2024,22,29,2024-07-21,0.0,0.0,98.0,0.0,0.0,,98.0,18.0
NY,2024,23,30,2024-07-28,0.0,1.0,98.0,0.0,0.0,,98.0,35.0
NY,2024,24,31,2024-08-04,0.0,5.0,98.0,0.0,0.0,,98.0,69.0
NY,2024,25,32,2024-08-11,0.0,13.0,98.0,0.0,0.0,,98.0,84.0
NY,2024,26,33,2024-08-18,6.0,27.0,98.0,0.0,0.0,,98.0,91.0
NY,2024,27,34,2024-08-25,13.0,41.0,98.0,0.0,0.0,,98.0,94.0
NY,2024,28,35,2024-09-01,25.0,58.0,98.0,1.0,0.0,,98.0,97.0
NY,2024,29,36,2024-09-08,33.0,69.0,98.0,6.0,0.0,,98.0,97.0
NY,2024,30,37,2024-09-15,48.0,81.0,98.0,14.0,0.0,,98.0,97.0
NY,2024,31,38,2024-09-22,58.0,87.0,98.0,30.0,0.0,,98.0,97.0
NY,2024,32,39,2024-09-29,72.0,93.0,98.0,45.0,23.0,,98.0,97.0
NY,2024,33,40,2024-10-06,83.0,97.0,98.0,8.0,39.0,,98.0,97.0
NY,2024,34,41,2024-10-13,90.0,97.0,98.0,11.0,50.0,,98.0,97.0
NY,2024,35,42,2024-10-20,93.0,97.0,98.0,19.0,64.0,,98.0,97.0
NY,2024,36,43,2024-10-27,98.0,97.0,98.0,34.0,80.0,,98.0,97.0
NY,2024,37,44,2024-11-03,100.0,97.0,98.0,47.0,88.0,,98.0,97.0
NY,2024,38,45,2024-11-10,100.0,97.0,98.0,61.0,95.0,,98.0,97.0
NY,2024,39,46,2024-11-17,100.0,97.0,98.0,73.0,95.0,,98.0,97.0
NY,2024,40,47,2024-11-24,100.0,97.0,98.0,80.0,95.0,,98.0,97.0
NY,2025,9,16,2025-04-20,0.0,0.0,0.0,0.0,0.0,,0.0,0.0
NY,2025,10,17,2025-04-27,0.0,0.0,0.0,0.0,0.0,,2.0,0.0
NY,2025,11,18,2025-05-04,0.0,0.0,0.0,0.0,0.0,,4.0,0.0
NY,2025,12,19,2025-05-11,0.0,0.0,2.0,0.0,0.0,,6.0,0.0
NY,2025,13,20,2025-05-18,0.0,0.0,5.0,0.0,0.0,,13.0,0.0
NY,2025,14,21,2025-05-25,0.0,0.0,8.0,0.0,0.0,,21.0,0.0
NY,2025,15,22,2025-06-01,0.0,0.0,16.0,0.0,0.0,,33.0,0.0
NY,2025,16,23,2025-06-08,0.0,0.0,22.0,0.0,0.0,,51.0,0.0
NY,2025,17,24,2025-06-15,0.0,0.0,42.0,0.0,0.0,,68.0,0.0
NY,2025,18,25,2025-06-22,0.0,0.0,71.0,0.0,0.0,,86.0,0.0
NY,2025,19,26,2025-06-29,0.0,0.0,83.0,0.0,0.0,,92.0,0.0
NY,2025,20,27,2025-07-06,0.0,0.0,90.0,0.0,0.0,,95.0,0.0
NY,2025,21,28,2025-07-13,0.0,0.0,98.0,0.0,0.0,,95.0,14.0
NY,2025,22,29,2025-07-20,0.0,0.0,98.0,0.0,0.0,,95.0,17.0
NY,2025,23,30,2025-07-27,0.0,1.0,98.0,0.0,0.0,,95.0,30.0
NY,2025,24,31,2025-08-03,0.0,4.0,98.0,0.0,0.0,,95.0,44.0
NY,2025,25,32,2025-08-10,0.0,9.0,98.0,0.0,0.0,,95.0,57.0
NY,2025,26,33,2025-08-17,6.0,21.0,98.0,0.0,0.0,,95.0,72.0
NY,2025,27,34,2025-08-24,13.0,32.0,98.0,0.0,0.0,,95.0,84.0
NY,2025,28,35,2025-08-31,19.0,52.0,98.0,1.0,0.0,,95.0,91.0
NY,2025,29,36,2025-09-07,28.0,61.0,98.0,5.0,0.0,,95.0,93.0
NY,2025,30,37,2025-09-14,38.0,70.0,98.0,0.0,0.0,,95.0,96.0
NY,2025,31,38,2025-09-21,47.0,76.0,98.0,0.0,1.0,,95.0,96.0
NY,2025,32,39,2025-09-28,56.0,83.0,98.0,2.0,6.0,,95.0,96.0
NY,2025,39,46,2025-11-16,56.0,83.0,98.0,70.0,94.0,,95.0,96.0
NY,2025,40,47,2025-11-23,56.0,83.0,98.0,73.0,94.0,,95.0,96.0
OH,2016,7,14,2016-04-10,0.0,0.0,0.0,0.0,0.0,,0.0,0.0
OH,2016,8,15,2016-04-17,0.0,0.0,0.0,0.0,0.0,,0.0,0.0
OH,2016,9,16,2016-04-24,0.0,0.0,0.0,0.0,0.0,,8.0,0.0
OH,2016,10,17,2016-05-01,0.0,0.0,1.0,0.0,0.0,,27.0,0.0
OH,2016,11,18,2016-05-08,0.0,0.0,12.0,0.0,0.0,,30.0,0.0
OH,2016,12,19,2016-05-15,0.0,0.0,21.0,0.0,0.0,,34.0,0.0
OH,2016,13,20,2016-05-22,0.0,0.0,28.0,0.0,0.0,,51.0,0.0
OH,2016,14,21,2016-05-29,0.0,0.0,44.0,0.0,0.0,,84.0,0.0
OH,2016,15,22,2016-06-05,0.0,0.0,75.0,0.0,0.0,,96.0,0.0
OH,2016,16,23,2016-06-12,0.0,0.0,92.0,0.0,0.0,,100.0,0.0
OH,2016,17,24,2016-06-19,0.0,0.0,96.0,0.0,0.0,,100.0,0.0
OH,2016,18,25,2016-06-26,0.0,0.0,100.0,0.0,0.0,,100.0,0.0
OH,2016,19,26,2016-07-03,0.0,0.0,100.0,0.0,0.0,,100.0,2.0
OH,2016,20,27,2016-07-10,0.0,0.0,100.0,0.0,0.0,,100.0,7.0
OH,2016,21,28,2016-07-17,0.0,0.0,100.0,0.0,0.0,,100.0,31.0
OH,2016,22,29,2016-07-24,0.0,1.0,100.0,0.0,0.0,,100.0,58.0
OH,2016,23,30,2016-07-31,0.0,14.0,100.0,0.0,0.0,,100.0,80.0
OH,2016,24,31,2016-08-07,1.0,41.0,100.0,0.0,0.0,,100.0,91.0
OH,2016,25,32,2016-08-14,13.0,59.0,100.0,0.0,0.0,,100.0,97.0
OH,2016,26,33,2016-08-21,26.0,77.0,100.0,0.0,0.0,,100.0,97.0
OH,2016,27,34,2016-08-28,44.0,86.0,100.0,4.0,4.0,,100.0,97.0
OH,2016,28,35,2016-09-04,60.0,91.0,100.0,21.0,12.0,,100.0,97.0
OH,2016,29,36,2016-09-11,78.0,98.0,100.0,0.0,27.0,,100.0,97.0
OH,2016,30,37,2016-09-18,89.0,98.0,100.0,3.0,39.0,,100.0,97.0
OH,2016,31,38,2016-09-25,96.0,98.0,100.0,8.0,57.0,,100.0,97.0
OH,2016,32,39,2016-10-02,96.0,98.0,100.0,13.0,71.0,,100.0,97.0
OH,2016,33,40,2016-10-09,96.0,98.0,100.0,23.0,84.0,,100.0,97.0
OH,2016,34,41,2016-10-16,96.0,98.0,100.0,36.0,92.0,,100.0,97.0
OH,2016,35,42,2016-10-23,96.0,98.0,100.0,49.0,96.0,,100.0,97.0
OH,2016,36,43,2016-10-30,96.0,98.0,100.0,65.0,96.0,,100.0,97.0
OH,2016,37,44,2016-11-06,96.0,98.0,100.0,81.0,96.0,,100.0,97.0
OH,2016,38,45,2016-11-13,96.0,98.0,100.0,90.0,96.0,,100.0,97.0
OH,2016,39,46,2016-11-20,96.0,98.0,100.0,95.0,96.0,,100.0,97.0
OH,2016,40,47,2016-11-27,96.0,98.0,100.0,99.0,96.0,,100.0,97.0
OH,2017,7,14,2017-04-09,0.0,0.0,0.0,0.0,0.0,,0.0,0.0
OH,2017,8,15,2017-04-16,0.0,0.0,0.0,0.0,0.0,,0.0,0.0
OH,2017,9,16,2017-04-23,0.0,0.0,0.0,0.0,0.0,,9.0,0.0
OH,2017,10,17,2017-04-30,0.0,0.0,5.0,0.0,0.0,,42.0,0.0
OH,2017,11,18,2017-05-07,0.0,0.0,12.0,0.0,0.0,,46.0,0.0
OH,2017,12,19,2017-05-14,0.0,0.0,24.0,0.0,0.0,,49.0,0.0
OH,2017,13,20,2017-05-21,0.0,0.0,41.0,0.0,0.0,,73.0,0.0
OH,2017,14,21,2017-05-28,0.0,0.0,62.0,0.0,0.0,,82.0,0.0
OH,2017,15,22,2017-06-04,0.0,0.0,79.0,0.0,0.0,,91.0,0.0
OH,2017,16,23,2017-06-11,0.0,0.0,88.0,0.0,0.0,,96.0,0.0
OH,2017,17,24,2017-06-18,0.0,0.0,96.0,0.0,0.0,,96.0,0.0
OH,2017,18,25,2017-06-25,0.0,0.0,96.0,0.0,0.0,,96.0,1.0
OH,2017,19,26,2017-07-02,0.0,0.0,96.0,0.0,0.0,,96.0,3.0
OH,2017,20,27,2017-07-09,0.0,0.0,96.0,0.0,0.0,,96.0,10.0
OH,2017,21,28,2017-07-16,0.0,0.0,96.0,0.0,0.0,,96.0,34.0
OH,2017,22,29,2017-07-23,0.0,2.0,96.0,0.0,0.0,,96.0,60.0
OH,2017,23,30,2017-07-30,0.0,16.0,96.0,0.0,0.0,,96.0,79.0
OH,2017,24,31,2017-08-06,1.0,36.0,96.0,0.0,0.0,,96.0,90.0
OH,2017,25,32,2017-08-13,6.0,55.0,96.0,0.0,0.0,,96.0,95.0
OH,2017,26,33,2017-08-20,16.0,70.0,96.0,0.0,0.0,,96.0,100.0
OH,2017,27,34,2017-08-27,35.0,85.0,96.0,0.0,1.0,,96.0,100.0
OH,2017,28,35,2017-09-03,54.0,91.0,96.0,13.0,7.0,,96.0,100.0
OH,2017,29,36,2017-09-10,69.0,95.0,96.0,0.0,16.0,,96.0,100.0
OH,2017,30,37,2017-09-17,82.0,95.0,96.0,1.0,27.0,,96.0,100.0
OH,2017,31,38,2017-09-24,90.0,95.0,96.0,3.0,39.0,,96.0,100.0
OH,2017,32,39,2017-10-01,95.0,95.0,96.0,8.0,58.0,,96.0,100.0
OH,2017,33,40,2017-10-08,100.0,95.0,96.0,13.0,74.0,,96.0,100.0
OH,2017,34,41,2017-10-15,100.0,95.0,96.0,21.0,86.0,,96.0,100.0
OH,2017,35,42,2017-10-22,100.0,95.0,96.0,35.0,92.0,,96.0,100.0
OH,2017,36,43,2017-10-29,100.0,95.0,96.0,48.0,96.0,,96.0,100.0
OH,2017,37,44,2017-11-05,100.0,95.0,96.0,60.0,100.0,,96.0,100.0
OH,2017,38,45,2017-11-12,100.0,95.0,96.0,71.0,100.0,,96.0,100.0
OH,2017,39,46,2017-11-19,100.0,95.0,96.0,79.0,100.0,,96.0,100.0
OH,2017,40,47,2017-11-26,100.0,95.0,96.0,87.0,100.0,,96.0,100.0
OH,2018,7,14,2018-04-08,0.0,0.0,0.0,0.0,0.0,,0.0,0.0
OH,2018,8,15,2018-04-15,0.0,0.0,0.0,0.0,0.0,,0.0,0.0
OH,2018,9,16,2018-04-22,0.0,0.0,0.0,0.0,0.0,,0.0,0.0
OH,2018,10,17,2018-04-29,0.0,0.0,0.0,0.0,0.0,,1.0,0.0
OH,2018,11,18,2018-05-06,0.0,0.0,1.0,0.0,0.0,,23.0,0.0
OH,2018,12,19,2018-05-13,0.0,0.0,16.0,0.0,0.0,,55.0,0.0
OH,2018,13,20,2018-05-20,0.0,0.0,45.0,0.0,0.0,,71.0,0.0
OH,2018,14,21,2018-05-27,0.0,0.0,66.0,0.0,0.0,,82.0,0.0
OH,2018,15,22,2018-06-03,0.0,0.0,79.0,0.0,0.0,,90.0,0.0
OH,2018,16,23,2018-06-10,0.0,0.0,89.0,0.0,0.0,,97.0,0.0
OH,2018,17,24,2018-06-17,0.0,0.0,96.0,0.0,0.0,,100.0,0.0
OH,2018,18,25,2018-06-24,0.0,0.0,100.0,0.0,0.0,,100.0,0.0
OH,2018,19,26,2018-07-01,0.0,0.0,100.0,0.0,0.0,,100.0,5.0
OH,2018,20,27,2018-07-08,0.0,0.0,100.0,0.0,0.0,,100.0,30.0
OH,2018,21,28,2018-07-15,0.0,0.0,100.0,0.0,0.0,,100.0,63.0
OH,2018,22,29,2018-07-22,0.0,5.0,100.0,0.0,0.0,,100.0,79.0
OH,2018,23,30,2018-07-29,0.0,26.0,100.0,0.0,0.0,,100.0,88.0
OH,2018,24,31,2018-08-05,3.0,48.0,100.0,0.0,0.0,,100.0,94.0
OH,2018,25,32,2018-08-12,16.0,66.0,100.0,0.0,0.0,,100.0,98.0
OH,2018,26,33,2018-08-19,34.0,81.0,100.0,1.0,0.0,,100.0,100.0
OH,2018,27,34,2018-08-26,54.0,89.0,100.0,11.0,3.0,,100.0,100.0
OH,2018,28,35,2018-09-02,66.0,92.0,100.0,32.0,13.0,,100.0,100.0
OH,2018,29,36,2018-09-09,74.0,95.0,100.0,0.0,26.0,,100.0,100.0
OH,2018,30,37,2018-09-16,83.0,100.0,100.0,2.0,41.0,,100.0,100.0
OH,2018,31,38,2018-09-23,92.0,100.0,100.0,6.0,53.0,,100.0,100.0
OH,2018,32,39,2018-09-30,96.0,100.0,100.0,11.0,69.0,,100.0,100.0
OH,2018,33,40,2018-10-07,100.0,100.0,100.0,21.0,82.0,,100.0,100.0
OH,2018,34,41,2018-10-14,100.0,100.0,100.0,31.0,92.0,,100.0,100.0
OH,2018,35,42,2018-10-21,100.0,100.0,100.0,47.0,97.0,,100.0,100.0
OH,2018,36,43,2018-10-28,100.0,100.0,100.0,64.0,100.0,,100.0,100.0
OH,2018,37,44,2018-11-04,100.0,100.0,100.0,70.0,100.0,,100.0,100.0
OH,2018,38,45,2018-11-11,100.0,100.0,100.0,78.0,100.0,,100.0,100.0
OH,2018,39,46,2018-11-18,100.0,100.0,100.0,82.0,100.0,,100.0,100.0
OH,2018,40,47,2018-11-25,100.0,100.0,100.0,86.0,100.0,,100.0,100.0
OH,2019,7,14,2019-04-07,0.0,0.0,0.0,0.0,0.0,,0.0,0.0
OH,2019,8,15,2019-04-14,0.0,0.0,0.0,0.0,0.0,,0.0,0.0
OH,2019,9,16,2019-04-21,0.0,0.0,0.0,0.0,0.0,,1.0,0.0
OH,2019,10,17,2019-04-28,0.0,0.0,0.0,0.0,0.0,,2.0,0.0
OH,2019,11,18,2019-05-05,0.0,0.0,0.0,0.0,0.0,,2.0,0.0
OH,2019,12,19,2019-05-12,0.0,0.0,1.0,0.0,0.0,,4.0,0.0
OH,2019,13,20,2019-05-19,0.0,0.0,3.0,0.0,0.0,,9.0,0.0
OH,2019,14,21,2019-05-26,0.0,0.0,8.0,0.0,0.0,,22.0,0.0
OH,2019,15,22,2019-06-02,0.0,0.0,18.0,0.0,0.0,,33.0,0.0
OH,2019,16,23,2019-06-09,0.0,0.0,31.0,0.0,0.0,,50.0,0.0
OH,2019,17,24,2019-06-16,0.0,0.0,50.0,0.0,0.0,,68.0,0.0
OH,2019,18,25,2019-06-23,0.0,0.0,66.0,0.0,0.0,,80.0,0.0
OH,2019,19,26,2019-06-30,0.0,0.0,83.0,0.0,0.0,,91.0,0.0
OH,2019,20,27,2019-07-07,0.0,0.0,92.0,0.0,0.0,,98.0,0.0
OH,2019,21,28,2019-07-14,0.0,0.0,95.0,0.0,0.0,,100.0,6.0
OH,2019,22,29,2019-07-21,0.0,0.0,99.0,0.0,0.0,,100.0,18.0
OH,2019,23,30,2019-07-28,0.0,3.0,100.0,0.0,0.0,,100.0,32.0
OH,2019,24,31,2019-08-04,0.0,9.0,100.0,0.0,0.0,,100.0,53.0
OH,2019,25,32,2019-08-11,0.0,25.0,100.0,0.0,0.0,,100.0,71.0
OH,2019,26,33,2019-08-18,3.0,37.0,100.0,0.0,0.0,,100.0,83.0
OH,2019,27,34,2019-08-25,9.0,52.0,100.0,0.0,0.0,,100.0,90.0
OH,2019,28,35,2019-09-01,16.0,63.0,100.0,0.0,1.0,,100.0,93.0
OH,2019,29,36,2019-09-08,29.0,75.0,100.0,0.0,4.0,,100.0,95.0
OH,2019,30,37,2019-09-15,44.0,81.0,100.0,0.0,8.0,,100.0,100.0
OH,2019,31,38,2019-09-22,58.0,88.0,100.0,2.0,17.0,,100.0,100.0
OH,2019,32,39,2019-09-29,70.0,92.0,100.0,5.0,27.0,,100.0,100.0
OH,2019,33,40,2019-10-06,84.0,96.0,100.0,11.0,44.0,,100.0,100.0
OH,2019,34,41,2019-10-13,90.0,100.0,100.0,16.0,57.0,,100.0,100.0
OH,2019,35,42,2019-10-20,94.0,100.0,100.0,26.0,72.0,,100.0,100.0
OH,2019,36,43,2019-10-27,96.0,100.0,100.0,37.0,82.0,,100.0,100.0
OH,2019,37,44,2019-11-03,100.0,100.0,100.0,49.0,90.0,,100.0,100.0
OH,2019,38,45,2019-11-10,100.0,100.0,100.0,65.0,95.0,,100.0,100.0
OH,2019,39,46,2019-11-17,100.0,100.0,100.0,75.0,100.0,,100.0,100.0
OH,2019,40,47,2019-11-24,100.0,100.0,100.0,83.0,100.0,,100.0,100.0
OH,2019,41,48,2019-12-01,100.0,100.0,100.0,90.0,100.0,,100.0,100.0
OH,2020,8,15,2020-04-12,0.0,0.0,0.0,0.0,0.0,,0.0,0.0
OH,2020,9,16,2020-04-19,0.0,0.0,0.0,0.0,0.0,,0.0,0.0
OH,2020,10,17,2020-04-26,0.0,0.0,0.0,0.0,0.0,,3.0,0.0
OH,2020,11,18,2020-05-03,0.0,0.0,0.0,0.0,0.0,,10.0,0.0
OH,2020,12,19,2020-05-10,0.0,0.0,3.0,0.0,0.0,,33.0,0.0
OH,2020,13,20,2020-05-17,0.0,0.0,11.0,0.0,0.0,,57.0,0.0
OH,2020,14,21,2020-05-24,0.0,0.0,32.0,0.0,0.0,,66.0,0.0
OH,2020,15,22,2020-05-31,0.0,0.0,55.0,0.0,0.0,,80.0,0.0
OH,2020,16,23,2020-06-07,0.0,0.0,73.0,0.0,0.0,,94.0,0.0
OH,2020,17,24,2020-06-14,0.0,0.0,86.0,0.0,0.0,,98.0,0.0
OH,2020,18,25,2020-06-21,0.0,0.0,95.0,0.0,0.0,,100.0,0.0
OH,2020,19,26,2020-06-28,0.0,0.0,100.0,0.0,0.0,,100.0,1.0
OH,2020,20,27,2020-07-05,0.0,0.0,100.0,0.0,0.0,,100.0,2.0
OH,2020,21,28,2020-07-12,0.0,0.0,100.0,0.0,0.0,,100.0,9.0
OH,2020,22,29,2020-07-19,0.0,0.0,100.0,0.0,0.0,,100.0,33.0
OH,2020,23,30,2020-07-26,0.0,2.0,100.0,0.0,0.0,,100.0,64.0
OH,2020,24,31,2020-08-02,0.0,18.0,100.0,0.0,0.0,,100.0,85.0
OH,2020,25,32,2020-08-09,1.0,39.0,100.0,0.0,0.0,,100.0,94.0
OH,2020,26,33,2020-08-16,7.0,66.0,100.0,0.0,0.0,,100.0,97.0
OH,2020,27,34,2020-08-23,21.0,81.0,100.0,5.0,0.0,,100.0,100.0
OH,2020,28,35,2020-08-30,39.0,91.0,100.0,20.0,1.0,,100.0,100.0
OH,2020,29,36,2020-09-06,57.0,95.0,100.0,37.0,5.0,,100.0,100.0
OH,2020,30,37,2020-09-13,77.0,100.0,100.0,0.0,14.0,,100.0,100.0
OH,2020,31,38,2020-09-20,89.0,100.0,100.0,1.0,30.0,,100.0,100.0
OH,2020,32,39,2020-09-27,93.0,100.0,100.0,4.0,46.0,,100.0,100.0
OH,2020,33,40,2020-10-04,96.0,100.0,100.0,9.0,63.0,,100.0,100.0
OH,2020,34,41,2020-10-11,100.0,100.0,100.0,15.0,77.0,,100.0,100.0
OH,2020,35,42,2020-10-18,100.0,100.0,100.0,24.0,86.0,,100.0,100.0
OH,2020,36,43,2020-10-25,100.0,100.0,100.0,32.0,93.0,,100.0,100.0
OH,2020,37,44,2020-11-01,100.0,100.0,100.0,41.0,96.0,,100.0,100.0
OH,2020,38,45,2020-11-08,100.0,100.0,100.0,64.0,100.0,,100.0,100.0
OH,2020,39,46,2020-11-15,100.0,100.0,100.0,79.0,100.0,,100.0,100.0
OH,2020,40,47,2020-11-22,100.0,100.0,100.0,87.0,100.0,,100.0,100.0
OH,2020,41,48,2020-11-29,100.0,100.0,100.0,92.0,100.0,,100.0,100.0
OH,2021,6,13,2021-04-04,0.0,0.0,0.0,0.0,0.0,,0.0,0.0
OH,2021,7,14,2021-04-11,0.0,0.0,0.0,0.0,0.0,,2.0,0.0
OH,2021,8,15,2021-04-18,0.0,0.0,0.0,0.0,0.0,,4.0,0.0
OH,2021,9,16,2021-04-25,0.0,0.0,0.0,0.0,0.0,,8.0,0.0
OH,2021,10,17,2021-05-02,0.0,0.0,4.0,0.0,0.0,,22.0,0.0
OH,2021,11,18,2021-05-09,0.0,0.0,9.0,0.0,0.0,,27.0,0.0
OH,2021,12,19,2021-05-16,0.0,0.0,17.0,0.0,0.0,,39.0,0.0
OH,2021,13,20,2021-05-23,0.0,0.0,38.0,0.0,0.0,,76.0,0.0
OH,2021,14,21,2021-05-30,0.0,0.0,70.0,0.0,0.0,,92.0,0.0
OH,2021,15,22,2021-06-06,0.0,0.0,83.0,0.0,0.0,,95.0,0.0
OH,2021,16,23,2021-06-13,0.0,0.0,94.0,0.0,0.0,,100.0,0.0
OH,2021,17,24,2021-06-20,0.0,0.0,98.0,0.0,0.0,,100.0,0.0
OH,2021,18,25,2021-06-27,0.0,0.0,100.0,0.0,0.0,,100.0,0.0
OH,2021,19,26,2021-07-04,0.0,0.0,100.0,0.0,0.0,,100.0,3.0
OH,2021,20,27,2021-07-11,0.0,0.0,100.0,0.0,0.0,,100.0,10.0
OH,2021,21,28,2021-07-18,0.0,2.0,100.0,0.0,0.0,,100.0,42.0
OH,2021,22,29,2021-07-25,0.0,11.0,100.0,0.0,0.0,,100.0,72.0
OH,2021,23,30,2021-08-01,0.0,28.0,100.0,0.0,0.0,,100.0,88.0
OH,2021,24,31,2021-08-08,1.0,51.0,100.0,0.0,0.0,,100.0,93.0
OH,2021,25,32,2021-08-15,19.0,68.0,100.0,1.0,0.0,,100.0,94.0
OH,2021,26,33,2021-08-22,38.0,81.0,100.0,10.0,0.0,,100.0,95.0
OH,2021,27,34,2021-08-29,54.0,87.0,100.0,21.0,3.0,,100.0,100.0
OH,2021,28,35,2021-09-05,73.0,93.0,100.0,34.0,10.0,,100.0,100.0
OH,2021,29,36,2021-09-12,84.0,99.0,100.0,0.0,28.0,,100.0,100.0
OH,2021,30,37,2021-09-19,91.0,100.0,100.0,3.0,49.0,,100.0,100.0
OH,2021,31,38,2021-09-26,95.0,100.0,100.0,6.0,65.0,,100.0,100.0
OH,2021,32,39,2021-10-03,100.0,100.0,100.0,11.0,80.0,,100.0,100.0
OH,2021,33,40,2021-10-10,100.0,100.0,100.0,19.0,87.0,,100.0,100.0
OH,2021,34,41,2021-10-17,100.0,100.0,100.0,25.0,95.0,,100.0,100.0
OH,2021,35,42,2021-10-24,100.0,100.0,100.0,41.0,100.0,,100.0,100.0
OH,2021,36,43,2021-10-31,100.0,100.0,100.0,51.0,100.0,,100.0,100.0
OH,2021,37,44,2021-11-07,100.0,100.0,100.0,65.0,100.0,,100.0,100.0
OH,2021,38,45,2021-11-14,100.0,100.0,100.0,78.0,100.0,,100.0,100.0
OH,2021,39,46,2021-11-21,100.0,100.0,100.0,84.0,100.0,,100.0,100.0
OH,2021,40,47,2021-11-28,100.0,100.0,100.0,89.0,100.0,,100.0,100.0
OH,2022,6,13,2022-04-03,0.0,0.0,0.0,0.0,0.0,,0.0,0.0
OH,2022,7,14,2022-04-10,0.0,0.0,0.0,0.0,0.0,,0.0,0.0
OH,2022,8,15,2022-04-17,0.0,0.0,0.0,0.0,0.0,,0.0,0.0
OH,2022,9,16,2022-04-24,0.0,0.0,0.0,0.0,0.0,,0.0,0.0
OH,2022,10,17,2022-05-01,0.0,0.0,0.0,0.0,0.0,,3.0,0.0
OH,2022,11,18,2022-05-08,0.0,0.0,0.0,0.0,0.0,,5.0,0.0
OH,2022,12,19,2022-05-15,0.0,0.0,5.0,0.0,0.0,,31.0,0.0
OH,2022,13,20,2022-05-22,0.0,0.0,24.0,0.0,0.0,,52.0,0.0
OH,2022,14,21,2022-05-29,0.0,0.0,51.0,0.0,0.0,,72.0,0.0
OH,2022,15,22,2022-06-05,0.0,0.0,65.0,0.0,0.0,,85.0,0.0
OH,2022,16,23,2022-06-12,0.0,0.0,80.0,0.0,0.0,,93.0,0.0
OH,2022,17,24,2022-06-19,0.0,0.0,88.0,0.0,0.0,,97.0,0.0
OH,2022,18,25,2022-06-26,0.0,0.0,95.0,0.0,0.0,,100.0,0.0
OH,2022,19,26,2022-07-03,0.0,0.0,99.0,0.0,0.0,,100.0,0.0
OH,2022,20,27,2022-07-10,0.0,0.0,99.0,0.0,0.0,,100.0,7.0
OH,2022,21,28,2022-07-17,0.0,1.0,99.0,0.0,0.0,,100.0,23.0
OH,2022,22,29,2022-07-24,0.0,8.0,99.0,0.0,0.0,,100.0,55.0
OH,2022,23,30,2022-07-31,0.0,23.0,99.0,0.0,0.0,,100.0,77.0
OH,2022,24,31,2022-08-07,1.0,45.0,99.0,0.0,0.0,,100.0,91.0
OH,2022,25,32,2022-08-14,10.0,65.0,99.0,0.0,0.0,,100.0,96.0
OH,2022,26,33,2022-08-21,23.0,77.0,99.0,3.0,0.0,,100.0,99.0
OH,2022,27,34,2022-08-28,35.0,85.0,99.0,28.0,2.0,,100.0,99.0
OH,2022,28,35,2022-09-04,48.0,92.0,99.0,41.0,5.0,,100.0,99.0
OH,2022,29,36,2022-09-11,64.0,96.0,99.0,0.0,16.0,,100.0,99.0
OH,2022,30,37,2022-09-18,78.0,99.0,99.0,0.0,27.0,,100.0,99.0
OH,2022,31,38,2022-09-25,87.0,99.0,99.0,0.0,45.0,,100.0,99.0
OH,2022,32,39,2022-10-02,93.0,99.0,99.0,7.0,59.0,,100.0,99.0
OH,2022,33,40,2022-10-09,96.0,99.0,99.0,15.0,71.0,,100.0,99.0
OH,2022,34,41,2022-10-16,99.0,99.0,99.0,24.0,84.0,,100.0,99.0
OH,2022,35,42,2022-10-23,99.0,99.0,99.0,36.0,91.0,,100.0,99.0
OH,2022,36,43,2022-10-30,99.0,99.0,99.0,56.0,95.0,,100.0,99.0
OH,2022,37,44,2022-11-06,99.0,99.0,99.0,75.0,99.0,,100.0,99.0
OH,2022,38,45,2022-11-13,99.0,99.0,99.0,87.0,100.0,,100.0,99.0
OH,2022,39,46,2022-11-20,99.0,99.0,99.0,92.0,100.0,,100.0,99.0
OH,2022,40,47,2022-11-27,99.0,99.0,99.0,95.0,100.0,,100.0,99.0
OH,2023,6,13,2023-04-02,0.0,0.0,0.0,0.0,0.0,,0.0,0.0
OH,2023,7,14,2023-04-09,0.0,0.0,0.0,0.0,0.0,,0.0,0.0
OH,2023,8,15,2023-04-16,0.0,0.0,0.0,0.0,0.0,,0.0,0.0
OH,2023,9,16,2023-04-23,0.0,0.0,0.0,0.0,0.0,,6.0,0.0
OH,2023,10,17,2023-04-30,0.0,0.0,0.0,0.0,0.0,,10.0,0.0
OH,2023,11,18,2023-05-07,0.0,0.0,2.0,0.0,0.0,,11.0,0.0
OH,2023,12,19,2023-05-14,0.0,0.0,8.0,0.0,0.0,,26.0,0.0
OH,2023,13,20,2023-05-21,0.0,0.0,21.0,0.0,0.0,,66.0,0.0
OH,2023,14,21,2023-05-28,0.0,0.0,54.0,0.0,0.0,,89.0,0.0
OH,2023,15,22,2023-06-04,0.0,0.0,80.0,0.0,0.0,,95.0,0.0
OH,2023,16,23,2023-06-11,0.0,0.0,93.0,0.0,0.0,,99.0,0.0
OH,2023,17,24,2023-06-18,0.0,0.0,97.0,0.0,0.0,,100.0,0.0
OH,2023,18,25,2023-06-25,0.0,0.0,100.0,0.0,0.0,,100.0,0.0
OH,2023,19,26,2023-07-02,0.0,0.0,100.0,0.0,0.0,,100.0,0.0
OH,2023,20,27,2023-07-09,0.0,0.0,100.0,0.0,0.0,,100.0,8.0
OH,2023,21,28,2023-07-16,0.0,0.0,100.0,0.0,0.0,,100.0,13.0
OH,2023,22,29,2023-07-23,0.0,0.0,100.0,0.0,0.0,,100.0,29.0
OH,2023,23,30,2023-07-30,0.0,3.0,100.0,0.0,0.0,,100.0,64.0
OH,2023,24,31,2023-08-06,0.0,20.0,100.0,0.0,0.0,,100.0,87.0
OH,2023,25,32,2023-08-13,2.0,45.0,100.0,0.0,0.0,,100.0,97.0
OH,2023,26,33,2023-08-20,23.0,64.0,100.0,1.0,0.0,,100.0,100.0
OH,2023,27,34,2023-08-27,30.0,79.0,100.0,4.0,0.0,,100.0,100.0
OH,2023,28,35,2023-09-03,40.0,90.0,100.0,11.0,2.0,,100.0,100.0
OH,2023,29,36,2023-09-10,53.0,95.0,100.0,0.0,11.0,,100.0,100.0
OH,2023,30,37,2023-09-17,67.0,99.0,100.0,0.0,22.0,,100.0,100.0
OH,2023,31,38,2023-09-24,77.0,100.0,100.0,2.0,40.0,,100.0,100.0
OH,2023,32,39,2023-10-01,88.0,100.0,100.0,4.0,51.0,,100.0,100.0
OH,2023,33,40,2023-10-08,95.0,100.0,100.0,9.0,63.0,,100.0,100.0
OH,2023,34,41,2023-10-15,99.0,100.0,100.0,17.0,86.0,,100.0,100.0
OH,2023,35,42,2023-10-22,99.0,100.0,100.0,20.0,90.0,,100.0,100.0
OH,2023,36,43,2023-10-29,99.0,100.0,100.0,29.0,95.0,,100.0,100.0
OH,2023,37,44,2023-11-05,99.0,100.0,100.0,45.0,99.0,,100.0,100.0
OH,2023,38,45,2023-11-12,99.0,100.0,100.0,68.0,100.0,,100.0,100.0
OH,2023,39,46,2023-11-19,99.0,100.0,100.0,81.0,100.0,,100.0,100.0
OH,2023,40,47,2023-11-26,99.0,100.0,100.0,86.0,100.0,,100.0,100.0
OH,2024,6,13,2024-03-31,0.0,0.0,0.0,0.0,0.0,,0.0,0.0
OH,2024,7,14,2024-04-07,0.0,0.0,0.0,0.0,0.0,,0.0,0.0
OH,2024,8,15,2024-04-14,0.0,0.0,0.0,0.0,0.0,,0.0,0.0
OH,2024,9,16,2024-04-21,0.0,0.0,0.0,0.0,0.0,,0.0,0.0
OH,2024,10,17,2024-04-28,0.0,0.0,0.0,0.0,0.0,,6.0,0.0
OH,2024,11,18,2024-05-05,0.0,0.0,8.0,0.0,0.0,,26.0,0.0
OH,2024,12,19,2024-05-12,0.0,0.0,25.0,0.0,0.0,,36.0,0.0
OH,2024,13,20,2024-05-19,0.0,0.0,35.0,0.0,0.0,,46.0,0.0
OH,2024,14,21,2024-05-26,0.0,0.0,50.0,0.0,0.0,,79.0,0.0
OH,2024,15,22,2024-06-02,0.0,0.0,73.0,0.0,0.0,,90.0,0.0
OH,2024,16,23,2024-06-09,0.0,0.0,85.0,0.0,0.0,,95.0,0.0
OH,2024,17,24,2024-06-16,0.0,0.0,94.0,0.0,0.0,,97.0,0.0
OH,2024,18,25,2024-06-23,0.0,0.0,98.0,0.0,0.0,,97.0,0.0
OH,2024,19,26,2024-06-30,0.0,0.0,100.0,0.0,0.0,,97.0,3.0
OH,2024,20,27,2024-07-07,0.0,0.0,100.0,0.0,0.0,,97.0,15.0
OH,2024,21,28,2024-07-14,0.0,1.0,100.0,0.0,0.0,,97.0,34.0
OH,2024,22,29,2024-07-21,0.0,13.0,100.0,0.0,0.0,,97.0,60.0
OH,2024,23,30,2024-07-28,0.0,25.0,100.0,0.0,0.0,,97.0,81.0
OH,2024,24,31,2024-08-04,0.0,47.0,100.0,0.0,0.0,,97.0,91.0
OH,2024,25,32,2024-08-11,8.0,65.0,100.0,0.0,0.0,,97.0,96.0
OH,2024,26,33,2024-08-18,31.0,79.0,100.0,1.0,5.0,,97.0,100.0
OH,2024,27,34,2024-08-25,47.0,90.0,100.0,12.0,9.0,,97.0,100.0
OH,2024,28,35,2024-09-01,64.0,93.0,100.0,31.0,14.0,,97.0,100.0
OH,2024,29,36,2024-09-08,78.0,95.0,100.0,0.0,28.0,,97.0,100.0
OH,2024,30,37,2024-09-15,88.0,96.0,100.0,6.0,45.0,,97.0,100.0
OH,2024,31,38,2024-09-22,94.0,100.0,100.0,10.0,60.0,,97.0,100.0
OH,2024,32,39,2024-09-29,96.0,100.0,100.0,16.0,70.0,,97.0,100.0
OH,2024,33,40,2024-10-06,100.0,100.0,100.0,22.0,84.0,,97.0,100.0
OH,2024,34,41,2024-10-13,100.0,100.0,100.0,34.0,92.0,,97.0,100.0
OH,2024,35,42,2024-10-20,100.0,100.0,100.0,51.0,97.0,,97.0,100.0
OH,2024,36,43,2024-10-27,100.0,100.0,100.0,72.0,100.0,,97.0,100.0
OH,2024,37,44,2024-11-03,100.0,100.0,100.0,89.0,100.0,,97.0,100.0
OH,2024,38,45,2024-11-10,100.0,100.0,100.0,96.0,100.0,,97.0,100.0
OH,2024,39,46,2024-11-17,100.0,100.0,100.0,99.0,100.0,,97.0,100.0
OH,2024,40,47,2024-11-24,100.0,100.0,100.0,100.0,100.0,,97.0,100.0
OH,2025,7,14,2025-04-06,0.0,0.0,0.0,0.0,0.0,,0.0,0.0
OH,2025,8,15,2025-04-13,0.0,0.0,0.0,0.0,0.0,,0.0,0.0
OH,2025,9,16,2025-04-20,0.0,0.0,0.0,0.0,0.0,,2.0,0.0
OH,2025,10,17,2025-04-27,0.0,0.0,0.0,0.0,0.0,,8.0,0.0
OH,2025,11,18,2025-05-04,0.0,0.0,4.0,0.0,0.0,,22.0,0.0
OH,2025,12,19,2025-05-11,0.0,0.0,14.0,0.0,0.0,,25.0,0.0
OH,2025,13,20,2025-05-18,0.0,0.0,22.0,0.0,0.0,,34.0,0.0
OH,2025,14,21,2025-05-25,0.0,0.0,36.0,0.0,0.0,,54.0,0.0
OH,2025,15,22,2025-06-01,0.0,0.0,49.0,0.0,0.0,,72.0,0.0
OH,2025,16,23,2025-06-08,0.0,0.0,68.0,0.0,0.0,,89.0,0.0
OH,2025,17,24,2025-06-15,0.0,0.0,86.0,0.0,0.0,,95.0,0.0
OH,2025,18,25,2025-06-22,0.0,0.0,92.0,0.0,0.0,,97.0,0.0
OH,2025,19,26,2025-06-29,0.0,0.0,95.0,0.0,0.0,,100.0,2.0
OH,2025,20,27,2025-07-06,0.0,0.0,98.0,0.0,0.0,,100.0,8.0
OH,2025,21,28,2025-07-13,0.0,0.0,100.0,0.0,0.0,,100.0,21.0
OH,2025,22,29,2025-07-20,0.0,6.0,100.0,0.0,0.0,,100.0,40.0
OH,2025,23,30,2025-07-27,0.0,20.0,100.0,0.0,0.0,,100.0,65.0
OH,2025,24,31,2025-08-03,0.0,40.0,100.0,0.0,0.0,,100.0,87.0
OH,2025,25,32,2025-08-10,1.0,62.0,100.0,0.0,0.0,,100.0,95.0
OH,2025,26,33,2025-08-17,16.0,77.0,100.0,0.0,1.0,,100.0,97.0
OH,2025,27,34,2025-08-24,35.0,87.0,100.0,1.0,2.0,,100.0,100.0
OH,2025,28,35,2025-08-31,51.0,92.0,100.0,17.0,7.0,,100.0,100.0
OH,2025,29,36,2025-09-07,67.0,95.0,100.0,0.0,13.0,,100.0,100.0
OH,2025,30,37,2025-09-14,81.0,98.0,100.0,1.0,33.0,,100.0,100.0
OH,2025,31,38,2025-09-21,93.0,100.0,100.0,6.0,51.0,,100.0,100.0
OH,2025,32,39,2025-09-28,96.0,100.0,100.0,10.0,62.0,,100.0,100.0
OH,2025,39,46,2025-11-16,96.0,100.0,100.0,93.0,62.0,,100.0,100.0
OH,2025,40,47,2025-11-23,96.0,100.0,100.0,98.0,62.0,,100.0,100.0
OK,2016,7,14,2016-04-10,0.0,0.0,0.0,0.0,0.0,,17.0,0.0
OK,2016,8,15,2016-04-17,0.0,0.0,0.0,0.0,0.0,,25.0,0.0
OK,2016,9,16,2016-04-24,0.0,0.0,7.0,0.0,0.0,,29.0,0.0
OK,2016,10,17,2016-05-01,0.0,0.0,30.0,0.0,0.0,,50.0,0.0
OK,2016,11,18,2016-05-08,0.0,0.0,43.0,0.0,0.0,,63.0,0.0
OK,2016,12,19,2016-05-15,0.0,0.0,48.0,0.0,0.0,,65.0,0.0
OK,2016,13,20,2016-05-22,0.0,0.0,62.0,0.0,0.0,,75.0,0.0
OK,2016,14,21,2016-05-29,0.0,0.0,76.0,0.0,0.0,,86.0,0.0
OK,2016,15,22,2016-06-05,0.0,0.0,83.0,0.0,0.0,,89.0,0.0
OK,2016,16,23,2016-06-12,0.0,0.0,92.0,0.0,0.0,,97.0,2.0
OK,2016,17,24,2016-06-19,0.0,0.0,97.0,0.0,0.0,,97.0,12.0
OK,2016,18,25,2016-06-26,0.0,0.0,97.0,0.0,0.0,,97.0,27.0
OK,2016,19,26,2016-07-03,0.0,0.0,97.0,0.0,0.0,,97.0,48.0
OK,2016,20,27,2016-07-10,0.0,0.0,97.0,0.0,0.0,,97.0,51.0
OK,2016,21,28,2016-07-17,0.0,0.0,97.0,0.0,0.0,,97.0,62.0
OK,2016,22,29,2016-07-24,0.0,18.0,97.0,0.0,0.0,,97.0,74.0
OK,2016,23,30,2016-07-31,0.0,26.0,97.0,0.0,0.0,,97.0,85.0
OK,2016,24,31,2016-08-07,6.0,48.0,97.0,0.0,0.0,,97.0,92.0
OK,2016,25,32,2016-08-14,27.0,58.0,97.0,0.0,0.0,,97.0,100.0
OK,2016,26,33,2016-08-21,50.0,83.0,97.0,0.0,7.0,,97.0,100.0
OK,2016,27,34,2016-08-28,64.0,86.0,97.0,0.0,28.0,,97.0,100.0
OK,2016,28,35,2016-09-04,68.0,90.0,97.0,0.0,38.0,,97.0,100.0
OK,2016,29,36,2016-09-11,80.0,95.0,97.0,7.0,52.0,,97.0,100.0
OK,2016,30,37,2016-09-18,82.0,95.0,97.0,20.0,67.0,,97.0,100.0
OK,2016,31,38,2016-09-25,90.0,95.0,97.0,50.0,74.0,,97.0,100.0
OK,2016,32,39,2016-10-02,100.0,95.0,97.0,60.0,81.0,,97.0,100.0
OK,2016,33,40,2016-10-09,100.0,95.0,97.0,65.0,90.0,,97.0,100.0
OK,2016,34,41,2016-10-16,100.0,95.0,97.0,77.0,100.0,,97.0,100.0
OK,2016,35,42,2016-10-23,100.0,95.0,97.0,82.0,100.0,,97.0,100.0
OK,2016,36,43,2016-10-30,100.0,95.0,97.0,89.0,100.0,,97.0,100.0
OK,2016,37,44,2016-11-06,100.0,95.0,97.0,97.0,100.0,,97.0,100.0
OK,2016,38,45,2016-11-13,100.0,95.0,97.0,100.0,100.0,,97.0,100.0
OK,2016,39,46,2016-11-20,100.0,95.0,97.0,100.0,100.0,,97.0,100.0
OK,2017,6,13,2017-04-02,0.0,0.0,0.0,0.0,0.0,,5.0,0.0
OK,2017,7,14,2017-04-09,0.0,0.0,0.0,0.0,0.0,,17.0,0.0
OK,2017,8,15,2017-04-16,0.0,0.0,0.0,0.0,0.0,,28.0,0.0
OK,2017,9,16,2017-04-23,0.0,0.0,8.0,0.0,0.0,,46.0,0.0
OK,2017,10,17,2017-04-30,0.0,0.0,25.0,0.0,0.0,,52.0,0.0
OK,2017,11,18,2017-05-07,0.0,0.0,46.0,0.0,0.0,,63.0,0.0
OK,2017,12,19,2017-05-14,0.0,0.0,58.0,0.0,0.0,,67.0,0.0
OK,2017,13,20,2017-05-21,0.0,0.0,70.0,0.0,0.0,,78.0,0.0
OK,2017,14,21,2017-05-28,0.0,0.0,79.0,0.0,0.0,,85.0,0.0
OK,2017,15,22,2017-06-04,0.0,0.0,86.0,0.0,0.0,,91.0,3.0
OK,2017,16,23,2017-06-11,0.0,0.0,94.0,0.0,0.0,,97.0,7.0
OK,2017,17,24,2017-06-18,0.0,0.0,96.0,0.0,0.0,,97.0,16.0
OK,2017,18,25,2017-06-25,0.0,0.0,96.0,0.0,0.0,,97.0,23.0
OK,2017,19,26,2017-07-02,0.0,0.0,96.0,0.0,0.0,,97.0,34.0
OK,2017,20,27,2017-07-09,0.0,0.0,96.0,0.0,0.0,,97.0,38.0
OK,2017,21,28,2017-07-16,0.0,0.0,96.0,0.0,0.0,,97.0,50.0
OK,2017,22,29,2017-07-23,0.0,9.0,96.0,0.0,0.0,,97.0,64.0
OK,2017,23,30,2017-07-30,0.0,30.0,96.0,0.0,0.0,,97.0,76.0
OK,2017,24,31,2017-08-06,6.0,53.0,96.0,0.0,0.0,,97.0,96.0
OK,2017,25,32,2017-08-13,27.0,68.0,96.0,0.0,0.0,,97.0,96.0
OK,2017,26,33,2017-08-20,54.0,85.0,96.0,0.0,0.0,,97.0,96.0
OK,2017,27,34,2017-08-27,70.0,92.0,96.0,0.0,18.0,,97.0,96.0
OK,2017,28,35,2017-09-03,83.0,93.0,96.0,0.0,27.0,,97.0,96.0
OK,2017,29,36,2017-09-10,87.0,98.0,96.0,9.0,42.0,,97.0,96.0
OK,2017,30,37,2017-09-17,91.0,98.0,96.0,31.0,65.0,,97.0,96.0
OK,2017,31,38,2017-09-24,96.0,98.0,96.0,42.0,73.0,,97.0,96.0
OK,2017,32,39,2017-10-01,99.0,98.0,96.0,47.0,76.0,,97.0,96.0
OK,2017,33,40,2017-10-08,99.0,98.0,96.0,53.0,94.0,,97.0,96.0
OK,2017,34,41,2017-10-15,99.0,98.0,96.0,63.0,98.0,,97.0,96.0
OK,2017,35,42,2017-10-22,99.0,98.0,96.0,70.0,100.0,,97.0,96.0
OK,2017,36,43,2017-10-29,99.0,98.0,96.0,84.0,100.0,,97.0,96.0
OK,2017,37,44,2017-11-05,99.0,98.0,96.0,90.0,100.0,,97.0,96.0
OK,2017,38,45,2017-11-12,99.0,98.0,96.0,95.0,100.0,,97.0,96.0
OK,2017,39,46,2017-11-19,99.0,98.0,96.0,100.0,100.0,,97.0,96.0
OK,2017,40,47,2017-11-26,99.0,98.0,96.0,100.0,100.0,,97.0,96.0
OK,2018,6,13,2018-04-01,0.0,0.0,0.0,0.0,0.0,,4.0,0.0
OK,2018,7,14,2018-04-08,0.0,0.0,0.0,0.0,0.0,,12.0,0.0
OK,2018,8,15,2018-04-15,0.0,0.0,0.0,0.0,0.0,,18.0,0.0
OK,2018,9,16,2018-04-22,0.0,0.0,0.0,0.0,0.0,,30.0,0.0
OK,2018,10,17,2018-04-29,0.0,0.0,0.0,0.0,0.0,,35.0,0.0
OK,2018,11,18,2018-05-06,0.0,0.0,21.0,0.0,0.0,,59.0,0.0
OK,2018,12,19,2018-05-13,0.0,0.0,40.0,0.0,0.0,,66.0,0.0
OK,2018,13,20,2018-05-20,0.0,0.0,60.0,0.0,0.0,,80.0,0.0
OK,2018,14,21,2018-05-27,0.0,0.0,76.0,0.0,0.0,,92.0,0.0
OK,2018,15,22,2018-06-03,0.0,0.0,89.0,0.0,0.0,,99.0,0.0
OK,2018,16,23,2018-06-10,0.0,0.0,91.0,0.0,0.0,,99.0,2.0
OK,2018,17,24,2018-06-17,0.0,0.0,92.0,0.0,0.0,,99.0,10.0
OK,2018,18,25,2018-06-24,0.0,0.0,99.0,0.0,0.0,,99.0,21.0
OK,2018,19,26,2018-07-01,0.0,0.0,99.0,0.0,0.0,,99.0,29.0
OK,2018,20,27,2018-07-08,0.0,0.0,99.0,0.0,0.0,,99.0,44.0
OK,2018,21,28,2018-07-15,0.0,0.0,99.0,0.0,0.0,,99.0,60.0
OK,2018,22,29,2018-07-22,0.0,8.0,99.0,0.0,0.0,,99.0,72.0
OK,2018,23,30,2018-07-29,0.0,35.0,99.0,0.0,0.0,,99.0,82.0
OK,2018,24,31,2018-08-05,7.0,56.0,99.0,0.0,0.0,,99.0,94.0
OK,2018,25,32,2018-08-12,23.0,68.0,99.0,0.0,0.0,,99.0,95.0
OK,2018,26,33,2018-08-19,40.0,83.0,99.0,0.0,0.0,,99.0,100.0
OK,2018,27,34,2018-08-26,55.0,87.0,99.0,0.0,0.0,,99.0,100.0
OK,2018,28,35,2018-09-02,67.0,95.0,99.0,0.0,10.0,,99.0,100.0
OK,2018,29,36,2018-09-09,82.0,95.0,99.0,15.0,38.0,,99.0,100.0
OK,2018,30,37,2018-09-16,92.0,95.0,99.0,21.0,60.0,,99.0,100.0
OK,2018,31,38,2018-09-23,97.0,95.0,99.0,35.0,72.0,,99.0,100.0
OK,2018,32,39,2018-09-30,97.0,95.0,99.0,48.0,87.0,,99.0,100.0
OK,2018,33,40,2018-10-07,97.0,95.0,99.0,58.0,93.0,,99.0,100.0
OK,2018,34,41,2018-10-14,97.0,95.0,99.0,60.0,98.0,,99.0,100.0
OK,2018,35,42,2018-10-21,97.0,95.0,99.0,71.0,98.0,,99.0,100.0
OK,2018,36,43,2018-10-28,97.0,95.0,99.0,84.0,98.0,,99.0,100.0
OK,2018,37,44,2018-11-04,97.0,95.0,99.0,87.0,98.0,,99.0,100.0
OK,2018,38,45,2018-11-11,97.0,95.0,99.0,93.0,98.0,,99.0,100.0
OK,2018,39,46,2018-11-18,97.0,95.0,99.0,99.0,98.0,,99.0,100.0
OK,2018,40,47,2018-11-25,97.0,95.0,99.0,100.0,98.0,,99.0,100.0
OK,2019,7,14,2019-04-07,0.0,0.0,0.0,0.0,0.0,,4.0,0.0
OK,2019,8,15,2019-04-14,0.0,0.0,0.0,0.0,0.0,,12.0,0.0
OK,2019,9,16,2019-04-21,0.0,0.0,0.0,0.0,0.0,,32.0,0.0
OK,2019,10,17,2019-04-28,0.0,0.0,10.0,0.0,0.0,,33.0,0.0
OK,2019,11,18,2019-05-05,0.0,0.0,18.0,0.0,0.0,,40.0,0.0
OK,2019,12,19,2019-05-12,0.0,0.0,35.0,0.0,0.0,,45.0,0.0
OK,2019,13,20,2019-05-19,0.0,0.0,45.0,0.0,0.0,,55.0,0.0
OK,2019,14,21,2019-05-26,0.0,0.0,53.0,0.0,0.0,,63.0,0.0
OK,2019,15,22,2019-06-02,0.0,0.0,60.0,0.0,0.0,,77.0,0.0
OK,2019,16,23,2019-06-09,0.0,0.0,70.0,0.0,0.0,,80.0,0.0
OK,2019,17,24,2019-06-16,0.0,0.0,72.0,0.0,0.0,,85.0,2.0
OK,2019,18,25,2019-06-23,0.0,0.0,82.0,0.0,0.0,,86.0,7.0
OK,2019,19,26,2019-06-30,0.0,0.0,86.0,0.0,0.0,,95.0,23.0
OK,2019,20,27,2019-07-07,0.0,0.0,88.0,0.0,0.0,,95.0,30.0
OK,2019,21,28,2019-07-14,0.0,0.0,100.0,0.0,0.0,,95.0,34.0
OK,2019,22,29,2019-07-21,0.0,5.0,100.0,0.0,0.0,,95.0,60.0
OK,2019,23,30,2019-07-28,0.0,17.0,100.0,0.0,0.0,,95.0,63.0
OK,2019,24,31,2019-08-04,0.0,35.0,100.0,0.0,0.0,,95.0,78.0
OK,2019,25,32,2019-08-11,21.0,56.0,100.0,0.0,0.0,,95.0,92.0
OK,2019,26,33,2019-08-18,26.0,66.0,100.0,0.0,0.0,,95.0,96.0
OK,2019,27,34,2019-08-25,44.0,76.0,100.0,0.0,0.0,,95.0,96.0
OK,2019,28,35,2019-09-01,48.0,81.0,100.0,0.0,8.0,,95.0,96.0
OK,2019,29,36,2019-09-08,60.0,90.0,100.0,0.0,25.0,,95.0,96.0
OK,2019,30,37,2019-09-15,67.0,99.0,100.0,15.0,35.0,,95.0,96.0
OK,2019,31,38,2019-09-22,90.0,100.0,100.0,19.0,48.0,,95.0,96.0
OK,2019,32,39,2019-09-29,97.0,100.0,100.0,41.0,70.0,,95.0,96.0
OK,2019,33,40,2019-10-06,100.0,100.0,100.0,50.0,90.0,,95.0,96.0
OK,2019,34,41,2019-10-13,100.0,100.0,100.0,59.0,98.0,,95.0,96.0
OK,2019,35,42,2019-10-20,100.0,100.0,100.0,72.0,100.0,,95.0,96.0
OK,2019,36,43,2019-10-27,100.0,100.0,100.0,85.0,100.0,,95.0,96.0
OK,2019,37,44,2019-11-03,100.0,100.0,100.0,92.0,100.0,,95.0,96.0
OK,2019,38,45,2019-11-10,100.0,100.0,100.0,95.0,100.0,,95.0,96.0
OK,2019,39,46,2019-11-17,100.0,100.0,100.0,98.0,100.0,,95.0,96.0
OK,2019,40,47,2019-11-24,100.0,100.0,100.0,99.0,100.0,,95.0,96.0
OK,2019,41,48,2019-12-01,100.0,100.0,100.0,100.0,100.0,,95.0,96.0
OK,2020,7,14,2020-04-05,0.0,0.0,0.0,0.0,0.0,,0.0,0.0
OK,2020,8,15,2020-04-12,0.0,0.0,0.0,0.0,0.0,,7.0,0.0
OK,2020,9,16,2020-04-19,0.0,0.0,0.0,0.0,0.0,,10.0,0.0
OK,2020,10,17,2020-04-26,0.0,0.0,2.0,0.0,0.0,,18.0,0.0
OK,2020,11,18,2020-05-03,0.0,0.0,11.0,0.0,0.0,,38.0,0.0
OK,2020,12,19,2020-05-10,0.0,0.0,31.0,0.0,0.0,,60.0,0.0
OK,2020,13,20,2020-05-17,0.0,0.0,48.0,0.0,0.0,,75.0,0.0
OK,2020,14,21,2020-05-24,0.0,0.0,56.0,0.0,0.0,,79.0,0.0
OK,2020,15,22,2020-05-31,0.0,0.0,65.0,0.0,0.0,,83.0,0.0
OK,2020,16,23,2020-06-07,0.0,0.0,77.0,0.0,0.0,,85.0,3.0
OK,2020,17,24,2020-06-14,0.0,0.0,83.0,0.0,0.0,,90.0,5.0
OK,2020,18,25,2020-06-21,0.0,0.0,90.0,0.0,0.0,,98.0,6.0
OK,2020,19,26,2020-06-28,0.0,0.0,98.0,0.0,0.0,,100.0,16.0
OK,2020,20,27,2020-07-05,0.0,0.0,98.0,0.0,0.0,,100.0,30.0
OK,2020,21,28,2020-07-12,0.0,3.0,98.0,0.0,0.0,,100.0,35.0
OK,2020,22,29,2020-07-19,0.0,17.0,98.0,0.0,0.0,,100.0,55.0
OK,2020,23,30,2020-07-26,0.0,23.0,98.0,0.0,0.0,,100.0,74.0
OK,2020,24,31,2020-08-02,0.0,33.0,98.0,0.0,0.0,,100.0,85.0
OK,2020,25,32,2020-08-09,0.0,43.0,98.0,0.0,0.0,,100.0,95.0
OK,2020,26,33,2020-08-16,10.0,55.0,98.0,0.0,0.0,,100.0,95.0
OK,2020,27,34,2020-08-23,44.0,78.0,98.0,0.0,4.0,,100.0,95.0
OK,2020,28,35,2020-08-30,50.0,83.0,98.0,0.0,14.0,,100.0,95.0
OK,2020,29,36,2020-09-06,65.0,95.0,98.0,2.0,29.0,,100.0,95.0
OK,2020,30,37,2020-09-13,80.0,95.0,98.0,4.0,53.0,,100.0,95.0
OK,2020,31,38,2020-09-20,95.0,95.0,98.0,20.0,68.0,,100.0,95.0
OK,2020,32,39,2020-09-27,100.0,95.0,98.0,30.0,75.0,,100.0,95.0
OK,2020,33,40,2020-10-04,100.0,95.0,98.0,46.0,90.0,,100.0,95.0
OK,2020,34,41,2020-10-11,100.0,95.0,98.0,62.0,95.0,,100.0,95.0
OK,2020,35,42,2020-10-18,100.0,95.0,98.0,72.0,95.0,,100.0,95.0
OK,2020,36,43,2020-10-25,100.0,95.0,98.0,82.0,95.0,,100.0,95.0
OK,2020,37,44,2020-11-01,100.0,95.0,98.0,90.0,95.0,,100.0,95.0
OK,2020,38,45,2020-11-08,100.0,95.0,98.0,95.0,95.0,,100.0,95.0
OK,2021,6,13,2021-04-04,0.0,0.0,0.0,0.0,0.0,,3.0,0.0
OK,2021,7,14,2021-04-11,0.0,0.0,0.0,0.0,0.0,,18.0,0.0
OK,2021,8,15,2021-04-18,0.0,0.0,0.0,0.0,0.0,,26.0,0.0
OK,2021,9,16,2021-04-25,0.0,0.0,3.0,0.0,0.0,,30.0,0.0
OK,2021,10,17,2021-05-02,0.0,0.0,12.0,0.0,0.0,,40.0,0.0
OK,2021,11,18,2021-05-09,0.0,0.0,23.0,0.0,0.0,,47.0,0.0
OK,2021,12,19,2021-05-16,0.0,0.0,30.0,0.0,0.0,,55.0,0.0
OK,2021,13,20,2021-05-23,0.0,0.0,55.0,0.0,0.0,,60.0,0.0
OK,2021,14,21,2021-05-30,0.0,0.0,60.0,0.0,0.0,,70.0,0.0
OK,2021,15,22,2021-06-06,0.0,0.0,68.0,0.0,0.0,,78.0,0.0
OK,2021,16,23,2021-06-13,0.0,0.0,78.0,0.0,0.0,,91.0,0.0
OK,2021,17,24,2021-06-20,0.0,0.0,91.0,0.0,0.0,,96.0,5.0
OK,2021,18,25,2021-06-27,0.0,0.0,95.0,0.0,0.0,,100.0,15.0
OK,2021,19,26,2021-07-04,0.0,0.0,95.0,0.0,0.0,,100.0,24.0
OK,2021,20,27,2021-07-11,0.0,0.0,95.0,0.0,0.0,,100.0,32.0
OK,2021,21,28,2021-07-18,0.0,0.0,95.0,0.0,0.0,,100.0,47.0
OK,2021,22,29,2021-07-25,0.0,12.0,95.0,0.0,0.0,,100.0,60.0
OK,2021,23,30,2021-08-01,0.0,23.0,95.0,0.0,0.0,,100.0,84.0
OK,2021,24,31,2021-08-08,0.0,40.0,95.0,0.0,0.0,,100.0,90.0
OK,2021,25,32,2021-08-15,3.0,50.0,95.0,0.0,0.0,,100.0,95.0
OK,2021,26,33,2021-08-22,20.0,65.0,95.0,0.0,0.0,,100.0,99.0
OK,2021,27,34,2021-08-29,44.0,80.0,95.0,0.0,0.0,,100.0,99.0
OK,2021,28,35,2021-09-05,69.0,92.0,95.0,0.0,25.0,,100.0,99.0
OK,2021,29,36,2021-09-12,82.0,99.0,95.0,0.0,44.0,,100.0,99.0
OK,2021,30,37,2021-09-19,95.0,99.0,95.0,0.0,69.0,,100.0,99.0
OK,2021,31,38,2021-09-26,97.0,99.0,95.0,30.0,79.0,,100.0,99.0
OK,2021,32,39,2021-10-03,97.0,99.0,95.0,44.0,86.0,,100.0,99.0
OK,2021,33,40,2021-10-10,97.0,99.0,95.0,60.0,95.0,,100.0,99.0
OK,2021,34,41,2021-10-17,97.0,99.0,95.0,69.0,96.0,,100.0,99.0
OK,2021,35,42,2021-10-24,97.0,99.0,95.0,82.0,96.0,,100.0,99.0
OK,2021,36,43,2021-10-31,97.0,99.0,95.0,92.0,96.0,,100.0,99.0
OK,2021,37,44,2021-11-07,97.0,99.0,95.0,98.0,96.0,,100.0,99.0
OK,2021,38,45,2021-11-14,97.0,99.0,95.0,100.0,96.0,,100.0,99.0
OK,2021,39,46,2021-11-21,97.0,99.0,95.0,100.0,96.0,,100.0,99.0
OK,2022,6,13,2022-04-03,0.0,0.0,0.0,0.0,0.0,,1.0,0.0
OK,2022,7,14,2022-04-10,0.0,0.0,0.0,0.0,0.0,,5.0,0.0
OK,2022,8,15,2022-04-17,0.0,0.0,0.0,0.0,0.0,,19.0,0.0
OK,2022,9,16,2022-04-24,0.0,0.0,0.0,0.0,0.0,,22.0,0.0
OK,2022,10,17,2022-05-01,0.0,0.0,7.0,0.0,0.0,,32.0,0.0
OK,2022,11,18,2022-05-08,0.0,0.0,17.0,0.0,0.0,,38.0,0.0
OK,2022,12,19,2022-05-15,0.0,0.0,25.0,0.0,0.0,,43.0,0.0
OK,2022,13,20,2022-05-22,0.0,0.0,54.0,0.0,0.0,,71.0,0.0
OK,2022,14,21,2022-05-29,0.0,0.0,60.0,0.0,0.0,,77.0,0.0
OK,2022,15,22,2022-06-05,0.0,0.0,70.0,0.0,0.0,,83.0,0.0
OK,2022,16,23,2022-06-12,0.0,0.0,80.0,0.0,0.0,,90.0,0.0
OK,2022,17,24,2022-06-19,0.0,0.0,89.0,0.0,0.0,,96.0,5.0
OK,2022,18,25,2022-06-26,0.0,0.0,97.0,0.0,0.0,,96.0,18.0
OK,2022,19,26,2022-07-03,0.0,0.0,97.0,0.0,0.0,,96.0,30.0
OK,2022,20,27,2022-07-10,0.0,0.0,97.0,0.0,0.0,,96.0,38.0
OK,2022,21,28,2022-07-17,0.0,0.0,97.0,0.0,0.0,,96.0,43.0
OK,2022,22,29,2022-07-24,0.0,3.0,97.0,0.0,0.0,,96.0,64.0
OK,2022,23,30,2022-07-31,0.0,25.0,97.0,0.0,0.0,,96.0,85.0
OK,2022,24,31,2022-08-07,0.0,45.0,97.0,0.0,0.0,,96.0,95.0
OK,2022,25,32,2022-08-14,19.0,54.0,97.0,0.0,0.0,,96.0,95.0
OK,2022,26,33,2022-08-21,37.0,62.0,97.0,0.0,0.0,,96.0,95.0
OK,2022,27,34,2022-08-28,55.0,80.0,97.0,0.0,9.0,,96.0,95.0
OK,2022,28,35,2022-09-04,73.0,90.0,97.0,0.0,29.0,,96.0,95.0
OK,2022,29,36,2022-09-11,82.0,95.0,97.0,15.0,37.0,,96.0,95.0
OK,2022,30,37,2022-09-18,89.0,95.0,97.0,30.0,54.0,,96.0,95.0
OK,2022,31,38,2022-09-25,96.0,95.0,97.0,31.0,72.0,,96.0,95.0
OK,2022,32,39,2022-10-02,96.0,95.0,97.0,41.0,89.0,,96.0,95.0
OK,2022,33,40,2022-10-09,96.0,95.0,97.0,51.0,97.0,,96.0,95.0
OK,2022,34,41,2022-10-16,96.0,95.0,97.0,72.0,97.0,,96.0,95.0
OK,2022,35,42,2022-10-23,96.0,95.0,97.0,82.0,97.0,,96.0,95.0
OK,2022,36,43,2022-10-30,96.0,95.0,97.0,92.0,97.0,,96.0,95.0
OK,2022,37,44,2022-11-06,96.0,95.0,97.0,95.0,97.0,,96.0,95.0
OK,2022,38,45,2022-11-13,96.0,95.0,97.0,96.0,97.0,,96.0,95.0
OK,2022,39,46,2022-11-20,96.0,95.0,97.0,100.0,97.0,,96.0,95.0
OK,2023,7,14,2023-04-09,0.0,0.0,0.0,0.0,0.0,,8.0,0.0
OK,2023,8,15,2023-04-16,0.0,0.0,0.0,0.0,0.0,,21.0,0.0
OK,2023,9,16,2023-04-23,0.0,0.0,5.0,0.0,0.0,,28.0,0.0
OK,2023,10,17,2023-04-30,0.0,0.0,21.0,0.0,0.0,,37.0,0.0
OK,2023,11,18,2023-05-07,0.0,0.0,27.0,0.0,0.0,,41.0,0.0
OK,2023,12,19,2023-05-14,0.0,0.0,43.0,0.0,0.0,,58.0,0.0
OK,2023,13,20,2023-05-21,0.0,0.0,48.0,0.0,0.0,,66.0,0.0
OK,2023,14,21,2023-05-28,0.0,0.0,61.0,0.0,0.0,,75.0,0.0
OK,2023,15,22,2023-06-04,0.0,0.0,64.0,0.0,0.0,,86.0,0.0
OK,2023,16,23,2023-06-11,0.0,0.0,79.0,0.0,0.0,,89.0,5.0
OK,2023,17,24,2023-06-18,0.0,0.0,83.0,0.0,0.0,,95.0,8.0
OK,2023,18,25,2023-06-25,0.0,0.0,92.0,0.0,0.0,,95.0,19.0
OK,2023,19,26,2023-07-02,0.0,0.0,96.0,0.0,0.0,,95.0,35.0
OK,2023,20,27,2023-07-09,0.0,0.0,96.0,0.0,0.0,,95.0,47.0
OK,2023,21,28,2023-07-16,0.0,15.0,96.0,0.0,0.0,,95.0,55.0
OK,2023,22,29,2023-07-23,0.0,29.0,96.0,0.0,0.0,,95.0,67.0
OK,2023,23,30,2023-07-30,0.0,42.0,96.0,0.0,0.0,,95.0,83.0
OK,2023,24,31,2023-08-06,0.0,55.0,96.0,0.0,0.0,,95.0,89.0
OK,2023,25,32,2023-08-13,18.0,62.0,96.0,0.0,0.0,,95.0,95.0
OK,2023,26,33,2023-08-20,31.0,72.0,96.0,0.0,0.0,,95.0,95.0
OK,2023,27,34,2023-08-27,47.0,86.0,96.0,0.0,0.0,,95.0,95.0
OK,2023,28,35,2023-09-03,65.0,95.0,96.0,15.0,25.0,,95.0,95.0
OK,2023,29,36,2023-09-10,78.0,95.0,96.0,25.0,37.0,,95.0,95.0
OK,2023,30,37,2023-09-17,88.0,95.0,96.0,30.0,53.0,,95.0,95.0
OK,2023,31,38,2023-09-24,96.0,95.0,96.0,30.0,70.0,,95.0,95.0
OK,2023,32,39,2023-10-01,96.0,95.0,96.0,42.0,85.0,,95.0,95.0
OK,2023,33,40,2023-10-08,96.0,95.0,96.0,46.0,95.0,,95.0,95.0
OK,2023,34,41,2023-10-15,96.0,95.0,96.0,63.0,95.0,,95.0,95.0
OK,2023,35,42,2023-10-22,96.0,95.0,96.0,77.0,95.0,,95.0,95.0
OK,2023,36,43,2023-10-29,96.0,95.0,96.0,89.0,95.0,,95.0,95.0
OK,2023,37,44,2023-11-05,96.0,95.0,96.0,95.0,95.0,,95.0,95.0
OK,2024,6,13,2024-03-31,0.0,0.0,0.0,0.0,0.0,,0.0,0.0
OK,2024,7,14,2024-04-07,0.0,0.0,0.0,0.0,0.0,,6.0,0.0
OK,2024,8,15,2024-04-14,0.0,0.0,0.0,0.0,0.0,,21.0,0.0
OK,2024,9,16,2024-04-21,0.0,0.0,5.0,0.0,0.0,,34.0,0.0
OK,2024,10,17,2024-04-28,0.0,0.0,12.0,0.0,0.0,,40.0,0.0
OK,2024,11,18,2024-05-05,0.0,0.0,32.0,0.0,0.0,,51.0,0.0
OK,2024,12,19,2024-05-12,0.0,0.0,49.0,0.0,0.0,,74.0,0.0
OK,2024,13,20,2024-05-19,0.0,0.0,61.0,0.0,0.0,,81.0,0.0
OK,2024,14,21,2024-05-26,0.0,0.0,81.0,0.0,0.0,,91.0,0.0
OK,2024,15,22,2024-06-02,0.0,0.0,87.0,0.0,0.0,,96.0,0.0
OK,2024,16,23,2024-06-09,0.0,0.0,96.0,0.0,0.0,,100.0,5.0
OK,2024,17,24,2024-06-16,0.0,0.0,96.0,0.0,0.0,,100.0,12.0
OK,2024,18,25,2024-06-23,0.0,0.0,96.0,0.0,0.0,,100.0,31.0
OK,2024,19,26,2024-06-30,0.0,0.0,96.0,0.0,0.0,,100.0,41.0
OK,2024,20,27,2024-07-07,0.0,0.0,96.0,0.0,0.0,,100.0,44.0
OK,2024,21,28,2024-07-14,0.0,6.0,96.0,0.0,0.0,,100.0,69.0
OK,2024,22,29,2024-07-21,5.0,19.0,96.0,0.0,0.0,,100.0,85.0
OK,2024,23,30,2024-07-28,12.0,32.0,96.0,0.0,0.0,,100.0,92.0
OK,2024,24,31,2024-08-04,24.0,51.0,96.0,0.0,0.0,,100.0,95.0
OK,2024,25,32,2024-08-11,43.0,74.0,96.0,0.0,0.0,,100.0,100.0
OK,2024,26,33,2024-08-18,60.0,92.0,96.0,7.0,23.0,,100.0,100.0
OK,2024,27,34,2024-08-25,78.0,97.0,96.0,14.0,27.0,,100.0,100.0
OK,2024,28,35,2024-09-01,86.0,97.0,96.0,20.0,40.0,,100.0,100.0
OK,2024,29,36,2024-09-08,95.0,97.0,96.0,30.0,49.0,,100.0,100.0
OK,2024,30,37,2024-09-15,95.0,97.0,96.0,35.0,60.0,,100.0,100.0
OK,2024,31,38,2024-09-22,95.0,97.0,96.0,56.0,85.0,,100.0,100.0
OK,2024,32,39,2024-09-29,95.0,97.0,96.0,62.0,95.0,,100.0,100.0
OK,2024,33,40,2024-10-06,95.0,97.0,96.0,66.0,96.0,,100.0,100.0
OK,2024,34,41,2024-10-13,95.0,97.0,96.0,78.0,100.0,,100.0,100.0
OK,2024,35,42,2024-10-20,95.0,97.0,96.0,83.0,100.0,,100.0,100.0
OK,2024,36,43,2024-10-27,95.0,97.0,96.0,90.0,100.0,,100.0,100.0
OK,2024,37,44,2024-11-03,95.0,97.0,96.0,95.0,100.0,,100.0,100.0
OK,2024,38,45,2024-11-10,95.0,97.0,96.0,97.0,100.0,,100.0,100.0
OK,2025,7,14,2025-04-06,0.0,0.0,0.0,0.0,0.0,,4.0,0.0
OK,2025,8,15,2025-04-13,0.0,0.0,0.0,0.0,0.0,,13.0,0.0
OK,2025,9,16,2025-04-20,0.0,0.0,0.0,0.0,0.0,,24.0,0.0
OK,2025,10,17,2025-04-27,0.0,0.0,10.0,0.0,0.0,,34.0,0.0
OK,2025,11,18,2025-05-04,0.0,0.0,19.0,0.0,0.0,,45.0,0.0
OK,2025,12,19,2025-05-11,0.0,0.0,32.0,0.0,0.0,,58.0,0.0
OK,2025,13,20,2025-05-18,0.0,0.0,42.0,0.0,0.0,,69.0,0.0
OK,2025,14,21,2025-05-25,0.0,0.0,52.0,0.0,0.0,,74.0,0.0
OK,2025,15,22,2025-06-01,0.0,0.0,62.0,0.0,0.0,,80.0,0.0
OK,2025,16,23,2025-06-08,0.0,0.0,70.0,0.0,0.0,,87.0,0.0
OK,2025,17,24,2025-06-15,0.0,0.0,82.0,0.0,0.0,,96.0,9.0
OK,2025,18,25,2025-06-22,0.0,0.0,95.0,0.0,0.0,,100.0,16.0
OK,2025,19,26,2025-06-29,0.0,0.0,95.0,0.0,0.0,,100.0,25.0
OK,2025,20,27,2025-07-06,0.0,0.0,95.0,0.0,0.0,,100.0,33.0
OK,2025,21,28,2025-07-13,0.0,0.0,95.0,0.0,0.0,,100.0,41.0
OK,2025,22,29,2025-07-20,0.0,0.0,95.0,0.0,0.0,,100.0,73.0
OK,2025,23,30,2025-07-27,5.0,20.0,95.0,0.0,0.0,,100.0,87.0
OK,2025,24,31,2025-08-03,13.0,36.0,95.0,0.0,0.0,,100.0,96.0
OK,2025,25,32,2025-08-10,18.0,47.0,95.0,0.0,0.0,,100.0,98.0
OK,2025,26,33,2025-08-17,27.0,62.0,95.0,0.0,0.0,,100.0,98.0
OK,2025,27,34,2025-08-24,45.0,88.0,95.0,0.0,0.0,,100.0,98.0
OK,2025,28,35,2025-08-31,57.0,95.0,95.0,0.0,16.0,,100.0,98.0
OK,2025,29,36,2025-09-07,80.0,95.0,95.0,7.0,36.0,,100.0,98.0
OK,2025,30,37,2025-09-14,91.0,95.0,95.0,15.0,49.0,,100.0,98.0
OK,2025,31,38,2025-09-21,97.0,95.0,95.0,29.0,70.0,,100.0,98.0
OK,2025,32,39,2025-09-28,97.0,95.0,95.0,56.0,87.0,,100.0,98.0
OK,2025,39,46,2025-11-16,97.0,95.0,95.0,97.0,87.0,,100.0,98.0
OR,2016,6,13,2016-04-03,,,0.0,0.0,,,0.0,
OR,2016,7,14,2016-04-10,,,0.0,0.0,,,0.0,
OR,2016,8,15,2016-04-17,,,0.0,0.0,,,3.0,
OR,2016,9,16,2016-04-24,,,2.0,0.0,,,16.0,
OR,2016,10,17,2016-05-01,,,4.0,0.0,,,44.0,
OR,2016,11,18,2016-05-08,,,28.0,0.0,,,65.0,
OR,2016,12,19,2016-05-15,,,41.0,0.0,,,70.0,
OR,2016,13,20,2016-05-22,,,53.0,0.0,,,91.0,
OR,2016,14,21,2016-05-29,,,75.0,0.0,,,94.0,
OR,2016,15,22,2016-06-05,,,94.0,0.0,,,97.0,
OR,2016,16,23,2016-06-12,,,96.0,0.0,,,97.0,
OR,2016,27,34,2016-08-28,,,96.0,1.0,,,97.0,
OR,2016,28,35,2016-09-04,,,96.0,12.0,,,97.0,
OR,2016,29,36,2016-09-11,,,96.0,21.0,,,97.0,
OR,2016,30,37,2016-09-18,,,96.0,28.0,,,97.0,
OR,2016,31,38,2016-09-25,,,96.0,12.0,,,97.0,
OR,2016,32,39,2016-10-02,,,96.0,15.0,,,97.0,
OR,2016,33,40,2016-10-09,,,96.0,20.0,,,97.0,
OR,2016,34,41,2016-10-16,,,96.0,37.0,,,97.0,
OR,2016,35,42,2016-10-23,,,96.0,55.0,,,97.0,
OR,2016,36,43,2016-10-30,,,96.0,66.0,,,97.0,
OR,2016,37,44,2016-11-06,,,96.0,79.0,,,97.0,
OR,2016,38,45,2016-11-13,,,96.0,88.0,,,97.0,
OR,2016,39,46,2016-11-20,,,96.0,89.0,,,97.0,
OR,2016,40,47,2016-11-27,,,96.0,93.0,,,97.0,
OR,2017,7,14,2017-04-09,,,0.0,0.0,,,0.0,
OR,2017,8,15,2017-04-16,,,0.0,0.0,,,3.0,
OR,2017,9,16,2017-04-23,,,0.0,0.0,,,5.0,
OR,2017,10,17,2017-04-30,,,0.0,0.0,,,11.0,
OR,2017,11,18,2017-05-07,,,2.0,0.0,,,40.0,
OR,2017,12,19,2017-05-14,,,16.0,0.0,,,49.0,
OR,2017,13,20,2017-05-21,,,45.0,0.0,,,85.0,
OR,2017,14,21,2017-05-28,,,73.0,0.0,,,88.0,
OR,2017,15,22,2017-06-04,,,85.0,0.0,,,93.0,
OR,2017,16,23,2017-06-11,,,89.0,0.0,,,96.0,
OR,2017,17,24,2017-06-18,,,93.0,0.0,,,96.0,
OR,2017,18,25,2017-06-25,,,97.0,0.0,,,96.0,
OR,2017,27,34,2017-08-27,,,97.0,0.0,,,96.0,
OR,2017,28,35,2017-09-03,,,97.0,0.0,,,96.0,
OR,2017,29,36,2017-09-10,,,97.0,0.0,,,96.0,
OR,2017,30,37,2017-09-17,,,97.0,2.0,,,96.0,
OR,2017,31,38,2017-09-24,,,97.0,4.0,,,96.0,
OR,2017,32,39,2017-10-01,,,97.0,15.0,,,96.0,
OR,2017,33,40,2017-10-08,,,97.0,20.0,,,96.0,
OR,2017,34,41,2017-10-15,,,97.0,55.0,,,96.0,
OR,2017,35,42,2017-10-22,,,97.0,59.0,,,96.0,
OR,2017,36,43,2017-10-29,,,97.0,64.0,,,96.0,
OR,2017,37,44,2017-11-05,,,97.0,74.0,,,96.0,
OR,2017,38,45,2017-11-12,,,97.0,85.0,,,96.0,
OR,2017,39,46,2017-11-19,,,97.0,91.0,,,96.0,
OR,2017,40,47,2017-11-26,,,97.0,93.0,,,96.0,
OR,2018,7,14,2018-04-08,,,0.0,0.0,,,0.0,
OR,2018,8,15,2018-04-15,,,0.0,0.0,,,8.0,
OR,2018,9,16,2018-04-22,,,0.0,0.0,,,13.0,
OR,2018,10,17,2018-04-29,,,2.0,0.0,,,40.0,
OR,2018,11,18,2018-05-06,,,26.0,0.0,,,62.0,
OR,2018,12,19,2018-05-13,,,49.0,0.0,,,73.0,
OR,2018,13,20,2018-05-20,,,54.0,0.0,,,78.0,
OR,2018,14,21,2018-05-27,,,75.0,0.0,,,90.0,
OR,2018,15,22,2018-06-03,,,90.0,0.0,,,98.0,
OR,2018,16,23,2018-06-10,,,99.0,0.0,,,98.0,
OR,2018,26,33,2018-08-19,,,99.0,0.0,,,98.0,
OR,2018,27,34,2018-08-26,,,99.0,3.0,,,98.0,
OR,2018,28,35,2018-09-02,,,99.0,0.0,,,98.0,
OR,2018,29,36,2018-09-09,,,99.0,0.0,,,98.0,
OR,2018,30,37,2018-09-16,,,99.0,4.0,,,98.0,
OR,2018,31,38,2018-09-23,,,99.0,10.0,,,98.0,
OR,2018,32,39,2018-09-30,,,99.0,19.0,,,98.0,
OR,2018,33,40,2018-10-07,,,99.0,20.0,,,98.0,
OR,2018,34,41,2018-10-14,,,99.0,32.0,,,98.0,
OR,2018,35,42,2018-10-21,,,99.0,52.0,,,98.0,
OR,2018,36,43,2018-10-28,,,99.0,62.0,,,98.0,
OR,2018,37,44,2018-11-04,,,99.0,71.0,,,98.0,
OR,2018,38,45,2018-11-11,,,99.0,81.0,,,98.0,
OR,2018,39,46,2018-11-18,,,99.0,87.0,,,98.0,
OR,2018,40,47,2018-11-25,,,99.0,94.0,,,98.0,
OR,2019,7,14,2019-04-07,,,0.0,0.0,,,3.0,0.0
OR,2019,8,15,2019-04-14,,,0.0,0.0,,,8.0,0.0
OR,2019,9,16,2019-04-21,,,0.0,0.0,,,18.0,0.0
OR,2019,10,17,2019-04-28,,,5.0,0.0,,,28.0,0.0
OR,2019,11,18,2019-05-05,,,15.0,0.0,,,45.0,0.0
OR,2019,12,19,2019-05-12,,,43.0,0.0,,,69.0,0.0
OR,2019,13,20,2019-05-19,,,57.0,0.0,,,75.0,0.0
OR,2019,14,21,2019-05-26,,,64.0,0.0,,,80.0,0.0
OR,2019,15,22,2019-06-02,,,73.0,0.0,,,89.0,0.0
OR,2019,16,23,2019-06-09,,,89.0,0.0,,,98.0,0.0
OR,2019,17,24,2019-06-16,,,97.0,0.0,,,99.0,0.0
OR,2019,18,25,2019-06-23,,,98.0,0.0,,,100.0,0.0
OR,2019,19,26,2019-06-30,,,100.0,0.0,,,100.0,0.0
OR,2019,20,27,2019-07-07,,,100.0,0.0,,,100.0,9.0
OR,2019,28,35,2019-09-01,,,100.0,1.0,,,100.0,9.0
OR,2019,29,36,2019-09-08,,,100.0,5.0,,,100.0,9.0
OR,2019,30,37,2019-09-15,,,100.0,9.0,,,100.0,9.0
OR,2019,31,38,2019-09-22,,,100.0,18.0,,,100.0,9.0
OR,2019,32,39,2019-09-29,,,100.0,25.0,,,100.0,9.0
OR,2019,33,40,2019-10-06,,,100.0,28.0,,,100.0,9.0
OR,2019,34,41,2019-10-13,,,100.0,49.0,,,100.0,9.0
OR,2019,35,42,2019-10-20,,,100.0,56.0,,,100.0,9.0
OR,2019,36,43,2019-10-27,,,100.0,70.0,,,100.0,9.0
OR,2019,37,44,2019-11-03,,,100.0,79.0,,,100.0,9.0
OR,2019,38,45,2019-11-10,,,100.0,85.0,,,100.0,9.0
OR,2019,39,46,2019-11-17,,,100.0,90.0,,,100.0,9.0
OR,2019,40,47,2019-11-24,,,100.0,95.0,,,100.0,9.0
OR,2020,8,15,2020-04-12,0.0,0.0,0.0,0.0,0.0,,12.0,0.0
OR,2020,9,16,2020-04-19,0.0,0.0,0.0,0.0,0.0,,36.0,0.0
OR,2020,10,17,2020-04-26,0.0,0.0,4.0,0.0,0.0,,57.0,0.0
OR,2020,11,18,2020-05-03,0.0,0.0,17.0,0.0,0.0,,63.0,0.0
OR,2020,12,19,2020-05-10,0.0,0.0,45.0,0.0,0.0,,72.0,0.0
OR,2020,13,20,2020-05-17,0.0,0.0,61.0,0.0,0.0,,82.0,0.0
OR,2020,14,21,2020-05-24,0.0,0.0,69.0,0.0,0.0,,90.0,0.0
OR,2020,15,22,2020-05-31,0.0,0.0,74.0,0.0,0.0,,96.0,0.0
OR,2020,16,23,2020-06-07,0.0,0.0,89.0,0.0,0.0,,96.0,0.0
OR,2020,17,24,2020-06-14,0.0,0.0,95.0,0.0,0.0,,96.0,0.0
OR,2020,19,26,2020-06-28,0.0,0.0,95.0,0.0,0.0,,96.0,0.0
OR,2020,20,27,2020-07-05,0.0,0.0,95.0,0.0,0.0,,96.0,0.0
OR,2020,21,28,2020-07-12,0.0,0.0,95.0,0.0,0.0,,96.0,1.0
OR,2020,22,29,2020-07-19,0.0,0.0,95.0,0.0,0.0,,96.0,13.0
OR,2020,23,30,2020-07-26,0.0,0.0,95.0,0.0,0.0,,96.0,31.0
OR,2020,24,31,2020-08-02,0.0,0.0,95.0,0.0,0.0,,96.0,44.0
OR,2020,25,32,2020-08-09,0.0,1.0,95.0,0.0,0.0,,96.0,55.0
OR,2020,26,33,2020-08-16,0.0,17.0,95.0,0.0,0.0,,96.0,63.0
OR,2020,27,34,2020-08-23,1.0,35.0,95.0,0.0,0.0,,96.0,81.0
OR,2020,28,35,2020-08-30,7.0,52.0,95.0,1.0,0.0,,96.0,93.0
OR,2020,29,36,2020-09-06,25.0,81.0,95.0,2.0,0.0,,96.0,98.0
OR,2020,30,37,2020-09-13,45.0,89.0,95.0,0.0,8.0,,96.0,98.0
OR,2020,31,38,2020-09-20,63.0,95.0,95.0,4.0,21.0,,96.0,98.0
OR,2020,32,39,2020-09-27,92.0,95.0,95.0,7.0,49.0,,96.0,98.0
OR,2020,33,40,2020-10-04,95.0,95.0,95.0,14.0,76.0,,96.0,98.0
OR,2020,34,41,2020-10-11,95.0,95.0,95.0,15.0,81.0,,96.0,98.0
OR,2020,35,42,2020-10-18,95.0,95.0,95.0,26.0,85.0,,96.0,98.0
OR,2020,36,43,2020-10-25,95.0,95.0,95.0,42.0,95.0,,96.0,98.0
OR,2020,37,44,2020-11-01,95.0,95.0,95.0,52.0,95.0,,96.0,98.0
OR,2020,38,45,2020-11-08,95.0,95.0,95.0,63.0,95.0,,96.0,98.0
OR,2020,39,46,2020-11-15,95.0,95.0,95.0,81.0,95.0,,96.0,98.0
OR,2020,40,47,2020-11-22,95.0,95.0,95.0,89.0,95.0,,96.0,98.0
OR,2020,41,48,2020-11-29,95.0,95.0,95.0,90.0,95.0,,96.0,98.0
OR,2021,7,14,2021-04-11,,,0.0,0.0,,,8.0,
OR,2021,8,15,2021-04-18,,,0.0,0.0,,,24.0,
OR,2021,9,16,2021-04-25,,,0.0,0.0,,,31.0,
OR,2021,10,17,2021-05-02,,,20.0,0.0,,,50.0,
OR,2021,11,18,2021-05-09,,,37.0,0.0,,,69.0,
OR,2021,12,19,2021-05-16,,,58.0,0.0,,,80.0,
OR,2021,13,20,2021-05-23,,,74.0,0.0,,,87.0,
OR,2021,14,21,2021-05-30,,,77.0,0.0,,,92.0,
OR,2021,15,22,2021-06-06,,,87.0,0.0,,,95.0,
OR,2021,16,23,2021-06-13,,,96.0,0.0,,,95.0,
OR,2021,26,33,2021-08-22,,,96.0,0.0,,,95.0,
OR,2021,27,34,2021-08-29,,,96.0,5.0,,,95.0,
OR,2021,28,35,2021-09-05,,,96.0,26.0,,,95.0,
OR,2021,29,36,2021-09-12,,,96.0,2.0,,,95.0,
OR,2021,30,37,2021-09-19,,,96.0,6.0,,,95.0,
OR,2021,31,38,2021-09-26,,,96.0,10.0,,,95.0,
OR,2021,32,39,2021-10-03,,,96.0,22.0,,,95.0,
OR,2021,33,40,2021-10-10,,,96.0,45.0,,,95.0,
OR,2021,34,41,2021-10-17,,,96.0,50.0,,,95.0,
OR,2021,35,42,2021-10-24,,,96.0,57.0,,,95.0,
OR,2021,36,43,2021-10-31,,,96.0,70.0,,,95.0,
OR,2021,37,44,2021-11-07,,,96.0,83.0,,,95.0,
OR,2021,38,45,2021-11-14,,,96.0,88.0,,,95.0,
OR,2021,39,46,2021-11-21,,,96.0,89.0,,,95.0,
OR,2021,40,47,2021-11-28,,,96.0,95.0,,,95.0,
OR,2022,7,14,2022-04-10,,,0.0,0.0,,,1.0,
OR,2022,8,15,2022-04-17,,,0.0,0.0,,,5.0,
OR,2022,9,16,2022-04-24,,,0.0,0.0,,,23.0,
OR,2022,10,17,2022-05-01,,,4.0,0.0,,,32.0,
OR,2022,11,18,2022-05-08,,,13.0,0.0,,,45.0,
OR,2022,12,19,2022-05-15,,,25.0,0.0,,,53.0,
OR,2022,13,20,2022-05-22,,,45.0,0.0,,,72.0,
OR,2022,14,21,2022-05-29,,,56.0,0.0,,,84.0,
OR,2022,15,22,2022-06-05,,,67.0,0.0,,,93.0,
OR,2022,16,23,2022-06-12,,,72.0,0.0,,,95.0,
OR,2022,17,24,2022-06-19,,,85.0,0.0,,,95.0,
OR,2022,18,25,2022-06-26,,,93.0,0.0,,,95.0,
OR,2022,19,26,2022-07-03,,,95.0,0.0,,,95.0,
OR,2022,27,34,2022-08-28,,,95.0,1.0,,,95.0,
OR,2022,28,35,2022-09-04,,,95.0,2.0,,,95.0,
OR,2022,29,36,2022-09-11,,,95.0,0.0,,,95.0,
OR,2022,30,37,2022-09-18,,,95.0,0.0,,,95.0,
OR,2022,31,38,2022-09-25,,,95.0,2.0,,,95.0,
OR,2022,32,39,2022-10-02,,,95.0,12.0,,,95.0,
OR,2022,33,40,2022-10-09,,,95.0,22.0,,,95.0,
OR,2022,34,41,2022-10-16,,,95.0,35.0,,,95.0,
OR,2022,35,42,2022-10-23,,,95.0,50.0,,,95.0,
OR,2022,36,43,2022-10-30,,,95.0,67.0,,,95.0,
OR,2022,37,44,2022-11-06,,,95.0,81.0,,,95.0,
OR,2022,38,45,2022-11-13,,,95.0,87.0,,,95.0,
OR,2022,39,46,2022-11-20,,,95.0,91.0,,,95.0,
OR,2022,40,47,2022-11-27,,,95.0,94.0,,,95.0,
OR,2023,7,14,2023-04-09,,,0.0,0.0,,,0.0,
OR,2023,8,15,2023-04-16,,,0.0,0.0,,,2.0,
OR,2023,9,16,2023-04-23,,,0.0,0.0,,,9.0,
OR,2023,10,17,2023-04-30,,,0.0,0.0,,,32.0,
OR,2023,11,18,2023-05-07,,,25.0,0.0,,,53.0,
OR,2023,12,19,2023-05-14,,,49.0,0.0,,,74.0,
OR,2023,13,20,2023-05-21,,,62.0,0.0,,,82.0,
OR,2023,14,21,2023-05-28,,,69.0,0.0,,,89.0,
OR,2023,15,22,2023-06-04,,,74.0,0.0,,,95.0,
OR,2023,16,23,2023-06-11,,,89.0,0.0,,,95.0,
OR,2023,17,24,2023-06-18,,,95.0,0.0,,,95.0,
OR,2023,27,34,2023-08-27,,,95.0,0.0,,,95.0,
OR,2023,28,35,2023-09-03,,,95.0,0.0,,,95.0,
OR,2023,29,36,2023-09-10,,,95.0,3.0,,,95.0,
OR,2023,30,37,2023-09-17,,,95.0,9.0,,,95.0,
OR,2023,31,38,2023-09-24,,,95.0,25.0,,,95.0,
OR,2023,32,39,2023-10-01,,,95.0,32.0,,,95.0,
OR,2023,33,40,2023-10-08,,,95.0,51.0,,,95.0,
OR,2023,34,41,2023-10-15,,,95.0,61.0,,,95.0,
OR,2023,35,42,2023-10-22,,,95.0,72.0,,,95.0,
OR,2023,36,43,2023-10-29,,,95.0,85.0,,,95.0,
OR,2023,37,44,2023-11-05,,,95.0,89.0,,,95.0,
OR,2023,38,45,2023-11-12,,,95.0,96.0,,,95.0,
OR,2024,7,14,2024-04-07,,,0.0,0.0,,,1.0,
OR,2024,8,15,2024-04-14,,,0.0,0.0,,,3.0,
OR,2024,9,16,2024-04-21,,,0.0,0.0,,,20.0,
OR,2024,10,17,2024-04-28,,,8.0,0.0,,,37.0,
OR,2024,11,18,2024-05-05,,,20.0,0.0,,,53.0,
OR,2024,12,19,2024-05-12,,,37.0,0.0,,,70.0,
OR,2024,13,20,2024-05-19,,,51.0,0.0,,,82.0,
OR,2024,14,21,2024-05-26,,,70.0,0.0,,,92.0,
OR,2024,15,22,2024-06-02,,,85.0,0.0,,,95.0,
OR,2024,16,23,2024-06-09,,,89.0,0.0,,,95.0,
OR,2024,17,24,2024-06-16,,,95.0,0.0,,,95.0,
OR,2024,27,34,2024-08-25,,,95.0,1.0,,,95.0,
OR,2024,28,35,2024-09-01,,,95.0,7.0,,,95.0,
OR,2024,29,36,2024-09-08,,,95.0,1.0,,,95.0,
OR,2024,30,37,2024-09-15,,,95.0,7.0,,,95.0,
OR,2024,31,38,2024-09-22,,,95.0,17.0,,,95.0,
OR,2024,32,39,2024-09-29,,,95.0,25.0,,,95.0,
OR,2024,33,40,2024-10-06,,,95.0,34.0,,,95.0,
OR,2024,34,41,2024-10-13,,,95.0,43.0,,,95.0,
OR,2024,35,42,2024-10-20,,,95.0,55.0,,,95.0,
OR,2024,36,43,2024-10-27,,,95.0,67.0,,,95.0,
OR,2024,37,44,2024-11-03,,,95.0,79.0,,,95.0,
OR,2024,38,45,2024-11-10,,,95.0,87.0,,,95.0,
OR,2024,39,46,2024-11-17,,,95.0,92.0,,,95.0,
OR,2024,40,47,2024-11-24,,,95.0,96.0,,,95.0,
OR,2025,7,14,2025-04-06,,,0.0,0.0,,,1.0,
OR,2025,8,15,2025-04-13,,,0.0,0.0,,,5.0,
OR,2025,9,16,2025-04-20,,,0.0,0.0,,,18.0,
OR,2025,10,17,2025-04-27,,,2.0,0.0,,,36.0,
OR,2025,11,18,2025-05-04,,,14.0,0.0,,,50.0,
OR,2025,12,19,2025-05-11,,,37.0,0.0,,,75.0,
OR,2025,13,20,2025-05-18,,,55.0,0.0,,,85.0,
OR,2025,14,21,2025-05-25,,,70.0,0.0,,,94.0,
OR,2025,15,22,2025-06-01,,,85.0,0.0,,,97.0,
OR,2025,16,23,2025-06-08,,,95.0,0.0,,,97.0,
OR,2025,25,32,2025-08-10,,,95.0,0.0,,,97.0,
OR,2025,26,33,2025-08-17,,,95.0,0.0,,,97.0,
OR,2025,27,34,2025-08-24,,,95.0,0.0,,,97.0,
OR,2025,28,35,2025-08-31,,,95.0,3.0,,,97.0,
OR,2025,29,36,2025-09-07,,,95.0,0.0,,,97.0,
OR,2025,30,37,2025-09-14,,,95.0,1.0,,,97.0,
OR,2025,31,38,2025-09-21,,,95.0,11.0,,,97.0,
OR,2025,32,39,2025-09-28,,,95.0,20.0,,,97.0,
OR,2025,39,46,2025-11-16,,,95.0,93.0,,,97.0,
OR,2025,40,47,2025-11-23,,,95.0,95.0,,,97.0,
PA,2016,6,13,2016-04-03,0.0,0.0,0.0,0.0,0.0,,1.0,0.0
PA,2016,7,14,2016-04-10,0.0,0.0,0.0,0.0,0.0,,2.0,0.0
PA,2016,8,15,2016-04-17,0.0,0.0,0.0,0.0,0.0,,4.0,0.0
PA,2016,9,16,2016-04-24,0.0,0.0,0.0,0.0,0.0,,14.0,0.0
PA,2016,10,17,2016-05-01,0.0,0.0,2.0,0.0,0.0,,34.0,0.0
PA,2016,11,18,2016-05-08,0.0,0.0,13.0,0.0,0.0,,39.0,0.0
PA,2016,12,19,2016-05-15,0.0,0.0,21.0,0.0,0.0,,52.0,0.0
PA,2016,13,20,2016-05-22,0.0,0.0,34.0,0.0,0.0,,63.0,0.0
PA,2016,14,21,2016-05-29,0.0,0.0,52.0,0.0,0.0,,80.0,0.0
PA,2016,15,22,2016-06-05,0.0,0.0,72.0,0.0,0.0,,90.0,0.0
PA,2016,16,23,2016-06-12,0.0,0.0,88.0,0.0,0.0,,96.0,0.0
PA,2016,17,24,2016-06-19,0.0,0.0,95.0,0.0,0.0,,96.0,0.0
PA,2016,18,25,2016-06-26,0.0,0.0,95.0,0.0,0.0,,96.0,0.0
PA,2016,19,26,2016-07-03,0.0,0.0,95.0,0.0,0.0,,96.0,1.0
PA,2016,20,27,2016-07-10,0.0,0.0,95.0,0.0,0.0,,96.0,11.0
PA,2016,21,28,2016-07-17,0.0,0.0,95.0,0.0,0.0,,96.0,31.0
PA,2016,22,29,2016-07-24,0.0,2.0,95.0,0.0,0.0,,96.0,57.0
PA,2016,23,30,2016-07-31,0.0,17.0,95.0,0.0,0.0,,96.0,81.0
PA,2016,24,31,2016-08-07,0.0,37.0,95.0,0.0,0.0,,96.0,91.0
PA,2016,25,32,2016-08-14,6.0,48.0,95.0,0.0,0.0,,96.0,96.0
PA,2016,26,33,2016-08-21,25.0,65.0,95.0,5.0,0.0,,96.0,96.0
PA,2016,27,34,2016-08-28,47.0,78.0,95.0,14.0,2.0,,96.0,96.0
PA,2016,28,35,2016-09-04,63.0,89.0,95.0,0.0,11.0,,96.0,96.0
PA,2016,29,36,2016-09-11,74.0,96.0,95.0,3.0,22.0,,96.0,96.0
PA,2016,30,37,2016-09-18,85.0,96.0,95.0,8.0,40.0,,96.0,96.0
PA,2016,31,38,2016-09-25,90.0,96.0,95.0,13.0,53.0,,96.0,96.0
PA,2016,32,39,2016-10-02,95.0,96.0,95.0,21.0,70.0,,96.0,96.0
PA,2016,33,40,2016-10-09,95.0,96.0,95.0,31.0,85.0,,96.0,96.0
PA,2016,34,41,2016-10-16,95.0,96.0,95.0,40.0,94.0,,96.0,96.0
PA,2016,35,42,2016-10-23,95.0,96.0,95.0,50.0,98.0,,96.0,96.0
PA,2016,36,43,2016-10-30,95.0,96.0,95.0,66.0,98.0,,96.0,96.0
PA,2016,37,44,2016-11-06,95.0,96.0,95.0,77.0,98.0,,96.0,96.0
PA,2016,38,45,2016-11-13,95.0,96.0,95.0,87.0,98.0,,96.0,96.0
PA,2016,39,46,2016-11-20,95.0,96.0,95.0,91.0,98.0,,96.0,96.0
PA,2016,40,47,2016-11-27,95.0,96.0,95.0,100.0,98.0,,96.0,96.0
PA,2017,7,14,2017-04-09,0.0,0.0,0.0,0.0,0.0,0.0,1.0,0.0
PA,2017,8,15,2017-04-16,0.0,0.0,0.0,0.0,0.0,0.0,2.0,0.0
PA,2017,9,16,2017-04-23,0.0,0.0,0.0,0.0,0.0,0.0,6.0,0.0
PA,2017,10,17,2017-04-30,0.0,0.0,2.0,0.0,0.0,0.0,9.0,0.0
PA,2017,11,18,2017-05-07,0.0,0.0,9.0,0.0,0.0,0.0,26.0,0.0
PA,2017,12,19,2017-05-14,0.0,0.0,20.0,0.0,0.0,0.0,35.0,0.0
PA,2017,13,20,2017-05-21,0.0,0.0,30.0,0.0,0.0,0.0,59.0,0.0
PA,2017,14,21,2017-05-28,0.0,0.0,53.0,0.0,0.0,0.0,75.0,0.0
PA,2017,15,22,2017-06-04,0.0,0.0,68.0,0.0,0.0,0.0,82.0,0.0
PA,2017,16,23,2017-06-11,0.0,0.0,80.0,0.0,0.0,0.0,89.0,0.0
PA,2017,17,24,2017-06-18,0.0,0.0,89.0,0.0,0.0,0.0,89.0,0.0
PA,2017,18,25,2017-06-25,0.0,0.0,96.0,0.0,0.0,0.0,89.0,0.0
PA,2017,19,26,2017-07-02,0.0,0.0,98.0,0.0,0.0,0.0,89.0,2.0
PA,2017,20,27,2017-07-09,0.0,0.0,100.0,0.0,0.0,0.0,89.0,6.0
PA,2017,21,28,2017-07-16,0.0,0.0,100.0,0.0,0.0,4.0,89.0,23.0
PA,2017,22,29,2017-07-23,0.0,0.0,100.0,0.0,0.0,7.0,89.0,45.0
PA,2017,23,30,2017-07-30,0.0,3.0,100.0,0.0,0.0,22.0,89.0,71.0
PA,2017,24,31,2017-08-06,0.0,14.0,100.0,0.0,0.0,53.0,89.0,82.0
PA,2017,25,32,2017-08-13,1.0,28.0,100.0,0.0,0.0,69.0,89.0,89.0
PA,2017,26,33,2017-08-20,6.0,47.0,100.0,0.0,0.0,79.0,89.0,94.0
PA,2017,27,34,2017-08-27,19.0,56.0,100.0,0.0,0.0,83.0,89.0,97.0
PA,2017,28,35,2017-09-03,38.0,66.0,100.0,0.0,1.0,90.0,89.0,98.0
PA,2017,29,36,2017-09-10,57.0,79.0,100.0,1.0,16.0,95.0,89.0,99.0
PA,2017,30,37,2017-09-17,74.0,91.0,100.0,4.0,34.0,95.0,89.0,99.0
PA,2017,31,38,2017-09-24,84.0,92.0,100.0,8.0,51.0,95.0,89.0,99.0
PA,2017,32,39,2017-10-01,87.0,94.0,100.0,13.0,65.0,95.0,89.0,99.0
PA,2017,33,40,2017-10-08,92.0,95.0,100.0,24.0,76.0,95.0,89.0,99.0
PA,2017,34,41,2017-10-15,96.0,97.0,100.0,30.0,84.0,95.0,89.0,99.0
PA,2017,35,42,2017-10-22,98.0,100.0,100.0,41.0,89.0,95.0,89.0,99.0
PA,2017,36,43,2017-10-29,99.0,100.0,100.0,51.0,96.0,95.0,89.0,99.0
PA,2017,37,44,2017-11-05,100.0,100.0,100.0,58.0,98.0,95.0,89.0,99.0
PA,2017,38,45,2017-11-12,100.0,100.0,100.0,69.0,100.0,95.0,89.0,99.0
PA,2017,39,46,2017-11-19,100.0,100.0,100.0,78.0,100.0,95.0,89.0,99.0
PA,2017,40,47,2017-11-26,100.0,100.0,100.0,86.0,100.0,95.0,89.0,99.0
PA,2018,7,14,2018-04-08,0.0,0.0,0.0,0.0,0.0,,0.0,0.0
PA,2018,8,15,2018-04-15,0.0,0.0,0.0,0.0,0.0,,0.0,0.0
PA,2018,9,16,2018-04-22,0.0,0.0,0.0,0.0,0.0,,0.0,0.0
PA,2018,10,17,2018-04-29,0.0,0.0,0.0,0.0,0.0,,1.0,0.0
PA,2018,11,18,2018-05-06,0.0,0.0,1.0,0.0,0.0,,9.0,0.0
PA,2018,12,19,2018-05-13,0.0,0.0,4.0,0.0,0.0,,30.0,0.0
PA,2018,13,20,2018-05-20,0.0,0.0,13.0,0.0,0.0,,35.0,0.0
PA,2018,14,21,2018-05-27,0.0,0.0,32.0,0.0,0.0,,59.0,0.0
PA,2018,15,22,2018-06-03,0.0,0.0,50.0,0.0,0.0,,75.0,0.0
PA,2018,16,23,2018-06-10,0.0,0.0,71.0,0.0,0.0,,88.0,0.0
PA,2018,17,24,2018-06-17,0.0,0.0,83.0,0.0,0.0,,93.0,0.0
PA,2018,18,25,2018-06-24,0.0,0.0,88.0,0.0,0.0,,96.0,0.0
PA,2018,19,26,2018-07-01,0.0,0.0,94.0,0.0,0.0,,96.0,1.0
PA,2018,20,27,2018-07-08,0.0,0.0,97.0,0.0,0.0,,96.0,13.0
PA,2018,21,28,2018-07-15,0.0,0.0,97.0,0.0,0.0,,96.0,28.0
PA,2018,22,29,2018-07-22,0.0,2.0,97.0,0.0,0.0,,96.0,52.0
PA,2018,23,30,2018-07-29,0.0,9.0,97.0,0.0,0.0,,96.0,67.0
PA,2018,24,31,2018-08-05,1.0,32.0,97.0,0.0,0.0,,96.0,85.0
PA,2018,25,32,2018-08-12,8.0,56.0,97.0,0.0,0.0,,96.0,93.0
PA,2018,26,33,2018-08-19,22.0,68.0,97.0,2.0,0.0,,96.0,96.0
PA,2018,27,34,2018-08-26,33.0,75.0,97.0,4.0,0.0,,96.0,98.0
PA,2018,28,35,2018-09-02,49.0,81.0,97.0,19.0,1.0,,96.0,99.0
PA,2018,29,36,2018-09-09,66.0,90.0,97.0,1.0,14.0,,96.0,99.0
PA,2018,30,37,2018-09-16,79.0,92.0,97.0,1.0,31.0,,96.0,99.0
PA,2018,31,38,2018-09-23,89.0,95.0,97.0,3.0,55.0,,96.0,99.0
PA,2018,32,39,2018-09-30,91.0,96.0,97.0,9.0,69.0,,96.0,99.0
PA,2018,33,40,2018-10-07,95.0,96.0,97.0,21.0,82.0,,96.0,99.0
PA,2018,34,41,2018-10-14,95.0,96.0,97.0,26.0,91.0,,96.0,99.0
PA,2018,35,42,2018-10-21,95.0,96.0,97.0,37.0,96.0,,96.0,99.0
PA,2018,36,43,2018-10-28,95.0,96.0,97.0,50.0,96.0,,96.0,99.0
PA,2018,37,44,2018-11-04,95.0,96.0,97.0,60.0,96.0,,96.0,99.0
PA,2018,38,45,2018-11-11,95.0,96.0,97.0,69.0,96.0,,96.0,99.0
PA,2018,39,46,2018-11-18,95.0,96.0,97.0,76.0,96.0,,96.0,99.0
PA,2018,40,47,2018-11-25,95.0,96.0,97.0,82.0,96.0,,96.0,99.0
PA,2019,7,14,2019-04-07,0.0,0.0,0.0,0.0,0.0,0.0,0.0,0.0
PA,2019,8,15,2019-04-14,0.0,0.0,0.0,0.0,0.0,0.0,0.0,0.0
PA,2019,9,16,2019-04-21,0.0,0.0,0.0,0.0,0.0,0.0,0.0,0.0
PA,2019,10,17,2019-04-28,0.0,0.0,0.0,0.0,0.0,0.0,5.0,0.0
PA,2019,11,18,2019-05-05,0.0,0.0,1.0,0.0,0.0,0.0,17.0,0.0
PA,2019,12,19,2019-05-12,0.0,0.0,3.0,0.0,0.0,0.0,26.0,0.0
PA,2019,13,20,2019-05-19,0.0,0.0,18.0,0.0,0.0,0.0,42.0,0.0
PA,2019,14,21,2019-05-26,0.0,0.0,42.0,0.0,0.0,0.0,66.0,0.0
PA,2019,15,22,2019-06-02,0.0,0.0,59.0,0.0,0.0,0.0,74.0,0.0
PA,2019,16,23,2019-06-09,0.0,0.0,74.0,0.0,0.0,0.0,89.0,0.0
PA,2019,17,24,2019-06-16,0.0,0.0,86.0,0.0,0.0,0.0,94.0,0.0
PA,2019,18,25,2019-06-23,0.0,0.0,91.0,0.0,0.0,0.0,96.0,0.0
PA,2019,19,26,2019-06-30,0.0,0.0,94.0,0.0,0.0,0.0,96.0,0.0
PA,2019,20,27,2019-07-07,0.0,0.0,95.0,0.0,0.0,0.0,96.0,1.0
PA,2019,21,28,2019-07-14,0.0,0.0,95.0,0.0,0.0,2.0,96.0,30.0
PA,2019,22,29,2019-07-21,0.0,0.0,95.0,0.0,0.0,12.0,96.0,55.0
PA,2019,23,30,2019-07-28,0.0,2.0,95.0,0.0,0.0,22.0,96.0,70.0
PA,2019,24,31,2019-08-04,0.0,8.0,95.0,0.0,0.0,39.0,96.0,78.0
PA,2019,25,32,2019-08-11,1.0,33.0,95.0,0.0,0.0,58.0,96.0,81.0
PA,2019,26,33,2019-08-18,20.0,47.0,95.0,0.0,0.0,71.0,96.0,85.0
PA,2019,27,34,2019-08-25,34.0,62.0,95.0,5.0,0.0,77.0,96.0,90.0
PA,2019,28,35,2019-09-01,44.0,70.0,95.0,28.0,4.0,84.0,96.0,93.0
PA,2019,29,36,2019-09-08,65.0,79.0,95.0,2.0,19.0,90.0,96.0,95.0
PA,2019,30,37,2019-09-15,74.0,84.0,95.0,6.0,32.0,93.0,96.0,95.0
PA,2019,31,38,2019-09-22,81.0,89.0,95.0,12.0,50.0,96.0,96.0,95.0
PA,2019,32,39,2019-09-29,87.0,93.0,95.0,23.0,62.0,96.0,96.0,95.0
PA,2019,33,40,2019-10-06,90.0,96.0,95.0,36.0,71.0,96.0,96.0,95.0
PA,2019,34,41,2019-10-13,93.0,96.0,95.0,38.0,81.0,96.0,96.0,95.0
PA,2019,35,42,2019-10-20,95.0,96.0,95.0,44.0,85.0,96.0,96.0,95.0
PA,2019,36,43,2019-10-27,95.0,96.0,95.0,53.0,89.0,96.0,96.0,95.0
PA,2019,37,44,2019-11-03,95.0,96.0,95.0,58.0,90.0,96.0,96.0,95.0
PA,2019,38,45,2019-11-10,95.0,96.0,95.0,65.0,91.0,96.0,96.0,95.0
PA,2019,39,46,2019-11-17,95.0,96.0,95.0,72.0,93.0,96.0,96.0,95.0
PA,2019,40,47,2019-11-24,95.0,96.0,95.0,80.0,97.0,96.0,96.0,95.0
PA,2019,41,48,2019-12-01,95.0,96.0,95.0,86.0,97.0,96.0,96.0,95.0
PA,2020,7,14,2020-04-05,0.0,0.0,0.0,0.0,0.0,,0.0,0.0
PA,2020,8,15,2020-04-12,0.0,0.0,0.0,0.0,0.0,,0.0,0.0
PA,2020,9,16,2020-04-19,0.0,0.0,0.0,0.0,0.0,,0.0,0.0
PA,2020,10,17,2020-04-26,0.0,0.0,0.0,0.0,0.0,,0.0,0.0
PA,2020,11,18,2020-05-03,0.0,0.0,0.0,0.0,0.0,,1.0,0.0
PA,2020,12,19,2020-05-10,0.0,0.0,0.0,0.0,0.0,,5.0,0.0
PA,2020,13,20,2020-05-17,0.0,0.0,1.0,0.0,0.0,,15.0,0.0
PA,2020,14,21,2020-05-24,0.0,0.0,10.0,0.0,0.0,,47.0,0.0
PA,2020,15,22,2020-05-31,0.0,0.0,36.0,0.0,0.0,,80.0,0.0
PA,2020,16,23,2020-06-07,0.0,0.0,60.0,0.0,0.0,,91.0,0.0
PA,2020,17,24,2020-06-14,0.0,0.0,82.0,0.0,0.0,,97.0,0.0
PA,2020,18,25,2020-06-21,0.0,0.0,94.0,0.0,0.0,,97.0,0.0
PA,2020,19,26,2020-06-28,0.0,0.0,99.0,0.0,0.0,,97.0,0.0
PA,2020,20,27,2020-07-05,0.0,0.0,99.0,0.0,0.0,,97.0,0.0
PA,2020,21,28,2020-07-12,0.0,0.0,99.0,0.0,0.0,,97.0,2.0
PA,2020,22,29,2020-07-19,0.0,1.0,99.0,0.0,0.0,,97.0,22.0
PA,2020,23,30,2020-07-26,0.0,4.0,99.0,0.0,0.0,,97.0,51.0
PA,2020,24,31,2020-08-02,0.0,12.0,99.0,0.0,0.0,,97.0,63.0
PA,2020,25,32,2020-08-09,1.0,26.0,99.0,0.0,0.0,,97.0,74.0
PA,2020,26,33,2020-08-16,3.0,44.0,99.0,0.0,0.0,,97.0,81.0
PA,2020,27,34,2020-08-23,13.0,57.0,99.0,0.0,0.0,,97.0,85.0
PA,2020,28,35,2020-08-30,30.0,66.0,99.0,3.0,1.0,,97.0,93.0
PA,2020,29,36,2020-09-06,51.0,89.0,99.0,0.0,7.0,,97.0,97.0
PA,2020,30,37,2020-09-13,68.0,97.0,99.0,0.0,17.0,,97.0,97.0
PA,2020,31,38,2020-09-20,91.0,97.0,99.0,1.0,35.0,,97.0,97.0
PA,2020,32,39,2020-09-27,94.0,97.0,99.0,6.0,65.0,,97.0,97.0
PA,2020,33,40,2020-10-04,97.0,97.0,99.0,13.0,79.0,,97.0,97.0
PA,2020,34,41,2020-10-11,97.0,97.0,99.0,23.0,91.0,,97.0,97.0
PA,2020,35,42,2020-10-18,97.0,97.0,99.0,33.0,95.0,,97.0,97.0
PA,2020,36,43,2020-10-25,97.0,97.0,99.0,48.0,95.0,,97.0,97.0
PA,2020,37,44,2020-11-01,97.0,97.0,99.0,58.0,95.0,,97.0,97.0
PA,2020,38,45,2020-11-08,97.0,97.0,99.0,72.0,95.0,,97.0,97.0
PA,2020,39,46,2020-11-15,97.0,97.0,99.0,80.0,95.0,,97.0,97.0
PA,2020,40,47,2020-11-22,97.0,97.0,99.0,91.0,95.0,,97.0,97.0
PA,2020,41,48,2020-11-29,97.0,97.0,99.0,96.0,95.0,,97.0,97.0
PA,2021,6,13,2021-04-04,0.0,0.0,0.0,0.0,0.0,0.0,0.0,0.0
PA,2021,7,14,2021-04-11,0.0,0.0,0.0,0.0,0.0,0.0,0.0,0.0
PA,2021,8,15,2021-04-18,0.0,0.0,0.0,0.0,0.0,0.0,0.0,0.0
PA,2021,9,16,2021-04-25,0.0,0.0,0.0,0.0,0.0,0.0,1.0,0.0
PA,2021,10,17,2021-05-02,0.0,0.0,0.0,0.0,0.0,0.0,17.0,0.0
PA,2021,11,18,2021-05-09,0.0,0.0,1.0,0.0,0.0,0.0,33.0,0.0
PA,2021,12,19,2021-05-16,0.0,0.0,12.0,0.0,0.0,0.0,51.0,0.0
PA,2021,13,20,2021-05-23,0.0,0.0,29.0,0.0,0.0,0.0,77.0,0.0
PA,2021,14,21,2021-05-30,0.0,0.0,50.0,0.0,0.0,0.0,85.0,0.0
PA,2021,15,22,2021-06-06,0.0,0.0,68.0,0.0,0.0,0.0,90.0,0.0
PA,2021,16,23,2021-06-13,0.0,0.0,81.0,0.0,0.0,0.0,95.0,0.0
PA,2021,17,24,2021-06-20,0.0,0.0,96.0,0.0,0.0,0.0,95.0,0.0
PA,2021,18,25,2021-06-27,0.0,0.0,96.0,0.0,0.0,0.0,95.0,0.0
PA,2021,19,26,2021-07-04,0.0,0.0,96.0,0.0,0.0,0.0,95.0,0.0
PA,2021,20,27,2021-07-11,0.0,0.0,96.0,0.0,0.0,0.0,95.0,2.0
PA,2021,21,28,2021-07-18,0.0,0.0,96.0,0.0,0.0,0.0,95.0,9.0
PA,2021,22,29,2021-07-25,0.0,2.0,96.0,0.0,0.0,0.0,95.0,36.0
PA,2021,23,30,2021-08-01,0.0,5.0,96.0,0.0,0.0,0.0,95.0,57.0
PA,2021,24,31,2021-08-08,0.0,12.0,96.0,0.0,0.0,12.0,95.0,72.0
PA,2021,25,32,2021-08-15,0.0,37.0,96.0,0.0,0.0,12.0,95.0,92.0
PA,2021,26,33,2021-08-22,4.0,45.0,96.0,0.0,0.0,12.0,95.0,97.0
PA,2021,27,34,2021-08-29,20.0,70.0,96.0,1.0,1.0,12.0,95.0,97.0
PA,2021,28,35,2021-09-05,41.0,80.0,96.0,4.0,1.0,12.0,95.0,97.0
PA,2021,29,36,2021-09-12,52.0,84.0,96.0,0.0,3.0,12.0,95.0,97.0
PA,2021,30,37,2021-09-19,72.0,90.0,96.0,1.0,8.0,12.0,95.0,97.0
PA,2021,31,38,2021-09-26,86.0,99.0,96.0,2.0,30.0,12.0,95.0,97.0
PA,2021,32,39,2021-10-03,90.0,99.0,96.0,7.0,68.0,12.0,95.0,97.0
PA,2021,33,40,2021-10-10,95.0,99.0,96.0,14.0,79.0,12.0,95.0,97.0
PA,2021,34,41,2021-10-17,95.0,99.0,96.0,23.0,89.0,12.0,95.0,97.0
PA,2021,35,42,2021-10-24,95.0,99.0,96.0,37.0,99.0,12.0,95.0,97.0
PA,2021,36,43,2021-10-31,95.0,99.0,96.0,58.0,99.0,12.0,95.0,97.0
PA,2021,37,44,2021-11-07,95.0,99.0,96.0,68.0,99.0,12.0,95.0,97.0
PA,2021,38,45,2021-11-14,95.0,99.0,96.0,81.0,99.0,12.0,95.0,97.0
PA,2021,39,46,2021-11-21,95.0,99.0,96.0,86.0,99.0,12.0,95.0,97.0
PA,2021,40,47,2021-11-28,95.0,99.0,96.0,93.0,99.0,12.0,95.0,97.0
PA,2022,6,13,2022-04-03,0.0,0.0,0.0,0.0,0.0,,0.0,0.0
PA,2022,7,14,2022-04-10,0.0,0.0,0.0,0.0,0.0,,2.0,0.0
PA,2022,8,15,2022-04-17,0.0,0.0,0.0,0.0,0.0,,2.0,0.0
PA,2022,9,16,2022-04-24,0.0,0.0,0.0,0.0,0.0,,2.0,0.0
PA,2022,10,17,2022-05-01,0.0,0.0,0.0,0.0,0.0,,5.0,0.0
PA,2022,11,18,2022-05-08,0.0,0.0,0.0,0.0,0.0,,13.0,0.0
PA,2022,12,19,2022-05-15,0.0,0.0,0.0,0.0,0.0,,33.0,0.0
PA,2022,13,20,2022-05-22,0.0,0.0,6.0,0.0,0.0,,43.0,0.0
PA,2022,14,21,2022-05-29,0.0,0.0,23.0,0.0,0.0,,63.0,0.0
PA,2022,15,22,2022-06-05,0.0,0.0,51.0,0.0,0.0,,79.0,0.0
PA,2022,16,23,2022-06-12,0.0,0.0,63.0,0.0,0.0,,89.0,0.0
PA,2022,17,24,2022-06-19,0.0,0.0,70.0,0.0,0.0,,94.0,0.0
PA,2022,18,25,2022-06-26,0.0,0.0,84.0,0.0,0.0,,96.0,0.0
PA,2022,19,26,2022-07-03,0.0,0.0,90.0,0.0,0.0,,96.0,0.0
PA,2022,20,27,2022-07-10,0.0,0.0,97.0,0.0,0.0,,96.0,2.0
PA,2022,21,28,2022-07-17,0.0,0.0,97.0,0.0,0.0,,96.0,12.0
PA,2022,22,29,2022-07-24,0.0,1.0,97.0,0.0,0.0,,96.0,30.0
PA,2022,23,30,2022-07-31,0.0,8.0,97.0,0.0,0.0,,96.0,52.0
PA,2022,24,31,2022-08-07,1.0,30.0,97.0,0.0,0.0,,96.0,72.0
PA,2022,25,32,2022-08-14,2.0,38.0,97.0,0.0,0.0,,96.0,79.0
PA,2022,26,33,2022-08-21,11.0,62.0,97.0,0.0,0.0,,96.0,88.0
PA,2022,27,34,2022-08-28,22.0,68.0,97.0,0.0,1.0,,96.0,95.0
PA,2022,28,35,2022-09-04,40.0,75.0,97.0,0.0,2.0,,96.0,95.0
PA,2022,29,36,2022-09-11,58.0,85.0,97.0,0.0,4.0,,96.0,95.0
PA,2022,30,37,2022-09-18,75.0,95.0,97.0,0.0,10.0,,96.0,95.0
PA,2022,31,38,2022-09-25,85.0,95.0,97.0,0.0,26.0,,96.0,95.0
PA,2022,32,39,2022-10-02,92.0,95.0,97.0,2.0,55.0,,96.0,95.0
PA,2022,33,40,2022-10-09,97.0,95.0,97.0,9.0,70.0,,96.0,95.0
PA,2022,34,41,2022-10-16,97.0,95.0,97.0,17.0,80.0,,96.0,95.0
PA,2022,35,42,2022-10-23,97.0,95.0,97.0,20.0,90.0,,96.0,95.0
PA,2022,36,43,2022-10-30,97.0,95.0,97.0,46.0,90.0,,96.0,95.0
PA,2022,37,44,2022-11-06,97.0,95.0,97.0,55.0,90.0,,96.0,95.0
PA,2022,38,45,2022-11-13,97.0,95.0,97.0,65.0,90.0,,96.0,95.0
PA,2022,39,46,2022-11-20,97.0,95.0,97.0,80.0,90.0,,96.0,95.0
PA,2022,40,47,2022-11-27,97.0,95.0,97.0,90.0,90.0,,96.0,95.0
PA,2023,6,13,2023-04-02,0.0,0.0,0.0,0.0,0.0,,0.0,0.0
PA,2023,7,14,2023-04-09,0.0,0.0,0.0,0.0,0.0,,0.0,0.0
PA,2023,8,15,2023-04-16,0.0,0.0,0.0,0.0,0.0,,0.0,0.0
PA,2023,9,16,2023-04-23,0.0,0.0,0.0,0.0,0.0,,9.0,0.0
PA,2023,10,17,2023-04-30,0.0,0.0,1.0,0.0,0.0,,14.0,0.0
PA,2023,11,18,2023-05-07,0.0,0.0,2.0,0.0,0.0,,17.0,0.0
PA,2023,12,19,2023-05-14,0.0,0.0,6.0,0.0,0.0,,39.0,0.0
PA,2023,13,20,2023-05-21,0.0,0.0,31.0,0.0,0.0,,64.0,0.0
PA,2023,14,21,2023-05-28,0.0,0.0,55.0,0.0,0.0,,77.0,0.0
PA,2023,15,22,2023-06-04,0.0,0.0,73.0,0.0,0.0,,83.0,0.0
PA,2023,16,23,2023-06-11,0.0,0.0,79.0,0.0,0.0,,90.0,0.0
PA,2023,17,24,2023-06-18,0.0,0.0,83.0,0.0,0.0,,95.0,0.0
PA,2023,18,25,2023-06-25,0.0,0.0,95.0,0.0,0.0,,95.0,0.0
PA,2023,19,26,2023-07-02,0.0,0.0,95.0,0.0,0.0,,95.0,0.0
PA,2023,20,27,2023-07-09,0.0,0.0,95.0,0.0,0.0,,95.0,0.0
PA,2023,21,28,2023-07-16,0.0,0.0,95.0,0.0,0.0,,95.0,4.0
PA,2023,22,29,2023-07-23,0.0,0.0,95.0,0.0,0.0,,95.0,11.0
PA,2023,23,30,2023-07-30,0.0,1.0,95.0,0.0,0.0,,95.0,40.0
PA,2023,24,31,2023-08-06,0.0,4.0,95.0,0.0,0.0,,95.0,65.0
PA,2023,25,32,2023-08-13,0.0,7.0,95.0,0.0,0.0,,95.0,80.0
PA,2023,26,33,2023-08-20,1.0,23.0,95.0,0.0,0.0,,95.0,90.0
PA,2023,27,34,2023-08-27,15.0,49.0,95.0,0.0,0.0,,95.0,95.0
PA,2023,28,35,2023-09-03,28.0,54.0,95.0,2.0,0.0,,95.0,95.0
PA,2023,29,36,2023-09-10,48.0,70.0,95.0,0.0,4.0,,95.0,95.0
PA,2023,30,37,2023-09-17,53.0,84.0,95.0,0.0,11.0,,95.0,95.0
PA,2023,31,38,2023-09-24,73.0,95.0,95.0,4.0,27.0,,95.0,95.0
PA,2023,32,39,2023-10-01,90.0,95.0,95.0,7.0,41.0,,95.0,95.0
PA,2023,33,40,2023-10-08,95.0,95.0,95.0,12.0,56.0,,95.0,95.0
PA,2023,34,41,2023-10-15,95.0,95.0,95.0,16.0,71.0,,95.0,95.0
PA,2023,35,42,2023-10-22,95.0,95.0,95.0,26.0,85.0,,95.0,95.0
PA,2023,36,43,2023-10-29,95.0,95.0,95.0,37.0,95.0,,95.0,95.0
PA,2023,37,44,2023-11-05,95.0,95.0,95.0,46.0,95.0,,95.0,95.0
PA,2023,38,45,2023-11-12,95.0,95.0,95.0,56.0,95.0,,95.0,95.0
PA,2023,39,46,2023-11-19,95.0,95.0,95.0,70.0,95.0,,95.0,95.0
PA,2023,40,47,2023-11-26,95.0,95.0,95.0,80.0,95.0,,95.0,95.0
PA,2024,6,13,2024-03-31,0.0,0.0,0.0,0.0,0.0,,0.0,0.0
PA,2024,7,14,2024-04-07,0.0,0.0,0.0,0.0,0.0,,0.0,0.0
PA,2024,8,15,2024-04-14,0.0,0.0,0.0,0.0,0.0,,0.0,0.0
PA,2024,9,16,2024-04-21,0.0,0.0,0.0,0.0,0.0,,0.0,0.0
PA,2024,10,17,2024-04-28,0.0,0.0,0.0,0.0,0.0,,2.0,0.0
PA,2024,11,18,2024-05-05,0.0,0.0,1.0,0.0,0.0,,23.0,0.0
PA,2024,12,19,2024-05-12,0.0,0.0,3.0,0.0,0.0,,29.0,0.0
PA,2024,13,20,2024-05-19,0.0,0.0,8.0,0.0,0.0,,33.0,0.0
PA,2024,14,21,2024-05-26,0.0,0.0,23.0,0.0,0.0,,53.0,0.0
PA,2024,15,22,2024-06-02,0.0,0.0,40.0,0.0,0.0,,70.0,0.0
PA,2024,16,23,2024-06-09,0.0,0.0,60.0,0.0,0.0,,90.0,0.0
PA,2024,17,24,2024-06-16,0.0,0.0,80.0,0.0,0.0,,96.0,0.0
PA,2024,18,25,2024-06-23,0.0,0.0,94.0,0.0,0.0,,96.0,0.0
PA,2024,19,26,2024-06-30,0.0,0.0,97.0,0.0,0.0,,96.0,0.0
PA,2024,20,27,2024-07-07,0.0,0.0,97.0,0.0,0.0,,96.0,5.0
PA,2024,21,28,2024-07-14,0.0,0.0,97.0,0.0,0.0,,96.0,23.0
PA,2024,22,29,2024-07-21,0.0,1.0,97.0,0.0,0.0,,96.0,34.0
PA,2024,23,30,2024-07-28,0.0,3.0,97.0,0.0,0.0,,96.0,47.0
PA,2024,24,31,2024-08-04,0.0,7.0,97.0,0.0,0.0,,96.0,60.0
PA,2024,25,32,2024-08-11,4.0,26.0,97.0,0.0,0.0,,96.0,78.0
PA,2024,26,33,2024-08-18,9.0,41.0,97.0,0.0,0.0,,96.0,84.0
PA,2024,27,34,2024-08-25,21.0,55.0,97.0,3.0,1.0,,96.0,97.0
PA,2024,28,35,2024-09-01,41.0,71.0,97.0,13.0,3.0,,96.0,97.0
PA,2024,29,36,2024-09-08,57.0,84.0,97.0,0.0,4.0,,96.0,97.0
PA,2024,30,37,2024-09-15,65.0,90.0,97.0,1.0,13.0,,96.0,97.0
PA,2024,31,38,2024-09-22,75.0,95.0,97.0,1.0,28.0,,96.0,97.0
PA,2024,32,39,2024-09-29,90.0,95.0,97.0,3.0,42.0,,96.0,97.0
PA,2024,33,40,2024-10-06,95.0,95.0,97.0,6.0,51.0,,96.0,97.0
PA,2024,34,41,2024-10-13,95.0,95.0,97.0,20.0,60.0,,96.0,97.0
PA,2024,35,42,2024-10-20,95.0,95.0,97.0,41.0,78.0,,96.0,97.0
PA,2024,36,43,2024-10-27,95.0,95.0,97.0,50.0,90.0,,96.0,97.0
PA,2024,37,44,2024-11-03,95.0,95.0,97.0,60.0,95.0,,96.0,97.0
PA,2024,38,45,2024-11-10,95.0,95.0,97.0,67.0,95.0,,96.0,97.0
PA,2024,39,46,2024-11-17,95.0,95.0,97.0,77.0,95.0,,96.0,97.0
PA,2024,40,47,2024-11-24,95.0,95.0,97.0,89.0,95.0,,96.0,97.0
PA,2025,7,14,2025-04-06,0.0,0.0,0.0,0.0,0.0,,0.0,0.0
PA,2025,8,15,2025-04-13,0.0,0.0,0.0,0.0,0.0,,0.0,0.0
PA,2025,9,16,2025-04-20,0.0,0.0,0.0,0.0,0.0,,1.0,0.0
PA,2025,10,17,2025-04-27,0.0,0.0,0.0,0.0,0.0,,2.0,0.0
PA,2025,11,18,2025-05-04,0.0,0.0,1.0,0.0,0.0,,15.0,0.0
PA,2025,12,19,2025-05-11,0.0,0.0,3.0,0.0,0.0,,32.0,0.0
PA,2025,13,20,2025-05-18,0.0,0.0,17.0,0.0,0.0,,40.0,0.0
PA,2025,14,21,2025-05-25,0.0,0.0,26.0,0.0,0.0,,51.0,0.0
PA,2025,15,22,2025-06-01,0.0,0.0,41.0,0.0,0.0,,64.0,0.0
PA,2025,16,23,2025-06-08,0.0,0.0,56.0,0.0,0.0,,82.0,0.0
PA,2025,17,24,2025-06-15,0.0,0.0,72.0,0.0,0.0,,89.0,0.0
PA,2025,18,25,2025-06-22,0.0,0.0,84.0,0.0,0.0,,95.0,0.0
PA,2025,19,26,2025-06-29,0.0,0.0,95.0,0.0,0.0,,95.0,0.0
PA,2025,20,27,2025-07-06,0.0,0.0,95.0,0.0,0.0,,95.0,2.0
PA,2025,21,28,2025-07-13,0.0,0.0,95.0,0.0,0.0,,95.0,11.0
PA,2025,22,29,2025-07-20,0.0,2.0,95.0,0.0,0.0,,95.0,27.0
PA,2025,23,30,2025-07-27,0.0,7.0,95.0,0.0,0.0,,95.0,47.0
PA,2025,24,31,2025-08-03,0.0,27.0,95.0,0.0,0.0,,95.0,67.0
PA,2025,25,32,2025-08-10,0.0,33.0,95.0,0.0,0.0,,95.0,85.0
PA,2025,26,33,2025-08-17,5.0,43.0,95.0,0.0,0.0,,95.0,95.0
PA,2025,27,34,2025-08-24,11.0,56.0,95.0,0.0,3.0,,95.0,95.0
PA,2025,28,35,2025-08-31,36.0,63.0,95.0,3.0,4.0,,95.0,95.0
PA,2025,29,36,2025-09-07,46.0,73.0,95.0,0.0,14.0,,95.0,95.0
PA,2025,30,37,2025-09-14,52.0,84.0,95.0,0.0,24.0,,95.0,95.0
PA,2025,31,38,2025-09-21,72.0,95.0,95.0,3.0,39.0,,95.0,95.0
PA,2025,32,39,2025-09-28,85.0,95.0,95.0,6.0,44.0,,95.0,95.0
PA,2025,39,46,2025-11-16,100.0,95.0,95.0,80.0,100.0,,95.0,95.0
PA,2025,40,47,2025-11-23,100.0,95.0,95.0,89.0,100.0,,95.0,95.0
RI,2016,9,16,2016-04-24,,,0.0,0.0,,,10.0,
RI,2016,10,17,2016-05-01,,,0.0,0.0,,,15.0,
RI,2016,11,18,2016-05-08,,,0.0,0.0,,,15.0,
RI,2016,12,19,2016-05-15,,,0.0,0.0,,,16.0,
RI,2016,13,20,2016-05-22,,,0.0,0.0,,,20.0,
RI,2016,14,21,2016-05-29,,,25.0,0.0,,,60.0,
RI,2016,15,22,2016-06-05,,,40.0,0.0,,,75.0,
RI,2016,16,23,2016-06-12,,,59.0,0.0,,,80.0,
RI,2016,17,24,2016-06-19,,,74.0,0.0,,,80.0,
RI,2016,18,25,2016-06-26,,,90.0,0.0,,,80.0,
RI,2016,28,35,2016-09-04,,,90.0,0.0,,,80.0,
RI,2016,29,36,2016-09-11,,,90.0,0.0,,,80.0,
RI,2016,30,37,2016-09-18,,,90.0,15.0,,,80.0,
RI,2016,31,38,2016-09-25,,,90.0,25.0,,,80.0,
RI,2016,32,39,2016-10-02,,,90.0,30.0,,,80.0,
RI,2016,33,40,2016-10-09,,,90.0,35.0,,,80.0,
RI,2016,34,41,2016-10-16,,,90.0,70.0,,,80.0,
RI,2016,35,42,2016-10-23,,,90.0,80.0,,,80.0,
RI,2017,9,16,2017-04-23,,,0.0,0.0,,,0.0,
RI,2017,10,17,2017-04-30,,,0.0,0.0,,,0.0,
RI,2017,11,18,2017-05-07,,,0.0,0.0,,,0.0,
RI,2017,12,19,2017-05-14,,,0.0,0.0,,,5.0,
RI,2017,13,20,2017-05-21,,,0.0,0.0,,,10.0,
RI,2017,14,21,2017-05-28,,,5.0,0.0,,,20.0,
RI,2017,15,22,2017-06-04,,,8.0,0.0,,,25.0,
RI,2017,16,23,2017-06-11,,,15.0,0.0,,,35.0,
RI,2017,17,24,2017-06-18,,,20.0,0.0,,,50.0,
RI,2017,18,25,2017-06-25,,,30.0,0.0,,,70.0,
RI,2017,19,26,2017-07-02,,,70.0,0.0,,,70.0,
RI,2017,20,27,2017-07-09,,,75.0,0.0,,,70.0,
RI,2017,28,35,2017-09-03,,,75.0,0.0,,,70.0,
RI,2017,29,36,2017-09-10,,,75.0,0.0,,,70.0,
RI,2017,30,37,2017-09-17,,,75.0,0.0,,,70.0,
RI,2017,31,38,2017-09-24,,,75.0,0.0,,,70.0,
RI,2017,32,39,2017-10-01,,,75.0,5.0,,,70.0,
RI,2017,33,40,2017-10-08,,,75.0,10.0,,,70.0,
RI,2017,34,41,2017-10-15,,,75.0,50.0,,,70.0,
RI,2017,35,42,2017-10-22,,,75.0,72.0,,,70.0,
RI,2017,36,43,2017-10-29,,,75.0,80.0,,,70.0,
RI,2017,37,44,2017-11-05,,,75.0,85.0,,,70.0,
RI,2017,38,45,2017-11-12,,,75.0,96.0,,,70.0,
RI,2018,10,17,2018-04-29,,,0.0,0.0,,,0.0,
RI,2018,11,18,2018-05-06,,,0.0,0.0,,,0.0,
RI,2018,12,19,2018-05-13,,,0.0,0.0,,,0.0,
RI,2018,13,20,2018-05-20,,,0.0,0.0,,,0.0,
RI,2018,14,21,2018-05-27,,,5.0,0.0,,,35.0,
RI,2018,15,22,2018-06-03,,,7.0,0.0,,,37.0,
RI,2018,16,23,2018-06-10,,,35.0,0.0,,,60.0,
RI,2018,17,24,2018-06-17,,,75.0,0.0,,,85.0,
RI,2018,18,25,2018-06-24,,,90.0,0.0,,,85.0,
RI,2018,19,26,2018-07-01,,,95.0,0.0,,,85.0,
RI,2018,31,38,2018-09-23,,,95.0,6.0,,,85.0,
RI,2018,32,39,2018-09-30,,,95.0,16.0,,,85.0,
RI,2018,33,40,2018-10-07,,,95.0,37.0,,,85.0,
RI,2018,34,41,2018-10-14,,,95.0,58.0,,,85.0,
RI,2018,35,42,2018-10-21,,,95.0,74.0,,,85.0,
RI,2018,36,43,2018-10-28,,,95.0,80.0,,,85.0,
RI,2019,11,18,2019-05-05,,,0.0,0.0,,,10.0,
RI,2019,12,19,2019-05-12,,,0.0,0.0,,,15.0,
RI,2019,13,20,2019-05-19,,,5.0,0.0,,,20.0,
RI,2019,14,21,2019-05-26,,,10.0,0.0,,,35.0,
RI,2019,15,22,2019-06-02,,,25.0,0.0,,,65.0,
RI,2019,16,23,2019-06-09,,,27.0,0.0,,,66.0,
RI,2019,17,24,2019-06-16,,,55.0,0.0,,,85.0,
RI,2019,18,25,2019-06-23,,,61.0,0.0,,,90.0,
RI,2019,19,26,2019-06-30,,,85.0,0.0,,,95.0,
RI,2019,20,27,2019-07-07,,,91.0,0.0,,,95.0,
RI,2019,29,36,2019-09-08,,,91.0,0.0,,,95.0,
RI,2019,30,37,2019-09-15,,,91.0,0.0,,,95.0,
RI,2019,31,38,2019-09-22,,,91.0,0.0,,,95.0,
RI,2019,32,39,2019-09-29,,,91.0,0.0,,,95.0,
RI,2019,33,40,2019-10-06,,,91.0,10.0,,,95.0,
RI,2019,34,41,2019-10-13,,,91.0,15.0,,,95.0,
RI,2019,35,42,2019-10-20,,,91.0,56.0,,,95.0,
RI,2019,36,43,2019-10-27,,,91.0,85.0,,,95.0,
RI,2019,37,44,2019-11-03,,,91.0,95.0,,,95.0,
RI,2020,8,15,2020-04-12,,,0.0,0.0,,,0.0,
RI,2020,9,16,2020-04-19,,,0.0,0.0,,,0.0,
RI,2020,10,17,2020-04-26,,,0.0,0.0,,,5.0,
RI,2020,11,18,2020-05-03,,,0.0,0.0,,,15.0,
RI,2020,12,19,2020-05-10,,,5.0,0.0,,,20.0,
RI,2020,13,20,2020-05-17,,,5.0,0.0,,,21.0,
RI,2020,14,21,2020-05-24,,,25.0,0.0,,,45.0,
RI,2020,15,22,2020-05-31,,,26.0,0.0,,,47.0,
RI,2020,16,23,2020-06-07,,,40.0,0.0,,,60.0,
RI,2020,17,24,2020-06-14,,,43.0,0.0,,,83.0,
RI,2020,18,25,2020-06-21,,,44.0,0.0,,,84.0,
RI,2020,19,26,2020-06-28,,,80.0,0.0,,,84.0,
RI,2020,20,27,2020-07-05,,,81.0,0.0,,,84.0,
RI,2020,21,28,2020-07-12,,,88.0,0.0,,,84.0,
RI,2020,29,36,2020-09-06,,,88.0,0.0,,,84.0,
RI,2020,30,37,2020-09-13,,,88.0,0.0,,,84.0,
RI,2020,31,38,2020-09-20,,,88.0,7.0,,,84.0,
RI,2020,32,39,2020-09-27,,,88.0,19.0,,,84.0,
RI,2020,33,40,2020-10-04,,,88.0,27.0,,,84.0,
RI,2020,34,41,2020-10-11,,,88.0,48.0,,,84.0,
RI,2020,35,42,2020-10-18,,,88.0,55.0,,,84.0,
RI,2020,36,43,2020-10-25,,,88.0,88.0,,,84.0,
RI,2020,37,44,2020-11-01,,,88.0,97.0,,,84.0,
RI,2020,38,45,2020-11-08,,,88.0,100.0,,,84.0,
RI,2021,9,16,2021-04-25,,,0.0,0.0,0.0,,0.0,
RI,2021,10,17,2021-05-02,,,0.0,0.0,0.0,,3.0,
RI,2021,11,18,2021-05-09,,,0.0,0.0,0.0,,11.0,
RI,2021,12,19,2021-05-16,,,5.0,0.0,0.0,,13.0,
RI,2021,13,20,2021-05-23,,,8.0,0.0,0.0,,36.0,
RI,2021,14,21,2021-05-30,,,8.0,0.0,0.0,,36.0,
RI,2021,15,22,2021-06-06,,,13.0,0.0,0.0,,40.0,
RI,2021,16,23,2021-06-13,,,50.0,0.0,0.0,,66.0,
RI,2021,17,24,2021-06-20,,,61.0,0.0,0.0,,85.0,
RI,2021,18,25,2021-06-27,,,75.0,0.0,0.0,,90.0,
RI,2021,19,26,2021-07-04,,,93.0,0.0,0.0,,90.0,
RI,2021,20,27,2021-07-11,,,100.0,0.0,0.0,,90.0,
RI,2021,28,35,2021-09-05,,,100.0,0.0,0.0,,90.0,
RI,2021,29,36,2021-09-12,,,100.0,4.0,0.0,,90.0,
RI,2021,30,37,2021-09-19,,,100.0,7.0,0.0,,90.0,
RI,2021,31,38,2021-09-26,,,100.0,17.0,0.0,,90.0,
RI,2021,32,39,2021-10-03,,,100.0,0.0,0.0,,90.0,
RI,2021,33,40,2021-10-10,,,100.0,42.0,0.0,,90.0,
RI,2021,34,41,2021-10-17,,,100.0,62.0,0.0,,90.0,
RI,2021,35,42,2021-10-24,,,100.0,100.0,0.0,,90.0,
RI,2021,36,43,2021-10-31,,,100.0,100.0,0.0,,90.0,
RI,2021,37,44,2021-11-07,,,100.0,100.0,0.0,,90.0,
RI,2022,9,16,2022-04-24,0.0,0.0,0.0,0.0,,,0.0,0.0
RI,2022,10,17,2022-05-01,0.0,0.0,0.0,0.0,,,0.0,0.0
RI,2022,11,18,2022-05-08,0.0,0.0,0.0,0.0,,,0.0,0.0
RI,2022,12,19,2022-05-15,0.0,0.0,0.0,0.0,,,13.0,0.0
RI,2022,13,20,2022-05-22,0.0,0.0,4.0,0.0,,,40.0,0.0
RI,2022,14,21,2022-05-29,0.0,0.0,25.0,0.0,,,50.0,0.0
RI,2022,15,22,2022-06-05,0.0,0.0,50.0,0.0,,,75.0,0.0
RI,2022,16,23,2022-06-12,0.0,0.0,75.0,0.0,,,95.0,0.0
RI,2022,17,24,2022-06-19,0.0,0.0,95.0,0.0,,,100.0,0.0
RI,2022,18,25,2022-06-26,0.0,0.0,100.0,0.0,,,100.0,0.0
RI,2022,19,26,2022-07-03,0.0,0.0,100.0,0.0,,,100.0,0.0
RI,2022,20,27,2022-07-10,0.0,0.0,100.0,0.0,,,100.0,0.0
RI,2022,24,31,2022-08-07,0.0,0.0,100.0,0.0,,,100.0,23.0
RI,2022,25,32,2022-08-14,0.0,0.0,100.0,0.0,,,100.0,23.0
RI,2022,28,35,2022-09-04,0.0,0.0,100.0,0.0,,,100.0,23.0
RI,2022,29,36,2022-09-11,0.0,0.0,100.0,0.0,,,100.0,23.0
RI,2022,30,37,2022-09-18,0.0,0.0,100.0,0.0,,,100.0,23.0
RI,2022,31,38,2022-09-25,0.0,0.0,100.0,14.0,,,100.0,23.0
RI,2022,32,39,2022-10-02,0.0,0.0,100.0,28.0,,,100.0,23.0
RI,2022,33,40,2022-10-09,0.0,0.0,100.0,65.0,,,100.0,23.0
RI,2022,34,41,2022-10-16,0.0,0.0,100.0,85.0,,,100.0,23.0
RI,2022,35,42,2022-10-23,0.0,0.0,100.0,95.0,,,100.0,23.0
RI,2022,36,43,2022-10-30,0.0,0.0,100.0,100.0,,,100.0,23.0
RI,2023,10,17,2023-04-30,,,0.0,0.0,,,0.0,
RI,2023,11,18,2023-05-07,,,0.0,0.0,,,0.0,
RI,2023,12,19,2023-05-14,,,0.0,0.0,,,15.0,
RI,2023,13,20,2023-05-21,,,0.0,0.0,,,26.0,
RI,2023,14,21,2023-05-28,,,30.0,0.0,,,49.0,
RI,2023,15,22,2023-06-04,,,38.0,0.0,,,65.0,
RI,2023,16,23,2023-06-11,,,41.0,0.0,,,92.0,
RI,2023,17,24,2023-06-18,,,75.0,0.0,,,100.0,
RI,2023,18,25,2023-06-25,,,85.0,0.0,,,100.0,
RI,2023,19,26,2023-07-02,,,94.0,0.0,,,100.0,
RI,2023,27,34,2023-08-27,,,94.0,0.0,,,100.0,
RI,2023,28,35,2023-09-03,,,94.0,0.0,,,100.0,
RI,2023,29,36,2023-09-10,,,94.0,0.0,,,100.0,
RI,2023,30,37,2023-09-17,,,94.0,0.0,,,100.0,
RI,2023,31,38,2023-09-24,,,94.0,13.0,,,100.0,
RI,2023,32,39,2023-10-01,,,94.0,27.0,,,100.0,
RI,2023,33,40,2023-10-08,,,94.0,45.0,,,100.0,
RI,2023,34,41,2023-10-15,,,94.0,69.0,,,100.0,
RI,2023,35,42,2023-10-22,,,94.0,80.0,,,100.0,
RI,2023,36,43,2023-10-29,,,94.0,91.0,,,100.0,
RI,2024,9,16,2024-04-21,,,0.0,0.0,,,0.0,
RI,2024,10,17,2024-04-28,,,0.0,0.0,,,0.0,
RI,2024,11,18,2024-05-05,,,0.0,0.0,,,0.0,
RI,2024,12,19,2024-05-12,,,0.0,0.0,,,11.0,
RI,2024,13,20,2024-05-19,,,5.0,0.0,,,23.0,
RI,2024,14,21,2024-05-26,,,11.0,0.0,,,28.0,
RI,2024,15,22,2024-06-02,,,12.0,0.0,,,32.0,
RI,2024,16,23,2024-06-09,,,26.0,0.0,,,60.0,
RI,2024,17,24,2024-06-16,,,58.0,0.0,,,88.0,
RI,2024,18,25,2024-06-23,,,78.0,0.0,,,88.0,
RI,2024,19,26,2024-06-30,,,85.0,0.0,,,88.0,
RI,2024,28,35,2024-09-01,,,85.0,0.0,,,88.0,
RI,2024,29,36,2024-09-08,,,85.0,2.0,,,88.0,
RI,2024,30,37,2024-09-15,,,85.0,15.0,,,88.0,
RI,2024,31,38,2024-09-22,,,85.0,40.0,,,88.0,
RI,2024,32,39,2024-09-29,,,85.0,45.0,,,88.0,
RI,2024,33,40,2024-10-06,,,85.0,55.0,,,88.0,
RI,2024,34,41,2024-10-13,,,85.0,73.0,,,88.0,
RI,2024,35,42,2024-10-20,,,85.0,80.0,,,88.0,
RI,2025,15,22,2025-06-01,,,23.0,0.0,,,42.0,
RI,2025,16,23,2025-06-08,,,24.0,0.0,,,45.0,
RI,2025,17,24,2025-06-15,,,45.0,0.0,,,60.0,
RI,2025,18,25,2025-06-22,,,75.0,0.0,,,90.0,
RI,2025,19,26,2025-06-29,,,80.0,0.0,,,90.0,
RI,2025,20,27,2025-07-06,,,95.0,0.0,,,90.0,
RI,2025,29,36,2025-09-07,,,95.0,0.0,,,90.0,
RI,2025,30,37,2025-09-14,,,95.0,0.0,,,90.0,
RI,2025,31,38,2025-09-21,,,95.0,5.0,,,90.0,
RI,2025,32,39,2025-09-28,,,95.0,50.0,,,90.0,
SC,2016,6,13,2016-04-03,,,15.0,0.0,0.0,,30.0,0.0
SC,2016,7,14,2016-04-10,,,27.0,0.0,0.0,,62.0,0.0
SC,2016,8,15,2016-04-17,,,59.0,0.0,0.0,,77.0,0.0
SC,2016,9,16,2016-04-24,,,80.0,0.0,0.0,,88.0,0.0
SC,2016,10,17,2016-05-01,,,88.0,0.0,0.0,,95.0,0.0
SC,2016,11,18,2016-05-08,,,95.0,0.0,0.0,,95.0,0.0
SC,2016,14,21,2016-05-29,,,95.0,0.0,0.0,,95.0,4.0
SC,2016,15,22,2016-06-05,,,95.0,0.0,0.0,,95.0,25.0
SC,2016,16,23,2016-06-12,,,95.0,0.0,0.0,,95.0,50.0
SC,2016,17,24,2016-06-19,,,95.0,0.0,0.0,,95.0,74.0
SC,2016,18,25,2016-06-26,,,95.0,0.0,0.0,,95.0,88.0
SC,2016,19,26,2016-07-03,,,95.0,0.0,0.0,,95.0,94.0
SC,2016,20,27,2016-07-10,,,95.0,0.0,2.0,,95.0,98.0
SC,2016,21,28,2016-07-17,,,95.0,0.0,30.0,,95.0,98.0
SC,2016,22,29,2016-07-24,,,95.0,0.0,56.0,,95.0,98.0
SC,2016,23,30,2016-07-31,,,95.0,0.0,65.0,,95.0,98.0
SC,2016,24,31,2016-08-07,,,95.0,5.0,81.0,,95.0,98.0
SC,2016,25,32,2016-08-14,,,95.0,21.0,85.0,,95.0,98.0
SC,2016,26,33,2016-08-21,,,95.0,37.0,90.0,,95.0,98.0
SC,2016,27,34,2016-08-28,,,95.0,70.0,96.0,,95.0,98.0
SC,2016,28,35,2016-09-04,,,95.0,85.0,96.0,,95.0,98.0
SC,2016,29,36,2016-09-11,,,95.0,88.0,96.0,,95.0,98.0
SC,2016,30,37,2016-09-18,,,95.0,91.0,96.0,,95.0,98.0
SC,2016,31,38,2016-09-25,,,95.0,93.0,96.0,,95.0,98.0
SC,2016,32,39,2016-10-02,,,95.0,96.0,96.0,,95.0,98.0
SC,2017,6,13,2017-04-02,,,7.0,0.0,0.0,,21.0,0.0
SC,2017,7,14,2017-04-09,,,21.0,0.0,0.0,,56.0,0.0
SC,2017,8,15,2017-04-16,,,42.0,0.0,0.0,,74.0,0.0
SC,2017,9,16,2017-04-23,,,54.0,0.0,0.0,,81.0,0.0
SC,2017,10,17,2017-04-30,,,81.0,0.0,0.0,,94.0,0.0
SC,2017,11,18,2017-05-07,,,94.0,0.0,0.0,,97.0,0.0
SC,2017,12,19,2017-05-14,,,98.0,0.0,0.0,,97.0,0.0
SC,2017,14,21,2017-05-28,,,98.0,0.0,0.0,,97.0,2.0
SC,2017,15,22,2017-06-04,,,98.0,0.0,0.0,,97.0,38.0
SC,2017,16,23,2017-06-11,,,98.0,0.0,0.0,,97.0,64.0
SC,2017,17,24,2017-06-18,,,98.0,0.0,0.0,,97.0,89.0
SC,2017,18,25,2017-06-25,,,98.0,0.0,0.0,,97.0,94.0
SC,2017,19,26,2017-07-02,,,98.0,0.0,8.0,,97.0,96.0
SC,2017,20,27,2017-07-09,,,98.0,0.0,28.0,,97.0,96.0
SC,2017,21,28,2017-07-16,,,98.0,0.0,47.0,,97.0,96.0
SC,2017,22,29,2017-07-23,,,98.0,0.0,52.0,,97.0,96.0
SC,2017,23,30,2017-07-30,,,98.0,0.0,60.0,,97.0,96.0
SC,2017,24,31,2017-08-06,,,98.0,1.0,81.0,,97.0,96.0
SC,2017,25,32,2017-08-13,,,98.0,16.0,90.0,,97.0,96.0
SC,2017,26,33,2017-08-20,,,98.0,28.0,94.0,,97.0,96.0
SC,2017,27,34,2017-08-27,,,98.0,53.0,97.0,,97.0,96.0
SC,2017,28,35,2017-09-03,,,98.0,65.0,97.0,,97.0,96.0
SC,2017,29,36,2017-09-10,,,98.0,71.0,97.0,,97.0,96.0
SC,2017,30,37,2017-09-17,,,98.0,90.0,97.0,,97.0,96.0
SC,2017,31,38,2017-09-24,,,98.0,95.0,97.0,,97.0,96.0
SC,2018,6,13,2018-04-01,,,2.0,0.0,0.0,,10.0,0.0
SC,2018,7,14,2018-04-08,,,10.0,0.0,0.0,,37.0,0.0
SC,2018,8,15,2018-04-15,,,33.0,0.0,0.0,,71.0,0.0
SC,2018,9,16,2018-04-22,,,53.0,0.0,0.0,,91.0,0.0
SC,2018,10,17,2018-04-29,,,81.0,0.0,0.0,,95.0,0.0
SC,2018,11,18,2018-05-06,,,94.0,0.0,0.0,,95.0,0.0
SC,2018,12,19,2018-05-13,,,97.0,0.0,0.0,,95.0,0.0
SC,2018,14,21,2018-05-27,,,97.0,0.0,0.0,,95.0,0.0
SC,2018,15,22,2018-06-03,,,97.0,0.0,0.0,,95.0,7.0
SC,2018,16,23,2018-06-10,,,97.0,0.0,0.0,,95.0,40.0
SC,2018,17,24,2018-06-17,,,97.0,0.0,0.0,,95.0,69.0
SC,2018,18,25,2018-06-24,,,97.0,0.0,0.0,,95.0,85.0
SC,2018,19,26,2018-07-01,,,97.0,0.0,0.0,,95.0,89.0
SC,2018,20,27,2018-07-08,,,97.0,0.0,3.0,,95.0,96.0
SC,2018,21,28,2018-07-15,,,97.0,0.0,11.0,,95.0,96.0
SC,2018,22,29,2018-07-22,,,97.0,0.0,18.0,,95.0,96.0
SC,2018,23,30,2018-07-29,,,97.0,0.0,26.0,,95.0,96.0
SC,2018,24,31,2018-08-05,,,97.0,0.0,33.0,,95.0,96.0
SC,2018,25,32,2018-08-12,,,97.0,0.0,65.0,,95.0,96.0
SC,2018,26,33,2018-08-19,,,97.0,7.0,82.0,,95.0,96.0
SC,2018,27,34,2018-08-26,,,97.0,36.0,96.0,,95.0,96.0
SC,2018,28,35,2018-09-02,,,97.0,63.0,96.0,,95.0,96.0
SC,2018,29,36,2018-09-09,,,97.0,78.0,96.0,,95.0,96.0
SC,2018,30,37,2018-09-16,,,97.0,88.0,96.0,,95.0,96.0
SC,2018,31,38,2018-09-23,,,97.0,90.0,96.0,,95.0,96.0
SC,2018,32,39,2018-09-30,,,97.0,98.0,96.0,,95.0,96.0
SC,2019,6,13,2019-03-31,,,3.0,0.0,0.0,,18.0,0.0
SC,2019,7,14,2019-04-07,,,15.0,0.0,0.0,,37.0,0.0
SC,2019,8,15,2019-04-14,,,34.0,0.0,0.0,,69.0,0.0
SC,2019,9,16,2019-04-21,,,61.0,0.0,0.0,,88.0,0.0
SC,2019,10,17,2019-04-28,,,82.0,0.0,0.0,,95.0,0.0
SC,2019,11,18,2019-05-05,,,95.0,0.0,0.0,,95.0,0.0
SC,2019,12,19,2019-05-12,,,100.0,0.0,0.0,,95.0,0.0
SC,2019,14,21,2019-05-26,,,100.0,0.0,0.0,,95.0,3.0
SC,2019,15,22,2019-06-02,,,100.0,0.0,0.0,,95.0,6.0
SC,2019,16,23,2019-06-09,,,100.0,0.0,0.0,,95.0,37.0
SC,2019,17,24,2019-06-16,,,100.0,0.0,0.0,,95.0,66.0
SC,2019,18,25,2019-06-23,,,100.0,0.0,0.0,,95.0,81.0
SC,2019,19,26,2019-06-30,,,100.0,0.0,0.0,,95.0,87.0
SC,2019,20,27,2019-07-07,,,100.0,0.0,0.0,,95.0,92.0
SC,2019,21,28,2019-07-14,,,100.0,0.0,7.0,,95.0,97.0
SC,2019,22,29,2019-07-21,,,100.0,0.0,15.0,,95.0,97.0
SC,2019,23,30,2019-07-28,,,100.0,0.0,31.0,,95.0,97.0
SC,2019,24,31,2019-08-04,,,100.0,0.0,44.0,,95.0,97.0
SC,2019,25,32,2019-08-11,,,100.0,0.0,66.0,,95.0,97.0
SC,2019,26,33,2019-08-18,,,100.0,17.0,86.0,,95.0,97.0
SC,2019,27,34,2019-08-25,,,100.0,46.0,93.0,,95.0,97.0
SC,2019,28,35,2019-09-01,,,100.0,68.0,96.0,,95.0,97.0
SC,2019,29,36,2019-09-08,,,100.0,86.0,96.0,,95.0,97.0
SC,2019,30,37,2019-09-15,,,100.0,92.0,96.0,,95.0,97.0
SC,2019,31,38,2019-09-22,,,100.0,95.0,96.0,,95.0,97.0
SC,2020,7,14,2020-04-05,,,11.0,0.0,0.0,,22.0,0.0
SC,2020,8,15,2020-04-12,,,22.0,0.0,0.0,,50.0,0.0
SC,2020,9,16,2020-04-19,,,50.0,0.0,0.0,,80.0,0.0
SC,2020,10,17,2020-04-26,,,77.0,0.0,0.0,,91.0,0.0
SC,2020,11,18,2020-05-03,,,86.0,0.0,0.0,,96.0,0.0
SC,2020,12,19,2020-05-10,,,95.0,0.0,0.0,,96.0,0.0
SC,2020,14,21,2020-05-24,,,95.0,0.0,0.0,,96.0,1.0
SC,2020,15,22,2020-05-31,,,95.0,0.0,0.0,,96.0,12.0
SC,2020,16,23,2020-06-07,,,95.0,0.0,0.0,,96.0,20.0
SC,2020,17,24,2020-06-14,,,95.0,0.0,0.0,,96.0,41.0
SC,2020,18,25,2020-06-21,,,95.0,0.0,0.0,,96.0,63.0
SC,2020,19,26,2020-06-28,,,95.0,0.0,0.0,,96.0,76.0
SC,2020,20,27,2020-07-05,,,95.0,0.0,0.0,,96.0,85.0
SC,2020,21,28,2020-07-12,,,95.0,0.0,12.0,,96.0,90.0
SC,2020,22,29,2020-07-19,,,95.0,0.0,18.0,,96.0,92.0
SC,2020,23,30,2020-07-26,,,95.0,0.0,33.0,,96.0,95.0
SC,2020,24,31,2020-08-02,,,95.0,0.0,53.0,,96.0,95.0
SC,2020,25,32,2020-08-09,,,95.0,6.0,74.0,,96.0,95.0
SC,2020,26,33,2020-08-16,,,95.0,15.0,80.0,,96.0,95.0
SC,2020,27,34,2020-08-23,,,95.0,37.0,89.0,,96.0,95.0
SC,2020,28,35,2020-08-30,,,95.0,47.0,93.0,,96.0,95.0
SC,2020,29,36,2020-09-06,,,95.0,68.0,99.0,,96.0,95.0
SC,2020,30,37,2020-09-13,,,95.0,78.0,99.0,,96.0,95.0
SC,2020,31,38,2020-09-20,,,95.0,85.0,99.0,,96.0,95.0
SC,2020,32,39,2020-09-27,,,95.0,92.0,99.0,,96.0,95.0
SC,2020,33,40,2020-10-04,,,95.0,94.0,99.0,,96.0,95.0
SC,2020,34,41,2020-10-11,,,95.0,96.0,99.0,,96.0,95.0
SC,2021,6,13,2021-04-04,,,12.0,0.0,0.0,,27.0,0.0
SC,2021,7,14,2021-04-11,,,27.0,0.0,0.0,,53.0,0.0
SC,2021,8,15,2021-04-18,,,53.0,0.0,0.0,,77.0,0.0
SC,2021,9,16,2021-04-25,,,71.0,0.0,0.0,,88.0,0.0
SC,2021,10,17,2021-05-02,,,84.0,0.0,0.0,,95.0,0.0
SC,2021,11,18,2021-05-09,,,96.0,0.0,0.0,,95.0,0.0
SC,2021,13,20,2021-05-23,,,96.0,0.0,0.0,,95.0,0.0
SC,2021,14,21,2021-05-30,,,96.0,0.0,0.0,,95.0,1.0
SC,2021,15,22,2021-06-06,,,96.0,0.0,0.0,,95.0,25.0
SC,2021,16,23,2021-06-13,,,96.0,0.0,0.0,,95.0,43.0
SC,2021,17,24,2021-06-20,,,96.0,0.0,0.0,,95.0,65.0
SC,2021,18,25,2021-06-27,,,96.0,0.0,0.0,,95.0,86.0
SC,2021,19,26,2021-07-04,,,96.0,0.0,5.0,,95.0,95.0
SC,2021,20,27,2021-07-11,,,96.0,0.0,11.0,,95.0,95.0
SC,2021,21,28,2021-07-18,,,96.0,0.0,26.0,,95.0,95.0
SC,2021,22,29,2021-07-25,,,96.0,0.0,40.0,,95.0,95.0
SC,2021,23,30,2021-08-01,,,96.0,0.0,51.0,,95.0,95.0
SC,2021,24,31,2021-08-08,,,96.0,1.0,68.0,,95.0,95.0
SC,2021,25,32,2021-08-15,,,96.0,5.0,85.0,,95.0,95.0
SC,2021,26,33,2021-08-22,,,96.0,13.0,91.0,,95.0,95.0
SC,2021,27,34,2021-08-29,,,96.0,34.0,94.0,,95.0,95.0
SC,2021,28,35,2021-09-05,,,96.0,60.0,96.0,,95.0,95.0
SC,2021,29,36,2021-09-12,,,96.0,79.0,96.0,,95.0,95.0
SC,2021,30,37,2021-09-19,,,96.0,85.0,96.0,,95.0,95.0
SC,2021,31,38,2021-09-26,,,96.0,90.0,96.0,,95.0,95.0
SC,2021,32,39,2021-10-03,,,96.0,93.0,96.0,,95.0,95.0
SC,2021,33,40,2021-10-10,,,96.0,95.0,96.0,,95.0,95.0
SC,2021,34,41,2021-10-17,,,96.0,96.0,96.0,,95.0,95.0
SC,2022,6,13,2022-04-03,,,7.0,0.0,0.0,,22.0,0.0
SC,2022,7,14,2022-04-10,,,17.0,0.0,0.0,,33.0,0.0
SC,2022,8,15,2022-04-17,,,33.0,0.0,0.0,,65.0,0.0
SC,2022,9,16,2022-04-24,,,63.0,0.0,0.0,,85.0,0.0
SC,2022,10,17,2022-05-01,,,85.0,0.0,0.0,,95.0,0.0
SC,2022,11,18,2022-05-08,,,91.0,0.0,0.0,,95.0,0.0
SC,2022,12,19,2022-05-15,,,97.0,0.0,0.0,,95.0,0.0
SC,2022,14,21,2022-05-29,,,97.0,0.0,0.0,,95.0,2.0
SC,2022,15,22,2022-06-05,,,97.0,0.0,0.0,,95.0,23.0
SC,2022,16,23,2022-06-12,,,97.0,0.0,0.0,,95.0,37.0
SC,2022,17,24,2022-06-19,,,97.0,0.0,0.0,,95.0,66.0
SC,2022,18,25,2022-06-26,,,97.0,0.0,0.0,,95.0,88.0
SC,2022,19,26,2022-07-03,,,97.0,0.0,2.0,,95.0,95.0
SC,2022,20,27,2022-07-10,,,97.0,0.0,19.0,,95.0,95.0
SC,2022,21,28,2022-07-17,,,97.0,0.0,38.0,,95.0,95.0
SC,2022,22,29,2022-07-24,,,97.0,0.0,52.0,,95.0,95.0
SC,2022,23,30,2022-07-31,,,97.0,1.0,59.0,,95.0,95.0
SC,2022,24,31,2022-08-07,,,97.0,3.0,71.0,,95.0,95.0
SC,2022,25,32,2022-08-14,,,97.0,6.0,79.0,,95.0,95.0
SC,2022,26,33,2022-08-21,,,97.0,18.0,84.0,,95.0,95.0
SC,2022,27,34,2022-08-28,,,97.0,40.0,94.0,,95.0,95.0
SC,2022,28,35,2022-09-04,,,97.0,56.0,97.0,,95.0,95.0
SC,2022,29,36,2022-09-11,,,97.0,68.0,97.0,,95.0,95.0
SC,2022,30,37,2022-09-18,,,97.0,77.0,97.0,,95.0,95.0
SC,2022,31,38,2022-09-25,,,97.0,89.0,97.0,,95.0,95.0
SC,2022,32,39,2022-10-02,,,97.0,94.0,97.0,,95.0,95.0
SC,2022,33,40,2022-10-09,,,97.0,98.0,97.0,,95.0,95.0
SC,2023,6,13,2023-04-02,,,6.0,0.0,0.0,,24.0,0.0
SC,2023,7,14,2023-04-09,,,18.0,0.0,0.0,,44.0,0.0
SC,2023,8,15,2023-04-16,,,43.0,0.0,0.0,,71.0,0.0
SC,2023,9,16,2023-04-23,,,62.0,0.0,0.0,,84.0,0.0
SC,2023,10,17,2023-04-30,,,75.0,0.0,0.0,,91.0,0.0
SC,2023,11,18,2023-05-07,,,87.0,0.0,0.0,,96.0,0.0
SC,2023,12,19,2023-05-14,,,92.0,0.0,0.0,,96.0,0.0
SC,2023,13,20,2023-05-21,,,98.0,0.0,0.0,,96.0,0.0
SC,2023,14,21,2023-05-28,,,98.0,0.0,0.0,,96.0,2.0
SC,2023,15,22,2023-06-04,,,98.0,0.0,0.0,,96.0,9.0
SC,2023,16,23,2023-06-11,,,98.0,0.0,0.0,,96.0,36.0
SC,2023,17,24,2023-06-18,,,98.0,0.0,0.0,,96.0,60.0
SC,2023,18,25,2023-06-25,,,98.0,0.0,0.0,,96.0,74.0
SC,2023,19,26,2023-07-02,,,98.0,0.0,0.0,,96.0,87.0
SC,2023,20,27,2023-07-09,,,98.0,0.0,15.0,,96.0,95.0
SC,2023,21,28,2023-07-16,,,98.0,0.0,32.0,,96.0,95.0
SC,2023,22,29,2023-07-23,,,98.0,0.0,43.0,,96.0,95.0
SC,2023,23,30,2023-07-30,,,98.0,2.0,56.0,,96.0,95.0
SC,2023,24,31,2023-08-06,,,98.0,5.0,69.0,,96.0,95.0
SC,2023,25,32,2023-08-13,,,98.0,8.0,80.0,,96.0,95.0
SC,2023,26,33,2023-08-20,,,98.0,22.0,90.0,,96.0,95.0
SC,2023,27,34,2023-08-27,,,98.0,36.0,95.0,,96.0,95.0
SC,2023,28,35,2023-09-03,,,98.0,57.0,97.0,,96.0,95.0
SC,2023,29,36,2023-09-10,,,98.0,72.0,99.0,,96.0,95.0
SC,2023,30,37,2023-09-17,,,98.0,80.0,99.0,,96.0,95.0
SC,2023,31,38,2023-09-24,,,98.0,89.0,99.0,,96.0,95.0
SC,2023,32,39,2023-10-01,,,98.0,92.0,99.0,,96.0,95.0
SC,2023,33,40,2023-10-08,,,98.0,95.0,99.0,,96.0,95.0
SC,2024,6,13,2024-03-31,,,3.0,0.0,0.0,,16.0,0.0
SC,2024,7,14,2024-04-07,,,10.0,0.0,0.0,,29.0,0.0
SC,2024,8,15,2024-04-14,,,32.0,0.0,0.0,,52.0,0.0
SC,2024,9,16,2024-04-21,,,52.0,0.0,0.0,,76.0,0.0
SC,2024,10,17,2024-04-28,,,75.0,0.0,0.0,,87.0,0.0
SC,2024,11,18,2024-05-05,,,85.0,0.0,0.0,,91.0,0.0
SC,2024,12,19,2024-05-12,,,90.0,0.0,0.0,,96.0,0.0
SC,2024,13,20,2024-05-19,,,95.0,0.0,0.0,,99.0,0.0
SC,2024,14,21,2024-05-26,,,100.0,0.0,0.0,,100.0,2.0
SC,2024,15,22,2024-06-02,,,100.0,0.0,0.0,,100.0,14.0
SC,2024,16,23,2024-06-09,,,100.0,0.0,0.0,,100.0,37.0
SC,2024,17,24,2024-06-16,,,100.0,0.0,0.0,,100.0,60.0
SC,2024,18,25,2024-06-23,,,100.0,0.0,0.0,,100.0,85.0
SC,2024,19,26,2024-06-30,,,100.0,0.0,2.0,,100.0,93.0
SC,2024,20,27,2024-07-07,,,100.0,0.0,22.0,,100.0,96.0
SC,2024,21,28,2024-07-14,,,100.0,0.0,40.0,,100.0,96.0
SC,2024,22,29,2024-07-21,,,100.0,0.0,50.0,,100.0,96.0
SC,2024,23,30,2024-07-28,,,100.0,2.0,62.0,,100.0,96.0
SC,2024,24,31,2024-08-04,,,100.0,8.0,72.0,,100.0,96.0
SC,2024,25,32,2024-08-11,,,100.0,12.0,80.0,,100.0,96.0
SC,2024,26,33,2024-08-18,,,100.0,17.0,88.0,,100.0,96.0
SC,2024,27,34,2024-08-25,,,100.0,34.0,96.0,,100.0,96.0
SC,2024,28,35,2024-09-01,,,100.0,57.0,96.0,,100.0,96.0
SC,2024,29,36,2024-09-08,,,100.0,72.0,96.0,,100.0,96.0
SC,2024,30,37,2024-09-15,,,100.0,80.0,96.0,,100.0,96.0
SC,2024,31,38,2024-09-22,,,100.0,90.0,96.0,,100.0,96.0
SC,2024,32,39,2024-09-29,,,100.0,94.0,96.0,,100.0,96.0
SC,2024,33,40,2024-10-06,,,100.0,97.0,96.0,,100.0,96.0
SC,2025,7,14,2025-04-06,,,12.0,0.0,0.0,,24.0,0.0
SC,2025,8,15,2025-04-13,,,23.0,0.0,0.0,,48.0,0.0
SC,2025,9,16,2025-04-20,,,47.0,0.0,0.0,,70.0,0.0
SC,2025,10,17,2025-04-27,,,66.0,0.0,0.0,,87.0,0.0
SC,2025,11,18,2025-05-04,,,81.0,0.0,0.0,,95.0,0.0
SC,2025,12,19,2025-05-11,,,92.0,0.0,0.0,,95.0,0.0
SC,2025,13,20,2025-05-18,,,95.0,0.0,0.0,,100.0,0.0
SC,2025,14,21,2025-05-25,,,95.0,0.0,0.0,,100.0,3.0
SC,2025,15,22,2025-06-01,,,95.0,0.0,0.0,,100.0,12.0
SC,2025,16,23,2025-06-08,,,95.0,0.0,0.0,,100.0,41.0
SC,2025,17,24,2025-06-15,,,95.0,0.0,0.0,,100.0,65.0
SC,2025,18,25,2025-06-22,,,95.0,0.0,0.0,,100.0,86.0
SC,2025,19,26,2025-06-29,,,95.0,0.0,2.0,,100.0,93.0
SC,2025,20,27,2025-07-06,,,95.0,0.0,16.0,,100.0,96.0
SC,2025,21,28,2025-07-13,,,95.0,0.0,37.0,,100.0,96.0
SC,2025,22,29,2025-07-20,,,95.0,0.0,42.0,,100.0,96.0
SC,2025,23,30,2025-07-27,,,95.0,1.0,54.0,,100.0,96.0
SC,2025,24,31,2025-08-03,,,95.0,5.0,63.0,,100.0,96.0
SC,2025,25,32,2025-08-10,,,95.0,10.0,70.0,,100.0,96.0
SC,2025,26,33,2025-08-17,,,95.0,15.0,79.0,,100.0,96.0
SC,2025,27,34,2025-08-24,,,95.0,33.0,88.0,,100.0,96.0
SC,2025,28,35,2025-08-31,,,95.0,44.0,95.0,,100.0,96.0
SC,2025,29,36,2025-09-07,,,95.0,62.0,95.0,,100.0,96.0
SC,2025,30,37,2025-09-14,,,95.0,74.0,95.0,,100.0,96.0
SC,2025,31,38,2025-09-21,,,95.0,85.0,95.0,,100.0,96.0
SC,2025,32,39,2025-09-28,,,95.0,94.0,95.0,,100.0,96.0
SD,2016,7,14,2016-04-10,0.0,0.0,0.0,0.0,0.0,,0.0,0.0
SD,2016,8,15,2016-04-17,0.0,0.0,0.0,0.0,0.0,,1.0,0.0
SD,2016,9,16,2016-04-24,0.0,0.0,0.0,0.0,0.0,,6.0,0.0
SD,2016,10,17,2016-05-01,0.0,0.0,0.0,0.0,0.0,,12.0,0.0
SD,2016,11,18,2016-05-08,0.0,0.0,4.0,0.0,0.0,,39.0,0.0
SD,2016,12,19,2016-05-15,0.0,0.0,17.0,0.0,0.0,,62.0,0.0
SD,2016,13,20,2016-05-22,0.0,0.0,42.0,0.0,0.0,,84.0,0.0
SD,2016,14,21,2016-05-29,0.0,0.0,67.0,0.0,0.0,,92.0,0.0
SD,2016,15,22,2016-06-05,0.0,0.0,85.0,0.0,0.0,,96.0,0.0
SD,2016,16,23,2016-06-12,0.0,0.0,94.0,0.0,0.0,,96.0,0.0
SD,2016,17,24,2016-06-19,0.0,0.0,98.0,0.0,0.0,,96.0,0.0
SD,2016,18,25,2016-06-26,0.0,0.0,98.0,0.0,0.0,,96.0,0.0
SD,2016,19,26,2016-07-03,0.0,0.0,98.0,0.0,0.0,,96.0,2.0
SD,2016,20,27,2016-07-10,0.0,0.0,98.0,0.0,0.0,,96.0,19.0
SD,2016,21,28,2016-07-17,0.0,0.0,98.0,0.0,0.0,,96.0,37.0
SD,2016,22,29,2016-07-24,0.0,5.0,98.0,0.0,0.0,,96.0,67.0
SD,2016,23,30,2016-07-31,0.0,20.0,98.0,0.0,0.0,,96.0,83.0
SD,2016,24,31,2016-08-07,3.0,47.0,98.0,0.0,0.0,,96.0,94.0
SD,2016,25,32,2016-08-14,8.0,69.0,98.0,0.0,0.0,,96.0,96.0
SD,2016,26,33,2016-08-21,23.0,83.0,98.0,0.0,0.0,,96.0,96.0
SD,2016,27,34,2016-08-28,45.0,91.0,98.0,0.0,5.0,,96.0,96.0
SD,2016,28,35,2016-09-04,65.0,95.0,98.0,0.0,8.0,,96.0,96.0
SD,2016,29,36,2016-09-11,82.0,95.0,98.0,0.0,18.0,,96.0,96.0
SD,2016,30,37,2016-09-18,89.0,95.0,98.0,3.0,41.0,,96.0,96.0
SD,2016,31,38,2016-09-25,96.0,95.0,98.0,6.0,64.0,,96.0,96.0
SD,2016,32,39,2016-10-02,96.0,95.0,98.0,12.0,80.0,,96.0,96.0
SD,2016,33,40,2016-10-09,96.0,95.0,98.0,20.0,93.0,,96.0,96.0
SD,2016,34,41,2016-10-16,96.0,95.0,98.0,31.0,98.0,,96.0,96.0
SD,2016,35,42,2016-10-23,96.0,95.0,98.0,47.0,98.0,,96.0,96.0
SD,2016,36,43,2016-10-30,96.0,95.0,98.0,62.0,98.0,,96.0,96.0
SD,2016,37,44,2016-11-06,96.0,95.0,98.0,81.0,98.0,,96.0,96.0
SD,2016,38,45,2016-11-13,96.0,95.0,98.0,92.0,98.0,,96.0,96.0
SD,2016,39,46,2016-11-20,96.0,95.0,98.0,97.0,98.0,,96.0,96.0
SD,2017,7,14,2017-04-09,0.0,0.0,0.0,0.0,0.0,,0.0,0.0
SD,2017,8,15,2017-04-16,0.0,0.0,0.0,0.0,0.0,,0.0,0.0
SD,2017,9,16,2017-04-23,0.0,0.0,0.0,0.0,0.0,,3.0,0.0
SD,2017,10,17,2017-04-30,0.0,0.0,0.0,0.0,0.0,,7.0,0.0
SD,2017,11,18,2017-05-07,0.0,0.0,1.0,0.0,0.0,,32.0,0.0
SD,2017,12,19,2017-05-14,0.0,0.0,15.0,0.0,0.0,,77.0,0.0
SD,2017,13,20,2017-05-21,0.0,0.0,47.0,0.0,0.0,,88.0,0.0
SD,2017,14,21,2017-05-28,0.0,0.0,74.0,0.0,0.0,,95.0,0.0
SD,2017,15,22,2017-06-04,0.0,0.0,90.0,0.0,0.0,,99.0,0.0
SD,2017,16,23,2017-06-11,0.0,0.0,98.0,0.0,0.0,,99.0,0.0
SD,2017,17,24,2017-06-18,0.0,0.0,100.0,0.0,0.0,,99.0,0.0
SD,2017,18,25,2017-06-25,0.0,0.0,100.0,0.0,0.0,,99.0,0.0
SD,2017,19,26,2017-07-02,0.0,0.0,100.0,0.0,0.0,,99.0,0.0
SD,2017,20,27,2017-07-09,0.0,0.0,100.0,0.0,0.0,,99.0,2.0
SD,2017,21,28,2017-07-16,0.0,0.0,100.0,0.0,0.0,,99.0,11.0
SD,2017,22,29,2017-07-23,0.0,1.0,100.0,0.0,0.0,,99.0,46.0
SD,2017,23,30,2017-07-30,0.0,10.0,100.0,0.0,0.0,,99.0,80.0
SD,2017,24,31,2017-08-06,1.0,32.0,100.0,0.0,0.0,,99.0,92.0
SD,2017,25,32,2017-08-13,4.0,45.0,100.0,0.0,0.0,,99.0,96.0
SD,2017,26,33,2017-08-20,13.0,65.0,100.0,0.0,0.0,,99.0,96.0
SD,2017,27,34,2017-08-27,23.0,79.0,100.0,0.0,0.0,,99.0,96.0
SD,2017,28,35,2017-09-03,43.0,90.0,100.0,0.0,1.0,,99.0,96.0
SD,2017,29,36,2017-09-10,60.0,97.0,100.0,0.0,4.0,,99.0,96.0
SD,2017,30,37,2017-09-17,77.0,97.0,100.0,0.0,14.0,,99.0,96.0
SD,2017,31,38,2017-09-24,89.0,97.0,100.0,1.0,32.0,,99.0,96.0
SD,2017,32,39,2017-10-01,95.0,97.0,100.0,3.0,52.0,,99.0,96.0
SD,2017,33,40,2017-10-08,95.0,97.0,100.0,6.0,72.0,,99.0,96.0
SD,2017,34,41,2017-10-15,95.0,97.0,100.0,12.0,88.0,,99.0,96.0
SD,2017,35,42,2017-10-22,95.0,97.0,100.0,19.0,95.0,,99.0,96.0
SD,2017,36,43,2017-10-29,95.0,97.0,100.0,35.0,95.0,,99.0,96.0
SD,2017,37,44,2017-11-05,95.0,97.0,100.0,61.0,95.0,,99.0,96.0
SD,2017,38,45,2017-11-12,95.0,97.0,100.0,82.0,95.0,,99.0,96.0
SD,2017,39,46,2017-11-19,95.0,97.0,100.0,92.0,95.0,,99.0,96.0
SD,2017,40,47,2017-11-26,95.0,97.0,100.0,97.0,95.0,,99.0,96.0
SD,2018,7,14,2018-04-08,0.0,0.0,0.0,0.0,0.0,,0.0,0.0
SD,2018,8,15,2018-04-15,0.0,0.0,0.0,0.0,0.0,,0.0,0.0
SD,2018,9,16,2018-04-22,0.0,0.0,0.0,0.0,0.0,,0.0,0.0
SD,2018,10,17,2018-04-29,0.0,0.0,0.0,0.0,0.0,,0.0,0.0
SD,2018,11,18,2018-05-06,0.0,0.0,0.0,0.0,0.0,,6.0,0.0
SD,2018,12,19,2018-05-13,0.0,0.0,1.0,0.0,0.0,,21.0,0.0
SD,2018,13,20,2018-05-20,0.0,0.0,15.0,0.0,0.0,,66.0,0.0
SD,2018,14,21,2018-05-27,0.0,0.0,50.0,0.0,0.0,,91.0,0.0
SD,2018,15,22,2018-06-03,0.0,0.0,80.0,0.0,0.0,,97.0,0.0
SD,2018,16,23,2018-06-10,0.0,0.0,95.0,0.0,0.0,,97.0,0.0
SD,2018,17,24,2018-06-17,0.0,0.0,98.0,0.0,0.0,,97.0,0.0
SD,2018,18,25,2018-06-24,0.0,0.0,98.0,0.0,0.0,,97.0,0.0
SD,2018,19,26,2018-07-01,0.0,0.0,98.0,0.0,0.0,,97.0,0.0
SD,2018,20,27,2018-07-08,0.0,0.0,98.0,0.0,0.0,,97.0,10.0
SD,2018,21,28,2018-07-15,0.0,1.0,98.0,0.0,0.0,,97.0,48.0
SD,2018,22,29,2018-07-22,0.0,10.0,98.0,0.0,0.0,,97.0,76.0
SD,2018,23,30,2018-07-29,2.0,34.0,98.0,0.0,0.0,,97.0,92.0
SD,2018,24,31,2018-08-05,4.0,53.0,98.0,0.0,0.0,,97.0,96.0
SD,2018,25,32,2018-08-12,11.0,72.0,98.0,0.0,0.0,,97.0,96.0
SD,2018,26,33,2018-08-19,38.0,88.0,98.0,0.0,0.0,,97.0,96.0
SD,2018,27,34,2018-08-26,56.0,94.0,98.0,0.0,3.0,,97.0,96.0
SD,2018,28,35,2018-09-02,73.0,98.0,98.0,0.0,14.0,,97.0,96.0
SD,2018,29,36,2018-09-09,90.0,98.0,98.0,0.0,29.0,,97.0,96.0
SD,2018,30,37,2018-09-16,95.0,98.0,98.0,2.0,44.0,,97.0,96.0
SD,2018,31,38,2018-09-23,98.0,98.0,98.0,5.0,67.0,,97.0,96.0
SD,2018,32,39,2018-09-30,100.0,98.0,98.0,11.0,81.0,,97.0,96.0
SD,2018,33,40,2018-10-07,100.0,98.0,98.0,16.0,89.0,,97.0,96.0
SD,2018,34,41,2018-10-14,100.0,98.0,98.0,17.0,93.0,,97.0,96.0
SD,2018,35,42,2018-10-21,100.0,98.0,98.0,25.0,97.0,,97.0,96.0
SD,2018,36,43,2018-10-28,100.0,98.0,98.0,41.0,100.0,,97.0,96.0
SD,2018,37,44,2018-11-04,100.0,98.0,98.0,59.0,100.0,,97.0,96.0
SD,2018,38,45,2018-11-11,100.0,98.0,98.0,71.0,100.0,,97.0,96.0
SD,2018,39,46,2018-11-18,100.0,98.0,98.0,82.0,100.0,,97.0,96.0
SD,2018,40,47,2018-11-25,100.0,98.0,98.0,90.0,100.0,,97.0,96.0
SD,2019,7,14,2019-04-07,0.0,0.0,0.0,0.0,0.0,,0.0,0.0
SD,2019,8,15,2019-04-14,0.0,0.0,0.0,0.0,0.0,,0.0,0.0
SD,2019,9,16,2019-04-21,0.0,0.0,0.0,0.0,0.0,,0.0,0.0
SD,2019,10,17,2019-04-28,0.0,0.0,0.0,0.0,0.0,,0.0,0.0
SD,2019,11,18,2019-05-05,0.0,0.0,0.0,0.0,0.0,,0.0,0.0
SD,2019,12,19,2019-05-12,0.0,0.0,0.0,0.0,0.0,,4.0,0.0
SD,2019,13,20,2019-05-19,0.0,0.0,0.0,0.0,0.0,,19.0,0.0
SD,2019,14,21,2019-05-26,0.0,0.0,2.0,0.0,0.0,,25.0,0.0
SD,2019,15,22,2019-06-02,0.0,0.0,13.0,0.0,0.0,,44.0,0.0
SD,2019,16,23,2019-06-09,0.0,0.0,34.0,0.0,0.0,,64.0,0.0
SD,2019,17,24,2019-06-16,0.0,0.0,56.0,0.0,0.0,,78.0,0.0
SD,2019,18,25,2019-06-23,0.0,0.0,79.0,0.0,0.0,,95.0,0.0
SD,2019,19,26,2019-06-30,0.0,0.0,96.0,0.0,0.0,,95.0,0.0
SD,2019,20,27,2019-07-07,0.0,0.0,100.0,0.0,0.0,,95.0,0.0
SD,2019,21,28,2019-07-14,0.0,0.0,100.0,0.0,0.0,,95.0,0.0
SD,2019,22,29,2019-07-21,0.0,0.0,100.0,0.0,0.0,,95.0,9.0
SD,2019,23,30,2019-07-28,0.0,2.0,100.0,0.0,0.0,,95.0,27.0
SD,2019,24,31,2019-08-04,0.0,7.0,100.0,0.0,0.0,,95.0,64.0
SD,2019,25,32,2019-08-11,1.0,25.0,100.0,0.0,0.0,,95.0,85.0
SD,2019,26,33,2019-08-18,2.0,39.0,100.0,0.0,0.0,,95.0,94.0
SD,2019,27,34,2019-08-25,7.0,56.0,100.0,0.0,0.0,,95.0,97.0
SD,2019,28,35,2019-09-01,18.0,76.0,100.0,0.0,0.0,,95.0,97.0
SD,2019,29,36,2019-09-08,35.0,85.0,100.0,0.0,2.0,,95.0,97.0
SD,2019,30,37,2019-09-15,50.0,93.0,100.0,0.0,6.0,,95.0,97.0
SD,2019,31,38,2019-09-22,71.0,97.0,100.0,0.0,12.0,,95.0,97.0
SD,2019,32,39,2019-09-29,84.0,97.0,100.0,0.0,29.0,,95.0,97.0
SD,2019,33,40,2019-10-06,91.0,97.0,100.0,2.0,36.0,,95.0,97.0
SD,2019,34,41,2019-10-13,95.0,97.0,100.0,5.0,53.0,,95.0,97.0
SD,2019,35,42,2019-10-20,95.0,97.0,100.0,9.0,74.0,,95.0,97.0
SD,2019,36,43,2019-10-27,95.0,97.0,100.0,14.0,88.0,,95.0,97.0
SD,2019,37,44,2019-11-03,95.0,97.0,100.0,27.0,95.0,,95.0,97.0
SD,2019,38,45,2019-11-10,95.0,97.0,100.0,39.0,95.0,,95.0,97.0
SD,2019,39,46,2019-11-17,95.0,97.0,100.0,53.0,95.0,,95.0,97.0
SD,2019,40,47,2019-11-24,95.0,97.0,100.0,68.0,95.0,,95.0,97.0
SD,2019,41,48,2019-12-01,95.0,97.0,100.0,80.0,95.0,,95.0,97.0
SD,2020,8,15,2020-04-12,0.0,0.0,0.0,0.0,0.0,,0.0,0.0
SD,2020,9,16,2020-04-19,0.0,0.0,0.0,0.0,0.0,,0.0,0.0
SD,2020,10,17,2020-04-26,0.0,0.0,0.0,0.0,0.0,,8.0,0.0
SD,2020,11,18,2020-05-03,0.0,0.0,0.0,0.0,0.0,,38.0,0.0
SD,2020,12,19,2020-05-10,0.0,0.0,7.0,0.0,0.0,,51.0,0.0
SD,2020,13,20,2020-05-17,0.0,0.0,20.0,0.0,0.0,,67.0,0.0
SD,2020,14,21,2020-05-24,0.0,0.0,44.0,0.0,0.0,,86.0,0.0
SD,2020,15,22,2020-05-31,0.0,0.0,72.0,0.0,0.0,,95.0,0.0
SD,2020,16,23,2020-06-07,0.0,0.0,90.0,0.0,0.0,,98.0,0.0
SD,2020,17,24,2020-06-14,0.0,0.0,98.0,0.0,0.0,,99.0,0.0
SD,2020,18,25,2020-06-21,0.0,0.0,100.0,0.0,0.0,,99.0,0.0
SD,2020,19,26,2020-06-28,0.0,0.0,100.0,0.0,0.0,,99.0,0.0
SD,2020,20,27,2020-07-05,0.0,0.0,100.0,0.0,0.0,,99.0,0.0
SD,2020,21,28,2020-07-12,0.0,0.0,100.0,0.0,0.0,,99.0,16.0
SD,2020,22,29,2020-07-19,0.0,1.0,100.0,0.0,0.0,,99.0,40.0
SD,2020,23,30,2020-07-26,0.0,14.0,100.0,0.0,0.0,,99.0,80.0
SD,2020,24,31,2020-08-02,0.0,32.0,100.0,0.0,0.0,,99.0,89.0
SD,2020,25,32,2020-08-09,4.0,48.0,100.0,0.0,0.0,,99.0,95.0
SD,2020,26,33,2020-08-16,7.0,75.0,100.0,0.0,0.0,,99.0,95.0
SD,2020,27,34,2020-08-23,30.0,89.0,100.0,0.0,0.0,,99.0,95.0
SD,2020,28,35,2020-08-30,50.0,95.0,100.0,0.0,8.0,,99.0,95.0
SD,2020,29,36,2020-09-06,73.0,96.0,100.0,0.0,23.0,,99.0,95.0
SD,2020,30,37,2020-09-13,88.0,96.0,100.0,1.0,47.0,,99.0,95.0
SD,2020,31,38,2020-09-20,95.0,96.0,100.0,5.0,64.0,,99.0,95.0
SD,2020,32,39,2020-09-27,95.0,96.0,100.0,10.0,80.0,,99.0,95.0
SD,2020,33,40,2020-10-04,95.0,96.0,100.0,20.0,91.0,,99.0,95.0
SD,2020,34,41,2020-10-11,95.0,96.0,100.0,39.0,95.0,,99.0,95.0
SD,2020,35,42,2020-10-18,95.0,96.0,100.0,64.0,98.0,,99.0,95.0
SD,2020,36,43,2020-10-25,95.0,96.0,100.0,79.0,98.0,,99.0,95.0
SD,2020,37,44,2020-11-01,95.0,96.0,100.0,85.0,98.0,,99.0,95.0
SD,2020,38,45,2020-11-08,95.0,96.0,100.0,92.0,98.0,,99.0,95.0
SD,2020,39,46,2020-11-15,95.0,96.0,100.0,95.0,98.0,,99.0,95.0
SD,2021,6,13,2021-04-04,0.0,0.0,0.0,0.0,0.0,,0.0,0.0
SD,2021,7,14,2021-04-11,0.0,0.0,0.0,0.0,0.0,,0.0,0.0
SD,2021,8,15,2021-04-18,0.0,0.0,0.0,0.0,0.0,,1.0,0.0
SD,2021,9,16,2021-04-25,0.0,0.0,0.0,0.0,0.0,,4.0,0.0
SD,2021,10,17,2021-05-02,0.0,0.0,0.0,0.0,0.0,,25.0,0.0
SD,2021,11,18,2021-05-09,0.0,0.0,3.0,0.0,0.0,,66.0,0.0
SD,2021,12,19,2021-05-16,0.0,0.0,19.0,0.0,0.0,,86.0,0.0
SD,2021,13,20,2021-05-23,0.0,0.0,55.0,0.0,0.0,,93.0,0.0
SD,2021,14,21,2021-05-30,0.0,0.0,82.0,0.0,0.0,,98.0,0.0
SD,2021,15,22,2021-06-06,0.0,0.0,93.0,0.0,0.0,,99.0,0.0
SD,2021,16,23,2021-06-13,0.0,0.0,96.0,0.0,0.0,,100.0,0.0
SD,2021,17,24,2021-06-20,0.0,0.0,97.0,0.0,0.0,,100.0,0.0
SD,2021,18,25,2021-06-27,0.0,0.0,100.0,0.0,0.0,,100.0,0.0
SD,2021,19,26,2021-07-04,0.0,0.0,100.0,0.0,0.0,,100.0,2.0
SD,2021,20,27,2021-07-11,0.0,0.0,100.0,0.0,0.0,,100.0,5.0
SD,2021,21,28,2021-07-18,0.0,0.0,100.0,0.0,0.0,,100.0,27.0
SD,2021,22,29,2021-07-25,0.0,11.0,100.0,0.0,0.0,,100.0,68.0
SD,2021,23,30,2021-08-01,0.0,23.0,100.0,0.0,0.0,,100.0,83.0
SD,2021,24,31,2021-08-08,1.0,44.0,100.0,0.0,0.0,,100.0,94.0
SD,2021,25,32,2021-08-15,12.0,69.0,100.0,0.0,0.0,,100.0,97.0
SD,2021,26,33,2021-08-22,29.0,81.0,100.0,0.0,6.0,,100.0,97.0
SD,2021,27,34,2021-08-29,42.0,89.0,100.0,0.0,8.0,,100.0,97.0
SD,2021,28,35,2021-09-05,68.0,97.0,100.0,0.0,18.0,,100.0,97.0
SD,2021,29,36,2021-09-12,86.0,97.0,100.0,1.0,33.0,,100.0,97.0
SD,2021,30,37,2021-09-19,95.0,97.0,100.0,4.0,50.0,,100.0,97.0
SD,2021,31,38,2021-09-26,98.0,97.0,100.0,10.0,70.0,,100.0,97.0
SD,2021,32,39,2021-10-03,98.0,97.0,100.0,18.0,87.0,,100.0,97.0
SD,2021,33,40,2021-10-10,98.0,97.0,100.0,33.0,94.0,,100.0,97.0
SD,2021,34,41,2021-10-17,98.0,97.0,100.0,51.0,96.0,,100.0,97.0
SD,2021,35,42,2021-10-24,98.0,97.0,100.0,64.0,96.0,,100.0,97.0
SD,2021,36,43,2021-10-31,98.0,97.0,100.0,71.0,96.0,,100.0,97.0
SD,2021,37,44,2021-11-07,98.0,97.0,100.0,81.0,96.0,,100.0,97.0
SD,2021,38,45,2021-11-14,98.0,97.0,100.0,89.0,96.0,,100.0,97.0
SD,2021,39,46,2021-11-21,98.0,97.0,100.0,93.0,96.0,,100.0,97.0
SD,2021,40,47,2021-11-28,98.0,97.0,100.0,96.0,96.0,,100.0,97.0
SD,2022,6,13,2022-04-03,0.0,0.0,0.0,0.0,0.0,,0.0,0.0
SD,2022,7,14,2022-04-10,0.0,0.0,0.0,0.0,0.0,,0.0,0.0
SD,2022,8,15,2022-04-17,0.0,0.0,0.0,0.0,0.0,,0.0,0.0
SD,2022,9,16,2022-04-24,0.0,0.0,0.0,0.0,0.0,,1.0,0.0
SD,2022,10,17,2022-05-01,0.0,0.0,0.0,0.0,0.0,,3.0,0.0
SD,2022,11,18,2022-05-08,0.0,0.0,0.0,0.0,0.0,,11.0,0.0
SD,2022,12,19,2022-05-15,0.0,0.0,1.0,0.0,0.0,,31.0,0.0
SD,2022,13,20,2022-05-22,0.0,0.0,11.0,0.0,0.0,,62.0,0.0
SD,2022,14,21,2022-05-29,0.0,0.0,44.0,0.0,0.0,,86.0,0.0
SD,2022,15,22,2022-06-05,0.0,0.0,68.0,0.0,0.0,,93.0,0.0
SD,2022,16,23,2022-06-12,0.0,0.0,85.0,0.0,0.0,,97.0,0.0
SD,2022,17,24,2022-06-19,0.0,0.0,96.0,0.0,0.0,,99.0,0.0
SD,2022,18,25,2022-06-26,0.0,0.0,99.0,0.0,0.0,,100.0,0.0
SD,2022,19,26,2022-07-03,0.0,0.0,99.0,0.0,0.0,,100.0,0.0
SD,2022,20,27,2022-07-10,0.0,0.0,99.0,0.0,0.0,,100.0,0.0
SD,2022,21,28,2022-07-17,0.0,0.0,99.0,0.0,0.0,,100.0,13.0
SD,2022,22,29,2022-07-24,0.0,0.0,99.0,0.0,0.0,,100.0,42.0
SD,2022,23,30,2022-07-31,0.0,12.0,99.0,0.0,0.0,,100.0,76.0
SD,2022,24,31,2022-08-07,1.0,32.0,99.0,0.0,0.0,,100.0,89.0
SD,2022,25,32,2022-08-14,6.0,55.0,99.0,0.0,0.0,,100.0,93.0
SD,2022,26,33,2022-08-21,16.0,71.0,99.0,0.0,0.0,,100.0,96.0
SD,2022,27,34,2022-08-28,36.0,84.0,99.0,0.0,0.0,,100.0,96.0
SD,2022,28,35,2022-09-04,55.0,92.0,99.0,0.0,11.0,,100.0,96.0
SD,2022,29,36,2022-09-11,78.0,96.0,99.0,0.0,18.0,,100.0,96.0
SD,2022,30,37,2022-09-18,89.0,99.0,99.0,2.0,37.0,,100.0,96.0
SD,2022,31,38,2022-09-25,95.0,99.0,99.0,8.0,60.0,,100.0,96.0
SD,2022,32,39,2022-10-02,99.0,99.0,99.0,15.0,77.0,,100.0,96.0
SD,2022,33,40,2022-10-09,99.0,99.0,99.0,28.0,87.0,,100.0,96.0
SD,2022,34,41,2022-10-16,99.0,99.0,99.0,44.0,97.0,,100.0,96.0
SD,2022,35,42,2022-10-23,99.0,99.0,99.0,64.0,99.0,,100.0,96.0
SD,2022,36,43,2022-10-30,99.0,99.0,99.0,82.0,99.0,,100.0,96.0
SD,2022,37,44,2022-11-06,99.0,99.0,99.0,91.0,99.0,,100.0,96.0
SD,2022,38,45,2022-11-13,99.0,99.0,99.0,96.0,99.0,,100.0,96.0
SD,2022,39,46,2022-11-20,99.0,99.0,99.0,99.0,99.0,,100.0,96.0
SD,2022,40,47,2022-11-27,99.0,99.0,99.0,100.0,99.0,,100.0,96.0
SD,2023,6,13,2023-04-02,0.0,0.0,0.0,0.0,0.0,,0.0,0.0
SD,2023,7,14,2023-04-09,0.0,0.0,0.0,0.0,0.0,,0.0,0.0
SD,2023,8,15,2023-04-16,0.0,0.0,0.0,0.0,0.0,,0.0,0.0
SD,2023,9,16,2023-04-23,0.0,0.0,0.0,0.0,0.0,,0.0,0.0
SD,2023,10,17,2023-04-30,0.0,0.0,0.0,0.0,0.0,,1.0,0.0
SD,2023,11,18,2023-05-07,0.0,0.0,0.0,0.0,0.0,,26.0,0.0
SD,2023,12,19,2023-05-14,0.0,0.0,8.0,0.0,0.0,,49.0,0.0
SD,2023,13,20,2023-05-21,0.0,0.0,30.0,0.0,0.0,,76.0,0.0
SD,2023,14,21,2023-05-28,0.0,0.0,63.0,0.0,0.0,,92.0,0.0
SD,2023,15,22,2023-06-04,0.0,0.0,84.0,0.0,0.0,,97.0,0.0
SD,2023,16,23,2023-06-11,0.0,0.0,96.0,0.0,0.0,,97.0,0.0
SD,2023,17,24,2023-06-18,0.0,0.0,99.0,0.0,0.0,,97.0,0.0
SD,2023,18,25,2023-06-25,0.0,0.0,100.0,0.0,0.0,,97.0,0.0
SD,2023,19,26,2023-07-02,0.0,0.0,100.0,0.0,0.0,,97.0,1.0
SD,2023,20,27,2023-07-09,0.0,0.0,100.0,0.0,0.0,,97.0,7.0
SD,2023,21,28,2023-07-16,0.0,0.0,100.0,0.0,0.0,,97.0,35.0
SD,2023,22,29,2023-07-23,0.0,7.0,100.0,0.0,0.0,,97.0,63.0
SD,2023,23,30,2023-07-30,1.0,19.0,100.0,0.0,0.0,,97.0,84.0
SD,2023,24,31,2023-08-06,3.0,38.0,100.0,0.0,0.0,,97.0,93.0
SD,2023,25,32,2023-08-13,6.0,60.0,100.0,0.0,0.0,,97.0,96.0
SD,2023,26,33,2023-08-20,22.0,77.0,100.0,0.0,0.0,,97.0,96.0
SD,2023,27,34,2023-08-27,38.0,85.0,100.0,0.0,1.0,,97.0,96.0
SD,2023,28,35,2023-09-03,62.0,93.0,100.0,0.0,9.0,,97.0,96.0
SD,2023,29,36,2023-09-10,76.0,97.0,100.0,1.0,18.0,,97.0,96.0
SD,2023,30,37,2023-09-17,87.0,97.0,100.0,5.0,33.0,,97.0,96.0
SD,2023,31,38,2023-09-24,95.0,97.0,100.0,9.0,60.0,,97.0,96.0
SD,2023,32,39,2023-10-01,95.0,97.0,100.0,16.0,80.0,,97.0,96.0
SD,2023,33,40,2023-10-08,95.0,97.0,100.0,26.0,92.0,,97.0,96.0
SD,2023,34,41,2023-10-15,95.0,97.0,100.0,37.0,97.0,,97.0,96.0
SD,2023,35,42,2023-10-22,95.0,97.0,100.0,48.0,97.0,,97.0,96.0
SD,2023,36,43,2023-10-29,95.0,97.0,100.0,60.0,97.0,,97.0,96.0
SD,2023,37,44,2023-11-05,95.0,97.0,100.0,76.0,97.0,,97.0,96.0
SD,2023,38,45,2023-11-12,95.0,97.0,100.0,87.0,97.0,,97.0,96.0
SD,2023,39,46,2023-11-19,95.0,97.0,100.0,93.0,97.0,,97.0,96.0
SD,2023,40,47,2023-11-26,95.0,97.0,100.0,96.0,97.0,,97.0,96.0
SD,2024,6,13,2024-03-31,0.0,0.0,0.0,0.0,0.0,,0.0,0.0
SD,2024,7,14,2024-04-07,0.0,0.0,0.0,0.0,0.0,,0.0,0.0
SD,2024,8,15,2024-04-14,0.0,0.0,0.0,0.0,0.0,,1.0,0.0
SD,2024,9,16,2024-04-21,0.0,0.0,0.0,0.0,0.0,,3.0,0.0
SD,2024,10,17,2024-04-28,0.0,0.0,0.0,0.0,0.0,,13.0,0.0
SD,2024,11,18,2024-05-05,0.0,0.0,1.0,0.0,0.0,,18.0,0.0
SD,2024,12,19,2024-05-12,0.0,0.0,3.0,0.0,0.0,,32.0,0.0
SD,2024,13,20,2024-05-19,0.0,0.0,17.0,0.0,0.0,,66.0,0.0
SD,2024,14,21,2024-05-26,0.0,0.0,44.0,0.0,0.0,,84.0,0.0
SD,2024,15,22,2024-06-02,0.0,0.0,68.0,0.0,0.0,,94.0,0.0
SD,2024,16,23,2024-06-09,0.0,0.0,84.0,0.0,0.0,,97.0,0.0
SD,2024,17,24,2024-06-16,0.0,0.0,90.0,0.0,0.0,,99.0,0.0
SD,2024,18,25,2024-06-23,0.0,0.0,98.0,0.0,0.0,,100.0,0.0
SD,2024,19,26,2024-06-30,0.0,0.0,98.0,0.0,0.0,,100.0,0.0
SD,2024,20,27,2024-07-07,0.0,0.0,98.0,0.0,0.0,,100.0,4.0
SD,2024,21,28,2024-07-14,0.0,0.0,98.0,0.0,0.0,,100.0,5.0
SD,2024,22,29,2024-07-21,0.0,2.0,98.0,0.0,0.0,,100.0,23.0
SD,2024,23,30,2024-07-28,0.0,18.0,98.0,0.0,0.0,,100.0,57.0
SD,2024,24,31,2024-08-04,0.0,30.0,98.0,0.0,0.0,,100.0,81.0
SD,2024,25,32,2024-08-11,2.0,53.0,98.0,0.0,0.0,,100.0,93.0
SD,2024,26,33,2024-08-18,9.0,68.0,98.0,0.0,0.0,,100.0,98.0
SD,2024,27,34,2024-08-25,22.0,84.0,98.0,0.0,0.0,,100.0,98.0
SD,2024,28,35,2024-09-01,41.0,92.0,98.0,0.0,3.0,,100.0,98.0
SD,2024,29,36,2024-09-08,63.0,96.0,98.0,0.0,10.0,,100.0,98.0
SD,2024,30,37,2024-09-15,79.0,96.0,98.0,1.0,24.0,,100.0,98.0
SD,2024,31,38,2024-09-22,88.0,96.0,98.0,3.0,39.0,,100.0,98.0
SD,2024,32,39,2024-09-29,96.0,96.0,98.0,7.0,62.0,,100.0,98.0
SD,2024,33,40,2024-10-06,96.0,96.0,98.0,15.0,78.0,,100.0,98.0
SD,2024,34,41,2024-10-13,96.0,96.0,98.0,33.0,90.0,,100.0,98.0
SD,2024,35,42,2024-10-20,96.0,96.0,98.0,56.0,96.0,,100.0,98.0
SD,2024,36,43,2024-10-27,96.0,96.0,98.0,78.0,96.0,,100.0,98.0
SD,2024,37,44,2024-11-03,96.0,96.0,98.0,89.0,96.0,,100.0,98.0
SD,2024,38,45,2024-11-10,96.0,96.0,98.0,94.0,96.0,,100.0,98.0
SD,2024,39,46,2024-11-17,96.0,96.0,98.0,97.0,96.0,,100.0,98.0
SD,2025,7,14,2025-04-06,0.0,0.0,0.0,0.0,0.0,,0.0,0.0
SD,2025,8,15,2025-04-13,0.0,0.0,0.0,0.0,0.0,,0.0,0.0
SD,2025,9,16,2025-04-20,0.0,0.0,0.0,0.0,0.0,,7.0,0.0
SD,2025,10,17,2025-04-27,0.0,0.0,0.0,0.0,0.0,,23.0,0.0
SD,2025,11,18,2025-05-04,0.0,0.0,4.0,0.0,0.0,,39.0,0.0
SD,2025,12,19,2025-05-11,0.0,0.0,21.0,0.0,0.0,,69.0,0.0
SD,2025,13,20,2025-05-18,0.0,0.0,50.0,0.0,0.0,,85.0,0.0
SD,2025,14,21,2025-05-25,0.0,0.0,70.0,0.0,0.0,,92.0,0.0
SD,2025,15,22,2025-06-01,0.0,0.0,82.0,0.0,0.0,,96.0,0.0
SD,2025,16,23,2025-06-08,0.0,0.0,93.0,0.0,0.0,,97.0,0.0
SD,2025,17,24,2025-06-15,0.0,0.0,98.0,0.0,0.0,,100.0,0.0
SD,2025,18,25,2025-06-22,0.0,0.0,100.0,0.0,0.0,,100.0,0.0
SD,2025,19,26,2025-06-29,0.0,0.0,100.0,0.0,0.0,,100.0,1.0
SD,2025,20,27,2025-07-06,0.0,0.0,100.0,0.0,0.0,,100.0,3.0
SD,2025,21,28,2025-07-13,0.0,0.0,100.0,0.0,0.0,,100.0,15.0
SD,2025,22,29,2025-07-20,0.0,3.0,100.0,0.0,0.0,,100.0,35.0
SD,2025,23,30,2025-07-27,0.0,9.0,100.0,0.0,0.0,,100.0,69.0
SD,2025,24,31,2025-08-03,0.0,25.0,100.0,0.0,0.0,,100.0,92.0
SD,2025,25,32,2025-08-10,1.0,48.0,100.0,0.0,0.0,,100.0,97.0
SD,2025,26,33,2025-08-17,15.0,71.0,100.0,0.0,0.0,,100.0,100.0
SD,2025,27,34,2025-08-24,38.0,86.0,100.0,0.0,0.0,,100.0,100.0
SD,2025,28,35,2025-08-31,56.0,93.0,100.0,0.0,3.0,,100.0,100.0
SD,2025,29,36,2025-09-07,73.0,97.0,100.0,0.0,12.0,,100.0,100.0
SD,2025,30,37,2025-09-14,86.0,97.0,100.0,0.0,31.0,,100.0,100.0
SD,2025,31,38,2025-09-21,92.0,97.0,100.0,1.0,46.0,,100.0,100.0
SD,2025,32,39,2025-09-28,96.0,97.0,100.0,5.0,61.0,,100.0,100.0
SD,2025,39,46,2025-11-16,96.0,97.0,100.0,90.0,61.0,,100.0,100.0
SD,2025,40,47,2025-11-23,96.0,97.0,100.0,93.0,61.0,,100.0,100.0
TN,2016,6,13,2016-04-03,0.0,0.0,0.0,0.0,0.0,,6.0,0.0
TN,2016,7,14,2016-04-10,0.0,0.0,0.0,0.0,0.0,,17.0,0.0
TN,2016,8,15,2016-04-17,0.0,0.0,0.0,0.0,0.0,,35.0,0.0
TN,2016,9,16,2016-04-24,0.0,0.0,15.0,0.0,0.0,,65.0,0.0
TN,2016,10,17,2016-05-01,0.0,0.0,45.0,0.0,0.0,,80.0,0.0
TN,2016,11,18,2016-05-08,0.0,0.0,69.0,0.0,0.0,,89.0,0.0
TN,2016,12,19,2016-05-15,0.0,0.0,81.0,0.0,0.0,,94.0,0.0
TN,2016,13,20,2016-05-22,0.0,0.0,89.0,0.0,0.0,,97.0,0.0
TN,2016,14,21,2016-05-29,0.0,0.0,94.0,0.0,0.0,,98.0,0.0
TN,2016,15,22,2016-06-05,0.0,0.0,96.0,0.0,0.0,,99.0,0.0
TN,2016,16,23,2016-06-12,0.0,0.0,99.0,0.0,0.0,,99.0,0.0
TN,2016,17,24,2016-06-19,0.0,0.0,99.0,0.0,0.0,,99.0,0.0
TN,2016,18,25,2016-06-26,0.0,0.0,99.0,0.0,0.0,,99.0,24.0
TN,2016,19,26,2016-07-03,0.0,0.0,99.0,0.0,0.0,,99.0,55.0
TN,2016,20,27,2016-07-10,0.0,11.0,99.0,0.0,0.0,,99.0,81.0
TN,2016,21,28,2016-07-17,0.0,35.0,99.0,0.0,0.0,,99.0,91.0
TN,2016,22,29,2016-07-24,17.0,60.0,99.0,0.0,0.0,,99.0,94.0
TN,2016,23,30,2016-07-31,34.0,79.0,99.0,0.0,0.0,,99.0,97.0
TN,2016,24,31,2016-08-07,50.0,88.0,99.0,0.0,0.0,,99.0,98.0
TN,2016,25,32,2016-08-14,65.0,94.0,99.0,0.0,0.0,,99.0,98.0
TN,2016,26,33,2016-08-21,81.0,97.0,99.0,0.0,16.0,,99.0,98.0
TN,2016,27,34,2016-08-28,90.0,99.0,99.0,2.0,43.0,,99.0,98.0
TN,2016,28,35,2016-09-04,96.0,100.0,99.0,14.0,72.0,,99.0,98.0
TN,2016,29,36,2016-09-11,98.0,100.0,99.0,38.0,85.0,,99.0,98.0
TN,2016,30,37,2016-09-18,99.0,100.0,99.0,61.0,93.0,,99.0,98.0
TN,2016,31,38,2016-09-25,100.0,100.0,99.0,79.0,98.0,,99.0,98.0
TN,2016,32,39,2016-10-02,100.0,100.0,99.0,89.0,99.0,,99.0,98.0
TN,2016,33,40,2016-10-09,100.0,100.0,99.0,94.0,99.0,,99.0,98.0
TN,2016,34,41,2016-10-16,100.0,100.0,99.0,97.0,100.0,,99.0,98.0
TN,2016,35,42,2016-10-23,100.0,100.0,99.0,98.0,100.0,,99.0,98.0
TN,2016,36,43,2016-10-30,100.0,100.0,99.0,99.0,100.0,,99.0,98.0
TN,2016,37,44,2016-11-06,100.0,100.0,99.0,100.0,100.0,,99.0,98.0
TN,2016,38,45,2016-11-13,100.0,100.0,99.0,100.0,100.0,,99.0,98.0
TN,2016,39,46,2016-11-20,100.0,100.0,99.0,100.0,100.0,,99.0,98.0
TN,2017,6,13,2017-04-02,0.0,0.0,0.0,0.0,0.0,,1.0,0.0
TN,2017,7,14,2017-04-09,0.0,0.0,0.0,0.0,0.0,,7.0,0.0
TN,2017,8,15,2017-04-16,0.0,0.0,0.0,0.0,0.0,,24.0,0.0
TN,2017,9,16,2017-04-23,0.0,0.0,21.0,0.0,0.0,,45.0,0.0
TN,2017,10,17,2017-04-30,0.0,0.0,40.0,0.0,0.0,,66.0,0.0
TN,2017,11,18,2017-05-07,0.0,0.0,61.0,0.0,0.0,,77.0,0.0
TN,2017,12,19,2017-05-14,0.0,0.0,74.0,0.0,0.0,,89.0,0.0
TN,2017,13,20,2017-05-21,0.0,0.0,83.0,0.0,0.0,,95.0,0.0
TN,2017,14,21,2017-05-28,0.0,0.0,90.0,0.0,0.0,,97.0,0.0
TN,2017,15,22,2017-06-04,0.0,0.0,95.0,0.0,0.0,,98.0,0.0
TN,2017,16,23,2017-06-11,0.0,0.0,97.0,0.0,0.0,,99.0,1.0
TN,2017,17,24,2017-06-18,0.0,0.0,98.0,0.0,0.0,,100.0,12.0
TN,2017,18,25,2017-06-25,0.0,0.0,99.0,0.0,0.0,,100.0,38.0
TN,2017,19,26,2017-07-02,0.0,0.0,99.0,0.0,0.0,,100.0,61.0
TN,2017,20,27,2017-07-09,0.0,13.0,99.0,0.0,0.0,,100.0,81.0
TN,2017,21,28,2017-07-16,0.0,31.0,99.0,0.0,0.0,,100.0,90.0
TN,2017,22,29,2017-07-23,0.0,56.0,99.0,0.0,0.0,,100.0,96.0
TN,2017,23,30,2017-07-30,0.0,68.0,99.0,0.0,0.0,,100.0,98.0
TN,2017,24,31,2017-08-06,30.0,83.0,99.0,0.0,0.0,,100.0,99.0
TN,2017,25,32,2017-08-13,52.0,90.0,99.0,0.0,0.0,,100.0,100.0
TN,2017,26,33,2017-08-20,72.0,96.0,99.0,0.0,20.0,,100.0,100.0
TN,2017,27,34,2017-08-27,85.0,97.0,99.0,4.0,38.0,,100.0,100.0
TN,2017,28,35,2017-09-03,92.0,98.0,99.0,8.0,60.0,,100.0,100.0
TN,2017,29,36,2017-09-10,95.0,99.0,99.0,26.0,79.0,,100.0,100.0
TN,2017,30,37,2017-09-17,97.0,99.0,99.0,46.0,88.0,,100.0,100.0
TN,2017,31,38,2017-09-24,99.0,99.0,99.0,59.0,95.0,,100.0,100.0
TN,2017,32,39,2017-10-01,100.0,99.0,99.0,74.0,96.0,,100.0,100.0
TN,2017,33,40,2017-10-08,100.0,99.0,99.0,85.0,97.0,,100.0,100.0
TN,2017,34,41,2017-10-15,100.0,99.0,99.0,91.0,99.0,,100.0,100.0
TN,2017,35,42,2017-10-22,100.0,99.0,99.0,95.0,100.0,,100.0,100.0
TN,2017,36,43,2017-10-29,100.0,99.0,99.0,97.0,100.0,,100.0,100.0
TN,2017,37,44,2017-11-05,100.0,99.0,99.0,98.0,100.0,,100.0,100.0
TN,2017,38,45,2017-11-12,100.0,99.0,99.0,99.0,100.0,,100.0,100.0
TN,2017,39,46,2017-11-19,100.0,99.0,99.0,100.0,100.0,,100.0,100.0
TN,2017,40,47,2017-11-26,100.0,99.0,99.0,100.0,100.0,,100.0,100.0
TN,2018,6,13,2018-04-01,0.0,0.0,0.0,0.0,0.0,,1.0,0.0
TN,2018,7,14,2018-04-08,0.0,0.0,0.0,0.0,0.0,,2.0,0.0
TN,2018,8,15,2018-04-15,0.0,0.0,0.0,0.0,0.0,,11.0,0.0
TN,2018,9,16,2018-04-22,0.0,0.0,1.0,0.0,0.0,,30.0,0.0
TN,2018,10,17,2018-04-29,0.0,0.0,8.0,0.0,0.0,,36.0,0.0
TN,2018,11,18,2018-05-06,0.0,0.0,22.0,0.0,0.0,,65.0,0.0
TN,2018,12,19,2018-05-13,0.0,0.0,61.0,0.0,0.0,,86.0,0.0
TN,2018,13,20,2018-05-20,0.0,0.0,79.0,0.0,0.0,,94.0,0.0
TN,2018,14,21,2018-05-27,0.0,0.0,89.0,0.0,0.0,,97.0,0.0
TN,2018,15,22,2018-06-03,0.0,0.0,95.0,0.0,0.0,,98.0,0.0
TN,2018,16,23,2018-06-10,0.0,0.0,97.0,0.0,0.0,,100.0,1.0
TN,2018,17,24,2018-06-17,0.0,0.0,99.0,0.0,0.0,,100.0,8.0
TN,2018,18,25,2018-06-24,0.0,0.0,99.0,0.0,0.0,,100.0,33.0
TN,2018,19,26,2018-07-01,0.0,3.0,99.0,0.0,0.0,,100.0,60.0
TN,2018,20,27,2018-07-08,0.0,25.0,99.0,0.0,0.0,,100.0,83.0
TN,2018,21,28,2018-07-15,0.0,41.0,99.0,0.0,0.0,,100.0,91.0
TN,2018,22,29,2018-07-22,0.0,64.0,99.0,0.0,0.0,,100.0,95.0
TN,2018,23,30,2018-07-29,0.0,78.0,99.0,0.0,0.0,,100.0,96.0
TN,2018,24,31,2018-08-05,24.0,88.0,99.0,0.0,0.0,,100.0,98.0
TN,2018,25,32,2018-08-12,56.0,94.0,99.0,0.0,0.0,,100.0,100.0
TN,2018,26,33,2018-08-19,71.0,98.0,99.0,0.0,6.0,,100.0,100.0
TN,2018,27,34,2018-08-26,85.0,99.0,99.0,1.0,27.0,,100.0,100.0
TN,2018,28,35,2018-09-02,93.0,100.0,99.0,9.0,47.0,,100.0,100.0
TN,2018,29,36,2018-09-09,97.0,100.0,99.0,23.0,73.0,,100.0,100.0
TN,2018,30,37,2018-09-16,99.0,100.0,99.0,40.0,84.0,,100.0,100.0
TN,2018,31,38,2018-09-23,100.0,100.0,99.0,60.0,93.0,,100.0,100.0
TN,2018,32,39,2018-09-30,100.0,100.0,99.0,64.0,97.0,,100.0,100.0
TN,2018,33,40,2018-10-07,100.0,100.0,99.0,79.0,98.0,,100.0,100.0
TN,2018,34,41,2018-10-14,100.0,100.0,99.0,88.0,99.0,,100.0,100.0
TN,2018,35,42,2018-10-21,100.0,100.0,99.0,92.0,99.0,,100.0,100.0
TN,2018,36,43,2018-10-28,100.0,100.0,99.0,95.0,99.0,,100.0,100.0
TN,2018,37,44,2018-11-04,100.0,100.0,99.0,96.0,99.0,,100.0,100.0
TN,2018,38,45,2018-11-11,100.0,100.0,99.0,98.0,99.0,,100.0,100.0
TN,2018,39,46,2018-11-18,100.0,100.0,99.0,100.0,99.0,,100.0,100.0
TN,2018,40,47,2018-11-25,100.0,100.0,99.0,100.0,99.0,,100.0,100.0
TN,2019,6,13,2019-03-31,0.0,0.0,0.0,0.0,0.0,,1.0,0.0
TN,2019,7,14,2019-04-07,0.0,0.0,0.0,0.0,0.0,,8.0,0.0
TN,2019,8,15,2019-04-14,0.0,0.0,2.0,0.0,0.0,,16.0,0.0
TN,2019,9,16,2019-04-21,0.0,0.0,9.0,0.0,0.0,,24.0,0.0
TN,2019,10,17,2019-04-28,0.0,0.0,19.0,0.0,0.0,,41.0,0.0
TN,2019,11,18,2019-05-05,0.0,0.0,36.0,0.0,0.0,,65.0,0.0
TN,2019,12,19,2019-05-12,0.0,0.0,57.0,0.0,0.0,,79.0,0.0
TN,2019,13,20,2019-05-19,0.0,0.0,72.0,0.0,0.0,,85.0,0.0
TN,2019,14,21,2019-05-26,0.0,0.0,81.0,0.0,0.0,,93.0,0.0
TN,2019,15,22,2019-06-02,0.0,0.0,88.0,0.0,0.0,,95.0,1.0
TN,2019,16,23,2019-06-09,0.0,0.0,93.0,0.0,0.0,,99.0,2.0
TN,2019,17,24,2019-06-16,0.0,0.0,99.0,0.0,0.0,,100.0,7.0
TN,2019,18,25,2019-06-23,0.0,0.0,100.0,0.0,0.0,,100.0,29.0
TN,2019,19,26,2019-06-30,0.0,5.0,100.0,0.0,0.0,,100.0,52.0
TN,2019,20,27,2019-07-07,0.0,17.0,100.0,0.0,0.0,,100.0,66.0
TN,2019,21,28,2019-07-14,0.0,33.0,100.0,0.0,0.0,,100.0,80.0
TN,2019,22,29,2019-07-21,0.0,45.0,100.0,0.0,0.0,,100.0,88.0
TN,2019,23,30,2019-07-28,0.0,66.0,100.0,0.0,0.0,,100.0,94.0
TN,2019,24,31,2019-08-04,22.0,79.0,100.0,0.0,0.0,,100.0,97.0
TN,2019,25,32,2019-08-11,45.0,89.0,100.0,0.0,0.0,,100.0,98.0
TN,2019,26,33,2019-08-18,62.0,93.0,100.0,0.0,4.0,,100.0,100.0
TN,2019,27,34,2019-08-25,79.0,96.0,100.0,1.0,21.0,,100.0,100.0
TN,2019,28,35,2019-09-01,87.0,98.0,100.0,5.0,42.0,,100.0,100.0
TN,2019,29,36,2019-09-08,94.0,100.0,100.0,16.0,63.0,,100.0,100.0
TN,2019,30,37,2019-09-15,97.0,100.0,100.0,38.0,84.0,,100.0,100.0
TN,2019,31,38,2019-09-22,98.0,100.0,100.0,58.0,95.0,,100.0,100.0
TN,2019,32,39,2019-09-29,100.0,100.0,100.0,74.0,98.0,,100.0,100.0
TN,2019,33,40,2019-10-06,100.0,100.0,100.0,88.0,100.0,,100.0,100.0
TN,2019,34,41,2019-10-13,100.0,100.0,100.0,92.0,100.0,,100.0,100.0
TN,2019,35,42,2019-10-20,100.0,100.0,100.0,96.0,100.0,,100.0,100.0
TN,2019,36,43,2019-10-27,100.0,100.0,100.0,98.0,100.0,,100.0,100.0
TN,2019,37,44,2019-11-03,100.0,100.0,100.0,99.0,100.0,,100.0,100.0
TN,2019,38,45,2019-11-10,100.0,100.0,100.0,100.0,100.0,,100.0,100.0
TN,2019,39,46,2019-11-17,100.0,100.0,100.0,100.0,100.0,,100.0,100.0
TN,2019,40,47,2019-11-24,100.0,100.0,100.0,100.0,100.0,,100.0,100.0
TN,2019,41,48,2019-12-01,100.0,100.0,100.0,100.0,100.0,,100.0,100.0
TN,2020,7,14,2020-04-05,0.0,0.0,0.0,0.0,0.0,,1.0,0.0
TN,2020,8,15,2020-04-12,0.0,0.0,0.0,0.0,0.0,,12.0,0.0
TN,2020,9,16,2020-04-19,0.0,0.0,3.0,0.0,0.0,,23.0,0.0
TN,2020,10,17,2020-04-26,0.0,0.0,13.0,0.0,0.0,,35.0,0.0
TN,2020,11,18,2020-05-03,0.0,0.0,26.0,0.0,0.0,,54.0,0.0
TN,2020,12,19,2020-05-10,0.0,0.0,44.0,0.0,0.0,,67.0,0.0
TN,2020,13,20,2020-05-17,0.0,0.0,60.0,0.0,0.0,,79.0,0.0
TN,2020,14,21,2020-05-24,0.0,0.0,71.0,0.0,0.0,,86.0,0.0
TN,2020,15,22,2020-05-31,0.0,0.0,78.0,0.0,0.0,,90.0,0.0
TN,2020,16,23,2020-06-07,0.0,0.0,86.0,0.0,0.0,,96.0,0.0
TN,2020,17,24,2020-06-14,0.0,0.0,96.0,0.0,0.0,,96.0,2.0
TN,2020,18,25,2020-06-21,0.0,0.0,96.0,0.0,0.0,,96.0,5.0
TN,2020,19,26,2020-06-28,0.0,0.0,96.0,0.0,0.0,,96.0,17.0
TN,2020,20,27,2020-07-05,0.0,6.0,96.0,0.0,0.0,,96.0,43.0
TN,2020,21,28,2020-07-12,0.0,19.0,96.0,0.0,0.0,,96.0,64.0
TN,2020,22,29,2020-07-19,0.0,35.0,96.0,0.0,0.0,,96.0,81.0
TN,2020,23,30,2020-07-26,0.0,43.0,96.0,0.0,0.0,,96.0,87.0
TN,2020,24,31,2020-08-02,0.0,59.0,96.0,0.0,0.0,,96.0,94.0
TN,2020,25,32,2020-08-09,11.0,70.0,96.0,0.0,0.0,,96.0,98.0
TN,2020,26,33,2020-08-16,43.0,86.0,96.0,0.0,0.0,,96.0,100.0
TN,2020,27,34,2020-08-23,62.0,94.0,96.0,0.0,6.0,,96.0,100.0
TN,2020,28,35,2020-08-30,77.0,97.0,96.0,1.0,22.0,,96.0,100.0
TN,2020,29,36,2020-09-06,88.0,100.0,96.0,4.0,45.0,,96.0,100.0
TN,2020,30,37,2020-09-13,96.0,100.0,96.0,12.0,61.0,,96.0,100.0
TN,2020,31,38,2020-09-20,98.0,100.0,96.0,27.0,78.0,,96.0,100.0
TN,2020,32,39,2020-09-27,100.0,100.0,96.0,40.0,88.0,,96.0,100.0
TN,2020,33,40,2020-10-04,100.0,100.0,96.0,60.0,96.0,,96.0,100.0
TN,2020,34,41,2020-10-11,100.0,100.0,96.0,76.0,100.0,,96.0,100.0
TN,2020,35,42,2020-10-18,100.0,100.0,96.0,83.0,100.0,,96.0,100.0
TN,2020,36,43,2020-10-25,100.0,100.0,96.0,91.0,100.0,,96.0,100.0
TN,2020,37,44,2020-11-01,100.0,100.0,96.0,94.0,100.0,,96.0,100.0
TN,2020,38,45,2020-11-08,100.0,100.0,96.0,97.0,100.0,,96.0,100.0
TN,2020,39,46,2020-11-15,100.0,100.0,96.0,99.0,100.0,,96.0,100.0
TN,2021,6,13,2021-04-04,0.0,0.0,0.0,0.0,0.0,,1.0,0.0
TN,2021,7,14,2021-04-11,0.0,0.0,0.0,0.0,0.0,,11.0,0.0
TN,2021,8,15,2021-04-18,0.0,0.0,5.0,0.0,0.0,,26.0,0.0
TN,2021,9,16,2021-04-25,0.0,0.0,18.0,0.0,0.0,,48.0,0.0
TN,2021,10,17,2021-05-02,0.0,0.0,35.0,0.0,0.0,,65.0,0.0
TN,2021,11,18,2021-05-09,0.0,0.0,52.0,0.0,0.0,,75.0,0.0
TN,2021,12,19,2021-05-16,0.0,0.0,66.0,0.0,0.0,,86.0,0.0
TN,2021,13,20,2021-05-23,0.0,0.0,78.0,0.0,0.0,,94.0,0.0
TN,2021,14,21,2021-05-30,0.0,0.0,87.0,0.0,0.0,,98.0,0.0
TN,2021,15,22,2021-06-06,0.0,0.0,96.0,0.0,0.0,,99.0,0.0
TN,2021,16,23,2021-06-13,0.0,0.0,98.0,0.0,0.0,,99.0,1.0
TN,2021,17,24,2021-06-20,0.0,0.0,98.0,0.0,0.0,,99.0,9.0
TN,2021,18,25,2021-06-27,0.0,0.0,98.0,0.0,0.0,,99.0,24.0
TN,2021,19,26,2021-07-04,0.0,6.0,98.0,0.0,0.0,,99.0,43.0
TN,2021,20,27,2021-07-11,0.0,19.0,98.0,0.0,0.0,,99.0,64.0
TN,2021,21,28,2021-07-18,0.0,33.0,98.0,0.0,0.0,,99.0,80.0
TN,2021,22,29,2021-07-25,0.0,51.0,98.0,0.0,0.0,,99.0,90.0
TN,2021,23,30,2021-08-01,13.0,64.0,98.0,0.0,0.0,,99.0,95.0
TN,2021,24,31,2021-08-08,43.0,79.0,98.0,0.0,0.0,,99.0,97.0
TN,2021,25,32,2021-08-15,58.0,89.0,98.0,0.0,0.0,,99.0,100.0
TN,2021,26,33,2021-08-22,70.0,95.0,98.0,0.0,7.0,,99.0,100.0
TN,2021,27,34,2021-08-29,80.0,98.0,98.0,1.0,25.0,,99.0,100.0
TN,2021,28,35,2021-09-05,91.0,100.0,98.0,7.0,38.0,,99.0,100.0
TN,2021,29,36,2021-09-12,95.0,100.0,98.0,15.0,60.0,,99.0,100.0
TN,2021,30,37,2021-09-19,98.0,100.0,98.0,31.0,79.0,,99.0,100.0
TN,2021,31,38,2021-09-26,100.0,100.0,98.0,43.0,90.0,,99.0,100.0
TN,2021,32,39,2021-10-03,100.0,100.0,98.0,57.0,97.0,,99.0,100.0
TN,2021,33,40,2021-10-10,100.0,100.0,98.0,67.0,99.0,,99.0,100.0
TN,2021,34,41,2021-10-17,100.0,100.0,98.0,78.0,100.0,,99.0,100.0
TN,2021,35,42,2021-10-24,100.0,100.0,98.0,86.0,100.0,,99.0,100.0
TN,2021,36,43,2021-10-31,100.0,100.0,98.0,91.0,100.0,,99.0,100.0
TN,2021,37,44,2021-11-07,100.0,100.0,98.0,94.0,100.0,,99.0,100.0
TN,2021,38,45,2021-11-14,100.0,100.0,98.0,97.0,100.0,,99.0,100.0
TN,2021,39,46,2021-11-21,100.0,100.0,98.0,100.0,100.0,,99.0,100.0
TN,2022,6,13,2022-04-03,0.0,0.0,0.0,0.0,0.0,,0.0,0.0
TN,2022,7,14,2022-04-10,0.0,0.0,0.0,0.0,0.0,,4.0,0.0
TN,2022,8,15,2022-04-17,0.0,0.0,0.0,0.0,0.0,,7.0,0.0
TN,2022,9,16,2022-04-24,0.0,0.0,3.0,0.0,0.0,,17.0,0.0
TN,2022,10,17,2022-05-01,0.0,0.0,10.0,0.0,0.0,,42.0,0.0
TN,2022,11,18,2022-05-08,0.0,0.0,25.0,0.0,0.0,,64.0,0.0
TN,2022,12,19,2022-05-15,0.0,0.0,48.0,0.0,0.0,,84.0,0.0
TN,2022,13,20,2022-05-22,0.0,0.0,67.0,0.0,0.0,,93.0,0.0
TN,2022,14,21,2022-05-29,0.0,0.0,81.0,0.0,0.0,,96.0,0.0
TN,2022,15,22,2022-06-05,0.0,0.0,92.0,0.0,0.0,,98.0,0.0
TN,2022,16,23,2022-06-12,0.0,0.0,97.0,0.0,0.0,,99.0,2.0
TN,2022,17,24,2022-06-19,0.0,0.0,98.0,0.0,0.0,,99.0,11.0
TN,2022,18,25,2022-06-26,0.0,0.0,98.0,0.0,0.0,,99.0,24.0
TN,2022,19,26,2022-07-03,0.0,2.0,98.0,0.0,0.0,,99.0,44.0
TN,2022,20,27,2022-07-10,0.0,11.0,98.0,0.0,0.0,,99.0,67.0
TN,2022,21,28,2022-07-17,0.0,31.0,98.0,0.0,0.0,,99.0,82.0
TN,2022,22,29,2022-07-24,0.0,49.0,98.0,0.0,0.0,,99.0,92.0
TN,2022,23,30,2022-07-31,13.0,67.0,98.0,0.0,0.0,,99.0,96.0
TN,2022,24,31,2022-08-07,32.0,78.0,98.0,0.0,0.0,,99.0,97.0
TN,2022,25,32,2022-08-14,44.0,87.0,98.0,0.0,0.0,,99.0,98.0
TN,2022,26,33,2022-08-21,60.0,92.0,98.0,0.0,9.0,,99.0,99.0
TN,2022,27,34,2022-08-28,80.0,97.0,98.0,2.0,28.0,,99.0,99.0
TN,2022,28,35,2022-09-04,87.0,100.0,98.0,9.0,42.0,,99.0,99.0
TN,2022,29,36,2022-09-11,94.0,100.0,98.0,14.0,58.0,,99.0,99.0
TN,2022,30,37,2022-09-18,98.0,100.0,98.0,27.0,77.0,,99.0,99.0
TN,2022,31,38,2022-09-25,100.0,100.0,98.0,42.0,89.0,,99.0,99.0
TN,2022,32,39,2022-10-02,100.0,100.0,98.0,64.0,96.0,,99.0,99.0
TN,2022,33,40,2022-10-09,100.0,100.0,98.0,82.0,99.0,,99.0,99.0
TN,2022,34,41,2022-10-16,100.0,100.0,98.0,89.0,100.0,,99.0,99.0
TN,2022,35,42,2022-10-23,100.0,100.0,98.0,94.0,100.0,,99.0,99.0
TN,2022,36,43,2022-10-30,100.0,100.0,98.0,97.0,100.0,,99.0,99.0
TN,2022,37,44,2022-11-06,100.0,100.0,98.0,99.0,100.0,,99.0,99.0
TN,2022,38,45,2022-11-13,100.0,100.0,98.0,100.0,100.0,,99.0,99.0
TN,2022,39,46,2022-11-20,100.0,100.0,98.0,100.0,100.0,,99.0,99.0
TN,2023,6,13,2023-04-02,0.0,0.0,0.0,0.0,0.0,,1.0,0.0
TN,2023,7,14,2023-04-09,0.0,0.0,0.0,0.0,0.0,,5.0,0.0
TN,2023,8,15,2023-04-16,0.0,0.0,1.0,0.0,0.0,,23.0,0.0
TN,2023,9,16,2023-04-23,0.0,0.0,11.0,0.0,0.0,,49.0,0.0
TN,2023,10,17,2023-04-30,0.0,0.0,23.0,0.0,0.0,,60.0,0.0
TN,2023,11,18,2023-05-07,0.0,0.0,43.0,0.0,0.0,,79.0,0.0
TN,2023,12,19,2023-05-14,0.0,0.0,64.0,0.0,0.0,,88.0,0.0
TN,2023,13,20,2023-05-21,0.0,0.0,79.0,0.0,0.0,,94.0,0.0
TN,2023,14,21,2023-05-28,0.0,0.0,87.0,0.0,0.0,,97.0,0.0
TN,2023,15,22,2023-06-04,0.0,0.0,95.0,0.0,0.0,,98.0,0.0
TN,2023,16,23,2023-06-11,0.0,0.0,97.0,0.0,0.0,,98.0,2.0
TN,2023,17,24,2023-06-18,0.0,0.0,99.0,0.0,0.0,,98.0,4.0
TN,2023,18,25,2023-06-25,0.0,0.0,99.0,0.0,0.0,,98.0,18.0
TN,2023,19,26,2023-07-02,0.0,4.0,99.0,0.0,0.0,,98.0,51.0
TN,2023,20,27,2023-07-09,0.0,15.0,99.0,0.0,0.0,,98.0,71.0
TN,2023,21,28,2023-07-16,0.0,34.0,99.0,0.0,0.0,,98.0,84.0
TN,2023,22,29,2023-07-23,0.0,52.0,99.0,0.0,0.0,,98.0,91.0
TN,2023,23,30,2023-07-30,10.0,72.0,99.0,0.0,0.0,,98.0,95.0
TN,2023,24,31,2023-08-06,37.0,81.0,99.0,0.0,0.0,,98.0,97.0
TN,2023,25,32,2023-08-13,55.0,90.0,99.0,0.0,4.0,,98.0,99.0
TN,2023,26,33,2023-08-20,71.0,95.0,99.0,0.0,15.0,,98.0,99.0
TN,2023,27,34,2023-08-27,82.0,97.0,99.0,1.0,32.0,,98.0,99.0
TN,2023,28,35,2023-09-03,91.0,98.0,99.0,5.0,45.0,,98.0,99.0
TN,2023,29,36,2023-09-10,96.0,99.0,99.0,12.0,64.0,,98.0,99.0
TN,2023,30,37,2023-09-17,97.0,99.0,99.0,26.0,80.0,,98.0,99.0
TN,2023,31,38,2023-09-24,98.0,99.0,99.0,46.0,91.0,,98.0,99.0
TN,2023,32,39,2023-10-01,98.0,99.0,99.0,58.0,96.0,,98.0,99.0
TN,2023,33,40,2023-10-08,98.0,99.0,99.0,71.0,97.0,,98.0,99.0
TN,2023,34,41,2023-10-15,98.0,99.0,99.0,83.0,98.0,,98.0,99.0
TN,2023,35,42,2023-10-22,98.0,99.0,99.0,88.0,99.0,,98.0,99.0
TN,2023,36,43,2023-10-29,98.0,99.0,99.0,92.0,99.0,,98.0,99.0
TN,2023,37,44,2023-11-05,98.0,99.0,99.0,96.0,99.0,,98.0,99.0
TN,2023,38,45,2023-11-12,98.0,99.0,99.0,97.0,99.0,,98.0,99.0
TN,2023,39,46,2023-11-19,98.0,99.0,99.0,98.0,99.0,,98.0,99.0
TN,2023,40,47,2023-11-26,98.0,99.0,99.0,99.0,99.0,,98.0,99.0
TN,2024,6,13,2024-03-31,0.0,0.0,0.0,0.0,0.0,,2.0,0.0
TN,2024,7,14,2024-04-07,0.0,0.0,0.0,0.0,0.0,,7.0,0.0
TN,2024,8,15,2024-04-14,0.0,0.0,0.0,0.0,0.0,,13.0,0.0
TN,2024,9,16,2024-04-21,0.0,0.0,5.0,0.0,0.0,,31.0,0.0
TN,2024,10,17,2024-04-28,0.0,0.0,18.0,0.0,0.0,,49.0,0.0
TN,2024,11,18,2024-05-05,0.0,0.0,32.0,0.0,0.0,,65.0,0.0
TN,2024,12,19,2024-05-12,0.0,0.0,45.0,0.0,0.0,,73.0,0.0
TN,2024,13,20,2024-05-19,0.0,0.0,62.0,0.0,0.0,,83.0,0.0
TN,2024,14,21,2024-05-26,0.0,0.0,72.0,0.0,0.0,,87.0,0.0
TN,2024,15,22,2024-06-02,0.0,0.0,82.0,0.0,0.0,,93.0,0.0
TN,2024,16,23,2024-06-09,0.0,0.0,89.0,0.0,0.0,,96.0,2.0
TN,2024,17,24,2024-06-16,0.0,0.0,95.0,0.0,0.0,,98.0,14.0
TN,2024,18,25,2024-06-23,0.0,0.0,97.0,0.0,0.0,,98.0,34.0
TN,2024,19,26,2024-06-30,0.0,3.0,97.0,0.0,0.0,,98.0,53.0
TN,2024,20,27,2024-07-07,0.0,12.0,97.0,0.0,0.0,,98.0,68.0
TN,2024,21,28,2024-07-14,0.0,30.0,97.0,0.0,0.0,,98.0,81.0
TN,2024,22,29,2024-07-21,0.0,48.0,97.0,0.0,0.0,,98.0,87.0
TN,2024,23,30,2024-07-28,11.0,61.0,97.0,0.0,0.0,,98.0,92.0
TN,2024,24,31,2024-08-04,29.0,72.0,97.0,0.0,0.0,,98.0,96.0
TN,2024,25,32,2024-08-11,49.0,82.0,97.0,0.0,7.0,,98.0,97.0
TN,2024,26,33,2024-08-18,64.0,88.0,97.0,0.0,17.0,,98.0,98.0
TN,2024,27,34,2024-08-25,79.0,93.0,97.0,6.0,36.0,,98.0,98.0
TN,2024,28,35,2024-09-01,88.0,95.0,97.0,16.0,59.0,,98.0,98.0
TN,2024,29,36,2024-09-08,93.0,97.0,97.0,31.0,76.0,,98.0,98.0
TN,2024,30,37,2024-09-15,97.0,97.0,97.0,46.0,85.0,,98.0,98.0
TN,2024,31,38,2024-09-22,99.0,97.0,97.0,58.0,92.0,,98.0,98.0
TN,2024,32,39,2024-09-29,100.0,97.0,97.0,70.0,96.0,,98.0,98.0
TN,2024,33,40,2024-10-06,100.0,97.0,97.0,80.0,98.0,,98.0,98.0
TN,2024,34,41,2024-10-13,100.0,97.0,97.0,88.0,99.0,,98.0,98.0
TN,2024,35,42,2024-10-20,100.0,97.0,97.0,94.0,100.0,,98.0,98.0
TN,2024,36,43,2024-10-27,100.0,97.0,97.0,96.0,100.0,,98.0,98.0
TN,2024,37,44,2024-11-03,100.0,97.0,97.0,98.0,100.0,,98.0,98.0
TN,2024,38,45,2024-11-10,100.0,97.0,97.0,99.0,100.0,,98.0,98.0
TN,2025,7,14,2025-04-06,0.0,0.0,0.0,0.0,0.0,,3.0,0.0
TN,2025,8,15,2025-04-13,0.0,0.0,0.0,0.0,0.0,,7.0,0.0
TN,2025,9,16,2025-04-20,0.0,0.0,4.0,0.0,0.0,,25.0,0.0
TN,2025,10,17,2025-04-27,0.0,0.0,15.0,0.0,0.0,,41.0,0.0
TN,2025,11,18,2025-05-04,0.0,0.0,30.0,0.0,0.0,,61.0,0.0
TN,2025,12,19,2025-05-11,0.0,0.0,51.0,0.0,0.0,,76.0,0.0
TN,2025,13,20,2025-05-18,0.0,0.0,65.0,0.0,0.0,,83.0,0.0
TN,2025,14,21,2025-05-25,0.0,0.0,76.0,0.0,0.0,,87.0,0.0
TN,2025,15,22,2025-06-01,0.0,0.0,82.0,0.0,0.0,,90.0,0.0
TN,2025,16,23,2025-06-08,0.0,0.0,86.0,0.0,0.0,,95.0,2.0
TN,2025,17,24,2025-06-15,0.0,0.0,92.0,0.0,0.0,,95.0,9.0
TN,2025,18,25,2025-06-22,0.0,0.0,96.0,0.0,0.0,,95.0,29.0
TN,2025,19,26,2025-06-29,0.0,2.0,96.0,0.0,0.0,,95.0,45.0
TN,2025,20,27,2025-07-06,0.0,14.0,96.0,0.0,0.0,,95.0,64.0
TN,2025,21,28,2025-07-13,0.0,30.0,96.0,0.0,0.0,,95.0,78.0
TN,2025,22,29,2025-07-20,0.0,43.0,96.0,0.0,0.0,,95.0,85.0
TN,2025,23,30,2025-07-27,13.0,59.0,96.0,0.0,0.0,,95.0,89.0
TN,2025,24,31,2025-08-03,30.0,76.0,96.0,0.0,0.0,,95.0,95.0
TN,2025,25,32,2025-08-10,48.0,83.0,96.0,0.0,0.0,,95.0,97.0
TN,2025,26,33,2025-08-17,66.0,87.0,96.0,0.0,11.0,,95.0,100.0
TN,2025,27,34,2025-08-24,81.0,95.0,96.0,0.0,36.0,,95.0,100.0
TN,2025,28,35,2025-08-31,91.0,98.0,96.0,12.0,60.0,,95.0,100.0
TN,2025,29,36,2025-09-07,95.0,99.0,96.0,28.0,66.0,,95.0,100.0
TN,2025,30,37,2025-09-14,97.0,99.0,96.0,48.0,86.0,,95.0,100.0
TN,2025,31,38,2025-09-21,98.0,99.0,96.0,61.0,91.0,,95.0,100.0
TN,2025,32,39,2025-09-28,100.0,99.0,96.0,69.0,93.0,,95.0,100.0
TN,2025,39,46,2025-11-16,100.0,99.0,96.0,95.0,93.0,,95.0,100.0
TN,2025,40,47,2025-11-23,100.0,99.0,96.0,99.0,93.0,,95.0,100.0
TX,2016,2,9,2016-03-06,0.0,0.0,0.0,0.0,0.0,,5.0,0.0
TX,2016,3,10,2016-03-13,0.0,0.0,0.0,0.0,0.0,,20.0,0.0
TX,2016,4,11,2016-03-20,0.0,0.0,0.0,0.0,0.0,,29.0,0.0
TX,2016,5,12,2016-03-27,0.0,0.0,5.0,0.0,0.0,,38.0,0.0
TX,2016,6,13,2016-04-03,0.0,0.0,23.0,0.0,0.0,,42.0,0.0
TX,2016,7,14,2016-04-10,0.0,0.0,33.0,0.0,0.0,,46.0,0.0
TX,2016,8,15,2016-04-17,0.0,0.0,40.0,0.0,0.0,,49.0,0.0
TX,2016,9,16,2016-04-24,0.0,0.0,43.0,0.0,0.0,,52.0,0.0
TX,2016,10,17,2016-05-01,0.0,0.0,47.0,0.0,0.0,,66.0,0.0
TX,2016,11,18,2016-05-08,0.0,0.0,57.0,0.0,0.0,,69.0,5.0
TX,2016,12,19,2016-05-15,0.0,0.0,64.0,0.0,0.0,,78.0,17.0
TX,2016,13,20,2016-05-22,0.0,0.0,65.0,0.0,0.0,,79.0,21.0
TX,2016,14,21,2016-05-29,0.0,0.0,78.0,0.0,0.0,,93.0,28.0
TX,2016,15,22,2016-06-05,0.0,0.0,90.0,0.0,0.0,,96.0,35.0
TX,2016,16,23,2016-06-12,0.0,0.0,93.0,0.0,0.0,,99.0,38.0
TX,2016,17,24,2016-06-19,7.0,13.0,94.0,0.0,0.0,,99.0,41.0
TX,2016,18,25,2016-06-26,26.0,35.0,99.0,0.0,0.0,,99.0,46.0
TX,2016,19,26,2016-07-03,37.0,45.0,99.0,0.0,0.0,,99.0,53.0
TX,2016,20,27,2016-07-10,45.0,50.0,99.0,0.0,19.0,,99.0,67.0
TX,2016,21,28,2016-07-17,47.0,53.0,99.0,0.0,32.0,,99.0,74.0
TX,2016,22,29,2016-07-24,52.0,58.0,99.0,0.0,41.0,,99.0,92.0
TX,2016,23,30,2016-07-31,56.0,68.0,99.0,16.0,45.0,,99.0,96.0
TX,2016,24,31,2016-08-07,57.0,87.0,99.0,33.0,46.0,,99.0,98.0
TX,2016,25,32,2016-08-14,60.0,91.0,99.0,38.0,52.0,,99.0,98.0
TX,2016,26,33,2016-08-21,70.0,96.0,99.0,47.0,57.0,,99.0,98.0
TX,2016,27,34,2016-08-28,74.0,100.0,99.0,56.0,65.0,,99.0,98.0
TX,2016,28,35,2016-09-04,82.0,100.0,99.0,57.0,66.0,,99.0,98.0
TX,2016,29,36,2016-09-11,83.0,100.0,99.0,58.0,67.0,,99.0,98.0
TX,2016,30,37,2016-09-18,93.0,100.0,99.0,63.0,75.0,,99.0,98.0
TX,2016,31,38,2016-09-25,94.0,100.0,99.0,64.0,76.0,,99.0,98.0
TX,2016,32,39,2016-10-02,98.0,100.0,99.0,75.0,86.0,,99.0,98.0
TX,2016,33,40,2016-10-09,98.0,100.0,99.0,76.0,90.0,,99.0,98.0
TX,2016,34,41,2016-10-16,98.0,100.0,99.0,80.0,95.0,,99.0,98.0
TX,2016,35,42,2016-10-23,98.0,100.0,99.0,85.0,95.0,,99.0,98.0
TX,2016,36,43,2016-10-30,98.0,100.0,99.0,90.0,95.0,,99.0,98.0
TX,2016,37,44,2016-11-06,98.0,100.0,99.0,95.0,95.0,,99.0,98.0
TX,2016,38,45,2016-11-13,98.0,100.0,99.0,97.0,95.0,,99.0,98.0
TX,2016,39,46,2016-11-20,98.0,100.0,99.0,98.0,95.0,,99.0,98.0
TX,2016,40,47,2016-11-27,98.0,100.0,99.0,100.0,95.0,,99.0,98.0
TX,2017,2,9,2017-03-05,0.0,0.0,0.0,0.0,0.0,,15.0,0.0
TX,2017,3,10,2017-03-12,0.0,0.0,0.0,0.0,0.0,,25.0,0.0
TX,2017,4,11,2017-03-19,0.0,0.0,0.0,0.0,0.0,,31.0,0.0
TX,2017,5,12,2017-03-26,0.0,0.0,14.0,0.0,0.0,,45.0,0.0
TX,2017,6,13,2017-04-02,0.0,0.0,25.0,0.0,0.0,,56.0,0.0
TX,2017,7,14,2017-04-09,0.0,0.0,32.0,0.0,0.0,,59.0,0.0
TX,2017,8,15,2017-04-16,0.0,0.0,56.0,0.0,0.0,,60.0,0.0
TX,2017,9,16,2017-04-23,0.0,0.0,60.0,0.0,0.0,,68.0,0.0
TX,2017,10,17,2017-04-30,0.0,0.0,64.0,0.0,0.0,,71.0,0.0
TX,2017,11,18,2017-05-07,0.0,0.0,67.0,0.0,0.0,,77.0,8.0
TX,2017,12,19,2017-05-14,0.0,0.0,72.0,0.0,0.0,,80.0,15.0
TX,2017,13,20,2017-05-21,0.0,0.0,76.0,0.0,0.0,,87.0,20.0
TX,2017,14,21,2017-05-28,0.0,0.0,86.0,0.0,0.0,,96.0,30.0
TX,2017,15,22,2017-06-04,0.0,0.0,89.0,0.0,0.0,,98.0,38.0
TX,2017,16,23,2017-06-11,0.0,0.0,96.0,0.0,0.0,,100.0,52.0
TX,2017,17,24,2017-06-18,4.0,18.0,98.0,0.0,0.0,,100.0,53.0
TX,2017,18,25,2017-06-25,25.0,40.0,98.0,0.0,0.0,,100.0,56.0
TX,2017,19,26,2017-07-02,35.0,48.0,98.0,0.0,0.0,,100.0,63.0
TX,2017,20,27,2017-07-09,46.0,53.0,98.0,0.0,15.0,,100.0,65.0
TX,2017,21,28,2017-07-16,53.0,56.0,98.0,0.0,25.0,,100.0,70.0
TX,2017,22,29,2017-07-23,55.0,57.0,98.0,0.0,40.0,,100.0,74.0
TX,2017,23,30,2017-07-30,57.0,62.0,98.0,22.0,49.0,,100.0,95.0
TX,2017,24,31,2017-08-06,58.0,65.0,98.0,31.0,51.0,,100.0,99.0
TX,2017,25,32,2017-08-13,62.0,71.0,98.0,42.0,58.0,,100.0,100.0
TX,2017,26,33,2017-08-20,77.0,92.0,98.0,51.0,60.0,,100.0,100.0
TX,2017,27,34,2017-08-27,82.0,95.0,98.0,54.0,63.0,,100.0,100.0
TX,2017,28,35,2017-09-03,87.0,97.0,98.0,57.0,66.0,,100.0,100.0
TX,2017,29,36,2017-09-10,88.0,100.0,98.0,60.0,67.0,,100.0,100.0
TX,2017,30,37,2017-09-17,92.0,100.0,98.0,67.0,74.0,,100.0,100.0
TX,2017,31,38,2017-09-24,95.0,100.0,98.0,68.0,83.0,,100.0,100.0
TX,2017,32,39,2017-10-01,100.0,100.0,98.0,75.0,89.0,,100.0,100.0
TX,2017,33,40,2017-10-08,100.0,100.0,98.0,76.0,91.0,,100.0,100.0
TX,2017,34,41,2017-10-15,100.0,100.0,98.0,80.0,95.0,,100.0,100.0
TX,2017,35,42,2017-10-22,100.0,100.0,98.0,83.0,98.0,,100.0,100.0
TX,2017,36,43,2017-10-29,100.0,100.0,98.0,88.0,98.0,,100.0,100.0
TX,2017,37,44,2017-11-05,100.0,100.0,98.0,92.0,98.0,,100.0,100.0
TX,2017,38,45,2017-11-12,100.0,100.0,98.0,95.0,98.0,,100.0,100.0
TX,2017,39,46,2017-11-19,100.0,100.0,98.0,97.0,98.0,,100.0,100.0
TX,2017,40,47,2017-11-26,100.0,100.0,98.0,99.0,98.0,,100.0,100.0
TX,2018,2,9,2018-03-04,0.0,0.0,0.0,0.0,0.0,,11.0,0.0
TX,2018,3,10,2018-03-11,0.0,0.0,0.0,0.0,0.0,,26.0,0.0
TX,2018,4,11,2018-03-18,0.0,0.0,0.0,0.0,0.0,,35.0,0.0
TX,2018,5,12,2018-03-25,0.0,0.0,19.0,0.0,0.0,,43.0,0.0
TX,2018,6,13,2018-04-01,0.0,0.0,26.0,0.0,0.0,,55.0,0.0
TX,2018,7,14,2018-04-08,0.0,0.0,40.0,0.0,0.0,,58.0,0.0
TX,2018,8,15,2018-04-15,0.0,0.0,43.0,0.0,0.0,,60.0,0.0
TX,2018,9,16,2018-04-22,0.0,0.0,47.0,0.0,0.0,,65.0,0.0
TX,2018,10,17,2018-04-29,0.0,0.0,50.0,0.0,0.0,,70.0,3.0
TX,2018,11,18,2018-05-06,0.0,0.0,55.0,0.0,0.0,,81.0,11.0
TX,2018,12,19,2018-05-13,0.0,0.0,70.0,0.0,0.0,,82.0,18.0
TX,2018,13,20,2018-05-20,0.0,0.0,81.0,0.0,0.0,,88.0,24.0
TX,2018,14,21,2018-05-27,0.0,0.0,83.0,0.0,0.0,,90.0,29.0
TX,2018,15,22,2018-06-03,0.0,0.0,91.0,0.0,0.0,,96.0,39.0
TX,2018,16,23,2018-06-10,0.0,0.0,95.0,0.0,0.0,,96.0,50.0
TX,2018,17,24,2018-06-17,5.0,17.0,96.0,0.0,0.0,,96.0,52.0
TX,2018,18,25,2018-06-24,18.0,34.0,100.0,0.0,0.0,,96.0,57.0
TX,2018,19,26,2018-07-01,30.0,49.0,100.0,0.0,0.0,,96.0,59.0
TX,2018,20,27,2018-07-08,48.0,54.0,100.0,0.0,17.0,,96.0,68.0
TX,2018,21,28,2018-07-15,51.0,56.0,100.0,0.0,27.0,,96.0,76.0
TX,2018,22,29,2018-07-22,56.0,65.0,100.0,0.0,37.0,,96.0,85.0
TX,2018,23,30,2018-07-29,60.0,71.0,100.0,16.0,46.0,,96.0,89.0
TX,2018,24,31,2018-08-05,70.0,86.0,100.0,30.0,51.0,,96.0,92.0
TX,2018,25,32,2018-08-12,79.0,91.0,100.0,48.0,52.0,,96.0,97.0
TX,2018,26,33,2018-08-19,82.0,93.0,100.0,51.0,58.0,,96.0,97.0
TX,2018,27,34,2018-08-26,88.0,95.0,100.0,52.0,61.0,,96.0,97.0
TX,2018,28,35,2018-09-02,90.0,97.0,100.0,53.0,68.0,,96.0,97.0
TX,2018,29,36,2018-09-09,92.0,97.0,100.0,63.0,72.0,,96.0,97.0
TX,2018,30,37,2018-09-16,95.0,97.0,100.0,66.0,80.0,,96.0,97.0
TX,2018,31,38,2018-09-23,97.0,97.0,100.0,67.0,81.0,,96.0,97.0
TX,2018,32,39,2018-09-30,100.0,97.0,100.0,70.0,85.0,,96.0,97.0
TX,2018,33,40,2018-10-07,100.0,97.0,100.0,72.0,87.0,,96.0,97.0
TX,2018,34,41,2018-10-14,100.0,97.0,100.0,76.0,91.0,,96.0,97.0
TX,2018,35,42,2018-10-21,100.0,97.0,100.0,79.0,95.0,,96.0,97.0
TX,2018,36,43,2018-10-28,100.0,97.0,100.0,85.0,95.0,,96.0,97.0
TX,2018,37,44,2018-11-04,100.0,97.0,100.0,90.0,95.0,,96.0,97.0
TX,2018,38,45,2018-11-11,100.0,97.0,100.0,94.0,95.0,,96.0,97.0
TX,2018,39,46,2018-11-18,100.0,97.0,100.0,95.0,95.0,,96.0,97.0
TX,2018,40,47,2018-11-25,100.0,97.0,100.0,98.0,95.0,,96.0,97.0
TX,2019,2,9,2019-03-03,0.0,0.0,0.0,0.0,0.0,,5.0,0.0
TX,2019,3,10,2019-03-10,0.0,0.0,0.0,0.0,0.0,,11.0,0.0
TX,2019,4,11,2019-03-17,0.0,0.0,0.0,0.0,0.0,,26.0,0.0
TX,2019,5,12,2019-03-24,0.0,0.0,12.0,0.0,0.0,,38.0,0.0
TX,2019,6,13,2019-03-31,0.0,0.0,25.0,0.0,0.0,,51.0,0.0
TX,2019,7,14,2019-04-07,0.0,0.0,32.0,0.0,0.0,,53.0,0.0
TX,2019,8,15,2019-04-14,0.0,0.0,40.0,0.0,0.0,,57.0,0.0
TX,2019,9,16,2019-04-21,0.0,0.0,45.0,0.0,0.0,,59.0,0.0
TX,2019,10,17,2019-04-28,0.0,0.0,55.0,0.0,0.0,,65.0,0.0
TX,2019,11,18,2019-05-05,0.0,0.0,61.0,0.0,0.0,,70.0,1.0
TX,2019,12,19,2019-05-12,0.0,0.0,64.0,0.0,0.0,,75.0,10.0
TX,2019,13,20,2019-05-19,0.0,0.0,75.0,0.0,0.0,,92.0,13.0
TX,2019,14,21,2019-05-26,0.0,0.0,81.0,0.0,0.0,,93.0,18.0
TX,2019,15,22,2019-06-02,0.0,0.0,85.0,0.0,0.0,,96.0,36.0
TX,2019,16,23,2019-06-09,0.0,0.0,86.0,0.0,0.0,,100.0,45.0
TX,2019,17,24,2019-06-16,0.0,0.0,90.0,0.0,0.0,,100.0,50.0
TX,2019,18,25,2019-06-23,0.0,14.0,94.0,0.0,0.0,,100.0,52.0
TX,2019,19,26,2019-06-30,0.0,40.0,99.0,0.0,0.0,,100.0,71.0
TX,2019,20,27,2019-07-07,0.0,48.0,100.0,0.0,0.0,,100.0,73.0
TX,2019,21,28,2019-07-14,0.0,50.0,100.0,0.0,0.0,,100.0,75.0
TX,2019,22,29,2019-07-21,45.0,58.0,100.0,0.0,0.0,,100.0,81.0
TX,2019,23,30,2019-07-28,53.0,65.0,100.0,0.0,0.0,,100.0,89.0
TX,2019,24,31,2019-08-04,62.0,74.0,100.0,0.0,31.0,,100.0,95.0
TX,2019,25,32,2019-08-11,74.0,83.0,100.0,0.0,44.0,,100.0,100.0
TX,2019,26,33,2019-08-18,80.0,91.0,100.0,26.0,49.0,,100.0,100.0
TX,2019,27,34,2019-08-25,86.0,94.0,100.0,45.0,51.0,,100.0,100.0
TX,2019,28,35,2019-09-01,89.0,96.0,100.0,49.0,52.0,,100.0,100.0
TX,2019,29,36,2019-09-08,94.0,100.0,100.0,52.0,58.0,,100.0,100.0
TX,2019,30,37,2019-09-15,97.0,100.0,100.0,59.0,67.0,,100.0,100.0
TX,2019,31,38,2019-09-22,100.0,100.0,100.0,65.0,77.0,,100.0,100.0
TX,2019,32,39,2019-09-29,100.0,100.0,100.0,72.0,79.0,,100.0,100.0
TX,2019,33,40,2019-10-06,100.0,100.0,100.0,74.0,84.0,,100.0,100.0
TX,2019,34,41,2019-10-13,100.0,100.0,100.0,77.0,91.0,,100.0,100.0
TX,2019,35,42,2019-10-20,100.0,100.0,100.0,82.0,96.0,,100.0,100.0
TX,2019,36,43,2019-10-27,100.0,100.0,100.0,85.0,100.0,,100.0,100.0
TX,2019,37,44,2019-11-03,100.0,100.0,100.0,88.0,100.0,,100.0,100.0
TX,2019,38,45,2019-11-10,100.0,100.0,100.0,92.0,100.0,,100.0,100.0
TX,2019,39,46,2019-11-17,100.0,100.0,100.0,95.0,100.0,,100.0,100.0
TX,2019,40,47,2019-11-24,100.0,100.0,100.0,98.0,100.0,,100.0,100.0
TX,2019,41,48,2019-12-01,100.0,100.0,100.0,100.0,100.0,,100.0,100.0
TX,2020,2,9,2020-03-01,0.0,0.0,0.0,0.0,0.0,,12.0,0.0
TX,2020,3,10,2020-03-08,0.0,0.0,0.0,0.0,0.0,,32.0,0.0
TX,2020,4,11,2020-03-15,0.0,0.0,0.0,0.0,0.0,,33.0,0.0
TX,2020,5,12,2020-03-22,0.0,0.0,0.0,0.0,0.0,,36.0,0.0
TX,2020,6,13,2020-03-29,0.0,0.0,24.0,0.0,0.0,,50.0,0.0
TX,2020,7,14,2020-04-05,0.0,0.0,33.0,0.0,0.0,,57.0,0.0
TX,2020,8,15,2020-04-12,0.0,0.0,47.0,0.0,0.0,,63.0,0.0
TX,2020,9,16,2020-04-19,0.0,0.0,50.0,0.0,0.0,,64.0,0.0
TX,2020,10,17,2020-04-26,0.0,0.0,52.0,0.0,0.0,,67.0,0.0
TX,2020,11,18,2020-05-03,0.0,0.0,56.0,0.0,0.0,,69.0,0.0
TX,2020,12,19,2020-05-10,0.0,0.0,70.0,0.0,0.0,,84.0,6.0
TX,2020,13,20,2020-05-17,0.0,0.0,81.0,0.0,0.0,,93.0,15.0
TX,2020,14,21,2020-05-24,0.0,0.0,88.0,0.0,0.0,,94.0,30.0
TX,2020,15,22,2020-05-31,0.0,0.0,96.0,0.0,0.0,,96.0,46.0
TX,2020,16,23,2020-06-07,0.0,0.0,97.0,0.0,0.0,,98.0,51.0
TX,2020,17,24,2020-06-14,0.0,0.0,99.0,0.0,0.0,,98.0,53.0
TX,2020,18,25,2020-06-21,0.0,28.0,100.0,0.0,0.0,,98.0,55.0
TX,2020,19,26,2020-06-28,0.0,40.0,100.0,0.0,0.0,,98.0,62.0
TX,2020,20,27,2020-07-05,0.0,57.0,100.0,0.0,0.0,,98.0,64.0
TX,2020,21,28,2020-07-12,0.0,60.0,100.0,0.0,0.0,,98.0,82.0
TX,2020,22,29,2020-07-19,0.0,63.0,100.0,0.0,0.0,,98.0,89.0
TX,2020,23,30,2020-07-26,45.0,66.0,100.0,0.0,0.0,,98.0,92.0
TX,2020,24,31,2020-08-02,58.0,77.0,100.0,0.0,40.0,,98.0,96.0
TX,2020,25,32,2020-08-09,67.0,84.0,100.0,0.0,52.0,,98.0,97.0
TX,2020,26,33,2020-08-16,75.0,88.0,100.0,29.0,55.0,,98.0,97.0
TX,2020,27,34,2020-08-23,80.0,90.0,100.0,50.0,60.0,,98.0,97.0
TX,2020,28,35,2020-08-30,83.0,95.0,100.0,55.0,65.0,,98.0,97.0
TX,2020,29,36,2020-09-06,93.0,98.0,100.0,62.0,73.0,,98.0,97.0
TX,2020,30,37,2020-09-13,97.0,98.0,100.0,67.0,79.0,,98.0,97.0
TX,2020,31,38,2020-09-20,99.0,98.0,100.0,69.0,84.0,,98.0,97.0
TX,2020,32,39,2020-09-27,99.0,98.0,100.0,70.0,89.0,,98.0,97.0
TX,2020,33,40,2020-10-04,99.0,98.0,100.0,78.0,92.0,,98.0,97.0
TX,2020,34,41,2020-10-11,99.0,98.0,100.0,81.0,95.0,,98.0,97.0
TX,2020,35,42,2020-10-18,99.0,98.0,100.0,85.0,97.0,,98.0,97.0
TX,2020,36,43,2020-10-25,99.0,98.0,100.0,89.0,97.0,,98.0,97.0
TX,2020,37,44,2020-11-01,99.0,98.0,100.0,92.0,97.0,,98.0,97.0
TX,2020,38,45,2020-11-08,99.0,98.0,100.0,95.0,97.0,,98.0,97.0
TX,2020,39,46,2020-11-15,99.0,98.0,100.0,97.0,97.0,,98.0,97.0
TX,2021,1,8,2021-02-28,0.0,0.0,0.0,0.0,0.0,0.0,3.0,0.0
TX,2021,2,9,2021-03-07,0.0,0.0,0.0,0.0,0.0,0.0,10.0,0.0
TX,2021,3,10,2021-03-14,0.0,0.0,0.0,0.0,0.0,0.0,26.0,0.0
TX,2021,4,11,2021-03-21,0.0,0.0,0.0,0.0,0.0,0.0,38.0,0.0
TX,2021,5,12,2021-03-28,0.0,0.0,0.0,0.0,0.0,0.0,50.0,0.0
TX,2021,6,13,2021-04-04,0.0,0.0,30.0,0.0,0.0,0.0,55.0,0.0
TX,2021,7,14,2021-04-11,0.0,0.0,48.0,0.0,0.0,0.0,57.0,0.0
TX,2021,8,15,2021-04-18,0.0,0.0,51.0,0.0,0.0,0.0,60.0,0.0
TX,2021,9,16,2021-04-25,0.0,0.0,54.0,0.0,0.0,0.0,66.0,0.0
TX,2021,10,17,2021-05-02,0.0,0.0,57.0,0.0,0.0,0.0,68.0,0.0
TX,2021,11,18,2021-05-09,0.0,0.0,58.0,0.0,0.0,0.0,76.0,2.0
TX,2021,12,19,2021-05-16,0.0,0.0,72.0,0.0,0.0,0.0,86.0,17.0
TX,2021,13,20,2021-05-23,0.0,0.0,85.0,0.0,0.0,0.0,93.0,28.0
TX,2021,14,21,2021-05-30,0.0,0.0,88.0,0.0,0.0,0.0,95.0,46.0
TX,2021,15,22,2021-06-06,0.0,0.0,90.0,0.0,0.0,10.0,95.0,49.0
TX,2021,16,23,2021-06-13,0.0,6.0,94.0,0.0,0.0,10.0,95.0,55.0
TX,2021,17,24,2021-06-20,6.0,20.0,97.0,0.0,0.0,10.0,95.0,57.0
TX,2021,18,25,2021-06-27,12.0,35.0,97.0,0.0,0.0,10.0,95.0,67.0
TX,2021,19,26,2021-07-04,20.0,45.0,97.0,0.0,5.0,10.0,95.0,70.0
TX,2021,20,27,2021-07-11,35.0,61.0,97.0,0.0,5.0,10.0,95.0,81.0
TX,2021,21,28,2021-07-18,42.0,63.0,97.0,0.0,5.0,10.0,95.0,83.0
TX,2021,22,29,2021-07-25,53.0,67.0,97.0,0.0,22.0,10.0,95.0,88.0
TX,2021,23,30,2021-08-01,58.0,73.0,97.0,0.0,40.0,10.0,95.0,93.0
TX,2021,24,31,2021-08-08,65.0,83.0,97.0,0.0,48.0,10.0,95.0,94.0
TX,2021,25,32,2021-08-15,72.0,86.0,97.0,20.0,55.0,10.0,95.0,96.0
TX,2021,26,33,2021-08-22,82.0,90.0,97.0,35.0,57.0,10.0,95.0,96.0
TX,2021,27,34,2021-08-29,84.0,95.0,97.0,50.0,60.0,10.0,95.0,96.0
TX,2021,28,35,2021-09-05,89.0,98.0,97.0,53.0,66.0,10.0,95.0,96.0
TX,2021,29,36,2021-09-12,93.0,98.0,97.0,63.0,75.0,10.0,95.0,96.0
TX,2021,30,37,2021-09-19,98.0,98.0,97.0,70.0,85.0,10.0,95.0,96.0
TX,2021,31,38,2021-09-26,100.0,98.0,97.0,83.0,94.0,10.0,95.0,96.0
TX,2021,32,39,2021-10-03,100.0,98.0,97.0,86.0,97.0,10.0,95.0,96.0
TX,2021,33,40,2021-10-10,100.0,98.0,97.0,88.0,99.0,10.0,95.0,96.0
TX,2021,34,41,2021-10-17,100.0,98.0,97.0,90.0,100.0,10.0,95.0,96.0
TX,2021,35,42,2021-10-24,100.0,98.0,97.0,94.0,100.0,10.0,95.0,96.0
TX,2021,36,43,2021-10-31,100.0,98.0,97.0,97.0,100.0,10.0,95.0,96.0
TX,2021,37,44,2021-11-07,100.0,98.0,97.0,99.0,100.0,10.0,95.0,96.0
TX,2021,38,45,2021-11-14,100.0,98.0,97.0,100.0,100.0,10.0,95.0,96.0
TX,2021,39,46,2021-11-21,100.0,98.0,97.0,100.0,100.0,10.0,95.0,96.0
TX,2022,1,8,2022-02-27,0.0,0.0,0.0,0.0,0.0,,5.0,0.0
TX,2022,2,9,2022-03-06,0.0,0.0,0.0,0.0,0.0,,18.0,0.0
TX,2022,3,10,2022-03-13,0.0,0.0,0.0,0.0,0.0,,27.0,0.0
TX,2022,4,11,2022-03-20,0.0,0.0,0.0,0.0,0.0,,42.0,0.0
TX,2022,5,12,2022-03-27,0.0,0.0,0.0,0.0,0.0,,51.0,0.0
TX,2022,6,13,2022-04-03,0.0,0.0,21.0,0.0,0.0,,54.0,0.0
TX,2022,7,14,2022-04-10,0.0,0.0,45.0,0.0,0.0,,63.0,0.0
TX,2022,8,15,2022-04-17,0.0,0.0,49.0,0.0,0.0,,64.0,0.0
TX,2022,9,16,2022-04-24,0.0,0.0,59.0,0.0,0.0,,69.0,0.0
TX,2022,10,17,2022-05-01,0.0,0.0,62.0,0.0,0.0,,74.0,0.0
TX,2022,11,18,2022-05-08,0.0,0.0,63.0,0.0,0.0,,81.0,0.0
TX,2022,12,19,2022-05-15,0.0,0.0,74.0,0.0,0.0,,87.0,11.0
TX,2022,13,20,2022-05-22,0.0,0.0,84.0,0.0,0.0,,92.0,28.0
TX,2022,14,21,2022-05-29,0.0,0.0,87.0,0.0,0.0,,94.0,43.0
TX,2022,15,22,2022-06-05,0.0,0.0,94.0,0.0,0.0,,97.0,50.0
TX,2022,16,23,2022-06-12,0.0,5.0,95.0,0.0,0.0,,98.0,59.0
TX,2022,17,24,2022-06-19,0.0,19.0,95.0,0.0,0.0,,99.0,61.0
TX,2022,18,25,2022-06-26,0.0,35.0,99.0,0.0,0.0,,99.0,70.0
TX,2022,19,26,2022-07-03,0.0,50.0,100.0,0.0,0.0,,99.0,71.0
TX,2022,20,27,2022-07-10,32.0,52.0,100.0,0.0,0.0,,99.0,73.0
TX,2022,21,28,2022-07-17,40.0,62.0,100.0,0.0,0.0,,99.0,77.0
TX,2022,22,29,2022-07-24,54.0,68.0,100.0,7.0,20.0,,99.0,86.0
TX,2022,23,30,2022-07-31,60.0,69.0,100.0,8.0,36.0,,99.0,90.0
TX,2022,24,31,2022-08-07,64.0,73.0,100.0,16.0,55.0,,99.0,95.0
TX,2022,25,32,2022-08-14,70.0,80.0,100.0,29.0,58.0,,99.0,99.0
TX,2022,26,33,2022-08-21,76.0,86.0,100.0,44.0,67.0,,99.0,100.0
TX,2022,27,34,2022-08-28,84.0,94.0,100.0,53.0,72.0,,99.0,100.0
TX,2022,28,35,2022-09-04,88.0,98.0,100.0,59.0,75.0,,99.0,100.0
TX,2022,29,36,2022-09-11,94.0,100.0,100.0,64.0,81.0,,99.0,100.0
TX,2022,30,37,2022-09-18,98.0,100.0,100.0,68.0,85.0,,99.0,100.0
TX,2022,31,38,2022-09-25,100.0,100.0,100.0,72.0,93.0,,99.0,100.0
TX,2022,32,39,2022-10-02,100.0,100.0,100.0,80.0,96.0,,99.0,100.0
TX,2022,33,40,2022-10-09,100.0,100.0,100.0,85.0,99.0,,99.0,100.0
TX,2022,34,41,2022-10-16,100.0,100.0,100.0,88.0,100.0,,99.0,100.0
TX,2022,35,42,2022-10-23,100.0,100.0,100.0,93.0,100.0,,99.0,100.0
TX,2022,36,43,2022-10-30,100.0,100.0,100.0,97.0,100.0,,99.0,100.0
TX,2022,37,44,2022-11-06,100.0,100.0,100.0,100.0,100.0,,99.0,100.0
TX,2022,38,45,2022-11-13,100.0,100.0,100.0,100.0,100.0,,99.0,100.0
TX,2022,39,46,2022-11-20,100.0,100.0,100.0,100.0,100.0,,99.0,100.0
TX,2023,1,8,2023-02-26,0.0,0.0,0.0,0.0,0.0,,5.0,0.0
TX,2023,2,9,2023-03-05,0.0,0.0,0.0,0.0,0.0,,20.0,0.0
TX,2023,3,10,2023-03-12,0.0,0.0,0.0,0.0,0.0,,30.0,0.0
TX,2023,4,11,2023-03-19,0.0,0.0,0.0,0.0,0.0,,40.0,0.0
TX,2023,5,12,2023-03-26,0.0,0.0,0.0,0.0,0.0,,52.0,0.0
TX,2023,6,13,2023-04-02,0.0,0.0,28.0,0.0,0.0,,57.0,0.0
TX,2023,7,14,2023-04-09,0.0,0.0,40.0,0.0,0.0,,61.0,0.0
TX,2023,8,15,2023-04-16,0.0,0.0,56.0,0.0,0.0,,65.0,0.0
TX,2023,9,16,2023-04-23,0.0,0.0,60.0,0.0,0.0,,72.0,0.0
TX,2023,10,17,2023-04-30,0.0,0.0,65.0,0.0,0.0,,74.0,0.0
TX,2023,11,18,2023-05-07,0.0,0.0,67.0,0.0,0.0,,77.0,10.0
TX,2023,12,19,2023-05-14,0.0,0.0,75.0,0.0,0.0,,81.0,20.0
TX,2023,13,20,2023-05-21,0.0,0.0,77.0,0.0,0.0,,88.0,30.0
TX,2023,14,21,2023-05-28,0.0,0.0,85.0,0.0,0.0,,92.0,40.0
TX,2023,15,22,2023-06-04,0.0,0.0,87.0,0.0,0.0,,94.0,47.0
TX,2023,16,23,2023-06-11,0.0,10.0,92.0,0.0,0.0,,97.0,59.0
TX,2023,17,24,2023-06-18,0.0,20.0,96.0,0.0,0.0,,100.0,62.0
TX,2023,18,25,2023-06-25,0.0,27.0,98.0,0.0,0.0,,100.0,67.0
TX,2023,19,26,2023-07-02,0.0,45.0,100.0,0.0,0.0,,100.0,73.0
TX,2023,20,27,2023-07-09,15.0,57.0,100.0,0.0,0.0,,100.0,75.0
TX,2023,21,28,2023-07-16,35.0,60.0,100.0,0.0,0.0,,100.0,78.0
TX,2023,22,29,2023-07-23,55.0,68.0,100.0,0.0,0.0,,100.0,85.0
TX,2023,23,30,2023-07-30,62.0,73.0,100.0,10.0,34.0,,100.0,89.0
TX,2023,24,31,2023-08-06,71.0,78.0,100.0,18.0,53.0,,100.0,92.0
TX,2023,25,32,2023-08-13,75.0,83.0,100.0,28.0,58.0,,100.0,100.0
TX,2023,26,33,2023-08-20,78.0,86.0,100.0,45.0,62.0,,100.0,100.0
TX,2023,27,34,2023-08-27,83.0,93.0,100.0,53.0,67.0,,100.0,100.0
TX,2023,28,35,2023-09-03,86.0,96.0,100.0,56.0,69.0,,100.0,100.0
TX,2023,29,36,2023-09-10,93.0,100.0,100.0,62.0,73.0,,100.0,100.0
TX,2023,30,37,2023-09-17,97.0,100.0,100.0,68.0,82.0,,100.0,100.0
TX,2023,31,38,2023-09-24,100.0,100.0,100.0,73.0,88.0,,100.0,100.0
TX,2023,32,39,2023-10-01,100.0,100.0,100.0,78.0,91.0,,100.0,100.0
TX,2023,33,40,2023-10-08,100.0,100.0,100.0,83.0,96.0,,100.0,100.0
TX,2023,34,41,2023-10-15,100.0,100.0,100.0,86.0,99.0,,100.0,100.0
TX,2023,35,42,2023-10-22,100.0,100.0,100.0,89.0,99.0,,100.0,100.0
TX,2023,36,43,2023-10-29,100.0,100.0,100.0,93.0,99.0,,100.0,100.0
TX,2023,37,44,2023-11-05,100.0,100.0,100.0,95.0,99.0,,100.0,100.0
TX,2023,38,45,2023-11-12,100.0,100.0,100.0,97.0,99.0,,100.0,100.0
TX,2023,39,46,2023-11-19,100.0,100.0,100.0,100.0,99.0,,100.0,100.0
TX,2023,40,47,2023-11-26,100.0,100.0,100.0,100.0,99.0,,100.0,100.0
TX,2024,1,8,2024-02-25,0.0,0.0,0.0,0.0,0.0,,3.0,0.0
TX,2024,2,9,2024-03-03,0.0,0.0,0.0,0.0,0.0,,14.0,0.0
TX,2024,3,10,2024-03-10,0.0,0.0,0.0,0.0,0.0,,20.0,0.0
TX,2024,4,11,2024-03-17,0.0,0.0,0.0,0.0,0.0,,34.0,0.0
TX,2024,5,12,2024-03-24,0.0,0.0,0.0,0.0,0.0,,46.0,0.0
TX,2024,6,13,2024-03-31,0.0,0.0,0.0,0.0,0.0,,57.0,0.0
TX,2024,7,14,2024-04-07,0.0,0.0,34.0,0.0,0.0,,59.0,0.0
TX,2024,8,15,2024-04-14,0.0,0.0,50.0,0.0,0.0,,63.0,0.0
TX,2024,9,16,2024-04-21,0.0,0.0,55.0,0.0,0.0,,68.0,0.0
TX,2024,10,17,2024-04-28,0.0,0.0,62.0,0.0,0.0,,71.0,0.0
TX,2024,11,18,2024-05-05,0.0,0.0,67.0,0.0,0.0,,76.0,5.0
TX,2024,12,19,2024-05-12,0.0,0.0,69.0,0.0,0.0,,80.0,18.0
TX,2024,13,20,2024-05-19,0.0,0.0,74.0,0.0,0.0,,85.0,31.0
TX,2024,14,21,2024-05-26,0.0,0.0,83.0,0.0,0.0,,92.0,40.0
TX,2024,15,22,2024-06-02,0.0,0.0,88.0,0.0,0.0,,95.0,50.0
TX,2024,16,23,2024-06-09,0.0,10.0,91.0,0.0,0.0,,97.0,61.0
TX,2024,17,24,2024-06-16,0.0,20.0,97.0,0.0,0.0,,100.0,63.0
TX,2024,18,25,2024-06-23,0.0,43.0,99.0,0.0,0.0,,100.0,67.0
TX,2024,19,26,2024-06-30,0.0,47.0,100.0,0.0,0.0,,100.0,70.0
TX,2024,20,27,2024-07-07,34.0,60.0,100.0,12.0,23.0,,100.0,75.0
TX,2024,21,28,2024-07-14,40.0,62.0,100.0,16.0,30.0,,100.0,78.0
TX,2024,22,29,2024-07-21,50.0,66.0,100.0,20.0,38.0,,100.0,84.0
TX,2024,23,30,2024-07-28,60.0,78.0,100.0,27.0,42.0,,100.0,88.0
TX,2024,24,31,2024-08-04,65.0,82.0,100.0,35.0,47.0,,100.0,95.0
TX,2024,25,32,2024-08-11,69.0,85.0,100.0,38.0,52.0,,100.0,98.0
TX,2024,26,33,2024-08-18,82.0,88.0,100.0,60.0,68.0,,100.0,100.0
TX,2024,27,34,2024-08-25,89.0,95.0,100.0,65.0,75.0,,100.0,100.0
TX,2024,28,35,2024-09-01,95.0,99.0,100.0,70.0,87.0,,100.0,100.0
TX,2024,29,36,2024-09-08,99.0,100.0,100.0,75.0,93.0,,100.0,100.0
TX,2024,30,37,2024-09-15,100.0,100.0,100.0,80.0,97.0,,100.0,100.0
TX,2024,31,38,2024-09-22,100.0,100.0,100.0,85.0,100.0,,100.0,100.0
TX,2024,32,39,2024-09-29,100.0,100.0,100.0,91.0,100.0,,100.0,100.0
TX,2024,33,40,2024-10-06,100.0,100.0,100.0,95.0,100.0,,100.0,100.0
TX,2024,34,41,2024-10-13,100.0,100.0,100.0,98.0,100.0,,100.0,100.0
TX,2024,35,42,2024-10-20,100.0,100.0,100.0,99.0,100.0,,100.0,100.0
TX,2024,36,43,2024-10-27,100.0,100.0,100.0,99.0,100.0,,100.0,100.0
TX,2024,37,44,2024-11-03,100.0,100.0,100.0,100.0,100.0,,100.0,100.0
TX,2024,38,45,2024-11-10,100.0,100.0,100.0,100.0,100.0,,100.0,100.0
TX,2025,3,10,2025-03-09,0.0,0.0,0.0,0.0,0.0,,24.0,0.0
TX,2025,4,11,2025-03-16,0.0,0.0,0.0,0.0,0.0,,32.0,0.0
TX,2025,5,12,2025-03-23,0.0,0.0,23.0,0.0,0.0,,45.0,0.0
TX,2025,6,13,2025-03-30,0.0,0.0,35.0,0.0,0.0,,55.0,0.0
TX,2025,7,14,2025-04-06,0.0,0.0,37.0,0.0,0.0,,59.0,0.0
TX,2025,8,15,2025-04-13,0.0,0.0,50.0,0.0,0.0,,63.0,0.0
TX,2025,9,16,2025-04-20,0.0,0.0,63.0,0.0,0.0,,69.0,0.0
TX,2025,10,17,2025-04-27,0.0,0.0,67.0,0.0,0.0,,74.0,0.0
TX,2025,11,18,2025-05-04,0.0,0.0,70.0,0.0,0.0,,78.0,5.0
TX,2025,12,19,2025-05-11,0.0,0.0,79.0,0.0,0.0,,84.0,15.0
TX,2025,13,20,2025-05-18,0.0,0.0,85.0,0.0,0.0,,89.0,30.0
TX,2025,14,21,2025-05-25,0.0,0.0,88.0,0.0,0.0,,93.0,40.0
TX,2025,15,22,2025-06-01,0.0,0.0,92.0,0.0,0.0,,95.0,50.0
TX,2025,16,23,2025-06-08,0.0,7.0,95.0,0.0,0.0,,97.0,60.0
TX,2025,17,24,2025-06-15,0.0,19.0,96.0,0.0,0.0,,97.0,64.0
TX,2025,18,25,2025-06-22,0.0,36.0,98.0,0.0,0.0,,97.0,67.0
TX,2025,19,26,2025-06-29,0.0,46.0,100.0,0.0,0.0,,97.0,72.0
TX,2025,20,27,2025-07-06,19.0,58.0,100.0,2.0,8.0,,97.0,76.0
TX,2025,21,28,2025-07-13,39.0,69.0,100.0,6.0,30.0,,97.0,82.0
TX,2025,22,29,2025-07-20,49.0,74.0,100.0,8.0,39.0,,97.0,88.0
TX,2025,23,30,2025-07-27,59.0,76.0,100.0,20.0,43.0,,97.0,91.0
TX,2025,24,31,2025-08-03,64.0,78.0,100.0,25.0,51.0,,97.0,95.0
TX,2025,25,32,2025-08-10,69.0,84.0,100.0,37.0,60.0,,97.0,98.0
TX,2025,26,33,2025-08-17,72.0,86.0,100.0,52.0,65.0,,97.0,100.0
TX,2025,27,34,2025-08-24,86.0,93.0,100.0,58.0,71.0,,97.0,100.0
TX,2025,28,35,2025-08-31,90.0,98.0,100.0,62.0,75.0,,97.0,100.0
TX,2025,29,36,2025-09-07,95.0,100.0,100.0,69.0,83.0,,97.0,100.0
TX,2025,30,37,2025-09-14,97.0,100.0,100.0,71.0,90.0,,97.0,100.0
TX,2025,31,38,2025-09-21,100.0,100.0,100.0,76.0,94.0,,97.0,100.0
TX,2025,32,39,2025-09-28,100.0,100.0,100.0,79.0,96.0,,97.0,100.0
TX,2025,39,46,2025-11-16,100.0,100.0,100.0,95.0,96.0,,97.0,100.0
TX,2025,40,47,2025-11-23,100.0,100.0,100.0,98.0,96.0,,97.0,100.0
UT,2016,7,14,2016-04-10,0.0,0.0,0.0,0.0,0.0,,0.0,0.0
UT,2016,8,15,2016-04-17,0.0,0.0,0.0,0.0,0.0,,1.0,0.0
UT,2016,9,16,2016-04-24,0.0,0.0,0.0,0.0,0.0,,3.0,0.0
UT,2016,10,17,2016-05-01,0.0,0.0,0.0,0.0,0.0,,15.0,0.0
UT,2016,11,18,2016-05-08,0.0,0.0,0.0,0.0,0.0,,43.0,0.0
UT,2016,12,19,2016-05-15,0.0,0.0,10.0,0.0,0.0,,66.0,0.0
UT,2016,13,20,2016-05-22,0.0,0.0,31.0,0.0,0.0,,80.0,0.0
UT,2016,14,21,2016-05-29,0.0,0.0,59.0,0.0,0.0,,90.0,0.0
UT,2016,15,22,2016-06-05,0.0,0.0,78.0,0.0,0.0,,96.0,0.0
UT,2016,16,23,2016-06-12,0.0,0.0,88.0,0.0,0.0,,96.0,0.0
UT,2016,17,24,2016-06-19,0.0,0.0,95.0,0.0,0.0,,96.0,0.0
UT,2016,19,26,2016-07-03,0.0,0.0,95.0,0.0,0.0,,96.0,0.0
UT,2016,20,27,2016-07-10,0.0,0.0,95.0,0.0,0.0,,96.0,0.0
UT,2016,21,28,2016-07-17,0.0,0.0,95.0,0.0,0.0,,96.0,9.0
UT,2016,22,29,2016-07-24,0.0,0.0,95.0,0.0,0.0,,96.0,17.0
UT,2016,23,30,2016-07-31,0.0,0.0,95.0,0.0,0.0,,96.0,45.0
UT,2016,24,31,2016-08-07,0.0,3.0,95.0,0.0,0.0,,96.0,70.0
UT,2016,25,32,2016-08-14,0.0,28.0,95.0,0.0,0.0,,96.0,89.0
UT,2016,26,33,2016-08-21,0.0,35.0,95.0,0.0,0.0,,96.0,96.0
UT,2016,27,34,2016-08-28,0.0,58.0,95.0,0.0,0.0,,96.0,96.0
UT,2016,28,35,2016-09-04,1.0,70.0,95.0,0.0,0.0,,96.0,96.0
UT,2016,29,36,2016-09-11,20.0,79.0,95.0,3.0,0.0,,96.0,96.0
UT,2016,30,37,2016-09-18,49.0,87.0,95.0,27.0,3.0,,96.0,96.0
UT,2016,31,38,2016-09-25,74.0,92.0,95.0,51.0,17.0,,96.0,96.0
UT,2016,32,39,2016-10-02,79.0,95.0,95.0,75.0,40.0,,96.0,96.0
UT,2016,33,40,2016-10-09,85.0,95.0,95.0,2.0,51.0,,96.0,96.0
UT,2016,34,41,2016-10-16,91.0,95.0,95.0,5.0,64.0,,96.0,96.0
UT,2016,35,42,2016-10-23,96.0,95.0,95.0,12.0,75.0,,96.0,96.0
UT,2016,36,43,2016-10-30,96.0,95.0,95.0,29.0,93.0,,96.0,96.0
UT,2016,37,44,2016-11-06,96.0,95.0,95.0,57.0,97.0,,96.0,96.0
UT,2016,38,45,2016-11-13,96.0,95.0,95.0,82.0,97.0,,96.0,96.0
UT,2016,39,46,2016-11-20,96.0,95.0,95.0,87.0,97.0,,96.0,96.0
UT,2016,40,47,2016-11-27,96.0,95.0,95.0,90.0,97.0,,96.0,96.0
UT,2017,8,15,2017-04-16,0.0,0.0,0.0,0.0,0.0,,0.0,0.0
UT,2017,9,16,2017-04-23,0.0,0.0,0.0,0.0,0.0,,4.0,0.0
UT,2017,10,17,2017-04-30,0.0,0.0,0.0,0.0,0.0,,8.0,0.0
UT,2017,11,18,2017-05-07,0.0,0.0,0.0,0.0,0.0,,23.0,0.0
UT,2017,12,19,2017-05-14,0.0,0.0,11.0,0.0,0.0,,61.0,0.0
UT,2017,13,20,2017-05-21,0.0,0.0,32.0,0.0,0.0,,78.0,0.0
UT,2017,14,21,2017-05-28,0.0,0.0,61.0,0.0,0.0,,90.0,0.0
UT,2017,15,22,2017-06-04,0.0,0.0,79.0,0.0,0.0,,97.0,0.0
UT,2017,16,23,2017-06-11,0.0,0.0,92.0,0.0,0.0,,97.0,0.0
UT,2017,17,24,2017-06-18,0.0,0.0,96.0,0.0,0.0,,97.0,0.0
UT,2017,20,27,2017-07-09,0.0,0.0,96.0,0.0,0.0,,97.0,0.0
UT,2017,21,28,2017-07-16,0.0,0.0,96.0,0.0,0.0,,97.0,2.0
UT,2017,22,29,2017-07-23,0.0,0.0,96.0,0.0,0.0,,97.0,15.0
UT,2017,23,30,2017-07-30,0.0,0.0,96.0,0.0,0.0,,97.0,41.0
UT,2017,24,31,2017-08-06,0.0,1.0,96.0,0.0,0.0,,97.0,68.0
UT,2017,25,32,2017-08-13,0.0,19.0,96.0,0.0,0.0,,97.0,89.0
UT,2017,26,33,2017-08-20,0.0,40.0,96.0,0.0,0.0,,97.0,94.0
UT,2017,27,34,2017-08-27,3.0,50.0,96.0,0.0,0.0,,97.0,98.0
UT,2017,28,35,2017-09-03,13.0,79.0,96.0,0.0,0.0,,97.0,98.0
UT,2017,29,36,2017-09-10,30.0,93.0,96.0,3.0,0.0,,97.0,98.0
UT,2017,30,37,2017-09-17,57.0,97.0,96.0,21.0,8.0,,97.0,98.0
UT,2017,31,38,2017-09-24,80.0,97.0,96.0,40.0,32.0,,97.0,98.0
UT,2017,32,39,2017-10-01,90.0,97.0,96.0,59.0,58.0,,97.0,98.0
UT,2017,33,40,2017-10-08,93.0,97.0,96.0,12.0,76.0,,97.0,98.0
UT,2017,34,41,2017-10-15,95.0,97.0,96.0,34.0,87.0,,97.0,98.0
UT,2017,35,42,2017-10-22,95.0,97.0,96.0,63.0,90.0,,97.0,98.0
UT,2017,36,43,2017-10-29,95.0,97.0,96.0,73.0,94.0,,97.0,98.0
UT,2017,37,44,2017-11-05,95.0,97.0,96.0,80.0,97.0,,97.0,98.0
UT,2017,38,45,2017-11-12,95.0,97.0,96.0,83.0,97.0,,97.0,98.0
UT,2017,39,46,2017-11-19,95.0,97.0,96.0,89.0,97.0,,97.0,98.0
UT,2017,40,47,2017-11-26,95.0,97.0,96.0,94.0,97.0,,97.0,98.0
UT,2018,9,16,2018-04-22,0.0,0.0,0.0,0.0,0.0,,0.0,0.0
UT,2018,10,17,2018-04-29,0.0,0.0,0.0,0.0,0.0,,12.0,0.0
UT,2018,11,18,2018-05-06,0.0,0.0,0.0,0.0,0.0,,28.0,0.0
UT,2018,12,19,2018-05-13,0.0,0.0,8.0,0.0,0.0,,46.0,0.0
UT,2018,13,20,2018-05-20,0.0,0.0,31.0,0.0,0.0,,61.0,0.0
UT,2018,14,21,2018-05-27,0.0,0.0,48.0,0.0,0.0,,78.0,0.0
UT,2018,15,22,2018-06-03,0.0,0.0,56.0,0.0,0.0,,96.0,0.0
UT,2018,16,23,2018-06-10,0.0,0.0,66.0,0.0,0.0,,96.0,0.0
UT,2018,17,24,2018-06-17,0.0,0.0,72.0,0.0,0.0,,96.0,0.0
UT,2018,18,25,2018-06-24,0.0,0.0,82.0,0.0,0.0,,96.0,0.0
UT,2018,19,26,2018-07-01,0.0,0.0,91.0,0.0,0.0,,96.0,0.0
UT,2018,20,27,2018-07-08,0.0,0.0,98.0,0.0,0.0,,96.0,2.0
UT,2018,21,28,2018-07-15,0.0,0.0,98.0,0.0,0.0,,96.0,11.0
UT,2018,22,29,2018-07-22,0.0,0.0,98.0,0.0,0.0,,96.0,20.0
UT,2018,23,30,2018-07-29,0.0,0.0,98.0,0.0,0.0,,96.0,37.0
UT,2018,24,31,2018-08-05,0.0,4.0,98.0,0.0,0.0,,96.0,62.0
UT,2018,25,32,2018-08-12,0.0,15.0,98.0,0.0,0.0,,96.0,75.0
UT,2018,26,33,2018-08-19,0.0,30.0,98.0,0.0,0.0,,96.0,89.0
UT,2018,27,34,2018-08-26,8.0,44.0,98.0,0.0,0.0,,96.0,93.0
UT,2018,28,35,2018-09-02,19.0,49.0,98.0,0.0,0.0,,96.0,95.0
UT,2018,29,36,2018-09-09,40.0,75.0,98.0,5.0,0.0,,96.0,95.0
UT,2018,30,37,2018-09-16,68.0,88.0,98.0,25.0,10.0,,96.0,95.0
UT,2018,31,38,2018-09-23,82.0,96.0,98.0,50.0,36.0,,96.0,95.0
UT,2018,32,39,2018-09-30,85.0,96.0,98.0,2.0,50.0,,96.0,95.0
UT,2018,33,40,2018-10-07,91.0,96.0,98.0,9.0,64.0,,96.0,95.0
UT,2018,34,41,2018-10-14,95.0,96.0,98.0,25.0,75.0,,96.0,95.0
UT,2018,35,42,2018-10-21,95.0,96.0,98.0,32.0,85.0,,96.0,95.0
UT,2018,36,43,2018-10-28,95.0,96.0,98.0,40.0,94.0,,96.0,95.0
UT,2018,37,44,2018-11-04,95.0,96.0,98.0,48.0,96.0,,96.0,95.0
UT,2018,38,45,2018-11-11,95.0,96.0,98.0,57.0,96.0,,96.0,95.0
UT,2018,39,46,2018-11-18,95.0,96.0,98.0,70.0,96.0,,96.0,95.0
UT,2018,40,47,2018-11-25,95.0,96.0,98.0,80.0,96.0,,96.0,95.0
UT,2019,8,15,2019-04-14,0.0,0.0,0.0,0.0,0.0,,1.0,0.0
UT,2019,9,16,2019-04-21,0.0,0.0,0.0,0.0,0.0,,2.0,0.0
UT,2019,10,17,2019-04-28,0.0,0.0,0.0,0.0,0.0,,3.0,0.0
UT,2019,11,18,2019-05-05,0.0,0.0,0.0,0.0,0.0,,21.0,0.0
UT,2019,12,19,2019-05-12,0.0,0.0,2.0,0.0,0.0,,38.0,0.0
UT,2019,13,20,2019-05-19,0.0,0.0,17.0,0.0,0.0,,52.0,0.0
UT,2019,14,21,2019-05-26,0.0,0.0,27.0,0.0,0.0,,65.0,0.0
UT,2019,15,22,2019-06-02,0.0,0.0,41.0,0.0,0.0,,71.0,0.0
UT,2019,16,23,2019-06-09,0.0,0.0,60.0,0.0,0.0,,81.0,0.0
UT,2019,17,24,2019-06-16,0.0,0.0,69.0,0.0,0.0,,85.0,0.0
UT,2019,18,25,2019-06-23,0.0,0.0,71.0,0.0,0.0,,90.0,0.0
UT,2019,19,26,2019-06-30,0.0,0.0,78.0,0.0,0.0,,95.0,0.0
UT,2019,20,27,2019-07-07,0.0,0.0,95.0,0.0,0.0,,95.0,0.0
UT,2019,21,28,2019-07-14,0.0,0.0,95.0,0.0,0.0,,95.0,3.0
UT,2019,22,29,2019-07-21,0.0,0.0,95.0,0.0,0.0,,95.0,5.0
UT,2019,23,30,2019-07-28,0.0,0.0,95.0,0.0,0.0,,95.0,21.0
UT,2019,24,31,2019-08-04,0.0,0.0,95.0,0.0,0.0,,95.0,44.0
UT,2019,25,32,2019-08-11,0.0,1.0,95.0,0.0,0.0,,95.0,63.0
UT,2019,26,33,2019-08-18,0.0,17.0,95.0,0.0,0.0,,95.0,81.0
UT,2019,27,34,2019-08-25,0.0,28.0,95.0,0.0,0.0,,95.0,90.0
UT,2019,28,35,2019-09-01,0.0,41.0,95.0,0.0,0.0,,95.0,95.0
UT,2019,29,36,2019-09-08,10.0,66.0,95.0,0.0,0.0,,95.0,95.0
UT,2019,30,37,2019-09-15,29.0,83.0,95.0,4.0,0.0,,95.0,95.0
UT,2019,31,38,2019-09-22,50.0,90.0,95.0,19.0,0.0,,95.0,95.0
UT,2019,32,39,2019-09-29,59.0,95.0,95.0,33.0,7.0,,95.0,95.0
UT,2019,33,40,2019-10-06,80.0,95.0,95.0,62.0,30.0,,95.0,95.0
UT,2019,34,41,2019-10-13,95.0,95.0,95.0,90.0,57.0,,95.0,95.0
UT,2019,35,42,2019-10-20,95.0,95.0,95.0,12.0,78.0,,95.0,95.0
UT,2019,36,43,2019-10-27,95.0,95.0,95.0,30.0,86.0,,95.0,95.0
UT,2019,37,44,2019-11-03,95.0,95.0,95.0,42.0,91.0,,95.0,95.0
UT,2019,38,45,2019-11-10,95.0,95.0,95.0,50.0,95.0,,95.0,95.0
UT,2019,39,46,2019-11-17,95.0,95.0,95.0,65.0,95.0,,95.0,95.0
UT,2019,40,47,2019-11-24,95.0,95.0,95.0,83.0,95.0,,95.0,95.0
UT,2020,8,15,2020-04-12,0.0,0.0,0.0,0.0,0.0,,0.0,0.0
UT,2020,9,16,2020-04-19,0.0,0.0,0.0,0.0,0.0,,4.0,0.0
UT,2020,10,17,2020-04-26,0.0,0.0,0.0,0.0,0.0,,25.0,0.0
UT,2020,11,18,2020-05-03,0.0,0.0,1.0,0.0,0.0,,46.0,0.0
UT,2020,12,19,2020-05-10,0.0,0.0,11.0,0.0,0.0,,59.0,0.0
UT,2020,13,20,2020-05-17,0.0,0.0,27.0,0.0,0.0,,73.0,0.0
UT,2020,14,21,2020-05-24,0.0,0.0,50.0,0.0,0.0,,80.0,0.0
UT,2020,15,22,2020-05-31,0.0,0.0,54.0,0.0,0.0,,83.0,0.0
UT,2020,16,23,2020-06-07,0.0,0.0,58.0,0.0,0.0,,87.0,0.0
UT,2020,17,24,2020-06-14,0.0,0.0,73.0,0.0,0.0,,95.0,0.0
UT,2020,18,25,2020-06-21,0.0,0.0,84.0,0.0,0.0,,95.0,0.0
UT,2020,19,26,2020-06-28,0.0,0.0,95.0,0.0,0.0,,95.0,0.0
UT,2020,20,27,2020-07-05,0.0,0.0,95.0,0.0,0.0,,95.0,0.0
UT,2020,21,28,2020-07-12,0.0,0.0,95.0,0.0,0.0,,95.0,0.0
UT,2020,22,29,2020-07-19,0.0,0.0,95.0,0.0,0.0,,95.0,1.0
UT,2020,23,30,2020-07-26,0.0,0.0,95.0,0.0,0.0,,95.0,11.0
UT,2020,24,31,2020-08-02,0.0,0.0,95.0,0.0,0.0,,95.0,27.0
UT,2020,25,32,2020-08-09,0.0,0.0,95.0,0.0,0.0,,95.0,38.0
UT,2020,26,33,2020-08-16,0.0,4.0,95.0,0.0,0.0,,95.0,61.0
UT,2020,27,34,2020-08-23,0.0,25.0,95.0,0.0,0.0,,95.0,77.0
UT,2020,28,35,2020-08-30,0.0,45.0,95.0,0.0,0.0,,95.0,83.0
UT,2020,29,36,2020-09-06,8.0,62.0,95.0,0.0,0.0,,95.0,89.0
UT,2020,30,37,2020-09-13,28.0,79.0,95.0,13.0,0.0,,95.0,95.0
UT,2020,31,38,2020-09-20,47.0,88.0,95.0,34.0,18.0,,95.0,95.0
UT,2020,32,39,2020-09-27,60.0,96.0,95.0,54.0,31.0,,95.0,95.0
UT,2020,33,40,2020-10-04,89.0,96.0,95.0,4.0,57.0,,95.0,95.0
UT,2020,34,41,2020-10-11,95.0,96.0,95.0,23.0,72.0,,95.0,95.0
UT,2020,35,42,2020-10-18,95.0,96.0,95.0,44.0,82.0,,95.0,95.0
UT,2020,36,43,2020-10-25,95.0,96.0,95.0,61.0,88.0,,95.0,95.0
UT,2020,37,44,2020-11-01,95.0,96.0,95.0,66.0,90.0,,95.0,95.0
UT,2020,38,45,2020-11-08,95.0,96.0,95.0,78.0,95.0,,95.0,95.0
UT,2020,39,46,2020-11-15,95.0,96.0,95.0,84.0,95.0,,95.0,95.0
UT,2020,40,47,2020-11-22,95.0,96.0,95.0,89.0,95.0,,95.0,95.0
UT,2020,41,48,2020-11-29,95.0,96.0,95.0,96.0,95.0,,95.0,95.0
UT,2021,8,15,2021-04-18,0.0,0.0,0.0,0.0,0.0,,2.0,0.0
UT,2021,9,16,2021-04-25,0.0,0.0,0.0,0.0,0.0,,5.0,0.0
UT,2021,10,17,2021-05-02,0.0,0.0,0.0,0.0,0.0,,17.0,0.0
UT,2021,11,18,2021-05-09,0.0,0.0,5.0,0.0,0.0,,33.0,0.0
UT,2021,12,19,2021-05-16,0.0,0.0,17.0,0.0,0.0,,45.0,0.0
UT,2021,13,20,2021-05-23,0.0,0.0,31.0,0.0,0.0,,55.0,0.0
UT,2021,14,21,2021-05-30,0.0,0.0,45.0,0.0,0.0,,70.0,0.0
UT,2021,15,22,2021-06-06,0.0,0.0,71.0,0.0,0.0,,94.0,0.0
UT,2021,16,23,2021-06-13,0.0,0.0,82.0,0.0,0.0,,99.0,0.0
UT,2021,17,24,2021-06-20,0.0,0.0,97.0,0.0,0.0,,99.0,0.0
UT,2021,18,25,2021-06-27,0.0,0.0,97.0,0.0,0.0,,99.0,0.0
UT,2021,19,26,2021-07-04,0.0,0.0,97.0,0.0,0.0,,99.0,0.0
UT,2021,20,27,2021-07-11,0.0,0.0,97.0,0.0,0.0,,99.0,2.0
UT,2021,21,28,2021-07-18,0.0,0.0,97.0,0.0,0.0,,99.0,12.0
UT,2021,22,29,2021-07-25,0.0,0.0,97.0,0.0,0.0,,99.0,29.0
UT,2021,23,30,2021-08-01,0.0,0.0,97.0,0.0,0.0,,99.0,45.0
UT,2021,24,31,2021-08-08,0.0,0.0,97.0,0.0,0.0,,99.0,60.0
UT,2021,25,32,2021-08-15,0.0,8.0,97.0,0.0,0.0,,99.0,74.0
UT,2021,26,33,2021-08-22,0.0,25.0,97.0,0.0,0.0,,99.0,87.0
UT,2021,27,34,2021-08-29,0.0,45.0,97.0,0.0,0.0,,99.0,95.0
UT,2021,28,35,2021-09-05,9.0,64.0,97.0,8.0,0.0,,99.0,95.0
UT,2021,29,36,2021-09-12,28.0,77.0,97.0,17.0,0.0,,99.0,95.0
UT,2021,30,37,2021-09-19,39.0,82.0,97.0,24.0,7.0,,99.0,95.0
UT,2021,31,38,2021-09-26,51.0,90.0,97.0,40.0,17.0,,99.0,95.0
UT,2021,32,39,2021-10-03,61.0,95.0,97.0,17.0,33.0,,99.0,95.0
UT,2021,33,40,2021-10-10,71.0,95.0,97.0,28.0,47.0,,99.0,95.0
UT,2021,34,41,2021-10-17,80.0,95.0,97.0,40.0,52.0,,99.0,95.0
UT,2021,35,42,2021-10-24,85.0,95.0,97.0,43.0,57.0,,99.0,95.0
UT,2021,36,43,2021-10-31,95.0,95.0,97.0,50.0,63.0,,99.0,95.0
UT,2021,37,44,2021-11-07,95.0,95.0,97.0,59.0,70.0,,99.0,95.0
UT,2021,38,45,2021-11-14,95.0,95.0,97.0,71.0,80.0,,99.0,95.0
UT,2021,39,46,2021-11-21,95.0,95.0,97.0,80.0,95.0,,99.0,95.0
UT,2021,40,47,2021-11-28,95.0,95.0,97.0,90.0,95.0,,99.0,95.0
UT,2022,7,14,2022-04-10,0.0,0.0,0.0,0.0,0.0,,0.0,0.0
UT,2022,8,15,2022-04-17,0.0,0.0,0.0,0.0,0.0,,2.0,0.0
UT,2022,9,16,2022-04-24,0.0,0.0,0.0,0.0,0.0,,3.0,0.0
UT,2022,10,17,2022-05-01,0.0,0.0,0.0,0.0,0.0,,10.0,0.0
UT,2022,11,18,2022-05-08,0.0,0.0,0.0,0.0,0.0,,32.0,0.0
UT,2022,12,19,2022-05-15,0.0,0.0,2.0,0.0,0.0,,44.0,0.0
UT,2022,13,20,2022-05-22,0.0,0.0,22.0,0.0,0.0,,64.0,0.0
UT,2022,14,21,2022-05-29,0.0,0.0,42.0,0.0,0.0,,75.0,0.0
UT,2022,15,22,2022-06-05,0.0,0.0,64.0,0.0,0.0,,84.0,0.0
UT,2022,16,23,2022-06-12,0.0,0.0,78.0,0.0,0.0,,88.0,0.0
UT,2022,17,24,2022-06-19,0.0,0.0,95.0,0.0,0.0,,97.0,0.0
UT,2022,18,25,2022-06-26,0.0,0.0,95.0,0.0,0.0,,97.0,0.0
UT,2022,19,26,2022-07-03,0.0,0.0,95.0,0.0,0.0,,97.0,0.0
UT,2022,20,27,2022-07-10,0.0,0.0,95.0,0.0,0.0,,97.0,0.0
UT,2022,21,28,2022-07-17,0.0,0.0,95.0,0.0,0.0,,97.0,2.0
UT,2022,22,29,2022-07-24,0.0,0.0,95.0,0.0,0.0,,97.0,18.0
UT,2022,23,30,2022-07-31,0.0,0.0,95.0,0.0,0.0,,97.0,43.0
UT,2022,24,31,2022-08-07,0.0,2.0,95.0,0.0,0.0,,97.0,63.0
UT,2022,25,32,2022-08-14,0.0,11.0,95.0,0.0,0.0,,97.0,73.0
UT,2022,26,33,2022-08-21,0.0,14.0,95.0,0.0,0.0,,97.0,77.0
UT,2022,27,34,2022-08-28,0.0,33.0,95.0,4.0,0.0,,97.0,79.0
UT,2022,28,35,2022-09-04,3.0,50.0,95.0,10.0,0.0,,97.0,90.0
UT,2022,29,36,2022-09-11,25.0,64.0,95.0,17.0,0.0,,97.0,95.0
UT,2022,30,37,2022-09-18,40.0,70.0,95.0,24.0,10.0,,97.0,95.0
UT,2022,31,38,2022-09-25,50.0,80.0,95.0,0.0,22.0,,97.0,95.0
UT,2022,32,39,2022-10-02,60.0,90.0,95.0,3.0,40.0,,97.0,95.0
UT,2022,33,40,2022-10-09,64.0,95.0,95.0,10.0,54.0,,97.0,95.0
UT,2022,34,41,2022-10-16,70.0,95.0,95.0,24.0,59.0,,97.0,95.0
UT,2022,35,42,2022-10-23,75.0,95.0,95.0,33.0,63.0,,97.0,95.0
UT,2022,36,43,2022-10-30,85.0,95.0,95.0,45.0,73.0,,97.0,95.0
UT,2022,37,44,2022-11-06,90.0,95.0,95.0,57.0,80.0,,97.0,95.0
UT,2022,38,45,2022-11-13,95.0,95.0,95.0,68.0,85.0,,97.0,95.0
UT,2022,39,46,2022-11-20,95.0,95.0,95.0,77.0,95.0,,97.0,95.0
UT,2022,40,47,2022-11-27,95.0,95.0,95.0,90.0,95.0,,97.0,95.0
UT,2023,7,14,2023-04-09,0.0,0.0,0.0,0.0,0.0,,0.0,0.0
UT,2023,8,15,2023-04-16,0.0,0.0,0.0,0.0,0.0,,1.0,0.0
UT,2023,9,16,2023-04-23,0.0,0.0,0.0,0.0,0.0,,3.0,0.0
UT,2023,10,17,2023-04-30,0.0,0.0,0.0,0.0,0.0,,8.0,0.0
UT,2023,11,18,2023-05-07,0.0,0.0,0.0,0.0,0.0,,28.0,0.0
UT,2023,12,19,2023-05-14,0.0,0.0,1.0,0.0,0.0,,38.0,0.0
UT,2023,13,20,2023-05-21,0.0,0.0,17.0,0.0,0.0,,56.0,0.0
UT,2023,14,21,2023-05-28,0.0,0.0,38.0,0.0,0.0,,72.0,0.0
UT,2023,15,22,2023-06-04,0.0,0.0,52.0,0.0,0.0,,87.0,0.0
UT,2023,16,23,2023-06-11,0.0,0.0,81.0,0.0,0.0,,93.0,0.0
UT,2023,17,24,2023-06-18,0.0,0.0,86.0,0.0,0.0,,95.0,0.0
UT,2023,18,25,2023-06-25,0.0,0.0,95.0,0.0,0.0,,95.0,0.0
UT,2023,19,26,2023-07-02,0.0,0.0,95.0,0.0,0.0,,95.0,1.0
UT,2023,20,27,2023-07-09,0.0,0.0,95.0,0.0,0.0,,95.0,6.0
UT,2023,21,28,2023-07-16,0.0,0.0,95.0,0.0,0.0,,95.0,8.0
UT,2023,22,29,2023-07-23,0.0,0.0,95.0,0.0,0.0,,95.0,33.0
UT,2023,23,30,2023-07-30,0.0,2.0,95.0,0.0,0.0,,95.0,55.0
UT,2023,24,31,2023-08-06,0.0,8.0,95.0,0.0,0.0,,95.0,72.0
UT,2023,25,32,2023-08-13,0.0,17.0,95.0,0.0,0.0,,95.0,81.0
UT,2023,26,33,2023-08-20,0.0,38.0,95.0,0.0,0.0,,95.0,88.0
UT,2023,27,34,2023-08-27,10.0,55.0,95.0,0.0,0.0,,95.0,91.0
UT,2023,28,35,2023-09-03,22.0,64.0,95.0,0.0,0.0,,95.0,95.0
UT,2023,29,36,2023-09-10,41.0,76.0,95.0,1.0,4.0,,95.0,95.0
UT,2023,30,37,2023-09-17,57.0,80.0,95.0,7.0,18.0,,95.0,95.0
UT,2023,31,38,2023-09-24,67.0,83.0,95.0,1.0,29.0,,95.0,95.0
UT,2023,32,39,2023-10-01,76.0,90.0,95.0,7.0,48.0,,95.0,95.0
UT,2023,33,40,2023-10-08,81.0,95.0,95.0,18.0,62.0,,95.0,95.0
UT,2023,34,41,2023-10-15,85.0,95.0,95.0,26.0,70.0,,95.0,95.0
UT,2023,35,42,2023-10-22,90.0,95.0,95.0,37.0,76.0,,95.0,95.0
UT,2023,36,43,2023-10-29,95.0,95.0,95.0,52.0,84.0,,95.0,95.0
UT,2023,37,44,2023-11-05,95.0,95.0,95.0,61.0,92.0,,95.0,95.0
UT,2023,38,45,2023-11-12,95.0,95.0,95.0,71.0,95.0,,95.0,95.0
UT,2023,39,46,2023-11-19,95.0,95.0,95.0,87.0,95.0,,95.0,95.0
UT,2023,40,47,2023-11-26,95.0,95.0,95.0,95.0,95.0,,95.0,95.0
UT,2024,7,14,2024-04-07,0.0,0.0,0.0,0.0,0.0,,0.0,0.0
UT,2024,8,15,2024-04-14,0.0,0.0,0.0,0.0,0.0,,1.0,0.0
UT,2024,9,16,2024-04-21,0.0,0.0,0.0,0.0,0.0,,6.0,0.0
UT,2024,10,17,2024-04-28,0.0,0.0,0.0,0.0,0.0,,14.0,0.0
UT,2024,11,18,2024-05-05,0.0,0.0,1.0,0.0,0.0,,25.0,0.0
UT,2024,12,19,2024-05-12,0.0,0.0,4.0,0.0,0.0,,44.0,0.0
UT,2024,13,20,2024-05-19,0.0,0.0,7.0,0.0,0.0,,49.0,0.0
UT,2024,14,21,2024-05-26,0.0,0.0,8.0,0.0,0.0,,50.0,0.0
UT,2024,15,22,2024-06-02,0.0,0.0,40.0,0.0,0.0,,82.0,0.0
UT,2024,16,23,2024-06-09,0.0,0.0,69.0,0.0,0.0,,92.0,0.0
UT,2024,17,24,2024-06-16,0.0,0.0,84.0,0.0,0.0,,92.0,0.0
UT,2024,18,25,2024-06-23,0.0,0.0,88.0,0.0,0.0,,95.0,0.0
UT,2024,19,26,2024-06-30,0.0,0.0,95.0,0.0,0.0,,95.0,0.0
UT,2024,20,27,2024-07-07,0.0,0.0,95.0,0.0,0.0,,95.0,0.0
UT,2024,21,28,2024-07-14,0.0,0.0,95.0,0.0,0.0,,95.0,6.0
UT,2024,22,29,2024-07-21,0.0,0.0,95.0,0.0,0.0,,95.0,23.0
UT,2024,23,30,2024-07-28,0.0,5.0,95.0,0.0,0.0,,95.0,49.0
UT,2024,24,31,2024-08-04,0.0,14.0,95.0,0.0,0.0,,95.0,65.0
UT,2024,25,32,2024-08-11,0.0,19.0,95.0,0.0,0.0,,95.0,72.0
UT,2024,26,33,2024-08-18,0.0,30.0,95.0,0.0,0.0,,95.0,79.0
UT,2024,27,34,2024-08-25,3.0,54.0,95.0,0.0,0.0,,95.0,85.0
UT,2024,28,35,2024-09-01,7.0,66.0,95.0,2.0,0.0,,95.0,95.0
UT,2024,29,36,2024-09-08,16.0,74.0,95.0,7.0,0.0,,95.0,95.0
UT,2024,30,37,2024-09-15,39.0,79.0,95.0,14.0,8.0,,95.0,95.0
UT,2024,31,38,2024-09-22,68.0,92.0,95.0,1.0,34.0,,95.0,95.0
UT,2024,32,39,2024-09-29,84.0,95.0,95.0,5.0,48.0,,95.0,95.0
UT,2024,33,40,2024-10-06,90.0,95.0,95.0,9.0,60.0,,95.0,95.0
UT,2024,34,41,2024-10-13,95.0,95.0,95.0,23.0,88.0,,95.0,95.0
UT,2024,35,42,2024-10-20,95.0,95.0,95.0,54.0,95.0,,95.0,95.0
UT,2024,36,43,2024-10-27,95.0,95.0,95.0,61.0,95.0,,95.0,95.0
UT,2024,37,44,2024-11-03,95.0,95.0,95.0,73.0,95.0,,95.0,95.0
UT,2024,38,45,2024-11-10,95.0,95.0,95.0,80.0,95.0,,95.0,95.0
UT,2024,39,46,2024-11-17,95.0,95.0,95.0,86.0,95.0,,95.0,95.0
UT,2024,40,47,2024-11-24,95.0,95.0,95.0,88.0,95.0,,95.0,95.0
UT,2025,8,15,2025-04-13,0.0,0.0,0.0,0.0,,,0.0,0.0
UT,2025,9,16,2025-04-20,0.0,0.0,0.0,0.0,,,2.0,0.0
UT,2025,10,17,2025-04-27,0.0,0.0,0.0,0.0,,,6.0,0.0
UT,2025,11,18,2025-05-04,0.0,0.0,0.0,0.0,,,12.0,0.0
UT,2025,12,19,2025-05-11,0.0,0.0,12.0,0.0,,,35.0,0.0
UT,2025,13,20,2025-05-18,0.0,0.0,22.0,0.0,,,55.0,0.0
UT,2025,14,21,2025-05-25,0.0,0.0,29.0,0.0,,,60.0,0.0
UT,2025,15,22,2025-06-01,0.0,0.0,37.0,0.0,,,75.0,0.0
UT,2025,16,23,2025-06-08,0.0,0.0,57.0,0.0,,,85.0,0.0
UT,2025,17,24,2025-06-15,0.0,0.0,73.0,0.0,,,95.0,0.0
UT,2025,18,25,2025-06-22,0.0,0.0,85.0,0.0,,,99.0,0.0
UT,2025,19,26,2025-06-29,0.0,0.0,95.0,0.0,,,100.0,0.0
UT,2025,20,27,2025-07-06,0.0,0.0,95.0,0.0,,,100.0,1.0
UT,2025,21,28,2025-07-13,0.0,0.0,95.0,0.0,,,100.0,14.0
UT,2025,22,29,2025-07-20,0.0,0.0,95.0,0.0,,,100.0,29.0
UT,2025,23,30,2025-07-27,0.0,1.0,95.0,0.0,,,100.0,41.0
UT,2025,24,31,2025-08-03,0.0,3.0,95.0,0.0,,,100.0,50.0
UT,2025,25,32,2025-08-10,0.0,6.0,95.0,0.0,,,100.0,55.0
UT,2025,26,33,2025-08-17,0.0,11.0,95.0,0.0,,,100.0,59.0
UT,2025,27,34,2025-08-24,0.0,23.0,95.0,0.0,,,100.0,67.0
UT,2025,28,35,2025-08-31,0.0,44.0,95.0,0.0,,,100.0,71.0
UT,2025,29,36,2025-09-07,14.0,50.0,95.0,2.0,,,100.0,76.0
UT,2025,30,37,2025-09-14,18.0,53.0,95.0,3.0,,,100.0,78.0
UT,2025,31,38,2025-09-21,21.0,55.0,95.0,9.0,,,100.0,80.0
UT,2025,32,39,2025-09-28,41.0,80.0,95.0,16.0,,,100.0,95.0
UT,2025,39,46,2025-11-16,41.0,80.0,95.0,75.0,,,100.0,95.0
UT,2025,40,47,2025-11-23,41.0,80.0,95.0,85.0,,,100.0,95.0
VA,2016,7,14,2016-04-10,0.0,0.0,0.0,0.0,0.0,,5.0,0.0
VA,2016,8,15,2016-04-17,0.0,0.0,0.0,0.0,0.0,,20.0,0.0
VA,2016,9,16,2016-04-24,0.0,0.0,5.0,0.0,0.0,,37.0,0.0
VA,2016,10,17,2016-05-01,0.0,0.0,27.0,0.0,0.0,,52.0,0.0
VA,2016,11,18,2016-05-08,0.0,0.0,40.0,0.0,0.0,,61.0,0.0
VA,2016,12,19,2016-05-15,0.0,0.0,50.0,0.0,0.0,,66.0,0.0
VA,2016,13,20,2016-05-22,0.0,0.0,62.0,0.0,0.0,,72.0,0.0
VA,2016,14,21,2016-05-29,0.0,0.0,70.0,0.0,0.0,,80.0,0.0
VA,2016,15,22,2016-06-05,0.0,0.0,80.0,0.0,0.0,,89.0,0.0
VA,2016,16,23,2016-06-12,0.0,0.0,86.0,0.0,0.0,,95.0,0.0
VA,2016,17,24,2016-06-19,0.0,0.0,92.0,0.0,0.0,,95.0,0.0
VA,2016,18,25,2016-06-26,0.0,0.0,96.0,0.0,0.0,,95.0,2.0
VA,2016,19,26,2016-07-03,0.0,0.0,96.0,0.0,0.0,,95.0,15.0
VA,2016,20,27,2016-07-10,0.0,0.0,96.0,0.0,0.0,,95.0,40.0
VA,2016,21,28,2016-07-17,0.0,0.0,96.0,0.0,0.0,,95.0,55.0
VA,2016,22,29,2016-07-24,3.0,25.0,96.0,0.0,0.0,,95.0,65.0
VA,2016,23,30,2016-07-31,13.0,42.0,96.0,0.0,0.0,,95.0,81.0
VA,2016,24,31,2016-08-07,27.0,50.0,96.0,0.0,0.0,,95.0,88.0
VA,2016,25,32,2016-08-14,43.0,63.0,96.0,5.0,3.0,,95.0,93.0
VA,2016,26,33,2016-08-21,58.0,73.0,96.0,19.0,19.0,,95.0,95.0
VA,2016,27,34,2016-08-28,66.0,83.0,96.0,36.0,28.0,,95.0,95.0
VA,2016,28,35,2016-09-04,76.0,92.0,96.0,12.0,41.0,,95.0,95.0
VA,2016,29,36,2016-09-11,84.0,95.0,96.0,25.0,59.0,,95.0,95.0
VA,2016,30,37,2016-09-18,91.0,95.0,96.0,41.0,69.0,,95.0,95.0
VA,2016,31,38,2016-09-25,94.0,95.0,96.0,55.0,82.0,,95.0,95.0
VA,2016,32,39,2016-10-02,97.0,95.0,96.0,63.0,89.0,,95.0,95.0
VA,2016,33,40,2016-10-09,97.0,95.0,96.0,71.0,93.0,,95.0,95.0
VA,2016,34,41,2016-10-16,97.0,95.0,96.0,79.0,95.0,,95.0,95.0
VA,2016,35,42,2016-10-23,97.0,95.0,96.0,85.0,95.0,,95.0,95.0
VA,2016,36,43,2016-10-30,97.0,95.0,96.0,91.0,95.0,,95.0,95.0
VA,2016,37,44,2016-11-06,97.0,95.0,96.0,95.0,95.0,,95.0,95.0
VA,2017,6,13,2017-04-02,0.0,0.0,0.0,0.0,0.0,,0.0,0.0
VA,2017,7,14,2017-04-09,0.0,0.0,0.0,0.0,0.0,,6.0,0.0
VA,2017,8,15,2017-04-16,0.0,0.0,0.0,0.0,0.0,,23.0,0.0
VA,2017,9,16,2017-04-23,0.0,0.0,3.0,0.0,0.0,,46.0,0.0
VA,2017,10,17,2017-04-30,0.0,0.0,22.0,0.0,0.0,,57.0,0.0
VA,2017,11,18,2017-05-07,0.0,0.0,39.0,0.0,0.0,,72.0,0.0
VA,2017,12,19,2017-05-14,0.0,0.0,48.0,0.0,0.0,,80.0,0.0
VA,2017,13,20,2017-05-21,0.0,0.0,61.0,0.0,0.0,,88.0,0.0
VA,2017,14,21,2017-05-28,0.0,0.0,80.0,0.0,0.0,,93.0,0.0
VA,2017,15,22,2017-06-04,0.0,0.0,90.0,0.0,0.0,,95.0,0.0
VA,2017,16,23,2017-06-11,0.0,0.0,94.0,0.0,0.0,,95.0,0.0
VA,2017,17,24,2017-06-18,0.0,0.0,97.0,0.0,0.0,,95.0,8.0
VA,2017,18,25,2017-06-25,0.0,0.0,97.0,0.0,0.0,,95.0,28.0
VA,2017,19,26,2017-07-02,0.0,1.0,97.0,0.0,0.0,,95.0,46.0
VA,2017,20,27,2017-07-09,0.0,13.0,97.0,0.0,0.0,,95.0,55.0
VA,2017,21,28,2017-07-16,3.0,38.0,97.0,0.0,0.0,,95.0,72.0
VA,2017,22,29,2017-07-23,17.0,50.0,97.0,0.0,0.0,,95.0,82.0
VA,2017,23,30,2017-07-30,27.0,60.0,97.0,0.0,0.0,,95.0,91.0
VA,2017,24,31,2017-08-06,39.0,70.0,97.0,3.0,2.0,,95.0,96.0
VA,2017,25,32,2017-08-13,56.0,77.0,97.0,15.0,10.0,,95.0,96.0
VA,2017,26,33,2017-08-20,64.0,84.0,97.0,0.0,17.0,,95.0,96.0
VA,2017,27,34,2017-08-27,75.0,89.0,97.0,5.0,31.0,,95.0,96.0
VA,2017,28,35,2017-09-03,88.0,96.0,97.0,21.0,56.0,,95.0,96.0
VA,2017,29,36,2017-09-10,95.0,96.0,97.0,40.0,78.0,,95.0,96.0
VA,2017,30,37,2017-09-17,95.0,96.0,97.0,56.0,90.0,,95.0,96.0
VA,2017,31,38,2017-09-24,95.0,96.0,97.0,68.0,94.0,,95.0,96.0
VA,2017,32,39,2017-10-01,95.0,96.0,97.0,77.0,96.0,,95.0,96.0
VA,2017,33,40,2017-10-08,95.0,96.0,97.0,86.0,96.0,,95.0,96.0
VA,2017,34,41,2017-10-15,95.0,96.0,97.0,90.0,96.0,,95.0,96.0
VA,2017,35,42,2017-10-22,95.0,96.0,97.0,93.0,96.0,,95.0,96.0
VA,2017,36,43,2017-10-29,95.0,96.0,97.0,95.0,96.0,,95.0,96.0
VA,2018,7,14,2018-04-08,0.0,0.0,0.0,0.0,0.0,,3.0,0.0
VA,2018,8,15,2018-04-15,0.0,0.0,0.0,0.0,0.0,,15.0,0.0
VA,2018,9,16,2018-04-22,0.0,0.0,2.0,0.0,0.0,,32.0,0.0
VA,2018,10,17,2018-04-29,0.0,0.0,5.0,0.0,0.0,,42.0,0.0
VA,2018,11,18,2018-05-06,0.0,0.0,31.0,0.0,0.0,,63.0,0.0
VA,2018,12,19,2018-05-13,0.0,0.0,52.0,0.0,0.0,,76.0,0.0
VA,2018,13,20,2018-05-20,0.0,0.0,71.0,0.0,0.0,,85.0,0.0
VA,2018,14,21,2018-05-27,0.0,0.0,82.0,0.0,0.0,,90.0,0.0
VA,2018,15,22,2018-06-03,0.0,0.0,87.0,0.0,0.0,,92.0,0.0
VA,2018,16,23,2018-06-10,0.0,0.0,89.0,0.0,0.0,,95.0,0.0
VA,2018,17,24,2018-06-17,0.0,0.0,94.0,0.0,0.0,,95.0,0.0
VA,2018,18,25,2018-06-24,0.0,0.0,96.0,0.0,0.0,,95.0,7.0
VA,2018,19,26,2018-07-01,0.0,4.0,96.0,0.0,0.0,,95.0,33.0
VA,2018,20,27,2018-07-08,0.0,18.0,96.0,0.0,0.0,,95.0,56.0
VA,2018,21,28,2018-07-15,5.0,36.0,96.0,0.0,0.0,,95.0,70.0
VA,2018,22,29,2018-07-22,14.0,53.0,96.0,0.0,0.0,,95.0,78.0
VA,2018,23,30,2018-07-29,27.0,60.0,96.0,0.0,0.0,,95.0,84.0
VA,2018,24,31,2018-08-05,37.0,73.0,96.0,1.0,1.0,,95.0,90.0
VA,2018,25,32,2018-08-12,54.0,80.0,96.0,9.0,5.0,,95.0,95.0
VA,2018,26,33,2018-08-19,66.0,86.0,96.0,22.0,16.0,,95.0,95.0
VA,2018,27,34,2018-08-26,76.0,93.0,96.0,2.0,33.0,,95.0,95.0
VA,2018,28,35,2018-09-02,84.0,95.0,96.0,11.0,54.0,,95.0,95.0
VA,2018,29,36,2018-09-09,91.0,95.0,96.0,29.0,73.0,,95.0,95.0
VA,2018,30,37,2018-09-16,95.0,95.0,96.0,46.0,82.0,,95.0,95.0
VA,2018,31,38,2018-09-23,95.0,95.0,96.0,60.0,90.0,,95.0,95.0
VA,2018,32,39,2018-09-30,95.0,95.0,96.0,68.0,95.0,,95.0,95.0
VA,2018,33,40,2018-10-07,95.0,95.0,96.0,84.0,95.0,,95.0,95.0
VA,2018,34,41,2018-10-14,95.0,95.0,96.0,87.0,95.0,,95.0,95.0
VA,2018,35,42,2018-10-21,95.0,95.0,96.0,90.0,95.0,,95.0,95.0
VA,2018,36,43,2018-10-28,95.0,95.0,96.0,95.0,95.0,,95.0,95.0
VA,2019,7,14,2019-04-07,0.0,0.0,0.0,0.0,0.0,,1.0,0.0
VA,2019,8,15,2019-04-14,0.0,0.0,0.0,0.0,0.0,,14.0,0.0
VA,2019,9,16,2019-04-21,0.0,0.0,3.0,0.0,0.0,,22.0,0.0
VA,2019,10,17,2019-04-28,0.0,0.0,12.0,0.0,0.0,,40.0,0.0
VA,2019,11,18,2019-05-05,0.0,0.0,30.0,0.0,0.0,,61.0,0.0
VA,2019,12,19,2019-05-12,0.0,0.0,51.0,0.0,0.0,,75.0,0.0
VA,2019,13,20,2019-05-19,0.0,0.0,66.0,0.0,0.0,,84.0,0.0
VA,2019,14,21,2019-05-26,0.0,0.0,76.0,0.0,0.0,,90.0,0.0
VA,2019,15,22,2019-06-02,0.0,0.0,86.0,0.0,0.0,,94.0,0.0
VA,2019,16,23,2019-06-09,0.0,0.0,92.0,0.0,0.0,,96.0,0.0
VA,2019,17,24,2019-06-16,0.0,0.0,96.0,0.0,0.0,,96.0,0.0
VA,2019,18,25,2019-06-23,0.0,0.0,96.0,0.0,0.0,,96.0,11.0
VA,2019,19,26,2019-06-30,0.0,4.0,96.0,0.0,0.0,,96.0,38.0
VA,2019,20,27,2019-07-07,0.0,23.0,96.0,0.0,0.0,,96.0,55.0
VA,2019,21,28,2019-07-14,3.0,41.0,96.0,0.0,0.0,,96.0,70.0
VA,2019,22,29,2019-07-21,9.0,54.0,96.0,0.0,0.0,,96.0,81.0
VA,2019,23,30,2019-07-28,27.0,68.0,96.0,0.0,0.0,,96.0,89.0
VA,2019,24,31,2019-08-04,46.0,79.0,96.0,2.0,3.0,,96.0,94.0
VA,2019,25,32,2019-08-11,61.0,85.0,96.0,18.0,10.0,,96.0,96.0
VA,2019,26,33,2019-08-18,73.0,92.0,96.0,34.0,23.0,,96.0,96.0
VA,2019,27,34,2019-08-25,81.0,95.0,96.0,5.0,34.0,,96.0,96.0
VA,2019,28,35,2019-09-01,87.0,95.0,96.0,25.0,55.0,,96.0,96.0
VA,2019,29,36,2019-09-08,94.0,95.0,96.0,45.0,75.0,,96.0,96.0
VA,2019,30,37,2019-09-15,97.0,95.0,96.0,63.0,85.0,,96.0,96.0
VA,2019,31,38,2019-09-22,97.0,95.0,96.0,76.0,92.0,,96.0,96.0
VA,2019,32,39,2019-09-29,97.0,95.0,96.0,87.0,96.0,,96.0,96.0
VA,2019,33,40,2019-10-06,97.0,95.0,96.0,91.0,96.0,,96.0,96.0
VA,2019,34,41,2019-10-13,97.0,95.0,96.0,94.0,96.0,,96.0,96.0
VA,2019,35,42,2019-10-20,97.0,95.0,96.0,96.0,96.0,,96.0,96.0
VA,2020,8,15,2020-04-12,0.0,0.0,0.0,0.0,0.0,,4.0,0.0
VA,2020,9,16,2020-04-19,0.0,0.0,0.0,0.0,0.0,,23.0,0.0
VA,2020,10,17,2020-04-26,0.0,0.0,10.0,0.0,0.0,,41.0,0.0
VA,2020,11,18,2020-05-03,0.0,0.0,25.0,0.0,0.0,,60.0,0.0
VA,2020,12,19,2020-05-10,0.0,0.0,47.0,0.0,0.0,,78.0,0.0
VA,2020,13,20,2020-05-17,0.0,0.0,62.0,0.0,0.0,,85.0,0.0
VA,2020,14,21,2020-05-24,0.0,0.0,75.0,0.0,0.0,,88.0,0.0
VA,2020,15,22,2020-05-31,0.0,0.0,83.0,0.0,0.0,,92.0,0.0
VA,2020,16,23,2020-06-07,0.0,0.0,89.0,0.0,0.0,,95.0,0.0
VA,2020,17,24,2020-06-14,0.0,0.0,93.0,0.0,0.0,,98.0,0.0
VA,2020,18,25,2020-06-21,0.0,0.0,97.0,0.0,0.0,,98.0,1.0
VA,2020,19,26,2020-06-28,0.0,0.0,97.0,0.0,0.0,,98.0,14.0
VA,2020,20,27,2020-07-05,0.0,1.0,97.0,0.0,0.0,,98.0,36.0
VA,2020,21,28,2020-07-12,0.0,6.0,97.0,0.0,0.0,,98.0,54.0
VA,2020,22,29,2020-07-19,0.0,27.0,97.0,0.0,0.0,,98.0,70.0
VA,2020,23,30,2020-07-26,0.0,48.0,97.0,0.0,0.0,,98.0,80.0
VA,2020,24,31,2020-08-02,33.0,65.0,97.0,4.0,0.0,,98.0,91.0
VA,2020,25,32,2020-08-09,50.0,79.0,97.0,11.0,2.0,,98.0,96.0
VA,2020,26,33,2020-08-16,65.0,87.0,97.0,26.0,20.0,,98.0,96.0
VA,2020,27,34,2020-08-23,76.0,94.0,97.0,1.0,30.0,,98.0,96.0
VA,2020,28,35,2020-08-30,86.0,96.0,97.0,9.0,43.0,,98.0,96.0
VA,2020,29,36,2020-09-06,94.0,96.0,97.0,21.0,60.0,,98.0,96.0
VA,2020,30,37,2020-09-13,96.0,96.0,97.0,34.0,74.0,,98.0,96.0
VA,2020,31,38,2020-09-20,96.0,96.0,97.0,46.0,82.0,,98.0,96.0
VA,2020,32,39,2020-09-27,96.0,96.0,97.0,56.0,90.0,,98.0,96.0
VA,2020,33,40,2020-10-04,96.0,96.0,97.0,67.0,96.0,,98.0,96.0
VA,2020,34,41,2020-10-11,96.0,96.0,97.0,76.0,96.0,,98.0,96.0
VA,2020,35,42,2020-10-18,96.0,96.0,97.0,84.0,96.0,,98.0,96.0
VA,2020,36,43,2020-10-25,96.0,96.0,97.0,90.0,96.0,,98.0,96.0
VA,2020,37,44,2020-11-01,96.0,96.0,97.0,93.0,96.0,,98.0,96.0
VA,2020,38,45,2020-11-08,96.0,96.0,97.0,95.0,96.0,,98.0,96.0
VA,2021,6,13,2021-04-04,0.0,0.0,0.0,0.0,0.0,,0.0,0.0
VA,2021,7,14,2021-04-11,0.0,0.0,0.0,0.0,0.0,,15.0,0.0
VA,2021,8,15,2021-04-18,0.0,0.0,2.0,0.0,0.0,,28.0,0.0
VA,2021,9,16,2021-04-25,0.0,0.0,12.0,0.0,0.0,,43.0,0.0
VA,2021,10,17,2021-05-02,0.0,0.0,28.0,0.0,0.0,,63.0,0.0
VA,2021,11,18,2021-05-09,0.0,0.0,50.0,0.0,0.0,,77.0,0.0
VA,2021,12,19,2021-05-16,0.0,0.0,60.0,0.0,0.0,,84.0,0.0
VA,2021,13,20,2021-05-23,0.0,0.0,73.0,0.0,0.0,,91.0,0.0
VA,2021,14,21,2021-05-30,0.0,0.0,83.0,0.0,0.0,,95.0,0.0
VA,2021,15,22,2021-06-06,0.0,0.0,92.0,0.0,0.0,,95.0,0.0
VA,2021,16,23,2021-06-13,0.0,0.0,95.0,0.0,0.0,,95.0,0.0
VA,2021,17,24,2021-06-20,0.0,0.0,95.0,0.0,0.0,,95.0,1.0
VA,2021,18,25,2021-06-27,0.0,0.0,95.0,0.0,0.0,,95.0,17.0
VA,2021,19,26,2021-07-04,0.0,3.0,95.0,0.0,0.0,,95.0,41.0
VA,2021,20,27,2021-07-11,0.0,10.0,95.0,0.0,0.0,,95.0,58.0
VA,2021,21,28,2021-07-18,0.0,23.0,95.0,0.0,0.0,,95.0,69.0
VA,2021,22,29,2021-07-25,1.0,46.0,95.0,0.0,0.0,,95.0,81.0
VA,2021,23,30,2021-08-01,8.0,62.0,95.0,1.0,0.0,,95.0,87.0
VA,2021,24,31,2021-08-08,27.0,74.0,95.0,10.0,0.0,,95.0,95.0
VA,2021,25,32,2021-08-15,53.0,87.0,95.0,26.0,9.0,,95.0,95.0
VA,2021,26,33,2021-08-22,65.0,92.0,95.0,36.0,23.0,,95.0,95.0
VA,2021,27,34,2021-08-29,77.0,96.0,95.0,2.0,38.0,,95.0,95.0
VA,2021,28,35,2021-09-05,86.0,96.0,95.0,13.0,42.0,,95.0,95.0
VA,2021,29,36,2021-09-12,95.0,96.0,95.0,27.0,62.0,,95.0,95.0
VA,2021,30,37,2021-09-19,95.0,96.0,95.0,42.0,75.0,,95.0,95.0
VA,2021,31,38,2021-09-26,95.0,96.0,95.0,54.0,86.0,,95.0,95.0
VA,2021,32,39,2021-10-03,95.0,96.0,95.0,62.0,93.0,,95.0,95.0
VA,2021,33,40,2021-10-10,95.0,96.0,95.0,72.0,97.0,,95.0,95.0
VA,2021,34,41,2021-10-17,95.0,96.0,95.0,81.0,97.0,,95.0,95.0
VA,2021,35,42,2021-10-24,95.0,96.0,95.0,87.0,97.0,,95.0,95.0
VA,2021,36,43,2021-10-31,95.0,96.0,95.0,92.0,97.0,,95.0,95.0
VA,2021,37,44,2021-11-07,95.0,96.0,95.0,95.0,97.0,,95.0,95.0
VA,2022,6,13,2022-04-03,0.0,0.0,0.0,0.0,0.0,,1.0,0.0
VA,2022,7,14,2022-04-10,0.0,0.0,0.0,0.0,0.0,,11.0,0.0
VA,2022,8,15,2022-04-17,0.0,0.0,2.0,0.0,0.0,,27.0,0.0
VA,2022,9,16,2022-04-24,0.0,0.0,12.0,0.0,0.0,,45.0,0.0
VA,2022,10,17,2022-05-01,0.0,0.0,27.0,0.0,0.0,,66.0,0.0
VA,2022,11,18,2022-05-08,0.0,0.0,52.0,0.0,0.0,,80.0,0.0
VA,2022,12,19,2022-05-15,0.0,0.0,69.0,0.0,0.0,,89.0,0.0
VA,2022,13,20,2022-05-22,0.0,0.0,80.0,0.0,0.0,,95.0,0.0
VA,2022,14,21,2022-05-29,0.0,0.0,91.0,0.0,0.0,,95.0,0.0
VA,2022,15,22,2022-06-05,0.0,0.0,96.0,0.0,0.0,,95.0,0.0
VA,2022,16,23,2022-06-12,0.0,0.0,96.0,0.0,0.0,,95.0,2.0
VA,2022,17,24,2022-06-19,0.0,0.0,96.0,0.0,0.0,,95.0,11.0
VA,2022,18,25,2022-06-26,0.0,2.0,96.0,0.0,0.0,,95.0,23.0
VA,2022,19,26,2022-07-03,0.0,12.0,96.0,0.0,0.0,,95.0,47.0
VA,2022,20,27,2022-07-10,4.0,25.0,96.0,0.0,0.0,,95.0,67.0
VA,2022,21,28,2022-07-17,19.0,44.0,96.0,0.0,0.0,,95.0,83.0
VA,2022,22,29,2022-07-24,27.0,64.0,96.0,0.0,0.0,,95.0,93.0
VA,2022,23,30,2022-07-31,44.0,80.0,96.0,1.0,2.0,,95.0,96.0
VA,2022,24,31,2022-08-07,60.0,89.0,96.0,11.0,12.0,,95.0,96.0
VA,2022,25,32,2022-08-14,72.0,95.0,96.0,26.0,27.0,,95.0,96.0
VA,2022,26,33,2022-08-21,85.0,95.0,96.0,2.0,41.0,,95.0,96.0
VA,2022,27,34,2022-08-28,94.0,95.0,96.0,9.0,59.0,,95.0,96.0
VA,2022,28,35,2022-09-04,97.0,95.0,96.0,23.0,75.0,,95.0,96.0
VA,2022,29,36,2022-09-11,99.0,95.0,96.0,35.0,90.0,,95.0,96.0
VA,2022,30,37,2022-09-18,99.0,95.0,96.0,51.0,95.0,,95.0,96.0
VA,2022,31,38,2022-09-25,99.0,95.0,96.0,67.0,95.0,,95.0,96.0
VA,2022,32,39,2022-10-02,99.0,95.0,96.0,76.0,95.0,,95.0,96.0
VA,2022,33,40,2022-10-09,99.0,95.0,96.0,84.0,95.0,,95.0,96.0
VA,2022,34,41,2022-10-16,99.0,95.0,96.0,89.0,95.0,,95.0,96.0
VA,2022,35,42,2022-10-23,99.0,95.0,96.0,92.0,95.0,,95.0,96.0
VA,2022,36,43,2022-10-30,99.0,95.0,96.0,94.0,95.0,,95.0,96.0
VA,2022,37,44,2022-11-06,99.0,95.0,96.0,97.0,95.0,,95.0,96.0
VA,2023,6,13,2023-04-02,0.0,0.0,0.0,0.0,0.0,,1.0,0.0
VA,2023,7,14,2023-04-09,0.0,0.0,0.0,0.0,0.0,,5.0,0.0
VA,2023,8,15,2023-04-16,0.0,0.0,0.0,0.0,0.0,,25.0,0.0
VA,2023,9,16,2023-04-23,0.0,0.0,15.0,0.0,0.0,,45.0,0.0
VA,2023,10,17,2023-04-30,0.0,0.0,30.0,0.0,0.0,,63.0,0.0
VA,2023,11,18,2023-05-07,0.0,0.0,48.0,0.0,0.0,,74.0,0.0
VA,2023,12,19,2023-05-14,0.0,0.0,61.0,0.0,0.0,,84.0,0.0
VA,2023,13,20,2023-05-21,0.0,0.0,76.0,0.0,0.0,,91.0,0.0
VA,2023,14,21,2023-05-28,0.0,0.0,84.0,0.0,0.0,,95.0,0.0
VA,2023,15,22,2023-06-04,0.0,0.0,90.0,0.0,0.0,,95.0,0.0
VA,2023,16,23,2023-06-11,0.0,0.0,94.0,0.0,0.0,,95.0,0.0
VA,2023,17,24,2023-06-18,0.0,0.0,97.0,0.0,0.0,,95.0,0.0
VA,2023,18,25,2023-06-25,0.0,0.0,97.0,0.0,0.0,,95.0,10.0
VA,2023,19,26,2023-07-02,0.0,5.0,97.0,0.0,0.0,,95.0,31.0
VA,2023,20,27,2023-07-09,0.0,13.0,97.0,0.0,0.0,,95.0,55.0
VA,2023,21,28,2023-07-16,8.0,30.0,97.0,0.0,0.0,,95.0,69.0
VA,2023,22,29,2023-07-23,19.0,46.0,97.0,0.0,0.0,,95.0,78.0
VA,2023,23,30,2023-07-30,32.0,65.0,97.0,0.0,1.0,,95.0,86.0
VA,2023,24,31,2023-08-06,52.0,79.0,97.0,2.0,2.0,,95.0,94.0
VA,2023,25,32,2023-08-13,62.0,85.0,97.0,14.0,14.0,,95.0,97.0
VA,2023,26,33,2023-08-20,73.0,89.0,97.0,3.0,27.0,,95.0,97.0
VA,2023,27,34,2023-08-27,81.0,95.0,97.0,12.0,42.0,,95.0,97.0
VA,2023,28,35,2023-09-03,87.0,95.0,97.0,25.0,60.0,,95.0,97.0
VA,2023,29,36,2023-09-10,93.0,95.0,97.0,36.0,78.0,,95.0,97.0
VA,2023,30,37,2023-09-17,96.0,95.0,97.0,51.0,86.0,,95.0,97.0
VA,2023,31,38,2023-09-24,96.0,95.0,97.0,65.0,91.0,,95.0,97.0
VA,2023,32,39,2023-10-01,96.0,95.0,97.0,70.0,95.0,,95.0,97.0
VA,2023,33,40,2023-10-08,96.0,95.0,97.0,82.0,95.0,,95.0,97.0
VA,2023,34,41,2023-10-15,96.0,95.0,97.0,86.0,95.0,,95.0,97.0
VA,2023,35,42,2023-10-22,96.0,95.0,97.0,91.0,95.0,,95.0,97.0
VA,2023,36,43,2023-10-29,96.0,95.0,97.0,94.0,95.0,,95.0,97.0
VA,2023,37,44,2023-11-05,96.0,95.0,97.0,97.0,95.0,,95.0,97.0
VA,2024,6,13,2024-03-31,0.0,0.0,0.0,0.0,0.0,,1.0,0.0
VA,2024,7,14,2024-04-07,0.0,0.0,0.0,0.0,0.0,,4.0,0.0
VA,2024,8,15,2024-04-14,0.0,0.0,0.0,0.0,0.0,,10.0,0.0
VA,2024,9,16,2024-04-21,0.0,0.0,4.0,0.0,0.0,,26.0,0.0
VA,2024,10,17,2024-04-28,0.0,0.0,16.0,0.0,0.0,,47.0,0.0
VA,2024,11,18,2024-05-05,0.0,0.0,37.0,0.0,0.0,,66.0,0.0
VA,2024,12,19,2024-05-12,0.0,0.0,54.0,0.0,0.0,,77.0,0.0
VA,2024,13,20,2024-05-19,0.0,0.0,64.0,0.0,0.0,,88.0,0.0
VA,2024,14,21,2024-05-26,0.0,0.0,77.0,0.0,0.0,,93.0,0.0
VA,2024,15,22,2024-06-02,0.0,0.0,83.0,0.0,0.0,,95.0,0.0
VA,2024,16,23,2024-06-09,0.0,0.0,89.0,0.0,0.0,,95.0,0.0
VA,2024,17,24,2024-06-16,0.0,0.0,93.0,0.0,0.0,,95.0,0.0
VA,2024,18,25,2024-06-23,0.0,0.0,96.0,0.0,0.0,,95.0,11.0
VA,2024,19,26,2024-06-30,0.0,8.0,96.0,0.0,0.0,,95.0,33.0
VA,2024,20,27,2024-07-07,0.0,21.0,96.0,0.0,0.0,,95.0,52.0
VA,2024,21,28,2024-07-14,7.0,37.0,96.0,0.0,0.0,,95.0,64.0
VA,2024,22,29,2024-07-21,20.0,51.0,96.0,0.0,0.0,,95.0,77.0
VA,2024,23,30,2024-07-28,33.0,67.0,96.0,0.0,0.0,,95.0,85.0
VA,2024,24,31,2024-08-04,48.0,79.0,96.0,9.0,5.0,,95.0,90.0
VA,2024,25,32,2024-08-11,61.0,86.0,96.0,23.0,15.0,,95.0,94.0
VA,2024,26,33,2024-08-18,73.0,90.0,96.0,0.0,27.0,,95.0,98.0
VA,2024,27,34,2024-08-25,83.0,94.0,96.0,3.0,41.0,,95.0,98.0
VA,2024,28,35,2024-09-01,92.0,96.0,96.0,12.0,60.0,,95.0,98.0
VA,2024,29,36,2024-09-08,95.0,96.0,96.0,27.0,74.0,,95.0,98.0
VA,2024,30,37,2024-09-15,95.0,96.0,96.0,40.0,84.0,,95.0,98.0
VA,2024,31,38,2024-09-22,95.0,96.0,96.0,55.0,89.0,,95.0,98.0
VA,2024,32,39,2024-09-29,95.0,96.0,96.0,65.0,94.0,,95.0,98.0
VA,2024,33,40,2024-10-06,95.0,96.0,96.0,74.0,96.0,,95.0,98.0
VA,2024,34,41,2024-10-13,95.0,96.0,96.0,84.0,96.0,,95.0,98.0
VA,2024,35,42,2024-10-20,95.0,96.0,96.0,89.0,96.0,,95.0,98.0
VA,2024,36,43,2024-10-27,95.0,96.0,96.0,93.0,96.0,,95.0,98.0
VA,2024,37,44,2024-11-03,95.0,96.0,96.0,96.0,96.0,,95.0,98.0
VA,2025,7,14,2025-04-06,0.0,0.0,0.0,0.0,0.0,,1.0,0.0
VA,2025,8,15,2025-04-13,0.0,0.0,0.0,0.0,0.0,,5.0,0.0
VA,2025,9,16,2025-04-20,0.0,0.0,0.0,0.0,0.0,,19.0,0.0
VA,2025,10,17,2025-04-27,0.0,0.0,8.0,0.0,0.0,,41.0,0.0
VA,2025,11,18,2025-05-04,0.0,0.0,23.0,0.0,0.0,,62.0,0.0
VA,2025,12,19,2025-05-11,0.0,0.0,50.0,0.0,0.0,,77.0,0.0
VA,2025,13,20,2025-05-18,0.0,0.0,64.0,0.0,0.0,,86.0,0.0
VA,2025,14,21,2025-05-25,0.0,0.0,75.0,0.0,0.0,,91.0,0.0
VA,2025,15,22,2025-06-01,0.0,0.0,82.0,0.0,0.0,,94.0,0.0
VA,2025,16,23,2025-06-08,0.0,0.0,87.0,0.0,0.0,,96.0,0.0
VA,2025,17,24,2025-06-15,0.0,0.0,91.0,0.0,0.0,,96.0,1.0
VA,2025,18,25,2025-06-22,0.0,0.0,94.0,0.0,0.0,,96.0,8.0
VA,2025,19,26,2025-06-29,0.0,2.0,96.0,0.0,0.0,,96.0,27.0
VA,2025,20,27,2025-07-06,0.0,10.0,96.0,0.0,0.0,,96.0,53.0
VA,2025,21,28,2025-07-13,1.0,27.0,96.0,0.0,0.0,,96.0,69.0
VA,2025,22,29,2025-07-20,10.0,45.0,96.0,0.0,0.0,,96.0,79.0
VA,2025,23,30,2025-07-27,23.0,59.0,96.0,0.0,0.0,,96.0,85.0
VA,2025,24,31,2025-08-03,37.0,75.0,96.0,1.0,0.0,,96.0,91.0
VA,2025,25,32,2025-08-10,58.0,83.0,96.0,9.0,6.0,,96.0,94.0
VA,2025,26,33,2025-08-17,69.0,89.0,96.0,0.0,20.0,,96.0,96.0
VA,2025,27,34,2025-08-24,78.0,94.0,96.0,3.0,31.0,,96.0,96.0
VA,2025,28,35,2025-08-31,86.0,97.0,96.0,11.0,47.0,,96.0,96.0
VA,2025,29,36,2025-09-07,93.0,97.0,96.0,27.0,63.0,,96.0,96.0
VA,2025,30,37,2025-09-14,97.0,97.0,96.0,41.0,76.0,,96.0,96.0
VA,2025,31,38,2025-09-21,97.0,97.0,96.0,55.0,86.0,,96.0,96.0
VA,2025,32,39,2025-09-28,97.0,97.0,96.0,67.0,91.0,,96.0,96.0
VT,2016,9,16,2016-04-24,,,0.0,0.0,,,0.0,
VT,2016,10,17,2016-05-01,,,0.0,0.0,,,0.0,
VT,2016,11,18,2016-05-08,,,0.0,0.0,,,9.0,
VT,2016,12,19,2016-05-15,,,0.0,0.0,,,36.0,
VT,2016,13,20,2016-05-22,,,5.0,0.0,,,45.0,
VT,2016,14,21,2016-05-29,,,34.0,0.0,,,65.0,
VT,2016,15,22,2016-06-05,,,70.0,0.0,,,96.0,
VT,2016,16,23,2016-06-12,,,92.0,0.0,,,99.0,
VT,2016,17,24,2016-06-19,,,99.0,0.0,,,99.0,
VT,2016,18,25,2016-06-26,,,100.0,0.0,,,99.0,
VT,2016,28,35,2016-09-04,,,100.0,0.0,,,99.0,
VT,2016,29,36,2016-09-11,,,100.0,7.0,,,99.0,
VT,2016,30,37,2016-09-18,,,100.0,23.0,,,99.0,
VT,2016,31,38,2016-09-25,,,100.0,30.0,,,99.0,
VT,2016,32,39,2016-10-02,,,100.0,54.0,,,99.0,
VT,2016,33,40,2016-10-09,,,100.0,77.0,,,99.0,
VT,2016,34,41,2016-10-16,,,100.0,93.0,,,99.0,
VT,2016,35,42,2016-10-23,,,100.0,98.0,,,99.0,
VT,2017,9,16,2017-04-23,,,0.0,0.0,,,0.0,
VT,2017,10,17,2017-04-30,,,0.0,0.0,,,0.0,
VT,2017,11,18,2017-05-07,,,0.0,0.0,,,4.0,
VT,2017,12,19,2017-05-14,,,0.0,0.0,,,10.0,
VT,2017,13,20,2017-05-21,,,0.0,0.0,,,44.0,
VT,2017,14,21,2017-05-28,,,16.0,0.0,,,70.0,
VT,2017,15,22,2017-06-04,,,35.0,0.0,,,83.0,
VT,2017,16,23,2017-06-11,,,45.0,0.0,,,92.0,
VT,2017,17,24,2017-06-18,,,94.0,0.0,,,95.0,
VT,2017,18,25,2017-06-25,,,95.0,0.0,,,97.0,
VT,2017,19,26,2017-07-02,,,96.0,0.0,,,97.0,
VT,2017,20,27,2017-07-09,,,96.0,0.0,,,97.0,
VT,2017,28,35,2017-09-03,,,96.0,0.0,,,97.0,
VT,2017,29,36,2017-09-10,,,96.0,0.0,,,97.0,
VT,2017,30,37,2017-09-17,,,96.0,1.0,,,97.0,
VT,2017,31,38,2017-09-24,,,96.0,23.0,,,97.0,
VT,2017,32,39,2017-10-01,,,96.0,43.0,,,97.0,
VT,2017,33,40,2017-10-08,,,96.0,44.0,,,97.0,
VT,2017,34,41,2017-10-15,,,96.0,64.0,,,97.0,
VT,2017,35,42,2017-10-22,,,96.0,82.0,,,97.0,
VT,2017,36,43,2017-10-29,,,96.0,99.0,,,97.0,
VT,2017,37,44,2017-11-05,,,96.0,100.0,,,97.0,
VT,2017,38,45,2017-11-12,,,96.0,100.0,,,97.0,
VT,2018,10,17,2018-04-29,,,0.0,0.0,,,0.0,
VT,2018,11,18,2018-05-06,,,0.0,0.0,,,0.0,
VT,2018,12,19,2018-05-13,,,0.0,0.0,,,25.0,
VT,2018,13,20,2018-05-20,,,0.0,0.0,,,84.0,
VT,2018,14,21,2018-05-27,,,12.0,0.0,,,91.0,
VT,2018,15,22,2018-06-03,,,71.0,0.0,,,98.0,
VT,2018,16,23,2018-06-10,,,87.0,0.0,,,99.0,
VT,2018,17,24,2018-06-17,,,92.0,0.0,,,99.0,
VT,2018,18,25,2018-06-24,,,99.0,0.0,,,99.0,
VT,2018,19,26,2018-07-01,,,100.0,0.0,,,99.0,
VT,2018,31,38,2018-09-23,,,100.0,38.0,,,99.0,
VT,2018,32,39,2018-09-30,,,100.0,56.0,,,99.0,
VT,2018,33,40,2018-10-07,,,100.0,79.0,,,99.0,
VT,2018,34,41,2018-10-14,,,100.0,88.0,,,99.0,
VT,2018,35,42,2018-10-21,,,100.0,94.0,,,99.0,
VT,2018,36,43,2018-10-28,,,100.0,99.0,,,99.0,
VT,2019,11,18,2019-05-05,,,0.0,0.0,,,0.0,
VT,2019,12,19,2019-05-12,,,0.0,0.0,,,5.0,
VT,2019,13,20,2019-05-19,,,0.0,0.0,,,5.0,
VT,2019,14,21,2019-05-26,,,0.0,0.0,,,10.0,
VT,2019,15,22,2019-06-02,,,10.0,0.0,,,40.0,
VT,2019,16,23,2019-06-09,,,22.0,0.0,,,75.0,
VT,2019,17,24,2019-06-16,,,51.0,0.0,,,88.0,
VT,2019,18,25,2019-06-23,,,57.0,0.0,,,95.0,
VT,2019,19,26,2019-06-30,,,71.0,0.0,,,99.0,
VT,2019,20,27,2019-07-07,,,95.0,0.0,,,99.0,
VT,2019,29,36,2019-09-08,,,95.0,3.0,,,99.0,
VT,2019,30,37,2019-09-15,,,95.0,5.0,,,99.0,
VT,2019,31,38,2019-09-22,,,95.0,6.0,,,99.0,
VT,2019,32,39,2019-09-29,,,95.0,10.0,,,99.0,
VT,2019,33,40,2019-10-06,,,95.0,18.0,,,99.0,
VT,2019,34,41,2019-10-13,,,95.0,37.0,,,99.0,
VT,2019,35,42,2019-10-20,,,95.0,69.0,,,99.0,
VT,2019,36,43,2019-10-27,,,95.0,95.0,,,99.0,
VT,2019,37,44,2019-11-03,,,95.0,98.0,,,99.0,
VT,2020,8,15,2020-04-12,,,0.0,0.0,,,0.0,
VT,2020,9,16,2020-04-19,,,0.0,0.0,,,0.0,
VT,2020,10,17,2020-04-26,,,0.0,0.0,,,2.0,
VT,2020,11,18,2020-05-03,,,0.0,0.0,,,5.0,
VT,2020,12,19,2020-05-10,,,0.0,0.0,,,26.0,
VT,2020,13,20,2020-05-17,,,0.0,0.0,,,40.0,
VT,2020,14,21,2020-05-24,,,5.0,0.0,,,95.0,
VT,2020,15,22,2020-05-31,,,43.0,0.0,,,98.0,
VT,2020,16,23,2020-06-07,,,54.0,0.0,,,100.0,
VT,2020,17,24,2020-06-14,,,68.0,0.0,,,100.0,
VT,2020,18,25,2020-06-21,,,74.0,0.0,,,100.0,
VT,2020,19,26,2020-06-28,,,100.0,0.0,,,100.0,
VT,2020,20,27,2020-07-05,,,100.0,0.0,,,100.0,
VT,2020,21,28,2020-07-12,,,100.0,0.0,,,100.0,
VT,2020,29,36,2020-09-06,,,100.0,0.0,,,100.0,
VT,2020,30,37,2020-09-13,,,100.0,2.0,,,100.0,
VT,2020,31,38,2020-09-20,,,100.0,10.0,,,100.0,
VT,2020,32,39,2020-09-27,,,100.0,21.0,,,100.0,
VT,2020,33,40,2020-10-04,,,100.0,30.0,,,100.0,
VT,2020,34,41,2020-10-11,,,100.0,57.0,,,100.0,
VT,2020,35,42,2020-10-18,,,100.0,81.0,,,100.0,
VT,2020,36,43,2020-10-25,,,100.0,96.0,,,100.0,
VT,2020,37,44,2020-11-01,,,100.0,100.0,,,100.0,
VT,2020,38,45,2020-11-08,,,100.0,100.0,,,100.0,
VT,2021,9,16,2021-04-25,,,0.0,0.0,,,1.0,
VT,2021,10,17,2021-05-02,,,0.0,0.0,,,4.0,
VT,2021,11,18,2021-05-09,,,0.0,0.0,,,13.0,
VT,2021,12,19,2021-05-16,,,0.0,0.0,,,17.0,
VT,2021,13,20,2021-05-23,,,3.0,0.0,,,60.0,
VT,2021,14,21,2021-05-30,,,13.0,0.0,,,70.0,
VT,2021,15,22,2021-06-06,,,98.0,0.0,,,100.0,
VT,2021,16,23,2021-06-13,,,100.0,0.0,,,100.0,
VT,2021,17,24,2021-06-20,,,100.0,0.0,,,100.0,
VT,2021,18,25,2021-06-27,,,100.0,0.0,,,100.0,
VT,2021,19,26,2021-07-04,,,100.0,0.0,,,100.0,
VT,2021,20,27,2021-07-11,,,100.0,0.0,,,100.0,
VT,2021,28,35,2021-09-05,,,100.0,2.0,,,100.0,
VT,2021,29,36,2021-09-12,,,100.0,10.0,,,100.0,
VT,2021,30,37,2021-09-19,,,100.0,14.0,,,100.0,
VT,2021,31,38,2021-09-26,,,100.0,37.0,,,100.0,
VT,2021,32,39,2021-10-03,,,100.0,60.0,,,100.0,
VT,2021,33,40,2021-10-10,,,100.0,82.0,,,100.0,
VT,2021,34,41,2021-10-17,,,100.0,85.0,,,100.0,
VT,2021,35,42,2021-10-24,,,100.0,95.0,,,100.0,
VT,2021,36,43,2021-10-31,,,100.0,97.0,,,100.0,
VT,2021,37,44,2021-11-07,,,100.0,99.0,,,100.0,
VT,2022,9,16,2022-04-24,0.0,0.0,0.0,0.0,,,0.0,0.0
VT,2022,10,17,2022-05-01,0.0,0.0,0.0,0.0,,,4.0,0.0
VT,2022,11,18,2022-05-08,0.0,0.0,0.0,0.0,,,14.0,0.0
VT,2022,12,19,2022-05-15,0.0,0.0,0.0,0.0,,,71.0,0.0
VT,2022,13,20,2022-05-22,0.0,0.0,2.0,0.0,,,79.0,0.0
VT,2022,14,21,2022-05-29,0.0,0.0,67.0,0.0,,,94.0,0.0
VT,2022,15,22,2022-06-05,0.0,0.0,86.0,0.0,,,98.0,0.0
VT,2022,16,23,2022-06-12,0.0,0.0,91.0,0.0,,,99.0,0.0
VT,2022,17,24,2022-06-19,0.0,0.0,96.0,0.0,,,100.0,0.0
VT,2022,18,25,2022-06-26,0.0,0.0,98.0,0.0,,,100.0,0.0
VT,2022,19,26,2022-07-03,0.0,0.0,99.0,0.0,,,100.0,0.0
VT,2022,20,27,2022-07-10,0.0,0.0,100.0,0.0,,,100.0,0.0
VT,2022,24,31,2022-08-07,0.0,1.0,100.0,0.0,,,100.0,24.0
VT,2022,25,32,2022-08-14,0.0,29.0,100.0,0.0,,,100.0,73.0
VT,2022,28,35,2022-09-04,0.0,29.0,100.0,0.0,,,100.0,73.0
VT,2022,29,36,2022-09-11,0.0,29.0,100.0,0.0,,,100.0,73.0
VT,2022,30,37,2022-09-18,0.0,29.0,100.0,0.0,,,100.0,73.0
VT,2022,31,38,2022-09-25,0.0,29.0,100.0,18.0,,,100.0,73.0
VT,2022,32,39,2022-10-02,0.0,29.0,100.0,33.0,,,100.0,73.0
VT,2022,33,40,2022-10-09,0.0,29.0,100.0,66.0,,,100.0,73.0
VT,2022,34,41,2022-10-16,0.0,29.0,100.0,82.0,,,100.0,73.0
VT,2022,35,42,2022-10-23,0.0,29.0,100.0,98.0,,,100.0,73.0
VT,2022,36,43,2022-10-30,0.0,29.0,100.0,99.0,,,100.0,73.0
VT,2023,10,17,2023-04-30,,,0.0,0.0,,,0.0,
VT,2023,11,18,2023-05-07,,,0.0,0.0,,,0.0,
VT,2023,12,19,2023-05-14,,,2.0,0.0,,,50.0,
VT,2023,13,20,2023-05-21,,,10.0,0.0,,,80.0,
VT,2023,14,21,2023-05-28,,,25.0,0.0,,,92.0,
VT,2023,15,22,2023-06-04,,,55.0,0.0,,,96.0,
VT,2023,16,23,2023-06-11,,,75.0,0.0,,,99.0,
VT,2023,17,24,2023-06-18,,,97.0,0.0,,,100.0,
VT,2023,18,25,2023-06-25,,,97.0,0.0,,,100.0,
VT,2023,19,26,2023-07-02,,,100.0,0.0,,,100.0,
VT,2023,27,34,2023-08-27,,,100.0,0.0,,,100.0,
VT,2023,28,35,2023-09-03,,,100.0,0.0,,,100.0,
VT,2023,29,36,2023-09-10,,,100.0,0.0,,,100.0,
VT,2023,30,37,2023-09-17,,,100.0,2.0,,,100.0,
VT,2023,31,38,2023-09-24,,,100.0,2.0,,,100.0,
VT,2023,32,39,2023-10-01,,,100.0,40.0,,,100.0,
VT,2023,33,40,2023-10-08,,,100.0,78.0,,,100.0,
VT,2023,34,41,2023-10-15,,,100.0,86.0,,,100.0,
VT,2023,35,42,2023-10-22,,,100.0,93.0,,,100.0,
VT,2023,36,43,2023-10-29,,,100.0,95.0,,,100.0,
VT,2024,9,16,2024-04-21,,,0.0,0.0,,,0.0,
VT,2024,10,17,2024-04-28,,,0.0,0.0,,,0.0,
VT,2024,11,18,2024-05-05,,,0.0,0.0,,,0.0,
VT,2024,12,19,2024-05-12,,,0.0,0.0,,,6.0,
VT,2024,13,20,2024-05-19,,,3.0,0.0,,,44.0,
VT,2024,14,21,2024-05-26,,,29.0,0.0,,,72.0,
VT,2024,15,22,2024-06-02,,,75.0,0.0,,,89.0,
VT,2024,16,23,2024-06-09,,,91.0,0.0,,,100.0,
VT,2024,17,24,2024-06-16,,,98.0,0.0,,,100.0,
VT,2024,18,25,2024-06-23,,,99.0,0.0,,,100.0,
VT,2024,19,26,2024-06-30,,,99.0,0.0,,,100.0,
VT,2024,28,35,2024-09-01,,,99.0,0.0,,,100.0,
VT,2024,29,36,2024-09-08,,,99.0,7.0,,,100.0,
VT,2024,30,37,2024-09-15,,,99.0,14.0,,,100.0,
VT,2024,31,38,2024-09-22,,,99.0,32.0,,,100.0,
VT,2024,32,39,2024-09-29,,,99.0,55.0,,,100.0,
VT,2024,33,40,2024-10-06,,,99.0,81.0,,,100.0,
VT,2024,34,41,2024-10-13,,,99.0,93.0,,,100.0,
VT,2024,35,42,2024-10-20,,,99.0,97.0,,,100.0,
VT,2025,15,22,2025-06-01,,,2.0,0.0,,,15.0,
VT,2025,16,23,2025-06-08,,,27.0,0.0,,,66.0,
VT,2025,17,24,2025-06-15,,,49.0,0.0,,,88.0,
VT,2025,18,25,2025-06-22,,,69.0,0.0,,,97.0,
VT,2025,19,26,2025-06-29,,,97.0,0.0,,,97.0,
VT,2025,20,27,2025-07-06,,,100.0,0.0,,,97.0,
VT,2025,29,36,2025-09-07,,,100.0,0.0,,,97.0,
VT,2025,30,37,2025-09-14,,,100.0,1.0,,,97.0,
VT,2025,31,38,2025-09-21,,,100.0,5.0,,,97.0,
VT,2025,32,39,2025-09-28,,,100.0,27.0,,,97.0,
WA,2016,6,13,2016-04-03,0.0,0.0,0.0,0.0,0.0,,0.0,0.0
WA,2016,7,14,2016-04-10,0.0,0.0,0.0,0.0,0.0,,1.0,0.0
WA,2016,8,15,2016-04-17,0.0,0.0,0.0,0.0,0.0,,29.0,0.0
WA,2016,9,16,2016-04-24,0.0,0.0,3.0,0.0,0.0,,53.0,0.0
WA,2016,10,17,2016-05-01,0.0,0.0,25.0,0.0,0.0,,67.0,0.0
WA,2016,11,18,2016-05-08,0.0,0.0,48.0,0.0,0.0,,85.0,0.0
WA,2016,12,19,2016-05-15,0.0,0.0,66.0,0.0,0.0,,90.0,0.0
WA,2016,13,20,2016-05-22,0.0,0.0,80.0,0.0,0.0,,95.0,0.0
WA,2016,14,21,2016-05-29,0.0,0.0,89.0,0.0,0.0,,95.0,0.0
WA,2016,15,22,2016-06-05,0.0,0.0,91.0,0.0,0.0,,95.0,0.0
WA,2016,16,23,2016-06-12,0.0,0.0,96.0,0.0,0.0,,95.0,0.0
WA,2016,17,24,2016-06-19,0.0,0.0,96.0,0.0,0.0,,95.0,0.0
WA,2016,18,25,2016-06-26,0.0,0.0,96.0,0.0,1.0,,95.0,4.0
WA,2016,19,26,2016-07-03,0.0,0.0,96.0,0.0,2.0,,95.0,10.0
WA,2016,20,27,2016-07-10,0.0,0.0,96.0,0.0,2.0,,95.0,17.0
WA,2016,21,28,2016-07-17,0.0,0.0,96.0,0.0,4.0,,95.0,47.0
WA,2016,22,29,2016-07-24,0.0,4.0,96.0,0.0,4.0,,95.0,53.0
WA,2016,23,30,2016-07-31,0.0,9.0,96.0,0.0,4.0,,95.0,70.0
WA,2016,24,31,2016-08-07,0.0,25.0,96.0,0.0,4.0,,95.0,71.0
WA,2016,25,32,2016-08-14,1.0,47.0,96.0,0.0,4.0,,95.0,85.0
WA,2016,26,33,2016-08-21,2.0,50.0,96.0,0.0,4.0,,95.0,94.0
WA,2016,27,34,2016-08-28,8.0,52.0,96.0,1.0,4.0,,95.0,97.0
WA,2016,28,35,2016-09-04,29.0,72.0,96.0,6.0,15.0,,95.0,97.0
WA,2016,29,36,2016-09-11,45.0,85.0,96.0,0.0,25.0,,95.0,97.0
WA,2016,30,37,2016-09-18,59.0,86.0,96.0,5.0,37.0,,95.0,97.0
WA,2016,31,38,2016-09-25,69.0,89.0,96.0,6.0,39.0,,95.0,97.0
WA,2016,32,39,2016-10-02,79.0,96.0,96.0,8.0,42.0,,95.0,97.0
WA,2016,33,40,2016-10-09,82.0,96.0,96.0,12.0,56.0,,95.0,97.0
WA,2016,34,41,2016-10-16,93.0,96.0,96.0,28.0,68.0,,95.0,97.0
WA,2016,35,42,2016-10-23,98.0,96.0,96.0,35.0,74.0,,95.0,97.0
WA,2016,36,43,2016-10-30,98.0,96.0,96.0,52.0,86.0,,95.0,97.0
WA,2016,37,44,2016-11-06,98.0,96.0,96.0,61.0,89.0,,95.0,97.0
WA,2016,38,45,2016-11-13,98.0,96.0,96.0,62.0,91.0,,95.0,97.0
WA,2016,39,46,2016-11-20,98.0,96.0,96.0,80.0,96.0,,95.0,97.0
WA,2016,40,47,2016-11-27,98.0,96.0,96.0,81.0,96.0,,95.0,97.0
WA,2017,7,14,2017-04-09,0.0,0.0,0.0,0.0,0.0,,0.0,0.0
WA,2017,8,15,2017-04-16,0.0,0.0,0.0,0.0,0.0,,1.0,0.0
WA,2017,9,16,2017-04-23,0.0,0.0,0.0,0.0,0.0,,9.0,0.0
WA,2017,10,17,2017-04-30,0.0,0.0,6.0,0.0,0.0,,39.0,0.0
WA,2017,11,18,2017-05-07,0.0,0.0,16.0,0.0,0.0,,55.0,0.0
WA,2017,12,19,2017-05-14,0.0,0.0,30.0,0.0,0.0,,65.0,0.0
WA,2017,13,20,2017-05-21,0.0,0.0,43.0,0.0,0.0,,81.0,0.0
WA,2017,14,21,2017-05-28,0.0,0.0,70.0,0.0,0.0,,92.0,0.0
WA,2017,15,22,2017-06-04,0.0,0.0,73.0,0.0,0.0,,93.0,0.0
WA,2017,16,23,2017-06-11,0.0,0.0,83.0,0.0,0.0,,96.0,0.0
WA,2017,17,24,2017-06-18,0.0,0.0,90.0,0.0,0.0,,96.0,0.0
WA,2017,18,25,2017-06-25,0.0,0.0,96.0,0.0,0.0,,96.0,1.0
WA,2017,19,26,2017-07-02,0.0,0.0,96.0,0.0,0.0,,96.0,2.0
WA,2017,20,27,2017-07-09,0.0,0.0,96.0,0.0,0.0,,96.0,3.0
WA,2017,21,28,2017-07-16,0.0,0.0,96.0,0.0,0.0,,96.0,9.0
WA,2017,22,29,2017-07-23,0.0,13.0,96.0,0.0,0.0,,96.0,36.0
WA,2017,23,30,2017-07-30,0.0,14.0,96.0,0.0,0.0,,96.0,59.0
WA,2017,24,31,2017-08-06,1.0,16.0,96.0,0.0,0.0,,96.0,69.0
WA,2017,25,32,2017-08-13,2.0,24.0,96.0,0.0,0.0,,96.0,85.0
WA,2017,26,33,2017-08-20,6.0,32.0,96.0,0.0,0.0,,96.0,88.0
WA,2017,27,34,2017-08-27,10.0,41.0,96.0,0.0,2.0,,96.0,95.0
WA,2017,28,35,2017-09-03,15.0,44.0,96.0,1.0,4.0,,96.0,95.0
WA,2017,29,36,2017-09-10,21.0,58.0,96.0,0.0,6.0,,96.0,95.0
WA,2017,30,37,2017-09-17,49.0,80.0,96.0,3.0,13.0,,96.0,95.0
WA,2017,31,38,2017-09-24,58.0,82.0,96.0,7.0,31.0,,96.0,95.0
WA,2017,32,39,2017-10-01,70.0,87.0,96.0,11.0,42.0,,96.0,95.0
WA,2017,33,40,2017-10-08,82.0,92.0,96.0,31.0,55.0,,96.0,95.0
WA,2017,34,41,2017-10-15,90.0,99.0,96.0,32.0,71.0,,96.0,95.0
WA,2017,35,42,2017-10-22,98.0,99.0,96.0,55.0,81.0,,96.0,95.0
WA,2017,36,43,2017-10-29,98.0,99.0,96.0,70.0,93.0,,96.0,95.0
WA,2017,37,44,2017-11-05,98.0,99.0,96.0,88.0,97.0,,96.0,95.0
WA,2017,38,45,2017-11-12,98.0,99.0,96.0,89.0,97.0,,96.0,95.0
WA,2017,39,46,2017-11-19,98.0,99.0,96.0,91.0,97.0,,96.0,95.0
WA,2017,40,47,2017-11-26,98.0,99.0,96.0,92.0,97.0,,96.0,95.0
WA,2018,7,14,2018-04-08,0.0,0.0,0.0,0.0,0.0,,3.0,0.0
WA,2018,8,15,2018-04-15,0.0,0.0,0.0,0.0,0.0,,17.0,0.0
WA,2018,9,16,2018-04-22,0.0,0.0,0.0,0.0,0.0,,24.0,0.0
WA,2018,10,17,2018-04-29,0.0,0.0,1.0,0.0,0.0,,25.0,0.0
WA,2018,11,18,2018-05-06,0.0,0.0,4.0,0.0,0.0,,43.0,0.0
WA,2018,12,19,2018-05-13,0.0,0.0,40.0,0.0,0.0,,75.0,0.0
WA,2018,13,20,2018-05-20,0.0,0.0,65.0,0.0,0.0,,83.0,0.0
WA,2018,14,21,2018-05-27,0.0,0.0,82.0,0.0,0.0,,91.0,0.0
WA,2018,15,22,2018-06-03,0.0,0.0,88.0,0.0,0.0,,96.0,0.0
WA,2018,16,23,2018-06-10,0.0,0.0,92.0,0.0,0.0,,96.0,0.0
WA,2018,17,24,2018-06-17,0.0,0.0,96.0,0.0,0.0,,96.0,0.0
WA,2018,18,25,2018-06-24,0.0,0.0,96.0,0.0,0.0,,96.0,2.0
WA,2018,19,26,2018-07-01,0.0,0.0,96.0,0.0,0.0,,96.0,12.0
WA,2018,20,27,2018-07-08,0.0,0.0,96.0,0.0,0.0,,96.0,25.0
WA,2018,21,28,2018-07-15,0.0,0.0,96.0,0.0,0.0,,96.0,42.0
WA,2018,22,29,2018-07-22,0.0,6.0,96.0,0.0,0.0,,96.0,62.0
WA,2018,23,30,2018-07-29,0.0,24.0,96.0,0.0,0.0,,96.0,78.0
WA,2018,24,31,2018-08-05,0.0,35.0,96.0,0.0,0.0,,96.0,89.0
WA,2018,25,32,2018-08-12,2.0,47.0,96.0,0.0,0.0,,96.0,94.0
WA,2018,26,33,2018-08-19,5.0,56.0,96.0,0.0,0.0,,96.0,97.0
WA,2018,27,34,2018-08-26,16.0,70.0,96.0,0.0,0.0,,96.0,97.0
WA,2018,28,35,2018-09-02,32.0,76.0,96.0,2.0,11.0,,96.0,97.0
WA,2018,29,36,2018-09-09,50.0,83.0,96.0,1.0,24.0,,96.0,97.0
WA,2018,30,37,2018-09-16,72.0,87.0,96.0,2.0,29.0,,96.0,97.0
WA,2018,31,38,2018-09-23,84.0,92.0,96.0,13.0,53.0,,96.0,97.0
WA,2018,32,39,2018-09-30,85.0,99.0,96.0,27.0,63.0,,96.0,97.0
WA,2018,33,40,2018-10-07,93.0,99.0,96.0,38.0,74.0,,96.0,97.0
WA,2018,34,41,2018-10-14,96.0,99.0,96.0,53.0,82.0,,96.0,97.0
WA,2018,35,42,2018-10-21,96.0,99.0,96.0,62.0,93.0,,96.0,97.0
WA,2018,36,43,2018-10-28,96.0,99.0,96.0,68.0,96.0,,96.0,97.0
WA,2018,37,44,2018-11-04,96.0,99.0,96.0,74.0,96.0,,96.0,97.0
WA,2018,38,45,2018-11-11,96.0,99.0,96.0,76.0,96.0,,96.0,97.0
WA,2018,39,46,2018-11-18,96.0,99.0,96.0,80.0,96.0,,96.0,97.0
WA,2018,40,47,2018-11-25,96.0,99.0,96.0,91.0,96.0,,96.0,97.0
WA,2019,7,14,2019-04-07,0.0,0.0,0.0,0.0,0.0,,1.0,0.0
WA,2019,8,15,2019-04-14,0.0,0.0,0.0,0.0,0.0,,9.0,0.0
WA,2019,9,16,2019-04-21,0.0,0.0,0.0,0.0,0.0,,16.0,0.0
WA,2019,10,17,2019-04-28,0.0,0.0,0.0,0.0,0.0,,22.0,0.0
WA,2019,11,18,2019-05-05,0.0,0.0,5.0,0.0,0.0,,42.0,0.0
WA,2019,12,19,2019-05-12,0.0,0.0,33.0,0.0,0.0,,69.0,0.0
WA,2019,13,20,2019-05-19,0.0,0.0,64.0,0.0,0.0,,84.0,0.0
WA,2019,14,21,2019-05-26,0.0,0.0,70.0,0.0,0.0,,90.0,0.0
WA,2019,15,22,2019-06-02,0.0,0.0,74.0,0.0,0.0,,93.0,0.0
WA,2019,16,23,2019-06-09,0.0,0.0,80.0,0.0,0.0,,95.0,0.0
WA,2019,17,24,2019-06-16,0.0,0.0,86.0,0.0,0.0,,95.0,0.0
WA,2019,18,25,2019-06-23,0.0,0.0,100.0,0.0,0.0,,95.0,0.0
WA,2019,20,27,2019-07-07,0.0,0.0,100.0,0.0,0.0,,95.0,1.0
WA,2019,21,28,2019-07-14,0.0,0.0,100.0,0.0,0.0,,95.0,20.0
WA,2019,22,29,2019-07-21,0.0,0.0,100.0,0.0,0.0,,95.0,35.0
WA,2019,23,30,2019-07-28,0.0,3.0,100.0,0.0,0.0,,95.0,54.0
WA,2019,24,31,2019-08-04,0.0,15.0,100.0,0.0,0.0,,95.0,70.0
WA,2019,25,32,2019-08-11,1.0,20.0,100.0,0.0,0.0,,95.0,84.0
WA,2019,26,33,2019-08-18,3.0,26.0,100.0,0.0,0.0,,95.0,96.0
WA,2019,27,34,2019-08-25,4.0,37.0,100.0,0.0,0.0,,95.0,96.0
WA,2019,28,35,2019-09-01,6.0,44.0,100.0,1.0,0.0,,95.0,96.0
WA,2019,29,36,2019-09-08,15.0,56.0,100.0,8.0,3.0,,95.0,96.0
WA,2019,30,37,2019-09-15,34.0,93.0,100.0,0.0,8.0,,95.0,96.0
WA,2019,31,38,2019-09-22,58.0,98.0,100.0,0.0,16.0,,95.0,96.0
WA,2019,32,39,2019-09-29,80.0,98.0,100.0,1.0,40.0,,95.0,96.0
WA,2019,33,40,2019-10-06,93.0,98.0,100.0,2.0,55.0,,95.0,96.0
WA,2019,34,41,2019-10-13,97.0,98.0,100.0,12.0,74.0,,95.0,96.0
WA,2019,35,42,2019-10-20,97.0,98.0,100.0,24.0,89.0,,95.0,96.0
WA,2019,36,43,2019-10-27,97.0,98.0,100.0,41.0,95.0,,95.0,96.0
WA,2019,37,44,2019-11-03,97.0,98.0,100.0,56.0,97.0,,95.0,96.0
WA,2019,38,45,2019-11-10,97.0,98.0,100.0,72.0,97.0,,95.0,96.0
WA,2019,39,46,2019-11-17,97.0,98.0,100.0,83.0,97.0,,95.0,96.0
WA,2019,40,47,2019-11-24,97.0,98.0,100.0,85.0,97.0,,95.0,96.0
WA,2020,8,15,2020-04-12,0.0,0.0,0.0,0.0,0.0,,1.0,0.0
WA,2020,9,16,2020-04-19,0.0,0.0,0.0,0.0,0.0,,13.0,0.0
WA,2020,10,17,2020-04-26,0.0,0.0,0.0,0.0,0.0,,33.0,0.0
WA,2020,11,18,2020-05-03,0.0,0.0,25.0,0.0,0.0,,70.0,0.0
WA,2020,12,19,2020-05-10,0.0,0.0,50.0,0.0,0.0,,82.0,0.0
WA,2020,13,20,2020-05-17,0.0,0.0,78.0,0.0,0.0,,93.0,0.0
WA,2020,14,21,2020-05-24,0.0,0.0,85.0,0.0,0.0,,95.0,0.0
WA,2020,15,22,2020-05-31,0.0,0.0,90.0,0.0,0.0,,95.0,0.0
WA,2020,16,23,2020-06-07,0.0,0.0,94.0,0.0,0.0,,95.0,0.0
WA,2020,17,24,2020-06-14,0.0,0.0,95.0,0.0,0.0,,95.0,0.0
WA,2020,18,25,2020-06-21,0.0,0.0,95.0,0.0,0.0,,95.0,7.0
WA,2020,19,26,2020-06-28,0.0,0.0,95.0,0.0,0.0,,95.0,18.0
WA,2020,20,27,2020-07-05,0.0,0.0,95.0,0.0,0.0,,95.0,24.0
WA,2020,21,28,2020-07-12,0.0,0.0,95.0,0.0,0.0,,95.0,30.0
WA,2020,22,29,2020-07-19,0.0,0.0,95.0,0.0,0.0,,95.0,38.0
WA,2020,23,30,2020-07-26,0.0,8.0,95.0,0.0,0.0,,95.0,46.0
WA,2020,24,31,2020-08-02,0.0,9.0,95.0,0.0,0.0,,95.0,60.0
WA,2020,25,32,2020-08-09,0.0,19.0,95.0,0.0,0.0,,95.0,70.0
WA,2020,26,33,2020-08-16,4.0,41.0,95.0,0.0,0.0,,95.0,87.0
WA,2020,27,34,2020-08-23,8.0,50.0,95.0,0.0,0.0,,95.0,95.0
WA,2020,28,35,2020-08-30,18.0,58.0,95.0,2.0,4.0,,95.0,95.0
WA,2020,29,36,2020-09-06,33.0,84.0,95.0,15.0,11.0,,95.0,95.0
WA,2020,30,37,2020-09-13,53.0,91.0,95.0,6.0,34.0,,95.0,95.0
WA,2020,31,38,2020-09-20,68.0,95.0,95.0,27.0,43.0,,95.0,95.0
WA,2020,32,39,2020-09-27,80.0,95.0,95.0,40.0,59.0,,95.0,95.0
WA,2020,33,40,2020-10-04,86.0,95.0,95.0,51.0,64.0,,95.0,95.0
WA,2020,34,41,2020-10-11,96.0,95.0,95.0,60.0,82.0,,95.0,95.0
WA,2020,35,42,2020-10-18,96.0,95.0,95.0,66.0,94.0,,95.0,95.0
WA,2020,36,43,2020-10-25,96.0,95.0,95.0,75.0,99.0,,95.0,95.0
WA,2020,37,44,2020-11-01,96.0,95.0,95.0,90.0,99.0,,95.0,95.0
WA,2020,38,45,2020-11-08,96.0,95.0,95.0,92.0,99.0,,95.0,95.0
WA,2020,39,46,2020-11-15,96.0,95.0,95.0,93.0,99.0,,95.0,95.0
WA,2020,40,47,2020-11-22,96.0,95.0,95.0,95.0,99.0,,95.0,95.0
WA,2021,8,15,2021-04-18,0.0,0.0,0.0,0.0,0.0,,2.0,0.0
WA,2021,9,16,2021-04-25,0.0,0.0,0.0,0.0,0.0,,25.0,0.0
WA,2021,10,17,2021-05-02,0.0,0.0,9.0,0.0,0.0,,60.0,0.0
WA,2021,11,18,2021-05-09,0.0,0.0,15.0,0.0,0.0,,70.0,0.0
WA,2021,12,19,2021-05-16,0.0,0.0,32.0,0.0,0.0,,80.0,0.0
WA,2021,13,20,2021-05-23,0.0,0.0,47.0,0.0,0.0,,86.0,0.0
WA,2021,14,21,2021-05-30,0.0,0.0,74.0,0.0,0.0,,92.0,0.0
WA,2021,15,22,2021-06-06,0.0,0.0,84.0,0.0,0.0,,95.0,0.0
WA,2021,16,23,2021-06-13,0.0,0.0,92.0,0.0,0.0,,95.0,0.0
WA,2021,17,24,2021-06-20,0.0,0.0,95.0,0.0,0.0,,95.0,1.0
WA,2021,18,25,2021-06-27,0.0,0.0,95.0,0.0,0.0,,95.0,4.0
WA,2021,19,26,2021-07-04,0.0,0.0,95.0,0.0,0.0,,95.0,17.0
WA,2021,20,27,2021-07-11,0.0,0.0,95.0,0.0,0.0,,95.0,30.0
WA,2021,21,28,2021-07-18,0.0,0.0,95.0,0.0,0.0,,95.0,50.0
WA,2021,22,29,2021-07-25,0.0,1.0,95.0,0.0,0.0,,95.0,64.0
WA,2021,23,30,2021-08-01,0.0,17.0,95.0,0.0,0.0,,95.0,78.0
WA,2021,24,31,2021-08-08,0.0,26.0,95.0,0.0,0.0,,95.0,86.0
WA,2021,25,32,2021-08-15,1.0,30.0,95.0,0.0,0.0,,95.0,95.0
WA,2021,26,33,2021-08-22,8.0,40.0,95.0,0.0,1.0,,95.0,95.0
WA,2021,27,34,2021-08-29,19.0,63.0,95.0,3.0,3.0,,95.0,95.0
WA,2021,28,35,2021-09-05,28.0,74.0,95.0,10.0,8.0,,95.0,95.0
WA,2021,29,36,2021-09-12,46.0,84.0,95.0,0.0,19.0,,95.0,95.0
WA,2021,30,37,2021-09-19,58.0,92.0,95.0,3.0,26.0,,95.0,95.0
WA,2021,31,38,2021-09-26,68.0,95.0,95.0,10.0,35.0,,95.0,95.0
WA,2021,32,39,2021-10-03,82.0,95.0,95.0,22.0,53.0,,95.0,95.0
WA,2021,33,40,2021-10-10,90.0,95.0,95.0,29.0,66.0,,95.0,95.0
WA,2021,34,41,2021-10-17,95.0,95.0,95.0,42.0,72.0,,95.0,95.0
WA,2021,35,42,2021-10-24,95.0,95.0,95.0,59.0,88.0,,95.0,95.0
WA,2021,36,43,2021-10-31,95.0,95.0,95.0,72.0,95.0,,95.0,95.0
WA,2021,37,44,2021-11-07,95.0,95.0,95.0,83.0,95.0,,95.0,95.0
WA,2021,38,45,2021-11-14,95.0,95.0,95.0,93.0,95.0,,95.0,95.0
WA,2021,39,46,2021-11-21,95.0,95.0,95.0,98.0,95.0,,95.0,95.0
WA,2022,8,15,2022-04-17,,,0.0,0.0,,,0.0,
WA,2022,9,16,2022-04-24,,,0.0,0.0,,,2.0,
WA,2022,10,17,2022-05-01,,,0.0,0.0,,,25.0,
WA,2022,11,18,2022-05-08,,,1.0,0.0,,,33.0,
WA,2022,12,19,2022-05-15,,,3.0,0.0,,,40.0,
WA,2022,13,20,2022-05-22,,,10.0,0.0,,,50.0,
WA,2022,14,21,2022-05-29,,,14.0,0.0,,,61.0,
WA,2022,15,22,2022-06-05,,,38.0,0.0,,,82.0,
WA,2022,16,23,2022-06-12,,,66.0,0.0,,,93.0,
WA,2022,17,24,2022-06-19,,,76.0,0.0,,,95.0,
WA,2022,18,25,2022-06-26,,,90.0,0.0,,,95.0,
WA,2022,19,26,2022-07-03,,,95.0,0.0,,,95.0,
WA,2022,27,34,2022-08-28,,,95.0,1.0,,,95.0,
WA,2022,28,35,2022-09-04,,,95.0,6.0,,,95.0,
WA,2022,29,36,2022-09-11,,,95.0,0.0,,,95.0,
WA,2022,30,37,2022-09-18,,,95.0,1.0,,,95.0,
WA,2022,31,38,2022-09-25,,,95.0,8.0,,,95.0,
WA,2022,32,39,2022-10-02,,,95.0,18.0,,,95.0,
WA,2022,33,40,2022-10-09,,,95.0,33.0,,,95.0,
WA,2022,34,41,2022-10-16,,,95.0,41.0,,,95.0,
WA,2022,35,42,2022-10-23,,,95.0,56.0,,,95.0,
WA,2022,36,43,2022-10-30,,,95.0,70.0,,,95.0,
WA,2022,37,44,2022-11-06,,,95.0,83.0,,,95.0,
WA,2022,38,45,2022-11-13,,,95.0,94.0,,,95.0,
WA,2022,39,46,2022-11-20,,,95.0,97.0,,,95.0,
WA,2023,8,15,2023-04-16,,,0.0,0.0,,,3.0,
WA,2023,9,16,2023-04-23,,,0.0,0.0,,,15.0,
WA,2023,10,17,2023-04-30,,,8.0,0.0,,,34.0,
WA,2023,11,18,2023-05-07,,,13.0,0.0,,,39.0,
WA,2023,12,19,2023-05-14,,,21.0,0.0,,,57.0,
WA,2023,13,20,2023-05-21,,,40.0,0.0,,,72.0,
WA,2023,14,21,2023-05-28,,,50.0,0.0,,,82.0,
WA,2023,15,22,2023-06-04,,,65.0,0.0,,,90.0,
WA,2023,16,23,2023-06-11,,,75.0,0.0,,,95.0,
WA,2023,17,24,2023-06-18,,,89.0,0.0,,,95.0,
WA,2023,18,25,2023-06-25,,,96.0,0.0,,,95.0,
WA,2023,27,34,2023-08-27,,,96.0,0.0,,,95.0,
WA,2023,28,35,2023-09-03,,,96.0,1.0,,,95.0,
WA,2023,29,36,2023-09-10,,,96.0,8.0,,,95.0,
WA,2023,30,37,2023-09-17,,,96.0,4.0,,,95.0,
WA,2023,31,38,2023-09-24,,,96.0,17.0,,,95.0,
WA,2023,32,39,2023-10-01,,,96.0,34.0,,,95.0,
WA,2023,33,40,2023-10-08,,,96.0,39.0,,,95.0,
WA,2023,34,41,2023-10-15,,,96.0,45.0,,,95.0,
WA,2023,35,42,2023-10-22,,,96.0,56.0,,,95.0,
WA,2023,36,43,2023-10-29,,,96.0,69.0,,,95.0,
WA,2023,37,44,2023-11-05,,,96.0,82.0,,,95.0,
WA,2023,38,45,2023-11-12,,,96.0,90.0,,,95.0,
WA,2023,39,46,2023-11-19,,,96.0,95.0,,,95.0,
WA,2024,7,14,2024-04-07,,,0.0,0.0,,,2.0,
WA,2024,8,15,2024-04-14,,,0.0,0.0,,,4.0,
WA,2024,9,16,2024-04-21,,,0.0,0.0,,,14.0,
WA,2024,10,17,2024-04-28,,,1.0,0.0,,,25.0,
WA,2024,11,18,2024-05-05,,,12.0,0.0,,,41.0,
WA,2024,12,19,2024-05-12,,,38.0,0.0,,,78.0,
WA,2024,13,20,2024-05-19,,,60.0,0.0,,,92.0,
WA,2024,14,21,2024-05-26,,,75.0,0.0,,,95.0,
WA,2024,15,22,2024-06-02,,,88.0,0.0,,,95.0,
WA,2024,16,23,2024-06-09,,,90.0,0.0,,,95.0,
WA,2024,17,24,2024-06-16,,,95.0,0.0,,,95.0,
WA,2024,27,34,2024-08-25,,,95.0,5.0,,,95.0,
WA,2024,28,35,2024-09-01,,,95.0,7.0,,,95.0,
WA,2024,29,36,2024-09-08,,,95.0,15.0,,,95.0,
WA,2024,30,37,2024-09-15,,,95.0,1.0,,,95.0,
WA,2024,31,38,2024-09-22,,,95.0,7.0,,,95.0,
WA,2024,32,39,2024-09-29,,,95.0,19.0,,,95.0,
WA,2024,33,40,2024-10-06,,,95.0,30.0,,,95.0,
WA,2024,34,41,2024-10-13,,,95.0,41.0,,,95.0,
WA,2024,35,42,2024-10-20,,,95.0,55.0,,,95.0,
WA,2024,36,43,2024-10-27,,,95.0,65.0,,,95.0,
WA,2024,37,44,2024-11-03,,,95.0,77.0,,,95.0,
WA,2024,38,45,2024-11-10,,,95.0,86.0,,,95.0,
WA,2024,39,46,2024-11-17,,,95.0,92.0,,,95.0,
WA,2024,40,47,2024-11-24,,,95.0,94.0,,,95.0,
WA,2025,8,15,2025-04-13,,,0.0,0.0,,,1.0,
WA,2025,9,16,2025-04-20,,,0.0,0.0,,,10.0,
WA,2025,10,17,2025-04-27,,,1.0,0.0,,,25.0,
WA,2025,11,18,2025-05-04,,,10.0,0.0,,,43.0,
WA,2025,12,19,2025-05-11,,,35.0,0.0,,,74.0,
WA,2025,13,20,2025-05-18,,,44.0,0.0,,,87.0,
WA,2025,14,21,2025-05-25,,,70.0,0.0,,,95.0,
WA,2025,15,22,2025-06-01,,,88.0,0.0,,,95.0,
WA,2025,16,23,2025-06-08,,,95.0,0.0,,,95.0,
WA,2025,27,34,2025-08-24,,,95.0,0.0,,,95.0,
WA,2025,28,35,2025-08-31,,,95.0,3.0,,,95.0,
WA,2025,29,36,2025-09-07,,,95.0,15.0,,,95.0,
WA,2025,30,37,2025-09-14,,,95.0,2.0,,,95.0,
WA,2025,31,38,2025-09-21,,,95.0,10.0,,,95.0,
WA,2025,32,39,2025-09-28,,,95.0,20.0,,,95.0,
WA,2025,39,46,2025-11-16,,,95.0,95.0,,,95.0,
WI,2016,7,14,2016-04-10,0.0,0.0,0.0,0.0,0.0,,0.0,0.0
WI,2016,8,15,2016-04-17,0.0,0.0,0.0,0.0,0.0,,1.0,0.0
WI,2016,9,16,2016-04-24,0.0,0.0,0.0,0.0,0.0,,10.0,0.0
WI,2016,10,17,2016-05-01,0.0,0.0,1.0,0.0,0.0,,22.0,0.0
WI,2016,11,18,2016-05-08,0.0,0.0,6.0,0.0,0.0,,56.0,0.0
WI,2016,12,19,2016-05-15,0.0,0.0,17.0,0.0,0.0,,76.0,0.0
WI,2016,13,20,2016-05-22,0.0,0.0,42.0,0.0,0.0,,91.0,0.0
WI,2016,14,21,2016-05-29,0.0,0.0,75.0,0.0,0.0,,97.0,0.0
WI,2016,15,22,2016-06-05,0.0,0.0,90.0,0.0,0.0,,100.0,0.0
WI,2016,16,23,2016-06-12,0.0,0.0,96.0,0.0,0.0,,100.0,0.0
WI,2016,17,24,2016-06-19,0.0,0.0,99.0,0.0,0.0,,100.0,0.0
WI,2016,18,25,2016-06-26,0.0,0.0,99.0,0.0,0.0,,100.0,0.0
WI,2016,19,26,2016-07-03,0.0,0.0,99.0,0.0,0.0,,100.0,0.0
WI,2016,20,27,2016-07-10,0.0,0.0,99.0,0.0,0.0,,100.0,4.0
WI,2016,21,28,2016-07-17,0.0,0.0,99.0,0.0,0.0,,100.0,33.0
WI,2016,22,29,2016-07-24,0.0,1.0,99.0,0.0,0.0,,100.0,64.0
WI,2016,23,30,2016-07-31,0.0,10.0,99.0,0.0,0.0,,100.0,88.0
WI,2016,24,31,2016-08-07,3.0,34.0,99.0,0.0,0.0,,100.0,96.0
WI,2016,25,32,2016-08-14,7.0,51.0,99.0,0.0,0.0,,100.0,97.0
WI,2016,26,33,2016-08-21,25.0,72.0,99.0,1.0,0.0,,100.0,97.0
WI,2016,27,34,2016-08-28,50.0,85.0,99.0,3.0,3.0,,100.0,97.0
WI,2016,28,35,2016-09-04,71.0,91.0,99.0,8.0,13.0,,100.0,97.0
WI,2016,29,36,2016-09-11,81.0,95.0,99.0,0.0,29.0,,100.0,97.0
WI,2016,30,37,2016-09-18,90.0,98.0,99.0,1.0,49.0,,100.0,97.0
WI,2016,31,38,2016-09-25,95.0,98.0,99.0,2.0,66.0,,100.0,97.0
WI,2016,32,39,2016-10-02,98.0,98.0,99.0,6.0,80.0,,100.0,97.0
WI,2016,33,40,2016-10-09,98.0,98.0,99.0,13.0,90.0,,100.0,97.0
WI,2016,34,41,2016-10-16,98.0,98.0,99.0,24.0,96.0,,100.0,97.0
WI,2016,35,42,2016-10-23,98.0,98.0,99.0,38.0,98.0,,100.0,97.0
WI,2016,36,43,2016-10-30,98.0,98.0,99.0,52.0,98.0,,100.0,97.0
WI,2016,37,44,2016-11-06,98.0,98.0,99.0,68.0,98.0,,100.0,97.0
WI,2016,38,45,2016-11-13,98.0,98.0,99.0,83.0,98.0,,100.0,97.0
WI,2016,39,46,2016-11-20,98.0,98.0,99.0,92.0,98.0,,100.0,97.0
WI,2016,40,47,2016-11-27,98.0,98.0,99.0,96.0,98.0,,100.0,97.0
WI,2017,7,14,2017-04-09,0.0,0.0,0.0,0.0,0.0,,0.0,0.0
WI,2017,8,15,2017-04-16,0.0,0.0,0.0,0.0,0.0,,0.0,0.0
WI,2017,9,16,2017-04-23,0.0,0.0,0.0,0.0,0.0,,1.0,0.0
WI,2017,10,17,2017-04-30,0.0,0.0,0.0,0.0,0.0,,5.0,0.0
WI,2017,11,18,2017-05-07,0.0,0.0,0.0,0.0,0.0,,15.0,0.0
WI,2017,12,19,2017-05-14,0.0,0.0,3.0,0.0,0.0,,48.0,0.0
WI,2017,13,20,2017-05-21,0.0,0.0,21.0,0.0,0.0,,65.0,0.0
WI,2017,14,21,2017-05-28,0.0,0.0,47.0,0.0,0.0,,77.0,0.0
WI,2017,15,22,2017-06-04,0.0,0.0,68.0,0.0,0.0,,91.0,0.0
WI,2017,16,23,2017-06-11,0.0,0.0,84.0,0.0,0.0,,96.0,0.0
WI,2017,17,24,2017-06-18,0.0,0.0,94.0,0.0,0.0,,96.0,0.0
WI,2017,18,25,2017-06-25,0.0,0.0,98.0,0.0,0.0,,96.0,0.0
WI,2017,19,26,2017-07-02,0.0,0.0,98.0,0.0,0.0,,96.0,0.0
WI,2017,20,27,2017-07-09,0.0,0.0,98.0,0.0,0.0,,96.0,0.0
WI,2017,21,28,2017-07-16,0.0,0.0,98.0,0.0,0.0,,96.0,5.0
WI,2017,22,29,2017-07-23,0.0,0.0,98.0,0.0,0.0,,96.0,34.0
WI,2017,23,30,2017-07-30,0.0,4.0,98.0,0.0,0.0,,96.0,58.0
WI,2017,24,31,2017-08-06,0.0,17.0,98.0,0.0,0.0,,96.0,80.0
WI,2017,25,32,2017-08-13,2.0,34.0,98.0,0.0,0.0,,96.0,91.0
WI,2017,26,33,2017-08-20,5.0,51.0,98.0,0.0,0.0,,96.0,95.0
WI,2017,27,34,2017-08-27,17.0,68.0,98.0,0.0,0.0,,96.0,98.0
WI,2017,28,35,2017-09-03,33.0,79.0,98.0,1.0,2.0,,96.0,98.0
WI,2017,29,36,2017-09-10,48.0,86.0,98.0,0.0,4.0,,96.0,98.0
WI,2017,30,37,2017-09-17,67.0,93.0,98.0,0.0,10.0,,96.0,98.0
WI,2017,31,38,2017-09-24,80.0,95.0,98.0,0.0,23.0,,96.0,98.0
WI,2017,32,39,2017-10-01,88.0,97.0,98.0,2.0,41.0,,96.0,98.0
WI,2017,33,40,2017-10-08,94.0,97.0,98.0,5.0,58.0,,96.0,98.0
WI,2017,34,41,2017-10-15,96.0,97.0,98.0,9.0,70.0,,96.0,98.0
WI,2017,35,42,2017-10-22,96.0,97.0,98.0,15.0,82.0,,96.0,98.0
WI,2017,36,43,2017-10-29,96.0,97.0,98.0,25.0,90.0,,96.0,98.0
WI,2017,37,44,2017-11-05,96.0,97.0,98.0,37.0,94.0,,96.0,98.0
WI,2017,38,45,2017-11-12,96.0,97.0,98.0,56.0,94.0,,96.0,98.0
WI,2017,39,46,2017-11-19,96.0,97.0,98.0,69.0,94.0,,96.0,98.0
WI,2017,40,47,2017-11-26,96.0,97.0,98.0,81.0,94.0,,96.0,98.0
WI,2018,7,14,2018-04-08,0.0,0.0,0.0,0.0,0.0,,0.0,0.0
WI,2018,8,15,2018-04-15,0.0,0.0,0.0,0.0,0.0,,0.0,0.0
WI,2018,9,16,2018-04-22,0.0,0.0,0.0,0.0,0.0,,0.0,0.0
WI,2018,10,17,2018-04-29,0.0,0.0,0.0,0.0,0.0,,3.0,0.0
WI,2018,11,18,2018-05-06,0.0,0.0,0.0,0.0,0.0,,15.0,0.0
WI,2018,12,19,2018-05-13,0.0,0.0,8.0,0.0,0.0,,30.0,0.0
WI,2018,13,20,2018-05-20,0.0,0.0,21.0,0.0,0.0,,56.0,0.0
WI,2018,14,21,2018-05-27,0.0,0.0,48.0,0.0,0.0,,81.0,0.0
WI,2018,15,22,2018-06-03,0.0,0.0,75.0,0.0,0.0,,89.0,0.0
WI,2018,16,23,2018-06-10,0.0,0.0,87.0,0.0,0.0,,95.0,0.0
WI,2018,17,24,2018-06-17,0.0,0.0,96.0,0.0,0.0,,95.0,0.0
WI,2018,18,25,2018-06-24,0.0,0.0,96.0,0.0,0.0,,95.0,0.0
WI,2018,19,26,2018-07-01,0.0,0.0,96.0,0.0,0.0,,95.0,1.0
WI,2018,20,27,2018-07-08,0.0,0.0,96.0,0.0,0.0,,95.0,6.0
WI,2018,21,28,2018-07-15,0.0,0.0,96.0,0.0,0.0,,95.0,30.0
WI,2018,22,29,2018-07-22,0.0,0.0,96.0,0.0,0.0,,95.0,53.0
WI,2018,23,30,2018-07-29,0.0,8.0,96.0,0.0,0.0,,95.0,76.0
WI,2018,24,31,2018-08-05,0.0,28.0,96.0,0.0,0.0,,95.0,87.0
WI,2018,25,32,2018-08-12,4.0,45.0,96.0,0.0,0.0,,95.0,94.0
WI,2018,26,33,2018-08-19,18.0,62.0,96.0,0.0,0.0,,95.0,96.0
WI,2018,27,34,2018-08-26,36.0,77.0,96.0,3.0,1.0,,95.0,98.0
WI,2018,28,35,2018-09-02,54.0,86.0,96.0,7.0,8.0,,95.0,98.0
WI,2018,29,36,2018-09-09,70.0,92.0,96.0,0.0,21.0,,95.0,98.0
WI,2018,30,37,2018-09-16,82.0,96.0,96.0,1.0,36.0,,95.0,98.0
WI,2018,31,38,2018-09-23,91.0,98.0,96.0,4.0,55.0,,95.0,98.0
WI,2018,32,39,2018-09-30,96.0,98.0,96.0,10.0,73.0,,95.0,98.0
WI,2018,33,40,2018-10-07,98.0,98.0,96.0,14.0,84.0,,95.0,98.0
WI,2018,34,41,2018-10-14,98.0,98.0,96.0,19.0,93.0,,95.0,98.0
WI,2018,35,42,2018-10-21,98.0,98.0,96.0,31.0,96.0,,95.0,98.0
WI,2018,36,43,2018-10-28,98.0,98.0,96.0,46.0,98.0,,95.0,98.0
WI,2018,37,44,2018-11-04,98.0,98.0,96.0,59.0,98.0,,95.0,98.0
WI,2018,38,45,2018-11-11,98.0,98.0,96.0,69.0,98.0,,95.0,98.0
WI,2018,39,46,2018-11-18,98.0,98.0,96.0,80.0,98.0,,95.0,98.0
WI,2018,40,47,2018-11-25,98.0,98.0,96.0,88.0,98.0,,95.0,98.0
WI,2019,7,14,2019-04-07,0.0,0.0,0.0,0.0,0.0,,0.0,0.0
WI,2019,8,15,2019-04-14,0.0,0.0,0.0,0.0,0.0,,0.0,0.0
WI,2019,9,16,2019-04-21,0.0,0.0,0.0,0.0,0.0,,1.0,0.0
WI,2019,10,17,2019-04-28,0.0,0.0,0.0,0.0,0.0,,4.0,0.0
WI,2019,11,18,2019-05-05,0.0,0.0,0.0,0.0,0.0,,7.0,0.0
WI,2019,12,19,2019-05-12,0.0,0.0,1.0,0.0,0.0,,14.0,0.0
WI,2019,13,20,2019-05-19,0.0,0.0,3.0,0.0,0.0,,35.0,0.0
WI,2019,14,21,2019-05-26,0.0,0.0,11.0,0.0,0.0,,46.0,0.0
WI,2019,15,22,2019-06-02,0.0,0.0,28.0,0.0,0.0,,58.0,0.0
WI,2019,16,23,2019-06-09,0.0,0.0,48.0,0.0,0.0,,78.0,0.0
WI,2019,17,24,2019-06-16,0.0,0.0,66.0,0.0,0.0,,87.0,0.0
WI,2019,18,25,2019-06-23,0.0,0.0,81.0,0.0,0.0,,93.0,0.0
WI,2019,19,26,2019-06-30,0.0,0.0,87.0,0.0,0.0,,96.0,0.0
WI,2019,20,27,2019-07-07,0.0,0.0,94.0,0.0,0.0,,96.0,0.0
WI,2019,21,28,2019-07-14,0.0,0.0,97.0,0.0,0.0,,96.0,1.0
WI,2019,22,29,2019-07-21,0.0,0.0,97.0,0.0,0.0,,96.0,10.0
WI,2019,23,30,2019-07-28,0.0,0.0,97.0,0.0,0.0,,96.0,28.0
WI,2019,24,31,2019-08-04,0.0,4.0,97.0,0.0,0.0,,96.0,53.0
WI,2019,25,32,2019-08-11,0.0,14.0,97.0,0.0,0.0,,96.0,72.0
WI,2019,26,33,2019-08-18,3.0,31.0,97.0,0.0,0.0,,96.0,84.0
WI,2019,27,34,2019-08-25,11.0,48.0,97.0,0.0,0.0,,96.0,90.0
WI,2019,28,35,2019-09-01,18.0,61.0,97.0,2.0,0.0,,96.0,92.0
WI,2019,29,36,2019-09-08,31.0,72.0,97.0,5.0,0.0,,96.0,94.0
WI,2019,30,37,2019-09-15,44.0,78.0,97.0,0.0,2.0,,96.0,95.0
WI,2019,31,38,2019-09-22,59.0,84.0,97.0,0.0,8.0,,96.0,96.0
WI,2019,32,39,2019-09-29,67.0,88.0,97.0,0.0,16.0,,96.0,97.0
WI,2019,33,40,2019-10-06,76.0,91.0,97.0,1.0,30.0,,96.0,97.0
WI,2019,34,41,2019-10-13,84.0,94.0,97.0,3.0,49.0,,96.0,97.0
WI,2019,35,42,2019-10-20,90.0,96.0,97.0,7.0,61.0,,96.0,97.0
WI,2019,36,43,2019-10-27,93.0,97.0,97.0,13.0,74.0,,96.0,97.0
WI,2019,37,44,2019-11-03,96.0,97.0,97.0,21.0,83.0,,96.0,97.0
WI,2019,38,45,2019-11-10,97.0,97.0,97.0,30.0,89.0,,96.0,97.0
WI,2019,39,46,2019-11-17,97.0,97.0,97.0,44.0,93.0,,96.0,97.0
WI,2019,40,47,2019-11-24,97.0,97.0,97.0,57.0,93.0,,96.0,97.0
WI,2019,41,48,2019-12-01,97.0,97.0,97.0,66.0,93.0,,96.0,97.0
WI,2020,8,15,2020-04-12,0.0,0.0,0.0,0.0,0.0,,0.0,0.0
WI,2020,9,16,2020-04-19,0.0,0.0,0.0,0.0,0.0,,1.0,0.0
WI,2020,10,17,2020-04-26,0.0,0.0,0.0,0.0,0.0,,11.0,0.0
WI,2020,11,18,2020-05-03,0.0,0.0,1.0,0.0,0.0,,33.0,0.0
WI,2020,12,19,2020-05-10,0.0,0.0,3.0,0.0,0.0,,59.0,0.0
WI,2020,13,20,2020-05-17,0.0,0.0,15.0,0.0,0.0,,81.0,0.0
WI,2020,14,21,2020-05-24,0.0,0.0,45.0,0.0,0.0,,90.0,0.0
WI,2020,15,22,2020-05-31,0.0,0.0,73.0,0.0,0.0,,94.0,0.0
WI,2020,16,23,2020-06-07,0.0,0.0,86.0,0.0,0.0,,96.0,0.0
WI,2020,17,24,2020-06-14,0.0,0.0,93.0,0.0,0.0,,98.0,0.0
WI,2020,18,25,2020-06-21,0.0,0.0,99.0,0.0,0.0,,98.0,0.0
WI,2020,19,26,2020-06-28,0.0,0.0,99.0,0.0,0.0,,98.0,0.0
WI,2020,20,27,2020-07-05,0.0,0.0,99.0,0.0,0.0,,98.0,2.0
WI,2020,21,28,2020-07-12,0.0,0.0,99.0,0.0,0.0,,98.0,10.0
WI,2020,22,29,2020-07-19,0.0,1.0,99.0,0.0,0.0,,98.0,34.0
WI,2020,23,30,2020-07-26,0.0,8.0,99.0,0.0,0.0,,98.0,62.0
WI,2020,24,31,2020-08-02,0.0,19.0,99.0,0.0,0.0,,98.0,84.0
WI,2020,25,32,2020-08-09,1.0,38.0,99.0,0.0,0.0,,98.0,93.0
WI,2020,26,33,2020-08-16,6.0,63.0,99.0,1.0,0.0,,98.0,97.0
WI,2020,27,34,2020-08-23,24.0,80.0,99.0,3.0,0.0,,98.0,97.0
WI,2020,28,35,2020-08-30,45.0,88.0,99.0,8.0,7.0,,98.0,97.0
WI,2020,29,36,2020-09-06,65.0,94.0,99.0,24.0,14.0,,98.0,97.0
WI,2020,30,37,2020-09-13,77.0,96.0,99.0,0.0,26.0,,98.0,97.0
WI,2020,31,38,2020-09-20,91.0,96.0,99.0,1.0,49.0,,98.0,97.0
WI,2020,32,39,2020-09-27,96.0,96.0,99.0,4.0,70.0,,98.0,97.0
WI,2020,33,40,2020-10-04,98.0,96.0,99.0,8.0,80.0,,98.0,97.0
WI,2020,34,41,2020-10-11,98.0,96.0,99.0,15.0,92.0,,98.0,97.0
WI,2020,35,42,2020-10-18,98.0,96.0,99.0,27.0,96.0,,98.0,97.0
WI,2020,36,43,2020-10-25,98.0,96.0,99.0,40.0,96.0,,98.0,97.0
WI,2020,37,44,2020-11-01,98.0,96.0,99.0,55.0,96.0,,98.0,97.0
WI,2020,38,45,2020-11-08,98.0,96.0,99.0,78.0,96.0,,98.0,97.0
WI,2020,39,46,2020-11-15,98.0,96.0,99.0,87.0,96.0,,98.0,97.0
WI,2020,40,47,2020-11-22,98.0,96.0,99.0,92.0,96.0,,98.0,97.0
WI,2020,41,48,2020-11-29,98.0,96.0,99.0,95.0,96.0,,98.0,97.0
WI,2021,6,13,2021-04-04,0.0,0.0,0.0,0.0,0.0,,0.0,0.0
WI,2021,7,14,2021-04-11,0.0,0.0,0.0,0.0,0.0,,0.0,0.0
WI,2021,8,15,2021-04-18,0.0,0.0,0.0,0.0,0.0,,1.0,0.0
WI,2021,9,16,2021-04-25,0.0,0.0,0.0,0.0,0.0,,6.0,0.0
WI,2021,10,17,2021-05-02,0.0,0.0,0.0,0.0,0.0,,27.0,0.0
WI,2021,11,18,2021-05-09,0.0,0.0,5.0,0.0,0.0,,49.0,0.0
WI,2021,12,19,2021-05-16,0.0,0.0,24.0,0.0,0.0,,78.0,0.0
WI,2021,13,20,2021-05-23,0.0,0.0,58.0,0.0,0.0,,90.0,0.0
WI,2021,14,21,2021-05-30,0.0,0.0,77.0,0.0,0.0,,95.0,0.0
WI,2021,15,22,2021-06-06,0.0,0.0,90.0,0.0,0.0,,98.0,0.0
WI,2021,16,23,2021-06-13,0.0,0.0,96.0,0.0,0.0,,98.0,0.0
WI,2021,17,24,2021-06-20,0.0,0.0,98.0,0.0,0.0,,98.0,0.0
WI,2021,18,25,2021-06-27,0.0,0.0,98.0,0.0,0.0,,98.0,0.0
WI,2021,19,26,2021-07-04,0.0,0.0,98.0,0.0,0.0,,98.0,0.0
WI,2021,20,27,2021-07-11,0.0,0.0,98.0,0.0,0.0,,98.0,5.0
WI,2021,21,28,2021-07-18,0.0,1.0,98.0,0.0,0.0,,98.0,34.0
WI,2021,22,29,2021-07-25,0.0,5.0,98.0,0.0,0.0,,98.0,69.0
WI,2021,23,30,2021-08-01,0.0,23.0,98.0,0.0,0.0,,98.0,86.0
WI,2021,24,31,2021-08-08,2.0,42.0,98.0,0.0,0.0,,98.0,92.0
WI,2021,25,32,2021-08-15,10.0,61.0,98.0,0.0,0.0,,98.0,97.0
WI,2021,26,33,2021-08-22,23.0,74.0,98.0,2.0,1.0,,98.0,97.0
WI,2021,27,34,2021-08-29,46.0,83.0,98.0,4.0,2.0,,98.0,97.0
WI,2021,28,35,2021-09-05,65.0,91.0,98.0,9.0,7.0,,98.0,97.0
WI,2021,29,36,2021-09-12,82.0,94.0,98.0,0.0,15.0,,98.0,97.0
WI,2021,30,37,2021-09-19,90.0,97.0,98.0,1.0,36.0,,98.0,97.0
WI,2021,31,38,2021-09-26,96.0,97.0,98.0,5.0,61.0,,98.0,97.0
WI,2021,32,39,2021-10-03,96.0,97.0,98.0,12.0,80.0,,98.0,97.0
WI,2021,33,40,2021-10-10,96.0,97.0,98.0,24.0,91.0,,98.0,97.0
WI,2021,34,41,2021-10-17,96.0,97.0,98.0,32.0,96.0,,98.0,97.0
WI,2021,35,42,2021-10-24,96.0,97.0,98.0,48.0,96.0,,98.0,97.0
WI,2021,36,43,2021-10-31,96.0,97.0,98.0,61.0,96.0,,98.0,97.0
WI,2021,37,44,2021-11-07,96.0,97.0,98.0,76.0,96.0,,98.0,97.0
WI,2021,38,45,2021-11-14,96.0,97.0,98.0,86.0,96.0,,98.0,97.0
WI,2021,39,46,2021-11-21,96.0,97.0,98.0,92.0,96.0,,98.0,97.0
WI,2021,40,47,2021-11-28,96.0,97.0,98.0,96.0,96.0,,98.0,97.0
WI,2022,6,13,2022-04-03,0.0,0.0,0.0,0.0,0.0,,0.0,0.0
WI,2022,7,14,2022-04-10,0.0,0.0,0.0,0.0,0.0,,0.0,0.0
WI,2022,8,15,2022-04-17,0.0,0.0,0.0,0.0,0.0,,0.0,0.0
WI,2022,9,16,2022-04-24,0.0,0.0,0.0,0.0,0.0,,0.0,0.0
WI,2022,10,17,2022-05-01,0.0,0.0,0.0,0.0,0.0,,1.0,0.0
WI,2022,11,18,2022-05-08,0.0,0.0,0.0,0.0,0.0,,7.0,0.0
WI,2022,12,19,2022-05-15,0.0,0.0,3.0,0.0,0.0,,34.0,0.0
WI,2022,13,20,2022-05-22,0.0,0.0,26.0,0.0,0.0,,61.0,0.0
WI,2022,14,21,2022-05-29,0.0,0.0,55.0,0.0,0.0,,80.0,0.0
WI,2022,15,22,2022-06-05,0.0,0.0,73.0,0.0,0.0,,89.0,0.0
WI,2022,16,23,2022-06-12,0.0,0.0,84.0,0.0,0.0,,94.0,0.0
WI,2022,17,24,2022-06-19,0.0,0.0,92.0,0.0,0.0,,97.0,0.0
WI,2022,18,25,2022-06-26,0.0,0.0,95.0,0.0,0.0,,99.0,0.0
WI,2022,19,26,2022-07-03,0.0,0.0,98.0,0.0,0.0,,99.0,0.0
WI,2022,20,27,2022-07-10,0.0,0.0,98.0,0.0,0.0,,99.0,1.0
WI,2022,21,28,2022-07-17,0.0,0.0,98.0,0.0,0.0,,99.0,9.0
WI,2022,22,29,2022-07-24,0.0,1.0,98.0,0.0,0.0,,99.0,33.0
WI,2022,23,30,2022-07-31,0.0,7.0,98.0,0.0,0.0,,99.0,56.0
WI,2022,24,31,2022-08-07,0.0,20.0,98.0,0.0,0.0,,99.0,77.0
WI,2022,25,32,2022-08-14,4.0,44.0,98.0,0.0,0.0,,99.0,88.0
WI,2022,26,33,2022-08-21,11.0,59.0,98.0,1.0,0.0,,99.0,94.0
WI,2022,27,34,2022-08-28,24.0,75.0,98.0,1.0,0.0,,99.0,97.0
WI,2022,28,35,2022-09-04,44.0,86.0,98.0,2.0,1.0,,99.0,99.0
WI,2022,29,36,2022-09-11,63.0,92.0,98.0,0.0,10.0,,99.0,99.0
WI,2022,30,37,2022-09-18,78.0,96.0,98.0,0.0,23.0,,99.0,99.0
WI,2022,31,38,2022-09-25,87.0,98.0,98.0,1.0,42.0,,99.0,99.0
WI,2022,32,39,2022-10-02,94.0,98.0,98.0,3.0,69.0,,99.0,99.0
WI,2022,33,40,2022-10-09,97.0,98.0,98.0,7.0,85.0,,99.0,99.0
WI,2022,34,41,2022-10-16,97.0,98.0,98.0,14.0,92.0,,99.0,99.0
WI,2022,35,42,2022-10-23,97.0,98.0,98.0,22.0,96.0,,99.0,99.0
WI,2022,36,43,2022-10-30,97.0,98.0,98.0,37.0,98.0,,99.0,99.0
WI,2022,37,44,2022-11-06,97.0,98.0,98.0,55.0,98.0,,99.0,99.0
WI,2022,38,45,2022-11-13,97.0,98.0,98.0,71.0,98.0,,99.0,99.0
WI,2022,39,46,2022-11-20,97.0,98.0,98.0,77.0,98.0,,99.0,99.0
WI,2022,40,47,2022-11-27,97.0,98.0,98.0,87.0,98.0,,99.0,99.0
WI,2023,6,13,2023-04-02,0.0,0.0,0.0,0.0,0.0,,0.0,0.0
WI,2023,7,14,2023-04-09,0.0,0.0,0.0,0.0,0.0,,0.0,0.0
WI,2023,8,15,2023-04-16,0.0,0.0,0.0,0.0,0.0,,1.0,0.0
WI,2023,9,16,2023-04-23,0.0,0.0,0.0,0.0,0.0,,1.0,0.0
WI,2023,10,17,2023-04-30,0.0,0.0,0.0,0.0,0.0,,2.0,0.0
WI,2023,11,18,2023-05-07,0.0,0.0,0.0,0.0,0.0,,14.0,0.0
WI,2023,12,19,2023-05-14,0.0,0.0,5.0,0.0,0.0,,33.0,0.0
WI,2023,13,20,2023-05-21,0.0,0.0,26.0,0.0,0.0,,69.0,0.0
WI,2023,14,21,2023-05-28,0.0,0.0,52.0,0.0,0.0,,90.0,0.0
WI,2023,15,22,2023-06-04,0.0,0.0,76.0,0.0,0.0,,97.0,0.0
WI,2023,16,23,2023-06-11,0.0,0.0,89.0,0.0,0.0,,99.0,0.0
WI,2023,17,24,2023-06-18,0.0,0.0,94.0,0.0,0.0,,99.0,0.0
WI,2023,18,25,2023-06-25,0.0,0.0,98.0,0.0,0.0,,99.0,0.0
WI,2023,19,26,2023-07-02,0.0,0.0,98.0,0.0,0.0,,99.0,0.0
WI,2023,20,27,2023-07-09,0.0,0.0,98.0,0.0,0.0,,99.0,2.0
WI,2023,21,28,2023-07-16,0.0,0.0,98.0,0.0,0.0,,99.0,8.0
WI,2023,22,29,2023-07-23,0.0,0.0,98.0,0.0,0.0,,99.0,25.0
WI,2023,23,30,2023-07-30,0.0,5.0,98.0,0.0,0.0,,99.0,60.0
WI,2023,24,31,2023-08-06,0.0,20.0,98.0,0.0,0.0,,99.0,83.0
WI,2023,25,32,2023-08-13,1.0,39.0,98.0,0.0,0.0,,99.0,91.0
WI,2023,26,33,2023-08-20,9.0,64.0,98.0,0.0,0.0,,99.0,95.0
WI,2023,27,34,2023-08-27,21.0,77.0,98.0,1.0,0.0,,99.0,98.0
WI,2023,28,35,2023-09-03,41.0,86.0,98.0,3.0,2.0,,99.0,98.0
WI,2023,29,36,2023-09-10,66.0,92.0,98.0,0.0,16.0,,99.0,98.0
WI,2023,30,37,2023-09-17,80.0,96.0,98.0,1.0,32.0,,99.0,98.0
WI,2023,31,38,2023-09-24,87.0,98.0,98.0,2.0,46.0,,99.0,98.0
WI,2023,32,39,2023-10-01,92.0,98.0,98.0,5.0,59.0,,99.0,98.0
WI,2023,33,40,2023-10-08,95.0,98.0,98.0,9.0,76.0,,99.0,98.0
WI,2023,34,41,2023-10-15,97.0,98.0,98.0,14.0,86.0,,99.0,98.0
WI,2023,35,42,2023-10-22,97.0,98.0,98.0,24.0,92.0,,99.0,98.0
WI,2023,36,43,2023-10-29,97.0,98.0,98.0,35.0,96.0,,99.0,98.0
WI,2023,37,44,2023-11-05,97.0,98.0,98.0,50.0,98.0,,99.0,98.0
WI,2023,38,45,2023-11-12,97.0,98.0,98.0,66.0,98.0,,99.0,98.0
WI,2023,39,46,2023-11-19,97.0,98.0,98.0,78.0,98.0,,99.0,98.0
WI,2023,40,47,2023-11-26,97.0,98.0,98.0,85.0,98.0,,99.0,98.0
WI,2024,6,13,2024-03-31,0.0,0.0,0.0,0.0,0.0,,0.0,0.0
WI,2024,7,14,2024-04-07,0.0,0.0,0.0,0.0,0.0,,0.0,0.0
WI,2024,8,15,2024-04-14,0.0,0.0,0.0,0.0,0.0,,1.0,0.0
WI,2024,9,16,2024-04-21,0.0,0.0,0.0,0.0,0.0,,2.0,0.0
WI,2024,10,17,2024-04-28,0.0,0.0,0.0,0.0,0.0,,10.0,0.0
WI,2024,11,18,2024-05-05,0.0,0.0,2.0,0.0,0.0,,22.0,0.0
WI,2024,12,19,2024-05-12,0.0,0.0,8.0,0.0,0.0,,40.0,0.0
WI,2024,13,20,2024-05-19,0.0,0.0,23.0,0.0,0.0,,66.0,0.0
WI,2024,14,21,2024-05-26,0.0,0.0,48.0,0.0,0.0,,78.0,0.0
WI,2024,15,22,2024-06-02,0.0,0.0,68.0,0.0,0.0,,84.0,0.0
WI,2024,16,23,2024-06-09,0.0,0.0,78.0,0.0,0.0,,87.0,0.0
WI,2024,17,24,2024-06-16,0.0,0.0,84.0,0.0,0.0,,93.0,0.0
WI,2024,18,25,2024-06-23,0.0,0.0,89.0,0.0,0.0,,96.0,0.0
WI,2024,19,26,2024-06-30,0.0,0.0,94.0,0.0,0.0,,98.0,0.0
WI,2024,20,27,2024-07-07,0.0,0.0,98.0,0.0,0.0,,98.0,3.0
WI,2024,21,28,2024-07-14,0.0,0.0,98.0,0.0,0.0,,98.0,17.0
WI,2024,22,29,2024-07-21,0.0,4.0,98.0,0.0,0.0,,98.0,40.0
WI,2024,23,30,2024-07-28,0.0,15.0,98.0,0.0,0.0,,98.0,58.0
WI,2024,24,31,2024-08-04,3.0,24.0,98.0,0.0,0.0,,98.0,72.0
WI,2024,25,32,2024-08-11,5.0,36.0,98.0,0.0,0.0,,98.0,84.0
WI,2024,26,33,2024-08-18,16.0,61.0,98.0,1.0,1.0,,98.0,90.0
WI,2024,27,34,2024-08-25,25.0,73.0,98.0,1.0,2.0,,98.0,95.0
WI,2024,28,35,2024-09-01,43.0,82.0,98.0,3.0,3.0,,98.0,95.0
WI,2024,29,36,2024-09-08,58.0,90.0,98.0,0.0,5.0,,98.0,95.0
WI,2024,30,37,2024-09-15,73.0,94.0,98.0,0.0,18.0,,98.0,95.0
WI,2024,31,38,2024-09-22,82.0,97.0,98.0,2.0,39.0,,98.0,95.0
WI,2024,32,39,2024-09-29,91.0,97.0,98.0,5.0,55.0,,98.0,95.0
WI,2024,33,40,2024-10-06,95.0,97.0,98.0,10.0,70.0,,98.0,95.0
WI,2024,34,41,2024-10-13,97.0,97.0,98.0,26.0,85.0,,98.0,95.0
WI,2024,35,42,2024-10-20,97.0,97.0,98.0,44.0,94.0,,98.0,95.0
WI,2024,36,43,2024-10-27,97.0,97.0,98.0,65.0,97.0,,98.0,95.0
WI,2024,37,44,2024-11-03,97.0,97.0,98.0,81.0,97.0,,98.0,95.0
WI,2024,38,45,2024-11-10,97.0,97.0,98.0,89.0,97.0,,98.0,95.0
WI,2024,39,46,2024-11-17,97.0,97.0,98.0,94.0,97.0,,98.0,95.0
WI,2024,40,47,2024-11-24,97.0,97.0,98.0,97.0,97.0,,98.0,95.0
WI,2025,7,14,2025-04-06,0.0,0.0,0.0,0.0,0.0,,0.0,0.0
WI,2025,8,15,2025-04-13,0.0,0.0,0.0,0.0,0.0,,0.0,0.0
WI,2025,9,16,2025-04-20,0.0,0.0,0.0,0.0,0.0,,1.0,0.0
WI,2025,10,17,2025-04-27,0.0,0.0,0.0,0.0,0.0,,4.0,0.0
WI,2025,11,18,2025-05-04,0.0,0.0,0.0,0.0,0.0,,16.0,0.0
WI,2025,12,19,2025-05-11,0.0,0.0,5.0,0.0,0.0,,44.0,0.0
WI,2025,13,20,2025-05-18,0.0,0.0,23.0,0.0,0.0,,73.0,0.0
WI,2025,14,21,2025-05-25,0.0,0.0,52.0,0.0,0.0,,85.0,0.0
WI,2025,15,22,2025-06-01,0.0,0.0,69.0,0.0,0.0,,93.0,0.0
WI,2025,16,23,2025-06-08,0.0,0.0,82.0,0.0,0.0,,96.0,0.0
WI,2025,17,24,2025-06-15,0.0,0.0,91.0,0.0,0.0,,98.0,0.0
WI,2025,18,25,2025-06-22,0.0,0.0,96.0,0.0,0.0,,98.0,0.0
WI,2025,19,26,2025-06-29,0.0,0.0,98.0,0.0,0.0,,98.0,0.0
WI,2025,20,27,2025-07-06,0.0,0.0,98.0,0.0,0.0,,98.0,1.0
WI,2025,21,28,2025-07-13,0.0,0.0,98.0,0.0,0.0,,98.0,13.0
WI,2025,22,29,2025-07-20,0.0,2.0,98.0,0.0,0.0,,98.0,30.0
WI,2025,23,30,2025-07-27,0.0,10.0,98.0,0.0,0.0,,98.0,56.0
WI,2025,24,31,2025-08-03,3.0,19.0,98.0,0.0,0.0,,98.0,78.0
WI,2025,25,32,2025-08-10,5.0,36.0,98.0,0.0,0.0,,98.0,90.0
WI,2025,26,33,2025-08-17,15.0,54.0,98.0,1.0,0.0,,98.0,95.0
WI,2025,27,34,2025-08-24,22.0,67.0,98.0,2.0,1.0,,98.0,97.0
WI,2025,28,35,2025-08-31,38.0,80.0,98.0,4.0,4.0,,98.0,97.0
WI,2025,29,36,2025-09-07,54.0,88.0,98.0,0.0,10.0,,98.0,97.0
WI,2025,30,37,2025-09-14,72.0,95.0,98.0,0.0,17.0,,98.0,97.0
WI,2025,31,38,2025-09-21,82.0,97.0,98.0,1.0,28.0,,98.0,97.0
WI,2025,32,39,2025-09-28,93.0,97.0,98.0,4.0,49.0,,98.0,97.0
WI,2025,39,46,2025-11-16,93.0,97.0,98.0,86.0,49.0,,98.0,97.0
WI,2025,40,47,2025-11-23,93.0,97.0,98.0,90.0,49.0,,98.0,97.0
WV,2016,7,14,2016-04-10,0.0,0.0,0.0,0.0,0.0,,2.0,0.0
WV,2016,8,15,2016-04-17,0.0,0.0,0.0,0.0,0.0,,8.0,0.0
WV,2016,9,16,2016-04-24,0.0,0.0,0.0,0.0,0.0,,14.0,0.0
WV,2016,10,17,2016-05-01,0.0,0.0,3.0,0.0,0.0,,17.0,0.0
WV,2016,11,18,2016-05-08,0.0,0.0,6.0,0.0,0.0,,20.0,0.0
WV,2016,12,19,2016-05-15,0.0,0.0,9.0,0.0,0.0,,23.0,0.0
WV,2016,13,20,2016-05-22,0.0,0.0,14.0,0.0,0.0,,27.0,0.0
WV,2016,14,21,2016-05-29,0.0,0.0,21.0,0.0,0.0,,36.0,0.0
WV,2016,15,22,2016-06-05,0.0,0.0,36.0,0.0,0.0,,55.0,0.0
WV,2016,16,23,2016-06-12,0.0,0.0,42.0,0.0,0.0,,69.0,0.0
WV,2016,17,24,2016-06-19,0.0,0.0,58.0,0.0,0.0,,86.0,0.0
WV,2016,18,25,2016-06-26,0.0,0.0,81.0,0.0,0.0,,93.0,0.0
WV,2016,19,26,2016-07-03,0.0,0.0,85.0,0.0,0.0,,96.0,0.0
WV,2016,20,27,2016-07-10,0.0,0.0,90.0,0.0,0.0,,96.0,5.0
WV,2016,21,28,2016-07-17,0.0,0.0,95.0,0.0,0.0,,96.0,11.0
WV,2016,22,29,2016-07-24,0.0,10.0,95.0,0.0,0.0,,96.0,36.0
WV,2016,23,30,2016-07-31,0.0,19.0,95.0,0.0,0.0,,96.0,45.0
WV,2016,24,31,2016-08-07,5.0,36.0,95.0,0.0,0.0,,96.0,60.0
WV,2016,25,32,2016-08-14,20.0,52.0,95.0,0.0,0.0,,96.0,66.0
WV,2016,26,33,2016-08-21,25.0,62.0,95.0,0.0,0.0,,96.0,76.0
WV,2016,27,34,2016-08-28,32.0,71.0,95.0,0.0,0.0,,96.0,83.0
WV,2016,28,35,2016-09-04,61.0,82.0,95.0,0.0,4.0,,96.0,91.0
WV,2016,29,36,2016-09-11,76.0,87.0,95.0,0.0,25.0,,96.0,95.0
WV,2016,30,37,2016-09-18,84.0,92.0,95.0,4.0,36.0,,96.0,95.0
WV,2016,31,38,2016-09-25,88.0,95.0,95.0,18.0,62.0,,96.0,95.0
WV,2016,32,39,2016-10-02,92.0,95.0,95.0,25.0,76.0,,96.0,95.0
WV,2016,33,40,2016-10-09,96.0,95.0,95.0,45.0,85.0,,96.0,95.0
WV,2016,34,41,2016-10-16,96.0,95.0,95.0,57.0,91.0,,96.0,95.0
WV,2016,35,42,2016-10-23,96.0,95.0,95.0,65.0,93.0,,96.0,95.0
WV,2016,36,43,2016-10-30,96.0,95.0,95.0,75.0,99.0,,96.0,95.0
WV,2016,37,44,2016-11-06,96.0,95.0,95.0,80.0,99.0,,96.0,95.0
WV,2016,38,45,2016-11-13,96.0,95.0,95.0,85.0,99.0,,96.0,95.0
WV,2016,39,46,2016-11-20,96.0,95.0,95.0,90.0,99.0,,96.0,95.0
WV,2016,40,47,2016-11-27,96.0,95.0,95.0,95.0,99.0,,96.0,95.0
WV,2017,7,14,2017-04-09,0.0,0.0,0.0,0.0,0.0,,1.0,0.0
WV,2017,8,15,2017-04-16,0.0,0.0,0.0,0.0,0.0,,6.0,0.0
WV,2017,9,16,2017-04-23,0.0,0.0,0.0,0.0,0.0,,11.0,0.0
WV,2017,10,17,2017-04-30,0.0,0.0,1.0,0.0,0.0,,15.0,0.0
WV,2017,11,18,2017-05-07,0.0,0.0,6.0,0.0,0.0,,20.0,0.0
WV,2017,12,19,2017-05-14,0.0,0.0,13.0,0.0,0.0,,26.0,0.0
WV,2017,13,20,2017-05-21,0.0,0.0,22.0,0.0,0.0,,61.0,0.0
WV,2017,14,21,2017-05-28,0.0,0.0,50.0,0.0,0.0,,68.0,0.0
WV,2017,15,22,2017-06-04,0.0,0.0,60.0,0.0,0.0,,73.0,0.0
WV,2017,16,23,2017-06-11,0.0,0.0,68.0,0.0,0.0,,89.0,0.0
WV,2017,17,24,2017-06-18,0.0,0.0,70.0,0.0,0.0,,91.0,0.0
WV,2017,18,25,2017-06-25,0.0,0.0,88.0,0.0,0.0,,97.0,0.0
WV,2017,19,26,2017-07-02,0.0,0.0,92.0,0.0,0.0,,97.0,1.0
WV,2017,20,27,2017-07-09,0.0,0.0,96.0,0.0,0.0,,97.0,11.0
WV,2017,21,28,2017-07-16,0.0,0.0,96.0,0.0,0.0,,97.0,21.0
WV,2017,22,29,2017-07-23,0.0,2.0,96.0,0.0,0.0,,97.0,35.0
WV,2017,23,30,2017-07-30,0.0,4.0,96.0,0.0,0.0,,97.0,52.0
WV,2017,24,31,2017-08-06,0.0,20.0,96.0,0.0,0.0,,97.0,62.0
WV,2017,25,32,2017-08-13,0.0,39.0,96.0,0.0,0.0,,97.0,71.0
WV,2017,26,33,2017-08-20,5.0,62.0,96.0,0.0,0.0,,97.0,87.0
WV,2017,27,34,2017-08-27,13.0,74.0,96.0,0.0,0.0,,97.0,92.0
WV,2017,28,35,2017-09-03,21.0,84.0,96.0,0.0,0.0,,97.0,97.0
WV,2017,29,36,2017-09-10,34.0,89.0,96.0,0.0,3.0,,97.0,97.0
WV,2017,30,37,2017-09-17,43.0,92.0,96.0,0.0,10.0,,97.0,97.0
WV,2017,31,38,2017-09-24,60.0,95.0,96.0,0.0,20.0,,97.0,97.0
WV,2017,32,39,2017-10-01,78.0,95.0,96.0,3.0,50.0,,97.0,97.0
WV,2017,33,40,2017-10-08,86.0,95.0,96.0,12.0,59.0,,97.0,97.0
WV,2017,34,41,2017-10-15,95.0,95.0,96.0,21.0,70.0,,97.0,97.0
WV,2017,35,42,2017-10-22,95.0,95.0,96.0,35.0,79.0,,97.0,97.0
WV,2017,36,43,2017-10-29,95.0,95.0,96.0,43.0,92.0,,97.0,97.0
WV,2017,37,44,2017-11-05,95.0,95.0,96.0,59.0,96.0,,97.0,97.0
WV,2017,38,45,2017-11-12,95.0,95.0,96.0,64.0,96.0,,97.0,97.0
WV,2017,39,46,2017-11-19,95.0,95.0,96.0,74.0,96.0,,97.0,97.0
WV,2017,40,47,2017-11-26,95.0,95.0,96.0,86.0,96.0,,97.0,97.0
WV,2018,7,14,2018-04-08,0.0,0.0,0.0,0.0,0.0,,0.0,0.0
WV,2018,8,15,2018-04-15,0.0,0.0,0.0,0.0,0.0,,0.0,0.0
WV,2018,9,16,2018-04-22,0.0,0.0,0.0,0.0,0.0,,4.0,0.0
WV,2018,10,17,2018-04-29,0.0,0.0,0.0,0.0,0.0,,9.0,0.0
WV,2018,11,18,2018-05-06,0.0,0.0,0.0,0.0,0.0,,12.0,0.0
WV,2018,12,19,2018-05-13,0.0,0.0,4.0,0.0,0.0,,21.0,0.0
WV,2018,13,20,2018-05-20,0.0,0.0,9.0,0.0,0.0,,25.0,0.0
WV,2018,14,21,2018-05-27,0.0,0.0,17.0,0.0,0.0,,38.0,0.0
WV,2018,15,22,2018-06-03,0.0,0.0,25.0,0.0,0.0,,45.0,0.0
WV,2018,16,23,2018-06-10,0.0,0.0,34.0,0.0,0.0,,55.0,0.0
WV,2018,17,24,2018-06-17,0.0,0.0,47.0,0.0,0.0,,65.0,0.0
WV,2018,18,25,2018-06-24,0.0,0.0,56.0,0.0,0.0,,71.0,0.0
WV,2018,19,26,2018-07-01,0.0,0.0,71.0,0.0,0.0,,83.0,0.0
WV,2018,20,27,2018-07-08,0.0,0.0,81.0,0.0,0.0,,90.0,0.0
WV,2018,21,28,2018-07-15,0.0,0.0,84.0,0.0,0.0,,94.0,4.0
WV,2018,22,29,2018-07-22,0.0,0.0,92.0,0.0,0.0,,97.0,21.0
WV,2018,23,30,2018-07-29,0.0,2.0,95.0,0.0,0.0,,97.0,36.0
WV,2018,24,31,2018-08-05,0.0,8.0,95.0,0.0,0.0,,97.0,49.0
WV,2018,25,32,2018-08-12,0.0,21.0,95.0,0.0,0.0,,97.0,59.0
WV,2018,26,33,2018-08-19,2.0,34.0,95.0,0.0,0.0,,97.0,69.0
WV,2018,27,34,2018-08-26,11.0,42.0,95.0,0.0,0.0,,97.0,80.0
WV,2018,28,35,2018-09-02,24.0,58.0,95.0,0.0,0.0,,97.0,87.0
WV,2018,29,36,2018-09-09,33.0,68.0,95.0,0.0,2.0,,97.0,92.0
WV,2018,30,37,2018-09-16,45.0,79.0,95.0,0.0,5.0,,97.0,98.0
WV,2018,31,38,2018-09-23,60.0,85.0,95.0,0.0,18.0,,97.0,98.0
WV,2018,32,39,2018-09-30,70.0,96.0,95.0,0.0,24.0,,97.0,98.0
WV,2018,33,40,2018-10-07,83.0,96.0,95.0,11.0,40.0,,97.0,98.0
WV,2018,34,41,2018-10-14,87.0,96.0,95.0,18.0,62.0,,97.0,98.0
WV,2018,35,42,2018-10-21,91.0,96.0,95.0,26.0,75.0,,97.0,98.0
WV,2018,36,43,2018-10-28,95.0,96.0,95.0,35.0,87.0,,97.0,98.0
WV,2018,37,44,2018-11-04,95.0,96.0,95.0,43.0,92.0,,97.0,98.0
WV,2018,38,45,2018-11-11,95.0,96.0,95.0,51.0,96.0,,97.0,98.0
WV,2018,39,46,2018-11-18,95.0,96.0,95.0,62.0,96.0,,97.0,98.0
WV,2018,40,47,2018-11-25,95.0,96.0,95.0,69.0,96.0,,97.0,98.0
WV,2019,7,14,2019-04-07,0.0,0.0,0.0,0.0,0.0,,0.0,0.0
WV,2019,8,15,2019-04-14,0.0,0.0,0.0,0.0,0.0,,6.0,0.0
WV,2019,9,16,2019-04-21,0.0,0.0,0.0,0.0,0.0,,11.0,0.0
WV,2019,10,17,2019-04-28,0.0,0.0,0.0,0.0,0.0,,15.0,0.0
WV,2019,11,18,2019-05-05,0.0,0.0,9.0,0.0,0.0,,21.0,0.0
WV,2019,12,19,2019-05-12,0.0,0.0,15.0,0.0,0.0,,26.0,0.0
WV,2019,13,20,2019-05-19,0.0,0.0,20.0,0.0,0.0,,35.0,0.0
WV,2019,14,21,2019-05-26,0.0,0.0,22.0,0.0,0.0,,48.0,0.0
WV,2019,15,22,2019-06-02,0.0,0.0,34.0,0.0,0.0,,60.0,0.0
WV,2019,16,23,2019-06-09,0.0,0.0,46.0,0.0,0.0,,66.0,0.0
WV,2019,17,24,2019-06-16,0.0,0.0,53.0,0.0,0.0,,80.0,0.0
WV,2019,18,25,2019-06-23,0.0,0.0,61.0,0.0,0.0,,87.0,0.0
WV,2019,19,26,2019-06-30,0.0,0.0,72.0,0.0,0.0,,94.0,0.0
WV,2019,20,27,2019-07-07,0.0,0.0,80.0,0.0,0.0,,96.0,4.0
WV,2019,21,28,2019-07-14,0.0,0.0,89.0,0.0,0.0,,96.0,9.0
WV,2019,22,29,2019-07-21,0.0,5.0,95.0,0.0,0.0,,96.0,25.0
WV,2019,23,30,2019-07-28,0.0,11.0,95.0,0.0,0.0,,96.0,32.0
WV,2019,24,31,2019-08-04,0.0,16.0,95.0,0.0,0.0,,96.0,42.0
WV,2019,25,32,2019-08-11,4.0,27.0,95.0,0.0,0.0,,96.0,51.0
WV,2019,26,33,2019-08-18,9.0,36.0,95.0,0.0,0.0,,96.0,62.0
WV,2019,27,34,2019-08-25,19.0,47.0,95.0,0.0,0.0,,96.0,72.0
WV,2019,28,35,2019-09-01,31.0,58.0,95.0,0.0,0.0,,96.0,85.0
WV,2019,29,36,2019-09-08,35.0,67.0,95.0,0.0,2.0,,96.0,91.0
WV,2019,30,37,2019-09-15,44.0,74.0,95.0,0.0,15.0,,96.0,96.0
WV,2019,31,38,2019-09-22,56.0,83.0,95.0,0.0,27.0,,96.0,96.0
WV,2019,32,39,2019-09-29,70.0,95.0,95.0,8.0,39.0,,96.0,96.0
WV,2019,33,40,2019-10-06,79.0,95.0,95.0,22.0,46.0,,96.0,96.0
WV,2019,34,41,2019-10-13,90.0,95.0,95.0,42.0,60.0,,96.0,96.0
WV,2019,35,42,2019-10-20,96.0,95.0,95.0,45.0,70.0,,96.0,96.0
WV,2019,36,43,2019-10-27,96.0,95.0,95.0,51.0,77.0,,96.0,96.0
WV,2019,37,44,2019-11-03,96.0,95.0,95.0,58.0,93.0,,96.0,96.0
WV,2019,38,45,2019-11-10,96.0,95.0,95.0,65.0,95.0,,96.0,96.0
WV,2019,39,46,2019-11-17,96.0,95.0,95.0,75.0,95.0,,96.0,96.0
WV,2019,40,47,2019-11-24,96.0,95.0,95.0,85.0,95.0,,96.0,96.0
WV,2020,8,15,2020-04-12,0.0,0.0,0.0,0.0,0.0,,3.0,0.0
WV,2020,9,16,2020-04-19,0.0,0.0,0.0,0.0,0.0,,7.0,0.0
WV,2020,10,17,2020-04-26,0.0,0.0,0.0,0.0,0.0,,12.0,0.0
WV,2020,11,18,2020-05-03,0.0,0.0,2.0,0.0,0.0,,22.0,0.0
WV,2020,12,19,2020-05-10,0.0,0.0,7.0,0.0,0.0,,25.0,0.0
WV,2020,13,20,2020-05-17,0.0,0.0,10.0,0.0,0.0,,36.0,0.0
WV,2020,14,21,2020-05-24,0.0,0.0,15.0,0.0,0.0,,44.0,0.0
WV,2020,15,22,2020-05-31,0.0,0.0,21.0,0.0,0.0,,55.0,0.0
WV,2020,16,23,2020-06-07,0.0,0.0,28.0,0.0,0.0,,65.0,0.0
WV,2020,17,24,2020-06-14,0.0,0.0,41.0,0.0,0.0,,78.0,0.0
WV,2020,18,25,2020-06-21,0.0,0.0,52.0,0.0,0.0,,87.0,0.0
WV,2020,19,26,2020-06-28,0.0,0.0,66.0,0.0,0.0,,91.0,0.0
WV,2020,20,27,2020-07-05,0.0,0.0,77.0,0.0,0.0,,99.0,6.0
WV,2020,21,28,2020-07-12,0.0,0.0,91.0,0.0,0.0,,99.0,14.0
WV,2020,22,29,2020-07-19,0.0,0.0,98.0,0.0,0.0,,99.0,21.0
WV,2020,23,30,2020-07-26,0.0,6.0,98.0,0.0,0.0,,99.0,35.0
WV,2020,24,31,2020-08-02,0.0,13.0,98.0,0.0,0.0,,99.0,51.0
WV,2020,25,32,2020-08-09,5.0,24.0,98.0,0.0,0.0,,99.0,65.0
WV,2020,26,33,2020-08-16,10.0,35.0,98.0,0.0,0.0,,99.0,79.0
WV,2020,27,34,2020-08-23,16.0,46.0,98.0,0.0,0.0,,99.0,88.0
WV,2020,28,35,2020-08-30,25.0,58.0,98.0,0.0,0.0,,99.0,95.0
WV,2020,29,36,2020-09-06,35.0,73.0,98.0,0.0,0.0,,99.0,95.0
WV,2020,30,37,2020-09-13,49.0,87.0,98.0,0.0,5.0,,99.0,95.0
WV,2020,31,38,2020-09-20,66.0,98.0,98.0,0.0,20.0,,99.0,95.0
WV,2020,32,39,2020-09-27,80.0,98.0,98.0,3.0,39.0,,99.0,95.0
WV,2020,33,40,2020-10-04,92.0,98.0,98.0,9.0,50.0,,99.0,95.0
WV,2020,34,41,2020-10-11,98.0,98.0,98.0,23.0,61.0,,99.0,95.0
WV,2020,35,42,2020-10-18,98.0,98.0,98.0,32.0,72.0,,99.0,95.0
WV,2020,36,43,2020-10-25,98.0,98.0,98.0,49.0,84.0,,99.0,95.0
WV,2020,37,44,2020-11-01,98.0,98.0,98.0,66.0,95.0,,99.0,95.0
WV,2020,38,45,2020-11-08,98.0,98.0,98.0,80.0,95.0,,99.0,95.0
WV,2020,39,46,2020-11-15,98.0,98.0,98.0,88.0,95.0,,99.0,95.0
WV,2020,40,47,2020-11-22,98.0,98.0,98.0,93.0,95.0,,99.0,95.0
WV,2020,41,48,2020-11-29,98.0,98.0,98.0,96.0,95.0,,99.0,95.0
WV,2021,7,14,2021-04-11,0.0,0.0,0.0,0.0,0.0,,2.0,0.0
WV,2021,8,15,2021-04-18,0.0,0.0,0.0,0.0,0.0,,5.0,0.0
WV,2021,9,16,2021-04-25,0.0,0.0,0.0,0.0,0.0,,11.0,0.0
WV,2021,10,17,2021-05-02,0.0,0.0,2.0,0.0,0.0,,19.0,0.0
WV,2021,11,18,2021-05-09,0.0,0.0,6.0,0.0,0.0,,29.0,0.0
WV,2021,12,19,2021-05-16,0.0,0.0,13.0,0.0,0.0,,43.0,0.0
WV,2021,13,20,2021-05-23,0.0,0.0,18.0,0.0,0.0,,56.0,0.0
WV,2021,14,21,2021-05-30,0.0,0.0,32.0,0.0,0.0,,68.0,0.0
WV,2021,15,22,2021-06-06,0.0,0.0,52.0,0.0,0.0,,81.0,0.0
WV,2021,16,23,2021-06-13,0.0,0.0,59.0,0.0,0.0,,89.0,0.0
WV,2021,17,24,2021-06-20,0.0,0.0,67.0,0.0,0.0,,94.0,0.0
WV,2021,18,25,2021-06-27,0.0,0.0,75.0,0.0,0.0,,98.0,3.0
WV,2021,19,26,2021-07-04,0.0,0.0,86.0,0.0,0.0,,98.0,10.0
WV,2021,20,27,2021-07-11,0.0,0.0,94.0,0.0,0.0,,98.0,18.0
WV,2021,21,28,2021-07-18,0.0,2.0,99.0,0.0,0.0,,98.0,33.0
WV,2021,22,29,2021-07-25,0.0,8.0,99.0,0.0,0.0,,98.0,50.0
WV,2021,23,30,2021-08-01,0.0,12.0,99.0,0.0,0.0,,98.0,59.0
WV,2021,24,31,2021-08-08,2.0,22.0,99.0,0.0,0.0,,98.0,75.0
WV,2021,25,32,2021-08-15,10.0,38.0,99.0,0.0,0.0,,98.0,86.0
WV,2021,26,33,2021-08-22,18.0,47.0,99.0,0.0,0.0,,98.0,98.0
WV,2021,27,34,2021-08-29,32.0,57.0,99.0,0.0,0.0,,98.0,98.0
WV,2021,28,35,2021-09-05,45.0,72.0,99.0,0.0,5.0,,98.0,98.0
WV,2021,29,36,2021-09-12,55.0,81.0,99.0,0.0,15.0,,98.0,98.0
WV,2021,30,37,2021-09-19,66.0,91.0,99.0,0.0,25.0,,98.0,98.0
WV,2021,31,38,2021-09-26,72.0,95.0,99.0,0.0,33.0,,98.0,98.0
WV,2021,32,39,2021-10-03,86.0,95.0,99.0,4.0,48.0,,98.0,98.0
WV,2021,33,40,2021-10-10,94.0,95.0,99.0,14.0,60.0,,98.0,98.0
WV,2021,34,41,2021-10-17,98.0,95.0,99.0,20.0,70.0,,98.0,98.0
WV,2021,35,42,2021-10-24,98.0,95.0,99.0,27.0,79.0,,98.0,98.0
WV,2021,36,43,2021-10-31,98.0,95.0,99.0,39.0,86.0,,98.0,98.0
WV,2021,37,44,2021-11-07,98.0,95.0,99.0,52.0,95.0,,98.0,98.0
WV,2021,38,45,2021-11-14,98.0,95.0,99.0,60.0,95.0,,98.0,98.0
WV,2021,39,46,2021-11-21,98.0,95.0,99.0,70.0,95.0,,98.0,98.0
WV,2021,40,47,2021-11-28,98.0,95.0,99.0,82.0,95.0,,98.0,98.0
WV,2022,7,14,2022-04-10,0.0,0.0,0.0,0.0,0.0,,2.0,0.0
WV,2022,8,15,2022-04-17,0.0,0.0,0.0,0.0,0.0,,7.0,0.0
WV,2022,9,16,2022-04-24,0.0,0.0,0.0,0.0,0.0,,12.0,0.0
WV,2022,10,17,2022-05-01,0.0,0.0,3.0,0.0,0.0,,17.0,0.0
WV,2022,11,18,2022-05-08,0.0,0.0,8.0,0.0,0.0,,23.0,0.0
WV,2022,12,19,2022-05-15,0.0,0.0,15.0,0.0,0.0,,30.0,0.0
WV,2022,13,20,2022-05-22,0.0,0.0,20.0,0.0,0.0,,43.0,0.0
WV,2022,14,21,2022-05-29,0.0,0.0,25.0,0.0,0.0,,49.0,0.0
WV,2022,15,22,2022-06-05,0.0,0.0,30.0,0.0,0.0,,60.0,0.0
WV,2022,16,23,2022-06-12,0.0,0.0,44.0,0.0,0.0,,69.0,0.0
WV,2022,17,24,2022-06-19,0.0,0.0,52.0,0.0,0.0,,77.0,0.0
WV,2022,18,25,2022-06-26,0.0,0.0,61.0,0.0,0.0,,86.0,0.0
WV,2022,19,26,2022-07-03,0.0,0.0,71.0,0.0,0.0,,90.0,0.0
WV,2022,20,27,2022-07-10,0.0,0.0,79.0,0.0,0.0,,95.0,7.0
WV,2022,21,28,2022-07-17,0.0,0.0,89.0,0.0,0.0,,95.0,14.0
WV,2022,22,29,2022-07-24,0.0,0.0,95.0,0.0,0.0,,95.0,21.0
WV,2022,23,30,2022-07-31,0.0,0.0,95.0,0.0,0.0,,95.0,32.0
WV,2022,24,31,2022-08-07,0.0,6.0,95.0,0.0,0.0,,95.0,45.0
WV,2022,25,32,2022-08-14,0.0,12.0,95.0,0.0,0.0,,95.0,56.0
WV,2022,26,33,2022-08-21,5.0,25.0,95.0,0.0,0.0,,95.0,68.0
WV,2022,27,34,2022-08-28,7.0,35.0,95.0,0.0,0.0,,95.0,78.0
WV,2022,28,35,2022-09-04,16.0,45.0,95.0,0.0,0.0,,95.0,90.0
WV,2022,29,36,2022-09-11,27.0,56.0,95.0,0.0,0.0,,95.0,98.0
WV,2022,30,37,2022-09-18,40.0,71.0,95.0,0.0,5.0,,95.0,98.0
WV,2022,31,38,2022-09-25,52.0,79.0,95.0,0.0,16.0,,95.0,98.0
WV,2022,32,39,2022-10-02,62.0,91.0,95.0,0.0,24.0,,95.0,98.0
WV,2022,33,40,2022-10-09,73.0,99.0,95.0,3.0,34.0,,95.0,98.0
WV,2022,34,41,2022-10-16,84.0,99.0,95.0,10.0,45.0,,95.0,98.0
WV,2022,35,42,2022-10-23,95.0,99.0,95.0,20.0,57.0,,95.0,98.0
WV,2022,36,43,2022-10-30,95.0,99.0,95.0,30.0,70.0,,95.0,98.0
WV,2022,37,44,2022-11-06,95.0,99.0,95.0,44.0,82.0,,95.0,98.0
WV,2022,38,45,2022-11-13,95.0,99.0,95.0,56.0,96.0,,95.0,98.0
WV,2022,39,46,2022-11-20,95.0,99.0,95.0,67.0,96.0,,95.0,98.0
WV,2022,40,47,2022-11-27,95.0,99.0,95.0,77.0,96.0,,95.0,98.0
WV,2023,6,13,2023-04-02,0.0,0.0,0.0,0.0,0.0,,2.0,0.0
WV,2023,7,14,2023-04-09,0.0,0.0,0.0,0.0,0.0,,6.0,0.0
WV,2023,8,15,2023-04-16,0.0,0.0,0.0,0.0,0.0,,12.0,0.0
WV,2023,9,16,2023-04-23,0.0,0.0,0.0,0.0,0.0,,16.0,0.0
WV,2023,10,17,2023-04-30,0.0,0.0,3.0,0.0,0.0,,21.0,0.0
WV,2023,11,18,2023-05-07,0.0,0.0,8.0,0.0,0.0,,26.0,0.0
WV,2023,12,19,2023-05-14,0.0,0.0,11.0,0.0,0.0,,32.0,0.0
WV,2023,13,20,2023-05-21,0.0,0.0,19.0,0.0,0.0,,42.0,0.0
WV,2023,14,21,2023-05-28,0.0,0.0,28.0,0.0,0.0,,51.0,0.0
WV,2023,15,22,2023-06-04,0.0,0.0,35.0,0.0,0.0,,64.0,0.0
WV,2023,16,23,2023-06-11,0.0,0.0,44.0,0.0,0.0,,79.0,0.0
WV,2023,17,24,2023-06-18,0.0,0.0,51.0,0.0,0.0,,93.0,0.0
WV,2023,18,25,2023-06-25,0.0,0.0,64.0,0.0,0.0,,99.0,0.0
WV,2023,19,26,2023-07-02,0.0,0.0,73.0,0.0,0.0,,99.0,0.0
WV,2023,20,27,2023-07-09,0.0,0.0,83.0,0.0,0.0,,99.0,6.0
WV,2023,21,28,2023-07-16,0.0,0.0,90.0,0.0,0.0,,99.0,14.0
WV,2023,22,29,2023-07-23,0.0,0.0,97.0,0.0,0.0,,99.0,29.0
WV,2023,23,30,2023-07-30,0.0,6.0,97.0,0.0,0.0,,99.0,42.0
WV,2023,24,31,2023-08-06,0.0,14.0,97.0,0.0,0.0,,99.0,55.0
WV,2023,25,32,2023-08-13,4.0,28.0,97.0,0.0,0.0,,99.0,66.0
WV,2023,26,33,2023-08-20,13.0,42.0,97.0,0.0,0.0,,99.0,79.0
WV,2023,27,34,2023-08-27,29.0,50.0,97.0,0.0,0.0,,99.0,87.0
WV,2023,28,35,2023-09-03,39.0,60.0,97.0,0.0,0.0,,99.0,99.0
WV,2023,29,36,2023-09-10,49.0,70.0,97.0,0.0,6.0,,99.0,99.0
WV,2023,30,37,2023-09-17,60.0,81.0,97.0,0.0,12.0,,99.0,99.0
WV,2023,31,38,2023-09-24,71.0,90.0,97.0,0.0,16.0,,99.0,99.0
WV,2023,32,39,2023-10-01,83.0,99.0,97.0,4.0,25.0,,99.0,99.0
WV,2023,33,40,2023-10-08,98.0,99.0,97.0,10.0,39.0,,99.0,99.0
WV,2023,34,41,2023-10-15,98.0,99.0,97.0,17.0,55.0,,99.0,99.0
WV,2023,35,42,2023-10-22,98.0,99.0,97.0,25.0,70.0,,99.0,99.0
WV,2023,36,43,2023-10-29,98.0,99.0,97.0,34.0,83.0,,99.0,99.0
WV,2023,37,44,2023-11-05,98.0,99.0,97.0,47.0,95.0,,99.0,99.0
WV,2023,38,45,2023-11-12,98.0,99.0,97.0,56.0,95.0,,99.0,99.0
WV,2023,39,46,2023-11-19,98.0,99.0,97.0,66.0,95.0,,99.0,99.0
WV,2023,40,47,2023-11-26,98.0,99.0,97.0,81.0,95.0,,99.0,99.0
WV,2024,6,13,2024-03-31,0.0,0.0,0.0,0.0,0.0,,0.0,0.0
WV,2024,7,14,2024-04-07,0.0,0.0,0.0,0.0,0.0,,1.0,0.0
WV,2024,8,15,2024-04-14,0.0,0.0,0.0,0.0,0.0,,2.0,0.0
WV,2024,9,16,2024-04-21,0.0,0.0,0.0,0.0,0.0,,3.0,0.0
WV,2024,10,17,2024-04-28,0.0,0.0,1.0,0.0,0.0,,13.0,0.0
WV,2024,11,18,2024-05-05,0.0,0.0,9.0,0.0,0.0,,23.0,0.0
WV,2024,12,19,2024-05-12,0.0,0.0,20.0,0.0,0.0,,37.0,0.0
WV,2024,13,20,2024-05-19,0.0,0.0,30.0,0.0,0.0,,52.0,0.0
WV,2024,14,21,2024-05-26,0.0,0.0,54.0,0.0,0.0,,70.0,0.0
WV,2024,15,22,2024-06-02,0.0,0.0,66.0,0.0,0.0,,80.0,0.0
WV,2024,16,23,2024-06-09,0.0,0.0,74.0,0.0,0.0,,88.0,0.0
WV,2024,17,24,2024-06-16,0.0,0.0,86.0,0.0,0.0,,98.0,0.0
WV,2024,18,25,2024-06-23,0.0,0.0,90.0,0.0,0.0,,98.0,6.0
WV,2024,19,26,2024-06-30,0.0,0.0,97.0,0.0,0.0,,98.0,9.0
WV,2024,20,27,2024-07-07,0.0,0.0,97.0,0.0,0.0,,98.0,16.0
WV,2024,21,28,2024-07-14,0.0,0.0,97.0,0.0,0.0,,98.0,22.0
WV,2024,22,29,2024-07-21,0.0,8.0,97.0,0.0,0.0,,98.0,43.0
WV,2024,23,30,2024-07-28,0.0,18.0,97.0,0.0,0.0,,98.0,52.0
WV,2024,24,31,2024-08-04,6.0,27.0,97.0,0.0,0.0,,98.0,61.0
WV,2024,25,32,2024-08-11,11.0,34.0,97.0,0.0,0.0,,98.0,73.0
WV,2024,26,33,2024-08-18,23.0,41.0,97.0,0.0,0.0,,98.0,86.0
WV,2024,27,34,2024-08-25,33.0,53.0,97.0,0.0,0.0,,98.0,96.0
WV,2024,28,35,2024-09-01,42.0,65.0,97.0,0.0,8.0,,98.0,96.0
WV,2024,29,36,2024-09-08,55.0,79.0,97.0,0.0,15.0,,98.0,96.0
WV,2024,30,37,2024-09-15,68.0,96.0,97.0,0.0,26.0,,98.0,96.0
WV,2024,31,38,2024-09-22,79.0,96.0,97.0,0.0,36.0,,98.0,96.0
WV,2024,32,39,2024-09-29,91.0,96.0,97.0,0.0,48.0,,98.0,96.0
WV,2024,33,40,2024-10-06,98.0,96.0,97.0,6.0,60.0,,98.0,96.0
WV,2024,34,41,2024-10-13,98.0,96.0,97.0,15.0,70.0,,98.0,96.0
WV,2024,35,42,2024-10-20,98.0,96.0,97.0,25.0,79.0,,98.0,96.0
WV,2024,36,43,2024-10-27,98.0,96.0,97.0,38.0,89.0,,98.0,96.0
WV,2024,37,44,2024-11-03,98.0,96.0,97.0,49.0,95.0,,98.0,96.0
WV,2024,38,45,2024-11-10,98.0,96.0,97.0,58.0,95.0,,98.0,96.0
WV,2024,39,46,2024-11-17,98.0,96.0,97.0,68.0,95.0,,98.0,96.0
WV,2024,40,47,2024-11-24,98.0,96.0,97.0,76.0,95.0,,98.0,96.0
WV,2025,7,14,2025-04-06,0.0,0.0,0.0,0.0,0.0,,0.0,0.0
WV,2025,8,15,2025-04-13,0.0,0.0,0.0,0.0,0.0,,1.0,0.0
WV,2025,9,16,2025-04-20,0.0,0.0,0.0,0.0,0.0,,5.0,0.0
WV,2025,10,17,2025-04-27,0.0,0.0,0.0,0.0,0.0,,12.0,0.0
WV,2025,11,18,2025-05-04,0.0,0.0,2.0,0.0,0.0,,20.0,0.0
WV,2025,12,19,2025-05-11,0.0,0.0,11.0,0.0,0.0,,26.0,0.0
WV,2025,13,20,2025-05-18,0.0,0.0,17.0,0.0,0.0,,33.0,0.0
WV,2025,14,21,2025-05-25,0.0,0.0,24.0,0.0,0.0,,44.0,0.0
WV,2025,15,22,2025-06-01,0.0,0.0,35.0,0.0,0.0,,54.0,0.0
WV,2025,16,23,2025-06-08,0.0,0.0,43.0,0.0,0.0,,65.0,0.0
WV,2025,17,24,2025-06-15,0.0,0.0,54.0,0.0,0.0,,78.0,0.0
WV,2025,18,25,2025-06-22,0.0,0.0,63.0,0.0,0.0,,88.0,0.0
WV,2025,19,26,2025-06-29,0.0,0.0,76.0,0.0,0.0,,96.0,7.0
WV,2025,20,27,2025-07-06,0.0,0.0,88.0,0.0,0.0,,96.0,12.0
WV,2025,21,28,2025-07-13,0.0,0.0,96.0,0.0,0.0,,96.0,19.0
WV,2025,22,29,2025-07-20,0.0,5.0,96.0,0.0,0.0,,96.0,27.0
WV,2025,23,30,2025-07-27,0.0,15.0,96.0,0.0,0.0,,96.0,39.0
WV,2025,24,31,2025-08-03,3.0,27.0,96.0,0.0,0.0,,96.0,53.0
WV,2025,25,32,2025-08-10,11.0,39.0,96.0,0.0,0.0,,96.0,67.0
WV,2025,26,33,2025-08-17,20.0,50.0,96.0,0.0,0.0,,96.0,74.0
WV,2025,27,34,2025-08-24,32.0,61.0,96.0,0.0,0.0,,96.0,87.0
WV,2025,28,35,2025-08-31,45.0,70.0,96.0,0.0,2.0,,96.0,95.0
WV,2025,29,36,2025-09-07,56.0,81.0,96.0,0.0,6.0,,96.0,95.0
WV,2025,30,37,2025-09-14,66.0,92.0,96.0,0.0,16.0,,96.0,95.0
WV,2025,31,38,2025-09-21,78.0,95.0,96.0,0.0,30.0,,96.0,95.0
WV,2025,32,39,2025-09-28,92.0,95.0,96.0,5.0,44.0,,96.0,95.0
WV,2025,39,46,2025-11-16,92.0,95.0,96.0,66.0,44.0,,96.0,95.0
WV,2025,40,47,2025-11-23,92.0,95.0,96.0,75.0,44.0,,96.0,95.0
WY,2016,8,15,2016-04-17,0.0,0.0,0.0,0.0,0.0,,0.0,0.0
WY,2016,9,16,2016-04-24,0.0,0.0,0.0,0.0,0.0,,6.0,0.0
WY,2016,10,17,2016-05-01,0.0,0.0,0.0,0.0,0.0,,14.0,0.0
WY,2016,11,18,2016-05-08,0.0,0.0,1.0,0.0,0.0,,32.0,0.0
WY,2016,12,19,2016-05-15,0.0,0.0,11.0,0.0,0.0,,50.0,0.0
WY,2016,13,20,2016-05-22,0.0,0.0,24.0,0.0,0.0,,72.0,0.0
WY,2016,14,21,2016-05-29,0.0,0.0,41.0,0.0,0.0,,90.0,0.0
WY,2016,15,22,2016-06-05,0.0,0.0,53.0,0.0,0.0,,96.0,0.0
WY,2016,16,23,2016-06-12,0.0,0.0,72.0,0.0,0.0,,96.0,0.0
WY,2016,17,24,2016-06-19,0.0,0.0,97.0,0.0,0.0,,96.0,0.0
WY,2016,20,27,2016-07-10,0.0,0.0,97.0,0.0,0.0,,96.0,2.0
WY,2016,21,28,2016-07-17,0.0,0.0,97.0,0.0,0.0,,96.0,9.0
WY,2016,22,29,2016-07-24,0.0,0.0,97.0,0.0,0.0,,96.0,29.0
WY,2016,23,30,2016-07-31,0.0,0.0,97.0,0.0,0.0,,96.0,49.0
WY,2016,24,31,2016-08-07,0.0,8.0,97.0,0.0,0.0,,96.0,74.0
WY,2016,25,32,2016-08-14,0.0,37.0,97.0,0.0,0.0,,96.0,96.0
WY,2016,26,33,2016-08-21,0.0,52.0,97.0,0.0,0.0,,96.0,96.0
WY,2016,27,34,2016-08-28,4.0,72.0,97.0,0.0,0.0,,96.0,96.0
WY,2016,28,35,2016-09-04,25.0,99.0,97.0,6.0,0.0,,96.0,96.0
WY,2016,29,36,2016-09-11,40.0,99.0,97.0,24.0,3.0,,96.0,96.0
WY,2016,30,37,2016-09-18,65.0,99.0,97.0,49.0,22.0,,96.0,96.0
WY,2016,31,38,2016-09-25,78.0,99.0,97.0,73.0,35.0,,96.0,96.0
WY,2016,32,39,2016-10-02,98.0,99.0,97.0,0.0,58.0,,96.0,96.0
WY,2016,33,40,2016-10-09,98.0,99.0,97.0,6.0,82.0,,96.0,96.0
WY,2016,34,41,2016-10-16,98.0,99.0,97.0,17.0,87.0,,96.0,96.0
WY,2016,35,42,2016-10-23,98.0,99.0,97.0,27.0,96.0,,96.0,96.0
WY,2016,36,43,2016-10-30,98.0,99.0,97.0,38.0,96.0,,96.0,96.0
WY,2016,37,44,2016-11-06,98.0,99.0,97.0,60.0,96.0,,96.0,96.0
WY,2016,38,45,2016-11-13,98.0,99.0,97.0,79.0,96.0,,96.0,96.0
WY,2016,39,46,2016-11-20,98.0,99.0,97.0,83.0,96.0,,96.0,96.0
WY,2016,40,47,2016-11-27,98.0,99.0,97.0,86.0,96.0,,96.0,96.0
WY,2017,9,16,2017-04-23,0.0,0.0,0.0,0.0,0.0,,4.0,0.0
WY,2017,10,17,2017-04-30,0.0,0.0,0.0,0.0,0.0,,10.0,0.0
WY,2017,11,18,2017-05-07,0.0,0.0,2.0,0.0,0.0,,38.0,0.0
WY,2017,12,19,2017-05-14,0.0,0.0,20.0,0.0,0.0,,51.0,0.0
WY,2017,13,20,2017-05-21,0.0,0.0,34.0,0.0,0.0,,78.0,0.0
WY,2017,14,21,2017-05-28,0.0,0.0,52.0,0.0,0.0,,93.0,0.0
WY,2017,15,22,2017-06-04,0.0,0.0,67.0,0.0,0.0,,99.0,0.0
WY,2017,16,23,2017-06-11,0.0,0.0,93.0,0.0,0.0,,99.0,0.0
WY,2017,17,24,2017-06-18,0.0,0.0,96.0,0.0,0.0,,99.0,0.0
WY,2017,20,27,2017-07-09,0.0,0.0,96.0,0.0,0.0,,99.0,0.0
WY,2017,21,28,2017-07-16,0.0,0.0,96.0,0.0,0.0,,99.0,2.0
WY,2017,22,29,2017-07-23,0.0,0.0,96.0,0.0,0.0,,99.0,17.0
WY,2017,23,30,2017-07-30,0.0,0.0,96.0,0.0,0.0,,99.0,33.0
WY,2017,24,31,2017-08-06,0.0,0.0,96.0,0.0,0.0,,99.0,60.0
WY,2017,25,32,2017-08-13,0.0,34.0,96.0,0.0,0.0,,99.0,84.0
WY,2017,26,33,2017-08-20,0.0,54.0,96.0,0.0,0.0,,99.0,95.0
WY,2017,27,34,2017-08-27,4.0,72.0,96.0,0.0,0.0,,99.0,95.0
WY,2017,28,35,2017-09-03,27.0,96.0,96.0,5.0,0.0,,99.0,95.0
WY,2017,29,36,2017-09-10,43.0,96.0,96.0,22.0,4.0,,99.0,95.0
WY,2017,30,37,2017-09-17,60.0,96.0,96.0,46.0,11.0,,99.0,95.0
WY,2017,31,38,2017-09-24,73.0,96.0,96.0,65.0,24.0,,99.0,95.0
WY,2017,32,39,2017-10-01,94.0,96.0,96.0,4.0,46.0,,99.0,95.0
WY,2017,33,40,2017-10-08,98.0,96.0,96.0,8.0,70.0,,99.0,95.0
WY,2017,34,41,2017-10-15,98.0,96.0,96.0,23.0,89.0,,99.0,95.0
WY,2017,35,42,2017-10-22,98.0,96.0,96.0,31.0,95.0,,99.0,95.0
WY,2017,36,43,2017-10-29,98.0,96.0,96.0,42.0,95.0,,99.0,95.0
WY,2017,37,44,2017-11-05,98.0,96.0,96.0,61.0,95.0,,99.0,95.0
WY,2017,38,45,2017-11-12,98.0,96.0,96.0,71.0,95.0,,99.0,95.0
WY,2017,39,46,2017-11-19,98.0,96.0,96.0,81.0,95.0,,99.0,95.0
WY,2017,40,47,2017-11-26,98.0,96.0,96.0,88.0,95.0,,99.0,95.0
WY,2018,9,16,2018-04-22,0.0,0.0,0.0,0.0,0.0,,0.0,0.0
WY,2018,10,17,2018-04-29,0.0,0.0,0.0,0.0,0.0,,21.0,0.0
WY,2018,11,18,2018-05-06,0.0,0.0,0.0,0.0,0.0,,35.0,0.0
WY,2018,12,19,2018-05-13,0.0,0.0,15.0,0.0,0.0,,52.0,0.0
WY,2018,13,20,2018-05-20,0.0,0.0,34.0,0.0,0.0,,70.0,0.0
WY,2018,14,21,2018-05-27,0.0,0.0,57.0,0.0,0.0,,93.0,0.0
WY,2018,15,22,2018-06-03,0.0,0.0,83.0,0.0,0.0,,99.0,0.0
WY,2018,16,23,2018-06-10,0.0,0.0,90.0,0.0,0.0,,99.0,0.0
WY,2018,17,24,2018-06-17,0.0,0.0,97.0,0.0,0.0,,99.0,0.0
WY,2018,21,28,2018-07-15,0.0,0.0,97.0,0.0,0.0,,99.0,1.0
WY,2018,22,29,2018-07-22,0.0,0.0,97.0,0.0,0.0,,99.0,7.0
WY,2018,23,30,2018-07-29,0.0,0.0,97.0,0.0,0.0,,99.0,35.0
WY,2018,24,31,2018-08-05,0.0,0.0,97.0,0.0,0.0,,99.0,56.0
WY,2018,25,32,2018-08-12,0.0,13.0,97.0,0.0,0.0,,99.0,85.0
WY,2018,26,33,2018-08-19,0.0,40.0,97.0,0.0,0.0,,99.0,98.0
WY,2018,27,34,2018-08-26,6.0,66.0,97.0,0.0,0.0,,99.0,98.0
WY,2018,28,35,2018-09-02,14.0,87.0,97.0,3.0,0.0,,99.0,98.0
WY,2018,29,36,2018-09-09,37.0,92.0,97.0,20.0,1.0,,99.0,98.0
WY,2018,30,37,2018-09-16,56.0,96.0,97.0,46.0,7.0,,99.0,98.0
WY,2018,31,38,2018-09-23,73.0,96.0,97.0,0.0,19.0,,99.0,98.0
WY,2018,32,39,2018-09-30,94.0,96.0,97.0,7.0,40.0,,99.0,98.0
WY,2018,33,40,2018-10-07,96.0,96.0,97.0,16.0,68.0,,99.0,98.0
WY,2018,34,41,2018-10-14,96.0,96.0,97.0,20.0,92.0,,99.0,98.0
WY,2018,35,42,2018-10-21,96.0,96.0,97.0,29.0,97.0,,99.0,98.0
WY,2018,36,43,2018-10-28,96.0,96.0,97.0,34.0,97.0,,99.0,98.0
WY,2018,37,44,2018-11-04,96.0,96.0,97.0,53.0,97.0,,99.0,98.0
WY,2018,38,45,2018-11-11,96.0,96.0,97.0,66.0,97.0,,99.0,98.0
WY,2018,39,46,2018-11-18,96.0,96.0,97.0,82.0,97.0,,99.0,98.0
WY,2018,40,47,2018-11-25,96.0,96.0,97.0,90.0,97.0,,99.0,98.0
WY,2019,10,17,2019-04-28,0.0,0.0,0.0,0.0,0.0,,2.0,0.0
WY,2019,11,18,2019-05-05,0.0,0.0,0.0,0.0,0.0,,11.0,0.0
WY,2019,12,19,2019-05-12,0.0,0.0,3.0,0.0,0.0,,39.0,0.0
WY,2019,13,20,2019-05-19,0.0,0.0,15.0,0.0,0.0,,66.0,0.0
WY,2019,14,21,2019-05-26,0.0,0.0,39.0,0.0,0.0,,84.0,0.0
WY,2019,15,22,2019-06-02,0.0,0.0,45.0,0.0,0.0,,90.0,0.0
WY,2019,16,23,2019-06-09,0.0,0.0,63.0,0.0,0.0,,96.0,0.0
WY,2019,17,24,2019-06-16,0.0,0.0,85.0,0.0,0.0,,96.0,0.0
WY,2019,18,25,2019-06-23,0.0,0.0,89.0,0.0,0.0,,96.0,0.0
WY,2019,19,26,2019-06-30,0.0,0.0,97.0,0.0,0.0,,96.0,0.0
WY,2019,22,29,2019-07-21,0.0,0.0,97.0,0.0,0.0,,96.0,0.0
WY,2019,23,30,2019-07-28,0.0,0.0,97.0,0.0,0.0,,96.0,15.0
WY,2019,24,31,2019-08-04,0.0,0.0,97.0,0.0,0.0,,96.0,26.0
WY,2019,25,32,2019-08-11,0.0,9.0,97.0,0.0,0.0,,96.0,50.0
WY,2019,26,33,2019-08-18,3.0,32.0,97.0,0.0,0.0,,96.0,79.0
WY,2019,27,34,2019-08-25,8.0,47.0,97.0,0.0,0.0,,96.0,99.0
WY,2019,28,35,2019-09-01,18.0,60.0,97.0,2.0,0.0,,96.0,99.0
WY,2019,29,36,2019-09-08,27.0,87.0,97.0,10.0,0.0,,96.0,99.0
WY,2019,30,37,2019-09-15,43.0,99.0,97.0,28.0,20.0,,96.0,99.0
WY,2019,31,38,2019-09-22,71.0,99.0,97.0,43.0,43.0,,96.0,99.0
WY,2019,32,39,2019-09-29,93.0,99.0,97.0,54.0,51.0,,96.0,99.0
WY,2019,33,40,2019-10-06,98.0,99.0,97.0,0.0,75.0,,96.0,99.0
WY,2019,34,41,2019-10-13,98.0,99.0,97.0,0.0,91.0,,96.0,99.0
WY,2019,35,42,2019-10-20,98.0,99.0,97.0,2.0,99.0,,96.0,99.0
WY,2019,36,43,2019-10-27,98.0,99.0,97.0,15.0,99.0,,96.0,99.0
WY,2019,37,44,2019-11-03,98.0,99.0,97.0,26.0,99.0,,96.0,99.0
WY,2019,38,45,2019-11-10,98.0,99.0,97.0,44.0,99.0,,96.0,99.0
WY,2019,39,46,2019-11-17,98.0,99.0,97.0,63.0,99.0,,96.0,99.0
WY,2019,40,47,2019-11-24,98.0,99.0,97.0,74.0,99.0,,96.0,99.0
WY,2020,10,17,2020-04-26,0.0,0.0,0.0,0.0,0.0,,13.0,0.0
WY,2020,11,18,2020-05-03,0.0,0.0,0.0,0.0,0.0,,25.0,0.0
WY,2020,12,19,2020-05-10,0.0,0.0,6.0,0.0,0.0,,39.0,0.0
WY,2020,13,20,2020-05-17,0.0,0.0,28.0,0.0,0.0,,65.0,0.0
WY,2020,14,21,2020-05-24,0.0,0.0,41.0,0.0,0.0,,84.0,0.0
WY,2020,15,22,2020-05-31,0.0,0.0,62.0,0.0,0.0,,98.0,0.0
WY,2020,16,23,2020-06-07,0.0,0.0,82.0,0.0,0.0,,98.0,0.0
WY,2020,17,24,2020-06-14,0.0,0.0,97.0,0.0,0.0,,98.0,0.0
WY,2020,22,29,2020-07-19,0.0,0.0,97.0,0.0,0.0,,98.0,1.0
WY,2020,23,30,2020-07-26,0.0,0.0,97.0,0.0,0.0,,98.0,20.0
WY,2020,24,31,2020-08-02,0.0,0.0,97.0,0.0,0.0,,98.0,49.0
WY,2020,25,32,2020-08-09,0.0,36.0,97.0,0.0,0.0,,98.0,78.0
WY,2020,26,33,2020-08-16,5.0,65.0,97.0,0.0,0.0,,98.0,100.0
WY,2020,27,34,2020-08-23,15.0,85.0,97.0,0.0,0.0,,98.0,100.0
WY,2020,28,35,2020-08-30,28.0,95.0,97.0,3.0,0.0,,98.0,100.0
WY,2020,29,36,2020-09-06,39.0,95.0,97.0,14.0,14.0,,98.0,100.0
WY,2020,30,37,2020-09-13,49.0,95.0,97.0,24.0,22.0,,98.0,100.0
WY,2020,31,38,2020-09-20,65.0,95.0,97.0,50.0,38.0,,98.0,100.0
WY,2020,32,39,2020-09-27,89.0,95.0,97.0,4.0,65.0,,98.0,100.0
WY,2020,33,40,2020-10-04,99.0,95.0,97.0,15.0,85.0,,98.0,100.0
WY,2020,34,41,2020-10-11,99.0,95.0,97.0,41.0,99.0,,98.0,100.0
WY,2020,35,42,2020-10-18,99.0,95.0,97.0,64.0,99.0,,98.0,100.0
WY,2020,36,43,2020-10-25,99.0,95.0,97.0,76.0,99.0,,98.0,100.0
WY,2020,37,44,2020-11-01,99.0,95.0,97.0,79.0,99.0,,98.0,100.0
WY,2020,38,45,2020-11-08,99.0,95.0,97.0,89.0,99.0,,98.0,100.0
WY,2020,39,46,2020-11-15,99.0,95.0,97.0,93.0,99.0,,98.0,100.0
WY,2020,40,47,2020-11-22,99.0,95.0,97.0,95.0,99.0,,98.0,100.0
WY,2021,9,16,2021-04-25,0.0,0.0,0.0,0.0,0.0,,1.0,0.0
WY,2021,10,17,2021-05-02,0.0,0.0,0.0,0.0,0.0,,9.0,0.0
WY,2021,11,18,2021-05-09,0.0,0.0,4.0,0.0,0.0,,30.0,0.0
WY,2021,12,19,2021-05-16,0.0,0.0,12.0,0.0,0.0,,45.0,0.0
WY,2021,13,20,2021-05-23,0.0,0.0,30.0,0.0,0.0,,85.0,0.0
WY,2021,14,21,2021-05-30,0.0,0.0,46.0,0.0,0.0,,95.0,0.0
WY,2021,15,22,2021-06-06,0.0,0.0,60.0,0.0,0.0,,95.0,0.0
WY,2021,16,23,2021-06-13,0.0,0.0,87.0,0.0,0.0,,95.0,0.0
WY,2021,17,24,2021-06-20,0.0,0.0,98.0,0.0,0.0,,95.0,0.0
WY,2021,19,26,2021-07-04,0.0,0.0,98.0,0.0,0.0,,95.0,0.0
WY,2021,20,27,2021-07-11,0.0,0.0,98.0,0.0,0.0,,95.0,0.0
WY,2021,21,28,2021-07-18,0.0,0.0,98.0,0.0,0.0,,95.0,5.0
WY,2021,22,29,2021-07-25,0.0,0.0,98.0,0.0,0.0,,95.0,24.0
WY,2021,23,30,2021-08-01,0.0,0.0,98.0,0.0,0.0,,95.0,40.0
WY,2021,24,31,2021-08-08,0.0,15.0,98.0,0.0,0.0,,95.0,60.0
WY,2021,25,32,2021-08-15,0.0,41.0,98.0,0.0,0.0,,95.0,85.0
WY,2021,26,33,2021-08-22,7.0,58.0,98.0,0.0,0.0,,95.0,97.0
WY,2021,27,34,2021-08-29,22.0,80.0,98.0,0.0,0.0,,95.0,97.0
WY,2021,28,35,2021-09-05,30.0,97.0,98.0,11.0,7.0,,95.0,97.0
WY,2021,29,36,2021-09-12,53.0,97.0,98.0,30.0,14.0,,95.0,97.0
WY,2021,30,37,2021-09-19,62.0,97.0,98.0,49.0,20.0,,95.0,97.0
WY,2021,31,38,2021-09-26,89.0,97.0,98.0,0.0,34.0,,95.0,97.0
WY,2021,32,39,2021-10-03,97.0,97.0,98.0,1.0,42.0,,95.0,97.0
WY,2021,33,40,2021-10-10,97.0,97.0,98.0,10.0,71.0,,95.0,97.0
WY,2021,34,41,2021-10-17,97.0,97.0,98.0,18.0,88.0,,95.0,97.0
WY,2021,35,42,2021-10-24,97.0,97.0,98.0,23.0,96.0,,95.0,97.0
WY,2021,36,43,2021-10-31,97.0,97.0,98.0,44.0,96.0,,95.0,97.0
WY,2021,37,44,2021-11-07,97.0,97.0,98.0,47.0,96.0,,95.0,97.0
WY,2021,38,45,2021-11-14,97.0,97.0,98.0,76.0,96.0,,95.0,97.0
WY,2021,39,46,2021-11-21,97.0,97.0,98.0,91.0,96.0,,95.0,97.0
WY,2021,40,47,2021-11-28,97.0,97.0,98.0,95.0,96.0,,95.0,97.0
WY,2022,9,16,2022-04-24,0.0,0.0,0.0,0.0,0.0,,0.0,0.0
WY,2022,10,17,2022-05-01,0.0,0.0,0.0,0.0,0.0,,2.0,0.0
WY,2022,11,18,2022-05-08,0.0,0.0,0.0,0.0,0.0,,29.0,0.0
WY,2022,12,19,2022-05-15,0.0,0.0,3.0,0.0,0.0,,34.0,0.0
WY,2022,13,20,2022-05-22,0.0,0.0,15.0,0.0,0.0,,63.0,0.0
WY,2022,14,21,2022-05-29,0.0,0.0,34.0,0.0,0.0,,91.0,0.0
WY,2022,15,22,2022-06-05,0.0,0.0,43.0,0.0,0.0,,97.0,0.0
WY,2022,16,23,2022-06-12,0.0,0.0,62.0,0.0,0.0,,97.0,0.0
WY,2022,17,24,2022-06-19,0.0,0.0,88.0,0.0,0.0,,97.0,0.0
WY,2022,18,25,2022-06-26,0.0,0.0,95.0,0.0,0.0,,97.0,0.0
WY,2022,19,26,2022-07-03,0.0,0.0,95.0,0.0,0.0,,97.0,0.0
WY,2022,20,27,2022-07-10,0.0,0.0,95.0,0.0,0.0,,97.0,2.0
WY,2022,21,28,2022-07-17,0.0,0.0,95.0,0.0,0.0,,97.0,4.0
WY,2022,22,29,2022-07-24,0.0,0.0,95.0,0.0,0.0,,97.0,9.0
WY,2022,23,30,2022-07-31,0.0,2.0,95.0,0.0,0.0,,97.0,34.0
WY,2022,24,31,2022-08-07,0.0,7.0,95.0,0.0,0.0,,97.0,60.0
WY,2022,25,32,2022-08-14,0.0,35.0,95.0,0.0,0.0,,97.0,82.0
WY,2022,26,33,2022-08-21,0.0,55.0,95.0,0.0,0.0,,97.0,97.0
WY,2022,27,34,2022-08-28,7.0,81.0,95.0,0.0,0.0,,97.0,97.0
WY,2022,28,35,2022-09-04,28.0,87.0,95.0,6.0,0.0,,97.0,97.0
WY,2022,29,36,2022-09-11,57.0,91.0,95.0,21.0,1.0,,97.0,97.0
WY,2022,30,37,2022-09-18,76.0,95.0,95.0,50.0,18.0,,97.0,97.0
WY,2022,31,38,2022-09-25,87.0,97.0,95.0,79.0,34.0,,97.0,97.0
WY,2022,32,39,2022-10-02,93.0,97.0,95.0,0.0,63.0,,97.0,97.0
WY,2022,33,40,2022-10-09,96.0,97.0,95.0,3.0,74.0,,97.0,97.0
WY,2022,34,41,2022-10-16,96.0,97.0,95.0,4.0,85.0,,97.0,97.0
WY,2022,35,42,2022-10-23,96.0,97.0,95.0,7.0,90.0,,97.0,97.0
WY,2022,36,43,2022-10-30,96.0,97.0,95.0,15.0,95.0,,97.0,97.0
WY,2022,37,44,2022-11-06,96.0,97.0,95.0,43.0,95.0,,97.0,97.0
WY,2022,38,45,2022-11-13,96.0,97.0,95.0,71.0,95.0,,97.0,97.0
WY,2022,39,46,2022-11-20,96.0,97.0,95.0,87.0,95.0,,97.0,97.0
WY,2022,40,47,2022-11-27,96.0,97.0,95.0,90.0,95.0,,97.0,97.0
WY,2023,9,16,2023-04-23,0.0,0.0,0.0,0.0,0.0,,0.0,0.0
WY,2023,10,17,2023-04-30,0.0,0.0,0.0,0.0,0.0,,0.0,0.0
WY,2023,11,18,2023-05-07,0.0,0.0,0.0,0.0,0.0,,11.0,0.0
WY,2023,12,19,2023-05-14,0.0,0.0,0.0,0.0,0.0,,35.0,0.0
WY,2023,13,20,2023-05-21,0.0,0.0,0.0,0.0,0.0,,62.0,0.0
WY,2023,14,21,2023-05-28,0.0,0.0,0.0,0.0,0.0,,91.0,0.0
WY,2023,15,22,2023-06-04,0.0,0.0,58.0,0.0,0.0,,97.0,0.0
WY,2023,16,23,2023-06-11,0.0,0.0,65.0,0.0,0.0,,97.0,0.0
WY,2023,17,24,2023-06-18,0.0,0.0,71.0,0.0,0.0,,97.0,0.0
WY,2023,18,25,2023-06-25,0.0,0.0,77.0,0.0,0.0,,97.0,0.0
WY,2023,19,26,2023-07-02,0.0,0.0,83.0,0.0,0.0,,97.0,0.0
WY,2023,20,27,2023-07-09,0.0,0.0,89.0,0.0,0.0,,97.0,1.0
WY,2023,21,28,2023-07-16,0.0,0.0,95.0,0.0,0.0,,97.0,2.0
WY,2023,22,29,2023-07-23,0.0,0.0,95.0,0.0,0.0,,97.0,10.0
WY,2023,23,30,2023-07-30,0.0,0.0,95.0,0.0,0.0,,97.0,29.0
WY,2023,24,31,2023-08-06,0.0,13.0,95.0,0.0,0.0,,97.0,48.0
WY,2023,25,32,2023-08-13,0.0,32.0,95.0,0.0,0.0,,97.0,67.0
WY,2023,26,33,2023-08-20,0.0,51.0,95.0,0.0,0.0,,97.0,86.0
WY,2023,27,34,2023-08-27,0.0,63.0,95.0,0.0,0.0,,97.0,93.0
WY,2023,28,35,2023-09-03,19.0,82.0,95.0,0.0,7.0,,97.0,96.0
WY,2023,29,36,2023-09-10,26.0,90.0,95.0,0.0,10.0,,97.0,96.0
WY,2023,30,37,2023-09-17,33.0,93.0,95.0,0.0,18.0,,97.0,96.0
WY,2023,31,38,2023-09-24,44.0,95.0,95.0,0.0,20.0,,97.0,96.0
WY,2023,32,39,2023-10-01,63.0,95.0,95.0,0.0,25.0,,97.0,96.0
WY,2023,33,40,2023-10-08,78.0,95.0,95.0,0.0,39.0,,97.0,96.0
WY,2023,34,41,2023-10-15,83.0,95.0,95.0,0.0,58.0,,97.0,96.0
WY,2023,35,42,2023-10-22,90.0,95.0,95.0,9.0,76.0,,97.0,96.0
WY,2023,36,43,2023-10-29,93.0,95.0,95.0,13.0,82.0,,97.0,96.0
WY,2023,37,44,2023-11-05,95.0,95.0,95.0,32.0,89.0,,97.0,96.0
WY,2023,38,45,2023-11-12,95.0,95.0,95.0,51.0,93.0,,97.0,96.0
WY,2023,39,46,2023-11-19,95.0,95.0,95.0,70.0,96.0,,97.0,96.0
WY,2023,40,47,2023-11-26,95.0,95.0,95.0,84.0,96.0,,97.0,96.0
WY,2024,8,15,2024-04-14,0.0,0.0,0.0,0.0,0.0,,0.0,0.0
WY,2024,9,16,2024-04-21,0.0,0.0,0.0,0.0,0.0,,3.0,0.0
WY,2024,10,17,2024-04-28,0.0,0.0,0.0,0.0,0.0,,14.0,0.0
WY,2024,11,18,2024-05-05,0.0,0.0,0.0,0.0,0.0,,23.0,0.0
WY,2024,12,19,2024-05-12,0.0,0.0,0.0,0.0,0.0,,42.0,0.0
WY,2024,13,20,2024-05-19,0.0,0.0,11.0,0.0,0.0,,61.0,0.0
WY,2024,14,21,2024-05-26,0.0,0.0,30.0,0.0,0.0,,80.0,0.0
WY,2024,15,22,2024-06-02,0.0,0.0,49.0,0.0,0.0,,95.0,0.0
WY,2024,16,23,2024-06-09,0.0,0.0,60.0,0.0,0.0,,95.0,0.0
WY,2024,17,24,2024-06-16,0.0,0.0,79.0,0.0,0.0,,95.0,0.0
WY,2024,18,25,2024-06-23,0.0,0.0,94.0,0.0,0.0,,95.0,0.0
WY,2024,19,26,2024-06-30,0.0,0.0,95.0,0.0,0.0,,95.0,1.0
WY,2024,20,27,2024-07-07,0.0,0.0,95.0,0.0,0.0,,95.0,2.0
WY,2024,21,28,2024-07-14,0.0,0.0,95.0,0.0,0.0,,95.0,5.0
WY,2024,22,29,2024-07-21,0.0,0.0,95.0,0.0,0.0,,95.0,13.0
WY,2024,23,30,2024-07-28,0.0,0.0,95.0,0.0,0.0,,95.0,41.0
WY,2024,24,31,2024-08-04,0.0,10.0,95.0,0.0,0.0,,95.0,70.0
WY,2024,25,32,2024-08-11,0.0,29.0,95.0,0.0,0.0,,95.0,80.0
WY,2024,26,33,2024-08-18,0.0,48.0,95.0,0.0,0.0,,95.0,91.0
WY,2024,27,34,2024-08-25,8.0,67.0,95.0,0.0,0.0,,95.0,94.0
WY,2024,28,35,2024-09-01,18.0,86.0,95.0,2.0,0.0,,95.0,96.0
WY,2024,29,36,2024-09-08,32.0,92.0,95.0,14.0,13.0,,95.0,96.0
WY,2024,30,37,2024-09-15,51.0,96.0,95.0,0.0,26.0,,95.0,96.0
WY,2024,31,38,2024-09-22,70.0,96.0,95.0,0.0,45.0,,95.0,96.0
WY,2024,32,39,2024-09-29,88.0,96.0,95.0,0.0,59.0,,95.0,96.0
WY,2024,33,40,2024-10-06,93.0,96.0,95.0,0.0,78.0,,95.0,96.0
WY,2024,34,41,2024-10-13,95.0,96.0,95.0,2.0,87.0,,95.0,96.0
WY,2024,35,42,2024-10-20,95.0,96.0,95.0,19.0,92.0,,95.0,96.0
WY,2024,36,43,2024-10-27,95.0,96.0,95.0,38.0,96.0,,95.0,96.0
WY,2024,37,44,2024-11-03,95.0,96.0,95.0,57.0,96.0,,95.0,96.0
WY,2024,38,45,2024-11-10,95.0,96.0,95.0,76.0,96.0,,95.0,96.0
WY,2024,39,46,2024-11-17,95.0,96.0,95.0,87.0,96.0,,95.0,96.0
WY,2024,40,47,2024-11-24,95.0,96.0,95.0,90.0,96.0,,95.0,96.0
WY,2025,9,16,2025-04-20,0.0,0.0,0.0,0.0,0.0,,1.0,0.0
WY,2025,10,17,2025-04-27,0.0,0.0,0.0,0.0,0.0,,11.0,0.0
WY,2025,11,18,2025-05-04,0.0,0.0,1.0,0.0,0.0,,22.0,0.0
WY,2025,12,19,2025-05-11,0.0,0.0,2.0,0.0,0.0,,40.0,0.0
WY,2025,13,20,2025-05-18,0.0,0.0,16.0,0.0,0.0,,59.0,0.0
WY,2025,14,21,2025-05-25,0.0,0.0,44.0,0.0,0.0,,78.0,0.0
WY,2025,15,22,2025-06-01,0.0,0.0,67.0,0.0,0.0,,97.0,0.0
WY,2025,16,23,2025-06-08,0.0,0.0,82.0,0.0,0.0,,97.0,0.0
WY,2025,17,24,2025-06-15,0.0,0.0,95.0,0.0,0.0,,97.0,0.0
WY,2025,18,25,2025-06-22,0.0,0.0,95.0,0.0,0.0,,97.0,1.0
WY,2025,19,26,2025-06-29,0.0,0.0,95.0,0.0,0.0,,97.0,2.0
WY,2025,20,27,2025-07-06,0.0,0.0,95.0,0.0,0.0,,97.0,3.0
WY,2025,21,28,2025-07-13,0.0,0.0,95.0,0.0,0.0,,97.0,4.0
WY,2025,22,29,2025-07-20,0.0,0.0,95.0,0.0,0.0,,97.0,11.0
WY,2025,23,30,2025-07-27,0.0,0.0,95.0,0.0,0.0,,97.0,22.0
WY,2025,24,31,2025-08-03,0.0,10.0,95.0,0.0,0.0,,97.0,42.0
WY,2025,25,32,2025-08-10,0.0,18.0,95.0,0.0,0.0,,97.0,71.0
WY,2025,26,33,2025-08-17,0.0,31.0,95.0,0.0,0.0,,97.0,81.0
WY,2025,27,34,2025-08-24,6.0,60.0,95.0,1.0,0.0,,97.0,95.0
WY,2025,28,35,2025-08-31,13.0,86.0,95.0,2.0,0.0,,97.0,99.0
WY,2025,29,36,2025-09-07,27.0,95.0,95.0,16.0,7.0,,97.0,99.0
WY,2025,30,37,2025-09-14,56.0,95.0,95.0,45.0,12.0,,97.0,99.0
WY,2025,31,38,2025-09-21,85.0,95.0,95.0,74.0,17.0,,97.0,99.0
WY,2025,32,39,2025-09-28,98.0,95.0,95.0,88.0,43.0,,97.0,99.0
WY,2025,39,46,2025-11-16,98.0,95.0,95.0,76.0,99.0,,97.0,99.0
WY,2025,40,47,2025-11-23,98.0,95.0,95.0,80.0,99.0,,97.0,99.0
US,2016,7,14,2016-04-10,0.0,0.0,0.0,0.0,0.0,,4.0,0.0
US,2016,8,15,2016-04-17,0.0,0.0,0.0,0.0,0.0,,13.0,0.0
US,2016,9,16,2016-04-24,0.0,0.0,5.0,0.0,0.0,,30.0,0.0
US,2016,10,17,2016-05-01,0.0,0.0,13.0,0.0,0.0,,45.0,0.0
US,2016,11,18,2016-05-08,0.0,0.0,27.0,0.0,0.0,,64.0,0.0
US,2016,12,19,2016-05-15,0.0,0.0,43.0,0.0,0.0,,75.0,0.0
US,2016,13,20,2016-05-22,0.0,0.0,60.0,0.0,0.0,,86.0,0.0
US,2016,14,21,2016-05-29,0.0,0.0,78.0,0.0,0.0,,94.0,0.0
US,2016,15,22,2016-06-05,0.0,0.0,90.0,0.0,0.0,,98.0,0.0
US,2016,16,23,2016-06-12,0.0,0.0,96.0,0.0,0.0,,98.0,0.0
US,2016,18,25,2016-06-26,0.0,0.0,96.0,0.0,0.0,,98.0,6.0
US,2016,19,26,2016-07-03,0.0,0.0,96.0,0.0,0.0,,98.0,15.0
US,2016,20,27,2016-07-10,0.0,0.0,96.0,0.0,0.0,,98.0,32.0
US,2016,21,28,2016-07-17,0.0,0.0,96.0,0.0,0.0,,98.0,56.0
US,2016,22,29,2016-07-24,0.0,13.0,96.0,0.0,0.0,,98.0,79.0
US,2016,23,30,2016-07-31,0.0,30.0,96.0,0.0,0.0,,98.0,91.0
US,2016,24,31,2016-08-07,9.0,53.0,96.0,0.0,0.0,,98.0,97.0
US,2016,25,32,2016-08-14,21.0,73.0,96.0,0.0,0.0,,98.0,97.0
US,2016,26,33,2016-08-21,40.0,85.0,96.0,0.0,0.0,,98.0,97.0
US,2016,27,34,2016-08-28,60.0,92.0,96.0,0.0,9.0,,98.0,97.0
US,2016,28,35,2016-09-04,76.0,96.0,96.0,0.0,18.0,,98.0,97.0
US,2016,29,36,2016-09-11,87.0,96.0,96.0,5.0,33.0,,98.0,97.0
US,2016,30,37,2016-09-18,93.0,96.0,96.0,9.0,53.0,,98.0,97.0
US,2016,31,38,2016-09-25,97.0,96.0,96.0,15.0,73.0,,98.0,97.0
US,2016,32,39,2016-10-02,97.0,96.0,96.0,24.0,86.0,,98.0,97.0
US,2016,33,40,2016-10-09,97.0,96.0,96.0,35.0,93.0,,98.0,97.0
US,2016,34,41,2016-10-16,97.0,96.0,96.0,46.0,97.0,,98.0,97.0
US,2016,35,42,2016-10-23,97.0,96.0,96.0,61.0,97.0,,98.0,97.0
US,2016,36,43,2016-10-30,97.0,96.0,96.0,75.0,97.0,,98.0,97.0
US,2016,37,44,2016-11-06,97.0,96.0,96.0,86.0,97.0,,98.0,97.0
US,2016,38,45,2016-11-13,97.0,96.0,96.0,93.0,97.0,,98.0,97.0
US,2016,39,46,2016-11-20,97.0,96.0,96.0,97.0,97.0,,98.0,97.0
US,2017,7,14,2017-04-09,0.0,0.0,0.0,0.0,0.0,,3.0,0.0
US,2017,8,15,2017-04-16,0.0,0.0,0.0,0.0,0.0,,6.0,0.0
US,2017,9,16,2017-04-23,0.0,0.0,4.0,0.0,0.0,,17.0,0.0
US,2017,10,17,2017-04-30,0.0,0.0,9.0,0.0,0.0,,34.0,0.0
US,2017,11,18,2017-05-07,0.0,0.0,15.0,0.0,0.0,,47.0,0.0
US,2017,12,19,2017-05-14,0.0,0.0,31.0,0.0,0.0,,71.0,0.0
US,2017,13,20,2017-05-21,0.0,0.0,54.0,0.0,0.0,,84.0,0.0
US,2017,14,21,2017-05-28,0.0,0.0,73.0,0.0,0.0,,91.0,0.0
US,2017,15,22,2017-06-04,0.0,0.0,86.0,0.0,0.0,,96.0,0.0
US,2017,16,23,2017-06-11,0.0,0.0,94.0,0.0,0.0,,96.0,0.0
US,2017,17,24,2017-06-18,0.0,0.0,98.0,0.0,0.0,,96.0,0.0
US,2017,18,25,2017-06-25,0.0,0.0,98.0,0.0,0.0,,96.0,4.0
US,2017,19,26,2017-07-02,0.0,0.0,98.0,0.0,0.0,,96.0,10.0
US,2017,20,27,2017-07-09,0.0,0.0,98.0,0.0,0.0,,96.0,19.0
US,2017,21,28,2017-07-16,0.0,0.0,98.0,0.0,0.0,,96.0,40.0
US,2017,22,29,2017-07-23,0.0,8.0,98.0,0.0,0.0,,96.0,67.0
US,2017,23,30,2017-07-30,0.0,23.0,98.0,0.0,0.0,,96.0,85.0
US,2017,24,31,2017-08-06,7.0,42.0,98.0,0.0,0.0,,96.0,93.0
US,2017,25,32,2017-08-13,16.0,61.0,98.0,0.0,0.0,,96.0,97.0
US,2017,26,33,2017-08-20,29.0,76.0,98.0,0.0,0.0,,96.0,97.0
US,2017,27,34,2017-08-27,44.0,86.0,98.0,0.0,6.0,,96.0,97.0
US,2017,28,35,2017-09-03,60.0,92.0,98.0,0.0,12.0,,96.0,97.0
US,2017,29,36,2017-09-10,75.0,96.0,98.0,5.0,21.0,,96.0,97.0
US,2017,30,37,2017-09-17,86.0,96.0,98.0,7.0,34.0,,96.0,97.0
US,2017,31,38,2017-09-24,93.0,96.0,98.0,11.0,51.0,,96.0,97.0
US,2017,32,39,2017-10-01,96.0,96.0,98.0,17.0,68.0,,96.0,97.0
US,2017,33,40,2017-10-08,96.0,96.0,98.0,22.0,82.0,,96.0,97.0
US,2017,34,41,2017-10-15,96.0,96.0,98.0,28.0,90.0,,96.0,97.0
US,2017,35,42,2017-10-22,96.0,96.0,98.0,38.0,96.0,,96.0,97.0
US,2017,36,43,2017-10-29,96.0,96.0,98.0,54.0,96.0,,96.0,97.0
US,2017,37,44,2017-11-05,96.0,96.0,98.0,70.0,96.0,,96.0,97.0
US,2017,38,45,2017-11-12,96.0,96.0,98.0,83.0,96.0,,96.0,97.0
US,2017,39,46,2017-11-19,96.0,96.0,98.0,90.0,96.0,,96.0,97.0
US,2017,40,47,2017-11-26,96.0,96.0,98.0,95.0,96.0,,96.0,97.0
US,2018,7,14,2018-04-08,0.0,0.0,0.0,0.0,0.0,,2.0,0.0
US,2018,8,15,2018-04-15,0.0,0.0,0.0,0.0,0.0,,3.0,0.0
US,2018,9,16,2018-04-22,0.0,0.0,0.0,0.0,0.0,,5.0,0.0
US,2018,10,17,2018-04-29,0.0,0.0,3.0,0.0,0.0,,17.0,0.0
US,2018,11,18,2018-05-06,0.0,0.0,8.0,0.0,0.0,,39.0,0.0
US,2018,12,19,2018-05-13,0.0,0.0,28.0,0.0,0.0,,62.0,0.0
US,2018,13,20,2018-05-20,0.0,0.0,50.0,0.0,0.0,,81.0,0.0
US,2018,14,21,2018-05-27,0.0,0.0,72.0,0.0,0.0,,92.0,0.0
US,2018,15,22,2018-06-03,0.0,0.0,86.0,0.0,0.0,,97.0,0.0
US,2018,16,23,2018-06-10,0.0,0.0,94.0,0.0,0.0,,97.0,0.0
US,2018,17,24,2018-06-17,0.0,0.0,98.0,0.0,0.0,,97.0,0.0
US,2018,18,25,2018-06-24,0.0,0.0,98.0,0.0,0.0,,97.0,5.0
US,2018,19,26,2018-07-01,0.0,0.0,98.0,0.0,0.0,,97.0,17.0
US,2018,20,27,2018-07-08,0.0,0.0,98.0,0.0,0.0,,97.0,37.0
US,2018,21,28,2018-07-15,0.0,0.0,98.0,0.0,0.0,,97.0,63.0
US,2018,22,29,2018-07-22,0.0,18.0,98.0,0.0,0.0,,97.0,81.0
US,2018,23,30,2018-07-29,0.0,38.0,98.0,0.0,0.0,,97.0,91.0
US,2018,24,31,2018-08-05,12.0,57.0,98.0,0.0,0.0,,97.0,96.0
US,2018,25,32,2018-08-12,26.0,73.0,98.0,0.0,0.0,,97.0,96.0
US,2018,26,33,2018-08-19,44.0,85.0,98.0,0.0,0.0,,97.0,96.0
US,2018,27,34,2018-08-26,61.0,92.0,98.0,0.0,10.0,,97.0,96.0
US,2018,28,35,2018-09-02,75.0,96.0,98.0,0.0,22.0,,97.0,96.0
US,2018,29,36,2018-09-09,86.0,96.0,98.0,5.0,35.0,,97.0,96.0
US,2018,30,37,2018-09-16,93.0,96.0,98.0,9.0,54.0,,97.0,96.0
US,2018,31,38,2018-09-23,97.0,96.0,98.0,16.0,72.0,,97.0,96.0
US,2018,32,39,2018-09-30,97.0,96.0,98.0,26.0,86.0,,97.0,96.0
US,2018,33,40,2018-10-07,97.0,96.0,98.0,34.0,93.0,,97.0,96.0
US,2018,34,41,2018-10-14,97.0,96.0,98.0,39.0,96.0,,97.0,96.0
US,2018,35,42,2018-10-21,97.0,96.0,98.0,49.0,96.0,,97.0,96.0
US,2018,36,43,2018-10-28,97.0,96.0,98.0,63.0,96.0,,97.0,96.0
US,2018,37,44,2018-11-04,97.0,96.0,98.0,76.0,96.0,,97.0,96.0
US,2018,38,45,2018-11-11,97.0,96.0,98.0,84.0,96.0,,97.0,96.0
US,2018,39,46,2018-11-18,97.0,96.0,98.0,90.0,96.0,,97.0,96.0
US,2018,40,47,2018-11-25,97.0,96.0,98.0,94.0,96.0,,97.0,96.0
US,2019,7,14,2019-04-07,0.0,0.0,0.0,0.0,0.0,,2.0,0.0
US,2019,8,15,2019-04-14,0.0,0.0,0.0,0.0,0.0,,3.0,0.0
US,2019,9,16,2019-04-21,0.0,0.0,0.0,0.0,0.0,,6.0,0.0
US,2019,10,17,2019-04-28,0.0,0.0,3.0,0.0,0.0,,15.0,0.0
US,2019,11,18,2019-05-05,0.0,0.0,6.0,0.0,0.0,,23.0,0.0
US,2019,12,19,2019-05-12,0.0,0.0,10.0,0.0,0.0,,30.0,0.0
US,2019,13,20,2019-05-19,0.0,0.0,19.0,0.0,0.0,,49.0,0.0
US,2019,14,21,2019-05-26,0.0,0.0,32.0,0.0,0.0,,58.0,0.0
US,2019,15,22,2019-06-02,0.0,0.0,46.0,0.0,0.0,,67.0,0.0
US,2019,16,23,2019-06-09,0.0,0.0,62.0,0.0,0.0,,83.0,0.0
US,2019,17,24,2019-06-16,0.0,0.0,79.0,0.0,0.0,,92.0,0.0
US,2019,18,25,2019-06-23,0.0,0.0,89.0,0.0,0.0,,96.0,0.0
US,2019,19,26,2019-06-30,0.0,0.0,94.0,0.0,0.0,,96.0,0.0
US,2019,20,27,2019-07-07,0.0,0.0,98.0,0.0,0.0,,96.0,8.0
US,2019,21,28,2019-07-14,0.0,0.0,98.0,0.0,0.0,,96.0,17.0
US,2019,22,29,2019-07-21,0.0,5.0,98.0,0.0,0.0,,96.0,35.0
US,2019,23,30,2019-07-28,0.0,13.0,98.0,0.0,0.0,,96.0,58.0
US,2019,24,31,2019-08-04,0.0,23.0,98.0,0.0,0.0,,96.0,78.0
US,2019,25,32,2019-08-11,7.0,39.0,98.0,0.0,0.0,,96.0,90.0
US,2019,26,33,2019-08-18,15.0,55.0,98.0,0.0,0.0,,96.0,95.0
US,2019,27,34,2019-08-25,27.0,71.0,98.0,0.0,0.0,,96.0,95.0
US,2019,28,35,2019-09-01,41.0,81.0,98.0,0.0,6.0,,96.0,95.0
US,2019,29,36,2019-09-08,55.0,89.0,98.0,0.0,11.0,,96.0,95.0
US,2019,30,37,2019-09-15,68.0,93.0,98.0,4.0,18.0,,96.0,95.0
US,2019,31,38,2019-09-22,79.0,96.0,98.0,7.0,29.0,,96.0,95.0
US,2019,32,39,2019-09-29,88.0,96.0,98.0,11.0,43.0,,96.0,95.0
US,2019,33,40,2019-10-06,93.0,96.0,98.0,15.0,58.0,,96.0,95.0
US,2019,34,41,2019-10-13,96.0,96.0,98.0,22.0,73.0,,96.0,95.0
US,2019,35,42,2019-10-20,96.0,96.0,98.0,30.0,86.0,,96.0,95.0
US,2019,36,43,2019-10-27,96.0,96.0,98.0,41.0,93.0,,96.0,95.0
US,2019,37,44,2019-11-03,96.0,96.0,98.0,52.0,96.0,,96.0,95.0
US,2019,38,45,2019-11-10,96.0,96.0,98.0,66.0,96.0,,96.0,95.0
US,2019,39,46,2019-11-17,96.0,96.0,98.0,76.0,96.0,,96.0,95.0
US,2019,40,47,2019-11-24,96.0,96.0,98.0,84.0,96.0,,96.0,95.0
US,2019,41,48,2019-12-01,96.0,96.0,98.0,89.0,96.0,,96.0,95.0
US,2020,8,15,2020-04-12,0.0,0.0,0.0,0.0,0.0,,3.0,0.0
US,2020,9,16,2020-04-19,0.0,0.0,0.0,0.0,0.0,,7.0,0.0
US,2020,10,17,2020-04-26,0.0,0.0,3.0,0.0,0.0,,27.0,0.0
US,2020,11,18,2020-05-03,0.0,0.0,8.0,0.0,0.0,,51.0,0.0
US,2020,12,19,2020-05-10,0.0,0.0,24.0,0.0,0.0,,67.0,0.0
US,2020,13,20,2020-05-17,0.0,0.0,43.0,0.0,0.0,,80.0,0.0
US,2020,14,21,2020-05-24,0.0,0.0,64.0,0.0,0.0,,88.0,0.0
US,2020,15,22,2020-05-31,0.0,0.0,78.0,0.0,0.0,,93.0,0.0
US,2020,16,23,2020-06-07,0.0,0.0,89.0,0.0,0.0,,97.0,0.0
US,2020,17,24,2020-06-14,0.0,0.0,95.0,0.0,0.0,,97.0,0.0
US,2020,18,25,2020-06-21,0.0,0.0,95.0,0.0,0.0,,97.0,2.0
US,2020,19,26,2020-06-28,0.0,0.0,95.0,0.0,0.0,,97.0,4.0
US,2020,20,27,2020-07-05,0.0,0.0,95.0,0.0,0.0,,97.0,10.0
US,2020,21,28,2020-07-12,0.0,3.0,95.0,0.0,0.0,,97.0,29.0
US,2020,22,29,2020-07-19,0.0,9.0,95.0,0.0,0.0,,97.0,59.0
US,2020,23,30,2020-07-26,0.0,22.0,95.0,0.0,0.0,,97.0,82.0
US,2020,24,31,2020-08-02,0.0,39.0,95.0,0.0,0.0,,97.0,92.0
US,2020,25,32,2020-08-09,11.0,59.0,95.0,0.0,0.0,,97.0,97.0
US,2020,26,33,2020-08-16,23.0,76.0,95.0,0.0,0.0,,97.0,97.0
US,2020,27,34,2020-08-23,44.0,88.0,95.0,0.0,5.0,,97.0,97.0
US,2020,28,35,2020-08-30,63.0,94.0,95.0,0.0,12.0,,97.0,97.0
US,2020,29,36,2020-09-06,79.0,97.0,95.0,0.0,25.0,,97.0,97.0
US,2020,30,37,2020-09-13,89.0,97.0,95.0,5.0,41.0,,97.0,97.0
US,2020,31,38,2020-09-20,95.0,97.0,95.0,8.0,59.0,,97.0,97.0
US,2020,32,39,2020-09-27,95.0,97.0,95.0,15.0,75.0,,97.0,97.0
US,2020,33,40,2020-10-04,95.0,97.0,95.0,25.0,87.0,,97.0,97.0
US,2020,34,41,2020-10-11,95.0,97.0,95.0,41.0,94.0,,97.0,97.0
US,2020,35,42,2020-10-18,95.0,97.0,95.0,60.0,97.0,,97.0,97.0
US,2020,36,43,2020-10-25,95.0,97.0,95.0,72.0,97.0,,97.0,97.0
US,2020,37,44,2020-11-01,95.0,97.0,95.0,82.0,97.0,,97.0,97.0
US,2020,38,45,2020-11-08,95.0,97.0,95.0,91.0,97.0,,97.0,97.0
US,2020,39,46,2020-11-15,95.0,97.0,95.0,95.0,97.0,,97.0,97.0
US,2021,6,13,2021-04-04,0.0,0.0,0.0,0.0,0.0,,2.0,0.0
US,2021,7,14,2021-04-11,0.0,0.0,0.0,0.0,0.0,,4.0,0.0
US,2021,8,15,2021-04-18,0.0,0.0,2.0,0.0,0.0,,8.0,0.0
US,2021,9,16,2021-04-25,0.0,0.0,3.0,0.0,0.0,,17.0,0.0
US,2021,10,17,2021-05-02,0.0,0.0,8.0,0.0,0.0,,46.0,0.0
US,2021,11,18,2021-05-09,0.0,0.0,20.0,0.0,0.0,,67.0,0.0
US,2021,12,19,2021-05-16,0.0,0.0,41.0,0.0,0.0,,80.0,0.0
US,2021,13,20,2021-05-23,0.0,0.0,64.0,0.0,0.0,,90.0,0.0
US,2021,14,21,2021-05-30,0.0,0.0,81.0,0.0,0.0,,95.0,0.0
US,2021,15,22,2021-06-06,0.0,0.0,90.0,0.0,0.0,,95.0,0.0
US,2021,16,23,2021-06-13,0.0,0.0,96.0,0.0,0.0,,95.0,0.0
US,2021,18,25,2021-06-27,0.0,0.0,96.0,0.0,0.0,,95.0,4.0
US,2021,19,26,2021-07-04,0.0,0.0,96.0,0.0,0.0,,95.0,10.0
US,2021,20,27,2021-07-11,0.0,3.0,96.0,0.0,0.0,,95.0,26.0
US,2021,21,28,2021-07-18,0.0,8.0,96.0,0.0,0.0,,95.0,56.0
US,2021,22,29,2021-07-25,0.0,18.0,96.0,0.0,0.0,,95.0,79.0
US,2021,23,30,2021-08-01,0.0,38.0,96.0,0.0,0.0,,95.0,91.0
US,2021,24,31,2021-08-08,8.0,56.0,96.0,0.0,0.0,,95.0,95.0
US,2021,25,32,2021-08-15,22.0,73.0,96.0,0.0,0.0,,95.0,95.0
US,2021,26,33,2021-08-22,41.0,85.0,96.0,0.0,4.0,,95.0,95.0
US,2021,27,34,2021-08-29,59.0,91.0,96.0,0.0,9.0,,95.0,95.0
US,2021,28,35,2021-09-05,74.0,95.0,96.0,0.0,21.0,,95.0,95.0
US,2021,29,36,2021-09-12,87.0,95.0,96.0,4.0,37.0,,95.0,95.0
US,2021,30,37,2021-09-19,93.0,95.0,96.0,10.0,57.0,,95.0,95.0
US,2021,31,38,2021-09-26,97.0,95.0,96.0,18.0,74.0,,95.0,95.0
US,2021,32,39,2021-10-03,97.0,95.0,96.0,29.0,88.0,,95.0,95.0
US,2021,33,40,2021-10-10,97.0,95.0,96.0,41.0,94.0,,95.0,95.0
US,2021,34,41,2021-10-17,97.0,95.0,96.0,52.0,97.0,,95.0,95.0
US,2021,35,42,2021-10-24,97.0,95.0,96.0,66.0,97.0,,95.0,95.0
US,2021,36,43,2021-10-31,97.0,95.0,96.0,74.0,97.0,,95.0,95.0
US,2021,37,44,2021-11-07,97.0,95.0,96.0,84.0,97.0,,95.0,95.0
US,2021,38,45,2021-11-14,97.0,95.0,96.0,91.0,97.0,,95.0,95.0
US,2021,39,46,2021-11-21,97.0,95.0,96.0,95.0,97.0,,95.0,95.0
US,2022,6,13,2022-04-03,0.0,0.0,0.0,0.0,0.0,,2.0,0.0
US,2022,7,14,2022-04-10,0.0,0.0,0.0,0.0,0.0,,2.0,0.0
US,2022,8,15,2022-04-17,0.0,0.0,0.0,0.0,0.0,,4.0,0.0
US,2022,9,16,2022-04-24,0.0,0.0,2.0,0.0,0.0,,7.0,0.0
US,2022,10,17,2022-05-01,0.0,0.0,3.0,0.0,0.0,,14.0,0.0
US,2022,11,18,2022-05-08,0.0,0.0,5.0,0.0,0.0,,22.0,0.0
US,2022,12,19,2022-05-15,0.0,0.0,14.0,0.0,0.0,,49.0,0.0
US,2022,13,20,2022-05-22,0.0,0.0,39.0,0.0,0.0,,72.0,0.0
US,2022,14,21,2022-05-29,0.0,0.0,61.0,0.0,0.0,,86.0,0.0
US,2022,15,22,2022-06-05,0.0,0.0,78.0,0.0,0.0,,94.0,0.0
US,2022,16,23,2022-06-12,0.0,0.0,88.0,0.0,0.0,,97.0,0.0
US,2022,17,24,2022-06-19,0.0,0.0,95.0,0.0,0.0,,97.0,0.0
US,2022,18,25,2022-06-26,0.0,0.0,95.0,0.0,0.0,,97.0,4.0
US,2022,19,26,2022-07-03,0.0,0.0,95.0,0.0,0.0,,97.0,7.0
US,2022,20,27,2022-07-10,0.0,2.0,95.0,0.0,0.0,,97.0,15.0
US,2022,21,28,2022-07-17,0.0,6.0,95.0,0.0,0.0,,97.0,37.0
US,2022,22,29,2022-07-24,0.0,13.0,95.0,0.0,0.0,,97.0,62.0
US,2022,23,30,2022-07-31,0.0,26.0,95.0,0.0,0.0,,97.0,80.0
US,2022,24,31,2022-08-07,6.0,45.0,95.0,0.0,0.0,,97.0,90.0
US,2022,25,32,2022-08-14,16.0,62.0,95.0,0.0,0.0,,97.0,94.0
US,2022,26,33,2022-08-21,31.0,75.0,95.0,0.0,4.0,,97.0,97.0
US,2022,27,34,2022-08-28,46.0,86.0,95.0,0.0,8.0,,97.0,97.0
US,2022,28,35,2022-09-04,63.0,92.0,95.0,0.0,15.0,,97.0,97.0
US,2022,29,36,2022-09-11,77.0,95.0,95.0,5.0,25.0,,97.0,97.0
US,2022,30,37,2022-09-18,87.0,95.0,95.0,7.0,40.0,,97.0,97.0
US,2022,31,38,2022-09-25,92.0,95.0,95.0,12.0,58.0,,97.0,97.0
US,2022,32,39,2022-10-02,96.0,95.0,95.0,20.0,75.0,,97.0,97.0
US,2022,33,40,2022-10-09,96.0,95.0,95.0,31.0,87.0,,97.0,97.0
US,2022,34,41,2022-10-16,96.0,95.0,95.0,45.0,94.0,,97.0,97.0
US,2022,35,42,2022-10-23,96.0,95.0,95.0,61.0,97.0,,97.0,97.0
US,2022,36,43,2022-10-30,96.0,95.0,95.0,76.0,97.0,,97.0,97.0
US,2022,37,44,2022-11-06,96.0,95.0,95.0,87.0,97.0,,97.0,97.0
US,2022,38,45,2022-11-13,96.0,95.0,95.0,93.0,97.0,,97.0,97.0
US,2022,39,46,2022-11-20,96.0,95.0,95.0,96.0,97.0,,97.0,97.0
US,2023,6,13,2023-04-02,0.0,0.0,0.0,0.0,0.0,,2.0,0.0
US,2023,7,14,2023-04-09,0.0,0.0,0.0,0.0,0.0,,3.0,0.0
US,2023,8,15,2023-04-16,0.0,0.0,0.0,0.0,0.0,,8.0,0.0
US,2023,9,16,2023-04-23,0.0,0.0,3.0,0.0,0.0,,14.0,0.0
US,2023,10,17,2023-04-30,0.0,0.0,6.0,0.0,0.0,,26.0,0.0
US,2023,11,18,2023-05-07,0.0,0.0,12.0,0.0,0.0,,49.0,0.0
US,2023,12,19,2023-05-14,0.0,0.0,30.0,0.0,0.0,,65.0,0.0
US,2023,13,20,2023-05-21,0.0,0.0,52.0,0.0,0.0,,81.0,0.0
US,2023,14,21,2023-05-28,0.0,0.0,72.0,0.0,0.0,,92.0,0.0
US,2023,15,22,2023-06-04,0.0,0.0,85.0,0.0,0.0,,96.0,0.0
US,2023,16,23,2023-06-11,0.0,0.0,93.0,0.0,0.0,,96.0,0.0
US,2023,17,24,2023-06-18,0.0,0.0,96.0,0.0,0.0,,96.0,0.0
US,2023,18,25,2023-06-25,0.0,0.0,96.0,0.0,0.0,,96.0,4.0
US,2023,19,26,2023-07-02,0.0,0.0,96.0,0.0,0.0,,96.0,8.0
US,2023,20,27,2023-07-09,0.0,3.0,96.0,0.0,0.0,,96.0,22.0
US,2023,21,28,2023-07-16,0.0,7.0,96.0,0.0,0.0,,96.0,47.0
US,2023,22,29,2023-07-23,0.0,16.0,96.0,0.0,0.0,,96.0,68.0
US,2023,23,30,2023-07-30,0.0,29.0,96.0,0.0,0.0,,96.0,84.0
US,2023,24,31,2023-08-06,8.0,47.0,96.0,0.0,0.0,,96.0,93.0
US,2023,25,32,2023-08-13,18.0,65.0,96.0,0.0,0.0,,96.0,96.0
US,2023,26,33,2023-08-20,35.0,78.0,96.0,0.0,4.0,,96.0,96.0
US,2023,27,34,2023-08-27,51.0,88.0,96.0,0.0,9.0,,96.0,96.0
US,2023,28,35,2023-09-03,67.0,93.0,96.0,0.0,18.0,,96.0,96.0
US,2023,29,36,2023-09-10,82.0,97.0,96.0,5.0,34.0,,96.0,96.0
US,2023,30,37,2023-09-17,90.0,97.0,96.0,9.0,54.0,,96.0,96.0
US,2023,31,38,2023-09-24,95.0,97.0,96.0,15.0,70.0,,96.0,96.0
US,2023,32,39,2023-10-01,95.0,97.0,96.0,23.0,82.0,,96.0,96.0
US,2023,33,40,2023-10-08,95.0,97.0,96.0,34.0,89.0,,96.0,96.0
US,2023,34,41,2023-10-15,95.0,97.0,96.0,45.0,95.0,,96.0,96.0
US,2023,35,42,2023-10-22,95.0,97.0,96.0,59.0,95.0,,96.0,96.0
US,2023,36,43,2023-10-29,95.0,97.0,96.0,71.0,95.0,,96.0,96.0
US,2023,37,44,2023-11-05,95.0,97.0,96.0,81.0,95.0,,96.0,96.0
US,2023,38,45,2023-11-12,95.0,97.0,96.0,88.0,95.0,,96.0,96.0
US,2023,39,46,2023-11-19,95.0,97.0,96.0,93.0,95.0,,96.0,96.0
US,2023,40,47,2023-11-26,95.0,97.0,96.0,96.0,95.0,,96.0,96.0
US,2024,6,13,2024-03-31,0.0,0.0,0.0,0.0,0.0,,2.0,0.0
US,2024,7,14,2024-04-07,0.0,0.0,0.0,0.0,0.0,,3.0,0.0
US,2024,8,15,2024-04-14,0.0,0.0,0.0,0.0,0.0,,6.0,0.0
US,2024,9,16,2024-04-21,0.0,0.0,3.0,0.0,0.0,,12.0,0.0
US,2024,10,17,2024-04-28,0.0,0.0,7.0,0.0,0.0,,27.0,0.0
US,2024,11,18,2024-05-05,0.0,0.0,12.0,0.0,0.0,,36.0,0.0
US,2024,12,19,2024-05-12,0.0,0.0,23.0,0.0,0.0,,49.0,0.0
US,2024,13,20,2024-05-19,0.0,0.0,40.0,0.0,0.0,,70.0,0.0
US,2024,14,21,2024-05-26,0.0,0.0,58.0,0.0,0.0,,83.0,0.0
US,2024,15,22,2024-06-02,0.0,0.0,74.0,0.0,0.0,,91.0,0.0
US,2024,16,23,2024-06-09,0.0,0.0,85.0,0.0,0.0,,95.0,0.0
US,2024,17,24,2024-06-16,0.0,0.0,93.0,0.0,0.0,,95.0,0.0
US,2024,18,25,2024-06-23,0.0,0.0,97.0,0.0,0.0,,95.0,4.0
US,2024,19,26,2024-06-30,0.0,0.0,97.0,0.0,0.0,,95.0,11.0
US,2024,20,27,2024-07-07,0.0,3.0,97.0,0.0,0.0,,95.0,24.0
US,2024,21,28,2024-07-14,0.0,8.0,97.0,0.0,0.0,,95.0,41.0
US,2024,22,29,2024-07-21,0.0,17.0,97.0,0.0,0.0,,95.0,61.0
US,2024,23,30,2024-07-28,0.0,30.0,97.0,0.0,0.0,,95.0,77.0
US,2024,24,31,2024-08-04,7.0,46.0,97.0,0.0,0.0,,95.0,88.0
US,2024,25,32,2024-08-11,18.0,60.0,97.0,0.0,0.0,,95.0,94.0
US,2024,26,33,2024-08-18,30.0,74.0,97.0,0.0,5.0,,95.0,97.0
US,2024,27,34,2024-08-25,46.0,84.0,97.0,0.0,11.0,,95.0,97.0
US,2024,28,35,2024-09-01,60.0,90.0,97.0,0.0,19.0,,95.0,97.0
US,2024,29,36,2024-09-08,74.0,95.0,97.0,5.0,29.0,,95.0,97.0
US,2024,30,37,2024-09-15,85.0,95.0,97.0,9.0,45.0,,95.0,97.0
US,2024,31,38,2024-09-22,92.0,95.0,97.0,14.0,61.0,,95.0,97.0
US,2024,32,39,2024-09-29,96.0,95.0,97.0,21.0,75.0,,95.0,97.0
US,2024,33,40,2024-10-06,96.0,95.0,97.0,30.0,87.0,,95.0,97.0
US,2024,34,41,2024-10-13,96.0,95.0,97.0,47.0,94.0,,95.0,97.0
US,2024,35,42,2024-10-20,96.0,95.0,97.0,65.0,98.0,,95.0,97.0
US,2024,36,43,2024-10-27,96.0,95.0,97.0,81.0,98.0,,95.0,97.0
US,2024,37,44,2024-11-03,96.0,95.0,97.0,91.0,98.0,,95.0,97.0
US,2024,38,45,2024-11-10,96.0,95.0,97.0,95.0,98.0,,95.0,97.0
US,2025,7,14,2025-04-06,0.0,0.0,0.0,0.0,0.0,,2.0,0.0
US,2025,8,15,2025-04-13,0.0,0.0,0.0,0.0,0.0,,4.0,0.0
US,2025,9,16,2025-04-20,0.0,0.0,2.0,0.0,0.0,,12.0,0.0
US,2025,10,17,2025-04-27,0.0,0.0,5.0,0.0,0.0,,24.0,0.0
US,2025,11,18,2025-05-04,0.0,0.0,11.0,0.0,0.0,,40.0,0.0
US,2025,12,19,2025-05-11,0.0,0.0,28.0,0.0,0.0,,62.0,0.0
US,2025,13,20,2025-05-18,0.0,0.0,50.0,0.0,0.0,,78.0,0.0
US,2025,14,21,2025-05-25,0.0,0.0,67.0,0.0,0.0,,87.0,0.0
US,2025,15,22,2025-06-01,0.0,0.0,78.0,0.0,0.0,,93.0,0.0
US,2025,16,23,2025-06-08,0.0,0.0,87.0,0.0,0.0,,97.0,0.0
US,2025,17,24,2025-06-15,0.0,0.0,94.0,0.0,0.0,,97.0,0.0
US,2025,18,25,2025-06-22,0.0,0.0,97.0,0.0,0.0,,97.0,4.0
US,2025,19,26,2025-06-29,0.0,0.0,97.0,0.0,0.0,,97.0,8.0
US,2025,20,27,2025-07-06,0.0,3.0,97.0,0.0,0.0,,97.0,18.0
US,2025,21,28,2025-07-13,0.0,7.0,97.0,0.0,0.0,,97.0,34.0
US,2025,22,29,2025-07-20,0.0,14.0,97.0,0.0,0.0,,97.0,56.0
US,2025,23,30,2025-07-27,0.0,26.0,97.0,0.0,0.0,,97.0,76.0
US,2025,24,31,2025-08-03,6.0,42.0,97.0,0.0,0.0,,97.0,88.0
US,2025,25,32,2025-08-10,14.0,58.0,97.0,0.0,0.0,,97.0,94.0
US,2025,26,33,2025-08-17,27.0,72.0,97.0,0.0,3.0,,97.0,97.0
US,2025,27,34,2025-08-24,44.0,83.0,97.0,0.0,7.0,,97.0,97.0
US,2025,28,35,2025-08-31,58.0,90.0,97.0,0.0,15.0,,97.0,97.0
US,2025,29,36,2025-09-07,74.0,95.0,97.0,4.0,25.0,,97.0,97.0
US,2025,30,37,2025-09-14,85.0,95.0,97.0,7.0,41.0,,97.0,97.0
US,2025,31,38,2025-09-21,91.0,95.0,97.0,11.0,56.0,,97.0,97.0
US,2025,32,39,2025-09-28,95.0,95.0,97.0,18.0,71.0,,97.0,97.0
US,2025,39,46,2025-11-16,95.0,95.0,97.0,91.0,71.0,,97.0,97.0
US,2025,40,47,2025-11-23,95.0,95.0,97.0,96.0,71.0,,97.0,97.0
