state_alpha,season,week,cal_week,week_ending,PROGRESS
AL,2016,6,13,2016-04-03,2.625
AL,2016,7,14,2016-04-10,7.25
AL,2016,8,15,2016-04-17,12.5
AL,2016,9,16,2016-04-24,16.375
AL,2016,10,17,2016-05-01,20.875
AL,2016,11,18,2016-05-08,23.625
AL,2016,12,19,2016-05-15,24.25
AL,2016,14,21,2016-05-29,24.5
AL,2016,15,22,2016-06-05,26.625
AL,2016,16,23,2016-06-12,29.875
AL,2016,17,24,2016-06-19,32.25
AL,2016,18,25,2016-06-26,34.25
AL,2016,19,26,2016-07-03,35.75
AL,2016,20,27,2016-07-10,36.125
AL,2016,21,28,2016-07-17,38.75
AL,2016,22,29,2016-07-24,43.75
AL,2016,23,30,2016-07-31,45.125
AL,2016,24,31,2016-08-07,47.125
AL,2016,25,32,2016-08-14,48.875
AL,2016,26,33,2016-08-21,50.25
AL,2016,27,34,2016-08-28,51.25
AL,2016,28,35,2016-09-04,52.625
AL,2016,29,36,2016-09-11,55.75
AL,2016,30,37,2016-09-18,58.375
AL,2016,31,38,2016-09-25,59.375
AL,2016,32,39,2016-10-02,59.75
AL,2016,33,40,2016-10-09,60.125
AL,2017,6,13,2017-04-02,1.625
AL,2017,7,14,2017-04-09,5.875
AL,2017,8,15,2017-04-16,10.875
AL,2017,9,16,2017-04-23,16.75
AL,2017,10,17,2017-04-30,20.625
AL,2017,11,18,2017-05-07,21.75
AL,2017,12,19,2017-05-14,23.25
AL,2017,13,20,2017-05-21,24.375
AL,2017,14,21,2017-05-28,24.625
AL,2017,15,22,2017-06-04,27.0
AL,2017,16,23,2017-06-11,30.375
AL,2017,17,24,2017-06-18,32.625
AL,2017,18,25,2017-06-25,34.625
AL,2017,19,26,2017-07-02,35.625
AL,2017,20,27,2017-07-09,36.5
AL,2017,21,28,2017-07-16,38.375
AL,2017,22,29,2017-07-23,42.375
AL,2017,23,30,2017-07-30,44.75
AL,2017,24,31,2017-08-06,46.125
AL,2017,25,32,2017-08-13,47.75
AL,2017,26,33,2017-08-20,50.125
AL,2017,27,34,2017-08-27,52.0
AL,2017,28,35,2017-09-03,54.5
AL,2017,29,36,2017-09-10,56.75
AL,2017,30,37,2017-09-17,57.75
AL,2017,31,38,2017-09-24,59.375
AL,2017,32,39,2017-10-01,59.875
AL,2017,33,40,2017-10-08,60.375
AL,2018,6,13,2018-04-01,2.875
AL,2018,7,14,2018-04-08,5.5
AL,2018,8,15,2018-04-15,9.0
AL,2018,9,16,2018-04-22,11.75
AL,2018,10,17,2018-04-29,15.125
AL,2018,11,18,2018-05-06,19.375
AL,2018,12,19,2018-05-13,22.125
AL,2018,13,20,2018-05-20,23.875
AL,2018,14,21,2018-05-27,24.0
AL,2018,15,22,2018-06-03,24.75
AL,2018,16,23,2018-06-10,26.375
AL,2018,17,24,2018-06-17,28.375
AL,2018,18,25,2018-06-24,32.625
AL,2018,19,26,2018-07-01,33.875
AL,2018,20,27,2018-07-08,35.125
AL,2018,21,28,2018-07-15,35.875
AL,2018,22,29,2018-07-22,40.875
AL,2018,23,30,2018-07-29,42.5
AL,2018,24,31,2018-08-05,44.875
AL,2018,25,32,2018-08-12,46.0
AL,2018,26,33,2018-08-19,48.125
AL,2018,27,34,2018-08-26,51.25
AL,2018,28,35,2018-09-02,54.0
AL,2018,29,36,2018-09-09,55.875
AL,2018,30,37,2018-09-16,57.625
AL,2018,31,38,2018-09-23,58.625
AL,2018,32,39,2018-09-30,59.25
AL,2018,33,40,2018-10-07,59.625
AL,2018,34,41,2018-10-14,60.0
AL,2019,6,13,2019-03-31,4.0
AL,2019,7,14,2019-04-07,7.875
AL,2019,8,15,2019-04-14,11.625
AL,2019,9,16,2019-04-21,16.375
AL,2019,10,17,2019-04-28,19.625
AL,2019,11,18,2019-05-05,22.375
AL,2019,12,19,2019-05-12,23.5
AL,2019,13,20,2019-05-19,24.25
AL,2019,14,21,2019-05-26,24.5
AL,2019,15,22,2019-06-02,25.5
AL,2019,16,23,2019-06-09,28.25
AL,2019,17,24,2019-06-16,31.125
AL,2019,18,25,2019-06-23,33.5
AL,2019,19,26,2019-06-30,35.125
AL,2019,20,27,2019-07-07,36.125
AL,2019,21,28,2019-07-14,38.125
AL,2019,22,29,2019-07-21,39.875
AL,2019,23,30,2019-07-28,41.5
AL,2019,24,31,2019-08-04,43.625
AL,2019,25,32,2019-08-11,44.875
AL,2019,26,33,2019-08-18,46.5
AL,2019,27,34,2019-08-25,49.75
AL,2019,28,35,2019-09-01,52.5
AL,2019,29,36,2019-09-08,54.875
AL,2019,30,37,2019-09-15,58.0
AL,2019,31,38,2019-09-22,59.25
AL,2019,32,39,2019-09-29,60.0
AL,2019,33,40,2019-10-06,60.375
AL,2020,7,14,2020-04-05,3.75
AL,2020,8,15,2020-04-12,7.75
AL,2020,9,16,2020-04-19,12.375
AL,2020,10,17,2020-04-26,16.5
AL,2020,11,18,2020-05-03,20.125
AL,2020,12,19,2020-05-10,22.125
AL,2020,13,20,2020-05-17,23.25
AL,2020,14,21,2020-05-24,23.875
AL,2020,15,22,2020-05-31,24.5
AL,2020,16,23,2020-06-07,25.375
AL,2020,17,24,2020-06-14,27.875
AL,2020,18,25,2020-06-21,29.25
AL,2020,19,26,2020-06-28,32.875
AL,2020,20,27,2020-07-05,34.875
AL,2020,21,28,2020-07-12,36.25
AL,2020,22,29,2020-07-19,38.25
AL,2020,23,30,2020-07-26,40.625
AL,2020,24,31,2020-08-02,42.5
AL,2020,25,32,2020-08-09,43.875
AL,2020,26,33,2020-08-16,46.375
AL,2020,27,34,2020-08-23,48.875
AL,2020,28,35,2020-08-30,50.25
AL,2020,29,36,2020-09-06,52.25
AL,2020,30,37,2020-09-13,54.875
AL,2020,31,38,2020-09-20,56.875
AL,2020,32,39,2020-09-27,57.375
AL,2020,33,40,2020-10-04,58.625
AL,2020,34,41,2020-10-11,59.375
AL,2020,35,42,2020-10-18,59.75
AL,2021,6,13,2021-04-04,2.25
AL,2021,7,14,2021-04-11,4.25
AL,2021,8,15,2021-04-18,10.0
AL,2021,9,16,2021-04-25,15.875
AL,2021,10,17,2021-05-02,20.5
AL,2021,11,18,2021-05-09,23.125
AL,2021,12,19,2021-05-16,24.0
AL,2021,14,21,2021-05-30,24.125
AL,2021,15,22,2021-06-06,25.0
AL,2021,16,23,2021-06-13,26.75
AL,2021,17,24,2021-06-20,28.875
AL,2021,18,25,2021-06-27,32.75
AL,2021,19,26,2021-07-04,35.25
AL,2021,20,27,2021-07-11,36.375
AL,2021,21,28,2021-07-18,38.375
AL,2021,22,29,2021-07-25,40.625
AL,2021,23,30,2021-08-01,41.75
AL,2021,24,31,2021-08-08,43.0
AL,2021,25,32,2021-08-15,44.875
AL,2021,26,33,2021-08-22,46.875
AL,2021,27,34,2021-08-29,49.25
AL,2021,28,35,2021-09-05,50.5
AL,2021,29,36,2021-09-12,53.5
AL,2021,30,37,2021-09-19,55.875
AL,2021,31,38,2021-09-26,57.375
AL,2021,32,39,2021-10-03,58.375
AL,2021,33,40,2021-10-10,59.375
AL,2021,34,41,2021-10-17,60.125
AL,2022,6,13,2022-04-03,2.75
AL,2022,7,14,2022-04-10,6.375
AL,2022,8,15,2022-04-17,8.875
AL,2022,9,16,2022-04-24,12.75
AL,2022,10,17,2022-05-01,17.375
AL,2022,11,18,2022-05-08,20.375
AL,2022,12,19,2022-05-15,22.75
AL,2022,13,20,2022-05-22,23.875
AL,2022,14,21,2022-05-29,24.25
AL,2022,15,22,2022-06-05,25.25
AL,2022,16,23,2022-06-12,25.625
AL,2022,17,24,2022-06-19,28.125
AL,2022,18,25,2022-06-26,32.5
AL,2022,19,26,2022-07-03,34.25
AL,2022,20,27,2022-07-10,36.5
AL,2022,21,28,2022-07-17,38.125
AL,2022,22,29,2022-07-24,40.625
AL,2022,23,30,2022-07-31,43.0
AL,2022,24,31,2022-08-07,45.125
AL,2022,25,32,2022-08-14,48.125
AL,2022,26,33,2022-08-21,49.5
AL,2022,27,34,2022-08-28,51.0
AL,2022,28,35,2022-09-04,52.625
AL,2022,29,36,2022-09-11,54.125
AL,2022,30,37,2022-09-18,56.625
AL,2022,31,38,2022-09-25,58.5
AL,2022,32,39,2022-10-02,59.75
AL,2022,33,40,2022-10-09,60.25
AL,2023,6,13,2023-04-02,3.625
AL,2023,7,14,2023-04-09,5.625
AL,2023,8,15,2023-04-16,8.625
AL,2023,9,16,2023-04-23,13.375
AL,2023,10,17,2023-04-30,18.125
AL,2023,11,18,2023-05-07,21.0
AL,2023,12,19,2023-05-14,22.625
AL,2023,13,20,2023-05-21,23.375
AL,2023,14,21,2023-05-28,24.125
AL,2023,15,22,2023-06-04,25.375
AL,2023,16,23,2023-06-11,26.375
AL,2023,17,24,2023-06-18,28.75
AL,2023,18,25,2023-06-25,30.375
AL,2023,19,26,2023-07-02,32.125
AL,2023,20,27,2023-07-09,34.375
AL,2023,21,28,2023-07-16,36.75
AL,2023,22,29,2023-07-23,39.25
AL,2023,23,30,2023-07-30,41.0
AL,2023,24,31,2023-08-06,43.75
AL,2023,25,32,2023-08-13,46.5
AL,2023,26,33,2023-08-20,48.25
AL,2023,27,34,2023-08-27,49.875
AL,2023,28,35,2023-09-03,51.75
AL,2023,29,36,2023-09-10,53.875
AL,2023,30,37,2023-09-17,55.5
AL,2023,31,38,2023-09-24,57.625
AL,2023,32,39,2023-10-01,58.875
AL,2023,33,40,2023-10-08,59.625
AL,2023,34,41,2023-10-15,60.375
AL,2024,6,13,2024-03-31,1.75
AL,2024,7,14,2024-04-07,2.875
AL,2024,8,15,2024-04-14,4.5
AL,2024,9,16,2024-04-21,9.625
AL,2024,10,17,2024-04-28,14.375
AL,2024,11,18,2024-05-05,18.75
AL,2024,12,19,2024-05-12,20.75
AL,2024,13,20,2024-05-19,22.625
AL,2024,14,21,2024-05-26,24.125
AL,2024,15,22,2024-06-02,26.125
AL,2024,16,23,2024-06-09,27.125
AL,2024,17,24,2024-06-16,30.125
AL,2024,18,25,2024-06-23,32.625
AL,2024,19,26,2024-06-30,34.625
AL,2024,20,27,2024-07-07,36.0
AL,2024,21,28,2024-07-14,38.125
AL,2024,22,29,2024-07-21,41.0
AL,2024,23,30,2024-07-28,42.75
AL,2024,24,31,2024-08-04,45.75
AL,2024,25,32,2024-08-11,47.875
AL,2024,26,33,2024-08-18,49.75
AL,2024,27,34,2024-08-25,51.75
AL,2024,28,35,2024-09-01,54.375
AL,2024,29,36,2024-09-08,56.875
AL,2024,30,37,2024-09-15,59.0
AL,2024,31,38,2024-09-22,60.0
AL,2024,32,39,2024-09-29,60.875
AL,2024,33,40,2024-10-06,61.25
AL,2025,7,14,2025-04-06,3.375
AL,2025,8,15,2025-04-13,4.875
AL,2025,9,16,2025-04-20,9.5
AL,2025,10,17,2025-04-27,13.5
AL,2025,11,18,2025-05-04,18.0
AL,2025,12,19,2025-05-11,20.625
AL,2025,13,20,2025-05-18,22.5
AL,2025,14,21,2025-05-25,23.625
AL,2025,15,22,2025-06-01,25.375
AL,2025,16,23,2025-06-08,26.875
AL,2025,17,24,2025-06-15,29.625
AL,2025,18,25,2025-06-22,31.125
AL,2025,19,26,2025-06-29,32.75
AL,2025,20,27,2025-07-06,34.75
AL,2025,21,28,2025-07-13,36.0
AL,2025,22,29,2025-07-20,39.25
AL,2025,23,30,2025-07-27,41.5
AL,2025,24,31,2025-08-03,43.125
AL,2025,25,32,2025-08-10,45.5
AL,2025,26,33,2025-08-17,47.25
AL,2025,27,34,2025-08-24,49.0
AL,2025,28,35,2025-08-31,51.0
AL,2025,29,36,2025-09-07,53.75
AL,2025,30,37,2025-09-14,55.75
AL,2025,31,38,2025-09-21,57.75
AL,2025,32,39,2025-09-28,58.875
AR,2016,5,12,2016-03-27,1.125
AR,2016,6,13,2016-04-03,4.625
AR,2016,7,14,2016-04-10,10.0
AR,2016,8,15,2016-04-17,16.0
AR,2016,9,16,2016-04-24,20.375
AR,2016,10,17,2016-05-01,23.125
AR,2016,11,18,2016-05-08,24.25
AR,2016,12,19,2016-05-15,24.75
AR,2016,13,20,2016-05-22,25.125
AR,2016,14,21,2016-05-29,25.375
AR,2016,15,22,2016-06-05,25.625
AR,2016,16,23,2016-06-12,29.125
AR,2016,17,24,2016-06-19,33.75
AR,2016,18,25,2016-06-26,37.25
AR,2016,19,26,2016-07-03,41.0
AR,2016,20,27,2016-07-10,44.375
AR,2016,21,28,2016-07-17,50.5
AR,2016,22,29,2016-07-24,55.5
AR,2016,23,30,2016-07-31,61.25
AR,2016,24,31,2016-08-07,64.625
AR,2016,25,32,2016-08-14,71.375
AR,2016,26,33,2016-08-21,74.25
AR,2016,27,34,2016-08-28,76.875
AR,2016,28,35,2016-09-04,82.25
AR,2016,29,36,2016-09-11,85.375
AR,2016,30,37,2016-09-18,86.75
AR,2016,31,38,2016-09-25,87.125
AR,2016,32,39,2016-10-02,87.375
AR,2016,33,40,2016-10-09,87.5
AR,2017,3,10,2017-03-12,0.0
AR,2017,4,11,2017-03-19,0.125
AR,2017,5,12,2017-03-26,2.375
AR,2017,6,13,2017-04-02,4.375
AR,2017,7,14,2017-04-09,10.125
AR,2017,8,15,2017-04-16,17.0
AR,2017,9,16,2017-04-23,21.375
AR,2017,10,17,2017-04-30,23.25
AR,2017,11,18,2017-05-07,24.375
AR,2017,12,19,2017-05-14,24.875
AR,2017,13,20,2017-05-21,25.0
AR,2017,14,21,2017-05-28,25.125
AR,2017,15,22,2017-06-04,26.875
AR,2017,16,23,2017-06-11,30.375
AR,2017,17,24,2017-06-18,33.625
AR,2017,18,25,2017-06-25,37.375
AR,2017,19,26,2017-07-02,41.625
AR,2017,20,27,2017-07-09,46.5
AR,2017,21,28,2017-07-16,50.375
AR,2017,22,29,2017-07-23,54.375
AR,2017,23,30,2017-07-30,60.0
AR,2017,24,31,2017-08-06,65.25
AR,2017,25,32,2017-08-13,69.125
AR,2017,26,33,2017-08-20,72.25
AR,2017,27,34,2017-08-27,76.125
AR,2017,28,35,2017-09-03,80.0
AR,2017,29,36,2017-09-10,83.0
AR,2017,30,37,2017-09-17,84.75
AR,2017,31,38,2017-09-24,86.5
AR,2017,32,39,2017-10-01,87.0
AR,2017,33,40,2017-10-08,87.375
AR,2017,34,41,2017-10-15,87.5
AR,2018,3,10,2018-03-11,0.0
AR,2018,4,11,2018-03-18,0.25
AR,2018,5,12,2018-03-25,2.25
AR,2018,6,13,2018-04-01,3.5
AR,2018,7,14,2018-04-08,5.0
AR,2018,8,15,2018-04-15,9.0
AR,2018,9,16,2018-04-22,14.25
AR,2018,10,17,2018-04-29,16.75
AR,2018,11,18,2018-05-06,20.375
AR,2018,12,19,2018-05-13,23.625
AR,2018,13,20,2018-05-20,24.5
AR,2018,14,21,2018-05-27,25.0
AR,2018,15,22,2018-06-03,25.375
AR,2018,16,23,2018-06-10,26.5
AR,2018,17,24,2018-06-17,31.25
AR,2018,18,25,2018-06-24,35.5
AR,2018,19,26,2018-07-01,38.625
AR,2018,20,27,2018-07-08,43.125
AR,2018,21,28,2018-07-15,48.0
AR,2018,22,29,2018-07-22,55.75
AR,2018,23,30,2018-07-29,61.0
AR,2018,24,31,2018-08-05,64.75
AR,2018,25,32,2018-08-12,68.625
AR,2018,26,33,2018-08-19,72.5
AR,2018,27,34,2018-08-26,75.5
AR,2018,28,35,2018-09-02,78.5
AR,2018,29,36,2018-09-09,81.25
AR,2018,30,37,2018-09-16,83.25
AR,2018,31,38,2018-09-23,85.125
AR,2018,32,39,2018-09-30,85.75
AR,2018,33,40,2018-10-07,86.625
AR,2018,34,41,2018-10-14,87.0
AR,2018,35,42,2018-10-21,87.125
AR,2018,36,43,2018-10-28,87.375
AR,2018,37,44,2018-11-04,87.5
AR,2019,3,10,2019-03-10,0.0
AR,2019,4,11,2019-03-17,0.0
AR,2019,5,12,2019-03-24,0.375
AR,2019,6,13,2019-03-31,1.625
AR,2019,7,14,2019-04-07,3.5
AR,2019,8,15,2019-04-14,6.375
AR,2019,9,16,2019-04-21,9.625
AR,2019,10,17,2019-04-28,12.875
AR,2019,11,18,2019-05-05,15.875
AR,2019,12,19,2019-05-12,18.75
AR,2019,13,20,2019-05-19,21.0
AR,2019,14,21,2019-05-26,23.0
AR,2019,15,22,2019-06-02,24.0
AR,2019,16,23,2019-06-09,25.375
AR,2019,17,24,2019-06-16,28.5
AR,2019,18,25,2019-06-23,32.5
AR,2019,19,26,2019-06-30,36.375
AR,2019,20,27,2019-07-07,40.125
AR,2019,21,28,2019-07-14,46.5
AR,2019,22,29,2019-07-21,49.75
AR,2019,23,30,2019-07-28,54.625
AR,2019,24,31,2019-08-04,58.875
AR,2019,25,32,2019-08-11,61.75
AR,2019,26,33,2019-08-18,66.375
AR,2019,27,34,2019-08-25,70.5
AR,2019,28,35,2019-09-01,74.625
AR,2019,29,36,2019-09-08,78.25
AR,2019,30,37,2019-09-15,82.375
AR,2019,31,38,2019-09-22,85.0
AR,2019,32,39,2019-09-29,86.0
AR,2019,33,40,2019-10-06,86.75
AR,2019,34,41,2019-10-13,87.125
AR,2019,35,42,2019-10-20,87.375
AR,2019,36,43,2019-10-27,87.5
AR,2020,4,11,2020-03-15,0.0
AR,2020,5,12,2020-03-22,0.125
AR,2020,6,13,2020-03-29,0.25
AR,2020,7,14,2020-04-05,0.5
AR,2020,8,15,2020-04-12,2.125
AR,2020,9,16,2020-04-19,6.125
AR,2020,10,17,2020-04-26,9.375
AR,2020,11,18,2020-05-03,14.125
AR,2020,12,19,2020-05-10,19.125
AR,2020,13,20,2020-05-17,22.25
AR,2020,14,21,2020-05-24,23.75
AR,2020,15,22,2020-05-31,24.625
AR,2020,16,23,2020-06-07,25.375
AR,2020,17,24,2020-06-14,26.25
AR,2020,18,25,2020-06-21,28.25
AR,2020,19,26,2020-06-28,32.5
AR,2020,20,27,2020-07-05,37.125
AR,2020,21,28,2020-07-12,42.125
AR,2020,22,29,2020-07-19,45.875
AR,2020,23,30,2020-07-26,52.625
AR,2020,24,31,2020-08-02,57.5
AR,2020,25,32,2020-08-09,61.625
AR,2020,26,33,2020-08-16,65.25
AR,2020,27,34,2020-08-23,69.0
AR,2020,28,35,2020-08-30,72.875
AR,2020,29,36,2020-09-06,76.125
AR,2020,30,37,2020-09-13,79.875
AR,2020,31,38,2020-09-20,82.5
AR,2020,32,39,2020-09-27,84.375
AR,2020,33,40,2020-10-04,85.75
AR,2020,34,41,2020-10-11,86.75
AR,2020,35,42,2020-10-18,87.25
AR,2020,36,43,2020-10-25,87.5
AR,2021,3,10,2021-03-14,0.125
AR,2021,4,11,2021-03-21,0.25
AR,2021,5,12,2021-03-28,0.625
AR,2021,6,13,2021-04-04,1.375
AR,2021,7,14,2021-04-11,3.875
AR,2021,8,15,2021-04-18,8.0
AR,2021,9,16,2021-04-25,14.0
AR,2021,10,17,2021-05-02,18.5
AR,2021,11,18,2021-05-09,21.375
AR,2021,12,19,2021-05-16,22.875
AR,2021,13,20,2021-05-23,23.75
AR,2021,14,21,2021-05-30,24.5
AR,2021,15,22,2021-06-06,25.25
AR,2021,16,23,2021-06-13,26.625
AR,2021,17,24,2021-06-20,28.625
AR,2021,18,25,2021-06-27,30.0
AR,2021,19,26,2021-07-04,36.375
AR,2021,20,27,2021-07-11,41.75
AR,2021,21,28,2021-07-18,46.625
AR,2021,22,29,2021-07-25,52.25
AR,2021,23,30,2021-08-01,58.5
AR,2021,24,31,2021-08-08,62.25
AR,2021,25,32,2021-08-15,66.0
AR,2021,26,33,2021-08-22,69.875
AR,2021,27,34,2021-08-29,74.0
AR,2021,28,35,2021-09-05,78.75
AR,2021,29,36,2021-09-12,82.25
AR,2021,30,37,2021-09-19,84.75
AR,2021,31,38,2021-09-26,86.125
AR,2021,32,39,2021-10-03,86.75
AR,2021,33,40,2021-10-10,87.125
AR,2021,34,41,2021-10-17,87.375
AR,2021,35,42,2021-10-24,87.5
AR,2022,3,10,2022-03-13,0.0
AR,2022,4,11,2022-03-20,0.125
AR,2022,5,12,2022-03-27,0.25
AR,2022,6,13,2022-04-03,1.0
AR,2022,7,14,2022-04-10,2.5
AR,2022,8,15,2022-04-17,4.875
AR,2022,9,16,2022-04-24,7.25
AR,2022,10,17,2022-05-01,11.75
AR,2022,11,18,2022-05-08,17.625
AR,2022,12,19,2022-05-15,21.25
AR,2022,13,20,2022-05-22,23.5
AR,2022,14,21,2022-05-29,24.625
AR,2022,15,22,2022-06-05,25.125
AR,2022,16,23,2022-06-12,26.5
AR,2022,17,24,2022-06-19,29.375
AR,2022,18,25,2022-06-26,33.5
AR,2022,19,26,2022-07-03,38.125
AR,2022,20,27,2022-07-10,42.25
AR,2022,21,28,2022-07-17,48.25
AR,2022,22,29,2022-07-24,52.375
AR,2022,23,30,2022-07-31,56.125
AR,2022,24,31,2022-08-07,61.25
AR,2022,25,32,2022-08-14,65.125
AR,2022,26,33,2022-08-21,69.375
AR,2022,27,34,2022-08-28,73.25
AR,2022,28,35,2022-09-04,77.125
AR,2022,29,36,2022-09-11,81.25
AR,2022,30,37,2022-09-18,83.875
AR,2022,31,38,2022-09-25,86.0
AR,2022,32,39,2022-10-02,86.625
AR,2022,33,40,2022-10-09,87.125
AR,2022,34,41,2022-10-16,87.375
AR,2022,35,42,2022-10-23,87.5
AR,2023,3,10,2023-03-12,0.0
AR,2023,4,11,2023-03-19,0.125
AR,2023,5,12,2023-03-26,0.25
AR,2023,6,13,2023-04-02,1.5
AR,2023,7,14,2023-04-09,3.375
AR,2023,8,15,2023-04-16,8.0
AR,2023,9,16,2023-04-23,13.375
AR,2023,10,17,2023-04-30,17.0
AR,2023,11,18,2023-05-07,20.625
AR,2023,12,19,2023-05-14,22.875
AR,2023,13,20,2023-05-21,23.875
AR,2023,14,21,2023-05-28,24.625
AR,2023,15,22,2023-06-04,25.125
AR,2023,16,23,2023-06-11,26.625
AR,2023,17,24,2023-06-18,30.0
AR,2023,18,25,2023-06-25,34.875
AR,2023,19,26,2023-07-02,40.125
AR,2023,20,27,2023-07-09,42.125
AR,2023,21,28,2023-07-16,48.125
AR,2023,22,29,2023-07-23,52.25
AR,2023,23,30,2023-07-30,57.5
AR,2023,24,31,2023-08-06,62.5
AR,2023,25,32,2023-08-13,65.5
AR,2023,26,33,2023-08-20,70.375
AR,2023,27,34,2023-08-27,74.25
AR,2023,28,35,2023-09-03,78.375
AR,2023,29,36,2023-09-10,82.75
AR,2023,30,37,2023-09-17,84.375
AR,2023,31,38,2023-09-24,85.75
AR,2023,32,39,2023-10-01,86.5
AR,2023,33,40,2023-10-08,87.0
AR,2023,34,41,2023-10-15,87.25
AR,2023,35,42,2023-10-22,87.5
AR,2024,3,10,2024-03-10,0.0
AR,2024,4,11,2024-03-17,0.125
AR,2024,5,12,2024-03-24,0.5
AR,2024,6,13,2024-03-31,1.5
AR,2024,7,14,2024-04-07,3.875
AR,2024,8,15,2024-04-14,8.875
AR,2024,9,16,2024-04-21,13.75
AR,2024,10,17,2024-04-28,17.5
AR,2024,11,18,2024-05-05,20.875
AR,2024,12,19,2024-05-12,22.625
AR,2024,13,20,2024-05-19,23.5
AR,2024,14,21,2024-05-26,24.5
AR,2024,15,22,2024-06-02,25.0
AR,2024,16,23,2024-06-09,27.75
AR,2024,17,24,2024-06-16,32.25
AR,2024,18,25,2024-06-23,35.0
AR,2024,19,26,2024-06-30,39.625
AR,2024,20,27,2024-07-07,44.0
AR,2024,21,28,2024-07-14,50.5
AR,2024,22,29,2024-07-21,54.625
AR,2024,23,30,2024-07-28,59.0
AR,2024,24,31,2024-08-04,63.625
AR,2024,25,32,2024-08-11,67.75
AR,2024,26,33,2024-08-18,72.75
AR,2024,27,34,2024-08-25,76.25
AR,2024,28,35,2024-09-01,81.0
AR,2024,29,36,2024-09-08,83.5
AR,2024,30,37,2024-09-15,85.25
AR,2024,31,38,2024-09-22,86.25
AR,2024,32,39,2024-09-29,86.875
AR,2024,33,40,2024-10-06,87.25
AR,2024,34,41,2024-10-13,87.5
AR,2025,3,10,2025-03-09,0.0
AR,2025,4,11,2025-03-16,0.25
AR,2025,5,12,2025-03-23,1.375
AR,2025,6,13,2025-03-30,3.125
AR,2025,7,14,2025-04-06,5.375
AR,2025,8,15,2025-04-13,8.25
AR,2025,9,16,2025-04-20,12.75
AR,2025,10,17,2025-04-27,17.25
AR,2025,11,18,2025-05-04,19.625
AR,2025,12,19,2025-05-11,21.875
AR,2025,13,20,2025-05-18,23.375
AR,2025,14,21,2025-05-25,24.25
AR,2025,15,22,2025-06-01,25.625
AR,2025,16,23,2025-06-08,28.375
AR,2025,17,24,2025-06-15,31.5
AR,2025,18,25,2025-06-22,35.5
AR,2025,19,26,2025-06-29,40.875
AR,2025,20,27,2025-07-06,43.5
AR,2025,21,28,2025-07-13,46.75
AR,2025,22,29,2025-07-20,53.5
AR,2025,23,30,2025-07-27,58.75
AR,2025,24,31,2025-08-03,62.625
AR,2025,25,32,2025-08-10,67.75
AR,2025,26,33,2025-08-17,71.75
AR,2025,27,34,2025-08-24,76.75
AR,2025,28,35,2025-08-31,81.25
AR,2025,29,36,2025-09-07,83.5
AR,2025,30,37,2025-09-14,85.5
AR,2025,31,38,2025-09-21,86.5
AR,2025,32,39,2025-09-28,87.0
AR,2025,39,46,2025-11-16,87.5
CO,2016,7,14,2016-04-10,0.0
CO,2016,8,15,2016-04-17,0.0
CO,2016,9,16,2016-04-24,0.875
CO,2016,10,17,2016-05-01,2.375
CO,2016,11,18,2016-05-08,4.625
CO,2016,12,19,2016-05-15,9.0
CO,2016,13,20,2016-05-22,15.125
CO,2016,14,21,2016-05-29,19.875
CO,2016,15,22,2016-06-05,22.875
CO,2016,16,23,2016-06-12,24.25
CO,2016,17,24,2016-06-19,24.25
CO,2016,18,25,2016-06-26,24.375
CO,2016,19,26,2016-07-03,24.875
CO,2016,20,27,2016-07-10,25.125
CO,2016,21,28,2016-07-17,26.25
CO,2016,22,29,2016-07-24,27.75
CO,2016,23,30,2016-07-31,33.625
CO,2016,24,31,2016-08-07,37.125
CO,2016,25,32,2016-08-14,40.25
CO,2016,26,33,2016-08-21,45.875
CO,2016,27,34,2016-08-28,52.5
CO,2016,28,35,2016-09-04,57.625
CO,2016,29,36,2016-09-11,59.625
CO,2016,30,37,2016-09-18,62.125
CO,2016,31,38,2016-09-25,66.0
CO,2016,32,39,2016-10-02,68.625
CO,2016,33,40,2016-10-09,73.0
CO,2016,34,41,2016-10-16,75.125
CO,2016,35,42,2016-10-23,78.75
CO,2016,36,43,2016-10-30,80.625
CO,2016,37,44,2016-11-06,83.0
CO,2016,38,45,2016-11-13,83.875
CO,2016,39,46,2016-11-20,84.25
CO,2017,7,14,2017-04-09,0.0
CO,2017,8,15,2017-04-16,0.125
CO,2017,9,16,2017-04-23,1.0
CO,2017,10,17,2017-04-30,2.0
CO,2017,11,18,2017-05-07,4.0
CO,2017,12,19,2017-05-14,8.625
CO,2017,13,20,2017-05-21,13.0
CO,2017,14,21,2017-05-28,18.875
CO,2017,15,22,2017-06-04,21.625
CO,2017,16,23,2017-06-11,23.125
CO,2017,17,24,2017-06-18,24.0
CO,2017,18,25,2017-06-25,24.0
CO,2017,19,26,2017-07-02,24.0
CO,2017,20,27,2017-07-09,24.125
CO,2017,21,28,2017-07-16,25.125
CO,2017,22,29,2017-07-23,26.625
CO,2017,23,30,2017-07-30,32.875
CO,2017,24,31,2017-08-06,35.75
CO,2017,25,32,2017-08-13,39.25
CO,2017,26,33,2017-08-20,43.375
CO,2017,27,34,2017-08-27,46.25
CO,2017,28,35,2017-09-03,51.625
CO,2017,29,36,2017-09-10,55.125
CO,2017,30,37,2017-09-17,59.375
CO,2017,31,38,2017-09-24,63.0
CO,2017,32,39,2017-10-01,65.5
CO,2017,33,40,2017-10-08,68.375
CO,2017,34,41,2017-10-15,70.625
CO,2017,35,42,2017-10-22,73.0
CO,2017,36,43,2017-10-29,76.0
CO,2017,37,44,2017-11-05,78.375
CO,2017,38,45,2017-11-12,81.125
CO,2017,39,46,2017-11-19,82.875
CO,2017,40,47,2017-11-26,83.875
CO,2018,7,14,2018-04-08,0.0
CO,2018,8,15,2018-04-15,0.0
CO,2018,9,16,2018-04-22,0.25
CO,2018,10,17,2018-04-29,0.875
CO,2018,11,18,2018-05-06,2.125
CO,2018,12,19,2018-05-13,6.0
CO,2018,13,20,2018-05-20,12.25
CO,2018,14,21,2018-05-27,17.875
CO,2018,15,22,2018-06-03,21.125
CO,2018,16,23,2018-06-10,23.75
CO,2018,17,24,2018-06-17,24.25
CO,2018,18,25,2018-06-24,24.25
CO,2018,19,26,2018-07-01,24.25
CO,2018,20,27,2018-07-08,24.75
CO,2018,21,28,2018-07-15,26.375
CO,2018,22,29,2018-07-22,31.25
CO,2018,23,30,2018-07-29,34.5
CO,2018,24,31,2018-08-05,37.5
CO,2018,25,32,2018-08-12,41.625
CO,2018,26,33,2018-08-19,46.0
CO,2018,27,34,2018-08-26,51.25
CO,2018,28,35,2018-09-02,58.125
CO,2018,29,36,2018-09-09,58.125
CO,2018,30,37,2018-09-16,61.625
CO,2018,31,38,2018-09-23,64.625
CO,2018,32,39,2018-09-30,68.75
CO,2018,33,40,2018-10-07,71.625
CO,2018,34,41,2018-10-14,74.25
CO,2018,35,42,2018-10-21,76.5
CO,2018,36,43,2018-10-28,78.375
CO,2018,37,44,2018-11-04,80.25
CO,2018,38,45,2018-11-11,81.75
CO,2018,39,46,2018-11-18,83.0
CO,2018,40,47,2018-11-25,84.25
CO,2019,7,14,2019-04-07,0.0
CO,2019,8,15,2019-04-14,0.0
CO,2019,9,16,2019-04-21,0.25
CO,2019,10,17,2019-04-28,1.0
CO,2019,11,18,2019-05-05,2.875
CO,2019,12,19,2019-05-12,5.75
CO,2019,13,20,2019-05-19,9.375
CO,2019,14,21,2019-05-26,12.0
CO,2019,15,22,2019-06-02,15.875
CO,2019,16,23,2019-06-09,19.625
CO,2019,17,24,2019-06-16,22.375
CO,2019,18,25,2019-06-23,23.5
CO,2019,19,26,2019-06-30,24.25
CO,2019,20,27,2019-07-07,24.5
CO,2019,21,28,2019-07-14,24.875
CO,2019,22,29,2019-07-21,27.0
CO,2019,23,30,2019-07-28,31.125
CO,2019,24,31,2019-08-04,34.75
CO,2019,25,32,2019-08-11,37.875
CO,2019,26,33,2019-08-18,41.875
CO,2019,27,34,2019-08-25,45.625
CO,2019,28,35,2019-09-01,49.5
CO,2019,29,36,2019-09-08,55.25
CO,2019,30,37,2019-09-15,56.375
CO,2019,31,38,2019-09-22,61.625
CO,2019,32,39,2019-09-29,66.875
CO,2019,33,40,2019-10-06,71.25
CO,2019,34,41,2019-10-13,74.875
CO,2019,35,42,2019-10-20,78.125
CO,2019,36,43,2019-10-27,80.25
CO,2019,37,44,2019-11-03,81.875
CO,2019,38,45,2019-11-10,84.0
CO,2019,39,46,2019-11-17,85.125
CO,2019,40,47,2019-11-24,85.625
CO,2019,41,48,2019-12-01,85.875
CO,2020,8,15,2020-04-12,0.0
CO,2020,9,16,2020-04-19,0.5
CO,2020,10,17,2020-04-26,2.125
CO,2020,11,18,2020-05-03,4.125
CO,2020,12,19,2020-05-10,7.5
CO,2020,13,20,2020-05-17,13.625
CO,2020,14,21,2020-05-24,19.0
CO,2020,15,22,2020-05-31,22.625
CO,2020,16,23,2020-06-07,24.125
CO,2020,17,24,2020-06-14,24.375
CO,2020,18,25,2020-06-21,24.5
CO,2020,19,26,2020-06-28,24.5
CO,2020,20,27,2020-07-05,24.625
CO,2020,21,28,2020-07-12,25.375
CO,2020,22,29,2020-07-19,29.25
CO,2020,23,30,2020-07-26,34.0
CO,2020,24,31,2020-08-02,37.0
CO,2020,25,32,2020-08-09,41.625
CO,2020,26,33,2020-08-16,45.0
CO,2020,27,34,2020-08-23,48.75
CO,2020,28,35,2020-08-30,54.25
CO,2020,29,36,2020-09-06,60.625
CO,2020,30,37,2020-09-13,62.625
CO,2020,31,38,2020-09-20,65.75
CO,2020,32,39,2020-09-27,68.875
CO,2020,33,40,2020-10-04,72.75
CO,2020,34,41,2020-10-11,76.875
CO,2020,35,42,2020-10-18,79.0
CO,2020,36,43,2020-10-25,81.125
CO,2020,37,44,2020-11-01,82.875
CO,2020,38,45,2020-11-08,84.0
CO,2020,39,46,2020-11-15,84.375
CO,2021,6,13,2021-04-04,0.0
CO,2021,7,14,2021-04-11,0.125
CO,2021,8,15,2021-04-18,0.75
CO,2021,9,16,2021-04-25,1.375
CO,2021,10,17,2021-05-02,3.25
CO,2021,11,18,2021-05-09,5.75
CO,2021,12,19,2021-05-16,7.875
CO,2021,13,20,2021-05-23,12.0
CO,2021,14,21,2021-05-30,17.25
CO,2021,15,22,2021-06-06,19.75
CO,2021,16,23,2021-06-13,23.25
CO,2021,17,24,2021-06-20,24.75
CO,2021,18,25,2021-06-27,24.75
CO,2021,19,26,2021-07-04,25.0
CO,2021,20,27,2021-07-11,26.375
CO,2021,21,28,2021-07-18,27.375
CO,2021,22,29,2021-07-25,31.875
CO,2021,23,30,2021-08-01,37.875
CO,2021,24,31,2021-08-08,41.875
CO,2021,25,32,2021-08-15,44.375
CO,2021,26,33,2021-08-22,47.5
CO,2021,27,34,2021-08-29,52.0
CO,2021,28,35,2021-09-05,57.125
CO,2021,29,36,2021-09-12,60.625
CO,2021,30,37,2021-09-19,64.875
CO,2021,31,38,2021-09-26,69.125
CO,2021,32,39,2021-10-03,72.0
CO,2021,33,40,2021-10-10,75.75
CO,2021,34,41,2021-10-17,77.875
CO,2021,35,42,2021-10-24,80.5
CO,2021,36,43,2021-10-31,81.75
CO,2021,37,44,2021-11-07,83.875
CO,2021,38,45,2021-11-14,85.0
CO,2021,39,46,2021-11-21,85.375
CO,2022,6,13,2022-04-03,0.0
CO,2022,7,14,2022-04-10,0.0
CO,2022,8,15,2022-04-17,0.0
CO,2022,9,16,2022-04-24,0.5
CO,2022,10,17,2022-05-01,1.625
CO,2022,11,18,2022-05-08,2.875
CO,2022,12,19,2022-05-15,5.875
CO,2022,13,20,2022-05-22,12.0
CO,2022,14,21,2022-05-29,16.125
CO,2022,15,22,2022-06-05,20.625
CO,2022,16,23,2022-06-12,22.875
CO,2022,17,24,2022-06-19,24.625
CO,2022,18,25,2022-06-26,24.625
CO,2022,19,26,2022-07-03,25.0
CO,2022,20,27,2022-07-10,26.25
CO,2022,21,28,2022-07-17,27.75
CO,2022,22,29,2022-07-24,30.625
CO,2022,23,30,2022-07-31,32.625
CO,2022,24,31,2022-08-07,38.375
CO,2022,25,32,2022-08-14,41.5
CO,2022,26,33,2022-08-21,45.75
CO,2022,27,34,2022-08-28,49.25
CO,2022,28,35,2022-09-04,54.125
CO,2022,29,36,2022-09-11,53.625
CO,2022,30,37,2022-09-18,59.625
CO,2022,31,38,2022-09-25,64.75
CO,2022,32,39,2022-10-02,69.5
CO,2022,33,40,2022-10-09,73.25
CO,2022,34,41,2022-10-16,76.125
CO,2022,35,42,2022-10-23,77.0
CO,2022,36,43,2022-10-30,78.625
CO,2022,37,44,2022-11-06,81.125
CO,2022,38,45,2022-11-13,83.5
CO,2022,39,46,2022-11-20,84.875
CO,2023,6,13,2023-04-02,0.0
CO,2023,7,14,2023-04-09,0.0
CO,2023,8,15,2023-04-16,0.125
CO,2023,9,16,2023-04-23,0.25
CO,2023,10,17,2023-04-30,0.75
CO,2023,11,18,2023-05-07,2.75
CO,2023,12,19,2023-05-14,5.125
CO,2023,13,20,2023-05-21,10.0
CO,2023,14,21,2023-05-28,13.5
CO,2023,15,22,2023-06-04,18.625
CO,2023,16,23,2023-06-11,20.875
CO,2023,17,24,2023-06-18,22.625
CO,2023,18,25,2023-06-25,24.0
CO,2023,19,26,2023-07-02,24.0
CO,2023,20,27,2023-07-09,24.0
CO,2023,21,28,2023-07-16,24.625
CO,2023,22,29,2023-07-23,27.75
CO,2023,23,30,2023-07-30,30.875
CO,2023,24,31,2023-08-06,35.375
CO,2023,25,32,2023-08-13,37.5
CO,2023,26,33,2023-08-20,43.25
CO,2023,27,34,2023-08-27,51.625
CO,2023,28,35,2023-09-03,54.875
CO,2023,29,36,2023-09-10,56.25
CO,2023,30,37,2023-09-17,58.625
CO,2023,31,38,2023-09-24,61.875
CO,2023,32,39,2023-10-01,66.875
CO,2023,33,40,2023-10-08,71.0
CO,2023,34,41,2023-10-15,74.375
CO,2023,35,42,2023-10-22,77.375
CO,2023,36,43,2023-10-29,80.25
CO,2023,37,44,2023-11-05,81.625
CO,2023,38,45,2023-11-12,82.5
CO,2023,39,46,2023-11-19,83.125
CO,2023,40,47,2023-11-26,83.625
CO,2024,6,13,2024-03-31,0.0
CO,2024,7,14,2024-04-07,0.0
CO,2024,8,15,2024-04-14,0.0
CO,2024,9,16,2024-04-21,0.125
CO,2024,10,17,2024-04-28,1.0
CO,2024,11,18,2024-05-05,1.5
CO,2024,12,19,2024-05-12,4.75
CO,2024,13,20,2024-05-19,10.0
CO,2024,14,21,2024-05-26,13.875
CO,2024,15,22,2024-06-02,16.625
CO,2024,16,23,2024-06-09,20.0
CO,2024,17,24,2024-06-16,22.375
CO,2024,18,25,2024-06-23,23.875
CO,2024,19,26,2024-06-30,23.875
CO,2024,20,27,2024-07-07,24.25
CO,2024,21,28,2024-07-14,25.625
CO,2024,22,29,2024-07-21,27.625
CO,2024,23,30,2024-07-28,30.75
CO,2024,24,31,2024-08-04,34.125
CO,2024,25,32,2024-08-11,37.625
CO,2024,26,33,2024-08-18,43.25
CO,2024,27,34,2024-08-25,47.75
CO,2024,28,35,2024-09-01,53.0
CO,2024,29,36,2024-09-08,52.75
CO,2024,30,37,2024-09-15,57.875
CO,2024,31,38,2024-09-22,61.75
CO,2024,32,39,2024-09-29,66.5
CO,2024,33,40,2024-10-06,71.25
CO,2024,34,41,2024-10-13,74.75
CO,2024,35,42,2024-10-20,78.0
CO,2024,36,43,2024-10-27,79.5
CO,2024,37,44,2024-11-03,81.5
CO,2024,38,45,2024-11-10,82.5
CO,2024,39,46,2024-11-17,83.5
CO,2024,40,47,2024-11-24,84.125
CO,2025,7,14,2025-04-06,0.0
CO,2025,8,15,2025-04-13,0.125
CO,2025,9,16,2025-04-20,1.125
CO,2025,10,17,2025-04-27,2.25
CO,2025,11,18,2025-05-04,4.625
CO,2025,12,19,2025-05-11,6.875
CO,2025,13,20,2025-05-18,11.25
CO,2025,14,21,2025-05-25,15.75
CO,2025,15,22,2025-06-01,18.75
CO,2025,16,23,2025-06-08,20.875
CO,2025,17,24,2025-06-15,23.0
CO,2025,18,25,2025-06-22,23.875
CO,2025,19,26,2025-06-29,24.125
CO,2025,20,27,2025-07-06,24.25
CO,2025,21,28,2025-07-13,24.75
CO,2025,22,29,2025-07-20,26.625
CO,2025,23,30,2025-07-27,28.875
CO,2025,24,31,2025-08-03,31.25
CO,2025,25,32,2025-08-10,36.875
CO,2025,26,33,2025-08-17,42.25
CO,2025,27,34,2025-08-24,44.625
CO,2025,28,35,2025-08-31,49.0
CO,2025,29,36,2025-09-07,53.625
CO,2025,30,37,2025-09-14,56.875
CO,2025,31,38,2025-09-21,61.375
CO,2025,32,39,2025-09-28,65.75
CO,2025,39,46,2025-11-16,76.875
CO,2025,40,47,2025-11-23,77.375
CT,2016,9,16,2016-04-24,0.0
CT,2016,10,17,2016-05-01,0.625
CT,2016,11,18,2016-05-08,1.875
CT,2016,12,19,2016-05-15,2.875
CT,2016,13,20,2016-05-22,7.125
CT,2016,14,21,2016-05-29,9.375
CT,2016,15,22,2016-06-05,15.625
CT,2016,16,23,2016-06-12,20.5
CT,2016,17,24,2016-06-19,22.625
CT,2016,18,25,2016-06-26,23.5
CT,2016,28,35,2016-09-04,23.625
CT,2016,29,36,2016-09-11,24.75
CT,2016,30,37,2016-09-18,26.125
CT,2016,31,38,2016-09-25,28.5
CT,2016,32,39,2016-10-02,31.625
CT,2016,33,40,2016-10-09,32.75
CT,2016,34,41,2016-10-16,36.0
CT,2016,35,42,2016-10-23,36.0
CT,2017,9,16,2017-04-23,0.0
CT,2017,10,17,2017-04-30,0.0
CT,2017,11,18,2017-05-07,1.25
CT,2017,12,19,2017-05-14,3.75
CT,2017,13,20,2017-05-21,6.875
CT,2017,14,21,2017-05-28,9.375
CT,2017,15,22,2017-06-04,12.875
CT,2017,16,23,2017-06-11,18.75
CT,2017,17,24,2017-06-18,20.0
CT,2017,18,25,2017-06-25,25.0
CT,2017,19,26,2017-07-02,25.0
CT,2017,20,27,2017-07-09,25.0
CT,2017,28,35,2017-09-03,25.0
CT,2017,29,36,2017-09-10,25.375
CT,2017,30,37,2017-09-17,25.625
CT,2017,31,38,2017-09-24,26.25
CT,2017,32,39,2017-10-01,26.875
CT,2017,33,40,2017-10-08,27.5
CT,2017,34,41,2017-10-15,29.375
CT,2017,35,42,2017-10-22,31.25
CT,2017,36,43,2017-10-29,34.375
CT,2017,37,44,2017-11-05,35.0
CT,2017,38,45,2017-11-12,35.625
CT,2018,10,17,2018-04-29,0.0
CT,2018,11,18,2018-05-06,0.25
CT,2018,12,19,2018-05-13,0.875
CT,2018,13,20,2018-05-20,1.25
CT,2018,14,21,2018-05-27,5.0
CT,2018,15,22,2018-06-03,9.5
CT,2018,16,23,2018-06-10,12.625
CT,2018,17,24,2018-06-17,20.625
CT,2018,18,25,2018-06-24,23.75
CT,2018,19,26,2018-07-01,24.25
CT,2018,31,38,2018-09-23,27.375
CT,2018,32,39,2018-09-30,29.25
CT,2018,33,40,2018-10-07,30.375
CT,2018,34,41,2018-10-14,31.875
CT,2018,35,42,2018-10-21,33.125
CT,2018,36,43,2018-10-28,34.875
CT,2019,11,18,2019-05-05,0.125
CT,2019,12,19,2019-05-12,0.375
CT,2019,13,20,2019-05-19,1.25
CT,2019,14,21,2019-05-26,1.625
CT,2019,15,22,2019-06-02,4.375
CT,2019,16,23,2019-06-09,9.375
CT,2019,17,24,2019-06-16,16.875
CT,2019,18,25,2019-06-23,23.125
CT,2019,19,26,2019-06-30,23.375
CT,2019,20,27,2019-07-07,23.625
CT,2019,29,36,2019-09-08,23.625
CT,2019,30,37,2019-09-15,23.625
CT,2019,31,38,2019-09-22,24.875
CT,2019,32,39,2019-09-29,25.25
CT,2019,33,40,2019-10-06,25.625
CT,2019,34,41,2019-10-13,26.0
CT,2019,35,42,2019-10-20,30.625
CT,2019,36,43,2019-10-27,35.5
CT,2019,37,44,2019-11-03,35.75
CT,2020,8,15,2020-04-12,0.0
CT,2020,9,16,2020-04-19,0.0
CT,2020,10,17,2020-04-26,0.0
CT,2020,11,18,2020-05-03,0.5
CT,2020,12,19,2020-05-10,3.25
CT,2020,13,20,2020-05-17,3.75
CT,2020,14,21,2020-05-24,4.875
CT,2020,15,22,2020-05-31,8.125
CT,2020,16,23,2020-06-07,13.125
CT,2020,17,24,2020-06-14,16.875
CT,2020,18,25,2020-06-21,24.375
CT,2020,19,26,2020-06-28,25.0
CT,2020,20,27,2020-07-05,25.0
CT,2020,21,28,2020-07-12,25.0
CT,2020,29,36,2020-09-06,25.0
CT,2020,30,37,2020-09-13,25.0
CT,2020,31,38,2020-09-20,25.875
CT,2020,32,39,2020-09-27,27.375
CT,2020,33,40,2020-10-04,28.375
CT,2020,34,41,2020-10-11,31.0
CT,2020,35,42,2020-10-18,31.875
CT,2020,36,43,2020-10-25,36.0
CT,2020,37,44,2020-11-01,37.125
CT,2020,38,45,2020-11-08,37.5
CT,2021,9,16,2021-04-25,0.0
CT,2021,10,17,2021-05-02,0.0
CT,2021,11,18,2021-05-09,3.75
CT,2021,12,19,2021-05-16,4.75
CT,2021,13,20,2021-05-23,5.375
CT,2021,14,21,2021-05-30,7.0
CT,2021,15,22,2021-06-06,17.625
CT,2021,16,23,2021-06-13,21.625
CT,2021,17,24,2021-06-20,24.125
CT,2021,18,25,2021-06-27,24.375
CT,2021,19,26,2021-07-04,24.375
CT,2021,20,27,2021-07-11,24.625
CT,2021,28,35,2021-09-05,24.625
CT,2021,29,36,2021-09-12,24.625
CT,2021,30,37,2021-09-19,24.625
CT,2021,31,38,2021-09-26,26.875
CT,2021,32,39,2021-10-03,24.625
CT,2021,33,40,2021-10-10,30.125
CT,2021,34,41,2021-10-17,32.375
CT,2021,35,42,2021-10-24,36.0
CT,2021,36,43,2021-10-31,37.125
CT,2021,37,44,2021-11-07,37.125
CT,2022,9,16,2022-04-24,0.0
CT,2022,10,17,2022-05-01,0.0
CT,2022,11,18,2022-05-08,0.625
CT,2022,12,19,2022-05-15,2.25
CT,2022,13,20,2022-05-22,5.25
CT,2022,14,21,2022-05-29,15.25
CT,2022,15,22,2022-06-05,18.25
CT,2022,16,23,2022-06-12,20.125
CT,2022,17,24,2022-06-19,22.75
CT,2022,18,25,2022-06-26,25.0
CT,2022,19,26,2022-07-03,25.0
CT,2022,20,27,2022-07-10,25.0
CT,2022,24,31,2022-08-07,37.5
CT,2022,25,32,2022-08-14,37.5
CT,2022,28,35,2022-09-04,37.625
CT,2022,29,36,2022-09-11,38.625
CT,2022,30,37,2022-09-18,42.5
CT,2022,31,38,2022-09-25,43.0
CT,2022,32,39,2022-10-02,43.125
CT,2022,33,40,2022-10-09,47.5
CT,2022,34,41,2022-10-16,48.875
CT,2022,35,42,2022-10-23,49.875
CT,2022,36,43,2022-10-30,50.0
CT,2023,10,17,2023-04-30,0.25
CT,2023,11,18,2023-05-07,0.625
CT,2023,12,19,2023-05-14,2.25
CT,2023,13,20,2023-05-21,3.375
CT,2023,14,21,2023-05-28,5.5
CT,2023,15,22,2023-06-04,12.625
CT,2023,16,23,2023-06-11,19.25
CT,2023,17,24,2023-06-18,22.5
CT,2023,18,25,2023-06-25,22.75
CT,2023,19,26,2023-07-02,23.875
CT,2023,27,34,2023-08-27,23.875
CT,2023,28,35,2023-09-03,24.125
CT,2023,29,36,2023-09-10,25.75
CT,2023,30,37,2023-09-17,26.0
CT,2023,31,38,2023-09-24,27.125
CT,2023,32,39,2023-10-01,29.125
CT,2023,33,40,2023-10-08,31.5
CT,2023,34,41,2023-10-15,32.75
CT,2023,35,42,2023-10-22,34.25
CT,2023,36,43,2023-10-29,35.375
CT,2024,9,16,2024-04-21,0.0
CT,2024,10,17,2024-04-28,0.0
CT,2024,11,18,2024-05-05,1.25
CT,2024,12,19,2024-05-12,2.875
CT,2024,13,20,2024-05-19,4.5
CT,2024,14,21,2024-05-26,5.0
CT,2024,15,22,2024-06-02,7.25
CT,2024,16,23,2024-06-09,14.125
CT,2024,17,24,2024-06-16,20.0
CT,2024,18,25,2024-06-23,22.375
CT,2024,19,26,2024-06-30,22.5
CT,2024,28,35,2024-09-01,22.5
CT,2024,29,36,2024-09-08,23.125
CT,2024,30,37,2024-09-15,24.75
CT,2024,31,38,2024-09-22,27.5
CT,2024,32,39,2024-09-29,30.625
CT,2024,33,40,2024-10-06,31.875
CT,2024,34,41,2024-10-13,33.0
CT,2024,35,42,2024-10-20,33.125
CT,2025,15,22,2025-06-01,7.5
CT,2025,16,23,2025-06-08,8.25
CT,2025,17,24,2025-06-15,10.5
CT,2025,18,25,2025-06-22,20.0
CT,2025,19,26,2025-06-29,20.625
CT,2025,20,27,2025-07-06,23.75
CT,2025,29,36,2025-09-07,23.75
CT,2025,30,37,2025-09-14,23.75
CT,2025,31,38,2025-09-21,29.75
CT,2025,32,39,2025-09-28,31.25
DE,2016,9,16,2016-04-24,0.5
DE,2016,10,17,2016-05-01,2.75
DE,2016,11,18,2016-05-08,4.125
DE,2016,12,19,2016-05-15,9.25
DE,2016,13,20,2016-05-22,15.5
DE,2016,14,21,2016-05-29,19.0
DE,2016,15,22,2016-06-05,23.25
DE,2016,16,23,2016-06-12,23.5
DE,2016,17,24,2016-06-19,23.75
DE,2016,18,25,2016-06-26,23.875
DE,2016,19,26,2016-07-03,24.625
DE,2016,20,27,2016-07-10,27.5
DE,2016,21,28,2016-07-17,34.0
DE,2016,22,29,2016-07-24,39.75
DE,2016,23,30,2016-07-31,49.875
DE,2016,24,31,2016-08-07,52.25
DE,2016,25,32,2016-08-14,58.75
DE,2016,26,33,2016-08-21,64.5
DE,2016,27,34,2016-08-28,66.25
DE,2016,28,35,2016-09-04,69.25
DE,2016,29,36,2016-09-11,82.75
DE,2016,30,37,2016-09-18,89.75
DE,2016,31,38,2016-09-25,91.75
DE,2016,32,39,2016-10-02,92.5
DE,2016,33,40,2016-10-09,94.125
DE,2016,34,41,2016-10-16,95.25
DE,2016,35,42,2016-10-23,97.875
DE,2016,36,43,2016-10-30,98.25
DE,2017,7,14,2017-04-09,0.25
DE,2017,8,15,2017-04-16,1.25
DE,2017,9,16,2017-04-23,2.875
DE,2017,10,17,2017-04-30,5.375
DE,2017,11,18,2017-05-07,10.5
DE,2017,12,19,2017-05-14,13.0
DE,2017,13,20,2017-05-21,16.375
DE,2017,14,21,2017-05-28,17.625
DE,2017,15,22,2017-06-04,20.375
DE,2017,16,23,2017-06-11,21.375
DE,2017,17,24,2017-06-18,22.125
DE,2017,18,25,2017-06-25,23.75
DE,2017,19,26,2017-07-02,24.75
DE,2017,20,27,2017-07-09,27.625
DE,2017,21,28,2017-07-16,31.125
DE,2017,22,29,2017-07-23,38.25
DE,2017,23,30,2017-07-30,44.0
DE,2017,24,31,2017-08-06,52.5
DE,2017,25,32,2017-08-13,54.375
DE,2017,26,33,2017-08-20,61.25
DE,2017,27,34,2017-08-27,62.875
DE,2017,28,35,2017-09-03,76.125
DE,2017,29,36,2017-09-10,79.625
DE,2017,30,37,2017-09-17,84.625
DE,2017,31,38,2017-09-24,86.125
DE,2017,32,39,2017-10-01,89.375
DE,2017,33,40,2017-10-08,91.0
DE,2017,34,41,2017-10-15,94.5
DE,2017,35,42,2017-10-22,96.625
DE,2017,36,43,2017-10-29,96.75
DE,2017,37,44,2017-11-05,97.125
DE,2017,38,45,2017-11-12,97.25
DE,2017,39,46,2017-11-19,97.375
DE,2017,40,47,2017-11-26,97.5
DE,2018,7,14,2018-04-08,0.0
DE,2018,8,15,2018-04-15,0.0
DE,2018,9,16,2018-04-22,0.25
DE,2018,10,17,2018-04-29,1.375
DE,2018,11,18,2018-05-06,6.125
DE,2018,12,19,2018-05-13,13.125
DE,2018,13,20,2018-05-20,15.375
DE,2018,14,21,2018-05-27,19.25
DE,2018,15,22,2018-06-03,22.0
DE,2018,16,23,2018-06-10,22.625
DE,2018,17,24,2018-06-17,23.375
DE,2018,18,25,2018-06-24,23.75
DE,2018,19,26,2018-07-01,24.75
DE,2018,20,27,2018-07-08,28.0
DE,2018,21,28,2018-07-15,32.875
DE,2018,22,29,2018-07-22,38.25
DE,2018,23,30,2018-07-29,41.875
DE,2018,24,31,2018-08-05,46.5
DE,2018,25,32,2018-08-12,47.875
DE,2018,26,33,2018-08-19,56.25
DE,2018,27,34,2018-08-26,64.125
DE,2018,28,35,2018-09-02,67.375
DE,2018,29,36,2018-09-09,76.0
DE,2018,30,37,2018-09-16,80.375
DE,2018,31,38,2018-09-23,86.75
DE,2018,32,39,2018-09-30,90.125
DE,2018,33,40,2018-10-07,93.75
DE,2018,34,41,2018-10-14,95.875
DE,2018,35,42,2018-10-21,96.25
DE,2018,36,43,2018-10-28,98.0
DE,2018,37,44,2018-11-04,98.5
DE,2019,7,14,2019-04-07,0.0
DE,2019,8,15,2019-04-14,0.125
DE,2019,9,16,2019-04-21,0.5
DE,2019,10,17,2019-04-28,2.75
DE,2019,11,18,2019-05-05,5.75
DE,2019,12,19,2019-05-12,8.5
DE,2019,13,20,2019-05-19,14.875
DE,2019,14,21,2019-05-26,15.625
DE,2019,15,22,2019-06-02,19.0
DE,2019,16,23,2019-06-09,22.25
DE,2019,17,24,2019-06-16,24.0
DE,2019,20,27,2019-07-07,29.25
DE,2019,21,28,2019-07-14,30.75
DE,2019,22,29,2019-07-21,37.0
DE,2019,23,30,2019-07-28,45.375
DE,2019,24,31,2019-08-04,47.125
DE,2019,25,32,2019-08-11,50.0
DE,2019,26,33,2019-08-18,55.875
DE,2019,27,34,2019-08-25,61.5
DE,2019,28,35,2019-09-01,66.0
DE,2019,29,36,2019-09-08,70.75
DE,2019,30,37,2019-09-15,78.875
DE,2019,31,38,2019-09-22,83.25
DE,2019,32,39,2019-09-29,88.375
DE,2019,33,40,2019-10-06,91.125
DE,2019,34,41,2019-10-13,93.625
DE,2019,35,42,2019-10-20,95.0
DE,2019,36,43,2019-10-27,96.0
DE,2020,8,15,2020-04-12,0.0
DE,2020,9,16,2020-04-19,0.125
DE,2020,10,17,2020-04-26,0.5
DE,2020,11,18,2020-05-03,2.875
DE,2020,12,19,2020-05-10,4.25
DE,2020,13,20,2020-05-17,11.875
DE,2020,14,21,2020-05-24,16.5
DE,2020,15,22,2020-05-31,19.5
DE,2020,16,23,2020-06-07,20.25
DE,2020,17,24,2020-06-14,23.25
DE,2020,18,25,2020-06-21,24.125
DE,2020,19,26,2020-06-28,24.5
DE,2020,20,27,2020-07-05,25.5
DE,2020,21,28,2020-07-12,28.5
DE,2020,22,29,2020-07-19,33.375
DE,2020,23,30,2020-07-26,35.0
DE,2020,24,31,2020-08-02,44.75
DE,2020,25,32,2020-08-09,50.5
DE,2020,26,33,2020-08-16,53.0
DE,2020,27,34,2020-08-23,59.625
DE,2020,28,35,2020-08-30,65.5
DE,2020,29,36,2020-09-06,68.125
DE,2020,30,37,2020-09-13,75.5
DE,2020,31,38,2020-09-20,79.375
DE,2020,32,39,2020-09-27,85.75
DE,2020,33,40,2020-10-04,88.875
DE,2020,34,41,2020-10-11,94.5
DE,2020,35,42,2020-10-18,95.125
DE,2020,36,43,2020-10-25,95.75
DE,2020,37,44,2020-11-01,96.0
DE,2021,9,16,2021-04-25,0.625
DE,2021,10,17,2021-05-02,3.25
DE,2021,11,18,2021-05-09,6.875
DE,2021,12,19,2021-05-16,12.5
DE,2021,13,20,2021-05-23,21.125
DE,2021,14,21,2021-05-30,22.875
DE,2021,15,22,2021-06-06,23.5
DE,2021,16,23,2021-06-13,23.75
DE,2021,17,24,2021-06-20,23.875
DE,2021,21,28,2021-07-18,28.5
DE,2021,22,29,2021-07-25,37.5
DE,2021,23,30,2021-08-01,44.25
DE,2021,24,31,2021-08-08,51.25
DE,2021,25,32,2021-08-15,61.5
DE,2021,26,33,2021-08-22,62.75
DE,2021,27,34,2021-08-29,65.5
DE,2021,28,35,2021-09-05,68.75
DE,2021,29,36,2021-09-12,77.625
DE,2021,30,37,2021-09-19,83.5
DE,2021,31,38,2021-09-26,87.375
DE,2021,32,39,2021-10-03,91.875
DE,2021,33,40,2021-10-10,94.0
DE,2021,34,41,2021-10-17,96.125
DE,2022,9,16,2022-04-24,1.0
DE,2022,10,17,2022-05-01,3.25
DE,2022,11,18,2022-05-08,6.875
DE,2022,12,19,2022-05-15,10.125
DE,2022,13,20,2022-05-22,15.75
DE,2022,14,21,2022-05-29,21.75
DE,2022,15,22,2022-06-05,24.25
DE,2022,16,23,2022-06-12,24.625
DE,2022,20,27,2022-07-10,25.875
DE,2022,21,28,2022-07-17,29.875
DE,2022,22,29,2022-07-24,36.25
DE,2022,23,30,2022-07-31,38.5
DE,2022,24,31,2022-08-07,41.875
DE,2022,25,32,2022-08-14,46.5
DE,2022,26,33,2022-08-21,55.5
DE,2022,27,34,2022-08-28,63.25
DE,2022,28,35,2022-09-04,67.5
DE,2022,29,36,2022-09-11,71.75
DE,2022,30,37,2022-09-18,80.125
DE,2022,31,38,2022-09-25,83.75
DE,2022,32,39,2022-10-02,86.875
DE,2022,33,40,2022-10-09,91.875
DE,2022,34,41,2022-10-16,93.375
DE,2022,35,42,2022-10-23,95.25
DE,2022,36,43,2022-10-30,96.25
DE,2022,37,44,2022-11-06,97.375
DE,2023,8,15,2023-04-16,0.5
DE,2023,9,16,2023-04-23,2.125
DE,2023,10,17,2023-04-30,4.375
DE,2023,11,18,2023-05-07,8.5
DE,2023,12,19,2023-05-14,13.25
DE,2023,13,20,2023-05-21,16.5
DE,2023,14,21,2023-05-28,19.25
DE,2023,15,22,2023-06-04,22.75
DE,2023,16,23,2023-06-11,24.125
DE,2023,21,28,2023-07-16,27.875
DE,2023,22,29,2023-07-23,32.125
DE,2023,23,30,2023-07-30,35.75
DE,2023,24,31,2023-08-06,40.625
DE,2023,25,32,2023-08-13,48.375
DE,2023,26,33,2023-08-20,57.625
DE,2023,27,34,2023-08-27,64.75
DE,2023,28,35,2023-09-03,71.75
DE,2023,29,36,2023-09-10,76.75
DE,2023,30,37,2023-09-17,81.125
DE,2023,31,38,2023-09-24,86.375
DE,2023,32,39,2023-10-01,88.5
DE,2023,33,40,2023-10-08,92.125
DE,2023,34,41,2023-10-15,93.5
DE,2023,35,42,2023-10-22,95.5
DE,2023,36,43,2023-10-29,96.875
DE,2024,9,16,2024-04-21,0.875
DE,2024,10,17,2024-04-28,2.25
DE,2024,11,18,2024-05-05,5.25
DE,2024,12,19,2024-05-12,11.75
DE,2024,13,20,2024-05-19,17.625
DE,2024,14,21,2024-05-26,21.125
DE,2024,15,22,2024-06-02,23.375
DE,2024,16,23,2024-06-09,24.25
DE,2024,20,27,2024-07-07,28.25
DE,2024,21,28,2024-07-14,29.375
DE,2024,22,29,2024-07-21,35.25
DE,2024,23,30,2024-07-28,41.75
DE,2024,24,31,2024-08-04,48.375
DE,2024,25,32,2024-08-11,56.625
DE,2024,26,33,2024-08-18,60.125
DE,2024,27,34,2024-08-25,66.5
DE,2024,28,35,2024-09-01,73.375
DE,2024,29,36,2024-09-08,76.625
DE,2024,30,37,2024-09-15,81.875
DE,2024,31,38,2024-09-22,85.375
DE,2024,32,39,2024-09-29,90.375
DE,2024,33,40,2024-10-06,92.875
DE,2024,34,41,2024-10-13,94.25
DE,2024,35,42,2024-10-20,96.0
DE,2024,36,43,2024-10-27,96.25
DE,2025,7,14,2025-04-06,0.0
DE,2025,8,15,2025-04-13,0.125
DE,2025,9,16,2025-04-20,0.5
DE,2025,10,17,2025-04-27,1.625
DE,2025,11,18,2025-05-04,4.875
DE,2025,12,19,2025-05-11,9.875
DE,2025,13,20,2025-05-18,16.75
DE,2025,14,21,2025-05-25,20.0
DE,2025,15,22,2025-06-01,23.5
DE,2025,16,23,2025-06-08,24.0
DE,2025,20,27,2025-07-06,26.75
DE,2025,21,28,2025-07-13,28.875
DE,2025,22,29,2025-07-20,34.75
DE,2025,23,30,2025-07-27,38.875
DE,2025,24,31,2025-08-03,45.625
DE,2025,25,32,2025-08-10,55.125
DE,2025,26,33,2025-08-17,60.5
DE,2025,27,34,2025-08-24,65.75
DE,2025,28,35,2025-08-31,72.375
DE,2025,29,36,2025-09-07,77.25
DE,2025,30,37,2025-09-14,82.0
DE,2025,31,38,2025-09-21,86.375
DE,2025,32,39,2025-09-28,88.875
DE,2025,39,46,2025-11-16,97.25
GA,2016,6,13,2016-04-03,9.375
GA,2016,7,14,2016-04-10,13.875
GA,2016,8,15,2016-04-17,18.875
GA,2016,9,16,2016-04-24,21.125
GA,2016,10,17,2016-05-01,22.75
GA,2016,11,18,2016-05-08,23.25
GA,2016,12,19,2016-05-15,23.75
GA,2016,13,20,2016-05-22,24.0
GA,2016,14,21,2016-05-29,25.25
GA,2016,15,22,2016-06-05,28.75
GA,2016,16,23,2016-06-12,32.0
GA,2016,17,24,2016-06-19,34.125
GA,2016,18,25,2016-06-26,34.875
GA,2016,19,26,2016-07-03,35.375
GA,2016,20,27,2016-07-10,35.75
GA,2016,21,28,2016-07-17,37.875
GA,2016,22,29,2016-07-24,42.0
GA,2016,23,30,2016-07-31,45.5
GA,2016,24,31,2016-08-07,49.25
GA,2016,25,32,2016-08-14,51.625
GA,2016,26,33,2016-08-21,54.5
GA,2016,27,34,2016-08-28,57.0
GA,2016,28,35,2016-09-04,58.625
GA,2016,29,36,2016-09-11,59.5
GA,2016,30,37,2016-09-18,59.875
GA,2017,6,13,2017-04-02,10.0
GA,2017,7,14,2017-04-09,14.5
GA,2017,8,15,2017-04-16,18.625
GA,2017,9,16,2017-04-23,21.125
GA,2017,10,17,2017-04-30,22.5
GA,2017,11,18,2017-05-07,23.625
GA,2017,12,19,2017-05-14,24.0
GA,2017,13,20,2017-05-21,24.625
GA,2017,14,21,2017-05-28,27.625
GA,2017,15,22,2017-06-04,30.875
GA,2017,16,23,2017-06-11,32.75
GA,2017,17,24,2017-06-18,34.25
GA,2017,18,25,2017-06-25,35.0
GA,2017,19,26,2017-07-02,36.625
GA,2017,20,27,2017-07-09,38.125
GA,2017,21,28,2017-07-16,39.375
GA,2017,22,29,2017-07-23,41.625
GA,2017,23,30,2017-07-30,44.75
GA,2017,24,31,2017-08-06,48.0
GA,2017,25,32,2017-08-13,51.375
GA,2017,26,33,2017-08-20,54.625
GA,2017,27,34,2017-08-27,56.875
GA,2017,28,35,2017-09-03,58.25
GA,2017,29,36,2017-09-10,58.75
GA,2017,30,37,2017-09-17,59.75
GA,2018,6,13,2018-04-01,7.625
GA,2018,7,14,2018-04-08,12.75
GA,2018,8,15,2018-04-15,17.5
GA,2018,9,16,2018-04-22,20.75
GA,2018,10,17,2018-04-29,22.125
GA,2018,11,18,2018-05-06,23.125
GA,2018,12,19,2018-05-13,23.625
GA,2018,13,20,2018-05-20,24.375
GA,2018,14,21,2018-05-27,25.75
GA,2018,15,22,2018-06-03,29.0
GA,2018,16,23,2018-06-10,31.5
GA,2018,17,24,2018-06-17,34.0
GA,2018,18,25,2018-06-24,35.125
GA,2018,19,26,2018-07-01,36.125
GA,2018,20,27,2018-07-08,37.625
GA,2018,21,28,2018-07-15,39.625
GA,2018,22,29,2018-07-22,42.0
GA,2018,23,30,2018-07-29,44.375
GA,2018,24,31,2018-08-05,46.875
GA,2018,25,32,2018-08-12,49.5
GA,2018,26,33,2018-08-19,51.875
GA,2018,27,34,2018-08-26,54.75
GA,2018,28,35,2018-09-02,57.375
GA,2018,29,36,2018-09-09,58.75
GA,2018,30,37,2018-09-16,59.375
GA,2018,31,38,2018-09-23,59.75
GA,2019,6,13,2019-03-31,9.0
GA,2019,7,14,2019-04-07,13.625
GA,2019,8,15,2019-04-14,18.125
GA,2019,9,16,2019-04-21,21.125
GA,2019,10,17,2019-04-28,22.875
GA,2019,11,18,2019-05-05,23.625
GA,2019,12,19,2019-05-12,23.875
GA,2019,13,20,2019-05-19,24.125
GA,2019,14,21,2019-05-26,26.375
GA,2019,15,22,2019-06-02,30.0
GA,2019,16,23,2019-06-09,32.625
GA,2019,17,24,2019-06-16,34.375
GA,2019,18,25,2019-06-23,35.125
GA,2019,19,26,2019-06-30,36.125
GA,2019,20,27,2019-07-07,37.75
GA,2019,21,28,2019-07-14,40.375
GA,2019,22,29,2019-07-21,42.625
GA,2019,23,30,2019-07-28,44.375
GA,2019,24,31,2019-08-04,46.375
GA,2019,25,32,2019-08-11,50.125
GA,2019,26,33,2019-08-18,53.25
GA,2019,27,34,2019-08-25,55.75
GA,2019,28,35,2019-09-01,57.75
GA,2019,29,36,2019-09-08,58.75
GA,2019,30,37,2019-09-15,59.25
GA,2019,31,38,2019-09-22,59.5
GA,2020,7,14,2020-04-05,10.25
GA,2020,8,15,2020-04-12,15.125
GA,2020,9,16,2020-04-19,19.875
GA,2020,10,17,2020-04-26,21.875
GA,2020,11,18,2020-05-03,22.875
GA,2020,12,19,2020-05-10,23.375
GA,2020,13,20,2020-05-17,24.125
GA,2020,14,21,2020-05-24,25.5
GA,2020,15,22,2020-05-31,28.375
GA,2020,16,23,2020-06-07,30.875
GA,2020,17,24,2020-06-14,33.125
GA,2020,18,25,2020-06-21,34.0
GA,2020,19,26,2020-06-28,35.375
GA,2020,20,27,2020-07-05,36.625
GA,2020,21,28,2020-07-12,38.5
GA,2020,22,29,2020-07-19,40.125
GA,2020,23,30,2020-07-26,42.875
GA,2020,24,31,2020-08-02,45.125
GA,2020,25,32,2020-08-09,47.875
GA,2020,26,33,2020-08-16,50.75
GA,2020,27,34,2020-08-23,53.375
GA,2020,28,35,2020-08-30,55.625
GA,2020,29,36,2020-09-06,57.25
GA,2020,30,37,2020-09-13,58.5
GA,2020,31,38,2020-09-20,59.25
GA,2020,32,39,2020-09-27,59.75
GA,2020,33,40,2020-10-04,59.875
GA,2021,6,13,2021-04-04,10.5
GA,2021,7,14,2021-04-11,15.5
GA,2021,8,15,2021-04-18,18.75
GA,2021,9,16,2021-04-25,21.125
GA,2021,10,17,2021-05-02,22.0
GA,2021,11,18,2021-05-09,23.0
GA,2021,12,19,2021-05-16,23.625
GA,2021,13,20,2021-05-23,24.625
GA,2021,14,21,2021-05-30,27.125
GA,2021,15,22,2021-06-06,29.375
GA,2021,16,23,2021-06-13,31.75
GA,2021,17,24,2021-06-20,33.5
GA,2021,18,25,2021-06-27,34.75
GA,2021,19,26,2021-07-04,35.625
GA,2021,20,27,2021-07-11,37.25
GA,2021,21,28,2021-07-18,38.625
GA,2021,22,29,2021-07-25,40.0
GA,2021,23,30,2021-08-01,42.5
GA,2021,24,31,2021-08-08,46.5
GA,2021,25,32,2021-08-15,49.5
GA,2021,26,33,2021-08-22,52.25
GA,2021,27,34,2021-08-29,54.375
GA,2021,28,35,2021-09-05,56.625
GA,2021,29,36,2021-09-12,58.0
GA,2021,30,37,2021-09-19,58.875
GA,2021,31,38,2021-09-26,59.5
GA,2021,32,39,2021-10-03,60.0
GA,2021,33,40,2021-10-10,60.25
GA,2022,6,13,2022-04-03,7.375
GA,2022,7,14,2022-04-10,12.875
GA,2022,8,15,2022-04-17,16.375
GA,2022,9,16,2022-04-24,20.125
GA,2022,10,17,2022-05-01,22.0
GA,2022,11,18,2022-05-08,23.25
GA,2022,12,19,2022-05-15,24.0
GA,2022,13,20,2022-05-22,24.5
GA,2022,14,21,2022-05-29,26.25
GA,2022,15,22,2022-06-05,28.625
GA,2022,16,23,2022-06-12,31.625
GA,2022,17,24,2022-06-19,33.75
GA,2022,18,25,2022-06-26,35.0
GA,2022,19,26,2022-07-03,36.125
GA,2022,20,27,2022-07-10,37.75
GA,2022,21,28,2022-07-17,40.0
GA,2022,22,29,2022-07-24,41.625
GA,2022,23,30,2022-07-31,44.375
GA,2022,24,31,2022-08-07,47.125
GA,2022,25,32,2022-08-14,50.25
GA,2022,26,33,2022-08-21,52.75
GA,2022,27,34,2022-08-28,55.125
GA,2022,28,35,2022-09-04,56.875
GA,2022,29,36,2022-09-11,57.625
GA,2022,30,37,2022-09-18,59.125
GA,2022,31,38,2022-09-25,59.75
GA,2022,32,39,2022-10-02,60.125
GA,2023,6,13,2023-04-02,10.625
GA,2023,7,14,2023-04-09,13.75
GA,2023,8,15,2023-04-16,17.375
GA,2023,9,16,2023-04-23,20.25
GA,2023,10,17,2023-04-30,22.0
GA,2023,11,18,2023-05-07,22.875
GA,2023,12,19,2023-05-14,23.375
GA,2023,13,20,2023-05-21,24.375
GA,2023,14,21,2023-05-28,26.5
GA,2023,15,22,2023-06-04,28.875
GA,2023,16,23,2023-06-11,31.375
GA,2023,17,24,2023-06-18,33.0
GA,2023,18,25,2023-06-25,34.125
GA,2023,19,26,2023-07-02,35.5
GA,2023,20,27,2023-07-09,36.625
GA,2023,21,28,2023-07-16,38.25
GA,2023,22,29,2023-07-23,39.875
GA,2023,23,30,2023-07-30,41.875
GA,2023,24,31,2023-08-06,45.125
GA,2023,25,32,2023-08-13,48.0
GA,2023,26,33,2023-08-20,51.0
GA,2023,27,34,2023-08-27,53.875
GA,2023,28,35,2023-09-03,56.125
GA,2023,29,36,2023-09-10,58.0
GA,2023,30,37,2023-09-17,58.75
GA,2023,31,38,2023-09-24,59.5
GA,2023,32,39,2023-10-01,59.75
GA,2024,6,13,2024-03-31,5.75
GA,2024,7,14,2024-04-07,10.125
GA,2024,8,15,2024-04-14,14.125
GA,2024,9,16,2024-04-21,18.125
GA,2024,10,17,2024-04-28,20.625
GA,2024,11,18,2024-05-05,22.5
GA,2024,12,19,2024-05-12,23.375
GA,2024,13,20,2024-05-19,24.625
GA,2024,14,21,2024-05-26,26.625
GA,2024,15,22,2024-06-02,28.375
GA,2024,16,23,2024-06-09,31.25
GA,2024,17,24,2024-06-16,34.125
GA,2024,18,25,2024-06-23,35.25
GA,2024,19,26,2024-06-30,36.875
GA,2024,20,27,2024-07-07,38.75
GA,2024,21,28,2024-07-14,40.625
GA,2024,22,29,2024-07-21,42.25
GA,2024,23,30,2024-07-28,44.5
GA,2024,24,31,2024-08-04,47.25
GA,2024,25,32,2024-08-11,49.125
GA,2024,26,33,2024-08-18,52.125
GA,2024,27,34,2024-08-25,55.125
GA,2024,28,35,2024-09-01,57.875
GA,2024,29,36,2024-09-08,59.625
GA,2024,30,37,2024-09-15,60.375
GA,2024,31,38,2024-09-22,60.875
GA,2024,32,39,2024-09-29,61.25
GA,2025,7,14,2025-04-06,8.5
GA,2025,8,15,2025-04-13,13.625
GA,2025,9,16,2025-04-20,18.5
GA,2025,10,17,2025-04-27,21.5
GA,2025,11,18,2025-05-04,23.125
GA,2025,12,19,2025-05-11,23.625
GA,2025,13,20,2025-05-18,24.625
GA,2025,14,21,2025-05-25,26.375
GA,2025,15,22,2025-06-01,29.0
GA,2025,16,23,2025-06-08,31.5
GA,2025,17,24,2025-06-15,33.125
GA,2025,18,25,2025-06-22,34.625
GA,2025,19,26,2025-06-29,36.375
GA,2025,20,27,2025-07-06,38.375
GA,2025,21,28,2025-07-13,40.25
GA,2025,22,29,2025-07-20,41.375
GA,2025,23,30,2025-07-27,43.75
GA,2025,24,31,2025-08-03,46.875
GA,2025,25,32,2025-08-10,49.0
GA,2025,26,33,2025-08-17,51.125
GA,2025,27,34,2025-08-24,53.375
GA,2025,28,35,2025-08-31,55.875
GA,2025,29,36,2025-09-07,58.125
GA,2025,30,37,2025-09-14,59.375
GA,2025,31,38,2025-09-21,60.125
GA,2025,32,39,2025-09-28,60.5
IA,2016,7,14,2016-04-10,0.0
IA,2016,8,15,2016-04-17,1.625
IA,2016,9,16,2016-04-24,5.0
IA,2016,10,17,2016-05-01,8.0
IA,2016,11,18,2016-05-08,13.5
IA,2016,12,19,2016-05-15,17.375
IA,2016,13,20,2016-05-22,21.375
IA,2016,14,21,2016-05-29,23.625
IA,2016,15,22,2016-06-05,24.625
IA,2016,16,23,2016-06-12,24.875
IA,2016,18,25,2016-06-26,24.875
IA,2016,19,26,2016-07-03,25.625
IA,2016,20,27,2016-07-10,28.5
IA,2016,21,28,2016-07-17,33.5
IA,2016,22,29,2016-07-24,37.125
IA,2016,23,30,2016-07-31,41.25
IA,2016,24,31,2016-08-07,45.625
IA,2016,25,32,2016-08-14,50.0
IA,2016,26,33,2016-08-21,54.0
IA,2016,27,34,2016-08-28,57.5
IA,2016,28,35,2016-09-04,61.0
IA,2016,29,36,2016-09-11,64.25
IA,2016,30,37,2016-09-18,67.875
IA,2016,31,38,2016-09-25,71.0
IA,2016,32,39,2016-10-02,73.75
IA,2016,33,40,2016-10-09,75.625
IA,2016,34,41,2016-10-16,77.75
IA,2016,35,42,2016-10-23,80.125
IA,2016,36,43,2016-10-30,82.5
IA,2016,37,44,2016-11-06,84.375
IA,2016,38,45,2016-11-13,85.375
IA,2016,39,46,2016-11-20,85.875
IA,2016,40,47,2016-11-27,86.0
IA,2017,7,14,2017-04-09,0.0
IA,2017,8,15,2017-04-16,0.25
IA,2017,9,16,2017-04-23,1.0
IA,2017,10,17,2017-04-30,3.625
IA,2017,11,18,2017-05-07,7.375
IA,2017,12,19,2017-05-14,14.125
IA,2017,13,20,2017-05-21,18.875
IA,2017,14,21,2017-05-28,22.375
IA,2017,15,22,2017-06-04,23.5
IA,2017,16,23,2017-06-11,24.25
IA,2017,17,24,2017-06-18,24.5
IA,2017,18,25,2017-06-25,24.75
IA,2017,19,26,2017-07-02,24.75
IA,2017,20,27,2017-07-09,25.625
IA,2017,21,28,2017-07-16,29.375
IA,2017,22,29,2017-07-23,34.5
IA,2017,23,30,2017-07-30,38.5
IA,2017,24,31,2017-08-06,42.0
IA,2017,25,32,2017-08-13,45.75
IA,2017,26,33,2017-08-20,49.375
IA,2017,27,34,2017-08-27,53.25
IA,2017,28,35,2017-09-03,56.625
IA,2017,29,36,2017-09-10,60.625
IA,2017,30,37,2017-09-17,64.125
IA,2017,31,38,2017-09-24,67.875
IA,2017,32,39,2017-10-01,71.25
IA,2017,33,40,2017-10-08,73.25
IA,2017,34,41,2017-10-15,74.75
IA,2017,35,42,2017-10-22,76.5
IA,2017,36,43,2017-10-29,79.125
IA,2017,37,44,2017-11-05,82.0
IA,2017,38,45,2017-11-12,84.25
IA,2017,39,46,2017-11-19,85.125
IA,2017,40,47,2017-11-26,85.625
IA,2018,7,14,2018-04-08,0.0
IA,2018,8,15,2018-04-15,0.0
IA,2018,9,16,2018-04-22,0.0
IA,2018,10,17,2018-04-29,2.125
IA,2018,11,18,2018-05-06,5.375
IA,2018,12,19,2018-05-13,11.375
IA,2018,13,20,2018-05-20,17.375
IA,2018,14,21,2018-05-27,21.625
IA,2018,15,22,2018-06-03,23.75
IA,2018,16,23,2018-06-10,24.5
IA,2018,17,24,2018-06-17,24.75
IA,2018,18,25,2018-06-24,24.75
IA,2018,19,26,2018-07-01,25.625
IA,2018,20,27,2018-07-08,29.125
IA,2018,21,28,2018-07-15,33.25
IA,2018,22,29,2018-07-22,36.625
IA,2018,23,30,2018-07-29,40.75
IA,2018,24,31,2018-08-05,44.875
IA,2018,25,32,2018-08-12,48.875
IA,2018,26,33,2018-08-19,53.0
IA,2018,27,34,2018-08-26,57.25
IA,2018,28,35,2018-09-02,60.375
IA,2018,29,36,2018-09-09,63.625
IA,2018,30,37,2018-09-16,67.875
IA,2018,31,38,2018-09-23,71.25
IA,2018,32,39,2018-09-30,74.0
IA,2018,33,40,2018-10-07,75.375
IA,2018,34,41,2018-10-14,75.875
IA,2018,35,42,2018-10-21,77.375
IA,2018,36,43,2018-10-28,79.875
IA,2018,37,44,2018-11-04,82.75
IA,2018,38,45,2018-11-11,84.125
IA,2018,39,46,2018-11-18,85.125
IA,2018,40,47,2018-11-25,85.75
IA,2019,7,14,2019-04-07,0.0
IA,2019,8,15,2019-04-14,0.0
IA,2019,9,16,2019-04-21,0.5
IA,2019,10,17,2019-04-28,2.625
IA,2019,11,18,2019-05-05,4.625
IA,2019,12,19,2019-05-12,6.625
IA,2019,13,20,2019-05-19,11.25
IA,2019,14,21,2019-05-26,14.75
IA,2019,15,22,2019-06-02,17.25
IA,2019,16,23,2019-06-09,20.75
IA,2019,17,24,2019-06-16,23.25
IA,2019,18,25,2019-06-23,24.5
IA,2019,19,26,2019-06-30,24.75
IA,2019,20,27,2019-07-07,25.125
IA,2019,21,28,2019-07-14,26.0
IA,2019,22,29,2019-07-21,30.25
IA,2019,23,30,2019-07-28,34.5
IA,2019,24,31,2019-08-04,38.0
IA,2019,25,32,2019-08-11,41.75
IA,2019,26,33,2019-08-18,45.25
IA,2019,27,34,2019-08-25,49.375
IA,2019,28,35,2019-09-01,53.25
IA,2019,29,36,2019-09-08,56.625
IA,2019,30,37,2019-09-15,59.25
IA,2019,31,38,2019-09-22,61.875
IA,2019,32,39,2019-09-29,65.375
IA,2019,33,40,2019-10-06,68.0
IA,2019,34,41,2019-10-13,71.375
IA,2019,35,42,2019-10-20,74.25
IA,2019,36,43,2019-10-27,76.625
IA,2019,37,44,2019-11-03,79.0
IA,2019,38,45,2019-11-10,81.625
IA,2019,39,46,2019-11-17,83.25
IA,2019,40,47,2019-11-24,84.375
IA,2019,41,48,2019-12-01,85.125
IA,2020,8,15,2020-04-12,0.0
IA,2020,9,16,2020-04-19,0.25
IA,2020,10,17,2020-04-26,4.875
IA,2020,11,18,2020-05-03,10.5
IA,2020,12,19,2020-05-10,15.5
IA,2020,13,20,2020-05-17,19.75
IA,2020,14,21,2020-05-24,22.375
IA,2020,15,22,2020-05-31,23.875
IA,2020,16,23,2020-06-07,24.5
IA,2020,17,24,2020-06-14,24.75
IA,2020,18,25,2020-06-21,24.75
IA,2020,19,26,2020-06-28,24.875
IA,2020,20,27,2020-07-05,25.375
IA,2020,21,28,2020-07-12,29.25
IA,2020,22,29,2020-07-19,34.125
IA,2020,23,30,2020-07-26,38.5
IA,2020,24,31,2020-08-02,42.375
IA,2020,25,32,2020-08-09,46.375
IA,2020,26,33,2020-08-16,50.375
IA,2020,27,34,2020-08-23,54.875
IA,2020,28,35,2020-08-30,59.125
IA,2020,29,36,2020-09-06,63.125
IA,2020,30,37,2020-09-13,66.125
IA,2020,31,38,2020-09-20,69.625
IA,2020,32,39,2020-09-27,73.0
IA,2020,33,40,2020-10-04,76.125
IA,2020,34,41,2020-10-11,78.875
IA,2020,35,42,2020-10-18,82.0
IA,2020,36,43,2020-10-25,83.625
IA,2020,37,44,2020-11-01,84.75
IA,2020,38,45,2020-11-08,85.625
IA,2020,39,46,2020-11-15,86.0
IA,2020,40,47,2020-11-22,86.125
IA,2020,41,48,2020-11-29,86.25
IA,2021,6,13,2021-04-04,0.0
IA,2021,7,14,2021-04-11,0.125
IA,2021,8,15,2021-04-18,0.5
IA,2021,9,16,2021-04-25,2.5
IA,2021,10,17,2021-05-02,8.875
IA,2021,11,18,2021-05-09,13.5
IA,2021,12,19,2021-05-16,18.25
IA,2021,13,20,2021-05-23,21.5
IA,2021,14,21,2021-05-30,23.25
IA,2021,15,22,2021-06-06,24.375
IA,2021,16,23,2021-06-13,24.75
IA,2021,18,25,2021-06-27,24.75
IA,2021,19,26,2021-07-04,25.25
IA,2021,20,27,2021-07-11,27.5
IA,2021,21,28,2021-07-18,33.0
IA,2021,22,29,2021-07-25,37.5
IA,2021,23,30,2021-08-01,42.125
IA,2021,24,31,2021-08-08,46.125
IA,2021,25,32,2021-08-15,50.75
IA,2021,26,33,2021-08-22,54.25
IA,2021,27,34,2021-08-29,57.625
IA,2021,28,35,2021-09-05,60.25
IA,2021,29,36,2021-09-12,63.75
IA,2021,30,37,2021-09-19,67.25
IA,2021,31,38,2021-09-26,71.125
IA,2021,32,39,2021-10-03,74.25
IA,2021,33,40,2021-10-10,76.625
IA,2021,34,41,2021-10-17,78.5
IA,2021,35,42,2021-10-24,80.625
IA,2021,36,43,2021-10-31,81.875
IA,2021,37,44,2021-11-07,83.625
IA,2021,38,45,2021-11-14,84.5
IA,2021,39,46,2021-11-21,85.0
IA,2021,40,47,2021-11-28,85.375
IA,2022,6,13,2022-04-03,0.0
IA,2022,7,14,2022-04-10,0.0
IA,2022,8,15,2022-04-17,0.0
IA,2022,9,16,2022-04-24,0.25
IA,2022,10,17,2022-05-01,1.125
IA,2022,11,18,2022-05-08,1.75
IA,2022,12,19,2022-05-15,8.125
IA,2022,13,20,2022-05-22,16.625
IA,2022,14,21,2022-05-29,20.875
IA,2022,15,22,2022-06-05,23.125
IA,2022,16,23,2022-06-12,24.25
IA,2022,17,24,2022-06-19,24.625
IA,2022,18,25,2022-06-26,24.625
IA,2022,19,26,2022-07-03,24.875
IA,2022,20,27,2022-07-10,25.5
IA,2022,21,28,2022-07-17,28.625
IA,2022,22,29,2022-07-24,33.875
IA,2022,23,30,2022-07-31,39.375
IA,2022,24,31,2022-08-07,43.5
IA,2022,25,32,2022-08-14,47.5
IA,2022,26,33,2022-08-21,51.125
IA,2022,27,34,2022-08-28,55.125
IA,2022,28,35,2022-09-04,58.875
IA,2022,29,36,2022-09-11,62.375
IA,2022,30,37,2022-09-18,66.125
IA,2022,31,38,2022-09-25,69.625
IA,2022,32,39,2022-10-02,73.0
IA,2022,33,40,2022-10-09,75.75
IA,2022,34,41,2022-10-16,78.125
IA,2022,35,42,2022-10-23,81.0
IA,2022,36,43,2022-10-30,83.25
IA,2022,37,44,2022-11-06,84.75
IA,2022,38,45,2022-11-13,85.5
IA,2022,39,46,2022-11-20,85.75
IA,2023,6,13,2023-04-02,0.0
IA,2023,7,14,2023-04-09,0.0
IA,2023,8,15,2023-04-16,0.875
IA,2023,9,16,2023-04-23,1.25
IA,2023,10,17,2023-04-30,3.75
IA,2023,11,18,2023-05-07,9.5
IA,2023,12,19,2023-05-14,15.125
IA,2023,13,20,2023-05-21,20.0
IA,2023,14,21,2023-05-28,22.875
IA,2023,15,22,2023-06-04,24.25
IA,2023,16,23,2023-06-11,24.75
IA,2023,17,24,2023-06-18,24.875
IA,2023,18,25,2023-06-25,25.0
IA,2023,19,26,2023-07-02,25.375
IA,2023,20,27,2023-07-09,27.75
IA,2023,21,28,2023-07-16,32.0
IA,2023,22,29,2023-07-23,37.25
IA,2023,23,30,2023-07-30,41.625
IA,2023,24,31,2023-08-06,46.25
IA,2023,25,32,2023-08-13,49.875
IA,2023,26,33,2023-08-20,53.75
IA,2023,27,34,2023-08-27,57.75
IA,2023,28,35,2023-09-03,61.5
IA,2023,29,36,2023-09-10,65.875
IA,2023,30,37,2023-09-17,70.125
IA,2023,31,38,2023-09-24,73.375
IA,2023,32,39,2023-10-01,75.375
IA,2023,33,40,2023-10-08,77.625
IA,2023,34,41,2023-10-15,79.375
IA,2023,35,42,2023-10-22,81.875
IA,2023,36,43,2023-10-29,83.75
IA,2023,37,44,2023-11-05,85.25
IA,2023,38,45,2023-11-12,85.875
IA,2023,39,46,2023-11-19,86.25
IA,2023,40,47,2023-11-26,86.5
IA,2024,6,13,2024-03-31,0.0
IA,2024,7,14,2024-04-07,0.0
IA,2024,8,15,2024-04-14,0.5
IA,2024,9,16,2024-04-21,1.625
IA,2024,10,17,2024-04-28,5.125
IA,2024,11,18,2024-05-05,6.75
IA,2024,12,19,2024-05-12,10.375
IA,2024,13,20,2024-05-19,15.625
IA,2024,14,21,2024-05-26,19.25
IA,2024,15,22,2024-06-02,21.75
IA,2024,16,23,2024-06-09,23.375
IA,2024,17,24,2024-06-16,24.125
IA,2024,18,25,2024-06-23,24.375
IA,2024,19,26,2024-06-30,24.875
IA,2024,20,27,2024-07-07,26.625
IA,2024,21,28,2024-07-14,30.625
IA,2024,22,29,2024-07-21,35.125
IA,2024,23,30,2024-07-28,39.5
IA,2024,24,31,2024-08-04,43.25
IA,2024,25,32,2024-08-11,47.125
IA,2024,26,33,2024-08-18,50.5
IA,2024,27,34,2024-08-25,54.0
IA,2024,28,35,2024-09-01,57.25
IA,2024,29,36,2024-09-08,60.375
IA,2024,30,37,2024-09-15,64.625
IA,2024,31,38,2024-09-22,68.5
IA,2024,32,39,2024-09-29,71.5
IA,2024,33,40,2024-10-06,74.75
IA,2024,34,41,2024-10-13,78.5
IA,2024,35,42,2024-10-20,81.625
IA,2024,36,43,2024-10-27,83.625
IA,2024,37,44,2024-11-03,84.625
IA,2024,38,45,2024-11-10,85.0
IA,2024,39,46,2024-11-17,85.25
IA,2024,40,47,2024-11-24,85.375
IA,2025,7,14,2025-04-06,0.0
IA,2025,8,15,2025-04-13,0.25
IA,2025,9,16,2025-04-20,2.25
IA,2025,10,17,2025-04-27,4.5
IA,2025,11,18,2025-05-04,7.375
IA,2025,12,19,2025-05-11,13.25
IA,2025,13,20,2025-05-18,18.625
IA,2025,14,21,2025-05-25,21.375
IA,2025,15,22,2025-06-01,23.0
IA,2025,16,23,2025-06-08,23.875
IA,2025,17,24,2025-06-15,24.5
IA,2025,18,25,2025-06-22,25.0
IA,2025,19,26,2025-06-29,25.25
IA,2025,20,27,2025-07-06,27.0
IA,2025,21,28,2025-07-13,29.875
IA,2025,22,29,2025-07-20,34.875
IA,2025,23,30,2025-07-27,40.0
IA,2025,24,31,2025-08-03,44.0
IA,2025,25,32,2025-08-10,47.125
IA,2025,26,33,2025-08-17,50.125
IA,2025,27,34,2025-08-24,54.0
IA,2025,28,35,2025-08-31,57.5
IA,2025,29,36,2025-09-07,62.375
IA,2025,30,37,2025-09-14,66.75
IA,2025,31,38,2025-09-21,70.25
IA,2025,32,39,2025-09-28,73.125
IA,2025,39,46,2025-11-16,83.375
IA,2025,40,47,2025-11-23,83.625
ID,2016,6,13,2016-04-03,0.0
ID,2016,7,14,2016-04-10,0.125
ID,2016,8,15,2016-04-17,1.25
ID,2016,9,16,2016-04-24,3.875
ID,2016,10,17,2016-05-01,8.5
ID,2016,11,18,2016-05-08,16.625
ID,2016,12,19,2016-05-15,17.125
ID,2016,13,20,2016-05-22,17.75
ID,2016,14,21,2016-05-29,21.625
ID,2016,15,22,2016-06-05,22.375
ID,2016,16,23,2016-06-12,23.625
ID,2016,17,24,2016-06-19,24.125
ID,2016,18,25,2016-06-26,24.25
ID,2016,19,26,2016-07-03,25.0
ID,2016,20,27,2016-07-10,25.125
ID,2016,21,28,2016-07-17,28.75
ID,2016,22,29,2016-07-24,32.375
ID,2016,23,30,2016-07-31,35.0
ID,2016,24,31,2016-08-07,46.375
ID,2016,25,32,2016-08-14,50.125
ID,2016,26,33,2016-08-21,51.0
ID,2016,27,34,2016-08-28,51.875
ID,2016,28,35,2016-09-04,54.75
ID,2016,29,36,2016-09-11,57.375
ID,2016,30,37,2016-09-18,60.75
ID,2016,31,38,2016-09-25,63.125
ID,2016,32,39,2016-10-02,66.75
ID,2016,33,40,2016-10-09,70.25
ID,2016,34,41,2016-10-16,74.75
ID,2016,35,42,2016-10-23,77.375
ID,2016,36,43,2016-10-30,78.375
ID,2016,37,44,2016-11-06,79.25
ID,2016,38,45,2016-11-13,79.875
ID,2016,39,46,2016-11-20,80.875
ID,2016,40,47,2016-11-27,81.125
ID,2017,7,14,2017-04-09,0.0
ID,2017,8,15,2017-04-16,0.375
ID,2017,9,16,2017-04-23,1.25
ID,2017,10,17,2017-04-30,3.0
ID,2017,11,18,2017-05-07,4.5
ID,2017,12,19,2017-05-14,6.875
ID,2017,13,20,2017-05-21,10.375
ID,2017,14,21,2017-05-28,12.875
ID,2017,15,22,2017-06-04,17.875
ID,2017,16,23,2017-06-11,22.25
ID,2017,17,24,2017-06-18,23.625
ID,2017,18,25,2017-06-25,24.125
ID,2017,19,26,2017-07-02,24.125
ID,2017,20,27,2017-07-09,24.25
ID,2017,21,28,2017-07-16,27.0
ID,2017,22,29,2017-07-23,31.75
ID,2017,23,30,2017-07-30,35.625
ID,2017,24,31,2017-08-06,37.375
ID,2017,25,32,2017-08-13,44.125
ID,2017,26,33,2017-08-20,45.125
ID,2017,27,34,2017-08-27,49.25
ID,2017,28,35,2017-09-03,56.25
ID,2017,29,36,2017-09-10,58.75
ID,2017,30,37,2017-09-17,61.625
ID,2017,31,38,2017-09-24,63.75
ID,2017,32,39,2017-10-01,69.0
ID,2017,33,40,2017-10-08,71.0
ID,2017,34,41,2017-10-15,73.375
ID,2017,35,42,2017-10-22,73.625
ID,2017,36,43,2017-10-29,76.5
ID,2017,37,44,2017-11-05,78.125
ID,2017,38,45,2017-11-12,79.125
ID,2017,39,46,2017-11-19,81.375
ID,2017,40,47,2017-11-26,82.0
ID,2018,7,14,2018-04-08,0.0
ID,2018,8,15,2018-04-15,0.625
ID,2018,9,16,2018-04-22,2.25
ID,2018,10,17,2018-04-29,2.625
ID,2018,11,18,2018-05-06,5.0
ID,2018,12,19,2018-05-13,11.375
ID,2018,13,20,2018-05-20,17.375
ID,2018,14,21,2018-05-27,23.125
ID,2018,15,22,2018-06-03,24.0
ID,2018,16,23,2018-06-10,24.375
ID,2018,17,24,2018-06-17,24.625
ID,2018,18,25,2018-06-24,24.625
ID,2018,19,26,2018-07-01,26.5
ID,2018,20,27,2018-07-08,26.875
ID,2018,21,28,2018-07-15,32.125
ID,2018,22,29,2018-07-22,33.625
ID,2018,23,30,2018-07-29,36.625
ID,2018,24,31,2018-08-05,41.875
ID,2018,25,32,2018-08-12,49.75
ID,2018,26,33,2018-08-19,54.125
ID,2018,27,34,2018-08-26,59.125
ID,2018,28,35,2018-09-02,63.25
ID,2018,29,36,2018-09-09,66.5
ID,2018,30,37,2018-09-16,69.375
ID,2018,31,38,2018-09-23,70.75
ID,2018,32,39,2018-09-30,74.75
ID,2018,33,40,2018-10-07,77.25
ID,2018,34,41,2018-10-14,81.125
ID,2018,35,42,2018-10-21,81.375
ID,2018,36,43,2018-10-28,81.75
ID,2018,37,44,2018-11-04,82.125
ID,2018,38,45,2018-11-11,82.875
ID,2018,39,46,2018-11-18,84.375
ID,2018,40,47,2018-11-25,84.75
ID,2019,7,14,2019-04-07,0.0
ID,2019,8,15,2019-04-14,0.5
ID,2019,9,16,2019-04-21,3.125
ID,2019,10,17,2019-04-28,4.625
ID,2019,11,18,2019-05-05,8.375
ID,2019,12,19,2019-05-12,11.25
ID,2019,13,20,2019-05-19,15.5
ID,2019,14,21,2019-05-26,19.875
ID,2019,15,22,2019-06-02,21.375
ID,2019,16,23,2019-06-09,23.0
ID,2019,17,24,2019-06-16,23.875
ID,2019,18,25,2019-06-23,24.75
ID,2019,20,27,2019-07-07,25.125
ID,2019,21,28,2019-07-14,26.875
ID,2019,22,29,2019-07-21,30.0
ID,2019,23,30,2019-07-28,30.875
ID,2019,24,31,2019-08-04,37.75
ID,2019,25,32,2019-08-11,41.0
ID,2019,26,33,2019-08-18,43.5
ID,2019,27,34,2019-08-25,46.375
ID,2019,28,35,2019-09-01,50.75
ID,2019,29,36,2019-09-08,56.0
ID,2019,30,37,2019-09-15,58.875
ID,2019,31,38,2019-09-22,64.0
ID,2019,32,39,2019-09-29,69.75
ID,2019,33,40,2019-10-06,72.25
ID,2019,34,41,2019-10-13,76.0
ID,2019,35,42,2019-10-20,76.5
ID,2019,36,43,2019-10-27,78.875
ID,2019,37,44,2019-11-03,82.125
ID,2019,38,45,2019-11-10,82.375
ID,2019,39,46,2019-11-17,83.375
ID,2019,40,47,2019-11-24,84.25
ID,2020,8,15,2020-04-12,0.125
ID,2020,9,16,2020-04-19,0.5
ID,2020,10,17,2020-04-26,1.375
ID,2020,11,18,2020-05-03,5.125
ID,2020,12,19,2020-05-10,6.875
ID,2020,13,20,2020-05-17,16.375
ID,2020,14,21,2020-05-24,16.875
ID,2020,15,22,2020-05-31,21.0
ID,2020,16,23,2020-06-07,22.75
ID,2020,17,24,2020-06-14,23.75
ID,2020,18,25,2020-06-21,23.75
ID,2020,19,26,2020-06-28,23.75
ID,2020,20,27,2020-07-05,23.75
ID,2020,21,28,2020-07-12,24.5
ID,2020,22,29,2020-07-19,27.5
ID,2020,23,30,2020-07-26,31.25
ID,2020,24,31,2020-08-02,36.5
ID,2020,25,32,2020-08-09,39.875
ID,2020,26,33,2020-08-16,41.25
ID,2020,27,34,2020-08-23,46.625
ID,2020,28,35,2020-08-30,50.875
ID,2020,29,36,2020-09-06,54.875
ID,2020,30,37,2020-09-13,58.875
ID,2020,31,38,2020-09-20,62.375
ID,2020,32,39,2020-09-27,64.25
ID,2020,33,40,2020-10-04,68.125
ID,2020,34,41,2020-10-11,72.125
ID,2020,35,42,2020-10-18,74.625
ID,2020,36,43,2020-10-25,78.125
ID,2020,37,44,2020-11-01,79.625
ID,2020,38,45,2020-11-08,81.25
ID,2020,39,46,2020-11-15,83.0
ID,2020,40,47,2020-11-22,83.5
ID,2020,41,48,2020-11-29,84.625
ID,2021,8,15,2021-04-18,0.375
ID,2021,9,16,2021-04-25,1.25
ID,2021,10,17,2021-05-02,4.25
ID,2021,11,18,2021-05-09,8.125
ID,2021,12,19,2021-05-16,15.125
ID,2021,13,20,2021-05-23,18.0
ID,2021,14,21,2021-05-30,21.875
ID,2021,15,22,2021-06-06,23.125
ID,2021,16,23,2021-06-13,23.625
ID,2021,17,24,2021-06-20,24.375
ID,2021,18,25,2021-06-27,24.375
ID,2021,19,26,2021-07-04,24.625
ID,2021,20,27,2021-07-11,25.25
ID,2021,21,28,2021-07-18,28.0
ID,2021,22,29,2021-07-25,31.375
ID,2021,23,30,2021-08-01,37.5
ID,2021,24,31,2021-08-08,41.75
ID,2021,25,32,2021-08-15,47.375
ID,2021,26,33,2021-08-22,52.625
ID,2021,27,34,2021-08-29,57.25
ID,2021,28,35,2021-09-05,63.375
ID,2021,29,36,2021-09-12,66.625
ID,2021,30,37,2021-09-19,68.375
ID,2021,31,38,2021-09-26,69.25
ID,2021,32,39,2021-10-03,70.125
ID,2021,33,40,2021-10-10,72.0
ID,2021,34,41,2021-10-17,75.25
ID,2021,35,42,2021-10-24,76.5
ID,2021,36,43,2021-10-31,77.875
ID,2021,37,44,2021-11-07,80.0
ID,2021,38,45,2021-11-14,81.0
ID,2021,39,46,2021-11-21,82.75
ID,2021,40,47,2021-11-28,84.0
ID,2022,8,15,2022-04-17,0.0
ID,2022,9,16,2022-04-24,0.625
ID,2022,10,17,2022-05-01,1.125
ID,2022,11,18,2022-05-08,3.875
ID,2022,12,19,2022-05-15,9.25
ID,2022,13,20,2022-05-22,14.0
ID,2022,14,21,2022-05-29,17.0
ID,2022,15,22,2022-06-05,20.25
ID,2022,16,23,2022-06-12,22.75
ID,2022,17,24,2022-06-19,24.125
ID,2022,27,34,2022-08-28,24.125
ID,2022,28,35,2022-09-04,24.25
ID,2022,29,36,2022-09-11,24.5
ID,2022,30,37,2022-09-18,24.125
ID,2022,31,38,2022-09-25,24.125
ID,2022,32,39,2022-10-02,24.125
ID,2022,33,40,2022-10-09,24.5
ID,2022,34,41,2022-10-16,26.0
ID,2022,35,42,2022-10-23,27.0
ID,2022,36,43,2022-10-30,28.5
ID,2022,37,44,2022-11-06,30.125
ID,2022,38,45,2022-11-13,32.25
ID,2022,39,46,2022-11-20,33.5
ID,2022,40,47,2022-11-27,34.75
ID,2023,8,15,2023-04-16,0.0
ID,2023,9,16,2023-04-23,0.125
ID,2023,10,17,2023-04-30,0.375
ID,2023,11,18,2023-05-07,3.875
ID,2023,12,19,2023-05-14,8.875
ID,2023,13,20,2023-05-21,15.25
ID,2023,14,21,2023-05-28,18.75
ID,2023,15,22,2023-06-04,21.625
ID,2023,16,23,2023-06-11,22.875
ID,2023,17,24,2023-06-18,23.875
ID,2023,27,34,2023-08-27,24.25
ID,2023,28,35,2023-09-03,25.125
ID,2023,29,36,2023-09-10,23.875
ID,2023,30,37,2023-09-17,23.875
ID,2023,31,38,2023-09-24,24.5
ID,2023,32,39,2023-10-01,25.75
ID,2023,33,40,2023-10-08,26.125
ID,2023,34,41,2023-10-15,26.375
ID,2023,35,42,2023-10-22,27.0
ID,2023,36,43,2023-10-29,28.25
ID,2023,37,44,2023-11-05,30.125
ID,2023,38,45,2023-11-12,32.25
ID,2023,39,46,2023-11-19,33.875
ID,2023,40,47,2023-11-26,35.125
ID,2024,8,15,2024-04-14,0.125
ID,2024,9,16,2024-04-21,1.25
ID,2024,10,17,2024-04-28,2.75
ID,2024,11,18,2024-05-05,4.75
ID,2024,12,19,2024-05-12,8.75
ID,2024,13,20,2024-05-19,14.375
ID,2024,14,21,2024-05-26,16.5
ID,2024,15,22,2024-06-02,21.25
ID,2024,16,23,2024-06-09,22.125
ID,2024,17,24,2024-06-16,23.75
ID,2024,27,34,2024-08-25,23.875
ID,2024,28,35,2024-09-01,24.75
ID,2024,29,36,2024-09-08,25.0
ID,2024,30,37,2024-09-15,23.75
ID,2024,31,38,2024-09-22,23.75
ID,2024,32,39,2024-09-29,23.75
ID,2024,33,40,2024-10-06,24.25
ID,2024,34,41,2024-10-13,25.0
ID,2024,35,42,2024-10-20,26.0
ID,2024,36,43,2024-10-27,27.5
ID,2024,37,44,2024-11-03,29.875
ID,2024,38,45,2024-11-10,31.5
ID,2024,39,46,2024-11-17,33.25
ID,2024,40,47,2024-11-24,34.5
ID,2025,8,15,2025-04-13,0.0
ID,2025,9,16,2025-04-20,0.375
ID,2025,10,17,2025-04-27,1.25
ID,2025,11,18,2025-05-04,3.875
ID,2025,12,19,2025-05-11,9.375
ID,2025,13,20,2025-05-18,12.75
ID,2025,14,21,2025-05-25,16.75
ID,2025,15,22,2025-06-01,19.75
ID,2025,16,23,2025-06-08,22.125
ID,2025,17,24,2025-06-15,24.0
ID,2025,25,32,2025-08-10,24.0
ID,2025,26,33,2025-08-17,24.0
ID,2025,27,34,2025-08-24,24.0
ID,2025,28,35,2025-08-31,24.125
ID,2025,29,36,2025-09-07,25.125
ID,2025,30,37,2025-09-14,24.0
ID,2025,31,38,2025-09-21,24.0
ID,2025,32,39,2025-09-28,24.125
ID,2025,39,46,2025-11-16,34.625
ID,2025,40,47,2025-11-23,35.5
IL,2016,6,13,2016-04-03,0.0
IL,2016,7,14,2016-04-10,0.25
IL,2016,8,15,2016-04-17,1.5
IL,2016,9,16,2016-04-24,5.75
IL,2016,10,17,2016-05-01,11.375
IL,2016,11,18,2016-05-08,15.5
IL,2016,12,19,2016-05-15,18.375
IL,2016,13,20,2016-05-22,20.75
IL,2016,14,21,2016-05-29,22.625
IL,2016,15,22,2016-06-05,23.625
IL,2016,16,23,2016-06-12,24.25
IL,2016,17,24,2016-06-19,24.25
IL,2016,18,25,2016-06-26,24.75
IL,2016,19,26,2016-07-03,27.0
IL,2016,20,27,2016-07-10,30.875
IL,2016,21,28,2016-07-17,34.5
IL,2016,22,29,2016-07-24,37.75
IL,2016,23,30,2016-07-31,41.125
IL,2016,24,31,2016-08-07,45.0
IL,2016,25,32,2016-08-14,49.75
IL,2016,26,33,2016-08-21,53.875
IL,2016,27,34,2016-08-28,58.0
IL,2016,28,35,2016-09-04,62.125
IL,2016,29,36,2016-09-11,65.875
IL,2016,30,37,2016-09-18,69.75
IL,2016,31,38,2016-09-25,75.125
IL,2016,32,39,2016-10-02,78.625
IL,2016,33,40,2016-10-09,81.25
IL,2016,34,41,2016-10-16,82.75
IL,2016,35,42,2016-10-23,84.0
IL,2016,36,43,2016-10-30,85.0
IL,2016,37,44,2016-11-06,85.375
IL,2016,38,45,2016-11-13,85.75
IL,2016,39,46,2016-11-20,86.125
IL,2017,7,14,2017-04-09,0.125
IL,2017,8,15,2017-04-16,0.75
IL,2017,9,16,2017-04-23,4.875
IL,2017,10,17,2017-04-30,10.375
IL,2017,11,18,2017-05-07,11.75
IL,2017,12,19,2017-05-14,15.25
IL,2017,13,20,2017-05-21,19.5
IL,2017,14,21,2017-05-28,21.625
IL,2017,15,22,2017-06-04,23.5
IL,2017,16,23,2017-06-11,24.25
IL,2017,17,24,2017-06-18,24.75
IL,2017,18,25,2017-06-25,25.0
IL,2017,19,26,2017-07-02,26.25
IL,2017,20,27,2017-07-09,28.875
IL,2017,21,28,2017-07-16,32.625
IL,2017,22,29,2017-07-23,36.0
IL,2017,23,30,2017-07-30,41.0
IL,2017,24,31,2017-08-06,45.125
IL,2017,25,32,2017-08-13,50.125
IL,2017,26,33,2017-08-20,53.75
IL,2017,27,34,2017-08-27,56.0
IL,2017,28,35,2017-09-03,59.25
IL,2017,29,36,2017-09-10,63.5
IL,2017,30,37,2017-09-17,66.375
IL,2017,31,38,2017-09-24,70.0
IL,2017,32,39,2017-10-01,73.625
IL,2017,33,40,2017-10-08,77.875
IL,2017,34,41,2017-10-15,79.625
IL,2017,35,42,2017-10-22,82.125
IL,2017,36,43,2017-10-29,83.5
IL,2017,37,44,2017-11-05,84.75
IL,2017,38,45,2017-11-12,85.625
IL,2017,39,46,2017-11-19,86.25
IL,2017,40,47,2017-11-26,86.625
IL,2018,6,13,2018-04-01,0.0
IL,2018,7,14,2018-04-08,0.0
IL,2018,8,15,2018-04-15,0.0
IL,2018,9,16,2018-04-22,0.5
IL,2018,10,17,2018-04-29,4.0
IL,2018,11,18,2018-05-06,11.0
IL,2018,12,19,2018-05-13,19.125
IL,2018,13,20,2018-05-20,22.5
IL,2018,14,21,2018-05-27,23.625
IL,2018,15,22,2018-06-03,23.875
IL,2018,16,23,2018-06-10,24.375
IL,2018,17,24,2018-06-17,25.0
IL,2018,18,25,2018-06-24,25.25
IL,2018,19,26,2018-07-01,30.0
IL,2018,20,27,2018-07-08,34.5
IL,2018,21,28,2018-07-15,37.5
IL,2018,22,29,2018-07-22,41.25
IL,2018,23,30,2018-07-29,46.25
IL,2018,24,31,2018-08-05,50.25
IL,2018,25,32,2018-08-12,54.375
IL,2018,26,33,2018-08-19,57.25
IL,2018,27,34,2018-08-26,61.0
IL,2018,28,35,2018-09-02,65.875
IL,2018,29,36,2018-09-09,69.5
IL,2018,30,37,2018-09-16,73.375
IL,2018,31,38,2018-09-23,76.625
IL,2018,32,39,2018-09-30,80.5
IL,2018,33,40,2018-10-07,82.875
IL,2018,34,41,2018-10-14,83.875
IL,2018,35,42,2018-10-21,85.25
IL,2018,36,43,2018-10-28,86.125
IL,2018,37,44,2018-11-04,86.625
IL,2018,38,45,2018-11-11,87.0
IL,2018,39,46,2018-11-18,87.5
IL,2018,40,47,2018-11-25,87.5
IL,2019,6,13,2019-03-31,0.0
IL,2019,7,14,2019-04-07,0.0
IL,2019,8,15,2019-04-14,0.0
IL,2019,9,16,2019-04-21,0.125
IL,2019,10,17,2019-04-28,1.125
IL,2019,11,18,2019-05-05,1.5
IL,2019,12,19,2019-05-12,1.875
IL,2019,13,20,2019-05-19,4.375
IL,2019,14,21,2019-05-26,6.875
IL,2019,15,22,2019-06-02,9.625
IL,2019,16,23,2019-06-09,15.5
IL,2019,17,24,2019-06-16,20.25
IL,2019,18,25,2019-06-23,22.0
IL,2019,19,26,2019-06-30,23.0
IL,2019,20,27,2019-07-07,24.25
IL,2019,21,28,2019-07-14,26.125
IL,2019,22,29,2019-07-21,28.375
IL,2019,23,30,2019-07-28,33.125
IL,2019,24,31,2019-08-04,37.5
IL,2019,25,32,2019-08-11,40.75
IL,2019,26,33,2019-08-18,44.125
IL,2019,27,34,2019-08-25,49.375
IL,2019,28,35,2019-09-01,52.0
IL,2019,29,36,2019-09-08,54.375
IL,2019,30,37,2019-09-15,57.75
IL,2019,31,38,2019-09-22,61.0
IL,2019,32,39,2019-09-29,64.0
IL,2019,33,40,2019-10-06,68.25
IL,2019,34,41,2019-10-13,71.875
IL,2019,35,42,2019-10-20,75.375
IL,2019,36,43,2019-10-27,78.25
IL,2019,37,44,2019-11-03,79.0
IL,2019,38,45,2019-11-10,80.625
IL,2019,39,46,2019-11-17,81.75
IL,2019,40,47,2019-11-24,82.75
IL,2019,41,48,2019-12-01,83.375
IL,2020,8,15,2020-04-12,0.125
IL,2020,9,16,2020-04-19,1.0
IL,2020,10,17,2020-04-26,4.75
IL,2020,11,18,2020-05-03,8.125
IL,2020,12,19,2020-05-10,11.375
IL,2020,13,20,2020-05-17,15.75
IL,2020,14,21,2020-05-24,19.375
IL,2020,15,22,2020-05-31,21.0
IL,2020,16,23,2020-06-07,23.5
IL,2020,17,24,2020-06-14,24.25
IL,2020,18,25,2020-06-21,24.25
IL,2020,19,26,2020-06-28,24.375
IL,2020,20,27,2020-07-05,25.5
IL,2020,21,28,2020-07-12,28.875
IL,2020,22,29,2020-07-19,34.0
IL,2020,23,30,2020-07-26,38.125
IL,2020,24,31,2020-08-02,41.75
IL,2020,25,32,2020-08-09,46.25
IL,2020,26,33,2020-08-16,49.5
IL,2020,27,34,2020-08-23,54.375
IL,2020,28,35,2020-08-30,59.25
IL,2020,29,36,2020-09-06,62.875
IL,2020,30,37,2020-09-13,65.625
IL,2020,31,38,2020-09-20,68.625
IL,2020,32,39,2020-09-27,72.25
IL,2020,33,40,2020-10-04,75.875
IL,2020,34,41,2020-10-11,79.0
IL,2020,35,42,2020-10-18,82.125
IL,2020,36,43,2020-10-25,83.875
IL,2020,37,44,2020-11-01,85.0
IL,2020,38,45,2020-11-08,85.75
IL,2020,39,46,2020-11-15,86.25
IL,2021,6,13,2021-04-04,0.0
IL,2021,7,14,2021-04-11,0.625
IL,2021,8,15,2021-04-18,1.5
IL,2021,9,16,2021-04-25,3.125
IL,2021,10,17,2021-05-02,8.5
IL,2021,11,18,2021-05-09,13.625
IL,2021,12,19,2021-05-16,18.125
IL,2021,13,20,2021-05-23,20.5
IL,2021,14,21,2021-05-30,22.625
IL,2021,15,22,2021-06-06,23.5
IL,2021,16,23,2021-06-13,24.125
IL,2021,18,25,2021-06-27,24.125
IL,2021,19,26,2021-07-04,25.875
IL,2021,20,27,2021-07-11,30.5
IL,2021,21,28,2021-07-18,34.875
IL,2021,22,29,2021-07-25,38.0
IL,2021,23,30,2021-08-01,42.25
IL,2021,24,31,2021-08-08,44.875
IL,2021,25,32,2021-08-15,49.625
IL,2021,26,33,2021-08-22,53.125
IL,2021,27,34,2021-08-29,55.875
IL,2021,28,35,2021-09-05,62.375
IL,2021,29,36,2021-09-12,66.375
IL,2021,30,37,2021-09-19,70.625
IL,2021,31,38,2021-09-26,73.375
IL,2021,32,39,2021-10-03,77.375
IL,2021,33,40,2021-10-10,79.25
IL,2021,34,41,2021-10-17,80.375
IL,2021,35,42,2021-10-24,82.375
IL,2021,36,43,2021-10-31,82.75
IL,2021,37,44,2021-11-07,83.875
IL,2021,38,45,2021-11-14,84.5
IL,2021,39,46,2021-11-21,84.625
IL,2022,6,13,2022-04-03,0.0
IL,2022,7,14,2022-04-10,0.0
IL,2022,8,15,2022-04-17,0.0
IL,2022,9,16,2022-04-24,0.25
IL,2022,10,17,2022-05-01,0.875
IL,2022,11,18,2022-05-08,2.0
IL,2022,12,19,2022-05-15,8.5
IL,2022,13,20,2022-05-22,15.75
IL,2022,14,21,2022-05-29,20.625
IL,2022,15,22,2022-06-05,23.0
IL,2022,16,23,2022-06-12,24.25
IL,2022,17,24,2022-06-19,24.375
IL,2022,18,25,2022-06-26,24.375
IL,2022,19,26,2022-07-03,24.875
IL,2022,20,27,2022-07-10,26.25
IL,2022,21,28,2022-07-17,32.625
IL,2022,22,29,2022-07-24,36.625
IL,2022,23,30,2022-07-31,39.625
IL,2022,24,31,2022-08-07,43.5
IL,2022,25,32,2022-08-14,46.625
IL,2022,26,33,2022-08-21,51.0
IL,2022,27,34,2022-08-28,53.125
IL,2022,28,35,2022-09-04,56.75
IL,2022,29,36,2022-09-11,58.5
IL,2022,30,37,2022-09-18,61.125
IL,2022,31,38,2022-09-25,65.125
IL,2022,32,39,2022-10-02,68.5
IL,2022,33,40,2022-10-09,73.0
IL,2022,34,41,2022-10-16,77.125
IL,2022,35,42,2022-10-23,80.0
IL,2022,36,43,2022-10-30,82.125
IL,2022,37,44,2022-11-06,83.375
IL,2022,38,45,2022-11-13,84.125
IL,2022,39,46,2022-11-20,84.5
IL,2023,6,13,2023-04-02,0.0
IL,2023,7,14,2023-04-09,0.125
IL,2023,8,15,2023-04-16,1.25
IL,2023,9,16,2023-04-23,2.25
IL,2023,10,17,2023-04-30,5.5
IL,2023,11,18,2023-05-07,11.25
IL,2023,12,19,2023-05-14,16.125
IL,2023,13,20,2023-05-21,19.875
IL,2023,14,21,2023-05-28,22.375
IL,2023,15,22,2023-06-04,23.375
IL,2023,16,23,2023-06-11,24.125
IL,2023,17,24,2023-06-18,24.25
IL,2023,18,25,2023-06-25,24.375
IL,2023,19,26,2023-07-02,24.875
IL,2023,20,27,2023-07-09,27.75
IL,2023,21,28,2023-07-16,33.875
IL,2023,22,29,2023-07-23,37.5
IL,2023,23,30,2023-07-30,40.5
IL,2023,24,31,2023-08-06,43.5
IL,2023,25,32,2023-08-13,47.875
IL,2023,26,33,2023-08-20,51.625
IL,2023,27,34,2023-08-27,54.875
IL,2023,28,35,2023-09-03,57.75
IL,2023,29,36,2023-09-10,65.25
IL,2023,30,37,2023-09-17,70.125
IL,2023,31,38,2023-09-24,72.375
IL,2023,32,39,2023-10-01,75.375
IL,2023,33,40,2023-10-08,78.25
IL,2023,34,41,2023-10-15,79.75
IL,2023,35,42,2023-10-22,82.0
IL,2023,36,43,2023-10-29,83.375
IL,2023,37,44,2023-11-05,84.5
IL,2023,38,45,2023-11-12,85.125
IL,2023,39,46,2023-11-19,85.375
IL,2023,40,47,2023-11-26,85.625
IL,2024,5,12,2024-03-24,0.0
IL,2024,6,13,2024-03-31,0.125
IL,2024,7,14,2024-04-07,0.25
IL,2024,8,15,2024-04-14,0.375
IL,2024,9,16,2024-04-21,1.5
IL,2024,10,17,2024-04-28,3.875
IL,2024,11,18,2024-05-05,5.625
IL,2024,12,19,2024-05-12,8.375
IL,2024,13,20,2024-05-19,14.5
IL,2024,14,21,2024-05-26,18.125
IL,2024,15,22,2024-06-02,20.875
IL,2024,16,23,2024-06-09,22.5
IL,2024,17,24,2024-06-16,23.75
IL,2024,18,25,2024-06-23,24.25
IL,2024,19,26,2024-06-30,26.25
IL,2024,20,27,2024-07-07,29.125
IL,2024,21,28,2024-07-14,32.875
IL,2024,22,29,2024-07-21,36.375
IL,2024,23,30,2024-07-28,39.25
IL,2024,24,31,2024-08-04,43.375
IL,2024,25,32,2024-08-11,47.0
IL,2024,26,33,2024-08-18,52.125
IL,2024,27,34,2024-08-25,56.875
IL,2024,28,35,2024-09-01,60.0
IL,2024,29,36,2024-09-08,64.0
IL,2024,30,37,2024-09-15,68.875
IL,2024,31,38,2024-09-22,71.375
IL,2024,32,39,2024-09-29,74.125
IL,2024,33,40,2024-10-06,76.625
IL,2024,34,41,2024-10-13,79.125
IL,2024,35,42,2024-10-20,81.625
IL,2024,36,43,2024-10-27,84.125
IL,2024,37,44,2024-11-03,85.125
IL,2024,38,45,2024-11-10,85.375
IL,2025,6,13,2025-03-30,0.0
IL,2025,7,14,2025-04-06,0.0
IL,2025,8,15,2025-04-13,0.125
IL,2025,9,16,2025-04-20,0.875
IL,2025,10,17,2025-04-27,2.25
IL,2025,11,18,2025-05-04,5.0
IL,2025,12,19,2025-05-11,9.875
IL,2025,13,20,2025-05-18,16.0
IL,2025,14,21,2025-05-25,19.0
IL,2025,15,22,2025-06-01,21.625
IL,2025,16,23,2025-06-08,23.25
IL,2025,17,24,2025-06-15,23.75
IL,2025,18,25,2025-06-22,24.125
IL,2025,19,26,2025-06-29,25.125
IL,2025,20,27,2025-07-06,26.75
IL,2025,21,28,2025-07-13,30.5
IL,2025,22,29,2025-07-20,35.75
IL,2025,23,30,2025-07-27,39.875
IL,2025,24,31,2025-08-03,42.75
IL,2025,25,32,2025-08-10,47.125
IL,2025,26,33,2025-08-17,50.75
IL,2025,27,34,2025-08-24,55.625
IL,2025,28,35,2025-08-31,59.25
IL,2025,29,36,2025-09-07,63.125
IL,2025,30,37,2025-09-14,67.125
IL,2025,31,38,2025-09-21,70.75
IL,2025,32,39,2025-09-28,74.125
IL,2025,39,46,2025-11-16,83.75
IL,2025,40,47,2025-11-23,83.875
IN,2016,7,14,2016-04-10,0.0
IN,2016,8,15,2016-04-17,0.125
IN,2016,9,16,2016-04-24,1.375
IN,2016,10,17,2016-05-01,4.25
IN,2016,11,18,2016-05-08,6.625
IN,2016,12,19,2016-05-15,9.125
IN,2016,13,20,2016-05-22,12.625
IN,2016,14,21,2016-05-29,18.25
IN,2016,15,22,2016-06-05,21.75
IN,2016,16,23,2016-06-12,23.625
IN,2016,17,24,2016-06-19,24.75
IN,2016,18,25,2016-06-26,25.0
IN,2016,19,26,2016-07-03,25.75
IN,2016,20,27,2016-07-10,27.375
IN,2016,21,28,2016-07-17,30.75
IN,2016,22,29,2016-07-24,35.375
IN,2016,23,30,2016-07-31,39.25
IN,2016,24,31,2016-08-07,43.625
IN,2016,25,32,2016-08-14,48.125
IN,2016,26,33,2016-08-21,52.625
IN,2016,27,34,2016-08-28,58.0
IN,2016,28,35,2016-09-04,60.75
IN,2016,29,36,2016-09-11,64.375
IN,2016,30,37,2016-09-18,68.375
IN,2016,31,38,2016-09-25,72.125
IN,2016,32,39,2016-10-02,74.875
IN,2016,33,40,2016-10-09,77.5
IN,2016,34,41,2016-10-16,79.625
IN,2016,35,42,2016-10-23,81.125
IN,2016,36,43,2016-10-30,82.625
IN,2016,37,44,2016-11-06,84.0
IN,2016,38,45,2016-11-13,84.875
IN,2016,39,46,2016-11-20,85.25
IN,2016,40,47,2016-11-27,85.5
IN,2017,7,14,2017-04-09,0.0
IN,2017,8,15,2017-04-16,0.5
IN,2017,9,16,2017-04-23,2.125
IN,2017,10,17,2017-04-30,6.875
IN,2017,11,18,2017-05-07,8.625
IN,2017,12,19,2017-05-14,10.625
IN,2017,13,20,2017-05-21,15.125
IN,2017,14,21,2017-05-28,17.625
IN,2017,15,22,2017-06-04,20.625
IN,2017,16,23,2017-06-11,23.0
IN,2017,17,24,2017-06-18,24.0
IN,2017,18,25,2017-06-25,24.625
IN,2017,19,26,2017-07-02,25.375
IN,2017,20,27,2017-07-09,26.75
IN,2017,21,28,2017-07-16,29.25
IN,2017,22,29,2017-07-23,33.375
IN,2017,23,30,2017-07-30,37.875
IN,2017,24,31,2017-08-06,42.25
IN,2017,25,32,2017-08-13,47.5
IN,2017,26,33,2017-08-20,51.875
IN,2017,27,34,2017-08-27,55.375
IN,2017,28,35,2017-09-03,60.125
IN,2017,29,36,2017-09-10,61.75
IN,2017,30,37,2017-09-17,65.125
IN,2017,31,38,2017-09-24,68.375
IN,2017,32,39,2017-10-01,71.5
IN,2017,33,40,2017-10-08,74.125
IN,2017,34,41,2017-10-15,76.5
IN,2017,35,42,2017-10-22,78.5
IN,2017,36,43,2017-10-29,80.625
IN,2017,37,44,2017-11-05,82.0
IN,2017,38,45,2017-11-12,83.25
IN,2017,39,46,2017-11-19,84.125
IN,2017,40,47,2017-11-26,84.875
IN,2018,7,14,2018-04-08,0.0
IN,2018,8,15,2018-04-15,0.0
IN,2018,9,16,2018-04-22,0.125
IN,2018,10,17,2018-04-29,1.0
IN,2018,11,18,2018-05-06,5.625
IN,2018,12,19,2018-05-13,13.125
IN,2018,13,20,2018-05-20,18.625
IN,2018,14,21,2018-05-27,22.0
IN,2018,15,22,2018-06-03,23.375
IN,2018,16,23,2018-06-10,24.375
IN,2018,17,24,2018-06-17,24.625
IN,2018,18,25,2018-06-24,24.875
IN,2018,19,26,2018-07-01,26.875
IN,2018,20,27,2018-07-08,30.75
IN,2018,21,28,2018-07-15,33.875
IN,2018,22,29,2018-07-22,36.125
IN,2018,23,30,2018-07-29,40.5
IN,2018,24,31,2018-08-05,44.375
IN,2018,25,32,2018-08-12,49.75
IN,2018,26,33,2018-08-19,53.875
IN,2018,27,34,2018-08-26,59.5
IN,2018,28,35,2018-09-02,65.75
IN,2018,29,36,2018-09-09,65.625
IN,2018,30,37,2018-09-16,69.875
IN,2018,31,38,2018-09-23,74.25
IN,2018,32,39,2018-09-30,76.625
IN,2018,33,40,2018-10-07,78.625
IN,2018,34,41,2018-10-14,80.75
IN,2018,35,42,2018-10-21,82.5
IN,2018,36,43,2018-10-28,84.0
IN,2018,37,44,2018-11-04,84.75
IN,2018,38,45,2018-11-11,85.375
IN,2018,39,46,2018-11-18,85.875
IN,2018,40,47,2018-11-25,86.25
IN,2019,7,14,2019-04-07,0.0
IN,2019,8,15,2019-04-14,0.125
IN,2019,9,16,2019-04-21,0.125
IN,2019,10,17,2019-04-28,0.25
IN,2019,11,18,2019-05-05,0.375
IN,2019,12,19,2019-05-12,0.875
IN,2019,13,20,2019-05-19,2.25
IN,2019,14,21,2019-05-26,4.0
IN,2019,15,22,2019-06-02,6.125
IN,2019,16,23,2019-06-09,12.75
IN,2019,17,24,2019-06-16,18.125
IN,2019,18,25,2019-06-23,21.25
IN,2019,19,26,2019-06-30,22.875
IN,2019,20,27,2019-07-07,24.0
IN,2019,21,28,2019-07-14,25.875
IN,2019,22,29,2019-07-21,27.875
IN,2019,23,30,2019-07-28,31.0
IN,2019,24,31,2019-08-04,34.5
IN,2019,25,32,2019-08-11,38.5
IN,2019,26,33,2019-08-18,42.375
IN,2019,27,34,2019-08-25,46.25
IN,2019,28,35,2019-09-01,49.25
IN,2019,29,36,2019-09-08,54.125
IN,2019,30,37,2019-09-15,58.25
IN,2019,31,38,2019-09-22,62.125
IN,2019,32,39,2019-09-29,66.625
IN,2019,33,40,2019-10-06,70.25
IN,2019,34,41,2019-10-13,73.875
IN,2019,35,42,2019-10-20,77.625
IN,2019,36,43,2019-10-27,80.25
IN,2019,37,44,2019-11-03,81.75
IN,2019,38,45,2019-11-10,84.0
IN,2019,39,46,2019-11-17,85.0
IN,2019,40,47,2019-11-24,86.125
IN,2019,41,48,2019-12-01,86.625
IN,2020,8,15,2020-04-12,0.125
IN,2020,9,16,2020-04-19,0.5
IN,2020,10,17,2020-04-26,2.375
IN,2020,11,18,2020-05-03,4.625
IN,2020,12,19,2020-05-10,8.0
IN,2020,13,20,2020-05-17,12.875
IN,2020,14,21,2020-05-24,16.875
IN,2020,15,22,2020-05-31,20.0
IN,2020,16,23,2020-06-07,22.5
IN,2020,17,24,2020-06-14,24.25
IN,2020,18,25,2020-06-21,24.75
IN,2020,19,26,2020-06-28,25.25
IN,2020,20,27,2020-07-05,25.875
IN,2020,21,28,2020-07-12,28.75
IN,2020,22,29,2020-07-19,33.125
IN,2020,23,30,2020-07-26,37.625
IN,2020,24,31,2020-08-02,41.25
IN,2020,25,32,2020-08-09,44.625
IN,2020,26,33,2020-08-16,48.375
IN,2020,27,34,2020-08-23,53.375
IN,2020,28,35,2020-08-30,58.875
IN,2020,29,36,2020-09-06,65.375
IN,2020,30,37,2020-09-13,64.625
IN,2020,31,38,2020-09-20,68.25
IN,2020,32,39,2020-09-27,71.75
IN,2020,33,40,2020-10-04,75.625
IN,2020,34,41,2020-10-11,78.125
IN,2020,35,42,2020-10-18,80.375
IN,2020,36,43,2020-10-25,82.75
IN,2020,37,44,2020-11-01,84.125
IN,2020,38,45,2020-11-08,85.75
IN,2020,39,46,2020-11-15,86.625
IN,2020,40,47,2020-11-22,87.0
IN,2020,41,48,2020-11-29,87.5
IN,2021,6,13,2021-04-04,0.0
IN,2021,7,14,2021-04-11,0.25
IN,2021,8,15,2021-04-18,0.875
IN,2021,9,16,2021-04-25,2.0
IN,2021,10,17,2021-05-02,5.0
IN,2021,11,18,2021-05-09,8.0
IN,2021,12,19,2021-05-16,12.0
IN,2021,13,20,2021-05-23,17.125
IN,2021,14,21,2021-05-30,21.25
IN,2021,15,22,2021-06-06,23.125
IN,2021,16,23,2021-06-13,24.375
IN,2021,17,24,2021-06-20,24.875
IN,2021,18,25,2021-06-27,25.0
IN,2021,19,26,2021-07-04,25.75
IN,2021,20,27,2021-07-11,28.375
IN,2021,21,28,2021-07-18,33.25
IN,2021,22,29,2021-07-25,37.5
IN,2021,23,30,2021-08-01,40.375
IN,2021,24,31,2021-08-08,43.75
IN,2021,25,32,2021-08-15,49.0
IN,2021,26,33,2021-08-22,53.75
IN,2021,27,34,2021-08-29,59.0
IN,2021,28,35,2021-09-05,64.0
IN,2021,29,36,2021-09-12,65.375
IN,2021,30,37,2021-09-19,69.625
IN,2021,31,38,2021-09-26,72.875
IN,2021,32,39,2021-10-03,76.625
IN,2021,33,40,2021-10-10,78.625
IN,2021,34,41,2021-10-17,80.125
IN,2021,35,42,2021-10-24,82.0
IN,2021,36,43,2021-10-31,82.625
IN,2021,37,44,2021-11-07,84.25
IN,2021,38,45,2021-11-14,85.5
IN,2021,39,46,2021-11-21,86.25
IN,2021,40,47,2021-11-28,86.75
IN,2022,6,13,2022-04-03,0.0
IN,2022,7,14,2022-04-10,0.0
IN,2022,8,15,2022-04-17,0.0
IN,2022,9,16,2022-04-24,0.125
IN,2022,10,17,2022-05-01,0.75
IN,2022,11,18,2022-05-08,1.5
IN,2022,12,19,2022-05-15,6.125
IN,2022,13,20,2022-05-22,12.0
IN,2022,14,21,2022-05-29,17.375
IN,2022,15,22,2022-06-05,21.0
IN,2022,16,23,2022-06-12,23.25
IN,2022,17,24,2022-06-19,24.5
IN,2022,18,25,2022-06-26,25.0
IN,2022,19,26,2022-07-03,25.5
IN,2022,20,27,2022-07-10,27.0
IN,2022,21,28,2022-07-17,30.25
IN,2022,22,29,2022-07-24,34.875
IN,2022,23,30,2022-07-31,38.75
IN,2022,24,31,2022-08-07,42.25
IN,2022,25,32,2022-08-14,45.375
IN,2022,26,33,2022-08-21,49.75
IN,2022,27,34,2022-08-28,54.5
IN,2022,28,35,2022-09-04,60.875
IN,2022,29,36,2022-09-11,60.625
IN,2022,30,37,2022-09-18,64.5
IN,2022,31,38,2022-09-25,68.125
IN,2022,32,39,2022-10-02,72.375
IN,2022,33,40,2022-10-09,76.25
IN,2022,34,41,2022-10-16,78.875
IN,2022,35,42,2022-10-23,81.125
IN,2022,36,43,2022-10-30,83.75
IN,2022,37,44,2022-11-06,85.375
IN,2022,38,45,2022-11-13,86.375
IN,2022,39,46,2022-11-20,86.875
IN,2022,40,47,2022-11-27,87.375
IN,2023,6,13,2023-04-02,0.0
IN,2023,7,14,2023-04-09,0.0
IN,2023,8,15,2023-04-16,0.375
IN,2023,9,16,2023-04-23,1.125
IN,2023,10,17,2023-04-30,2.625
IN,2023,11,18,2023-05-07,5.25
IN,2023,12,19,2023-05-14,9.75
IN,2023,13,20,2023-05-21,15.5
IN,2023,14,21,2023-05-28,20.375
IN,2023,15,22,2023-06-04,22.75
IN,2023,16,23,2023-06-11,24.25
IN,2023,17,24,2023-06-18,24.75
IN,2023,18,25,2023-06-25,25.375
IN,2023,19,26,2023-07-02,25.875
IN,2023,20,27,2023-07-09,26.875
IN,2023,21,28,2023-07-16,30.5
IN,2023,22,29,2023-07-23,34.375
IN,2023,23,30,2023-07-30,38.125
IN,2023,24,31,2023-08-06,41.125
IN,2023,25,32,2023-08-13,43.875
IN,2023,26,33,2023-08-20,47.625
IN,2023,27,34,2023-08-27,53.125
IN,2023,28,35,2023-09-03,58.25
IN,2023,29,36,2023-09-10,59.75
IN,2023,30,37,2023-09-17,64.625
IN,2023,31,38,2023-09-24,68.875
IN,2023,32,39,2023-10-01,72.375
IN,2023,33,40,2023-10-08,75.375
IN,2023,34,41,2023-10-15,77.75
IN,2023,35,42,2023-10-22,79.75
IN,2023,36,43,2023-10-29,81.875
IN,2023,37,44,2023-11-05,83.5
IN,2023,38,45,2023-11-12,85.25
IN,2023,39,46,2023-11-19,86.25
IN,2023,40,47,2023-11-26,86.875
IN,2024,6,13,2024-03-31,0.0
IN,2024,7,14,2024-04-07,0.0
IN,2024,8,15,2024-04-14,0.125
IN,2024,9,16,2024-04-21,0.25
IN,2024,10,17,2024-04-28,1.0
IN,2024,11,18,2024-05-05,3.25
IN,2024,12,19,2024-05-12,6.375
IN,2024,13,20,2024-05-19,10.5
IN,2024,14,21,2024-05-26,15.375
IN,2024,15,22,2024-06-02,19.75
IN,2024,16,23,2024-06-09,22.125
IN,2024,17,24,2024-06-16,23.625
IN,2024,18,25,2024-06-23,24.75
IN,2024,19,26,2024-06-30,25.875
IN,2024,20,27,2024-07-07,27.5
IN,2024,21,28,2024-07-14,30.625
IN,2024,22,29,2024-07-21,34.875
IN,2024,23,30,2024-07-28,38.375
IN,2024,24,31,2024-08-04,41.375
IN,2024,25,32,2024-08-11,45.0
IN,2024,26,33,2024-08-18,49.375
IN,2024,27,34,2024-08-25,55.0
IN,2024,28,35,2024-09-01,60.125
IN,2024,29,36,2024-09-08,62.625
IN,2024,30,37,2024-09-15,67.875
IN,2024,31,38,2024-09-22,71.75
IN,2024,32,39,2024-09-29,75.125
IN,2024,33,40,2024-10-06,77.5
IN,2024,34,41,2024-10-13,80.0
IN,2024,35,42,2024-10-20,82.5
IN,2024,36,43,2024-10-27,84.625
IN,2024,37,44,2024-11-03,86.0
IN,2024,38,45,2024-11-10,86.75
IN,2024,39,46,2024-11-17,87.125
IN,2024,40,47,2024-11-24,87.375
IN,2025,7,14,2025-04-06,0.0
IN,2025,8,15,2025-04-13,0.0
IN,2025,9,16,2025-04-20,0.25
IN,2025,10,17,2025-04-27,1.25
IN,2025,11,18,2025-05-04,4.0
IN,2025,12,19,2025-05-11,8.0
IN,2025,13,20,2025-05-18,12.875
IN,2025,14,21,2025-05-25,16.625
IN,2025,15,22,2025-06-01,19.5
IN,2025,16,23,2025-06-08,21.75
IN,2025,17,24,2025-06-15,23.125
IN,2025,18,25,2025-06-22,24.0
IN,2025,19,26,2025-06-29,24.875
IN,2025,20,27,2025-07-06,26.5
IN,2025,21,28,2025-07-13,29.0
IN,2025,22,29,2025-07-20,33.0
IN,2025,23,30,2025-07-27,36.625
IN,2025,24,31,2025-08-03,40.0
IN,2025,25,32,2025-08-10,43.375
IN,2025,26,33,2025-08-17,48.375
IN,2025,27,34,2025-08-24,53.5
IN,2025,28,35,2025-08-31,58.125
IN,2025,29,36,2025-09-07,60.75
IN,2025,30,37,2025-09-14,66.25
IN,2025,31,38,2025-09-21,69.375
IN,2025,32,39,2025-09-28,72.375
IN,2025,39,46,2025-11-16,82.0
IN,2025,40,47,2025-11-23,82.5
KS,2016,5,12,2016-03-27,0.25
KS,2016,6,13,2016-04-03,0.75
KS,2016,7,14,2016-04-10,2.125
KS,2016,8,15,2016-04-17,4.375
KS,2016,9,16,2016-04-24,8.125
KS,2016,10,17,2016-05-01,9.625
KS,2016,11,18,2016-05-08,12.625
KS,2016,12,19,2016-05-15,16.375
KS,2016,13,20,2016-05-22,18.875
KS,2016,14,21,2016-05-29,21.25
KS,2016,15,22,2016-06-05,23.125
KS,2016,16,23,2016-06-12,24.625
KS,2016,17,24,2016-06-19,25.25
KS,2016,18,25,2016-06-26,26.625
KS,2016,19,26,2016-07-03,28.75
KS,2016,20,27,2016-07-10,30.375
KS,2016,21,28,2016-07-17,32.375
KS,2016,22,29,2016-07-24,36.875
KS,2016,23,30,2016-07-31,40.125
KS,2016,24,31,2016-08-07,45.25
KS,2016,25,32,2016-08-14,50.0
KS,2016,26,33,2016-08-21,54.75
KS,2016,27,34,2016-08-28,58.0
KS,2016,28,35,2016-09-04,61.625
KS,2016,29,36,2016-09-11,66.0
KS,2016,30,37,2016-09-18,71.0
KS,2016,31,38,2016-09-25,74.75
KS,2016,32,39,2016-10-02,78.25
KS,2016,33,40,2016-10-09,80.75
KS,2016,34,41,2016-10-16,83.0
KS,2016,35,42,2016-10-23,84.375
KS,2016,36,43,2016-10-30,85.125
KS,2016,37,44,2016-11-06,85.5
KS,2016,38,45,2016-11-13,85.875
KS,2016,39,46,2016-11-20,86.0
KS,2017,5,12,2017-03-26,0.25
KS,2017,6,13,2017-04-02,0.375
KS,2017,7,14,2017-04-09,0.5
KS,2017,8,15,2017-04-16,1.125
KS,2017,9,16,2017-04-23,3.125
KS,2017,10,17,2017-04-30,6.25
KS,2017,11,18,2017-05-07,8.125
KS,2017,12,19,2017-05-14,11.75
KS,2017,13,20,2017-05-21,14.75
KS,2017,14,21,2017-05-28,18.25
KS,2017,15,22,2017-06-04,20.75
KS,2017,16,23,2017-06-11,23.375
KS,2017,17,24,2017-06-18,24.625
KS,2017,18,25,2017-06-25,25.125
KS,2017,19,26,2017-07-02,26.5
KS,2017,20,27,2017-07-09,28.625
KS,2017,21,28,2017-07-16,31.0
KS,2017,22,29,2017-07-23,34.125
KS,2017,23,30,2017-07-30,38.375
KS,2017,24,31,2017-08-06,43.0
KS,2017,25,32,2017-08-13,47.875
KS,2017,26,33,2017-08-20,51.875
KS,2017,27,34,2017-08-27,56.375
KS,2017,28,35,2017-09-03,61.25
KS,2017,29,36,2017-09-10,65.625
KS,2017,30,37,2017-09-17,69.625
KS,2017,31,38,2017-09-24,73.25
KS,2017,32,39,2017-10-01,75.875
KS,2017,33,40,2017-10-08,77.25
KS,2017,34,41,2017-10-15,78.75
KS,2017,35,42,2017-10-22,80.5
KS,2017,36,43,2017-10-29,82.125
KS,2017,37,44,2017-11-05,83.375
KS,2017,38,45,2017-11-12,84.0
KS,2017,39,46,2017-11-19,84.375
KS,2017,40,47,2017-11-26,84.625
KS,2018,6,13,2018-04-01,0.125
KS,2018,7,14,2018-04-08,0.25
KS,2018,8,15,2018-04-15,0.75
KS,2018,9,16,2018-04-22,1.875
KS,2018,10,17,2018-04-29,4.125
KS,2018,11,18,2018-05-06,8.125
KS,2018,12,19,2018-05-13,13.125
KS,2018,13,20,2018-05-20,17.25
KS,2018,14,21,2018-05-27,21.75
KS,2018,15,22,2018-06-03,23.375
KS,2018,16,23,2018-06-10,24.125
KS,2018,17,24,2018-06-17,24.875
KS,2018,18,25,2018-06-24,26.125
KS,2018,19,26,2018-07-01,28.25
KS,2018,20,27,2018-07-08,31.25
KS,2018,21,28,2018-07-15,34.625
KS,2018,22,29,2018-07-22,39.125
KS,2018,23,30,2018-07-29,43.5
KS,2018,24,31,2018-08-05,47.5
KS,2018,25,32,2018-08-12,52.125
KS,2018,26,33,2018-08-19,56.625
KS,2018,27,34,2018-08-26,60.0
KS,2018,28,35,2018-09-02,63.75
KS,2018,29,36,2018-09-09,66.75
KS,2018,30,37,2018-09-16,70.0
KS,2018,31,38,2018-09-23,74.375
KS,2018,32,39,2018-09-30,77.75
KS,2018,33,40,2018-10-07,79.875
KS,2018,34,41,2018-10-14,80.5
KS,2018,35,42,2018-10-21,81.25
KS,2018,36,43,2018-10-28,82.125
KS,2018,37,44,2018-11-04,83.25
KS,2018,38,45,2018-11-11,83.75
KS,2018,39,46,2018-11-18,84.125
KS,2018,40,47,2018-11-25,84.375
KS,2019,6,13,2019-03-31,0.125
KS,2019,7,14,2019-04-07,0.25
KS,2019,8,15,2019-04-14,0.75
KS,2019,9,16,2019-04-21,2.125
KS,2019,10,17,2019-04-28,4.25
KS,2019,11,18,2019-05-05,7.125
KS,2019,12,19,2019-05-12,9.0
KS,2019,13,20,2019-05-19,12.25
KS,2019,14,21,2019-05-26,14.875
KS,2019,15,22,2019-06-02,17.375
KS,2019,16,23,2019-06-09,20.25
KS,2019,17,24,2019-06-16,22.375
KS,2019,18,25,2019-06-23,24.25
KS,2019,19,26,2019-06-30,25.5
KS,2019,20,27,2019-07-07,27.25
KS,2019,21,28,2019-07-14,30.0
KS,2019,22,29,2019-07-21,33.125
KS,2019,23,30,2019-07-28,36.875
KS,2019,24,31,2019-08-04,41.375
KS,2019,25,32,2019-08-11,46.0
KS,2019,26,33,2019-08-18,51.0
KS,2019,27,34,2019-08-25,54.625
KS,2019,28,35,2019-09-01,58.375
KS,2019,29,36,2019-09-08,62.875
KS,2019,30,37,2019-09-15,66.625
KS,2019,31,38,2019-09-22,70.625
KS,2019,32,39,2019-09-29,73.75
KS,2019,33,40,2019-10-06,76.25
KS,2019,34,41,2019-10-13,79.0
KS,2019,35,42,2019-10-20,81.25
KS,2019,36,43,2019-10-27,82.875
KS,2019,37,44,2019-11-03,84.25
KS,2019,38,45,2019-11-10,85.125
KS,2019,39,46,2019-11-17,85.75
KS,2019,40,47,2019-11-24,86.0
KS,2019,41,48,2019-12-01,86.25
KS,2020,6,13,2020-03-29,0.0
KS,2020,7,14,2020-04-05,0.125
KS,2020,8,15,2020-04-12,0.75
KS,2020,9,16,2020-04-19,1.625
KS,2020,10,17,2020-04-26,3.375
KS,2020,11,18,2020-05-03,6.875
KS,2020,12,19,2020-05-10,11.25
KS,2020,13,20,2020-05-17,14.875
KS,2020,14,21,2020-05-24,18.375
KS,2020,15,22,2020-05-31,20.75
KS,2020,16,23,2020-06-07,22.875
KS,2020,17,24,2020-06-14,24.125
KS,2020,18,25,2020-06-21,24.375
KS,2020,19,26,2020-06-28,25.25
KS,2020,20,27,2020-07-05,27.875
KS,2020,21,28,2020-07-12,31.0
KS,2020,22,29,2020-07-19,35.5
KS,2020,23,30,2020-07-26,38.875
KS,2020,24,31,2020-08-02,43.25
KS,2020,25,32,2020-08-09,47.5
KS,2020,26,33,2020-08-16,51.125
KS,2020,27,34,2020-08-23,55.25
KS,2020,28,35,2020-08-30,59.25
KS,2020,29,36,2020-09-06,62.75
KS,2020,30,37,2020-09-13,66.875
KS,2020,31,38,2020-09-20,70.75
KS,2020,32,39,2020-09-27,74.5
KS,2020,33,40,2020-10-04,77.375
KS,2020,34,41,2020-10-11,80.25
KS,2020,35,42,2020-10-18,82.125
KS,2020,36,43,2020-10-25,83.25
KS,2020,37,44,2020-11-01,83.875
KS,2020,38,45,2020-11-08,84.375
KS,2020,39,46,2020-11-15,84.75
KS,2021,6,13,2021-04-04,0.25
KS,2021,7,14,2021-04-11,1.0
KS,2021,8,15,2021-04-18,2.0
KS,2021,9,16,2021-04-25,3.25
KS,2021,10,17,2021-05-02,6.25
KS,2021,11,18,2021-05-09,10.0
KS,2021,12,19,2021-05-16,13.625
KS,2021,13,20,2021-05-23,16.5
KS,2021,14,21,2021-05-30,18.625
KS,2021,15,22,2021-06-06,20.5
KS,2021,16,23,2021-06-13,22.75
KS,2021,17,24,2021-06-20,24.25
KS,2021,18,25,2021-06-27,25.25
KS,2021,19,26,2021-07-04,26.5
KS,2021,20,27,2021-07-11,29.375
KS,2021,21,28,2021-07-18,33.0
KS,2021,22,29,2021-07-25,36.75
KS,2021,23,30,2021-08-01,41.5
KS,2021,24,31,2021-08-08,45.125
KS,2021,25,32,2021-08-15,48.75
KS,2021,26,33,2021-08-22,53.5
KS,2021,27,34,2021-08-29,57.125
KS,2021,28,35,2021-09-05,61.5
KS,2021,29,36,2021-09-12,66.375
KS,2021,30,37,2021-09-19,70.125
KS,2021,31,38,2021-09-26,75.0
KS,2021,32,39,2021-10-03,78.25
KS,2021,33,40,2021-10-10,80.875
KS,2021,34,41,2021-10-17,82.125
KS,2021,35,42,2021-10-24,83.25
KS,2021,36,43,2021-10-31,84.0
KS,2021,37,44,2021-11-07,84.375
KS,2021,38,45,2021-11-14,84.625
KS,2021,39,46,2021-11-21,84.875
KS,2022,5,12,2022-03-27,0.125
KS,2022,6,13,2022-04-03,0.25
KS,2022,7,14,2022-04-10,0.625
KS,2022,8,15,2022-04-17,1.5
KS,2022,9,16,2022-04-24,2.75
KS,2022,10,17,2022-05-01,5.375
KS,2022,11,18,2022-05-08,7.875
KS,2022,12,19,2022-05-15,11.0
KS,2022,13,20,2022-05-22,15.25
KS,2022,14,21,2022-05-29,18.5
KS,2022,15,22,2022-06-05,21.25
KS,2022,16,23,2022-06-12,22.375
KS,2022,17,24,2022-06-19,23.875
KS,2022,18,25,2022-06-26,25.125
KS,2022,19,26,2022-07-03,26.25
KS,2022,20,27,2022-07-10,28.5
KS,2022,21,28,2022-07-17,31.0
KS,2022,22,29,2022-07-24,34.0
KS,2022,23,30,2022-07-31,36.875
KS,2022,24,31,2022-08-07,41.25
KS,2022,25,32,2022-08-14,46.25
KS,2022,26,33,2022-08-21,52.875
KS,2022,27,34,2022-08-28,58.25
KS,2022,28,35,2022-09-04,63.5
KS,2022,29,36,2022-09-11,67.125
KS,2022,30,37,2022-09-18,70.125
KS,2022,31,38,2022-09-25,73.125
KS,2022,32,39,2022-10-02,76.5
KS,2022,33,40,2022-10-09,79.375
KS,2022,34,41,2022-10-16,81.125
KS,2022,35,42,2022-10-23,82.625
KS,2022,36,43,2022-10-30,83.5
KS,2022,37,44,2022-11-06,83.875
KS,2022,38,45,2022-11-13,84.25
KS,2022,39,46,2022-11-20,84.375
KS,2023,6,13,2023-04-02,0.125
KS,2023,7,14,2023-04-09,0.75
KS,2023,8,15,2023-04-16,2.125
KS,2023,9,16,2023-04-23,3.375
KS,2023,10,17,2023-04-30,5.5
KS,2023,11,18,2023-05-07,8.375
KS,2023,12,19,2023-05-14,12.125
KS,2023,13,20,2023-05-21,15.625
KS,2023,14,21,2023-05-28,18.5
KS,2023,15,22,2023-06-04,20.75
KS,2023,16,23,2023-06-11,22.75
KS,2023,17,24,2023-06-18,23.625
KS,2023,18,25,2023-06-25,25.0
KS,2023,19,26,2023-07-02,26.625
KS,2023,20,27,2023-07-09,29.25
KS,2023,21,28,2023-07-16,32.75
KS,2023,22,29,2023-07-23,35.75
KS,2023,23,30,2023-07-30,39.375
KS,2023,24,31,2023-08-06,44.125
KS,2023,25,32,2023-08-13,47.5
KS,2023,26,33,2023-08-20,53.25
KS,2023,27,34,2023-08-27,58.0
KS,2023,28,35,2023-09-03,64.25
KS,2023,29,36,2023-09-10,68.75
KS,2023,30,37,2023-09-17,73.375
KS,2023,31,38,2023-09-24,76.5
KS,2023,32,39,2023-10-01,78.875
KS,2023,33,40,2023-10-08,81.0
KS,2023,34,41,2023-10-15,82.375
KS,2023,35,42,2023-10-22,83.625
KS,2023,36,43,2023-10-29,84.5
KS,2023,37,44,2023-11-05,85.125
KS,2023,38,45,2023-11-12,85.5
KS,2023,39,46,2023-11-19,85.875
KS,2023,40,47,2023-11-26,85.875
KS,2024,6,13,2024-03-31,0.25
KS,2024,7,14,2024-04-07,0.5
KS,2024,8,15,2024-04-14,1.625
KS,2024,9,16,2024-04-21,3.625
KS,2024,10,17,2024-04-28,7.0
KS,2024,11,18,2024-05-05,10.0
KS,2024,12,19,2024-05-12,12.75
KS,2024,13,20,2024-05-19,15.875
KS,2024,14,21,2024-05-26,19.125
KS,2024,15,22,2024-06-02,21.375
KS,2024,16,23,2024-06-09,22.875
KS,2024,17,24,2024-06-16,23.875
KS,2024,18,25,2024-06-23,25.5
KS,2024,19,26,2024-06-30,27.875
KS,2024,20,27,2024-07-07,30.5
KS,2024,21,28,2024-07-14,33.5
KS,2024,22,29,2024-07-21,37.375
KS,2024,23,30,2024-07-28,40.625
KS,2024,24,31,2024-08-04,45.625
KS,2024,25,32,2024-08-11,49.75
KS,2024,26,33,2024-08-18,54.5
KS,2024,27,34,2024-08-25,58.5
KS,2024,28,35,2024-09-01,63.125
KS,2024,29,36,2024-09-08,68.75
KS,2024,30,37,2024-09-15,73.125
KS,2024,31,38,2024-09-22,77.125
KS,2024,32,39,2024-09-29,79.625
KS,2024,33,40,2024-10-06,82.0
KS,2024,34,41,2024-10-13,83.375
KS,2024,35,42,2024-10-20,84.25
KS,2024,36,43,2024-10-27,85.125
KS,2024,37,44,2024-11-03,85.625
KS,2024,38,45,2024-11-10,86.125
KS,2025,6,13,2025-03-30,0.25
KS,2025,7,14,2025-04-06,0.5
KS,2025,8,15,2025-04-13,1.5
KS,2025,9,16,2025-04-20,3.75
KS,2025,10,17,2025-04-27,6.25
KS,2025,11,18,2025-05-04,9.25
KS,2025,12,19,2025-05-11,12.875
KS,2025,13,20,2025-05-18,15.75
KS,2025,14,21,2025-05-25,18.5
KS,2025,15,22,2025-06-01,20.625
KS,2025,16,23,2025-06-08,21.875
KS,2025,17,24,2025-06-15,23.125
KS,2025,18,25,2025-06-22,24.5
KS,2025,19,26,2025-06-29,26.625
KS,2025,20,27,2025-07-06,29.0
KS,2025,21,28,2025-07-13,31.625
KS,2025,22,29,2025-07-20,34.5
KS,2025,23,30,2025-07-27,38.0
KS,2025,24,31,2025-08-03,41.375
KS,2025,25,32,2025-08-10,46.375
KS,2025,26,33,2025-08-17,50.25
KS,2025,27,34,2025-08-24,55.375
KS,2025,28,35,2025-08-31,60.375
KS,2025,29,36,2025-09-07,64.25
KS,2025,30,37,2025-09-14,67.75
KS,2025,31,38,2025-09-21,71.25
KS,2025,32,39,2025-09-28,74.875
KS,2025,39,46,2025-11-16,82.75
KS,2025,40,47,2025-11-23,83.125
KY,2016,7,14,2016-04-10,0.75
KY,2016,8,15,2016-04-17,2.875
KY,2016,9,16,2016-04-24,7.25
KY,2016,10,17,2016-05-01,11.625
KY,2016,11,18,2016-05-08,15.375
KY,2016,12,19,2016-05-15,18.125
KY,2016,13,20,2016-05-22,19.25
KY,2016,14,21,2016-05-29,20.5
KY,2016,15,22,2016-06-05,22.0
KY,2016,16,23,2016-06-12,23.0
KY,2016,17,24,2016-06-19,24.125
KY,2016,18,25,2016-06-26,26.125
KY,2016,19,26,2016-07-03,30.5
KY,2016,20,27,2016-07-10,34.25
KY,2016,21,28,2016-07-17,39.625
KY,2016,22,29,2016-07-24,45.0
KY,2016,23,30,2016-07-31,50.625
KY,2016,24,31,2016-08-07,55.5
KY,2016,25,32,2016-08-14,62.25
KY,2016,26,33,2016-08-21,67.5
KY,2016,27,34,2016-08-28,72.5
KY,2016,28,35,2016-09-04,79.0
KY,2016,29,36,2016-09-11,83.625
KY,2016,30,37,2016-09-18,87.0
KY,2016,31,38,2016-09-25,90.25
KY,2016,32,39,2016-10-02,92.625
KY,2016,33,40,2016-10-09,94.25
KY,2016,34,41,2016-10-16,95.25
KY,2016,35,42,2016-10-23,95.875
KY,2016,36,43,2016-10-30,96.25
KY,2016,37,44,2016-11-06,96.5
KY,2016,38,45,2016-11-13,96.5
KY,2016,39,46,2016-11-20,96.625
KY,2017,7,14,2017-04-09,0.5
KY,2017,8,15,2017-04-16,2.375
KY,2017,9,16,2017-04-23,4.875
KY,2017,10,17,2017-04-30,8.25
KY,2017,11,18,2017-05-07,10.375
KY,2017,12,19,2017-05-14,14.125
KY,2017,13,20,2017-05-21,17.875
KY,2017,14,21,2017-05-28,20.625
KY,2017,15,22,2017-06-04,22.25
KY,2017,16,23,2017-06-11,23.375
KY,2017,17,24,2017-06-18,24.375
KY,2017,18,25,2017-06-25,26.375
KY,2017,19,26,2017-07-02,31.0
KY,2017,20,27,2017-07-09,34.625
KY,2017,21,28,2017-07-16,40.125
KY,2017,22,29,2017-07-23,45.75
KY,2017,23,30,2017-07-30,50.625
KY,2017,24,31,2017-08-06,54.75
KY,2017,25,32,2017-08-13,60.0
KY,2017,26,33,2017-08-20,66.25
KY,2017,27,34,2017-08-27,72.375
KY,2017,28,35,2017-09-03,77.25
KY,2017,29,36,2017-09-10,82.0
KY,2017,30,37,2017-09-17,84.5
KY,2017,31,38,2017-09-24,86.5
KY,2017,32,39,2017-10-01,90.375
KY,2017,33,40,2017-10-08,91.875
KY,2017,34,41,2017-10-15,93.0
KY,2017,35,42,2017-10-22,94.5
KY,2017,36,43,2017-10-29,95.25
KY,2017,37,44,2017-11-05,95.625
KY,2017,38,45,2017-11-12,95.875
KY,2017,39,46,2017-11-19,96.125
KY,2017,40,47,2017-11-26,96.375
KY,2018,7,14,2018-04-08,0.0
KY,2018,8,15,2018-04-15,0.375
KY,2018,9,16,2018-04-22,1.25
KY,2018,10,17,2018-04-29,2.25
KY,2018,11,18,2018-05-06,6.375
KY,2018,12,19,2018-05-13,11.625
KY,2018,13,20,2018-05-20,16.625
KY,2018,14,21,2018-05-27,19.75
KY,2018,15,22,2018-06-03,21.875
KY,2018,16,23,2018-06-10,23.25
KY,2018,17,24,2018-06-17,24.125
KY,2018,18,25,2018-06-24,25.75
KY,2018,19,26,2018-07-01,30.5
KY,2018,20,27,2018-07-08,34.625
KY,2018,21,28,2018-07-15,40.125
KY,2018,22,29,2018-07-22,45.75
KY,2018,23,30,2018-07-29,51.125
KY,2018,24,31,2018-08-05,56.375
KY,2018,25,32,2018-08-12,62.125
KY,2018,26,33,2018-08-19,67.25
KY,2018,27,34,2018-08-26,73.5
KY,2018,28,35,2018-09-02,78.375
KY,2018,29,36,2018-09-09,83.25
KY,2018,30,37,2018-09-16,85.875
KY,2018,31,38,2018-09-23,88.875
KY,2018,32,39,2018-09-30,90.75
KY,2018,33,40,2018-10-07,92.5
KY,2018,34,41,2018-10-14,93.75
KY,2018,35,42,2018-10-21,94.375
KY,2018,36,43,2018-10-28,95.0
KY,2018,37,44,2018-11-04,95.375
KY,2018,38,45,2018-11-11,95.625
KY,2018,39,46,2018-11-18,95.75
KY,2018,40,47,2018-11-25,95.875
KY,2019,7,14,2019-04-07,0.25
KY,2019,8,15,2019-04-14,1.0
KY,2019,9,16,2019-04-21,2.5
KY,2019,10,17,2019-04-28,5.0
KY,2019,11,18,2019-05-05,8.0
KY,2019,12,19,2019-05-12,11.5
KY,2019,13,20,2019-05-19,15.125
KY,2019,14,21,2019-05-26,18.375
KY,2019,15,22,2019-06-02,20.125
KY,2019,16,23,2019-06-09,22.375
KY,2019,17,24,2019-06-16,23.875
KY,2019,18,25,2019-06-23,25.375
KY,2019,19,26,2019-06-30,27.625
KY,2019,20,27,2019-07-07,31.75
KY,2019,21,28,2019-07-14,36.625
KY,2019,22,29,2019-07-21,40.875
KY,2019,23,30,2019-07-28,46.5
KY,2019,24,31,2019-08-04,51.125
KY,2019,25,32,2019-08-11,56.625
KY,2019,26,33,2019-08-18,63.0
KY,2019,27,34,2019-08-25,67.125
KY,2019,28,35,2019-09-01,72.875
KY,2019,29,36,2019-09-08,79.375
KY,2019,30,37,2019-09-15,83.5
KY,2019,31,38,2019-09-22,88.25
KY,2019,32,39,2019-09-29,91.375
KY,2019,33,40,2019-10-06,94.5
KY,2019,34,41,2019-10-13,95.875
KY,2019,35,42,2019-10-20,96.75
KY,2019,36,43,2019-10-27,97.25
KY,2019,37,44,2019-11-03,97.375
KY,2019,38,45,2019-11-10,97.5
KY,2019,39,46,2019-11-17,97.75
KY,2019,40,47,2019-11-24,97.875
KY,2019,41,48,2019-12-01,98.0
KY,2020,8,15,2020-04-12,1.5
KY,2020,9,16,2020-04-19,3.875
KY,2020,10,17,2020-04-26,7.25
KY,2020,11,18,2020-05-03,10.625
KY,2020,12,19,2020-05-10,13.375
KY,2020,13,20,2020-05-17,16.25
KY,2020,14,21,2020-05-24,17.875
KY,2020,15,22,2020-05-31,19.75
KY,2020,16,23,2020-06-07,21.5
KY,2020,17,24,2020-06-14,23.5
KY,2020,18,25,2020-06-21,24.375
KY,2020,19,26,2020-06-28,25.25
KY,2020,20,27,2020-07-05,28.25
KY,2020,21,28,2020-07-12,32.875
KY,2020,22,29,2020-07-19,38.75
KY,2020,23,30,2020-07-26,44.75
KY,2020,24,31,2020-08-02,51.5
KY,2020,25,32,2020-08-09,58.125
KY,2020,26,33,2020-08-16,63.375
KY,2020,27,34,2020-08-23,67.75
KY,2020,28,35,2020-08-30,73.25
KY,2020,29,36,2020-09-06,76.875
KY,2020,30,37,2020-09-13,81.625
KY,2020,31,38,2020-09-20,85.375
KY,2020,32,39,2020-09-27,89.75
KY,2020,33,40,2020-10-04,91.75
KY,2020,34,41,2020-10-11,93.125
KY,2020,35,42,2020-10-18,93.875
KY,2020,36,43,2020-10-25,94.625
KY,2020,37,44,2020-11-01,94.875
KY,2020,38,45,2020-11-08,95.5
KY,2020,39,46,2020-11-15,95.75
KY,2021,6,13,2021-04-04,0.0
KY,2021,7,14,2021-04-11,1.25
KY,2021,8,15,2021-04-18,3.375
KY,2021,9,16,2021-04-25,6.75
KY,2021,10,17,2021-05-02,11.25
KY,2021,11,18,2021-05-09,14.625
KY,2021,12,19,2021-05-16,16.875
KY,2021,13,20,2021-05-23,18.625
KY,2021,14,21,2021-05-30,21.125
KY,2021,15,22,2021-06-06,22.75
KY,2021,16,23,2021-06-13,23.875
KY,2021,17,24,2021-06-20,24.375
KY,2021,18,25,2021-06-27,25.625
KY,2021,19,26,2021-07-04,28.125
KY,2021,20,27,2021-07-11,33.375
KY,2021,21,28,2021-07-18,38.25
KY,2021,22,29,2021-07-25,44.75
KY,2021,23,30,2021-08-01,50.0
KY,2021,24,31,2021-08-08,54.25
KY,2021,25,32,2021-08-15,57.875
KY,2021,26,33,2021-08-22,65.25
KY,2021,27,34,2021-08-29,69.375
KY,2021,28,35,2021-09-05,73.5
KY,2021,29,36,2021-09-12,79.25
KY,2021,30,37,2021-09-19,83.875
KY,2021,31,38,2021-09-26,86.375
KY,2021,32,39,2021-10-03,89.0
KY,2021,33,40,2021-10-10,91.25
KY,2021,34,41,2021-10-17,92.75
KY,2021,35,42,2021-10-24,93.875
KY,2021,36,43,2021-10-31,94.625
KY,2021,37,44,2021-11-07,95.25
KY,2021,38,45,2021-11-14,95.5
KY,2021,39,46,2021-11-21,96.0
KY,2022,6,13,2022-04-03,0.125
KY,2022,7,14,2022-04-10,0.5
KY,2022,8,15,2022-04-17,0.75
KY,2022,9,16,2022-04-24,1.25
KY,2022,10,17,2022-05-01,3.625
KY,2022,11,18,2022-05-08,6.625
KY,2022,12,19,2022-05-15,12.125
KY,2022,13,20,2022-05-22,16.875
KY,2022,14,21,2022-05-29,19.5
KY,2022,15,22,2022-06-05,21.75
KY,2022,16,23,2022-06-12,23.0
KY,2022,17,24,2022-06-19,23.75
KY,2022,18,25,2022-06-26,25.875
KY,2022,19,26,2022-07-03,28.375
KY,2022,20,27,2022-07-10,33.25
KY,2022,21,28,2022-07-17,37.25
KY,2022,22,29,2022-07-24,42.75
KY,2022,23,30,2022-07-31,50.75
KY,2022,24,31,2022-08-07,56.25
KY,2022,25,32,2022-08-14,59.75
KY,2022,26,33,2022-08-21,65.375
KY,2022,27,34,2022-08-28,70.5
KY,2022,28,35,2022-09-04,75.125
KY,2022,29,36,2022-09-11,79.0
KY,2022,30,37,2022-09-18,84.125
KY,2022,31,38,2022-09-25,88.125
KY,2022,32,39,2022-10-02,91.5
KY,2022,33,40,2022-10-09,93.25
KY,2022,34,41,2022-10-16,95.125
KY,2022,35,42,2022-10-23,96.125
KY,2022,36,43,2022-10-30,96.875
KY,2022,37,44,2022-11-06,97.25
KY,2022,38,45,2022-11-13,97.5
KY,2022,39,46,2022-11-20,97.875
KY,2023,6,13,2023-04-02,0.25
KY,2023,7,14,2023-04-09,0.625
KY,2023,8,15,2023-04-16,1.75
KY,2023,9,16,2023-04-23,6.0
KY,2023,10,17,2023-04-30,9.5
KY,2023,11,18,2023-05-07,12.75
KY,2023,12,19,2023-05-14,15.25
KY,2023,13,20,2023-05-21,18.5
KY,2023,14,21,2023-05-28,20.875
KY,2023,15,22,2023-06-04,22.875
KY,2023,16,23,2023-06-11,23.875
KY,2023,17,24,2023-06-18,24.25
KY,2023,18,25,2023-06-25,25.25
KY,2023,19,26,2023-07-02,27.125
KY,2023,20,27,2023-07-09,30.75
KY,2023,21,28,2023-07-16,36.5
KY,2023,22,29,2023-07-23,41.75
KY,2023,23,30,2023-07-30,47.125
KY,2023,24,31,2023-08-06,52.5
KY,2023,25,32,2023-08-13,57.625
KY,2023,26,33,2023-08-20,63.625
KY,2023,27,34,2023-08-27,70.0
KY,2023,28,35,2023-09-03,74.0
KY,2023,29,36,2023-09-10,77.5
KY,2023,30,37,2023-09-17,81.75
KY,2023,31,38,2023-09-24,85.5
KY,2023,32,39,2023-10-01,88.5
KY,2023,33,40,2023-10-08,90.75
KY,2023,34,41,2023-10-15,92.5
KY,2023,35,42,2023-10-22,93.75
KY,2023,36,43,2023-10-29,94.5
KY,2023,37,44,2023-11-05,95.0
KY,2023,38,45,2023-11-12,95.5
KY,2023,39,46,2023-11-19,95.75
KY,2023,40,47,2023-11-26,96.25
KY,2024,6,13,2024-03-31,0.25
KY,2024,7,14,2024-04-07,0.625
KY,2024,8,15,2024-04-14,1.125
KY,2024,9,16,2024-04-21,3.875
KY,2024,10,17,2024-04-28,6.25
KY,2024,11,18,2024-05-05,8.875
KY,2024,12,19,2024-05-12,12.125
KY,2024,13,20,2024-05-19,14.25
KY,2024,14,21,2024-05-26,16.375
KY,2024,15,22,2024-06-02,18.125
KY,2024,16,23,2024-06-09,20.75
KY,2024,17,24,2024-06-16,22.875
KY,2024,18,25,2024-06-23,24.875
KY,2024,19,26,2024-06-30,29.0
KY,2024,20,27,2024-07-07,32.25
KY,2024,21,28,2024-07-14,37.875
KY,2024,22,29,2024-07-21,42.25
KY,2024,23,30,2024-07-28,46.75
KY,2024,24,31,2024-08-04,53.25
KY,2024,25,32,2024-08-11,58.375
KY,2024,26,33,2024-08-18,64.375
KY,2024,27,34,2024-08-25,70.25
KY,2024,28,35,2024-09-01,77.875
KY,2024,29,36,2024-09-08,83.0
KY,2024,30,37,2024-09-15,86.875
KY,2024,31,38,2024-09-22,89.75
KY,2024,32,39,2024-09-29,92.25
KY,2024,33,40,2024-10-06,94.0
KY,2024,34,41,2024-10-13,95.625
KY,2024,35,42,2024-10-20,96.625
KY,2024,36,43,2024-10-27,97.25
KY,2024,37,44,2024-11-03,97.875
KY,2024,38,45,2024-11-10,98.25
KY,2025,7,14,2025-04-06,0.125
KY,2025,8,15,2025-04-13,0.375
KY,2025,9,16,2025-04-20,1.5
KY,2025,10,17,2025-04-27,3.75
KY,2025,11,18,2025-05-04,7.375
KY,2025,12,19,2025-05-11,10.625
KY,2025,13,20,2025-05-18,13.25
KY,2025,14,21,2025-05-25,15.625
KY,2025,15,22,2025-06-01,18.0
KY,2025,16,23,2025-06-08,20.25
KY,2025,17,24,2025-06-15,22.0
KY,2025,18,25,2025-06-22,24.25
KY,2025,19,26,2025-06-29,27.0
KY,2025,20,27,2025-07-06,29.375
KY,2025,21,28,2025-07-13,35.75
KY,2025,22,29,2025-07-20,40.5
KY,2025,23,30,2025-07-27,47.125
KY,2025,24,31,2025-08-03,51.75
KY,2025,25,32,2025-08-10,55.5
KY,2025,26,33,2025-08-17,60.625
KY,2025,27,34,2025-08-24,67.125
KY,2025,28,35,2025-08-31,73.75
KY,2025,29,36,2025-09-07,80.625
KY,2025,30,37,2025-09-14,84.25
KY,2025,31,38,2025-09-21,87.625
KY,2025,32,39,2025-09-28,90.25
KY,2025,39,46,2025-11-16,95.5
KY,2025,40,47,2025-11-23,96.0
LA,2016,5,12,2016-03-27,6.75
LA,2016,6,13,2016-04-03,9.875
LA,2016,7,14,2016-04-10,14.75
LA,2016,8,15,2016-04-17,19.125
LA,2016,9,16,2016-04-24,22.25
LA,2016,10,17,2016-05-01,23.5
LA,2016,11,18,2016-05-08,24.625
LA,2016,12,19,2016-05-15,25.0
LA,2016,13,20,2016-05-22,25.5
LA,2016,14,21,2016-05-29,29.375
LA,2016,15,22,2016-06-05,31.875
LA,2016,16,23,2016-06-12,34.75
LA,2016,17,24,2016-06-19,39.125
LA,2016,18,25,2016-06-26,42.625
LA,2016,19,26,2016-07-03,47.75
LA,2016,20,27,2016-07-10,53.875
LA,2016,21,28,2016-07-17,58.875
LA,2016,22,29,2016-07-24,62.875
LA,2016,23,30,2016-07-31,68.75
LA,2016,24,31,2016-08-07,74.625
LA,2016,25,32,2016-08-14,77.625
LA,2016,26,33,2016-08-21,78.5
LA,2016,27,34,2016-08-28,82.25
LA,2016,28,35,2016-09-04,85.375
LA,2016,29,36,2016-09-11,86.625
LA,2016,30,37,2016-09-18,87.25
LA,2016,31,38,2016-09-25,87.5
LA,2016,32,39,2016-10-02,87.5
LA,2017,3,10,2017-03-12,1.25
LA,2017,4,11,2017-03-19,4.375
LA,2017,5,12,2017-03-26,13.875
LA,2017,6,13,2017-04-02,19.625
LA,2017,7,14,2017-04-09,22.875
LA,2017,8,15,2017-04-16,24.125
LA,2017,9,16,2017-04-23,24.5
LA,2017,10,17,2017-04-30,25.0
LA,2017,11,18,2017-05-07,25.0
LA,2017,12,19,2017-05-14,25.5
LA,2017,13,20,2017-05-21,28.125
LA,2017,14,21,2017-05-28,32.125
LA,2017,15,22,2017-06-04,34.75
LA,2017,16,23,2017-06-11,37.25
LA,2017,17,24,2017-06-18,41.25
LA,2017,18,25,2017-06-25,48.0
LA,2017,19,26,2017-07-02,53.125
LA,2017,20,27,2017-07-09,57.125
LA,2017,21,28,2017-07-16,62.0
LA,2017,22,29,2017-07-23,68.125
LA,2017,23,30,2017-07-30,74.625
LA,2017,24,31,2017-08-06,77.5
LA,2017,25,32,2017-08-13,79.25
LA,2017,26,33,2017-08-20,82.0
LA,2017,27,34,2017-08-27,85.875
LA,2017,28,35,2017-09-03,86.375
LA,2017,29,36,2017-09-10,87.125
LA,2017,30,37,2017-09-17,87.375
LA,2017,31,38,2017-09-24,87.5
LA,2017,32,39,2017-10-01,87.5
LA,2018,3,10,2018-03-11,0.0
LA,2018,4,11,2018-03-18,1.0
LA,2018,5,12,2018-03-25,9.0
LA,2018,6,13,2018-04-01,15.25
LA,2018,7,14,2018-04-08,22.125
LA,2018,8,15,2018-04-15,23.25
LA,2018,9,16,2018-04-22,24.25
LA,2018,10,17,2018-04-29,24.75
LA,2018,11,18,2018-05-06,24.875
LA,2018,12,19,2018-05-13,25.125
LA,2018,13,20,2018-05-20,25.375
LA,2018,14,21,2018-05-27,26.625
LA,2018,15,22,2018-06-03,32.375
LA,2018,16,23,2018-06-10,36.125
LA,2018,17,24,2018-06-17,41.25
LA,2018,18,25,2018-06-24,43.625
LA,2018,19,26,2018-07-01,52.25
LA,2018,20,27,2018-07-08,57.5
LA,2018,21,28,2018-07-15,60.875
LA,2018,22,29,2018-07-22,63.75
LA,2018,23,30,2018-07-29,69.75
LA,2018,24,31,2018-08-05,73.5
LA,2018,25,32,2018-08-12,77.875
LA,2018,26,33,2018-08-19,81.75
LA,2018,27,34,2018-08-26,85.375
LA,2018,28,35,2018-09-02,86.75
LA,2018,29,36,2018-09-09,87.25
LA,2018,30,37,2018-09-16,87.5
LA,2019,3,10,2019-03-10,0.0
LA,2019,4,11,2019-03-17,0.375
LA,2019,5,12,2019-03-24,6.5
LA,2019,6,13,2019-03-31,13.625
LA,2019,7,14,2019-04-07,18.0
LA,2019,8,15,2019-04-14,20.875
LA,2019,9,16,2019-04-21,22.375
LA,2019,10,17,2019-04-28,24.375
LA,2019,11,18,2019-05-05,25.0
LA,2019,12,19,2019-05-12,25.0
LA,2019,13,20,2019-05-19,25.0
LA,2019,14,21,2019-05-26,26.125
LA,2019,15,22,2019-06-02,29.0
LA,2019,16,23,2019-06-09,31.875
LA,2019,17,24,2019-06-16,35.75
LA,2019,18,25,2019-06-23,38.625
LA,2019,19,26,2019-06-30,47.0
LA,2019,20,27,2019-07-07,52.5
LA,2019,21,28,2019-07-14,57.375
LA,2019,22,29,2019-07-21,62.5
LA,2019,23,30,2019-07-28,67.125
LA,2019,24,31,2019-08-04,70.625
LA,2019,25,32,2019-08-11,73.375
LA,2019,26,33,2019-08-18,78.375
LA,2019,27,34,2019-08-25,83.125
LA,2019,28,35,2019-09-01,85.5
LA,2019,29,36,2019-09-08,87.125
LA,2019,30,37,2019-09-15,87.375
LA,2019,31,38,2019-09-22,87.5
LA,2019,32,39,2019-09-29,87.5
LA,2020,4,11,2020-03-15,0.375
LA,2020,5,12,2020-03-22,5.25
LA,2020,6,13,2020-03-29,11.75
LA,2020,7,14,2020-04-05,17.375
LA,2020,8,15,2020-04-12,21.75
LA,2020,9,16,2020-04-19,24.0
LA,2020,10,17,2020-04-26,24.75
LA,2020,11,18,2020-05-03,24.875
LA,2020,12,19,2020-05-10,25.125
LA,2020,13,20,2020-05-17,26.0
LA,2020,14,21,2020-05-24,26.75
LA,2020,15,22,2020-05-31,30.625
LA,2020,16,23,2020-06-07,33.0
LA,2020,17,24,2020-06-14,36.25
LA,2020,18,25,2020-06-21,40.625
LA,2020,19,26,2020-06-28,46.375
LA,2020,20,27,2020-07-05,52.75
LA,2020,21,28,2020-07-12,57.375
LA,2020,22,29,2020-07-19,63.375
LA,2020,23,30,2020-07-26,67.125
LA,2020,24,31,2020-08-02,70.0
LA,2020,25,32,2020-08-09,74.25
LA,2020,26,33,2020-08-16,78.5
LA,2020,27,34,2020-08-23,83.0
LA,2020,28,35,2020-08-30,85.25
LA,2020,29,36,2020-09-06,86.875
LA,2020,30,37,2020-09-13,87.375
LA,2020,31,38,2020-09-20,87.5
LA,2021,3,10,2021-03-14,1.75
LA,2021,4,11,2021-03-21,7.75
LA,2021,5,12,2021-03-28,13.125
LA,2021,6,13,2021-04-04,16.75
LA,2021,7,14,2021-04-11,20.875
LA,2021,8,15,2021-04-18,23.75
LA,2021,9,16,2021-04-25,24.375
LA,2021,10,17,2021-05-02,24.875
LA,2021,11,18,2021-05-09,25.0
LA,2021,12,19,2021-05-16,25.125
LA,2021,13,20,2021-05-23,25.625
LA,2021,14,21,2021-05-30,28.875
LA,2021,15,22,2021-06-06,32.25
LA,2021,16,23,2021-06-13,36.375
LA,2021,17,24,2021-06-20,39.5
LA,2021,18,25,2021-06-27,45.25
LA,2021,19,26,2021-07-04,50.75
LA,2021,20,27,2021-07-11,52.5
LA,2021,21,28,2021-07-18,55.0
LA,2021,22,29,2021-07-25,59.875
LA,2021,23,30,2021-08-01,66.5
LA,2021,24,31,2021-08-08,72.25
LA,2021,25,32,2021-08-15,78.375
LA,2021,26,33,2021-08-22,82.125
LA,2021,27,34,2021-08-29,84.875
LA,2021,28,35,2021-09-05,86.25
LA,2021,29,36,2021-09-12,87.125
LA,2021,30,37,2021-09-19,87.25
LA,2021,31,38,2021-09-26,87.5
LA,2022,3,10,2022-03-13,1.375
LA,2022,4,11,2022-03-20,5.25
LA,2022,5,12,2022-03-27,8.375
LA,2022,6,13,2022-04-03,15.0
LA,2022,7,14,2022-04-10,19.375
LA,2022,8,15,2022-04-17,22.25
LA,2022,9,16,2022-04-24,23.5
LA,2022,10,17,2022-05-01,24.25
LA,2022,11,18,2022-05-08,25.0
LA,2022,12,19,2022-05-15,25.0
LA,2022,13,20,2022-05-22,25.375
LA,2022,14,21,2022-05-29,27.0
LA,2022,15,22,2022-06-05,29.375
LA,2022,16,23,2022-06-12,34.375
LA,2022,17,24,2022-06-19,40.5
LA,2022,18,25,2022-06-26,43.75
LA,2022,19,26,2022-07-03,46.25
LA,2022,20,27,2022-07-10,52.25
LA,2022,21,28,2022-07-17,57.5
LA,2022,22,29,2022-07-24,63.125
LA,2022,23,30,2022-07-31,67.875
LA,2022,24,31,2022-08-07,73.375
LA,2022,25,32,2022-08-14,78.625
LA,2022,26,33,2022-08-21,82.125
LA,2022,27,34,2022-08-28,83.0
LA,2022,28,35,2022-09-04,85.125
LA,2022,29,36,2022-09-11,86.375
LA,2022,30,37,2022-09-18,87.0
LA,2022,31,38,2022-09-25,87.375
LA,2022,32,39,2022-10-02,87.5
LA,2023,3,10,2023-03-12,9.75
LA,2023,4,11,2023-03-19,18.875
LA,2023,5,12,2023-03-26,21.625
LA,2023,6,13,2023-04-02,23.375
LA,2023,7,14,2023-04-09,24.125
LA,2023,8,15,2023-04-16,24.75
LA,2023,9,16,2023-04-23,25.0
LA,2023,12,19,2023-05-14,25.125
LA,2023,13,20,2023-05-21,26.375
LA,2023,14,21,2023-05-28,29.25
LA,2023,15,22,2023-06-04,32.0
LA,2023,16,23,2023-06-11,36.25
LA,2023,17,24,2023-06-18,41.75
LA,2023,18,25,2023-06-25,45.5
LA,2023,19,26,2023-07-02,50.625
LA,2023,20,27,2023-07-09,54.375
LA,2023,21,28,2023-07-16,60.0
LA,2023,22,29,2023-07-23,63.875
LA,2023,23,30,2023-07-30,68.75
LA,2023,24,31,2023-08-06,75.0
LA,2023,25,32,2023-08-13,80.5
LA,2023,26,33,2023-08-20,83.25
LA,2023,27,34,2023-08-27,87.125
LA,2023,28,35,2023-09-03,87.375
LA,2023,29,36,2023-09-10,87.5
LA,2024,3,10,2024-03-10,2.125
LA,2024,4,11,2024-03-17,4.625
LA,2024,5,12,2024-03-24,9.875
LA,2024,6,13,2024-03-31,13.75
LA,2024,7,14,2024-04-07,19.375
LA,2024,8,15,2024-04-14,21.25
LA,2024,9,16,2024-04-21,23.125
LA,2024,10,17,2024-04-28,24.25
LA,2024,11,18,2024-05-05,24.625
LA,2024,12,19,2024-05-12,25.125
LA,2024,13,20,2024-05-19,26.625
LA,2024,14,21,2024-05-26,28.875
LA,2024,15,22,2024-06-02,30.625
LA,2024,16,23,2024-06-09,35.625
LA,2024,17,24,2024-06-16,40.125
LA,2024,18,25,2024-06-23,44.875
LA,2024,19,26,2024-06-30,50.0
LA,2024,20,27,2024-07-07,53.875
LA,2024,21,28,2024-07-14,57.375
LA,2024,22,29,2024-07-21,61.125
LA,2024,23,30,2024-07-28,67.75
LA,2024,24,31,2024-08-04,73.375
LA,2024,25,32,2024-08-11,78.5
LA,2024,26,33,2024-08-18,81.75
LA,2024,27,34,2024-08-25,84.25
LA,2024,28,35,2024-09-01,86.625
LA,2024,29,36,2024-09-08,87.25
LA,2024,30,37,2024-09-15,87.5
LA,2025,3,10,2025-03-09,0.375
LA,2025,4,11,2025-03-16,3.375
LA,2025,5,12,2025-03-23,8.75
LA,2025,6,13,2025-03-30,14.875
LA,2025,7,14,2025-04-06,19.5
LA,2025,8,15,2025-04-13,22.375
LA,2025,9,16,2025-04-20,24.125
LA,2025,10,17,2025-04-27,24.75
LA,2025,11,18,2025-05-04,25.25
LA,2025,12,19,2025-05-11,25.5
LA,2025,13,20,2025-05-18,26.25
LA,2025,14,21,2025-05-25,29.625
LA,2025,15,22,2025-06-01,31.0
LA,2025,16,23,2025-06-08,36.375
LA,2025,17,24,2025-06-15,41.125
LA,2025,18,25,2025-06-22,44.875
LA,2025,19,26,2025-06-29,51.25
LA,2025,20,27,2025-07-06,56.125
LA,2025,21,28,2025-07-13,59.375
LA,2025,22,29,2025-07-20,62.25
LA,2025,23,30,2025-07-27,67.375
LA,2025,24,31,2025-08-03,72.625
LA,2025,25,32,2025-08-10,78.375
LA,2025,26,33,2025-08-17,81.75
LA,2025,27,34,2025-08-24,84.25
LA,2025,28,35,2025-08-31,86.0
LA,2025,29,36,2025-09-07,86.625
LA,2025,30,37,2025-09-14,87.0
LA,2025,31,38,2025-09-21,87.25
LA,2025,32,39,2025-09-28,87.5
MA,2016,9,16,2016-04-24,0.0
MA,2016,10,17,2016-05-01,0.625
MA,2016,11,18,2016-05-08,1.25
MA,2016,12,19,2016-05-15,2.5
MA,2016,13,20,2016-05-22,4.5
MA,2016,14,21,2016-05-29,10.875
MA,2016,15,22,2016-06-05,15.625
MA,2016,16,23,2016-06-12,20.125
MA,2016,17,24,2016-06-19,21.875
MA,2016,18,25,2016-06-26,22.75
MA,2016,28,35,2016-09-04,23.75
MA,2016,29,36,2016-09-11,25.375
MA,2016,30,37,2016-09-18,26.875
MA,2016,31,38,2016-09-25,28.25
MA,2016,32,39,2016-10-02,30.875
MA,2016,33,40,2016-10-09,33.125
MA,2016,34,41,2016-10-16,34.375
MA,2016,35,42,2016-10-23,35.0
MA,2017,9,16,2017-04-23,0.0
MA,2017,10,17,2017-04-30,0.25
MA,2017,11,18,2017-05-07,0.5
MA,2017,12,19,2017-05-14,1.25
MA,2017,13,20,2017-05-21,3.375
MA,2017,14,21,2017-05-28,8.75
MA,2017,15,22,2017-06-04,10.0
MA,2017,16,23,2017-06-11,16.875
MA,2017,17,24,2017-06-18,18.125
MA,2017,18,25,2017-06-25,20.625
MA,2017,19,26,2017-07-02,24.125
MA,2017,20,27,2017-07-09,24.375
MA,2017,28,35,2017-09-03,24.5
MA,2017,29,36,2017-09-10,25.0
MA,2017,30,37,2017-09-17,25.25
MA,2017,31,38,2017-09-24,25.625
MA,2017,32,39,2017-10-01,26.25
MA,2017,33,40,2017-10-08,26.875
MA,2017,34,41,2017-10-15,28.75
MA,2017,35,42,2017-10-22,30.625
MA,2017,36,43,2017-10-29,33.75
MA,2017,37,44,2017-11-05,34.375
MA,2017,38,45,2017-11-12,36.0
MA,2018,10,17,2018-04-29,0.0
MA,2018,11,18,2018-05-06,0.0
MA,2018,12,19,2018-05-13,0.625
MA,2018,13,20,2018-05-20,3.75
MA,2018,14,21,2018-05-27,11.875
MA,2018,15,22,2018-06-03,18.125
MA,2018,16,23,2018-06-10,20.625
MA,2018,17,24,2018-06-17,22.5
MA,2018,18,25,2018-06-24,23.875
MA,2018,19,26,2018-07-01,24.375
MA,2018,31,38,2018-09-23,26.25
MA,2018,32,39,2018-09-30,28.125
MA,2018,33,40,2018-10-07,33.125
MA,2018,34,41,2018-10-14,34.375
MA,2018,35,42,2018-10-21,35.625
MA,2018,36,43,2018-10-28,36.25
MA,2019,11,18,2019-05-05,0.0
MA,2019,12,19,2019-05-12,0.0
MA,2019,13,20,2019-05-19,0.625
MA,2019,14,21,2019-05-26,2.5
MA,2019,15,22,2019-06-02,6.5
MA,2019,16,23,2019-06-09,11.625
MA,2019,17,24,2019-06-16,15.375
MA,2019,18,25,2019-06-23,20.625
MA,2019,19,26,2019-06-30,22.125
MA,2019,20,27,2019-07-07,23.875
MA,2019,29,36,2019-09-08,24.125
MA,2019,30,37,2019-09-15,25.75
MA,2019,31,38,2019-09-22,27.0
MA,2019,32,39,2019-09-29,29.5
MA,2019,33,40,2019-10-06,30.75
MA,2019,34,41,2019-10-13,31.0
MA,2019,35,42,2019-10-20,33.875
MA,2019,36,43,2019-10-27,35.125
MA,2019,37,44,2019-11-03,35.875
MA,2020,8,15,2020-04-12,0.0
MA,2020,9,16,2020-04-19,0.0
MA,2020,10,17,2020-04-26,0.625
MA,2020,11,18,2020-05-03,0.625
MA,2020,12,19,2020-05-10,3.75
MA,2020,13,20,2020-05-17,4.375
MA,2020,14,21,2020-05-24,4.75
MA,2020,15,22,2020-05-31,5.75
MA,2020,16,23,2020-06-07,9.0
MA,2020,17,24,2020-06-14,15.125
MA,2020,18,25,2020-06-21,15.375
MA,2020,19,26,2020-06-28,18.5
MA,2020,20,27,2020-07-05,18.625
MA,2020,21,28,2020-07-12,18.875
MA,2020,22,29,2020-07-19,19.125
MA,2020,29,36,2020-09-06,19.125
MA,2020,30,37,2020-09-13,19.125
MA,2020,31,38,2020-09-20,20.0
MA,2020,32,39,2020-09-27,21.5
MA,2020,33,40,2020-10-04,22.5
MA,2020,34,41,2020-10-11,25.125
MA,2020,35,42,2020-10-18,26.0
MA,2020,36,43,2020-10-25,30.125
MA,2020,37,44,2020-11-01,31.25
MA,2020,38,45,2020-11-08,31.625
MA,2021,9,16,2021-04-25,0.0
MA,2021,10,17,2021-05-02,0.0
MA,2021,11,18,2021-05-09,1.375
MA,2021,12,19,2021-05-16,2.25
MA,2021,13,20,2021-05-23,5.375
MA,2021,14,21,2021-05-30,6.25
MA,2021,15,22,2021-06-06,7.5
MA,2021,16,23,2021-06-13,14.5
MA,2021,17,24,2021-06-20,18.375
MA,2021,18,25,2021-06-27,21.25
MA,2021,19,26,2021-07-04,24.125
MA,2021,20,27,2021-07-11,25.0
MA,2021,28,35,2021-09-05,25.0
MA,2021,29,36,2021-09-12,25.5
MA,2021,30,37,2021-09-19,26.125
MA,2021,31,38,2021-09-26,27.5
MA,2021,32,39,2021-10-03,25.0
MA,2021,33,40,2021-10-10,30.625
MA,2021,34,41,2021-10-17,32.75
MA,2021,35,42,2021-10-24,36.375
MA,2021,36,43,2021-10-31,37.5
MA,2021,37,44,2021-11-07,37.5
MA,2022,9,16,2022-04-24,0.0
MA,2022,10,17,2022-05-01,0.0
MA,2022,11,18,2022-05-08,0.0
MA,2022,12,19,2022-05-15,1.5
MA,2022,13,20,2022-05-22,1.875
MA,2022,14,21,2022-05-29,9.375
MA,2022,15,22,2022-06-05,16.25
MA,2022,16,23,2022-06-12,21.25
MA,2022,17,24,2022-06-19,24.375
MA,2022,18,25,2022-06-26,25.0
MA,2022,19,26,2022-07-03,25.0
MA,2022,20,27,2022-07-10,25.0
MA,2022,24,31,2022-08-07,27.875
MA,2022,25,32,2022-08-14,27.875
MA,2022,28,35,2022-09-04,27.875
MA,2022,29,36,2022-09-11,27.875
MA,2022,30,37,2022-09-18,27.875
MA,2022,31,38,2022-09-25,30.0
MA,2022,32,39,2022-10-02,31.5
MA,2022,33,40,2022-10-09,36.625
MA,2022,34,41,2022-10-16,38.5
MA,2022,35,42,2022-10-23,39.75
MA,2022,36,43,2022-10-30,40.25
MA,2023,10,17,2023-04-30,0.0
MA,2023,11,18,2023-05-07,0.0
MA,2023,12,19,2023-05-14,1.875
MA,2023,13,20,2023-05-21,7.375
MA,2023,14,21,2023-05-28,10.5
MA,2023,15,22,2023-06-04,12.75
MA,2023,16,23,2023-06-11,18.125
MA,2023,17,24,2023-06-18,21.25
MA,2023,18,25,2023-06-25,23.125
MA,2023,19,26,2023-07-02,24.0
MA,2023,27,34,2023-08-27,24.0
MA,2023,28,35,2023-09-03,24.0
MA,2023,29,36,2023-09-10,24.0
MA,2023,30,37,2023-09-17,24.0
MA,2023,31,38,2023-09-24,26.375
MA,2023,32,39,2023-10-01,27.5
MA,2023,33,40,2023-10-08,29.625
MA,2023,34,41,2023-10-15,32.75
MA,2023,35,42,2023-10-22,34.625
MA,2023,36,43,2023-10-29,35.25
MA,2024,9,16,2024-04-21,0.0
MA,2024,10,17,2024-04-28,0.0
MA,2024,11,18,2024-05-05,0.0
MA,2024,12,19,2024-05-12,1.25
MA,2024,13,20,2024-05-19,3.5
MA,2024,14,21,2024-05-26,4.125
MA,2024,15,22,2024-06-02,5.0
MA,2024,16,23,2024-06-09,11.125
MA,2024,17,24,2024-06-16,17.25
MA,2024,18,25,2024-06-23,19.625
MA,2024,19,26,2024-06-30,20.375
MA,2024,28,35,2024-09-01,20.375
MA,2024,29,36,2024-09-08,20.625
MA,2024,30,37,2024-09-15,22.25
MA,2024,31,38,2024-09-22,25.25
MA,2024,32,39,2024-09-29,25.625
MA,2024,33,40,2024-10-06,27.25
MA,2024,34,41,2024-10-13,29.75
MA,2024,35,42,2024-10-20,31.0
MA,2025,15,22,2025-06-01,7.625
MA,2025,16,23,2025-06-08,8.125
MA,2025,17,24,2025-06-15,11.25
MA,2025,18,25,2025-06-22,19.875
MA,2025,19,26,2025-06-29,21.125
MA,2025,20,27,2025-07-06,23.0
MA,2025,29,36,2025-09-07,23.0
MA,2025,30,37,2025-09-14,23.0
MA,2025,31,38,2025-09-21,23.625
MA,2025,32,39,2025-09-28,28.625
MD,2016,6,13,2016-04-03,0.0
MD,2016,7,14,2016-04-10,0.0
MD,2016,8,15,2016-04-17,0.0
MD,2016,9,16,2016-04-24,0.75
MD,2016,10,17,2016-05-01,2.125
MD,2016,11,18,2016-05-08,3.875
MD,2016,12,19,2016-05-15,6.125
MD,2016,13,20,2016-05-22,12.625
MD,2016,14,21,2016-05-29,15.375
MD,2016,15,22,2016-06-05,17.375
MD,2016,16,23,2016-06-12,20.375
MD,2016,17,24,2016-06-19,22.75
MD,2016,18,25,2016-06-26,23.125
MD,2016,19,26,2016-07-03,24.0
MD,2016,20,27,2016-07-10,27.75
MD,2016,21,28,2016-07-17,31.75
MD,2016,22,29,2016-07-24,37.375
MD,2016,23,30,2016-07-31,43.875
MD,2016,24,31,2016-08-07,46.25
MD,2016,25,32,2016-08-14,54.375
MD,2016,26,33,2016-08-21,57.75
MD,2016,27,34,2016-08-28,59.875
MD,2016,28,35,2016-09-04,61.375
MD,2016,29,36,2016-09-11,77.25
MD,2016,30,37,2016-09-18,83.625
MD,2016,31,38,2016-09-25,86.875
MD,2016,32,39,2016-10-02,88.875
MD,2016,33,40,2016-10-09,91.625
MD,2016,34,41,2016-10-16,93.0
MD,2016,35,42,2016-10-23,94.625
MD,2016,36,43,2016-10-30,95.125
MD,2016,37,44,2016-11-06,96.5
MD,2016,38,45,2016-11-13,97.0
MD,2016,39,46,2016-11-20,97.75
MD,2017,7,14,2017-04-09,0.0
MD,2017,8,15,2017-04-16,0.125
MD,2017,9,16,2017-04-23,0.75
MD,2017,10,17,2017-04-30,4.625
MD,2017,11,18,2017-05-07,10.0
MD,2017,12,19,2017-05-14,14.75
MD,2017,13,20,2017-05-21,18.25
MD,2017,14,21,2017-05-28,20.5
MD,2017,15,22,2017-06-04,21.125
MD,2017,16,23,2017-06-11,21.875
MD,2017,17,24,2017-06-18,22.5
MD,2017,18,25,2017-06-25,22.875
MD,2017,19,26,2017-07-02,24.625
MD,2017,20,27,2017-07-09,27.125
MD,2017,21,28,2017-07-16,33.25
MD,2017,22,29,2017-07-23,38.25
MD,2017,23,30,2017-07-30,39.875
MD,2017,24,31,2017-08-06,40.125
MD,2017,25,32,2017-08-13,45.0
MD,2017,26,33,2017-08-20,52.25
MD,2017,27,34,2017-08-27,56.75
MD,2017,28,35,2017-09-03,61.375
MD,2017,29,36,2017-09-10,75.375
MD,2017,30,37,2017-09-17,77.5
MD,2017,31,38,2017-09-24,81.625
MD,2017,32,39,2017-10-01,85.5
MD,2017,33,40,2017-10-08,86.625
MD,2017,34,41,2017-10-15,89.875
MD,2017,35,42,2017-10-22,96.375
MD,2017,36,43,2017-10-29,96.75
MD,2017,37,44,2017-11-05,97.125
MD,2017,38,45,2017-11-12,97.5
MD,2017,39,46,2017-11-19,97.875
MD,2017,40,47,2017-11-26,98.25
MD,2018,7,14,2018-04-08,0.0
MD,2018,8,15,2018-04-15,0.0
MD,2018,9,16,2018-04-22,0.375
MD,2018,10,17,2018-04-29,0.5
MD,2018,11,18,2018-05-06,5.0
MD,2018,12,19,2018-05-13,8.375
MD,2018,13,20,2018-05-20,14.125
MD,2018,14,21,2018-05-27,14.875
MD,2018,15,22,2018-06-03,15.75
MD,2018,16,23,2018-06-10,20.875
MD,2018,17,24,2018-06-17,21.625
MD,2018,18,25,2018-06-24,24.125
MD,2018,19,26,2018-07-01,24.875
MD,2018,20,27,2018-07-08,27.25
MD,2018,21,28,2018-07-15,31.0
MD,2018,22,29,2018-07-22,34.125
MD,2018,23,30,2018-07-29,36.5
MD,2018,24,31,2018-08-05,40.25
MD,2018,25,32,2018-08-12,42.625
MD,2018,26,33,2018-08-19,54.375
MD,2018,27,34,2018-08-26,59.25
MD,2018,28,35,2018-09-02,63.0
MD,2018,29,36,2018-09-09,69.5
MD,2018,30,37,2018-09-16,78.0
MD,2018,31,38,2018-09-23,82.125
MD,2018,32,39,2018-09-30,85.875
MD,2018,33,40,2018-10-07,88.125
MD,2018,34,41,2018-10-14,91.75
MD,2018,35,42,2018-10-21,93.125
MD,2018,36,43,2018-10-28,95.75
MD,2018,37,44,2018-11-04,96.5
MD,2018,38,45,2018-11-11,96.625
MD,2018,39,46,2018-11-18,96.75
MD,2018,40,47,2018-11-25,96.875
MD,2019,7,14,2019-04-07,0.25
MD,2019,8,15,2019-04-14,0.625
MD,2019,9,16,2019-04-21,1.5
MD,2019,10,17,2019-04-28,3.5
MD,2019,11,18,2019-05-05,7.875
MD,2019,12,19,2019-05-12,13.375
MD,2019,13,20,2019-05-19,16.125
MD,2019,14,21,2019-05-26,20.5
MD,2019,15,22,2019-06-02,23.375
MD,2019,16,23,2019-06-09,24.0
MD,2019,17,24,2019-06-16,24.125
MD,2019,18,25,2019-06-23,24.5
MD,2019,21,28,2019-07-14,31.0
MD,2019,22,29,2019-07-21,36.75
MD,2019,23,30,2019-07-28,39.875
MD,2019,24,31,2019-08-04,42.875
MD,2019,25,32,2019-08-11,52.0
MD,2019,26,33,2019-08-18,57.5
MD,2019,27,34,2019-08-25,63.0
MD,2019,28,35,2019-09-01,68.0
MD,2019,29,36,2019-09-08,75.375
MD,2019,30,37,2019-09-15,80.875
MD,2019,31,38,2019-09-22,85.375
MD,2019,32,39,2019-09-29,90.375
MD,2019,33,40,2019-10-06,93.875
MD,2019,34,41,2019-10-13,95.25
MD,2019,35,42,2019-10-20,96.375
MD,2019,36,43,2019-10-27,97.0
MD,2020,8,15,2020-04-12,0.375
MD,2020,9,16,2020-04-19,0.75
MD,2020,10,17,2020-04-26,1.0
MD,2020,11,18,2020-05-03,1.5
MD,2020,12,19,2020-05-10,2.875
MD,2020,13,20,2020-05-17,9.5
MD,2020,14,21,2020-05-24,17.25
MD,2020,15,22,2020-05-31,18.5
MD,2020,16,23,2020-06-07,21.0
MD,2020,17,24,2020-06-14,24.125
MD,2020,18,25,2020-06-21,24.25
MD,2020,19,26,2020-06-28,24.875
MD,2020,20,27,2020-07-05,24.875
MD,2020,21,28,2020-07-12,25.875
MD,2020,22,29,2020-07-19,32.0
MD,2020,23,30,2020-07-26,34.875
MD,2020,24,31,2020-08-02,41.625
MD,2020,25,32,2020-08-09,50.5
MD,2020,26,33,2020-08-16,51.75
MD,2020,27,34,2020-08-23,60.125
MD,2020,28,35,2020-08-30,66.25
MD,2020,29,36,2020-09-06,73.0
MD,2020,30,37,2020-09-13,81.125
MD,2020,31,38,2020-09-20,83.5
MD,2020,32,39,2020-09-27,85.875
MD,2020,33,40,2020-10-04,88.0
MD,2020,34,41,2020-10-11,92.625
MD,2020,35,42,2020-10-18,93.875
MD,2020,36,43,2020-10-25,94.375
MD,2020,37,44,2020-11-01,95.375
MD,2020,38,45,2020-11-08,96.125
MD,2021,7,14,2021-04-11,0.0
MD,2021,8,15,2021-04-18,0.125
MD,2021,9,16,2021-04-25,0.875
MD,2021,10,17,2021-05-02,2.875
MD,2021,11,18,2021-05-09,4.5
MD,2021,12,19,2021-05-16,11.625
MD,2021,13,20,2021-05-23,18.5
MD,2021,14,21,2021-05-30,22.625
MD,2021,15,22,2021-06-06,23.25
MD,2021,16,23,2021-06-13,23.375
MD,2021,17,24,2021-06-20,23.75
MD,2021,18,25,2021-06-27,24.5
MD,2021,19,26,2021-07-04,25.375
MD,2021,20,27,2021-07-11,28.0
MD,2021,21,28,2021-07-18,34.625
MD,2021,22,29,2021-07-25,40.5
MD,2021,23,30,2021-08-01,45.625
MD,2021,24,31,2021-08-08,47.25
MD,2021,25,32,2021-08-15,54.25
MD,2021,26,33,2021-08-22,57.75
MD,2021,27,34,2021-08-29,65.125
MD,2021,28,35,2021-09-05,70.625
MD,2021,29,36,2021-09-12,82.125
MD,2021,30,37,2021-09-19,84.25
MD,2021,31,38,2021-09-26,85.875
MD,2021,32,39,2021-10-03,87.5
MD,2021,33,40,2021-10-10,89.375
MD,2021,34,41,2021-10-17,92.875
MD,2021,35,42,2021-10-24,94.875
MD,2021,36,43,2021-10-31,95.25
MD,2021,37,44,2021-11-07,95.875
MD,2022,9,16,2022-04-24,1.625
MD,2022,10,17,2022-05-01,3.125
MD,2022,11,18,2022-05-08,4.625
MD,2022,12,19,2022-05-15,6.25
MD,2022,13,20,2022-05-22,10.375
MD,2022,14,21,2022-05-29,18.875
MD,2022,15,22,2022-06-05,22.25
MD,2022,16,23,2022-06-12,23.625
MD,2022,20,27,2022-07-10,24.625
MD,2022,21,28,2022-07-17,28.125
MD,2022,22,29,2022-07-24,29.625
MD,2022,23,30,2022-07-31,40.0
MD,2022,24,31,2022-08-07,45.25
MD,2022,25,32,2022-08-14,49.0
MD,2022,26,33,2022-08-21,55.375
MD,2022,27,34,2022-08-28,59.5
MD,2022,28,35,2022-09-04,70.25
MD,2022,29,36,2022-09-11,75.375
MD,2022,30,37,2022-09-18,77.25
MD,2022,31,38,2022-09-25,78.75
MD,2022,32,39,2022-10-02,84.375
MD,2022,33,40,2022-10-09,90.625
MD,2022,34,41,2022-10-16,91.875
MD,2022,35,42,2022-10-23,92.625
MD,2022,36,43,2022-10-30,93.625
MD,2022,37,44,2022-11-06,94.625
MD,2022,38,45,2022-11-13,95.625
MD,2023,8,15,2023-04-16,0.5
MD,2023,9,16,2023-04-23,2.375
MD,2023,10,17,2023-04-30,9.375
MD,2023,11,18,2023-05-07,15.75
MD,2023,12,19,2023-05-14,19.875
MD,2023,13,20,2023-05-21,22.625
MD,2023,14,21,2023-05-28,23.75
MD,2023,15,22,2023-06-04,24.125
MD,2023,21,28,2023-07-16,27.0
MD,2023,22,29,2023-07-23,31.625
MD,2023,23,30,2023-07-30,35.0
MD,2023,24,31,2023-08-06,42.0
MD,2023,25,32,2023-08-13,49.5
MD,2023,26,33,2023-08-20,56.0
MD,2023,27,34,2023-08-27,64.125
MD,2023,28,35,2023-09-03,69.125
MD,2023,29,36,2023-09-10,72.75
MD,2023,30,37,2023-09-17,77.375
MD,2023,31,38,2023-09-24,82.125
MD,2023,32,39,2023-10-01,88.5
MD,2023,33,40,2023-10-08,90.375
MD,2023,34,41,2023-10-15,92.25
MD,2023,35,42,2023-10-22,93.5
MD,2023,36,43,2023-10-29,94.625
MD,2023,37,44,2023-11-05,95.75
MD,2024,9,16,2024-04-21,0.75
MD,2024,10,17,2024-04-28,2.875
MD,2024,11,18,2024-05-05,6.375
MD,2024,12,19,2024-05-12,13.25
MD,2024,13,20,2024-05-19,17.625
MD,2024,14,21,2024-05-26,22.0
MD,2024,15,22,2024-06-02,23.125
MD,2024,16,23,2024-06-09,24.125
MD,2024,20,27,2024-07-07,25.875
MD,2024,21,28,2024-07-14,27.875
MD,2024,22,29,2024-07-21,33.75
MD,2024,23,30,2024-07-28,40.25
MD,2024,24,31,2024-08-04,49.875
MD,2024,25,32,2024-08-11,55.875
MD,2024,26,33,2024-08-18,61.75
MD,2024,27,34,2024-08-25,68.375
MD,2024,28,35,2024-09-01,72.625
MD,2024,29,36,2024-09-08,75.25
MD,2024,30,37,2024-09-15,79.0
MD,2024,31,38,2024-09-22,83.75
MD,2024,32,39,2024-09-29,86.5
MD,2024,33,40,2024-10-06,88.5
MD,2024,34,41,2024-10-13,91.875
MD,2024,35,42,2024-10-20,93.625
MD,2024,36,43,2024-10-27,94.875
MD,2024,37,44,2024-11-03,95.75
MD,2025,7,14,2025-04-06,0.0
MD,2025,8,15,2025-04-13,0.0
MD,2025,9,16,2025-04-20,0.0
MD,2025,10,17,2025-04-27,2.5
MD,2025,11,18,2025-05-04,6.0
MD,2025,12,19,2025-05-11,11.0
MD,2025,13,20,2025-05-18,16.375
MD,2025,14,21,2025-05-25,19.875
MD,2025,15,22,2025-06-01,22.5
MD,2025,16,23,2025-06-08,23.375
MD,2025,17,24,2025-06-15,24.0
MD,2025,20,27,2025-07-06,26.5
MD,2025,21,28,2025-07-13,30.0
MD,2025,22,29,2025-07-20,35.0
MD,2025,23,30,2025-07-27,38.75
MD,2025,24,31,2025-08-03,45.375
MD,2025,25,32,2025-08-10,54.375
MD,2025,26,33,2025-08-17,60.0
MD,2025,27,34,2025-08-24,64.75
MD,2025,28,35,2025-08-31,70.375
MD,2025,29,36,2025-09-07,73.375
MD,2025,30,37,2025-09-14,78.5
MD,2025,31,38,2025-09-21,83.25
MD,2025,32,39,2025-09-28,87.5
MD,2025,39,46,2025-11-16,96.625
MD,2025,40,47,2025-11-23,97.0
ME,2016,9,16,2016-04-24,0.0
ME,2016,10,17,2016-05-01,0.625
ME,2016,11,18,2016-05-08,1.0
ME,2016,12,19,2016-05-15,2.0
ME,2016,13,20,2016-05-22,4.75
ME,2016,14,21,2016-05-29,11.75
ME,2016,15,22,2016-06-05,17.875
ME,2016,16,23,2016-06-12,19.25
ME,2016,17,24,2016-06-19,20.375
ME,2016,18,25,2016-06-26,23.75
ME,2016,28,35,2016-09-04,23.75
ME,2016,29,36,2016-09-11,24.875
ME,2016,30,37,2016-09-18,26.0
ME,2016,31,38,2016-09-25,28.375
ME,2016,32,39,2016-10-02,28.75
ME,2016,33,40,2016-10-09,30.0
ME,2016,34,41,2016-10-16,35.0
ME,2016,35,42,2016-10-23,36.25
ME,2017,9,16,2017-04-23,0.0
ME,2017,10,17,2017-04-30,0.0
ME,2017,11,18,2017-05-07,0.0
ME,2017,12,19,2017-05-14,0.0
ME,2017,13,20,2017-05-21,0.125
ME,2017,14,21,2017-05-28,3.875
ME,2017,15,22,2017-06-04,5.75
ME,2017,16,23,2017-06-11,8.375
ME,2017,17,24,2017-06-18,20.5
ME,2017,18,25,2017-06-25,23.0
ME,2017,19,26,2017-07-02,23.25
ME,2017,20,27,2017-07-09,23.875
ME,2017,28,35,2017-09-03,23.875
ME,2017,29,36,2017-09-10,23.875
ME,2017,30,37,2017-09-17,23.875
ME,2017,31,38,2017-09-24,24.5
ME,2017,32,39,2017-10-01,25.125
ME,2017,33,40,2017-10-08,25.625
ME,2017,34,41,2017-10-15,29.25
ME,2017,35,42,2017-10-22,33.75
ME,2017,36,43,2017-10-29,34.5
ME,2017,37,44,2017-11-05,34.875
ME,2017,38,45,2017-11-12,35.375
ME,2018,10,17,2018-04-29,0.0
ME,2018,11,18,2018-05-06,0.0
ME,2018,12,19,2018-05-13,0.0
ME,2018,13,20,2018-05-20,0.5
ME,2018,14,21,2018-05-27,6.875
ME,2018,15,22,2018-06-03,9.125
ME,2018,16,23,2018-06-10,13.25
ME,2018,17,24,2018-06-17,20.0
ME,2018,18,25,2018-06-24,21.0
ME,2018,19,26,2018-07-01,23.75
ME,2018,31,38,2018-09-23,30.0
ME,2018,32,39,2018-09-30,30.625
ME,2018,33,40,2018-10-07,32.5
ME,2018,34,41,2018-10-14,35.25
ME,2018,35,42,2018-10-21,36.125
ME,2018,36,43,2018-10-28,36.25
ME,2019,11,18,2019-05-05,0.0
ME,2019,12,19,2019-05-12,0.0
ME,2019,13,20,2019-05-19,0.625
ME,2019,14,21,2019-05-26,2.125
ME,2019,15,22,2019-06-02,7.25
ME,2019,16,23,2019-06-09,10.0
ME,2019,17,24,2019-06-16,12.5
ME,2019,18,25,2019-06-23,19.375
ME,2019,19,26,2019-06-30,21.125
ME,2019,20,27,2019-07-07,24.25
ME,2019,29,36,2019-09-08,24.25
ME,2019,30,37,2019-09-15,24.25
ME,2019,31,38,2019-09-22,25.5
ME,2019,32,39,2019-09-29,28.0
ME,2019,33,40,2019-10-06,28.625
ME,2019,34,41,2019-10-13,31.75
ME,2019,35,42,2019-10-20,34.25
ME,2019,36,43,2019-10-27,36.125
ME,2019,37,44,2019-11-03,36.75
ME,2020,8,15,2020-04-12,0.0
ME,2020,9,16,2020-04-19,0.0
ME,2020,10,17,2020-04-26,0.0
ME,2020,11,18,2020-05-03,0.0
ME,2020,12,19,2020-05-10,0.0
ME,2020,13,20,2020-05-17,2.125
ME,2020,14,21,2020-05-24,8.0
ME,2020,15,22,2020-05-31,9.0
ME,2020,16,23,2020-06-07,11.875
ME,2020,17,24,2020-06-14,14.125
ME,2020,18,25,2020-06-21,18.0
ME,2020,19,26,2020-06-28,20.0
ME,2020,20,27,2020-07-05,21.25
ME,2020,21,28,2020-07-12,22.25
ME,2020,29,36,2020-09-06,22.375
ME,2020,30,37,2020-09-13,23.25
ME,2020,31,38,2020-09-20,24.25
ME,2020,32,39,2020-09-27,27.0
ME,2020,33,40,2020-10-04,27.25
ME,2020,34,41,2020-10-11,30.125
ME,2020,35,42,2020-10-18,33.375
ME,2020,36,43,2020-10-25,34.375
ME,2020,37,44,2020-11-01,34.625
ME,2020,38,45,2020-11-08,34.75
ME,2021,9,16,2021-04-25,0.0
ME,2021,10,17,2021-05-02,0.0
ME,2021,11,18,2021-05-09,0.625
ME,2021,12,19,2021-05-16,1.875
ME,2021,13,20,2021-05-23,5.75
ME,2021,14,21,2021-05-30,7.625
ME,2021,15,22,2021-06-06,9.625
ME,2021,16,23,2021-06-13,14.5
ME,2021,17,24,2021-06-20,15.5
ME,2021,18,25,2021-06-27,16.875
ME,2021,19,26,2021-07-04,21.0
ME,2021,20,27,2021-07-11,21.625
ME,2021,28,35,2021-09-05,21.625
ME,2021,29,36,2021-09-12,22.125
ME,2021,30,37,2021-09-19,23.375
ME,2021,31,38,2021-09-26,24.125
ME,2021,32,39,2021-10-03,25.625
ME,2021,33,40,2021-10-10,27.25
ME,2021,34,41,2021-10-17,29.375
ME,2021,35,42,2021-10-24,33.0
ME,2021,36,43,2021-10-31,33.625
ME,2021,37,44,2021-11-07,33.875
ME,2022,9,16,2022-04-24,0.0
ME,2022,10,17,2022-05-01,0.5
ME,2022,11,18,2022-05-08,1.25
ME,2022,12,19,2022-05-15,2.25
ME,2022,13,20,2022-05-22,6.5
ME,2022,14,21,2022-05-29,12.5
ME,2022,15,22,2022-06-05,13.75
ME,2022,16,23,2022-06-12,17.375
ME,2022,17,24,2022-06-19,22.25
ME,2022,18,25,2022-06-26,23.75
ME,2022,19,26,2022-07-03,24.875
ME,2022,20,27,2022-07-10,25.0
ME,2022,24,31,2022-08-07,25.0
ME,2022,25,32,2022-08-14,25.0
ME,2022,28,35,2022-09-04,25.0
ME,2022,29,36,2022-09-11,25.0
ME,2022,30,37,2022-09-18,25.0
ME,2022,31,38,2022-09-25,29.0
ME,2022,32,39,2022-10-02,32.5
ME,2022,33,40,2022-10-09,32.875
ME,2022,34,41,2022-10-16,36.25
ME,2022,35,42,2022-10-23,37.25
ME,2022,36,43,2022-10-30,37.5
ME,2023,10,17,2023-04-30,0.0
ME,2023,11,18,2023-05-07,1.875
ME,2023,12,19,2023-05-14,4.0
ME,2023,13,20,2023-05-21,5.0
ME,2023,14,21,2023-05-28,8.75
ME,2023,15,22,2023-06-04,11.25
ME,2023,16,23,2023-06-11,16.625
ME,2023,17,24,2023-06-18,20.5
ME,2023,18,25,2023-06-25,22.25
ME,2023,19,26,2023-07-02,22.5
ME,2023,27,34,2023-08-27,22.5
ME,2023,28,35,2023-09-03,22.5
ME,2023,29,36,2023-09-10,22.5
ME,2023,30,37,2023-09-17,22.5
ME,2023,31,38,2023-09-24,25.0
ME,2023,32,39,2023-10-01,26.875
ME,2023,33,40,2023-10-08,28.625
ME,2023,34,41,2023-10-15,31.5
ME,2023,35,42,2023-10-22,33.25
ME,2023,36,43,2023-10-29,33.875
ME,2024,9,16,2024-04-21,0.0
ME,2024,10,17,2024-04-28,0.0
ME,2024,11,18,2024-05-05,0.0
ME,2024,12,19,2024-05-12,1.75
ME,2024,13,20,2024-05-19,4.5
ME,2024,14,21,2024-05-26,5.125
ME,2024,15,22,2024-06-02,9.375
ME,2024,16,23,2024-06-09,14.375
ME,2024,17,24,2024-06-16,18.75
ME,2024,18,25,2024-06-23,21.625
ME,2024,19,26,2024-06-30,21.875
ME,2024,28,35,2024-09-01,22.625
ME,2024,29,36,2024-09-08,23.375
ME,2024,30,37,2024-09-15,25.0
ME,2024,31,38,2024-09-22,28.875
ME,2024,32,39,2024-09-29,30.125
ME,2024,33,40,2024-10-06,31.125
ME,2024,34,41,2024-10-13,32.25
ME,2024,35,42,2024-10-20,33.5
ME,2025,15,22,2025-06-01,2.125
ME,2025,16,23,2025-06-08,12.125
ME,2025,17,24,2025-06-15,14.375
ME,2025,18,25,2025-06-22,20.125
ME,2025,19,26,2025-06-29,21.5
ME,2025,20,27,2025-07-06,22.875
ME,2025,29,36,2025-09-07,23.125
ME,2025,30,37,2025-09-14,23.375
ME,2025,31,38,2025-09-21,24.125
ME,2025,32,39,2025-09-28,26.125
MI,2016,6,13,2016-04-03,0.0
MI,2016,7,14,2016-04-10,0.0
MI,2016,8,15,2016-04-17,0.0
MI,2016,9,16,2016-04-24,0.375
MI,2016,10,17,2016-05-01,1.0
MI,2016,11,18,2016-05-08,2.5
MI,2016,12,19,2016-05-15,5.0
MI,2016,13,20,2016-05-22,10.25
MI,2016,14,21,2016-05-29,16.625
MI,2016,15,22,2016-06-05,21.0
MI,2016,16,23,2016-06-12,24.0
MI,2016,17,24,2016-06-19,24.5
MI,2016,18,25,2016-06-26,25.0
MI,2016,19,26,2016-07-03,25.125
MI,2016,20,27,2016-07-10,25.375
MI,2016,21,28,2016-07-17,27.75
MI,2016,22,29,2016-07-24,31.875
MI,2016,23,30,2016-07-31,36.375
MI,2016,24,31,2016-08-07,39.5
MI,2016,25,32,2016-08-14,42.875
MI,2016,26,33,2016-08-21,47.0
MI,2016,27,34,2016-08-28,50.75
MI,2016,28,35,2016-09-04,55.75
MI,2016,29,36,2016-09-11,58.25
MI,2016,30,37,2016-09-18,61.875
MI,2016,31,38,2016-09-25,66.25
MI,2016,32,39,2016-10-02,69.25
MI,2016,33,40,2016-10-09,71.625
MI,2016,34,41,2016-10-16,73.5
MI,2016,35,42,2016-10-23,75.625
MI,2016,36,43,2016-10-30,77.25
MI,2016,37,44,2016-11-06,78.875
MI,2016,38,45,2016-11-13,81.0
MI,2016,39,46,2016-11-20,82.625
MI,2016,40,47,2016-11-27,83.25
MI,2017,7,14,2017-04-09,0.0
MI,2017,8,15,2017-04-16,0.0
MI,2017,9,16,2017-04-23,0.125
MI,2017,10,17,2017-04-30,0.625
MI,2017,11,18,2017-05-07,1.25
MI,2017,12,19,2017-05-14,4.0
MI,2017,13,20,2017-05-21,10.375
MI,2017,14,21,2017-05-28,15.625
MI,2017,15,22,2017-06-04,19.625
MI,2017,16,23,2017-06-11,22.375
MI,2017,17,24,2017-06-18,23.75
MI,2017,18,25,2017-06-25,23.75
MI,2017,19,26,2017-07-02,23.75
MI,2017,20,27,2017-07-09,24.0
MI,2017,21,28,2017-07-16,25.625
MI,2017,22,29,2017-07-23,29.0
MI,2017,23,30,2017-07-30,33.125
MI,2017,24,31,2017-08-06,36.625
MI,2017,25,32,2017-08-13,40.375
MI,2017,26,33,2017-08-20,44.0
MI,2017,27,34,2017-08-27,47.25
MI,2017,28,35,2017-09-03,51.25
MI,2017,29,36,2017-09-10,54.5
MI,2017,30,37,2017-09-17,58.75
MI,2017,31,38,2017-09-24,63.125
MI,2017,32,39,2017-10-01,66.75
MI,2017,33,40,2017-10-08,69.875
MI,2017,34,41,2017-10-15,72.125
MI,2017,35,42,2017-10-22,75.0
MI,2017,36,43,2017-10-29,76.625
MI,2017,37,44,2017-11-05,78.5
MI,2017,38,45,2017-11-12,80.0
MI,2017,39,46,2017-11-19,80.875
MI,2017,40,47,2017-11-26,81.875
MI,2018,7,14,2018-04-08,0.0
MI,2018,8,15,2018-04-15,0.0
MI,2018,9,16,2018-04-22,0.0
MI,2018,10,17,2018-04-29,0.375
MI,2018,11,18,2018-05-06,1.75
MI,2018,12,19,2018-05-13,5.0
MI,2018,13,20,2018-05-20,9.0
MI,2018,14,21,2018-05-27,13.0
MI,2018,15,22,2018-06-03,17.625
MI,2018,16,23,2018-06-10,20.75
MI,2018,17,24,2018-06-17,22.5
MI,2018,18,25,2018-06-24,23.5
MI,2018,19,26,2018-07-01,24.25
MI,2018,20,27,2018-07-08,25.125
MI,2018,21,28,2018-07-15,27.75
MI,2018,22,29,2018-07-22,30.375
MI,2018,23,30,2018-07-29,34.125
MI,2018,24,31,2018-08-05,37.375
MI,2018,25,32,2018-08-12,41.5
MI,2018,26,33,2018-08-19,45.5
MI,2018,27,34,2018-08-26,51.75
MI,2018,28,35,2018-09-02,56.25
MI,2018,29,36,2018-09-09,58.25
MI,2018,30,37,2018-09-16,62.25
MI,2018,31,38,2018-09-23,66.375
MI,2018,32,39,2018-09-30,70.375
MI,2018,33,40,2018-10-07,73.5
MI,2018,34,41,2018-10-14,75.125
MI,2018,35,42,2018-10-21,77.5
MI,2018,36,43,2018-10-28,80.0
MI,2018,37,44,2018-11-04,81.375
MI,2018,38,45,2018-11-11,82.625
MI,2018,39,46,2018-11-18,83.5
MI,2018,40,47,2018-11-25,84.5
MI,2019,7,14,2019-04-07,0.0
MI,2019,8,15,2019-04-14,0.0
MI,2019,9,16,2019-04-21,0.0
MI,2019,10,17,2019-04-28,0.25
MI,2019,11,18,2019-05-05,0.375
MI,2019,12,19,2019-05-12,0.625
MI,2019,13,20,2019-05-19,2.5
MI,2019,14,21,2019-05-26,5.0
MI,2019,15,22,2019-06-02,7.375
MI,2019,16,23,2019-06-09,12.0
MI,2019,17,24,2019-06-16,16.5
MI,2019,18,25,2019-06-23,19.25
MI,2019,19,26,2019-06-30,22.5
MI,2019,20,27,2019-07-07,24.375
MI,2019,21,28,2019-07-14,25.0
MI,2019,22,29,2019-07-21,25.625
MI,2019,23,30,2019-07-28,27.5
MI,2019,24,31,2019-08-04,30.75
MI,2019,25,32,2019-08-11,35.25
MI,2019,26,33,2019-08-18,39.0
MI,2019,27,34,2019-08-25,42.75
MI,2019,28,35,2019-09-01,45.75
MI,2019,29,36,2019-09-08,49.75
MI,2019,30,37,2019-09-15,53.0
MI,2019,31,38,2019-09-22,56.0
MI,2019,32,39,2019-09-29,60.5
MI,2019,33,40,2019-10-06,64.625
MI,2019,34,41,2019-10-13,67.25
MI,2019,35,42,2019-10-20,71.0
MI,2019,36,43,2019-10-27,74.0
MI,2019,37,44,2019-11-03,76.0
MI,2019,38,45,2019-11-10,78.0
MI,2019,39,46,2019-11-17,79.25
MI,2019,40,47,2019-11-24,82.0
MI,2019,41,48,2019-12-01,83.25
MI,2020,8,15,2020-04-12,0.0
MI,2020,9,16,2020-04-19,0.0
MI,2020,10,17,2020-04-26,0.375
MI,2020,11,18,2020-05-03,1.375
MI,2020,12,19,2020-05-10,5.0
MI,2020,13,20,2020-05-17,8.75
MI,2020,14,21,2020-05-24,12.25
MI,2020,15,22,2020-05-31,17.0
MI,2020,16,23,2020-06-07,20.5
MI,2020,17,24,2020-06-14,22.625
MI,2020,18,25,2020-06-21,24.0
MI,2020,19,26,2020-06-28,24.5
MI,2020,20,27,2020-07-05,25.0
MI,2020,21,28,2020-07-12,25.5
MI,2020,22,29,2020-07-19,27.75
MI,2020,23,30,2020-07-26,33.75
MI,2020,24,31,2020-08-02,37.25
MI,2020,25,32,2020-08-09,41.625
MI,2020,26,33,2020-08-16,45.75
MI,2020,27,34,2020-08-23,50.125
MI,2020,28,35,2020-08-30,54.375
MI,2020,29,36,2020-09-06,62.125
MI,2020,30,37,2020-09-13,61.625
MI,2020,31,38,2020-09-20,65.875
MI,2020,32,39,2020-09-27,69.375
MI,2020,33,40,2020-10-04,72.125
MI,2020,34,41,2020-10-11,74.75
MI,2020,35,42,2020-10-18,76.875
MI,2020,36,43,2020-10-25,78.75
MI,2020,37,44,2020-11-01,81.5
MI,2020,38,45,2020-11-08,84.625
MI,2020,39,46,2020-11-15,85.625
MI,2020,40,47,2020-11-22,86.375
MI,2020,41,48,2020-11-29,86.875
MI,2021,6,13,2021-04-04,0.0
MI,2021,7,14,2021-04-11,0.125
MI,2021,8,15,2021-04-18,0.25
MI,2021,9,16,2021-04-25,0.625
MI,2021,10,17,2021-05-02,3.875
MI,2021,11,18,2021-05-09,6.375
MI,2021,12,19,2021-05-16,10.75
MI,2021,13,20,2021-05-23,17.625
MI,2021,14,21,2021-05-30,21.75
MI,2021,15,22,2021-06-06,23.75
MI,2021,16,23,2021-06-13,24.5
MI,2021,17,24,2021-06-20,24.875
MI,2021,18,25,2021-06-27,24.875
MI,2021,19,26,2021-07-04,24.875
MI,2021,20,27,2021-07-11,25.375
MI,2021,21,28,2021-07-18,30.125
MI,2021,22,29,2021-07-25,34.875
MI,2021,23,30,2021-08-01,38.625
MI,2021,24,31,2021-08-08,42.125
MI,2021,25,32,2021-08-15,45.375
MI,2021,26,33,2021-08-22,49.75
MI,2021,27,34,2021-08-29,53.375
MI,2021,28,35,2021-09-05,59.125
MI,2021,29,36,2021-09-12,61.125
MI,2021,30,37,2021-09-19,65.5
MI,2021,31,38,2021-09-26,69.0
MI,2021,32,39,2021-10-03,73.5
MI,2021,33,40,2021-10-10,76.5
MI,2021,34,41,2021-10-17,78.0
MI,2021,35,42,2021-10-24,80.125
MI,2021,36,43,2021-10-31,81.5
MI,2021,37,44,2021-11-07,82.625
MI,2021,38,45,2021-11-14,84.375
MI,2021,39,46,2021-11-21,85.5
MI,2021,40,47,2021-11-28,86.0
MI,2022,6,13,2022-04-03,0.0
MI,2022,7,14,2022-04-10,0.0
MI,2022,8,15,2022-04-17,0.0
MI,2022,9,16,2022-04-24,0.0
MI,2022,10,17,2022-05-01,0.125
MI,2022,11,18,2022-05-08,0.5
MI,2022,12,19,2022-05-15,4.125
MI,2022,13,20,2022-05-22,9.75
MI,2022,14,21,2022-05-29,15.875
MI,2022,15,22,2022-06-05,20.875
MI,2022,16,23,2022-06-12,22.875
MI,2022,17,24,2022-06-19,24.0
MI,2022,18,25,2022-06-26,24.625
MI,2022,19,26,2022-07-03,24.625
MI,2022,20,27,2022-07-10,24.875
MI,2022,21,28,2022-07-17,26.875
MI,2022,22,29,2022-07-24,32.125
MI,2022,23,30,2022-07-31,36.5
MI,2022,24,31,2022-08-07,40.875
MI,2022,25,32,2022-08-14,45.0
MI,2022,26,33,2022-08-21,49.0
MI,2022,27,34,2022-08-28,53.625
MI,2022,28,35,2022-09-04,58.0
MI,2022,29,36,2022-09-11,59.5
MI,2022,30,37,2022-09-18,62.625
MI,2022,31,38,2022-09-25,65.75
MI,2022,32,39,2022-10-02,69.375
MI,2022,33,40,2022-10-09,72.625
MI,2022,34,41,2022-10-16,74.75
MI,2022,35,42,2022-10-23,76.625
MI,2022,36,43,2022-10-30,78.75
MI,2022,37,44,2022-11-06,81.25
MI,2022,38,45,2022-11-13,83.5
MI,2022,39,46,2022-11-20,84.5
MI,2022,40,47,2022-11-27,85.625
MI,2023,6,13,2023-04-02,0.0
MI,2023,7,14,2023-04-09,0.0
MI,2023,8,15,2023-04-16,0.0
MI,2023,9,16,2023-04-23,0.125
MI,2023,10,17,2023-04-30,0.25
MI,2023,11,18,2023-05-07,0.75
MI,2023,12,19,2023-05-14,4.25
MI,2023,13,20,2023-05-21,10.0
MI,2023,14,21,2023-05-28,15.375
MI,2023,15,22,2023-06-04,20.375
MI,2023,16,23,2023-06-11,23.25
MI,2023,17,24,2023-06-18,23.875
MI,2023,18,25,2023-06-25,24.375
MI,2023,19,26,2023-07-02,24.75
MI,2023,20,27,2023-07-09,25.25
MI,2023,21,28,2023-07-16,26.5
MI,2023,22,29,2023-07-23,28.625
MI,2023,23,30,2023-07-30,33.25
MI,2023,24,31,2023-08-06,37.75
MI,2023,25,32,2023-08-13,40.625
MI,2023,26,33,2023-08-20,43.875
MI,2023,27,34,2023-08-27,48.75
MI,2023,28,35,2023-09-03,54.5
MI,2023,29,36,2023-09-10,57.0
MI,2023,30,37,2023-09-17,60.75
MI,2023,31,38,2023-09-24,63.0
MI,2023,32,39,2023-10-01,66.625
MI,2023,33,40,2023-10-08,70.125
MI,2023,34,41,2023-10-15,73.625
MI,2023,35,42,2023-10-22,76.125
MI,2023,36,43,2023-10-29,77.5
MI,2023,37,44,2023-11-05,79.25
MI,2023,38,45,2023-11-12,81.125
MI,2023,39,46,2023-11-19,83.25
MI,2023,40,47,2023-11-26,84.75
MI,2024,6,13,2024-03-31,0.0
MI,2024,7,14,2024-04-07,0.0
MI,2024,8,15,2024-04-14,0.0
MI,2024,9,16,2024-04-21,0.125
MI,2024,10,17,2024-04-28,0.5
MI,2024,11,18,2024-05-05,2.0
MI,2024,12,19,2024-05-12,3.75
MI,2024,13,20,2024-05-19,8.75
MI,2024,14,21,2024-05-26,14.5
MI,2024,15,22,2024-06-02,19.0
MI,2024,16,23,2024-06-09,21.875
MI,2024,17,24,2024-06-16,23.625
MI,2024,18,25,2024-06-23,24.625
MI,2024,19,26,2024-06-30,25.0
MI,2024,20,27,2024-07-07,26.125
MI,2024,21,28,2024-07-14,28.875
MI,2024,22,29,2024-07-21,31.25
MI,2024,23,30,2024-07-28,34.625
MI,2024,24,31,2024-08-04,38.0
MI,2024,25,32,2024-08-11,42.375
MI,2024,26,33,2024-08-18,45.75
MI,2024,27,34,2024-08-25,50.25
MI,2024,28,35,2024-09-01,55.625
MI,2024,29,36,2024-09-08,58.625
MI,2024,30,37,2024-09-15,63.5
MI,2024,31,38,2024-09-22,68.0
MI,2024,32,39,2024-09-29,71.625
MI,2024,33,40,2024-10-06,75.0
MI,2024,34,41,2024-10-13,78.375
MI,2024,35,42,2024-10-20,80.625
MI,2024,36,43,2024-10-27,82.75
MI,2024,37,44,2024-11-03,85.25
MI,2024,38,45,2024-11-10,86.375
MI,2024,39,46,2024-11-17,86.875
MI,2024,40,47,2024-11-24,87.125
MI,2025,7,14,2025-04-06,0.0
MI,2025,8,15,2025-04-13,0.0
MI,2025,9,16,2025-04-20,0.125
MI,2025,10,17,2025-04-27,0.75
MI,2025,11,18,2025-05-04,3.0
MI,2025,12,19,2025-05-11,5.625
MI,2025,13,20,2025-05-18,11.25
MI,2025,14,21,2025-05-25,14.625
MI,2025,15,22,2025-06-01,18.875
MI,2025,16,23,2025-06-08,22.75
MI,2025,17,24,2025-06-15,23.875
MI,2025,18,25,2025-06-22,24.5
MI,2025,19,26,2025-06-29,24.875
MI,2025,20,27,2025-07-06,26.0
MI,2025,21,28,2025-07-13,27.625
MI,2025,22,29,2025-07-20,30.375
MI,2025,23,30,2025-07-27,34.125
MI,2025,24,31,2025-08-03,38.75
MI,2025,25,32,2025-08-10,43.0
MI,2025,26,33,2025-08-17,46.875
MI,2025,27,34,2025-08-24,50.125
MI,2025,28,35,2025-08-31,54.25
MI,2025,29,36,2025-09-07,56.75
MI,2025,30,37,2025-09-14,60.875
MI,2025,31,38,2025-09-21,64.625
MI,2025,32,39,2025-09-28,68.0
MI,2025,39,46,2025-11-16,77.375
MI,2025,40,47,2025-11-23,78.625
MN,2016,7,14,2016-04-10,0.0
MN,2016,8,15,2016-04-17,1.625
MN,2016,9,16,2016-04-24,5.75
MN,2016,10,17,2016-05-01,8.0
MN,2016,11,18,2016-05-08,14.25
MN,2016,12,19,2016-05-15,18.25
MN,2016,13,20,2016-05-22,22.0
MN,2016,14,21,2016-05-29,23.875
MN,2016,15,22,2016-06-05,24.75
MN,2016,16,23,2016-06-12,25.0
MN,2016,18,25,2016-06-26,25.0
MN,2016,19,26,2016-07-03,25.0
MN,2016,20,27,2016-07-10,27.0
MN,2016,21,28,2016-07-17,31.375
MN,2016,22,29,2016-07-24,36.0
MN,2016,23,30,2016-07-31,40.125
MN,2016,24,31,2016-08-07,44.125
MN,2016,25,32,2016-08-14,48.5
MN,2016,26,33,2016-08-21,52.375
MN,2016,27,34,2016-08-28,56.75
MN,2016,28,35,2016-09-04,61.5
MN,2016,29,36,2016-09-11,63.0
MN,2016,30,37,2016-09-18,67.125
MN,2016,31,38,2016-09-25,70.875
MN,2016,32,39,2016-10-02,73.625
MN,2016,33,40,2016-10-09,75.375
MN,2016,34,41,2016-10-16,78.0
MN,2016,35,42,2016-10-23,81.0
MN,2016,36,43,2016-10-30,83.5
MN,2016,37,44,2016-11-06,84.875
MN,2016,38,45,2016-11-13,85.875
MN,2016,39,46,2016-11-20,86.25
MN,2016,40,47,2016-11-27,86.375
MN,2017,7,14,2017-04-09,0.0
MN,2017,8,15,2017-04-16,0.125
MN,2017,9,16,2017-04-23,0.75
MN,2017,10,17,2017-04-30,1.5
MN,2017,11,18,2017-05-07,4.5
MN,2017,12,19,2017-05-14,13.0
MN,2017,13,20,2017-05-21,19.125
MN,2017,14,21,2017-05-28,22.125
MN,2017,15,22,2017-06-04,23.875
MN,2017,16,23,2017-06-11,24.625
MN,2017,17,24,2017-06-18,24.875
MN,2017,18,25,2017-06-25,24.875
MN,2017,19,26,2017-07-02,24.875
MN,2017,20,27,2017-07-09,25.25
MN,2017,21,28,2017-07-16,27.375
MN,2017,22,29,2017-07-23,32.5
MN,2017,23,30,2017-07-30,36.375
MN,2017,24,31,2017-08-06,41.0
MN,2017,25,32,2017-08-13,43.875
MN,2017,26,33,2017-08-20,47.5
MN,2017,27,34,2017-08-27,51.625
MN,2017,28,35,2017-09-03,55.125
MN,2017,29,36,2017-09-10,58.0
MN,2017,30,37,2017-09-17,61.25
MN,2017,31,38,2017-09-24,64.75
MN,2017,32,39,2017-10-01,68.0
MN,2017,33,40,2017-10-08,71.0
MN,2017,34,41,2017-10-15,72.875
MN,2017,35,42,2017-10-22,74.75
MN,2017,36,43,2017-10-29,77.75
MN,2017,37,44,2017-11-05,80.5
MN,2017,38,45,2017-11-12,82.875
MN,2017,39,46,2017-11-19,84.25
MN,2017,40,47,2017-11-26,85.0
MN,2018,7,14,2018-04-08,0.0
MN,2018,8,15,2018-04-15,0.0
MN,2018,9,16,2018-04-22,0.0
MN,2018,10,17,2018-04-29,0.0
MN,2018,11,18,2018-05-06,1.125
MN,2018,12,19,2018-05-13,5.125
MN,2018,13,20,2018-05-20,12.625
MN,2018,14,21,2018-05-27,19.875
MN,2018,15,22,2018-06-03,23.125
MN,2018,16,23,2018-06-10,24.375
MN,2018,17,24,2018-06-17,24.625
MN,2018,18,25,2018-06-24,24.625
MN,2018,19,26,2018-07-01,24.75
MN,2018,20,27,2018-07-08,25.625
MN,2018,21,28,2018-07-15,30.25
MN,2018,22,29,2018-07-22,34.625
MN,2018,23,30,2018-07-29,39.0
MN,2018,24,31,2018-08-05,42.875
MN,2018,25,32,2018-08-12,46.375
MN,2018,26,33,2018-08-19,50.875
MN,2018,27,34,2018-08-26,55.25
MN,2018,28,35,2018-09-02,60.5
MN,2018,29,36,2018-09-09,61.375
MN,2018,30,37,2018-09-16,65.75
MN,2018,31,38,2018-09-23,69.5
MN,2018,32,39,2018-09-30,72.75
MN,2018,33,40,2018-10-07,74.75
MN,2018,34,41,2018-10-14,75.25
MN,2018,35,42,2018-10-21,77.375
MN,2018,36,43,2018-10-28,80.25
MN,2018,37,44,2018-11-04,82.75
MN,2018,38,45,2018-11-11,83.875
MN,2018,39,46,2018-11-18,84.625
MN,2018,40,47,2018-11-25,85.0
MN,2019,7,14,2019-04-07,0.0
MN,2019,8,15,2019-04-14,0.0
MN,2019,9,16,2019-04-21,0.0
MN,2019,10,17,2019-04-28,0.25
MN,2019,11,18,2019-05-05,0.75
MN,2019,12,19,2019-05-12,2.75
MN,2019,13,20,2019-05-19,7.75
MN,2019,14,21,2019-05-26,10.875
MN,2019,15,22,2019-06-02,15.5
MN,2019,16,23,2019-06-09,20.125
MN,2019,17,24,2019-06-16,23.25
MN,2019,18,25,2019-06-23,24.5
MN,2019,19,26,2019-06-30,24.875
MN,2019,20,27,2019-07-07,25.0
MN,2019,21,28,2019-07-14,25.25
MN,2019,22,29,2019-07-21,27.625
MN,2019,23,30,2019-07-28,32.125
MN,2019,24,31,2019-08-04,37.25
MN,2019,25,32,2019-08-11,40.75
MN,2019,26,33,2019-08-18,44.25
MN,2019,27,34,2019-08-25,47.375
MN,2019,28,35,2019-09-01,51.125
MN,2019,29,36,2019-09-08,54.5
MN,2019,30,37,2019-09-15,56.75
MN,2019,31,38,2019-09-22,59.875
MN,2019,32,39,2019-09-29,63.25
MN,2019,33,40,2019-10-06,66.25
MN,2019,34,41,2019-10-13,70.625
MN,2019,35,42,2019-10-20,74.25
MN,2019,36,43,2019-10-27,76.5
MN,2019,37,44,2019-11-03,79.625
MN,2019,38,45,2019-11-10,82.0
MN,2019,39,46,2019-11-17,83.75
MN,2019,40,47,2019-11-24,84.875
MN,2019,41,48,2019-12-01,85.5
MN,2020,7,14,2020-04-05,0.0
MN,2020,8,15,2020-04-12,0.0
MN,2020,9,16,2020-04-19,0.125
MN,2020,10,17,2020-04-26,5.0
MN,2020,11,18,2020-05-03,9.875
MN,2020,12,19,2020-05-10,15.125
MN,2020,13,20,2020-05-17,19.0
MN,2020,14,21,2020-05-24,22.25
MN,2020,15,22,2020-05-31,23.75
MN,2020,16,23,2020-06-07,24.625
MN,2020,17,24,2020-06-14,24.875
MN,2020,18,25,2020-06-21,24.875
MN,2020,19,26,2020-06-28,24.875
MN,2020,20,27,2020-07-05,25.125
MN,2020,21,28,2020-07-12,27.5
MN,2020,22,29,2020-07-19,34.125
MN,2020,23,30,2020-07-26,38.0
MN,2020,24,31,2020-08-02,41.625
MN,2020,25,32,2020-08-09,45.25
MN,2020,26,33,2020-08-16,49.0
MN,2020,27,34,2020-08-23,53.25
MN,2020,28,35,2020-08-30,59.5
MN,2020,29,36,2020-09-06,68.75
MN,2020,30,37,2020-09-13,67.125
MN,2020,31,38,2020-09-20,69.75
MN,2020,32,39,2020-09-27,73.125
MN,2020,33,40,2020-10-04,75.25
MN,2020,34,41,2020-10-11,78.25
MN,2020,35,42,2020-10-18,82.0
MN,2020,36,43,2020-10-25,83.125
MN,2020,37,44,2020-11-01,84.5
MN,2020,38,45,2020-11-08,85.75
MN,2020,39,46,2020-11-15,86.25
MN,2020,40,47,2020-11-22,86.5
MN,2021,6,13,2021-04-04,0.0
MN,2021,7,14,2021-04-11,0.0
MN,2021,8,15,2021-04-18,0.375
MN,2021,9,16,2021-04-25,2.25
MN,2021,10,17,2021-05-02,7.625
MN,2021,11,18,2021-05-09,11.625
MN,2021,12,19,2021-05-16,16.75
MN,2021,13,20,2021-05-23,21.875
MN,2021,14,21,2021-05-30,23.5
MN,2021,15,22,2021-06-06,24.375
MN,2021,16,23,2021-06-13,24.625
MN,2021,18,25,2021-06-27,24.625
MN,2021,19,26,2021-07-04,25.25
MN,2021,20,27,2021-07-11,26.625
MN,2021,21,28,2021-07-18,32.75
MN,2021,22,29,2021-07-25,37.25
MN,2021,23,30,2021-08-01,40.375
MN,2021,24,31,2021-08-08,43.0
MN,2021,25,32,2021-08-15,47.125
MN,2021,26,33,2021-08-22,53.25
MN,2021,27,34,2021-08-29,59.0
MN,2021,28,35,2021-09-05,60.25
MN,2021,29,36,2021-09-12,64.5
MN,2021,30,37,2021-09-19,69.0
MN,2021,31,38,2021-09-26,71.875
MN,2021,32,39,2021-10-03,75.0
MN,2021,33,40,2021-10-10,77.875
MN,2021,34,41,2021-10-17,80.25
MN,2021,35,42,2021-10-24,82.375
MN,2021,36,43,2021-10-31,84.0
MN,2021,37,44,2021-11-07,85.125
MN,2021,38,45,2021-11-14,85.75
MN,2021,39,46,2021-11-21,86.0
MN,2022,6,13,2022-04-03,0.0
MN,2022,7,14,2022-04-10,0.0
MN,2022,8,15,2022-04-17,0.0
MN,2022,9,16,2022-04-24,0.0
MN,2022,10,17,2022-05-01,0.0
MN,2022,11,18,2022-05-08,1.125
MN,2022,12,19,2022-05-15,4.625
MN,2022,13,20,2022-05-22,10.5
MN,2022,14,21,2022-05-29,15.5
MN,2022,15,22,2022-06-05,19.875
MN,2022,16,23,2022-06-12,22.875
MN,2022,17,24,2022-06-19,24.375
MN,2022,18,25,2022-06-26,24.375
MN,2022,19,26,2022-07-03,24.5
MN,2022,20,27,2022-07-10,24.625
MN,2022,21,28,2022-07-17,26.875
MN,2022,22,29,2022-07-24,31.0
MN,2022,23,30,2022-07-31,35.375
MN,2022,24,31,2022-08-07,39.0
MN,2022,25,32,2022-08-14,42.5
MN,2022,26,33,2022-08-21,46.25
MN,2022,27,34,2022-08-28,50.5
MN,2022,28,35,2022-09-04,55.375
MN,2022,29,36,2022-09-11,59.0
MN,2022,30,37,2022-09-18,62.25
MN,2022,31,38,2022-09-25,66.875
MN,2022,32,39,2022-10-02,71.125
MN,2022,33,40,2022-10-09,74.375
MN,2022,34,41,2022-10-16,77.625
MN,2022,35,42,2022-10-23,81.0
MN,2022,36,43,2022-10-30,83.375
MN,2022,37,44,2022-11-06,84.875
MN,2022,38,45,2022-11-13,85.375
MN,2022,39,46,2022-11-20,85.625
MN,2023,6,13,2023-04-02,0.0
MN,2023,7,14,2023-04-09,0.0
MN,2023,8,15,2023-04-16,0.0
MN,2023,9,16,2023-04-23,0.125
MN,2023,10,17,2023-04-30,0.625
MN,2023,11,18,2023-05-07,5.0
MN,2023,12,19,2023-05-14,9.5
MN,2023,13,20,2023-05-21,15.5
MN,2023,14,21,2023-05-28,20.25
MN,2023,15,22,2023-06-04,23.25
MN,2023,16,23,2023-06-11,24.25
MN,2023,17,24,2023-06-18,24.875
MN,2023,18,25,2023-06-25,25.125
MN,2023,19,26,2023-07-02,25.25
MN,2023,20,27,2023-07-09,26.875
MN,2023,21,28,2023-07-16,31.0
MN,2023,22,29,2023-07-23,36.125
MN,2023,23,30,2023-07-30,41.5
MN,2023,24,31,2023-08-06,44.875
MN,2023,25,32,2023-08-13,49.125
MN,2023,26,33,2023-08-20,52.875
MN,2023,27,34,2023-08-27,57.125
MN,2023,28,35,2023-09-03,63.5
MN,2023,29,36,2023-09-10,65.125
MN,2023,30,37,2023-09-17,69.5
MN,2023,31,38,2023-09-24,73.125
MN,2023,32,39,2023-10-01,75.25
MN,2023,33,40,2023-10-08,77.375
MN,2023,34,41,2023-10-15,79.625
MN,2023,35,42,2023-10-22,81.75
MN,2023,36,43,2023-10-29,83.375
MN,2023,37,44,2023-11-05,84.75
MN,2023,38,45,2023-11-12,85.625
MN,2023,39,46,2023-11-19,86.125
MN,2023,40,47,2023-11-26,86.25
MN,2024,6,13,2024-03-31,0.0
MN,2024,7,14,2024-04-07,0.0
MN,2024,8,15,2024-04-14,0.375
MN,2024,9,16,2024-04-21,1.0
MN,2024,10,17,2024-04-28,3.875
MN,2024,11,18,2024-05-05,5.75
MN,2024,12,19,2024-05-12,8.75
MN,2024,13,20,2024-05-19,14.875
MN,2024,14,21,2024-05-26,18.375
MN,2024,15,22,2024-06-02,20.875
MN,2024,16,23,2024-06-09,22.5
MN,2024,17,24,2024-06-16,23.625
MN,2024,18,25,2024-06-23,24.125
MN,2024,19,26,2024-06-30,24.5
MN,2024,20,27,2024-07-07,24.625
MN,2024,21,28,2024-07-14,26.125
MN,2024,22,29,2024-07-21,29.25
MN,2024,23,30,2024-07-28,33.625
MN,2024,24,31,2024-08-04,38.125
MN,2024,25,32,2024-08-11,41.875
MN,2024,26,33,2024-08-18,45.125
MN,2024,27,34,2024-08-25,49.5
MN,2024,28,35,2024-09-01,53.0
MN,2024,29,36,2024-09-08,56.0
MN,2024,30,37,2024-09-15,60.0
MN,2024,31,38,2024-09-22,64.625
MN,2024,32,39,2024-09-29,68.75
MN,2024,33,40,2024-10-06,72.125
MN,2024,34,41,2024-10-13,77.125
MN,2024,35,42,2024-10-20,80.5
MN,2024,36,43,2024-10-27,82.875
MN,2024,37,44,2024-11-03,84.125
MN,2024,38,45,2024-11-10,84.5
MN,2025,7,14,2025-04-06,0.0
MN,2025,8,15,2025-04-13,0.125
MN,2025,9,16,2025-04-20,1.125
MN,2025,10,17,2025-04-27,3.25
MN,2025,11,18,2025-05-04,5.875
MN,2025,12,19,2025-05-11,13.125
MN,2025,13,20,2025-05-18,18.75
MN,2025,14,21,2025-05-25,21.875
MN,2025,15,22,2025-06-01,23.25
MN,2025,16,23,2025-06-08,24.25
MN,2025,17,24,2025-06-15,24.75
MN,2025,18,25,2025-06-22,25.0
MN,2025,19,26,2025-06-29,25.125
MN,2025,20,27,2025-07-06,25.75
MN,2025,21,28,2025-07-13,27.5
MN,2025,22,29,2025-07-20,30.75
MN,2025,23,30,2025-07-27,35.125
MN,2025,24,31,2025-08-03,38.75
MN,2025,25,32,2025-08-10,42.75
MN,2025,26,33,2025-08-17,46.75
MN,2025,27,34,2025-08-24,51.375
MN,2025,28,35,2025-08-31,55.75
MN,2025,29,36,2025-09-07,58.25
MN,2025,30,37,2025-09-14,62.25
MN,2025,31,38,2025-09-21,65.75
MN,2025,32,39,2025-09-28,69.5
MN,2025,39,46,2025-11-16,80.875
MN,2025,40,47,2025-11-23,81.25
MO,2016,6,13,2016-04-03,0.375
MO,2016,7,14,2016-04-10,3.0
MO,2016,8,15,2016-04-17,7.25
MO,2016,9,16,2016-04-24,13.125
MO,2016,10,17,2016-05-01,18.25
MO,2016,11,18,2016-05-08,21.25
MO,2016,12,19,2016-05-15,22.625
MO,2016,13,20,2016-05-22,23.75
MO,2016,14,21,2016-05-29,24.5
MO,2016,15,22,2016-06-05,25.0
MO,2016,16,23,2016-06-12,25.0
MO,2016,17,24,2016-06-19,25.375
MO,2016,18,25,2016-06-26,27.5
MO,2016,19,26,2016-07-03,32.125
MO,2016,20,27,2016-07-10,35.125
MO,2016,21,28,2016-07-17,37.875
MO,2016,22,29,2016-07-24,41.75
MO,2016,23,30,2016-07-31,45.0
MO,2016,24,31,2016-08-07,48.5
MO,2016,25,32,2016-08-14,53.25
MO,2016,26,33,2016-08-21,57.75
MO,2016,27,34,2016-08-28,62.375
MO,2016,28,35,2016-09-04,67.75
MO,2016,29,36,2016-09-11,72.0
MO,2016,30,37,2016-09-18,75.75
MO,2016,31,38,2016-09-25,78.75
MO,2016,32,39,2016-10-02,81.625
MO,2016,33,40,2016-10-09,83.5
MO,2016,34,41,2016-10-16,84.625
MO,2016,35,42,2016-10-23,85.75
MO,2016,36,43,2016-10-30,86.375
MO,2016,37,44,2016-11-06,86.75
MO,2016,38,45,2016-11-13,87.375
MO,2016,39,46,2016-11-20,87.375
MO,2017,6,13,2017-04-02,0.125
MO,2017,7,14,2017-04-09,0.625
MO,2017,8,15,2017-04-16,2.25
MO,2017,9,16,2017-04-23,7.375
MO,2017,10,17,2017-04-30,12.125
MO,2017,11,18,2017-05-07,14.875
MO,2017,12,19,2017-05-14,18.5
MO,2017,13,20,2017-05-21,21.5
MO,2017,14,21,2017-05-28,23.25
MO,2017,15,22,2017-06-04,24.125
MO,2017,16,23,2017-06-11,24.625
MO,2017,17,24,2017-06-18,24.875
MO,2017,18,25,2017-06-25,25.625
MO,2017,19,26,2017-07-02,28.0
MO,2017,20,27,2017-07-09,31.25
MO,2017,21,28,2017-07-16,35.625
MO,2017,22,29,2017-07-23,40.125
MO,2017,23,30,2017-07-30,44.25
MO,2017,24,31,2017-08-06,49.25
MO,2017,25,32,2017-08-13,53.875
MO,2017,26,33,2017-08-20,56.875
MO,2017,27,34,2017-08-27,60.625
MO,2017,28,35,2017-09-03,64.0
MO,2017,29,36,2017-09-10,68.25
MO,2017,30,37,2017-09-17,72.125
MO,2017,31,38,2017-09-24,76.375
MO,2017,32,39,2017-10-01,79.0
MO,2017,33,40,2017-10-08,81.125
MO,2017,34,41,2017-10-15,82.375
MO,2017,35,42,2017-10-22,83.5
MO,2017,36,43,2017-10-29,84.875
MO,2017,37,44,2017-11-05,85.75
MO,2017,38,45,2017-11-12,86.375
MO,2017,39,46,2017-11-19,86.75
MO,2017,40,47,2017-11-26,87.375
MO,2018,6,13,2018-04-01,0.0
MO,2018,7,14,2018-04-08,0.125
MO,2018,8,15,2018-04-15,0.5
MO,2018,9,16,2018-04-22,2.125
MO,2018,10,17,2018-04-29,7.25
MO,2018,11,18,2018-05-06,14.0
MO,2018,12,19,2018-05-13,19.375
MO,2018,13,20,2018-05-20,22.5
MO,2018,14,21,2018-05-27,23.875
MO,2018,15,22,2018-06-03,24.5
MO,2018,16,23,2018-06-10,25.0
MO,2018,17,24,2018-06-17,25.0
MO,2018,18,25,2018-06-24,26.375
MO,2018,19,26,2018-07-01,31.0
MO,2018,20,27,2018-07-08,34.5
MO,2018,21,28,2018-07-15,37.625
MO,2018,22,29,2018-07-22,43.25
MO,2018,23,30,2018-07-29,48.125
MO,2018,24,31,2018-08-05,52.375
MO,2018,25,32,2018-08-12,55.75
MO,2018,26,33,2018-08-19,60.5
MO,2018,27,34,2018-08-26,64.75
MO,2018,28,35,2018-09-02,67.75
MO,2018,29,36,2018-09-09,71.625
MO,2018,30,37,2018-09-16,75.75
MO,2018,31,38,2018-09-23,79.0
MO,2018,32,39,2018-09-30,82.625
MO,2018,33,40,2018-10-07,84.5
MO,2018,34,41,2018-10-14,84.875
MO,2018,35,42,2018-10-21,85.625
MO,2018,36,43,2018-10-28,86.25
MO,2018,37,44,2018-11-04,86.5
MO,2018,38,45,2018-11-11,86.75
MO,2018,39,46,2018-11-18,86.875
MO,2018,40,47,2018-11-25,87.5
MO,2019,6,13,2019-03-31,0.0
MO,2019,7,14,2019-04-07,0.25
MO,2019,8,15,2019-04-14,0.75
MO,2019,9,16,2019-04-21,2.25
MO,2019,10,17,2019-04-28,6.5
MO,2019,11,18,2019-05-05,8.5
MO,2019,12,19,2019-05-12,10.375
MO,2019,13,20,2019-05-19,13.25
MO,2019,14,21,2019-05-26,14.5
MO,2019,15,22,2019-06-02,16.0
MO,2019,16,23,2019-06-09,18.5
MO,2019,17,24,2019-06-16,21.125
MO,2019,18,25,2019-06-23,22.125
MO,2019,19,26,2019-06-30,23.75
MO,2019,20,27,2019-07-07,27.0
MO,2019,21,28,2019-07-14,29.5
MO,2019,22,29,2019-07-21,32.25
MO,2019,23,30,2019-07-28,36.125
MO,2019,24,31,2019-08-04,39.5
MO,2019,25,32,2019-08-11,44.125
MO,2019,26,33,2019-08-18,49.375
MO,2019,27,34,2019-08-25,52.25
MO,2019,28,35,2019-09-01,55.875
MO,2019,29,36,2019-09-08,59.375
MO,2019,30,37,2019-09-15,63.625
MO,2019,31,38,2019-09-22,68.5
MO,2019,32,39,2019-09-29,73.125
MO,2019,33,40,2019-10-06,76.625
MO,2019,34,41,2019-10-13,78.625
MO,2019,35,42,2019-10-20,80.375
MO,2019,36,43,2019-10-27,81.875
MO,2019,37,44,2019-11-03,82.75
MO,2019,38,45,2019-11-10,83.75
MO,2019,39,46,2019-11-17,84.5
MO,2019,40,47,2019-11-24,85.375
MO,2019,41,48,2019-12-01,85.75
MO,2020,7,14,2020-04-05,0.0
MO,2020,8,15,2020-04-12,0.5
MO,2020,9,16,2020-04-19,1.375
MO,2020,10,17,2020-04-26,3.75
MO,2020,11,18,2020-05-03,7.25
MO,2020,12,19,2020-05-10,12.5
MO,2020,13,20,2020-05-17,17.625
MO,2020,14,21,2020-05-24,20.75
MO,2020,15,22,2020-05-31,22.125
MO,2020,16,23,2020-06-07,23.125
MO,2020,17,24,2020-06-14,23.625
MO,2020,18,25,2020-06-21,24.375
MO,2020,19,26,2020-06-28,24.75
MO,2020,20,27,2020-07-05,26.5
MO,2020,21,28,2020-07-12,31.625
MO,2020,22,29,2020-07-19,36.875
MO,2020,23,30,2020-07-26,39.75
MO,2020,24,31,2020-08-02,43.0
MO,2020,25,32,2020-08-09,48.5
MO,2020,26,33,2020-08-16,52.625
MO,2020,27,34,2020-08-23,56.625
MO,2020,28,35,2020-08-30,59.75
MO,2020,29,36,2020-09-06,63.5
MO,2020,30,37,2020-09-13,67.125
MO,2020,31,38,2020-09-20,71.0
MO,2020,32,39,2020-09-27,72.375
MO,2020,33,40,2020-10-04,75.25
MO,2020,34,41,2020-10-11,79.375
MO,2020,35,42,2020-10-18,81.5
MO,2020,36,43,2020-10-25,82.5
MO,2020,37,44,2020-11-01,83.5
MO,2020,38,45,2020-11-08,84.75
MO,2020,39,46,2020-11-15,85.375
MO,2021,6,13,2021-04-04,0.125
MO,2021,7,14,2021-04-11,1.0
MO,2021,8,15,2021-04-18,1.875
MO,2021,9,16,2021-04-25,3.125
MO,2021,10,17,2021-05-02,8.125
MO,2021,11,18,2021-05-09,13.625
MO,2021,12,19,2021-05-16,18.0
MO,2021,13,20,2021-05-23,20.875
MO,2021,14,21,2021-05-30,21.875
MO,2021,15,22,2021-06-06,23.375
MO,2021,16,23,2021-06-13,24.125
MO,2021,18,25,2021-06-27,24.375
MO,2021,19,26,2021-07-04,26.0
MO,2021,20,27,2021-07-11,29.25
MO,2021,21,28,2021-07-18,34.5
MO,2021,22,29,2021-07-25,38.625
MO,2021,23,30,2021-08-01,42.0
MO,2021,24,31,2021-08-08,45.125
MO,2021,25,32,2021-08-15,50.0
MO,2021,26,33,2021-08-22,54.75
MO,2021,27,34,2021-08-29,58.625
MO,2021,28,35,2021-09-05,62.625
MO,2021,29,36,2021-09-12,67.125
MO,2021,30,37,2021-09-19,71.375
MO,2021,31,38,2021-09-26,75.625
MO,2021,32,39,2021-10-03,78.875
MO,2021,33,40,2021-10-10,80.875
MO,2021,34,41,2021-10-17,82.25
MO,2021,35,42,2021-10-24,83.125
MO,2021,36,43,2021-10-31,83.75
MO,2021,37,44,2021-11-07,84.375
MO,2021,38,45,2021-11-14,84.75
MO,2021,39,46,2021-11-21,85.125
MO,2022,6,13,2022-04-03,0.0
MO,2022,7,14,2022-04-10,0.125
MO,2022,8,15,2022-04-17,0.5
MO,2022,9,16,2022-04-24,1.25
MO,2022,10,17,2022-05-01,3.75
MO,2022,11,18,2022-05-08,5.25
MO,2022,12,19,2022-05-15,11.875
MO,2022,13,20,2022-05-22,17.625
MO,2022,14,21,2022-05-29,20.875
MO,2022,15,22,2022-06-05,22.625
MO,2022,16,23,2022-06-12,23.125
MO,2022,17,24,2022-06-19,24.125
MO,2022,18,25,2022-06-26,24.25
MO,2022,19,26,2022-07-03,25.625
MO,2022,20,27,2022-07-10,28.875
MO,2022,21,28,2022-07-17,34.125
MO,2022,22,29,2022-07-24,38.875
MO,2022,23,30,2022-07-31,42.0
MO,2022,24,31,2022-08-07,45.0
MO,2022,25,32,2022-08-14,50.375
MO,2022,26,33,2022-08-21,55.0
MO,2022,27,34,2022-08-28,59.25
MO,2022,28,35,2022-09-04,63.25
MO,2022,29,36,2022-09-11,66.0
MO,2022,30,37,2022-09-18,69.75
MO,2022,31,38,2022-09-25,72.0
MO,2022,32,39,2022-10-02,75.125
MO,2022,33,40,2022-10-09,78.875
MO,2022,34,41,2022-10-16,81.125
MO,2022,35,42,2022-10-23,82.625
MO,2022,36,43,2022-10-30,83.25
MO,2022,37,44,2022-11-06,84.125
MO,2022,38,45,2022-11-13,84.625
MO,2022,39,46,2022-11-20,84.875
MO,2023,6,13,2023-04-02,0.0
MO,2023,7,14,2023-04-09,0.875
MO,2023,8,15,2023-04-16,3.75
MO,2023,9,16,2023-04-23,8.625
MO,2023,10,17,2023-04-30,13.875
MO,2023,11,18,2023-05-07,18.5
MO,2023,12,19,2023-05-14,21.75
MO,2023,13,20,2023-05-21,23.125
MO,2023,14,21,2023-05-28,23.875
MO,2023,15,22,2023-06-04,24.375
MO,2023,16,23,2023-06-11,24.5
MO,2023,17,24,2023-06-18,24.625
MO,2023,18,25,2023-06-25,25.0
MO,2023,19,26,2023-07-02,27.25
MO,2023,20,27,2023-07-09,31.5
MO,2023,21,28,2023-07-16,37.375
MO,2023,22,29,2023-07-23,40.75
MO,2023,23,30,2023-07-30,43.375
MO,2023,24,31,2023-08-06,46.125
MO,2023,25,32,2023-08-13,51.125
MO,2023,26,33,2023-08-20,56.5
MO,2023,27,34,2023-08-27,60.375
MO,2023,28,35,2023-09-03,64.125
MO,2023,29,36,2023-09-10,68.375
MO,2023,30,37,2023-09-17,72.375
MO,2023,31,38,2023-09-24,75.625
MO,2023,32,39,2023-10-01,78.125
MO,2023,33,40,2023-10-08,80.375
MO,2023,34,41,2023-10-15,81.75
MO,2023,35,42,2023-10-22,83.0
MO,2023,36,43,2023-10-29,84.125
MO,2023,37,44,2023-11-05,84.75
MO,2023,38,45,2023-11-12,85.375
MO,2023,39,46,2023-11-19,85.75
MO,2023,40,47,2023-11-26,86.0
MO,2024,5,12,2024-03-24,0.0
MO,2024,6,13,2024-03-31,0.25
MO,2024,7,14,2024-04-07,0.875
MO,2024,8,15,2024-04-14,3.375
MO,2024,9,16,2024-04-21,7.375
MO,2024,10,17,2024-04-28,12.25
MO,2024,11,18,2024-05-05,14.375
MO,2024,12,19,2024-05-12,15.75
MO,2024,13,20,2024-05-19,17.125
MO,2024,14,21,2024-05-26,19.625
MO,2024,15,22,2024-06-02,21.75
MO,2024,16,23,2024-06-09,23.375
MO,2024,17,24,2024-06-16,24.375
MO,2024,18,25,2024-06-23,26.125
MO,2024,19,26,2024-06-30,29.0
MO,2024,20,27,2024-07-07,33.125
MO,2024,21,28,2024-07-14,38.0
MO,2024,22,29,2024-07-21,41.75
MO,2024,23,30,2024-07-28,44.25
MO,2024,24,31,2024-08-04,48.75
MO,2024,25,32,2024-08-11,52.875
MO,2024,26,33,2024-08-18,57.125
MO,2024,27,34,2024-08-25,60.375
MO,2024,28,35,2024-09-01,65.0
MO,2024,29,36,2024-09-08,69.75
MO,2024,30,37,2024-09-15,73.25
MO,2024,31,38,2024-09-22,76.875
MO,2024,32,39,2024-09-29,79.0
MO,2024,33,40,2024-10-06,81.25
MO,2024,34,41,2024-10-13,82.875
MO,2024,35,42,2024-10-20,83.875
MO,2024,36,43,2024-10-27,84.625
MO,2024,37,44,2024-11-03,85.25
MO,2024,38,45,2024-11-10,85.5
MO,2024,39,46,2024-11-17,85.75
MO,2025,6,13,2025-03-30,0.375
MO,2025,7,14,2025-04-06,0.75
MO,2025,8,15,2025-04-13,1.25
MO,2025,9,16,2025-04-20,4.875
MO,2025,10,17,2025-04-27,7.75
MO,2025,11,18,2025-05-04,10.625
MO,2025,12,19,2025-05-11,13.875
MO,2025,13,20,2025-05-18,18.75
MO,2025,14,21,2025-05-25,21.5
MO,2025,15,22,2025-06-01,22.875
MO,2025,16,23,2025-06-08,23.875
MO,2025,17,24,2025-06-15,24.375
MO,2025,18,25,2025-06-22,25.125
MO,2025,19,26,2025-06-29,27.0
MO,2025,20,27,2025-07-06,31.375
MO,2025,21,28,2025-07-13,35.625
MO,2025,22,29,2025-07-20,39.625
MO,2025,23,30,2025-07-27,41.875
MO,2025,24,31,2025-08-03,45.75
MO,2025,25,32,2025-08-10,49.5
MO,2025,26,33,2025-08-17,54.625
MO,2025,27,34,2025-08-24,58.875
MO,2025,28,35,2025-08-31,63.5
MO,2025,29,36,2025-09-07,67.625
MO,2025,30,37,2025-09-14,71.375
MO,2025,31,38,2025-09-21,75.0
MO,2025,32,39,2025-09-28,78.125
MO,2025,39,46,2025-11-16,84.625
MO,2025,40,47,2025-11-23,85.125
MS,2016,5,12,2016-03-27,0.625
MS,2016,6,13,2016-04-03,3.125
MS,2016,7,14,2016-04-10,8.5
MS,2016,8,15,2016-04-17,13.375
MS,2016,9,16,2016-04-24,17.0
MS,2016,10,17,2016-05-01,20.625
MS,2016,11,18,2016-05-08,22.75
MS,2016,12,19,2016-05-15,23.5
MS,2016,13,20,2016-05-22,24.0
MS,2016,14,21,2016-05-29,24.875
MS,2016,15,22,2016-06-05,27.625
MS,2016,16,23,2016-06-12,31.125
MS,2016,17,24,2016-06-19,34.75
MS,2016,18,25,2016-06-26,38.875
MS,2016,19,26,2016-07-03,42.625
MS,2016,20,27,2016-07-10,46.25
MS,2016,21,28,2016-07-17,52.0
MS,2016,22,29,2016-07-24,56.625
MS,2016,23,30,2016-07-31,60.75
MS,2016,24,31,2016-08-07,66.5
MS,2016,25,32,2016-08-14,71.0
MS,2016,26,33,2016-08-21,73.0
MS,2016,27,34,2016-08-28,76.75
MS,2016,28,35,2016-09-04,81.375
MS,2016,29,36,2016-09-11,84.375
MS,2016,30,37,2016-09-18,86.375
MS,2016,31,38,2016-09-25,87.125
MS,2016,32,39,2016-10-02,87.375
MS,2016,33,40,2016-10-09,87.5
MS,2017,3,10,2017-03-12,0.25
MS,2017,4,11,2017-03-19,0.5
MS,2017,5,12,2017-03-26,3.75
MS,2017,6,13,2017-04-02,10.125
MS,2017,7,14,2017-04-09,15.25
MS,2017,8,15,2017-04-16,19.875
MS,2017,9,16,2017-04-23,22.5
MS,2017,10,17,2017-04-30,23.75
MS,2017,11,18,2017-05-07,24.375
MS,2017,12,19,2017-05-14,24.75
MS,2017,13,20,2017-05-21,25.875
MS,2017,14,21,2017-05-28,27.5
MS,2017,15,22,2017-06-04,28.875
MS,2017,16,23,2017-06-11,31.625
MS,2017,17,24,2017-06-18,35.625
MS,2017,18,25,2017-06-25,39.625
MS,2017,19,26,2017-07-02,43.0
MS,2017,20,27,2017-07-09,48.625
MS,2017,21,28,2017-07-16,53.625
MS,2017,22,29,2017-07-23,57.75
MS,2017,23,30,2017-07-30,62.625
MS,2017,24,31,2017-08-06,67.125
MS,2017,25,32,2017-08-13,71.25
MS,2017,26,33,2017-08-20,76.0
MS,2017,27,34,2017-08-27,80.125
MS,2017,28,35,2017-09-03,82.875
MS,2017,29,36,2017-09-10,84.875
MS,2017,30,37,2017-09-17,86.375
MS,2017,31,38,2017-09-24,86.875
MS,2017,32,39,2017-10-01,87.25
MS,2017,33,40,2017-10-08,87.375
MS,2017,34,41,2017-10-15,87.5
MS,2018,3,10,2018-03-11,0.125
MS,2018,4,11,2018-03-18,0.75
MS,2018,5,12,2018-03-25,3.625
MS,2018,6,13,2018-04-01,8.25
MS,2018,7,14,2018-04-08,11.0
MS,2018,8,15,2018-04-15,13.625
MS,2018,9,16,2018-04-22,17.625
MS,2018,10,17,2018-04-29,18.875
MS,2018,11,18,2018-05-06,21.625
MS,2018,12,19,2018-05-13,23.125
MS,2018,13,20,2018-05-20,24.0
MS,2018,14,21,2018-05-27,24.625
MS,2018,15,22,2018-06-03,26.0
MS,2018,16,23,2018-06-10,29.625
MS,2018,17,24,2018-06-17,32.75
MS,2018,18,25,2018-06-24,35.5
MS,2018,19,26,2018-07-01,38.75
MS,2018,20,27,2018-07-08,44.0
MS,2018,21,28,2018-07-15,49.75
MS,2018,22,29,2018-07-22,54.375
MS,2018,23,30,2018-07-29,57.625
MS,2018,24,31,2018-08-05,64.0
MS,2018,25,32,2018-08-12,68.375
MS,2018,26,33,2018-08-19,73.375
MS,2018,27,34,2018-08-26,77.75
MS,2018,28,35,2018-09-02,81.0
MS,2018,29,36,2018-09-09,83.75
MS,2018,30,37,2018-09-16,85.125
MS,2018,31,38,2018-09-23,86.125
MS,2018,32,39,2018-09-30,86.5
MS,2018,33,40,2018-10-07,87.125
MS,2018,34,41,2018-10-14,87.25
MS,2018,35,42,2018-10-21,87.375
MS,2018,36,43,2018-10-28,87.5
MS,2019,3,10,2019-03-10,0.0
MS,2019,4,11,2019-03-17,0.125
MS,2019,5,12,2019-03-24,2.25
MS,2019,6,13,2019-03-31,4.5
MS,2019,7,14,2019-04-07,8.375
MS,2019,8,15,2019-04-14,11.125
MS,2019,9,16,2019-04-21,12.5
MS,2019,10,17,2019-04-28,16.25
MS,2019,11,18,2019-05-05,20.5
MS,2019,12,19,2019-05-12,21.75
MS,2019,13,20,2019-05-19,22.625
MS,2019,14,21,2019-05-26,23.875
MS,2019,15,22,2019-06-02,24.625
MS,2019,16,23,2019-06-09,26.875
MS,2019,17,24,2019-06-16,30.125
MS,2019,18,25,2019-06-23,32.5
MS,2019,19,26,2019-06-30,35.25
MS,2019,20,27,2019-07-07,39.125
MS,2019,21,28,2019-07-14,44.0
MS,2019,22,29,2019-07-21,47.5
MS,2019,23,30,2019-07-28,51.625
MS,2019,24,31,2019-08-04,56.625
MS,2019,25,32,2019-08-11,63.5
MS,2019,26,33,2019-08-18,68.25
MS,2019,27,34,2019-08-25,72.375
MS,2019,28,35,2019-09-01,77.0
MS,2019,29,36,2019-09-08,80.25
MS,2019,30,37,2019-09-15,84.375
MS,2019,31,38,2019-09-22,86.25
MS,2019,32,39,2019-09-29,86.875
MS,2019,33,40,2019-10-06,87.25
MS,2019,34,41,2019-10-13,87.375
MS,2019,35,42,2019-10-20,87.5
MS,2020,5,12,2020-03-22,0.375
MS,2020,6,13,2020-03-29,1.25
MS,2020,7,14,2020-04-05,2.625
MS,2020,8,15,2020-04-12,5.75
MS,2020,9,16,2020-04-19,9.875
MS,2020,10,17,2020-04-26,13.0
MS,2020,11,18,2020-05-03,16.25
MS,2020,12,19,2020-05-10,19.5
MS,2020,13,20,2020-05-17,22.5
MS,2020,14,21,2020-05-24,24.0
MS,2020,15,22,2020-05-31,25.25
MS,2020,16,23,2020-06-07,26.5
MS,2020,17,24,2020-06-14,28.25
MS,2020,18,25,2020-06-21,32.375
MS,2020,19,26,2020-06-28,35.5
MS,2020,20,27,2020-07-05,38.625
MS,2020,21,28,2020-07-12,44.75
MS,2020,22,29,2020-07-19,49.5
MS,2020,23,30,2020-07-26,55.0
MS,2020,24,31,2020-08-02,59.25
MS,2020,25,32,2020-08-09,64.75
MS,2020,26,33,2020-08-16,69.125
MS,2020,27,34,2020-08-23,73.375
MS,2020,28,35,2020-08-30,76.75
MS,2020,29,36,2020-09-06,80.0
MS,2020,30,37,2020-09-13,82.75
MS,2020,31,38,2020-09-20,85.125
MS,2020,32,39,2020-09-27,86.25
MS,2020,33,40,2020-10-04,86.75
MS,2020,34,41,2020-10-11,87.125
MS,2020,35,42,2020-10-18,87.25
MS,2020,36,43,2020-10-25,87.5
MS,2021,3,10,2021-03-14,0.125
MS,2021,4,11,2021-03-21,1.5
MS,2021,5,12,2021-03-28,4.25
MS,2021,6,13,2021-04-04,7.625
MS,2021,7,14,2021-04-11,11.875
MS,2021,8,15,2021-04-18,14.75
MS,2021,9,16,2021-04-25,17.625
MS,2021,10,17,2021-05-02,20.75
MS,2021,11,18,2021-05-09,22.75
MS,2021,12,19,2021-05-16,23.5
MS,2021,13,20,2021-05-23,24.25
MS,2021,14,21,2021-05-30,25.5
MS,2021,15,22,2021-06-06,26.75
MS,2021,16,23,2021-06-13,28.625
MS,2021,17,24,2021-06-20,31.0
MS,2021,18,25,2021-06-27,35.0
MS,2021,19,26,2021-07-04,40.375
MS,2021,20,27,2021-07-11,43.625
MS,2021,21,28,2021-07-18,48.5
MS,2021,22,29,2021-07-25,52.75
MS,2021,23,30,2021-08-01,56.875
MS,2021,24,31,2021-08-08,64.25
MS,2021,25,32,2021-08-15,69.375
MS,2021,26,33,2021-08-22,73.875
MS,2021,27,34,2021-08-29,78.5
MS,2021,28,35,2021-09-05,81.5
MS,2021,29,36,2021-09-12,83.875
MS,2021,30,37,2021-09-19,85.5
MS,2021,31,38,2021-09-26,86.375
MS,2021,32,39,2021-10-03,86.875
MS,2021,33,40,2021-10-10,87.125
MS,2021,34,41,2021-10-17,87.375
MS,2021,35,42,2021-10-24,87.5
MS,2022,3,10,2022-03-13,0.125
MS,2022,4,11,2022-03-20,0.25
MS,2022,5,12,2022-03-27,0.75
MS,2022,6,13,2022-04-03,2.5
MS,2022,7,14,2022-04-10,5.75
MS,2022,8,15,2022-04-17,8.125
MS,2022,9,16,2022-04-24,12.625
MS,2022,10,17,2022-05-01,17.75
MS,2022,11,18,2022-05-08,20.375
MS,2022,12,19,2022-05-15,22.5
MS,2022,13,20,2022-05-22,23.75
MS,2022,14,21,2022-05-29,24.75
MS,2022,15,22,2022-06-05,26.0
MS,2022,16,23,2022-06-12,29.125
MS,2022,17,24,2022-06-19,32.5
MS,2022,18,25,2022-06-26,35.875
MS,2022,19,26,2022-07-03,38.5
MS,2022,20,27,2022-07-10,43.375
MS,2022,21,28,2022-07-17,50.125
MS,2022,22,29,2022-07-24,56.625
MS,2022,23,30,2022-07-31,61.375
MS,2022,24,31,2022-08-07,65.25
MS,2022,25,32,2022-08-14,69.625
MS,2022,26,33,2022-08-21,73.375
MS,2022,27,34,2022-08-28,76.25
MS,2022,28,35,2022-09-04,80.0
MS,2022,29,36,2022-09-11,83.0
MS,2022,30,37,2022-09-18,84.75
MS,2022,31,38,2022-09-25,86.125
MS,2022,32,39,2022-10-02,86.625
MS,2022,33,40,2022-10-09,87.0
MS,2022,34,41,2022-10-16,87.125
MS,2022,35,42,2022-10-23,87.25
MS,2023,3,10,2023-03-12,0.375
MS,2023,4,11,2023-03-19,1.0
MS,2023,5,12,2023-03-26,2.125
MS,2023,6,13,2023-04-02,4.625
MS,2023,7,14,2023-04-09,8.0
MS,2023,8,15,2023-04-16,12.375
MS,2023,9,16,2023-04-23,16.0
MS,2023,10,17,2023-04-30,19.125
MS,2023,11,18,2023-05-07,22.125
MS,2023,12,19,2023-05-14,22.875
MS,2023,13,20,2023-05-21,23.5
MS,2023,14,21,2023-05-28,24.25
MS,2023,15,22,2023-06-04,26.125
MS,2023,16,23,2023-06-11,29.125
MS,2023,17,24,2023-06-18,31.5
MS,2023,18,25,2023-06-25,35.375
MS,2023,19,26,2023-07-02,41.375
MS,2023,20,27,2023-07-09,46.125
MS,2023,21,28,2023-07-16,50.125
MS,2023,22,29,2023-07-23,53.25
MS,2023,23,30,2023-07-30,57.5
MS,2023,24,31,2023-08-06,64.0
MS,2023,25,32,2023-08-13,69.25
MS,2023,26,33,2023-08-20,74.25
MS,2023,27,34,2023-08-27,78.5
MS,2023,28,35,2023-09-03,82.875
MS,2023,29,36,2023-09-10,85.0
MS,2023,30,37,2023-09-17,86.25
MS,2023,31,38,2023-09-24,87.0
MS,2023,32,39,2023-10-01,87.375
MS,2023,33,40,2023-10-08,87.5
MS,2024,3,10,2024-03-10,0.25
MS,2024,4,11,2024-03-17,0.375
MS,2024,5,12,2024-03-24,1.125
MS,2024,6,13,2024-03-31,2.75
MS,2024,7,14,2024-04-07,7.25
MS,2024,8,15,2024-04-14,11.125
MS,2024,9,16,2024-04-21,14.875
MS,2024,10,17,2024-04-28,18.875
MS,2024,11,18,2024-05-05,21.5
MS,2024,12,19,2024-05-12,23.0
MS,2024,13,20,2024-05-19,24.0
MS,2024,14,21,2024-05-26,24.625
MS,2024,15,22,2024-06-02,26.125
MS,2024,16,23,2024-06-09,29.5
MS,2024,17,24,2024-06-16,32.875
MS,2024,18,25,2024-06-23,36.625
MS,2024,19,26,2024-06-30,40.5
MS,2024,20,27,2024-07-07,44.75
MS,2024,21,28,2024-07-14,49.25
MS,2024,22,29,2024-07-21,54.25
MS,2024,23,30,2024-07-28,58.375
MS,2024,24,31,2024-08-04,61.875
MS,2024,25,32,2024-08-11,68.0
MS,2024,26,33,2024-08-18,73.375
MS,2024,27,34,2024-08-25,79.125
MS,2024,28,35,2024-09-01,83.375
MS,2024,29,36,2024-09-08,85.5
MS,2024,30,37,2024-09-15,86.375
MS,2024,31,38,2024-09-22,87.0
MS,2024,32,39,2024-09-29,87.25
MS,2024,33,40,2024-10-06,87.5
MS,2025,3,10,2025-03-09,0.125
MS,2025,4,11,2025-03-16,0.5
MS,2025,5,12,2025-03-23,1.875
MS,2025,6,13,2025-03-30,4.75
MS,2025,7,14,2025-04-06,7.125
MS,2025,8,15,2025-04-13,11.625
MS,2025,9,16,2025-04-20,15.125
MS,2025,10,17,2025-04-27,19.375
MS,2025,11,18,2025-05-04,20.875
MS,2025,12,19,2025-05-11,21.75
MS,2025,13,20,2025-05-18,22.5
MS,2025,14,21,2025-05-25,24.0
MS,2025,15,22,2025-06-01,25.625
MS,2025,16,23,2025-06-08,29.0
MS,2025,17,24,2025-06-15,32.5
MS,2025,18,25,2025-06-22,35.125
MS,2025,19,26,2025-06-29,40.0
MS,2025,20,27,2025-07-06,45.0
MS,2025,21,28,2025-07-13,49.625
MS,2025,22,29,2025-07-20,54.375
MS,2025,23,30,2025-07-27,59.25
MS,2025,24,31,2025-08-03,64.375
MS,2025,25,32,2025-08-10,70.375
MS,2025,26,33,2025-08-17,75.25
MS,2025,27,34,2025-08-24,78.875
MS,2025,28,35,2025-08-31,82.25
MS,2025,29,36,2025-09-07,84.75
MS,2025,30,37,2025-09-14,86.0
MS,2025,31,38,2025-09-21,86.75
MS,2025,32,39,2025-09-28,87.125
MS,2025,39,46,2025-11-16,87.5
MT,2016,8,15,2016-04-17,0.375
MT,2016,9,16,2016-04-24,2.125
MT,2016,10,17,2016-05-01,5.0
MT,2016,11,18,2016-05-08,8.625
MT,2016,12,19,2016-05-15,11.375
MT,2016,13,20,2016-05-22,14.75
MT,2016,14,21,2016-05-29,19.0
MT,2016,15,22,2016-06-05,21.5
MT,2016,16,23,2016-06-12,22.875
MT,2016,17,24,2016-06-19,23.875
MT,2016,25,32,2016-08-14,24.0
MT,2016,26,33,2016-08-21,24.25
MT,2016,27,34,2016-08-28,24.75
MT,2016,28,35,2016-09-04,24.125
MT,2016,29,36,2016-09-11,25.125
MT,2016,30,37,2016-09-18,26.75
MT,2016,31,38,2016-09-25,27.0
MT,2016,32,39,2016-10-02,27.375
MT,2016,33,40,2016-10-09,27.625
MT,2016,34,41,2016-10-16,28.125
MT,2016,35,42,2016-10-23,30.625
MT,2016,36,43,2016-10-30,32.25
MT,2016,37,44,2016-11-06,32.75
MT,2016,38,45,2016-11-13,33.0
MT,2016,39,46,2016-11-20,34.25
MT,2016,40,47,2016-11-27,34.75
MT,2017,8,15,2017-04-16,0.0
MT,2017,9,16,2017-04-23,0.125
MT,2017,10,17,2017-04-30,0.75
MT,2017,11,18,2017-05-07,2.0
MT,2017,12,19,2017-05-14,8.625
MT,2017,13,20,2017-05-21,14.375
MT,2017,14,21,2017-05-28,18.875
MT,2017,15,22,2017-06-04,21.375
MT,2017,16,23,2017-06-11,22.25
MT,2017,17,24,2017-06-18,23.0
MT,2017,18,25,2017-06-25,23.5
MT,2017,19,26,2017-07-02,23.75
MT,2017,20,27,2017-07-09,25.625
MT,2017,21,28,2017-07-16,25.875
MT,2017,22,29,2017-07-23,28.625
MT,2017,23,30,2017-07-30,32.0
MT,2017,24,31,2017-08-06,32.875
MT,2017,26,33,2017-08-20,32.875
MT,2017,27,34,2017-08-27,33.25
MT,2017,28,35,2017-09-03,35.375
MT,2017,29,36,2017-09-10,33.375
MT,2017,30,37,2017-09-17,33.5
MT,2017,31,38,2017-09-24,33.625
MT,2017,32,39,2017-10-01,34.625
MT,2017,33,40,2017-10-08,35.75
MT,2017,34,41,2017-10-15,37.125
MT,2017,35,42,2017-10-22,38.5
MT,2017,36,43,2017-10-29,39.25
MT,2017,37,44,2017-11-05,41.0
MT,2017,38,45,2017-11-12,41.875
MT,2017,39,46,2017-11-19,42.5
MT,2017,40,47,2017-11-26,43.0
MT,2018,8,15,2018-04-15,0.0
MT,2018,9,16,2018-04-22,0.0
MT,2018,10,17,2018-04-29,0.375
MT,2018,11,18,2018-05-06,0.75
MT,2018,12,19,2018-05-13,2.75
MT,2018,13,20,2018-05-20,6.375
MT,2018,14,21,2018-05-27,12.125
MT,2018,15,22,2018-06-03,16.875
MT,2018,16,23,2018-06-10,20.25
MT,2018,17,24,2018-06-17,23.125
MT,2018,18,25,2018-06-24,24.0
MT,2018,20,27,2018-07-08,24.0
MT,2018,26,33,2018-08-19,24.125
MT,2018,27,34,2018-08-26,24.625
MT,2018,28,35,2018-09-02,25.125
MT,2018,29,36,2018-09-09,24.0
MT,2018,30,37,2018-09-16,24.375
MT,2018,31,38,2018-09-23,24.625
MT,2018,32,39,2018-09-30,25.875
MT,2018,33,40,2018-10-07,26.75
MT,2018,34,41,2018-10-14,27.125
MT,2018,35,42,2018-10-21,28.625
MT,2018,36,43,2018-10-28,30.75
MT,2018,37,44,2018-11-04,32.0
MT,2018,38,45,2018-11-11,32.5
MT,2018,39,46,2018-11-18,33.75
MT,2018,40,47,2018-11-25,35.375
MT,2019,8,15,2019-04-14,0.0
MT,2019,9,16,2019-04-21,0.125
MT,2019,10,17,2019-04-28,1.25
MT,2019,11,18,2019-05-05,1.5
MT,2019,12,19,2019-05-12,5.0
MT,2019,13,20,2019-05-19,7.125
MT,2019,14,21,2019-05-26,9.5
MT,2019,15,22,2019-06-02,13.75
MT,2019,16,23,2019-06-09,18.25
MT,2019,17,24,2019-06-16,19.75
MT,2019,18,25,2019-06-23,22.875
MT,2019,19,26,2019-06-30,23.75
MT,2019,20,27,2019-07-07,24.125
MT,2019,27,34,2019-08-25,24.25
MT,2019,28,35,2019-09-01,25.375
MT,2019,29,36,2019-09-08,27.0
MT,2019,30,37,2019-09-15,27.75
MT,2019,31,38,2019-09-22,29.125
MT,2019,32,39,2019-09-29,24.125
MT,2019,33,40,2019-10-06,24.125
MT,2019,34,41,2019-10-13,24.75
MT,2019,35,42,2019-10-20,25.75
MT,2019,36,43,2019-10-27,26.625
MT,2019,37,44,2019-11-03,27.875
MT,2019,38,45,2019-11-10,28.5
MT,2019,39,46,2019-11-17,30.0
MT,2019,40,47,2019-11-24,31.75
MT,2020,9,16,2020-04-19,0.0
MT,2020,10,17,2020-04-26,0.625
MT,2020,11,18,2020-05-03,2.25
MT,2020,12,19,2020-05-10,4.375
MT,2020,13,20,2020-05-17,8.0
MT,2020,14,21,2020-05-24,12.875
MT,2020,15,22,2020-05-31,15.875
MT,2020,16,23,2020-06-07,19.0
MT,2020,17,24,2020-06-14,20.75
MT,2020,18,25,2020-06-21,21.875
MT,2020,19,26,2020-06-28,23.75
MT,2020,27,34,2020-08-23,23.875
MT,2020,28,35,2020-08-30,25.0
MT,2020,29,36,2020-09-06,26.25
MT,2020,30,37,2020-09-13,24.125
MT,2020,31,38,2020-09-20,24.375
MT,2020,32,39,2020-09-27,25.0
MT,2020,33,40,2020-10-04,26.0
MT,2020,34,41,2020-10-11,26.875
MT,2020,35,42,2020-10-18,27.75
MT,2020,36,43,2020-10-25,28.5
MT,2020,37,44,2020-11-01,29.5
MT,2020,38,45,2020-11-08,31.25
MT,2020,39,46,2020-11-15,32.5
MT,2020,40,47,2020-11-22,33.375
MT,2020,41,48,2020-11-29,35.0
MT,2021,8,15,2021-04-18,0.125
MT,2021,9,16,2021-04-25,0.625
MT,2021,10,17,2021-05-02,1.25
MT,2021,11,18,2021-05-09,2.25
MT,2021,12,19,2021-05-16,4.625
MT,2021,13,20,2021-05-23,9.375
MT,2021,14,21,2021-05-30,11.5
MT,2021,15,22,2021-06-06,12.875
MT,2021,16,23,2021-06-13,16.875
MT,2021,17,24,2021-06-20,20.875
MT,2021,18,25,2021-06-27,23.375
MT,2021,19,26,2021-07-04,24.125
MT,2021,26,33,2021-08-22,24.25
MT,2021,27,34,2021-08-29,25.375
MT,2021,28,35,2021-09-05,26.75
MT,2021,29,36,2021-09-12,24.25
MT,2021,30,37,2021-09-19,24.75
MT,2021,31,38,2021-09-26,25.625
MT,2021,32,39,2021-10-03,27.0
MT,2021,33,40,2021-10-10,28.625
MT,2021,34,41,2021-10-17,29.875
MT,2021,35,42,2021-10-24,31.0
MT,2021,36,43,2021-10-31,32.875
MT,2021,37,44,2021-11-07,34.125
MT,2021,38,45,2021-11-14,34.625
MT,2021,39,46,2021-11-21,35.125
MT,2021,40,47,2021-11-28,35.375
MT,2022,8,15,2022-04-17,0.0
MT,2022,9,16,2022-04-24,0.0
MT,2022,10,17,2022-05-01,0.375
MT,2022,11,18,2022-05-08,0.875
MT,2022,12,19,2022-05-15,3.25
MT,2022,13,20,2022-05-22,6.125
MT,2022,14,21,2022-05-29,9.0
MT,2022,15,22,2022-06-05,13.5
MT,2022,16,23,2022-06-12,18.125
MT,2022,17,24,2022-06-19,21.25
MT,2022,18,25,2022-06-26,23.125
MT,2022,19,26,2022-07-03,24.125
MT,2022,25,32,2022-08-14,24.125
MT,2022,26,33,2022-08-21,24.5
MT,2022,27,34,2022-08-28,26.25
MT,2022,28,35,2022-09-04,26.625
MT,2022,29,36,2022-09-11,25.375
MT,2022,30,37,2022-09-18,25.875
MT,2022,31,38,2022-09-25,26.25
MT,2022,32,39,2022-10-02,26.625
MT,2022,33,40,2022-10-09,28.25
MT,2022,34,41,2022-10-16,29.125
MT,2022,35,42,2022-10-23,30.0
MT,2022,36,43,2022-10-30,32.5
MT,2022,37,44,2022-11-06,33.25
MT,2022,38,45,2022-11-13,35.5
MT,2022,39,46,2022-11-20,35.875
MT,2022,40,47,2022-11-27,36.5
MT,2023,9,16,2023-04-23,0.0
MT,2023,10,17,2023-04-30,1.0
MT,2023,11,18,2023-05-07,1.75
MT,2023,12,19,2023-05-14,4.0
MT,2023,13,20,2023-05-21,9.25
MT,2023,14,21,2023-05-28,10.875
MT,2023,15,22,2023-06-04,16.125
MT,2023,16,23,2023-06-11,19.875
MT,2023,17,24,2023-06-18,21.75
MT,2023,18,25,2023-06-25,23.0
MT,2023,19,26,2023-07-02,23.25
MT,2023,20,27,2023-07-09,23.75
MT,2023,27,34,2023-08-27,23.875
MT,2023,28,35,2023-09-03,25.625
MT,2023,29,36,2023-09-10,23.875
MT,2023,30,37,2023-09-17,24.75
MT,2023,31,38,2023-09-24,25.875
MT,2023,32,39,2023-10-01,26.625
MT,2023,33,40,2023-10-08,28.0
MT,2023,34,41,2023-10-15,29.0
MT,2023,35,42,2023-10-22,32.25
MT,2023,36,43,2023-10-29,32.75
MT,2023,37,44,2023-11-05,33.75
MT,2023,38,45,2023-11-12,34.25
MT,2023,39,46,2023-11-19,35.125
MT,2023,40,47,2023-11-26,35.375
MT,2024,12,19,2024-05-12,0.625
MT,2024,13,20,2024-05-19,3.25
MT,2024,14,21,2024-05-26,5.5
MT,2024,15,22,2024-06-02,9.375
MT,2024,16,23,2024-06-09,16.25
MT,2024,17,24,2024-06-16,21.125
MT,2024,18,25,2024-06-23,22.75
MT,2024,19,26,2024-06-30,23.25
MT,2024,20,27,2024-07-07,24.0
MT,2024,26,33,2024-08-18,24.0
MT,2024,27,34,2024-08-25,24.125
MT,2024,28,35,2024-09-01,24.5
MT,2024,29,36,2024-09-08,24.0
MT,2024,30,37,2024-09-15,24.0
MT,2024,31,38,2024-09-22,24.25
MT,2024,32,39,2024-09-29,25.25
MT,2024,33,40,2024-10-06,26.25
MT,2024,34,41,2024-10-13,27.625
MT,2024,35,42,2024-10-20,30.0
MT,2024,36,43,2024-10-27,31.75
MT,2024,37,44,2024-11-03,33.0
MT,2024,38,45,2024-11-10,34.0
MT,2024,39,46,2024-11-17,34.5
MT,2024,40,47,2024-11-24,35.125
MT,2025,9,16,2025-04-20,0.0
MT,2025,10,17,2025-04-27,0.125
MT,2025,11,18,2025-05-04,0.75
MT,2025,12,19,2025-05-11,2.0
MT,2025,13,20,2025-05-18,4.125
MT,2025,14,21,2025-05-25,7.25
MT,2025,15,22,2025-06-01,10.0
MT,2025,16,23,2025-06-08,12.5
MT,2025,17,24,2025-06-15,15.375
MT,2025,18,25,2025-06-22,16.5
MT,2025,19,26,2025-06-29,17.0
MT,2025,20,27,2025-07-06,17.75
MT,2025,21,28,2025-07-13,19.5
MT,2025,22,29,2025-07-20,21.875
MT,2025,23,30,2025-07-27,23.75
MT,2025,26,33,2025-08-17,23.875
MT,2025,27,34,2025-08-24,24.625
MT,2025,28,35,2025-08-31,25.0
MT,2025,29,36,2025-09-07,23.875
MT,2025,30,37,2025-09-14,23.875
MT,2025,31,38,2025-09-21,25.0
MT,2025,32,39,2025-09-28,26.5
MT,2025,39,46,2025-11-16,31.875
MT,2025,40,47,2025-11-23,35.375
NC,2016,6,13,2016-04-03,0.625
NC,2016,7,14,2016-04-10,2.625
NC,2016,8,15,2016-04-17,7.25
NC,2016,9,16,2016-04-24,13.375
NC,2016,10,17,2016-05-01,17.375
NC,2016,11,18,2016-05-08,19.25
NC,2016,12,19,2016-05-15,22.0
NC,2016,13,20,2016-05-22,23.0
NC,2016,14,21,2016-05-29,23.75
NC,2016,15,22,2016-06-05,24.5
NC,2016,16,23,2016-06-12,26.625
NC,2016,17,24,2016-06-19,29.5
NC,2016,18,25,2016-06-26,32.125
NC,2016,19,26,2016-07-03,38.0
NC,2016,20,27,2016-07-10,41.5
NC,2016,21,28,2016-07-17,45.25
NC,2016,22,29,2016-07-24,49.75
NC,2016,23,30,2016-07-31,57.375
NC,2016,24,31,2016-08-07,64.125
NC,2016,25,32,2016-08-14,70.625
NC,2016,26,33,2016-08-21,71.25
NC,2016,27,34,2016-08-28,75.75
NC,2016,28,35,2016-09-04,79.625
NC,2016,29,36,2016-09-11,82.125
NC,2016,30,37,2016-09-18,84.875
NC,2016,31,38,2016-09-25,85.625
NC,2016,32,39,2016-10-02,86.0
NC,2016,33,40,2016-10-09,86.375
NC,2016,34,41,2016-10-16,86.625
NC,2016,35,42,2016-10-23,86.875
NC,2016,36,43,2016-10-30,87.125
NC,2016,37,44,2016-11-06,87.25
NC,2016,38,45,2016-11-13,87.375
NC,2016,39,46,2016-11-20,87.375
NC,2017,6,13,2017-04-02,0.375
NC,2017,7,14,2017-04-09,1.25
NC,2017,8,15,2017-04-16,4.0
NC,2017,9,16,2017-04-23,9.375
NC,2017,10,17,2017-04-30,16.625
NC,2017,11,18,2017-05-07,20.75
NC,2017,12,19,2017-05-14,22.375
NC,2017,13,20,2017-05-21,23.5
NC,2017,14,21,2017-05-28,24.125
NC,2017,15,22,2017-06-04,24.375
NC,2017,16,23,2017-06-11,25.75
NC,2017,17,24,2017-06-18,29.25
NC,2017,18,25,2017-06-25,32.625
NC,2017,19,26,2017-07-02,36.625
NC,2017,20,27,2017-07-09,40.375
NC,2017,21,28,2017-07-16,45.75
NC,2017,22,29,2017-07-23,50.0
NC,2017,23,30,2017-07-30,55.875
NC,2017,24,31,2017-08-06,63.625
NC,2017,25,32,2017-08-13,70.0
NC,2017,26,33,2017-08-20,68.0
NC,2017,27,34,2017-08-27,72.75
NC,2017,28,35,2017-09-03,76.875
NC,2017,29,36,2017-09-10,80.125
NC,2017,30,37,2017-09-17,82.5
NC,2017,31,38,2017-09-24,84.0
NC,2017,32,39,2017-10-01,85.5
NC,2017,33,40,2017-10-08,86.0
NC,2017,34,41,2017-10-15,86.375
NC,2017,35,42,2017-10-22,86.75
NC,2017,36,43,2017-10-29,87.0
NC,2017,37,44,2017-11-05,87.125
NC,2017,38,45,2017-11-12,87.375
NC,2017,39,46,2017-11-19,87.375
NC,2017,40,47,2017-11-26,87.375
NC,2018,6,13,2018-04-01,0.125
NC,2018,7,14,2018-04-08,1.625
NC,2018,8,15,2018-04-15,4.0
NC,2018,9,16,2018-04-22,7.375
NC,2018,10,17,2018-04-29,12.375
NC,2018,11,18,2018-05-06,17.375
NC,2018,12,19,2018-05-13,21.25
NC,2018,13,20,2018-05-20,23.125
NC,2018,14,21,2018-05-27,24.0
NC,2018,15,22,2018-06-03,24.5
NC,2018,16,23,2018-06-10,25.25
NC,2018,17,24,2018-06-17,27.75
NC,2018,18,25,2018-06-24,30.875
NC,2018,19,26,2018-07-01,34.625
NC,2018,20,27,2018-07-08,38.5
NC,2018,21,28,2018-07-15,43.0
NC,2018,22,29,2018-07-22,47.375
NC,2018,23,30,2018-07-29,51.5
NC,2018,24,31,2018-08-05,57.25
NC,2018,25,32,2018-08-12,63.5
NC,2018,26,33,2018-08-19,65.125
NC,2018,27,34,2018-08-26,70.625
NC,2018,28,35,2018-09-02,74.625
NC,2018,29,36,2018-09-09,78.25
NC,2018,30,37,2018-09-16,81.875
NC,2018,31,38,2018-09-23,83.625
NC,2018,32,39,2018-09-30,84.875
NC,2018,33,40,2018-10-07,85.625
NC,2018,34,41,2018-10-14,86.0
NC,2018,35,42,2018-10-21,86.25
NC,2018,36,43,2018-10-28,86.5
NC,2018,37,44,2018-11-04,86.875
NC,2018,38,45,2018-11-11,87.0
NC,2018,39,46,2018-11-18,87.125
NC,2018,40,47,2018-11-25,87.125
NC,2019,6,13,2019-03-31,0.125
NC,2019,7,14,2019-04-07,0.625
NC,2019,8,15,2019-04-14,2.375
NC,2019,9,16,2019-04-21,4.375
NC,2019,10,17,2019-04-28,9.5
NC,2019,11,18,2019-05-05,15.375
NC,2019,12,19,2019-05-12,19.875
NC,2019,13,20,2019-05-19,21.625
NC,2019,14,21,2019-05-26,23.0
NC,2019,15,22,2019-06-02,23.875
NC,2019,16,23,2019-06-09,24.75
NC,2019,17,24,2019-06-16,27.5
NC,2019,18,25,2019-06-23,29.5
NC,2019,19,26,2019-06-30,32.5
NC,2019,20,27,2019-07-07,34.75
NC,2019,21,28,2019-07-14,40.125
NC,2019,22,29,2019-07-21,44.75
NC,2019,23,30,2019-07-28,51.0
NC,2019,24,31,2019-08-04,60.25
NC,2019,25,32,2019-08-11,66.375
NC,2019,26,33,2019-08-18,67.125
NC,2019,27,34,2019-08-25,71.75
NC,2019,28,35,2019-09-01,76.75
NC,2019,29,36,2019-09-08,80.375
NC,2019,30,37,2019-09-15,82.75
NC,2019,31,38,2019-09-22,84.5
NC,2019,32,39,2019-09-29,85.625
NC,2019,33,40,2019-10-06,86.375
NC,2019,34,41,2019-10-13,86.625
NC,2019,35,42,2019-10-20,86.75
NC,2019,36,43,2019-10-27,87.125
NC,2019,37,44,2019-11-03,87.375
NC,2019,38,45,2019-11-10,87.5
NC,2019,39,46,2019-11-17,87.5
NC,2019,40,47,2019-11-24,87.5
NC,2019,41,48,2019-12-01,87.5
NC,2020,7,14,2020-04-05,0.75
NC,2020,8,15,2020-04-12,4.0
NC,2020,9,16,2020-04-19,8.75
NC,2020,10,17,2020-04-26,12.75
NC,2020,11,18,2020-05-03,17.0
NC,2020,12,19,2020-05-10,20.125
NC,2020,13,20,2020-05-17,22.75
NC,2020,14,21,2020-05-24,23.625
NC,2020,15,22,2020-05-31,24.125
NC,2020,16,23,2020-06-07,24.75
NC,2020,17,24,2020-06-14,26.5
NC,2020,18,25,2020-06-21,28.25
NC,2020,19,26,2020-06-28,30.75
NC,2020,20,27,2020-07-05,35.125
NC,2020,21,28,2020-07-12,39.5
NC,2020,22,29,2020-07-19,43.75
NC,2020,23,30,2020-07-26,49.0
NC,2020,24,31,2020-08-02,53.0
NC,2020,25,32,2020-08-09,59.5
NC,2020,26,33,2020-08-16,63.0
NC,2020,27,34,2020-08-23,68.625
NC,2020,28,35,2020-08-30,72.375
NC,2020,29,36,2020-09-06,76.125
NC,2020,30,37,2020-09-13,79.25
NC,2020,31,38,2020-09-20,82.0
NC,2020,32,39,2020-09-27,83.75
NC,2020,33,40,2020-10-04,85.5
NC,2020,34,41,2020-10-11,86.25
NC,2020,35,42,2020-10-18,86.625
NC,2020,36,43,2020-10-25,86.875
NC,2020,37,44,2020-11-01,87.125
NC,2020,38,45,2020-11-08,87.375
NC,2020,39,46,2020-11-15,87.5
NC,2021,6,13,2021-04-04,0.125
NC,2021,7,14,2021-04-11,2.125
NC,2021,8,15,2021-04-18,6.625
NC,2021,9,16,2021-04-25,12.375
NC,2021,10,17,2021-05-02,17.375
NC,2021,11,18,2021-05-09,20.875
NC,2021,12,19,2021-05-16,22.625
NC,2021,13,20,2021-05-23,23.625
NC,2021,14,21,2021-05-30,24.5
NC,2021,15,22,2021-06-06,25.0
NC,2021,16,23,2021-06-13,26.125
NC,2021,17,24,2021-06-20,28.75
NC,2021,18,25,2021-06-27,31.625
NC,2021,19,26,2021-07-04,34.875
NC,2021,20,27,2021-07-11,38.25
NC,2021,21,28,2021-07-18,42.375
NC,2021,22,29,2021-07-25,47.75
NC,2021,23,30,2021-08-01,54.375
NC,2021,24,31,2021-08-08,61.625
NC,2021,25,32,2021-08-15,63.5
NC,2021,26,33,2021-08-22,68.5
NC,2021,27,34,2021-08-29,73.25
NC,2021,28,35,2021-09-05,77.125
NC,2021,29,36,2021-09-12,79.875
NC,2021,30,37,2021-09-19,82.75
NC,2021,31,38,2021-09-26,84.25
NC,2021,32,39,2021-10-03,85.625
NC,2021,33,40,2021-10-10,86.375
NC,2021,34,41,2021-10-17,86.625
NC,2021,35,42,2021-10-24,87.0
NC,2021,36,43,2021-10-31,87.125
NC,2021,37,44,2021-11-07,87.375
NC,2021,38,45,2021-11-14,87.5
NC,2021,39,46,2021-11-21,87.5
NC,2022,6,13,2022-04-03,0.375
NC,2022,7,14,2022-04-10,2.25
NC,2022,8,15,2022-04-17,6.125
NC,2022,9,16,2022-04-24,11.5
NC,2022,10,17,2022-05-01,17.0
NC,2022,11,18,2022-05-08,20.875
NC,2022,12,19,2022-05-15,23.0
NC,2022,13,20,2022-05-22,23.75
NC,2022,14,21,2022-05-29,24.25
NC,2022,15,22,2022-06-05,24.75
NC,2022,16,23,2022-06-12,25.875
NC,2022,17,24,2022-06-19,27.0
NC,2022,18,25,2022-06-26,30.375
NC,2022,19,26,2022-07-03,33.0
NC,2022,20,27,2022-07-10,37.5
NC,2022,21,28,2022-07-17,40.5
NC,2022,22,29,2022-07-24,44.5
NC,2022,23,30,2022-07-31,49.75
NC,2022,24,31,2022-08-07,56.375
NC,2022,25,32,2022-08-14,60.125
NC,2022,26,33,2022-08-21,65.25
NC,2022,27,34,2022-08-28,70.375
NC,2022,28,35,2022-09-04,75.0
NC,2022,29,36,2022-09-11,78.375
NC,2022,30,37,2022-09-18,81.25
NC,2022,31,38,2022-09-25,83.5
NC,2022,32,39,2022-10-02,84.875
NC,2022,33,40,2022-10-09,86.0
NC,2022,34,41,2022-10-16,86.375
NC,2022,35,42,2022-10-23,86.75
NC,2022,36,43,2022-10-30,87.0
NC,2022,37,44,2022-11-06,87.25
NC,2022,38,45,2022-11-13,87.5
NC,2022,39,46,2022-11-20,87.5
NC,2023,6,13,2023-04-02,0.125
NC,2023,7,14,2023-04-09,1.625
NC,2023,8,15,2023-04-16,4.75
NC,2023,9,16,2023-04-23,9.625
NC,2023,10,17,2023-04-30,14.75
NC,2023,11,18,2023-05-07,18.75
NC,2023,12,19,2023-05-14,22.25
NC,2023,13,20,2023-05-21,23.375
NC,2023,14,21,2023-05-28,24.25
NC,2023,15,22,2023-06-04,24.625
NC,2023,16,23,2023-06-11,25.25
NC,2023,17,24,2023-06-18,26.5
NC,2023,18,25,2023-06-25,29.5
NC,2023,19,26,2023-07-02,33.125
NC,2023,20,27,2023-07-09,37.5
NC,2023,21,28,2023-07-16,41.375
NC,2023,22,29,2023-07-23,43.75
NC,2023,23,30,2023-07-30,47.0
NC,2023,24,31,2023-08-06,53.375
NC,2023,25,32,2023-08-13,60.875
NC,2023,26,33,2023-08-20,64.75
NC,2023,27,34,2023-08-27,70.75
NC,2023,28,35,2023-09-03,75.25
NC,2023,29,36,2023-09-10,79.0
NC,2023,30,37,2023-09-17,81.75
NC,2023,31,38,2023-09-24,83.75
NC,2023,32,39,2023-10-01,85.125
NC,2023,33,40,2023-10-08,86.375
NC,2023,34,41,2023-10-15,86.625
NC,2023,35,42,2023-10-22,86.875
NC,2023,36,43,2023-10-29,87.0
NC,2023,37,44,2023-11-05,87.125
NC,2023,38,45,2023-11-12,87.375
NC,2023,39,46,2023-11-19,87.375
NC,2023,40,47,2023-11-26,87.375
NC,2024,6,13,2024-03-31,0.0
NC,2024,7,14,2024-04-07,1.0
NC,2024,8,15,2024-04-14,4.25
NC,2024,9,16,2024-04-21,9.625
NC,2024,10,17,2024-04-28,14.5
NC,2024,11,18,2024-05-05,19.0
NC,2024,12,19,2024-05-12,22.0
NC,2024,13,20,2024-05-19,23.5
NC,2024,14,21,2024-05-26,23.875
NC,2024,15,22,2024-06-02,24.75
NC,2024,16,23,2024-06-09,25.5
NC,2024,17,24,2024-06-16,27.875
NC,2024,18,25,2024-06-23,30.75
NC,2024,19,26,2024-06-30,34.25
NC,2024,20,27,2024-07-07,38.25
NC,2024,21,28,2024-07-14,41.875
NC,2024,22,29,2024-07-21,45.75
NC,2024,23,30,2024-07-28,53.5
NC,2024,24,31,2024-08-04,60.125
NC,2024,25,32,2024-08-11,60.125
NC,2024,26,33,2024-08-18,64.125
NC,2024,27,34,2024-08-25,69.125
NC,2024,28,35,2024-09-01,73.0
NC,2024,29,36,2024-09-08,76.375
NC,2024,30,37,2024-09-15,78.75
NC,2024,31,38,2024-09-22,81.75
NC,2024,32,39,2024-09-29,83.375
NC,2024,33,40,2024-10-06,84.875
NC,2024,34,41,2024-10-13,86.0
NC,2024,35,42,2024-10-20,86.75
NC,2024,36,43,2024-10-27,87.125
NC,2024,37,44,2024-11-03,87.375
NC,2024,38,45,2024-11-10,87.5
NC,2025,7,14,2025-04-06,0.75
NC,2025,8,15,2025-04-13,2.875
NC,2025,9,16,2025-04-20,7.875
NC,2025,10,17,2025-04-27,12.375
NC,2025,11,18,2025-05-04,16.25
NC,2025,12,19,2025-05-11,20.125
NC,2025,13,20,2025-05-18,22.5
NC,2025,14,21,2025-05-25,23.625
NC,2025,15,22,2025-06-01,24.375
NC,2025,16,23,2025-06-08,26.25
NC,2025,17,24,2025-06-15,28.5
NC,2025,18,25,2025-06-22,31.75
NC,2025,19,26,2025-06-29,35.625
NC,2025,20,27,2025-07-06,41.0
NC,2025,21,28,2025-07-13,45.125
NC,2025,22,29,2025-07-20,50.75
NC,2025,23,30,2025-07-27,56.0
NC,2025,24,31,2025-08-03,60.0
NC,2025,25,32,2025-08-10,63.625
NC,2025,26,33,2025-08-17,67.375
NC,2025,27,34,2025-08-24,70.125
NC,2025,28,35,2025-08-31,74.5
NC,2025,29,36,2025-09-07,77.75
NC,2025,30,37,2025-09-14,80.25
NC,2025,31,38,2025-09-21,82.875
NC,2025,32,39,2025-09-28,84.25
NC,2025,39,46,2025-11-16,85.875
NC,2025,40,47,2025-11-23,86.25
ND,2016,7,14,2016-04-10,0.0
ND,2016,8,15,2016-04-17,0.125
ND,2016,9,16,2016-04-24,0.75
ND,2016,10,17,2016-05-01,2.125
ND,2016,11,18,2016-05-08,6.875
ND,2016,12,19,2016-05-15,12.25
ND,2016,13,20,2016-05-22,17.5
ND,2016,14,21,2016-05-29,21.5
ND,2016,15,22,2016-06-05,23.25
ND,2016,16,23,2016-06-12,24.375
ND,2016,17,24,2016-06-19,24.625
ND,2016,18,25,2016-06-26,26.0
ND,2016,19,26,2016-07-03,26.25
ND,2016,20,27,2016-07-10,26.5
ND,2016,21,28,2016-07-17,27.5
ND,2016,22,29,2016-07-24,30.0
ND,2016,23,30,2016-07-31,33.375
ND,2016,24,31,2016-08-07,38.5
ND,2016,25,32,2016-08-14,42.75
ND,2016,26,33,2016-08-21,47.625
ND,2016,27,34,2016-08-28,52.5
ND,2016,28,35,2016-09-04,57.5
ND,2016,29,36,2016-09-11,61.5
ND,2016,30,37,2016-09-18,65.125
ND,2016,31,38,2016-09-25,68.5
ND,2016,32,39,2016-10-02,71.125
ND,2016,33,40,2016-10-09,73.25
ND,2016,34,41,2016-10-16,75.125
ND,2016,35,42,2016-10-23,77.875
ND,2016,36,43,2016-10-30,79.5
ND,2016,37,44,2016-11-06,81.875
ND,2016,38,45,2016-11-13,83.625
ND,2016,39,46,2016-11-20,84.625
ND,2016,40,47,2016-11-27,85.125
ND,2017,7,14,2017-04-09,0.0
ND,2017,8,15,2017-04-16,0.0
ND,2017,9,16,2017-04-23,0.125
ND,2017,10,17,2017-04-30,0.375
ND,2017,11,18,2017-05-07,2.875
ND,2017,12,19,2017-05-14,8.25
ND,2017,13,20,2017-05-21,15.0
ND,2017,14,21,2017-05-28,20.0
ND,2017,15,22,2017-06-04,23.125
ND,2017,16,23,2017-06-11,24.25
ND,2017,17,24,2017-06-18,24.75
ND,2017,18,25,2017-06-25,24.75
ND,2017,19,26,2017-07-02,25.0
ND,2017,20,27,2017-07-09,25.25
ND,2017,21,28,2017-07-16,26.125
ND,2017,22,29,2017-07-23,28.375
ND,2017,23,30,2017-07-30,33.0
ND,2017,24,31,2017-08-06,37.875
ND,2017,25,32,2017-08-13,41.25
ND,2017,26,33,2017-08-20,44.0
ND,2017,27,34,2017-08-27,48.5
ND,2017,28,35,2017-09-03,52.125
ND,2017,29,36,2017-09-10,56.25
ND,2017,30,37,2017-09-17,61.0
ND,2017,31,38,2017-09-24,64.125
ND,2017,32,39,2017-10-01,67.0
ND,2017,33,40,2017-10-08,69.625
ND,2017,34,41,2017-10-15,72.375
ND,2017,35,42,2017-10-22,75.125
ND,2017,36,43,2017-10-29,78.125
ND,2017,37,44,2017-11-05,80.875
ND,2017,38,45,2017-11-12,83.0
ND,2017,39,46,2017-11-19,84.25
ND,2017,40,47,2017-11-26,85.25
ND,2018,7,14,2018-04-08,0.0
ND,2018,8,15,2018-04-15,0.0
ND,2018,9,16,2018-04-22,0.0
ND,2018,10,17,2018-04-29,0.0
ND,2018,11,18,2018-05-06,0.875
ND,2018,12,19,2018-05-13,4.5
ND,2018,13,20,2018-05-20,8.75
ND,2018,14,21,2018-05-27,15.125
ND,2018,15,22,2018-06-03,20.125
ND,2018,16,23,2018-06-10,23.0
ND,2018,17,24,2018-06-17,23.875
ND,2018,18,25,2018-06-24,23.875
ND,2018,19,26,2018-07-01,23.875
ND,2018,20,27,2018-07-08,24.625
ND,2018,21,28,2018-07-15,28.0
ND,2018,22,29,2018-07-22,31.75
ND,2018,23,30,2018-07-29,36.0
ND,2018,24,31,2018-08-05,39.75
ND,2018,25,32,2018-08-12,44.375
ND,2018,26,33,2018-08-19,50.0
ND,2018,27,34,2018-08-26,53.5
ND,2018,28,35,2018-09-02,57.875
ND,2018,29,36,2018-09-09,61.5
ND,2018,30,37,2018-09-16,65.125
ND,2018,31,38,2018-09-23,68.375
ND,2018,32,39,2018-09-30,71.125
ND,2018,33,40,2018-10-07,72.375
ND,2018,34,41,2018-10-14,73.25
ND,2018,35,42,2018-10-21,74.375
ND,2018,36,43,2018-10-28,76.25
ND,2018,37,44,2018-11-04,77.875
ND,2018,38,45,2018-11-11,79.5
ND,2018,39,46,2018-11-18,80.625
ND,2018,40,47,2018-11-25,81.75
ND,2019,7,14,2019-04-07,0.0
ND,2019,8,15,2019-04-14,0.0
ND,2019,9,16,2019-04-21,0.0
ND,2019,10,17,2019-04-28,0.125
ND,2019,11,18,2019-05-05,0.375
ND,2019,12,19,2019-05-12,1.375
ND,2019,13,20,2019-05-19,5.375
ND,2019,14,21,2019-05-26,8.875
ND,2019,15,22,2019-06-02,13.5
ND,2019,16,23,2019-06-09,19.5
ND,2019,17,24,2019-06-16,23.0
ND,2019,18,25,2019-06-23,24.25
ND,2019,19,26,2019-06-30,24.625
ND,2019,20,27,2019-07-07,24.875
ND,2019,21,28,2019-07-14,25.0
ND,2019,22,29,2019-07-21,26.125
ND,2019,23,30,2019-07-28,29.625
ND,2019,24,31,2019-08-04,33.75
ND,2019,25,32,2019-08-11,36.875
ND,2019,26,33,2019-08-18,38.875
ND,2019,27,34,2019-08-25,43.625
ND,2019,28,35,2019-09-01,47.125
ND,2019,29,36,2019-09-08,51.25
ND,2019,30,37,2019-09-15,53.75
ND,2019,31,38,2019-09-22,57.25
ND,2019,32,39,2019-09-29,60.5
ND,2019,33,40,2019-10-06,62.5
ND,2019,34,41,2019-10-13,66.125
ND,2019,35,42,2019-10-20,69.75
ND,2019,36,43,2019-10-27,71.5
ND,2019,37,44,2019-11-03,74.25
ND,2019,38,45,2019-11-10,74.875
ND,2019,39,46,2019-11-17,75.875
ND,2019,40,47,2019-11-24,76.75
ND,2019,41,48,2019-12-01,77.5
ND,2020,6,13,2020-03-29,9.375
ND,2020,7,14,2020-04-05,10.125
ND,2020,8,15,2020-04-12,10.375
ND,2020,9,16,2020-04-19,10.75
ND,2020,10,17,2020-04-26,11.125
ND,2020,11,18,2020-05-03,11.625
ND,2020,12,19,2020-05-10,12.0
ND,2020,13,20,2020-05-17,13.75
ND,2020,14,21,2020-05-24,19.375
ND,2020,15,22,2020-05-31,23.75
ND,2020,16,23,2020-06-07,28.5
ND,2020,17,24,2020-06-14,32.125
ND,2020,18,25,2020-06-21,34.125
ND,2020,19,26,2020-06-28,34.75
ND,2020,20,27,2020-07-05,35.25
ND,2020,21,28,2020-07-12,35.375
ND,2020,22,29,2020-07-19,37.5
ND,2020,23,30,2020-07-26,42.5
ND,2020,24,31,2020-08-02,46.125
ND,2020,25,32,2020-08-09,49.25
ND,2020,26,33,2020-08-16,52.125
ND,2020,27,34,2020-08-23,56.0
ND,2020,28,35,2020-08-30,60.375
ND,2020,29,36,2020-09-06,66.375
ND,2020,30,37,2020-09-13,58.75
ND,2020,31,38,2020-09-20,63.375
ND,2020,32,39,2020-09-27,67.0
ND,2020,33,40,2020-10-04,71.0
ND,2020,34,41,2020-10-11,74.625
ND,2020,35,42,2020-10-18,78.875
ND,2020,36,43,2020-10-25,81.125
ND,2020,37,44,2020-11-01,82.5
ND,2020,38,45,2020-11-08,83.625
ND,2020,39,46,2020-11-15,84.125
ND,2021,6,13,2021-04-04,0.0
ND,2021,7,14,2021-04-11,0.25
ND,2021,8,15,2021-04-18,0.375
ND,2021,9,16,2021-04-25,0.375
ND,2021,10,17,2021-05-02,1.75
ND,2021,11,18,2021-05-09,4.5
ND,2021,12,19,2021-05-16,8.875
ND,2021,13,20,2021-05-23,15.625
ND,2021,14,21,2021-05-30,19.5
ND,2021,15,22,2021-06-06,21.25
ND,2021,16,23,2021-06-13,23.375
ND,2021,17,24,2021-06-20,24.125
ND,2021,18,25,2021-06-27,24.125
ND,2021,19,26,2021-07-04,24.125
ND,2021,20,27,2021-07-11,25.125
ND,2021,21,28,2021-07-18,26.875
ND,2021,22,29,2021-07-25,30.625
ND,2021,23,30,2021-08-01,33.75
ND,2021,24,31,2021-08-08,37.375
ND,2021,25,32,2021-08-15,42.125
ND,2021,26,33,2021-08-22,48.5
ND,2021,27,34,2021-08-29,53.375
ND,2021,28,35,2021-09-05,57.125
ND,2021,29,36,2021-09-12,60.625
ND,2021,30,37,2021-09-19,65.25
ND,2021,31,38,2021-09-26,69.5
ND,2021,32,39,2021-10-03,73.125
ND,2021,33,40,2021-10-10,76.0
ND,2021,34,41,2021-10-17,78.125
ND,2021,35,42,2021-10-24,80.125
ND,2021,36,43,2021-10-31,81.875
ND,2021,37,44,2021-11-07,83.5
ND,2021,38,45,2021-11-14,84.5
ND,2021,39,46,2021-11-21,85.125
ND,2021,40,47,2021-11-28,85.5
ND,2022,6,13,2022-04-03,0.0
ND,2022,7,14,2022-04-10,0.0
ND,2022,8,15,2022-04-17,0.0
ND,2022,9,16,2022-04-24,0.0
ND,2022,10,17,2022-05-01,0.0
ND,2022,11,18,2022-05-08,0.125
ND,2022,12,19,2022-05-15,0.5
ND,2022,13,20,2022-05-22,2.625
ND,2022,14,21,2022-05-29,7.875
ND,2022,15,22,2022-06-05,12.875
ND,2022,16,23,2022-06-12,17.5
ND,2022,17,24,2022-06-19,20.625
ND,2022,18,25,2022-06-26,23.75
ND,2022,19,26,2022-07-03,24.5
ND,2022,20,27,2022-07-10,25.5
ND,2022,21,28,2022-07-17,26.5
ND,2022,22,29,2022-07-24,27.75
ND,2022,23,30,2022-07-31,32.5
ND,2022,24,31,2022-08-07,36.375
ND,2022,25,32,2022-08-14,40.75
ND,2022,26,33,2022-08-21,44.5
ND,2022,27,34,2022-08-28,48.0
ND,2022,28,35,2022-09-04,52.875
ND,2022,29,36,2022-09-11,56.625
ND,2022,30,37,2022-09-18,60.75
ND,2022,31,38,2022-09-25,63.5
ND,2022,32,39,2022-10-02,68.375
ND,2022,33,40,2022-10-09,72.375
ND,2022,34,41,2022-10-16,74.875
ND,2022,35,42,2022-10-23,78.25
ND,2022,36,43,2022-10-30,81.5
ND,2022,37,44,2022-11-06,83.625
ND,2022,38,45,2022-11-13,84.25
ND,2022,39,46,2022-11-20,84.5
ND,2023,6,13,2023-04-02,0.0
ND,2023,7,14,2023-04-09,0.0
ND,2023,8,15,2023-04-16,0.0
ND,2023,9,16,2023-04-23,0.0
ND,2023,10,17,2023-04-30,0.0
ND,2023,11,18,2023-05-07,0.125
ND,2023,12,19,2023-05-14,0.625
ND,2023,13,20,2023-05-21,4.5
ND,2023,14,21,2023-05-28,11.375
ND,2023,15,22,2023-06-04,17.25
ND,2023,16,23,2023-06-11,21.5
ND,2023,17,24,2023-06-18,23.5
ND,2023,18,25,2023-06-25,24.375
ND,2023,19,26,2023-07-02,24.75
ND,2023,20,27,2023-07-09,25.5
ND,2023,21,28,2023-07-16,26.875
ND,2023,22,29,2023-07-23,30.25
ND,2023,23,30,2023-07-30,34.0
ND,2023,24,31,2023-08-06,37.625
ND,2023,25,32,2023-08-13,40.875
ND,2023,26,33,2023-08-20,44.875
ND,2023,27,34,2023-08-27,50.375
ND,2023,28,35,2023-09-03,54.125
ND,2023,29,36,2023-09-10,57.625
ND,2023,30,37,2023-09-17,62.0
ND,2023,31,38,2023-09-24,67.0
ND,2023,32,39,2023-10-01,70.375
ND,2023,33,40,2023-10-08,73.0
ND,2023,34,41,2023-10-15,75.625
ND,2023,35,42,2023-10-22,77.875
ND,2023,36,43,2023-10-29,79.375
ND,2023,37,44,2023-11-05,80.625
ND,2023,38,45,2023-11-12,81.75
ND,2023,39,46,2023-11-19,83.125
ND,2023,40,47,2023-11-26,83.875
ND,2024,6,13,2024-03-31,0.0
ND,2024,7,14,2024-04-07,0.0
ND,2024,8,15,2024-04-14,0.0
ND,2024,9,16,2024-04-21,0.0
ND,2024,10,17,2024-04-28,0.75
ND,2024,11,18,2024-05-05,1.375
ND,2024,12,19,2024-05-12,2.875
ND,2024,13,20,2024-05-19,8.0
ND,2024,14,21,2024-05-26,12.75
ND,2024,15,22,2024-06-02,16.375
ND,2024,16,23,2024-06-09,20.25
ND,2024,17,24,2024-06-16,23.25
ND,2024,18,25,2024-06-23,24.25
ND,2024,19,26,2024-06-30,24.375
ND,2024,20,27,2024-07-07,24.625
ND,2024,21,28,2024-07-14,24.75
ND,2024,22,29,2024-07-21,25.5
ND,2024,23,30,2024-07-28,29.375
ND,2024,24,31,2024-08-04,35.125
ND,2024,25,32,2024-08-11,38.0
ND,2024,26,33,2024-08-18,40.375
ND,2024,27,34,2024-08-25,43.5
ND,2024,28,35,2024-09-01,46.5
ND,2024,29,36,2024-09-08,50.5
ND,2024,30,37,2024-09-15,55.25
ND,2024,31,38,2024-09-22,59.0
ND,2024,32,39,2024-09-29,64.5
ND,2024,33,40,2024-10-06,69.625
ND,2024,34,41,2024-10-13,73.875
ND,2024,35,42,2024-10-20,78.25
ND,2024,36,43,2024-10-27,81.25
ND,2024,37,44,2024-11-03,83.0
ND,2024,38,45,2024-11-10,83.625
ND,2024,39,46,2024-11-17,84.25
ND,2025,7,14,2025-04-06,0.0
ND,2025,8,15,2025-04-13,0.0
ND,2025,9,16,2025-04-20,0.0
ND,2025,10,17,2025-04-27,0.875
ND,2025,11,18,2025-05-04,2.25
ND,2025,12,19,2025-05-11,5.75
ND,2025,13,20,2025-05-18,11.75
ND,2025,14,21,2025-05-25,14.625
ND,2025,15,22,2025-06-01,18.125
ND,2025,16,23,2025-06-08,21.375
ND,2025,17,24,2025-06-15,23.0
ND,2025,18,25,2025-06-22,23.625
ND,2025,19,26,2025-06-29,24.375
ND,2025,20,27,2025-07-06,24.75
ND,2025,21,28,2025-07-13,25.0
ND,2025,22,29,2025-07-20,28.375
ND,2025,23,30,2025-07-27,31.375
ND,2025,24,31,2025-08-03,35.875
ND,2025,25,32,2025-08-10,40.875
ND,2025,26,33,2025-08-17,43.125
ND,2025,27,34,2025-08-24,45.875
ND,2025,28,35,2025-08-31,49.875
ND,2025,29,36,2025-09-07,54.625
ND,2025,30,37,2025-09-14,57.125
ND,2025,31,38,2025-09-21,59.625
ND,2025,32,39,2025-09-28,64.125
ND,2025,39,46,2025-11-16,74.125
ND,2025,40,47,2025-11-23,75.25
NE,2016,7,14,2016-04-10,0.0
NE,2016,8,15,2016-04-17,0.875
NE,2016,9,16,2016-04-24,2.125
NE,2016,10,17,2016-05-01,4.125
NE,2016,11,18,2016-05-08,8.5
NE,2016,12,19,2016-05-15,13.0
NE,2016,13,20,2016-05-22,17.625
NE,2016,14,21,2016-05-29,21.75
NE,2016,15,22,2016-06-05,23.625
NE,2016,16,23,2016-06-12,24.75
NE,2016,17,24,2016-06-19,24.75
NE,2016,18,25,2016-06-26,24.875
NE,2016,19,26,2016-07-03,26.0
NE,2016,20,27,2016-07-10,28.375
NE,2016,21,28,2016-07-17,31.625
NE,2016,22,29,2016-07-24,36.625
NE,2016,23,30,2016-07-31,39.75
NE,2016,24,31,2016-08-07,44.0
NE,2016,25,32,2016-08-14,48.625
NE,2016,26,33,2016-08-21,53.125
NE,2016,27,34,2016-08-28,57.125
NE,2016,28,35,2016-09-04,59.625
NE,2016,29,36,2016-09-11,63.875
NE,2016,30,37,2016-09-18,66.875
NE,2016,31,38,2016-09-25,70.875
NE,2016,32,39,2016-10-02,73.875
NE,2016,33,40,2016-10-09,75.75
NE,2016,34,41,2016-10-16,77.625
NE,2016,35,42,2016-10-23,79.625
NE,2016,36,43,2016-10-30,82.0
NE,2016,37,44,2016-11-06,83.875
NE,2016,38,45,2016-11-13,85.0
NE,2016,39,46,2016-11-20,85.375
NE,2017,7,14,2017-04-09,0.0
NE,2017,8,15,2017-04-16,0.375
NE,2017,9,16,2017-04-23,2.375
NE,2017,10,17,2017-04-30,4.625
NE,2017,11,18,2017-05-07,7.25
NE,2017,12,19,2017-05-14,13.625
NE,2017,13,20,2017-05-21,17.375
NE,2017,14,21,2017-05-28,21.375
NE,2017,15,22,2017-06-04,23.75
NE,2017,16,23,2017-06-11,24.625
NE,2017,17,24,2017-06-18,24.875
NE,2017,18,25,2017-06-25,24.875
NE,2017,19,26,2017-07-02,25.875
NE,2017,20,27,2017-07-09,26.625
NE,2017,21,28,2017-07-16,30.75
NE,2017,22,29,2017-07-23,35.5
NE,2017,23,30,2017-07-30,38.375
NE,2017,24,31,2017-08-06,42.375
NE,2017,25,32,2017-08-13,47.25
NE,2017,26,33,2017-08-20,51.25
NE,2017,27,34,2017-08-27,55.625
NE,2017,28,35,2017-09-03,59.25
NE,2017,29,36,2017-09-10,63.0
NE,2017,30,37,2017-09-17,66.375
NE,2017,31,38,2017-09-24,69.5
NE,2017,32,39,2017-10-01,72.375
NE,2017,33,40,2017-10-08,74.125
NE,2017,34,41,2017-10-15,75.75
NE,2017,35,42,2017-10-22,77.5
NE,2017,36,43,2017-10-29,79.875
NE,2017,37,44,2017-11-05,82.75
NE,2017,38,45,2017-11-12,85.0
NE,2017,39,46,2017-11-19,85.875
NE,2017,40,47,2017-11-26,86.375
NE,2018,7,14,2018-04-08,0.0
NE,2018,8,15,2018-04-15,0.125
NE,2018,9,16,2018-04-22,0.25
NE,2018,10,17,2018-04-29,2.125
NE,2018,11,18,2018-05-06,5.5
NE,2018,12,19,2018-05-13,12.25
NE,2018,13,20,2018-05-20,17.625
NE,2018,14,21,2018-05-27,22.125
NE,2018,15,22,2018-06-03,23.875
NE,2018,16,23,2018-06-10,24.625
NE,2018,17,24,2018-06-17,25.0
NE,2018,18,25,2018-06-24,25.25
NE,2018,19,26,2018-07-01,26.0
NE,2018,20,27,2018-07-08,28.875
NE,2018,21,28,2018-07-15,33.625
NE,2018,22,29,2018-07-22,38.0
NE,2018,23,30,2018-07-29,41.375
NE,2018,24,31,2018-08-05,44.75
NE,2018,25,32,2018-08-12,48.75
NE,2018,26,33,2018-08-19,52.625
NE,2018,27,34,2018-08-26,56.25
NE,2018,28,35,2018-09-02,59.125
NE,2018,29,36,2018-09-09,62.625
NE,2018,30,37,2018-09-16,66.5
NE,2018,31,38,2018-09-23,71.0
NE,2018,32,39,2018-09-30,74.0
NE,2018,33,40,2018-10-07,75.75
NE,2018,34,41,2018-10-14,76.375
NE,2018,35,42,2018-10-21,77.5
NE,2018,36,43,2018-10-28,79.125
NE,2018,37,44,2018-11-04,81.375
NE,2018,38,45,2018-11-11,82.875
NE,2018,39,46,2018-11-18,84.25
NE,2018,40,47,2018-11-25,85.0
NE,2019,7,14,2019-04-07,0.0
NE,2019,8,15,2019-04-14,0.0
NE,2019,9,16,2019-04-21,0.25
NE,2019,10,17,2019-04-28,2.0
NE,2019,11,18,2019-05-05,4.625
NE,2019,12,19,2019-05-12,6.875
NE,2019,13,20,2019-05-19,12.125
NE,2019,14,21,2019-05-26,16.375
NE,2019,15,22,2019-06-02,19.375
NE,2019,16,23,2019-06-09,21.75
NE,2019,17,24,2019-06-16,23.5
NE,2019,18,25,2019-06-23,24.375
NE,2019,19,26,2019-06-30,24.875
NE,2019,20,27,2019-07-07,25.25
NE,2019,21,28,2019-07-14,26.375
NE,2019,22,29,2019-07-21,30.25
NE,2019,23,30,2019-07-28,35.25
NE,2019,24,31,2019-08-04,39.0
NE,2019,25,32,2019-08-11,42.375
NE,2019,26,33,2019-08-18,46.875
NE,2019,27,34,2019-08-25,51.625
NE,2019,28,35,2019-09-01,55.25
NE,2019,29,36,2019-09-08,58.75
NE,2019,30,37,2019-09-15,61.875
NE,2019,31,38,2019-09-22,65.875
NE,2019,32,39,2019-09-29,68.875
NE,2019,33,40,2019-10-06,72.25
NE,2019,34,41,2019-10-13,74.875
NE,2019,35,42,2019-10-20,77.25
NE,2019,36,43,2019-10-27,79.375
NE,2019,37,44,2019-11-03,81.75
NE,2019,38,45,2019-11-10,83.5
NE,2019,39,46,2019-11-17,84.875
NE,2019,40,47,2019-11-24,85.875
NE,2019,41,48,2019-12-01,86.25
NE,2020,8,15,2020-04-12,0.0
NE,2020,9,16,2020-04-19,0.25
NE,2020,10,17,2020-04-26,2.5
NE,2020,11,18,2020-05-03,8.75
NE,2020,12,19,2020-05-10,13.625
NE,2020,13,20,2020-05-17,18.125
NE,2020,14,21,2020-05-24,21.75
NE,2020,15,22,2020-05-31,23.375
NE,2020,16,23,2020-06-07,24.375
NE,2020,17,24,2020-06-14,24.75
NE,2020,18,25,2020-06-21,24.75
NE,2020,19,26,2020-06-28,24.875
NE,2020,20,27,2020-07-05,25.25
NE,2020,21,28,2020-07-12,27.25
NE,2020,22,29,2020-07-19,32.75
NE,2020,23,30,2020-07-26,39.25
NE,2020,24,31,2020-08-02,42.625
NE,2020,25,32,2020-08-09,47.125
NE,2020,26,33,2020-08-16,51.625
NE,2020,27,34,2020-08-23,57.375
NE,2020,28,35,2020-08-30,59.875
NE,2020,29,36,2020-09-06,63.5
NE,2020,30,37,2020-09-13,67.75
NE,2020,31,38,2020-09-20,71.0
NE,2020,32,39,2020-09-27,73.375
NE,2020,33,40,2020-10-04,75.625
NE,2020,34,41,2020-10-11,77.875
NE,2020,35,42,2020-10-18,81.125
NE,2020,36,43,2020-10-25,83.375
NE,2020,37,44,2020-11-01,84.625
NE,2020,38,45,2020-11-08,85.5
NE,2020,39,46,2020-11-15,85.875
NE,2021,6,13,2021-04-04,0.0
NE,2021,7,14,2021-04-11,0.0
NE,2021,8,15,2021-04-18,0.25
NE,2021,9,16,2021-04-25,0.75
NE,2021,10,17,2021-05-02,5.5
NE,2021,11,18,2021-05-09,10.375
NE,2021,12,19,2021-05-16,15.0
NE,2021,13,20,2021-05-23,19.625
NE,2021,14,21,2021-05-30,22.625
NE,2021,15,22,2021-06-06,24.375
NE,2021,16,23,2021-06-13,24.875
NE,2021,17,24,2021-06-20,25.0
NE,2021,18,25,2021-06-27,25.0
NE,2021,19,26,2021-07-04,25.25
NE,2021,20,27,2021-07-11,27.375
NE,2021,21,28,2021-07-18,32.25
NE,2021,22,29,2021-07-25,37.25
NE,2021,23,30,2021-08-01,42.25
NE,2021,24,31,2021-08-08,46.125
NE,2021,25,32,2021-08-15,49.5
NE,2021,26,33,2021-08-22,53.75
NE,2021,27,34,2021-08-29,58.0
NE,2021,28,35,2021-09-05,61.375
NE,2021,29,36,2021-09-12,65.125
NE,2021,30,37,2021-09-19,68.75
NE,2021,31,38,2021-09-26,72.0
NE,2021,32,39,2021-10-03,74.75
NE,2021,33,40,2021-10-10,76.75
NE,2021,34,41,2021-10-17,78.5
NE,2021,35,42,2021-10-24,80.875
NE,2021,36,43,2021-10-31,82.375
NE,2021,37,44,2021-11-07,83.625
NE,2021,38,45,2021-11-14,84.625
NE,2021,39,46,2021-11-21,85.25
NE,2022,6,13,2022-04-03,0.0
NE,2022,7,14,2022-04-10,0.0
NE,2022,8,15,2022-04-17,0.25
NE,2022,9,16,2022-04-24,1.25
NE,2022,10,17,2022-05-01,3.625
NE,2022,11,18,2022-05-08,5.375
NE,2022,12,19,2022-05-15,10.125
NE,2022,13,20,2022-05-22,16.625
NE,2022,14,21,2022-05-29,21.0
NE,2022,15,22,2022-06-05,23.25
NE,2022,16,23,2022-06-12,24.0
NE,2022,17,24,2022-06-19,24.75
NE,2022,18,25,2022-06-26,25.0
NE,2022,19,26,2022-07-03,25.125
NE,2022,20,27,2022-07-10,26.0
NE,2022,21,28,2022-07-17,30.75
NE,2022,22,29,2022-07-24,34.5
NE,2022,23,30,2022-07-31,38.125
NE,2022,24,31,2022-08-07,42.375
NE,2022,25,32,2022-08-14,47.0
NE,2022,26,33,2022-08-21,52.5
NE,2022,27,34,2022-08-28,57.0
NE,2022,28,35,2022-09-04,61.0
NE,2022,29,36,2022-09-11,64.875
NE,2022,30,37,2022-09-18,68.375
NE,2022,31,38,2022-09-25,72.0
NE,2022,32,39,2022-10-02,75.375
NE,2022,33,40,2022-10-09,77.625
NE,2022,34,41,2022-10-16,79.5
NE,2022,35,42,2022-10-23,82.25
NE,2022,36,43,2022-10-30,84.125
NE,2022,37,44,2022-11-06,85.375
NE,2022,38,45,2022-11-13,86.0
NE,2022,39,46,2022-11-20,86.5
NE,2023,6,13,2023-04-02,0.0
NE,2023,7,14,2023-04-09,0.0
NE,2023,8,15,2023-04-16,0.25
NE,2023,9,16,2023-04-23,1.25
NE,2023,10,17,2023-04-30,3.875
NE,2023,11,18,2023-05-07,8.375
NE,2023,12,19,2023-05-14,13.5
NE,2023,13,20,2023-05-21,18.375
NE,2023,14,21,2023-05-28,22.125
NE,2023,15,22,2023-06-04,23.625
NE,2023,16,23,2023-06-11,24.25
NE,2023,17,24,2023-06-18,24.25
NE,2023,18,25,2023-06-25,24.25
NE,2023,19,26,2023-07-02,24.625
NE,2023,20,27,2023-07-09,26.875
NE,2023,21,28,2023-07-16,30.875
NE,2023,22,29,2023-07-23,35.125
NE,2023,23,30,2023-07-30,38.125
NE,2023,24,31,2023-08-06,42.25
NE,2023,25,32,2023-08-13,47.75
NE,2023,26,33,2023-08-20,52.375
NE,2023,27,34,2023-08-27,57.0
NE,2023,28,35,2023-09-03,61.0
NE,2023,29,36,2023-09-10,65.375
NE,2023,30,37,2023-09-17,68.625
NE,2023,31,38,2023-09-24,71.625
NE,2023,32,39,2023-10-01,74.5
NE,2023,33,40,2023-10-08,76.75
NE,2023,34,41,2023-10-15,78.75
NE,2023,35,42,2023-10-22,81.0
NE,2023,36,43,2023-10-29,82.75
NE,2023,37,44,2023-11-05,83.75
NE,2023,38,45,2023-11-12,84.625
NE,2023,39,46,2023-11-19,85.125
NE,2023,40,47,2023-11-26,85.5
NE,2024,6,13,2024-03-31,0.0
NE,2024,7,14,2024-04-07,0.0
NE,2024,8,15,2024-04-14,0.25
NE,2024,9,16,2024-04-21,0.75
NE,2024,10,17,2024-04-28,2.875
NE,2024,11,18,2024-05-05,4.75
NE,2024,12,19,2024-05-12,9.125
NE,2024,13,20,2024-05-19,14.625
NE,2024,14,21,2024-05-26,19.0
NE,2024,15,22,2024-06-02,21.875
NE,2024,16,23,2024-06-09,23.875
NE,2024,17,24,2024-06-16,24.5
NE,2024,18,25,2024-06-23,24.875
NE,2024,19,26,2024-06-30,25.125
NE,2024,20,27,2024-07-07,27.5
NE,2024,21,28,2024-07-14,31.875
NE,2024,22,29,2024-07-21,36.625
NE,2024,23,30,2024-07-28,41.0
NE,2024,24,31,2024-08-04,43.875
NE,2024,25,32,2024-08-11,48.25
NE,2024,26,33,2024-08-18,52.625
NE,2024,27,34,2024-08-25,57.5
NE,2024,28,35,2024-09-01,61.0
NE,2024,29,36,2024-09-08,63.5
NE,2024,30,37,2024-09-15,66.875
NE,2024,31,38,2024-09-22,70.75
NE,2024,32,39,2024-09-29,73.5
NE,2024,33,40,2024-10-06,75.875
NE,2024,34,41,2024-10-13,78.875
NE,2024,35,42,2024-10-20,81.625
NE,2024,36,43,2024-10-27,83.625
NE,2024,37,44,2024-11-03,85.0
NE,2024,38,45,2024-11-10,85.5
NE,2024,39,46,2024-11-17,85.875
NE,2025,7,14,2025-04-06,0.0
NE,2025,8,15,2025-04-13,0.125
NE,2025,9,16,2025-04-20,1.0
NE,2025,10,17,2025-04-27,2.75
NE,2025,11,18,2025-05-04,7.25
NE,2025,12,19,2025-05-11,13.625
NE,2025,13,20,2025-05-18,18.0
NE,2025,14,21,2025-05-25,21.5
NE,2025,15,22,2025-06-01,23.5
NE,2025,16,23,2025-06-08,24.25
NE,2025,17,24,2025-06-15,24.5
NE,2025,18,25,2025-06-22,25.0
NE,2025,19,26,2025-06-29,25.125
NE,2025,20,27,2025-07-06,26.25
NE,2025,21,28,2025-07-13,28.875
NE,2025,22,29,2025-07-20,33.125
NE,2025,23,30,2025-07-27,36.875
NE,2025,24,31,2025-08-03,41.0
NE,2025,25,32,2025-08-10,45.75
NE,2025,26,33,2025-08-17,49.25
NE,2025,27,34,2025-08-24,53.875
NE,2025,28,35,2025-08-31,56.875
NE,2025,29,36,2025-09-07,60.0
NE,2025,30,37,2025-09-14,63.625
NE,2025,31,38,2025-09-21,66.25
NE,2025,32,39,2025-09-28,69.75
NE,2025,39,46,2025-11-16,77.625
NE,2025,40,47,2025-11-23,79.875
NH,2016,9,16,2016-04-24,0.5
NH,2016,10,17,2016-05-01,0.625
NH,2016,11,18,2016-05-08,0.75
NH,2016,12,19,2016-05-15,1.875
NH,2016,13,20,2016-05-22,5.125
NH,2016,14,21,2016-05-29,13.125
NH,2016,15,22,2016-06-05,18.5
NH,2016,16,23,2016-06-12,22.125
NH,2016,17,24,2016-06-19,23.25
NH,2016,18,25,2016-06-26,24.125
NH,2016,28,35,2016-09-04,26.125
NH,2016,29,36,2016-09-11,26.625
NH,2016,30,37,2016-09-18,27.25
NH,2016,31,38,2016-09-25,29.25
NH,2016,32,39,2016-10-02,31.75
NH,2016,33,40,2016-10-09,33.125
NH,2016,34,41,2016-10-16,35.125
NH,2016,35,42,2016-10-23,36.25
NH,2017,9,16,2017-04-23,0.0
NH,2017,10,17,2017-04-30,0.0
NH,2017,11,18,2017-05-07,0.25
NH,2017,12,19,2017-05-14,0.375
NH,2017,13,20,2017-05-21,2.625
NH,2017,14,21,2017-05-28,7.5
NH,2017,15,22,2017-06-04,13.0
NH,2017,16,23,2017-06-11,17.5
NH,2017,17,24,2017-06-18,22.0
NH,2017,18,25,2017-06-25,23.375
NH,2017,19,26,2017-07-02,24.375
NH,2017,20,27,2017-07-09,24.625
NH,2017,28,35,2017-09-03,24.625
NH,2017,29,36,2017-09-10,24.625
NH,2017,30,37,2017-09-17,24.625
NH,2017,31,38,2017-09-24,24.875
NH,2017,32,39,2017-10-01,25.75
NH,2017,33,40,2017-10-08,27.125
NH,2017,34,41,2017-10-15,31.125
NH,2017,35,42,2017-10-22,34.375
NH,2017,36,43,2017-10-29,36.375
NH,2017,37,44,2017-11-05,37.0
NH,2017,38,45,2017-11-12,37.125
NH,2018,10,17,2018-04-29,0.0
NH,2018,11,18,2018-05-06,0.125
NH,2018,12,19,2018-05-13,0.875
NH,2018,13,20,2018-05-20,3.125
NH,2018,14,21,2018-05-27,6.5
NH,2018,15,22,2018-06-03,14.375
NH,2018,16,23,2018-06-10,20.375
NH,2018,17,24,2018-06-17,23.5
NH,2018,18,25,2018-06-24,23.625
NH,2018,19,26,2018-07-01,23.875
NH,2018,31,38,2018-09-23,27.75
NH,2018,32,39,2018-09-30,30.625
NH,2018,33,40,2018-10-07,33.5
NH,2018,34,41,2018-10-14,34.5
NH,2018,35,42,2018-10-21,35.625
NH,2018,36,43,2018-10-28,36.25
NH,2019,11,18,2019-05-05,0.0
NH,2019,12,19,2019-05-12,0.25
NH,2019,13,20,2019-05-19,1.375
NH,2019,14,21,2019-05-26,3.0
NH,2019,15,22,2019-06-02,8.125
NH,2019,16,23,2019-06-09,11.625
NH,2019,17,24,2019-06-16,15.125
NH,2019,18,25,2019-06-23,18.625
NH,2019,19,26,2019-06-30,21.25
NH,2019,20,27,2019-07-07,23.125
NH,2019,29,36,2019-09-08,23.125
NH,2019,30,37,2019-09-15,23.375
NH,2019,31,38,2019-09-22,23.5
NH,2019,32,39,2019-09-29,26.375
NH,2019,33,40,2019-10-06,27.5
NH,2019,34,41,2019-10-13,29.5
NH,2019,35,42,2019-10-20,30.25
NH,2019,36,43,2019-10-27,33.125
NH,2019,37,44,2019-11-03,35.25
NH,2020,8,15,2020-04-12,0.0
NH,2020,9,16,2020-04-19,0.0
NH,2020,10,17,2020-04-26,0.0
NH,2020,11,18,2020-05-03,0.625
NH,2020,12,19,2020-05-10,2.0
NH,2020,13,20,2020-05-17,3.75
NH,2020,14,21,2020-05-24,9.125
NH,2020,15,22,2020-05-31,12.75
NH,2020,16,23,2020-06-07,15.125
NH,2020,17,24,2020-06-14,18.0
NH,2020,18,25,2020-06-21,19.75
NH,2020,19,26,2020-06-28,21.5
NH,2020,20,27,2020-07-05,23.75
NH,2020,21,28,2020-07-12,23.75
NH,2020,29,36,2020-09-06,23.75
NH,2020,30,37,2020-09-13,24.5
NH,2020,31,38,2020-09-20,26.25
NH,2020,32,39,2020-09-27,27.25
NH,2020,33,40,2020-10-04,28.75
NH,2020,34,41,2020-10-11,30.375
NH,2020,35,42,2020-10-18,34.125
NH,2020,36,43,2020-10-25,35.875
NH,2020,37,44,2020-11-01,36.125
NH,2020,38,45,2020-11-08,36.25
NH,2021,9,16,2021-04-25,0.0
NH,2021,10,17,2021-05-02,0.375
NH,2021,11,18,2021-05-09,1.25
NH,2021,12,19,2021-05-16,3.25
NH,2021,13,20,2021-05-23,11.0
NH,2021,14,21,2021-05-30,12.5
NH,2021,15,22,2021-06-06,14.25
NH,2021,16,23,2021-06-13,18.375
NH,2021,17,24,2021-06-20,21.0
NH,2021,18,25,2021-06-27,22.75
NH,2021,19,26,2021-07-04,24.625
NH,2021,20,27,2021-07-11,25.0
NH,2021,28,35,2021-09-05,25.0
NH,2021,29,36,2021-09-12,25.0
NH,2021,30,37,2021-09-19,25.25
NH,2021,31,38,2021-09-26,27.75
NH,2021,32,39,2021-10-03,29.375
NH,2021,33,40,2021-10-10,29.625
NH,2021,34,41,2021-10-17,34.5
NH,2021,35,42,2021-10-24,37.0
NH,2021,36,43,2021-10-31,37.125
NH,2021,37,44,2021-11-07,37.25
NH,2022,9,16,2022-04-24,0.0
NH,2022,10,17,2022-05-01,0.5
NH,2022,11,18,2022-05-08,1.0
NH,2022,12,19,2022-05-15,1.625
NH,2022,13,20,2022-05-22,6.0
NH,2022,14,21,2022-05-29,9.375
NH,2022,15,22,2022-06-05,22.125
NH,2022,16,23,2022-06-12,23.125
NH,2022,17,24,2022-06-19,24.375
NH,2022,18,25,2022-06-26,25.0
NH,2022,19,26,2022-07-03,25.0
NH,2022,20,27,2022-07-10,25.0
NH,2022,24,31,2022-08-07,28.625
NH,2022,25,32,2022-08-14,41.875
NH,2022,28,35,2022-09-04,41.875
NH,2022,29,36,2022-09-11,41.875
NH,2022,30,37,2022-09-18,41.875
NH,2022,31,38,2022-09-25,47.5
NH,2022,32,39,2022-10-02,51.75
NH,2022,33,40,2022-10-09,53.5
NH,2022,34,41,2022-10-16,54.125
NH,2022,35,42,2022-10-23,54.375
NH,2022,36,43,2022-10-30,54.375
NH,2023,10,17,2023-04-30,0.0
NH,2023,11,18,2023-05-07,0.75
NH,2023,12,19,2023-05-14,3.0
NH,2023,13,20,2023-05-21,7.125
NH,2023,14,21,2023-05-28,11.125
NH,2023,15,22,2023-06-04,15.375
NH,2023,16,23,2023-06-11,22.375
NH,2023,17,24,2023-06-18,24.125
NH,2023,18,25,2023-06-25,24.125
NH,2023,19,26,2023-07-02,25.0
NH,2023,27,34,2023-08-27,25.0
NH,2023,28,35,2023-09-03,25.0
NH,2023,29,36,2023-09-10,25.0
NH,2023,30,37,2023-09-17,25.0
NH,2023,31,38,2023-09-24,26.125
NH,2023,32,39,2023-10-01,31.0
NH,2023,33,40,2023-10-08,35.75
NH,2023,34,41,2023-10-15,37.0
NH,2023,35,42,2023-10-22,37.25
NH,2023,36,43,2023-10-29,37.375
NH,2024,9,16,2024-04-21,0.0
NH,2024,10,17,2024-04-28,0.0
NH,2024,11,18,2024-05-05,0.125
NH,2024,12,19,2024-05-12,0.375
NH,2024,13,20,2024-05-19,5.5
NH,2024,14,21,2024-05-26,5.5
NH,2024,15,22,2024-06-02,11.875
NH,2024,16,23,2024-06-09,13.75
NH,2024,17,24,2024-06-16,22.375
NH,2024,18,25,2024-06-23,24.0
NH,2024,19,26,2024-06-30,24.375
NH,2024,28,35,2024-09-01,24.375
NH,2024,29,36,2024-09-08,24.5
NH,2024,30,37,2024-09-15,26.5
NH,2024,31,38,2024-09-22,31.75
NH,2024,32,39,2024-09-29,33.375
NH,2024,33,40,2024-10-06,35.125
NH,2024,34,41,2024-10-13,36.375
NH,2024,35,42,2024-10-20,36.75
NH,2025,15,22,2025-06-01,4.625
NH,2025,16,23,2025-06-08,13.0
NH,2025,17,24,2025-06-15,19.75
NH,2025,18,25,2025-06-22,20.75
NH,2025,19,26,2025-06-29,23.75
NH,2025,20,27,2025-07-06,24.25
NH,2025,29,36,2025-09-07,24.25
NH,2025,30,37,2025-09-14,24.5
NH,2025,31,38,2025-09-21,26.875
NH,2025,32,39,2025-09-28,31.375
NJ,2016,10,17,2016-05-01,0.375
NJ,2016,11,18,2016-05-08,2.75
NJ,2016,12,19,2016-05-15,5.0
NJ,2016,13,20,2016-05-22,12.875
NJ,2016,14,21,2016-05-29,18.0
NJ,2016,15,22,2016-06-05,20.375
NJ,2016,16,23,2016-06-12,22.75
NJ,2016,17,24,2016-06-19,23.875
NJ,2016,18,25,2016-06-26,24.375
NJ,2016,19,26,2016-07-03,24.875
NJ,2016,20,27,2016-07-10,25.0
NJ,2016,21,28,2016-07-17,27.5
NJ,2016,22,29,2016-07-24,33.125
NJ,2016,23,30,2016-07-31,41.125
NJ,2016,24,31,2016-08-07,47.625
NJ,2016,25,32,2016-08-14,52.125
NJ,2016,26,33,2016-08-21,55.125
NJ,2016,27,34,2016-08-28,59.0
NJ,2016,28,35,2016-09-04,62.25
NJ,2016,29,36,2016-09-11,65.875
NJ,2016,30,37,2016-09-18,73.25
NJ,2016,31,38,2016-09-25,81.0
NJ,2016,32,39,2016-10-02,83.625
NJ,2016,33,40,2016-10-09,86.0
NJ,2016,34,41,2016-10-16,90.5
NJ,2016,35,42,2016-10-23,94.75
NJ,2016,36,43,2016-10-30,95.625
NJ,2016,37,44,2016-11-06,96.75
NJ,2016,38,45,2016-11-13,97.875
NJ,2016,39,46,2016-11-20,98.625
NJ,2016,40,47,2016-11-27,99.25
NJ,2017,11,18,2017-05-07,2.25
NJ,2017,12,19,2017-05-14,6.5
NJ,2017,13,20,2017-05-21,13.125
NJ,2017,14,21,2017-05-28,14.75
NJ,2017,15,22,2017-06-04,18.25
NJ,2017,16,23,2017-06-11,22.125
NJ,2017,17,24,2017-06-18,24.0
NJ,2017,18,25,2017-06-25,24.375
NJ,2017,19,26,2017-07-02,25.0
NJ,2017,20,27,2017-07-09,26.875
NJ,2017,21,28,2017-07-16,27.625
NJ,2017,22,29,2017-07-23,33.875
NJ,2017,23,30,2017-07-30,38.0
NJ,2017,24,31,2017-08-06,46.25
NJ,2017,25,32,2017-08-13,56.75
NJ,2017,26,33,2017-08-20,59.375
NJ,2017,27,34,2017-08-27,60.25
NJ,2017,28,35,2017-09-03,69.375
NJ,2017,29,36,2017-09-10,71.125
NJ,2017,30,37,2017-09-17,75.5
NJ,2017,31,38,2017-09-24,81.5
NJ,2017,32,39,2017-10-01,85.25
NJ,2017,33,40,2017-10-08,87.875
NJ,2017,34,41,2017-10-15,90.25
NJ,2017,35,42,2017-10-22,91.5
NJ,2017,36,43,2017-10-29,93.875
NJ,2017,37,44,2017-11-05,94.5
NJ,2017,38,45,2017-11-12,96.75
NJ,2017,39,46,2017-11-19,97.125
NJ,2017,40,47,2017-11-26,98.375
NJ,2018,9,16,2018-04-22,0.0
NJ,2018,10,17,2018-04-29,0.125
NJ,2018,11,18,2018-05-06,1.625
NJ,2018,12,19,2018-05-13,3.75
NJ,2018,13,20,2018-05-20,4.5
NJ,2018,14,21,2018-05-27,6.75
NJ,2018,15,22,2018-06-03,9.25
NJ,2018,16,23,2018-06-10,15.375
NJ,2018,17,24,2018-06-17,21.125
NJ,2018,18,25,2018-06-24,23.125
NJ,2018,19,26,2018-07-01,24.375
NJ,2018,20,27,2018-07-08,25.125
NJ,2018,21,28,2018-07-15,26.0
NJ,2018,22,29,2018-07-22,28.5
NJ,2018,23,30,2018-07-29,31.25
NJ,2018,24,31,2018-08-05,35.125
NJ,2018,25,32,2018-08-12,42.125
NJ,2018,26,33,2018-08-19,43.25
NJ,2018,27,34,2018-08-26,46.0
NJ,2018,28,35,2018-09-02,52.375
NJ,2018,29,36,2018-09-09,58.75
NJ,2018,30,37,2018-09-16,63.25
NJ,2018,31,38,2018-09-23,67.5
NJ,2018,32,39,2018-09-30,76.625
NJ,2018,33,40,2018-10-07,80.875
NJ,2018,34,41,2018-10-14,88.25
NJ,2018,35,42,2018-10-21,90.75
NJ,2018,36,43,2018-10-28,91.0
NJ,2018,37,44,2018-11-04,91.625
NJ,2018,38,45,2018-11-11,95.625
NJ,2018,39,46,2018-11-18,97.25
NJ,2018,40,47,2018-11-25,98.5
NJ,2019,11,18,2019-05-05,0.75
NJ,2019,12,19,2019-05-12,1.25
NJ,2019,13,20,2019-05-19,5.25
NJ,2019,14,21,2019-05-26,10.875
NJ,2019,15,22,2019-06-02,17.125
NJ,2019,16,23,2019-06-09,21.375
NJ,2019,17,24,2019-06-16,22.875
NJ,2019,18,25,2019-06-23,23.875
NJ,2019,19,26,2019-06-30,24.125
NJ,2019,20,27,2019-07-07,24.375
NJ,2019,21,28,2019-07-14,24.75
NJ,2019,22,29,2019-07-21,27.0
NJ,2019,23,30,2019-07-28,29.125
NJ,2019,24,31,2019-08-04,32.5
NJ,2019,25,32,2019-08-11,35.5
NJ,2019,26,33,2019-08-18,39.5
NJ,2019,27,34,2019-08-25,43.375
NJ,2019,28,35,2019-09-01,50.125
NJ,2019,29,36,2019-09-08,56.5
NJ,2019,30,37,2019-09-15,68.625
NJ,2019,31,38,2019-09-22,74.0
NJ,2019,32,39,2019-09-29,78.75
NJ,2019,33,40,2019-10-06,85.875
NJ,2019,34,41,2019-10-13,92.875
NJ,2019,35,42,2019-10-20,94.75
NJ,2019,36,43,2019-10-27,95.625
NJ,2019,37,44,2019-11-03,95.875
NJ,2019,38,45,2019-11-10,96.5
NJ,2019,39,46,2019-11-17,97.125
NJ,2019,40,47,2019-11-24,97.25
NJ,2019,41,48,2019-12-01,98.125
NJ,2020,12,19,2020-05-10,0.375
NJ,2020,13,20,2020-05-17,3.625
NJ,2020,14,21,2020-05-24,7.125
NJ,2020,15,22,2020-05-31,12.25
NJ,2020,16,23,2020-06-07,14.0
NJ,2020,17,24,2020-06-14,19.25
NJ,2020,18,25,2020-06-21,22.625
NJ,2020,19,26,2020-06-28,24.75
NJ,2020,20,27,2020-07-05,24.75
NJ,2020,21,28,2020-07-12,24.875
NJ,2020,22,29,2020-07-19,32.25
NJ,2020,23,30,2020-07-26,32.5
NJ,2020,24,31,2020-08-02,34.125
NJ,2020,25,32,2020-08-09,36.375
NJ,2020,26,33,2020-08-16,39.875
NJ,2020,27,34,2020-08-23,45.875
NJ,2020,28,35,2020-08-30,47.625
NJ,2020,29,36,2020-09-06,47.875
NJ,2020,30,37,2020-09-13,69.125
NJ,2020,31,38,2020-09-20,76.125
NJ,2020,32,39,2020-09-27,79.25
NJ,2020,33,40,2020-10-04,81.0
NJ,2020,34,41,2020-10-11,84.375
NJ,2020,35,42,2020-10-18,89.125
NJ,2020,36,43,2020-10-25,91.75
NJ,2020,37,44,2020-11-01,92.25
NJ,2020,38,45,2020-11-08,93.75
NJ,2020,39,46,2020-11-15,94.25
NJ,2020,40,47,2020-11-22,94.75
NJ,2020,41,48,2020-11-29,95.625
NJ,2021,11,18,2021-05-09,1.5
NJ,2021,12,19,2021-05-16,6.5
NJ,2021,13,20,2021-05-23,12.625
NJ,2021,14,21,2021-05-30,13.625
NJ,2021,15,22,2021-06-06,14.5
NJ,2021,16,23,2021-06-13,14.875
NJ,2021,17,24,2021-06-20,23.125
NJ,2021,18,25,2021-06-27,23.875
NJ,2021,19,26,2021-07-04,23.875
NJ,2021,20,27,2021-07-11,29.5
NJ,2021,21,28,2021-07-18,32.125
NJ,2021,22,29,2021-07-25,42.0
NJ,2021,23,30,2021-08-01,46.375
NJ,2021,24,31,2021-08-08,48.125
NJ,2021,25,32,2021-08-15,48.25
NJ,2021,26,33,2021-08-22,60.75
NJ,2021,27,34,2021-08-29,63.25
NJ,2021,28,35,2021-09-05,67.625
NJ,2021,29,36,2021-09-12,72.125
NJ,2021,30,37,2021-09-19,75.75
NJ,2021,31,38,2021-09-26,79.5
NJ,2021,32,39,2021-10-03,86.875
NJ,2021,33,40,2021-10-10,90.875
NJ,2021,34,41,2021-10-17,92.0
NJ,2021,35,42,2021-10-24,94.75
NJ,2021,36,43,2021-10-31,95.375
NJ,2021,37,44,2021-11-07,95.75
NJ,2021,38,45,2021-11-14,96.25
NJ,2021,39,46,2021-11-21,96.875
NJ,2022,11,18,2022-05-08,2.5
NJ,2022,12,19,2022-05-15,8.25
NJ,2022,13,20,2022-05-22,16.125
NJ,2022,14,21,2022-05-29,21.0
NJ,2022,15,22,2022-06-05,22.125
NJ,2022,16,23,2022-06-12,23.375
NJ,2022,17,24,2022-06-19,24.0
NJ,2022,20,27,2022-07-10,26.5
NJ,2022,21,28,2022-07-17,32.25
NJ,2022,22,29,2022-07-24,39.125
NJ,2022,23,30,2022-07-31,41.75
NJ,2022,24,31,2022-08-07,47.125
NJ,2022,25,32,2022-08-14,47.875
NJ,2022,26,33,2022-08-21,48.5
NJ,2022,27,34,2022-08-28,58.625
NJ,2022,28,35,2022-09-04,72.375
NJ,2022,29,36,2022-09-11,77.625
NJ,2022,30,37,2022-09-18,80.125
NJ,2022,31,38,2022-09-25,83.625
NJ,2022,32,39,2022-10-02,87.75
NJ,2022,33,40,2022-10-09,90.25
NJ,2022,34,41,2022-10-16,90.875
NJ,2022,35,42,2022-10-23,93.125
NJ,2022,36,43,2022-10-30,94.625
NJ,2022,37,44,2022-11-06,96.0
NJ,2022,38,45,2022-11-13,96.375
NJ,2022,39,46,2022-11-20,97.0
NJ,2023,10,17,2023-04-30,1.25
NJ,2023,11,18,2023-05-07,4.375
NJ,2023,12,19,2023-05-14,7.5
NJ,2023,13,20,2023-05-21,12.5
NJ,2023,14,21,2023-05-28,19.375
NJ,2023,15,22,2023-06-04,20.625
NJ,2023,16,23,2023-06-11,22.5
NJ,2023,17,24,2023-06-18,23.75
NJ,2023,19,26,2023-07-02,23.75
NJ,2023,20,27,2023-07-09,24.125
NJ,2023,21,28,2023-07-16,25.5
NJ,2023,22,29,2023-07-23,30.75
NJ,2023,23,30,2023-07-30,34.375
NJ,2023,24,31,2023-08-06,36.25
NJ,2023,25,32,2023-08-13,37.625
NJ,2023,26,33,2023-08-20,41.625
NJ,2023,27,34,2023-08-27,47.5
NJ,2023,28,35,2023-09-03,51.375
NJ,2023,29,36,2023-09-10,63.75
NJ,2023,30,37,2023-09-17,68.375
NJ,2023,31,38,2023-09-24,72.0
NJ,2023,32,39,2023-10-01,75.875
NJ,2023,33,40,2023-10-08,79.0
NJ,2023,34,41,2023-10-15,82.375
NJ,2023,35,42,2023-10-22,85.375
NJ,2023,36,43,2023-10-29,88.0
NJ,2023,37,44,2023-11-05,90.875
NJ,2023,38,45,2023-11-12,91.5
NJ,2023,39,46,2023-11-19,93.125
NJ,2023,40,47,2023-11-26,93.625
NJ,2024,11,18,2024-05-05,1.0
NJ,2024,12,19,2024-05-12,5.625
NJ,2024,13,20,2024-05-19,10.0
NJ,2024,14,21,2024-05-26,14.0
NJ,2024,15,22,2024-06-02,18.75
NJ,2024,16,23,2024-06-09,21.125
NJ,2024,17,24,2024-06-16,22.375
NJ,2024,18,25,2024-06-23,23.875
NJ,2024,19,26,2024-06-30,24.0
NJ,2024,20,27,2024-07-07,24.5
NJ,2024,21,28,2024-07-14,28.0
NJ,2024,22,29,2024-07-21,31.0
NJ,2024,23,30,2024-07-28,35.75
NJ,2024,24,31,2024-08-04,37.75
NJ,2024,25,32,2024-08-11,39.375
NJ,2024,26,33,2024-08-18,41.25
NJ,2024,27,34,2024-08-25,45.375
NJ,2024,28,35,2024-09-01,51.875
NJ,2024,29,36,2024-09-08,56.125
NJ,2024,30,37,2024-09-15,65.875
NJ,2024,31,38,2024-09-22,69.75
NJ,2024,32,39,2024-09-29,75.375
NJ,2024,33,40,2024-10-06,79.125
NJ,2024,34,41,2024-10-13,83.5
NJ,2024,35,42,2024-10-20,87.75
NJ,2024,36,43,2024-10-27,89.25
NJ,2024,37,44,2024-11-03,91.125
NJ,2024,38,45,2024-11-10,91.75
NJ,2024,39,46,2024-11-17,92.25
NJ,2024,40,47,2024-11-24,92.375
NJ,2025,10,17,2025-04-27,1.75
NJ,2025,11,18,2025-05-04,4.25
NJ,2025,12,19,2025-05-11,9.125
NJ,2025,13,20,2025-05-18,12.5
NJ,2025,14,21,2025-05-25,16.625
NJ,2025,15,22,2025-06-01,17.875
NJ,2025,16,23,2025-06-08,21.875
NJ,2025,17,24,2025-06-15,23.75
NJ,2025,19,26,2025-06-29,23.75
NJ,2025,20,27,2025-07-06,23.75
NJ,2025,21,28,2025-07-13,26.25
NJ,2025,22,29,2025-07-20,31.375
NJ,2025,23,30,2025-07-27,36.375
NJ,2025,24,31,2025-08-03,39.375
NJ,2025,25,32,2025-08-10,43.375
NJ,2025,26,33,2025-08-17,47.875
NJ,2025,27,34,2025-08-24,51.625
NJ,2025,28,35,2025-08-31,55.875
NJ,2025,29,36,2025-09-07,58.75
NJ,2025,30,37,2025-09-14,67.125
NJ,2025,31,38,2025-09-21,72.125
NJ,2025,32,39,2025-09-28,75.5
NJ,2025,39,46,2025-11-16,91.375
NJ,2025,40,47,2025-11-23,92.125
NM,2016,7,14,2016-04-10,0.0
NM,2016,8,15,2016-04-17,0.125
NM,2016,9,16,2016-04-24,1.625
NM,2016,10,17,2016-05-01,3.125
NM,2016,11,18,2016-05-08,4.625
NM,2016,12,19,2016-05-15,6.5
NM,2016,13,20,2016-05-22,9.25
NM,2016,14,21,2016-05-29,15.0
NM,2016,15,22,2016-06-05,16.625
NM,2016,16,23,2016-06-12,18.125
NM,2016,17,24,2016-06-19,20.875
NM,2016,18,25,2016-06-26,22.375
NM,2016,19,26,2016-07-03,23.25
NM,2016,20,27,2016-07-10,25.125
NM,2016,21,28,2016-07-17,26.5
NM,2016,22,29,2016-07-24,28.5
NM,2016,23,30,2016-07-31,31.5
NM,2016,24,31,2016-08-07,35.5
NM,2016,25,32,2016-08-14,41.25
NM,2016,26,33,2016-08-21,46.0
NM,2016,27,34,2016-08-28,49.625
NM,2016,28,35,2016-09-04,54.625
NM,2016,29,36,2016-09-11,58.75
NM,2016,30,37,2016-09-18,63.25
NM,2016,31,38,2016-09-25,69.25
NM,2016,32,39,2016-10-02,73.375
NM,2016,33,40,2016-10-09,67.0
NM,2016,34,41,2016-10-16,68.875
NM,2016,35,42,2016-10-23,71.625
NM,2016,36,43,2016-10-30,75.5
NM,2016,37,44,2016-11-06,77.25
NM,2016,38,45,2016-11-13,78.125
NM,2016,39,46,2016-11-20,78.625
NM,2016,40,47,2016-11-27,79.75
NM,2017,7,14,2017-04-09,0.375
NM,2017,8,15,2017-04-16,1.625
NM,2017,9,16,2017-04-23,3.25
NM,2017,10,17,2017-04-30,4.0
NM,2017,11,18,2017-05-07,5.375
NM,2017,12,19,2017-05-14,8.5
NM,2017,13,20,2017-05-21,9.75
NM,2017,14,21,2017-05-28,13.0
NM,2017,15,22,2017-06-04,15.875
NM,2017,16,23,2017-06-11,18.875
NM,2017,17,24,2017-06-18,21.875
NM,2017,18,25,2017-06-25,24.0
NM,2017,19,26,2017-07-02,24.5
NM,2017,20,27,2017-07-09,25.25
NM,2017,21,28,2017-07-16,26.5
NM,2017,22,29,2017-07-23,27.875
NM,2017,23,30,2017-07-30,31.75
NM,2017,24,31,2017-08-06,34.625
NM,2017,25,32,2017-08-13,38.25
NM,2017,26,33,2017-08-20,42.125
NM,2017,27,34,2017-08-27,47.75
NM,2017,28,35,2017-09-03,52.5
NM,2017,29,36,2017-09-10,58.875
NM,2017,30,37,2017-09-17,65.625
NM,2017,31,38,2017-09-24,71.0
NM,2017,32,39,2017-10-01,66.5
NM,2017,33,40,2017-10-08,69.0
NM,2017,34,41,2017-10-15,71.25
NM,2017,35,42,2017-10-22,74.125
NM,2017,36,43,2017-10-29,77.125
NM,2017,37,44,2017-11-05,79.125
NM,2017,38,45,2017-11-12,81.0
NM,2017,39,46,2017-11-19,81.875
NM,2017,40,47,2017-11-26,82.875
NM,2018,8,15,2018-04-15,0.25
NM,2018,9,16,2018-04-22,2.75
NM,2018,10,17,2018-04-29,4.75
NM,2018,11,18,2018-05-06,7.75
NM,2018,12,19,2018-05-13,10.375
NM,2018,13,20,2018-05-20,13.875
NM,2018,14,21,2018-05-27,16.75
NM,2018,15,22,2018-06-03,19.5
NM,2018,16,23,2018-06-10,21.75
NM,2018,17,24,2018-06-17,23.625
NM,2018,18,25,2018-06-24,24.25
NM,2018,19,26,2018-07-01,24.25
NM,2018,20,27,2018-07-08,25.75
NM,2018,21,28,2018-07-15,27.875
NM,2018,22,29,2018-07-22,29.25
NM,2018,23,30,2018-07-29,32.375
NM,2018,24,31,2018-08-05,34.875
NM,2018,25,32,2018-08-12,38.875
NM,2018,26,33,2018-08-19,44.625
NM,2018,27,34,2018-08-26,51.25
NM,2018,28,35,2018-09-02,55.375
NM,2018,29,36,2018-09-09,63.375
NM,2018,30,37,2018-09-16,68.375
NM,2018,31,38,2018-09-23,72.125
NM,2018,32,39,2018-09-30,66.0
NM,2018,33,40,2018-10-07,69.0
NM,2018,34,41,2018-10-14,71.5
NM,2018,35,42,2018-10-21,73.25
NM,2018,36,43,2018-10-28,75.125
NM,2018,37,44,2018-11-04,77.25
NM,2018,38,45,2018-11-11,79.25
NM,2018,39,46,2018-11-18,80.5
NM,2018,40,47,2018-11-25,81.25
NM,2019,8,15,2019-04-14,0.25
NM,2019,9,16,2019-04-21,2.0
NM,2019,10,17,2019-04-28,3.625
NM,2019,11,18,2019-05-05,5.5
NM,2019,12,19,2019-05-12,7.125
NM,2019,13,20,2019-05-19,9.75
NM,2019,14,21,2019-05-26,13.125
NM,2019,15,22,2019-06-02,16.125
NM,2019,16,23,2019-06-09,18.0
NM,2019,17,24,2019-06-16,20.5
NM,2019,18,25,2019-06-23,21.125
NM,2019,19,26,2019-06-30,22.625
NM,2019,20,27,2019-07-07,23.25
NM,2019,21,28,2019-07-14,23.875
NM,2019,22,29,2019-07-21,25.0
NM,2019,23,30,2019-07-28,26.125
NM,2019,24,31,2019-08-04,27.75
NM,2019,25,32,2019-08-11,30.625
NM,2019,26,33,2019-08-18,34.375
NM,2019,27,34,2019-08-25,41.75
NM,2019,28,35,2019-09-01,46.875
NM,2019,29,36,2019-09-08,53.625
NM,2019,30,37,2019-09-15,61.5
NM,2019,31,38,2019-09-22,66.875
NM,2019,32,39,2019-09-29,63.25
NM,2019,33,40,2019-10-06,66.375
NM,2019,34,41,2019-10-13,69.125
NM,2019,35,42,2019-10-20,71.0
NM,2019,36,43,2019-10-27,74.875
NM,2019,37,44,2019-11-03,76.625
NM,2019,38,45,2019-11-10,78.875
NM,2019,39,46,2019-11-17,80.375
NM,2019,40,47,2019-11-24,81.25
NM,2020,8,15,2020-04-12,0.625
NM,2020,9,16,2020-04-19,2.375
NM,2020,10,17,2020-04-26,3.75
NM,2020,11,18,2020-05-03,5.75
NM,2020,12,19,2020-05-10,9.25
NM,2020,13,20,2020-05-17,11.25
NM,2020,14,21,2020-05-24,13.875
NM,2020,15,22,2020-05-31,16.0
NM,2020,16,23,2020-06-07,18.0
NM,2020,17,24,2020-06-14,18.75
NM,2020,18,25,2020-06-21,19.75
NM,2020,19,26,2020-06-28,21.125
NM,2020,20,27,2020-07-05,23.25
NM,2020,21,28,2020-07-12,24.375
NM,2020,22,29,2020-07-19,24.875
NM,2020,23,30,2020-07-26,27.125
NM,2020,24,31,2020-08-02,30.125
NM,2020,25,32,2020-08-09,31.625
NM,2020,26,33,2020-08-16,36.625
NM,2020,27,34,2020-08-23,43.5
NM,2020,28,35,2020-08-30,48.875
NM,2020,29,36,2020-09-06,55.5
NM,2020,30,37,2020-09-13,63.75
NM,2020,31,38,2020-09-20,70.375
NM,2020,32,39,2020-09-27,64.0
NM,2020,33,40,2020-10-04,67.125
NM,2020,34,41,2020-10-11,69.75
NM,2020,35,42,2020-10-18,74.125
NM,2020,36,43,2020-10-25,76.75
NM,2020,37,44,2020-11-01,77.75
NM,2020,38,45,2020-11-08,80.0
NM,2020,39,46,2020-11-15,82.375
NM,2020,40,47,2020-11-22,83.125
NM,2020,41,48,2020-11-29,83.5
NM,2021,7,14,2021-04-11,0.25
NM,2021,8,15,2021-04-18,1.125
NM,2021,9,16,2021-04-25,2.5
NM,2021,10,17,2021-05-02,4.25
NM,2021,11,18,2021-05-09,7.375
NM,2021,12,19,2021-05-16,9.75
NM,2021,13,20,2021-05-23,12.875
NM,2021,14,21,2021-05-30,16.125
NM,2021,15,22,2021-06-06,17.375
NM,2021,16,23,2021-06-13,21.0
NM,2021,17,24,2021-06-20,22.75
NM,2021,18,25,2021-06-27,23.625
NM,2021,19,26,2021-07-04,24.25
NM,2021,20,27,2021-07-11,24.875
NM,2021,21,28,2021-07-18,26.75
NM,2021,22,29,2021-07-25,27.625
NM,2021,23,30,2021-08-01,31.25
NM,2021,24,31,2021-08-08,37.5
NM,2021,25,32,2021-08-15,41.5
NM,2021,26,33,2021-08-22,46.25
NM,2021,27,34,2021-08-29,49.625
NM,2021,28,35,2021-09-05,57.75
NM,2021,29,36,2021-09-12,65.625
NM,2021,30,37,2021-09-19,70.625
NM,2021,31,38,2021-09-26,66.75
NM,2021,32,39,2021-10-03,69.25
NM,2021,33,40,2021-10-10,70.875
NM,2021,34,41,2021-10-17,72.875
NM,2021,35,42,2021-10-24,74.125
NM,2021,36,43,2021-10-31,75.5
NM,2021,37,44,2021-11-07,77.375
NM,2021,38,45,2021-11-14,79.25
NM,2021,39,46,2021-11-21,81.125
NM,2021,40,47,2021-11-28,82.375
NM,2022,7,14,2022-04-10,0.125
NM,2022,8,15,2022-04-17,1.625
NM,2022,9,16,2022-04-24,2.625
NM,2022,10,17,2022-05-01,4.25
NM,2022,11,18,2022-05-08,5.75
NM,2022,12,19,2022-05-15,7.875
NM,2022,13,20,2022-05-22,11.375
NM,2022,14,21,2022-05-29,13.125
NM,2022,15,22,2022-06-05,15.125
NM,2022,16,23,2022-06-12,18.0
NM,2022,17,24,2022-06-19,20.0
NM,2022,18,25,2022-06-26,21.5
NM,2022,19,26,2022-07-03,23.125
NM,2022,20,27,2022-07-10,24.5
NM,2022,21,28,2022-07-17,25.25
NM,2022,22,29,2022-07-24,27.625
NM,2022,23,30,2022-07-31,30.625
NM,2022,24,31,2022-08-07,32.625
NM,2022,25,32,2022-08-14,35.25
NM,2022,26,33,2022-08-21,38.625
NM,2022,27,34,2022-08-28,41.875
NM,2022,28,35,2022-09-04,44.75
NM,2022,29,36,2022-09-11,49.0
NM,2022,30,37,2022-09-18,52.875
NM,2022,31,38,2022-09-25,60.625
NM,2022,32,39,2022-10-02,67.75
NM,2022,33,40,2022-10-09,65.125
NM,2022,34,41,2022-10-16,68.625
NM,2022,35,42,2022-10-23,71.125
NM,2022,36,43,2022-10-30,72.25
NM,2022,37,44,2022-11-06,73.375
NM,2022,38,45,2022-11-13,76.0
NM,2022,39,46,2022-11-20,77.875
NM,2022,40,47,2022-11-27,80.375
NM,2023,7,14,2023-04-09,0.25
NM,2023,8,15,2023-04-16,2.375
NM,2023,9,16,2023-04-23,3.75
NM,2023,10,17,2023-04-30,6.0
NM,2023,11,18,2023-05-07,7.5
NM,2023,12,19,2023-05-14,9.625
NM,2023,13,20,2023-05-21,11.625
NM,2023,14,21,2023-05-28,13.375
NM,2023,15,22,2023-06-04,16.125
NM,2023,16,23,2023-06-11,18.125
NM,2023,17,24,2023-06-18,19.625
NM,2023,18,25,2023-06-25,20.75
NM,2023,19,26,2023-07-02,22.75
NM,2023,20,27,2023-07-09,23.25
NM,2023,21,28,2023-07-16,24.25
NM,2023,22,29,2023-07-23,24.625
NM,2023,23,30,2023-07-30,26.875
NM,2023,24,31,2023-08-06,27.875
NM,2023,25,32,2023-08-13,30.875
NM,2023,26,33,2023-08-20,35.0
NM,2023,27,34,2023-08-27,36.0
NM,2023,28,35,2023-09-03,40.5
NM,2023,29,36,2023-09-10,41.125
NM,2023,30,37,2023-09-17,45.125
NM,2023,31,38,2023-09-24,50.875
NM,2023,32,39,2023-10-01,55.25
NM,2023,33,40,2023-10-08,56.625
NM,2023,34,41,2023-10-15,60.5
NM,2023,35,42,2023-10-22,65.0
NM,2023,36,43,2023-10-29,68.875
NM,2023,37,44,2023-11-05,72.75
NM,2023,38,45,2023-11-12,74.625
NM,2023,39,46,2023-11-19,78.875
NM,2023,40,47,2023-11-26,80.125
NM,2024,7,14,2024-04-07,0.25
NM,2024,8,15,2024-04-14,1.875
NM,2024,9,16,2024-04-21,2.375
NM,2024,10,17,2024-04-28,3.125
NM,2024,11,18,2024-05-05,4.125
NM,2024,12,19,2024-05-12,5.5
NM,2024,13,20,2024-05-19,7.125
NM,2024,14,21,2024-05-26,8.875
NM,2024,15,22,2024-06-02,11.25
NM,2024,16,23,2024-06-09,14.25
NM,2024,17,24,2024-06-16,17.375
NM,2024,18,25,2024-06-23,20.25
NM,2024,19,26,2024-06-30,21.75
NM,2024,20,27,2024-07-07,22.375
NM,2024,21,28,2024-07-14,25.0
NM,2024,22,29,2024-07-21,26.875
NM,2024,23,30,2024-07-28,27.5
NM,2024,24,31,2024-08-04,30.0
NM,2024,25,32,2024-08-11,31.625
NM,2024,26,33,2024-08-18,35.625
NM,2024,27,34,2024-08-25,38.125
NM,2024,28,35,2024-09-01,44.5
NM,2024,29,36,2024-09-08,49.875
NM,2024,30,37,2024-09-15,57.0
NM,2024,31,38,2024-09-22,61.5
NM,2024,32,39,2024-09-29,65.75
NM,2024,33,40,2024-10-06,61.5
NM,2024,34,41,2024-10-13,64.875
NM,2024,35,42,2024-10-20,67.125
NM,2024,36,43,2024-10-27,70.125
NM,2024,37,44,2024-11-03,71.5
NM,2024,38,45,2024-11-10,75.0
NM,2024,39,46,2024-11-17,78.25
NM,2024,40,47,2024-11-24,81.0
NM,2025,8,15,2025-04-13,1.0
NM,2025,9,16,2025-04-20,2.5
NM,2025,10,17,2025-04-27,3.875
NM,2025,11,18,2025-05-04,4.625
NM,2025,12,19,2025-05-11,5.625
NM,2025,13,20,2025-05-18,7.125
NM,2025,14,21,2025-05-25,8.5
NM,2025,15,22,2025-06-01,11.75
NM,2025,16,23,2025-06-08,15.125
NM,2025,17,24,2025-06-15,19.0
NM,2025,18,25,2025-06-22,23.625
NM,2025,19,26,2025-06-29,26.125
NM,2025,20,27,2025-07-06,26.625
NM,2025,21,28,2025-07-13,27.25
NM,2025,22,29,2025-07-20,28.75
NM,2025,23,30,2025-07-27,32.0
NM,2025,24,31,2025-08-03,36.5
NM,2025,25,32,2025-08-10,42.125
NM,2025,26,33,2025-08-17,48.625
NM,2025,27,34,2025-08-24,52.5
NM,2025,28,35,2025-08-31,57.5
NM,2025,29,36,2025-09-07,60.375
NM,2025,30,37,2025-09-14,66.875
NM,2025,31,38,2025-09-21,73.5
NM,2025,32,39,2025-09-28,69.5
NM,2025,39,46,2025-11-16,81.375
NY,2016,7,14,2016-04-10,0.0
NY,2016,8,15,2016-04-17,0.0
NY,2016,9,16,2016-04-24,0.125
NY,2016,10,17,2016-05-01,0.375
NY,2016,11,18,2016-05-08,1.125
NY,2016,12,19,2016-05-15,4.5
NY,2016,13,20,2016-05-22,9.125
NY,2016,14,21,2016-05-29,14.75
NY,2016,15,22,2016-06-05,19.125
NY,2016,16,23,2016-06-12,20.625
NY,2016,17,24,2016-06-19,22.375
NY,2016,18,25,2016-06-26,23.5
NY,2016,19,26,2016-07-03,24.0
NY,2016,20,27,2016-07-10,24.0
NY,2016,21,28,2016-07-17,24.0
NY,2016,22,29,2016-07-24,24.875
NY,2016,23,30,2016-07-31,28.25
NY,2016,24,31,2016-08-07,32.25
NY,2016,25,32,2016-08-14,36.25
NY,2016,26,33,2016-08-21,40.0
NY,2016,27,34,2016-08-28,43.625
NY,2016,28,35,2016-09-04,47.0
NY,2016,29,36,2016-09-11,51.75
NY,2016,30,37,2016-09-18,55.625
NY,2016,31,38,2016-09-25,61.25
NY,2016,32,39,2016-10-02,66.125
NY,2016,33,40,2016-10-09,70.125
NY,2016,34,41,2016-10-16,72.5
NY,2016,35,42,2016-10-23,75.75
NY,2016,36,43,2016-10-30,77.75
NY,2016,37,44,2016-11-06,78.5
NY,2016,38,45,2016-11-13,79.875
NY,2016,39,46,2016-11-20,80.5
NY,2016,40,47,2016-11-27,81.0
NY,2017,7,14,2017-04-09,0.0
NY,2017,8,15,2017-04-16,0.0
NY,2017,9,16,2017-04-23,0.0
NY,2017,10,17,2017-04-30,0.375
NY,2017,11,18,2017-05-07,0.625
NY,2017,12,19,2017-05-14,1.375
NY,2017,13,20,2017-05-21,4.0
NY,2017,14,21,2017-05-28,6.0
NY,2017,15,22,2017-06-04,8.625
NY,2017,16,23,2017-06-11,14.625
NY,2017,17,24,2017-06-18,17.875
NY,2017,18,25,2017-06-25,20.5
NY,2017,19,26,2017-07-02,22.25
NY,2017,20,27,2017-07-09,22.75
NY,2017,21,28,2017-07-16,24.25
NY,2017,22,29,2017-07-23,26.125
NY,2017,23,30,2017-07-30,30.875
NY,2017,24,31,2017-08-06,33.25
NY,2017,25,32,2017-08-13,36.75
NY,2017,26,33,2017-08-20,37.625
NY,2017,27,34,2017-08-27,41.625
NY,2017,28,35,2017-09-03,44.75
NY,2017,29,36,2017-09-10,46.75
NY,2017,30,37,2017-09-17,49.625
NY,2017,31,38,2017-09-24,56.875
NY,2017,32,39,2017-10-01,62.5
NY,2017,33,40,2017-10-08,62.875
NY,2017,34,41,2017-10-15,66.0
NY,2017,35,42,2017-10-22,69.875
NY,2017,36,43,2017-10-29,70.625
NY,2017,37,44,2017-11-05,74.5
NY,2017,38,45,2017-11-12,76.25
NY,2017,39,46,2017-11-19,80.25
NY,2017,40,47,2017-11-26,81.875
NY,2018,9,16,2018-04-22,0.0
NY,2018,10,17,2018-04-29,0.0
NY,2018,11,18,2018-05-06,0.5
NY,2018,12,19,2018-05-13,2.625
NY,2018,13,20,2018-05-20,7.0
NY,2018,14,21,2018-05-27,8.5
NY,2018,15,22,2018-06-03,14.5
NY,2018,16,23,2018-06-10,18.0
NY,2018,17,24,2018-06-17,19.875
NY,2018,18,25,2018-06-24,21.375
NY,2018,19,26,2018-07-01,22.375
NY,2018,20,27,2018-07-08,23.0
NY,2018,21,28,2018-07-15,24.0
NY,2018,22,29,2018-07-22,27.75
NY,2018,23,30,2018-07-29,30.125
NY,2018,24,31,2018-08-05,34.375
NY,2018,25,32,2018-08-12,37.125
NY,2018,26,33,2018-08-19,38.25
NY,2018,27,34,2018-08-26,40.875
NY,2018,28,35,2018-09-02,45.875
NY,2018,29,36,2018-09-09,49.625
NY,2018,30,37,2018-09-16,55.375
NY,2018,31,38,2018-09-23,59.25
NY,2018,32,39,2018-09-30,64.75
NY,2018,33,40,2018-10-07,67.625
NY,2018,34,41,2018-10-14,70.625
NY,2018,35,42,2018-10-21,73.625
NY,2018,36,43,2018-10-28,76.625
NY,2018,37,44,2018-11-04,77.75
NY,2018,38,45,2018-11-11,80.25
NY,2018,39,46,2018-11-18,81.875
NY,2018,40,47,2018-11-25,82.25
NY,2019,11,18,2019-05-05,0.125
NY,2019,12,19,2019-05-12,0.375
NY,2019,13,20,2019-05-19,0.875
NY,2019,14,21,2019-05-26,2.375
NY,2019,15,22,2019-06-02,5.125
NY,2019,16,23,2019-06-09,9.25
NY,2019,17,24,2019-06-16,12.875
NY,2019,18,25,2019-06-23,16.25
NY,2019,19,26,2019-06-30,17.625
NY,2019,20,27,2019-07-07,20.375
NY,2019,21,28,2019-07-14,21.0
NY,2019,22,29,2019-07-21,21.625
NY,2019,23,30,2019-07-28,22.125
NY,2019,24,31,2019-08-04,22.625
NY,2019,25,32,2019-08-11,24.375
NY,2019,26,33,2019-08-18,24.5
NY,2019,27,34,2019-08-25,25.0
NY,2019,28,35,2019-09-01,25.0
NY,2019,29,36,2019-09-08,25.125
NY,2019,30,37,2019-09-15,25.25
NY,2019,31,38,2019-09-22,25.5
NY,2019,32,39,2019-09-29,40.25
NY,2019,33,40,2019-10-06,45.125
NY,2019,34,41,2019-10-13,50.375
NY,2019,35,42,2019-10-20,54.5
NY,2019,36,43,2019-10-27,59.125
NY,2019,37,44,2019-11-03,61.375
NY,2019,38,45,2019-11-10,64.0
NY,2019,39,46,2019-11-17,66.625
NY,2019,40,47,2019-11-24,68.75
NY,2019,41,48,2019-12-01,71.0
NY,2020,9,16,2020-04-19,0.125
NY,2020,10,17,2020-04-26,0.125
NY,2020,11,18,2020-05-03,0.5
NY,2020,12,19,2020-05-10,1.0
NY,2020,13,20,2020-05-17,2.125
NY,2020,14,21,2020-05-24,5.25
NY,2020,15,22,2020-05-31,8.75
NY,2020,16,23,2020-06-07,12.875
NY,2020,17,24,2020-06-14,17.25
NY,2020,18,25,2020-06-21,20.375
NY,2020,19,26,2020-06-28,21.875
NY,2020,20,27,2020-07-05,23.25
NY,2020,21,28,2020-07-12,24.625
NY,2020,22,29,2020-07-19,26.5
NY,2020,23,30,2020-07-26,29.125
NY,2020,24,31,2020-08-02,32.375
NY,2020,25,32,2020-08-09,34.875
NY,2020,26,33,2020-08-16,38.0
NY,2020,27,34,2020-08-23,41.125
NY,2020,28,35,2020-08-30,45.375
NY,2020,29,36,2020-09-06,50.375
NY,2020,30,37,2020-09-13,53.625
NY,2020,31,38,2020-09-20,59.0
NY,2020,32,39,2020-09-27,60.5
NY,2020,33,40,2020-10-04,64.375
NY,2020,34,41,2020-10-11,67.625
NY,2020,35,42,2020-10-18,71.25
NY,2020,36,43,2020-10-25,73.75
NY,2020,37,44,2020-11-01,76.0
NY,2020,38,45,2020-11-08,78.5
NY,2020,39,46,2020-11-15,80.0
NY,2020,40,47,2020-11-22,82.5
NY,2020,41,48,2020-11-29,84.0
NY,2021,8,15,2021-04-18,0.0
NY,2021,9,16,2021-04-25,0.125
NY,2021,10,17,2021-05-02,0.375
NY,2021,11,18,2021-05-09,0.5
NY,2021,12,19,2021-05-16,1.875
NY,2021,13,20,2021-05-23,7.125
NY,2021,14,21,2021-05-30,13.625
NY,2021,15,22,2021-06-06,18.375
NY,2021,16,23,2021-06-13,20.625
NY,2021,17,24,2021-06-20,22.5
NY,2021,18,25,2021-06-27,22.875
NY,2021,19,26,2021-07-04,23.25
NY,2021,20,27,2021-07-11,24.25
NY,2021,21,28,2021-07-18,25.75
NY,2021,22,29,2021-07-25,27.625
NY,2021,23,30,2021-08-01,31.0
NY,2021,24,31,2021-08-08,33.875
NY,2021,25,32,2021-08-15,37.875
NY,2021,26,33,2021-08-22,41.75
NY,2021,27,34,2021-08-29,44.125
NY,2021,28,35,2021-09-05,47.75
NY,2021,29,36,2021-09-12,52.0
NY,2021,30,37,2021-09-19,58.5
NY,2021,31,38,2021-09-26,65.75
NY,2021,32,39,2021-10-03,71.5
NY,2021,33,40,2021-10-10,67.25
NY,2021,34,41,2021-10-17,68.625
NY,2021,35,42,2021-10-24,69.5
NY,2021,36,43,2021-10-31,74.125
NY,2021,37,44,2021-11-07,76.75
NY,2021,38,45,2021-11-14,78.25
NY,2021,39,46,2021-11-21,79.875
NY,2021,40,47,2021-11-28,81.25
NY,2022,8,15,2022-04-17,0.0
NY,2022,9,16,2022-04-24,0.0
NY,2022,10,17,2022-05-01,0.25
NY,2022,11,18,2022-05-08,1.125
NY,2022,12,19,2022-05-15,4.375
NY,2022,13,20,2022-05-22,10.125
NY,2022,14,21,2022-05-29,16.25
NY,2022,15,22,2022-06-05,19.625
NY,2022,16,23,2022-06-12,21.75
NY,2022,17,24,2022-06-19,23.375
NY,2022,18,25,2022-06-26,24.375
NY,2022,19,26,2022-07-03,24.375
NY,2022,20,27,2022-07-10,24.625
NY,2022,21,28,2022-07-17,25.875
NY,2022,22,29,2022-07-24,28.375
NY,2022,23,30,2022-07-31,30.875
NY,2022,24,31,2022-08-07,34.625
NY,2022,25,32,2022-08-14,37.375
NY,2022,26,33,2022-08-21,39.625
NY,2022,27,34,2022-08-28,42.125
NY,2022,28,35,2022-09-04,48.125
NY,2022,29,36,2022-09-11,53.25
NY,2022,30,37,2022-09-18,59.5
NY,2022,31,38,2022-09-25,62.5
NY,2022,32,39,2022-10-02,66.625
NY,2022,33,40,2022-10-09,63.75
NY,2022,34,41,2022-10-16,68.0
NY,2022,35,42,2022-10-23,72.25
NY,2022,36,43,2022-10-30,76.125
NY,2022,37,44,2022-11-06,79.75
NY,2022,38,45,2022-11-13,82.0
NY,2022,39,46,2022-11-20,82.5
NY,2022,40,47,2022-11-27,83.375
NY,2023,8,15,2023-04-16,0.0
NY,2023,9,16,2023-04-23,0.5
NY,2023,10,17,2023-04-30,0.875
NY,2023,11,18,2023-05-07,1.25
NY,2023,12,19,2023-05-14,2.875
NY,2023,13,20,2023-05-21,8.375
NY,2023,14,21,2023-05-28,13.5
NY,2023,15,22,2023-06-04,17.25
NY,2023,16,23,2023-06-11,20.625
NY,2023,17,24,2023-06-18,22.5
NY,2023,18,25,2023-06-25,24.0
NY,2023,19,26,2023-07-02,24.0
NY,2023,20,27,2023-07-09,24.0
NY,2023,21,28,2023-07-16,24.5
NY,2023,22,29,2023-07-23,24.875
NY,2023,23,30,2023-07-30,29.75
NY,2023,24,31,2023-08-06,31.75
NY,2023,25,32,2023-08-13,33.875
NY,2023,26,33,2023-08-20,37.25
NY,2023,27,34,2023-08-27,40.75
NY,2023,28,35,2023-09-03,45.0
NY,2023,29,36,2023-09-10,49.75
NY,2023,30,37,2023-09-17,57.5
NY,2023,31,38,2023-09-24,64.0
NY,2023,32,39,2023-10-01,69.375
NY,2023,33,40,2023-10-08,67.75
NY,2023,34,41,2023-10-15,69.375
NY,2023,35,42,2023-10-22,73.25
NY,2023,36,43,2023-10-29,75.5
NY,2023,37,44,2023-11-05,78.0
NY,2023,38,45,2023-11-12,79.25
NY,2023,39,46,2023-11-19,80.75
NY,2023,40,47,2023-11-26,82.125
NY,2024,8,15,2024-04-14,0.0
NY,2024,9,16,2024-04-21,0.0
NY,2024,10,17,2024-04-28,0.125
NY,2024,11,18,2024-05-05,0.25
NY,2024,12,19,2024-05-12,1.5
NY,2024,13,20,2024-05-19,5.0
NY,2024,14,21,2024-05-26,8.625
NY,2024,15,22,2024-06-02,11.875
NY,2024,16,23,2024-06-09,16.125
NY,2024,17,24,2024-06-16,19.375
NY,2024,18,25,2024-06-23,21.625
NY,2024,19,26,2024-06-30,23.0
NY,2024,20,27,2024-07-07,24.0
NY,2024,21,28,2024-07-14,25.875
NY,2024,22,29,2024-07-21,26.75
NY,2024,23,30,2024-07-28,29.0
NY,2024,24,31,2024-08-04,33.75
NY,2024,25,32,2024-08-11,36.625
NY,2024,26,33,2024-08-18,40.0
NY,2024,27,34,2024-08-25,43.0
NY,2024,28,35,2024-09-01,47.125
NY,2024,29,36,2024-09-08,50.125
NY,2024,30,37,2024-09-15,54.5
NY,2024,31,38,2024-09-22,58.5
NY,2024,32,39,2024-09-29,65.75
NY,2024,33,40,2024-10-06,65.0
NY,2024,34,41,2024-10-13,67.625
NY,2024,35,42,2024-10-20,70.75
NY,2024,36,43,2024-10-27,75.25
NY,2024,37,44,2024-11-03,78.125
NY,2024,38,45,2024-11-10,80.75
NY,2024,39,46,2024-11-17,82.25
NY,2024,40,47,2024-11-24,83.125
NY,2025,9,16,2025-04-20,0.0
NY,2025,10,17,2025-04-27,0.25
NY,2025,11,18,2025-05-04,0.5
NY,2025,12,19,2025-05-11,1.0
NY,2025,13,20,2025-05-18,2.25
NY,2025,14,21,2025-05-25,3.625
NY,2025,15,22,2025-06-01,6.125
NY,2025,16,23,2025-06-08,9.125
NY,2025,17,24,2025-06-15,13.75
NY,2025,18,25,2025-06-22,19.625
NY,2025,19,26,2025-06-29,21.875
NY,2025,20,27,2025-07-06,23.125
NY,2025,21,28,2025-07-13,25.875
NY,2025,22,29,2025-07-20,26.25
NY,2025,23,30,2025-07-27,28.0
NY,2025,24,31,2025-08-03,30.125
NY,2025,25,32,2025-08-10,32.375
NY,2025,26,33,2025-08-17,36.5
NY,2025,27,34,2025-08-24,40.25
NY,2025,28,35,2025-08-31,44.5
NY,2025,29,36,2025-09-07,47.5
NY,2025,30,37,2025-09-14,49.625
NY,2025,31,38,2025-09-21,51.625
NY,2025,32,39,2025-09-28,54.5
NY,2025,39,46,2025-11-16,74.0
NY,2025,40,47,2025-11-23,74.375
OH,2016,7,14,2016-04-10,0.0
OH,2016,8,15,2016-04-17,0.0
OH,2016,9,16,2016-04-24,1.0
OH,2016,10,17,2016-05-01,3.5
OH,2016,11,18,2016-05-08,5.25
OH,2016,12,19,2016-05-15,6.875
OH,2016,13,20,2016-05-22,9.875
OH,2016,14,21,2016-05-29,16.0
OH,2016,15,22,2016-06-05,21.375
OH,2016,16,23,2016-06-12,24.0
OH,2016,17,24,2016-06-19,24.5
OH,2016,18,25,2016-06-26,25.0
OH,2016,19,26,2016-07-03,25.25
OH,2016,20,27,2016-07-10,25.875
OH,2016,21,28,2016-07-17,28.875
OH,2016,22,29,2016-07-24,32.375
OH,2016,23,30,2016-07-31,36.75
OH,2016,24,31,2016-08-07,41.625
OH,2016,25,32,2016-08-14,46.125
OH,2016,26,33,2016-08-21,50.0
OH,2016,27,34,2016-08-28,54.375
OH,2016,28,35,2016-09-04,60.125
OH,2016,29,36,2016-09-11,62.5
OH,2016,30,37,2016-09-18,65.75
OH,2016,31,38,2016-09-25,69.5
OH,2016,32,39,2016-10-02,71.875
OH,2016,33,40,2016-10-09,74.75
OH,2016,34,41,2016-10-16,77.375
OH,2016,35,42,2016-10-23,79.5
OH,2016,36,43,2016-10-30,81.5
OH,2016,37,44,2016-11-06,83.5
OH,2016,38,45,2016-11-13,84.625
OH,2016,39,46,2016-11-20,85.25
OH,2016,40,47,2016-11-27,85.75
OH,2017,7,14,2017-04-09,0.0
OH,2017,8,15,2017-04-16,0.0
OH,2017,9,16,2017-04-23,1.125
OH,2017,10,17,2017-04-30,5.875
OH,2017,11,18,2017-05-07,7.25
OH,2017,12,19,2017-05-14,9.125
OH,2017,13,20,2017-05-21,14.25
OH,2017,14,21,2017-05-28,18.0
OH,2017,15,22,2017-06-04,21.25
OH,2017,16,23,2017-06-11,23.0
OH,2017,17,24,2017-06-18,24.0
OH,2017,18,25,2017-06-25,24.125
OH,2017,19,26,2017-07-02,24.375
OH,2017,20,27,2017-07-09,25.25
OH,2017,21,28,2017-07-16,28.25
OH,2017,22,29,2017-07-23,31.75
OH,2017,23,30,2017-07-30,35.875
OH,2017,24,31,2017-08-06,39.875
OH,2017,25,32,2017-08-13,43.5
OH,2017,26,33,2017-08-20,47.25
OH,2017,27,34,2017-08-27,51.625
OH,2017,28,35,2017-09-03,57.125
OH,2017,29,36,2017-09-10,59.0
OH,2017,30,37,2017-09-17,62.125
OH,2017,31,38,2017-09-24,64.875
OH,2017,32,39,2017-10-01,68.5
OH,2017,33,40,2017-10-08,71.75
OH,2017,34,41,2017-10-15,74.25
OH,2017,35,42,2017-10-22,76.75
OH,2017,36,43,2017-10-29,78.875
OH,2017,37,44,2017-11-05,80.875
OH,2017,38,45,2017-11-12,82.25
OH,2017,39,46,2017-11-19,83.25
OH,2017,40,47,2017-11-26,84.25
OH,2018,7,14,2018-04-08,0.0
OH,2018,8,15,2018-04-15,0.0
OH,2018,9,16,2018-04-22,0.0
OH,2018,10,17,2018-04-29,0.125
OH,2018,11,18,2018-05-06,3.0
OH,2018,12,19,2018-05-13,8.875
OH,2018,13,20,2018-05-20,14.5
OH,2018,14,21,2018-05-27,18.5
OH,2018,15,22,2018-06-03,21.125
OH,2018,16,23,2018-06-10,23.25
OH,2018,17,24,2018-06-17,24.5
OH,2018,18,25,2018-06-24,25.0
OH,2018,19,26,2018-07-01,25.625
OH,2018,20,27,2018-07-08,28.75
OH,2018,21,28,2018-07-15,32.875
OH,2018,22,29,2018-07-22,35.5
OH,2018,23,30,2018-07-29,39.25
OH,2018,24,31,2018-08-05,43.125
OH,2018,25,32,2018-08-12,47.5
OH,2018,26,33,2018-08-19,52.0
OH,2018,27,34,2018-08-26,57.125
OH,2018,28,35,2018-09-02,62.875
OH,2018,29,36,2018-09-09,61.875
OH,2018,30,37,2018-09-16,65.75
OH,2018,31,38,2018-09-23,68.875
OH,2018,32,39,2018-09-30,72.0
OH,2018,33,40,2018-10-07,75.375
OH,2018,34,41,2018-10-14,77.875
OH,2018,35,42,2018-10-21,80.5
OH,2018,36,43,2018-10-28,83.0
OH,2018,37,44,2018-11-04,83.75
OH,2018,38,45,2018-11-11,84.75
OH,2018,39,46,2018-11-18,85.25
OH,2018,40,47,2018-11-25,85.75
OH,2019,7,14,2019-04-07,0.0
OH,2019,8,15,2019-04-14,0.0
OH,2019,9,16,2019-04-21,0.125
OH,2019,10,17,2019-04-28,0.25
OH,2019,11,18,2019-05-05,0.25
OH,2019,12,19,2019-05-12,0.625
OH,2019,13,20,2019-05-19,1.5
OH,2019,14,21,2019-05-26,3.75
OH,2019,15,22,2019-06-02,6.375
OH,2019,16,23,2019-06-09,10.125
OH,2019,17,24,2019-06-16,14.75
OH,2019,18,25,2019-06-23,18.25
OH,2019,19,26,2019-06-30,21.75
OH,2019,20,27,2019-07-07,23.75
OH,2019,21,28,2019-07-14,25.125
OH,2019,22,29,2019-07-21,27.125
OH,2019,23,30,2019-07-28,29.375
OH,2019,24,31,2019-08-04,32.75
OH,2019,25,32,2019-08-11,37.0
OH,2019,26,33,2019-08-18,40.375
OH,2019,27,34,2019-08-25,43.875
OH,2019,28,35,2019-09-01,46.625
OH,2019,29,36,2019-09-08,50.375
OH,2019,30,37,2019-09-15,54.125
OH,2019,31,38,2019-09-22,58.125
OH,2019,32,39,2019-09-29,61.75
OH,2019,33,40,2019-10-06,66.875
OH,2019,34,41,2019-10-13,70.375
OH,2019,35,42,2019-10-20,74.0
OH,2019,36,43,2019-10-27,76.875
OH,2019,37,44,2019-11-03,79.875
OH,2019,38,45,2019-11-10,82.5
OH,2019,39,46,2019-11-17,84.375
OH,2019,40,47,2019-11-24,85.375
OH,2019,41,48,2019-12-01,86.25
OH,2020,8,15,2020-04-12,0.0
OH,2020,9,16,2020-04-19,0.0
OH,2020,10,17,2020-04-26,0.375
OH,2020,11,18,2020-05-03,1.25
OH,2020,12,19,2020-05-10,4.5
OH,2020,13,20,2020-05-17,8.5
OH,2020,14,21,2020-05-24,12.25
OH,2020,15,22,2020-05-31,16.875
OH,2020,16,23,2020-06-07,20.875
OH,2020,17,24,2020-06-14,23.0
OH,2020,18,25,2020-06-21,24.375
OH,2020,19,26,2020-06-28,25.125
OH,2020,20,27,2020-07-05,25.25
OH,2020,21,28,2020-07-12,26.125
OH,2020,22,29,2020-07-19,29.125
OH,2020,23,30,2020-07-26,33.25
OH,2020,24,31,2020-08-02,37.875
OH,2020,25,32,2020-08-09,41.75
OH,2020,26,33,2020-08-16,46.25
OH,2020,27,34,2020-08-23,50.875
OH,2020,28,35,2020-08-30,56.375
OH,2020,29,36,2020-09-06,61.75
OH,2020,30,37,2020-09-13,61.375
OH,2020,31,38,2020-09-20,65.0
OH,2020,32,39,2020-09-27,67.875
OH,2020,33,40,2020-10-04,71.0
OH,2020,34,41,2020-10-11,74.0
OH,2020,35,42,2020-10-18,76.25
OH,2020,36,43,2020-10-25,78.125
OH,2020,37,44,2020-11-01,79.625
OH,2020,38,45,2020-11-08,83.0
OH,2020,39,46,2020-11-15,84.875
OH,2020,40,47,2020-11-22,85.875
OH,2020,41,48,2020-11-29,86.5
OH,2021,6,13,2021-04-04,0.0
OH,2021,7,14,2021-04-11,0.25
OH,2021,8,15,2021-04-18,0.5
OH,2021,9,16,2021-04-25,1.0
OH,2021,10,17,2021-05-02,3.25
OH,2021,11,18,2021-05-09,4.5
OH,2021,12,19,2021-05-16,7.0
OH,2021,13,20,2021-05-23,14.25
OH,2021,14,21,2021-05-30,20.25
OH,2021,15,22,2021-06-06,22.25
OH,2021,16,23,2021-06-13,24.25
OH,2021,17,24,2021-06-20,24.75
OH,2021,18,25,2021-06-27,25.0
OH,2021,19,26,2021-07-04,25.375
OH,2021,20,27,2021-07-11,26.25
OH,2021,21,28,2021-07-18,30.5
OH,2021,22,29,2021-07-25,35.375
OH,2021,23,30,2021-08-01,39.5
OH,2021,24,31,2021-08-08,43.125
OH,2021,25,32,2021-08-15,47.75
OH,2021,26,33,2021-08-22,53.0
OH,2021,27,34,2021-08-29,58.125
OH,2021,28,35,2021-09-05,63.75
OH,2021,29,36,2021-09-12,63.875
OH,2021,30,37,2021-09-19,67.875
OH,2021,31,38,2021-09-26,70.75
OH,2021,32,39,2021-10-03,73.875
OH,2021,33,40,2021-10-10,75.75
OH,2021,34,41,2021-10-17,77.5
OH,2021,35,42,2021-10-24,80.125
OH,2021,36,43,2021-10-31,81.375
OH,2021,37,44,2021-11-07,83.125
OH,2021,38,45,2021-11-14,84.75
OH,2021,39,46,2021-11-21,85.5
OH,2021,40,47,2021-11-28,86.125
OH,2022,6,13,2022-04-03,0.0
OH,2022,7,14,2022-04-10,0.0
OH,2022,8,15,2022-04-17,0.0
OH,2022,9,16,2022-04-24,0.0
OH,2022,10,17,2022-05-01,0.375
OH,2022,11,18,2022-05-08,0.625
OH,2022,12,19,2022-05-15,4.5
OH,2022,13,20,2022-05-22,9.5
OH,2022,14,21,2022-05-29,15.375
OH,2022,15,22,2022-06-05,18.75
OH,2022,16,23,2022-06-12,21.625
OH,2022,17,24,2022-06-19,23.125
OH,2022,18,25,2022-06-26,24.375
OH,2022,19,26,2022-07-03,24.875
OH,2022,20,27,2022-07-10,25.75
OH,2022,21,28,2022-07-17,27.875
OH,2022,22,29,2022-07-24,32.75
OH,2022,23,30,2022-07-31,37.375
OH,2022,24,31,2022-08-07,42.0
OH,2022,25,32,2022-08-14,46.25
OH,2022,26,33,2022-08-21,50.125
OH,2022,27,34,2022-08-28,56.0
OH,2022,28,35,2022-09-04,60.5
OH,2022,29,36,2022-09-11,59.25
OH,2022,30,37,2022-09-18,62.75
OH,2022,31,38,2022-09-25,66.125
OH,2022,32,39,2022-10-02,69.5
OH,2022,33,40,2022-10-09,72.375
OH,2022,34,41,2022-10-16,75.5
OH,2022,35,42,2022-10-23,77.875
OH,2022,36,43,2022-10-30,80.875
OH,2022,37,44,2022-11-06,83.75
OH,2022,38,45,2022-11-13,85.375
OH,2022,39,46,2022-11-20,86.0
OH,2022,40,47,2022-11-27,86.375
OH,2023,6,13,2023-04-02,0.0
OH,2023,7,14,2023-04-09,0.0
OH,2023,8,15,2023-04-16,0.0
OH,2023,9,16,2023-04-23,0.75
OH,2023,10,17,2023-04-30,1.25
OH,2023,11,18,2023-05-07,1.625
OH,2023,12,19,2023-05-14,4.25
OH,2023,13,20,2023-05-21,10.875
OH,2023,14,21,2023-05-28,17.875
OH,2023,15,22,2023-06-04,21.875
OH,2023,16,23,2023-06-11,24.0
OH,2023,17,24,2023-06-18,24.625
OH,2023,18,25,2023-06-25,25.0
OH,2023,19,26,2023-07-02,25.0
OH,2023,20,27,2023-07-09,26.0
OH,2023,21,28,2023-07-16,26.625
OH,2023,22,29,2023-07-23,28.625
OH,2023,23,30,2023-07-30,33.375
OH,2023,24,31,2023-08-06,38.375
OH,2023,25,32,2023-08-13,43.0
OH,2023,26,33,2023-08-20,48.5
OH,2023,27,34,2023-08-27,51.625
OH,2023,28,35,2023-09-03,55.375
OH,2023,29,36,2023-09-10,57.375
OH,2023,30,37,2023-09-17,61.0
OH,2023,31,38,2023-09-24,64.875
OH,2023,32,39,2023-10-01,67.875
OH,2023,33,40,2023-10-08,70.875
OH,2023,34,41,2023-10-15,75.25
OH,2023,35,42,2023-10-22,76.125
OH,2023,36,43,2023-10-29,77.875
OH,2023,37,44,2023-11-05,80.375
OH,2023,38,45,2023-11-12,83.375
OH,2023,39,46,2023-11-19,85.0
OH,2023,40,47,2023-11-26,85.625
OH,2024,6,13,2024-03-31,0.0
OH,2024,7,14,2024-04-07,0.0
OH,2024,8,15,2024-04-14,0.0
OH,2024,9,16,2024-04-21,0.0
OH,2024,10,17,2024-04-28,0.75
OH,2024,11,18,2024-05-05,4.25
OH,2024,12,19,2024-05-12,7.625
OH,2024,13,20,2024-05-19,10.125
OH,2024,14,21,2024-05-26,16.125
OH,2024,15,22,2024-06-02,20.375
OH,2024,16,23,2024-06-09,22.5
OH,2024,17,24,2024-06-16,23.875
OH,2024,18,25,2024-06-23,24.375
OH,2024,19,26,2024-06-30,25.0
OH,2024,20,27,2024-07-07,26.5
OH,2024,21,28,2024-07-14,29.0
OH,2024,22,29,2024-07-21,33.75
OH,2024,23,30,2024-07-28,37.875
OH,2024,24,31,2024-08-04,41.875
OH,2024,25,32,2024-08-11,45.75
OH,2024,26,33,2024-08-18,51.625
OH,2024,27,34,2024-08-25,56.875
OH,2024,28,35,2024-09-01,62.375
OH,2024,29,36,2024-09-08,62.25
OH,2024,30,37,2024-09-15,66.5
OH,2024,31,38,2024-09-22,70.125
OH,2024,32,39,2024-09-29,72.375
OH,2024,33,40,2024-10-06,75.375
OH,2024,34,41,2024-10-13,77.875
OH,2024,35,42,2024-10-20,80.625
OH,2024,36,43,2024-10-27,83.625
OH,2024,37,44,2024-11-03,85.75
OH,2024,38,45,2024-11-10,86.625
OH,2024,39,46,2024-11-17,87.0
OH,2024,40,47,2024-11-24,87.125
OH,2025,7,14,2025-04-06,0.0
OH,2025,8,15,2025-04-13,0.0
OH,2025,9,16,2025-04-20,0.25
OH,2025,10,17,2025-04-27,1.0
OH,2025,11,18,2025-05-04,3.25
OH,2025,12,19,2025-05-11,4.875
OH,2025,13,20,2025-05-18,7.0
OH,2025,14,21,2025-05-25,11.25
OH,2025,15,22,2025-06-01,15.125
OH,2025,16,23,2025-06-08,19.625
OH,2025,17,24,2025-06-15,22.625
OH,2025,18,25,2025-06-22,23.625
OH,2025,19,26,2025-06-29,24.625
OH,2025,20,27,2025-07-06,25.75
OH,2025,21,28,2025-07-13,27.625
OH,2025,22,29,2025-07-20,30.75
OH,2025,23,30,2025-07-27,35.625
OH,2025,24,31,2025-08-03,40.875
OH,2025,25,32,2025-08-10,44.75
OH,2025,26,33,2025-08-17,48.875
OH,2025,27,34,2025-08-24,53.125
OH,2025,28,35,2025-08-31,58.375
OH,2025,29,36,2025-09-07,59.375
OH,2025,30,37,2025-09-14,64.125
OH,2025,31,38,2025-09-21,68.75
OH,2025,32,39,2025-09-28,71.0
OH,2025,39,46,2025-11-16,81.375
OH,2025,40,47,2025-11-23,82.0
OK,2016,7,14,2016-04-10,2.125
OK,2016,8,15,2016-04-17,3.125
OK,2016,9,16,2016-04-24,4.5
OK,2016,10,17,2016-05-01,10.0
OK,2016,11,18,2016-05-08,13.25
OK,2016,12,19,2016-05-15,14.125
OK,2016,13,20,2016-05-22,17.125
OK,2016,14,21,2016-05-29,20.25
OK,2016,15,22,2016-06-05,21.5
OK,2016,16,23,2016-06-12,23.875
OK,2016,17,24,2016-06-19,25.75
OK,2016,18,25,2016-06-26,27.625
OK,2016,19,26,2016-07-03,30.25
OK,2016,20,27,2016-07-10,30.625
OK,2016,21,28,2016-07-17,32.0
OK,2016,22,29,2016-07-24,35.75
OK,2016,23,30,2016-07-31,38.125
OK,2016,24,31,2016-08-07,42.5
OK,2016,25,32,2016-08-14,47.375
OK,2016,26,33,2016-08-21,54.25
OK,2016,27,34,2016-08-28,59.0
OK,2016,28,35,2016-09-04,61.25
OK,2016,29,36,2016-09-11,66.0
OK,2016,30,37,2016-09-18,69.75
OK,2016,31,38,2016-09-25,75.375
OK,2016,32,39,2016-10-02,78.75
OK,2016,33,40,2016-10-09,80.5
OK,2016,34,41,2016-10-16,83.25
OK,2016,35,42,2016-10-23,83.875
OK,2016,36,43,2016-10-30,84.75
OK,2016,37,44,2016-11-06,85.75
OK,2016,38,45,2016-11-13,86.125
OK,2016,39,46,2016-11-20,86.125
OK,2017,6,13,2017-04-02,0.625
OK,2017,7,14,2017-04-09,2.125
OK,2017,8,15,2017-04-16,3.5
OK,2017,9,16,2017-04-23,6.75
OK,2017,10,17,2017-04-30,9.625
OK,2017,11,18,2017-05-07,13.625
OK,2017,12,19,2017-05-14,15.625
OK,2017,13,20,2017-05-21,18.5
OK,2017,14,21,2017-05-28,20.5
OK,2017,15,22,2017-06-04,22.5
OK,2017,16,23,2017-06-11,24.75
OK,2017,17,24,2017-06-18,26.125
OK,2017,18,25,2017-06-25,27.0
OK,2017,19,26,2017-07-02,28.375
OK,2017,20,27,2017-07-09,28.875
OK,2017,21,28,2017-07-16,30.375
OK,2017,22,29,2017-07-23,33.25
OK,2017,23,30,2017-07-30,37.375
OK,2017,24,31,2017-08-06,43.5
OK,2017,25,32,2017-08-13,48.0
OK,2017,26,33,2017-08-20,53.5
OK,2017,27,34,2017-08-27,58.625
OK,2017,28,35,2017-09-03,61.5
OK,2017,29,36,2017-09-10,65.625
OK,2017,30,37,2017-09-17,71.75
OK,2017,31,38,2017-09-24,74.75
OK,2017,32,39,2017-10-01,76.125
OK,2017,33,40,2017-10-08,79.125
OK,2017,34,41,2017-10-15,80.875
OK,2017,35,42,2017-10-22,82.0
OK,2017,36,43,2017-10-29,83.75
OK,2017,37,44,2017-11-05,84.5
OK,2017,38,45,2017-11-12,85.125
OK,2017,39,46,2017-11-19,85.75
OK,2017,40,47,2017-11-26,85.75
OK,2018,6,13,2018-04-01,0.5
OK,2018,7,14,2018-04-08,1.5
OK,2018,8,15,2018-04-15,2.25
OK,2018,9,16,2018-04-22,3.75
OK,2018,10,17,2018-04-29,4.375
OK,2018,11,18,2018-05-06,10.0
OK,2018,12,19,2018-05-13,13.25
OK,2018,13,20,2018-05-20,17.5
OK,2018,14,21,2018-05-27,21.0
OK,2018,15,22,2018-06-03,23.5
OK,2018,16,23,2018-06-10,24.0
OK,2018,17,24,2018-06-17,25.125
OK,2018,18,25,2018-06-24,27.375
OK,2018,19,26,2018-07-01,28.375
OK,2018,20,27,2018-07-08,30.25
OK,2018,21,28,2018-07-15,32.25
OK,2018,22,29,2018-07-22,34.75
OK,2018,23,30,2018-07-29,39.375
OK,2018,24,31,2018-08-05,44.375
OK,2018,25,32,2018-08-12,48.0
OK,2018,26,33,2018-08-19,52.625
OK,2018,27,34,2018-08-26,55.0
OK,2018,28,35,2018-09-02,58.75
OK,2018,29,36,2018-09-09,66.0
OK,2018,30,37,2018-09-16,70.75
OK,2018,31,38,2018-09-23,74.625
OK,2018,32,39,2018-09-30,78.125
OK,2018,33,40,2018-10-07,80.125
OK,2018,34,41,2018-10-14,81.0
OK,2018,35,42,2018-10-21,82.375
OK,2018,36,43,2018-10-28,84.0
OK,2018,37,44,2018-11-04,84.375
OK,2018,38,45,2018-11-11,85.125
OK,2018,39,46,2018-11-18,85.875
OK,2018,40,47,2018-11-25,86.0
OK,2019,7,14,2019-04-07,0.5
OK,2019,8,15,2019-04-14,1.5
OK,2019,9,16,2019-04-21,4.0
OK,2019,10,17,2019-04-28,5.375
OK,2019,11,18,2019-05-05,7.25
OK,2019,12,19,2019-05-12,10.0
OK,2019,13,20,2019-05-19,12.5
OK,2019,14,21,2019-05-26,14.5
OK,2019,15,22,2019-06-02,17.125
OK,2019,16,23,2019-06-09,18.75
OK,2019,17,24,2019-06-16,19.875
OK,2019,18,25,2019-06-23,21.875
OK,2019,19,26,2019-06-30,25.5
OK,2019,20,27,2019-07-07,26.625
OK,2019,21,28,2019-07-14,28.625
OK,2019,22,29,2019-07-21,32.5
OK,2019,23,30,2019-07-28,34.375
OK,2019,24,31,2019-08-04,38.5
OK,2019,25,32,2019-08-11,45.5
OK,2019,26,33,2019-08-18,47.875
OK,2019,27,34,2019-08-25,51.375
OK,2019,28,35,2019-09-01,53.5
OK,2019,29,36,2019-09-08,58.25
OK,2019,30,37,2019-09-15,63.375
OK,2019,31,38,2019-09-22,68.5
OK,2019,32,39,2019-09-29,74.875
OK,2019,33,40,2019-10-06,78.875
OK,2019,34,41,2019-10-13,81.0
OK,2019,35,42,2019-10-20,82.875
OK,2019,36,43,2019-10-27,84.5
OK,2019,37,44,2019-11-03,85.375
OK,2019,38,45,2019-11-10,85.75
OK,2019,39,46,2019-11-17,86.125
OK,2019,40,47,2019-11-24,86.25
OK,2019,41,48,2019-12-01,86.375
OK,2020,7,14,2020-04-05,0.0
OK,2020,8,15,2020-04-12,0.875
OK,2020,9,16,2020-04-19,1.25
OK,2020,10,17,2020-04-26,2.5
OK,2020,11,18,2020-05-03,6.125
OK,2020,12,19,2020-05-10,11.375
OK,2020,13,20,2020-05-17,15.375
OK,2020,14,21,2020-05-24,16.875
OK,2020,15,22,2020-05-31,18.5
OK,2020,16,23,2020-06-07,20.625
OK,2020,17,24,2020-06-14,22.25
OK,2020,18,25,2020-06-21,24.25
OK,2020,19,26,2020-06-28,26.75
OK,2020,20,27,2020-07-05,28.5
OK,2020,21,28,2020-07-12,29.5
OK,2020,22,29,2020-07-19,33.75
OK,2020,23,30,2020-07-26,36.875
OK,2020,24,31,2020-08-02,39.5
OK,2020,25,32,2020-08-09,42.0
OK,2020,26,33,2020-08-16,44.75
OK,2020,27,34,2020-08-23,52.375
OK,2020,28,35,2020-08-30,55.0
OK,2020,29,36,2020-09-06,60.5
OK,2020,30,37,2020-09-13,65.625
OK,2020,31,38,2020-09-20,71.375
OK,2020,32,39,2020-09-27,74.125
OK,2020,33,40,2020-10-04,78.0
OK,2020,34,41,2020-10-11,80.625
OK,2020,35,42,2020-10-18,81.875
OK,2020,36,43,2020-10-25,83.125
OK,2020,37,44,2020-11-01,84.125
OK,2020,38,45,2020-11-08,84.75
OK,2021,6,13,2021-04-04,0.375
OK,2021,7,14,2021-04-11,2.25
OK,2021,8,15,2021-04-18,3.25
OK,2021,9,16,2021-04-25,4.125
OK,2021,10,17,2021-05-02,6.5
OK,2021,11,18,2021-05-09,8.75
OK,2021,12,19,2021-05-16,10.625
OK,2021,13,20,2021-05-23,14.375
OK,2021,14,21,2021-05-30,16.25
OK,2021,15,22,2021-06-06,18.25
OK,2021,16,23,2021-06-13,21.125
OK,2021,17,24,2021-06-20,24.0
OK,2021,18,25,2021-06-27,26.25
OK,2021,19,26,2021-07-04,27.375
OK,2021,20,27,2021-07-11,28.375
OK,2021,21,28,2021-07-18,30.25
OK,2021,22,29,2021-07-25,33.375
OK,2021,23,30,2021-08-01,37.75
OK,2021,24,31,2021-08-08,40.625
OK,2021,25,32,2021-08-15,42.875
OK,2021,26,33,2021-08-22,47.375
OK,2021,27,34,2021-08-29,52.25
OK,2021,28,35,2021-09-05,60.0
OK,2021,29,36,2021-09-12,64.875
OK,2021,30,37,2021-09-19,69.625
OK,2021,31,38,2021-09-26,74.875
OK,2021,32,39,2021-10-03,77.5
OK,2021,33,40,2021-10-10,80.625
OK,2021,34,41,2021-10-17,81.875
OK,2021,35,42,2021-10-24,83.5
OK,2021,36,43,2021-10-31,84.75
OK,2021,37,44,2021-11-07,85.5
OK,2021,38,45,2021-11-14,85.75
OK,2021,39,46,2021-11-21,85.75
OK,2022,6,13,2022-04-03,0.125
OK,2022,7,14,2022-04-10,0.625
OK,2022,8,15,2022-04-17,2.375
OK,2022,9,16,2022-04-24,2.75
OK,2022,10,17,2022-05-01,4.875
OK,2022,11,18,2022-05-08,6.875
OK,2022,12,19,2022-05-15,8.5
OK,2022,13,20,2022-05-22,15.625
OK,2022,14,21,2022-05-29,17.125
OK,2022,15,22,2022-06-05,19.125
OK,2022,16,23,2022-06-12,21.25
OK,2022,17,24,2022-06-19,23.75
OK,2022,18,25,2022-06-26,26.375
OK,2022,19,26,2022-07-03,27.875
OK,2022,20,27,2022-07-10,28.875
OK,2022,21,28,2022-07-17,29.5
OK,2022,22,29,2022-07-24,32.5
OK,2022,23,30,2022-07-31,37.875
OK,2022,24,31,2022-08-07,41.625
OK,2022,25,32,2022-08-14,45.125
OK,2022,26,33,2022-08-21,48.375
OK,2022,27,34,2022-08-28,54.0
OK,2022,28,35,2022-09-04,60.0
OK,2022,29,36,2022-09-11,64.625
OK,2022,30,37,2022-09-18,69.5
OK,2022,31,38,2022-09-25,72.75
OK,2022,32,39,2022-10-02,76.125
OK,2022,33,40,2022-10-09,78.375
OK,2022,34,41,2022-10-16,81.0
OK,2022,35,42,2022-10-23,82.25
OK,2022,36,43,2022-10-30,83.5
OK,2022,37,44,2022-11-06,83.875
OK,2022,38,45,2022-11-13,84.0
OK,2022,39,46,2022-11-20,84.5
OK,2023,7,14,2023-04-09,1.0
OK,2023,8,15,2023-04-16,2.625
OK,2023,9,16,2023-04-23,4.125
OK,2023,10,17,2023-04-30,7.25
OK,2023,11,18,2023-05-07,8.5
OK,2023,12,19,2023-05-14,12.625
OK,2023,13,20,2023-05-21,14.25
OK,2023,14,21,2023-05-28,17.0
OK,2023,15,22,2023-06-04,18.75
OK,2023,16,23,2023-06-11,21.625
OK,2023,17,24,2023-06-18,23.25
OK,2023,18,25,2023-06-25,25.75
OK,2023,19,26,2023-07-02,28.25
OK,2023,20,27,2023-07-09,29.75
OK,2023,21,28,2023-07-16,32.625
OK,2023,22,29,2023-07-23,35.875
OK,2023,23,30,2023-07-30,39.5
OK,2023,24,31,2023-08-06,41.875
OK,2023,25,32,2023-08-13,45.75
OK,2023,26,33,2023-08-20,48.625
OK,2023,27,34,2023-08-27,52.375
OK,2023,28,35,2023-09-03,60.75
OK,2023,29,36,2023-09-10,65.125
OK,2023,30,37,2023-09-17,69.0
OK,2023,31,38,2023-09-24,72.125
OK,2023,32,39,2023-10-01,75.5
OK,2023,33,40,2023-10-08,77.25
OK,2023,34,41,2023-10-15,79.375
OK,2023,35,42,2023-10-22,81.125
OK,2023,36,43,2023-10-29,82.625
OK,2023,37,44,2023-11-05,83.375
OK,2024,6,13,2024-03-31,0.0
OK,2024,7,14,2024-04-07,0.75
OK,2024,8,15,2024-04-14,2.625
OK,2024,9,16,2024-04-21,4.875
OK,2024,10,17,2024-04-28,6.5
OK,2024,11,18,2024-05-05,10.375
OK,2024,12,19,2024-05-12,15.375
OK,2024,13,20,2024-05-19,17.75
OK,2024,14,21,2024-05-26,21.5
OK,2024,15,22,2024-06-02,22.875
OK,2024,16,23,2024-06-09,25.125
OK,2024,17,24,2024-06-16,26.0
OK,2024,18,25,2024-06-23,28.375
OK,2024,19,26,2024-06-30,29.625
OK,2024,20,27,2024-07-07,30.0
OK,2024,21,28,2024-07-14,33.875
OK,2024,22,29,2024-07-21,38.125
OK,2024,23,30,2024-07-28,41.5
OK,2024,24,31,2024-08-04,45.75
OK,2024,25,32,2024-08-11,51.625
OK,2024,26,33,2024-08-18,59.75
OK,2024,27,34,2024-08-25,64.0
OK,2024,28,35,2024-09-01,67.375
OK,2024,29,36,2024-09-08,70.875
OK,2024,30,37,2024-09-15,72.875
OK,2024,31,38,2024-09-22,78.625
OK,2024,32,39,2024-09-29,80.625
OK,2024,33,40,2024-10-06,81.25
OK,2024,34,41,2024-10-13,83.25
OK,2024,35,42,2024-10-20,83.875
OK,2024,36,43,2024-10-27,84.75
OK,2024,37,44,2024-11-03,85.375
OK,2024,38,45,2024-11-10,85.625
OK,2025,7,14,2025-04-06,0.5
OK,2025,8,15,2025-04-13,1.625
OK,2025,9,16,2025-04-20,3.0
OK,2025,10,17,2025-04-27,5.5
OK,2025,11,18,2025-05-04,8.0
OK,2025,12,19,2025-05-11,11.25
OK,2025,13,20,2025-05-18,13.875
OK,2025,14,21,2025-05-25,15.75
OK,2025,15,22,2025-06-01,17.75
OK,2025,16,23,2025-06-08,19.625
OK,2025,17,24,2025-06-15,23.375
OK,2025,18,25,2025-06-22,26.375
OK,2025,19,26,2025-06-29,27.5
OK,2025,20,27,2025-07-06,28.5
OK,2025,21,28,2025-07-13,29.5
OK,2025,22,29,2025-07-20,33.5
OK,2025,23,30,2025-07-27,38.375
OK,2025,24,31,2025-08-03,42.5
OK,2025,25,32,2025-08-10,44.75
OK,2025,26,33,2025-08-17,47.75
OK,2025,27,34,2025-08-24,53.25
OK,2025,28,35,2025-08-31,57.625
OK,2025,29,36,2025-09-07,63.875
OK,2025,30,37,2025-09-14,67.875
OK,2025,31,38,2025-09-21,73.0
OK,2025,32,39,2025-09-28,78.5
OK,2025,39,46,2025-11-16,83.625
OR,2016,6,13,2016-04-03,0.0
OR,2016,7,14,2016-04-10,0.0
OR,2016,8,15,2016-04-17,0.375
OR,2016,9,16,2016-04-24,2.25
OR,2016,10,17,2016-05-01,6.0
OR,2016,11,18,2016-05-08,11.625
OR,2016,12,19,2016-05-15,13.875
OR,2016,13,20,2016-05-22,18.0
OR,2016,14,21,2016-05-29,21.125
OR,2016,15,22,2016-06-05,23.875
OR,2016,16,23,2016-06-12,24.125
OR,2016,27,34,2016-08-28,24.25
OR,2016,28,35,2016-09-04,25.625
OR,2016,29,36,2016-09-11,26.75
OR,2016,30,37,2016-09-18,27.625
OR,2016,31,38,2016-09-25,25.625
OR,2016,32,39,2016-10-02,26.0
OR,2016,33,40,2016-10-09,26.625
OR,2016,34,41,2016-10-16,28.75
OR,2016,35,42,2016-10-23,31.0
OR,2016,36,43,2016-10-30,32.375
OR,2016,37,44,2016-11-06,34.0
OR,2016,38,45,2016-11-13,35.125
OR,2016,39,46,2016-11-20,35.25
OR,2016,40,47,2016-11-27,35.75
OR,2017,7,14,2017-04-09,0.0
OR,2017,8,15,2017-04-16,0.375
OR,2017,9,16,2017-04-23,0.625
OR,2017,10,17,2017-04-30,1.375
OR,2017,11,18,2017-05-07,5.25
OR,2017,12,19,2017-05-14,8.125
OR,2017,13,20,2017-05-21,16.25
OR,2017,14,21,2017-05-28,20.125
OR,2017,15,22,2017-06-04,22.25
OR,2017,16,23,2017-06-11,23.125
OR,2017,17,24,2017-06-18,23.625
OR,2017,18,25,2017-06-25,24.125
OR,2017,27,34,2017-08-27,24.125
OR,2017,28,35,2017-09-03,24.125
OR,2017,29,36,2017-09-10,24.125
OR,2017,30,37,2017-09-17,24.375
OR,2017,31,38,2017-09-24,24.625
OR,2017,32,39,2017-10-01,26.0
OR,2017,33,40,2017-10-08,26.625
OR,2017,34,41,2017-10-15,31.0
OR,2017,35,42,2017-10-22,31.5
OR,2017,36,43,2017-10-29,32.125
OR,2017,37,44,2017-11-05,33.375
OR,2017,38,45,2017-11-12,34.75
OR,2017,39,46,2017-11-19,35.5
OR,2017,40,47,2017-11-26,35.75
OR,2018,7,14,2018-04-08,0.0
OR,2018,8,15,2018-04-15,1.0
OR,2018,9,16,2018-04-22,1.625
OR,2018,10,17,2018-04-29,5.25
OR,2018,11,18,2018-05-06,11.0
OR,2018,12,19,2018-05-13,15.25
OR,2018,13,20,2018-05-20,16.5
OR,2018,14,21,2018-05-27,20.625
OR,2018,15,22,2018-06-03,23.5
OR,2018,16,23,2018-06-10,24.625
OR,2018,26,33,2018-08-19,24.625
OR,2018,27,34,2018-08-26,25.0
OR,2018,28,35,2018-09-02,24.625
OR,2018,29,36,2018-09-09,24.625
OR,2018,30,37,2018-09-16,25.125
OR,2018,31,38,2018-09-23,25.875
OR,2018,32,39,2018-09-30,27.0
OR,2018,33,40,2018-10-07,27.125
OR,2018,34,41,2018-10-14,28.625
OR,2018,35,42,2018-10-21,31.125
OR,2018,36,43,2018-10-28,32.375
OR,2018,37,44,2018-11-04,33.5
OR,2018,38,45,2018-11-11,34.75
OR,2018,39,46,2018-11-18,35.5
OR,2018,40,47,2018-11-25,36.375
OR,2019,7,14,2019-04-07,0.375
OR,2019,8,15,2019-04-14,1.0
OR,2019,9,16,2019-04-21,2.25
OR,2019,10,17,2019-04-28,4.125
OR,2019,11,18,2019-05-05,7.5
OR,2019,12,19,2019-05-12,14.0
OR,2019,13,20,2019-05-19,16.5
OR,2019,14,21,2019-05-26,18.0
OR,2019,15,22,2019-06-02,20.25
OR,2019,16,23,2019-06-09,23.375
OR,2019,17,24,2019-06-16,24.5
OR,2019,18,25,2019-06-23,24.75
OR,2019,19,26,2019-06-30,25.0
OR,2019,20,27,2019-07-07,26.125
OR,2019,28,35,2019-09-01,26.25
OR,2019,29,36,2019-09-08,26.75
OR,2019,30,37,2019-09-15,27.25
OR,2019,31,38,2019-09-22,28.375
OR,2019,32,39,2019-09-29,29.25
OR,2019,33,40,2019-10-06,29.625
OR,2019,34,41,2019-10-13,32.25
OR,2019,35,42,2019-10-20,33.125
OR,2019,36,43,2019-10-27,34.875
OR,2019,37,44,2019-11-03,36.0
OR,2019,38,45,2019-11-10,36.75
OR,2019,39,46,2019-11-17,37.375
OR,2019,40,47,2019-11-24,38.0
OR,2020,8,15,2020-04-12,1.5
OR,2020,9,16,2020-04-19,4.5
OR,2020,10,17,2020-04-26,7.625
OR,2020,11,18,2020-05-03,10.0
OR,2020,12,19,2020-05-10,14.625
OR,2020,13,20,2020-05-17,17.875
OR,2020,14,21,2020-05-24,19.875
OR,2020,15,22,2020-05-31,21.25
OR,2020,16,23,2020-06-07,23.125
OR,2020,17,24,2020-06-14,23.875
OR,2020,19,26,2020-06-28,23.875
OR,2020,20,27,2020-07-05,23.875
OR,2020,21,28,2020-07-12,24.0
OR,2020,22,29,2020-07-19,25.5
OR,2020,23,30,2020-07-26,27.75
OR,2020,24,31,2020-08-02,29.375
OR,2020,25,32,2020-08-09,30.875
OR,2020,26,33,2020-08-16,33.875
OR,2020,27,34,2020-08-23,38.5
OR,2020,28,35,2020-08-30,43.0
OR,2020,29,36,2020-09-06,49.625
OR,2020,30,37,2020-09-13,53.875
OR,2020,31,38,2020-09-20,59.0
OR,2020,32,39,2020-09-27,66.5
OR,2020,33,40,2020-10-04,71.125
OR,2020,34,41,2020-10-11,71.875
OR,2020,35,42,2020-10-18,73.75
OR,2020,36,43,2020-10-25,77.0
OR,2020,37,44,2020-11-01,78.25
OR,2020,38,45,2020-11-08,79.625
OR,2020,39,46,2020-11-15,81.875
OR,2020,40,47,2020-11-22,82.875
OR,2020,41,48,2020-11-29,83.0
OR,2021,7,14,2021-04-11,1.0
OR,2021,8,15,2021-04-18,3.0
OR,2021,9,16,2021-04-25,3.875
OR,2021,10,17,2021-05-02,8.75
OR,2021,11,18,2021-05-09,13.25
OR,2021,12,19,2021-05-16,17.25
OR,2021,13,20,2021-05-23,20.125
OR,2021,14,21,2021-05-30,21.125
OR,2021,15,22,2021-06-06,22.75
OR,2021,16,23,2021-06-13,23.875
OR,2021,26,33,2021-08-22,23.875
OR,2021,27,34,2021-08-29,24.5
OR,2021,28,35,2021-09-05,27.125
OR,2021,29,36,2021-09-12,24.125
OR,2021,30,37,2021-09-19,24.625
OR,2021,31,38,2021-09-26,25.125
OR,2021,32,39,2021-10-03,26.625
OR,2021,33,40,2021-10-10,29.5
OR,2021,34,41,2021-10-17,30.125
OR,2021,35,42,2021-10-24,31.0
OR,2021,36,43,2021-10-31,32.625
OR,2021,37,44,2021-11-07,34.25
OR,2021,38,45,2021-11-14,34.875
OR,2021,39,46,2021-11-21,35.0
OR,2021,40,47,2021-11-28,35.75
OR,2022,7,14,2022-04-10,0.125
OR,2022,8,15,2022-04-17,0.625
OR,2022,9,16,2022-04-24,2.875
OR,2022,10,17,2022-05-01,4.5
OR,2022,11,18,2022-05-08,7.25
OR,2022,12,19,2022-05-15,9.75
OR,2022,13,20,2022-05-22,14.625
OR,2022,14,21,2022-05-29,17.5
OR,2022,15,22,2022-06-05,20.0
OR,2022,16,23,2022-06-12,20.875
OR,2022,17,24,2022-06-19,22.5
OR,2022,18,25,2022-06-26,23.5
OR,2022,19,26,2022-07-03,23.75
OR,2022,27,34,2022-08-28,23.875
OR,2022,28,35,2022-09-04,24.0
OR,2022,29,36,2022-09-11,23.75
OR,2022,30,37,2022-09-18,23.75
OR,2022,31,38,2022-09-25,24.0
OR,2022,32,39,2022-10-02,25.25
OR,2022,33,40,2022-10-09,26.5
OR,2022,34,41,2022-10-16,28.125
OR,2022,35,42,2022-10-23,30.0
OR,2022,36,43,2022-10-30,32.125
OR,2022,37,44,2022-11-06,33.875
OR,2022,38,45,2022-11-13,34.625
OR,2022,39,46,2022-11-20,35.125
OR,2022,40,47,2022-11-27,35.5
OR,2023,7,14,2023-04-09,0.0
OR,2023,8,15,2023-04-16,0.25
OR,2023,9,16,2023-04-23,1.125
OR,2023,10,17,2023-04-30,4.0
OR,2023,11,18,2023-05-07,9.75
OR,2023,12,19,2023-05-14,15.375
OR,2023,13,20,2023-05-21,18.0
OR,2023,14,21,2023-05-28,19.75
OR,2023,15,22,2023-06-04,21.125
OR,2023,16,23,2023-06-11,23.0
OR,2023,17,24,2023-06-18,23.75
OR,2023,27,34,2023-08-27,23.75
OR,2023,28,35,2023-09-03,23.75
OR,2023,29,36,2023-09-10,24.125
OR,2023,30,37,2023-09-17,24.875
OR,2023,31,38,2023-09-24,26.875
OR,2023,32,39,2023-10-01,27.75
OR,2023,33,40,2023-10-08,30.125
OR,2023,34,41,2023-10-15,31.375
OR,2023,35,42,2023-10-22,32.75
OR,2023,36,43,2023-10-29,34.375
OR,2023,37,44,2023-11-05,34.875
OR,2023,38,45,2023-11-12,35.75
OR,2024,7,14,2024-04-07,0.125
OR,2024,8,15,2024-04-14,0.375
OR,2024,9,16,2024-04-21,2.5
OR,2024,10,17,2024-04-28,5.625
OR,2024,11,18,2024-05-05,9.125
OR,2024,12,19,2024-05-12,13.375
OR,2024,13,20,2024-05-19,16.625
OR,2024,14,21,2024-05-26,20.25
OR,2024,15,22,2024-06-02,22.5
OR,2024,16,23,2024-06-09,23.0
OR,2024,17,24,2024-06-16,23.75
OR,2024,27,34,2024-08-25,23.875
OR,2024,28,35,2024-09-01,24.625
OR,2024,29,36,2024-09-08,23.875
OR,2024,30,37,2024-09-15,24.625
OR,2024,31,38,2024-09-22,25.875
OR,2024,32,39,2024-09-29,26.875
OR,2024,33,40,2024-10-06,28.0
OR,2024,34,41,2024-10-13,29.125
OR,2024,35,42,2024-10-20,30.625
OR,2024,36,43,2024-10-27,32.125
OR,2024,37,44,2024-11-03,33.625
OR,2024,38,45,2024-11-10,34.625
OR,2024,39,46,2024-11-17,35.25
OR,2024,40,47,2024-11-24,35.75
OR,2025,7,14,2025-04-06,0.125
OR,2025,8,15,2025-04-13,0.625
OR,2025,9,16,2025-04-20,2.25
OR,2025,10,17,2025-04-27,4.75
OR,2025,11,18,2025-05-04,8.0
OR,2025,12,19,2025-05-11,14.0
OR,2025,13,20,2025-05-18,17.5
OR,2025,14,21,2025-05-25,20.5
OR,2025,15,22,2025-06-01,22.75
OR,2025,16,23,2025-06-08,24.0
OR,2025,25,32,2025-08-10,24.0
OR,2025,26,33,2025-08-17,24.0
OR,2025,27,34,2025-08-24,24.0
OR,2025,28,35,2025-08-31,24.375
OR,2025,29,36,2025-09-07,24.0
OR,2025,30,37,2025-09-14,24.125
OR,2025,31,38,2025-09-21,25.375
OR,2025,32,39,2025-09-28,26.5
OR,2025,39,46,2025-11-16,35.625
OR,2025,40,47,2025-11-23,35.875
PA,2016,6,13,2016-04-03,0.125
PA,2016,7,14,2016-04-10,0.25
PA,2016,8,15,2016-04-17,0.5
PA,2016,9,16,2016-04-24,1.75
PA,2016,10,17,2016-05-01,4.5
PA,2016,11,18,2016-05-08,6.5
PA,2016,12,19,2016-05-15,9.125
PA,2016,13,20,2016-05-22,12.125
PA,2016,14,21,2016-05-29,16.5
PA,2016,15,22,2016-06-05,20.25
PA,2016,16,23,2016-06-12,23.0
PA,2016,17,24,2016-06-19,23.875
PA,2016,18,25,2016-06-26,23.875
PA,2016,19,26,2016-07-03,24.0
PA,2016,20,27,2016-07-10,25.25
PA,2016,21,28,2016-07-17,27.75
PA,2016,22,29,2016-07-24,31.25
PA,2016,23,30,2016-07-31,36.125
PA,2016,24,31,2016-08-07,39.875
PA,2016,25,32,2016-08-14,42.625
PA,2016,26,33,2016-08-21,47.75
PA,2016,27,34,2016-08-28,53.5
PA,2016,28,35,2016-09-04,56.25
PA,2016,29,36,2016-09-11,60.25
PA,2016,30,37,2016-09-18,64.5
PA,2016,31,38,2016-09-25,67.375
PA,2016,32,39,2016-10-02,71.125
PA,2016,33,40,2016-10-09,74.25
PA,2016,34,41,2016-10-16,76.5
PA,2016,35,42,2016-10-23,78.25
PA,2016,36,43,2016-10-30,80.25
PA,2016,37,44,2016-11-06,81.625
PA,2016,38,45,2016-11-13,82.875
PA,2016,39,46,2016-11-20,83.375
PA,2016,40,47,2016-11-27,84.5
PA,2017,7,14,2017-04-09,0.125
PA,2017,8,15,2017-04-16,0.25
PA,2017,9,16,2017-04-23,0.75
PA,2017,10,17,2017-04-30,1.375
PA,2017,11,18,2017-05-07,4.375
PA,2017,12,19,2017-05-14,6.875
PA,2017,13,20,2017-05-21,11.125
PA,2017,14,21,2017-05-28,16.0
PA,2017,15,22,2017-06-04,18.75
PA,2017,16,23,2017-06-11,21.125
PA,2017,17,24,2017-06-18,22.25
PA,2017,18,25,2017-06-25,23.125
PA,2017,19,26,2017-07-02,23.625
PA,2017,20,27,2017-07-09,24.375
PA,2017,21,28,2017-07-16,27.0
PA,2017,22,29,2017-07-23,30.125
PA,2017,23,30,2017-07-30,35.625
PA,2017,24,31,2017-08-06,42.25
PA,2017,25,32,2017-08-13,47.0
PA,2017,26,33,2017-08-20,51.875
PA,2017,27,34,2017-08-27,55.5
PA,2017,28,35,2017-09-03,60.25
PA,2017,29,36,2017-09-10,67.0
PA,2017,30,37,2017-09-17,73.25
PA,2017,31,38,2017-09-24,77.25
PA,2017,32,39,2017-10-01,80.25
PA,2017,33,40,2017-10-08,83.75
PA,2017,34,41,2017-10-15,86.25
PA,2017,35,42,2017-10-22,88.875
PA,2017,36,43,2017-10-29,91.125
PA,2017,37,44,2017-11-05,92.375
PA,2017,38,45,2017-11-12,94.0
PA,2017,39,46,2017-11-19,95.125
PA,2017,40,47,2017-11-26,96.125
PA,2018,7,14,2018-04-08,0.0
PA,2018,8,15,2018-04-15,0.0
PA,2018,9,16,2018-04-22,0.0
PA,2018,10,17,2018-04-29,0.125
PA,2018,11,18,2018-05-06,1.25
PA,2018,12,19,2018-05-13,4.25
PA,2018,13,20,2018-05-20,6.0
PA,2018,14,21,2018-05-27,11.375
PA,2018,15,22,2018-06-03,15.625
PA,2018,16,23,2018-06-10,19.875
PA,2018,17,24,2018-06-17,22.0
PA,2018,18,25,2018-06-24,23.0
PA,2018,19,26,2018-07-01,23.875
PA,2018,20,27,2018-07-08,25.75
PA,2018,21,28,2018-07-15,27.625
PA,2018,22,29,2018-07-22,30.875
PA,2018,23,30,2018-07-29,33.625
PA,2018,24,31,2018-08-05,38.875
PA,2018,25,32,2018-08-12,43.75
PA,2018,26,33,2018-08-19,47.625
PA,2018,27,34,2018-08-26,50.375
PA,2018,28,35,2018-09-02,55.25
PA,2018,29,36,2018-09-09,57.875
PA,2018,30,37,2018-09-16,61.875
PA,2018,31,38,2018-09-23,66.75
PA,2018,32,39,2018-09-30,69.625
PA,2018,33,40,2018-10-07,73.25
PA,2018,34,41,2018-10-14,75.0
PA,2018,35,42,2018-10-21,77.0
PA,2018,36,43,2018-10-28,78.625
PA,2018,37,44,2018-11-04,79.875
PA,2018,38,45,2018-11-11,81.0
PA,2018,39,46,2018-11-18,81.875
PA,2018,40,47,2018-11-25,82.625
PA,2019,7,14,2019-04-07,0.0
PA,2019,8,15,2019-04-14,0.0
PA,2019,9,16,2019-04-21,0.0
PA,2019,10,17,2019-04-28,0.625
PA,2019,11,18,2019-05-05,2.25
PA,2019,12,19,2019-05-12,3.625
PA,2019,13,20,2019-05-19,7.5
PA,2019,14,21,2019-05-26,13.5
PA,2019,15,22,2019-06-02,16.625
PA,2019,16,23,2019-06-09,20.375
PA,2019,17,24,2019-06-16,22.5
PA,2019,18,25,2019-06-23,23.375
PA,2019,19,26,2019-06-30,23.75
PA,2019,20,27,2019-07-07,24.0
PA,2019,21,28,2019-07-14,27.875
PA,2019,22,29,2019-07-21,32.25
PA,2019,23,30,2019-07-28,35.625
PA,2019,24,31,2019-08-04,39.5
PA,2019,25,32,2019-08-11,45.5
PA,2019,26,33,2019-08-18,51.75
PA,2019,27,34,2019-08-25,57.375
PA,2019,28,35,2019-09-01,64.25
PA,2019,29,36,2019-09-08,67.625
PA,2019,30,37,2019-09-15,71.875
PA,2019,31,38,2019-09-22,76.75
PA,2019,32,39,2019-09-29,80.875
PA,2019,33,40,2019-10-06,84.375
PA,2019,34,41,2019-10-13,86.25
PA,2019,35,42,2019-10-20,87.75
PA,2019,36,43,2019-10-27,89.375
PA,2019,37,44,2019-11-03,90.125
PA,2019,38,45,2019-11-10,91.125
PA,2019,39,46,2019-11-17,92.25
PA,2019,40,47,2019-11-24,93.75
PA,2019,41,48,2019-12-01,94.5
PA,2020,7,14,2020-04-05,0.0
PA,2020,8,15,2020-04-12,0.0
PA,2020,9,16,2020-04-19,0.0
PA,2020,10,17,2020-04-26,0.0
PA,2020,11,18,2020-05-03,0.125
PA,2020,12,19,2020-05-10,0.625
PA,2020,13,20,2020-05-17,2.0
PA,2020,14,21,2020-05-24,7.125
PA,2020,15,22,2020-05-31,14.5
PA,2020,16,23,2020-06-07,18.875
PA,2020,17,24,2020-06-14,22.375
PA,2020,18,25,2020-06-21,23.875
PA,2020,19,26,2020-06-28,24.5
PA,2020,20,27,2020-07-05,24.5
PA,2020,21,28,2020-07-12,24.75
PA,2020,22,29,2020-07-19,27.375
PA,2020,23,30,2020-07-26,31.375
PA,2020,24,31,2020-08-02,33.875
PA,2020,25,32,2020-08-09,37.125
PA,2020,26,33,2020-08-16,40.5
PA,2020,27,34,2020-08-23,43.875
PA,2020,28,35,2020-08-30,48.625
PA,2020,29,36,2020-09-06,55.0
PA,2020,30,37,2020-09-13,59.375
PA,2020,31,38,2020-09-20,64.625
PA,2020,32,39,2020-09-27,69.375
PA,2020,33,40,2020-10-04,72.375
PA,2020,34,41,2020-10-11,75.125
PA,2020,35,42,2020-10-18,76.875
PA,2020,36,43,2020-10-25,78.75
PA,2020,37,44,2020-11-01,80.0
PA,2020,38,45,2020-11-08,81.75
PA,2020,39,46,2020-11-15,82.75
PA,2020,40,47,2020-11-22,84.125
PA,2020,41,48,2020-11-29,84.75
PA,2021,6,13,2021-04-04,0.0
PA,2021,7,14,2021-04-11,0.0
PA,2021,8,15,2021-04-18,0.0
PA,2021,9,16,2021-04-25,0.125
PA,2021,10,17,2021-05-02,2.125
PA,2021,11,18,2021-05-09,4.25
PA,2021,12,19,2021-05-16,7.875
PA,2021,13,20,2021-05-23,13.25
PA,2021,14,21,2021-05-30,16.875
PA,2021,15,22,2021-06-06,19.75
PA,2021,16,23,2021-06-13,22.0
PA,2021,17,24,2021-06-20,23.875
PA,2021,18,25,2021-06-27,23.875
PA,2021,19,26,2021-07-04,23.875
PA,2021,20,27,2021-07-11,24.125
PA,2021,21,28,2021-07-18,25.0
PA,2021,22,29,2021-07-25,28.625
PA,2021,23,30,2021-08-01,31.625
PA,2021,24,31,2021-08-08,35.875
PA,2021,25,32,2021-08-15,41.5
PA,2021,26,33,2021-08-22,43.625
PA,2021,27,34,2021-08-29,49.0
PA,2021,28,35,2021-09-05,53.25
PA,2021,29,36,2021-09-12,54.875
PA,2021,30,37,2021-09-19,58.875
PA,2021,31,38,2021-09-26,64.625
PA,2021,32,39,2021-10-03,70.5
PA,2021,33,40,2021-10-10,73.375
PA,2021,34,41,2021-10-17,75.75
PA,2021,35,42,2021-10-24,78.75
PA,2021,36,43,2021-10-31,81.375
PA,2021,37,44,2021-11-07,82.625
PA,2021,38,45,2021-11-14,84.25
PA,2021,39,46,2021-11-21,84.875
PA,2021,40,47,2021-11-28,85.75
PA,2022,6,13,2022-04-03,0.0
PA,2022,7,14,2022-04-10,0.25
PA,2022,8,15,2022-04-17,0.25
PA,2022,9,16,2022-04-24,0.25
PA,2022,10,17,2022-05-01,0.625
PA,2022,11,18,2022-05-08,1.625
PA,2022,12,19,2022-05-15,4.125
PA,2022,13,20,2022-05-22,6.125
PA,2022,14,21,2022-05-29,10.75
PA,2022,15,22,2022-06-05,16.25
PA,2022,16,23,2022-06-12,19.0
PA,2022,17,24,2022-06-19,20.5
PA,2022,18,25,2022-06-26,22.5
PA,2022,19,26,2022-07-03,23.25
PA,2022,20,27,2022-07-10,24.375
PA,2022,21,28,2022-07-17,25.625
PA,2022,22,29,2022-07-24,28.0
PA,2022,23,30,2022-07-31,31.625
PA,2022,24,31,2022-08-07,37.0
PA,2022,25,32,2022-08-14,39.0
PA,2022,26,33,2022-08-21,44.25
PA,2022,27,34,2022-08-28,47.375
PA,2022,28,35,2022-09-04,50.625
PA,2022,29,36,2022-09-11,54.375
PA,2022,30,37,2022-09-18,58.5
PA,2022,31,38,2022-09-25,61.75
PA,2022,32,39,2022-10-02,66.5
PA,2022,33,40,2022-10-09,69.875
PA,2022,34,41,2022-10-16,72.125
PA,2022,35,42,2022-10-23,73.75
PA,2022,36,43,2022-10-30,77.0
PA,2022,37,44,2022-11-06,78.125
PA,2022,38,45,2022-11-13,79.375
PA,2022,39,46,2022-11-20,81.25
PA,2022,40,47,2022-11-27,82.5
PA,2023,6,13,2023-04-02,0.0
PA,2023,7,14,2023-04-09,0.0
PA,2023,8,15,2023-04-16,0.0
PA,2023,9,16,2023-04-23,1.125
PA,2023,10,17,2023-04-30,1.875
PA,2023,11,18,2023-05-07,2.375
PA,2023,12,19,2023-05-14,5.625
PA,2023,13,20,2023-05-21,11.875
PA,2023,14,21,2023-05-28,16.5
PA,2023,15,22,2023-06-04,19.5
PA,2023,16,23,2023-06-11,21.125
PA,2023,17,24,2023-06-18,22.25
PA,2023,18,25,2023-06-25,23.75
PA,2023,19,26,2023-07-02,23.75
PA,2023,20,27,2023-07-09,23.75
PA,2023,21,28,2023-07-16,24.25
PA,2023,22,29,2023-07-23,25.125
PA,2023,23,30,2023-07-30,28.875
PA,2023,24,31,2023-08-06,32.375
PA,2023,25,32,2023-08-13,34.625
PA,2023,26,33,2023-08-20,38.0
PA,2023,27,34,2023-08-27,43.625
PA,2023,28,35,2023-09-03,46.125
PA,2023,29,36,2023-09-10,50.875
PA,2023,30,37,2023-09-17,54.125
PA,2023,31,38,2023-09-24,60.5
PA,2023,32,39,2023-10-01,64.75
PA,2023,33,40,2023-10-08,67.875
PA,2023,34,41,2023-10-15,70.25
PA,2023,35,42,2023-10-22,73.25
PA,2023,36,43,2023-10-29,75.875
PA,2023,37,44,2023-11-05,77.0
PA,2023,38,45,2023-11-12,78.25
PA,2023,39,46,2023-11-19,80.0
PA,2023,40,47,2023-11-26,81.25
PA,2024,6,13,2024-03-31,0.0
PA,2024,7,14,2024-04-07,0.0
PA,2024,8,15,2024-04-14,0.0
PA,2024,9,16,2024-04-21,0.0
PA,2024,10,17,2024-04-28,0.25
PA,2024,11,18,2024-05-05,3.0
PA,2024,12,19,2024-05-12,4.0
PA,2024,13,20,2024-05-19,5.125
PA,2024,14,21,2024-05-26,9.5
PA,2024,15,22,2024-06-02,13.75
PA,2024,16,23,2024-06-09,18.75
PA,2024,17,24,2024-06-16,22.0
PA,2024,18,25,2024-06-23,23.75
PA,2024,19,26,2024-06-30,24.125
PA,2024,20,27,2024-07-07,24.75
PA,2024,21,28,2024-07-14,27.0
PA,2024,22,29,2024-07-21,28.5
PA,2024,23,30,2024-07-28,30.375
PA,2024,24,31,2024-08-04,32.5
PA,2024,25,32,2024-08-11,37.625
PA,2024,26,33,2024-08-18,40.875
PA,2024,27,34,2024-08-25,46.25
PA,2024,28,35,2024-09-01,52.25
PA,2024,29,36,2024-09-08,54.375
PA,2024,30,37,2024-09-15,57.375
PA,2024,31,38,2024-09-22,61.125
PA,2024,32,39,2024-09-29,65.0
PA,2024,33,40,2024-10-06,67.125
PA,2024,34,41,2024-10-13,70.0
PA,2024,35,42,2024-10-20,74.875
PA,2024,36,43,2024-10-27,77.5
PA,2024,37,44,2024-11-03,79.375
PA,2024,38,45,2024-11-10,80.25
PA,2024,39,46,2024-11-17,81.5
PA,2024,40,47,2024-11-24,83.0
PA,2025,7,14,2025-04-06,0.0
PA,2025,8,15,2025-04-13,0.0
PA,2025,9,16,2025-04-20,0.125
PA,2025,10,17,2025-04-27,0.25
PA,2025,11,18,2025-05-04,2.0
PA,2025,12,19,2025-05-11,4.375
PA,2025,13,20,2025-05-18,7.125
PA,2025,14,21,2025-05-25,9.625
PA,2025,15,22,2025-06-01,13.125
PA,2025,16,23,2025-06-08,17.25
PA,2025,17,24,2025-06-15,20.125
PA,2025,18,25,2025-06-22,22.375
PA,2025,19,26,2025-06-29,23.75
PA,2025,20,27,2025-07-06,24.0
PA,2025,21,28,2025-07-13,25.125
PA,2025,22,29,2025-07-20,27.375
PA,2025,23,30,2025-07-27,30.5
PA,2025,24,31,2025-08-03,35.5
PA,2025,25,32,2025-08-10,38.5
PA,2025,26,33,2025-08-17,41.625
PA,2025,27,34,2025-08-24,44.375
PA,2025,28,35,2025-08-31,48.875
PA,2025,29,36,2025-09-07,52.25
PA,2025,30,37,2025-09-14,55.625
PA,2025,31,38,2025-09-21,61.75
PA,2025,32,39,2025-09-28,64.375
PA,2025,39,46,2025-11-16,82.5
PA,2025,40,47,2025-11-23,83.625
RI,2016,9,16,2016-04-24,1.25
RI,2016,10,17,2016-05-01,1.875
RI,2016,11,18,2016-05-08,1.875
RI,2016,12,19,2016-05-15,2.0
RI,2016,13,20,2016-05-22,2.5
RI,2016,14,21,2016-05-29,10.625
RI,2016,15,22,2016-06-05,14.375
RI,2016,16,23,2016-06-12,17.375
RI,2016,17,24,2016-06-19,19.25
RI,2016,18,25,2016-06-26,21.25
RI,2016,28,35,2016-09-04,21.25
RI,2016,29,36,2016-09-11,21.25
RI,2016,30,37,2016-09-18,23.125
RI,2016,31,38,2016-09-25,24.375
RI,2016,32,39,2016-10-02,25.0
RI,2016,33,40,2016-10-09,25.625
RI,2016,34,41,2016-10-16,30.0
RI,2016,35,42,2016-10-23,31.25
RI,2017,9,16,2017-04-23,0.0
RI,2017,10,17,2017-04-30,0.0
RI,2017,11,18,2017-05-07,0.0
RI,2017,12,19,2017-05-14,0.625
RI,2017,13,20,2017-05-21,1.25
RI,2017,14,21,2017-05-28,3.125
RI,2017,15,22,2017-06-04,4.125
RI,2017,16,23,2017-06-11,6.25
RI,2017,17,24,2017-06-18,8.75
RI,2017,18,25,2017-06-25,12.5
RI,2017,19,26,2017-07-02,17.5
RI,2017,20,27,2017-07-09,18.125
RI,2017,28,35,2017-09-03,18.125
RI,2017,29,36,2017-09-10,18.125
RI,2017,30,37,2017-09-17,18.125
RI,2017,31,38,2017-09-24,18.125
RI,2017,32,39,2017-10-01,18.75
RI,2017,33,40,2017-10-08,19.375
RI,2017,34,41,2017-10-15,24.375
RI,2017,35,42,2017-10-22,27.125
RI,2017,36,43,2017-10-29,28.125
RI,2017,37,44,2017-11-05,28.75
RI,2017,38,45,2017-11-12,30.125
RI,2018,10,17,2018-04-29,0.0
RI,2018,11,18,2018-05-06,0.0
RI,2018,12,19,2018-05-13,0.0
RI,2018,13,20,2018-05-20,0.0
RI,2018,14,21,2018-05-27,5.0
RI,2018,15,22,2018-06-03,5.5
RI,2018,16,23,2018-06-10,11.875
RI,2018,17,24,2018-06-17,20.0
RI,2018,18,25,2018-06-24,21.875
RI,2018,19,26,2018-07-01,22.5
RI,2018,31,38,2018-09-23,23.25
RI,2018,32,39,2018-09-30,24.5
RI,2018,33,40,2018-10-07,27.125
RI,2018,34,41,2018-10-14,29.75
RI,2018,35,42,2018-10-21,31.75
RI,2018,36,43,2018-10-28,32.5
RI,2019,11,18,2019-05-05,1.25
RI,2019,12,19,2019-05-12,1.875
RI,2019,13,20,2019-05-19,3.125
RI,2019,14,21,2019-05-26,5.625
RI,2019,15,22,2019-06-02,11.25
RI,2019,16,23,2019-06-09,11.625
RI,2019,17,24,2019-06-16,17.5
RI,2019,18,25,2019-06-23,18.875
RI,2019,19,26,2019-06-30,22.5
RI,2019,20,27,2019-07-07,23.25
RI,2019,29,36,2019-09-08,23.25
RI,2019,30,37,2019-09-15,23.25
RI,2019,31,38,2019-09-22,23.25
RI,2019,32,39,2019-09-29,23.25
RI,2019,33,40,2019-10-06,24.5
RI,2019,34,41,2019-10-13,25.125
RI,2019,35,42,2019-10-20,30.25
RI,2019,36,43,2019-10-27,33.875
RI,2019,37,44,2019-11-03,35.125
RI,2020,8,15,2020-04-12,0.0
RI,2020,9,16,2020-04-19,0.0
RI,2020,10,17,2020-04-26,0.625
RI,2020,11,18,2020-05-03,1.875
RI,2020,12,19,2020-05-10,3.125
RI,2020,13,20,2020-05-17,3.25
RI,2020,14,21,2020-05-24,8.75
RI,2020,15,22,2020-05-31,9.125
RI,2020,16,23,2020-06-07,12.5
RI,2020,17,24,2020-06-14,15.75
RI,2020,18,25,2020-06-21,16.0
RI,2020,19,26,2020-06-28,20.5
RI,2020,20,27,2020-07-05,20.625
RI,2020,21,28,2020-07-12,21.5
RI,2020,29,36,2020-09-06,21.5
RI,2020,30,37,2020-09-13,21.5
RI,2020,31,38,2020-09-20,22.375
RI,2020,32,39,2020-09-27,23.875
RI,2020,33,40,2020-10-04,24.875
RI,2020,34,41,2020-10-11,27.5
RI,2020,35,42,2020-10-18,28.375
RI,2020,36,43,2020-10-25,32.5
RI,2020,37,44,2020-11-01,33.625
RI,2020,38,45,2020-11-08,34.0
RI,2021,9,16,2021-04-25,0.0
RI,2021,10,17,2021-05-02,0.375
RI,2021,11,18,2021-05-09,1.375
RI,2021,12,19,2021-05-16,2.25
RI,2021,13,20,2021-05-23,5.5
RI,2021,14,21,2021-05-30,5.5
RI,2021,15,22,2021-06-06,6.625
RI,2021,16,23,2021-06-13,14.5
RI,2021,17,24,2021-06-20,18.25
RI,2021,18,25,2021-06-27,20.625
RI,2021,19,26,2021-07-04,22.875
RI,2021,20,27,2021-07-11,23.75
RI,2021,28,35,2021-09-05,23.75
RI,2021,29,36,2021-09-12,24.25
RI,2021,30,37,2021-09-19,24.625
RI,2021,31,38,2021-09-26,25.875
RI,2021,32,39,2021-10-03,23.75
RI,2021,33,40,2021-10-10,29.0
RI,2021,34,41,2021-10-17,31.5
RI,2021,35,42,2021-10-24,36.25
RI,2021,36,43,2021-10-31,36.25
RI,2021,37,44,2021-11-07,36.25
RI,2022,9,16,2022-04-24,0.0
RI,2022,10,17,2022-05-01,0.0
RI,2022,11,18,2022-05-08,0.0
RI,2022,12,19,2022-05-15,1.625
RI,2022,13,20,2022-05-22,5.5
RI,2022,14,21,2022-05-29,9.375
RI,2022,15,22,2022-06-05,15.625
RI,2022,16,23,2022-06-12,21.25
RI,2022,17,24,2022-06-19,24.375
RI,2022,18,25,2022-06-26,25.0
RI,2022,19,26,2022-07-03,25.0
RI,2022,20,27,2022-07-10,25.0
RI,2022,24,31,2022-08-07,27.875
RI,2022,25,32,2022-08-14,27.875
RI,2022,28,35,2022-09-04,27.875
RI,2022,29,36,2022-09-11,27.875
RI,2022,30,37,2022-09-18,27.875
RI,2022,31,38,2022-09-25,29.625
RI,2022,32,39,2022-10-02,31.375
RI,2022,33,40,2022-10-09,36.0
RI,2022,34,41,2022-10-16,38.5
RI,2022,35,42,2022-10-23,39.75
RI,2022,36,43,2022-10-30,40.375
RI,2023,10,17,2023-04-30,0.0
RI,2023,11,18,2023-05-07,0.0
RI,2023,12,19,2023-05-14,1.875
RI,2023,13,20,2023-05-21,3.25
RI,2023,14,21,2023-05-28,9.875
RI,2023,15,22,2023-06-04,12.875
RI,2023,16,23,2023-06-11,16.625
RI,2023,17,24,2023-06-18,21.875
RI,2023,18,25,2023-06-25,23.125
RI,2023,19,26,2023-07-02,24.25
RI,2023,27,34,2023-08-27,24.25
RI,2023,28,35,2023-09-03,24.25
RI,2023,29,36,2023-09-10,24.25
RI,2023,30,37,2023-09-17,24.25
RI,2023,31,38,2023-09-24,25.875
RI,2023,32,39,2023-10-01,27.625
RI,2023,33,40,2023-10-08,29.875
RI,2023,34,41,2023-10-15,32.875
RI,2023,35,42,2023-10-22,34.25
RI,2023,36,43,2023-10-29,35.625
RI,2024,9,16,2024-04-21,0.0
RI,2024,10,17,2024-04-28,0.0
RI,2024,11,18,2024-05-05,0.0
RI,2024,12,19,2024-05-12,1.375
RI,2024,13,20,2024-05-19,3.5
RI,2024,14,21,2024-05-26,4.875
RI,2024,15,22,2024-06-02,5.5
RI,2024,16,23,2024-06-09,10.75
RI,2024,17,24,2024-06-16,18.25
RI,2024,18,25,2024-06-23,20.75
RI,2024,19,26,2024-06-30,21.625
RI,2024,28,35,2024-09-01,21.625
RI,2024,29,36,2024-09-08,21.875
RI,2024,30,37,2024-09-15,23.5
RI,2024,31,38,2024-09-22,26.625
RI,2024,32,39,2024-09-29,27.25
RI,2024,33,40,2024-10-06,28.5
RI,2024,34,41,2024-10-13,30.75
RI,2024,35,42,2024-10-20,31.625
RI,2025,15,22,2025-06-01,8.125
RI,2025,16,23,2025-06-08,8.625
RI,2025,17,24,2025-06-15,13.125
RI,2025,18,25,2025-06-22,20.625
RI,2025,19,26,2025-06-29,21.25
RI,2025,20,27,2025-07-06,23.125
RI,2025,29,36,2025-09-07,23.125
RI,2025,30,37,2025-09-14,23.125
RI,2025,31,38,2025-09-21,23.75
RI,2025,32,39,2025-09-28,29.375
SC,2016,6,13,2016-04-03,5.625
SC,2016,7,14,2016-04-10,11.125
SC,2016,8,15,2016-04-17,17.0
SC,2016,9,16,2016-04-24,21.0
SC,2016,10,17,2016-05-01,22.875
SC,2016,11,18,2016-05-08,23.75
SC,2016,14,21,2016-05-29,24.25
SC,2016,15,22,2016-06-05,26.875
SC,2016,16,23,2016-06-12,30.0
SC,2016,17,24,2016-06-19,33.0
SC,2016,18,25,2016-06-26,34.75
SC,2016,19,26,2016-07-03,35.5
SC,2016,20,27,2016-07-10,36.25
SC,2016,21,28,2016-07-17,39.75
SC,2016,22,29,2016-07-24,43.0
SC,2016,23,30,2016-07-31,44.125
SC,2016,24,31,2016-08-07,46.75
SC,2016,25,32,2016-08-14,49.25
SC,2016,26,33,2016-08-21,51.875
SC,2016,27,34,2016-08-28,56.75
SC,2016,28,35,2016-09-04,58.625
SC,2016,29,36,2016-09-11,59.0
SC,2016,30,37,2016-09-18,59.375
SC,2016,31,38,2016-09-25,59.625
SC,2016,32,39,2016-10-02,60.0
SC,2017,6,13,2017-04-02,3.5
SC,2017,7,14,2017-04-09,9.625
SC,2017,8,15,2017-04-16,14.5
SC,2017,9,16,2017-04-23,16.875
SC,2017,10,17,2017-04-30,21.875
SC,2017,11,18,2017-05-07,23.875
SC,2017,12,19,2017-05-14,24.375
SC,2017,14,21,2017-05-28,24.625
SC,2017,15,22,2017-06-04,29.125
SC,2017,16,23,2017-06-11,32.375
SC,2017,17,24,2017-06-18,35.5
SC,2017,18,25,2017-06-25,36.125
SC,2017,19,26,2017-07-02,37.375
SC,2017,20,27,2017-07-09,39.875
SC,2017,21,28,2017-07-16,42.25
SC,2017,22,29,2017-07-23,42.875
SC,2017,23,30,2017-07-30,43.875
SC,2017,24,31,2017-08-06,46.625
SC,2017,25,32,2017-08-13,49.625
SC,2017,26,33,2017-08-20,51.625
SC,2017,27,34,2017-08-27,55.125
SC,2017,28,35,2017-09-03,56.625
SC,2017,29,36,2017-09-10,57.375
SC,2017,30,37,2017-09-17,59.75
SC,2017,31,38,2017-09-24,60.375
SC,2018,6,13,2018-04-01,1.5
SC,2018,7,14,2018-04-08,5.875
SC,2018,8,15,2018-04-15,13.0
SC,2018,9,16,2018-04-22,18.0
SC,2018,10,17,2018-04-29,22.0
SC,2018,11,18,2018-05-06,23.625
SC,2018,12,19,2018-05-13,24.0
SC,2018,14,21,2018-05-27,24.0
SC,2018,15,22,2018-06-03,24.875
SC,2018,16,23,2018-06-10,29.0
SC,2018,17,24,2018-06-17,32.625
SC,2018,18,25,2018-06-24,34.625
SC,2018,19,26,2018-07-01,35.125
SC,2018,20,27,2018-07-08,36.375
SC,2018,21,28,2018-07-15,37.375
SC,2018,22,29,2018-07-22,38.25
SC,2018,23,30,2018-07-29,39.25
SC,2018,24,31,2018-08-05,40.125
SC,2018,25,32,2018-08-12,44.125
SC,2018,26,33,2018-08-19,47.125
SC,2018,27,34,2018-08-26,52.5
SC,2018,28,35,2018-09-02,55.875
SC,2018,29,36,2018-09-09,57.75
SC,2018,30,37,2018-09-16,59.0
SC,2018,31,38,2018-09-23,59.25
SC,2018,32,39,2018-09-30,60.25
SC,2019,6,13,2019-03-31,2.625
SC,2019,7,14,2019-04-07,6.5
SC,2019,8,15,2019-04-14,12.875
SC,2019,9,16,2019-04-21,18.625
SC,2019,10,17,2019-04-28,22.125
SC,2019,11,18,2019-05-05,23.75
SC,2019,12,19,2019-05-12,24.375
SC,2019,14,21,2019-05-26,24.75
SC,2019,15,22,2019-06-02,25.125
SC,2019,16,23,2019-06-09,29.0
SC,2019,17,24,2019-06-16,32.625
SC,2019,18,25,2019-06-23,34.5
SC,2019,19,26,2019-06-30,35.25
SC,2019,20,27,2019-07-07,35.875
SC,2019,21,28,2019-07-14,37.375
SC,2019,22,29,2019-07-21,38.375
SC,2019,23,30,2019-07-28,40.375
SC,2019,24,31,2019-08-04,42.0
SC,2019,25,32,2019-08-11,44.75
SC,2019,26,33,2019-08-18,49.375
SC,2019,27,34,2019-08-25,53.875
SC,2019,28,35,2019-09-01,57.0
SC,2019,29,36,2019-09-08,59.25
SC,2019,30,37,2019-09-15,60.0
SC,2019,31,38,2019-09-22,60.375
SC,2020,7,14,2020-04-05,4.125
SC,2020,8,15,2020-04-12,9.0
SC,2020,9,16,2020-04-19,16.25
SC,2020,10,17,2020-04-26,21.0
SC,2020,11,18,2020-05-03,22.75
SC,2020,12,19,2020-05-10,23.875
SC,2020,14,21,2020-05-24,24.0
SC,2020,15,22,2020-05-31,25.375
SC,2020,16,23,2020-06-07,26.375
SC,2020,17,24,2020-06-14,29.0
SC,2020,18,25,2020-06-21,31.75
SC,2020,19,26,2020-06-28,33.375
SC,2020,20,27,2020-07-05,34.5
SC,2020,21,28,2020-07-12,36.625
SC,2020,22,29,2020-07-19,37.625
SC,2020,23,30,2020-07-26,39.875
SC,2020,24,31,2020-08-02,42.375
SC,2020,25,32,2020-08-09,45.75
SC,2020,26,33,2020-08-16,47.625
SC,2020,27,34,2020-08-23,51.5
SC,2020,28,35,2020-08-30,53.25
SC,2020,29,36,2020-09-06,56.625
SC,2020,30,37,2020-09-13,57.875
SC,2020,31,38,2020-09-20,58.75
SC,2020,32,39,2020-09-27,59.625
SC,2020,33,40,2020-10-04,59.875
SC,2020,34,41,2020-10-11,60.125
SC,2021,6,13,2021-04-04,4.875
SC,2021,7,14,2021-04-11,10.0
SC,2021,8,15,2021-04-18,16.25
SC,2021,9,16,2021-04-25,19.875
SC,2021,10,17,2021-05-02,22.375
SC,2021,11,18,2021-05-09,23.875
SC,2021,13,20,2021-05-23,23.875
SC,2021,14,21,2021-05-30,24.0
SC,2021,15,22,2021-06-06,27.0
SC,2021,16,23,2021-06-13,29.25
SC,2021,17,24,2021-06-20,32.0
SC,2021,18,25,2021-06-27,34.625
SC,2021,19,26,2021-07-04,36.375
SC,2021,20,27,2021-07-11,37.125
SC,2021,21,28,2021-07-18,39.0
SC,2021,22,29,2021-07-25,40.75
SC,2021,23,30,2021-08-01,42.125
SC,2021,24,31,2021-08-08,44.375
SC,2021,25,32,2021-08-15,47.0
SC,2021,26,33,2021-08-22,48.75
SC,2021,27,34,2021-08-29,51.75
SC,2021,28,35,2021-09-05,55.25
SC,2021,29,36,2021-09-12,57.625
SC,2021,30,37,2021-09-19,58.375
SC,2021,31,38,2021-09-26,59.0
SC,2021,32,39,2021-10-03,59.375
SC,2021,33,40,2021-10-10,59.625
SC,2021,34,41,2021-10-17,59.75
SC,2022,6,13,2022-04-03,3.625
SC,2022,7,14,2022-04-10,6.25
SC,2022,8,15,2022-04-17,12.25
SC,2022,9,16,2022-04-24,18.5
SC,2022,10,17,2022-05-01,22.5
SC,2022,11,18,2022-05-08,23.25
SC,2022,12,19,2022-05-15,24.0
SC,2022,14,21,2022-05-29,24.25
SC,2022,15,22,2022-06-05,26.875
SC,2022,16,23,2022-06-12,28.625
SC,2022,17,24,2022-06-19,32.25
SC,2022,18,25,2022-06-26,35.0
SC,2022,19,26,2022-07-03,36.125
SC,2022,20,27,2022-07-10,38.25
SC,2022,21,28,2022-07-17,40.625
SC,2022,22,29,2022-07-24,42.375
SC,2022,23,30,2022-07-31,43.375
SC,2022,24,31,2022-08-07,45.125
SC,2022,25,32,2022-08-14,46.5
SC,2022,26,33,2022-08-21,48.625
SC,2022,27,34,2022-08-28,52.625
SC,2022,28,35,2022-09-04,55.0
SC,2022,29,36,2022-09-11,56.5
SC,2022,30,37,2022-09-18,57.625
SC,2022,31,38,2022-09-25,59.125
SC,2022,32,39,2022-10-02,59.75
SC,2022,33,40,2022-10-09,60.25
SC,2023,6,13,2023-04-02,3.75
SC,2023,7,14,2023-04-09,7.75
SC,2023,8,15,2023-04-16,14.25
SC,2023,9,16,2023-04-23,18.25
SC,2023,10,17,2023-04-30,20.75
SC,2023,11,18,2023-05-07,22.875
SC,2023,12,19,2023-05-14,23.5
SC,2023,13,20,2023-05-21,24.25
SC,2023,14,21,2023-05-28,24.5
SC,2023,15,22,2023-06-04,25.375
SC,2023,16,23,2023-06-11,28.75
SC,2023,17,24,2023-06-18,31.75
SC,2023,18,25,2023-06-25,33.5
SC,2023,19,26,2023-07-02,35.125
SC,2023,20,27,2023-07-09,38.0
SC,2023,21,28,2023-07-16,40.125
SC,2023,22,29,2023-07-23,41.5
SC,2023,23,30,2023-07-30,43.375
SC,2023,24,31,2023-08-06,45.375
SC,2023,25,32,2023-08-13,47.125
SC,2023,26,33,2023-08-20,50.125
SC,2023,27,34,2023-08-27,52.5
SC,2023,28,35,2023-09-03,55.375
SC,2023,29,36,2023-09-10,57.5
SC,2023,30,37,2023-09-17,58.5
SC,2023,31,38,2023-09-24,59.625
SC,2023,32,39,2023-10-01,60.0
SC,2023,33,40,2023-10-08,60.375
SC,2024,6,13,2024-03-31,2.375
SC,2024,7,14,2024-04-07,4.875
SC,2024,8,15,2024-04-14,10.5
SC,2024,9,16,2024-04-21,16.0
SC,2024,10,17,2024-04-28,20.25
SC,2024,11,18,2024-05-05,22.0
SC,2024,12,19,2024-05-12,23.25
SC,2024,13,20,2024-05-19,24.25
SC,2024,14,21,2024-05-26,25.25
SC,2024,15,22,2024-06-02,26.75
SC,2024,16,23,2024-06-09,29.625
SC,2024,17,24,2024-06-16,32.5
SC,2024,18,25,2024-06-23,35.625
SC,2024,19,26,2024-06-30,36.875
SC,2024,20,27,2024-07-07,39.75
SC,2024,21,28,2024-07-14,42.0
SC,2024,22,29,2024-07-21,43.25
SC,2024,23,30,2024-07-28,45.0
SC,2024,24,31,2024-08-04,47.0
SC,2024,25,32,2024-08-11,48.5
SC,2024,26,33,2024-08-18,50.125
SC,2024,27,34,2024-08-25,53.25
SC,2024,28,35,2024-09-01,56.125
SC,2024,29,36,2024-09-08,58.0
SC,2024,30,37,2024-09-15,59.0
SC,2024,31,38,2024-09-22,60.25
SC,2024,32,39,2024-09-29,60.75
SC,2024,33,40,2024-10-06,61.125
SC,2025,7,14,2025-04-06,4.5
SC,2025,8,15,2025-04-13,8.875
SC,2025,9,16,2025-04-20,14.625
SC,2025,10,17,2025-04-27,19.125
SC,2025,11,18,2025-05-04,22.0
SC,2025,12,19,2025-05-11,23.375
SC,2025,13,20,2025-05-18,24.375
SC,2025,14,21,2025-05-25,24.75
SC,2025,15,22,2025-06-01,25.875
SC,2025,16,23,2025-06-08,29.5
SC,2025,17,24,2025-06-15,32.5
SC,2025,18,25,2025-06-22,35.125
SC,2025,19,26,2025-06-29,36.25
SC,2025,20,27,2025-07-06,38.375
SC,2025,21,28,2025-07-13,41.0
SC,2025,22,29,2025-07-20,41.625
SC,2025,23,30,2025-07-27,43.25
SC,2025,24,31,2025-08-03,44.875
SC,2025,25,32,2025-08-10,46.375
SC,2025,26,33,2025-08-17,48.125
SC,2025,27,34,2025-08-24,51.5
SC,2025,28,35,2025-08-31,53.75
SC,2025,29,36,2025-09-07,56.0
SC,2025,30,37,2025-09-14,57.5
SC,2025,31,38,2025-09-21,58.875
SC,2025,32,39,2025-09-28,60.0
SD,2016,7,14,2016-04-10,0.0
SD,2016,8,15,2016-04-17,0.125
SD,2016,9,16,2016-04-24,0.75
SD,2016,10,17,2016-05-01,1.5
SD,2016,11,18,2016-05-08,5.375
SD,2016,12,19,2016-05-15,9.875
SD,2016,13,20,2016-05-22,15.75
SD,2016,14,21,2016-05-29,19.875
SD,2016,15,22,2016-06-05,22.625
SD,2016,16,23,2016-06-12,23.75
SD,2016,17,24,2016-06-19,24.25
SD,2016,18,25,2016-06-26,24.25
SD,2016,19,26,2016-07-03,24.5
SD,2016,20,27,2016-07-10,26.625
SD,2016,21,28,2016-07-17,28.875
SD,2016,22,29,2016-07-24,33.25
SD,2016,23,30,2016-07-31,37.125
SD,2016,24,31,2016-08-07,42.25
SD,2016,25,32,2016-08-14,45.875
SD,2016,26,33,2016-08-21,49.5
SD,2016,27,34,2016-08-28,53.875
SD,2016,28,35,2016-09-04,57.25
SD,2016,29,36,2016-09-11,60.625
SD,2016,30,37,2016-09-18,64.75
SD,2016,31,38,2016-09-25,68.875
SD,2016,32,39,2016-10-02,71.625
SD,2016,33,40,2016-10-09,74.25
SD,2016,34,41,2016-10-16,76.25
SD,2016,35,42,2016-10-23,78.25
SD,2016,36,43,2016-10-30,80.125
SD,2016,37,44,2016-11-06,82.5
SD,2016,38,45,2016-11-13,83.875
SD,2016,39,46,2016-11-20,84.5
SD,2017,7,14,2017-04-09,0.0
SD,2017,8,15,2017-04-16,0.0
SD,2017,9,16,2017-04-23,0.375
SD,2017,10,17,2017-04-30,0.875
SD,2017,11,18,2017-05-07,4.125
SD,2017,12,19,2017-05-14,11.5
SD,2017,13,20,2017-05-21,16.875
SD,2017,14,21,2017-05-28,21.125
SD,2017,15,22,2017-06-04,23.625
SD,2017,16,23,2017-06-11,24.625
SD,2017,17,24,2017-06-18,24.875
SD,2017,18,25,2017-06-25,24.875
SD,2017,19,26,2017-07-02,24.875
SD,2017,20,27,2017-07-09,25.125
SD,2017,21,28,2017-07-16,26.25
SD,2017,22,29,2017-07-23,30.75
SD,2017,23,30,2017-07-30,36.125
SD,2017,24,31,2017-08-06,40.5
SD,2017,25,32,2017-08-13,43.0
SD,2017,26,33,2017-08-20,46.625
SD,2017,27,34,2017-08-27,49.625
SD,2017,28,35,2017-09-03,53.625
SD,2017,29,36,2017-09-10,57.0
SD,2017,30,37,2017-09-17,60.375
SD,2017,31,38,2017-09-24,64.25
SD,2017,32,39,2017-10-01,67.75
SD,2017,33,40,2017-10-08,70.625
SD,2017,34,41,2017-10-15,73.375
SD,2017,35,42,2017-10-22,75.125
SD,2017,36,43,2017-10-29,77.125
SD,2017,37,44,2017-11-05,80.375
SD,2017,38,45,2017-11-12,83.0
SD,2017,39,46,2017-11-19,84.25
SD,2017,40,47,2017-11-26,84.875
SD,2018,7,14,2018-04-08,0.0
SD,2018,8,15,2018-04-15,0.0
SD,2018,9,16,2018-04-22,0.0
SD,2018,10,17,2018-04-29,0.0
SD,2018,11,18,2018-05-06,0.75
SD,2018,12,19,2018-05-13,2.75
SD,2018,13,20,2018-05-20,10.125
SD,2018,14,21,2018-05-27,17.625
SD,2018,15,22,2018-06-03,22.125
SD,2018,16,23,2018-06-10,24.0
SD,2018,17,24,2018-06-17,24.375
SD,2018,18,25,2018-06-24,24.375
SD,2018,19,26,2018-07-01,24.375
SD,2018,20,27,2018-07-08,25.625
SD,2018,21,28,2018-07-15,30.5
SD,2018,22,29,2018-07-22,35.125
SD,2018,23,30,2018-07-29,40.375
SD,2018,24,31,2018-08-05,43.5
SD,2018,25,32,2018-08-12,46.75
SD,2018,26,33,2018-08-19,52.125
SD,2018,27,34,2018-08-26,55.5
SD,2018,28,35,2018-09-02,59.5
SD,2018,29,36,2018-09-09,63.5
SD,2018,30,37,2018-09-16,66.25
SD,2018,31,38,2018-09-23,69.875
SD,2018,32,39,2018-09-30,72.625
SD,2018,33,40,2018-10-07,74.25
SD,2018,34,41,2018-10-14,74.875
SD,2018,35,42,2018-10-21,76.375
SD,2018,36,43,2018-10-28,78.75
SD,2018,37,44,2018-11-04,81.0
SD,2018,38,45,2018-11-11,82.5
SD,2018,39,46,2018-11-18,83.875
SD,2018,40,47,2018-11-25,84.875
SD,2019,7,14,2019-04-07,0.0
SD,2019,8,15,2019-04-14,0.0
SD,2019,9,16,2019-04-21,0.0
SD,2019,10,17,2019-04-28,0.0
SD,2019,11,18,2019-05-05,0.0
SD,2019,12,19,2019-05-12,0.5
SD,2019,13,20,2019-05-19,2.375
SD,2019,14,21,2019-05-26,3.375
SD,2019,15,22,2019-06-02,7.125
SD,2019,16,23,2019-06-09,12.25
SD,2019,17,24,2019-06-16,16.75
SD,2019,18,25,2019-06-23,21.75
SD,2019,19,26,2019-06-30,23.875
SD,2019,20,27,2019-07-07,24.375
SD,2019,21,28,2019-07-14,24.375
SD,2019,22,29,2019-07-21,25.5
SD,2019,23,30,2019-07-28,28.0
SD,2019,24,31,2019-08-04,33.25
SD,2019,25,32,2019-08-11,38.25
SD,2019,26,33,2019-08-18,41.25
SD,2019,27,34,2019-08-25,44.375
SD,2019,28,35,2019-09-01,48.25
SD,2019,29,36,2019-09-08,51.75
SD,2019,30,37,2019-09-15,55.125
SD,2019,31,38,2019-09-22,59.0
SD,2019,32,39,2019-09-29,62.75
SD,2019,33,40,2019-10-06,64.75
SD,2019,34,41,2019-10-13,67.75
SD,2019,35,42,2019-10-20,70.875
SD,2019,36,43,2019-10-27,73.25
SD,2019,37,44,2019-11-03,75.75
SD,2019,38,45,2019-11-10,77.25
SD,2019,39,46,2019-11-17,79.0
SD,2019,40,47,2019-11-24,80.875
SD,2019,41,48,2019-12-01,82.375
SD,2020,8,15,2020-04-12,0.0
SD,2020,9,16,2020-04-19,0.0
SD,2020,10,17,2020-04-26,1.0
SD,2020,11,18,2020-05-03,4.75
SD,2020,12,19,2020-05-10,7.25
SD,2020,13,20,2020-05-17,10.875
SD,2020,14,21,2020-05-24,16.25
SD,2020,15,22,2020-05-31,20.875
SD,2020,16,23,2020-06-07,23.5
SD,2020,17,24,2020-06-14,24.625
SD,2020,18,25,2020-06-21,24.875
SD,2020,19,26,2020-06-28,24.875
SD,2020,20,27,2020-07-05,24.875
SD,2020,21,28,2020-07-12,26.875
SD,2020,22,29,2020-07-19,30.0
SD,2020,23,30,2020-07-26,36.625
SD,2020,24,31,2020-08-02,40.0
SD,2020,25,32,2020-08-09,43.25
SD,2020,26,33,2020-08-16,47.0
SD,2020,27,34,2020-08-23,51.625
SD,2020,28,35,2020-08-30,55.875
SD,2020,29,36,2020-09-06,60.75
SD,2020,30,37,2020-09-13,65.75
SD,2020,31,38,2020-09-20,69.25
SD,2020,32,39,2020-09-27,71.875
SD,2020,33,40,2020-10-04,74.5
SD,2020,34,41,2020-10-11,77.375
SD,2020,35,42,2020-10-18,80.875
SD,2020,36,43,2020-10-25,82.75
SD,2020,37,44,2020-11-01,83.5
SD,2020,38,45,2020-11-08,84.375
SD,2020,39,46,2020-11-15,84.75
SD,2021,6,13,2021-04-04,0.0
SD,2021,7,14,2021-04-11,0.0
SD,2021,8,15,2021-04-18,0.125
SD,2021,9,16,2021-04-25,0.5
SD,2021,10,17,2021-05-02,3.125
SD,2021,11,18,2021-05-09,8.625
SD,2021,12,19,2021-05-16,13.125
SD,2021,13,20,2021-05-23,18.5
SD,2021,14,21,2021-05-30,22.5
SD,2021,15,22,2021-06-06,24.0
SD,2021,16,23,2021-06-13,24.5
SD,2021,17,24,2021-06-20,24.625
SD,2021,18,25,2021-06-27,25.0
SD,2021,19,26,2021-07-04,25.25
SD,2021,20,27,2021-07-11,25.625
SD,2021,21,28,2021-07-18,28.375
SD,2021,22,29,2021-07-25,34.875
SD,2021,23,30,2021-08-01,38.25
SD,2021,24,31,2021-08-08,42.375
SD,2021,25,32,2021-08-15,47.25
SD,2021,26,33,2021-08-22,51.625
SD,2021,27,34,2021-08-29,54.5
SD,2021,28,35,2021-09-05,60.0
SD,2021,29,36,2021-09-12,64.25
SD,2021,30,37,2021-09-19,67.875
SD,2021,31,38,2021-09-26,71.5
SD,2021,32,39,2021-10-03,74.625
SD,2021,33,40,2021-10-10,77.375
SD,2021,34,41,2021-10-17,79.875
SD,2021,35,42,2021-10-24,81.5
SD,2021,36,43,2021-10-31,82.375
SD,2021,37,44,2021-11-07,83.625
SD,2021,38,45,2021-11-14,84.625
SD,2021,39,46,2021-11-21,85.125
SD,2021,40,47,2021-11-28,85.5
SD,2022,6,13,2022-04-03,0.0
SD,2022,7,14,2022-04-10,0.0
SD,2022,8,15,2022-04-17,0.0
SD,2022,9,16,2022-04-24,0.125
SD,2022,10,17,2022-05-01,0.375
SD,2022,11,18,2022-05-08,1.375
SD,2022,12,19,2022-05-15,4.0
SD,2022,13,20,2022-05-22,9.125
SD,2022,14,21,2022-05-29,16.25
SD,2022,15,22,2022-06-05,20.125
SD,2022,16,23,2022-06-12,22.75
SD,2022,17,24,2022-06-19,24.375
SD,2022,18,25,2022-06-26,24.875
SD,2022,19,26,2022-07-03,24.875
SD,2022,20,27,2022-07-10,24.875
SD,2022,21,28,2022-07-17,26.5
SD,2022,22,29,2022-07-24,30.125
SD,2022,23,30,2022-07-31,35.875
SD,2022,24,31,2022-08-07,40.125
SD,2022,25,32,2022-08-14,44.125
SD,2022,26,33,2022-08-21,47.75
SD,2022,27,34,2022-08-28,51.875
SD,2022,28,35,2022-09-04,56.625
SD,2022,29,36,2022-09-11,60.875
SD,2022,30,37,2022-09-18,65.25
SD,2022,31,38,2022-09-25,69.625
SD,2022,32,39,2022-10-02,73.125
SD,2022,33,40,2022-10-09,76.0
SD,2022,34,41,2022-10-16,79.25
SD,2022,35,42,2022-10-23,82.0
SD,2022,36,43,2022-10-30,84.25
SD,2022,37,44,2022-11-06,85.375
SD,2022,38,45,2022-11-13,86.0
SD,2022,39,46,2022-11-20,86.375
SD,2022,40,47,2022-11-27,86.5
SD,2023,6,13,2023-04-02,0.0
SD,2023,7,14,2023-04-09,0.0
SD,2023,8,15,2023-04-16,0.0
SD,2023,9,16,2023-04-23,0.0
SD,2023,10,17,2023-04-30,0.125
SD,2023,11,18,2023-05-07,3.25
SD,2023,12,19,2023-05-14,7.125
SD,2023,13,20,2023-05-21,13.25
SD,2023,14,21,2023-05-28,19.375
SD,2023,15,22,2023-06-04,22.625
SD,2023,16,23,2023-06-11,24.125
SD,2023,17,24,2023-06-18,24.5
SD,2023,18,25,2023-06-25,24.625
SD,2023,19,26,2023-07-02,24.75
SD,2023,20,27,2023-07-09,25.5
SD,2023,21,28,2023-07-16,29.0
SD,2023,22,29,2023-07-23,33.375
SD,2023,23,30,2023-07-30,37.625
SD,2023,24,31,2023-08-06,41.375
SD,2023,25,32,2023-08-13,44.875
SD,2023,26,33,2023-08-20,49.0
SD,2023,27,34,2023-08-27,52.125
SD,2023,28,35,2023-09-03,57.125
SD,2023,29,36,2023-09-10,60.625
SD,2023,30,37,2023-09-17,64.375
SD,2023,31,38,2023-09-24,69.25
SD,2023,32,39,2023-10-01,72.625
SD,2023,33,40,2023-10-08,75.375
SD,2023,34,41,2023-10-15,77.375
SD,2023,35,42,2023-10-22,78.75
SD,2023,36,43,2023-10-29,80.25
SD,2023,37,44,2023-11-05,82.25
SD,2023,38,45,2023-11-12,83.625
SD,2023,39,46,2023-11-19,84.375
SD,2023,40,47,2023-11-26,84.75
SD,2024,6,13,2024-03-31,0.0
SD,2024,7,14,2024-04-07,0.0
SD,2024,8,15,2024-04-14,0.125
SD,2024,9,16,2024-04-21,0.375
SD,2024,10,17,2024-04-28,1.625
SD,2024,11,18,2024-05-05,2.375
SD,2024,12,19,2024-05-12,4.375
SD,2024,13,20,2024-05-19,10.375
SD,2024,14,21,2024-05-26,16.0
SD,2024,15,22,2024-06-02,20.25
SD,2024,16,23,2024-06-09,22.625
SD,2024,17,24,2024-06-16,23.625
SD,2024,18,25,2024-06-23,24.75
SD,2024,19,26,2024-06-30,24.75
SD,2024,20,27,2024-07-07,25.25
SD,2024,21,28,2024-07-14,25.375
SD,2024,22,29,2024-07-21,27.875
SD,2024,23,30,2024-07-28,34.125
SD,2024,24,31,2024-08-04,38.625
SD,2024,25,32,2024-08-11,43.25
SD,2024,26,33,2024-08-18,46.625
SD,2024,27,34,2024-08-25,50.25
SD,2024,28,35,2024-09-01,54.0
SD,2024,29,36,2024-09-08,58.125
SD,2024,30,37,2024-09-15,62.0
SD,2024,31,38,2024-09-22,65.25
SD,2024,32,39,2024-09-29,69.625
SD,2024,33,40,2024-10-06,72.625
SD,2024,34,41,2024-10-13,76.375
SD,2024,35,42,2024-10-20,80.0
SD,2024,36,43,2024-10-27,82.75
SD,2024,37,44,2024-11-03,84.125
SD,2024,38,45,2024-11-10,84.75
SD,2024,39,46,2024-11-17,85.125
SD,2025,7,14,2025-04-06,0.0
SD,2025,8,15,2025-04-13,0.0
SD,2025,9,16,2025-04-20,0.875
SD,2025,10,17,2025-04-27,2.875
SD,2025,11,18,2025-05-04,5.375
SD,2025,12,19,2025-05-11,11.25
SD,2025,13,20,2025-05-18,16.875
SD,2025,14,21,2025-05-25,20.25
SD,2025,15,22,2025-06-01,22.25
SD,2025,16,23,2025-06-08,23.75
SD,2025,17,24,2025-06-15,24.75
SD,2025,18,25,2025-06-22,25.0
SD,2025,19,26,2025-06-29,25.125
SD,2025,20,27,2025-07-06,25.375
SD,2025,21,28,2025-07-13,26.875
SD,2025,22,29,2025-07-20,29.75
SD,2025,23,30,2025-07-27,34.75
SD,2025,24,31,2025-08-03,39.625
SD,2025,25,32,2025-08-10,43.25
SD,2025,26,33,2025-08-17,48.25
SD,2025,27,34,2025-08-24,53.0
SD,2025,28,35,2025-08-31,56.5
SD,2025,29,36,2025-09-07,60.25
SD,2025,30,37,2025-09-14,64.25
SD,2025,31,38,2025-09-21,67.0
SD,2025,32,39,2025-09-28,69.875
SD,2025,39,46,2025-11-16,80.5
SD,2025,40,47,2025-11-23,80.875
TN,2016,6,13,2016-04-03,0.75
TN,2016,7,14,2016-04-10,2.125
TN,2016,8,15,2016-04-17,4.375
TN,2016,9,16,2016-04-24,10.0
TN,2016,10,17,2016-05-01,15.625
TN,2016,11,18,2016-05-08,19.75
TN,2016,12,19,2016-05-15,21.875
TN,2016,13,20,2016-05-22,23.25
TN,2016,14,21,2016-05-29,24.0
TN,2016,15,22,2016-06-05,24.375
TN,2016,16,23,2016-06-12,24.75
TN,2016,17,24,2016-06-19,24.75
TN,2016,18,25,2016-06-26,27.75
TN,2016,19,26,2016-07-03,31.625
TN,2016,20,27,2016-07-10,36.25
TN,2016,21,28,2016-07-17,40.5
TN,2016,22,29,2016-07-24,46.125
TN,2016,23,30,2016-07-31,51.0
TN,2016,24,31,2016-08-07,54.25
TN,2016,25,32,2016-08-14,56.875
TN,2016,26,33,2016-08-21,61.25
TN,2016,27,34,2016-08-28,66.25
TN,2016,28,35,2016-09-04,72.25
TN,2016,29,36,2016-09-11,77.125
TN,2016,30,37,2016-09-18,81.125
TN,2016,31,38,2016-09-25,84.125
TN,2016,32,39,2016-10-02,85.5
TN,2016,33,40,2016-10-09,86.125
TN,2016,34,41,2016-10-16,86.625
TN,2016,35,42,2016-10-23,86.75
TN,2016,36,43,2016-10-30,86.875
TN,2016,37,44,2016-11-06,87.0
TN,2016,38,45,2016-11-13,87.0
TN,2016,39,46,2016-11-20,87.0
TN,2017,6,13,2017-04-02,0.125
TN,2017,7,14,2017-04-09,0.875
TN,2017,8,15,2017-04-16,3.0
TN,2017,9,16,2017-04-23,8.25
TN,2017,10,17,2017-04-30,13.25
TN,2017,11,18,2017-05-07,17.25
TN,2017,12,19,2017-05-14,20.375
TN,2017,13,20,2017-05-21,22.25
TN,2017,14,21,2017-05-28,23.375
TN,2017,15,22,2017-06-04,24.125
TN,2017,16,23,2017-06-11,24.625
TN,2017,17,24,2017-06-18,26.25
TN,2017,18,25,2017-06-25,29.625
TN,2017,19,26,2017-07-02,32.5
TN,2017,20,27,2017-07-09,36.625
TN,2017,21,28,2017-07-16,40.0
TN,2017,22,29,2017-07-23,43.875
TN,2017,23,30,2017-07-30,45.625
TN,2017,24,31,2017-08-06,51.375
TN,2017,25,32,2017-08-13,55.125
TN,2017,26,33,2017-08-20,60.875
TN,2017,27,34,2017-08-27,65.375
TN,2017,28,35,2017-09-03,69.625
TN,2017,29,36,2017-09-10,74.75
TN,2017,30,37,2017-09-17,78.625
TN,2017,31,38,2017-09-24,81.375
TN,2017,32,39,2017-10-01,83.5
TN,2017,33,40,2017-10-08,85.0
TN,2017,34,41,2017-10-15,86.0
TN,2017,35,42,2017-10-22,86.625
TN,2017,36,43,2017-10-29,86.875
TN,2017,37,44,2017-11-05,87.0
TN,2017,38,45,2017-11-12,87.125
TN,2017,39,46,2017-11-19,87.25
TN,2017,40,47,2017-11-26,87.25
TN,2018,6,13,2018-04-01,0.125
TN,2018,7,14,2018-04-08,0.25
TN,2018,8,15,2018-04-15,1.375
TN,2018,9,16,2018-04-22,3.875
TN,2018,10,17,2018-04-29,5.5
TN,2018,11,18,2018-05-06,10.875
TN,2018,12,19,2018-05-13,18.375
TN,2018,13,20,2018-05-20,21.625
TN,2018,14,21,2018-05-27,23.25
TN,2018,15,22,2018-06-03,24.125
TN,2018,16,23,2018-06-10,24.75
TN,2018,17,24,2018-06-17,25.875
TN,2018,18,25,2018-06-24,29.0
TN,2018,19,26,2018-07-01,32.75
TN,2018,20,27,2018-07-08,38.375
TN,2018,21,28,2018-07-15,41.375
TN,2018,22,29,2018-07-22,44.75
TN,2018,23,30,2018-07-29,46.625
TN,2018,24,31,2018-08-05,51.125
TN,2018,25,32,2018-08-12,56.125
TN,2018,26,33,2018-08-19,59.25
TN,2018,27,34,2018-08-26,63.875
TN,2018,28,35,2018-09-02,68.5
TN,2018,29,36,2018-09-09,74.0
TN,2018,30,37,2018-09-16,77.75
TN,2018,31,38,2018-09-23,81.5
TN,2018,32,39,2018-09-30,82.5
TN,2018,33,40,2018-10-07,84.5
TN,2018,34,41,2018-10-14,85.75
TN,2018,35,42,2018-10-21,86.25
TN,2018,36,43,2018-10-28,86.625
TN,2018,37,44,2018-11-04,86.75
TN,2018,38,45,2018-11-11,87.0
TN,2018,39,46,2018-11-18,87.25
TN,2018,40,47,2018-11-25,87.25
TN,2019,6,13,2019-03-31,0.125
TN,2019,7,14,2019-04-07,1.0
TN,2019,8,15,2019-04-14,2.25
TN,2019,9,16,2019-04-21,4.125
TN,2019,10,17,2019-04-28,7.5
TN,2019,11,18,2019-05-05,12.625
TN,2019,12,19,2019-05-12,17.0
TN,2019,13,20,2019-05-19,19.625
TN,2019,14,21,2019-05-26,21.75
TN,2019,15,22,2019-06-02,23.0
TN,2019,16,23,2019-06-09,24.25
TN,2019,17,24,2019-06-16,25.75
TN,2019,18,25,2019-06-23,28.625
TN,2019,19,26,2019-06-30,32.125
TN,2019,20,27,2019-07-07,35.375
TN,2019,21,28,2019-07-14,39.125
TN,2019,22,29,2019-07-21,41.625
TN,2019,23,30,2019-07-28,45.0
TN,2019,24,31,2019-08-04,49.75
TN,2019,25,32,2019-08-11,54.0
TN,2019,26,33,2019-08-18,57.375
TN,2019,27,34,2019-08-25,62.125
TN,2019,28,35,2019-09-01,66.5
TN,2019,29,36,2019-09-08,71.625
TN,2019,30,37,2019-09-15,77.375
TN,2019,31,38,2019-09-22,81.375
TN,2019,32,39,2019-09-29,84.0
TN,2019,33,40,2019-10-06,86.0
TN,2019,34,41,2019-10-13,86.5
TN,2019,35,42,2019-10-20,87.0
TN,2019,36,43,2019-10-27,87.25
TN,2019,37,44,2019-11-03,87.375
TN,2019,38,45,2019-11-10,87.5
TN,2019,39,46,2019-11-17,87.5
TN,2019,40,47,2019-11-24,87.5
TN,2019,41,48,2019-12-01,87.5
TN,2020,7,14,2020-04-05,0.125
TN,2020,8,15,2020-04-12,1.5
TN,2020,9,16,2020-04-19,3.25
TN,2020,10,17,2020-04-26,6.0
TN,2020,11,18,2020-05-03,10.0
TN,2020,12,19,2020-05-10,13.875
TN,2020,13,20,2020-05-17,17.375
TN,2020,14,21,2020-05-24,19.625
TN,2020,15,22,2020-05-31,21.0
TN,2020,16,23,2020-06-07,22.75
TN,2020,17,24,2020-06-14,24.25
TN,2020,18,25,2020-06-21,24.625
TN,2020,19,26,2020-06-28,26.125
TN,2020,20,27,2020-07-05,30.125
TN,2020,21,28,2020-07-12,34.375
TN,2020,22,29,2020-07-19,38.5
TN,2020,23,30,2020-07-26,40.25
TN,2020,24,31,2020-08-02,43.125
TN,2020,25,32,2020-08-09,46.375
TN,2020,26,33,2020-08-16,52.625
TN,2020,27,34,2020-08-23,56.75
TN,2020,28,35,2020-08-30,61.125
TN,2020,29,36,2020-09-06,66.125
TN,2020,30,37,2020-09-13,70.125
TN,2020,31,38,2020-09-20,74.375
TN,2020,32,39,2020-09-27,77.5
TN,2020,33,40,2020-10-04,81.0
TN,2020,34,41,2020-10-11,83.5
TN,2020,35,42,2020-10-18,84.375
TN,2020,36,43,2020-10-25,85.375
TN,2020,37,44,2020-11-01,85.75
TN,2020,38,45,2020-11-08,86.125
TN,2020,39,46,2020-11-15,86.375
TN,2021,6,13,2021-04-04,0.125
TN,2021,7,14,2021-04-11,1.375
TN,2021,8,15,2021-04-18,3.875
TN,2021,9,16,2021-04-25,8.25
TN,2021,10,17,2021-05-02,12.5
TN,2021,11,18,2021-05-09,15.875
TN,2021,12,19,2021-05-16,19.0
TN,2021,13,20,2021-05-23,21.5
TN,2021,14,21,2021-05-30,23.125
TN,2021,15,22,2021-06-06,24.375
TN,2021,16,23,2021-06-13,24.75
TN,2021,17,24,2021-06-20,25.75
TN,2021,18,25,2021-06-27,27.625
TN,2021,19,26,2021-07-04,30.75
TN,2021,20,27,2021-07-11,35.0
TN,2021,21,28,2021-07-18,38.75
TN,2021,22,29,2021-07-25,42.25
TN,2021,23,30,2021-08-01,46.125
TN,2021,24,31,2021-08-08,52.0
TN,2021,25,32,2021-08-15,55.5
TN,2021,26,33,2021-08-22,58.625
TN,2021,27,34,2021-08-29,62.625
TN,2021,28,35,2021-09-05,66.625
TN,2021,29,36,2021-09-12,70.875
TN,2021,30,37,2021-09-19,75.625
TN,2021,31,38,2021-09-26,78.75
TN,2021,32,39,2021-10-03,81.375
TN,2021,33,40,2021-10-10,82.875
TN,2021,34,41,2021-10-17,84.375
TN,2021,35,42,2021-10-24,85.375
TN,2021,36,43,2021-10-31,86.0
TN,2021,37,44,2021-11-07,86.375
TN,2021,38,45,2021-11-14,86.75
TN,2021,39,46,2021-11-21,87.125
TN,2022,6,13,2022-04-03,0.0
TN,2022,7,14,2022-04-10,0.5
TN,2022,8,15,2022-04-17,0.875
TN,2022,9,16,2022-04-24,2.5
TN,2022,10,17,2022-05-01,6.5
TN,2022,11,18,2022-05-08,11.125
TN,2022,12,19,2022-05-15,16.5
TN,2022,13,20,2022-05-22,20.0
TN,2022,14,21,2022-05-29,22.125
TN,2022,15,22,2022-06-05,23.75
TN,2022,16,23,2022-06-12,24.75
TN,2022,17,24,2022-06-19,26.0
TN,2022,18,25,2022-06-26,27.625
TN,2022,19,26,2022-07-03,30.375
TN,2022,20,27,2022-07-10,34.375
TN,2022,21,28,2022-07-17,38.75
TN,2022,22,29,2022-07-24,42.25
TN,2022,23,30,2022-07-31,46.625
TN,2022,24,31,2022-08-07,50.5
TN,2022,25,32,2022-08-14,53.25
TN,2022,26,33,2022-08-21,57.125
TN,2022,27,34,2022-08-28,62.875
TN,2022,28,35,2022-09-04,66.75
TN,2022,29,36,2022-09-11,70.25
TN,2022,30,37,2022-09-18,74.75
TN,2022,31,38,2022-09-25,78.375
TN,2022,32,39,2022-10-02,82.0
TN,2022,33,40,2022-10-09,84.625
TN,2022,34,41,2022-10-16,85.625
TN,2022,35,42,2022-10-23,86.25
TN,2022,36,43,2022-10-30,86.625
TN,2022,37,44,2022-11-06,86.875
TN,2022,38,45,2022-11-13,87.0
TN,2022,39,46,2022-11-20,87.0
TN,2023,6,13,2023-04-02,0.125
TN,2023,7,14,2023-04-09,0.625
TN,2023,8,15,2023-04-16,3.0
TN,2023,9,16,2023-04-23,7.5
TN,2023,10,17,2023-04-30,10.375
TN,2023,11,18,2023-05-07,15.25
TN,2023,12,19,2023-05-14,19.0
TN,2023,13,20,2023-05-21,21.625
TN,2023,14,21,2023-05-28,23.0
TN,2023,15,22,2023-06-04,24.125
TN,2023,16,23,2023-06-11,24.625
TN,2023,17,24,2023-06-18,25.125
TN,2023,18,25,2023-06-25,26.875
TN,2023,19,26,2023-07-02,31.5
TN,2023,20,27,2023-07-09,35.375
TN,2023,21,28,2023-07-16,39.375
TN,2023,22,29,2023-07-23,42.5
TN,2023,23,30,2023-07-30,46.75
TN,2023,24,31,2023-08-06,51.5
TN,2023,25,32,2023-08-13,55.625
TN,2023,26,33,2023-08-20,59.625
TN,2023,27,34,2023-08-27,63.5
TN,2023,28,35,2023-09-03,66.875
TN,2023,29,36,2023-09-10,70.875
TN,2023,30,37,2023-09-17,74.75
TN,2023,31,38,2023-09-24,78.75
TN,2023,32,39,2023-10-01,80.875
TN,2023,33,40,2023-10-08,82.625
TN,2023,34,41,2023-10-15,84.25
TN,2023,35,42,2023-10-22,85.0
TN,2023,36,43,2023-10-29,85.5
TN,2023,37,44,2023-11-05,86.0
TN,2023,38,45,2023-11-12,86.125
TN,2023,39,46,2023-11-19,86.25
TN,2023,40,47,2023-11-26,86.375
TN,2024,6,13,2024-03-31,0.25
TN,2024,7,14,2024-04-07,0.875
TN,2024,8,15,2024-04-14,1.625
TN,2024,9,16,2024-04-21,4.5
TN,2024,10,17,2024-04-28,8.375
TN,2024,11,18,2024-05-05,12.125
TN,2024,12,19,2024-05-12,14.75
TN,2024,13,20,2024-05-19,18.125
TN,2024,14,21,2024-05-26,19.875
TN,2024,15,22,2024-06-02,21.875
TN,2024,16,23,2024-06-09,23.375
TN,2024,17,24,2024-06-16,25.875
TN,2024,18,25,2024-06-23,28.625
TN,2024,19,26,2024-06-30,31.375
TN,2024,20,27,2024-07-07,34.375
TN,2024,21,28,2024-07-14,38.25
TN,2024,22,29,2024-07-21,41.25
TN,2024,23,30,2024-07-28,44.875
TN,2024,24,31,2024-08-04,49.0
TN,2024,25,32,2024-08-11,53.75
TN,2024,26,33,2024-08-18,57.75
TN,2024,27,34,2024-08-25,63.375
TN,2024,28,35,2024-09-01,68.875
TN,2024,29,36,2024-09-08,73.75
TN,2024,30,37,2024-09-15,77.25
TN,2024,31,38,2024-09-22,79.875
TN,2024,32,39,2024-09-29,82.0
TN,2024,33,40,2024-10-06,83.5
TN,2024,34,41,2024-10-13,84.625
TN,2024,35,42,2024-10-20,85.5
TN,2024,36,43,2024-10-27,85.75
TN,2024,37,44,2024-11-03,86.0
TN,2024,38,45,2024-11-10,86.125
TN,2025,7,14,2025-04-06,0.375
TN,2025,8,15,2025-04-13,0.875
TN,2025,9,16,2025-04-20,3.625
TN,2025,10,17,2025-04-27,7.0
TN,2025,11,18,2025-05-04,11.375
TN,2025,12,19,2025-05-11,15.875
TN,2025,13,20,2025-05-18,18.5
TN,2025,14,21,2025-05-25,20.375
TN,2025,15,22,2025-06-01,21.5
TN,2025,16,23,2025-06-08,22.875
TN,2025,17,24,2025-06-15,24.5
TN,2025,18,25,2025-06-22,27.5
TN,2025,19,26,2025-06-29,29.75
TN,2025,20,27,2025-07-06,33.625
TN,2025,21,28,2025-07-13,37.375
TN,2025,22,29,2025-07-20,39.875
TN,2025,23,30,2025-07-27,44.0
TN,2025,24,31,2025-08-03,49.0
TN,2025,25,32,2025-08-10,52.375
TN,2025,26,33,2025-08-17,56.875
TN,2025,27,34,2025-08-24,62.875
TN,2025,28,35,2025-08-31,69.0
TN,2025,29,36,2025-09-07,72.375
TN,2025,30,37,2025-09-14,77.625
TN,2025,31,38,2025-09-21,80.0
TN,2025,32,39,2025-09-28,81.5
TN,2025,39,46,2025-11-16,84.75
TN,2025,40,47,2025-11-23,85.25
TX,2016,2,9,2016-03-06,0.625
TX,2016,3,10,2016-03-13,2.5
TX,2016,4,11,2016-03-20,3.625
TX,2016,5,12,2016-03-27,5.375
TX,2016,6,13,2016-04-03,8.125
TX,2016,7,14,2016-04-10,9.875
TX,2016,8,15,2016-04-17,11.125
TX,2016,9,16,2016-04-24,11.875
TX,2016,10,17,2016-05-01,14.125
TX,2016,11,18,2016-05-08,16.375
TX,2016,12,19,2016-05-15,19.875
TX,2016,13,20,2016-05-22,20.625
TX,2016,14,21,2016-05-29,24.875
TX,2016,15,22,2016-06-05,27.625
TX,2016,16,23,2016-06-12,28.75
TX,2016,17,24,2016-06-19,31.75
TX,2016,18,25,2016-06-26,38.125
TX,2016,19,26,2016-07-03,41.625
TX,2016,20,27,2016-07-10,47.375
TX,2016,21,28,2016-07-17,50.5
TX,2016,22,29,2016-07-24,55.125
TX,2016,23,30,2016-07-31,59.875
TX,2016,24,31,2016-08-07,64.875
TX,2016,25,32,2016-08-14,67.125
TX,2016,26,33,2016-08-21,70.75
TX,2016,27,34,2016-08-28,73.875
TX,2016,28,35,2016-09-04,75.125
TX,2016,29,36,2016-09-11,75.5
TX,2016,30,37,2016-09-18,78.375
TX,2016,31,38,2016-09-25,78.75
TX,2016,32,39,2016-10-02,81.875
TX,2016,33,40,2016-10-09,82.5
TX,2016,34,41,2016-10-16,83.625
TX,2016,35,42,2016-10-23,84.25
TX,2016,36,43,2016-10-30,84.875
TX,2016,37,44,2016-11-06,85.5
TX,2016,38,45,2016-11-13,85.75
TX,2016,39,46,2016-11-20,85.875
TX,2016,40,47,2016-11-27,86.125
TX,2017,2,9,2017-03-05,1.875
TX,2017,3,10,2017-03-12,3.125
TX,2017,4,11,2017-03-19,3.875
TX,2017,5,12,2017-03-26,7.375
TX,2017,6,13,2017-04-02,10.125
TX,2017,7,14,2017-04-09,11.375
TX,2017,8,15,2017-04-16,14.5
TX,2017,9,16,2017-04-23,16.0
TX,2017,10,17,2017-04-30,16.875
TX,2017,11,18,2017-05-07,19.0
TX,2017,12,19,2017-05-14,20.875
TX,2017,13,20,2017-05-21,22.875
TX,2017,14,21,2017-05-28,26.5
TX,2017,15,22,2017-06-04,28.125
TX,2017,16,23,2017-06-11,31.0
TX,2017,17,24,2017-06-18,34.125
TX,2017,18,25,2017-06-25,39.875
TX,2017,19,26,2017-07-02,43.0
TX,2017,20,27,2017-07-09,47.125
TX,2017,21,28,2017-07-16,50.25
TX,2017,22,29,2017-07-23,53.0
TX,2017,23,30,2017-07-30,60.375
TX,2017,24,31,2017-08-06,62.75
TX,2017,25,32,2017-08-13,66.375
TX,2017,26,33,2017-08-20,72.25
TX,2017,27,34,2017-08-27,74.0
TX,2017,28,35,2017-09-03,75.625
TX,2017,29,36,2017-09-10,76.625
TX,2017,30,37,2017-09-17,78.875
TX,2017,31,38,2017-09-24,80.5
TX,2017,32,39,2017-10-01,82.75
TX,2017,33,40,2017-10-08,83.125
TX,2017,34,41,2017-10-15,84.125
TX,2017,35,42,2017-10-22,84.875
TX,2017,36,43,2017-10-29,85.5
TX,2017,37,44,2017-11-05,86.0
TX,2017,38,45,2017-11-12,86.375
TX,2017,39,46,2017-11-19,86.625
TX,2017,40,47,2017-11-26,86.875
TX,2018,2,9,2018-03-04,1.375
TX,2018,3,10,2018-03-11,3.25
TX,2018,4,11,2018-03-18,4.375
TX,2018,5,12,2018-03-25,7.75
TX,2018,6,13,2018-04-01,10.125
TX,2018,7,14,2018-04-08,12.25
TX,2018,8,15,2018-04-15,12.875
TX,2018,9,16,2018-04-22,14.0
TX,2018,10,17,2018-04-29,15.375
TX,2018,11,18,2018-05-06,18.375
TX,2018,12,19,2018-05-13,21.25
TX,2018,13,20,2018-05-20,24.125
TX,2018,14,21,2018-05-27,25.25
TX,2018,15,22,2018-06-03,28.25
TX,2018,16,23,2018-06-10,30.125
TX,2018,17,24,2018-06-17,33.25
TX,2018,18,25,2018-06-24,38.125
TX,2018,19,26,2018-07-01,41.75
TX,2018,20,27,2018-07-08,47.875
TX,2018,21,28,2018-07-15,50.75
TX,2018,22,29,2018-07-22,54.875
TX,2018,23,30,2018-07-29,59.75
TX,2018,24,31,2018-08-05,65.625
TX,2018,25,32,2018-08-12,70.375
TX,2018,26,33,2018-08-19,72.125
TX,2018,27,34,2018-08-26,73.625
TX,2018,28,35,2018-09-02,75.125
TX,2018,29,36,2018-09-09,77.125
TX,2018,30,37,2018-09-16,78.875
TX,2018,31,38,2018-09-23,79.375
TX,2018,32,39,2018-09-30,80.625
TX,2018,33,40,2018-10-07,81.125
TX,2018,34,41,2018-10-14,82.125
TX,2018,35,42,2018-10-21,83.0
TX,2018,36,43,2018-10-28,83.75
TX,2018,37,44,2018-11-04,84.375
TX,2018,38,45,2018-11-11,84.875
TX,2018,39,46,2018-11-18,85.0
TX,2018,40,47,2018-11-25,85.375
TX,2019,2,9,2019-03-03,0.625
TX,2019,3,10,2019-03-10,1.375
TX,2019,4,11,2019-03-17,3.25
TX,2019,5,12,2019-03-24,6.25
TX,2019,6,13,2019-03-31,9.5
TX,2019,7,14,2019-04-07,10.625
TX,2019,8,15,2019-04-14,12.125
TX,2019,9,16,2019-04-21,13.0
TX,2019,10,17,2019-04-28,15.0
TX,2019,11,18,2019-05-05,16.5
TX,2019,12,19,2019-05-12,18.625
TX,2019,13,20,2019-05-19,22.5
TX,2019,14,21,2019-05-26,24.0
TX,2019,15,22,2019-06-02,27.125
TX,2019,16,23,2019-06-09,28.875
TX,2019,17,24,2019-06-16,30.0
TX,2019,18,25,2019-06-23,32.5
TX,2019,19,26,2019-06-30,38.75
TX,2019,20,27,2019-07-07,40.125
TX,2019,21,28,2019-07-14,40.625
TX,2019,22,29,2019-07-21,48.0
TX,2019,23,30,2019-07-28,50.875
TX,2019,24,31,2019-08-04,57.75
TX,2019,25,32,2019-08-11,62.625
TX,2019,26,33,2019-08-18,68.25
TX,2019,27,34,2019-08-25,72.0
TX,2019,28,35,2019-09-01,73.25
TX,2019,29,36,2019-09-08,75.5
TX,2019,30,37,2019-09-15,77.875
TX,2019,31,38,2019-09-22,80.25
TX,2019,32,39,2019-09-29,81.375
TX,2019,33,40,2019-10-06,82.25
TX,2019,34,41,2019-10-13,83.5
TX,2019,35,42,2019-10-20,84.75
TX,2019,36,43,2019-10-27,85.625
TX,2019,37,44,2019-11-03,86.0
TX,2019,38,45,2019-11-10,86.5
TX,2019,39,46,2019-11-17,86.875
TX,2019,40,47,2019-11-24,87.25
TX,2019,41,48,2019-12-01,87.5
TX,2020,2,9,2020-03-01,1.5
TX,2020,3,10,2020-03-08,4.0
TX,2020,4,11,2020-03-15,4.125
TX,2020,5,12,2020-03-22,4.5
TX,2020,6,13,2020-03-29,9.25
TX,2020,7,14,2020-04-05,11.25
TX,2020,8,15,2020-04-12,13.75
TX,2020,9,16,2020-04-19,14.25
TX,2020,10,17,2020-04-26,14.875
TX,2020,11,18,2020-05-03,15.625
TX,2020,12,19,2020-05-10,20.0
TX,2020,13,20,2020-05-17,23.625
TX,2020,14,21,2020-05-24,26.5
TX,2020,15,22,2020-05-31,29.75
TX,2020,16,23,2020-06-07,30.75
TX,2020,17,24,2020-06-14,31.25
TX,2020,18,25,2020-06-21,35.125
TX,2020,19,26,2020-06-28,37.5
TX,2020,20,27,2020-07-05,39.875
TX,2020,21,28,2020-07-12,42.5
TX,2020,22,29,2020-07-19,43.75
TX,2020,23,30,2020-07-26,50.125
TX,2020,24,31,2020-08-02,58.625
TX,2020,25,32,2020-08-09,62.25
TX,2020,26,33,2020-08-16,67.75
TX,2020,27,34,2020-08-23,71.875
TX,2020,28,35,2020-08-30,74.125
TX,2020,29,36,2020-09-06,77.625
TX,2020,30,37,2020-09-13,79.5
TX,2020,31,38,2020-09-20,80.625
TX,2020,32,39,2020-09-27,81.375
TX,2020,33,40,2020-10-04,82.75
TX,2020,34,41,2020-10-11,83.5
TX,2020,35,42,2020-10-18,84.25
TX,2020,36,43,2020-10-25,84.75
TX,2020,37,44,2020-11-01,85.125
TX,2020,38,45,2020-11-08,85.5
TX,2020,39,46,2020-11-15,85.75
TX,2021,1,8,2021-02-28,0.375
TX,2021,2,9,2021-03-07,1.25
TX,2021,3,10,2021-03-14,3.25
TX,2021,4,11,2021-03-21,4.75
TX,2021,5,12,2021-03-28,6.25
TX,2021,6,13,2021-04-04,10.625
TX,2021,7,14,2021-04-11,13.125
TX,2021,8,15,2021-04-18,13.875
TX,2021,9,16,2021-04-25,15.0
TX,2021,10,17,2021-05-02,15.625
TX,2021,11,18,2021-05-09,17.0
TX,2021,12,19,2021-05-16,21.875
TX,2021,13,20,2021-05-23,25.75
TX,2021,14,21,2021-05-30,28.625
TX,2021,15,22,2021-06-06,30.5
TX,2021,16,23,2021-06-13,32.5
TX,2021,17,24,2021-06-20,35.625
TX,2021,18,25,2021-06-27,39.5
TX,2021,19,26,2021-07-04,42.75
TX,2021,20,27,2021-07-11,48.0
TX,2021,21,28,2021-07-18,49.375
TX,2021,22,29,2021-07-25,54.0
TX,2021,23,30,2021-08-01,58.25
TX,2021,24,31,2021-08-08,61.5
TX,2021,25,32,2021-08-15,66.375
TX,2021,26,33,2021-08-22,70.25
TX,2021,27,34,2021-08-29,73.375
TX,2021,28,35,2021-09-05,75.5
TX,2021,29,36,2021-09-12,78.375
TX,2021,30,37,2021-09-19,81.125
TX,2021,31,38,2021-09-26,84.125
TX,2021,32,39,2021-10-03,84.875
TX,2021,33,40,2021-10-10,85.375
TX,2021,34,41,2021-10-17,85.75
TX,2021,35,42,2021-10-24,86.25
TX,2021,36,43,2021-10-31,86.625
TX,2021,37,44,2021-11-07,86.875
TX,2021,38,45,2021-11-14,87.0
TX,2021,39,46,2021-11-21,87.0
TX,2022,1,8,2022-02-27,0.625
TX,2022,2,9,2022-03-06,2.25
TX,2022,3,10,2022-03-13,3.375
TX,2022,4,11,2022-03-20,5.25
TX,2022,5,12,2022-03-27,6.375
TX,2022,6,13,2022-04-03,9.375
TX,2022,7,14,2022-04-10,13.5
TX,2022,8,15,2022-04-17,14.125
TX,2022,9,16,2022-04-24,16.0
TX,2022,10,17,2022-05-01,17.0
TX,2022,11,18,2022-05-08,18.0
TX,2022,12,19,2022-05-15,21.5
TX,2022,13,20,2022-05-22,25.5
TX,2022,14,21,2022-05-29,28.0
TX,2022,15,22,2022-06-05,30.125
TX,2022,16,23,2022-06-12,32.125
TX,2022,17,24,2022-06-19,34.25
TX,2022,18,25,2022-06-26,37.875
TX,2022,19,26,2022-07-03,40.0
TX,2022,20,27,2022-07-10,44.5
TX,2022,21,28,2022-07-17,47.25
TX,2022,22,29,2022-07-24,54.25
TX,2022,23,30,2022-07-31,57.75
TX,2022,24,31,2022-08-07,62.75
TX,2022,25,32,2022-08-14,66.875
TX,2022,26,33,2022-08-21,71.5
TX,2022,27,34,2022-08-28,75.25
TX,2022,28,35,2022-09-04,77.375
TX,2022,29,36,2022-09-11,79.75
TX,2022,30,37,2022-09-18,81.25
TX,2022,31,38,2022-09-25,83.0
TX,2022,32,39,2022-10-02,84.375
TX,2022,33,40,2022-10-09,85.375
TX,2022,34,41,2022-10-16,85.875
TX,2022,35,42,2022-10-23,86.5
TX,2022,36,43,2022-10-30,87.0
TX,2022,37,44,2022-11-06,87.375
TX,2022,38,45,2022-11-13,87.375
TX,2022,39,46,2022-11-20,87.375
TX,2023,1,8,2023-02-26,0.625
TX,2023,2,9,2023-03-05,2.5
TX,2023,3,10,2023-03-12,3.75
TX,2023,4,11,2023-03-19,5.0
TX,2023,5,12,2023-03-26,6.5
TX,2023,6,13,2023-04-02,10.625
TX,2023,7,14,2023-04-09,12.625
TX,2023,8,15,2023-04-16,15.125
TX,2023,9,16,2023-04-23,16.5
TX,2023,10,17,2023-04-30,17.375
TX,2023,11,18,2023-05-07,19.25
TX,2023,12,19,2023-05-14,22.0
TX,2023,13,20,2023-05-21,24.375
TX,2023,14,21,2023-05-28,27.125
TX,2023,15,22,2023-06-04,28.5
TX,2023,16,23,2023-06-11,32.25
TX,2023,17,24,2023-06-18,34.75
TX,2023,18,25,2023-06-25,36.5
TX,2023,19,26,2023-07-02,39.75
TX,2023,20,27,2023-07-09,43.375
TX,2023,21,28,2023-07-16,46.625
TX,2023,22,29,2023-07-23,51.0
TX,2023,23,30,2023-07-30,58.5
TX,2023,24,31,2023-08-06,64.0
TX,2023,25,32,2023-08-13,68.0
TX,2023,26,33,2023-08-20,71.375
TX,2023,27,34,2023-08-27,74.5
TX,2023,28,35,2023-09-03,75.875
TX,2023,29,36,2023-09-10,78.5
TX,2023,30,37,2023-09-17,80.875
TX,2023,31,38,2023-09-24,82.625
TX,2023,32,39,2023-10-01,83.625
TX,2023,33,40,2023-10-08,84.875
TX,2023,34,41,2023-10-15,85.625
TX,2023,35,42,2023-10-22,86.0
TX,2023,36,43,2023-10-29,86.5
TX,2023,37,44,2023-11-05,86.75
TX,2023,38,45,2023-11-12,87.0
TX,2023,39,46,2023-11-19,87.375
TX,2023,40,47,2023-11-26,87.375
TX,2024,1,8,2024-02-25,0.375
TX,2024,2,9,2024-03-03,1.75
TX,2024,3,10,2024-03-10,2.5
TX,2024,4,11,2024-03-17,4.25
TX,2024,5,12,2024-03-24,5.75
TX,2024,6,13,2024-03-31,7.125
TX,2024,7,14,2024-04-07,11.625
TX,2024,8,15,2024-04-14,14.125
TX,2024,9,16,2024-04-21,15.375
TX,2024,10,17,2024-04-28,16.625
TX,2024,11,18,2024-05-05,18.5
TX,2024,12,19,2024-05-12,20.875
TX,2024,13,20,2024-05-19,23.75
TX,2024,14,21,2024-05-26,26.875
TX,2024,15,22,2024-06-02,29.125
TX,2024,16,23,2024-06-09,32.375
TX,2024,17,24,2024-06-16,35.0
TX,2024,18,25,2024-06-23,38.625
TX,2024,19,26,2024-06-30,39.625
TX,2024,20,27,2024-07-07,50.5
TX,2024,21,28,2024-07-14,53.25
TX,2024,22,29,2024-07-21,57.25
TX,2024,23,30,2024-07-28,61.875
TX,2024,24,31,2024-08-04,65.5
TX,2024,25,32,2024-08-11,67.75
TX,2024,26,33,2024-08-18,74.75
TX,2024,27,34,2024-08-25,78.0
TX,2024,28,35,2024-09-01,81.375
TX,2024,29,36,2024-09-08,83.375
TX,2024,30,37,2024-09-15,84.625
TX,2024,31,38,2024-09-22,85.625
TX,2024,32,39,2024-09-29,86.375
TX,2024,33,40,2024-10-06,86.875
TX,2024,34,41,2024-10-13,87.25
TX,2024,35,42,2024-10-20,87.375
TX,2024,36,43,2024-10-27,87.375
TX,2024,37,44,2024-11-03,87.5
TX,2024,38,45,2024-11-10,87.5
TX,2025,3,10,2025-03-09,3.0
TX,2025,4,11,2025-03-16,4.0
TX,2025,5,12,2025-03-23,8.5
TX,2025,6,13,2025-03-30,11.25
TX,2025,7,14,2025-04-06,12.0
TX,2025,8,15,2025-04-13,14.125
TX,2025,9,16,2025-04-20,16.5
TX,2025,10,17,2025-04-27,17.625
TX,2025,11,18,2025-05-04,19.125
TX,2025,12,19,2025-05-11,22.25
TX,2025,13,20,2025-05-18,25.5
TX,2025,14,21,2025-05-25,27.625
TX,2025,15,22,2025-06-01,29.625
TX,2025,16,23,2025-06-08,32.375
TX,2025,17,24,2025-06-15,34.5
TX,2025,18,25,2025-06-22,37.25
TX,2025,19,26,2025-06-29,39.375
TX,2025,20,27,2025-07-06,45.0
TX,2025,21,28,2025-07-13,52.875
TX,2025,22,29,2025-07-20,56.875
TX,2025,23,30,2025-07-27,60.75
TX,2025,24,31,2025-08-03,63.75
TX,2025,25,32,2025-08-10,68.125
TX,2025,26,33,2025-08-17,71.5
TX,2025,27,34,2025-08-24,75.625
TX,2025,28,35,2025-08-31,77.75
TX,2025,29,36,2025-09-07,80.5
TX,2025,30,37,2025-09-14,81.875
TX,2025,31,38,2025-09-21,83.375
TX,2025,32,39,2025-09-28,84.0
TX,2025,39,46,2025-11-16,86.0
TX,2025,40,47,2025-11-23,86.375
UT,2016,7,14,2016-04-10,0.0
UT,2016,8,15,2016-04-17,0.125
UT,2016,9,16,2016-04-24,0.375
UT,2016,10,17,2016-05-01,1.875
UT,2016,11,18,2016-05-08,5.375
UT,2016,12,19,2016-05-15,9.5
UT,2016,13,20,2016-05-22,13.875
UT,2016,14,21,2016-05-29,18.625
UT,2016,15,22,2016-06-05,21.75
UT,2016,16,23,2016-06-12,23.0
UT,2016,17,24,2016-06-19,23.875
UT,2016,19,26,2016-07-03,23.875
UT,2016,20,27,2016-07-10,23.875
UT,2016,21,28,2016-07-17,25.0
UT,2016,22,29,2016-07-24,26.0
UT,2016,23,30,2016-07-31,29.5
UT,2016,24,31,2016-08-07,33.0
UT,2016,25,32,2016-08-14,38.5
UT,2016,26,33,2016-08-21,40.25
UT,2016,27,34,2016-08-28,43.125
UT,2016,28,35,2016-09-04,44.75
UT,2016,29,36,2016-09-11,48.625
UT,2016,30,37,2016-09-18,56.625
UT,2016,31,38,2016-09-25,65.125
UT,2016,32,39,2016-10-02,72.0
UT,2016,33,40,2016-10-09,65.0
UT,2016,34,41,2016-10-16,67.75
UT,2016,35,42,2016-10-23,70.625
UT,2016,36,43,2016-10-30,75.0
UT,2016,37,44,2016-11-06,79.0
UT,2016,38,45,2016-11-13,82.125
UT,2016,39,46,2016-11-20,82.75
UT,2016,40,47,2016-11-27,83.125
UT,2017,8,15,2017-04-16,0.0
UT,2017,9,16,2017-04-23,0.5
UT,2017,10,17,2017-04-30,1.0
UT,2017,11,18,2017-05-07,2.875
UT,2017,12,19,2017-05-14,9.0
UT,2017,13,20,2017-05-21,13.75
UT,2017,14,21,2017-05-28,18.875
UT,2017,15,22,2017-06-04,22.0
UT,2017,16,23,2017-06-11,23.625
UT,2017,17,24,2017-06-18,24.125
UT,2017,20,27,2017-07-09,24.125
UT,2017,21,28,2017-07-16,24.375
UT,2017,22,29,2017-07-23,26.0
UT,2017,23,30,2017-07-30,29.25
UT,2017,24,31,2017-08-06,32.75
UT,2017,25,32,2017-08-13,37.625
UT,2017,26,33,2017-08-20,40.875
UT,2017,27,34,2017-08-27,43.0
UT,2017,28,35,2017-09-03,47.875
UT,2017,29,36,2017-09-10,52.125
UT,2017,30,37,2017-09-17,59.25
UT,2017,31,38,2017-09-24,67.5
UT,2017,32,39,2017-10-01,74.375
UT,2017,33,40,2017-10-08,71.125
UT,2017,34,41,2017-10-15,75.5
UT,2017,35,42,2017-10-22,79.5
UT,2017,36,43,2017-10-29,81.25
UT,2017,37,44,2017-11-05,82.5
UT,2017,38,45,2017-11-12,82.875
UT,2017,39,46,2017-11-19,83.625
UT,2017,40,47,2017-11-26,84.25
UT,2018,9,16,2018-04-22,0.0
UT,2018,10,17,2018-04-29,1.5
UT,2018,11,18,2018-05-06,3.5
UT,2018,12,19,2018-05-13,6.75
UT,2018,13,20,2018-05-20,11.5
UT,2018,14,21,2018-05-27,15.75
UT,2018,15,22,2018-06-03,19.0
UT,2018,16,23,2018-06-10,20.25
UT,2018,17,24,2018-06-17,21.0
UT,2018,18,25,2018-06-24,22.25
UT,2018,19,26,2018-07-01,23.375
UT,2018,20,27,2018-07-08,24.5
UT,2018,21,28,2018-07-15,25.625
UT,2018,22,29,2018-07-22,26.75
UT,2018,23,30,2018-07-29,28.875
UT,2018,24,31,2018-08-05,32.5
UT,2018,25,32,2018-08-12,35.5
UT,2018,26,33,2018-08-19,39.125
UT,2018,27,34,2018-08-26,42.375
UT,2018,28,35,2018-09-02,44.625
UT,2018,29,36,2018-09-09,51.125
UT,2018,30,37,2018-09-16,60.0
UT,2018,31,38,2018-09-23,69.125
UT,2018,32,39,2018-09-30,65.25
UT,2018,33,40,2018-10-07,68.625
UT,2018,34,41,2018-10-14,72.5
UT,2018,35,42,2018-10-21,74.625
UT,2018,36,43,2018-10-28,76.75
UT,2018,37,44,2018-11-04,78.0
UT,2018,38,45,2018-11-11,79.125
UT,2018,39,46,2018-11-18,80.75
UT,2018,40,47,2018-11-25,82.0
UT,2019,8,15,2019-04-14,0.125
UT,2019,9,16,2019-04-21,0.25
UT,2019,10,17,2019-04-28,0.375
UT,2019,11,18,2019-05-05,2.625
UT,2019,12,19,2019-05-12,5.0
UT,2019,13,20,2019-05-19,8.625
UT,2019,14,21,2019-05-26,11.5
UT,2019,15,22,2019-06-02,14.0
UT,2019,16,23,2019-06-09,17.625
UT,2019,17,24,2019-06-16,19.25
UT,2019,18,25,2019-06-23,20.125
UT,2019,19,26,2019-06-30,21.625
UT,2019,20,27,2019-07-07,23.75
UT,2019,21,28,2019-07-14,24.125
UT,2019,22,29,2019-07-21,24.375
UT,2019,23,30,2019-07-28,26.375
UT,2019,24,31,2019-08-04,29.25
UT,2019,25,32,2019-08-11,31.75
UT,2019,26,33,2019-08-18,36.0
UT,2019,27,34,2019-08-25,38.5
UT,2019,28,35,2019-09-01,40.75
UT,2019,29,36,2019-09-08,45.125
UT,2019,30,37,2019-09-15,50.125
UT,2019,31,38,2019-09-22,55.5
UT,2019,32,39,2019-09-29,59.875
UT,2019,33,40,2019-10-06,69.0
UT,2019,34,41,2019-10-13,77.75
UT,2019,35,42,2019-10-20,70.625
UT,2019,36,43,2019-10-27,73.875
UT,2019,37,44,2019-11-03,76.0
UT,2019,38,45,2019-11-10,77.5
UT,2019,39,46,2019-11-17,79.375
UT,2019,40,47,2019-11-24,81.625
UT,2020,8,15,2020-04-12,0.0
UT,2020,9,16,2020-04-19,0.5
UT,2020,10,17,2020-04-26,3.125
UT,2020,11,18,2020-05-03,5.875
UT,2020,12,19,2020-05-10,8.75
UT,2020,13,20,2020-05-17,12.5
UT,2020,14,21,2020-05-24,16.25
UT,2020,15,22,2020-05-31,17.125
UT,2020,16,23,2020-06-07,18.125
UT,2020,17,24,2020-06-14,21.0
UT,2020,18,25,2020-06-21,22.375
UT,2020,19,26,2020-06-28,23.75
UT,2020,20,27,2020-07-05,23.75
UT,2020,21,28,2020-07-12,23.75
UT,2020,22,29,2020-07-19,23.875
UT,2020,23,30,2020-07-26,25.125
UT,2020,24,31,2020-08-02,27.125
UT,2020,25,32,2020-08-09,28.5
UT,2020,26,33,2020-08-16,31.875
UT,2020,27,34,2020-08-23,36.5
UT,2020,28,35,2020-08-30,39.75
UT,2020,29,36,2020-09-06,43.625
UT,2020,30,37,2020-09-13,50.625
UT,2020,31,38,2020-09-20,59.0
UT,2020,32,39,2020-09-27,65.75
UT,2020,33,40,2020-10-04,66.375
UT,2020,34,41,2020-10-11,71.375
UT,2020,35,42,2020-10-18,75.25
UT,2020,36,43,2020-10-25,78.125
UT,2020,37,44,2020-11-01,79.0
UT,2020,38,45,2020-11-08,81.125
UT,2020,39,46,2020-11-15,81.875
UT,2020,40,47,2020-11-22,82.5
UT,2020,41,48,2020-11-29,83.375
UT,2021,8,15,2021-04-18,0.25
UT,2021,9,16,2021-04-25,0.625
UT,2021,10,17,2021-05-02,2.125
UT,2021,11,18,2021-05-09,4.75
UT,2021,12,19,2021-05-16,7.75
UT,2021,13,20,2021-05-23,10.75
UT,2021,14,21,2021-05-30,14.375
UT,2021,15,22,2021-06-06,20.625
UT,2021,16,23,2021-06-13,22.625
UT,2021,17,24,2021-06-20,24.5
UT,2021,18,25,2021-06-27,24.5
UT,2021,19,26,2021-07-04,24.5
UT,2021,20,27,2021-07-11,24.75
UT,2021,21,28,2021-07-18,26.0
UT,2021,22,29,2021-07-25,28.125
UT,2021,23,30,2021-08-01,30.125
UT,2021,24,31,2021-08-08,32.0
UT,2021,25,32,2021-08-15,34.75
UT,2021,26,33,2021-08-22,38.5
UT,2021,27,34,2021-08-29,42.0
UT,2021,28,35,2021-09-05,46.5
UT,2021,29,36,2021-09-12,51.625
UT,2021,30,37,2021-09-19,55.375
UT,2021,31,38,2021-09-26,61.125
UT,2021,32,39,2021-10-03,62.125
UT,2021,33,40,2021-10-10,66.5
UT,2021,34,41,2021-10-17,69.75
UT,2021,35,42,2021-10-24,71.375
UT,2021,36,43,2021-10-31,74.25
UT,2021,37,44,2021-11-07,76.25
UT,2021,38,45,2021-11-14,79.0
UT,2021,39,46,2021-11-21,82.0
UT,2021,40,47,2021-11-28,83.25
UT,2022,7,14,2022-04-10,0.0
UT,2022,8,15,2022-04-17,0.25
UT,2022,9,16,2022-04-24,0.375
UT,2022,10,17,2022-05-01,1.25
UT,2022,11,18,2022-05-08,4.0
UT,2022,12,19,2022-05-15,5.75
UT,2022,13,20,2022-05-22,10.75
UT,2022,14,21,2022-05-29,14.625
UT,2022,15,22,2022-06-05,18.5
UT,2022,16,23,2022-06-12,20.75
UT,2022,17,24,2022-06-19,24.0
UT,2022,18,25,2022-06-26,24.0
UT,2022,19,26,2022-07-03,24.0
UT,2022,20,27,2022-07-10,24.0
UT,2022,21,28,2022-07-17,24.25
UT,2022,22,29,2022-07-24,26.25
UT,2022,23,30,2022-07-31,29.375
UT,2022,24,31,2022-08-07,32.125
UT,2022,25,32,2022-08-14,34.5
UT,2022,26,33,2022-08-21,35.375
UT,2022,27,34,2022-08-28,38.5
UT,2022,28,35,2022-09-04,43.125
UT,2022,29,36,2022-09-11,49.125
UT,2022,30,37,2022-09-18,53.875
UT,2022,31,38,2022-09-25,54.875
UT,2022,32,39,2022-10-02,60.0
UT,2022,33,40,2022-10-09,63.75
UT,2022,34,41,2022-10-16,66.875
UT,2022,35,42,2022-10-23,69.125
UT,2022,36,43,2022-10-30,73.125
UT,2022,37,44,2022-11-06,76.125
UT,2022,38,45,2022-11-13,78.75
UT,2022,39,46,2022-11-20,81.125
UT,2022,40,47,2022-11-27,82.75
UT,2023,7,14,2023-04-09,0.0
UT,2023,8,15,2023-04-16,0.125
UT,2023,9,16,2023-04-23,0.375
UT,2023,10,17,2023-04-30,1.0
UT,2023,11,18,2023-05-07,3.5
UT,2023,12,19,2023-05-14,4.875
UT,2023,13,20,2023-05-21,9.125
UT,2023,14,21,2023-05-28,13.75
UT,2023,15,22,2023-06-04,17.375
UT,2023,16,23,2023-06-11,21.75
UT,2023,17,24,2023-06-18,22.625
UT,2023,18,25,2023-06-25,23.75
UT,2023,19,26,2023-07-02,23.875
UT,2023,20,27,2023-07-09,24.5
UT,2023,21,28,2023-07-16,24.75
UT,2023,22,29,2023-07-23,27.875
UT,2023,23,30,2023-07-30,30.875
UT,2023,24,31,2023-08-06,33.75
UT,2023,25,32,2023-08-13,36.0
UT,2023,26,33,2023-08-20,39.5
UT,2023,27,34,2023-08-27,43.25
UT,2023,28,35,2023-09-03,46.375
UT,2023,29,36,2023-09-10,50.875
UT,2023,30,37,2023-09-17,55.875
UT,2023,31,38,2023-09-24,58.125
UT,2023,32,39,2023-10-01,63.25
UT,2023,33,40,2023-10-08,67.625
UT,2023,34,41,2023-10-15,70.125
UT,2023,35,42,2023-10-22,72.875
UT,2023,36,43,2023-10-29,76.375
UT,2023,37,44,2023-11-05,78.5
UT,2023,38,45,2023-11-12,80.125
UT,2023,39,46,2023-11-19,82.125
UT,2023,40,47,2023-11-26,83.125
UT,2024,7,14,2024-04-07,0.0
UT,2024,8,15,2024-04-14,0.125
UT,2024,9,16,2024-04-21,0.75
UT,2024,10,17,2024-04-28,1.75
UT,2024,11,18,2024-05-05,3.25
UT,2024,12,19,2024-05-12,6.0
UT,2024,13,20,2024-05-19,7.0
UT,2024,14,21,2024-05-26,7.25
UT,2024,15,22,2024-06-02,15.25
UT,2024,16,23,2024-06-09,20.125
UT,2024,17,24,2024-06-16,22.0
UT,2024,18,25,2024-06-23,22.875
UT,2024,19,26,2024-06-30,23.75
UT,2024,20,27,2024-07-07,23.75
UT,2024,21,28,2024-07-14,24.5
UT,2024,22,29,2024-07-21,26.625
UT,2024,23,30,2024-07-28,30.5
UT,2024,24,31,2024-08-04,33.625
UT,2024,25,32,2024-08-11,35.125
UT,2024,26,33,2024-08-18,37.375
UT,2024,27,34,2024-08-25,41.5
UT,2024,28,35,2024-09-01,45.0
UT,2024,29,36,2024-09-08,47.75
UT,2024,30,37,2024-09-15,53.125
UT,2024,31,38,2024-09-22,60.0
UT,2024,32,39,2024-09-29,64.625
UT,2024,33,40,2024-10-06,67.375
UT,2024,34,41,2024-10-13,73.25
UT,2024,35,42,2024-10-20,78.0
UT,2024,36,43,2024-10-27,78.875
UT,2024,37,44,2024-11-03,80.375
UT,2024,38,45,2024-11-10,81.25
UT,2024,39,46,2024-11-17,82.0
UT,2024,40,47,2024-11-24,82.25
UT,2025,8,15,2025-04-13,0.0
UT,2025,9,16,2025-04-20,0.25
UT,2025,10,17,2025-04-27,0.75
UT,2025,11,18,2025-05-04,1.5
UT,2025,12,19,2025-05-11,5.875
UT,2025,13,20,2025-05-18,9.625
UT,2025,14,21,2025-05-25,11.125
UT,2025,15,22,2025-06-01,14.0
UT,2025,16,23,2025-06-08,17.75
UT,2025,17,24,2025-06-15,21.0
UT,2025,18,25,2025-06-22,23.0
UT,2025,19,26,2025-06-29,24.375
UT,2025,20,27,2025-07-06,24.5
UT,2025,21,28,2025-07-13,26.125
UT,2025,22,29,2025-07-20,28.0
UT,2025,23,30,2025-07-27,29.625
UT,2025,24,31,2025-08-03,31.0
UT,2025,25,32,2025-08-10,32.0
UT,2025,26,33,2025-08-17,33.125
UT,2025,27,34,2025-08-24,35.625
UT,2025,28,35,2025-08-31,38.75
UT,2025,29,36,2025-09-07,42.125
UT,2025,30,37,2025-09-14,43.375
UT,2025,31,38,2025-09-21,45.0
UT,2025,32,39,2025-09-28,53.375
UT,2025,39,46,2025-11-16,60.75
UT,2025,40,47,2025-11-23,62.0
VA,2016,7,14,2016-04-10,0.625
VA,2016,8,15,2016-04-17,2.5
VA,2016,9,16,2016-04-24,5.25
VA,2016,10,17,2016-05-01,9.875
VA,2016,11,18,2016-05-08,12.625
VA,2016,12,19,2016-05-15,14.5
VA,2016,13,20,2016-05-22,16.75
VA,2016,14,21,2016-05-29,18.75
VA,2016,15,22,2016-06-05,21.125
VA,2016,16,23,2016-06-12,22.625
VA,2016,17,24,2016-06-19,23.375
VA,2016,18,25,2016-06-26,24.125
VA,2016,19,26,2016-07-03,25.75
VA,2016,20,27,2016-07-10,28.875
VA,2016,21,28,2016-07-17,30.75
VA,2016,22,29,2016-07-24,35.5
VA,2016,23,30,2016-07-31,40.875
VA,2016,24,31,2016-08-07,44.5
VA,2016,25,32,2016-08-14,49.75
VA,2016,26,33,2016-08-21,56.875
VA,2016,27,34,2016-08-28,62.375
VA,2016,28,35,2016-09-04,63.375
VA,2016,29,36,2016-09-11,68.625
VA,2016,30,37,2016-09-18,72.75
VA,2016,31,38,2016-09-25,76.5
VA,2016,32,39,2016-10-02,78.75
VA,2016,33,40,2016-10-09,80.25
VA,2016,34,41,2016-10-16,81.5
VA,2016,35,42,2016-10-23,82.25
VA,2016,36,43,2016-10-30,83.0
VA,2016,37,44,2016-11-06,83.5
VA,2017,6,13,2017-04-02,0.0
VA,2017,7,14,2017-04-09,0.75
VA,2017,8,15,2017-04-16,2.875
VA,2017,9,16,2017-04-23,6.125
VA,2017,10,17,2017-04-30,9.875
VA,2017,11,18,2017-05-07,13.875
VA,2017,12,19,2017-05-14,16.0
VA,2017,13,20,2017-05-21,18.625
VA,2017,14,21,2017-05-28,21.625
VA,2017,15,22,2017-06-04,23.125
VA,2017,16,23,2017-06-11,23.625
VA,2017,17,24,2017-06-18,25.0
VA,2017,18,25,2017-06-25,27.5
VA,2017,19,26,2017-07-02,29.875
VA,2017,20,27,2017-07-09,32.5
VA,2017,21,28,2017-07-16,38.125
VA,2017,22,29,2017-07-23,42.625
VA,2017,23,30,2017-07-30,46.25
VA,2017,24,31,2017-08-06,50.25
VA,2017,25,32,2017-08-13,55.75
VA,2017,26,33,2017-08-20,56.625
VA,2017,27,34,2017-08-27,61.0
VA,2017,28,35,2017-09-03,68.625
VA,2017,29,36,2017-09-10,74.625
VA,2017,30,37,2017-09-17,78.125
VA,2017,31,38,2017-09-24,80.125
VA,2017,32,39,2017-10-01,81.5
VA,2017,33,40,2017-10-08,82.625
VA,2017,34,41,2017-10-15,83.125
VA,2017,35,42,2017-10-22,83.5
VA,2017,36,43,2017-10-29,83.75
VA,2018,7,14,2018-04-08,0.375
VA,2018,8,15,2018-04-15,1.875
VA,2018,9,16,2018-04-22,4.25
VA,2018,10,17,2018-04-29,5.875
VA,2018,11,18,2018-05-06,11.75
VA,2018,12,19,2018-05-13,16.0
VA,2018,13,20,2018-05-20,19.5
VA,2018,14,21,2018-05-27,21.5
VA,2018,15,22,2018-06-03,22.375
VA,2018,16,23,2018-06-10,23.0
VA,2018,17,24,2018-06-17,23.625
VA,2018,18,25,2018-06-24,24.75
VA,2018,19,26,2018-07-01,28.5
VA,2018,20,27,2018-07-08,33.125
VA,2018,21,28,2018-07-15,37.75
VA,2018,22,29,2018-07-22,42.0
VA,2018,23,30,2018-07-29,45.25
VA,2018,24,31,2018-08-05,49.125
VA,2018,25,32,2018-08-12,54.25
VA,2018,26,33,2018-08-19,59.5
VA,2018,27,34,2018-08-26,61.25
VA,2018,28,35,2018-09-02,66.25
VA,2018,29,36,2018-09-09,71.75
VA,2018,30,37,2018-09-16,75.5
VA,2018,31,38,2018-09-23,78.25
VA,2018,32,39,2018-09-30,79.875
VA,2018,33,40,2018-10-07,81.875
VA,2018,34,41,2018-10-14,82.25
VA,2018,35,42,2018-10-21,82.625
VA,2018,36,43,2018-10-28,83.25
VA,2019,7,14,2019-04-07,0.125
VA,2019,8,15,2019-04-14,1.75
VA,2019,9,16,2019-04-21,3.125
VA,2019,10,17,2019-04-28,6.5
VA,2019,11,18,2019-05-05,11.375
VA,2019,12,19,2019-05-12,15.75
VA,2019,13,20,2019-05-19,18.75
VA,2019,14,21,2019-05-26,20.75
VA,2019,15,22,2019-06-02,22.5
VA,2019,16,23,2019-06-09,23.5
VA,2019,17,24,2019-06-16,24.0
VA,2019,18,25,2019-06-23,25.375
VA,2019,19,26,2019-06-30,29.25
VA,2019,20,27,2019-07-07,33.75
VA,2019,21,28,2019-07-14,38.25
VA,2019,22,29,2019-07-21,42.0
VA,2019,23,30,2019-07-28,47.0
VA,2019,24,31,2019-08-04,52.0
VA,2019,25,32,2019-08-11,57.75
VA,2019,26,33,2019-08-18,63.75
VA,2019,27,34,2019-08-25,62.875
VA,2019,28,35,2019-09-01,68.75
VA,2019,29,36,2019-09-08,74.625
VA,2019,30,37,2019-09-15,78.5
VA,2019,31,38,2019-09-22,81.0
VA,2019,32,39,2019-09-29,82.875
VA,2019,33,40,2019-10-06,83.375
VA,2019,34,41,2019-10-13,83.75
VA,2019,35,42,2019-10-20,84.0
VA,2020,8,15,2020-04-12,0.5
VA,2020,9,16,2020-04-19,2.875
VA,2020,10,17,2020-04-26,6.375
VA,2020,11,18,2020-05-03,10.625
VA,2020,12,19,2020-05-10,15.625
VA,2020,13,20,2020-05-17,18.375
VA,2020,14,21,2020-05-24,20.375
VA,2020,15,22,2020-05-31,21.875
VA,2020,16,23,2020-06-07,23.0
VA,2020,17,24,2020-06-14,23.875
VA,2020,18,25,2020-06-21,24.5
VA,2020,19,26,2020-06-28,26.125
VA,2020,20,27,2020-07-05,29.0
VA,2020,21,28,2020-07-12,31.875
VA,2020,22,29,2020-07-19,36.5
VA,2020,23,30,2020-07-26,40.375
VA,2020,24,31,2020-08-02,48.5
VA,2020,25,32,2020-08-09,54.125
VA,2020,26,33,2020-08-16,61.125
VA,2020,27,34,2020-08-23,61.5
VA,2020,28,35,2020-08-30,65.625
VA,2020,29,36,2020-09-06,70.25
VA,2020,30,37,2020-09-13,73.875
VA,2020,31,38,2020-09-20,76.375
VA,2020,32,39,2020-09-27,78.625
VA,2020,33,40,2020-10-04,80.75
VA,2020,34,41,2020-10-11,81.875
VA,2020,35,42,2020-10-18,82.875
VA,2020,36,43,2020-10-25,83.625
VA,2020,37,44,2020-11-01,84.0
VA,2020,38,45,2020-11-08,84.25
VA,2021,6,13,2021-04-04,0.0
VA,2021,7,14,2021-04-11,1.875
VA,2021,8,15,2021-04-18,3.75
VA,2021,9,16,2021-04-25,6.875
VA,2021,10,17,2021-05-02,11.375
VA,2021,11,18,2021-05-09,15.875
VA,2021,12,19,2021-05-16,18.0
VA,2021,13,20,2021-05-23,20.5
VA,2021,14,21,2021-05-30,22.25
VA,2021,15,22,2021-06-06,23.375
VA,2021,16,23,2021-06-13,23.75
VA,2021,17,24,2021-06-20,23.875
VA,2021,18,25,2021-06-27,25.875
VA,2021,19,26,2021-07-04,29.25
VA,2021,20,27,2021-07-11,32.25
VA,2021,21,28,2021-07-18,35.25
VA,2021,22,29,2021-07-25,39.75
VA,2021,23,30,2021-08-01,43.5
VA,2021,24,31,2021-08-08,49.5
VA,2021,25,32,2021-08-15,57.5
VA,2021,26,33,2021-08-22,62.625
VA,2021,27,34,2021-08-29,62.25
VA,2021,28,35,2021-09-05,65.25
VA,2021,29,36,2021-09-12,70.625
VA,2021,30,37,2021-09-19,74.125
VA,2021,31,38,2021-09-26,77.0
VA,2021,32,39,2021-10-03,78.875
VA,2021,33,40,2021-10-10,80.625
VA,2021,34,41,2021-10-17,81.75
VA,2021,35,42,2021-10-24,82.5
VA,2021,36,43,2021-10-31,83.125
VA,2021,37,44,2021-11-07,83.5
VA,2022,6,13,2022-04-03,0.125
VA,2022,7,14,2022-04-10,1.375
VA,2022,8,15,2022-04-17,3.625
VA,2022,9,16,2022-04-24,7.125
VA,2022,10,17,2022-05-01,11.625
VA,2022,11,18,2022-05-08,16.5
VA,2022,12,19,2022-05-15,19.75
VA,2022,13,20,2022-05-22,21.875
VA,2022,14,21,2022-05-29,23.25
VA,2022,15,22,2022-06-05,23.875
VA,2022,16,23,2022-06-12,24.125
VA,2022,17,24,2022-06-19,25.25
VA,2022,18,25,2022-06-26,27.0
VA,2022,19,26,2022-07-03,31.25
VA,2022,20,27,2022-07-10,35.875
VA,2022,21,28,2022-07-17,42.125
VA,2022,22,29,2022-07-24,46.875
VA,2022,23,30,2022-07-31,51.75
VA,2022,24,31,2022-08-07,57.375
VA,2022,25,32,2022-08-14,63.375
VA,2022,26,33,2022-08-21,63.75
VA,2022,27,34,2022-08-28,68.0
VA,2022,28,35,2022-09-04,72.125
VA,2022,29,36,2022-09-11,75.75
VA,2022,30,37,2022-09-18,78.375
VA,2022,31,38,2022-09-25,80.375
VA,2022,32,39,2022-10-02,81.5
VA,2022,33,40,2022-10-09,82.5
VA,2022,34,41,2022-10-16,83.125
VA,2022,35,42,2022-10-23,83.5
VA,2022,36,43,2022-10-30,83.75
VA,2022,37,44,2022-11-06,84.125
VA,2023,6,13,2023-04-02,0.125
VA,2023,7,14,2023-04-09,0.625
VA,2023,8,15,2023-04-16,3.125
VA,2023,9,16,2023-04-23,7.5
VA,2023,10,17,2023-04-30,11.625
VA,2023,11,18,2023-05-07,15.25
VA,2023,12,19,2023-05-14,18.125
VA,2023,13,20,2023-05-21,20.875
VA,2023,14,21,2023-05-28,22.375
VA,2023,15,22,2023-06-04,23.125
VA,2023,16,23,2023-06-11,23.625
VA,2023,17,24,2023-06-18,24.0
VA,2023,18,25,2023-06-25,25.25
VA,2023,19,26,2023-07-02,28.5
VA,2023,20,27,2023-07-09,32.5
VA,2023,21,28,2023-07-16,37.375
VA,2023,22,29,2023-07-23,41.875
VA,2023,23,30,2023-07-30,47.0
VA,2023,24,31,2023-08-06,52.625
VA,2023,25,32,2023-08-13,58.0
VA,2023,26,33,2023-08-20,60.125
VA,2023,27,34,2023-08-27,64.875
VA,2023,28,35,2023-09-03,69.5
VA,2023,29,36,2023-09-10,73.875
VA,2023,30,37,2023-09-17,77.125
VA,2023,31,38,2023-09-24,79.5
VA,2023,32,39,2023-10-01,80.625
VA,2023,33,40,2023-10-08,82.125
VA,2023,34,41,2023-10-15,82.625
VA,2023,35,42,2023-10-22,83.25
VA,2023,36,43,2023-10-29,83.625
VA,2023,37,44,2023-11-05,84.0
VA,2024,6,13,2024-03-31,0.125
VA,2024,7,14,2024-04-07,0.5
VA,2024,8,15,2024-04-14,1.25
VA,2024,9,16,2024-04-21,3.75
VA,2024,10,17,2024-04-28,7.875
VA,2024,11,18,2024-05-05,12.875
VA,2024,12,19,2024-05-12,16.375
VA,2024,13,20,2024-05-19,19.0
VA,2024,14,21,2024-05-26,21.25
VA,2024,15,22,2024-06-02,22.25
VA,2024,16,23,2024-06-09,23.0
VA,2024,17,24,2024-06-16,23.5
VA,2024,18,25,2024-06-23,25.25
VA,2024,19,26,2024-06-30,29.0
VA,2024,20,27,2024-07-07,33.0
VA,2024,21,28,2024-07-14,37.375
VA,2024,22,29,2024-07-21,42.375
VA,2024,23,30,2024-07-28,47.0
VA,2024,24,31,2024-08-04,52.75
VA,2024,25,32,2024-08-11,58.75
VA,2024,26,33,2024-08-18,59.875
VA,2024,27,34,2024-08-25,63.75
VA,2024,28,35,2024-09-01,68.625
VA,2024,29,36,2024-09-08,72.625
VA,2024,30,37,2024-09-15,75.5
VA,2024,31,38,2024-09-22,78.0
VA,2024,32,39,2024-09-29,79.875
VA,2024,33,40,2024-10-06,81.25
VA,2024,34,41,2024-10-13,82.5
VA,2024,35,42,2024-10-20,83.125
VA,2024,36,43,2024-10-27,83.625
VA,2024,37,44,2024-11-03,84.0
VA,2025,7,14,2025-04-06,0.125
VA,2025,8,15,2025-04-13,0.625
VA,2025,9,16,2025-04-20,2.375
VA,2025,10,17,2025-04-27,6.125
VA,2025,11,18,2025-05-04,10.625
VA,2025,12,19,2025-05-11,15.875
VA,2025,13,20,2025-05-18,18.75
VA,2025,14,21,2025-05-25,20.75
VA,2025,15,22,2025-06-01,22.0
VA,2025,16,23,2025-06-08,22.875
VA,2025,17,24,2025-06-15,23.5
VA,2025,18,25,2025-06-22,24.75
VA,2025,19,26,2025-06-29,27.625
VA,2025,20,27,2025-07-06,31.875
VA,2025,21,28,2025-07-13,36.125
VA,2025,22,29,2025-07-20,40.75
VA,2025,23,30,2025-07-27,44.875
VA,2025,24,31,2025-08-03,49.5
VA,2025,25,32,2025-08-10,55.25
VA,2025,26,33,2025-08-17,58.25
VA,2025,27,34,2025-08-24,61.75
VA,2025,28,35,2025-08-31,66.125
VA,2025,29,36,2025-09-07,71.0
VA,2025,30,37,2025-09-14,74.875
VA,2025,31,38,2025-09-21,77.875
VA,2025,32,39,2025-09-28,80.0
VT,2016,9,16,2016-04-24,0.0
VT,2016,10,17,2016-05-01,0.0
VT,2016,11,18,2016-05-08,1.125
VT,2016,12,19,2016-05-15,4.5
VT,2016,13,20,2016-05-22,6.25
VT,2016,14,21,2016-05-29,12.375
VT,2016,15,22,2016-06-05,20.75
VT,2016,16,23,2016-06-12,23.875
VT,2016,17,24,2016-06-19,24.75
VT,2016,18,25,2016-06-26,24.875
VT,2016,28,35,2016-09-04,24.875
VT,2016,29,36,2016-09-11,25.75
VT,2016,30,37,2016-09-18,27.75
VT,2016,31,38,2016-09-25,28.625
VT,2016,32,39,2016-10-02,31.625
VT,2016,33,40,2016-10-09,34.5
VT,2016,34,41,2016-10-16,36.5
VT,2016,35,42,2016-10-23,37.125
VT,2017,9,16,2017-04-23,0.0
VT,2017,10,17,2017-04-30,0.0
VT,2017,11,18,2017-05-07,0.5
VT,2017,12,19,2017-05-14,1.25
VT,2017,13,20,2017-05-21,5.5
VT,2017,14,21,2017-05-28,10.75
VT,2017,15,22,2017-06-04,14.75
VT,2017,16,23,2017-06-11,17.125
VT,2017,17,24,2017-06-18,23.625
VT,2017,18,25,2017-06-25,24.0
VT,2017,19,26,2017-07-02,24.125
VT,2017,20,27,2017-07-09,24.125
VT,2017,28,35,2017-09-03,24.125
VT,2017,29,36,2017-09-10,24.125
VT,2017,30,37,2017-09-17,24.25
VT,2017,31,38,2017-09-24,27.0
VT,2017,32,39,2017-10-01,29.5
VT,2017,33,40,2017-10-08,29.625
VT,2017,34,41,2017-10-15,32.125
VT,2017,35,42,2017-10-22,34.375
VT,2017,36,43,2017-10-29,36.5
VT,2017,37,44,2017-11-05,36.625
VT,2017,38,45,2017-11-12,36.625
VT,2018,10,17,2018-04-29,0.0
VT,2018,11,18,2018-05-06,0.0
VT,2018,12,19,2018-05-13,3.125
VT,2018,13,20,2018-05-20,10.5
VT,2018,14,21,2018-05-27,12.875
VT,2018,15,22,2018-06-03,21.125
VT,2018,16,23,2018-06-10,23.25
VT,2018,17,24,2018-06-17,23.875
VT,2018,18,25,2018-06-24,24.75
VT,2018,19,26,2018-07-01,24.875
VT,2018,31,38,2018-09-23,29.625
VT,2018,32,39,2018-09-30,31.875
VT,2018,33,40,2018-10-07,34.75
VT,2018,34,41,2018-10-14,35.875
VT,2018,35,42,2018-10-21,36.625
VT,2018,36,43,2018-10-28,37.25
VT,2019,11,18,2019-05-05,0.0
VT,2019,12,19,2019-05-12,0.625
VT,2019,13,20,2019-05-19,0.625
VT,2019,14,21,2019-05-26,1.25
VT,2019,15,22,2019-06-02,6.25
VT,2019,16,23,2019-06-09,12.125
VT,2019,17,24,2019-06-16,17.375
VT,2019,18,25,2019-06-23,19.0
VT,2019,19,26,2019-06-30,21.25
VT,2019,20,27,2019-07-07,24.25
VT,2019,29,36,2019-09-08,24.625
VT,2019,30,37,2019-09-15,24.875
VT,2019,31,38,2019-09-22,25.0
VT,2019,32,39,2019-09-29,25.5
VT,2019,33,40,2019-10-06,26.5
VT,2019,34,41,2019-10-13,28.875
VT,2019,35,42,2019-10-20,32.875
VT,2019,36,43,2019-10-27,36.125
VT,2019,37,44,2019-11-03,36.5
VT,2020,8,15,2020-04-12,0.0
VT,2020,9,16,2020-04-19,0.0
VT,2020,10,17,2020-04-26,0.25
VT,2020,11,18,2020-05-03,0.625
VT,2020,12,19,2020-05-10,3.25
VT,2020,13,20,2020-05-17,5.0
VT,2020,14,21,2020-05-24,12.5
VT,2020,15,22,2020-05-31,17.625
VT,2020,16,23,2020-06-07,19.25
VT,2020,17,24,2020-06-14,21.0
VT,2020,18,25,2020-06-21,21.75
VT,2020,19,26,2020-06-28,25.0
VT,2020,20,27,2020-07-05,25.0
VT,2020,21,28,2020-07-12,25.0
VT,2020,29,36,2020-09-06,25.0
VT,2020,30,37,2020-09-13,25.25
VT,2020,31,38,2020-09-20,26.25
VT,2020,32,39,2020-09-27,27.625
VT,2020,33,40,2020-10-04,28.75
VT,2020,34,41,2020-10-11,32.125
VT,2020,35,42,2020-10-18,35.125
VT,2020,36,43,2020-10-25,37.0
VT,2020,37,44,2020-11-01,37.5
VT,2020,38,45,2020-11-08,37.5
VT,2021,9,16,2021-04-25,0.125
VT,2021,10,17,2021-05-02,0.5
VT,2021,11,18,2021-05-09,1.625
VT,2021,12,19,2021-05-16,2.125
VT,2021,13,20,2021-05-23,7.875
VT,2021,14,21,2021-05-30,10.375
VT,2021,15,22,2021-06-06,24.75
VT,2021,16,23,2021-06-13,25.0
VT,2021,17,24,2021-06-20,25.0
VT,2021,18,25,2021-06-27,25.0
VT,2021,19,26,2021-07-04,25.0
VT,2021,20,27,2021-07-11,25.0
VT,2021,28,35,2021-09-05,25.25
VT,2021,29,36,2021-09-12,26.25
VT,2021,30,37,2021-09-19,26.75
VT,2021,31,38,2021-09-26,29.625
VT,2021,32,39,2021-10-03,32.5
VT,2021,33,40,2021-10-10,35.25
VT,2021,34,41,2021-10-17,35.625
VT,2021,35,42,2021-10-24,36.875
VT,2021,36,43,2021-10-31,37.125
VT,2021,37,44,2021-11-07,37.375
VT,2022,9,16,2022-04-24,0.0
VT,2022,10,17,2022-05-01,0.5
VT,2022,11,18,2022-05-08,1.75
VT,2022,12,19,2022-05-15,8.875
VT,2022,13,20,2022-05-22,10.125
VT,2022,14,21,2022-05-29,20.125
VT,2022,15,22,2022-06-05,23.0
VT,2022,16,23,2022-06-12,23.75
VT,2022,17,24,2022-06-19,24.5
VT,2022,18,25,2022-06-26,24.75
VT,2022,19,26,2022-07-03,24.875
VT,2022,20,27,2022-07-10,25.0
VT,2022,24,31,2022-08-07,28.125
VT,2022,25,32,2022-08-14,37.75
VT,2022,28,35,2022-09-04,37.75
VT,2022,29,36,2022-09-11,37.75
VT,2022,30,37,2022-09-18,37.75
VT,2022,31,38,2022-09-25,40.0
VT,2022,32,39,2022-10-02,41.875
VT,2022,33,40,2022-10-09,46.0
VT,2022,34,41,2022-10-16,48.0
VT,2022,35,42,2022-10-23,50.0
VT,2022,36,43,2022-10-30,50.125
VT,2023,10,17,2023-04-30,0.0
VT,2023,11,18,2023-05-07,0.0
VT,2023,12,19,2023-05-14,6.5
VT,2023,13,20,2023-05-21,11.25
VT,2023,14,21,2023-05-28,14.625
VT,2023,15,22,2023-06-04,18.875
VT,2023,16,23,2023-06-11,21.75
VT,2023,17,24,2023-06-18,24.625
VT,2023,18,25,2023-06-25,24.625
VT,2023,19,26,2023-07-02,25.0
VT,2023,27,34,2023-08-27,25.0
VT,2023,28,35,2023-09-03,25.0
VT,2023,29,36,2023-09-10,25.0
VT,2023,30,37,2023-09-17,25.25
VT,2023,31,38,2023-09-24,25.25
VT,2023,32,39,2023-10-01,30.0
VT,2023,33,40,2023-10-08,34.75
VT,2023,34,41,2023-10-15,35.75
VT,2023,35,42,2023-10-22,36.625
VT,2023,36,43,2023-10-29,36.875
VT,2024,9,16,2024-04-21,0.0
VT,2024,10,17,2024-04-28,0.0
VT,2024,11,18,2024-05-05,0.0
VT,2024,12,19,2024-05-12,0.75
VT,2024,13,20,2024-05-19,5.875
VT,2024,14,21,2024-05-26,12.625
VT,2024,15,22,2024-06-02,20.5
VT,2024,16,23,2024-06-09,23.875
VT,2024,17,24,2024-06-16,24.75
VT,2024,18,25,2024-06-23,24.875
VT,2024,19,26,2024-06-30,24.875
VT,2024,28,35,2024-09-01,24.875
VT,2024,29,36,2024-09-08,25.75
VT,2024,30,37,2024-09-15,26.625
VT,2024,31,38,2024-09-22,28.875
VT,2024,32,39,2024-09-29,31.75
VT,2024,33,40,2024-10-06,35.0
VT,2024,34,41,2024-10-13,36.5
VT,2024,35,42,2024-10-20,37.0
VT,2025,15,22,2025-06-01,2.125
VT,2025,16,23,2025-06-08,11.625
VT,2025,17,24,2025-06-15,17.125
VT,2025,18,25,2025-06-22,20.75
VT,2025,19,26,2025-06-29,24.25
VT,2025,20,27,2025-07-06,24.625
VT,2025,29,36,2025-09-07,24.625
VT,2025,30,37,2025-09-14,24.75
VT,2025,31,38,2025-09-21,25.25
VT,2025,32,39,2025-09-28,28.0
WA,2016,6,13,2016-04-03,0.0
WA,2016,7,14,2016-04-10,0.125
WA,2016,8,15,2016-04-17,3.625
WA,2016,9,16,2016-04-24,7.0
WA,2016,10,17,2016-05-01,11.5
WA,2016,11,18,2016-05-08,16.625
WA,2016,12,19,2016-05-15,19.5
WA,2016,13,20,2016-05-22,21.875
WA,2016,14,21,2016-05-29,23.0
WA,2016,15,22,2016-06-05,23.25
WA,2016,16,23,2016-06-12,23.875
WA,2016,17,24,2016-06-19,23.875
WA,2016,18,25,2016-06-26,24.5
WA,2016,19,26,2016-07-03,25.375
WA,2016,20,27,2016-07-10,26.25
WA,2016,21,28,2016-07-17,30.25
WA,2016,22,29,2016-07-24,31.5
WA,2016,23,30,2016-07-31,34.25
WA,2016,24,31,2016-08-07,36.375
WA,2016,25,32,2016-08-14,41.0
WA,2016,26,33,2016-08-21,42.625
WA,2016,27,34,2016-08-28,44.125
WA,2016,28,35,2016-09-04,51.25
WA,2016,29,36,2016-09-11,55.375
WA,2016,30,37,2016-09-18,59.375
WA,2016,31,38,2016-09-25,61.375
WA,2016,32,39,2016-10-02,64.125
WA,2016,33,40,2016-10-09,66.75
WA,2016,34,41,2016-10-16,71.625
WA,2016,35,42,2016-10-23,73.875
WA,2016,36,43,2016-10-30,77.5
WA,2016,37,44,2016-11-06,79.0
WA,2016,38,45,2016-11-13,79.375
WA,2016,39,46,2016-11-20,82.25
WA,2016,40,47,2016-11-27,82.375
WA,2017,7,14,2017-04-09,0.0
WA,2017,8,15,2017-04-16,0.125
WA,2017,9,16,2017-04-23,1.125
WA,2017,10,17,2017-04-30,5.625
WA,2017,11,18,2017-05-07,8.875
WA,2017,12,19,2017-05-14,11.875
WA,2017,13,20,2017-05-21,15.5
WA,2017,14,21,2017-05-28,20.25
WA,2017,15,22,2017-06-04,20.75
WA,2017,16,23,2017-06-11,22.375
WA,2017,17,24,2017-06-18,23.25
WA,2017,18,25,2017-06-25,24.125
WA,2017,19,26,2017-07-02,24.25
WA,2017,20,27,2017-07-09,24.375
WA,2017,21,28,2017-07-16,25.125
WA,2017,22,29,2017-07-23,30.125
WA,2017,23,30,2017-07-30,33.125
WA,2017,24,31,2017-08-06,34.75
WA,2017,25,32,2017-08-13,37.875
WA,2017,26,33,2017-08-20,39.75
WA,2017,27,34,2017-08-27,42.5
WA,2017,28,35,2017-09-03,43.875
WA,2017,29,36,2017-09-10,46.5
WA,2017,30,37,2017-09-17,54.0
WA,2017,31,38,2017-09-24,58.125
WA,2017,32,39,2017-10-01,62.125
WA,2017,33,40,2017-10-08,68.375
WA,2017,34,41,2017-10-15,72.375
WA,2017,35,42,2017-10-22,77.5
WA,2017,36,43,2017-10-29,80.875
WA,2017,37,44,2017-11-05,83.625
WA,2017,38,45,2017-11-12,83.75
WA,2017,39,46,2017-11-19,84.0
WA,2017,40,47,2017-11-26,84.125
WA,2018,7,14,2018-04-08,0.375
WA,2018,8,15,2018-04-15,2.125
WA,2018,9,16,2018-04-22,3.0
WA,2018,10,17,2018-04-29,3.25
WA,2018,11,18,2018-05-06,5.875
WA,2018,12,19,2018-05-13,14.375
WA,2018,13,20,2018-05-20,18.5
WA,2018,14,21,2018-05-27,21.625
WA,2018,15,22,2018-06-03,23.0
WA,2018,16,23,2018-06-10,23.5
WA,2018,17,24,2018-06-17,24.0
WA,2018,18,25,2018-06-24,24.25
WA,2018,19,26,2018-07-01,25.5
WA,2018,20,27,2018-07-08,27.125
WA,2018,21,28,2018-07-15,29.25
WA,2018,22,29,2018-07-22,32.5
WA,2018,23,30,2018-07-29,36.75
WA,2018,24,31,2018-08-05,39.5
WA,2018,25,32,2018-08-12,41.875
WA,2018,26,33,2018-08-19,43.75
WA,2018,27,34,2018-08-26,46.875
WA,2018,28,35,2018-09-02,51.25
WA,2018,29,36,2018-09-09,55.875
WA,2018,30,37,2018-09-16,59.875
WA,2018,31,38,2018-09-23,66.375
WA,2018,32,39,2018-09-30,70.375
WA,2018,33,40,2018-10-07,74.125
WA,2018,34,41,2018-10-14,77.375
WA,2018,35,42,2018-10-21,79.875
WA,2018,36,43,2018-10-28,81.0
WA,2018,37,44,2018-11-04,81.75
WA,2018,38,45,2018-11-11,82.0
WA,2018,39,46,2018-11-18,82.5
WA,2018,40,47,2018-11-25,83.875
WA,2019,7,14,2019-04-07,0.125
WA,2019,8,15,2019-04-14,1.125
WA,2019,9,16,2019-04-21,2.0
WA,2019,10,17,2019-04-28,2.75
WA,2019,11,18,2019-05-05,5.875
WA,2019,12,19,2019-05-12,12.75
WA,2019,13,20,2019-05-19,18.5
WA,2019,14,21,2019-05-26,20.0
WA,2019,15,22,2019-06-02,20.875
WA,2019,16,23,2019-06-09,21.875
WA,2019,17,24,2019-06-16,22.625
WA,2019,18,25,2019-06-23,24.375
WA,2019,20,27,2019-07-07,24.5
WA,2019,21,28,2019-07-14,26.875
WA,2019,22,29,2019-07-21,28.75
WA,2019,23,30,2019-07-28,31.5
WA,2019,24,31,2019-08-04,35.0
WA,2019,25,32,2019-08-11,37.5
WA,2019,26,33,2019-08-18,40.0
WA,2019,27,34,2019-08-25,41.5
WA,2019,28,35,2019-09-01,42.75
WA,2019,29,36,2019-09-08,46.625
WA,2019,30,37,2019-09-15,53.25
WA,2019,31,38,2019-09-22,57.875
WA,2019,32,39,2019-09-29,63.75
WA,2019,33,40,2019-10-06,67.375
WA,2019,34,41,2019-10-13,71.5
WA,2019,35,42,2019-10-20,74.875
WA,2019,36,43,2019-10-27,77.75
WA,2019,37,44,2019-11-03,79.875
WA,2019,38,45,2019-11-10,81.875
WA,2019,39,46,2019-11-17,83.25
WA,2019,40,47,2019-11-24,83.5
WA,2020,8,15,2020-04-12,0.125
WA,2020,9,16,2020-04-19,1.625
WA,2020,10,17,2020-04-26,4.125
WA,2020,11,18,2020-05-03,11.875
WA,2020,12,19,2020-05-10,16.5
WA,2020,13,20,2020-05-17,21.375
WA,2020,14,21,2020-05-24,22.5
WA,2020,15,22,2020-05-31,23.125
WA,2020,16,23,2020-06-07,23.625
WA,2020,17,24,2020-06-14,23.75
WA,2020,18,25,2020-06-21,24.625
WA,2020,19,26,2020-06-28,26.0
WA,2020,20,27,2020-07-05,26.75
WA,2020,21,28,2020-07-12,27.5
WA,2020,22,29,2020-07-19,28.5
WA,2020,23,30,2020-07-26,30.5
WA,2020,24,31,2020-08-02,32.375
WA,2020,25,32,2020-08-09,34.875
WA,2020,26,33,2020-08-16,40.25
WA,2020,27,34,2020-08-23,42.875
WA,2020,28,35,2020-08-30,45.875
WA,2020,29,36,2020-09-06,53.5
WA,2020,30,37,2020-09-13,58.625
WA,2020,31,38,2020-09-20,64.75
WA,2020,32,39,2020-09-27,69.875
WA,2020,33,40,2020-10-04,72.625
WA,2020,34,41,2020-10-11,77.25
WA,2020,35,42,2020-10-18,79.5
WA,2020,36,43,2020-10-25,81.25
WA,2020,37,44,2020-11-01,83.125
WA,2020,38,45,2020-11-08,83.375
WA,2020,39,46,2020-11-15,83.5
WA,2020,40,47,2020-11-22,83.75
WA,2021,8,15,2021-04-18,0.25
WA,2021,9,16,2021-04-25,3.125
WA,2021,10,17,2021-05-02,8.625
WA,2021,11,18,2021-05-09,10.625
WA,2021,12,19,2021-05-16,14.0
WA,2021,13,20,2021-05-23,16.625
WA,2021,14,21,2021-05-30,20.75
WA,2021,15,22,2021-06-06,22.375
WA,2021,16,23,2021-06-13,23.375
WA,2021,17,24,2021-06-20,23.875
WA,2021,18,25,2021-06-27,24.25
WA,2021,19,26,2021-07-04,25.875
WA,2021,20,27,2021-07-11,27.5
WA,2021,21,28,2021-07-18,30.0
WA,2021,22,29,2021-07-25,31.875
WA,2021,23,30,2021-08-01,35.625
WA,2021,24,31,2021-08-08,37.75
WA,2021,25,32,2021-08-15,39.5
WA,2021,26,33,2021-08-22,41.75
WA,2021,27,34,2021-08-29,46.625
WA,2021,28,35,2021-09-05,50.625
WA,2021,29,36,2021-09-12,54.25
WA,2021,30,37,2021-09-19,58.0
WA,2021,31,38,2021-09-26,61.625
WA,2021,32,39,2021-10-03,67.125
WA,2021,33,40,2021-10-10,70.625
WA,2021,34,41,2021-10-17,73.625
WA,2021,35,42,2021-10-24,77.75
WA,2021,36,43,2021-10-31,80.25
WA,2021,37,44,2021-11-07,81.625
WA,2021,38,45,2021-11-14,82.875
WA,2021,39,46,2021-11-21,83.5
WA,2022,8,15,2022-04-17,0.0
WA,2022,9,16,2022-04-24,0.25
WA,2022,10,17,2022-05-01,3.125
WA,2022,11,18,2022-05-08,4.25
WA,2022,12,19,2022-05-15,5.375
WA,2022,13,20,2022-05-22,7.5
WA,2022,14,21,2022-05-29,9.375
WA,2022,15,22,2022-06-05,15.0
WA,2022,16,23,2022-06-12,19.875
WA,2022,17,24,2022-06-19,21.375
WA,2022,18,25,2022-06-26,23.125
WA,2022,19,26,2022-07-03,23.75
WA,2022,27,34,2022-08-28,23.875
WA,2022,28,35,2022-09-04,24.5
WA,2022,29,36,2022-09-11,23.75
WA,2022,30,37,2022-09-18,23.875
WA,2022,31,38,2022-09-25,24.75
WA,2022,32,39,2022-10-02,26.0
WA,2022,33,40,2022-10-09,27.875
WA,2022,34,41,2022-10-16,28.875
WA,2022,35,42,2022-10-23,30.75
WA,2022,36,43,2022-10-30,32.5
WA,2022,37,44,2022-11-06,34.125
WA,2022,38,45,2022-11-13,35.5
WA,2022,39,46,2022-11-20,35.875
WA,2023,8,15,2023-04-16,0.375
WA,2023,9,16,2023-04-23,1.875
WA,2023,10,17,2023-04-30,5.25
WA,2023,11,18,2023-05-07,6.5
WA,2023,12,19,2023-05-14,9.75
WA,2023,13,20,2023-05-21,14.0
WA,2023,14,21,2023-05-28,16.5
WA,2023,15,22,2023-06-04,19.375
WA,2023,16,23,2023-06-11,21.25
WA,2023,17,24,2023-06-18,23.0
WA,2023,18,25,2023-06-25,23.875
WA,2023,27,34,2023-08-27,23.875
WA,2023,28,35,2023-09-03,24.0
WA,2023,29,36,2023-09-10,24.875
WA,2023,30,37,2023-09-17,24.375
WA,2023,31,38,2023-09-24,26.0
WA,2023,32,39,2023-10-01,28.125
WA,2023,33,40,2023-10-08,28.75
WA,2023,34,41,2023-10-15,29.5
WA,2023,35,42,2023-10-22,30.875
WA,2023,36,43,2023-10-29,32.5
WA,2023,37,44,2023-11-05,34.125
WA,2023,38,45,2023-11-12,35.125
WA,2023,39,46,2023-11-19,35.75
WA,2024,7,14,2024-04-07,0.25
WA,2024,8,15,2024-04-14,0.5
WA,2024,9,16,2024-04-21,1.75
WA,2024,10,17,2024-04-28,3.25
WA,2024,11,18,2024-05-05,6.625
WA,2024,12,19,2024-05-12,14.5
WA,2024,13,20,2024-05-19,19.0
WA,2024,14,21,2024-05-26,21.25
WA,2024,15,22,2024-06-02,22.875
WA,2024,16,23,2024-06-09,23.125
WA,2024,17,24,2024-06-16,23.75
WA,2024,27,34,2024-08-25,24.375
WA,2024,28,35,2024-09-01,24.625
WA,2024,29,36,2024-09-08,25.625
WA,2024,30,37,2024-09-15,23.875
WA,2024,31,38,2024-09-22,24.625
WA,2024,32,39,2024-09-29,26.125
WA,2024,33,40,2024-10-06,27.5
WA,2024,34,41,2024-10-13,28.875
WA,2024,35,42,2024-10-20,30.625
WA,2024,36,43,2024-10-27,31.875
WA,2024,37,44,2024-11-03,33.375
WA,2024,38,45,2024-11-10,34.5
WA,2024,39,46,2024-11-17,35.25
WA,2024,40,47,2024-11-24,35.5
WA,2025,8,15,2025-04-13,0.125
WA,2025,9,16,2025-04-20,1.25
WA,2025,10,17,2025-04-27,3.25
WA,2025,11,18,2025-05-04,6.625
WA,2025,12,19,2025-05-11,13.625
WA,2025,13,20,2025-05-18,16.375
WA,2025,14,21,2025-05-25,20.625
WA,2025,15,22,2025-06-01,22.875
WA,2025,16,23,2025-06-08,23.75
WA,2025,27,34,2025-08-24,23.75
WA,2025,28,35,2025-08-31,24.125
WA,2025,29,36,2025-09-07,25.625
WA,2025,30,37,2025-09-14,24.0
WA,2025,31,38,2025-09-21,25.0
WA,2025,32,39,2025-09-28,26.25
WA,2025,39,46,2025-11-16,35.625
WI,2016,7,14,2016-04-10,0.0
WI,2016,8,15,2016-04-17,0.125
WI,2016,9,16,2016-04-24,1.25
WI,2016,10,17,2016-05-01,2.875
WI,2016,11,18,2016-05-08,7.75
WI,2016,12,19,2016-05-15,11.625
WI,2016,13,20,2016-05-22,16.625
WI,2016,14,21,2016-05-29,21.5
WI,2016,15,22,2016-06-05,23.75
WI,2016,16,23,2016-06-12,24.5
WI,2016,17,24,2016-06-19,24.875
WI,2016,18,25,2016-06-26,24.875
WI,2016,19,26,2016-07-03,24.875
WI,2016,20,27,2016-07-10,25.375
WI,2016,21,28,2016-07-17,29.0
WI,2016,22,29,2016-07-24,33.0
WI,2016,23,30,2016-07-31,37.125
WI,2016,24,31,2016-08-07,41.5
WI,2016,25,32,2016-08-14,44.25
WI,2016,26,33,2016-08-21,49.25
WI,2016,27,34,2016-08-28,54.625
WI,2016,28,35,2016-09-04,59.875
WI,2016,29,36,2016-09-11,62.625
WI,2016,30,37,2016-09-18,66.75
WI,2016,31,38,2016-09-25,69.625
WI,2016,32,39,2016-10-02,72.25
WI,2016,33,40,2016-10-09,74.375
WI,2016,34,41,2016-10-16,76.5
WI,2016,35,42,2016-10-23,78.5
WI,2016,36,43,2016-10-30,80.25
WI,2016,37,44,2016-11-06,82.25
WI,2016,38,45,2016-11-13,84.125
WI,2016,39,46,2016-11-20,85.25
WI,2016,40,47,2016-11-27,85.75
WI,2017,7,14,2017-04-09,0.0
WI,2017,8,15,2017-04-16,0.0
WI,2017,9,16,2017-04-23,0.125
WI,2017,10,17,2017-04-30,0.625
WI,2017,11,18,2017-05-07,1.875
WI,2017,12,19,2017-05-14,6.375
WI,2017,13,20,2017-05-21,10.75
WI,2017,14,21,2017-05-28,15.5
WI,2017,15,22,2017-06-04,19.875
WI,2017,16,23,2017-06-11,22.5
WI,2017,17,24,2017-06-18,23.75
WI,2017,18,25,2017-06-25,24.25
WI,2017,19,26,2017-07-02,24.25
WI,2017,20,27,2017-07-09,24.25
WI,2017,21,28,2017-07-16,24.875
WI,2017,22,29,2017-07-23,28.5
WI,2017,23,30,2017-07-30,32.0
WI,2017,24,31,2017-08-06,36.375
WI,2017,25,32,2017-08-13,40.125
WI,2017,26,33,2017-08-20,43.125
WI,2017,27,34,2017-08-27,47.125
WI,2017,28,35,2017-09-03,50.875
WI,2017,29,36,2017-09-10,53.75
WI,2017,30,37,2017-09-17,57.75
WI,2017,31,38,2017-09-24,61.25
WI,2017,32,39,2017-10-01,65.0
WI,2017,33,40,2017-10-08,68.25
WI,2017,34,41,2017-10-15,70.5
WI,2017,35,42,2017-10-22,72.75
WI,2017,36,43,2017-10-29,75.0
WI,2017,37,44,2017-11-05,77.0
WI,2017,38,45,2017-11-12,79.375
WI,2017,39,46,2017-11-19,81.0
WI,2017,40,47,2017-11-26,82.5
WI,2018,7,14,2018-04-08,0.0
WI,2018,8,15,2018-04-15,0.0
WI,2018,9,16,2018-04-22,0.0
WI,2018,10,17,2018-04-29,0.375
WI,2018,11,18,2018-05-06,1.875
WI,2018,12,19,2018-05-13,4.75
WI,2018,13,20,2018-05-20,9.625
WI,2018,14,21,2018-05-27,16.125
WI,2018,15,22,2018-06-03,20.5
WI,2018,16,23,2018-06-10,22.75
WI,2018,17,24,2018-06-17,23.875
WI,2018,18,25,2018-06-24,23.875
WI,2018,19,26,2018-07-01,24.0
WI,2018,20,27,2018-07-08,24.625
WI,2018,21,28,2018-07-15,27.625
WI,2018,22,29,2018-07-22,30.5
WI,2018,23,30,2018-07-29,34.375
WI,2018,24,31,2018-08-05,38.25
WI,2018,25,32,2018-08-12,41.75
WI,2018,26,33,2018-08-19,45.875
WI,2018,27,34,2018-08-26,50.75
WI,2018,28,35,2018-09-02,55.5
WI,2018,29,36,2018-09-09,59.0
WI,2018,30,37,2018-09-16,63.0
WI,2018,31,38,2018-09-23,67.125
WI,2018,32,39,2018-09-30,70.75
WI,2018,33,40,2018-10-07,72.875
WI,2018,34,41,2018-10-14,74.625
WI,2018,35,42,2018-10-21,76.5
WI,2018,36,43,2018-10-28,78.625
WI,2018,37,44,2018-11-04,80.25
WI,2018,38,45,2018-11-11,81.5
WI,2018,39,46,2018-11-18,82.875
WI,2018,40,47,2018-11-25,83.875
WI,2019,7,14,2019-04-07,0.0
WI,2019,8,15,2019-04-14,0.0
WI,2019,9,16,2019-04-21,0.125
WI,2019,10,17,2019-04-28,0.5
WI,2019,11,18,2019-05-05,0.875
WI,2019,12,19,2019-05-12,1.875
WI,2019,13,20,2019-05-19,4.75
WI,2019,14,21,2019-05-26,7.125
WI,2019,15,22,2019-06-02,10.75
WI,2019,16,23,2019-06-09,15.75
WI,2019,17,24,2019-06-16,19.125
WI,2019,18,25,2019-06-23,21.75
WI,2019,19,26,2019-06-30,22.875
WI,2019,20,27,2019-07-07,23.75
WI,2019,21,28,2019-07-14,24.25
WI,2019,22,29,2019-07-21,25.375
WI,2019,23,30,2019-07-28,27.625
WI,2019,24,31,2019-08-04,31.25
WI,2019,25,32,2019-08-11,34.875
WI,2019,26,33,2019-08-18,38.875
WI,2019,27,34,2019-08-25,42.75
WI,2019,28,35,2019-09-01,45.75
WI,2019,29,36,2019-09-08,49.375
WI,2019,30,37,2019-09-15,51.5
WI,2019,31,38,2019-09-22,55.0
WI,2019,32,39,2019-09-29,57.625
WI,2019,33,40,2019-10-06,61.0
WI,2019,34,41,2019-10-13,65.0
WI,2019,35,42,2019-10-20,68.0
WI,2019,36,43,2019-10-27,70.875
WI,2019,37,44,2019-11-03,73.375
WI,2019,38,45,2019-11-10,75.375
WI,2019,39,46,2019-11-17,77.625
WI,2019,40,47,2019-11-24,79.25
WI,2019,41,48,2019-12-01,80.375
WI,2020,8,15,2020-04-12,0.0
WI,2020,9,16,2020-04-19,0.125
WI,2020,10,17,2020-04-26,1.375
WI,2020,11,18,2020-05-03,4.25
WI,2020,12,19,2020-05-10,7.75
WI,2020,13,20,2020-05-17,12.0
WI,2020,14,21,2020-05-24,16.875
WI,2020,15,22,2020-05-31,20.875
WI,2020,16,23,2020-06-07,22.75
WI,2020,17,24,2020-06-14,23.875
WI,2020,18,25,2020-06-21,24.625
WI,2020,19,26,2020-06-28,24.625
WI,2020,20,27,2020-07-05,24.875
WI,2020,21,28,2020-07-12,25.875
WI,2020,22,29,2020-07-19,29.0
WI,2020,23,30,2020-07-26,33.375
WI,2020,24,31,2020-08-02,37.5
WI,2020,25,32,2020-08-09,41.125
WI,2020,26,33,2020-08-16,45.5
WI,2020,27,34,2020-08-23,50.125
WI,2020,28,35,2020-08-30,55.25
WI,2020,29,36,2020-09-06,61.375
WI,2020,30,37,2020-09-13,61.625
WI,2020,31,38,2020-09-20,66.375
WI,2020,32,39,2020-09-27,70.0
WI,2020,33,40,2020-10-04,72.0
WI,2020,34,41,2020-10-11,74.375
WI,2020,35,42,2020-10-18,76.375
WI,2020,36,43,2020-10-25,78.0
WI,2020,37,44,2020-11-01,79.875
WI,2020,38,45,2020-11-08,82.75
WI,2020,39,46,2020-11-15,83.875
WI,2020,40,47,2020-11-22,84.5
WI,2020,41,48,2020-11-29,84.875
WI,2021,6,13,2021-04-04,0.0
WI,2021,7,14,2021-04-11,0.0
WI,2021,8,15,2021-04-18,0.125
WI,2021,9,16,2021-04-25,0.75
WI,2021,10,17,2021-05-02,3.375
WI,2021,11,18,2021-05-09,6.75
WI,2021,12,19,2021-05-16,12.75
WI,2021,13,20,2021-05-23,18.5
WI,2021,14,21,2021-05-30,21.5
WI,2021,15,22,2021-06-06,23.5
WI,2021,16,23,2021-06-13,24.25
WI,2021,17,24,2021-06-20,24.5
WI,2021,18,25,2021-06-27,24.5
WI,2021,19,26,2021-07-04,24.5
WI,2021,20,27,2021-07-11,25.125
WI,2021,21,28,2021-07-18,28.875
WI,2021,22,29,2021-07-25,33.75
WI,2021,23,30,2021-08-01,38.125
WI,2021,24,31,2021-08-08,41.5
WI,2021,25,32,2021-08-15,45.5
WI,2021,26,33,2021-08-22,49.125
WI,2021,27,34,2021-08-29,53.5
WI,2021,28,35,2021-09-05,58.125
WI,2021,29,36,2021-09-12,60.5
WI,2021,30,37,2021-09-19,64.625
WI,2021,31,38,2021-09-26,69.0
WI,2021,32,39,2021-10-03,72.25
WI,2021,33,40,2021-10-10,75.125
WI,2021,34,41,2021-10-17,76.75
WI,2021,35,42,2021-10-24,78.75
WI,2021,36,43,2021-10-31,80.375
WI,2021,37,44,2021-11-07,82.25
WI,2021,38,45,2021-11-14,83.5
WI,2021,39,46,2021-11-21,84.25
WI,2021,40,47,2021-11-28,84.75
WI,2022,6,13,2022-04-03,0.0
WI,2022,7,14,2022-04-10,0.0
WI,2022,8,15,2022-04-17,0.0
WI,2022,9,16,2022-04-24,0.0
WI,2022,10,17,2022-05-01,0.125
WI,2022,11,18,2022-05-08,0.875
WI,2022,12,19,2022-05-15,4.625
WI,2022,13,20,2022-05-22,10.875
WI,2022,14,21,2022-05-29,16.875
WI,2022,15,22,2022-06-05,20.25
WI,2022,16,23,2022-06-12,22.25
WI,2022,17,24,2022-06-19,23.625
WI,2022,18,25,2022-06-26,24.25
WI,2022,19,26,2022-07-03,24.625
WI,2022,20,27,2022-07-10,24.75
WI,2022,21,28,2022-07-17,25.75
WI,2022,22,29,2022-07-24,28.875
WI,2022,23,30,2022-07-31,32.5
WI,2022,24,31,2022-08-07,36.75
WI,2022,25,32,2022-08-14,41.625
WI,2022,26,33,2022-08-21,45.25
WI,2022,27,34,2022-08-28,49.25
WI,2022,28,35,2022-09-04,53.625
WI,2022,29,36,2022-09-11,57.625
WI,2022,30,37,2022-09-18,61.625
WI,2022,31,38,2022-09-25,65.5
WI,2022,32,39,2022-10-02,70.0
WI,2022,33,40,2022-10-09,72.875
WI,2022,34,41,2022-10-16,74.625
WI,2022,35,42,2022-10-23,76.125
WI,2022,36,43,2022-10-30,78.25
WI,2022,37,44,2022-11-06,80.5
WI,2022,38,45,2022-11-13,82.5
WI,2022,39,46,2022-11-20,83.25
WI,2022,40,47,2022-11-27,84.5
WI,2023,6,13,2023-04-02,0.0
WI,2023,7,14,2023-04-09,0.0
WI,2023,8,15,2023-04-16,0.125
WI,2023,9,16,2023-04-23,0.125
WI,2023,10,17,2023-04-30,0.25
WI,2023,11,18,2023-05-07,1.75
WI,2023,12,19,2023-05-14,4.75
WI,2023,13,20,2023-05-21,11.875
WI,2023,14,21,2023-05-28,17.75
WI,2023,15,22,2023-06-04,21.625
WI,2023,16,23,2023-06-11,23.5
WI,2023,17,24,2023-06-18,24.125
WI,2023,18,25,2023-06-25,24.625
WI,2023,19,26,2023-07-02,24.625
WI,2023,20,27,2023-07-09,24.875
WI,2023,21,28,2023-07-16,25.625
WI,2023,22,29,2023-07-23,27.75
WI,2023,23,30,2023-07-30,32.75
WI,2023,24,31,2023-08-06,37.5
WI,2023,25,32,2023-08-13,41.0
WI,2023,26,33,2023-08-20,45.625
WI,2023,27,34,2023-08-27,49.25
WI,2023,28,35,2023-09-03,53.375
WI,2023,29,36,2023-09-10,58.625
WI,2023,30,37,2023-09-17,63.0
WI,2023,31,38,2023-09-24,66.0
WI,2023,32,39,2023-10-01,68.625
WI,2023,33,40,2023-10-08,71.625
WI,2023,34,41,2023-10-15,73.75
WI,2023,35,42,2023-10-22,75.75
WI,2023,36,43,2023-10-29,77.625
WI,2023,37,44,2023-11-05,79.75
WI,2023,38,45,2023-11-12,81.75
WI,2023,39,46,2023-11-19,83.25
WI,2023,40,47,2023-11-26,84.125
WI,2024,6,13,2024-03-31,0.0
WI,2024,7,14,2024-04-07,0.0
WI,2024,8,15,2024-04-14,0.125
WI,2024,9,16,2024-04-21,0.25
WI,2024,10,17,2024-04-28,1.25
WI,2024,11,18,2024-05-05,3.0
WI,2024,12,19,2024-05-12,6.0
WI,2024,13,20,2024-05-19,11.125
WI,2024,14,21,2024-05-26,15.75
WI,2024,15,22,2024-06-02,19.0
WI,2024,16,23,2024-06-09,20.625
WI,2024,17,24,2024-06-16,22.125
WI,2024,18,25,2024-06-23,23.125
WI,2024,19,26,2024-06-30,24.0
WI,2024,20,27,2024-07-07,24.875
WI,2024,21,28,2024-07-14,26.625
WI,2024,22,29,2024-07-21,30.0
WI,2024,23,30,2024-07-28,33.625
WI,2024,24,31,2024-08-04,36.875
WI,2024,25,32,2024-08-11,40.125
WI,2024,26,33,2024-08-18,45.625
WI,2024,27,34,2024-08-25,49.0
WI,2024,28,35,2024-09-01,52.75
WI,2024,29,36,2024-09-08,55.5
WI,2024,30,37,2024-09-15,59.5
WI,2024,31,38,2024-09-22,63.875
WI,2024,32,39,2024-09-29,67.375
WI,2024,33,40,2024-10-06,70.375
WI,2024,34,41,2024-10-13,74.5
WI,2024,35,42,2024-10-20,77.875
WI,2024,36,43,2024-10-27,80.875
WI,2024,37,44,2024-11-03,82.875
WI,2024,38,45,2024-11-10,83.875
WI,2024,39,46,2024-11-17,84.5
WI,2024,40,47,2024-11-24,84.875
WI,2025,7,14,2025-04-06,0.0
WI,2025,8,15,2025-04-13,0.0
WI,2025,9,16,2025-04-20,0.125
WI,2025,10,17,2025-04-27,0.5
WI,2025,11,18,2025-05-04,2.0
WI,2025,12,19,2025-05-11,6.125
WI,2025,13,20,2025-05-18,12.0
WI,2025,14,21,2025-05-25,17.125
WI,2025,15,22,2025-06-01,20.25
WI,2025,16,23,2025-06-08,22.25
WI,2025,17,24,2025-06-15,23.625
WI,2025,18,25,2025-06-22,24.25
WI,2025,19,26,2025-06-29,24.5
WI,2025,20,27,2025-07-06,24.625
WI,2025,21,28,2025-07-13,26.125
WI,2025,22,29,2025-07-20,28.5
WI,2025,23,30,2025-07-27,32.75
WI,2025,24,31,2025-08-03,37.0
WI,2025,25,32,2025-08-10,40.875
WI,2025,26,33,2025-08-17,45.125
WI,2025,27,34,2025-08-24,48.125
WI,2025,28,35,2025-08-31,52.375
WI,2025,29,36,2025-09-07,55.625
WI,2025,30,37,2025-09-14,59.625
WI,2025,31,38,2025-09-21,62.625
WI,2025,32,39,2025-09-28,67.0
WI,2025,39,46,2025-11-16,77.25
WI,2025,40,47,2025-11-23,77.75
WV,2016,7,14,2016-04-10,0.25
WV,2016,8,15,2016-04-17,1.0
WV,2016,9,16,2016-04-24,1.75
WV,2016,10,17,2016-05-01,2.5
WV,2016,11,18,2016-05-08,3.25
WV,2016,12,19,2016-05-15,4.0
WV,2016,13,20,2016-05-22,5.125
WV,2016,14,21,2016-05-29,7.125
WV,2016,15,22,2016-06-05,11.375
WV,2016,16,23,2016-06-12,13.875
WV,2016,17,24,2016-06-19,18.0
WV,2016,18,25,2016-06-26,21.75
WV,2016,19,26,2016-07-03,22.625
WV,2016,20,27,2016-07-10,23.875
WV,2016,21,28,2016-07-17,25.25
WV,2016,22,29,2016-07-24,29.625
WV,2016,23,30,2016-07-31,31.875
WV,2016,24,31,2016-08-07,36.5
WV,2016,25,32,2016-08-14,41.125
WV,2016,26,33,2016-08-21,44.25
WV,2016,27,34,2016-08-28,47.125
WV,2016,28,35,2016-09-04,53.625
WV,2016,29,36,2016-09-11,59.25
WV,2016,30,37,2016-09-18,62.75
WV,2016,31,38,2016-09-25,68.625
WV,2016,32,39,2016-10-02,71.75
WV,2016,33,40,2016-10-09,75.875
WV,2016,34,41,2016-10-16,78.125
WV,2016,35,42,2016-10-23,79.375
WV,2016,36,43,2016-10-30,81.375
WV,2016,37,44,2016-11-06,82.0
WV,2016,38,45,2016-11-13,82.625
WV,2016,39,46,2016-11-20,83.25
WV,2016,40,47,2016-11-27,83.875
WV,2017,7,14,2017-04-09,0.125
WV,2017,8,15,2017-04-16,0.75
WV,2017,9,16,2017-04-23,1.375
WV,2017,10,17,2017-04-30,2.0
WV,2017,11,18,2017-05-07,3.25
WV,2017,12,19,2017-05-14,4.875
WV,2017,13,20,2017-05-21,10.375
WV,2017,14,21,2017-05-28,14.75
WV,2017,15,22,2017-06-04,16.625
WV,2017,16,23,2017-06-11,19.625
WV,2017,17,24,2017-06-18,20.125
WV,2017,18,25,2017-06-25,23.125
WV,2017,19,26,2017-07-02,23.75
WV,2017,20,27,2017-07-09,25.5
WV,2017,21,28,2017-07-16,26.75
WV,2017,22,29,2017-07-23,28.75
WV,2017,23,30,2017-07-30,31.125
WV,2017,24,31,2017-08-06,34.375
WV,2017,25,32,2017-08-13,37.875
WV,2017,26,33,2017-08-20,43.375
WV,2017,27,34,2017-08-27,46.5
WV,2017,28,35,2017-09-03,49.375
WV,2017,29,36,2017-09-10,52.0
WV,2017,30,37,2017-09-17,54.375
WV,2017,31,38,2017-09-24,58.125
WV,2017,32,39,2017-10-01,64.5
WV,2017,33,40,2017-10-08,67.75
WV,2017,34,41,2017-10-15,71.375
WV,2017,35,42,2017-10-22,74.25
WV,2017,36,43,2017-10-29,76.875
WV,2017,37,44,2017-11-05,79.375
WV,2017,38,45,2017-11-12,80.0
WV,2017,39,46,2017-11-19,81.25
WV,2017,40,47,2017-11-26,82.75
WV,2018,7,14,2018-04-08,0.0
WV,2018,8,15,2018-04-15,0.0
WV,2018,9,16,2018-04-22,0.5
WV,2018,10,17,2018-04-29,1.125
WV,2018,11,18,2018-05-06,1.5
WV,2018,12,19,2018-05-13,3.125
WV,2018,13,20,2018-05-20,4.25
WV,2018,14,21,2018-05-27,6.875
WV,2018,15,22,2018-06-03,8.75
WV,2018,16,23,2018-06-10,11.125
WV,2018,17,24,2018-06-17,14.0
WV,2018,18,25,2018-06-24,15.875
WV,2018,19,26,2018-07-01,19.25
WV,2018,20,27,2018-07-08,21.375
WV,2018,21,28,2018-07-15,22.75
WV,2018,22,29,2018-07-22,26.25
WV,2018,23,30,2018-07-29,28.75
WV,2018,24,31,2018-08-05,31.125
WV,2018,25,32,2018-08-12,34.0
WV,2018,26,33,2018-08-19,37.125
WV,2018,27,34,2018-08-26,40.625
WV,2018,28,35,2018-09-02,45.125
WV,2018,29,36,2018-09-09,48.375
WV,2018,30,37,2018-09-16,52.375
WV,2018,31,38,2018-09-23,56.625
WV,2018,32,39,2018-09-30,60.0
WV,2018,33,40,2018-10-07,65.0
WV,2018,34,41,2018-10-14,69.125
WV,2018,35,42,2018-10-21,72.25
WV,2018,36,43,2018-10-28,75.375
WV,2018,37,44,2018-11-04,77.0
WV,2018,38,45,2018-11-11,78.5
WV,2018,39,46,2018-11-18,79.875
WV,2018,40,47,2018-11-25,80.75
WV,2019,7,14,2019-04-07,0.0
WV,2019,8,15,2019-04-14,0.75
WV,2019,9,16,2019-04-21,1.375
WV,2019,10,17,2019-04-28,1.875
WV,2019,11,18,2019-05-05,3.75
WV,2019,12,19,2019-05-12,5.125
WV,2019,13,20,2019-05-19,6.875
WV,2019,14,21,2019-05-26,8.75
WV,2019,15,22,2019-06-02,11.75
WV,2019,16,23,2019-06-09,14.0
WV,2019,17,24,2019-06-16,16.625
WV,2019,18,25,2019-06-23,18.5
WV,2019,19,26,2019-06-30,20.75
WV,2019,20,27,2019-07-07,22.5
WV,2019,21,28,2019-07-14,24.25
WV,2019,22,29,2019-07-21,27.625
WV,2019,23,30,2019-07-28,29.25
WV,2019,24,31,2019-08-04,31.125
WV,2019,25,32,2019-08-11,34.125
WV,2019,26,33,2019-08-18,37.25
WV,2019,27,34,2019-08-25,41.125
WV,2019,28,35,2019-09-01,45.625
WV,2019,29,36,2019-09-08,48.25
WV,2019,30,37,2019-09-15,52.5
WV,2019,31,38,2019-09-22,56.625
WV,2019,32,39,2019-09-29,62.375
WV,2019,33,40,2019-10-06,66.125
WV,2019,34,41,2019-10-13,71.75
WV,2019,35,42,2019-10-20,74.125
WV,2019,36,43,2019-10-27,75.75
WV,2019,37,44,2019-11-03,78.625
WV,2019,38,45,2019-11-10,79.75
WV,2019,39,46,2019-11-17,81.0
WV,2019,40,47,2019-11-24,82.25
WV,2020,8,15,2020-04-12,0.375
WV,2020,9,16,2020-04-19,0.875
WV,2020,10,17,2020-04-26,1.5
WV,2020,11,18,2020-05-03,3.0
WV,2020,12,19,2020-05-10,4.0
WV,2020,13,20,2020-05-17,5.75
WV,2020,14,21,2020-05-24,7.375
WV,2020,15,22,2020-05-31,9.5
WV,2020,16,23,2020-06-07,11.625
WV,2020,17,24,2020-06-14,14.875
WV,2020,18,25,2020-06-21,17.375
WV,2020,19,26,2020-06-28,19.625
WV,2020,20,27,2020-07-05,22.75
WV,2020,21,28,2020-07-12,25.5
WV,2020,22,29,2020-07-19,27.25
WV,2020,23,30,2020-07-26,29.75
WV,2020,24,31,2020-08-02,32.625
WV,2020,25,32,2020-08-09,36.375
WV,2020,26,33,2020-08-16,40.125
WV,2020,27,34,2020-08-23,43.375
WV,2020,28,35,2020-08-30,46.875
WV,2020,29,36,2020-09-06,50.0
WV,2020,30,37,2020-09-13,54.125
WV,2020,31,38,2020-09-20,59.5
WV,2020,32,39,2020-09-27,64.0
WV,2020,33,40,2020-10-04,67.625
WV,2020,34,41,2020-10-11,71.5
WV,2020,35,42,2020-10-18,74.0
WV,2020,36,43,2020-10-25,77.625
WV,2020,37,44,2020-11-01,81.125
WV,2020,38,45,2020-11-08,82.875
WV,2020,39,46,2020-11-15,83.875
WV,2020,40,47,2020-11-22,84.5
WV,2020,41,48,2020-11-29,84.875
WV,2021,7,14,2021-04-11,0.25
WV,2021,8,15,2021-04-18,0.625
WV,2021,9,16,2021-04-25,1.375
WV,2021,10,17,2021-05-02,2.625
WV,2021,11,18,2021-05-09,4.375
WV,2021,12,19,2021-05-16,7.0
WV,2021,13,20,2021-05-23,9.25
WV,2021,14,21,2021-05-30,12.5
WV,2021,15,22,2021-06-06,16.625
WV,2021,16,23,2021-06-13,18.5
WV,2021,17,24,2021-06-20,20.125
WV,2021,18,25,2021-06-27,22.0
WV,2021,19,26,2021-07-04,24.25
WV,2021,20,27,2021-07-11,26.25
WV,2021,21,28,2021-07-18,29.0
WV,2021,22,29,2021-07-25,31.875
WV,2021,23,30,2021-08-01,33.5
WV,2021,24,31,2021-08-08,37.0
WV,2021,25,32,2021-08-15,41.375
WV,2021,26,33,2021-08-22,45.0
WV,2021,27,34,2021-08-29,48.0
WV,2021,28,35,2021-09-05,52.125
WV,2021,29,36,2021-09-12,55.75
WV,2021,30,37,2021-09-19,59.625
WV,2021,31,38,2021-09-26,61.875
WV,2021,32,39,2021-10-03,66.0
WV,2021,33,40,2021-10-10,69.75
WV,2021,34,41,2021-10-17,72.25
WV,2021,35,42,2021-10-24,74.25
WV,2021,36,43,2021-10-31,76.625
WV,2021,37,44,2021-11-07,79.375
WV,2021,38,45,2021-11-14,80.375
WV,2021,39,46,2021-11-21,81.625
WV,2021,40,47,2021-11-28,83.125
WV,2022,7,14,2022-04-10,0.25
WV,2022,8,15,2022-04-17,0.875
WV,2022,9,16,2022-04-24,1.5
WV,2022,10,17,2022-05-01,2.5
WV,2022,11,18,2022-05-08,3.875
WV,2022,12,19,2022-05-15,5.625
WV,2022,13,20,2022-05-22,7.875
WV,2022,14,21,2022-05-29,9.25
WV,2022,15,22,2022-06-05,11.25
WV,2022,16,23,2022-06-12,14.125
WV,2022,17,24,2022-06-19,16.125
WV,2022,18,25,2022-06-26,18.375
WV,2022,19,26,2022-07-03,20.125
WV,2022,20,27,2022-07-10,22.625
WV,2022,21,28,2022-07-17,24.75
WV,2022,22,29,2022-07-24,26.375
WV,2022,23,30,2022-07-31,27.75
WV,2022,24,31,2022-08-07,30.125
WV,2022,25,32,2022-08-14,32.25
WV,2022,26,33,2022-08-21,36.0
WV,2022,27,34,2022-08-28,38.75
WV,2022,28,35,2022-09-04,42.625
WV,2022,29,36,2022-09-11,46.375
WV,2022,30,37,2022-09-18,50.5
WV,2022,31,38,2022-09-25,54.375
WV,2022,32,39,2022-10-02,58.125
WV,2022,33,40,2022-10-09,62.125
WV,2022,34,41,2022-10-16,65.75
WV,2022,35,42,2022-10-23,69.875
WV,2022,36,43,2022-10-30,72.75
WV,2022,37,44,2022-11-06,76.0
WV,2022,38,45,2022-11-13,79.25
WV,2022,39,46,2022-11-20,80.625
WV,2022,40,47,2022-11-27,81.875
WV,2023,6,13,2023-04-02,0.25
WV,2023,7,14,2023-04-09,0.75
WV,2023,8,15,2023-04-16,1.5
WV,2023,9,16,2023-04-23,2.0
WV,2023,10,17,2023-04-30,3.0
WV,2023,11,18,2023-05-07,4.25
WV,2023,12,19,2023-05-14,5.375
WV,2023,13,20,2023-05-21,7.625
WV,2023,14,21,2023-05-28,9.875
WV,2023,15,22,2023-06-04,12.375
WV,2023,16,23,2023-06-11,15.375
WV,2023,17,24,2023-06-18,18.0
WV,2023,18,25,2023-06-25,20.375
WV,2023,19,26,2023-07-02,21.5
WV,2023,20,27,2023-07-09,23.5
WV,2023,21,28,2023-07-16,25.375
WV,2023,22,29,2023-07-23,28.125
WV,2023,23,30,2023-07-30,30.5
WV,2023,24,31,2023-08-06,33.125
WV,2023,25,32,2023-08-13,36.75
WV,2023,26,33,2023-08-20,41.25
WV,2023,27,34,2023-08-27,45.25
WV,2023,28,35,2023-09-03,49.25
WV,2023,29,36,2023-09-10,52.5
WV,2023,30,37,2023-09-17,56.0
WV,2023,31,38,2023-09-24,59.0
WV,2023,32,39,2023-10-01,63.25
WV,2023,33,40,2023-10-08,67.625
WV,2023,34,41,2023-10-15,70.5
WV,2023,35,42,2023-10-22,73.375
WV,2023,36,43,2023-10-29,76.125
WV,2023,37,44,2023-11-05,79.25
WV,2023,38,45,2023-11-12,80.375
WV,2023,39,46,2023-11-19,81.625
WV,2023,40,47,2023-11-26,83.5
WV,2024,6,13,2024-03-31,0.0
WV,2024,7,14,2024-04-07,0.125
WV,2024,8,15,2024-04-14,0.25
WV,2024,9,16,2024-04-21,0.375
WV,2024,10,17,2024-04-28,1.75
WV,2024,11,18,2024-05-05,4.0
WV,2024,12,19,2024-05-12,7.125
WV,2024,13,20,2024-05-19,10.25
WV,2024,14,21,2024-05-26,15.5
WV,2024,15,22,2024-06-02,18.25
WV,2024,16,23,2024-06-09,20.25
WV,2024,17,24,2024-06-16,23.0
WV,2024,18,25,2024-06-23,24.25
WV,2024,19,26,2024-06-30,25.5
WV,2024,20,27,2024-07-07,26.375
WV,2024,21,28,2024-07-14,27.125
WV,2024,22,29,2024-07-21,30.75
WV,2024,23,30,2024-07-28,33.125
WV,2024,24,31,2024-08-04,36.125
WV,2024,25,32,2024-08-11,39.125
WV,2024,26,33,2024-08-18,43.125
WV,2024,27,34,2024-08-25,47.125
WV,2024,28,35,2024-09-01,50.75
WV,2024,29,36,2024-09-08,55.0
WV,2024,30,37,2024-09-15,60.125
WV,2024,31,38,2024-09-22,62.75
WV,2024,32,39,2024-09-29,65.75
WV,2024,33,40,2024-10-06,68.875
WV,2024,34,41,2024-10-13,71.25
WV,2024,35,42,2024-10-20,73.625
WV,2024,36,43,2024-10-27,76.5
WV,2024,37,44,2024-11-03,78.625
WV,2024,38,45,2024-11-10,79.75
WV,2024,39,46,2024-11-17,81.0
WV,2024,40,47,2024-11-24,82.0
WV,2025,7,14,2025-04-06,0.0
WV,2025,8,15,2025-04-13,0.125
WV,2025,9,16,2025-04-20,0.625
WV,2025,10,17,2025-04-27,1.5
WV,2025,11,18,2025-05-04,2.75
WV,2025,12,19,2025-05-11,4.625
WV,2025,13,20,2025-05-18,6.25
WV,2025,14,21,2025-05-25,8.5
WV,2025,15,22,2025-06-01,11.125
WV,2025,16,23,2025-06-08,13.5
WV,2025,17,24,2025-06-15,16.5
WV,2025,18,25,2025-06-22,18.875
WV,2025,19,26,2025-06-29,22.375
WV,2025,20,27,2025-07-06,24.5
WV,2025,21,28,2025-07-13,26.375
WV,2025,22,29,2025-07-20,28.0
WV,2025,23,30,2025-07-27,30.75
WV,2025,24,31,2025-08-03,34.375
WV,2025,25,32,2025-08-10,38.625
WV,2025,26,33,2025-08-17,42.0
WV,2025,27,34,2025-08-24,46.5
WV,2025,28,35,2025-08-31,50.5
WV,2025,29,36,2025-09-07,53.75
WV,2025,30,37,2025-09-14,57.625
WV,2025,31,38,2025-09-21,61.25
WV,2025,32,39,2025-09-28,65.375
WV,2025,39,46,2025-11-16,73.0
WV,2025,40,47,2025-11-23,74.125
WY,2016,8,15,2016-04-17,0.0
WY,2016,9,16,2016-04-24,0.75
WY,2016,10,17,2016-05-01,1.75
WY,2016,11,18,2016-05-08,4.125
WY,2016,12,19,2016-05-15,7.625
WY,2016,13,20,2016-05-22,12.0
WY,2016,14,21,2016-05-29,16.375
WY,2016,15,22,2016-06-05,18.625
WY,2016,16,23,2016-06-12,21.0
WY,2016,17,24,2016-06-19,24.125
WY,2016,20,27,2016-07-10,24.375
WY,2016,21,28,2016-07-17,25.25
WY,2016,22,29,2016-07-24,27.75
WY,2016,23,30,2016-07-31,30.25
WY,2016,24,31,2016-08-07,34.375
WY,2016,25,32,2016-08-14,40.75
WY,2016,26,33,2016-08-21,42.625
WY,2016,27,34,2016-08-28,45.625
WY,2016,28,35,2016-09-04,52.375
WY,2016,29,36,2016-09-11,56.875
WY,2016,30,37,2016-09-18,65.5
WY,2016,31,38,2016-09-25,71.75
WY,2016,32,39,2016-10-02,68.0
WY,2016,33,40,2016-10-09,71.75
WY,2016,34,41,2016-10-16,73.75
WY,2016,35,42,2016-10-23,76.125
WY,2016,36,43,2016-10-30,77.5
WY,2016,37,44,2016-11-06,80.25
WY,2016,38,45,2016-11-13,82.625
WY,2016,39,46,2016-11-20,83.125
WY,2016,40,47,2016-11-27,83.5
WY,2017,9,16,2017-04-23,0.5
WY,2017,10,17,2017-04-30,1.25
WY,2017,11,18,2017-05-07,5.0
WY,2017,12,19,2017-05-14,8.875
WY,2017,13,20,2017-05-21,14.0
WY,2017,14,21,2017-05-28,18.125
WY,2017,15,22,2017-06-04,20.75
WY,2017,16,23,2017-06-11,24.0
WY,2017,17,24,2017-06-18,24.375
WY,2017,20,27,2017-07-09,24.375
WY,2017,21,28,2017-07-16,24.625
WY,2017,22,29,2017-07-23,26.5
WY,2017,23,30,2017-07-30,28.5
WY,2017,24,31,2017-08-06,31.875
WY,2017,25,32,2017-08-13,39.125
WY,2017,26,33,2017-08-20,43.0
WY,2017,27,34,2017-08-27,45.75
WY,2017,28,35,2017-09-03,52.25
WY,2017,29,36,2017-09-10,56.875
WY,2017,30,37,2017-09-17,62.875
WY,2017,31,38,2017-09-24,68.5
WY,2017,32,39,2017-10-01,66.25
WY,2017,33,40,2017-10-08,70.25
WY,2017,34,41,2017-10-15,74.5
WY,2017,35,42,2017-10-22,76.25
WY,2017,36,43,2017-10-29,77.625
WY,2017,37,44,2017-11-05,80.0
WY,2017,38,45,2017-11-12,81.25
WY,2017,39,46,2017-11-19,82.5
WY,2017,40,47,2017-11-26,83.375
WY,2018,9,16,2018-04-22,0.0
WY,2018,10,17,2018-04-29,2.625
WY,2018,11,18,2018-05-06,4.375
WY,2018,12,19,2018-05-13,8.375
WY,2018,13,20,2018-05-20,13.0
WY,2018,14,21,2018-05-27,18.75
WY,2018,15,22,2018-06-03,22.75
WY,2018,16,23,2018-06-10,23.625
WY,2018,17,24,2018-06-17,24.5
WY,2018,21,28,2018-07-15,24.625
WY,2018,22,29,2018-07-22,25.375
WY,2018,23,30,2018-07-29,28.875
WY,2018,24,31,2018-08-05,31.5
WY,2018,25,32,2018-08-12,36.75
WY,2018,26,33,2018-08-19,41.75
WY,2018,27,34,2018-08-26,45.75
WY,2018,28,35,2018-09-02,49.75
WY,2018,29,36,2018-09-09,55.5
WY,2018,30,37,2018-09-16,62.375
WY,2018,31,38,2018-09-23,60.25
WY,2018,32,39,2018-09-30,66.375
WY,2018,33,40,2018-10-07,71.25
WY,2018,34,41,2018-10-14,74.75
WY,2018,35,42,2018-10-21,76.5
WY,2018,36,43,2018-10-28,77.125
WY,2018,37,44,2018-11-04,79.5
WY,2018,38,45,2018-11-11,81.125
WY,2018,39,46,2018-11-18,83.125
WY,2018,40,47,2018-11-25,84.125
WY,2019,10,17,2019-04-28,0.25
WY,2019,11,18,2019-05-05,1.375
WY,2019,12,19,2019-05-12,5.25
WY,2019,13,20,2019-05-19,10.125
WY,2019,14,21,2019-05-26,15.375
WY,2019,15,22,2019-06-02,16.875
WY,2019,16,23,2019-06-09,19.875
WY,2019,17,24,2019-06-16,22.625
WY,2019,18,25,2019-06-23,23.125
WY,2019,19,26,2019-06-30,24.125
WY,2019,22,29,2019-07-21,24.125
WY,2019,23,30,2019-07-28,26.0
WY,2019,24,31,2019-08-04,27.375
WY,2019,25,32,2019-08-11,31.5
WY,2019,26,33,2019-08-18,38.375
WY,2019,27,34,2019-08-25,43.375
WY,2019,28,35,2019-09-01,46.5
WY,2019,29,36,2019-09-08,52.0
WY,2019,30,37,2019-09-15,60.25
WY,2019,31,38,2019-09-22,68.5
WY,2019,32,39,2019-09-29,73.625
WY,2019,33,40,2019-10-06,70.5
WY,2019,34,41,2019-10-13,72.5
WY,2019,35,42,2019-10-20,73.75
WY,2019,36,43,2019-10-27,75.375
WY,2019,37,44,2019-11-03,76.75
WY,2019,38,45,2019-11-10,79.0
WY,2019,39,46,2019-11-17,81.375
WY,2019,40,47,2019-11-24,82.75
WY,2020,10,17,2020-04-26,1.625
WY,2020,11,18,2020-05-03,3.125
WY,2020,12,19,2020-05-10,5.625
WY,2020,13,20,2020-05-17,11.625
WY,2020,14,21,2020-05-24,15.625
WY,2020,15,22,2020-05-31,20.0
WY,2020,16,23,2020-06-07,22.5
WY,2020,17,24,2020-06-14,24.375
WY,2020,22,29,2020-07-19,24.5
WY,2020,23,30,2020-07-26,26.875
WY,2020,24,31,2020-08-02,30.5
WY,2020,25,32,2020-08-09,38.625
WY,2020,26,33,2020-08-16,45.625
WY,2020,27,34,2020-08-23,49.375
WY,2020,28,35,2020-08-30,52.625
WY,2020,29,36,2020-09-06,57.125
WY,2020,30,37,2020-09-13,60.625
WY,2020,31,38,2020-09-20,67.875
WY,2020,32,39,2020-09-27,68.5
WY,2020,33,40,2020-10-04,73.625
WY,2020,34,41,2020-10-11,78.625
WY,2020,35,42,2020-10-18,81.5
WY,2020,36,43,2020-10-25,83.0
WY,2020,37,44,2020-11-01,83.375
WY,2020,38,45,2020-11-08,84.625
WY,2020,39,46,2020-11-15,85.125
WY,2020,40,47,2020-11-22,85.375
WY,2021,9,16,2021-04-25,0.125
WY,2021,10,17,2021-05-02,1.125
WY,2021,11,18,2021-05-09,4.25
WY,2021,12,19,2021-05-16,7.125
WY,2021,13,20,2021-05-23,14.375
WY,2021,14,21,2021-05-30,17.625
WY,2021,15,22,2021-06-06,19.375
WY,2021,16,23,2021-06-13,22.75
WY,2021,17,24,2021-06-20,24.125
WY,2021,19,26,2021-07-04,24.125
WY,2021,20,27,2021-07-11,24.125
WY,2021,21,28,2021-07-18,24.75
WY,2021,22,29,2021-07-25,27.125
WY,2021,23,30,2021-08-01,29.125
WY,2021,24,31,2021-08-08,33.5
WY,2021,25,32,2021-08-15,39.875
WY,2021,26,33,2021-08-22,44.375
WY,2021,27,34,2021-08-29,49.0
WY,2021,28,35,2021-09-05,54.375
WY,2021,29,36,2021-09-12,60.5
WY,2021,30,37,2021-09-19,64.75
WY,2021,31,38,2021-09-26,63.75
WY,2021,32,39,2021-10-03,65.875
WY,2021,33,40,2021-10-10,70.625
WY,2021,34,41,2021-10-17,73.75
WY,2021,35,42,2021-10-24,75.375
WY,2021,36,43,2021-10-31,78.0
WY,2021,37,44,2021-11-07,78.375
WY,2021,38,45,2021-11-14,82.0
WY,2021,39,46,2021-11-21,83.875
WY,2021,40,47,2021-11-28,84.375
WY,2022,9,16,2022-04-24,0.0
WY,2022,10,17,2022-05-01,0.25
WY,2022,11,18,2022-05-08,3.625
WY,2022,12,19,2022-05-15,4.625
WY,2022,13,20,2022-05-22,9.75
WY,2022,14,21,2022-05-29,15.625
WY,2022,15,22,2022-06-05,17.5
WY,2022,16,23,2022-06-12,19.875
WY,2022,17,24,2022-06-19,23.125
WY,2022,18,25,2022-06-26,24.0
WY,2022,19,26,2022-07-03,24.0
WY,2022,20,27,2022-07-10,24.25
WY,2022,21,28,2022-07-17,24.5
WY,2022,22,29,2022-07-24,25.125
WY,2022,23,30,2022-07-31,28.5
WY,2022,24,31,2022-08-07,32.375
WY,2022,25,32,2022-08-14,38.625
WY,2022,26,33,2022-08-21,43.0
WY,2022,27,34,2022-08-28,47.125
WY,2022,28,35,2022-09-04,51.25
WY,2022,29,36,2022-09-11,57.375
WY,2022,30,37,2022-09-18,66.0
WY,2022,31,38,2022-09-25,73.25
WY,2022,32,39,2022-10-02,67.75
WY,2022,33,40,2022-10-09,69.875
WY,2022,34,41,2022-10-16,71.375
WY,2022,35,42,2022-10-23,72.375
WY,2022,36,43,2022-10-30,74.0
WY,2022,37,44,2022-11-06,77.5
WY,2022,38,45,2022-11-13,81.0
WY,2022,39,46,2022-11-20,83.0
WY,2022,40,47,2022-11-27,83.375
WY,2023,9,16,2023-04-23,0.0
WY,2023,10,17,2023-04-30,0.0
WY,2023,11,18,2023-05-07,1.375
WY,2023,12,19,2023-05-14,4.375
WY,2023,13,20,2023-05-21,7.75
WY,2023,14,21,2023-05-28,11.375
WY,2023,15,22,2023-06-04,19.375
WY,2023,16,23,2023-06-11,20.25
WY,2023,17,24,2023-06-18,21.0
WY,2023,18,25,2023-06-25,21.75
WY,2023,19,26,2023-07-02,22.5
WY,2023,20,27,2023-07-09,23.375
WY,2023,21,28,2023-07-16,24.25
WY,2023,22,29,2023-07-23,25.25
WY,2023,23,30,2023-07-30,27.625
WY,2023,24,31,2023-08-06,31.625
WY,2023,25,32,2023-08-13,36.375
WY,2023,26,33,2023-08-20,41.125
WY,2023,27,34,2023-08-27,43.5
WY,2023,28,35,2023-09-03,49.5
WY,2023,29,36,2023-09-10,51.75
WY,2023,30,37,2023-09-17,54.0
WY,2023,31,38,2023-09-24,55.875
WY,2023,32,39,2023-10-01,58.875
WY,2023,33,40,2023-10-08,62.5
WY,2023,34,41,2023-10-15,65.5
WY,2023,35,42,2023-10-22,69.75
WY,2023,36,43,2023-10-29,71.375
WY,2023,37,44,2023-11-05,74.875
WY,2023,38,45,2023-11-12,77.75
WY,2023,39,46,2023-11-19,80.5
WY,2023,40,47,2023-11-26,82.25
WY,2024,8,15,2024-04-14,0.0
WY,2024,9,16,2024-04-21,0.375
WY,2024,10,17,2024-04-28,1.75
WY,2024,11,18,2024-05-05,2.875
WY,2024,12,19,2024-05-12,5.25
WY,2024,13,20,2024-05-19,9.0
WY,2024,14,21,2024-05-26,13.75
WY,2024,15,22,2024-06-02,18.0
WY,2024,16,23,2024-06-09,19.375
WY,2024,17,24,2024-06-16,21.75
WY,2024,18,25,2024-06-23,23.625
WY,2024,19,26,2024-06-30,23.875
WY,2024,20,27,2024-07-07,24.0
WY,2024,21,28,2024-07-14,24.375
WY,2024,22,29,2024-07-21,25.375
WY,2024,23,30,2024-07-28,28.875
WY,2024,24,31,2024-08-04,33.75
WY,2024,25,32,2024-08-11,37.375
WY,2024,26,33,2024-08-18,41.125
WY,2024,27,34,2024-08-25,44.875
WY,2024,28,35,2024-09-01,49.0
WY,2024,29,36,2024-09-08,54.625
WY,2024,30,37,2024-09-15,57.375
WY,2024,31,38,2024-09-22,62.125
WY,2024,32,39,2024-09-29,66.125
WY,2024,33,40,2024-10-06,69.125
WY,2024,34,41,2024-10-13,70.75
WY,2024,35,42,2024-10-20,73.5
WY,2024,36,43,2024-10-27,76.375
WY,2024,37,44,2024-11-03,78.75
WY,2024,38,45,2024-11-10,81.125
WY,2024,39,46,2024-11-17,82.5
WY,2024,40,47,2024-11-24,82.875
WY,2025,9,16,2025-04-20,0.125
WY,2025,10,17,2025-04-27,1.375
WY,2025,11,18,2025-05-04,2.875
WY,2025,12,19,2025-05-11,5.25
WY,2025,13,20,2025-05-18,9.375
WY,2025,14,21,2025-05-25,15.25
WY,2025,15,22,2025-06-01,20.5
WY,2025,16,23,2025-06-08,22.375
WY,2025,17,24,2025-06-15,24.0
WY,2025,18,25,2025-06-22,24.125
WY,2025,19,26,2025-06-29,24.25
WY,2025,20,27,2025-07-06,24.375
WY,2025,21,28,2025-07-13,24.5
WY,2025,22,29,2025-07-20,25.375
WY,2025,23,30,2025-07-27,26.75
WY,2025,24,31,2025-08-03,30.5
WY,2025,25,32,2025-08-10,35.125
WY,2025,26,33,2025-08-17,38.0
WY,2025,27,34,2025-08-24,44.25
WY,2025,28,35,2025-08-31,49.0
WY,2025,29,36,2025-09-07,54.5
WY,2025,30,37,2025-09-14,62.375
WY,2025,31,38,2025-09-21,70.25
WY,2025,32,39,2025-09-28,76.875
WY,2025,39,46,2025-11-16,82.375
WY,2025,40,47,2025-11-23,82.875
US,2016,7,14,2016-04-10,0.5714285714285714
US,2016,8,15,2016-04-17,1.8571428571428572
US,2016,9,16,2016-04-24,5.0
US,2016,10,17,2016-05-01,8.285714285714286
US,2016,11,18,2016-05-08,13.0
US,2016,12,19,2016-05-15,16.857142857142858
US,2016,13,20,2016-05-22,20.857142857142858
US,2016,14,21,2016-05-29,24.571428571428573
US,2016,15,22,2016-06-05,26.857142857142858
US,2016,16,23,2016-06-12,27.714285714285715
US,2016,18,25,2016-06-26,28.571428571428573
US,2016,19,26,2016-07-03,29.857142857142858
US,2016,20,27,2016-07-10,32.285714285714285
US,2016,21,28,2016-07-17,35.714285714285715
US,2016,22,29,2016-07-24,40.857142857142854
US,2016,23,30,2016-07-31,45.0
US,2016,24,31,2016-08-07,50.42857142857143
US,2016,25,32,2016-08-14,55.0
US,2016,26,33,2016-08-21,59.42857142857143
US,2016,27,34,2016-08-28,64.57142857142857
US,2016,28,35,2016-09-04,68.71428571428571
US,2016,29,36,2016-09-11,73.14285714285714
US,2016,30,37,2016-09-18,77.42857142857143
US,2016,31,38,2016-09-25,81.71428571428571
US,2016,32,39,2016-10-02,84.85714285714286
US,2016,33,40,2016-10-09,87.42857142857143
US,2016,34,41,2016-10-16,89.57142857142857
US,2016,35,42,2016-10-23,91.71428571428571
US,2016,36,43,2016-10-30,93.71428571428571
US,2016,37,44,2016-11-06,95.28571428571429
US,2016,38,45,2016-11-13,96.28571428571429
US,2016,39,46,2016-11-20,96.85714285714286
US,2017,7,14,2017-04-09,0.42857142857142855
US,2017,8,15,2017-04-16,0.8571428571428571
US,2017,9,16,2017-04-23,3.0
US,2017,10,17,2017-04-30,6.142857142857143
US,2017,11,18,2017-05-07,8.857142857142858
US,2017,12,19,2017-05-14,14.571428571428571
US,2017,13,20,2017-05-21,19.714285714285715
US,2017,14,21,2017-05-28,23.428571428571427
US,2017,15,22,2017-06-04,26.0
US,2017,16,23,2017-06-11,27.142857142857142
US,2017,17,24,2017-06-18,27.714285714285715
US,2017,18,25,2017-06-25,28.285714285714285
US,2017,19,26,2017-07-02,29.142857142857142
US,2017,20,27,2017-07-09,30.428571428571427
US,2017,21,28,2017-07-16,33.42857142857143
US,2017,22,29,2017-07-23,38.42857142857143
US,2017,23,30,2017-07-30,43.142857142857146
US,2017,24,31,2017-08-06,48.0
US,2017,25,32,2017-08-13,52.57142857142857
US,2017,26,33,2017-08-20,56.57142857142857
US,2017,27,34,2017-08-27,61.0
US,2017,28,35,2017-09-03,65.0
US,2017,29,36,2017-09-10,69.71428571428571
US,2017,30,37,2017-09-17,73.42857142857143
US,2017,31,38,2017-09-24,77.42857142857143
US,2017,32,39,2017-10-01,81.14285714285714
US,2017,33,40,2017-10-08,83.85714285714286
US,2017,34,41,2017-10-15,85.85714285714286
US,2017,35,42,2017-10-22,88.14285714285714
US,2017,36,43,2017-10-29,90.42857142857143
US,2017,37,44,2017-11-05,92.71428571428571
US,2017,38,45,2017-11-12,94.57142857142857
US,2017,39,46,2017-11-19,95.57142857142857
US,2017,40,47,2017-11-26,96.28571428571429
US,2018,7,14,2018-04-08,0.2857142857142857
US,2018,8,15,2018-04-15,0.42857142857142855
US,2018,9,16,2018-04-22,0.7142857142857143
US,2018,10,17,2018-04-29,2.857142857142857
US,2018,11,18,2018-05-06,6.714285714285714
US,2018,12,19,2018-05-13,12.857142857142858
US,2018,13,20,2018-05-20,18.714285714285715
US,2018,14,21,2018-05-27,23.428571428571427
US,2018,15,22,2018-06-03,26.142857142857142
US,2018,16,23,2018-06-10,27.285714285714285
US,2018,17,24,2018-06-17,27.857142857142858
US,2018,18,25,2018-06-24,28.571428571428573
US,2018,19,26,2018-07-01,30.285714285714285
US,2018,20,27,2018-07-08,33.142857142857146
US,2018,21,28,2018-07-15,36.857142857142854
US,2018,22,29,2018-07-22,42.0
US,2018,23,30,2018-07-29,46.285714285714285
US,2018,24,31,2018-08-05,51.42857142857143
US,2018,25,32,2018-08-12,55.714285714285715
US,2018,26,33,2018-08-19,60.0
US,2018,27,34,2018-08-26,64.85714285714286
US,2018,28,35,2018-09-02,69.14285714285714
US,2018,29,36,2018-09-09,73.28571428571429
US,2018,30,37,2018-09-16,77.57142857142857
US,2018,31,38,2018-09-23,81.71428571428571
US,2018,32,39,2018-09-30,85.14285714285714
US,2018,33,40,2018-10-07,87.28571428571429
US,2018,34,41,2018-10-14,88.42857142857143
US,2018,35,42,2018-10-21,89.85714285714286
US,2018,36,43,2018-10-28,91.85714285714286
US,2018,37,44,2018-11-04,93.71428571428571
US,2018,38,45,2018-11-11,94.85714285714286
US,2018,39,46,2018-11-18,95.71428571428571
US,2018,40,47,2018-11-25,96.28571428571429
US,2019,7,14,2019-04-07,0.2857142857142857
US,2019,8,15,2019-04-14,0.42857142857142855
US,2019,9,16,2019-04-21,0.8571428571428571
US,2019,10,17,2019-04-28,2.5714285714285716
US,2019,11,18,2019-05-05,4.142857142857143
US,2019,12,19,2019-05-12,5.714285714285714
US,2019,13,20,2019-05-19,9.714285714285714
US,2019,14,21,2019-05-26,12.857142857142858
US,2019,15,22,2019-06-02,16.142857142857142
US,2019,16,23,2019-06-09,20.714285714285715
US,2019,17,24,2019-06-16,24.428571428571427
US,2019,18,25,2019-06-23,26.428571428571427
US,2019,19,26,2019-06-30,27.142857142857142
US,2019,20,27,2019-07-07,28.857142857142858
US,2019,21,28,2019-07-14,30.142857142857142
US,2019,22,29,2019-07-21,33.42857142857143
US,2019,23,30,2019-07-28,37.857142857142854
US,2019,24,31,2019-08-04,42.142857142857146
US,2019,25,32,2019-08-11,47.142857142857146
US,2019,26,33,2019-08-18,51.285714285714285
US,2019,27,34,2019-08-25,55.285714285714285
US,2019,28,35,2019-09-01,59.57142857142857
US,2019,29,36,2019-09-08,63.42857142857143
US,2019,30,37,2019-09-15,67.42857142857143
US,2019,31,38,2019-09-22,71.42857142857143
US,2019,32,39,2019-09-29,75.28571428571429
US,2019,33,40,2019-10-06,78.71428571428571
US,2019,34,41,2019-10-13,82.28571428571429
US,2019,35,42,2019-10-20,85.28571428571429
US,2019,36,43,2019-10-27,87.85714285714286
US,2019,37,44,2019-11-03,89.85714285714286
US,2019,38,45,2019-11-10,91.85714285714286
US,2019,39,46,2019-11-17,93.28571428571429
US,2019,40,47,2019-11-24,94.42857142857143
US,2019,41,48,2019-12-01,95.14285714285714
US,2020,8,15,2020-04-12,0.42857142857142855
US,2020,9,16,2020-04-19,1.0
US,2020,10,17,2020-04-26,4.285714285714286
US,2020,11,18,2020-05-03,8.428571428571429
US,2020,12,19,2020-05-10,13.0
US,2020,13,20,2020-05-17,17.571428571428573
US,2020,14,21,2020-05-24,21.714285714285715
US,2020,15,22,2020-05-31,24.428571428571427
US,2020,16,23,2020-06-07,26.571428571428573
US,2020,17,24,2020-06-14,27.428571428571427
US,2020,18,25,2020-06-21,27.714285714285715
US,2020,19,26,2020-06-28,28.0
US,2020,20,27,2020-07-05,28.857142857142858
US,2020,21,28,2020-07-12,32.0
US,2020,22,29,2020-07-19,37.142857142857146
US,2020,23,30,2020-07-26,42.285714285714285
US,2020,24,31,2020-08-02,46.142857142857146
US,2020,25,32,2020-08-09,51.285714285714285
US,2020,26,33,2020-08-16,55.42857142857143
US,2020,27,34,2020-08-23,60.857142857142854
US,2020,28,35,2020-08-30,65.42857142857143
US,2020,29,36,2020-09-06,70.0
US,2020,30,37,2020-09-13,74.42857142857143
US,2020,31,38,2020-09-20,78.28571428571429
US,2020,32,39,2020-09-27,81.57142857142857
US,2020,33,40,2020-10-04,84.71428571428571
US,2020,34,41,2020-10-11,88.0
US,2020,35,42,2020-10-18,91.14285714285714
US,2020,36,43,2020-10-25,92.85714285714286
US,2020,37,44,2020-11-01,94.28571428571429
US,2020,38,45,2020-11-08,95.57142857142857
US,2020,39,46,2020-11-15,96.14285714285714
US,2021,6,13,2021-04-04,0.2857142857142857
US,2021,7,14,2021-04-11,0.5714285714285714
US,2021,8,15,2021-04-18,1.4285714285714286
US,2021,9,16,2021-04-25,2.857142857142857
US,2021,10,17,2021-05-02,7.714285714285714
US,2021,11,18,2021-05-09,12.428571428571429
US,2021,12,19,2021-05-16,17.285714285714285
US,2021,13,20,2021-05-23,22.0
US,2021,14,21,2021-05-30,25.142857142857142
US,2021,15,22,2021-06-06,26.428571428571427
US,2021,16,23,2021-06-13,27.285714285714285
US,2021,18,25,2021-06-27,27.857142857142858
US,2021,19,26,2021-07-04,28.714285714285715
US,2021,20,27,2021-07-11,31.428571428571427
US,2021,21,28,2021-07-18,36.42857142857143
US,2021,22,29,2021-07-25,41.142857142857146
US,2021,23,30,2021-08-01,45.714285714285715
US,2021,24,31,2021-08-08,50.0
US,2021,25,32,2021-08-15,54.42857142857143
US,2021,26,33,2021-08-22,59.42857142857143
US,2021,27,34,2021-08-29,63.57142857142857
US,2021,28,35,2021-09-05,68.0
US,2021,29,36,2021-09-12,72.71428571428571
US,2021,30,37,2021-09-19,77.28571428571429
US,2021,31,38,2021-09-26,81.42857142857143
US,2021,32,39,2021-10-03,85.0
US,2021,33,40,2021-10-10,87.57142857142857
US,2021,34,41,2021-10-17,89.57142857142857
US,2021,35,42,2021-10-24,91.57142857142857
US,2021,36,43,2021-10-31,92.71428571428571
US,2021,37,44,2021-11-07,94.14285714285714
US,2021,38,45,2021-11-14,95.14285714285714
US,2021,39,46,2021-11-21,95.71428571428571
US,2022,6,13,2022-04-03,0.2857142857142857
US,2022,7,14,2022-04-10,0.2857142857142857
US,2022,8,15,2022-04-17,0.5714285714285714
US,2022,9,16,2022-04-24,1.2857142857142858
US,2022,10,17,2022-05-01,2.4285714285714284
US,2022,11,18,2022-05-08,3.857142857142857
US,2022,12,19,2022-05-15,9.0
US,2022,13,20,2022-05-22,15.857142857142858
US,2022,14,21,2022-05-29,21.0
US,2022,15,22,2022-06-05,24.571428571428573
US,2022,16,23,2022-06-12,26.428571428571427
US,2022,17,24,2022-06-19,27.428571428571427
US,2022,18,25,2022-06-26,28.0
US,2022,19,26,2022-07-03,28.428571428571427
US,2022,20,27,2022-07-10,29.857142857142858
US,2022,21,28,2022-07-17,33.57142857142857
US,2022,22,29,2022-07-24,38.142857142857146
US,2022,23,30,2022-07-31,42.57142857142857
US,2022,24,31,2022-08-07,47.57142857142857
US,2022,25,32,2022-08-14,52.0
US,2022,26,33,2022-08-21,57.0
US,2022,27,34,2022-08-28,61.285714285714285
US,2022,28,35,2022-09-04,65.57142857142857
US,2022,29,36,2022-09-11,70.14285714285714
US,2022,30,37,2022-09-18,74.0
US,2022,31,38,2022-09-25,78.0
US,2022,32,39,2022-10-02,82.14285714285714
US,2022,33,40,2022-10-09,85.42857142857143
US,2022,34,41,2022-10-16,88.42857142857143
US,2022,35,42,2022-10-23,91.14285714285714
US,2022,36,43,2022-10-30,93.28571428571429
US,2022,37,44,2022-11-06,94.85714285714286
US,2022,38,45,2022-11-13,95.71428571428571
US,2022,39,46,2022-11-20,96.14285714285714
US,2023,6,13,2023-04-02,0.2857142857142857
US,2023,7,14,2023-04-09,0.42857142857142855
US,2023,8,15,2023-04-16,1.1428571428571428
US,2023,9,16,2023-04-23,2.4285714285714284
US,2023,10,17,2023-04-30,4.571428571428571
US,2023,11,18,2023-05-07,8.714285714285714
US,2023,12,19,2023-05-14,13.571428571428571
US,2023,13,20,2023-05-21,19.0
US,2023,14,21,2023-05-28,23.428571428571427
US,2023,15,22,2023-06-04,25.857142857142858
US,2023,16,23,2023-06-11,27.0
US,2023,17,24,2023-06-18,27.428571428571427
US,2023,18,25,2023-06-25,28.0
US,2023,19,26,2023-07-02,28.571428571428573
US,2023,20,27,2023-07-09,31.0
US,2023,21,28,2023-07-16,35.142857142857146
US,2023,22,29,2023-07-23,39.42857142857143
US,2023,23,30,2023-07-30,43.57142857142857
US,2023,24,31,2023-08-06,48.57142857142857
US,2023,25,32,2023-08-13,53.0
US,2023,26,33,2023-08-20,57.857142857142854
US,2023,27,34,2023-08-27,62.285714285714285
US,2023,28,35,2023-09-03,66.57142857142857
US,2023,29,36,2023-09-10,72.28571428571429
US,2023,30,37,2023-09-17,76.85714285714286
US,2023,31,38,2023-09-24,80.71428571428571
US,2023,32,39,2023-10-01,83.57142857142857
US,2023,33,40,2023-10-08,86.14285714285714
US,2023,34,41,2023-10-15,88.57142857142857
US,2023,35,42,2023-10-22,90.57142857142857
US,2023,36,43,2023-10-29,92.28571428571429
US,2023,37,44,2023-11-05,93.71428571428571
US,2023,38,45,2023-11-12,94.71428571428571
US,2023,39,46,2023-11-19,95.42857142857143
US,2023,40,47,2023-11-26,95.85714285714286
US,2024,6,13,2024-03-31,0.2857142857142857
US,2024,7,14,2024-04-07,0.42857142857142855
US,2024,8,15,2024-04-14,0.8571428571428571
US,2024,9,16,2024-04-21,2.142857142857143
US,2024,10,17,2024-04-28,4.857142857142857
US,2024,11,18,2024-05-05,6.857142857142857
US,2024,12,19,2024-05-12,10.285714285714286
US,2024,13,20,2024-05-19,15.714285714285714
US,2024,14,21,2024-05-26,20.142857142857142
US,2024,15,22,2024-06-02,23.571428571428573
US,2024,16,23,2024-06-09,25.714285714285715
US,2024,17,24,2024-06-16,26.857142857142858
US,2024,18,25,2024-06-23,28.0
US,2024,19,26,2024-06-30,29.0
US,2024,20,27,2024-07-07,31.285714285714285
US,2024,21,28,2024-07-14,34.42857142857143
US,2024,22,29,2024-07-21,38.57142857142857
US,2024,23,30,2024-07-28,42.714285714285715
US,2024,24,31,2024-08-04,47.57142857142857
US,2024,25,32,2024-08-11,52.0
US,2024,26,33,2024-08-18,56.857142857142854
US,2024,27,34,2024-08-25,61.42857142857143
US,2024,28,35,2024-09-01,65.42857142857143
US,2024,29,36,2024-09-08,70.28571428571429
US,2024,30,37,2024-09-15,74.71428571428571
US,2024,31,38,2024-09-22,78.71428571428571
US,2024,32,39,2024-09-29,82.28571428571429
US,2024,33,40,2024-10-06,85.28571428571429
US,2024,34,41,2024-10-13,88.71428571428571
US,2024,35,42,2024-10-20,91.85714285714286
US,2024,36,43,2024-10-27,94.14285714285714
US,2024,37,44,2024-11-03,95.57142857142857
US,2024,38,45,2024-11-10,96.14285714285714
US,2025,7,14,2025-04-06,0.2857142857142857
US,2025,8,15,2025-04-13,0.5714285714285714
US,2025,9,16,2025-04-20,2.0
US,2025,10,17,2025-04-27,4.142857142857143
US,2025,11,18,2025-05-04,7.285714285714286
US,2025,12,19,2025-05-11,12.857142857142858
US,2025,13,20,2025-05-18,18.285714285714285
US,2025,14,21,2025-05-25,22.0
US,2025,15,22,2025-06-01,24.428571428571427
US,2025,16,23,2025-06-08,26.285714285714285
US,2025,17,24,2025-06-15,27.285714285714285
US,2025,18,25,2025-06-22,28.285714285714285
US,2025,19,26,2025-06-29,28.857142857142858
US,2025,20,27,2025-07-06,30.714285714285715
US,2025,21,28,2025-07-13,33.57142857142857
US,2025,22,29,2025-07-20,37.714285714285715
US,2025,23,30,2025-07-27,42.285714285714285
US,2025,24,31,2025-08-03,47.142857142857146
US,2025,25,32,2025-08-10,51.42857142857143
US,2025,26,33,2025-08-17,56.142857142857146
US,2025,27,34,2025-08-24,60.714285714285715
US,2025,28,35,2025-08-31,64.85714285714286
US,2025,29,36,2025-09-07,69.85714285714286
US,2025,30,37,2025-09-14,74.14285714285714
US,2025,31,38,2025-09-21,77.71428571428571
US,2025,32,39,2025-09-28,81.42857142857143
US,2025,39,46,2025-11-16,91.85714285714286
US,2025,40,47,2025-11-23,92.57142857142857
