state_alpha,season,week,cal_week,week_ending,PCT BOLLS OPENING,PCT EMERGED,PCT HARVESTED,PCT PLANTED,PCT SETTING BOLLS,PCT SQUARING
AL,2016,2,13,2016-04-03,0.0,,0.0,0.0,0.0,0.0
AL,2016,3,14,2016-04-10,0.0,,0.0,0.0,0.0,0.0
AL,2016,4,15,2016-04-17,0.0,,0.0,0.0,0.0,0.0
AL,2016,5,16,2016-04-24,0.0,,0.0,14.0,0.0,0.0
AL,2016,6,17,2016-05-01,0.0,,0.0,22.0,0.0,0.0
AL,2016,7,18,2016-05-08,0.0,,0.0,44.0,0.0,0.0
AL,2016,8,19,2016-05-15,0.0,,0.0,56.0,0.0,0.0
AL,2016,9,20,2016-05-22,0.0,,0.0,71.0,0.0,0.0
AL,2016,10,21,2016-05-29,0.0,,0.0,78.0,0.0,0.0
AL,2016,11,22,2016-06-05,0.0,,0.0,90.0,0.0,3.0
AL,2016,12,23,2016-06-12,0.0,,0.0,93.0,0.0,18.0
AL,2016,13,24,2016-06-19,0.0,,0.0,97.0,0.0,38.0
AL,2016,14,25,2016-06-26,0.0,,0.0,97.0,3.0,52.0
AL,2016,15,26,2016-07-03,0.0,,0.0,97.0,19.0,70.0
AL,2016,16,27,2016-07-10,0.0,,0.0,97.0,38.0,85.0
AL,2016,17,28,2016-07-17,0.0,,0.0,97.0,51.0,90.0
AL,2016,18,29,2016-07-24,0.0,,0.0,97.0,66.0,92.0
AL,2016,19,30,2016-07-31,0.0,,0.0,97.0,82.0,95.0
AL,2016,20,31,2016-08-07,1.0,,0.0,97.0,88.0,99.0
AL,2016,21,32,2016-08-14,8.0,,0.0,97.0,91.0,99.0
AL,2016,22,33,2016-08-21,16.0,,0.0,97.0,97.0,99.0
AL,2016,23,34,2016-08-28,29.0,,0.0,97.0,98.0,99.0
AL,2016,24,35,2016-09-04,47.0,,0.0,97.0,98.0,99.0
AL,2016,25,36,2016-09-11,65.0,,0.0,97.0,98.0,99.0
AL,2016,26,37,2016-09-18,82.0,,1.0,97.0,98.0,99.0
AL,2016,27,38,2016-09-25,88.0,,6.0,97.0,98.0,99.0
AL,2016,28,39,2016-10-02,91.0,,11.0,97.0,98.0,99.0
AL,2016,29,40,2016-10-09,92.0,,26.0,97.0,98.0,99.0
AL,2016,30,41,2016-10-16,96.0,,51.0,97.0,98.0,99.0
AL,2016,31,42,2016-10-23,99.0,,61.0,97.0,98.0,99.0
AL,2016,32,43,2016-10-30,100.0,,68.0,97.0,98.0,99.0
AL,2016,33,44,2016-11-06,100.0,,78.0,97.0,98.0,99.0
AL,2016,34,45,2016-11-13,100.0,,81.0,97.0,98.0,99.0
AL,2016,35,46,2016-11-20,100.0,,90.0,97.0,98.0,99.0
AL,2016,36,47,2016-11-27,100.0,,94.0,97.0,98.0,99.0
AL,2017,2,13,2017-04-02,0.0,,0.0,0.0,0.0,0.0
AL,2017,3,14,2017-04-09,0.0,,0.0,0.0,0.0,0.0
AL,2017,4,15,2017-04-16,0.0,,0.0,0.0,0.0,0.0
AL,2017,5,16,2017-04-23,0.0,,0.0,4.0,0.0,0.0
AL,2017,6,17,2017-04-30,0.0,,0.0,11.0,0.0,0.0
AL,2017,7,18,2017-05-07,0.0,,0.0,35.0,0.0,0.0
AL,2017,8,19,2017-05-14,0.0,,0.0,59.0,0.0,0.0
AL,2017,9,20,2017-05-21,0.0,,0.0,75.0,0.0,0.0
AL,2017,10,21,2017-05-28,0.0,,0.0,84.0,0.0,0.0
AL,2017,11,22,2017-06-04,0.0,,0.0,94.0,0.0,4.0
AL,2017,12,23,2017-06-11,0.0,,0.0,97.0,0.0,9.0
AL,2017,13,24,2017-06-18,0.0,,0.0,98.0,0.0,17.0
AL,2017,14,25,2017-06-25,0.0,,0.0,98.0,0.0,42.0
AL,2017,15,26,2017-07-02,0.0,,0.0,98.0,10.0,55.0
AL,2017,16,27,2017-07-09,0.0,,0.0,98.0,21.0,66.0
AL,2017,17,28,2017-07-16,0.0,,0.0,98.0,34.0,77.0
AL,2017,18,29,2017-07-23,0.0,,0.0,98.0,45.0,79.0
AL,2017,19,30,2017-07-30,0.0,,0.0,98.0,53.0,82.0
AL,2017,20,31,2017-08-06,0.0,,0.0,98.0,75.0,94.0
AL,2017,21,32,2017-08-13,1.0,,0.0,98.0,90.0,97.0
AL,2017,22,33,2017-08-20,6.0,,0.0,98.0,97.0,97.0
AL,2017,23,34,2017-08-27,13.0,,0.0,98.0,98.0,97.0
AL,2017,24,35,2017-09-03,27.0,,0.0,98.0,99.0,97.0
AL,2017,25,36,2017-09-10,32.0,,0.0,98.0,99.0,97.0
AL,2017,26,37,2017-09-17,52.0,,2.0,98.0,99.0,97.0
AL,2017,27,38,2017-09-24,60.0,,3.0,98.0,99.0,97.0
AL,2017,28,39,2017-10-01,71.0,,6.0,98.0,99.0,97.0
AL,2017,29,40,2017-10-08,83.0,,22.0,98.0,99.0,97.0
AL,2017,30,41,2017-10-15,86.0,,33.0,98.0,99.0,97.0
AL,2017,31,42,2017-10-22,89.0,,45.0,98.0,99.0,97.0
AL,2017,32,43,2017-10-29,93.0,,53.0,98.0,99.0,97.0
AL,2017,33,44,2017-11-05,94.0,,57.0,98.0,99.0,97.0
AL,2017,34,45,2017-11-12,99.0,,65.0,98.0,99.0,97.0
AL,2017,35,46,2017-11-19,99.0,,73.0,98.0,99.0,97.0
AL,2017,36,47,2017-11-26,99.0,,79.0,98.0,99.0,97.0
AL,2018,2,13,2018-04-01,0.0,,0.0,0.0,0.0,0.0
AL,2018,3,14,2018-04-08,0.0,,0.0,0.0,0.0,0.0
AL,2018,4,15,2018-04-15,0.0,,0.0,1.0,0.0,0.0
AL,2018,5,16,2018-04-22,0.0,,0.0,3.0,0.0,0.0
AL,2018,6,17,2018-04-29,0.0,,0.0,9.0,0.0,0.0
AL,2018,7,18,2018-05-06,0.0,,0.0,32.0,0.0,0.0
AL,2018,8,19,2018-05-13,0.0,,0.0,55.0,0.0,0.0
AL,2018,9,20,2018-05-20,0.0,,0.0,67.0,0.0,0.0
AL,2018,10,21,2018-05-27,0.0,,0.0,76.0,0.0,0.0
AL,2018,11,22,2018-06-03,0.0,,0.0,84.0,0.0,1.0
AL,2018,12,23,2018-06-10,0.0,,0.0,90.0,0.0,9.0
AL,2018,13,24,2018-06-17,0.0,,0.0,94.0,0.0,17.0
AL,2018,14,25,2018-06-24,0.0,,0.0,98.0,1.0,31.0
AL,2018,15,26,2018-07-01,0.0,,0.0,98.0,11.0,45.0
AL,2018,16,27,2018-07-08,0.0,,0.0,98.0,28.0,65.0
AL,2018,17,28,2018-07-15,0.0,,0.0,98.0,46.0,71.0
AL,2018,18,29,2018-07-22,0.0,,0.0,98.0,59.0,84.0
AL,2018,19,30,2018-07-29,0.0,,0.0,98.0,72.0,89.0
AL,2018,20,31,2018-08-05,1.0,,0.0,98.0,77.0,91.0
AL,2018,21,32,2018-08-12,10.0,,0.0,98.0,89.0,96.0
AL,2018,22,33,2018-08-19,22.0,,0.0,98.0,92.0,96.0
AL,2018,23,34,2018-08-26,28.0,,0.0,98.0,95.0,96.0
AL,2018,24,35,2018-09-02,41.0,,0.0,98.0,97.0,96.0
AL,2018,25,36,2018-09-09,54.0,,0.0,98.0,97.0,96.0
AL,2018,26,37,2018-09-16,67.0,,0.0,98.0,97.0,96.0
AL,2018,27,38,2018-09-23,77.0,,2.0,98.0,97.0,96.0
AL,2018,28,39,2018-09-30,83.0,,5.0,98.0,97.0,96.0
AL,2018,29,40,2018-10-07,88.0,,19.0,98.0,97.0,96.0
AL,2018,30,41,2018-10-14,90.0,,28.0,98.0,97.0,96.0
AL,2018,31,42,2018-10-21,93.0,,41.0,98.0,97.0,96.0
AL,2018,32,43,2018-10-28,95.0,,50.0,98.0,97.0,96.0
AL,2018,33,44,2018-11-04,98.0,,66.0,98.0,97.0,96.0
AL,2018,34,45,2018-11-11,100.0,,70.0,98.0,97.0,96.0
AL,2018,35,46,2018-11-18,100.0,,74.0,98.0,97.0,96.0
AL,2018,36,47,2018-11-25,100.0,,78.0,98.0,97.0,96.0
AL,2019,2,13,2019-03-31,0.0,,0.0,0.0,0.0,0.0
AL,2019,3,14,2019-04-07,0.0,,0.0,0.0,0.0,0.0
AL,2019,4,15,2019-04-14,0.0,,0.0,1.0,0.0,0.0
AL,2019,5,16,2019-04-21,0.0,,0.0,2.0,0.0,0.0
AL,2019,6,17,2019-04-28,0.0,,0.0,6.0,0.0,0.0
AL,2019,7,18,2019-05-05,0.0,,0.0,28.0,0.0,0.0
AL,2019,8,19,2019-05-12,0.0,,0.0,49.0,0.0,0.0
AL,2019,9,20,2019-05-19,0.0,,0.0,72.0,0.0,0.0
AL,2019,10,21,2019-05-26,0.0,,0.0,88.0,0.0,0.0
AL,2019,11,22,2019-06-02,0.0,,0.0,92.0,0.0,3.0
AL,2019,12,23,2019-06-09,0.0,,0.0,95.0,0.0,12.0
AL,2019,13,24,2019-06-16,0.0,,0.0,98.0,0.0,28.0
AL,2019,14,25,2019-06-23,0.0,,0.0,99.0,0.0,46.0
AL,2019,15,26,2019-06-30,0.0,,0.0,99.0,5.0,64.0
AL,2019,16,27,2019-07-07,0.0,,0.0,99.0,17.0,74.0
AL,2019,17,28,2019-07-14,0.0,,0.0,99.0,32.0,82.0
AL,2019,18,29,2019-07-21,0.0,,0.0,99.0,50.0,88.0
AL,2019,19,30,2019-07-28,0.0,,0.0,99.0,69.0,92.0
AL,2019,20,31,2019-08-04,0.0,,0.0,99.0,78.0,95.0
AL,2019,21,32,2019-08-11,2.0,,0.0,99.0,87.0,95.0
AL,2019,22,33,2019-08-18,12.0,,0.0,99.0,93.0,95.0
AL,2019,23,34,2019-08-25,29.0,,0.0,99.0,97.0,95.0
AL,2019,24,35,2019-09-01,48.0,,0.0,99.0,99.0,95.0
AL,2019,25,36,2019-09-08,57.0,,0.0,99.0,99.0,95.0
AL,2019,26,37,2019-09-15,70.0,,1.0,99.0,99.0,95.0
AL,2019,27,38,2019-09-22,81.0,,4.0,99.0,99.0,95.0
AL,2019,28,39,2019-09-29,88.0,,12.0,99.0,99.0,95.0
AL,2019,29,40,2019-10-06,92.0,,25.0,99.0,99.0,95.0
AL,2019,30,41,2019-10-13,95.0,,36.0,99.0,99.0,95.0
AL,2019,31,42,2019-10-20,97.0,,48.0,99.0,99.0,95.0
AL,2019,32,43,2019-10-27,98.0,,61.0,99.0,99.0,95.0
AL,2019,33,44,2019-11-03,98.0,,71.0,99.0,99.0,95.0
AL,2019,34,45,2019-11-10,98.0,,79.0,99.0,99.0,95.0
AL,2019,35,46,2019-11-17,98.0,,86.0,99.0,99.0,95.0
AL,2019,36,47,2019-11-24,98.0,,92.0,99.0,99.0,95.0
AL,2019,37,48,2019-12-01,98.0,,94.0,99.0,99.0,95.0
AL,2019,38,49,2019-12-08,98.0,,96.0,99.0,99.0,95.0
AL,2020,3,14,2020-04-05,0.0,,0.0,0.0,0.0,0.0
AL,2020,4,15,2020-04-12,0.0,,0.0,0.0,0.0,0.0
AL,2020,5,16,2020-04-19,0.0,,0.0,5.0,0.0,0.0
AL,2020,6,17,2020-04-26,0.0,,0.0,9.0,0.0,0.0
AL,2020,7,18,2020-05-03,0.0,,0.0,20.0,0.0,0.0
AL,2020,8,19,2020-05-10,0.0,,0.0,41.0,0.0,0.0
AL,2020,9,20,2020-05-17,0.0,,0.0,63.0,0.0,0.0
AL,2020,10,21,2020-05-24,0.0,,0.0,79.0,0.0,0.0
AL,2020,11,22,2020-05-31,0.0,,0.0,92.0,0.0,0.0
AL,2020,12,23,2020-06-07,0.0,,0.0,96.0,0.0,5.0
AL,2020,13,24,2020-06-14,0.0,,0.0,98.0,0.0,12.0
AL,2020,14,25,2020-06-21,0.0,,0.0,99.0,0.0,30.0
AL,2020,15,26,2020-06-28,0.0,,0.0,99.0,2.0,47.0
AL,2020,16,27,2020-07-05,0.0,,0.0,99.0,13.0,66.0
AL,2020,17,28,2020-07-12,0.0,,0.0,99.0,25.0,77.0
AL,2020,18,29,2020-07-19,0.0,,0.0,99.0,41.0,88.0
AL,2020,19,30,2020-07-26,0.0,,0.0,99.0,60.0,91.0
AL,2020,20,31,2020-08-02,0.0,,0.0,99.0,73.0,95.0
AL,2020,21,32,2020-08-09,3.0,,0.0,99.0,85.0,98.0
AL,2020,22,33,2020-08-16,6.0,,0.0,99.0,93.0,98.0
AL,2020,23,34,2020-08-23,13.0,,0.0,99.0,95.0,98.0
AL,2020,24,35,2020-08-30,18.0,,0.0,99.0,97.0,98.0
AL,2020,25,36,2020-09-06,36.0,,0.0,99.0,99.0,98.0
AL,2020,26,37,2020-09-13,55.0,,0.0,99.0,99.0,98.0
AL,2020,27,38,2020-09-20,66.0,,0.0,99.0,99.0,98.0
AL,2020,28,39,2020-09-27,75.0,,0.0,99.0,99.0,98.0
AL,2020,29,40,2020-10-04,79.0,,2.0,99.0,99.0,98.0
AL,2020,30,41,2020-10-11,86.0,,12.0,99.0,99.0,98.0
AL,2020,31,42,2020-10-18,92.0,,20.0,99.0,99.0,98.0
AL,2020,32,43,2020-10-25,96.0,,34.0,99.0,99.0,98.0
AL,2020,33,44,2020-11-01,96.0,,40.0,99.0,99.0,98.0
AL,2020,34,45,2020-11-08,96.0,,57.0,99.0,99.0,98.0
AL,2020,35,46,2020-11-15,96.0,,71.0,99.0,99.0,98.0
AL,2020,36,47,2020-11-22,96.0,,81.0,99.0,99.0,98.0
AL,2020,37,48,2020-11-29,96.0,,89.0,99.0,99.0,98.0
AL,2021,2,13,2021-04-04,0.0,,0.0,1.0,0.0,0.0
AL,2021,3,14,2021-04-11,0.0,,0.0,1.0,0.0,0.0
AL,2021,4,15,2021-04-18,0.0,,0.0,2.0,0.0,0.0
AL,2021,5,16,2021-04-25,0.0,,0.0,5.0,0.0,0.0
AL,2021,6,17,2021-05-02,0.0,,0.0,17.0,0.0,0.0
AL,2021,7,18,2021-05-09,0.0,,0.0,27.0,0.0,0.0
AL,2021,8,19,2021-05-16,0.0,,0.0,42.0,0.0,0.0
AL,2021,9,20,2021-05-23,0.0,,0.0,68.0,0.0,0.0
AL,2021,10,21,2021-05-30,0.0,,0.0,89.0,0.0,0.0
AL,2021,11,22,2021-06-06,0.0,,0.0,95.0,0.0,1.0
AL,2021,12,23,2021-06-13,0.0,,0.0,98.0,0.0,5.0
AL,2021,13,24,2021-06-20,0.0,,0.0,98.0,0.0,11.0
AL,2021,14,25,2021-06-27,0.0,,0.0,98.0,2.0,25.0
AL,2021,15,26,2021-07-04,0.0,,0.0,98.0,14.0,48.0
AL,2021,16,27,2021-07-11,0.0,,0.0,98.0,17.0,62.0
AL,2021,17,28,2021-07-18,0.0,,0.0,98.0,24.0,75.0
AL,2021,18,29,2021-07-25,0.0,,0.0,98.0,42.0,88.0
AL,2021,19,30,2021-08-01,0.0,,0.0,98.0,66.0,94.0
AL,2021,20,31,2021-08-08,1.0,,0.0,98.0,75.0,97.0
AL,2021,21,32,2021-08-15,3.0,,0.0,98.0,84.0,98.0
AL,2021,22,33,2021-08-22,6.0,,0.0,98.0,95.0,99.0
AL,2021,23,34,2021-08-29,10.0,,0.0,98.0,96.0,99.0
AL,2021,24,35,2021-09-05,21.0,,0.0,98.0,99.0,99.0
AL,2021,25,36,2021-09-12,27.0,,0.0,98.0,100.0,99.0
AL,2021,26,37,2021-09-19,41.0,,1.0,98.0,100.0,99.0
AL,2021,27,38,2021-09-26,51.0,,3.0,98.0,100.0,99.0
AL,2021,28,39,2021-10-03,64.0,,5.0,98.0,100.0,99.0
AL,2021,29,40,2021-10-10,73.0,,10.0,98.0,100.0,99.0
AL,2021,30,41,2021-10-17,84.0,,17.0,98.0,100.0,99.0
AL,2021,31,42,2021-10-24,89.0,,22.0,98.0,100.0,99.0
AL,2021,32,43,2021-10-31,92.0,,35.0,98.0,100.0,99.0
AL,2021,33,44,2021-11-07,96.0,,52.0,98.0,100.0,99.0
AL,2021,34,45,2021-11-14,96.0,,66.0,98.0,100.0,99.0
AL,2021,35,46,2021-11-21,96.0,,78.0,98.0,100.0,99.0
AL,2021,36,47,2021-11-28,96.0,,85.0,98.0,100.0,99.0
AL,2022,2,13,2022-04-03,0.0,,0.0,0.0,0.0,0.0
AL,2022,3,14,2022-04-10,0.0,,0.0,0.0,0.0,0.0
AL,2022,4,15,2022-04-17,0.0,,0.0,0.0,0.0,0.0
AL,2022,5,16,2022-04-24,0.0,,0.0,1.0,0.0,0.0
AL,2022,6,17,2022-05-01,0.0,,0.0,12.0,0.0,0.0
AL,2022,7,18,2022-05-08,0.0,,0.0,26.0,0.0,0.0
AL,2022,8,19,2022-05-15,0.0,,0.0,54.0,0.0,0.0
AL,2022,9,20,2022-05-22,0.0,,0.0,74.0,0.0,0.0
AL,2022,10,21,2022-05-29,0.0,,0.0,85.0,0.0,1.0
AL,2022,11,22,2022-06-05,0.0,,0.0,91.0,0.0,4.0
AL,2022,12,23,2022-06-12,0.0,,0.0,95.0,0.0,7.0
AL,2022,13,24,2022-06-19,0.0,,0.0,97.0,0.0,29.0
AL,2022,14,25,2022-06-26,0.0,,0.0,97.0,2.0,47.0
AL,2022,15,26,2022-07-03,0.0,,0.0,97.0,10.0,66.0
AL,2022,16,27,2022-07-10,0.0,,0.0,97.0,30.0,80.0
AL,2022,17,28,2022-07-17,0.0,,0.0,97.0,50.0,86.0
AL,2022,18,29,2022-07-24,0.0,,0.0,97.0,65.0,89.0
AL,2022,19,30,2022-07-31,0.0,,0.0,97.0,79.0,94.0
AL,2022,20,31,2022-08-07,0.0,,0.0,97.0,89.0,96.0
AL,2022,21,32,2022-08-14,7.0,,0.0,97.0,93.0,96.0
AL,2022,22,33,2022-08-21,14.0,,0.0,97.0,97.0,96.0
AL,2022,23,34,2022-08-28,19.0,,0.0,97.0,98.0,96.0
AL,2022,24,35,2022-09-04,34.0,,0.0,97.0,99.0,96.0
AL,2022,25,36,2022-09-11,45.0,,0.0,97.0,100.0,96.0
AL,2022,26,37,2022-09-18,58.0,,1.0,97.0,100.0,96.0
AL,2022,27,38,2022-09-25,74.0,,4.0,97.0,100.0,96.0
AL,2022,28,39,2022-10-02,86.0,,14.0,97.0,100.0,96.0
AL,2022,29,40,2022-10-09,92.0,,24.0,97.0,100.0,96.0
AL,2022,30,41,2022-10-16,94.0,,33.0,97.0,100.0,96.0
AL,2022,31,42,2022-10-23,98.0,,47.0,97.0,100.0,96.0
AL,2022,32,43,2022-10-30,99.0,,59.0,97.0,100.0,96.0
AL,2022,33,44,2022-11-06,99.0,,70.0,97.0,100.0,96.0
AL,2022,34,45,2022-11-13,99.0,,81.0,97.0,100.0,96.0
AL,2022,35,46,2022-11-20,99.0,,87.0,97.0,100.0,96.0
AL,2022,36,47,2022-11-27,99.0,,91.0,97.0,100.0,96.0
AL,2023,2,13,2023-04-02,0.0,,0.0,0.0,0.0,0.0
AL,2023,3,14,2023-04-09,0.0,,0.0,0.0,0.0,0.0
AL,2023,4,15,2023-04-16,0.0,,0.0,3.0,0.0,0.0
AL,2023,5,16,2023-04-23,0.0,,0.0,6.0,0.0,0.0
AL,2023,6,17,2023-04-30,0.0,,0.0,16.0,0.0,0.0
AL,2023,7,18,2023-05-07,0.0,,0.0,30.0,0.0,0.0
AL,2023,8,19,2023-05-14,0.0,,0.0,51.0,0.0,0.0
AL,2023,9,20,2023-05-21,0.0,,0.0,67.0,0.0,0.0
AL,2023,10,21,2023-05-28,0.0,,0.0,79.0,0.0,1.0
AL,2023,11,22,2023-06-04,0.0,,0.0,90.0,0.0,6.0
AL,2023,12,23,2023-06-11,0.0,,0.0,97.0,0.0,11.0
AL,2023,13,24,2023-06-18,0.0,,0.0,99.0,0.0,29.0
AL,2023,14,25,2023-06-25,0.0,,0.0,99.0,1.0,45.0
AL,2023,15,26,2023-07-02,0.0,,0.0,99.0,5.0,64.0
AL,2023,16,27,2023-07-09,0.0,,0.0,99.0,13.0,75.0
AL,2023,17,28,2023-07-16,0.0,,0.0,99.0,40.0,88.0
AL,2023,18,29,2023-07-23,0.0,,0.0,99.0,60.0,92.0
AL,2023,19,30,2023-07-30,0.0,,0.0,99.0,71.0,95.0
AL,2023,20,31,2023-08-06,1.0,,0.0,99.0,82.0,96.0
AL,2023,21,32,2023-08-13,5.0,,0.0,99.0,89.0,98.0
AL,2023,22,33,2023-08-20,10.0,,0.0,99.0,93.0,98.0
AL,2023,23,34,2023-08-27,14.0,,0.0,99.0,95.0,98.0
AL,2023,24,35,2023-09-03,24.0,,0.0,99.0,97.0,98.0
AL,2023,25,36,2023-09-10,37.0,,0.0,99.0,99.0,98.0
AL,2023,26,37,2023-09-17,52.0,,1.0,99.0,99.0,98.0
AL,2023,27,38,2023-09-24,66.0,,3.0,99.0,99.0,98.0
AL,2023,28,39,2023-10-01,80.0,,10.0,99.0,99.0,98.0
AL,2023,29,40,2023-10-08,88.0,,20.0,99.0,99.0,98.0
AL,2023,30,41,2023-10-15,91.0,,27.0,99.0,99.0,98.0
AL,2023,31,42,2023-10-22,94.0,,41.0,99.0,99.0,98.0
AL,2023,32,43,2023-10-29,97.0,,53.0,99.0,99.0,98.0
AL,2023,33,44,2023-11-05,99.0,,68.0,99.0,99.0,98.0
AL,2023,34,45,2023-11-12,99.0,,79.0,99.0,99.0,98.0
AL,2023,35,46,2023-11-19,99.0,,89.0,99.0,99.0,98.0
AL,2023,36,47,2023-11-26,99.0,,91.0,99.0,99.0,98.0
AL,2024,2,13,2024-03-31,0.0,,0.0,0.0,0.0,0.0
AL,2024,3,14,2024-04-07,0.0,,0.0,0.0,0.0,0.0
AL,2024,4,15,2024-04-14,0.0,,0.0,1.0,0.0,0.0
AL,2024,5,16,2024-04-21,0.0,,0.0,3.0,0.0,0.0
AL,2024,6,17,2024-04-28,0.0,,0.0,8.0,0.0,0.0
AL,2024,7,18,2024-05-05,0.0,,0.0,21.0,0.0,0.0
AL,2024,8,19,2024-05-12,0.0,,0.0,42.0,0.0,0.0
AL,2024,9,20,2024-05-19,0.0,,0.0,54.0,0.0,0.0
AL,2024,10,21,2024-05-26,0.0,,0.0,75.0,0.0,0.0
AL,2024,11,22,2024-06-02,0.0,,0.0,87.0,0.0,4.0
AL,2024,12,23,2024-06-09,0.0,,0.0,92.0,0.0,13.0
AL,2024,13,24,2024-06-16,0.0,,0.0,96.0,1.0,30.0
AL,2024,14,25,2024-06-23,0.0,,0.0,98.0,4.0,40.0
AL,2024,15,26,2024-06-30,0.0,,0.0,99.0,13.0,65.0
AL,2024,16,27,2024-07-07,0.0,,0.0,99.0,27.0,73.0
AL,2024,17,28,2024-07-14,0.0,,0.0,99.0,45.0,84.0
AL,2024,18,29,2024-07-21,0.0,,0.0,99.0,54.0,88.0
AL,2024,19,30,2024-07-28,0.0,,0.0,99.0,66.0,92.0
AL,2024,20,31,2024-08-04,1.0,,0.0,99.0,72.0,96.0
AL,2024,21,32,2024-08-11,6.0,,0.0,99.0,77.0,98.0
AL,2024,22,33,2024-08-18,13.0,,0.0,99.0,84.0,98.0
AL,2024,23,34,2024-08-25,20.0,,0.0,99.0,90.0,98.0
AL,2024,24,35,2024-09-01,34.0,,0.0,99.0,93.0,98.0
AL,2024,25,36,2024-09-08,46.0,,0.0,99.0,97.0,98.0
AL,2024,26,37,2024-09-15,62.0,,1.0,99.0,97.0,98.0
AL,2024,27,38,2024-09-22,73.0,,4.0,99.0,97.0,98.0
AL,2024,28,39,2024-09-29,80.0,,7.0,99.0,97.0,98.0
AL,2024,29,40,2024-10-06,91.0,,20.0,99.0,97.0,98.0
AL,2024,30,41,2024-10-13,95.0,,31.0,99.0,97.0,98.0
AL,2024,31,42,2024-10-20,96.0,,45.0,99.0,97.0,98.0
AL,2024,32,43,2024-10-27,97.0,,58.0,99.0,97.0,98.0
AL,2024,33,44,2024-11-03,99.0,,69.0,99.0,97.0,98.0
AL,2024,34,45,2024-11-10,99.0,,79.0,99.0,97.0,98.0
AL,2024,35,46,2024-11-17,99.0,,83.0,99.0,97.0,98.0
AL,2024,36,47,2024-11-24,99.0,,89.0,99.0,97.0,98.0
AL,2025,3,14,2025-04-06,0.0,,0.0,0.0,0.0,0.0
AL,2025,4,15,2025-04-13,0.0,,0.0,2.0,0.0,0.0
AL,2025,5,16,2025-04-20,0.0,,0.0,6.0,0.0,0.0
AL,2025,6,17,2025-04-27,0.0,,0.0,12.0,0.0,0.0
AL,2025,7,18,2025-05-04,0.0,,0.0,19.0,0.0,0.0
AL,2025,8,19,2025-05-11,0.0,,0.0,29.0,0.0,0.0
AL,2025,9,20,2025-05-18,0.0,,0.0,42.0,0.0,0.0
AL,2025,10,21,2025-05-25,0.0,,0.0,55.0,0.0,0.0
AL,2025,11,22,2025-06-01,0.0,,0.0,67.0,0.0,2.0
AL,2025,12,23,2025-06-08,0.0,,0.0,82.0,0.0,8.0
AL,2025,13,24,2025-06-15,0.0,,0.0,91.0,1.0,18.0
AL,2025,14,25,2025-06-22,0.0,,0.0,95.0,3.0,29.0
AL,2025,15,26,2025-06-29,0.0,,0.0,98.0,13.0,48.0
AL,2025,16,27,2025-07-06,0.0,,0.0,98.0,21.0,63.0
AL,2025,17,28,2025-07-13,0.0,,0.0,98.0,38.0,73.0
AL,2025,18,29,2025-07-20,0.0,,0.0,98.0,48.0,84.0
AL,2025,19,30,2025-07-27,0.0,,0.0,98.0,61.0,89.0
AL,2025,20,31,2025-08-03,1.0,,0.0,98.0,75.0,93.0
AL,2025,21,32,2025-08-10,4.0,,0.0,98.0,79.0,95.0
AL,2025,22,33,2025-08-17,9.0,,0.0,98.0,86.0,98.0
AL,2025,23,34,2025-08-24,15.0,,0.0,98.0,90.0,98.0
AL,2025,24,35,2025-08-31,24.0,,0.0,98.0,93.0,98.0
AL,2025,25,36,2025-09-07,36.0,,0.0,98.0,95.0,98.0
AL,2025,26,37,2025-09-14,56.0,,1.0,98.0,95.0,98.0
AL,2025,27,38,2025-09-21,70.0,,4.0,98.0,95.0,98.0
AL,2025,28,39,2025-09-28,80.0,,9.0,98.0,95.0,98.0
AL,2025,35,46,2025-11-16,80.0,,76.0,98.0,95.0,98.0
AL,2025,36,47,2025-11-23,80.0,,85.0,98.0,95.0,98.0
AR,2016,2,13,2016-04-03,0.0,0.0,0.0,0.0,0.0,0.0
AR,2016,3,14,2016-04-10,0.0,0.0,0.0,0.0,0.0,0.0
AR,2016,4,15,2016-04-17,0.0,0.0,0.0,0.0,0.0,0.0
AR,2016,5,16,2016-04-24,0.0,0.0,0.0,3.0,0.0,0.0
AR,2016,6,17,2016-05-01,0.0,3.0,0.0,36.0,0.0,0.0
AR,2016,7,18,2016-05-08,0.0,26.0,0.0,57.0,0.0,0.0
AR,2016,8,19,2016-05-15,0.0,60.0,0.0,82.0,0.0,0.0
AR,2016,9,20,2016-05-22,0.0,79.0,0.0,94.0,0.0,0.0
AR,2016,10,21,2016-05-29,0.0,94.0,0.0,99.0,0.0,0.0
AR,2016,11,22,2016-06-05,0.0,98.0,0.0,100.0,0.0,3.0
AR,2016,12,23,2016-06-12,0.0,100.0,0.0,100.0,0.0,35.0
AR,2016,13,24,2016-06-19,0.0,100.0,0.0,100.0,0.0,55.0
AR,2016,14,25,2016-06-26,0.0,100.0,0.0,100.0,9.0,87.0
AR,2016,15,26,2016-07-03,0.0,100.0,0.0,100.0,25.0,95.0
AR,2016,16,27,2016-07-10,0.0,100.0,0.0,100.0,66.0,97.0
AR,2016,17,28,2016-07-17,0.0,100.0,0.0,100.0,86.0,100.0
AR,2016,18,29,2016-07-24,0.0,100.0,0.0,100.0,97.0,100.0
AR,2016,19,30,2016-07-31,0.0,100.0,0.0,100.0,98.0,100.0
AR,2016,20,31,2016-08-07,7.0,100.0,0.0,100.0,99.0,100.0
AR,2016,21,32,2016-08-14,11.0,100.0,0.0,100.0,100.0,100.0
AR,2016,22,33,2016-08-21,16.0,100.0,0.0,100.0,100.0,100.0
AR,2016,23,34,2016-08-28,23.0,100.0,0.0,100.0,100.0,100.0
AR,2016,24,35,2016-09-04,53.0,100.0,0.0,100.0,100.0,100.0
AR,2016,25,36,2016-09-11,78.0,100.0,0.0,100.0,100.0,100.0
AR,2016,26,37,2016-09-18,88.0,100.0,3.0,100.0,100.0,100.0
AR,2016,27,38,2016-09-25,96.0,100.0,15.0,100.0,100.0,100.0
AR,2016,28,39,2016-10-02,99.0,100.0,29.0,100.0,100.0,100.0
AR,2016,29,40,2016-10-09,100.0,100.0,47.0,100.0,100.0,100.0
AR,2016,30,41,2016-10-16,100.0,100.0,69.0,100.0,100.0,100.0
AR,2016,31,42,2016-10-23,100.0,100.0,85.0,100.0,100.0,100.0
AR,2016,32,43,2016-10-30,100.0,100.0,95.0,100.0,100.0,100.0
AR,2016,33,44,2016-11-06,100.0,100.0,99.0,100.0,100.0,100.0
AR,2016,34,45,2016-11-13,100.0,100.0,100.0,100.0,100.0,100.0
AR,2016,35,46,2016-11-20,100.0,100.0,100.0,100.0,100.0,100.0
AR,2016,36,47,2016-11-27,100.0,100.0,100.0,100.0,100.0,100.0
AR,2017,2,13,2017-04-02,0.0,0.0,0.0,0.0,0.0,0.0
AR,2017,3,14,2017-04-09,0.0,0.0,0.0,1.0,0.0,0.0
AR,2017,4,15,2017-04-16,0.0,0.0,0.0,3.0,0.0,0.0
AR,2017,5,16,2017-04-23,0.0,1.0,0.0,7.0,0.0,0.0
AR,2017,6,17,2017-04-30,0.0,5.0,0.0,15.0,0.0,0.0
AR,2017,7,18,2017-05-07,0.0,13.0,0.0,27.0,0.0,0.0
AR,2017,8,19,2017-05-14,0.0,26.0,0.0,51.0,0.0,0.0
AR,2017,9,20,2017-05-21,0.0,50.0,0.0,84.0,0.0,0.0
AR,2017,10,21,2017-05-28,0.0,76.0,0.0,94.0,0.0,3.0
AR,2017,11,22,2017-06-04,0.0,94.0,0.0,99.0,0.0,20.0
AR,2017,12,23,2017-06-11,0.0,99.0,0.0,100.0,0.0,32.0
AR,2017,13,24,2017-06-18,0.0,100.0,0.0,100.0,2.0,60.0
AR,2017,14,25,2017-06-25,0.0,100.0,0.0,100.0,10.0,85.0
AR,2017,15,26,2017-07-02,0.0,100.0,0.0,100.0,27.0,93.0
AR,2017,16,27,2017-07-09,0.0,100.0,0.0,100.0,50.0,96.0
AR,2017,17,28,2017-07-16,0.0,100.0,0.0,100.0,74.0,99.0
AR,2017,18,29,2017-07-23,0.0,100.0,0.0,100.0,93.0,100.0
AR,2017,19,30,2017-07-30,1.0,100.0,0.0,100.0,95.0,100.0
AR,2017,20,31,2017-08-06,3.0,100.0,0.0,100.0,97.0,100.0
AR,2017,21,32,2017-08-13,6.0,100.0,0.0,100.0,99.0,100.0
AR,2017,22,33,2017-08-20,9.0,100.0,0.0,100.0,100.0,100.0
AR,2017,23,34,2017-08-27,15.0,100.0,0.0,100.0,100.0,100.0
AR,2017,24,35,2017-09-03,25.0,100.0,0.0,100.0,100.0,100.0
AR,2017,25,36,2017-09-10,51.0,100.0,0.0,100.0,100.0,100.0
AR,2017,26,37,2017-09-17,70.0,100.0,0.0,100.0,100.0,100.0
AR,2017,27,38,2017-09-24,86.0,100.0,4.0,100.0,100.0,100.0
AR,2017,28,39,2017-10-01,96.0,100.0,8.0,100.0,100.0,100.0
AR,2017,29,40,2017-10-08,99.0,100.0,29.0,100.0,100.0,100.0
AR,2017,30,41,2017-10-15,100.0,100.0,52.0,100.0,100.0,100.0
AR,2017,31,42,2017-10-22,100.0,100.0,71.0,100.0,100.0,100.0
AR,2017,32,43,2017-10-29,100.0,100.0,82.0,100.0,100.0,100.0
AR,2017,33,44,2017-11-05,100.0,100.0,88.0,100.0,100.0,100.0
AR,2017,34,45,2017-11-12,100.0,100.0,93.0,100.0,100.0,100.0
AR,2017,35,46,2017-11-19,100.0,100.0,98.0,100.0,100.0,100.0
AR,2017,36,47,2017-11-26,100.0,100.0,100.0,100.0,100.0,100.0
AR,2018,2,13,2018-04-01,0.0,0.0,0.0,0.0,0.0,0.0
AR,2018,3,14,2018-04-08,0.0,0.0,0.0,0.0,0.0,0.0
AR,2018,4,15,2018-04-15,0.0,0.0,0.0,0.0,0.0,0.0
AR,2018,5,16,2018-04-22,0.0,0.0,0.0,0.0,0.0,0.0
AR,2018,6,17,2018-04-29,0.0,0.0,0.0,2.0,0.0,0.0
AR,2018,7,18,2018-05-06,0.0,0.0,0.0,19.0,0.0,0.0
AR,2018,8,19,2018-05-13,0.0,0.0,0.0,60.0,0.0,0.0
AR,2018,9,20,2018-05-20,0.0,51.0,0.0,91.0,0.0,0.0
AR,2018,10,21,2018-05-27,0.0,85.0,0.0,98.0,0.0,0.0
AR,2018,11,22,2018-06-03,0.0,94.0,0.0,99.0,0.0,11.0
AR,2018,12,23,2018-06-10,0.0,97.0,0.0,100.0,0.0,38.0
AR,2018,13,24,2018-06-17,0.0,100.0,0.0,100.0,0.0,66.0
AR,2018,14,25,2018-06-24,0.0,100.0,0.0,100.0,7.0,75.0
AR,2018,15,26,2018-07-01,0.0,100.0,0.0,100.0,35.0,83.0
AR,2018,16,27,2018-07-08,0.0,100.0,0.0,100.0,60.0,92.0
AR,2018,17,28,2018-07-15,0.0,100.0,0.0,100.0,85.0,99.0
AR,2018,18,29,2018-07-22,0.0,100.0,0.0,100.0,96.0,100.0
AR,2018,19,30,2018-07-29,1.0,100.0,0.0,100.0,99.0,100.0
AR,2018,20,31,2018-08-05,2.0,100.0,0.0,100.0,100.0,100.0
AR,2018,21,32,2018-08-12,7.0,100.0,0.0,100.0,100.0,100.0
AR,2018,22,33,2018-08-19,14.0,100.0,0.0,100.0,100.0,100.0
AR,2018,23,34,2018-08-26,33.0,100.0,0.0,100.0,100.0,100.0
AR,2018,24,35,2018-09-02,53.0,100.0,0.0,100.0,100.0,100.0
AR,2018,25,36,2018-09-09,72.0,100.0,0.0,100.0,100.0,100.0
AR,2018,26,37,2018-09-16,89.0,100.0,1.0,100.0,100.0,100.0
AR,2018,27,38,2018-09-23,96.0,100.0,18.0,100.0,100.0,100.0
AR,2018,28,39,2018-09-30,99.0,100.0,23.0,100.0,100.0,100.0
AR,2018,29,40,2018-10-07,100.0,100.0,45.0,100.0,100.0,100.0
AR,2018,30,41,2018-10-14,100.0,100.0,67.0,100.0,100.0,100.0
AR,2018,31,42,2018-10-21,100.0,100.0,77.0,100.0,100.0,100.0
AR,2018,32,43,2018-10-28,100.0,100.0,86.0,100.0,100.0,100.0
AR,2018,33,44,2018-11-04,100.0,100.0,91.0,100.0,100.0,100.0
AR,2018,34,45,2018-11-11,100.0,100.0,93.0,100.0,100.0,100.0
AR,2018,35,46,2018-11-18,100.0,100.0,95.0,100.0,100.0,100.0
AR,2018,36,47,2018-11-25,100.0,100.0,98.0,100.0,100.0,100.0
AR,2018,37,48,2018-12-02,100.0,100.0,99.0,100.0,100.0,100.0
AR,2019,2,13,2019-03-31,0.0,0.0,0.0,0.0,0.0,0.0
AR,2019,3,14,2019-04-07,0.0,0.0,0.0,0.0,0.0,0.0
AR,2019,4,15,2019-04-14,0.0,0.0,0.0,0.0,0.0,0.0
AR,2019,5,16,2019-04-21,0.0,0.0,0.0,0.0,0.0,0.0
AR,2019,6,17,2019-04-28,0.0,0.0,0.0,5.0,0.0,0.0
AR,2019,7,18,2019-05-05,0.0,1.0,0.0,15.0,0.0,0.0
AR,2019,8,19,2019-05-12,0.0,13.0,0.0,25.0,0.0,0.0
AR,2019,9,20,2019-05-19,0.0,24.0,0.0,50.0,0.0,0.0
AR,2019,10,21,2019-05-26,0.0,49.0,0.0,81.0,0.0,0.0
AR,2019,11,22,2019-06-02,0.0,78.0,0.0,91.0,0.0,0.0
AR,2019,12,23,2019-06-09,0.0,89.0,0.0,98.0,0.0,11.0
AR,2019,13,24,2019-06-16,0.0,97.0,0.0,99.0,0.0,46.0
AR,2019,14,25,2019-06-23,0.0,99.0,0.0,100.0,1.0,66.0
AR,2019,15,26,2019-06-30,0.0,100.0,0.0,100.0,10.0,78.0
AR,2019,16,27,2019-07-07,0.0,100.0,0.0,100.0,47.0,83.0
AR,2019,17,28,2019-07-14,0.0,100.0,0.0,100.0,72.0,91.0
AR,2019,18,29,2019-07-21,0.0,100.0,0.0,100.0,79.0,95.0
AR,2019,19,30,2019-07-28,0.0,100.0,0.0,100.0,87.0,97.0
AR,2019,20,31,2019-08-04,0.0,100.0,0.0,100.0,91.0,99.0
AR,2019,21,32,2019-08-11,3.0,100.0,0.0,100.0,96.0,100.0
AR,2019,22,33,2019-08-18,7.0,100.0,0.0,100.0,99.0,100.0
AR,2019,23,34,2019-08-25,18.0,100.0,0.0,100.0,100.0,100.0
AR,2019,24,35,2019-09-01,42.0,100.0,0.0,100.0,100.0,100.0
AR,2019,25,36,2019-09-08,66.0,100.0,0.0,100.0,100.0,100.0
AR,2019,26,37,2019-09-15,85.0,100.0,4.0,100.0,100.0,100.0
AR,2019,27,38,2019-09-22,91.0,100.0,10.0,100.0,100.0,100.0
AR,2019,28,39,2019-09-29,94.0,100.0,22.0,100.0,100.0,100.0
AR,2019,29,40,2019-10-06,97.0,100.0,41.0,100.0,100.0,100.0
AR,2019,30,41,2019-10-13,99.0,100.0,54.0,100.0,100.0,100.0
AR,2019,31,42,2019-10-20,100.0,100.0,67.0,100.0,100.0,100.0
AR,2019,32,43,2019-10-27,100.0,100.0,77.0,100.0,100.0,100.0
AR,2019,33,44,2019-11-03,100.0,100.0,84.0,100.0,100.0,100.0
AR,2019,34,45,2019-11-10,100.0,100.0,91.0,100.0,100.0,100.0
AR,2019,35,46,2019-11-17,100.0,100.0,95.0,100.0,100.0,100.0
AR,2019,36,47,2019-11-24,100.0,100.0,98.0,100.0,100.0,100.0
AR,2019,37,48,2019-12-01,100.0,100.0,99.0,100.0,100.0,100.0
AR,2019,38,49,2019-12-08,100.0,100.0,100.0,100.0,100.0,100.0
AR,2020,3,14,2020-04-05,0.0,0.0,0.0,0.0,0.0,0.0
AR,2020,4,15,2020-04-12,0.0,0.0,0.0,0.0,0.0,0.0
AR,2020,5,16,2020-04-19,0.0,0.0,0.0,0.0,0.0,0.0
AR,2020,6,17,2020-04-26,0.0,0.0,0.0,3.0,0.0,0.0
AR,2020,7,18,2020-05-03,0.0,2.0,0.0,11.0,0.0,0.0
AR,2020,8,19,2020-05-10,0.0,10.0,0.0,26.0,0.0,0.0
AR,2020,9,20,2020-05-17,0.0,25.0,0.0,47.0,0.0,0.0
AR,2020,10,21,2020-05-24,0.0,46.0,0.0,72.0,0.0,0.0
AR,2020,11,22,2020-05-31,0.0,71.0,0.0,91.0,0.0,0.0
AR,2020,12,23,2020-06-07,0.0,90.0,0.0,96.0,0.0,1.0
AR,2020,13,24,2020-06-14,0.0,95.0,0.0,100.0,0.0,11.0
AR,2020,14,25,2020-06-21,0.0,99.0,0.0,100.0,0.0,49.0
AR,2020,15,26,2020-06-28,0.0,100.0,0.0,100.0,0.0,68.0
AR,2020,16,27,2020-07-05,0.0,100.0,0.0,100.0,9.0,85.0
AR,2020,17,28,2020-07-12,0.0,100.0,0.0,100.0,20.0,95.0
AR,2020,18,29,2020-07-19,0.0,100.0,0.0,100.0,56.0,97.0
AR,2020,19,30,2020-07-26,0.0,100.0,0.0,100.0,88.0,99.0
AR,2020,20,31,2020-08-02,1.0,100.0,0.0,100.0,95.0,100.0
AR,2020,21,32,2020-08-09,5.0,100.0,0.0,100.0,98.0,100.0
AR,2020,22,33,2020-08-16,15.0,100.0,0.0,100.0,100.0,100.0
AR,2020,23,34,2020-08-23,25.0,100.0,0.0,100.0,100.0,100.0
AR,2020,24,35,2020-08-30,49.0,100.0,0.0,100.0,100.0,100.0
AR,2020,25,36,2020-09-06,68.0,100.0,0.0,100.0,100.0,100.0
AR,2020,26,37,2020-09-13,84.0,100.0,0.0,100.0,100.0,100.0
AR,2020,27,38,2020-09-20,91.0,100.0,1.0,100.0,100.0,100.0
AR,2020,28,39,2020-09-27,95.0,100.0,6.0,100.0,100.0,100.0
AR,2020,29,40,2020-10-04,98.0,100.0,13.0,100.0,100.0,100.0
AR,2020,30,41,2020-10-11,100.0,100.0,30.0,100.0,100.0,100.0
AR,2020,31,42,2020-10-18,100.0,100.0,47.0,100.0,100.0,100.0
AR,2020,32,43,2020-10-25,100.0,100.0,67.0,100.0,100.0,100.0
AR,2020,33,44,2020-11-01,100.0,100.0,75.0,100.0,100.0,100.0
AR,2020,34,45,2020-11-08,100.0,100.0,89.0,100.0,100.0,100.0
AR,2020,35,46,2020-11-15,100.0,100.0,95.0,100.0,100.0,100.0
AR,2020,36,47,2020-11-22,100.0,100.0,99.0,100.0,100.0,100.0
AR,2020,37,48,2020-11-29,100.0,100.0,100.0,100.0,100.0,100.0
AR,2021,2,13,2021-04-04,0.0,0.0,0.0,0.0,0.0,0.0
AR,2021,3,14,2021-04-11,0.0,0.0,0.0,0.0,0.0,0.0
AR,2021,4,15,2021-04-18,0.0,0.0,0.0,0.0,0.0,0.0
AR,2021,5,16,2021-04-25,0.0,0.0,0.0,2.0,0.0,0.0
AR,2021,6,17,2021-05-02,0.0,1.0,0.0,7.0,0.0,0.0
AR,2021,7,18,2021-05-09,0.0,6.0,0.0,19.0,0.0,0.0
AR,2021,8,19,2021-05-16,0.0,18.0,0.0,45.0,0.0,0.0
AR,2021,9,20,2021-05-23,0.0,39.0,0.0,71.0,0.0,0.0
AR,2021,10,21,2021-05-30,0.0,65.0,0.0,92.0,0.0,0.0
AR,2021,11,22,2021-06-06,0.0,89.0,0.0,98.0,0.0,0.0
AR,2021,12,23,2021-06-13,0.0,95.0,0.0,100.0,0.0,3.0
AR,2021,13,24,2021-06-20,0.0,99.0,0.0,100.0,0.0,12.0
AR,2021,14,25,2021-06-27,0.0,100.0,0.0,100.0,1.0,21.0
AR,2021,15,26,2021-07-04,0.0,100.0,0.0,100.0,10.0,58.0
AR,2021,16,27,2021-07-11,0.0,100.0,0.0,100.0,36.0,88.0
AR,2021,17,28,2021-07-18,0.0,100.0,0.0,100.0,56.0,93.0
AR,2021,18,29,2021-07-25,1.0,100.0,0.0,100.0,81.0,94.0
AR,2021,19,30,2021-08-01,5.0,100.0,0.0,100.0,90.0,98.0
AR,2021,20,31,2021-08-08,8.0,100.0,0.0,100.0,94.0,100.0
AR,2021,21,32,2021-08-15,11.0,100.0,0.0,100.0,96.0,100.0
AR,2021,22,33,2021-08-22,16.0,100.0,0.0,100.0,99.0,100.0
AR,2021,23,34,2021-08-29,23.0,100.0,0.0,100.0,100.0,100.0
AR,2021,24,35,2021-09-05,35.0,100.0,0.0,100.0,100.0,100.0
AR,2021,25,36,2021-09-12,47.0,100.0,0.0,100.0,100.0,100.0
AR,2021,26,37,2021-09-19,79.0,100.0,0.0,100.0,100.0,100.0
AR,2021,27,38,2021-09-26,95.0,100.0,3.0,100.0,100.0,100.0
AR,2021,28,39,2021-10-03,97.0,100.0,7.0,100.0,100.0,100.0
AR,2021,29,40,2021-10-10,99.0,100.0,20.0,100.0,100.0,100.0
AR,2021,30,41,2021-10-17,100.0,100.0,34.0,100.0,100.0,100.0
AR,2021,31,42,2021-10-24,100.0,100.0,58.0,100.0,100.0,100.0
AR,2021,32,43,2021-10-31,100.0,100.0,76.0,100.0,100.0,100.0
AR,2021,33,44,2021-11-07,100.0,100.0,87.0,100.0,100.0,100.0
AR,2021,34,45,2021-11-14,100.0,100.0,94.0,100.0,100.0,100.0
AR,2021,35,46,2021-11-21,100.0,100.0,97.0,100.0,100.0,100.0
AR,2021,36,47,2021-11-28,100.0,100.0,99.0,100.0,100.0,100.0
AR,2022,2,13,2022-04-03,0.0,0.0,0.0,0.0,0.0,0.0
AR,2022,3,14,2022-04-10,0.0,0.0,0.0,0.0,0.0,0.0
AR,2022,4,15,2022-04-17,0.0,0.0,0.0,1.0,0.0,0.0
AR,2022,5,16,2022-04-24,0.0,0.0,0.0,2.0,0.0,0.0
AR,2022,6,17,2022-05-01,0.0,1.0,0.0,13.0,0.0,0.0
AR,2022,7,18,2022-05-08,0.0,8.0,0.0,32.0,0.0,0.0
AR,2022,8,19,2022-05-15,0.0,28.0,0.0,53.0,0.0,0.0
AR,2022,9,20,2022-05-22,0.0,40.0,0.0,74.0,0.0,0.0
AR,2022,10,21,2022-05-29,0.0,62.0,0.0,89.0,0.0,0.0
AR,2022,11,22,2022-06-05,0.0,87.0,0.0,97.0,0.0,3.0
AR,2022,12,23,2022-06-12,0.0,96.0,0.0,100.0,0.0,10.0
AR,2022,13,24,2022-06-19,0.0,97.0,0.0,100.0,0.0,26.0
AR,2022,14,25,2022-06-26,0.0,100.0,0.0,100.0,2.0,51.0
AR,2022,15,26,2022-07-03,0.0,100.0,0.0,100.0,11.0,76.0
AR,2022,16,27,2022-07-10,0.0,100.0,0.0,100.0,32.0,91.0
AR,2022,17,28,2022-07-17,0.0,100.0,0.0,100.0,54.0,95.0
AR,2022,18,29,2022-07-24,0.0,100.0,0.0,100.0,79.0,97.0
AR,2022,19,30,2022-07-31,1.0,100.0,0.0,100.0,88.0,99.0
AR,2022,20,31,2022-08-07,3.0,100.0,0.0,100.0,94.0,100.0
AR,2022,21,32,2022-08-14,5.0,100.0,0.0,100.0,98.0,100.0
AR,2022,22,33,2022-08-21,10.0,100.0,0.0,100.0,99.0,100.0
AR,2022,23,34,2022-08-28,22.0,100.0,0.0,100.0,100.0,100.0
AR,2022,24,35,2022-09-04,41.0,100.0,0.0,100.0,100.0,100.0
AR,2022,25,36,2022-09-11,57.0,100.0,0.0,100.0,100.0,100.0
AR,2022,26,37,2022-09-18,81.0,100.0,1.0,100.0,100.0,100.0
AR,2022,27,38,2022-09-25,90.0,100.0,5.0,100.0,100.0,100.0
AR,2022,28,39,2022-10-02,96.0,100.0,19.0,100.0,100.0,100.0
AR,2022,29,40,2022-10-09,99.0,100.0,34.0,100.0,100.0,100.0
AR,2022,30,41,2022-10-16,100.0,100.0,50.0,100.0,100.0,100.0
AR,2022,31,42,2022-10-23,100.0,100.0,71.0,100.0,100.0,100.0
AR,2022,32,43,2022-10-30,100.0,100.0,87.0,100.0,100.0,100.0
AR,2022,33,44,2022-11-06,100.0,100.0,97.0,100.0,100.0,100.0
AR,2022,34,45,2022-11-13,100.0,100.0,99.0,100.0,100.0,100.0
AR,2022,35,46,2022-11-20,100.0,100.0,100.0,100.0,100.0,100.0
AR,2022,36,47,2022-11-27,100.0,100.0,100.0,100.0,100.0,100.0
AR,2023,2,13,2023-04-02,0.0,0.0,0.0,0.0,0.0,0.0
AR,2023,3,14,2023-04-09,0.0,0.0,0.0,0.0,0.0,0.0
AR,2023,4,15,2023-04-16,0.0,0.0,0.0,1.0,0.0,0.0
AR,2023,5,16,2023-04-23,0.0,0.0,0.0,5.0,0.0,0.0
AR,2023,6,17,2023-04-30,0.0,3.0,0.0,9.0,0.0,0.0
AR,2023,7,18,2023-05-07,0.0,8.0,0.0,30.0,0.0,0.0
AR,2023,8,19,2023-05-14,0.0,26.0,0.0,56.0,0.0,0.0
AR,2023,9,20,2023-05-21,0.0,45.0,0.0,79.0,0.0,0.0
AR,2023,10,21,2023-05-28,0.0,75.0,0.0,94.0,0.0,0.0
AR,2023,11,22,2023-06-04,0.0,92.0,0.0,100.0,0.0,1.0
AR,2023,12,23,2023-06-11,0.0,97.0,0.0,100.0,0.0,9.0
AR,2023,13,24,2023-06-18,0.0,99.0,0.0,100.0,0.0,31.0
AR,2023,14,25,2023-06-25,0.0,100.0,0.0,100.0,5.0,54.0
AR,2023,15,26,2023-07-02,0.0,100.0,0.0,100.0,22.0,78.0
AR,2023,16,27,2023-07-09,0.0,100.0,0.0,100.0,36.0,89.0
AR,2023,17,28,2023-07-16,0.0,100.0,0.0,100.0,61.0,93.0
AR,2023,18,29,2023-07-23,0.0,100.0,0.0,100.0,71.0,95.0
AR,2023,19,30,2023-07-30,1.0,100.0,0.0,100.0,76.0,98.0
AR,2023,20,31,2023-08-06,3.0,100.0,0.0,100.0,90.0,100.0
AR,2023,21,32,2023-08-13,6.0,100.0,0.0,100.0,93.0,100.0
AR,2023,22,33,2023-08-20,22.0,100.0,0.0,100.0,96.0,100.0
AR,2023,23,34,2023-08-27,29.0,100.0,0.0,100.0,98.0,100.0
AR,2023,24,35,2023-09-03,49.0,100.0,0.0,100.0,99.0,100.0
AR,2023,25,36,2023-09-10,67.0,100.0,0.0,100.0,100.0,100.0
AR,2023,26,37,2023-09-17,85.0,100.0,1.0,100.0,100.0,100.0
AR,2023,27,38,2023-09-24,95.0,100.0,4.0,100.0,100.0,100.0
AR,2023,28,39,2023-10-01,97.0,100.0,12.0,100.0,100.0,100.0
AR,2023,29,40,2023-10-08,100.0,100.0,32.0,100.0,100.0,100.0
AR,2023,30,41,2023-10-15,100.0,100.0,55.0,100.0,100.0,100.0
AR,2023,31,42,2023-10-22,100.0,100.0,70.0,100.0,100.0,100.0
AR,2023,32,43,2023-10-29,100.0,100.0,88.0,100.0,100.0,100.0
AR,2023,33,44,2023-11-05,100.0,100.0,96.0,100.0,100.0,100.0
AR,2023,34,45,2023-11-12,100.0,100.0,98.0,100.0,100.0,100.0
AR,2023,35,46,2023-11-19,100.0,100.0,100.0,100.0,100.0,100.0
AR,2023,36,47,2023-11-26,100.0,100.0,100.0,100.0,100.0,100.0
AR,2024,2,13,2024-03-31,0.0,0.0,0.0,0.0,0.0,0.0
AR,2024,3,14,2024-04-07,0.0,0.0,0.0,0.0,0.0,0.0
AR,2024,4,15,2024-04-14,0.0,0.0,0.0,2.0,0.0,0.0
AR,2024,5,16,2024-04-21,0.0,0.0,0.0,6.0,0.0,0.0
AR,2024,6,17,2024-04-28,0.0,1.0,0.0,14.0,0.0,0.0
AR,2024,7,18,2024-05-05,0.0,8.0,0.0,30.0,0.0,0.0
AR,2024,8,19,2024-05-12,0.0,24.0,0.0,46.0,0.0,0.0
AR,2024,9,20,2024-05-19,0.0,44.0,0.0,68.0,0.0,0.0
AR,2024,10,21,2024-05-26,0.0,66.0,0.0,86.0,0.0,0.0
AR,2024,11,22,2024-06-02,0.0,83.0,0.0,93.0,0.0,1.0
AR,2024,12,23,2024-06-09,0.0,92.0,0.0,97.0,0.0,15.0
AR,2024,13,24,2024-06-16,0.0,96.0,0.0,99.0,0.0,37.0
AR,2024,14,25,2024-06-23,0.0,98.0,0.0,100.0,2.0,53.0
AR,2024,15,26,2024-06-30,0.0,99.0,0.0,100.0,16.0,70.0
AR,2024,16,27,2024-07-07,0.0,100.0,0.0,100.0,35.0,82.0
AR,2024,17,28,2024-07-14,0.0,100.0,0.0,100.0,58.0,92.0
AR,2024,18,29,2024-07-21,1.0,100.0,0.0,100.0,70.0,93.0
AR,2024,19,30,2024-07-28,7.0,100.0,0.0,100.0,83.0,96.0
AR,2024,20,31,2024-08-04,13.0,100.0,0.0,100.0,91.0,99.0
AR,2024,21,32,2024-08-11,28.0,100.0,0.0,100.0,93.0,100.0
AR,2024,22,33,2024-08-18,38.0,100.0,0.0,100.0,97.0,100.0
AR,2024,23,34,2024-08-25,45.0,100.0,0.0,100.0,99.0,100.0
AR,2024,24,35,2024-09-01,68.0,100.0,0.0,100.0,100.0,100.0
AR,2024,25,36,2024-09-08,83.0,100.0,0.0,100.0,100.0,100.0
AR,2024,26,37,2024-09-15,92.0,100.0,3.0,100.0,100.0,100.0
AR,2024,27,38,2024-09-22,95.0,100.0,7.0,100.0,100.0,100.0
AR,2024,28,39,2024-09-29,96.0,100.0,21.0,100.0,100.0,100.0
AR,2024,29,40,2024-10-06,98.0,100.0,34.0,100.0,100.0,100.0
AR,2024,30,41,2024-10-13,100.0,100.0,52.0,100.0,100.0,100.0
AR,2024,31,42,2024-10-20,100.0,100.0,68.0,100.0,100.0,100.0
AR,2024,32,43,2024-10-27,100.0,100.0,85.0,100.0,100.0,100.0
AR,2024,33,44,2024-11-03,100.0,100.0,94.0,100.0,100.0,100.0
AR,2024,34,45,2024-11-10,100.0,100.0,97.0,100.0,100.0,100.0
AR,2024,35,46,2024-11-17,100.0,100.0,99.0,100.0,100.0,100.0
AR,2024,36,47,2024-11-24,100.0,100.0,100.0,100.0,100.0,100.0
AR,2025,3,14,2025-04-06,0.0,0.0,0.0,0.0,0.0,0.0
AR,2025,4,15,2025-04-13,0.0,0.0,0.0,0.0,0.0,0.0
AR,2025,5,16,2025-04-20,0.0,0.0,0.0,2.0,0.0,0.0
AR,2025,6,17,2025-04-27,0.0,1.0,0.0,6.0,0.0,0.0
AR,2025,7,18,2025-05-04,0.0,2.0,0.0,13.0,0.0,0.0
AR,2025,8,19,2025-05-11,0.0,12.0,0.0,36.0,0.0,0.0
AR,2025,9,20,2025-05-18,0.0,30.0,0.0,60.0,0.0,0.0
AR,2025,10,21,2025-05-25,0.0,48.0,0.0,74.0,0.0,0.0
AR,2025,11,22,2025-06-01,0.0,68.0,0.0,85.0,0.0,0.0
AR,2025,12,23,2025-06-08,0.0,84.0,0.0,93.0,0.0,3.0
AR,2025,13,24,2025-06-15,0.0,90.0,0.0,97.0,0.0,15.0
AR,2025,14,25,2025-06-22,0.0,95.0,0.0,100.0,0.0,21.0
AR,2025,15,26,2025-06-29,0.0,99.0,0.0,100.0,4.0,48.0
AR,2025,16,27,2025-07-06,0.0,100.0,0.0,100.0,15.0,67.0
AR,2025,17,28,2025-07-13,0.0,100.0,0.0,100.0,29.0,75.0
AR,2025,18,29,2025-07-20,1.0,100.0,0.0,100.0,50.0,86.0
AR,2025,19,30,2025-07-27,5.0,100.0,0.0,100.0,66.0,94.0
AR,2025,20,31,2025-08-03,7.0,100.0,0.0,100.0,81.0,98.0
AR,2025,21,32,2025-08-10,16.0,100.0,0.0,100.0,87.0,100.0
AR,2025,22,33,2025-08-17,23.0,100.0,0.0,100.0,94.0,100.0
AR,2025,23,34,2025-08-24,31.0,100.0,0.0,100.0,97.0,100.0
AR,2025,24,35,2025-08-31,40.0,100.0,0.0,100.0,99.0,100.0
AR,2025,25,36,2025-09-07,50.0,100.0,0.0,100.0,100.0,100.0
AR,2025,26,37,2025-09-14,61.0,100.0,0.0,100.0,100.0,100.0
AR,2025,27,38,2025-09-21,79.0,100.0,5.0,100.0,100.0,100.0
AR,2025,28,39,2025-09-28,86.0,100.0,10.0,100.0,100.0,100.0
AR,2025,35,46,2025-11-16,100.0,100.0,98.0,100.0,100.0,100.0
AR,2025,36,47,2025-11-23,100.0,100.0,99.0,100.0,100.0,100.0
AZ,2016,1,12,2016-03-27,0.0,0.0,0.0,15.0,0.0,0.0
AZ,2016,2,13,2016-04-03,0.0,0.0,0.0,25.0,0.0,0.0
AZ,2016,3,14,2016-04-10,0.0,0.0,0.0,35.0,0.0,0.0
AZ,2016,4,15,2016-04-17,0.0,0.0,0.0,45.0,0.0,0.0
AZ,2016,5,16,2016-04-24,0.0,0.0,0.0,55.0,0.0,0.0
AZ,2016,6,17,2016-05-01,0.0,24.0,0.0,75.0,0.0,0.0
AZ,2016,7,18,2016-05-08,0.0,35.0,0.0,85.0,0.0,0.0
AZ,2016,8,19,2016-05-15,0.0,60.0,0.0,95.0,0.0,0.0
AZ,2016,9,20,2016-05-22,0.0,70.0,0.0,99.0,0.0,10.0
AZ,2016,10,21,2016-05-29,0.0,85.0,0.0,99.0,0.0,15.0
AZ,2016,11,22,2016-06-05,0.0,96.0,0.0,100.0,0.0,35.0
AZ,2016,12,23,2016-06-12,0.0,98.0,0.0,100.0,10.0,40.0
AZ,2016,13,24,2016-06-19,0.0,100.0,0.0,100.0,15.0,50.0
AZ,2016,14,25,2016-06-26,0.0,100.0,0.0,100.0,20.0,65.0
AZ,2016,15,26,2016-07-03,0.0,100.0,0.0,100.0,30.0,75.0
AZ,2016,16,27,2016-07-10,0.0,100.0,0.0,100.0,40.0,85.0
AZ,2016,17,28,2016-07-17,0.0,100.0,0.0,100.0,50.0,90.0
AZ,2016,18,29,2016-07-24,0.0,100.0,0.0,100.0,65.0,95.0
AZ,2016,19,30,2016-07-31,6.0,100.0,0.0,100.0,75.0,98.0
AZ,2016,20,31,2016-08-07,23.0,100.0,0.0,100.0,88.0,99.0
AZ,2016,21,32,2016-08-14,33.0,100.0,0.0,100.0,91.0,99.0
AZ,2016,22,33,2016-08-21,45.0,100.0,0.0,100.0,95.0,99.0
AZ,2016,23,34,2016-08-28,50.0,100.0,1.0,100.0,98.0,99.0
AZ,2016,24,35,2016-09-04,63.0,100.0,5.0,100.0,99.0,99.0
AZ,2016,25,36,2016-09-11,70.0,100.0,10.0,100.0,99.0,99.0
AZ,2016,26,37,2016-09-18,82.0,100.0,13.0,100.0,99.0,99.0
AZ,2016,27,38,2016-09-25,90.0,100.0,15.0,100.0,99.0,99.0
AZ,2016,28,39,2016-10-02,93.0,100.0,20.0,100.0,99.0,99.0
AZ,2016,29,40,2016-10-09,95.0,100.0,24.0,100.0,99.0,99.0
AZ,2016,30,41,2016-10-16,98.0,100.0,28.0,100.0,99.0,99.0
AZ,2016,31,42,2016-10-23,100.0,100.0,33.0,100.0,99.0,99.0
AZ,2016,32,43,2016-10-30,100.0,100.0,45.0,100.0,99.0,99.0
AZ,2016,33,44,2016-11-06,100.0,100.0,48.0,100.0,99.0,99.0
AZ,2016,34,45,2016-11-13,100.0,100.0,58.0,100.0,99.0,99.0
AZ,2016,35,46,2016-11-20,100.0,100.0,65.0,100.0,99.0,99.0
AZ,2016,36,47,2016-11-27,100.0,100.0,72.0,100.0,99.0,99.0
AZ,2016,37,48,2016-12-04,100.0,100.0,81.0,100.0,99.0,99.0
AZ,2016,38,49,2016-12-11,100.0,100.0,88.0,100.0,99.0,99.0
AZ,2016,39,50,2016-12-18,100.0,100.0,95.0,100.0,99.0,99.0
AZ,2017,1,12,2017-03-26,0.0,0.0,0.0,10.0,0.0,0.0
AZ,2017,2,13,2017-04-02,0.0,0.0,0.0,21.0,0.0,0.0
AZ,2017,3,14,2017-04-09,0.0,0.0,0.0,30.0,0.0,0.0
AZ,2017,4,15,2017-04-16,0.0,5.0,0.0,40.0,0.0,0.0
AZ,2017,5,16,2017-04-23,0.0,20.0,0.0,53.0,0.0,0.0
AZ,2017,6,17,2017-04-30,0.0,38.0,0.0,67.0,0.0,0.0
AZ,2017,7,18,2017-05-07,0.0,45.0,0.0,75.0,0.0,0.0
AZ,2017,8,19,2017-05-14,0.0,61.0,0.0,80.0,0.0,4.0
AZ,2017,9,20,2017-05-21,0.0,72.0,0.0,90.0,0.0,16.0
AZ,2017,10,21,2017-05-28,0.0,81.0,0.0,95.0,0.0,22.0
AZ,2017,11,22,2017-06-04,0.0,87.0,0.0,98.0,0.0,28.0
AZ,2017,12,23,2017-06-11,0.0,95.0,0.0,100.0,7.0,35.0
AZ,2017,13,24,2017-06-18,0.0,95.0,0.0,100.0,14.0,54.0
AZ,2017,14,25,2017-06-25,0.0,95.0,0.0,100.0,20.0,64.0
AZ,2017,15,26,2017-07-02,0.0,95.0,0.0,100.0,30.0,75.0
AZ,2017,16,27,2017-07-09,5.0,95.0,0.0,100.0,40.0,82.0
AZ,2017,17,28,2017-07-16,8.0,95.0,0.0,100.0,55.0,86.0
AZ,2017,18,29,2017-07-23,10.0,95.0,0.0,100.0,63.0,92.0
AZ,2017,19,30,2017-07-30,15.0,95.0,0.0,100.0,76.0,95.0
AZ,2017,20,31,2017-08-06,23.0,95.0,0.0,100.0,85.0,97.0
AZ,2017,21,32,2017-08-13,28.0,95.0,0.0,100.0,89.0,100.0
AZ,2017,22,33,2017-08-20,46.0,95.0,0.0,100.0,92.0,100.0
AZ,2017,23,34,2017-08-27,60.0,95.0,0.0,100.0,96.0,100.0
AZ,2017,24,35,2017-09-03,73.0,95.0,2.0,100.0,99.0,100.0
AZ,2017,25,36,2017-09-10,85.0,95.0,7.0,100.0,99.0,100.0
AZ,2017,26,37,2017-09-17,91.0,95.0,13.0,100.0,99.0,100.0
AZ,2017,27,38,2017-09-24,93.0,95.0,15.0,100.0,99.0,100.0
AZ,2017,28,39,2017-10-01,95.0,95.0,18.0,100.0,99.0,100.0
AZ,2017,29,40,2017-10-08,97.0,95.0,21.0,100.0,99.0,100.0
AZ,2017,30,41,2017-10-15,99.0,95.0,24.0,100.0,99.0,100.0
AZ,2017,31,42,2017-10-22,100.0,95.0,28.0,100.0,99.0,100.0
AZ,2017,32,43,2017-10-29,100.0,95.0,39.0,100.0,99.0,100.0
AZ,2017,33,44,2017-11-05,100.0,95.0,43.0,100.0,99.0,100.0
AZ,2017,34,45,2017-11-12,100.0,95.0,50.0,100.0,99.0,100.0
AZ,2017,35,46,2017-11-19,100.0,95.0,62.0,100.0,99.0,100.0
AZ,2017,36,47,2017-11-26,100.0,95.0,68.0,100.0,99.0,100.0
AZ,2018,1,12,2018-03-25,0.0,0.0,0.0,20.0,0.0,0.0
AZ,2018,2,13,2018-04-01,0.0,0.0,0.0,23.0,0.0,0.0
AZ,2018,3,14,2018-04-08,0.0,0.0,0.0,25.0,0.0,0.0
AZ,2018,4,15,2018-04-15,0.0,5.0,0.0,37.0,0.0,0.0
AZ,2018,5,16,2018-04-22,0.0,17.0,0.0,45.0,0.0,0.0
AZ,2018,6,17,2018-04-29,0.0,26.0,0.0,52.0,0.0,0.0
AZ,2018,7,18,2018-05-06,0.0,50.0,0.0,71.0,0.0,0.0
AZ,2018,8,19,2018-05-13,0.0,68.0,0.0,84.0,0.0,0.0
AZ,2018,9,20,2018-05-20,0.0,82.0,0.0,92.0,0.0,0.0
AZ,2018,10,21,2018-05-27,0.0,94.0,0.0,98.0,0.0,6.0
AZ,2018,11,22,2018-06-03,0.0,96.0,0.0,100.0,0.0,12.0
AZ,2018,12,23,2018-06-10,0.0,98.0,0.0,100.0,0.0,20.0
AZ,2018,13,24,2018-06-17,0.0,100.0,0.0,100.0,0.0,30.0
AZ,2018,14,25,2018-06-24,0.0,100.0,0.0,100.0,10.0,45.0
AZ,2018,15,26,2018-07-01,0.0,100.0,0.0,100.0,22.0,70.0
AZ,2018,16,27,2018-07-08,0.0,100.0,0.0,100.0,32.0,85.0
AZ,2018,17,28,2018-07-15,0.0,100.0,0.0,100.0,40.0,94.0
AZ,2018,18,29,2018-07-22,12.0,100.0,0.0,100.0,50.0,95.0
AZ,2018,19,30,2018-07-29,15.0,100.0,0.0,100.0,76.0,96.0
AZ,2018,20,31,2018-08-05,22.0,100.0,0.0,100.0,88.0,98.0
AZ,2018,21,32,2018-08-12,25.0,100.0,0.0,100.0,91.0,100.0
AZ,2018,22,33,2018-08-19,35.0,100.0,0.0,100.0,96.0,100.0
AZ,2018,23,34,2018-08-26,55.0,100.0,0.0,100.0,98.0,100.0
AZ,2018,24,35,2018-09-02,63.0,100.0,0.0,100.0,100.0,100.0
AZ,2018,25,36,2018-09-09,74.0,100.0,8.0,100.0,100.0,100.0
AZ,2018,26,37,2018-09-16,87.0,100.0,14.0,100.0,100.0,100.0
AZ,2018,27,38,2018-09-23,96.0,100.0,19.0,100.0,100.0,100.0
AZ,2018,28,39,2018-09-30,98.0,100.0,22.0,100.0,100.0,100.0
AZ,2018,29,40,2018-10-07,99.0,100.0,25.0,100.0,100.0,100.0
AZ,2018,30,41,2018-10-14,100.0,100.0,26.0,100.0,100.0,100.0
AZ,2018,31,42,2018-10-21,100.0,100.0,29.0,100.0,100.0,100.0
AZ,2018,32,43,2018-10-28,100.0,100.0,35.0,100.0,100.0,100.0
AZ,2018,33,44,2018-11-04,100.0,100.0,40.0,100.0,100.0,100.0
AZ,2018,34,45,2018-11-11,100.0,100.0,45.0,100.0,100.0,100.0
AZ,2018,35,46,2018-11-18,100.0,100.0,58.0,100.0,100.0,100.0
AZ,2018,36,47,2018-11-25,100.0,100.0,70.0,100.0,100.0,100.0
AZ,2019,1,12,2019-03-24,0.0,0.0,0.0,24.0,0.0,0.0
AZ,2019,2,13,2019-03-31,0.0,0.0,0.0,26.0,0.0,0.0
AZ,2019,3,14,2019-04-07,0.0,5.0,0.0,29.0,0.0,0.0
AZ,2019,4,15,2019-04-14,0.0,9.0,0.0,30.0,0.0,0.0
AZ,2019,5,16,2019-04-21,0.0,19.0,0.0,40.0,0.0,0.0
AZ,2019,6,17,2019-04-28,0.0,34.0,0.0,50.0,0.0,0.0
AZ,2019,7,18,2019-05-05,0.0,48.0,0.0,60.0,0.0,0.0
AZ,2019,8,19,2019-05-12,0.0,64.0,0.0,75.0,0.0,0.0
AZ,2019,9,20,2019-05-19,0.0,79.0,0.0,90.0,0.0,0.0
AZ,2019,10,21,2019-05-26,0.0,88.0,0.0,94.0,0.0,6.0
AZ,2019,11,22,2019-06-02,0.0,96.0,0.0,99.0,0.0,14.0
AZ,2019,12,23,2019-06-09,0.0,96.0,0.0,100.0,0.0,23.0
AZ,2019,13,24,2019-06-16,0.0,96.0,0.0,100.0,0.0,31.0
AZ,2019,14,25,2019-06-23,0.0,96.0,0.0,100.0,10.0,40.0
AZ,2019,15,26,2019-06-30,0.0,96.0,0.0,100.0,18.0,58.0
AZ,2019,16,27,2019-07-07,1.0,96.0,0.0,100.0,24.0,85.0
AZ,2019,17,28,2019-07-14,2.0,96.0,0.0,100.0,33.0,95.0
AZ,2019,18,29,2019-07-21,5.0,96.0,0.0,100.0,59.0,97.0
AZ,2019,19,30,2019-07-28,6.0,96.0,0.0,100.0,74.0,99.0
AZ,2019,20,31,2019-08-04,11.0,96.0,0.0,100.0,82.0,100.0
AZ,2019,21,32,2019-08-11,23.0,96.0,0.0,100.0,90.0,100.0
AZ,2019,22,33,2019-08-18,35.0,96.0,0.0,100.0,99.0,100.0
AZ,2019,23,34,2019-08-25,50.0,96.0,0.0,100.0,100.0,100.0
AZ,2019,24,35,2019-09-01,61.0,96.0,0.0,100.0,100.0,100.0
AZ,2019,25,36,2019-09-08,68.0,96.0,2.0,100.0,100.0,100.0
AZ,2019,26,37,2019-09-15,90.0,96.0,5.0,100.0,100.0,100.0
AZ,2019,27,38,2019-09-22,97.0,96.0,10.0,100.0,100.0,100.0
AZ,2019,28,39,2019-09-29,99.0,96.0,15.0,100.0,100.0,100.0
AZ,2019,29,40,2019-10-06,100.0,96.0,17.0,100.0,100.0,100.0
AZ,2019,30,41,2019-10-13,100.0,96.0,22.0,100.0,100.0,100.0
AZ,2019,31,42,2019-10-20,100.0,96.0,28.0,100.0,100.0,100.0
AZ,2019,32,43,2019-10-27,100.0,96.0,31.0,100.0,100.0,100.0
AZ,2019,33,44,2019-11-03,100.0,96.0,40.0,100.0,100.0,100.0
AZ,2019,34,45,2019-11-10,100.0,96.0,47.0,100.0,100.0,100.0
AZ,2019,35,46,2019-11-17,100.0,96.0,62.0,100.0,100.0,100.0
AZ,2019,36,47,2019-11-24,100.0,96.0,70.0,100.0,100.0,100.0
AZ,2019,37,48,2019-12-01,100.0,96.0,86.0,100.0,100.0,100.0
AZ,2019,38,49,2019-12-08,100.0,96.0,91.0,100.0,100.0,100.0
AZ,2020,1,12,2020-03-22,0.0,0.0,0.0,12.0,0.0,0.0
AZ,2020,2,13,2020-03-29,0.0,0.0,0.0,16.0,0.0,0.0
AZ,2020,3,14,2020-04-05,0.0,0.0,0.0,25.0,0.0,0.0
AZ,2020,4,15,2020-04-12,0.0,9.0,0.0,36.0,0.0,0.0
AZ,2020,5,16,2020-04-19,0.0,24.0,0.0,45.0,0.0,0.0
AZ,2020,6,17,2020-04-26,0.0,42.0,0.0,59.0,0.0,0.0
AZ,2020,7,18,2020-05-03,0.0,56.0,0.0,71.0,0.0,0.0
AZ,2020,8,19,2020-05-10,0.0,66.0,0.0,85.0,0.0,0.0
AZ,2020,9,20,2020-05-17,0.0,80.0,0.0,92.0,0.0,15.0
AZ,2020,10,21,2020-05-24,0.0,91.0,0.0,97.0,0.0,19.0
AZ,2020,11,22,2020-05-31,0.0,96.0,0.0,99.0,0.0,28.0
AZ,2020,12,23,2020-06-07,0.0,98.0,0.0,100.0,7.0,45.0
AZ,2020,13,24,2020-06-14,0.0,100.0,0.0,100.0,12.0,69.0
AZ,2020,14,25,2020-06-21,0.0,100.0,0.0,100.0,15.0,75.0
AZ,2020,15,26,2020-06-28,0.0,100.0,0.0,100.0,29.0,88.0
AZ,2020,16,27,2020-07-05,0.0,100.0,0.0,100.0,34.0,96.0
AZ,2020,17,28,2020-07-12,3.0,100.0,0.0,100.0,50.0,99.0
AZ,2020,18,29,2020-07-19,12.0,100.0,0.0,100.0,75.0,100.0
AZ,2020,19,30,2020-07-26,15.0,100.0,0.0,100.0,88.0,100.0
AZ,2020,20,31,2020-08-02,17.0,100.0,0.0,100.0,95.0,100.0
AZ,2020,21,32,2020-08-09,35.0,100.0,0.0,100.0,98.0,100.0
AZ,2020,22,33,2020-08-16,46.0,100.0,0.0,100.0,99.0,100.0
AZ,2020,23,34,2020-08-23,70.0,100.0,0.0,100.0,100.0,100.0
AZ,2020,24,35,2020-08-30,85.0,100.0,0.0,100.0,100.0,100.0
AZ,2020,25,36,2020-09-06,92.0,100.0,1.0,100.0,100.0,100.0
AZ,2020,26,37,2020-09-13,96.0,100.0,7.0,100.0,100.0,100.0
AZ,2020,27,38,2020-09-20,98.0,100.0,12.0,100.0,100.0,100.0
AZ,2020,28,39,2020-09-27,99.0,100.0,16.0,100.0,100.0,100.0
AZ,2020,29,40,2020-10-04,100.0,100.0,19.0,100.0,100.0,100.0
AZ,2020,30,41,2020-10-11,100.0,100.0,22.0,100.0,100.0,100.0
AZ,2020,31,42,2020-10-18,100.0,100.0,27.0,100.0,100.0,100.0
AZ,2020,32,43,2020-10-25,100.0,100.0,35.0,100.0,100.0,100.0
AZ,2020,33,44,2020-11-01,100.0,100.0,42.0,100.0,100.0,100.0
AZ,2020,34,45,2020-11-08,100.0,100.0,49.0,100.0,100.0,100.0
AZ,2020,35,46,2020-11-15,100.0,100.0,61.0,100.0,100.0,100.0
AZ,2020,36,47,2020-11-22,100.0,100.0,66.0,100.0,100.0,100.0
AZ,2020,37,48,2020-11-29,100.0,100.0,75.0,100.0,100.0,100.0
AZ,2021,1,12,2021-03-28,0.0,0.0,0.0,16.0,0.0,0.0
AZ,2021,2,13,2021-04-04,0.0,0.0,0.0,27.0,0.0,0.0
AZ,2021,3,14,2021-04-11,0.0,8.0,0.0,34.0,0.0,0.0
AZ,2021,4,15,2021-04-18,0.0,15.0,0.0,43.0,0.0,0.0
AZ,2021,5,16,2021-04-25,0.0,33.0,0.0,53.0,0.0,0.0
AZ,2021,6,17,2021-05-02,0.0,43.0,0.0,63.0,0.0,0.0
AZ,2021,7,18,2021-05-09,0.0,56.0,0.0,75.0,0.0,0.0
AZ,2021,8,19,2021-05-16,0.0,69.0,0.0,87.0,0.0,0.0
AZ,2021,9,20,2021-05-23,0.0,81.0,0.0,92.0,0.0,9.0
AZ,2021,10,21,2021-05-30,0.0,87.0,0.0,95.0,0.0,19.0
AZ,2021,11,22,2021-06-06,0.0,91.0,0.0,99.0,0.0,27.0
AZ,2021,12,23,2021-06-13,0.0,100.0,0.0,100.0,5.0,49.0
AZ,2021,13,24,2021-06-20,0.0,100.0,0.0,100.0,16.0,63.0
AZ,2021,14,25,2021-06-27,0.0,100.0,0.0,100.0,28.0,77.0
AZ,2021,15,26,2021-07-04,0.0,100.0,0.0,100.0,41.0,88.0
AZ,2021,16,27,2021-07-11,1.0,100.0,0.0,100.0,57.0,97.0
AZ,2021,17,28,2021-07-18,5.0,100.0,0.0,100.0,72.0,99.0
AZ,2021,18,29,2021-07-25,15.0,100.0,0.0,100.0,84.0,100.0
AZ,2021,19,30,2021-08-01,22.0,100.0,0.0,100.0,92.0,100.0
AZ,2021,20,31,2021-08-08,30.0,100.0,0.0,100.0,99.0,100.0
AZ,2021,21,32,2021-08-15,37.0,100.0,0.0,100.0,100.0,100.0
AZ,2021,22,33,2021-08-22,54.0,100.0,0.0,100.0,100.0,100.0
AZ,2021,23,34,2021-08-29,77.0,100.0,0.0,100.0,100.0,100.0
AZ,2021,24,35,2021-09-05,88.0,100.0,3.0,100.0,100.0,100.0
AZ,2021,25,36,2021-09-12,93.0,100.0,8.0,100.0,100.0,100.0
AZ,2021,26,37,2021-09-19,95.0,100.0,12.0,100.0,100.0,100.0
AZ,2021,27,38,2021-09-26,96.0,100.0,14.0,100.0,100.0,100.0
AZ,2021,28,39,2021-10-03,98.0,100.0,19.0,100.0,100.0,100.0
AZ,2021,29,40,2021-10-10,100.0,100.0,28.0,100.0,100.0,100.0
AZ,2021,30,41,2021-10-17,100.0,100.0,31.0,100.0,100.0,100.0
AZ,2021,31,42,2021-10-24,100.0,100.0,37.0,100.0,100.0,100.0
AZ,2021,32,43,2021-10-31,100.0,100.0,45.0,100.0,100.0,100.0
AZ,2021,33,44,2021-11-07,100.0,100.0,52.0,100.0,100.0,100.0
AZ,2021,34,45,2021-11-14,100.0,100.0,58.0,100.0,100.0,100.0
AZ,2021,35,46,2021-11-21,100.0,100.0,71.0,100.0,100.0,100.0
AZ,2021,36,47,2021-11-28,100.0,100.0,78.0,100.0,100.0,100.0
AZ,2022,1,12,2022-03-27,0.0,0.0,0.0,6.0,0.0,0.0
AZ,2022,2,13,2022-04-03,0.0,2.0,0.0,11.0,0.0,0.0
AZ,2022,3,14,2022-04-10,0.0,4.0,0.0,17.0,0.0,0.0
AZ,2022,4,15,2022-04-17,0.0,10.0,0.0,28.0,0.0,0.0
AZ,2022,5,16,2022-04-24,0.0,25.0,0.0,51.0,0.0,0.0
AZ,2022,6,17,2022-05-01,0.0,44.0,0.0,71.0,0.0,0.0
AZ,2022,7,18,2022-05-08,0.0,57.0,0.0,78.0,0.0,0.0
AZ,2022,8,19,2022-05-15,0.0,71.0,0.0,84.0,0.0,0.0
AZ,2022,9,20,2022-05-22,0.0,83.0,0.0,94.0,0.0,3.0
AZ,2022,10,21,2022-05-29,0.0,95.0,0.0,98.0,0.0,20.0
AZ,2022,11,22,2022-06-05,0.0,95.0,0.0,99.0,1.0,31.0
AZ,2022,12,23,2022-06-12,0.0,95.0,0.0,100.0,3.0,38.0
AZ,2022,13,24,2022-06-19,0.0,95.0,0.0,100.0,9.0,58.0
AZ,2022,14,25,2022-06-26,0.0,95.0,0.0,100.0,17.0,76.0
AZ,2022,15,26,2022-07-03,1.0,95.0,0.0,100.0,36.0,91.0
AZ,2022,16,27,2022-07-10,4.0,95.0,0.0,100.0,59.0,98.0
AZ,2022,17,28,2022-07-17,9.0,95.0,0.0,100.0,81.0,99.0
AZ,2022,18,29,2022-07-24,15.0,95.0,0.0,100.0,83.0,100.0
AZ,2022,19,30,2022-07-31,19.0,95.0,0.0,100.0,85.0,100.0
AZ,2022,20,31,2022-08-07,26.0,95.0,0.0,100.0,89.0,100.0
AZ,2022,21,32,2022-08-14,29.0,95.0,0.0,100.0,92.0,100.0
AZ,2022,22,33,2022-08-21,34.0,95.0,0.0,100.0,95.0,100.0
AZ,2022,23,34,2022-08-28,55.0,95.0,0.0,100.0,97.0,100.0
AZ,2022,24,35,2022-09-04,70.0,95.0,0.0,100.0,100.0,100.0
AZ,2022,25,36,2022-09-11,72.0,95.0,0.0,100.0,100.0,100.0
AZ,2022,26,37,2022-09-18,77.0,95.0,12.0,100.0,100.0,100.0
AZ,2022,27,38,2022-09-25,79.0,95.0,15.0,100.0,100.0,100.0
AZ,2022,28,39,2022-10-02,86.0,95.0,21.0,100.0,100.0,100.0
AZ,2022,29,40,2022-10-09,99.0,95.0,24.0,100.0,100.0,100.0
AZ,2022,30,41,2022-10-16,100.0,95.0,33.0,100.0,100.0,100.0
AZ,2022,31,42,2022-10-23,100.0,95.0,38.0,100.0,100.0,100.0
AZ,2022,32,43,2022-10-30,100.0,95.0,43.0,100.0,100.0,100.0
AZ,2022,33,44,2022-11-06,100.0,95.0,49.0,100.0,100.0,100.0
AZ,2022,34,45,2022-11-13,100.0,95.0,53.0,100.0,100.0,100.0
AZ,2022,35,46,2022-11-20,100.0,95.0,59.0,100.0,100.0,100.0
AZ,2022,36,47,2022-11-27,100.0,95.0,68.0,100.0,100.0,100.0
AZ,2023,1,12,2023-03-26,0.0,0.0,0.0,3.0,0.0,0.0
AZ,2023,2,13,2023-04-02,0.0,0.0,0.0,7.0,0.0,0.0
AZ,2023,3,14,2023-04-09,0.0,3.0,0.0,13.0,0.0,0.0
AZ,2023,4,15,2023-04-16,0.0,5.0,0.0,21.0,0.0,0.0
AZ,2023,5,16,2023-04-23,0.0,10.0,0.0,33.0,0.0,0.0
AZ,2023,6,17,2023-04-30,0.0,21.0,0.0,47.0,0.0,0.0
AZ,2023,7,18,2023-05-07,0.0,34.0,0.0,67.0,0.0,0.0
AZ,2023,8,19,2023-05-14,0.0,58.0,0.0,82.0,0.0,0.0
AZ,2023,9,20,2023-05-21,0.0,69.0,0.0,91.0,0.0,2.0
AZ,2023,10,21,2023-05-28,0.0,84.0,0.0,94.0,0.0,10.0
AZ,2023,11,22,2023-06-04,0.0,94.0,0.0,100.0,0.0,24.0
AZ,2023,12,23,2023-06-11,0.0,99.0,0.0,100.0,0.0,36.0
AZ,2023,13,24,2023-06-18,0.0,99.0,0.0,100.0,6.0,49.0
AZ,2023,14,25,2023-06-25,0.0,99.0,0.0,100.0,8.0,51.0
AZ,2023,15,26,2023-07-02,0.0,99.0,0.0,100.0,17.0,57.0
AZ,2023,16,27,2023-07-09,2.0,99.0,0.0,100.0,36.0,77.0
AZ,2023,17,28,2023-07-16,10.0,99.0,0.0,100.0,56.0,91.0
AZ,2023,18,29,2023-07-23,12.0,99.0,0.0,100.0,60.0,99.0
AZ,2023,19,30,2023-07-30,22.0,99.0,0.0,100.0,78.0,100.0
AZ,2023,20,31,2023-08-06,39.0,99.0,0.0,100.0,97.0,100.0
AZ,2023,21,32,2023-08-13,47.0,99.0,0.0,100.0,98.0,100.0
AZ,2023,22,33,2023-08-20,54.0,99.0,0.0,100.0,99.0,100.0
AZ,2023,23,34,2023-08-27,58.0,99.0,0.0,100.0,100.0,100.0
AZ,2023,24,35,2023-09-03,62.0,99.0,5.0,100.0,100.0,100.0
AZ,2023,25,36,2023-09-10,67.0,99.0,11.0,100.0,100.0,100.0
AZ,2023,26,37,2023-09-17,72.0,99.0,14.0,100.0,100.0,100.0
AZ,2023,27,38,2023-09-24,79.0,99.0,16.0,100.0,100.0,100.0
AZ,2023,28,39,2023-10-01,86.0,99.0,17.0,100.0,100.0,100.0
AZ,2023,29,40,2023-10-08,95.0,99.0,19.0,100.0,100.0,100.0
AZ,2023,30,41,2023-10-15,96.0,99.0,22.0,100.0,100.0,100.0
AZ,2023,31,42,2023-10-22,99.0,99.0,23.0,100.0,100.0,100.0
AZ,2023,32,43,2023-10-29,100.0,99.0,36.0,100.0,100.0,100.0
AZ,2023,33,44,2023-11-05,100.0,99.0,44.0,100.0,100.0,100.0
AZ,2023,34,45,2023-11-12,100.0,99.0,51.0,100.0,100.0,100.0
AZ,2023,35,46,2023-11-19,100.0,99.0,62.0,100.0,100.0,100.0
AZ,2023,36,47,2023-11-26,100.0,99.0,70.0,100.0,100.0,100.0
AZ,2024,1,12,2024-03-24,0.0,0.0,0.0,3.0,0.0,0.0
AZ,2024,2,13,2024-03-31,0.0,0.0,0.0,6.0,0.0,0.0
AZ,2024,3,14,2024-04-07,0.0,0.0,0.0,16.0,0.0,0.0
AZ,2024,4,15,2024-04-14,0.0,9.0,0.0,25.0,0.0,0.0
AZ,2024,5,16,2024-04-21,0.0,13.0,0.0,42.0,0.0,0.0
AZ,2024,6,17,2024-04-28,0.0,42.0,0.0,64.0,0.0,0.0
AZ,2024,7,18,2024-05-05,0.0,58.0,0.0,77.0,0.0,0.0
AZ,2024,8,19,2024-05-12,0.0,71.0,0.0,91.0,0.0,0.0
AZ,2024,9,20,2024-05-19,0.0,95.0,0.0,96.0,0.0,7.0
AZ,2024,10,21,2024-05-26,0.0,97.0,0.0,98.0,0.0,7.0
AZ,2024,11,22,2024-06-02,0.0,99.0,0.0,100.0,0.0,25.0
AZ,2024,12,23,2024-06-09,0.0,99.0,0.0,100.0,4.0,37.0
AZ,2024,13,24,2024-06-16,0.0,100.0,0.0,100.0,15.0,51.0
AZ,2024,14,25,2024-06-23,0.0,100.0,0.0,100.0,30.0,66.0
AZ,2024,15,26,2024-06-30,0.0,100.0,0.0,100.0,52.0,80.0
AZ,2024,16,27,2024-07-07,9.0,100.0,0.0,100.0,71.0,97.0
AZ,2024,17,28,2024-07-14,31.0,100.0,0.0,100.0,80.0,98.0
AZ,2024,18,29,2024-07-21,42.0,100.0,0.0,100.0,88.0,99.0
AZ,2024,19,30,2024-07-28,51.0,100.0,0.0,100.0,91.0,100.0
AZ,2024,20,31,2024-08-04,57.0,100.0,0.0,100.0,96.0,100.0
AZ,2024,21,32,2024-08-11,64.0,100.0,0.0,100.0,99.0,100.0
AZ,2024,22,33,2024-08-18,65.0,100.0,0.0,100.0,100.0,100.0
AZ,2024,23,34,2024-08-25,71.0,100.0,0.0,100.0,100.0,100.0
AZ,2024,24,35,2024-09-01,80.0,100.0,0.0,100.0,100.0,100.0
AZ,2024,25,36,2024-09-08,87.0,100.0,9.0,100.0,100.0,100.0
AZ,2024,26,37,2024-09-15,90.0,100.0,17.0,100.0,100.0,100.0
AZ,2024,27,38,2024-09-22,93.0,100.0,27.0,100.0,100.0,100.0
AZ,2024,28,39,2024-09-29,95.0,100.0,46.0,100.0,100.0,100.0
AZ,2024,29,40,2024-10-06,97.0,100.0,68.0,100.0,100.0,100.0
AZ,2024,30,41,2024-10-13,98.0,100.0,69.0,100.0,100.0,100.0
AZ,2024,31,42,2024-10-20,99.0,100.0,70.0,100.0,100.0,100.0
AZ,2024,32,43,2024-10-27,100.0,100.0,71.0,100.0,100.0,100.0
AZ,2024,33,44,2024-11-03,100.0,100.0,72.0,100.0,100.0,100.0
AZ,2024,34,45,2024-11-10,100.0,100.0,73.0,100.0,100.0,100.0
AZ,2024,35,46,2024-11-17,100.0,100.0,74.0,100.0,100.0,100.0
AZ,2024,36,47,2024-11-24,100.0,100.0,78.0,100.0,100.0,100.0
AZ,2025,1,12,2025-03-23,0.0,0.0,0.0,7.0,0.0,0.0
AZ,2025,2,13,2025-03-30,0.0,0.0,0.0,12.0,0.0,0.0
AZ,2025,3,14,2025-04-06,0.0,1.0,0.0,13.0,0.0,0.0
AZ,2025,4,15,2025-04-13,0.0,7.0,0.0,29.0,0.0,0.0
AZ,2025,5,16,2025-04-20,0.0,22.0,0.0,41.0,0.0,0.0
AZ,2025,6,17,2025-04-27,0.0,24.0,0.0,43.0,0.0,0.0
AZ,2025,7,18,2025-05-04,0.0,41.0,0.0,62.0,0.0,0.0
AZ,2025,8,19,2025-05-11,0.0,51.0,0.0,85.0,0.0,0.0
AZ,2025,9,20,2025-05-18,0.0,69.0,0.0,96.0,0.0,0.0
AZ,2025,10,21,2025-05-25,0.0,84.0,0.0,98.0,0.0,10.0
AZ,2025,11,22,2025-06-01,0.0,97.0,0.0,99.0,0.0,14.0
AZ,2025,12,23,2025-06-08,0.0,97.0,0.0,100.0,0.0,36.0
AZ,2025,13,24,2025-06-15,0.0,97.0,0.0,100.0,8.0,47.0
AZ,2025,14,25,2025-06-22,0.0,97.0,0.0,100.0,12.0,66.0
AZ,2025,15,26,2025-06-29,0.0,97.0,0.0,100.0,31.0,81.0
AZ,2025,16,27,2025-07-06,0.0,97.0,0.0,100.0,37.0,92.0
AZ,2025,17,28,2025-07-13,0.0,97.0,0.0,100.0,49.0,98.0
AZ,2025,18,29,2025-07-20,15.0,97.0,0.0,100.0,56.0,99.0
AZ,2025,19,30,2025-07-27,16.0,97.0,0.0,100.0,63.0,100.0
AZ,2025,20,31,2025-08-03,30.0,97.0,0.0,100.0,85.0,100.0
AZ,2025,21,32,2025-08-10,34.0,97.0,0.0,100.0,90.0,100.0
AZ,2025,22,33,2025-08-17,51.0,97.0,0.0,100.0,98.0,100.0
AZ,2025,23,34,2025-08-24,59.0,97.0,0.0,100.0,99.0,100.0
AZ,2025,24,35,2025-08-31,67.0,97.0,0.0,100.0,100.0,100.0
AZ,2025,25,36,2025-09-07,68.0,97.0,0.0,100.0,100.0,100.0
AZ,2025,26,37,2025-09-14,73.0,97.0,5.0,100.0,100.0,100.0
AZ,2025,27,38,2025-09-21,75.0,97.0,19.0,100.0,100.0,100.0
AZ,2025,28,39,2025-09-28,82.0,97.0,32.0,100.0,100.0,100.0
AZ,2025,35,46,2025-11-16,82.0,97.0,56.0,100.0,100.0,100.0
AZ,2025,36,47,2025-11-23,82.0,97.0,63.0,100.0,100.0,100.0
CA,2016,2,13,2016-04-03,0.0,0.0,0.0,0.0,0.0,0.0
CA,2016,3,14,2016-04-10,0.0,0.0,0.0,10.0,0.0,0.0
CA,2016,4,15,2016-04-17,0.0,0.0,0.0,40.0,0.0,0.0
CA,2016,5,16,2016-04-24,0.0,0.0,0.0,80.0,0.0,0.0
CA,2016,6,17,2016-05-01,0.0,0.0,0.0,85.0,0.0,0.0
CA,2016,7,18,2016-05-08,0.0,20.0,0.0,90.0,0.0,0.0
CA,2016,8,19,2016-05-15,0.0,30.0,0.0,91.0,0.0,0.0
CA,2016,9,20,2016-05-22,0.0,80.0,0.0,93.0,0.0,0.0
CA,2016,10,21,2016-05-29,0.0,80.0,0.0,95.0,0.0,0.0
CA,2016,11,22,2016-06-05,0.0,80.0,0.0,96.0,0.0,10.0
CA,2016,12,23,2016-06-12,0.0,80.0,0.0,99.0,0.0,15.0
CA,2016,13,24,2016-06-19,0.0,80.0,0.0,100.0,0.0,20.0
CA,2016,14,25,2016-06-26,0.0,80.0,0.0,100.0,0.0,60.0
CA,2016,15,26,2016-07-03,0.0,80.0,0.0,100.0,0.0,82.0
CA,2016,16,27,2016-07-10,0.0,80.0,0.0,100.0,0.0,83.0
CA,2016,17,28,2016-07-17,0.0,80.0,0.0,100.0,15.0,85.0
CA,2016,18,29,2016-07-24,0.0,80.0,0.0,100.0,60.0,90.0
CA,2016,19,30,2016-07-31,0.0,80.0,0.0,100.0,64.0,93.0
CA,2016,20,31,2016-08-07,0.0,80.0,0.0,100.0,77.0,99.0
CA,2016,21,32,2016-08-14,0.0,80.0,0.0,100.0,78.0,99.0
CA,2016,22,33,2016-08-21,0.0,80.0,0.0,100.0,90.0,100.0
CA,2016,23,34,2016-08-28,4.0,80.0,0.0,100.0,100.0,100.0
CA,2016,24,35,2016-09-04,30.0,80.0,0.0,100.0,100.0,100.0
CA,2016,25,36,2016-09-11,40.0,80.0,0.0,100.0,100.0,100.0
CA,2016,26,37,2016-09-18,50.0,80.0,0.0,100.0,100.0,100.0
CA,2016,27,38,2016-09-25,73.0,80.0,0.0,100.0,100.0,100.0
CA,2016,28,39,2016-10-02,76.0,80.0,0.0,100.0,100.0,100.0
CA,2016,29,40,2016-10-09,90.0,80.0,5.0,100.0,100.0,100.0
CA,2016,30,41,2016-10-16,97.0,80.0,31.0,100.0,100.0,100.0
CA,2016,31,42,2016-10-23,99.0,80.0,36.0,100.0,100.0,100.0
CA,2016,32,43,2016-10-30,100.0,80.0,48.0,100.0,100.0,100.0
CA,2016,33,44,2016-11-06,100.0,80.0,72.0,100.0,100.0,100.0
CA,2016,34,45,2016-11-13,100.0,80.0,75.0,100.0,100.0,100.0
CA,2016,35,46,2016-11-20,100.0,80.0,80.0,100.0,100.0,100.0
CA,2016,36,47,2016-11-27,100.0,80.0,90.0,100.0,100.0,100.0
CA,2016,37,48,2016-12-04,100.0,80.0,92.0,100.0,100.0,100.0
CA,2016,38,49,2016-12-11,100.0,80.0,95.0,100.0,100.0,100.0
CA,2016,39,50,2016-12-18,100.0,80.0,97.0,100.0,100.0,100.0
CA,2017,2,13,2017-04-02,0.0,,0.0,0.0,0.0,0.0
CA,2017,3,14,2017-04-09,0.0,,0.0,2.0,0.0,0.0
CA,2017,4,15,2017-04-16,0.0,,0.0,26.0,0.0,0.0
CA,2017,5,16,2017-04-23,0.0,,0.0,50.0,0.0,0.0
CA,2017,6,17,2017-04-30,0.0,,0.0,51.0,0.0,0.0
CA,2017,7,18,2017-05-07,0.0,,0.0,53.0,0.0,0.0
CA,2017,8,19,2017-05-14,0.0,,0.0,55.0,0.0,0.0
CA,2017,9,20,2017-05-21,0.0,,0.0,61.0,0.0,0.0
CA,2017,10,21,2017-05-28,0.0,,0.0,72.0,0.0,0.0
CA,2017,11,22,2017-06-04,0.0,,0.0,90.0,0.0,0.0
CA,2017,12,23,2017-06-11,0.0,,0.0,100.0,0.0,10.0
CA,2017,13,24,2017-06-18,0.0,,0.0,100.0,0.0,20.0
CA,2017,14,25,2017-06-25,0.0,,0.0,100.0,0.0,30.0
CA,2017,15,26,2017-07-02,0.0,,0.0,100.0,3.0,45.0
CA,2017,16,27,2017-07-09,0.0,,0.0,100.0,5.0,50.0
CA,2017,17,28,2017-07-16,0.0,,0.0,100.0,10.0,60.0
CA,2017,18,29,2017-07-23,0.0,,0.0,100.0,38.0,71.0
CA,2017,19,30,2017-07-30,0.0,,0.0,100.0,50.0,80.0
CA,2017,20,31,2017-08-06,0.0,,0.0,100.0,60.0,85.0
CA,2017,21,32,2017-08-13,0.0,,0.0,100.0,65.0,90.0
CA,2017,22,33,2017-08-20,0.0,,0.0,100.0,74.0,95.0
CA,2017,23,34,2017-08-27,4.0,,0.0,100.0,77.0,97.0
CA,2017,24,35,2017-09-03,10.0,,0.0,100.0,80.0,98.0
CA,2017,25,36,2017-09-10,12.0,,0.0,100.0,82.0,99.0
CA,2017,26,37,2017-09-17,30.0,,0.0,100.0,90.0,99.0
CA,2017,27,38,2017-09-24,55.0,,0.0,100.0,95.0,99.0
CA,2017,28,39,2017-10-01,70.0,,3.0,100.0,97.0,99.0
CA,2017,29,40,2017-10-08,75.0,,10.0,100.0,99.0,99.0
CA,2017,30,41,2017-10-15,80.0,,15.0,100.0,100.0,99.0
CA,2017,31,42,2017-10-22,83.0,,25.0,100.0,100.0,99.0
CA,2017,32,43,2017-10-29,85.0,,30.0,100.0,100.0,99.0
CA,2017,33,44,2017-11-05,95.0,,50.0,100.0,100.0,99.0
CA,2017,34,45,2017-11-12,98.0,,65.0,100.0,100.0,99.0
CA,2017,35,46,2017-11-19,99.0,,75.0,100.0,100.0,99.0
CA,2017,36,47,2017-11-26,100.0,,80.0,100.0,100.0,99.0
CA,2017,37,48,2017-12-03,100.0,,85.0,100.0,100.0,99.0
CA,2017,38,49,2017-12-10,100.0,,86.0,100.0,100.0,99.0
CA,2017,39,50,2017-12-17,100.0,,90.0,100.0,100.0,99.0
CA,2018,2,13,2018-04-01,0.0,,0.0,0.0,0.0,0.0
CA,2018,3,14,2018-04-08,0.0,,0.0,0.0,0.0,0.0
CA,2018,4,15,2018-04-15,0.0,,0.0,0.0,0.0,0.0
CA,2018,5,16,2018-04-22,0.0,,0.0,30.0,0.0,0.0
CA,2018,6,17,2018-04-29,0.0,,0.0,70.0,0.0,0.0
CA,2018,7,18,2018-05-06,0.0,,0.0,90.0,0.0,0.0
CA,2018,8,19,2018-05-13,0.0,,0.0,100.0,0.0,0.0
CA,2018,9,20,2018-05-20,0.0,,0.0,100.0,0.0,0.0
CA,2018,10,21,2018-05-27,0.0,,0.0,100.0,0.0,0.0
CA,2018,11,22,2018-06-03,0.0,,0.0,100.0,0.0,0.0
CA,2018,12,23,2018-06-10,0.0,,0.0,100.0,0.0,10.0
CA,2018,13,24,2018-06-17,0.0,,0.0,100.0,0.0,20.0
CA,2018,14,25,2018-06-24,0.0,,0.0,100.0,0.0,35.0
CA,2018,15,26,2018-07-01,0.0,,0.0,100.0,2.0,45.0
CA,2018,16,27,2018-07-08,0.0,,0.0,100.0,5.0,55.0
CA,2018,17,28,2018-07-15,0.0,,0.0,100.0,15.0,65.0
CA,2018,18,29,2018-07-22,0.0,,0.0,100.0,35.0,75.0
CA,2018,19,30,2018-07-29,0.0,,0.0,100.0,50.0,80.0
CA,2018,20,31,2018-08-05,0.0,,0.0,100.0,53.0,85.0
CA,2018,21,32,2018-08-12,0.0,,0.0,100.0,55.0,90.0
CA,2018,22,33,2018-08-19,0.0,,0.0,100.0,57.0,92.0
CA,2018,23,34,2018-08-26,0.0,,0.0,100.0,65.0,93.0
CA,2018,24,35,2018-09-02,0.0,,0.0,100.0,67.0,95.0
CA,2018,25,36,2018-09-09,4.0,,0.0,100.0,70.0,96.0
CA,2018,26,37,2018-09-16,10.0,,0.0,100.0,80.0,97.0
CA,2018,27,38,2018-09-23,12.0,,0.0,100.0,82.0,100.0
CA,2018,28,39,2018-09-30,25.0,,0.0,100.0,84.0,100.0
CA,2018,29,40,2018-10-07,50.0,,5.0,100.0,90.0,100.0
CA,2018,30,41,2018-10-14,70.0,,20.0,100.0,96.0,100.0
CA,2018,31,42,2018-10-21,80.0,,30.0,100.0,99.0,100.0
CA,2018,32,43,2018-10-28,85.0,,35.0,100.0,100.0,100.0
CA,2018,33,44,2018-11-04,90.0,,45.0,100.0,100.0,100.0
CA,2018,34,45,2018-11-11,98.0,,60.0,100.0,100.0,100.0
CA,2018,35,46,2018-11-18,99.0,,75.0,100.0,100.0,100.0
CA,2018,36,47,2018-11-25,99.0,,80.0,100.0,100.0,100.0
CA,2019,2,13,2019-03-31,0.0,,0.0,0.0,0.0,0.0
CA,2019,3,14,2019-04-07,0.0,,0.0,0.0,0.0,0.0
CA,2019,4,15,2019-04-14,0.0,,0.0,15.0,0.0,0.0
CA,2019,5,16,2019-04-21,0.0,,0.0,35.0,0.0,0.0
CA,2019,6,17,2019-04-28,0.0,,0.0,50.0,0.0,0.0
CA,2019,7,18,2019-05-05,0.0,,0.0,70.0,0.0,0.0
CA,2019,8,19,2019-05-12,0.0,,0.0,90.0,0.0,0.0
CA,2019,9,20,2019-05-19,0.0,,0.0,95.0,0.0,0.0
CA,2019,10,21,2019-05-26,0.0,,0.0,99.0,0.0,0.0
CA,2019,11,22,2019-06-02,0.0,,0.0,100.0,0.0,5.0
CA,2019,12,23,2019-06-09,0.0,,0.0,100.0,0.0,15.0
CA,2019,13,24,2019-06-16,0.0,,0.0,100.0,0.0,25.0
CA,2019,14,25,2019-06-23,0.0,,0.0,100.0,0.0,35.0
CA,2019,15,26,2019-06-30,0.0,,0.0,100.0,5.0,45.0
CA,2019,16,27,2019-07-07,0.0,,0.0,100.0,10.0,60.0
CA,2019,17,28,2019-07-14,0.0,,0.0,100.0,30.0,79.0
CA,2019,18,29,2019-07-21,0.0,,0.0,100.0,35.0,80.0
CA,2019,19,30,2019-07-28,0.0,,0.0,100.0,45.0,85.0
CA,2019,20,31,2019-08-04,0.0,,0.0,100.0,70.0,90.0
CA,2019,21,32,2019-08-11,0.0,,0.0,100.0,85.0,95.0
CA,2019,22,33,2019-08-18,5.0,,0.0,100.0,90.0,95.0
CA,2019,23,34,2019-08-25,7.0,,0.0,100.0,92.0,95.0
CA,2019,24,35,2019-09-01,9.0,,0.0,100.0,95.0,95.0
CA,2019,25,36,2019-09-08,15.0,,0.0,100.0,95.0,95.0
CA,2019,26,37,2019-09-15,25.0,,0.0,100.0,95.0,95.0
CA,2019,27,38,2019-09-22,50.0,,0.0,100.0,95.0,95.0
CA,2019,28,39,2019-09-29,60.0,,0.0,100.0,95.0,95.0
CA,2019,29,40,2019-10-06,86.0,,5.0,100.0,95.0,95.0
CA,2019,30,41,2019-10-13,90.0,,15.0,100.0,95.0,95.0
CA,2019,31,42,2019-10-20,95.0,,20.0,100.0,95.0,95.0
CA,2019,32,43,2019-10-27,97.0,,35.0,100.0,95.0,95.0
CA,2019,33,44,2019-11-03,99.0,,45.0,100.0,95.0,95.0
CA,2019,34,45,2019-11-10,100.0,,50.0,100.0,95.0,95.0
CA,2019,35,46,2019-11-17,100.0,,65.0,100.0,95.0,95.0
CA,2019,36,47,2019-11-24,100.0,,90.0,100.0,95.0,95.0
CA,2019,37,48,2019-12-01,100.0,,93.0,100.0,95.0,95.0
CA,2019,38,49,2019-12-08,100.0,,95.0,100.0,95.0,95.0
CA,2020,3,14,2020-04-05,0.0,,0.0,0.0,0.0,0.0
CA,2020,4,15,2020-04-12,0.0,,0.0,10.0,0.0,0.0
CA,2020,5,16,2020-04-19,0.0,,0.0,20.0,0.0,0.0
CA,2020,6,17,2020-04-26,0.0,,0.0,30.0,0.0,0.0
CA,2020,7,18,2020-05-03,0.0,,0.0,55.0,0.0,0.0
CA,2020,8,19,2020-05-10,0.0,,0.0,75.0,0.0,0.0
CA,2020,9,20,2020-05-17,0.0,,0.0,85.0,0.0,0.0
CA,2020,10,21,2020-05-24,0.0,,0.0,90.0,0.0,0.0
CA,2020,11,22,2020-05-31,0.0,,0.0,95.0,0.0,0.0
CA,2020,12,23,2020-06-07,0.0,,0.0,100.0,0.0,10.0
CA,2020,13,24,2020-06-14,0.0,,0.0,100.0,0.0,25.0
CA,2020,14,25,2020-06-21,0.0,,0.0,100.0,0.0,35.0
CA,2020,15,26,2020-06-28,0.0,,0.0,100.0,3.0,45.0
CA,2020,16,27,2020-07-05,0.0,,0.0,100.0,10.0,60.0
CA,2020,17,28,2020-07-12,0.0,,0.0,100.0,20.0,65.0
CA,2020,18,29,2020-07-19,0.0,,0.0,100.0,35.0,80.0
CA,2020,19,30,2020-07-26,0.0,,0.0,100.0,45.0,85.0
CA,2020,20,31,2020-08-02,0.0,,0.0,100.0,65.0,85.0
CA,2020,21,32,2020-08-09,0.0,,0.0,100.0,75.0,95.0
CA,2020,22,33,2020-08-16,0.0,,0.0,100.0,90.0,95.0
CA,2020,23,34,2020-08-23,5.0,,0.0,100.0,95.0,95.0
CA,2020,24,35,2020-08-30,10.0,,0.0,100.0,100.0,95.0
CA,2020,25,36,2020-09-06,15.0,,0.0,100.0,100.0,95.0
CA,2020,26,37,2020-09-13,20.0,,0.0,100.0,100.0,95.0
CA,2020,27,38,2020-09-20,40.0,,0.0,100.0,100.0,95.0
CA,2020,28,39,2020-09-27,55.0,,0.0,100.0,100.0,95.0
CA,2020,29,40,2020-10-04,75.0,,5.0,100.0,100.0,95.0
CA,2020,30,41,2020-10-11,85.0,,15.0,100.0,100.0,95.0
CA,2020,31,42,2020-10-18,90.0,,20.0,100.0,100.0,95.0
CA,2020,32,43,2020-10-25,95.0,,25.0,100.0,100.0,95.0
CA,2020,33,44,2020-11-01,97.0,,40.0,100.0,100.0,95.0
CA,2020,34,45,2020-11-08,100.0,,50.0,100.0,100.0,95.0
CA,2020,35,46,2020-11-15,100.0,,60.0,100.0,100.0,95.0
CA,2020,36,47,2020-11-22,100.0,,80.0,100.0,100.0,95.0
CA,2020,37,48,2020-11-29,100.0,,90.0,100.0,100.0,95.0
CA,2021,2,13,2021-04-04,0.0,,0.0,0.0,0.0,0.0
CA,2021,3,14,2021-04-11,0.0,,0.0,10.0,0.0,0.0
CA,2021,4,15,2021-04-18,0.0,,0.0,25.0,0.0,0.0
CA,2021,5,16,2021-04-25,0.0,,0.0,50.0,0.0,0.0
CA,2021,6,17,2021-05-02,0.0,,0.0,65.0,0.0,0.0
CA,2021,7,18,2021-05-09,0.0,,0.0,75.0,0.0,0.0
CA,2021,8,19,2021-05-16,0.0,,0.0,85.0,0.0,0.0
CA,2021,9,20,2021-05-23,0.0,,0.0,90.0,0.0,0.0
CA,2021,10,21,2021-05-30,0.0,,0.0,95.0,0.0,0.0
CA,2021,11,22,2021-06-06,0.0,,0.0,100.0,0.0,5.0
CA,2021,12,23,2021-06-13,0.0,,0.0,100.0,0.0,15.0
CA,2021,13,24,2021-06-20,0.0,,0.0,100.0,0.0,25.0
CA,2021,14,25,2021-06-27,0.0,,0.0,100.0,10.0,50.0
CA,2021,15,26,2021-07-04,0.0,,0.0,100.0,15.0,65.0
CA,2021,16,27,2021-07-11,0.0,,0.0,100.0,25.0,75.0
CA,2021,17,28,2021-07-18,0.0,,0.0,100.0,35.0,85.0
CA,2021,18,29,2021-07-25,0.0,,0.0,100.0,50.0,95.0
CA,2021,19,30,2021-08-01,0.0,,0.0,100.0,65.0,99.0
CA,2021,20,31,2021-08-08,0.0,,0.0,100.0,80.0,100.0
CA,2021,21,32,2021-08-15,0.0,,0.0,100.0,98.0,100.0
CA,2021,22,33,2021-08-22,2.0,,0.0,100.0,100.0,100.0
CA,2021,23,34,2021-08-29,10.0,,0.0,100.0,100.0,100.0
CA,2021,24,35,2021-09-05,30.0,,0.0,100.0,100.0,100.0
CA,2021,25,36,2021-09-12,50.0,,0.0,100.0,100.0,100.0
CA,2021,26,37,2021-09-19,70.0,,0.0,100.0,100.0,100.0
CA,2021,27,38,2021-09-26,80.0,,0.0,100.0,100.0,100.0
CA,2021,28,39,2021-10-03,90.0,,2.0,100.0,100.0,100.0
CA,2021,29,40,2021-10-10,92.0,,15.0,100.0,100.0,100.0
CA,2021,30,41,2021-10-17,95.0,,35.0,100.0,100.0,100.0
CA,2021,31,42,2021-10-24,96.0,,50.0,100.0,100.0,100.0
CA,2021,32,43,2021-10-31,98.0,,65.0,100.0,100.0,100.0
CA,2021,33,44,2021-11-07,100.0,,85.0,100.0,100.0,100.0
CA,2021,34,45,2021-11-14,100.0,,95.0,100.0,100.0,100.0
CA,2021,35,46,2021-11-21,100.0,,97.0,100.0,100.0,100.0
CA,2021,36,47,2021-11-28,100.0,,99.0,100.0,100.0,100.0
CA,2022,2,13,2022-04-03,0.0,,0.0,10.0,0.0,0.0
CA,2022,3,14,2022-04-10,0.0,,0.0,35.0,0.0,0.0
CA,2022,4,15,2022-04-17,0.0,,0.0,55.0,0.0,0.0
CA,2022,5,16,2022-04-24,0.0,,0.0,85.0,0.0,0.0
CA,2022,6,17,2022-05-01,0.0,,0.0,95.0,0.0,0.0
CA,2022,7,18,2022-05-08,0.0,,0.0,98.0,0.0,0.0
CA,2022,8,19,2022-05-15,0.0,,0.0,99.0,0.0,0.0
CA,2022,9,20,2022-05-22,0.0,,0.0,100.0,0.0,0.0
CA,2022,10,21,2022-05-29,0.0,,0.0,100.0,0.0,0.0
CA,2022,11,22,2022-06-05,0.0,,0.0,100.0,0.0,5.0
CA,2022,12,23,2022-06-12,0.0,,0.0,100.0,0.0,10.0
CA,2022,13,24,2022-06-19,0.0,,0.0,100.0,0.0,25.0
CA,2022,14,25,2022-06-26,0.0,,0.0,100.0,5.0,35.0
CA,2022,15,26,2022-07-03,0.0,,0.0,100.0,10.0,50.0
CA,2022,16,27,2022-07-10,0.0,,0.0,100.0,15.0,65.0
CA,2022,17,28,2022-07-17,0.0,,0.0,100.0,20.0,80.0
CA,2022,18,29,2022-07-24,0.0,,0.0,100.0,30.0,85.0
CA,2022,19,30,2022-07-31,0.0,,0.0,100.0,45.0,90.0
CA,2022,20,31,2022-08-07,0.0,,0.0,100.0,55.0,95.0
CA,2022,21,32,2022-08-14,0.0,,0.0,100.0,70.0,100.0
CA,2022,22,33,2022-08-21,0.0,,0.0,100.0,80.0,100.0
CA,2022,23,34,2022-08-28,5.0,,0.0,100.0,90.0,100.0
CA,2022,24,35,2022-09-04,10.0,,0.0,100.0,95.0,100.0
CA,2022,25,36,2022-09-11,32.0,,0.0,100.0,95.0,100.0
CA,2022,26,37,2022-09-18,45.0,,0.0,100.0,95.0,100.0
CA,2022,27,38,2022-09-25,60.0,,0.0,100.0,95.0,100.0
CA,2022,28,39,2022-10-02,75.0,,15.0,100.0,95.0,100.0
CA,2022,29,40,2022-10-09,80.0,,20.0,100.0,95.0,100.0
CA,2022,30,41,2022-10-16,85.0,,30.0,100.0,95.0,100.0
CA,2022,31,42,2022-10-23,90.0,,55.0,100.0,95.0,100.0
CA,2022,32,43,2022-10-30,93.0,,60.0,100.0,95.0,100.0
CA,2022,33,44,2022-11-06,93.0,,70.0,100.0,95.0,100.0
CA,2022,34,45,2022-11-13,93.0,,80.0,100.0,95.0,100.0
CA,2022,35,46,2022-11-20,93.0,,90.0,100.0,95.0,100.0
CA,2022,36,47,2022-11-27,93.0,,99.0,100.0,95.0,100.0
CA,2023,2,13,2023-04-02,0.0,,0.0,0.0,0.0,0.0
CA,2023,3,14,2023-04-09,0.0,,0.0,0.0,0.0,0.0
CA,2023,4,15,2023-04-16,0.0,,0.0,0.0,0.0,0.0
CA,2023,5,16,2023-04-23,0.0,,0.0,20.0,0.0,0.0
CA,2023,6,17,2023-04-30,0.0,,0.0,85.0,0.0,0.0
CA,2023,7,18,2023-05-07,0.0,,0.0,89.0,0.0,0.0
CA,2023,8,19,2023-05-14,0.0,,0.0,90.0,0.0,0.0
CA,2023,9,20,2023-05-21,0.0,,0.0,95.0,0.0,0.0
CA,2023,10,21,2023-05-28,0.0,,0.0,97.0,0.0,0.0
CA,2023,11,22,2023-06-04,0.0,,0.0,98.0,0.0,0.0
CA,2023,12,23,2023-06-11,0.0,,0.0,100.0,0.0,5.0
CA,2023,13,24,2023-06-18,0.0,,0.0,100.0,0.0,20.0
CA,2023,14,25,2023-06-25,0.0,,0.0,100.0,0.0,30.0
CA,2023,15,26,2023-07-02,0.0,,0.0,100.0,0.0,45.0
CA,2023,16,27,2023-07-09,0.0,,0.0,100.0,5.0,55.0
CA,2023,17,28,2023-07-16,0.0,,0.0,100.0,15.0,75.0
CA,2023,18,29,2023-07-23,0.0,,0.0,100.0,25.0,85.0
CA,2023,19,30,2023-07-30,0.0,,0.0,100.0,35.0,90.0
CA,2023,20,31,2023-08-06,0.0,,0.0,100.0,45.0,95.0
CA,2023,21,32,2023-08-13,0.0,,0.0,100.0,60.0,97.0
CA,2023,22,33,2023-08-20,0.0,,0.0,100.0,80.0,100.0
CA,2023,23,34,2023-08-27,2.0,,0.0,100.0,90.0,100.0
CA,2023,24,35,2023-09-03,5.0,,0.0,100.0,95.0,100.0
CA,2023,25,36,2023-09-10,10.0,,0.0,100.0,96.0,100.0
CA,2023,26,37,2023-09-17,20.0,,0.0,100.0,97.0,100.0
CA,2023,27,38,2023-09-24,30.0,,0.0,100.0,97.0,100.0
CA,2023,28,39,2023-10-01,45.0,,0.0,100.0,97.0,100.0
CA,2023,29,40,2023-10-08,60.0,,5.0,100.0,97.0,100.0
CA,2023,30,41,2023-10-15,75.0,,10.0,100.0,97.0,100.0
CA,2023,31,42,2023-10-22,85.0,,20.0,100.0,97.0,100.0
CA,2023,32,43,2023-10-29,90.0,,25.0,100.0,97.0,100.0
CA,2023,33,44,2023-11-05,95.0,,35.0,100.0,97.0,100.0
CA,2023,34,45,2023-11-12,100.0,,55.0,100.0,97.0,100.0
CA,2023,35,46,2023-11-19,100.0,,75.0,100.0,97.0,100.0
CA,2023,36,47,2023-11-26,100.0,,80.0,100.0,97.0,100.0
CA,2024,2,13,2024-03-31,0.0,,0.0,0.0,0.0,0.0
CA,2024,3,14,2024-04-07,0.0,,0.0,0.0,0.0,0.0
CA,2024,4,15,2024-04-14,0.0,,0.0,5.0,0.0,0.0
CA,2024,5,16,2024-04-21,0.0,,0.0,20.0,0.0,0.0
CA,2024,6,17,2024-04-28,0.0,,0.0,40.0,0.0,0.0
CA,2024,7,18,2024-05-05,0.0,,0.0,65.0,0.0,0.0
CA,2024,8,19,2024-05-12,0.0,,0.0,85.0,0.0,0.0
CA,2024,9,20,2024-05-19,0.0,,0.0,95.0,0.0,0.0
CA,2024,10,21,2024-05-26,0.0,,0.0,97.0,0.0,0.0
CA,2024,11,22,2024-06-02,0.0,,0.0,100.0,0.0,5.0
CA,2024,12,23,2024-06-09,0.0,,0.0,100.0,0.0,10.0
CA,2024,13,24,2024-06-16,0.0,,0.0,100.0,0.0,15.0
CA,2024,14,25,2024-06-23,0.0,,0.0,100.0,0.0,25.0
CA,2024,15,26,2024-06-30,0.0,,0.0,100.0,5.0,45.0
CA,2024,16,27,2024-07-07,0.0,,0.0,100.0,10.0,60.0
CA,2024,17,28,2024-07-14,0.0,,0.0,100.0,20.0,70.0
CA,2024,18,29,2024-07-21,0.0,,0.0,100.0,35.0,80.0
CA,2024,19,30,2024-07-28,0.0,,0.0,100.0,45.0,85.0
CA,2024,20,31,2024-08-04,0.0,,0.0,100.0,60.0,95.0
CA,2024,21,32,2024-08-11,0.0,,0.0,100.0,70.0,100.0
CA,2024,22,33,2024-08-18,0.0,,0.0,100.0,80.0,100.0
CA,2024,23,34,2024-08-25,5.0,,0.0,100.0,90.0,100.0
CA,2024,24,35,2024-09-01,10.0,,0.0,100.0,95.0,100.0
CA,2024,25,36,2024-09-08,25.0,,0.0,100.0,95.0,100.0
CA,2024,26,37,2024-09-15,30.0,,0.0,100.0,95.0,100.0
CA,2024,27,38,2024-09-22,45.0,,0.0,100.0,95.0,100.0
CA,2024,28,39,2024-09-29,55.0,,0.0,100.0,95.0,100.0
CA,2024,29,40,2024-10-06,65.0,,3.0,100.0,95.0,100.0
CA,2024,30,41,2024-10-13,75.0,,10.0,100.0,95.0,100.0
CA,2024,31,42,2024-10-20,90.0,,25.0,100.0,95.0,100.0
CA,2024,32,43,2024-10-27,95.0,,35.0,100.0,95.0,100.0
CA,2024,33,44,2024-11-03,95.0,,50.0,100.0,95.0,100.0
CA,2024,34,45,2024-11-10,95.0,,65.0,100.0,95.0,100.0
CA,2024,35,46,2024-11-17,95.0,,80.0,100.0,95.0,100.0
CA,2024,36,47,2024-11-24,95.0,,95.0,100.0,95.0,100.0
CA,2025,3,14,2025-04-06,0.0,,0.0,0.0,0.0,0.0
CA,2025,4,15,2025-04-13,0.0,,0.0,10.0,0.0,0.0
CA,2025,5,16,2025-04-20,0.0,,0.0,30.0,0.0,0.0
CA,2025,6,17,2025-04-27,0.0,,0.0,50.0,0.0,0.0
CA,2025,7,18,2025-05-04,0.0,,0.0,65.0,0.0,0.0
CA,2025,8,19,2025-05-11,0.0,,0.0,75.0,0.0,0.0
CA,2025,9,20,2025-05-18,0.0,,0.0,80.0,0.0,0.0
CA,2025,10,21,2025-05-25,0.0,,0.0,90.0,0.0,0.0
CA,2025,11,22,2025-06-01,0.0,,0.0,100.0,0.0,5.0
CA,2025,12,23,2025-06-08,0.0,,0.0,100.0,0.0,10.0
CA,2025,13,24,2025-06-15,0.0,,0.0,100.0,0.0,15.0
CA,2025,14,25,2025-06-22,0.0,,0.0,100.0,10.0,35.0
CA,2025,15,26,2025-06-29,0.0,,0.0,100.0,15.0,55.0
CA,2025,16,27,2025-07-06,0.0,,0.0,100.0,20.0,65.0
CA,2025,17,28,2025-07-13,0.0,,0.0,100.0,25.0,75.0
CA,2025,18,29,2025-07-20,0.0,,0.0,100.0,35.0,85.0
CA,2025,19,30,2025-07-27,0.0,,0.0,100.0,45.0,90.0
CA,2025,20,31,2025-08-03,0.0,,0.0,100.0,60.0,95.0
CA,2025,21,32,2025-08-10,0.0,,0.0,100.0,70.0,97.0
CA,2025,22,33,2025-08-17,0.0,,0.0,100.0,85.0,100.0
CA,2025,23,34,2025-08-24,5.0,,0.0,100.0,90.0,100.0
CA,2025,24,35,2025-08-31,10.0,,0.0,100.0,95.0,100.0
CA,2025,25,36,2025-09-07,25.0,,0.0,100.0,97.0,100.0
CA,2025,26,37,2025-09-14,35.0,,0.0,100.0,97.0,100.0
CA,2025,27,38,2025-09-21,50.0,,0.0,100.0,97.0,100.0
CA,2025,28,39,2025-09-28,65.0,,2.0,100.0,97.0,100.0
CA,2025,35,46,2025-11-16,65.0,,80.0,100.0,97.0,100.0
CA,2025,36,47,2025-11-23,65.0,,90.0,100.0,97.0,100.0
FL,2017,4,15,2017-04-16,0.0,,0.0,1.0,0.0,0.0
FL,2017,5,16,2017-04-23,0.0,,0.0,4.0,0.0,0.0
FL,2017,6,17,2017-04-30,0.0,,0.0,10.0,0.0,0.0
FL,2017,7,18,2017-05-07,0.0,,0.0,21.0,0.0,0.0
FL,2017,8,19,2017-05-14,0.0,,0.0,28.0,0.0,0.0
FL,2017,9,20,2017-05-21,0.0,,0.0,62.0,0.0,0.0
FL,2017,10,21,2017-05-28,0.0,,0.0,77.0,0.0,0.0
FL,2017,11,22,2017-06-04,0.0,,0.0,83.0,0.0,6.0
FL,2017,12,23,2017-06-11,0.0,,0.0,89.0,0.0,12.0
FL,2017,13,24,2017-06-18,0.0,,0.0,91.0,0.0,17.0
FL,2017,14,25,2017-06-25,0.0,,0.0,92.0,0.0,26.0
FL,2017,15,26,2017-07-02,0.0,,0.0,97.0,1.0,51.0
FL,2017,16,27,2017-07-09,0.0,,0.0,97.0,8.0,69.0
FL,2017,17,28,2017-07-16,0.0,,0.0,97.0,27.0,77.0
FL,2017,18,29,2017-07-23,0.0,,0.0,97.0,55.0,92.0
FL,2017,19,30,2017-07-30,0.0,,0.0,97.0,84.0,93.0
FL,2017,20,31,2017-08-06,0.0,,0.0,97.0,85.0,96.0
FL,2017,21,32,2017-08-13,1.0,,0.0,97.0,87.0,97.0
FL,2017,22,33,2017-08-20,20.0,,0.0,97.0,94.0,97.0
FL,2017,23,34,2017-08-27,29.0,,0.0,97.0,97.0,97.0
FL,2017,24,35,2017-09-03,42.0,,0.0,97.0,98.0,97.0
FL,2017,25,36,2017-09-10,52.0,,0.0,97.0,98.0,97.0
FL,2017,26,37,2017-09-17,53.0,,1.0,97.0,98.0,97.0
FL,2017,27,38,2017-09-24,55.0,,3.0,97.0,98.0,97.0
FL,2017,28,39,2017-10-01,70.0,,4.0,97.0,98.0,97.0
FL,2017,29,40,2017-10-08,75.0,,5.0,97.0,98.0,97.0
FL,2017,30,41,2017-10-15,83.0,,12.0,97.0,98.0,97.0
FL,2017,31,42,2017-10-22,89.0,,23.0,97.0,98.0,97.0
FL,2017,32,43,2017-10-29,97.0,,35.0,97.0,98.0,97.0
FL,2017,33,44,2017-11-05,97.0,,47.0,97.0,98.0,97.0
FL,2017,34,45,2017-11-12,97.0,,52.0,97.0,98.0,97.0
FL,2017,35,46,2017-11-19,97.0,,57.0,97.0,98.0,97.0
FL,2017,36,47,2017-11-26,97.0,,75.0,97.0,98.0,97.0
FL,2017,37,48,2017-12-03,97.0,,88.0,97.0,98.0,97.0
FL,2017,38,49,2017-12-10,97.0,,95.0,97.0,98.0,97.0
FL,2018,4,15,2018-04-15,0.0,,0.0,0.0,0.0,0.0
FL,2018,5,16,2018-04-22,0.0,,0.0,1.0,0.0,0.0
FL,2018,6,17,2018-04-29,0.0,,0.0,9.0,0.0,0.0
FL,2018,7,18,2018-05-06,0.0,,0.0,16.0,0.0,0.0
FL,2018,8,19,2018-05-13,0.0,,0.0,25.0,0.0,0.0
FL,2018,9,20,2018-05-20,0.0,,0.0,37.0,0.0,0.0
FL,2018,10,21,2018-05-27,0.0,,0.0,61.0,0.0,0.0
FL,2018,11,22,2018-06-03,0.0,,0.0,75.0,0.0,0.0
FL,2018,12,23,2018-06-10,0.0,,0.0,88.0,0.0,3.0
FL,2018,13,24,2018-06-17,0.0,,0.0,98.0,0.0,14.0
FL,2018,14,25,2018-06-24,0.0,,0.0,98.0,0.0,27.0
FL,2018,15,26,2018-07-01,0.0,,0.0,98.0,0.0,32.0
FL,2018,16,27,2018-07-08,0.0,,0.0,98.0,3.0,42.0
FL,2018,17,28,2018-07-15,0.0,,0.0,98.0,13.0,54.0
FL,2018,18,29,2018-07-22,0.0,,0.0,98.0,37.0,63.0
FL,2018,19,30,2018-07-29,0.0,,0.0,98.0,60.0,90.0
FL,2018,20,31,2018-08-05,0.0,,0.0,98.0,83.0,92.0
FL,2018,21,32,2018-08-12,2.0,,0.0,98.0,89.0,96.0
FL,2018,22,33,2018-08-19,13.0,,0.0,98.0,93.0,96.0
FL,2018,23,34,2018-08-26,20.0,,0.0,98.0,95.0,96.0
FL,2018,24,35,2018-09-02,23.0,,0.0,98.0,97.0,96.0
FL,2018,25,36,2018-09-09,36.0,,0.0,98.0,97.0,96.0
FL,2018,26,37,2018-09-16,43.0,,0.0,98.0,97.0,96.0
FL,2018,27,38,2018-09-23,59.0,,1.0,98.0,97.0,96.0
FL,2018,28,39,2018-09-30,68.0,,2.0,98.0,97.0,96.0
FL,2018,29,40,2018-10-07,83.0,,3.0,98.0,97.0,96.0
FL,2018,30,41,2018-10-14,93.0,,5.0,98.0,97.0,96.0
FL,2018,31,42,2018-10-21,95.0,,10.0,98.0,97.0,96.0
FL,2018,32,43,2018-10-28,98.0,,14.0,98.0,97.0,96.0
FL,2018,33,44,2018-11-04,99.0,,22.0,98.0,97.0,96.0
FL,2018,34,45,2018-11-11,99.0,,31.0,98.0,97.0,96.0
FL,2018,35,46,2018-11-18,99.0,,36.0,98.0,97.0,96.0
FL,2018,36,47,2018-11-25,99.0,,40.0,98.0,97.0,96.0
FL,2018,37,48,2018-12-02,99.0,,54.0,98.0,97.0,96.0
FL,2018,38,49,2018-12-09,99.0,,77.0,98.0,97.0,96.0
FL,2018,39,50,2018-12-16,99.0,,82.0,98.0,97.0,96.0
FL,2019,4,15,2019-04-14,0.0,,0.0,0.0,0.0,0.0
FL,2019,5,16,2019-04-21,0.0,,0.0,2.0,0.0,0.0
FL,2019,6,17,2019-04-28,0.0,,0.0,4.0,0.0,0.0
FL,2019,7,18,2019-05-05,0.0,,0.0,11.0,0.0,0.0
FL,2019,8,19,2019-05-12,0.0,,0.0,22.0,0.0,0.0
FL,2019,9,20,2019-05-19,0.0,,0.0,50.0,0.0,0.0
FL,2019,10,21,2019-05-26,0.0,,0.0,75.0,0.0,0.0
FL,2019,11,22,2019-06-02,0.0,,0.0,78.0,0.0,0.0
FL,2019,12,23,2019-06-09,0.0,,0.0,89.0,0.0,10.0
FL,2019,13,24,2019-06-16,0.0,,0.0,94.0,0.0,17.0
FL,2019,14,25,2019-06-23,0.0,,0.0,97.0,0.0,34.0
FL,2019,15,26,2019-06-30,0.0,,0.0,97.0,9.0,51.0
FL,2019,16,27,2019-07-07,0.0,,0.0,97.0,17.0,65.0
FL,2019,17,28,2019-07-14,0.0,,0.0,97.0,20.0,68.0
FL,2019,18,29,2019-07-21,0.0,,0.0,97.0,50.0,88.0
FL,2019,19,30,2019-07-28,0.0,,0.0,97.0,64.0,91.0
FL,2019,20,31,2019-08-04,0.0,,0.0,97.0,66.0,95.0
FL,2019,21,32,2019-08-11,0.0,,0.0,97.0,83.0,95.0
FL,2019,22,33,2019-08-18,8.0,,0.0,97.0,91.0,95.0
FL,2019,23,34,2019-08-25,18.0,,0.0,97.0,93.0,95.0
FL,2019,24,35,2019-09-01,24.0,,0.0,97.0,95.0,95.0
FL,2019,25,36,2019-09-08,38.0,,0.0,97.0,95.0,95.0
FL,2019,26,37,2019-09-15,51.0,,0.0,97.0,95.0,95.0
FL,2019,27,38,2019-09-22,62.0,,2.0,97.0,95.0,95.0
FL,2019,28,39,2019-09-29,68.0,,7.0,97.0,95.0,95.0
FL,2019,29,40,2019-10-06,74.0,,13.0,97.0,95.0,95.0
FL,2019,30,41,2019-10-13,76.0,,21.0,97.0,95.0,95.0
FL,2019,31,42,2019-10-20,82.0,,28.0,97.0,95.0,95.0
FL,2019,32,43,2019-10-27,91.0,,33.0,97.0,95.0,95.0
FL,2019,33,44,2019-11-03,92.0,,41.0,97.0,95.0,95.0
FL,2019,34,45,2019-11-10,93.0,,59.0,97.0,95.0,95.0
FL,2019,35,46,2019-11-17,95.0,,74.0,97.0,95.0,95.0
FL,2019,36,47,2019-11-24,95.0,,84.0,97.0,95.0,95.0
FL,2019,37,48,2019-12-01,95.0,,93.0,97.0,95.0,95.0
FL,2019,38,49,2019-12-08,95.0,,97.0,97.0,95.0,95.0
FL,2020,4,15,2020-04-12,0.0,,0.0,0.0,0.0,0.0
FL,2020,5,16,2020-04-19,0.0,,0.0,0.0,0.0,0.0
FL,2020,6,17,2020-04-26,0.0,,0.0,3.0,0.0,0.0
FL,2020,7,18,2020-05-03,0.0,,0.0,9.0,0.0,0.0
FL,2020,8,19,2020-05-10,0.0,,0.0,15.0,0.0,0.0
FL,2020,9,20,2020-05-17,0.0,,0.0,38.0,0.0,0.0
FL,2020,10,21,2020-05-24,0.0,,0.0,69.0,0.0,0.0
FL,2020,11,22,2020-05-31,0.0,,0.0,81.0,0.0,0.0
FL,2020,12,23,2020-06-07,0.0,,0.0,88.0,0.0,1.0
FL,2020,13,24,2020-06-14,0.0,,0.0,91.0,0.0,14.0
FL,2020,14,25,2020-06-21,0.0,,0.0,95.0,0.0,26.0
FL,2020,15,26,2020-06-28,0.0,,0.0,95.0,1.0,41.0
FL,2020,16,27,2020-07-05,0.0,,0.0,95.0,11.0,49.0
FL,2020,17,28,2020-07-12,0.0,,0.0,95.0,28.0,53.0
FL,2020,18,29,2020-07-19,0.0,,0.0,95.0,45.0,67.0
FL,2020,19,30,2020-07-26,0.0,,0.0,95.0,64.0,81.0
FL,2020,20,31,2020-08-02,0.0,,0.0,95.0,76.0,85.0
FL,2020,21,32,2020-08-09,4.0,,0.0,95.0,80.0,95.0
FL,2020,22,33,2020-08-16,12.0,,0.0,95.0,89.0,95.0
FL,2020,23,34,2020-08-23,17.0,,0.0,95.0,96.0,95.0
FL,2020,24,35,2020-08-30,22.0,,0.0,95.0,97.0,95.0
FL,2020,25,36,2020-09-06,30.0,,0.0,95.0,97.0,95.0
FL,2020,26,37,2020-09-13,33.0,,0.0,95.0,97.0,95.0
FL,2020,27,38,2020-09-20,44.0,,0.0,95.0,97.0,95.0
FL,2020,28,39,2020-09-27,50.0,,0.0,95.0,97.0,95.0
FL,2020,29,40,2020-10-04,59.0,,0.0,95.0,97.0,95.0
FL,2020,30,41,2020-10-11,74.0,,1.0,95.0,97.0,95.0
FL,2020,31,42,2020-10-18,82.0,,5.0,95.0,97.0,95.0
FL,2020,32,43,2020-10-25,92.0,,9.0,95.0,97.0,95.0
FL,2020,33,44,2020-11-01,93.0,,16.0,95.0,97.0,95.0
FL,2020,34,45,2020-11-08,97.0,,25.0,95.0,97.0,95.0
FL,2020,35,46,2020-11-15,97.0,,36.0,95.0,97.0,95.0
FL,2020,36,47,2020-11-22,97.0,,57.0,95.0,97.0,95.0
FL,2020,37,48,2020-11-29,97.0,,70.0,95.0,97.0,95.0
FL,2020,38,49,2020-12-06,97.0,,82.0,95.0,97.0,95.0
FL,2020,39,50,2020-12-13,97.0,,87.0,95.0,97.0,95.0
FL,2021,3,14,2021-04-11,0.0,,0.0,0.0,0.0,0.0
FL,2021,4,15,2021-04-18,0.0,,0.0,0.0,0.0,0.0
FL,2021,5,16,2021-04-25,0.0,,0.0,5.0,0.0,0.0
FL,2021,6,17,2021-05-02,0.0,,0.0,9.0,0.0,0.0
FL,2021,7,18,2021-05-09,0.0,,0.0,16.0,0.0,0.0
FL,2021,8,19,2021-05-16,0.0,,0.0,25.0,0.0,0.0
FL,2021,9,20,2021-05-23,0.0,,0.0,38.0,0.0,0.0
FL,2021,10,21,2021-05-30,0.0,,0.0,51.0,0.0,0.0
FL,2021,11,22,2021-06-06,0.0,,0.0,71.0,0.0,1.0
FL,2021,12,23,2021-06-13,0.0,,0.0,93.0,0.0,3.0
FL,2021,13,24,2021-06-20,0.0,,0.0,98.0,0.0,7.0
FL,2021,14,25,2021-06-27,0.0,,0.0,98.0,1.0,14.0
FL,2021,15,26,2021-07-04,0.0,,0.0,98.0,8.0,34.0
FL,2021,16,27,2021-07-11,0.0,,0.0,98.0,12.0,54.0
FL,2021,17,28,2021-07-18,0.0,,0.0,98.0,20.0,74.0
FL,2021,18,29,2021-07-25,0.0,,0.0,98.0,40.0,89.0
FL,2021,19,30,2021-08-01,0.0,,0.0,98.0,61.0,93.0
FL,2021,20,31,2021-08-08,2.0,,0.0,98.0,64.0,97.0
FL,2021,21,32,2021-08-15,4.0,,0.0,98.0,86.0,100.0
FL,2021,22,33,2021-08-22,10.0,,0.0,98.0,99.0,100.0
FL,2021,23,34,2021-08-29,16.0,,0.0,98.0,100.0,100.0
FL,2021,24,35,2021-09-05,19.0,,0.0,98.0,100.0,100.0
FL,2021,25,36,2021-09-12,24.0,,0.0,98.0,100.0,100.0
FL,2021,26,37,2021-09-19,31.0,,0.0,98.0,100.0,100.0
FL,2021,27,38,2021-09-26,37.0,,1.0,98.0,100.0,100.0
FL,2021,28,39,2021-10-03,53.0,,2.0,98.0,100.0,100.0
FL,2021,29,40,2021-10-10,71.0,,4.0,98.0,100.0,100.0
FL,2021,30,41,2021-10-17,80.0,,9.0,98.0,100.0,100.0
FL,2021,31,42,2021-10-24,84.0,,16.0,98.0,100.0,100.0
FL,2021,32,43,2021-10-31,89.0,,24.0,98.0,100.0,100.0
FL,2021,33,44,2021-11-07,96.0,,29.0,98.0,100.0,100.0
FL,2021,34,45,2021-11-14,96.0,,40.0,98.0,100.0,100.0
FL,2021,35,46,2021-11-21,96.0,,55.0,98.0,100.0,100.0
FL,2021,36,47,2021-11-28,96.0,,75.0,98.0,100.0,100.0
FL,2021,37,48,2021-12-05,96.0,,87.0,98.0,100.0,100.0
FL,2021,38,49,2021-12-12,96.0,,94.0,98.0,100.0,100.0
FL,2021,39,50,2021-12-19,96.0,,97.0,98.0,100.0,100.0
FL,2022,2,13,2022-04-03,0.0,,0.0,0.0,0.0,0.0
FL,2022,3,14,2022-04-10,0.0,,0.0,0.0,0.0,0.0
FL,2022,4,15,2022-04-17,0.0,,0.0,0.0,0.0,0.0
FL,2022,5,16,2022-04-24,0.0,,0.0,2.0,0.0,0.0
FL,2022,6,17,2022-05-01,0.0,,0.0,4.0,0.0,0.0
FL,2022,7,18,2022-05-08,0.0,,0.0,10.0,0.0,0.0
FL,2022,8,19,2022-05-15,0.0,,0.0,29.0,0.0,0.0
FL,2022,9,20,2022-05-22,0.0,,0.0,58.0,0.0,0.0
FL,2022,10,21,2022-05-29,0.0,,0.0,78.0,0.0,0.0
FL,2022,11,22,2022-06-05,0.0,,0.0,91.0,0.0,1.0
FL,2022,12,23,2022-06-12,0.0,,0.0,95.0,0.0,2.0
FL,2022,13,24,2022-06-19,0.0,,0.0,95.0,0.0,5.0
FL,2022,14,25,2022-06-26,0.0,,0.0,95.0,2.0,12.0
FL,2022,15,26,2022-07-03,0.0,,0.0,95.0,5.0,29.0
FL,2022,16,27,2022-07-10,0.0,,0.0,95.0,14.0,55.0
FL,2022,17,28,2022-07-17,0.0,,0.0,95.0,29.0,70.0
FL,2022,18,29,2022-07-24,0.0,,0.0,95.0,43.0,88.0
FL,2022,19,30,2022-07-31,0.0,,0.0,95.0,63.0,94.0
FL,2022,20,31,2022-08-07,2.0,,0.0,95.0,77.0,98.0
FL,2022,21,32,2022-08-14,6.0,,0.0,95.0,90.0,98.0
FL,2022,22,33,2022-08-21,11.0,,0.0,95.0,96.0,98.0
FL,2022,23,34,2022-08-28,16.0,,0.0,95.0,99.0,98.0
FL,2022,24,35,2022-09-04,20.0,,0.0,95.0,100.0,98.0
FL,2022,25,36,2022-09-11,24.0,,0.0,95.0,100.0,98.0
FL,2022,26,37,2022-09-18,36.0,,1.0,95.0,100.0,98.0
FL,2022,27,38,2022-09-25,53.0,,2.0,95.0,100.0,98.0
FL,2022,28,39,2022-10-02,69.0,,5.0,95.0,100.0,98.0
FL,2022,29,40,2022-10-09,86.0,,10.0,95.0,100.0,98.0
FL,2022,30,41,2022-10-16,94.0,,14.0,95.0,100.0,98.0
FL,2022,31,42,2022-10-23,98.0,,25.0,95.0,100.0,98.0
FL,2022,32,43,2022-10-30,99.0,,32.0,95.0,100.0,98.0
FL,2022,33,44,2022-11-06,99.0,,46.0,95.0,100.0,98.0
FL,2022,34,45,2022-11-13,99.0,,54.0,95.0,100.0,98.0
FL,2022,35,46,2022-11-20,99.0,,68.0,95.0,100.0,98.0
FL,2022,36,47,2022-11-27,99.0,,78.0,95.0,100.0,98.0
FL,2022,37,48,2022-12-04,99.0,,88.0,95.0,100.0,98.0
FL,2022,38,49,2022-12-11,99.0,,93.0,95.0,100.0,98.0
FL,2022,39,50,2022-12-18,99.0,,98.0,95.0,100.0,98.0
FL,2023,2,13,2023-04-02,0.0,,0.0,0.0,0.0,0.0
FL,2023,3,14,2023-04-09,0.0,,0.0,0.0,0.0,0.0
FL,2023,4,15,2023-04-16,0.0,,0.0,0.0,0.0,0.0
FL,2023,5,16,2023-04-23,0.0,,0.0,2.0,0.0,0.0
FL,2023,6,17,2023-04-30,0.0,,0.0,5.0,0.0,0.0
FL,2023,7,18,2023-05-07,0.0,,0.0,16.0,0.0,0.0
FL,2023,8,19,2023-05-14,0.0,,0.0,26.0,0.0,0.0
FL,2023,9,20,2023-05-21,0.0,,0.0,53.0,0.0,0.0
FL,2023,10,21,2023-05-28,0.0,,0.0,76.0,0.0,0.0
FL,2023,11,22,2023-06-04,0.0,,0.0,88.0,0.0,0.0
FL,2023,12,23,2023-06-11,0.0,,0.0,95.0,0.0,4.0
FL,2023,13,24,2023-06-18,0.0,,0.0,98.0,0.0,15.0
FL,2023,14,25,2023-06-25,0.0,,0.0,99.0,0.0,26.0
FL,2023,15,26,2023-07-02,0.0,,0.0,99.0,1.0,42.0
FL,2023,16,27,2023-07-09,0.0,,0.0,99.0,15.0,60.0
FL,2023,17,28,2023-07-16,0.0,,0.0,99.0,28.0,76.0
FL,2023,18,29,2023-07-23,0.0,,0.0,99.0,51.0,93.0
FL,2023,19,30,2023-07-30,0.0,,0.0,99.0,71.0,95.0
FL,2023,20,31,2023-08-06,1.0,,0.0,99.0,82.0,97.0
FL,2023,21,32,2023-08-13,5.0,,0.0,99.0,94.0,99.0
FL,2023,22,33,2023-08-20,13.0,,0.0,99.0,96.0,99.0
FL,2023,23,34,2023-08-27,21.0,,0.0,99.0,98.0,99.0
FL,2023,24,35,2023-09-03,28.0,,0.0,99.0,99.0,99.0
FL,2023,25,36,2023-09-10,39.0,,0.0,99.0,100.0,99.0
FL,2023,26,37,2023-09-17,47.0,,0.0,99.0,100.0,99.0
FL,2023,27,38,2023-09-24,60.0,,1.0,99.0,100.0,99.0
FL,2023,28,39,2023-10-01,74.0,,2.0,99.0,100.0,99.0
FL,2023,29,40,2023-10-08,86.0,,8.0,99.0,100.0,99.0
FL,2023,30,41,2023-10-15,92.0,,14.0,99.0,100.0,99.0
FL,2023,31,42,2023-10-22,94.0,,22.0,99.0,100.0,99.0
FL,2023,32,43,2023-10-29,97.0,,33.0,99.0,100.0,99.0
FL,2023,33,44,2023-11-05,99.0,,49.0,99.0,100.0,99.0
FL,2023,34,45,2023-11-12,99.0,,61.0,99.0,100.0,99.0
FL,2023,35,46,2023-11-19,99.0,,75.0,99.0,100.0,99.0
FL,2023,36,47,2023-11-26,99.0,,80.0,99.0,100.0,99.0
FL,2023,37,48,2023-12-03,99.0,,91.0,99.0,100.0,99.0
FL,2023,38,49,2023-12-10,99.0,,97.0,99.0,100.0,99.0
FL,2023,39,50,2023-12-17,99.0,,98.0,99.0,100.0,99.0
FL,2024,2,13,2024-03-31,0.0,,0.0,0.0,0.0,0.0
FL,2024,3,14,2024-04-07,0.0,,0.0,0.0,0.0,0.0
FL,2024,4,15,2024-04-14,0.0,,0.0,0.0,0.0,0.0
FL,2024,5,16,2024-04-21,0.0,,0.0,5.0,0.0,0.0
FL,2024,6,17,2024-04-28,0.0,,0.0,6.0,0.0,0.0
FL,2024,7,18,2024-05-05,0.0,,0.0,20.0,0.0,0.0
FL,2024,8,19,2024-05-12,0.0,,0.0,32.0,0.0,0.0
FL,2024,9,20,2024-05-19,0.0,,0.0,50.0,0.0,0.0
FL,2024,10,21,2024-05-26,0.0,,0.0,62.0,0.0,0.0
FL,2024,11,22,2024-06-02,0.0,,0.0,81.0,0.0,0.0
FL,2024,12,23,2024-06-09,0.0,,0.0,90.0,0.0,2.0
FL,2024,13,24,2024-06-16,0.0,,0.0,95.0,0.0,6.0
FL,2024,14,25,2024-06-23,0.0,,0.0,97.0,0.0,20.0
FL,2024,15,26,2024-06-30,0.0,,0.0,100.0,1.0,36.0
FL,2024,16,27,2024-07-07,0.0,,0.0,100.0,12.0,45.0
FL,2024,17,28,2024-07-14,0.0,,0.0,100.0,23.0,62.0
FL,2024,18,29,2024-07-21,0.0,,0.0,100.0,48.0,80.0
FL,2024,19,30,2024-07-28,0.0,,0.0,100.0,61.0,88.0
FL,2024,20,31,2024-08-04,4.0,,0.0,100.0,76.0,94.0
FL,2024,21,32,2024-08-11,6.0,,0.0,100.0,91.0,98.0
FL,2024,22,33,2024-08-18,14.0,,0.0,100.0,93.0,98.0
FL,2024,23,34,2024-08-25,18.0,,0.0,100.0,95.0,98.0
FL,2024,24,35,2024-09-01,23.0,,0.0,100.0,97.0,98.0
FL,2024,25,36,2024-09-08,37.0,,0.0,100.0,97.0,98.0
FL,2024,26,37,2024-09-15,48.0,,0.0,100.0,97.0,98.0
FL,2024,27,38,2024-09-22,64.0,,1.0,100.0,97.0,98.0
FL,2024,28,39,2024-09-29,73.0,,2.0,100.0,97.0,98.0
FL,2024,29,40,2024-10-06,81.0,,8.0,100.0,97.0,98.0
FL,2024,30,41,2024-10-13,85.0,,17.0,100.0,97.0,98.0
FL,2024,31,42,2024-10-20,90.0,,28.0,100.0,97.0,98.0
FL,2024,32,43,2024-10-27,93.0,,34.0,100.0,97.0,98.0
FL,2024,33,44,2024-11-03,95.0,,41.0,100.0,97.0,98.0
FL,2024,34,45,2024-11-10,95.0,,50.0,100.0,97.0,98.0
FL,2024,35,46,2024-11-17,95.0,,58.0,100.0,97.0,98.0
FL,2024,36,47,2024-11-24,95.0,,72.0,100.0,97.0,98.0
FL,2024,37,48,2024-12-01,95.0,,82.0,100.0,97.0,98.0
FL,2024,38,49,2024-12-08,95.0,,93.0,100.0,97.0,98.0
FL,2024,39,50,2024-12-15,95.0,,94.0,100.0,97.0,98.0
FL,2025,3,14,2025-04-06,0.0,,0.0,0.0,0.0,0.0
FL,2025,4,15,2025-04-13,0.0,,0.0,0.0,0.0,0.0
FL,2025,5,16,2025-04-20,0.0,,0.0,9.0,0.0,0.0
FL,2025,6,17,2025-04-27,0.0,,0.0,19.0,0.0,0.0
FL,2025,7,18,2025-05-04,0.0,,0.0,31.0,0.0,0.0
FL,2025,8,19,2025-05-11,0.0,,0.0,37.0,0.0,0.0
FL,2025,9,20,2025-05-18,0.0,,0.0,45.0,0.0,0.0
FL,2025,10,21,2025-05-25,0.0,,0.0,64.0,0.0,0.0
FL,2025,11,22,2025-06-01,0.0,,0.0,82.0,0.0,3.0
FL,2025,12,23,2025-06-08,0.0,,0.0,91.0,0.0,8.0
FL,2025,13,24,2025-06-15,0.0,,0.0,96.0,0.0,12.0
FL,2025,14,25,2025-06-22,0.0,,0.0,96.0,0.0,17.0
FL,2025,15,26,2025-06-29,0.0,,0.0,96.0,3.0,35.0
FL,2025,16,27,2025-07-06,0.0,,0.0,96.0,11.0,57.0
FL,2025,17,28,2025-07-13,0.0,,0.0,96.0,23.0,72.0
FL,2025,18,29,2025-07-20,0.0,,0.0,96.0,47.0,89.0
FL,2025,19,30,2025-07-27,0.0,,0.0,96.0,55.0,93.0
FL,2025,20,31,2025-08-03,3.0,,0.0,96.0,68.0,95.0
FL,2025,21,32,2025-08-10,7.0,,0.0,96.0,80.0,95.0
FL,2025,22,33,2025-08-17,12.0,,0.0,96.0,93.0,95.0
FL,2025,23,34,2025-08-24,20.0,,0.0,96.0,98.0,95.0
FL,2025,24,35,2025-08-31,27.0,,0.0,96.0,98.0,95.0
FL,2025,25,36,2025-09-07,38.0,,0.0,96.0,98.0,95.0
FL,2025,26,37,2025-09-14,44.0,,1.0,96.0,98.0,95.0
FL,2025,27,38,2025-09-21,55.0,,3.0,96.0,98.0,95.0
FL,2025,28,39,2025-09-28,63.0,,6.0,96.0,98.0,95.0
FL,2025,35,46,2025-11-16,63.0,,70.0,96.0,98.0,95.0
FL,2025,36,47,2025-11-23,63.0,,83.0,96.0,98.0,95.0
GA,2016,2,13,2016-04-03,0.0,,0.0,0.0,0.0,0.0
GA,2016,3,14,2016-04-10,0.0,,0.0,0.0,0.0,0.0
GA,2016,4,15,2016-04-17,0.0,,0.0,0.0,0.0,0.0
GA,2016,5,16,2016-04-24,0.0,,0.0,2.0,0.0,0.0
GA,2016,6,17,2016-05-01,0.0,,0.0,10.0,0.0,0.0
GA,2016,7,18,2016-05-08,0.0,,0.0,24.0,0.0,0.0
GA,2016,8,19,2016-05-15,0.0,,0.0,40.0,0.0,0.0
GA,2016,9,20,2016-05-22,0.0,,0.0,58.0,0.0,0.0
GA,2016,10,21,2016-05-29,0.0,,0.0,76.0,0.0,1.0
GA,2016,11,22,2016-06-05,0.0,,0.0,87.0,0.0,10.0
GA,2016,12,23,2016-06-12,0.0,,0.0,93.0,0.0,19.0
GA,2016,13,24,2016-06-19,0.0,,0.0,97.0,0.0,32.0
GA,2016,14,25,2016-06-26,0.0,,0.0,97.0,3.0,51.0
GA,2016,15,26,2016-07-03,0.0,,0.0,97.0,18.0,69.0
GA,2016,16,27,2016-07-10,0.0,,0.0,97.0,33.0,81.0
GA,2016,17,28,2016-07-17,0.0,,0.0,97.0,52.0,90.0
GA,2016,18,29,2016-07-24,0.0,,0.0,97.0,68.0,93.0
GA,2016,19,30,2016-07-31,0.0,,0.0,97.0,77.0,95.0
GA,2016,20,31,2016-08-07,1.0,,0.0,97.0,86.0,97.0
GA,2016,21,32,2016-08-14,10.0,,0.0,97.0,93.0,97.0
GA,2016,22,33,2016-08-21,18.0,,0.0,97.0,96.0,97.0
GA,2016,23,34,2016-08-28,30.0,,0.0,97.0,98.0,97.0
GA,2016,24,35,2016-09-04,49.0,,0.0,97.0,98.0,97.0
GA,2016,25,36,2016-09-11,69.0,,1.0,97.0,98.0,97.0
GA,2016,26,37,2016-09-18,79.0,,4.0,97.0,98.0,97.0
GA,2016,27,38,2016-09-25,85.0,,8.0,97.0,98.0,97.0
GA,2016,28,39,2016-10-02,90.0,,13.0,97.0,98.0,97.0
GA,2016,29,40,2016-10-09,94.0,,22.0,97.0,98.0,97.0
GA,2016,30,41,2016-10-16,96.0,,34.0,97.0,98.0,97.0
GA,2016,31,42,2016-10-23,97.0,,47.0,97.0,98.0,97.0
GA,2016,32,43,2016-10-30,98.0,,61.0,97.0,98.0,97.0
GA,2016,33,44,2016-11-06,98.0,,70.0,97.0,98.0,97.0
GA,2016,34,45,2016-11-13,98.0,,79.0,97.0,98.0,97.0
GA,2016,35,46,2016-11-20,98.0,,87.0,97.0,98.0,97.0
GA,2016,36,47,2016-11-27,98.0,,93.0,97.0,98.0,97.0
GA,2017,2,13,2017-04-02,0.0,,0.0,0.0,0.0,0.0
GA,2017,3,14,2017-04-09,0.0,,0.0,0.0,0.0,0.0
GA,2017,4,15,2017-04-16,0.0,,0.0,2.0,0.0,0.0
GA,2017,5,16,2017-04-23,0.0,,0.0,7.0,0.0,0.0
GA,2017,6,17,2017-04-30,0.0,,0.0,12.0,0.0,0.0
GA,2017,7,18,2017-05-07,0.0,,0.0,22.0,0.0,0.0
GA,2017,8,19,2017-05-14,0.0,,0.0,38.0,0.0,0.0
GA,2017,9,20,2017-05-21,0.0,,0.0,60.0,0.0,0.0
GA,2017,10,21,2017-05-28,0.0,,0.0,75.0,0.0,1.0
GA,2017,11,22,2017-06-04,0.0,,0.0,87.0,0.0,7.0
GA,2017,12,23,2017-06-11,0.0,,0.0,94.0,0.0,17.0
GA,2017,13,24,2017-06-18,0.0,,0.0,97.0,0.0,26.0
GA,2017,14,25,2017-06-25,0.0,,0.0,99.0,2.0,40.0
GA,2017,15,26,2017-07-02,0.0,,0.0,99.0,8.0,57.0
GA,2017,16,27,2017-07-09,0.0,,0.0,99.0,20.0,69.0
GA,2017,17,28,2017-07-16,0.0,,0.0,99.0,31.0,77.0
GA,2017,18,29,2017-07-23,0.0,,0.0,99.0,48.0,88.0
GA,2017,19,30,2017-07-30,0.0,,0.0,99.0,66.0,94.0
GA,2017,20,31,2017-08-06,0.0,,0.0,99.0,78.0,97.0
GA,2017,21,32,2017-08-13,4.0,,0.0,99.0,87.0,99.0
GA,2017,22,33,2017-08-20,11.0,,0.0,99.0,94.0,99.0
GA,2017,23,34,2017-08-27,21.0,,0.0,99.0,96.0,99.0
GA,2017,24,35,2017-09-03,34.0,,0.0,99.0,98.0,99.0
GA,2017,25,36,2017-09-10,51.0,,0.0,99.0,98.0,99.0
GA,2017,26,37,2017-09-17,65.0,,2.0,99.0,98.0,99.0
GA,2017,27,38,2017-09-24,78.0,,6.0,99.0,98.0,99.0
GA,2017,28,39,2017-10-01,84.0,,11.0,99.0,98.0,99.0
GA,2017,29,40,2017-10-08,91.0,,19.0,99.0,98.0,99.0
GA,2017,30,41,2017-10-15,95.0,,27.0,99.0,98.0,99.0
GA,2017,31,42,2017-10-22,97.0,,37.0,99.0,98.0,99.0
GA,2017,32,43,2017-10-29,98.0,,46.0,99.0,98.0,99.0
GA,2017,33,44,2017-11-05,99.0,,58.0,99.0,98.0,99.0
GA,2017,34,45,2017-11-12,99.0,,69.0,99.0,98.0,99.0
GA,2017,35,46,2017-11-19,99.0,,78.0,99.0,98.0,99.0
GA,2017,36,47,2017-11-26,99.0,,84.0,99.0,98.0,99.0
GA,2018,2,13,2018-04-01,0.0,,0.0,0.0,0.0,0.0
GA,2018,3,14,2018-04-08,0.0,,0.0,0.0,0.0,0.0
GA,2018,4,15,2018-04-15,0.0,,0.0,1.0,0.0,0.0
GA,2018,5,16,2018-04-22,0.0,,0.0,4.0,0.0,0.0
GA,2018,6,17,2018-04-29,0.0,,0.0,10.0,0.0,0.0
GA,2018,7,18,2018-05-06,0.0,,0.0,20.0,0.0,0.0
GA,2018,8,19,2018-05-13,0.0,,0.0,41.0,0.0,0.0
GA,2018,9,20,2018-05-20,0.0,,0.0,56.0,0.0,0.0
GA,2018,10,21,2018-05-27,0.0,,0.0,65.0,0.0,1.0
GA,2018,11,22,2018-06-03,0.0,,0.0,72.0,0.0,8.0
GA,2018,12,23,2018-06-10,0.0,,0.0,86.0,0.0,17.0
GA,2018,13,24,2018-06-17,0.0,,0.0,93.0,0.0,27.0
GA,2018,14,25,2018-06-24,0.0,,0.0,97.0,1.0,42.0
GA,2018,15,26,2018-07-01,0.0,,0.0,97.0,8.0,58.0
GA,2018,16,27,2018-07-08,0.0,,0.0,97.0,21.0,70.0
GA,2018,17,28,2018-07-15,0.0,,0.0,97.0,36.0,80.0
GA,2018,18,29,2018-07-22,0.0,,0.0,97.0,52.0,88.0
GA,2018,19,30,2018-07-29,0.0,,0.0,97.0,65.0,93.0
GA,2018,20,31,2018-08-05,1.0,,0.0,97.0,76.0,96.0
GA,2018,21,32,2018-08-12,3.0,,0.0,97.0,84.0,98.0
GA,2018,22,33,2018-08-19,7.0,,0.0,97.0,92.0,98.0
GA,2018,23,34,2018-08-26,14.0,,0.0,97.0,96.0,98.0
GA,2018,24,35,2018-09-02,26.0,,0.0,97.0,97.0,98.0
GA,2018,25,36,2018-09-09,40.0,,0.0,97.0,97.0,98.0
GA,2018,26,37,2018-09-16,55.0,,1.0,97.0,97.0,98.0
GA,2018,27,38,2018-09-23,69.0,,2.0,97.0,97.0,98.0
GA,2018,28,39,2018-09-30,82.0,,6.0,97.0,97.0,98.0
GA,2018,29,40,2018-10-07,88.0,,12.0,97.0,97.0,98.0
GA,2018,30,41,2018-10-14,92.0,,20.0,97.0,97.0,98.0
GA,2018,31,42,2018-10-21,95.0,,29.0,97.0,97.0,98.0
GA,2018,32,43,2018-10-28,97.0,,42.0,97.0,97.0,98.0
GA,2018,33,44,2018-11-04,98.0,,53.0,97.0,97.0,98.0
GA,2018,34,45,2018-11-11,100.0,,61.0,97.0,97.0,98.0
GA,2018,35,46,2018-11-18,100.0,,65.0,97.0,97.0,98.0
GA,2018,36,47,2018-11-25,100.0,,72.0,97.0,97.0,98.0
GA,2019,2,13,2019-03-31,0.0,,0.0,0.0,0.0,0.0
GA,2019,3,14,2019-04-07,0.0,,0.0,0.0,0.0,0.0
GA,2019,4,15,2019-04-14,0.0,,0.0,2.0,0.0,0.0
GA,2019,5,16,2019-04-21,0.0,,0.0,6.0,0.0,0.0
GA,2019,6,17,2019-04-28,0.0,,0.0,12.0,0.0,0.0
GA,2019,7,18,2019-05-05,0.0,,0.0,23.0,0.0,0.0
GA,2019,8,19,2019-05-12,0.0,,0.0,42.0,0.0,0.0
GA,2019,9,20,2019-05-19,0.0,,0.0,61.0,0.0,0.0
GA,2019,10,21,2019-05-26,0.0,,0.0,76.0,0.0,0.0
GA,2019,11,22,2019-06-02,0.0,,0.0,84.0,0.0,6.0
GA,2019,12,23,2019-06-09,0.0,,0.0,90.0,0.0,16.0
GA,2019,13,24,2019-06-16,0.0,,0.0,96.0,0.0,29.0
GA,2019,14,25,2019-06-23,0.0,,0.0,98.0,2.0,43.0
GA,2019,15,26,2019-06-30,0.0,,0.0,98.0,12.0,58.0
GA,2019,16,27,2019-07-07,0.0,,0.0,98.0,25.0,71.0
GA,2019,17,28,2019-07-14,0.0,,0.0,98.0,45.0,79.0
GA,2019,18,29,2019-07-21,0.0,,0.0,98.0,60.0,90.0
GA,2019,19,30,2019-07-28,0.0,,0.0,98.0,72.0,95.0
GA,2019,20,31,2019-08-04,2.0,,0.0,98.0,79.0,98.0
GA,2019,21,32,2019-08-11,9.0,,0.0,98.0,88.0,98.0
GA,2019,22,33,2019-08-18,22.0,,0.0,98.0,95.0,98.0
GA,2019,23,34,2019-08-25,30.0,,0.0,98.0,97.0,98.0
GA,2019,24,35,2019-09-01,42.0,,0.0,98.0,100.0,98.0
GA,2019,25,36,2019-09-08,59.0,,0.0,98.0,100.0,98.0
GA,2019,26,37,2019-09-15,70.0,,4.0,98.0,100.0,98.0
GA,2019,27,38,2019-09-22,81.0,,10.0,98.0,100.0,98.0
GA,2019,28,39,2019-09-29,87.0,,18.0,98.0,100.0,98.0
GA,2019,29,40,2019-10-06,92.0,,28.0,98.0,100.0,98.0
GA,2019,30,41,2019-10-13,95.0,,40.0,98.0,100.0,98.0
GA,2019,31,42,2019-10-20,96.0,,48.0,98.0,100.0,98.0
GA,2019,32,43,2019-10-27,97.0,,56.0,98.0,100.0,98.0
GA,2019,33,44,2019-11-03,97.0,,67.0,98.0,100.0,98.0
GA,2019,34,45,2019-11-10,97.0,,74.0,98.0,100.0,98.0
GA,2019,35,46,2019-11-17,97.0,,79.0,98.0,100.0,98.0
GA,2019,36,47,2019-11-24,97.0,,85.0,98.0,100.0,98.0
GA,2019,37,48,2019-12-01,97.0,,89.0,98.0,100.0,98.0
GA,2019,38,49,2019-12-08,97.0,,93.0,98.0,100.0,98.0
GA,2020,3,14,2020-04-05,0.0,,0.0,0.0,0.0,0.0
GA,2020,4,15,2020-04-12,0.0,,0.0,1.0,0.0,0.0
GA,2020,5,16,2020-04-19,0.0,,0.0,5.0,0.0,0.0
GA,2020,6,17,2020-04-26,0.0,,0.0,8.0,0.0,0.0
GA,2020,7,18,2020-05-03,0.0,,0.0,13.0,0.0,0.0
GA,2020,8,19,2020-05-10,0.0,,0.0,26.0,0.0,0.0
GA,2020,9,20,2020-05-17,0.0,,0.0,41.0,0.0,0.0
GA,2020,10,21,2020-05-24,0.0,,0.0,57.0,0.0,0.0
GA,2020,11,22,2020-05-31,0.0,,0.0,74.0,0.0,2.0
GA,2020,12,23,2020-06-07,0.0,,0.0,88.0,0.0,18.0
GA,2020,13,24,2020-06-14,0.0,,0.0,96.0,0.0,24.0
GA,2020,14,25,2020-06-21,0.0,,0.0,99.0,1.0,39.0
GA,2020,15,26,2020-06-28,0.0,,0.0,99.0,9.0,55.0
GA,2020,16,27,2020-07-05,0.0,,0.0,99.0,21.0,67.0
GA,2020,17,28,2020-07-12,0.0,,0.0,99.0,34.0,79.0
GA,2020,18,29,2020-07-19,0.0,,0.0,99.0,49.0,88.0
GA,2020,19,30,2020-07-26,0.0,,0.0,99.0,63.0,94.0
GA,2020,20,31,2020-08-02,0.0,,0.0,99.0,76.0,96.0
GA,2020,21,32,2020-08-09,2.0,,0.0,99.0,84.0,98.0
GA,2020,22,33,2020-08-16,7.0,,0.0,99.0,92.0,98.0
GA,2020,23,34,2020-08-23,14.0,,0.0,99.0,95.0,98.0
GA,2020,24,35,2020-08-30,23.0,,0.0,99.0,98.0,98.0
GA,2020,25,36,2020-09-06,35.0,,0.0,99.0,99.0,98.0
GA,2020,26,37,2020-09-13,52.0,,0.0,99.0,99.0,98.0
GA,2020,27,38,2020-09-20,64.0,,1.0,99.0,99.0,98.0
GA,2020,28,39,2020-09-27,74.0,,4.0,99.0,99.0,98.0
GA,2020,29,40,2020-10-04,81.0,,8.0,99.0,99.0,98.0
GA,2020,30,41,2020-10-11,87.0,,13.0,99.0,99.0,98.0
GA,2020,31,42,2020-10-18,90.0,,19.0,99.0,99.0,98.0
GA,2020,32,43,2020-10-25,92.0,,27.0,99.0,99.0,98.0
GA,2020,33,44,2020-11-01,95.0,,39.0,99.0,99.0,98.0
GA,2020,34,45,2020-11-08,95.0,,52.0,99.0,99.0,98.0
GA,2020,35,46,2020-11-15,95.0,,61.0,99.0,99.0,98.0
GA,2020,36,47,2020-11-22,95.0,,73.0,99.0,99.0,98.0
GA,2020,37,48,2020-11-29,95.0,,80.0,99.0,99.0,98.0
GA,2021,2,13,2021-04-04,0.0,,0.0,0.0,0.0,0.0
GA,2021,3,14,2021-04-11,0.0,,0.0,2.0,0.0,0.0
GA,2021,4,15,2021-04-18,0.0,,0.0,5.0,0.0,0.0
GA,2021,5,16,2021-04-25,0.0,,0.0,7.0,0.0,0.0
GA,2021,6,17,2021-05-02,0.0,,0.0,13.0,0.0,0.0
GA,2021,7,18,2021-05-09,0.0,,0.0,22.0,0.0,0.0
GA,2021,8,19,2021-05-16,0.0,,0.0,37.0,0.0,0.0
GA,2021,9,20,2021-05-23,0.0,,0.0,61.0,0.0,0.0
GA,2021,10,21,2021-05-30,0.0,,0.0,78.0,0.0,1.0
GA,2021,11,22,2021-06-06,0.0,,0.0,89.0,0.0,8.0
GA,2021,12,23,2021-06-13,0.0,,0.0,94.0,0.0,20.0
GA,2021,13,24,2021-06-20,0.0,,0.0,97.0,1.0,35.0
GA,2021,14,25,2021-06-27,0.0,,0.0,97.0,4.0,52.0
GA,2021,15,26,2021-07-04,0.0,,0.0,97.0,10.0,67.0
GA,2021,16,27,2021-07-11,0.0,,0.0,97.0,23.0,77.0
GA,2021,17,28,2021-07-18,0.0,,0.0,97.0,34.0,86.0
GA,2021,18,29,2021-07-25,0.0,,0.0,97.0,48.0,91.0
GA,2021,19,30,2021-08-01,0.0,,0.0,97.0,62.0,94.0
GA,2021,20,31,2021-08-08,1.0,,0.0,97.0,75.0,97.0
GA,2021,21,32,2021-08-15,4.0,,0.0,97.0,83.0,98.0
GA,2021,22,33,2021-08-22,11.0,,0.0,97.0,90.0,100.0
GA,2021,23,34,2021-08-29,22.0,,0.0,97.0,95.0,100.0
GA,2021,24,35,2021-09-05,34.0,,0.0,97.0,97.0,100.0
GA,2021,25,36,2021-09-12,43.0,,0.0,97.0,99.0,100.0
GA,2021,26,37,2021-09-19,54.0,,1.0,97.0,99.0,100.0
GA,2021,27,38,2021-09-26,67.0,,2.0,97.0,99.0,100.0
GA,2021,28,39,2021-10-03,76.0,,4.0,97.0,99.0,100.0
GA,2021,29,40,2021-10-10,82.0,,8.0,97.0,99.0,100.0
GA,2021,30,41,2021-10-17,87.0,,15.0,97.0,99.0,100.0
GA,2021,31,42,2021-10-24,90.0,,23.0,97.0,99.0,100.0
GA,2021,32,43,2021-10-31,93.0,,33.0,97.0,99.0,100.0
GA,2021,33,44,2021-11-07,96.0,,48.0,97.0,99.0,100.0
GA,2021,34,45,2021-11-14,96.0,,55.0,97.0,99.0,100.0
GA,2021,35,46,2021-11-21,96.0,,67.0,97.0,99.0,100.0
GA,2021,36,47,2021-11-28,96.0,,76.0,97.0,99.0,100.0
GA,2022,2,13,2022-04-03,0.0,,0.0,0.0,0.0,0.0
GA,2022,3,14,2022-04-10,0.0,,0.0,0.0,0.0,0.0
GA,2022,4,15,2022-04-17,0.0,,0.0,1.0,0.0,0.0
GA,2022,5,16,2022-04-24,0.0,,0.0,3.0,0.0,0.0
GA,2022,6,17,2022-05-01,0.0,,0.0,11.0,0.0,0.0
GA,2022,7,18,2022-05-08,0.0,,0.0,22.0,0.0,0.0
GA,2022,8,19,2022-05-15,0.0,,0.0,39.0,0.0,0.0
GA,2022,9,20,2022-05-22,0.0,,0.0,59.0,0.0,0.0
GA,2022,10,21,2022-05-29,0.0,,0.0,73.0,0.0,1.0
GA,2022,11,22,2022-06-05,0.0,,0.0,86.0,0.0,8.0
GA,2022,12,23,2022-06-12,0.0,,0.0,92.0,0.0,15.0
GA,2022,13,24,2022-06-19,0.0,,0.0,96.0,1.0,26.0
GA,2022,14,25,2022-06-26,0.0,,0.0,96.0,5.0,42.0
GA,2022,15,26,2022-07-03,0.0,,0.0,96.0,14.0,63.0
GA,2022,16,27,2022-07-10,0.0,,0.0,96.0,24.0,76.0
GA,2022,17,28,2022-07-17,0.0,,0.0,96.0,38.0,85.0
GA,2022,18,29,2022-07-24,0.0,,0.0,96.0,51.0,90.0
GA,2022,19,30,2022-07-31,0.0,,0.0,96.0,65.0,94.0
GA,2022,20,31,2022-08-07,2.0,,0.0,96.0,76.0,97.0
GA,2022,21,32,2022-08-14,6.0,,0.0,96.0,87.0,97.0
GA,2022,22,33,2022-08-21,12.0,,0.0,96.0,92.0,97.0
GA,2022,23,34,2022-08-28,21.0,,0.0,96.0,95.0,97.0
GA,2022,24,35,2022-09-04,38.0,,0.0,96.0,97.0,97.0
GA,2022,25,36,2022-09-11,48.0,,0.0,96.0,99.0,97.0
GA,2022,26,37,2022-09-18,60.0,,2.0,96.0,99.0,97.0
GA,2022,27,38,2022-09-25,74.0,,3.0,96.0,99.0,97.0
GA,2022,28,39,2022-10-02,81.0,,9.0,96.0,99.0,97.0
GA,2022,29,40,2022-10-09,87.0,,19.0,96.0,99.0,97.0
GA,2022,30,41,2022-10-16,92.0,,27.0,96.0,99.0,97.0
GA,2022,31,42,2022-10-23,94.0,,37.0,96.0,99.0,97.0
GA,2022,32,43,2022-10-30,96.0,,47.0,96.0,99.0,97.0
GA,2022,33,44,2022-11-06,96.0,,58.0,96.0,99.0,97.0
GA,2022,34,45,2022-11-13,96.0,,68.0,96.0,99.0,97.0
GA,2022,35,46,2022-11-20,96.0,,79.0,96.0,99.0,97.0
GA,2022,36,47,2022-11-27,96.0,,86.0,96.0,99.0,97.0
GA,2023,2,13,2023-04-02,0.0,,0.0,0.0,0.0,0.0
GA,2023,3,14,2023-04-09,0.0,,0.0,0.0,0.0,0.0
GA,2023,4,15,2023-04-16,0.0,,0.0,1.0,0.0,0.0
GA,2023,5,16,2023-04-23,0.0,,0.0,4.0,0.0,0.0
GA,2023,6,17,2023-04-30,0.0,,0.0,8.0,0.0,0.0
GA,2023,7,18,2023-05-07,0.0,,0.0,13.0,0.0,0.0
GA,2023,8,19,2023-05-14,0.0,,0.0,32.0,0.0,0.0
GA,2023,9,20,2023-05-21,0.0,,0.0,51.0,0.0,0.0
GA,2023,10,21,2023-05-28,0.0,,0.0,68.0,0.0,1.0
GA,2023,11,22,2023-06-04,0.0,,0.0,83.0,0.0,6.0
GA,2023,12,23,2023-06-11,0.0,,0.0,93.0,0.0,14.0
GA,2023,13,24,2023-06-18,0.0,,0.0,95.0,1.0,25.0
GA,2023,14,25,2023-06-25,0.0,,0.0,98.0,5.0,39.0
GA,2023,15,26,2023-07-02,0.0,,0.0,98.0,10.0,53.0
GA,2023,16,27,2023-07-09,0.0,,0.0,98.0,17.0,69.0
GA,2023,17,28,2023-07-16,0.0,,0.0,98.0,28.0,76.0
GA,2023,18,29,2023-07-23,0.0,,0.0,98.0,45.0,88.0
GA,2023,19,30,2023-07-30,0.0,,0.0,98.0,57.0,93.0
GA,2023,20,31,2023-08-06,1.0,,0.0,98.0,72.0,96.0
GA,2023,21,32,2023-08-13,3.0,,0.0,98.0,81.0,98.0
GA,2023,22,33,2023-08-20,8.0,,0.0,98.0,89.0,98.0
GA,2023,23,34,2023-08-27,15.0,,0.0,98.0,94.0,98.0
GA,2023,24,35,2023-09-03,25.0,,0.0,98.0,96.0,98.0
GA,2023,25,36,2023-09-10,38.0,,0.0,98.0,98.0,98.0
GA,2023,26,37,2023-09-17,54.0,,0.0,98.0,98.0,98.0
GA,2023,27,38,2023-09-24,66.0,,2.0,98.0,98.0,98.0
GA,2023,28,39,2023-10-01,76.0,,4.0,98.0,98.0,98.0
GA,2023,29,40,2023-10-08,84.0,,7.0,98.0,98.0,98.0
GA,2023,30,41,2023-10-15,89.0,,13.0,98.0,98.0,98.0
GA,2023,31,42,2023-10-22,93.0,,22.0,98.0,98.0,98.0
GA,2023,32,43,2023-10-29,95.0,,32.0,98.0,98.0,98.0
GA,2023,33,44,2023-11-05,98.0,,46.0,98.0,98.0,98.0
GA,2023,34,45,2023-11-12,98.0,,57.0,98.0,98.0,98.0
GA,2023,35,46,2023-11-19,98.0,,67.0,98.0,98.0,98.0
GA,2023,36,47,2023-11-26,98.0,,78.0,98.0,98.0,98.0
GA,2024,2,13,2024-03-31,0.0,,0.0,0.0,0.0,0.0
GA,2024,3,14,2024-04-07,0.0,,0.0,0.0,0.0,0.0
GA,2024,4,15,2024-04-14,0.0,,0.0,1.0,0.0,0.0
GA,2024,5,16,2024-04-21,0.0,,0.0,4.0,0.0,0.0
GA,2024,6,17,2024-04-28,0.0,,0.0,10.0,0.0,0.0
GA,2024,7,18,2024-05-05,0.0,,0.0,21.0,0.0,0.0
GA,2024,8,19,2024-05-12,0.0,,0.0,35.0,0.0,0.0
GA,2024,9,20,2024-05-19,0.0,,0.0,47.0,0.0,0.0
GA,2024,10,21,2024-05-26,0.0,,0.0,63.0,0.0,1.0
GA,2024,11,22,2024-06-02,0.0,,0.0,77.0,0.0,5.0
GA,2024,12,23,2024-06-09,0.0,,0.0,89.0,0.0,14.0
GA,2024,13,24,2024-06-16,0.0,,0.0,95.0,1.0,25.0
GA,2024,14,25,2024-06-23,0.0,,0.0,97.0,6.0,40.0
GA,2024,15,26,2024-06-30,0.0,,0.0,99.0,12.0,53.0
GA,2024,16,27,2024-07-07,0.0,,0.0,99.0,26.0,71.0
GA,2024,17,28,2024-07-14,0.0,,0.0,99.0,35.0,77.0
GA,2024,18,29,2024-07-21,0.0,,0.0,99.0,44.0,85.0
GA,2024,19,30,2024-07-28,0.0,,0.0,99.0,57.0,90.0
GA,2024,20,31,2024-08-04,1.0,,0.0,99.0,69.0,95.0
GA,2024,21,32,2024-08-11,3.0,,0.0,99.0,78.0,97.0
GA,2024,22,33,2024-08-18,7.0,,0.0,99.0,88.0,97.0
GA,2024,23,34,2024-08-25,16.0,,0.0,99.0,92.0,97.0
GA,2024,24,35,2024-09-01,28.0,,0.0,99.0,95.0,97.0
GA,2024,25,36,2024-09-08,44.0,,0.0,99.0,97.0,97.0
GA,2024,26,37,2024-09-15,57.0,,0.0,99.0,97.0,97.0
GA,2024,27,38,2024-09-22,68.0,,1.0,99.0,97.0,97.0
GA,2024,28,39,2024-09-29,77.0,,6.0,99.0,97.0,97.0
GA,2024,29,40,2024-10-06,84.0,,12.0,99.0,97.0,97.0
GA,2024,30,41,2024-10-13,90.0,,19.0,99.0,97.0,97.0
GA,2024,31,42,2024-10-20,94.0,,29.0,99.0,97.0,97.0
GA,2024,32,43,2024-10-27,97.0,,39.0,99.0,97.0,97.0
GA,2024,33,44,2024-11-03,97.0,,52.0,99.0,97.0,97.0
GA,2024,34,45,2024-11-10,97.0,,60.0,99.0,97.0,97.0
GA,2024,35,46,2024-11-17,97.0,,69.0,99.0,97.0,97.0
GA,2024,36,47,2024-11-24,97.0,,77.0,99.0,97.0,97.0
GA,2025,3,14,2025-04-06,0.0,,0.0,0.0,0.0,0.0
GA,2025,4,15,2025-04-13,0.0,,0.0,1.0,0.0,0.0
GA,2025,5,16,2025-04-20,0.0,,0.0,3.0,0.0,0.0
GA,2025,6,17,2025-04-27,0.0,,0.0,6.0,0.0,0.0
GA,2025,7,18,2025-05-04,0.0,,0.0,13.0,0.0,0.0
GA,2025,8,19,2025-05-11,0.0,,0.0,24.0,0.0,0.0
GA,2025,9,20,2025-05-18,0.0,,0.0,41.0,0.0,0.0
GA,2025,10,21,2025-05-25,0.0,,0.0,58.0,0.0,1.0
GA,2025,11,22,2025-06-01,0.0,,0.0,74.0,0.0,8.0
GA,2025,12,23,2025-06-08,0.0,,0.0,87.0,0.0,16.0
GA,2025,13,24,2025-06-15,0.0,,0.0,92.0,1.0,24.0
GA,2025,14,25,2025-06-22,0.0,,0.0,95.0,4.0,37.0
GA,2025,15,26,2025-06-29,0.0,,0.0,98.0,11.0,54.0
GA,2025,16,27,2025-07-06,0.0,,0.0,98.0,20.0,69.0
GA,2025,17,28,2025-07-13,0.0,,0.0,98.0,32.0,79.0
GA,2025,18,29,2025-07-20,0.0,,0.0,98.0,44.0,87.0
GA,2025,19,30,2025-07-27,0.0,,0.0,98.0,58.0,93.0
GA,2025,20,31,2025-08-03,1.0,,0.0,98.0,72.0,96.0
GA,2025,21,32,2025-08-10,5.0,,0.0,98.0,84.0,99.0
GA,2025,22,33,2025-08-17,10.0,,0.0,98.0,90.0,100.0
GA,2025,23,34,2025-08-24,21.0,,0.0,98.0,95.0,100.0
GA,2025,24,35,2025-08-31,31.0,,0.0,98.0,97.0,100.0
GA,2025,25,36,2025-09-07,51.0,,0.0,98.0,99.0,100.0
GA,2025,26,37,2025-09-14,62.0,,1.0,98.0,99.0,100.0
GA,2025,27,38,2025-09-21,76.0,,3.0,98.0,99.0,100.0
GA,2025,28,39,2025-09-28,84.0,,8.0,98.0,99.0,100.0
GA,2025,35,46,2025-11-16,84.0,,70.0,98.0,99.0,100.0
GA,2025,36,47,2025-11-23,84.0,,80.0,98.0,99.0,100.0
KS,2016,2,13,2016-04-03,0.0,,0.0,0.0,0.0,0.0
KS,2016,3,14,2016-04-10,0.0,,0.0,0.0,0.0,0.0
KS,2016,4,15,2016-04-17,0.0,,0.0,0.0,0.0,0.0
KS,2016,5,16,2016-04-24,0.0,,0.0,0.0,0.0,0.0
KS,2016,6,17,2016-05-01,0.0,,0.0,0.0,0.0,0.0
KS,2016,7,18,2016-05-08,0.0,,0.0,1.0,0.0,0.0
KS,2016,8,19,2016-05-15,0.0,,0.0,3.0,0.0,0.0
KS,2016,9,20,2016-05-22,0.0,,0.0,6.0,0.0,0.0
KS,2016,10,21,2016-05-29,0.0,,0.0,10.0,0.0,0.0
KS,2016,11,22,2016-06-05,0.0,,0.0,34.0,0.0,1.0
KS,2016,12,23,2016-06-12,0.0,,0.0,56.0,0.0,1.0
KS,2016,13,24,2016-06-19,0.0,,0.0,68.0,0.0,8.0
KS,2016,14,25,2016-06-26,0.0,,0.0,80.0,0.0,13.0
KS,2016,15,26,2016-07-03,0.0,,0.0,89.0,0.0,19.0
KS,2016,16,27,2016-07-10,0.0,,0.0,94.0,5.0,34.0
KS,2016,17,28,2016-07-17,0.0,,0.0,95.0,5.0,44.0
KS,2016,18,29,2016-07-24,0.0,,0.0,95.0,8.0,53.0
KS,2016,19,30,2016-07-31,0.0,,0.0,95.0,18.0,63.0
KS,2016,20,31,2016-08-07,0.0,,0.0,95.0,29.0,78.0
KS,2016,21,32,2016-08-14,0.0,,0.0,95.0,38.0,85.0
KS,2016,22,33,2016-08-21,2.0,,0.0,95.0,50.0,89.0
KS,2016,23,34,2016-08-28,7.0,,0.0,95.0,65.0,93.0
KS,2016,24,35,2016-09-04,11.0,,0.0,95.0,78.0,96.0
KS,2016,25,36,2016-09-11,15.0,,1.0,95.0,82.0,96.0
KS,2016,26,37,2016-09-18,23.0,,2.0,95.0,90.0,96.0
KS,2016,27,38,2016-09-25,39.0,,3.0,95.0,94.0,96.0
KS,2016,28,39,2016-10-02,51.0,,4.0,95.0,96.0,96.0
KS,2016,29,40,2016-10-09,67.0,,6.0,95.0,96.0,96.0
KS,2016,30,41,2016-10-16,75.0,,7.0,95.0,96.0,96.0
KS,2016,31,42,2016-10-23,83.0,,8.0,95.0,96.0,96.0
KS,2016,32,43,2016-10-30,91.0,,13.0,95.0,96.0,96.0
KS,2016,33,44,2016-11-06,95.0,,21.0,95.0,96.0,96.0
KS,2016,34,45,2016-11-13,95.0,,35.0,95.0,96.0,96.0
KS,2016,35,46,2016-11-20,95.0,,54.0,95.0,96.0,96.0
KS,2016,36,47,2016-11-27,95.0,,69.0,95.0,96.0,96.0
KS,2017,2,13,2017-04-02,0.0,,0.0,0.0,0.0,0.0
KS,2017,3,14,2017-04-09,0.0,,0.0,0.0,0.0,0.0
KS,2017,4,15,2017-04-16,0.0,,0.0,0.0,0.0,0.0
KS,2017,5,16,2017-04-23,0.0,,0.0,0.0,0.0,0.0
KS,2017,6,17,2017-04-30,0.0,,0.0,0.0,0.0,0.0
KS,2017,7,18,2017-05-07,0.0,,0.0,1.0,0.0,0.0
KS,2017,8,19,2017-05-14,0.0,,0.0,2.0,0.0,0.0
KS,2017,9,20,2017-05-21,0.0,,0.0,8.0,0.0,0.0
KS,2017,10,21,2017-05-28,0.0,,0.0,32.0,0.0,0.0
KS,2017,11,22,2017-06-04,0.0,,0.0,63.0,0.0,0.0
KS,2017,12,23,2017-06-11,0.0,,0.0,81.0,0.0,0.0
KS,2017,13,24,2017-06-18,0.0,,0.0,89.0,0.0,1.0
KS,2017,14,25,2017-06-25,0.0,,0.0,93.0,0.0,5.0
KS,2017,15,26,2017-07-02,0.0,,0.0,98.0,0.0,9.0
KS,2017,16,27,2017-07-09,0.0,,0.0,98.0,0.0,18.0
KS,2017,17,28,2017-07-16,0.0,,0.0,98.0,0.0,26.0
KS,2017,18,29,2017-07-23,0.0,,0.0,98.0,8.0,44.0
KS,2017,19,30,2017-07-30,0.0,,0.0,98.0,21.0,60.0
KS,2017,20,31,2017-08-06,1.0,,0.0,98.0,29.0,69.0
KS,2017,21,32,2017-08-13,2.0,,0.0,98.0,37.0,80.0
KS,2017,22,33,2017-08-20,7.0,,0.0,98.0,44.0,86.0
KS,2017,23,34,2017-08-27,10.0,,0.0,98.0,54.0,95.0
KS,2017,24,35,2017-09-03,15.0,,0.0,98.0,70.0,95.0
KS,2017,25,36,2017-09-10,23.0,,1.0,98.0,77.0,95.0
KS,2017,26,37,2017-09-17,29.0,,2.0,98.0,90.0,95.0
KS,2017,27,38,2017-09-24,41.0,,3.0,98.0,93.0,95.0
KS,2017,28,39,2017-10-01,49.0,,4.0,98.0,98.0,95.0
KS,2017,29,40,2017-10-08,58.0,,5.0,98.0,98.0,95.0
KS,2017,30,41,2017-10-15,72.0,,7.0,98.0,98.0,95.0
KS,2017,31,42,2017-10-22,87.0,,9.0,98.0,98.0,95.0
KS,2017,32,43,2017-10-29,93.0,,12.0,98.0,98.0,95.0
KS,2017,33,44,2017-11-05,97.0,,17.0,98.0,98.0,95.0
KS,2017,34,45,2017-11-12,97.0,,25.0,98.0,98.0,95.0
KS,2017,35,46,2017-11-19,97.0,,39.0,98.0,98.0,95.0
KS,2017,36,47,2017-11-26,97.0,,58.0,98.0,98.0,95.0
KS,2018,2,13,2018-04-01,0.0,,0.0,0.0,0.0,0.0
KS,2018,3,14,2018-04-08,0.0,,0.0,0.0,0.0,0.0
KS,2018,4,15,2018-04-15,0.0,,0.0,0.0,0.0,0.0
KS,2018,5,16,2018-04-22,0.0,,0.0,0.0,0.0,0.0
KS,2018,6,17,2018-04-29,0.0,,0.0,0.0,0.0,0.0
KS,2018,7,18,2018-05-06,0.0,,0.0,2.0,0.0,0.0
KS,2018,8,19,2018-05-13,0.0,,0.0,5.0,0.0,0.0
KS,2018,9,20,2018-05-20,0.0,,0.0,30.0,0.0,0.0
KS,2018,10,21,2018-05-27,0.0,,0.0,62.0,0.0,0.0
KS,2018,11,22,2018-06-03,0.0,,0.0,77.0,0.0,0.0
KS,2018,12,23,2018-06-10,0.0,,0.0,91.0,0.0,1.0
KS,2018,13,24,2018-06-17,0.0,,0.0,97.0,0.0,6.0
KS,2018,14,25,2018-06-24,0.0,,0.0,97.0,0.0,30.0
KS,2018,15,26,2018-07-01,0.0,,0.0,97.0,0.0,38.0
KS,2018,16,27,2018-07-08,0.0,,0.0,97.0,0.0,55.0
KS,2018,17,28,2018-07-15,0.0,,0.0,97.0,2.0,69.0
KS,2018,18,29,2018-07-22,0.0,,0.0,97.0,11.0,85.0
KS,2018,19,30,2018-07-29,0.0,,0.0,97.0,20.0,92.0
KS,2018,20,31,2018-08-05,0.0,,0.0,97.0,34.0,96.0
KS,2018,21,32,2018-08-12,1.0,,0.0,97.0,54.0,99.0
KS,2018,22,33,2018-08-19,2.0,,0.0,97.0,70.0,99.0
KS,2018,23,34,2018-08-26,8.0,,0.0,97.0,88.0,99.0
KS,2018,24,35,2018-09-02,17.0,,0.0,97.0,95.0,99.0
KS,2018,25,36,2018-09-09,24.0,,0.0,97.0,95.0,99.0
KS,2018,26,37,2018-09-16,38.0,,0.0,97.0,95.0,99.0
KS,2018,27,38,2018-09-23,52.0,,0.0,97.0,95.0,99.0
KS,2018,28,39,2018-09-30,64.0,,0.0,97.0,95.0,99.0
KS,2018,29,40,2018-10-07,73.0,,1.0,97.0,95.0,99.0
KS,2018,30,41,2018-10-14,77.0,,2.0,97.0,95.0,99.0
KS,2018,31,42,2018-10-21,84.0,,3.0,97.0,95.0,99.0
KS,2018,32,43,2018-10-28,88.0,,4.0,97.0,95.0,99.0
KS,2018,33,44,2018-11-04,95.0,,8.0,97.0,95.0,99.0
KS,2018,34,45,2018-11-11,97.0,,19.0,97.0,95.0,99.0
KS,2018,35,46,2018-11-18,97.0,,25.0,97.0,95.0,99.0
KS,2018,36,47,2018-11-25,97.0,,38.0,97.0,95.0,99.0
KS,2019,2,13,2019-03-31,0.0,,0.0,0.0,0.0,0.0
KS,2019,3,14,2019-04-07,0.0,,0.0,0.0,0.0,0.0
KS,2019,4,15,2019-04-14,0.0,,0.0,0.0,0.0,0.0
KS,2019,5,16,2019-04-21,0.0,,0.0,0.0,0.0,0.0
KS,2019,6,17,2019-04-28,0.0,,0.0,0.0,0.0,0.0
KS,2019,7,18,2019-05-05,0.0,,0.0,4.0,0.0,0.0
KS,2019,8,19,2019-05-12,0.0,,0.0,5.0,0.0,0.0
KS,2019,9,20,2019-05-19,0.0,,0.0,18.0,0.0,0.0
KS,2019,10,21,2019-05-26,0.0,,0.0,24.0,0.0,0.0
KS,2019,11,22,2019-06-02,0.0,,0.0,48.0,0.0,0.0
KS,2019,12,23,2019-06-09,0.0,,0.0,76.0,0.0,0.0
KS,2019,13,24,2019-06-16,0.0,,0.0,91.0,0.0,0.0
KS,2019,14,25,2019-06-23,0.0,,0.0,98.0,0.0,1.0
KS,2019,15,26,2019-06-30,0.0,,0.0,98.0,0.0,19.0
KS,2019,16,27,2019-07-07,0.0,,0.0,98.0,0.0,23.0
KS,2019,17,28,2019-07-14,0.0,,0.0,98.0,2.0,40.0
KS,2019,18,29,2019-07-21,0.0,,0.0,98.0,10.0,60.0
KS,2019,19,30,2019-07-28,0.0,,0.0,98.0,15.0,67.0
KS,2019,20,31,2019-08-04,0.0,,0.0,98.0,26.0,78.0
KS,2019,21,32,2019-08-11,1.0,,0.0,98.0,38.0,85.0
KS,2019,22,33,2019-08-18,1.0,,0.0,98.0,55.0,92.0
KS,2019,23,34,2019-08-25,2.0,,0.0,98.0,69.0,94.0
KS,2019,24,35,2019-09-01,4.0,,0.0,98.0,81.0,96.0
KS,2019,25,36,2019-09-08,9.0,,0.0,98.0,87.0,96.0
KS,2019,26,37,2019-09-15,17.0,,0.0,98.0,94.0,96.0
KS,2019,27,38,2019-09-22,27.0,,0.0,98.0,96.0,96.0
KS,2019,28,39,2019-09-29,46.0,,0.0,98.0,96.0,96.0
KS,2019,29,40,2019-10-06,65.0,,0.0,98.0,96.0,96.0
KS,2019,30,41,2019-10-13,84.0,,0.0,98.0,96.0,96.0
KS,2019,31,42,2019-10-20,91.0,,4.0,98.0,96.0,96.0
KS,2019,32,43,2019-10-27,95.0,,9.0,98.0,96.0,96.0
KS,2019,33,44,2019-11-03,95.0,,18.0,98.0,96.0,96.0
KS,2019,34,45,2019-11-10,95.0,,26.0,98.0,96.0,96.0
KS,2019,35,46,2019-11-17,95.0,,44.0,98.0,96.0,96.0
KS,2019,36,47,2019-11-24,95.0,,64.0,98.0,96.0,96.0
KS,2019,37,48,2019-12-01,95.0,,71.0,98.0,96.0,96.0
KS,2019,38,49,2019-12-08,95.0,,82.0,98.0,96.0,96.0
KS,2020,3,14,2020-04-05,0.0,,0.0,0.0,0.0,0.0
KS,2020,4,15,2020-04-12,0.0,,0.0,0.0,0.0,0.0
KS,2020,5,16,2020-04-19,0.0,,0.0,0.0,0.0,0.0
KS,2020,6,17,2020-04-26,0.0,,0.0,0.0,0.0,0.0
KS,2020,7,18,2020-05-03,0.0,,0.0,4.0,0.0,0.0
KS,2020,8,19,2020-05-10,0.0,,0.0,18.0,0.0,0.0
KS,2020,9,20,2020-05-17,0.0,,0.0,29.0,0.0,0.0
KS,2020,10,21,2020-05-24,0.0,,0.0,53.0,0.0,0.0
KS,2020,11,22,2020-05-31,0.0,,0.0,73.0,0.0,0.0
KS,2020,12,23,2020-06-07,0.0,,0.0,94.0,0.0,1.0
KS,2020,13,24,2020-06-14,0.0,,0.0,97.0,0.0,5.0
KS,2020,14,25,2020-06-21,0.0,,0.0,99.0,0.0,12.0
KS,2020,15,26,2020-06-28,0.0,,0.0,99.0,3.0,27.0
KS,2020,16,27,2020-07-05,0.0,,0.0,99.0,4.0,45.0
KS,2020,17,28,2020-07-12,0.0,,0.0,99.0,8.0,62.0
KS,2020,18,29,2020-07-19,0.0,,0.0,99.0,17.0,76.0
KS,2020,19,30,2020-07-26,0.0,,0.0,99.0,22.0,81.0
KS,2020,20,31,2020-08-02,0.0,,0.0,99.0,28.0,86.0
KS,2020,21,32,2020-08-09,1.0,,0.0,99.0,40.0,89.0
KS,2020,22,33,2020-08-16,3.0,,0.0,99.0,56.0,93.0
KS,2020,23,34,2020-08-23,9.0,,0.0,99.0,78.0,96.0
KS,2020,24,35,2020-08-30,17.0,,0.0,99.0,89.0,96.0
KS,2020,25,36,2020-09-06,21.0,,0.0,99.0,93.0,96.0
KS,2020,26,37,2020-09-13,26.0,,0.0,99.0,95.0,96.0
KS,2020,27,38,2020-09-20,41.0,,0.0,99.0,95.0,96.0
KS,2020,28,39,2020-09-27,54.0,,1.0,99.0,95.0,96.0
KS,2020,29,40,2020-10-04,64.0,,1.0,99.0,95.0,96.0
KS,2020,30,41,2020-10-11,79.0,,2.0,99.0,95.0,96.0
KS,2020,31,42,2020-10-18,88.0,,6.0,99.0,95.0,96.0
KS,2020,32,43,2020-10-25,92.0,,11.0,99.0,95.0,96.0
KS,2020,33,44,2020-11-01,96.0,,20.0,99.0,95.0,96.0
KS,2020,34,45,2020-11-08,96.0,,31.0,99.0,95.0,96.0
KS,2020,35,46,2020-11-15,96.0,,42.0,99.0,95.0,96.0
KS,2020,36,47,2020-11-22,96.0,,51.0,99.0,95.0,96.0
KS,2020,37,48,2020-11-29,96.0,,62.0,99.0,95.0,96.0
KS,2021,2,13,2021-04-04,0.0,,0.0,0.0,0.0,0.0
KS,2021,3,14,2021-04-11,0.0,,0.0,0.0,0.0,0.0
KS,2021,4,15,2021-04-18,0.0,,0.0,0.0,0.0,0.0
KS,2021,5,16,2021-04-25,0.0,,0.0,0.0,0.0,0.0
KS,2021,6,17,2021-05-02,0.0,,0.0,1.0,0.0,0.0
KS,2021,7,18,2021-05-09,0.0,,0.0,13.0,0.0,0.0
KS,2021,8,19,2021-05-16,0.0,,0.0,30.0,0.0,0.0
KS,2021,9,20,2021-05-23,0.0,,0.0,39.0,0.0,0.0
KS,2021,10,21,2021-05-30,0.0,,0.0,66.0,0.0,0.0
KS,2021,11,22,2021-06-06,0.0,,0.0,89.0,0.0,2.0
KS,2021,12,23,2021-06-13,0.0,,0.0,96.0,0.0,11.0
KS,2021,13,24,2021-06-20,0.0,,0.0,96.0,0.0,20.0
KS,2021,14,25,2021-06-27,0.0,,0.0,98.0,0.0,29.0
KS,2021,15,26,2021-07-04,0.0,,0.0,98.0,0.0,42.0
KS,2021,16,27,2021-07-11,0.0,,0.0,98.0,1.0,62.0
KS,2021,17,28,2021-07-18,0.0,,0.0,98.0,9.0,79.0
KS,2021,18,29,2021-07-25,0.0,,0.0,98.0,11.0,81.0
KS,2021,19,30,2021-08-01,0.0,,0.0,98.0,43.0,84.0
KS,2021,20,31,2021-08-08,4.0,,0.0,98.0,65.0,87.0
KS,2021,21,32,2021-08-15,5.0,,0.0,98.0,79.0,97.0
KS,2021,22,33,2021-08-22,8.0,,0.0,98.0,85.0,98.0
KS,2021,23,34,2021-08-29,20.0,,0.0,98.0,89.0,98.0
KS,2021,24,35,2021-09-05,27.0,,0.0,98.0,93.0,98.0
KS,2021,25,36,2021-09-12,38.0,,0.0,98.0,96.0,98.0
KS,2021,26,37,2021-09-19,46.0,,0.0,98.0,96.0,98.0
KS,2021,27,38,2021-09-26,54.0,,1.0,98.0,96.0,98.0
KS,2021,28,39,2021-10-03,71.0,,1.0,98.0,96.0,98.0
KS,2021,29,40,2021-10-10,83.0,,2.0,98.0,96.0,98.0
KS,2021,30,41,2021-10-17,90.0,,3.0,98.0,96.0,98.0
KS,2021,31,42,2021-10-24,92.0,,5.0,98.0,96.0,98.0
KS,2021,32,43,2021-10-31,97.0,,11.0,98.0,96.0,98.0
KS,2021,33,44,2021-11-07,99.0,,17.0,98.0,96.0,98.0
KS,2021,34,45,2021-11-14,99.0,,30.0,98.0,96.0,98.0
KS,2021,35,46,2021-11-21,99.0,,47.0,98.0,96.0,98.0
KS,2021,36,47,2021-11-28,99.0,,70.0,98.0,96.0,98.0
KS,2021,37,48,2021-12-05,99.0,,88.0,98.0,96.0,98.0
KS,2021,38,49,2021-12-12,99.0,,95.0,98.0,96.0,98.0
KS,2022,2,13,2022-04-03,0.0,,0.0,0.0,0.0,0.0
KS,2022,3,14,2022-04-10,0.0,,0.0,0.0,0.0,0.0
KS,2022,4,15,2022-04-17,0.0,,0.0,0.0,0.0,0.0
KS,2022,5,16,2022-04-24,0.0,,0.0,1.0,0.0,0.0
KS,2022,6,17,2022-05-01,0.0,,0.0,3.0,0.0,0.0
KS,2022,7,18,2022-05-08,0.0,,0.0,11.0,0.0,0.0
KS,2022,8,19,2022-05-15,0.0,,0.0,41.0,0.0,0.0
KS,2022,9,20,2022-05-22,0.0,,0.0,70.0,0.0,0.0
KS,2022,10,21,2022-05-29,0.0,,0.0,84.0,0.0,0.0
KS,2022,11,22,2022-06-05,0.0,,0.0,92.0,0.0,0.0
KS,2022,12,23,2022-06-12,0.0,,0.0,96.0,0.0,9.0
KS,2022,13,24,2022-06-19,0.0,,0.0,98.0,0.0,13.0
KS,2022,14,25,2022-06-26,0.0,,0.0,98.0,0.0,28.0
KS,2022,15,26,2022-07-03,0.0,,0.0,98.0,0.0,51.0
KS,2022,16,27,2022-07-10,0.0,,0.0,98.0,5.0,66.0
KS,2022,17,28,2022-07-17,0.0,,0.0,98.0,23.0,83.0
KS,2022,18,29,2022-07-24,0.0,,0.0,98.0,40.0,97.0
KS,2022,19,30,2022-07-31,0.0,,0.0,98.0,61.0,98.0
KS,2022,20,31,2022-08-07,2.0,,0.0,98.0,78.0,100.0
KS,2022,21,32,2022-08-14,12.0,,0.0,98.0,92.0,100.0
KS,2022,22,33,2022-08-21,17.0,,0.0,98.0,96.0,100.0
KS,2022,23,34,2022-08-28,21.0,,0.0,98.0,99.0,100.0
KS,2022,24,35,2022-09-04,28.0,,0.0,98.0,100.0,100.0
KS,2022,25,36,2022-09-11,37.0,,0.0,98.0,100.0,100.0
KS,2022,26,37,2022-09-18,55.0,,0.0,98.0,100.0,100.0
KS,2022,27,38,2022-09-25,61.0,,2.0,98.0,100.0,100.0
KS,2022,28,39,2022-10-02,76.0,,7.0,98.0,100.0,100.0
KS,2022,29,40,2022-10-09,81.0,,16.0,98.0,100.0,100.0
KS,2022,30,41,2022-10-16,88.0,,26.0,98.0,100.0,100.0
KS,2022,31,42,2022-10-23,92.0,,45.0,98.0,100.0,100.0
KS,2022,32,43,2022-10-30,95.0,,50.0,98.0,100.0,100.0
KS,2022,33,44,2022-11-06,95.0,,65.0,98.0,100.0,100.0
KS,2022,34,45,2022-11-13,95.0,,79.0,98.0,100.0,100.0
KS,2022,35,46,2022-11-20,95.0,,85.0,98.0,100.0,100.0
KS,2022,36,47,2022-11-27,95.0,,91.0,98.0,100.0,100.0
KS,2022,37,48,2022-12-04,95.0,,95.0,98.0,100.0,100.0
KS,2023,2,13,2023-04-02,0.0,,0.0,0.0,0.0,0.0
KS,2023,3,14,2023-04-09,0.0,,0.0,0.0,0.0,0.0
KS,2023,4,15,2023-04-16,0.0,,0.0,0.0,0.0,0.0
KS,2023,5,16,2023-04-23,0.0,,0.0,0.0,0.0,0.0
KS,2023,6,17,2023-04-30,0.0,,0.0,1.0,0.0,0.0
KS,2023,7,18,2023-05-07,0.0,,0.0,3.0,0.0,0.0
KS,2023,8,19,2023-05-14,0.0,,0.0,35.0,0.0,0.0
KS,2023,9,20,2023-05-21,0.0,,0.0,40.0,0.0,0.0
KS,2023,10,21,2023-05-28,0.0,,0.0,59.0,0.0,0.0
KS,2023,11,22,2023-06-04,0.0,,0.0,69.0,0.0,3.0
KS,2023,12,23,2023-06-11,0.0,,0.0,81.0,0.0,8.0
KS,2023,13,24,2023-06-18,0.0,,0.0,88.0,1.0,16.0
KS,2023,14,25,2023-06-25,0.0,,0.0,96.0,2.0,29.0
KS,2023,15,26,2023-07-02,0.0,,0.0,96.0,3.0,41.0
KS,2023,16,27,2023-07-09,0.0,,0.0,96.0,5.0,57.0
KS,2023,17,28,2023-07-16,0.0,,0.0,96.0,12.0,72.0
KS,2023,18,29,2023-07-23,0.0,,0.0,96.0,36.0,88.0
KS,2023,19,30,2023-07-30,0.0,,0.0,96.0,53.0,90.0
KS,2023,20,31,2023-08-06,1.0,,0.0,96.0,72.0,92.0
KS,2023,21,32,2023-08-13,8.0,,0.0,96.0,79.0,94.0
KS,2023,22,33,2023-08-20,10.0,,0.0,96.0,85.0,95.0
KS,2023,23,34,2023-08-27,26.0,,0.0,96.0,89.0,95.0
KS,2023,24,35,2023-09-03,37.0,,0.0,96.0,93.0,95.0
KS,2023,25,36,2023-09-10,58.0,,0.0,96.0,97.0,95.0
KS,2023,26,37,2023-09-17,81.0,,0.0,96.0,97.0,95.0
KS,2023,27,38,2023-09-24,89.0,,1.0,96.0,97.0,95.0
KS,2023,28,39,2023-10-01,91.0,,5.0,96.0,97.0,95.0
KS,2023,29,40,2023-10-08,92.0,,9.0,96.0,97.0,95.0
KS,2023,30,41,2023-10-15,96.0,,17.0,96.0,97.0,95.0
KS,2023,31,42,2023-10-22,100.0,,30.0,96.0,97.0,95.0
KS,2023,32,43,2023-10-29,100.0,,35.0,96.0,97.0,95.0
KS,2023,33,44,2023-11-05,100.0,,42.0,96.0,97.0,95.0
KS,2023,34,45,2023-11-12,100.0,,65.0,96.0,97.0,95.0
KS,2023,35,46,2023-11-19,100.0,,73.0,96.0,97.0,95.0
KS,2023,36,47,2023-11-26,100.0,,80.0,96.0,97.0,95.0
KS,2023,37,48,2023-12-03,100.0,,92.0,96.0,97.0,95.0
KS,2023,38,49,2023-12-10,100.0,,95.0,96.0,97.0,95.0
KS,2024,2,13,2024-03-31,0.0,,0.0,0.0,0.0,0.0
KS,2024,3,14,2024-04-07,0.0,,0.0,0.0,0.0,0.0
KS,2024,4,15,2024-04-14,0.0,,0.0,0.0,0.0,0.0
KS,2024,5,16,2024-04-21,0.0,,0.0,0.0,0.0,0.0
KS,2024,6,17,2024-04-28,0.0,,0.0,1.0,0.0,0.0
KS,2024,7,18,2024-05-05,0.0,,0.0,4.0,0.0,0.0
KS,2024,8,19,2024-05-12,0.0,,0.0,18.0,0.0,0.0
KS,2024,9,20,2024-05-19,0.0,,0.0,38.0,0.0,0.0
KS,2024,10,21,2024-05-26,0.0,,0.0,72.0,0.0,0.0
KS,2024,11,22,2024-06-02,0.0,,0.0,84.0,0.0,0.0
KS,2024,12,23,2024-06-09,0.0,,0.0,92.0,0.0,4.0
KS,2024,13,24,2024-06-16,0.0,,0.0,95.0,0.0,10.0
KS,2024,14,25,2024-06-23,0.0,,0.0,96.0,0.0,30.0
KS,2024,15,26,2024-06-30,0.0,,0.0,100.0,1.0,47.0
KS,2024,16,27,2024-07-07,0.0,,0.0,100.0,7.0,63.0
KS,2024,17,28,2024-07-14,0.0,,0.0,100.0,37.0,73.0
KS,2024,18,29,2024-07-21,0.0,,0.0,100.0,51.0,86.0
KS,2024,19,30,2024-07-28,0.0,,0.0,100.0,58.0,96.0
KS,2024,20,31,2024-08-04,2.0,,0.0,100.0,72.0,96.0
KS,2024,21,32,2024-08-11,8.0,,0.0,100.0,84.0,97.0
KS,2024,22,33,2024-08-18,12.0,,0.0,100.0,93.0,97.0
KS,2024,23,34,2024-08-25,18.0,,0.0,100.0,95.0,97.0
KS,2024,24,35,2024-09-01,38.0,,0.0,100.0,96.0,97.0
KS,2024,25,36,2024-09-08,44.0,,0.0,100.0,96.0,97.0
KS,2024,26,37,2024-09-15,53.0,,0.0,100.0,96.0,97.0
KS,2024,27,38,2024-09-22,66.0,,1.0,100.0,96.0,97.0
KS,2024,28,39,2024-09-29,81.0,,8.0,100.0,96.0,97.0
KS,2024,29,40,2024-10-06,84.0,,10.0,100.0,96.0,97.0
KS,2024,30,41,2024-10-13,90.0,,23.0,100.0,96.0,97.0
KS,2024,31,42,2024-10-20,97.0,,40.0,100.0,96.0,97.0
KS,2024,32,43,2024-10-27,98.0,,44.0,100.0,96.0,97.0
KS,2024,33,44,2024-11-03,98.0,,50.0,100.0,96.0,97.0
KS,2024,34,45,2024-11-10,98.0,,57.0,100.0,96.0,97.0
KS,2024,35,46,2024-11-17,98.0,,67.0,100.0,96.0,97.0
KS,2024,36,47,2024-11-24,98.0,,71.0,100.0,96.0,97.0
KS,2024,37,48,2024-12-01,98.0,,79.0,100.0,96.0,97.0
KS,2024,38,49,2024-12-08,98.0,,87.0,100.0,96.0,97.0
KS,2024,39,50,2024-12-15,98.0,,95.0,100.0,96.0,97.0
KS,2025,3,14,2025-04-06,0.0,,0.0,0.0,0.0,0.0
KS,2025,4,15,2025-04-13,0.0,,0.0,0.0,0.0,0.0
KS,2025,5,16,2025-04-20,0.0,,0.0,0.0,0.0,0.0
KS,2025,6,17,2025-04-27,0.0,,0.0,0.0,0.0,0.0
KS,2025,7,18,2025-05-04,0.0,,0.0,0.0,0.0,0.0
KS,2025,8,19,2025-05-11,0.0,,0.0,5.0,0.0,0.0
KS,2025,9,20,2025-05-18,0.0,,0.0,48.0,0.0,0.0
KS,2025,10,21,2025-05-25,0.0,,0.0,74.0,0.0,0.0
KS,2025,11,22,2025-06-01,0.0,,0.0,82.0,0.0,0.0
KS,2025,12,23,2025-06-08,0.0,,0.0,90.0,0.0,1.0
KS,2025,13,24,2025-06-15,0.0,,0.0,92.0,0.0,2.0
KS,2025,14,25,2025-06-22,0.0,,0.0,95.0,0.0,5.0
KS,2025,15,26,2025-06-29,0.0,,0.0,97.0,1.0,12.0
KS,2025,16,27,2025-07-06,0.0,,0.0,97.0,4.0,30.0
KS,2025,17,28,2025-07-13,0.0,,0.0,97.0,6.0,45.0
KS,2025,18,29,2025-07-20,0.0,,0.0,97.0,20.0,66.0
KS,2025,19,30,2025-07-27,0.0,,0.0,97.0,27.0,85.0
KS,2025,20,31,2025-08-03,0.0,,0.0,97.0,48.0,95.0
KS,2025,21,32,2025-08-10,2.0,,0.0,97.0,73.0,96.0
KS,2025,22,33,2025-08-17,9.0,,0.0,97.0,91.0,97.0
KS,2025,23,34,2025-08-24,13.0,,0.0,97.0,96.0,97.0
KS,2025,24,35,2025-08-31,16.0,,0.0,97.0,98.0,97.0
KS,2025,25,36,2025-09-07,17.0,,0.0,97.0,99.0,97.0
KS,2025,26,37,2025-09-14,20.0,,0.0,97.0,99.0,97.0
KS,2025,27,38,2025-09-21,22.0,,0.0,97.0,99.0,97.0
KS,2025,28,39,2025-09-28,26.0,,0.0,97.0,99.0,97.0
KS,2025,35,46,2025-11-16,26.0,,30.0,97.0,99.0,97.0
KS,2025,36,47,2025-11-23,26.0,,52.0,97.0,99.0,97.0
LA,2016,2,13,2016-04-03,0.0,0.0,0.0,0.0,0.0,0.0
LA,2016,3,14,2016-04-10,0.0,0.0,0.0,0.0,0.0,0.0
LA,2016,4,15,2016-04-17,0.0,0.0,0.0,0.0,0.0,0.0
LA,2016,5,16,2016-04-24,0.0,0.0,0.0,3.0,0.0,0.0
LA,2016,6,17,2016-05-01,0.0,3.0,0.0,15.0,0.0,0.0
LA,2016,7,18,2016-05-08,0.0,15.0,0.0,39.0,0.0,0.0
LA,2016,8,19,2016-05-15,0.0,36.0,0.0,54.0,0.0,0.0
LA,2016,9,20,2016-05-22,0.0,59.0,0.0,79.0,0.0,0.0
LA,2016,10,21,2016-05-29,0.0,80.0,0.0,92.0,0.0,2.0
LA,2016,11,22,2016-06-05,0.0,88.0,0.0,97.0,0.0,8.0
LA,2016,12,23,2016-06-12,0.0,92.0,0.0,99.0,0.0,13.0
LA,2016,13,24,2016-06-19,0.0,96.0,0.0,100.0,1.0,42.0
LA,2016,14,25,2016-06-26,0.0,98.0,0.0,100.0,8.0,58.0
LA,2016,15,26,2016-07-03,0.0,100.0,0.0,100.0,19.0,75.0
LA,2016,16,27,2016-07-10,0.0,100.0,0.0,100.0,46.0,85.0
LA,2016,17,28,2016-07-17,1.0,100.0,0.0,100.0,65.0,91.0
LA,2016,18,29,2016-07-24,6.0,100.0,0.0,100.0,76.0,98.0
LA,2016,19,30,2016-07-31,15.0,100.0,0.0,100.0,85.0,100.0
LA,2016,20,31,2016-08-07,20.0,100.0,0.0,100.0,95.0,100.0
LA,2016,21,32,2016-08-14,34.0,100.0,0.0,100.0,97.0,100.0
LA,2016,22,33,2016-08-21,44.0,100.0,0.0,100.0,99.0,100.0
LA,2016,23,34,2016-08-28,63.0,100.0,0.0,100.0,100.0,100.0
LA,2016,24,35,2016-09-04,83.0,100.0,0.0,100.0,100.0,100.0
LA,2016,25,36,2016-09-11,92.0,100.0,2.0,100.0,100.0,100.0
LA,2016,26,37,2016-09-18,96.0,100.0,10.0,100.0,100.0,100.0
LA,2016,27,38,2016-09-25,99.0,100.0,27.0,100.0,100.0,100.0
LA,2016,28,39,2016-10-02,100.0,100.0,46.0,100.0,100.0,100.0
LA,2016,29,40,2016-10-09,100.0,100.0,67.0,100.0,100.0,100.0
LA,2016,30,41,2016-10-16,100.0,100.0,87.0,100.0,100.0,100.0
LA,2016,31,42,2016-10-23,100.0,100.0,95.0,100.0,100.0,100.0
LA,2016,32,43,2016-10-30,100.0,100.0,99.0,100.0,100.0,100.0
LA,2016,33,44,2016-11-06,100.0,100.0,100.0,100.0,100.0,100.0
LA,2016,34,45,2016-11-13,100.0,100.0,100.0,100.0,100.0,100.0
LA,2016,35,46,2016-11-20,100.0,100.0,100.0,100.0,100.0,100.0
LA,2016,36,47,2016-11-27,100.0,100.0,100.0,100.0,100.0,100.0
LA,2017,2,13,2017-04-02,0.0,0.0,0.0,0.0,0.0,0.0
LA,2017,3,14,2017-04-09,0.0,0.0,0.0,1.0,0.0,0.0
LA,2017,4,15,2017-04-16,0.0,0.0,0.0,18.0,0.0,0.0
LA,2017,5,16,2017-04-23,0.0,10.0,0.0,37.0,0.0,0.0
LA,2017,6,17,2017-04-30,0.0,29.0,0.0,51.0,0.0,0.0
LA,2017,7,18,2017-05-07,0.0,45.0,0.0,68.0,0.0,0.0
LA,2017,8,19,2017-05-14,0.0,59.0,0.0,84.0,0.0,0.0
LA,2017,9,20,2017-05-21,0.0,83.0,0.0,95.0,0.0,1.0
LA,2017,10,21,2017-05-28,0.0,89.0,0.0,98.0,0.0,8.0
LA,2017,11,22,2017-06-04,0.0,95.0,0.0,100.0,0.0,21.0
LA,2017,12,23,2017-06-11,0.0,99.0,0.0,100.0,0.0,36.0
LA,2017,13,24,2017-06-18,0.0,100.0,0.0,100.0,8.0,54.0
LA,2017,14,25,2017-06-25,0.0,100.0,0.0,100.0,15.0,69.0
LA,2017,15,26,2017-07-02,0.0,100.0,0.0,100.0,31.0,85.0
LA,2017,16,27,2017-07-09,2.0,100.0,0.0,100.0,54.0,93.0
LA,2017,17,28,2017-07-16,7.0,100.0,0.0,100.0,69.0,97.0
LA,2017,18,29,2017-07-23,10.0,100.0,0.0,100.0,77.0,99.0
LA,2017,19,30,2017-07-30,14.0,100.0,0.0,100.0,88.0,100.0
LA,2017,20,31,2017-08-06,16.0,100.0,0.0,100.0,94.0,100.0
LA,2017,21,32,2017-08-13,19.0,100.0,0.0,100.0,98.0,100.0
LA,2017,22,33,2017-08-20,30.0,100.0,0.0,100.0,99.0,100.0
LA,2017,23,34,2017-08-27,43.0,100.0,0.0,100.0,100.0,100.0
LA,2017,24,35,2017-09-03,72.0,100.0,0.0,100.0,100.0,100.0
LA,2017,25,36,2017-09-10,82.0,100.0,1.0,100.0,100.0,100.0
LA,2017,26,37,2017-09-17,93.0,100.0,8.0,100.0,100.0,100.0
LA,2017,27,38,2017-09-24,98.0,100.0,26.0,100.0,100.0,100.0
LA,2017,28,39,2017-10-01,99.0,100.0,43.0,100.0,100.0,100.0
LA,2017,29,40,2017-10-08,100.0,100.0,63.0,100.0,100.0,100.0
LA,2017,30,41,2017-10-15,100.0,100.0,76.0,100.0,100.0,100.0
LA,2017,31,42,2017-10-22,100.0,100.0,83.0,100.0,100.0,100.0
LA,2017,32,43,2017-10-29,100.0,100.0,94.0,100.0,100.0,100.0
LA,2017,33,44,2017-11-05,100.0,100.0,98.0,100.0,100.0,100.0
LA,2017,34,45,2017-11-12,100.0,100.0,100.0,100.0,100.0,100.0
LA,2017,35,46,2017-11-19,100.0,100.0,100.0,100.0,100.0,100.0
LA,2017,36,47,2017-11-26,100.0,100.0,100.0,100.0,100.0,100.0
LA,2018,2,13,2018-04-01,0.0,0.0,0.0,0.0,0.0,0.0
LA,2018,3,14,2018-04-08,0.0,0.0,0.0,0.0,0.0,0.0
LA,2018,4,15,2018-04-15,0.0,0.0,0.0,0.0,0.0,0.0
LA,2018,5,16,2018-04-22,0.0,0.0,0.0,0.0,0.0,0.0
LA,2018,6,17,2018-04-29,0.0,0.0,0.0,5.0,0.0,0.0
LA,2018,7,18,2018-05-06,0.0,0.0,0.0,27.0,0.0,0.0
LA,2018,8,19,2018-05-13,0.0,0.0,0.0,64.0,0.0,0.0
LA,2018,9,20,2018-05-20,0.0,51.0,0.0,88.0,0.0,0.0
LA,2018,10,21,2018-05-27,0.0,83.0,0.0,96.0,0.0,0.0
LA,2018,11,22,2018-06-03,0.0,92.0,0.0,99.0,0.0,5.0
LA,2018,12,23,2018-06-10,0.0,98.0,0.0,100.0,0.0,40.0
LA,2018,13,24,2018-06-17,0.0,100.0,0.0,100.0,1.0,67.0
LA,2018,14,25,2018-06-24,0.0,100.0,0.0,100.0,7.0,83.0
LA,2018,15,26,2018-07-01,0.0,100.0,0.0,100.0,36.0,89.0
LA,2018,16,27,2018-07-08,0.0,100.0,0.0,100.0,68.0,95.0
LA,2018,17,28,2018-07-15,0.0,100.0,0.0,100.0,77.0,98.0
LA,2018,18,29,2018-07-22,2.0,100.0,0.0,100.0,90.0,99.0
LA,2018,19,30,2018-07-29,12.0,100.0,0.0,100.0,96.0,100.0
LA,2018,20,31,2018-08-05,17.0,100.0,0.0,100.0,99.0,100.0
LA,2018,21,32,2018-08-12,29.0,100.0,0.0,100.0,100.0,100.0
LA,2018,22,33,2018-08-19,48.0,100.0,0.0,100.0,100.0,100.0
LA,2018,23,34,2018-08-26,67.0,100.0,0.0,100.0,100.0,100.0
LA,2018,24,35,2018-09-02,79.0,100.0,1.0,100.0,100.0,100.0
LA,2018,25,36,2018-09-09,91.0,100.0,8.0,100.0,100.0,100.0
LA,2018,26,37,2018-09-16,95.0,100.0,14.0,100.0,100.0,100.0
LA,2018,27,38,2018-09-23,98.0,100.0,36.0,100.0,100.0,100.0
LA,2018,28,39,2018-09-30,99.0,100.0,38.0,100.0,100.0,100.0
LA,2018,29,40,2018-10-07,100.0,100.0,51.0,100.0,100.0,100.0
LA,2018,30,41,2018-10-14,100.0,100.0,65.0,100.0,100.0,100.0
LA,2018,31,42,2018-10-21,100.0,100.0,75.0,100.0,100.0,100.0
LA,2018,32,43,2018-10-28,100.0,100.0,86.0,100.0,100.0,100.0
LA,2018,33,44,2018-11-04,100.0,100.0,89.0,100.0,100.0,100.0
LA,2018,34,45,2018-11-11,100.0,100.0,92.0,100.0,100.0,100.0
LA,2018,35,46,2018-11-18,100.0,100.0,98.0,100.0,100.0,100.0
LA,2018,36,47,2018-11-25,100.0,100.0,99.0,100.0,100.0,100.0
LA,2018,37,48,2018-12-02,100.0,100.0,100.0,100.0,100.0,100.0
LA,2019,2,13,2019-03-31,0.0,0.0,0.0,0.0,0.0,0.0
LA,2019,3,14,2019-04-07,0.0,0.0,0.0,0.0,0.0,0.0
LA,2019,4,15,2019-04-14,0.0,0.0,0.0,0.0,0.0,0.0
LA,2019,5,16,2019-04-21,0.0,0.0,0.0,0.0,0.0,0.0
LA,2019,6,17,2019-04-28,0.0,0.0,0.0,3.0,0.0,0.0
LA,2019,7,18,2019-05-05,0.0,3.0,0.0,29.0,0.0,0.0
LA,2019,8,19,2019-05-12,0.0,15.0,0.0,38.0,0.0,0.0
LA,2019,9,20,2019-05-19,0.0,37.0,0.0,66.0,0.0,0.0
LA,2019,10,21,2019-05-26,0.0,65.0,0.0,84.0,0.0,0.0
LA,2019,11,22,2019-06-02,0.0,83.0,0.0,94.0,0.0,0.0
LA,2019,12,23,2019-06-09,0.0,90.0,0.0,98.0,0.0,4.0
LA,2019,13,24,2019-06-16,0.0,95.0,0.0,99.0,0.0,12.0
LA,2019,14,25,2019-06-23,0.0,99.0,0.0,100.0,0.0,37.0
LA,2019,15,26,2019-06-30,0.0,100.0,0.0,100.0,11.0,60.0
LA,2019,16,27,2019-07-07,0.0,100.0,0.0,100.0,24.0,78.0
LA,2019,17,28,2019-07-14,0.0,100.0,0.0,100.0,40.0,86.0
LA,2019,18,29,2019-07-21,1.0,100.0,0.0,100.0,59.0,93.0
LA,2019,19,30,2019-07-28,7.0,100.0,0.0,100.0,72.0,98.0
LA,2019,20,31,2019-08-04,13.0,100.0,0.0,100.0,91.0,100.0
LA,2019,21,32,2019-08-11,18.0,100.0,0.0,100.0,97.0,100.0
LA,2019,22,33,2019-08-18,23.0,100.0,0.0,100.0,99.0,100.0
LA,2019,23,34,2019-08-25,33.0,100.0,0.0,100.0,100.0,100.0
LA,2019,24,35,2019-09-01,53.0,100.0,0.0,100.0,100.0,100.0
LA,2019,25,36,2019-09-08,65.0,100.0,1.0,100.0,100.0,100.0
LA,2019,26,37,2019-09-15,77.0,100.0,9.0,100.0,100.0,100.0
LA,2019,27,38,2019-09-22,90.0,100.0,19.0,100.0,100.0,100.0
LA,2019,28,39,2019-09-29,94.0,100.0,33.0,100.0,100.0,100.0
LA,2019,29,40,2019-10-06,97.0,100.0,51.0,100.0,100.0,100.0
LA,2019,30,41,2019-10-13,100.0,100.0,72.0,100.0,100.0,100.0
LA,2019,31,42,2019-10-20,100.0,100.0,81.0,100.0,100.0,100.0
LA,2019,32,43,2019-10-27,100.0,100.0,88.0,100.0,100.0,100.0
LA,2019,33,44,2019-11-03,100.0,100.0,90.0,100.0,100.0,100.0
LA,2019,34,45,2019-11-10,100.0,100.0,96.0,100.0,100.0,100.0
LA,2019,35,46,2019-11-17,100.0,100.0,98.0,100.0,100.0,100.0
LA,2019,36,47,2019-11-24,100.0,100.0,99.0,100.0,100.0,100.0
LA,2019,37,48,2019-12-01,100.0,100.0,100.0,100.0,100.0,100.0
LA,2019,38,49,2019-12-08,100.0,100.0,100.0,100.0,100.0,100.0
LA,2020,3,14,2020-04-05,0.0,0.0,0.0,0.0,0.0,0.0
LA,2020,4,15,2020-04-12,0.0,0.0,0.0,6.0,0.0,0.0
LA,2020,5,16,2020-04-19,0.0,0.0,0.0,7.0,0.0,0.0
LA,2020,6,17,2020-04-26,0.0,5.0,0.0,11.0,0.0,0.0
LA,2020,7,18,2020-05-03,0.0,10.0,0.0,41.0,0.0,0.0
LA,2020,8,19,2020-05-10,0.0,26.0,0.0,54.0,0.0,0.0
LA,2020,9,20,2020-05-17,0.0,49.0,0.0,75.0,0.0,0.0
LA,2020,10,21,2020-05-24,0.0,64.0,0.0,83.0,0.0,0.0
LA,2020,11,22,2020-05-31,0.0,82.0,0.0,93.0,0.0,4.0
LA,2020,12,23,2020-06-07,0.0,91.0,0.0,98.0,0.0,13.0
LA,2020,13,24,2020-06-14,0.0,95.0,0.0,100.0,0.0,26.0
LA,2020,14,25,2020-06-21,0.0,97.0,0.0,100.0,6.0,45.0
LA,2020,15,26,2020-06-28,0.0,100.0,0.0,100.0,22.0,65.0
LA,2020,16,27,2020-07-05,0.0,100.0,0.0,100.0,30.0,85.0
LA,2020,17,28,2020-07-12,0.0,100.0,0.0,100.0,37.0,94.0
LA,2020,18,29,2020-07-19,0.0,100.0,0.0,100.0,56.0,96.0
LA,2020,19,30,2020-07-26,6.0,100.0,0.0,100.0,85.0,98.0
LA,2020,20,31,2020-08-02,15.0,100.0,0.0,100.0,90.0,100.0
LA,2020,21,32,2020-08-09,20.0,100.0,0.0,100.0,96.0,100.0
LA,2020,22,33,2020-08-16,36.0,100.0,0.0,100.0,100.0,100.0
LA,2020,23,34,2020-08-23,40.0,100.0,0.0,100.0,100.0,100.0
LA,2020,24,35,2020-08-30,61.0,100.0,0.0,100.0,100.0,100.0
LA,2020,25,36,2020-09-06,73.0,100.0,0.0,100.0,100.0,100.0
LA,2020,26,37,2020-09-13,83.0,100.0,2.0,100.0,100.0,100.0
LA,2020,27,38,2020-09-20,95.0,100.0,16.0,100.0,100.0,100.0
LA,2020,28,39,2020-09-27,97.0,100.0,23.0,100.0,100.0,100.0
LA,2020,29,40,2020-10-04,99.0,100.0,39.0,100.0,100.0,100.0
LA,2020,30,41,2020-10-11,100.0,100.0,61.0,100.0,100.0,100.0
LA,2020,31,42,2020-10-18,100.0,100.0,73.0,100.0,100.0,100.0
LA,2020,32,43,2020-10-25,100.0,100.0,87.0,100.0,100.0,100.0
LA,2020,33,44,2020-11-01,100.0,100.0,91.0,100.0,100.0,100.0
LA,2020,34,45,2020-11-08,100.0,100.0,95.0,100.0,100.0,100.0
LA,2020,35,46,2020-11-15,100.0,100.0,97.0,100.0,100.0,100.0
LA,2020,36,47,2020-11-22,100.0,100.0,99.0,100.0,100.0,100.0
LA,2020,37,48,2020-11-29,100.0,100.0,100.0,100.0,100.0,100.0
LA,2021,2,13,2021-04-04,0.0,0.0,0.0,0.0,0.0,0.0
LA,2021,3,14,2021-04-11,0.0,0.0,0.0,0.0,0.0,0.0
LA,2021,4,15,2021-04-18,0.0,0.0,0.0,2.0,0.0,0.0
LA,2021,5,16,2021-04-25,0.0,0.0,0.0,8.0,0.0,0.0
LA,2021,6,17,2021-05-02,0.0,2.0,0.0,15.0,0.0,0.0
LA,2021,7,18,2021-05-09,0.0,10.0,0.0,30.0,0.0,0.0
LA,2021,8,19,2021-05-16,0.0,23.0,0.0,39.0,0.0,0.0
LA,2021,9,20,2021-05-23,0.0,31.0,0.0,50.0,0.0,0.0
LA,2021,10,21,2021-05-30,0.0,42.0,0.0,63.0,0.0,0.0
LA,2021,11,22,2021-06-06,0.0,57.0,0.0,77.0,0.0,2.0
LA,2021,12,23,2021-06-13,0.0,76.0,0.0,91.0,0.0,22.0
LA,2021,13,24,2021-06-20,0.0,85.0,0.0,96.0,0.0,35.0
LA,2021,14,25,2021-06-27,0.0,95.0,0.0,100.0,3.0,59.0
LA,2021,15,26,2021-07-04,0.0,100.0,0.0,100.0,20.0,75.0
LA,2021,16,27,2021-07-11,0.0,100.0,0.0,100.0,31.0,84.0
LA,2021,17,28,2021-07-18,0.0,100.0,0.0,100.0,58.0,93.0
LA,2021,18,29,2021-07-25,0.0,100.0,0.0,100.0,70.0,97.0
LA,2021,19,30,2021-08-01,5.0,100.0,0.0,100.0,82.0,100.0
LA,2021,20,31,2021-08-08,21.0,100.0,0.0,100.0,93.0,100.0
LA,2021,21,32,2021-08-15,32.0,100.0,0.0,100.0,96.0,100.0
LA,2021,22,33,2021-08-22,39.0,100.0,0.0,100.0,98.0,100.0
LA,2021,23,34,2021-08-29,48.0,100.0,0.0,100.0,100.0,100.0
LA,2021,24,35,2021-09-05,58.0,100.0,0.0,100.0,100.0,100.0
LA,2021,25,36,2021-09-12,71.0,100.0,1.0,100.0,100.0,100.0
LA,2021,26,37,2021-09-19,85.0,100.0,6.0,100.0,100.0,100.0
LA,2021,27,38,2021-09-26,95.0,100.0,11.0,100.0,100.0,100.0
LA,2021,28,39,2021-10-03,97.0,100.0,13.0,100.0,100.0,100.0
LA,2021,29,40,2021-10-10,100.0,100.0,36.0,100.0,100.0,100.0
LA,2021,30,41,2021-10-17,100.0,100.0,54.0,100.0,100.0,100.0
LA,2021,31,42,2021-10-24,100.0,100.0,73.0,100.0,100.0,100.0
LA,2021,32,43,2021-10-31,100.0,100.0,82.0,100.0,100.0,100.0
LA,2021,33,44,2021-11-07,100.0,100.0,86.0,100.0,100.0,100.0
LA,2021,34,45,2021-11-14,100.0,100.0,93.0,100.0,100.0,100.0
LA,2021,35,46,2021-11-21,100.0,100.0,98.0,100.0,100.0,100.0
LA,2021,36,47,2021-11-28,100.0,100.0,100.0,100.0,100.0,100.0
LA,2022,2,13,2022-04-03,0.0,0.0,0.0,0.0,0.0,0.0
LA,2022,3,14,2022-04-10,0.0,0.0,0.0,1.0,0.0,0.0
LA,2022,4,15,2022-04-17,0.0,0.0,0.0,3.0,0.0,0.0
LA,2022,5,16,2022-04-24,0.0,2.0,0.0,14.0,0.0,0.0
LA,2022,6,17,2022-05-01,0.0,10.0,0.0,35.0,0.0,0.0
LA,2022,7,18,2022-05-08,0.0,33.0,0.0,58.0,0.0,0.0
LA,2022,8,19,2022-05-15,0.0,55.0,0.0,80.0,0.0,0.0
LA,2022,9,20,2022-05-22,0.0,75.0,0.0,95.0,0.0,0.0
LA,2022,10,21,2022-05-29,0.0,91.0,0.0,98.0,0.0,4.0
LA,2022,11,22,2022-06-05,0.0,97.0,0.0,100.0,0.0,12.0
LA,2022,12,23,2022-06-12,0.0,98.0,0.0,100.0,0.0,38.0
LA,2022,13,24,2022-06-19,0.0,100.0,0.0,100.0,1.0,74.0
LA,2022,14,25,2022-06-26,0.0,100.0,0.0,100.0,12.0,83.0
LA,2022,15,26,2022-07-03,0.0,100.0,0.0,100.0,21.0,88.0
LA,2022,16,27,2022-07-10,0.0,100.0,0.0,100.0,52.0,94.0
LA,2022,17,28,2022-07-17,0.0,100.0,0.0,100.0,70.0,96.0
LA,2022,18,29,2022-07-24,3.0,100.0,0.0,100.0,83.0,97.0
LA,2022,19,30,2022-07-31,8.0,100.0,0.0,100.0,89.0,99.0
LA,2022,20,31,2022-08-07,16.0,100.0,0.0,100.0,93.0,100.0
LA,2022,21,32,2022-08-14,34.0,100.0,0.0,100.0,95.0,100.0
LA,2022,22,33,2022-08-21,43.0,100.0,0.0,100.0,98.0,100.0
LA,2022,23,34,2022-08-28,53.0,100.0,0.0,100.0,100.0,100.0
LA,2022,24,35,2022-09-04,77.0,100.0,0.0,100.0,100.0,100.0
LA,2022,25,36,2022-09-11,83.0,100.0,2.0,100.0,100.0,100.0
LA,2022,26,37,2022-09-18,91.0,100.0,13.0,100.0,100.0,100.0
LA,2022,27,38,2022-09-25,94.0,100.0,23.0,100.0,100.0,100.0
LA,2022,28,39,2022-10-02,97.0,100.0,45.0,100.0,100.0,100.0
LA,2022,29,40,2022-10-09,100.0,100.0,75.0,100.0,100.0,100.0
LA,2022,30,41,2022-10-16,100.0,100.0,87.0,100.0,100.0,100.0
LA,2022,31,42,2022-10-23,100.0,100.0,93.0,100.0,100.0,100.0
LA,2022,32,43,2022-10-30,100.0,100.0,95.0,100.0,100.0,100.0
LA,2022,33,44,2022-11-06,100.0,100.0,98.0,100.0,100.0,100.0
LA,2022,34,45,2022-11-13,100.0,100.0,100.0,100.0,100.0,100.0
LA,2022,35,46,2022-11-20,100.0,100.0,100.0,100.0,100.0,100.0
LA,2022,36,47,2022-11-27,100.0,100.0,100.0,100.0,100.0,100.0
LA,2023,2,13,2023-04-02,0.0,0.0,0.0,0.0,0.0,0.0
LA,2023,3,14,2023-04-09,0.0,0.0,0.0,1.0,0.0,0.0
LA,2023,4,15,2023-04-16,0.0,0.0,0.0,3.0,0.0,0.0
LA,2023,5,16,2023-04-23,0.0,1.0,0.0,5.0,0.0,0.0
LA,2023,6,17,2023-04-30,0.0,3.0,0.0,17.0,0.0,0.0
LA,2023,7,18,2023-05-07,0.0,16.0,0.0,40.0,0.0,0.0
LA,2023,8,19,2023-05-14,0.0,38.0,0.0,67.0,0.0,0.0
LA,2023,9,20,2023-05-21,0.0,66.0,0.0,83.0,0.0,0.0
LA,2023,10,21,2023-05-28,0.0,81.0,0.0,95.0,0.0,0.0
LA,2023,11,22,2023-06-04,0.0,86.0,0.0,98.0,0.0,1.0
LA,2023,12,23,2023-06-11,0.0,97.0,0.0,100.0,0.0,18.0
LA,2023,13,24,2023-06-18,0.0,100.0,0.0,100.0,0.0,25.0
LA,2023,14,25,2023-06-25,0.0,100.0,0.0,100.0,5.0,42.0
LA,2023,15,26,2023-07-02,0.0,100.0,0.0,100.0,8.0,61.0
LA,2023,16,27,2023-07-09,0.0,100.0,0.0,100.0,28.0,74.0
LA,2023,17,28,2023-07-16,0.0,100.0,0.0,100.0,45.0,83.0
LA,2023,18,29,2023-07-23,0.0,100.0,0.0,100.0,63.0,92.0
LA,2023,19,30,2023-07-30,0.0,100.0,0.0,100.0,76.0,96.0
LA,2023,20,31,2023-08-06,6.0,100.0,0.0,100.0,86.0,98.0
LA,2023,21,32,2023-08-13,22.0,100.0,0.0,100.0,89.0,100.0
LA,2023,22,33,2023-08-20,36.0,100.0,0.0,100.0,97.0,100.0
LA,2023,23,34,2023-08-27,59.0,100.0,0.0,100.0,100.0,100.0
LA,2023,24,35,2023-09-03,74.0,100.0,0.0,100.0,100.0,100.0
LA,2023,25,36,2023-09-10,79.0,100.0,3.0,100.0,100.0,100.0
LA,2023,26,37,2023-09-17,93.0,100.0,15.0,100.0,100.0,100.0
LA,2023,27,38,2023-09-24,97.0,100.0,36.0,100.0,100.0,100.0
LA,2023,28,39,2023-10-01,100.0,100.0,62.0,100.0,100.0,100.0
LA,2023,29,40,2023-10-08,100.0,100.0,84.0,100.0,100.0,100.0
LA,2023,30,41,2023-10-15,100.0,100.0,90.0,100.0,100.0,100.0
LA,2023,31,42,2023-10-22,100.0,100.0,94.0,100.0,100.0,100.0
LA,2023,32,43,2023-10-29,100.0,100.0,98.0,100.0,100.0,100.0
LA,2023,33,44,2023-11-05,100.0,100.0,100.0,100.0,100.0,100.0
LA,2023,34,45,2023-11-12,100.0,100.0,100.0,100.0,100.0,100.0
LA,2023,35,46,2023-11-19,100.0,100.0,100.0,100.0,100.0,100.0
LA,2023,36,47,2023-11-26,100.0,100.0,100.0,100.0,100.0,100.0
LA,2024,2,13,2024-03-31,0.0,0.0,0.0,0.0,0.0,0.0
LA,2024,3,14,2024-04-07,0.0,0.0,0.0,0.0,0.0,0.0
LA,2024,4,15,2024-04-14,0.0,0.0,0.0,0.0,0.0,0.0
LA,2024,5,16,2024-04-21,0.0,0.0,0.0,5.0,0.0,0.0
LA,2024,6,17,2024-04-28,0.0,3.0,0.0,13.0,0.0,0.0
LA,2024,7,18,2024-05-05,0.0,12.0,0.0,30.0,0.0,0.0
LA,2024,8,19,2024-05-12,0.0,29.0,0.0,52.0,0.0,0.0
LA,2024,9,20,2024-05-19,0.0,41.0,0.0,59.0,0.0,0.0
LA,2024,10,21,2024-05-26,0.0,58.0,0.0,80.0,0.0,1.0
LA,2024,11,22,2024-06-02,0.0,73.0,0.0,90.0,0.0,2.0
LA,2024,12,23,2024-06-09,0.0,79.0,0.0,92.0,0.0,12.0
LA,2024,13,24,2024-06-16,0.0,86.0,0.0,97.0,0.0,34.0
LA,2024,14,25,2024-06-23,0.0,95.0,0.0,100.0,0.0,48.0
LA,2024,15,26,2024-06-30,0.0,99.0,0.0,100.0,6.0,70.0
LA,2024,16,27,2024-07-07,0.0,100.0,0.0,100.0,17.0,76.0
LA,2024,17,28,2024-07-14,0.0,100.0,0.0,100.0,40.0,80.0
LA,2024,18,29,2024-07-21,1.0,100.0,0.0,100.0,60.0,85.0
LA,2024,19,30,2024-07-28,2.0,100.0,0.0,100.0,68.0,90.0
LA,2024,20,31,2024-08-04,4.0,100.0,0.0,100.0,75.0,93.0
LA,2024,21,32,2024-08-11,15.0,100.0,0.0,100.0,82.0,98.0
LA,2024,22,33,2024-08-18,21.0,100.0,0.0,100.0,84.0,100.0
LA,2024,23,34,2024-08-25,44.0,100.0,0.0,100.0,90.0,100.0
LA,2024,24,35,2024-09-01,64.0,100.0,0.0,100.0,92.0,100.0
LA,2024,25,36,2024-09-08,72.0,100.0,2.0,100.0,97.0,100.0
LA,2024,26,37,2024-09-15,75.0,100.0,6.0,100.0,99.0,100.0
LA,2024,27,38,2024-09-22,83.0,100.0,22.0,100.0,100.0,100.0
LA,2024,28,39,2024-09-29,86.0,100.0,40.0,100.0,100.0,100.0
LA,2024,29,40,2024-10-06,95.0,100.0,61.0,100.0,100.0,100.0
LA,2024,30,41,2024-10-13,98.0,100.0,67.0,100.0,100.0,100.0
LA,2024,31,42,2024-10-20,100.0,100.0,80.0,100.0,100.0,100.0
LA,2024,32,43,2024-10-27,100.0,100.0,90.0,100.0,100.0,100.0
LA,2024,33,44,2024-11-03,100.0,100.0,95.0,100.0,100.0,100.0
LA,2024,34,45,2024-11-10,100.0,100.0,98.0,100.0,100.0,100.0
LA,2024,35,46,2024-11-17,100.0,100.0,99.0,100.0,100.0,100.0
LA,2024,36,47,2024-11-24,100.0,100.0,100.0,100.0,100.0,100.0
LA,2025,3,14,2025-04-06,0.0,0.0,0.0,0.0,0.0,0.0
LA,2025,4,15,2025-04-13,0.0,0.0,0.0,0.0,0.0,0.0
LA,2025,5,16,2025-04-20,0.0,0.0,0.0,2.0,0.0,0.0
LA,2025,6,17,2025-04-27,0.0,0.0,0.0,8.0,0.0,0.0
LA,2025,7,18,2025-05-04,0.0,7.0,0.0,18.0,0.0,0.0
LA,2025,8,19,2025-05-11,0.0,17.0,0.0,36.0,0.0,0.0
LA,2025,9,20,2025-05-18,0.0,34.0,0.0,58.0,0.0,0.0
LA,2025,10,21,2025-05-25,0.0,53.0,0.0,80.0,0.0,0.0
LA,2025,11,22,2025-06-01,0.0,64.0,0.0,88.0,0.0,0.0
LA,2025,12,23,2025-06-08,0.0,81.0,0.0,95.0,0.0,6.0
LA,2025,13,24,2025-06-15,0.0,93.0,0.0,98.0,0.0,27.0
LA,2025,14,25,2025-06-22,0.0,96.0,0.0,100.0,0.0,51.0
LA,2025,15,26,2025-06-29,0.0,100.0,0.0,100.0,3.0,65.0
LA,2025,16,27,2025-07-06,0.0,100.0,0.0,100.0,10.0,76.0
LA,2025,17,28,2025-07-13,0.0,100.0,0.0,100.0,17.0,84.0
LA,2025,18,29,2025-07-20,0.0,100.0,0.0,100.0,30.0,86.0
LA,2025,19,30,2025-07-27,3.0,100.0,0.0,100.0,59.0,90.0
LA,2025,20,31,2025-08-03,12.0,100.0,0.0,100.0,75.0,92.0
LA,2025,21,32,2025-08-10,21.0,100.0,0.0,100.0,80.0,95.0
LA,2025,22,33,2025-08-17,28.0,100.0,0.0,100.0,83.0,97.0
LA,2025,23,34,2025-08-24,34.0,100.0,0.0,100.0,87.0,100.0
LA,2025,24,35,2025-08-31,48.0,100.0,0.0,100.0,90.0,100.0
LA,2025,25,36,2025-09-07,74.0,100.0,0.0,100.0,93.0,100.0
LA,2025,26,37,2025-09-14,84.0,100.0,5.0,100.0,97.0,100.0
LA,2025,27,38,2025-09-21,89.0,100.0,16.0,100.0,100.0,100.0
LA,2025,28,39,2025-09-28,95.0,100.0,31.0,100.0,100.0,100.0
LA,2025,35,46,2025-11-16,100.0,100.0,98.0,100.0,100.0,100.0
LA,2025,36,47,2025-11-23,100.0,100.0,100.0,100.0,100.0,100.0
MO,2016,2,13,2016-04-03,0.0,,0.0,0.0,0.0,0.0
MO,2016,3,14,2016-04-10,0.0,,0.0,0.0,0.0,0.0
MO,2016,4,15,2016-04-17,0.0,,0.0,2.0,0.0,0.0
MO,2016,5,16,2016-04-24,0.0,,0.0,14.0,0.0,0.0
MO,2016,6,17,2016-05-01,0.0,,0.0,51.0,0.0,0.0
MO,2016,7,18,2016-05-08,0.0,,0.0,90.0,0.0,0.0
MO,2016,8,19,2016-05-15,0.0,,0.0,91.0,0.0,0.0
MO,2016,9,20,2016-05-22,0.0,,0.0,95.0,0.0,0.0
MO,2016,10,21,2016-05-29,0.0,,0.0,95.0,0.0,1.0
MO,2016,11,22,2016-06-05,0.0,,0.0,100.0,0.0,4.0
MO,2016,12,23,2016-06-12,0.0,,0.0,100.0,0.0,16.0
MO,2016,13,24,2016-06-19,0.0,,0.0,100.0,0.0,51.0
MO,2016,14,25,2016-06-26,0.0,,0.0,100.0,0.0,57.0
MO,2016,15,26,2016-07-03,0.0,,0.0,100.0,2.0,69.0
MO,2016,16,27,2016-07-10,0.0,,0.0,100.0,7.0,76.0
MO,2016,17,28,2016-07-17,0.0,,0.0,100.0,7.0,78.0
MO,2016,18,29,2016-07-24,0.0,,0.0,100.0,34.0,87.0
MO,2016,19,30,2016-07-31,0.0,,0.0,100.0,41.0,92.0
MO,2016,20,31,2016-08-07,0.0,,0.0,100.0,42.0,95.0
MO,2016,21,32,2016-08-14,0.0,,0.0,100.0,56.0,95.0
MO,2016,22,33,2016-08-21,1.0,,0.0,100.0,78.0,95.0
MO,2016,23,34,2016-08-28,3.0,,0.0,100.0,83.0,95.0
MO,2016,24,35,2016-09-04,17.0,,0.0,100.0,93.0,95.0
MO,2016,25,36,2016-09-11,37.0,,0.0,100.0,96.0,95.0
MO,2016,26,37,2016-09-18,51.0,,0.0,100.0,96.0,95.0
MO,2016,27,38,2016-09-25,68.0,,5.0,100.0,96.0,95.0
MO,2016,28,39,2016-10-02,86.0,,14.0,100.0,96.0,95.0
MO,2016,29,40,2016-10-09,96.0,,34.0,100.0,96.0,95.0
MO,2016,30,41,2016-10-16,100.0,,55.0,100.0,96.0,95.0
MO,2016,31,42,2016-10-23,100.0,,74.0,100.0,96.0,95.0
MO,2016,32,43,2016-10-30,100.0,,85.0,100.0,96.0,95.0
MO,2016,33,44,2016-11-06,100.0,,94.0,100.0,96.0,95.0
MO,2016,34,45,2016-11-13,100.0,,97.0,100.0,96.0,95.0
MO,2016,35,46,2016-11-20,100.0,,100.0,100.0,96.0,95.0
MO,2016,36,47,2016-11-27,100.0,,100.0,100.0,96.0,95.0
MO,2017,2,13,2017-04-02,0.0,,0.0,0.0,0.0,0.0
MO,2017,3,14,2017-04-09,0.0,,0.0,1.0,0.0,0.0
MO,2017,4,15,2017-04-16,0.0,,0.0,5.0,0.0,0.0
MO,2017,5,16,2017-04-23,0.0,,0.0,13.0,0.0,0.0
MO,2017,6,17,2017-04-30,0.0,,0.0,14.0,0.0,0.0
MO,2017,7,18,2017-05-07,0.0,,0.0,16.0,0.0,0.0
MO,2017,8,19,2017-05-14,0.0,,0.0,48.0,0.0,0.0
MO,2017,9,20,2017-05-21,0.0,,0.0,68.0,0.0,0.0
MO,2017,10,21,2017-05-28,0.0,,0.0,85.0,0.0,0.0
MO,2017,11,22,2017-06-04,0.0,,0.0,95.0,0.0,0.0
MO,2017,12,23,2017-06-11,0.0,,0.0,100.0,0.0,0.0
MO,2017,13,24,2017-06-18,0.0,,0.0,100.0,0.0,14.0
MO,2017,14,25,2017-06-25,0.0,,0.0,100.0,0.0,24.0
MO,2017,15,26,2017-07-02,0.0,,0.0,100.0,3.0,55.0
MO,2017,16,27,2017-07-09,0.0,,0.0,100.0,9.0,68.0
MO,2017,17,28,2017-07-16,0.0,,0.0,100.0,16.0,82.0
MO,2017,18,29,2017-07-23,0.0,,0.0,100.0,20.0,89.0
MO,2017,19,30,2017-07-30,0.0,,0.0,100.0,30.0,93.0
MO,2017,20,31,2017-08-06,0.0,,0.0,100.0,69.0,97.0
MO,2017,21,32,2017-08-13,0.0,,0.0,100.0,83.0,100.0
MO,2017,22,33,2017-08-20,0.0,,0.0,100.0,90.0,100.0
MO,2017,23,34,2017-08-27,15.0,,0.0,100.0,98.0,100.0
MO,2017,24,35,2017-09-03,32.0,,0.0,100.0,100.0,100.0
MO,2017,25,36,2017-09-10,41.0,,0.0,100.0,100.0,100.0
MO,2017,26,37,2017-09-17,62.0,,0.0,100.0,100.0,100.0
MO,2017,27,38,2017-09-24,73.0,,0.0,100.0,100.0,100.0
MO,2017,28,39,2017-10-01,84.0,,6.0,100.0,100.0,100.0
MO,2017,29,40,2017-10-08,92.0,,24.0,100.0,100.0,100.0
MO,2017,30,41,2017-10-15,97.0,,42.0,100.0,100.0,100.0
MO,2017,31,42,2017-10-22,100.0,,63.0,100.0,100.0,100.0
MO,2017,32,43,2017-10-29,100.0,,81.0,100.0,100.0,100.0
MO,2017,33,44,2017-11-05,100.0,,89.0,100.0,100.0,100.0
MO,2017,34,45,2017-11-12,100.0,,92.0,100.0,100.0,100.0
MO,2017,35,46,2017-11-19,100.0,,94.0,100.0,100.0,100.0
MO,2017,36,47,2017-11-26,100.0,,98.0,100.0,100.0,100.0
MO,2018,2,13,2018-04-01,0.0,,0.0,0.0,0.0,0.0
MO,2018,3,14,2018-04-08,0.0,,0.0,0.0,0.0,0.0
MO,2018,4,15,2018-04-15,0.0,,0.0,0.0,0.0,0.0
MO,2018,5,16,2018-04-22,0.0,,0.0,0.0,0.0,0.0
MO,2018,6,17,2018-04-29,0.0,,0.0,3.0,0.0,0.0
MO,2018,7,18,2018-05-06,0.0,,0.0,37.0,0.0,0.0
MO,2018,8,19,2018-05-13,0.0,,0.0,73.0,0.0,0.0
MO,2018,9,20,2018-05-20,0.0,,0.0,94.0,0.0,0.0
MO,2018,10,21,2018-05-27,0.0,,0.0,98.0,0.0,0.0
MO,2018,11,22,2018-06-03,0.0,,0.0,100.0,0.0,18.0
MO,2018,12,23,2018-06-10,0.0,,0.0,100.0,0.0,24.0
MO,2018,13,24,2018-06-17,0.0,,0.0,100.0,0.0,49.0
MO,2018,14,25,2018-06-24,0.0,,0.0,100.0,0.0,57.0
MO,2018,15,26,2018-07-01,0.0,,0.0,100.0,5.0,68.0
MO,2018,16,27,2018-07-08,0.0,,0.0,100.0,33.0,71.0
MO,2018,17,28,2018-07-15,0.0,,0.0,100.0,71.0,95.0
MO,2018,18,29,2018-07-22,0.0,,0.0,100.0,89.0,100.0
MO,2018,19,30,2018-07-29,0.0,,0.0,100.0,97.0,100.0
MO,2018,20,31,2018-08-05,5.0,,0.0,100.0,100.0,100.0
MO,2018,21,32,2018-08-12,26.0,,0.0,100.0,100.0,100.0
MO,2018,22,33,2018-08-19,40.0,,0.0,100.0,100.0,100.0
MO,2018,23,34,2018-08-26,46.0,,0.0,100.0,100.0,100.0
MO,2018,24,35,2018-09-02,52.0,,0.0,100.0,100.0,100.0
MO,2018,25,36,2018-09-09,66.0,,0.0,100.0,100.0,100.0
MO,2018,26,37,2018-09-16,82.0,,2.0,100.0,100.0,100.0
MO,2018,27,38,2018-09-23,90.0,,9.0,100.0,100.0,100.0
MO,2018,28,39,2018-09-30,95.0,,28.0,100.0,100.0,100.0
MO,2018,29,40,2018-10-07,100.0,,50.0,100.0,100.0,100.0
MO,2018,30,41,2018-10-14,100.0,,70.0,100.0,100.0,100.0
MO,2018,31,42,2018-10-21,100.0,,81.0,100.0,100.0,100.0
MO,2018,32,43,2018-10-28,100.0,,87.0,100.0,100.0,100.0
MO,2018,33,44,2018-11-04,100.0,,92.0,100.0,100.0,100.0
MO,2018,34,45,2018-11-11,100.0,,93.0,100.0,100.0,100.0
MO,2018,35,46,2018-11-18,100.0,,96.0,100.0,100.0,100.0
MO,2018,36,47,2018-11-25,100.0,,100.0,100.0,100.0,100.0
MO,2019,2,13,2019-03-31,0.0,,0.0,0.0,0.0,0.0
MO,2019,3,14,2019-04-07,0.0,,0.0,0.0,0.0,0.0
MO,2019,4,15,2019-04-14,0.0,,0.0,0.0,0.0,0.0
MO,2019,5,16,2019-04-21,0.0,,0.0,2.0,0.0,0.0
MO,2019,6,17,2019-04-28,0.0,,0.0,4.0,0.0,0.0
MO,2019,7,18,2019-05-05,0.0,,0.0,19.0,0.0,0.0
MO,2019,8,19,2019-05-12,0.0,,0.0,22.0,0.0,0.0
MO,2019,9,20,2019-05-19,0.0,,0.0,34.0,0.0,0.0
MO,2019,10,21,2019-05-26,0.0,,0.0,51.0,0.0,0.0
MO,2019,11,22,2019-06-02,0.0,,0.0,78.0,0.0,0.0
MO,2019,12,23,2019-06-09,0.0,,0.0,80.0,0.0,0.0
MO,2019,13,24,2019-06-16,0.0,,0.0,85.0,0.0,8.0
MO,2019,14,25,2019-06-23,0.0,,0.0,89.0,0.0,10.0
MO,2019,15,26,2019-06-30,0.0,,0.0,95.0,0.0,12.0
MO,2019,16,27,2019-07-07,0.0,,0.0,95.0,0.0,15.0
MO,2019,17,28,2019-07-14,0.0,,0.0,95.0,1.0,36.0
MO,2019,18,29,2019-07-21,0.0,,0.0,95.0,6.0,64.0
MO,2019,19,30,2019-07-28,0.0,,0.0,95.0,26.0,81.0
MO,2019,20,31,2019-08-04,0.0,,0.0,95.0,48.0,88.0
MO,2019,21,32,2019-08-11,0.0,,0.0,95.0,55.0,94.0
MO,2019,22,33,2019-08-18,7.0,,0.0,95.0,70.0,98.0
MO,2019,23,34,2019-08-25,13.0,,0.0,95.0,96.0,98.0
MO,2019,24,35,2019-09-01,20.0,,0.0,95.0,100.0,98.0
MO,2019,25,36,2019-09-08,29.0,,0.0,95.0,100.0,98.0
MO,2019,26,37,2019-09-15,48.0,,0.0,95.0,100.0,98.0
MO,2019,27,38,2019-09-22,58.0,,5.0,95.0,100.0,98.0
MO,2019,28,39,2019-09-29,76.0,,6.0,95.0,100.0,98.0
MO,2019,29,40,2019-10-06,83.0,,7.0,95.0,100.0,98.0
MO,2019,30,41,2019-10-13,91.0,,23.0,95.0,100.0,98.0
MO,2019,31,42,2019-10-20,96.0,,34.0,95.0,100.0,98.0
MO,2019,32,43,2019-10-27,100.0,,51.0,95.0,100.0,98.0
MO,2019,33,44,2019-11-03,100.0,,60.0,95.0,100.0,98.0
MO,2019,34,45,2019-11-10,100.0,,71.0,95.0,100.0,98.0
MO,2019,35,46,2019-11-17,100.0,,86.0,95.0,100.0,98.0
MO,2019,36,47,2019-11-24,100.0,,91.0,95.0,100.0,98.0
MO,2019,37,48,2019-12-01,100.0,,95.0,95.0,100.0,98.0
MO,2019,38,49,2019-12-08,100.0,,98.0,95.0,100.0,98.0
MO,2020,3,14,2020-04-05,0.0,,0.0,0.0,0.0,0.0
MO,2020,4,15,2020-04-12,0.0,,0.0,0.0,0.0,0.0
MO,2020,5,16,2020-04-19,0.0,,0.0,0.0,0.0,0.0
MO,2020,6,17,2020-04-26,0.0,,0.0,0.0,0.0,0.0
MO,2020,7,18,2020-05-03,0.0,,0.0,0.0,0.0,0.0
MO,2020,8,19,2020-05-10,0.0,,0.0,10.0,0.0,0.0
MO,2020,9,20,2020-05-17,0.0,,0.0,15.0,0.0,0.0
MO,2020,10,21,2020-05-24,0.0,,0.0,30.0,0.0,0.0
MO,2020,11,22,2020-05-31,0.0,,0.0,45.0,0.0,0.0
MO,2020,12,23,2020-06-07,0.0,,0.0,67.0,0.0,0.0
MO,2020,13,24,2020-06-14,0.0,,0.0,82.0,0.0,0.0
MO,2020,14,25,2020-06-21,0.0,,0.0,90.0,0.0,4.0
MO,2020,15,26,2020-06-28,0.0,,0.0,95.0,0.0,12.0
MO,2020,16,27,2020-07-05,0.0,,0.0,95.0,0.0,24.0
MO,2020,17,28,2020-07-12,0.0,,0.0,95.0,0.0,31.0
MO,2020,18,29,2020-07-19,0.0,,0.0,95.0,11.0,39.0
MO,2020,19,30,2020-07-26,0.0,,0.0,95.0,22.0,56.0
MO,2020,20,31,2020-08-02,0.0,,0.0,95.0,28.0,69.0
MO,2020,21,32,2020-08-09,0.0,,0.0,95.0,44.0,77.0
MO,2020,22,33,2020-08-16,0.0,,0.0,95.0,64.0,88.0
MO,2020,23,34,2020-08-23,0.0,,0.0,95.0,73.0,93.0
MO,2020,24,35,2020-08-30,1.0,,0.0,95.0,80.0,95.0
MO,2020,25,36,2020-09-06,14.0,,0.0,95.0,90.0,95.0
MO,2020,26,37,2020-09-13,31.0,,0.0,95.0,95.0,95.0
MO,2020,27,38,2020-09-20,62.0,,2.0,95.0,95.0,95.0
MO,2020,28,39,2020-09-27,90.0,,3.0,95.0,95.0,95.0
MO,2020,29,40,2020-10-04,96.0,,8.0,95.0,95.0,95.0
MO,2020,30,41,2020-10-11,98.0,,19.0,95.0,95.0,95.0
MO,2020,31,42,2020-10-18,100.0,,25.0,95.0,95.0,95.0
MO,2020,32,43,2020-10-25,100.0,,31.0,95.0,95.0,95.0
MO,2020,33,44,2020-11-01,100.0,,32.0,95.0,95.0,95.0
MO,2020,34,45,2020-11-08,100.0,,63.0,95.0,95.0,95.0
MO,2020,35,46,2020-11-15,100.0,,78.0,95.0,95.0,95.0
MO,2020,36,47,2020-11-22,100.0,,91.0,95.0,95.0,95.0
MO,2020,37,48,2020-11-29,100.0,,94.0,95.0,95.0,95.0
MO,2021,2,13,2021-04-04,0.0,,0.0,0.0,0.0,0.0
MO,2021,3,14,2021-04-11,0.0,,0.0,0.0,0.0,0.0
MO,2021,4,15,2021-04-18,0.0,,0.0,0.0,0.0,0.0
MO,2021,5,16,2021-04-25,0.0,,0.0,0.0,0.0,0.0
MO,2021,6,17,2021-05-02,0.0,,0.0,3.0,0.0,0.0
MO,2021,7,18,2021-05-09,0.0,,0.0,10.0,0.0,0.0
MO,2021,8,19,2021-05-16,0.0,,0.0,65.0,0.0,0.0
MO,2021,9,20,2021-05-23,0.0,,0.0,85.0,0.0,0.0
MO,2021,10,21,2021-05-30,0.0,,0.0,98.0,0.0,0.0
MO,2021,11,22,2021-06-06,0.0,,0.0,98.0,0.0,0.0
MO,2021,12,23,2021-06-13,0.0,,0.0,99.0,0.0,17.0
MO,2021,13,24,2021-06-20,0.0,,0.0,100.0,1.0,47.0
MO,2021,14,25,2021-06-27,0.0,,0.0,100.0,9.0,79.0
MO,2021,15,26,2021-07-04,0.0,,0.0,100.0,14.0,87.0
MO,2021,16,27,2021-07-11,0.0,,0.0,100.0,23.0,94.0
MO,2021,17,28,2021-07-18,0.0,,0.0,100.0,38.0,99.0
MO,2021,18,29,2021-07-25,0.0,,0.0,100.0,52.0,99.0
MO,2021,19,30,2021-08-01,0.0,,0.0,100.0,74.0,100.0
MO,2021,20,31,2021-08-08,0.0,,0.0,100.0,90.0,100.0
MO,2021,21,32,2021-08-15,0.0,,0.0,100.0,95.0,100.0
MO,2021,22,33,2021-08-22,0.0,,0.0,100.0,96.0,100.0
MO,2021,23,34,2021-08-29,2.0,,0.0,100.0,97.0,100.0
MO,2021,24,35,2021-09-05,18.0,,0.0,100.0,98.0,100.0
MO,2021,25,36,2021-09-12,28.0,,0.0,100.0,99.0,100.0
MO,2021,26,37,2021-09-19,55.0,,0.0,100.0,99.0,100.0
MO,2021,27,38,2021-09-26,70.0,,0.0,100.0,99.0,100.0
MO,2021,28,39,2021-10-03,80.0,,2.0,100.0,99.0,100.0
MO,2021,29,40,2021-10-10,87.0,,10.0,100.0,99.0,100.0
MO,2021,30,41,2021-10-17,96.0,,32.0,100.0,99.0,100.0
MO,2021,31,42,2021-10-24,96.0,,53.0,100.0,99.0,100.0
MO,2021,32,43,2021-10-31,97.0,,59.0,100.0,99.0,100.0
MO,2021,33,44,2021-11-07,100.0,,75.0,100.0,99.0,100.0
MO,2021,34,45,2021-11-14,100.0,,86.0,100.0,99.0,100.0
MO,2021,35,46,2021-11-21,100.0,,94.0,100.0,99.0,100.0
MO,2021,36,47,2021-11-28,100.0,,97.0,100.0,99.0,100.0
MO,2022,2,13,2022-04-03,0.0,,0.0,0.0,0.0,0.0
MO,2022,3,14,2022-04-10,0.0,,0.0,0.0,0.0,0.0
MO,2022,4,15,2022-04-17,0.0,,0.0,0.0,0.0,0.0
MO,2022,5,16,2022-04-24,0.0,,0.0,0.0,0.0,0.0
MO,2022,6,17,2022-05-01,0.0,,0.0,8.0,0.0,0.0
MO,2022,7,18,2022-05-08,0.0,,0.0,20.0,0.0,0.0
MO,2022,8,19,2022-05-15,0.0,,0.0,47.0,0.0,0.0
MO,2022,9,20,2022-05-22,0.0,,0.0,85.0,0.0,0.0
MO,2022,10,21,2022-05-29,0.0,,0.0,93.0,0.0,0.0
MO,2022,11,22,2022-06-05,0.0,,0.0,96.0,0.0,2.0
MO,2022,12,23,2022-06-12,0.0,,0.0,97.0,0.0,4.0
MO,2022,13,24,2022-06-19,0.0,,0.0,98.0,0.0,6.0
MO,2022,14,25,2022-06-26,0.0,,0.0,98.0,0.0,27.0
MO,2022,15,26,2022-07-03,0.0,,0.0,98.0,15.0,52.0
MO,2022,16,27,2022-07-10,0.0,,0.0,98.0,32.0,74.0
MO,2022,17,28,2022-07-17,0.0,,0.0,98.0,47.0,81.0
MO,2022,18,29,2022-07-24,0.0,,0.0,98.0,58.0,86.0
MO,2022,19,30,2022-07-31,0.0,,0.0,98.0,64.0,89.0
MO,2022,20,31,2022-08-07,0.0,,0.0,98.0,67.0,91.0
MO,2022,21,32,2022-08-14,0.0,,0.0,98.0,82.0,94.0
MO,2022,22,33,2022-08-21,2.0,,0.0,98.0,90.0,98.0
MO,2022,23,34,2022-08-28,10.0,,0.0,98.0,94.0,98.0
MO,2022,24,35,2022-09-04,17.0,,0.0,98.0,98.0,98.0
MO,2022,25,36,2022-09-11,35.0,,0.0,98.0,98.0,98.0
MO,2022,26,37,2022-09-18,55.0,,0.0,98.0,98.0,98.0
MO,2022,27,38,2022-09-25,66.0,,2.0,98.0,98.0,98.0
MO,2022,28,39,2022-10-02,83.0,,6.0,98.0,98.0,98.0
MO,2022,29,40,2022-10-09,98.0,,14.0,98.0,98.0,98.0
MO,2022,30,41,2022-10-16,99.0,,30.0,98.0,98.0,98.0
MO,2022,31,42,2022-10-23,100.0,,55.0,98.0,98.0,98.0
MO,2022,32,43,2022-10-30,100.0,,68.0,98.0,98.0,98.0
MO,2022,33,44,2022-11-06,100.0,,92.0,98.0,98.0,98.0
MO,2022,34,45,2022-11-13,100.0,,93.0,98.0,98.0,98.0
MO,2022,35,46,2022-11-20,100.0,,97.0,98.0,98.0,98.0
MO,2022,36,47,2022-11-27,100.0,,98.0,98.0,98.0,98.0
MO,2023,2,13,2023-04-02,0.0,0.0,0.0,0.0,0.0,0.0
MO,2023,3,14,2023-04-09,0.0,0.0,0.0,0.0,0.0,0.0
MO,2023,4,15,2023-04-16,0.0,0.0,0.0,0.0,0.0,0.0
MO,2023,5,16,2023-04-23,0.0,0.0,0.0,1.0,0.0,0.0
MO,2023,6,17,2023-04-30,0.0,0.0,0.0,5.0,0.0,0.0
MO,2023,7,18,2023-05-07,0.0,0.0,0.0,40.0,0.0,0.0
MO,2023,8,19,2023-05-14,0.0,23.0,0.0,69.0,0.0,0.0
MO,2023,9,20,2023-05-21,0.0,23.0,0.0,81.0,0.0,0.0
MO,2023,10,21,2023-05-28,0.0,23.0,0.0,95.0,0.0,3.0
MO,2023,11,22,2023-06-04,0.0,23.0,0.0,96.0,0.0,8.0
MO,2023,12,23,2023-06-11,0.0,23.0,0.0,97.0,0.0,22.0
MO,2023,13,24,2023-06-18,0.0,23.0,0.0,98.0,0.0,38.0
MO,2023,14,25,2023-06-25,0.0,23.0,0.0,100.0,0.0,64.0
MO,2023,15,26,2023-07-02,0.0,23.0,0.0,100.0,0.0,72.0
MO,2023,16,27,2023-07-09,0.0,23.0,0.0,100.0,6.0,76.0
MO,2023,17,28,2023-07-16,0.0,23.0,0.0,100.0,10.0,87.0
MO,2023,18,29,2023-07-23,0.0,23.0,0.0,100.0,25.0,95.0
MO,2023,19,30,2023-07-30,0.0,23.0,0.0,100.0,55.0,97.0
MO,2023,20,31,2023-08-06,0.0,23.0,0.0,100.0,78.0,98.0
MO,2023,21,32,2023-08-13,0.0,23.0,0.0,100.0,82.0,99.0
MO,2023,22,33,2023-08-20,0.0,23.0,0.0,100.0,90.0,99.0
MO,2023,23,34,2023-08-27,2.0,23.0,0.0,100.0,95.0,99.0
MO,2023,24,35,2023-09-03,18.0,23.0,0.0,100.0,96.0,99.0
MO,2023,25,36,2023-09-10,34.0,23.0,0.0,100.0,97.0,99.0
MO,2023,26,37,2023-09-17,39.0,23.0,0.0,100.0,97.0,99.0
MO,2023,27,38,2023-09-24,71.0,23.0,2.0,100.0,97.0,99.0
MO,2023,28,39,2023-10-01,85.0,23.0,10.0,100.0,97.0,99.0
MO,2023,29,40,2023-10-08,92.0,23.0,23.0,100.0,97.0,99.0
MO,2023,30,41,2023-10-15,95.0,23.0,45.0,100.0,97.0,99.0
MO,2023,31,42,2023-10-22,96.0,23.0,67.0,100.0,97.0,99.0
MO,2023,32,43,2023-10-29,99.0,23.0,79.0,100.0,97.0,99.0
MO,2023,33,44,2023-11-05,100.0,23.0,84.0,100.0,97.0,99.0
MO,2023,34,45,2023-11-12,100.0,23.0,93.0,100.0,97.0,99.0
MO,2023,35,46,2023-11-19,100.0,23.0,98.0,100.0,97.0,99.0
MO,2023,36,47,2023-11-26,100.0,23.0,99.0,100.0,97.0,99.0
MO,2024,2,13,2024-03-31,0.0,0.0,0.0,0.0,0.0,0.0
MO,2024,3,14,2024-04-07,0.0,0.0,0.0,0.0,0.0,0.0
MO,2024,4,15,2024-04-14,0.0,0.0,0.0,2.0,0.0,0.0
MO,2024,5,16,2024-04-21,0.0,0.0,0.0,3.0,0.0,0.0
MO,2024,6,17,2024-04-28,0.0,1.0,0.0,10.0,0.0,0.0
MO,2024,7,18,2024-05-05,0.0,7.0,0.0,34.0,0.0,0.0
MO,2024,8,19,2024-05-12,0.0,31.0,0.0,63.0,0.0,0.0
MO,2024,9,20,2024-05-19,0.0,60.0,0.0,75.0,0.0,0.0
MO,2024,10,21,2024-05-26,0.0,69.0,0.0,92.0,0.0,0.0
MO,2024,11,22,2024-06-02,0.0,92.0,0.0,99.0,0.0,1.0
MO,2024,12,23,2024-06-09,0.0,97.0,0.0,100.0,0.0,8.0
MO,2024,13,24,2024-06-16,0.0,97.0,0.0,100.0,0.0,18.0
MO,2024,14,25,2024-06-23,0.0,97.0,0.0,100.0,0.0,24.0
MO,2024,15,26,2024-06-30,0.0,97.0,0.0,100.0,0.0,42.0
MO,2024,16,27,2024-07-07,0.0,97.0,0.0,100.0,5.0,61.0
MO,2024,17,28,2024-07-14,0.0,97.0,0.0,100.0,8.0,73.0
MO,2024,18,29,2024-07-21,0.0,97.0,0.0,100.0,18.0,83.0
MO,2024,19,30,2024-07-28,0.0,97.0,0.0,100.0,46.0,91.0
MO,2024,20,31,2024-08-04,0.0,97.0,0.0,100.0,56.0,93.0
MO,2024,21,32,2024-08-11,0.0,97.0,0.0,100.0,66.0,98.0
MO,2024,22,33,2024-08-18,2.0,97.0,0.0,100.0,80.0,98.0
MO,2024,23,34,2024-08-25,5.0,97.0,0.0,100.0,90.0,98.0
MO,2024,24,35,2024-09-01,14.0,97.0,0.0,100.0,95.0,98.0
MO,2024,25,36,2024-09-08,44.0,97.0,0.0,100.0,95.0,98.0
MO,2024,26,37,2024-09-15,54.0,97.0,0.0,100.0,95.0,98.0
MO,2024,27,38,2024-09-22,73.0,97.0,2.0,100.0,95.0,98.0
MO,2024,28,39,2024-09-29,84.0,97.0,6.0,100.0,95.0,98.0
MO,2024,29,40,2024-10-06,93.0,97.0,20.0,100.0,95.0,98.0
MO,2024,30,41,2024-10-13,98.0,97.0,38.0,100.0,95.0,98.0
MO,2024,31,42,2024-10-20,99.0,97.0,51.0,100.0,95.0,98.0
MO,2024,32,43,2024-10-27,100.0,97.0,68.0,100.0,95.0,98.0
MO,2024,33,44,2024-11-03,100.0,97.0,84.0,100.0,95.0,98.0
MO,2024,34,45,2024-11-10,100.0,97.0,94.0,100.0,95.0,98.0
MO,2024,35,46,2024-11-17,100.0,97.0,95.0,100.0,95.0,98.0
MO,2024,36,47,2024-11-24,100.0,97.0,97.0,100.0,95.0,98.0
MO,2025,3,14,2025-04-06,0.0,0.0,0.0,0.0,0.0,0.0
MO,2025,4,15,2025-04-13,0.0,0.0,0.0,1.0,0.0,0.0
MO,2025,5,16,2025-04-20,0.0,0.0,0.0,2.0,0.0,0.0
MO,2025,6,17,2025-04-27,0.0,0.0,0.0,5.0,0.0,0.0
MO,2025,7,18,2025-05-04,0.0,1.0,0.0,17.0,0.0,0.0
MO,2025,8,19,2025-05-11,0.0,13.0,0.0,54.0,0.0,0.0
MO,2025,9,20,2025-05-18,0.0,40.0,0.0,66.0,0.0,0.0
MO,2025,10,21,2025-05-25,0.0,49.0,0.0,72.0,0.0,0.0
MO,2025,11,22,2025-06-01,0.0,74.0,0.0,96.0,0.0,0.0
MO,2025,12,23,2025-06-08,0.0,80.0,0.0,97.0,0.0,5.0
MO,2025,13,24,2025-06-15,0.0,97.0,0.0,98.0,0.0,17.0
MO,2025,14,25,2025-06-22,0.0,97.0,0.0,100.0,0.0,26.0
MO,2025,15,26,2025-06-29,0.0,97.0,0.0,100.0,0.0,52.0
MO,2025,16,27,2025-07-06,0.0,97.0,0.0,100.0,2.0,64.0
MO,2025,17,28,2025-07-13,0.0,97.0,0.0,100.0,4.0,73.0
MO,2025,18,29,2025-07-20,0.0,97.0,0.0,100.0,12.0,80.0
MO,2025,19,30,2025-07-27,0.0,97.0,0.0,100.0,37.0,86.0
MO,2025,20,31,2025-08-03,0.0,97.0,0.0,100.0,51.0,90.0
MO,2025,21,32,2025-08-10,0.0,97.0,0.0,100.0,61.0,98.0
MO,2025,22,33,2025-08-17,0.0,97.0,0.0,100.0,74.0,99.0
MO,2025,23,34,2025-08-24,3.0,97.0,0.0,100.0,82.0,99.0
MO,2025,24,35,2025-08-31,8.0,97.0,0.0,100.0,94.0,99.0
MO,2025,25,36,2025-09-07,35.0,97.0,0.0,100.0,97.0,99.0
MO,2025,26,37,2025-09-14,55.0,97.0,0.0,100.0,97.0,99.0
MO,2025,27,38,2025-09-21,71.0,97.0,0.0,100.0,97.0,99.0
MO,2025,28,39,2025-09-28,86.0,97.0,1.0,100.0,97.0,99.0
MO,2025,35,46,2025-11-16,86.0,97.0,92.0,100.0,97.0,99.0
MO,2025,36,47,2025-11-23,86.0,97.0,98.0,100.0,97.0,99.0
MS,2016,2,13,2016-04-03,0.0,0.0,0.0,0.0,0.0,0.0
MS,2016,3,14,2016-04-10,0.0,0.0,0.0,1.0,0.0,0.0
MS,2016,4,15,2016-04-17,0.0,0.0,0.0,3.0,0.0,0.0
MS,2016,5,16,2016-04-24,0.0,1.0,0.0,6.0,0.0,0.0
MS,2016,6,17,2016-05-01,0.0,6.0,0.0,21.0,0.0,0.0
MS,2016,7,18,2016-05-08,0.0,16.0,0.0,35.0,0.0,0.0
MS,2016,8,19,2016-05-15,0.0,38.0,0.0,64.0,0.0,0.0
MS,2016,9,20,2016-05-22,0.0,64.0,0.0,81.0,0.0,0.0
MS,2016,10,21,2016-05-29,0.0,80.0,0.0,91.0,0.0,0.0
MS,2016,11,22,2016-06-05,0.0,86.0,0.0,94.0,0.0,3.0
MS,2016,12,23,2016-06-12,0.0,91.0,0.0,96.0,0.0,17.0
MS,2016,13,24,2016-06-19,0.0,94.0,0.0,98.0,0.0,35.0
MS,2016,14,25,2016-06-26,0.0,97.0,0.0,100.0,6.0,54.0
MS,2016,15,26,2016-07-03,0.0,100.0,0.0,100.0,12.0,66.0
MS,2016,16,27,2016-07-10,0.0,100.0,0.0,100.0,33.0,75.0
MS,2016,17,28,2016-07-17,0.0,100.0,0.0,100.0,51.0,82.0
MS,2016,18,29,2016-07-24,0.0,100.0,0.0,100.0,72.0,90.0
MS,2016,19,30,2016-07-31,1.0,100.0,0.0,100.0,78.0,93.0
MS,2016,20,31,2016-08-07,6.0,100.0,0.0,100.0,85.0,96.0
MS,2016,21,32,2016-08-14,13.0,100.0,0.0,100.0,88.0,99.0
MS,2016,22,33,2016-08-21,18.0,100.0,0.0,100.0,90.0,100.0
MS,2016,23,34,2016-08-28,30.0,100.0,0.0,100.0,93.0,100.0
MS,2016,24,35,2016-09-04,46.0,100.0,0.0,100.0,96.0,100.0
MS,2016,25,36,2016-09-11,65.0,100.0,1.0,100.0,100.0,100.0
MS,2016,26,37,2016-09-18,83.0,100.0,4.0,100.0,100.0,100.0
MS,2016,27,38,2016-09-25,90.0,100.0,15.0,100.0,100.0,100.0
MS,2016,28,39,2016-10-02,95.0,100.0,32.0,100.0,100.0,100.0
MS,2016,29,40,2016-10-09,99.0,100.0,56.0,100.0,100.0,100.0
MS,2016,30,41,2016-10-16,100.0,100.0,69.0,100.0,100.0,100.0
MS,2016,31,42,2016-10-23,100.0,100.0,81.0,100.0,100.0,100.0
MS,2016,32,43,2016-10-30,100.0,100.0,90.0,100.0,100.0,100.0
MS,2016,33,44,2016-11-06,100.0,100.0,95.0,100.0,100.0,100.0
MS,2016,34,45,2016-11-13,100.0,100.0,98.0,100.0,100.0,100.0
MS,2016,35,46,2016-11-20,100.0,100.0,100.0,100.0,100.0,100.0
MS,2016,36,47,2016-11-27,100.0,100.0,100.0,100.0,100.0,100.0
MS,2017,2,13,2017-04-02,0.0,0.0,0.0,0.0,0.0,0.0
MS,2017,3,14,2017-04-09,0.0,0.0,0.0,1.0,0.0,0.0
MS,2017,4,15,2017-04-16,0.0,0.0,0.0,6.0,0.0,0.0
MS,2017,5,16,2017-04-23,0.0,1.0,0.0,11.0,0.0,0.0
MS,2017,6,17,2017-04-30,0.0,11.0,0.0,20.0,0.0,0.0
MS,2017,7,18,2017-05-07,0.0,16.0,0.0,29.0,0.0,0.0
MS,2017,8,19,2017-05-14,0.0,27.0,0.0,51.0,0.0,0.0
MS,2017,9,20,2017-05-21,0.0,47.0,0.0,72.0,0.0,0.0
MS,2017,10,21,2017-05-28,0.0,67.0,0.0,83.0,0.0,0.0
MS,2017,11,22,2017-06-04,0.0,82.0,0.0,90.0,0.0,7.0
MS,2017,12,23,2017-06-11,0.0,88.0,0.0,94.0,0.0,12.0
MS,2017,13,24,2017-06-18,0.0,91.0,0.0,98.0,0.0,25.0
MS,2017,14,25,2017-06-25,0.0,95.0,0.0,100.0,5.0,34.0
MS,2017,15,26,2017-07-02,0.0,99.0,0.0,100.0,10.0,53.0
MS,2017,16,27,2017-07-09,0.0,100.0,0.0,100.0,22.0,66.0
MS,2017,17,28,2017-07-16,0.0,100.0,0.0,100.0,38.0,79.0
MS,2017,18,29,2017-07-23,0.0,100.0,0.0,100.0,55.0,88.0
MS,2017,19,30,2017-07-30,1.0,100.0,0.0,100.0,71.0,95.0
MS,2017,20,31,2017-08-06,3.0,100.0,0.0,100.0,81.0,97.0
MS,2017,21,32,2017-08-13,6.0,100.0,0.0,100.0,87.0,99.0
MS,2017,22,33,2017-08-20,17.0,100.0,0.0,100.0,95.0,100.0
MS,2017,23,34,2017-08-27,23.0,100.0,0.0,100.0,97.0,100.0
MS,2017,24,35,2017-09-03,30.0,100.0,0.0,100.0,99.0,100.0
MS,2017,25,36,2017-09-10,47.0,100.0,0.0,100.0,100.0,100.0
MS,2017,26,37,2017-09-17,61.0,100.0,1.0,100.0,100.0,100.0
MS,2017,27,38,2017-09-24,74.0,100.0,6.0,100.0,100.0,100.0
MS,2017,28,39,2017-10-01,84.0,100.0,18.0,100.0,100.0,100.0
MS,2017,29,40,2017-10-08,89.0,100.0,32.0,100.0,100.0,100.0
MS,2017,30,41,2017-10-15,93.0,100.0,46.0,100.0,100.0,100.0
MS,2017,31,42,2017-10-22,97.0,100.0,59.0,100.0,100.0,100.0
MS,2017,32,43,2017-10-29,100.0,100.0,77.0,100.0,100.0,100.0
MS,2017,33,44,2017-11-05,100.0,100.0,86.0,100.0,100.0,100.0
MS,2017,34,45,2017-11-12,100.0,100.0,93.0,100.0,100.0,100.0
MS,2017,35,46,2017-11-19,100.0,100.0,97.0,100.0,100.0,100.0
MS,2017,36,47,2017-11-26,100.0,100.0,99.0,100.0,100.0,100.0
MS,2018,2,13,2018-04-01,0.0,0.0,0.0,0.0,0.0,0.0
MS,2018,3,14,2018-04-08,0.0,0.0,0.0,0.0,0.0,0.0
MS,2018,4,15,2018-04-15,0.0,0.0,0.0,0.0,0.0,0.0
MS,2018,5,16,2018-04-22,0.0,0.0,0.0,1.0,0.0,0.0
MS,2018,6,17,2018-04-29,0.0,0.0,0.0,7.0,0.0,0.0
MS,2018,7,18,2018-05-06,0.0,3.0,0.0,21.0,0.0,0.0
MS,2018,8,19,2018-05-13,0.0,18.0,0.0,46.0,0.0,0.0
MS,2018,9,20,2018-05-20,0.0,43.0,0.0,70.0,0.0,0.0
MS,2018,10,21,2018-05-27,0.0,68.0,0.0,85.0,0.0,0.0
MS,2018,11,22,2018-06-03,0.0,78.0,0.0,91.0,0.0,4.0
MS,2018,12,23,2018-06-10,0.0,90.0,0.0,96.0,0.0,13.0
MS,2018,13,24,2018-06-17,0.0,95.0,0.0,98.0,0.0,19.0
MS,2018,14,25,2018-06-24,0.0,96.0,0.0,99.0,0.0,40.0
MS,2018,15,26,2018-07-01,0.0,99.0,0.0,100.0,10.0,60.0
MS,2018,16,27,2018-07-08,0.0,100.0,0.0,100.0,30.0,73.0
MS,2018,17,28,2018-07-15,0.0,100.0,0.0,100.0,51.0,86.0
MS,2018,18,29,2018-07-22,0.0,100.0,0.0,100.0,74.0,94.0
MS,2018,19,30,2018-07-29,6.0,100.0,0.0,100.0,83.0,97.0
MS,2018,20,31,2018-08-05,11.0,100.0,0.0,100.0,92.0,98.0
MS,2018,21,32,2018-08-12,12.0,100.0,0.0,100.0,95.0,99.0
MS,2018,22,33,2018-08-19,26.0,100.0,0.0,100.0,96.0,100.0
MS,2018,23,34,2018-08-26,36.0,100.0,0.0,100.0,97.0,100.0
MS,2018,24,35,2018-09-02,55.0,100.0,0.0,100.0,99.0,100.0
MS,2018,25,36,2018-09-09,69.0,100.0,1.0,100.0,100.0,100.0
MS,2018,26,37,2018-09-16,81.0,100.0,6.0,100.0,100.0,100.0
MS,2018,27,38,2018-09-23,89.0,100.0,19.0,100.0,100.0,100.0
MS,2018,28,39,2018-09-30,92.0,100.0,24.0,100.0,100.0,100.0
MS,2018,29,40,2018-10-07,97.0,100.0,40.0,100.0,100.0,100.0
MS,2018,30,41,2018-10-14,98.0,100.0,60.0,100.0,100.0,100.0
MS,2018,31,42,2018-10-21,99.0,100.0,70.0,100.0,100.0,100.0
MS,2018,32,43,2018-10-28,100.0,100.0,77.0,100.0,100.0,100.0
MS,2018,33,44,2018-11-04,100.0,100.0,85.0,100.0,100.0,100.0
MS,2018,34,45,2018-11-11,100.0,100.0,89.0,100.0,100.0,100.0
MS,2018,35,46,2018-11-18,100.0,100.0,91.0,100.0,100.0,100.0
MS,2018,36,47,2018-11-25,100.0,100.0,94.0,100.0,100.0,100.0
MS,2018,37,48,2018-12-02,100.0,100.0,96.0,100.0,100.0,100.0
MS,2019,2,13,2019-03-31,0.0,0.0,0.0,0.0,0.0,0.0
MS,2019,3,14,2019-04-07,0.0,0.0,0.0,0.0,0.0,0.0
MS,2019,4,15,2019-04-14,0.0,0.0,0.0,0.0,0.0,0.0
MS,2019,5,16,2019-04-21,0.0,0.0,0.0,0.0,0.0,0.0
MS,2019,6,17,2019-04-28,0.0,0.0,0.0,2.0,0.0,0.0
MS,2019,7,18,2019-05-05,0.0,2.0,0.0,11.0,0.0,0.0
MS,2019,8,19,2019-05-12,0.0,9.0,0.0,17.0,0.0,0.0
MS,2019,9,20,2019-05-19,0.0,16.0,0.0,34.0,0.0,0.0
MS,2019,10,21,2019-05-26,0.0,33.0,0.0,62.0,0.0,0.0
MS,2019,11,22,2019-06-02,0.0,56.0,0.0,77.0,0.0,1.0
MS,2019,12,23,2019-06-09,0.0,74.0,0.0,89.0,0.0,3.0
MS,2019,13,24,2019-06-16,0.0,87.0,0.0,94.0,0.0,9.0
MS,2019,14,25,2019-06-23,0.0,92.0,0.0,97.0,2.0,16.0
MS,2019,15,26,2019-06-30,0.0,95.0,0.0,99.0,4.0,30.0
MS,2019,16,27,2019-07-07,0.0,98.0,0.0,100.0,8.0,44.0
MS,2019,17,28,2019-07-14,0.0,99.0,0.0,100.0,21.0,65.0
MS,2019,18,29,2019-07-21,0.0,100.0,0.0,100.0,33.0,74.0
MS,2019,19,30,2019-07-28,0.0,100.0,0.0,100.0,55.0,85.0
MS,2019,20,31,2019-08-04,1.0,100.0,0.0,100.0,68.0,92.0
MS,2019,21,32,2019-08-11,3.0,100.0,0.0,100.0,82.0,94.0
MS,2019,22,33,2019-08-18,8.0,100.0,0.0,100.0,91.0,98.0
MS,2019,23,34,2019-08-25,15.0,100.0,0.0,100.0,92.0,100.0
MS,2019,24,35,2019-09-01,29.0,100.0,0.0,100.0,95.0,100.0
MS,2019,25,36,2019-09-08,42.0,100.0,0.0,100.0,98.0,100.0
MS,2019,26,37,2019-09-15,60.0,100.0,0.0,100.0,100.0,100.0
MS,2019,27,38,2019-09-22,77.0,100.0,7.0,100.0,100.0,100.0
MS,2019,28,39,2019-09-29,88.0,100.0,23.0,100.0,100.0,100.0
MS,2019,29,40,2019-10-06,93.0,100.0,37.0,100.0,100.0,100.0
MS,2019,30,41,2019-10-13,97.0,100.0,51.0,100.0,100.0,100.0
MS,2019,31,42,2019-10-20,98.0,100.0,63.0,100.0,100.0,100.0
MS,2019,32,43,2019-10-27,100.0,100.0,73.0,100.0,100.0,100.0
MS,2019,33,44,2019-11-03,100.0,100.0,77.0,100.0,100.0,100.0
MS,2019,34,45,2019-11-10,100.0,100.0,84.0,100.0,100.0,100.0
MS,2019,35,46,2019-11-17,100.0,100.0,89.0,100.0,100.0,100.0
MS,2019,36,47,2019-11-24,100.0,100.0,94.0,100.0,100.0,100.0
MS,2019,37,48,2019-12-01,100.0,100.0,97.0,100.0,100.0,100.0
MS,2019,38,49,2019-12-08,100.0,100.0,98.0,100.0,100.0,100.0
MS,2020,3,14,2020-04-05,0.0,0.0,0.0,0.0,0.0,0.0
MS,2020,4,15,2020-04-12,0.0,0.0,0.0,1.0,0.0,0.0
MS,2020,5,16,2020-04-19,0.0,0.0,0.0,4.0,0.0,0.0
MS,2020,6,17,2020-04-26,0.0,1.0,0.0,6.0,0.0,0.0
MS,2020,7,18,2020-05-03,0.0,1.0,0.0,11.0,0.0,0.0
MS,2020,8,19,2020-05-10,0.0,10.0,0.0,23.0,0.0,0.0
MS,2020,9,20,2020-05-17,0.0,22.0,0.0,52.0,0.0,0.0
MS,2020,10,21,2020-05-24,0.0,47.0,0.0,72.0,0.0,0.0
MS,2020,11,22,2020-05-31,0.0,65.0,0.0,82.0,0.0,0.0
MS,2020,12,23,2020-06-07,0.0,76.0,0.0,91.0,0.0,1.0
MS,2020,13,24,2020-06-14,0.0,89.0,0.0,95.0,0.0,5.0
MS,2020,14,25,2020-06-21,0.0,93.0,0.0,97.0,1.0,17.0
MS,2020,15,26,2020-06-28,0.0,94.0,0.0,99.0,2.0,28.0
MS,2020,16,27,2020-07-05,0.0,96.0,0.0,100.0,4.0,54.0
MS,2020,17,28,2020-07-12,0.0,98.0,0.0,100.0,16.0,75.0
MS,2020,18,29,2020-07-19,0.0,99.0,0.0,100.0,26.0,82.0
MS,2020,19,30,2020-07-26,0.0,100.0,0.0,100.0,55.0,87.0
MS,2020,20,31,2020-08-02,1.0,100.0,0.0,100.0,70.0,92.0
MS,2020,21,32,2020-08-09,4.0,100.0,0.0,100.0,78.0,94.0
MS,2020,22,33,2020-08-16,13.0,100.0,0.0,100.0,84.0,97.0
MS,2020,23,34,2020-08-23,17.0,100.0,0.0,100.0,89.0,98.0
MS,2020,24,35,2020-08-30,23.0,100.0,0.0,100.0,93.0,99.0
MS,2020,25,36,2020-09-06,42.0,100.0,0.0,100.0,95.0,100.0
MS,2020,26,37,2020-09-13,54.0,100.0,1.0,100.0,99.0,100.0
MS,2020,27,38,2020-09-20,73.0,100.0,6.0,100.0,100.0,100.0
MS,2020,28,39,2020-09-27,84.0,100.0,10.0,100.0,100.0,100.0
MS,2020,29,40,2020-10-04,92.0,100.0,17.0,100.0,100.0,100.0
MS,2020,30,41,2020-10-11,96.0,100.0,29.0,100.0,100.0,100.0
MS,2020,31,42,2020-10-18,98.0,100.0,46.0,100.0,100.0,100.0
MS,2020,32,43,2020-10-25,99.0,100.0,63.0,100.0,100.0,100.0
MS,2020,33,44,2020-11-01,100.0,100.0,77.0,100.0,100.0,100.0
MS,2020,34,45,2020-11-08,100.0,100.0,85.0,100.0,100.0,100.0
MS,2020,35,46,2020-11-15,100.0,100.0,91.0,100.0,100.0,100.0
MS,2020,36,47,2020-11-22,100.0,100.0,95.0,100.0,100.0,100.0
MS,2020,37,48,2020-11-29,100.0,100.0,98.0,100.0,100.0,100.0
MS,2021,2,13,2021-04-04,0.0,0.0,0.0,0.0,0.0,0.0
MS,2021,3,14,2021-04-11,0.0,0.0,0.0,0.0,0.0,0.0
MS,2021,4,15,2021-04-18,0.0,0.0,0.0,1.0,0.0,0.0
MS,2021,5,16,2021-04-25,0.0,0.0,0.0,2.0,0.0,0.0
MS,2021,6,17,2021-05-02,0.0,1.0,0.0,10.0,0.0,0.0
MS,2021,7,18,2021-05-09,0.0,9.0,0.0,35.0,0.0,0.0
MS,2021,8,19,2021-05-16,0.0,23.0,0.0,49.0,0.0,0.0
MS,2021,9,20,2021-05-23,0.0,48.0,0.0,67.0,0.0,0.0
MS,2021,10,21,2021-05-30,0.0,65.0,0.0,83.0,0.0,0.0
MS,2021,11,22,2021-06-06,0.0,77.0,0.0,91.0,0.0,1.0
MS,2021,12,23,2021-06-13,0.0,85.0,0.0,93.0,0.0,2.0
MS,2021,13,24,2021-06-20,0.0,90.0,0.0,96.0,0.0,9.0
MS,2021,14,25,2021-06-27,0.0,95.0,0.0,100.0,0.0,16.0
MS,2021,15,26,2021-07-04,0.0,99.0,0.0,100.0,4.0,39.0
MS,2021,16,27,2021-07-11,0.0,100.0,0.0,100.0,10.0,61.0
MS,2021,17,28,2021-07-18,0.0,100.0,0.0,100.0,31.0,74.0
MS,2021,18,29,2021-07-25,0.0,100.0,0.0,100.0,49.0,80.0
MS,2021,19,30,2021-08-01,3.0,100.0,0.0,100.0,64.0,91.0
MS,2021,20,31,2021-08-08,22.0,100.0,0.0,100.0,79.0,95.0
MS,2021,21,32,2021-08-15,28.0,100.0,0.0,100.0,86.0,97.0
MS,2021,22,33,2021-08-22,33.0,100.0,0.0,100.0,90.0,99.0
MS,2021,23,34,2021-08-29,42.0,100.0,0.0,100.0,92.0,100.0
MS,2021,24,35,2021-09-05,55.0,100.0,0.0,100.0,94.0,100.0
MS,2021,25,36,2021-09-12,59.0,100.0,1.0,100.0,96.0,100.0
MS,2021,26,37,2021-09-19,66.0,100.0,2.0,100.0,99.0,100.0
MS,2021,27,38,2021-09-26,73.0,100.0,4.0,100.0,100.0,100.0
MS,2021,28,39,2021-10-03,79.0,100.0,14.0,100.0,100.0,100.0
MS,2021,29,40,2021-10-10,89.0,100.0,21.0,100.0,100.0,100.0
MS,2021,30,41,2021-10-17,93.0,100.0,32.0,100.0,100.0,100.0
MS,2021,31,42,2021-10-24,96.0,100.0,41.0,100.0,100.0,100.0
MS,2021,32,43,2021-10-31,99.0,100.0,59.0,100.0,100.0,100.0
MS,2021,33,44,2021-11-07,100.0,100.0,72.0,100.0,100.0,100.0
MS,2021,34,45,2021-11-14,100.0,100.0,83.0,100.0,100.0,100.0
MS,2021,35,46,2021-11-21,100.0,100.0,91.0,100.0,100.0,100.0
MS,2021,36,47,2021-11-28,100.0,100.0,96.0,100.0,100.0,100.0
MS,2022,2,13,2022-04-03,0.0,0.0,0.0,0.0,0.0,0.0
MS,2022,3,14,2022-04-10,0.0,0.0,0.0,0.0,0.0,0.0
MS,2022,4,15,2022-04-17,0.0,0.0,0.0,1.0,0.0,0.0
MS,2022,5,16,2022-04-24,0.0,0.0,0.0,2.0,0.0,0.0
MS,2022,6,17,2022-05-01,0.0,1.0,0.0,10.0,0.0,0.0
MS,2022,7,18,2022-05-08,0.0,6.0,0.0,34.0,0.0,0.0
MS,2022,8,19,2022-05-15,0.0,31.0,0.0,55.0,0.0,0.0
MS,2022,9,20,2022-05-22,0.0,52.0,0.0,81.0,0.0,0.0
MS,2022,10,21,2022-05-29,0.0,74.0,0.0,90.0,0.0,1.0
MS,2022,11,22,2022-06-05,0.0,87.0,0.0,96.0,0.0,4.0
MS,2022,12,23,2022-06-12,0.0,92.0,0.0,98.0,0.0,7.0
MS,2022,13,24,2022-06-19,0.0,96.0,0.0,99.0,0.0,14.0
MS,2022,14,25,2022-06-26,0.0,98.0,0.0,100.0,3.0,31.0
MS,2022,15,26,2022-07-03,0.0,100.0,0.0,100.0,11.0,49.0
MS,2022,16,27,2022-07-10,0.0,100.0,0.0,100.0,25.0,68.0
MS,2022,17,28,2022-07-17,0.0,100.0,0.0,100.0,42.0,83.0
MS,2022,18,29,2022-07-24,0.0,100.0,0.0,100.0,61.0,90.0
MS,2022,19,30,2022-07-31,1.0,100.0,0.0,100.0,73.0,93.0
MS,2022,20,31,2022-08-07,5.0,100.0,0.0,100.0,85.0,95.0
MS,2022,21,32,2022-08-14,7.0,100.0,0.0,100.0,88.0,96.0
MS,2022,22,33,2022-08-21,9.0,100.0,0.0,100.0,91.0,98.0
MS,2022,23,34,2022-08-28,25.0,100.0,0.0,100.0,94.0,99.0
MS,2022,24,35,2022-09-04,44.0,100.0,0.0,100.0,95.0,100.0
MS,2022,25,36,2022-09-11,61.0,100.0,0.0,100.0,97.0,100.0
MS,2022,26,37,2022-09-18,72.0,100.0,5.0,100.0,99.0,100.0
MS,2022,27,38,2022-09-25,85.0,100.0,16.0,100.0,100.0,100.0
MS,2022,28,39,2022-10-02,90.0,100.0,28.0,100.0,100.0,100.0
MS,2022,29,40,2022-10-09,94.0,100.0,54.0,100.0,100.0,100.0
MS,2022,30,41,2022-10-16,96.0,100.0,63.0,100.0,100.0,100.0
MS,2022,31,42,2022-10-23,98.0,100.0,77.0,100.0,100.0,100.0
MS,2022,32,43,2022-10-30,99.0,100.0,84.0,100.0,100.0,100.0
MS,2022,33,44,2022-11-06,100.0,100.0,92.0,100.0,100.0,100.0
MS,2022,34,45,2022-11-13,100.0,100.0,97.0,100.0,100.0,100.0
MS,2022,35,46,2022-11-20,100.0,100.0,98.0,100.0,100.0,100.0
MS,2022,36,47,2022-11-27,100.0,100.0,100.0,100.0,100.0,100.0
MS,2023,2,13,2023-04-02,0.0,0.0,0.0,0.0,0.0,0.0
MS,2023,3,14,2023-04-09,0.0,0.0,0.0,0.0,0.0,0.0
MS,2023,4,15,2023-04-16,0.0,0.0,0.0,0.0,0.0,0.0
MS,2023,5,16,2023-04-23,0.0,0.0,0.0,1.0,0.0,0.0
MS,2023,6,17,2023-04-30,0.0,0.0,0.0,4.0,0.0,0.0
MS,2023,7,18,2023-05-07,0.0,1.0,0.0,25.0,0.0,0.0
MS,2023,8,19,2023-05-14,0.0,16.0,0.0,43.0,0.0,0.0
MS,2023,9,20,2023-05-21,0.0,39.0,0.0,63.0,0.0,0.0
MS,2023,10,21,2023-05-28,0.0,62.0,0.0,80.0,0.0,0.0
MS,2023,11,22,2023-06-04,0.0,78.0,0.0,89.0,0.0,1.0
MS,2023,12,23,2023-06-11,0.0,86.0,0.0,94.0,0.0,2.0
MS,2023,13,24,2023-06-18,0.0,93.0,0.0,96.0,0.0,17.0
MS,2023,14,25,2023-06-25,0.0,95.0,0.0,99.0,2.0,26.0
MS,2023,15,26,2023-07-02,0.0,97.0,0.0,100.0,8.0,40.0
MS,2023,16,27,2023-07-09,0.0,99.0,0.0,100.0,19.0,65.0
MS,2023,17,28,2023-07-16,0.0,100.0,0.0,100.0,29.0,76.0
MS,2023,18,29,2023-07-23,0.0,100.0,0.0,100.0,51.0,85.0
MS,2023,19,30,2023-07-30,1.0,100.0,0.0,100.0,70.0,91.0
MS,2023,20,31,2023-08-06,6.0,100.0,0.0,100.0,76.0,94.0
MS,2023,21,32,2023-08-13,13.0,100.0,0.0,100.0,86.0,96.0
MS,2023,22,33,2023-08-20,20.0,100.0,0.0,100.0,91.0,98.0
MS,2023,23,34,2023-08-27,36.0,100.0,0.0,100.0,94.0,99.0
MS,2023,24,35,2023-09-03,55.0,100.0,0.0,100.0,96.0,100.0
MS,2023,25,36,2023-09-10,70.0,100.0,0.0,100.0,98.0,100.0
MS,2023,26,37,2023-09-17,79.0,100.0,3.0,100.0,99.0,100.0
MS,2023,27,38,2023-09-24,87.0,100.0,15.0,100.0,100.0,100.0
MS,2023,28,39,2023-10-01,94.0,100.0,29.0,100.0,100.0,100.0
MS,2023,29,40,2023-10-08,97.0,100.0,42.0,100.0,100.0,100.0
MS,2023,30,41,2023-10-15,98.0,100.0,61.0,100.0,100.0,100.0
MS,2023,31,42,2023-10-22,100.0,100.0,70.0,100.0,100.0,100.0
MS,2023,32,43,2023-10-29,100.0,100.0,84.0,100.0,100.0,100.0
MS,2023,33,44,2023-11-05,100.0,100.0,92.0,100.0,100.0,100.0
MS,2023,34,45,2023-11-12,100.0,100.0,96.0,100.0,100.0,100.0
MS,2023,35,46,2023-11-19,100.0,100.0,99.0,100.0,100.0,100.0
MS,2023,36,47,2023-11-26,100.0,100.0,100.0,100.0,100.0,100.0
MS,2024,2,13,2024-03-31,0.0,0.0,0.0,0.0,0.0,0.0
MS,2024,3,14,2024-04-07,0.0,0.0,0.0,0.0,0.0,0.0
MS,2024,4,15,2024-04-14,0.0,0.0,0.0,0.0,0.0,0.0
MS,2024,5,16,2024-04-21,0.0,0.0,0.0,1.0,0.0,0.0
MS,2024,6,17,2024-04-28,0.0,0.0,0.0,12.0,0.0,0.0
MS,2024,7,18,2024-05-05,0.0,5.0,0.0,32.0,0.0,0.0
MS,2024,8,19,2024-05-12,0.0,25.0,0.0,54.0,0.0,0.0
MS,2024,9,20,2024-05-19,0.0,42.0,0.0,73.0,0.0,0.0
MS,2024,10,21,2024-05-26,0.0,62.0,0.0,83.0,0.0,0.0
MS,2024,11,22,2024-06-02,0.0,77.0,0.0,90.0,0.0,1.0
MS,2024,12,23,2024-06-09,0.0,88.0,0.0,94.0,0.0,4.0
MS,2024,13,24,2024-06-16,0.0,93.0,0.0,96.0,0.0,11.0
MS,2024,14,25,2024-06-23,0.0,95.0,0.0,99.0,1.0,26.0
MS,2024,15,26,2024-06-30,0.0,97.0,0.0,100.0,3.0,41.0
MS,2024,16,27,2024-07-07,0.0,100.0,0.0,100.0,19.0,68.0
MS,2024,17,28,2024-07-14,0.0,100.0,0.0,100.0,35.0,86.0
MS,2024,18,29,2024-07-21,0.0,100.0,0.0,100.0,53.0,93.0
MS,2024,19,30,2024-07-28,1.0,100.0,0.0,100.0,69.0,95.0
MS,2024,20,31,2024-08-04,1.0,100.0,0.0,100.0,74.0,97.0
MS,2024,21,32,2024-08-11,5.0,100.0,0.0,100.0,84.0,99.0
MS,2024,22,33,2024-08-18,18.0,100.0,0.0,100.0,88.0,100.0
MS,2024,23,34,2024-08-25,37.0,100.0,0.0,100.0,93.0,100.0
MS,2024,24,35,2024-09-01,59.0,100.0,0.0,100.0,97.0,100.0
MS,2024,25,36,2024-09-08,69.0,100.0,0.0,100.0,98.0,100.0
MS,2024,26,37,2024-09-15,79.0,100.0,2.0,100.0,100.0,100.0
MS,2024,27,38,2024-09-22,87.0,100.0,15.0,100.0,100.0,100.0
MS,2024,28,39,2024-09-29,92.0,100.0,27.0,100.0,100.0,100.0
MS,2024,29,40,2024-10-06,96.0,100.0,43.0,100.0,100.0,100.0
MS,2024,30,41,2024-10-13,98.0,100.0,61.0,100.0,100.0,100.0
MS,2024,31,42,2024-10-20,100.0,100.0,74.0,100.0,100.0,100.0
MS,2024,32,43,2024-10-27,100.0,100.0,83.0,100.0,100.0,100.0
MS,2024,33,44,2024-11-03,100.0,100.0,92.0,100.0,100.0,100.0
MS,2024,34,45,2024-11-10,100.0,100.0,95.0,100.0,100.0,100.0
MS,2024,35,46,2024-11-17,100.0,100.0,97.0,100.0,100.0,100.0
MS,2024,36,47,2024-11-24,100.0,100.0,99.0,100.0,100.0,100.0
MS,2025,3,14,2025-04-06,0.0,0.0,0.0,0.0,0.0,0.0
MS,2025,4,15,2025-04-13,0.0,0.0,0.0,0.0,0.0,0.0
MS,2025,5,16,2025-04-20,0.0,0.0,0.0,1.0,0.0,0.0
MS,2025,6,17,2025-04-27,0.0,0.0,0.0,4.0,0.0,0.0
MS,2025,7,18,2025-05-04,0.0,2.0,0.0,18.0,0.0,0.0
MS,2025,8,19,2025-05-11,0.0,10.0,0.0,25.0,0.0,0.0
MS,2025,9,20,2025-05-18,0.0,19.0,0.0,31.0,0.0,0.0
MS,2025,10,21,2025-05-25,0.0,25.0,0.0,43.0,0.0,0.0
MS,2025,11,22,2025-06-01,0.0,41.0,0.0,54.0,0.0,0.0
MS,2025,12,23,2025-06-08,0.0,51.0,0.0,65.0,0.0,2.0
MS,2025,13,24,2025-06-15,0.0,63.0,0.0,71.0,0.0,7.0
MS,2025,14,25,2025-06-22,0.0,70.0,0.0,78.0,1.0,12.0
MS,2025,15,26,2025-06-29,0.0,78.0,0.0,91.0,3.0,36.0
MS,2025,16,27,2025-07-06,0.0,81.0,0.0,96.0,10.0,49.0
MS,2025,17,28,2025-07-13,0.0,95.0,0.0,100.0,20.0,57.0
MS,2025,18,29,2025-07-20,0.0,98.0,0.0,100.0,29.0,62.0
MS,2025,19,30,2025-07-27,1.0,100.0,0.0,100.0,43.0,72.0
MS,2025,20,31,2025-08-03,7.0,100.0,0.0,100.0,55.0,81.0
MS,2025,21,32,2025-08-10,11.0,100.0,0.0,100.0,67.0,91.0
MS,2025,22,33,2025-08-17,20.0,100.0,0.0,100.0,77.0,94.0
MS,2025,23,34,2025-08-24,28.0,100.0,0.0,100.0,82.0,96.0
MS,2025,24,35,2025-08-31,38.0,100.0,0.0,100.0,91.0,98.0
MS,2025,25,36,2025-09-07,52.0,100.0,0.0,100.0,95.0,100.0
MS,2025,26,37,2025-09-14,65.0,100.0,0.0,100.0,97.0,100.0
MS,2025,27,38,2025-09-21,75.0,100.0,9.0,100.0,100.0,100.0
MS,2025,28,39,2025-09-28,86.0,100.0,23.0,100.0,100.0,100.0
MS,2025,35,46,2025-11-16,100.0,100.0,96.0,100.0,100.0,100.0
MS,2025,36,47,2025-11-23,100.0,100.0,98.0,100.0,100.0,100.0
NC,2016,2,13,2016-04-03,0.0,,0.0,0.0,0.0,0.0
NC,2016,3,14,2016-04-10,0.0,,0.0,0.0,0.0,0.0
NC,2016,4,15,2016-04-17,0.0,,0.0,0.0,0.0,0.0
NC,2016,5,16,2016-04-24,0.0,,0.0,1.0,0.0,0.0
NC,2016,6,17,2016-05-01,0.0,,0.0,5.0,0.0,0.0
NC,2016,7,18,2016-05-08,0.0,,0.0,10.0,0.0,0.0
NC,2016,8,19,2016-05-15,0.0,,0.0,39.0,0.0,0.0
NC,2016,9,20,2016-05-22,0.0,,0.0,58.0,0.0,0.0
NC,2016,10,21,2016-05-29,0.0,,0.0,79.0,0.0,1.0
NC,2016,11,22,2016-06-05,0.0,,0.0,86.0,0.0,2.0
NC,2016,12,23,2016-06-12,0.0,,0.0,95.0,0.0,2.0
NC,2016,13,24,2016-06-19,0.0,,0.0,97.0,0.0,12.0
NC,2016,14,25,2016-06-26,0.0,,0.0,99.0,0.0,18.0
NC,2016,15,26,2016-07-03,0.0,,0.0,99.0,4.0,43.0
NC,2016,16,27,2016-07-10,0.0,,0.0,99.0,12.0,68.0
NC,2016,17,28,2016-07-17,0.0,,0.0,99.0,24.0,83.0
NC,2016,18,29,2016-07-24,0.0,,0.0,99.0,50.0,90.0
NC,2016,19,30,2016-07-31,0.0,,0.0,99.0,68.0,94.0
NC,2016,20,31,2016-08-07,2.0,,0.0,99.0,83.0,96.0
NC,2016,21,32,2016-08-14,7.0,,0.0,99.0,89.0,99.0
NC,2016,22,33,2016-08-21,11.0,,0.0,99.0,93.0,99.0
NC,2016,23,34,2016-08-28,20.0,,0.0,99.0,97.0,99.0
NC,2016,24,35,2016-09-04,31.0,,0.0,99.0,98.0,99.0
NC,2016,25,36,2016-09-11,40.0,,0.0,99.0,98.0,99.0
NC,2016,26,37,2016-09-18,66.0,,2.0,99.0,98.0,99.0
NC,2016,27,38,2016-09-25,76.0,,3.0,99.0,98.0,99.0
NC,2016,28,39,2016-10-02,85.0,,5.0,99.0,98.0,99.0
NC,2016,29,40,2016-10-09,90.0,,8.0,99.0,98.0,99.0
NC,2016,30,41,2016-10-16,93.0,,10.0,99.0,98.0,99.0
NC,2016,31,42,2016-10-23,97.0,,20.0,99.0,98.0,99.0
NC,2016,32,43,2016-10-30,99.0,,38.0,99.0,98.0,99.0
NC,2016,33,44,2016-11-06,99.0,,57.0,99.0,98.0,99.0
NC,2016,34,45,2016-11-13,99.0,,71.0,99.0,98.0,99.0
NC,2016,35,46,2016-11-20,99.0,,79.0,99.0,98.0,99.0
NC,2016,36,47,2016-11-27,99.0,,84.0,99.0,98.0,99.0
NC,2017,2,13,2017-04-02,0.0,,0.0,0.0,0.0,0.0
NC,2017,3,14,2017-04-09,0.0,,0.0,0.0,0.0,0.0
NC,2017,4,15,2017-04-16,0.0,,0.0,0.0,0.0,0.0
NC,2017,5,16,2017-04-23,0.0,,0.0,1.0,0.0,0.0
NC,2017,6,17,2017-04-30,0.0,,0.0,4.0,0.0,0.0
NC,2017,7,18,2017-05-07,0.0,,0.0,15.0,0.0,0.0
NC,2017,8,19,2017-05-14,0.0,,0.0,31.0,0.0,0.0
NC,2017,9,20,2017-05-21,0.0,,0.0,62.0,0.0,0.0
NC,2017,10,21,2017-05-28,0.0,,0.0,74.0,0.0,0.0
NC,2017,11,22,2017-06-04,0.0,,0.0,86.0,0.0,2.0
NC,2017,12,23,2017-06-11,0.0,,0.0,94.0,0.0,11.0
NC,2017,13,24,2017-06-18,0.0,,0.0,97.0,0.0,26.0
NC,2017,14,25,2017-06-25,0.0,,0.0,99.0,0.0,39.0
NC,2017,15,26,2017-07-02,0.0,,0.0,99.0,2.0,53.0
NC,2017,16,27,2017-07-09,0.0,,0.0,99.0,7.0,69.0
NC,2017,17,28,2017-07-16,0.0,,0.0,99.0,25.0,79.0
NC,2017,18,29,2017-07-23,0.0,,0.0,99.0,51.0,90.0
NC,2017,19,30,2017-07-30,0.0,,0.0,99.0,67.0,95.0
NC,2017,20,31,2017-08-06,0.0,,0.0,99.0,74.0,97.0
NC,2017,21,32,2017-08-13,4.0,,0.0,99.0,87.0,99.0
NC,2017,22,33,2017-08-20,6.0,,0.0,99.0,90.0,99.0
NC,2017,23,34,2017-08-27,11.0,,0.0,99.0,95.0,99.0
NC,2017,24,35,2017-09-03,20.0,,0.0,99.0,97.0,99.0
NC,2017,25,36,2017-09-10,35.0,,0.0,99.0,99.0,99.0
NC,2017,26,37,2017-09-17,55.0,,0.0,99.0,99.0,99.0
NC,2017,27,38,2017-09-24,66.0,,2.0,99.0,99.0,99.0
NC,2017,28,39,2017-10-01,77.0,,4.0,99.0,99.0,99.0
NC,2017,29,40,2017-10-08,85.0,,13.0,99.0,99.0,99.0
NC,2017,30,41,2017-10-15,90.0,,20.0,99.0,99.0,99.0
NC,2017,31,42,2017-10-22,94.0,,31.0,99.0,99.0,99.0
NC,2017,32,43,2017-10-29,97.0,,53.0,99.0,99.0,99.0
NC,2017,33,44,2017-11-05,100.0,,65.0,99.0,99.0,99.0
NC,2017,34,45,2017-11-12,100.0,,78.0,99.0,99.0,99.0
NC,2017,35,46,2017-11-19,100.0,,84.0,99.0,99.0,99.0
NC,2017,36,47,2017-11-26,100.0,,90.0,99.0,99.0,99.0
NC,2018,2,13,2018-04-01,0.0,,0.0,0.0,0.0,0.0
NC,2018,3,14,2018-04-08,0.0,,0.0,0.0,0.0,0.0
NC,2018,4,15,2018-04-15,0.0,,0.0,0.0,0.0,0.0
NC,2018,5,16,2018-04-22,0.0,,0.0,0.0,0.0,0.0
NC,2018,6,17,2018-04-29,0.0,,0.0,1.0,0.0,0.0
NC,2018,7,18,2018-05-06,0.0,,0.0,14.0,0.0,0.0
NC,2018,8,19,2018-05-13,0.0,,0.0,35.0,0.0,0.0
NC,2018,9,20,2018-05-20,0.0,,0.0,51.0,0.0,0.0
NC,2018,10,21,2018-05-27,0.0,,0.0,70.0,0.0,0.0
NC,2018,11,22,2018-06-03,0.0,,0.0,84.0,0.0,5.0
NC,2018,12,23,2018-06-10,0.0,,0.0,92.0,0.0,9.0
NC,2018,13,24,2018-06-17,0.0,,0.0,97.0,0.0,15.0
NC,2018,14,25,2018-06-24,0.0,,0.0,99.0,0.0,38.0
NC,2018,15,26,2018-07-01,0.0,,0.0,99.0,2.0,58.0
NC,2018,16,27,2018-07-08,0.0,,0.0,99.0,11.0,70.0
NC,2018,17,28,2018-07-15,0.0,,0.0,99.0,24.0,78.0
NC,2018,18,29,2018-07-22,0.0,,0.0,99.0,43.0,86.0
NC,2018,19,30,2018-07-29,0.0,,0.0,99.0,62.0,94.0
NC,2018,20,31,2018-08-05,0.0,,0.0,99.0,69.0,97.0
NC,2018,21,32,2018-08-12,1.0,,0.0,99.0,78.0,98.0
NC,2018,22,33,2018-08-19,3.0,,0.0,99.0,87.0,100.0
NC,2018,23,34,2018-08-26,7.0,,0.0,99.0,91.0,100.0
NC,2018,24,35,2018-09-02,25.0,,0.0,99.0,95.0,100.0
NC,2018,25,36,2018-09-09,43.0,,0.0,99.0,98.0,100.0
NC,2018,26,37,2018-09-16,59.0,,1.0,99.0,100.0,100.0
NC,2018,27,38,2018-09-23,71.0,,2.0,99.0,100.0,100.0
NC,2018,28,39,2018-09-30,86.0,,3.0,99.0,100.0,100.0
NC,2018,29,40,2018-10-07,93.0,,8.0,99.0,100.0,100.0
NC,2018,30,41,2018-10-14,95.0,,17.0,99.0,100.0,100.0
NC,2018,31,42,2018-10-21,97.0,,30.0,99.0,100.0,100.0
NC,2018,32,43,2018-10-28,99.0,,48.0,99.0,100.0,100.0
NC,2018,33,44,2018-11-04,100.0,,61.0,99.0,100.0,100.0
NC,2018,34,45,2018-11-11,100.0,,75.0,99.0,100.0,100.0
NC,2018,35,46,2018-11-18,100.0,,77.0,99.0,100.0,100.0
NC,2018,36,47,2018-11-25,100.0,,81.0,99.0,100.0,100.0
NC,2019,2,13,2019-03-31,0.0,,0.0,0.0,0.0,0.0
NC,2019,3,14,2019-04-07,0.0,,0.0,0.0,0.0,0.0
NC,2019,4,15,2019-04-14,0.0,,0.0,0.0,0.0,0.0
NC,2019,5,16,2019-04-21,0.0,,0.0,0.0,0.0,0.0
NC,2019,6,17,2019-04-28,0.0,,0.0,3.0,0.0,0.0
NC,2019,7,18,2019-05-05,0.0,,0.0,17.0,0.0,0.0
NC,2019,8,19,2019-05-12,0.0,,0.0,40.0,0.0,0.0
NC,2019,9,20,2019-05-19,0.0,,0.0,52.0,0.0,0.0
NC,2019,10,21,2019-05-26,0.0,,0.0,74.0,0.0,0.0
NC,2019,11,22,2019-06-02,0.0,,0.0,83.0,0.0,5.0
NC,2019,12,23,2019-06-09,0.0,,0.0,91.0,0.0,8.0
NC,2019,13,24,2019-06-16,0.0,,0.0,96.0,0.0,22.0
NC,2019,14,25,2019-06-23,0.0,,0.0,99.0,0.0,36.0
NC,2019,15,26,2019-06-30,0.0,,0.0,99.0,3.0,55.0
NC,2019,16,27,2019-07-07,0.0,,0.0,99.0,19.0,69.0
NC,2019,17,28,2019-07-14,0.0,,0.0,99.0,35.0,82.0
NC,2019,18,29,2019-07-21,0.0,,0.0,99.0,53.0,90.0
NC,2019,19,30,2019-07-28,0.0,,0.0,99.0,70.0,93.0
NC,2019,20,31,2019-08-04,0.0,,0.0,99.0,83.0,98.0
NC,2019,21,32,2019-08-11,1.0,,0.0,99.0,91.0,98.0
NC,2019,22,33,2019-08-18,8.0,,0.0,99.0,94.0,98.0
NC,2019,23,34,2019-08-25,15.0,,0.0,99.0,96.0,98.0
NC,2019,24,35,2019-09-01,28.0,,0.0,99.0,98.0,98.0
NC,2019,25,36,2019-09-08,40.0,,0.0,99.0,98.0,98.0
NC,2019,26,37,2019-09-15,61.0,,1.0,99.0,98.0,98.0
NC,2019,27,38,2019-09-22,76.0,,2.0,99.0,98.0,98.0
NC,2019,28,39,2019-09-29,85.0,,5.0,99.0,98.0,98.0
NC,2019,29,40,2019-10-06,94.0,,16.0,99.0,98.0,98.0
NC,2019,30,41,2019-10-13,97.0,,29.0,99.0,98.0,98.0
NC,2019,31,42,2019-10-20,98.0,,43.0,99.0,98.0,98.0
NC,2019,32,43,2019-10-27,100.0,,50.0,99.0,98.0,98.0
NC,2019,33,44,2019-11-03,100.0,,58.0,99.0,98.0,98.0
NC,2019,34,45,2019-11-10,100.0,,73.0,99.0,98.0,98.0
NC,2019,35,46,2019-11-17,100.0,,84.0,99.0,98.0,98.0
NC,2019,36,47,2019-11-24,100.0,,89.0,99.0,98.0,98.0
NC,2019,37,48,2019-12-01,100.0,,93.0,99.0,98.0,98.0
NC,2019,38,49,2019-12-08,100.0,,96.0,99.0,98.0,98.0
NC,2020,3,14,2020-04-05,0.0,,0.0,0.0,0.0,0.0
NC,2020,4,15,2020-04-12,0.0,,0.0,0.0,0.0,0.0
NC,2020,5,16,2020-04-19,0.0,,0.0,0.0,0.0,0.0
NC,2020,6,17,2020-04-26,0.0,,0.0,3.0,0.0,0.0
NC,2020,7,18,2020-05-03,0.0,,0.0,5.0,0.0,0.0
NC,2020,8,19,2020-05-10,0.0,,0.0,14.0,0.0,0.0
NC,2020,9,20,2020-05-17,0.0,,0.0,34.0,0.0,0.0
NC,2020,10,21,2020-05-24,0.0,,0.0,46.0,0.0,0.0
NC,2020,11,22,2020-05-31,0.0,,0.0,65.0,0.0,0.0
NC,2020,12,23,2020-06-07,0.0,,0.0,85.0,0.0,3.0
NC,2020,13,24,2020-06-14,0.0,,0.0,92.0,0.0,8.0
NC,2020,14,25,2020-06-21,0.0,,0.0,96.0,0.0,17.0
NC,2020,15,26,2020-06-28,0.0,,0.0,96.0,0.0,33.0
NC,2020,16,27,2020-07-05,0.0,,0.0,96.0,3.0,47.0
NC,2020,17,28,2020-07-12,0.0,,0.0,96.0,10.0,62.0
NC,2020,18,29,2020-07-19,0.0,,0.0,96.0,26.0,79.0
NC,2020,19,30,2020-07-26,0.0,,0.0,96.0,51.0,90.0
NC,2020,20,31,2020-08-02,0.0,,0.0,96.0,64.0,95.0
NC,2020,21,32,2020-08-09,0.0,,0.0,96.0,74.0,98.0
NC,2020,22,33,2020-08-16,2.0,,0.0,96.0,77.0,98.0
NC,2020,23,34,2020-08-23,5.0,,0.0,96.0,85.0,98.0
NC,2020,24,35,2020-08-30,19.0,,0.0,96.0,90.0,98.0
NC,2020,25,36,2020-09-06,24.0,,0.0,96.0,93.0,98.0
NC,2020,26,37,2020-09-13,39.0,,0.0,96.0,96.0,98.0
NC,2020,27,38,2020-09-20,49.0,,0.0,96.0,96.0,98.0
NC,2020,28,39,2020-09-27,60.0,,1.0,96.0,96.0,98.0
NC,2020,29,40,2020-10-04,75.0,,4.0,96.0,96.0,98.0
NC,2020,30,41,2020-10-11,85.0,,9.0,96.0,96.0,98.0
NC,2020,31,42,2020-10-18,92.0,,14.0,96.0,96.0,98.0
NC,2020,32,43,2020-10-25,96.0,,19.0,96.0,96.0,98.0
NC,2020,33,44,2020-11-01,96.0,,35.0,96.0,96.0,98.0
NC,2020,34,45,2020-11-08,96.0,,51.0,96.0,96.0,98.0
NC,2020,35,46,2020-11-15,96.0,,59.0,96.0,96.0,98.0
NC,2020,36,47,2020-11-22,96.0,,64.0,96.0,96.0,98.0
NC,2020,37,48,2020-11-29,96.0,,74.0,96.0,96.0,98.0
NC,2021,2,13,2021-04-04,0.0,,0.0,0.0,0.0,0.0
NC,2021,3,14,2021-04-11,0.0,,0.0,0.0,0.0,0.0
NC,2021,4,15,2021-04-18,0.0,,0.0,0.0,0.0,0.0
NC,2021,5,16,2021-04-25,0.0,,0.0,1.0,0.0,0.0
NC,2021,6,17,2021-05-02,0.0,,0.0,10.0,0.0,0.0
NC,2021,7,18,2021-05-09,0.0,,0.0,25.0,0.0,0.0
NC,2021,8,19,2021-05-16,0.0,,0.0,41.0,0.0,0.0
NC,2021,9,20,2021-05-23,0.0,,0.0,63.0,0.0,0.0
NC,2021,10,21,2021-05-30,0.0,,0.0,80.0,0.0,0.0
NC,2021,11,22,2021-06-06,0.0,,0.0,93.0,0.0,1.0
NC,2021,12,23,2021-06-13,0.0,,0.0,97.0,0.0,4.0
NC,2021,13,24,2021-06-20,0.0,,0.0,100.0,0.0,17.0
NC,2021,14,25,2021-06-27,0.0,,0.0,100.0,0.0,31.0
NC,2021,15,26,2021-07-04,0.0,,0.0,100.0,1.0,41.0
NC,2021,16,27,2021-07-11,0.0,,0.0,100.0,6.0,53.0
NC,2021,17,28,2021-07-18,0.0,,0.0,100.0,21.0,69.0
NC,2021,18,29,2021-07-25,0.0,,0.0,100.0,41.0,81.0
NC,2021,19,30,2021-08-01,0.0,,0.0,100.0,57.0,88.0
NC,2021,20,31,2021-08-08,0.0,,0.0,100.0,73.0,93.0
NC,2021,21,32,2021-08-15,2.0,,0.0,100.0,79.0,95.0
NC,2021,22,33,2021-08-22,4.0,,0.0,100.0,86.0,97.0
NC,2021,23,34,2021-08-29,7.0,,0.0,100.0,93.0,98.0
NC,2021,24,35,2021-09-05,22.0,,0.0,100.0,96.0,98.0
NC,2021,25,36,2021-09-12,37.0,,0.0,100.0,97.0,98.0
NC,2021,26,37,2021-09-19,53.0,,1.0,100.0,98.0,98.0
NC,2021,27,38,2021-09-26,67.0,,2.0,100.0,99.0,98.0
NC,2021,28,39,2021-10-03,82.0,,3.0,100.0,99.0,98.0
NC,2021,29,40,2021-10-10,90.0,,11.0,100.0,99.0,98.0
NC,2021,30,41,2021-10-17,93.0,,18.0,100.0,99.0,98.0
NC,2021,31,42,2021-10-24,97.0,,26.0,100.0,99.0,98.0
NC,2021,32,43,2021-10-31,98.0,,40.0,100.0,99.0,98.0
NC,2021,33,44,2021-11-07,99.0,,58.0,100.0,99.0,98.0
NC,2021,34,45,2021-11-14,99.0,,71.0,100.0,99.0,98.0
NC,2021,35,46,2021-11-21,99.0,,82.0,100.0,99.0,98.0
NC,2021,36,47,2021-11-28,99.0,,89.0,100.0,99.0,98.0
NC,2022,2,13,2022-04-03,0.0,,0.0,0.0,0.0,0.0
NC,2022,3,14,2022-04-10,0.0,,0.0,0.0,0.0,0.0
NC,2022,4,15,2022-04-17,0.0,,0.0,0.0,0.0,0.0
NC,2022,5,16,2022-04-24,0.0,,0.0,3.0,0.0,0.0
NC,2022,6,17,2022-05-01,0.0,,0.0,11.0,0.0,0.0
NC,2022,7,18,2022-05-08,0.0,,0.0,27.0,0.0,0.0
NC,2022,8,19,2022-05-15,0.0,,0.0,47.0,0.0,0.0
NC,2022,9,20,2022-05-22,0.0,,0.0,68.0,0.0,0.0
NC,2022,10,21,2022-05-29,0.0,,0.0,82.0,0.0,0.0
NC,2022,11,22,2022-06-05,0.0,,0.0,88.0,0.0,2.0
NC,2022,12,23,2022-06-12,0.0,,0.0,92.0,0.0,7.0
NC,2022,13,24,2022-06-19,0.0,,0.0,95.0,0.0,13.0
NC,2022,14,25,2022-06-26,0.0,,0.0,95.0,0.0,26.0
NC,2022,15,26,2022-07-03,0.0,,0.0,95.0,0.0,40.0
NC,2022,16,27,2022-07-10,0.0,,0.0,95.0,8.0,57.0
NC,2022,17,28,2022-07-17,0.0,,0.0,95.0,19.0,67.0
NC,2022,18,29,2022-07-24,0.0,,0.0,95.0,35.0,76.0
NC,2022,19,30,2022-07-31,0.0,,0.0,95.0,51.0,85.0
NC,2022,20,31,2022-08-07,0.0,,0.0,95.0,65.0,91.0
NC,2022,21,32,2022-08-14,3.0,,0.0,95.0,77.0,95.0
NC,2022,22,33,2022-08-21,9.0,,0.0,95.0,89.0,95.0
NC,2022,23,34,2022-08-28,14.0,,0.0,95.0,95.0,95.0
NC,2022,24,35,2022-09-04,32.0,,0.0,95.0,98.0,95.0
NC,2022,25,36,2022-09-11,48.0,,0.0,95.0,98.0,95.0
NC,2022,26,37,2022-09-18,66.0,,1.0,95.0,98.0,95.0
NC,2022,27,38,2022-09-25,80.0,,2.0,95.0,98.0,95.0
NC,2022,28,39,2022-10-02,89.0,,10.0,95.0,98.0,95.0
NC,2022,29,40,2022-10-09,94.0,,17.0,95.0,98.0,95.0
NC,2022,30,41,2022-10-16,96.0,,26.0,95.0,98.0,95.0
NC,2022,31,42,2022-10-23,98.0,,44.0,95.0,98.0,95.0
NC,2022,32,43,2022-10-30,99.0,,60.0,95.0,98.0,95.0
NC,2022,33,44,2022-11-06,99.0,,71.0,95.0,98.0,95.0
NC,2022,34,45,2022-11-13,99.0,,81.0,95.0,98.0,95.0
NC,2022,35,46,2022-11-20,99.0,,88.0,95.0,98.0,95.0
NC,2022,36,47,2022-11-27,99.0,,94.0,95.0,98.0,95.0
NC,2023,2,13,2023-04-02,0.0,,0.0,0.0,0.0,0.0
NC,2023,3,14,2023-04-09,0.0,,0.0,0.0,0.0,0.0
NC,2023,4,15,2023-04-16,0.0,,0.0,0.0,0.0,0.0
NC,2023,5,16,2023-04-23,0.0,,0.0,1.0,0.0,0.0
NC,2023,6,17,2023-04-30,0.0,,0.0,6.0,0.0,0.0
NC,2023,7,18,2023-05-07,0.0,,0.0,14.0,0.0,0.0
NC,2023,8,19,2023-05-14,0.0,,0.0,26.0,0.0,0.0
NC,2023,9,20,2023-05-21,0.0,,0.0,43.0,0.0,0.0
NC,2023,10,21,2023-05-28,0.0,,0.0,66.0,0.0,0.0
NC,2023,11,22,2023-06-04,0.0,,0.0,81.0,0.0,2.0
NC,2023,12,23,2023-06-11,0.0,,0.0,90.0,0.0,5.0
NC,2023,13,24,2023-06-18,0.0,,0.0,93.0,0.0,10.0
NC,2023,14,25,2023-06-25,0.0,,0.0,97.0,0.0,25.0
NC,2023,15,26,2023-07-02,0.0,,0.0,97.0,2.0,34.0
NC,2023,16,27,2023-07-09,0.0,,0.0,97.0,4.0,52.0
NC,2023,17,28,2023-07-16,0.0,,0.0,97.0,14.0,68.0
NC,2023,18,29,2023-07-23,0.0,,0.0,97.0,25.0,82.0
NC,2023,19,30,2023-07-30,0.0,,0.0,97.0,43.0,91.0
NC,2023,20,31,2023-08-06,0.0,,0.0,97.0,62.0,95.0
NC,2023,21,32,2023-08-13,2.0,,0.0,97.0,76.0,97.0
NC,2023,22,33,2023-08-20,5.0,,0.0,97.0,90.0,97.0
NC,2023,23,34,2023-08-27,9.0,,0.0,97.0,94.0,97.0
NC,2023,24,35,2023-09-03,15.0,,0.0,97.0,96.0,97.0
NC,2023,25,36,2023-09-10,27.0,,0.0,97.0,98.0,97.0
NC,2023,26,37,2023-09-17,45.0,,0.0,97.0,98.0,97.0
NC,2023,27,38,2023-09-24,60.0,,0.0,97.0,98.0,97.0
NC,2023,28,39,2023-10-01,79.0,,4.0,97.0,98.0,97.0
NC,2023,29,40,2023-10-08,88.0,,7.0,97.0,98.0,97.0
NC,2023,30,41,2023-10-15,97.0,,12.0,97.0,98.0,97.0
NC,2023,31,42,2023-10-22,98.0,,23.0,97.0,98.0,97.0
NC,2023,32,43,2023-10-29,99.0,,36.0,97.0,98.0,97.0
NC,2023,33,44,2023-11-05,100.0,,53.0,97.0,98.0,97.0
NC,2023,34,45,2023-11-12,100.0,,72.0,97.0,98.0,97.0
NC,2023,35,46,2023-11-19,100.0,,86.0,97.0,98.0,97.0
NC,2023,36,47,2023-11-26,100.0,,92.0,97.0,98.0,97.0
NC,2024,2,13,2024-03-31,0.0,,0.0,0.0,0.0,0.0
NC,2024,3,14,2024-04-07,0.0,,0.0,0.0,0.0,0.0
NC,2024,4,15,2024-04-14,0.0,,0.0,0.0,0.0,0.0
NC,2024,5,16,2024-04-21,0.0,,0.0,1.0,0.0,0.0
NC,2024,6,17,2024-04-28,0.0,,0.0,3.0,0.0,0.0
NC,2024,7,18,2024-05-05,0.0,,0.0,17.0,0.0,0.0
NC,2024,8,19,2024-05-12,0.0,,0.0,34.0,0.0,0.0
NC,2024,9,20,2024-05-19,0.0,,0.0,52.0,0.0,0.0
NC,2024,10,21,2024-05-26,0.0,,0.0,77.0,0.0,0.0
NC,2024,11,22,2024-06-02,0.0,,0.0,88.0,0.0,1.0
NC,2024,12,23,2024-06-09,0.0,,0.0,94.0,0.0,2.0
NC,2024,13,24,2024-06-16,0.0,,0.0,97.0,0.0,11.0
NC,2024,14,25,2024-06-23,0.0,,0.0,98.0,0.0,29.0
NC,2024,15,26,2024-06-30,0.0,,0.0,98.0,1.0,48.0
NC,2024,16,27,2024-07-07,0.0,,0.0,98.0,5.0,70.0
NC,2024,17,28,2024-07-14,0.0,,0.0,98.0,32.0,82.0
NC,2024,18,29,2024-07-21,0.0,,0.0,98.0,50.0,91.0
NC,2024,19,30,2024-07-28,0.0,,0.0,98.0,66.0,96.0
NC,2024,20,31,2024-08-04,0.0,,0.0,98.0,79.0,98.0
NC,2024,21,32,2024-08-11,2.0,,0.0,98.0,86.0,99.0
NC,2024,22,33,2024-08-18,4.0,,0.0,98.0,91.0,99.0
NC,2024,23,34,2024-08-25,7.0,,0.0,98.0,96.0,99.0
NC,2024,24,35,2024-09-01,19.0,,0.0,98.0,98.0,99.0
NC,2024,25,36,2024-09-08,35.0,,0.0,98.0,98.0,99.0
NC,2024,26,37,2024-09-15,45.0,,0.0,98.0,98.0,99.0
NC,2024,27,38,2024-09-22,63.0,,0.0,98.0,98.0,99.0
NC,2024,28,39,2024-09-29,75.0,,1.0,98.0,98.0,99.0
NC,2024,29,40,2024-10-06,78.0,,3.0,98.0,98.0,99.0
NC,2024,30,41,2024-10-13,90.0,,6.0,98.0,98.0,99.0
NC,2024,31,42,2024-10-20,96.0,,13.0,98.0,98.0,99.0
NC,2024,32,43,2024-10-27,98.0,,27.0,98.0,98.0,99.0
NC,2024,33,44,2024-11-03,98.0,,42.0,98.0,98.0,99.0
NC,2024,34,45,2024-11-10,98.0,,60.0,98.0,98.0,99.0
NC,2024,35,46,2024-11-17,98.0,,75.0,98.0,98.0,99.0
NC,2024,36,47,2024-11-24,98.0,,81.0,98.0,98.0,99.0
NC,2025,3,14,2025-04-06,0.0,,0.0,0.0,0.0,0.0
NC,2025,4,15,2025-04-13,0.0,,0.0,0.0,0.0,0.0
NC,2025,5,16,2025-04-20,0.0,,0.0,3.0,0.0,0.0
NC,2025,6,17,2025-04-27,0.0,,0.0,6.0,0.0,0.0
NC,2025,7,18,2025-05-04,0.0,,0.0,15.0,0.0,0.0
NC,2025,8,19,2025-05-11,0.0,,0.0,24.0,0.0,0.0
NC,2025,9,20,2025-05-18,0.0,,0.0,40.0,0.0,0.0
NC,2025,10,21,2025-05-25,0.0,,0.0,60.0,0.0,0.0
NC,2025,11,22,2025-06-01,0.0,,0.0,74.0,0.0,0.0
NC,2025,12,23,2025-06-08,0.0,,0.0,80.0,0.0,4.0
NC,2025,13,24,2025-06-15,0.0,,0.0,91.0,0.0,19.0
NC,2025,14,25,2025-06-22,0.0,,0.0,95.0,0.0,33.0
NC,2025,15,26,2025-06-29,0.0,,0.0,98.0,1.0,49.0
NC,2025,16,27,2025-07-06,0.0,,0.0,98.0,15.0,69.0
NC,2025,17,28,2025-07-13,0.0,,0.0,98.0,29.0,86.0
NC,2025,18,29,2025-07-20,0.0,,0.0,98.0,49.0,89.0
NC,2025,19,30,2025-07-27,0.0,,0.0,98.0,62.0,92.0
NC,2025,20,31,2025-08-03,1.0,,0.0,98.0,72.0,93.0
NC,2025,21,32,2025-08-10,2.0,,0.0,98.0,81.0,95.0
NC,2025,22,33,2025-08-17,4.0,,0.0,98.0,86.0,98.0
NC,2025,23,34,2025-08-24,7.0,,0.0,98.0,89.0,98.0
NC,2025,24,35,2025-08-31,21.0,,0.0,98.0,93.0,98.0
NC,2025,25,36,2025-09-07,24.0,,0.0,98.0,95.0,98.0
NC,2025,26,37,2025-09-14,41.0,,0.0,98.0,95.0,98.0
NC,2025,27,38,2025-09-21,57.0,,1.0,98.0,95.0,98.0
NC,2025,28,39,2025-09-28,71.0,,2.0,98.0,95.0,98.0
NC,2025,35,46,2025-11-16,71.0,,64.0,98.0,95.0,98.0
NC,2025,36,47,2025-11-23,71.0,,80.0,98.0,95.0,98.0
NM,2016,2,13,2016-04-03,0.0,0.0,0.0,4.0,0.0,0.0
NM,2016,3,14,2016-04-10,0.0,0.0,0.0,15.0,0.0,0.0
NM,2016,4,15,2016-04-17,0.0,0.0,0.0,24.0,0.0,0.0
NM,2016,5,16,2016-04-24,0.0,3.0,0.0,35.0,0.0,0.0
NM,2016,6,17,2016-05-01,0.0,11.0,0.0,40.0,0.0,0.0
NM,2016,7,18,2016-05-08,0.0,20.0,0.0,42.0,0.0,0.0
NM,2016,8,19,2016-05-15,0.0,30.0,0.0,47.0,0.0,0.0
NM,2016,9,20,2016-05-22,0.0,40.0,0.0,54.0,0.0,0.0
NM,2016,10,21,2016-05-29,0.0,65.0,0.0,75.0,0.0,0.0
NM,2016,11,22,2016-06-05,0.0,74.0,0.0,89.0,0.0,0.0
NM,2016,12,23,2016-06-12,0.0,81.0,0.0,92.0,0.0,0.0
NM,2016,13,24,2016-06-19,0.0,85.0,0.0,94.0,0.0,1.0
NM,2016,14,25,2016-06-26,0.0,87.0,0.0,95.0,0.0,10.0
NM,2016,15,26,2016-07-03,0.0,93.0,0.0,95.0,0.0,17.0
NM,2016,16,27,2016-07-10,0.0,95.0,0.0,95.0,0.0,45.0
NM,2016,17,28,2016-07-17,0.0,95.0,0.0,95.0,12.0,59.0
NM,2016,18,29,2016-07-24,0.0,95.0,0.0,95.0,16.0,70.0
NM,2016,19,30,2016-07-31,0.0,95.0,0.0,95.0,57.0,89.0
NM,2016,20,31,2016-08-07,1.0,95.0,0.0,95.0,60.0,91.0
NM,2016,21,32,2016-08-14,8.0,95.0,0.0,95.0,65.0,95.0
NM,2016,22,33,2016-08-21,21.0,95.0,0.0,95.0,75.0,95.0
NM,2016,23,34,2016-08-28,40.0,95.0,0.0,95.0,89.0,95.0
NM,2016,24,35,2016-09-04,54.0,95.0,0.0,95.0,93.0,95.0
NM,2016,25,36,2016-09-11,57.0,95.0,0.0,95.0,95.0,95.0
NM,2016,26,37,2016-09-18,60.0,95.0,0.0,95.0,95.0,95.0
NM,2016,27,38,2016-09-25,65.0,95.0,0.0,95.0,95.0,95.0
NM,2016,28,39,2016-10-02,70.0,95.0,0.0,95.0,95.0,95.0
NM,2016,29,40,2016-10-09,75.0,95.0,1.0,95.0,95.0,95.0
NM,2016,30,41,2016-10-16,78.0,95.0,18.0,95.0,95.0,95.0
NM,2016,31,42,2016-10-23,82.0,95.0,19.0,95.0,95.0,95.0
NM,2016,32,43,2016-10-30,90.0,95.0,39.0,95.0,95.0,95.0
NM,2016,33,44,2016-11-06,95.0,95.0,52.0,95.0,95.0,95.0
NM,2016,34,45,2016-11-13,95.0,95.0,60.0,95.0,95.0,95.0
NM,2016,35,46,2016-11-20,95.0,95.0,73.0,95.0,95.0,95.0
NM,2016,36,47,2016-11-27,95.0,95.0,87.0,95.0,95.0,95.0
NM,2017,2,13,2017-04-02,0.0,0.0,0.0,0.0,0.0,0.0
NM,2017,3,14,2017-04-09,0.0,0.0,0.0,3.0,0.0,0.0
NM,2017,4,15,2017-04-16,0.0,0.0,0.0,18.0,0.0,0.0
NM,2017,5,16,2017-04-23,0.0,1.0,0.0,46.0,0.0,0.0
NM,2017,6,17,2017-04-30,0.0,13.0,0.0,51.0,0.0,0.0
NM,2017,7,18,2017-05-07,0.0,25.0,0.0,65.0,0.0,0.0
NM,2017,8,19,2017-05-14,0.0,33.0,0.0,68.0,0.0,0.0
NM,2017,9,20,2017-05-21,0.0,34.0,0.0,78.0,0.0,0.0
NM,2017,10,21,2017-05-28,0.0,41.0,0.0,83.0,0.0,0.0
NM,2017,11,22,2017-06-04,0.0,49.0,0.0,87.0,0.0,0.0
NM,2017,12,23,2017-06-11,0.0,69.0,0.0,91.0,0.0,0.0
NM,2017,13,24,2017-06-18,0.0,75.0,0.0,93.0,0.0,0.0
NM,2017,14,25,2017-06-25,0.0,83.0,0.0,96.0,0.0,7.0
NM,2017,15,26,2017-07-02,0.0,92.0,0.0,96.0,0.0,33.0
NM,2017,16,27,2017-07-09,0.0,96.0,0.0,96.0,0.0,40.0
NM,2017,17,28,2017-07-16,0.0,96.0,0.0,96.0,4.0,45.0
NM,2017,18,29,2017-07-23,0.0,96.0,0.0,96.0,24.0,55.0
NM,2017,19,30,2017-07-30,0.0,96.0,0.0,96.0,31.0,70.0
NM,2017,20,31,2017-08-06,0.0,96.0,0.0,96.0,40.0,79.0
NM,2017,21,32,2017-08-13,0.0,96.0,0.0,96.0,47.0,87.0
NM,2017,22,33,2017-08-20,0.0,96.0,0.0,96.0,62.0,92.0
NM,2017,23,34,2017-08-27,5.0,96.0,0.0,96.0,73.0,95.0
NM,2017,24,35,2017-09-03,9.0,96.0,0.0,96.0,81.0,95.0
NM,2017,25,36,2017-09-10,12.0,96.0,0.0,96.0,85.0,95.0
NM,2017,26,37,2017-09-17,26.0,96.0,0.0,96.0,90.0,95.0
NM,2017,27,38,2017-09-24,42.0,96.0,0.0,96.0,95.0,95.0
NM,2017,28,39,2017-10-01,53.0,96.0,0.0,96.0,95.0,95.0
NM,2017,29,40,2017-10-08,69.0,96.0,1.0,96.0,95.0,95.0
NM,2017,30,41,2017-10-15,85.0,96.0,6.0,96.0,95.0,95.0
NM,2017,31,42,2017-10-22,93.0,96.0,13.0,96.0,95.0,95.0
NM,2017,32,43,2017-10-29,96.0,96.0,27.0,96.0,95.0,95.0
NM,2017,33,44,2017-11-05,96.0,96.0,32.0,96.0,95.0,95.0
NM,2017,34,45,2017-11-12,96.0,96.0,45.0,96.0,95.0,95.0
NM,2017,35,46,2017-11-19,96.0,96.0,59.0,96.0,95.0,95.0
NM,2017,36,47,2017-11-26,96.0,96.0,73.0,96.0,95.0,95.0
NM,2018,2,13,2018-04-01,0.0,0.0,0.0,3.0,0.0,0.0
NM,2018,3,14,2018-04-08,0.0,0.0,0.0,10.0,0.0,0.0
NM,2018,4,15,2018-04-15,0.0,0.0,0.0,15.0,0.0,0.0
NM,2018,5,16,2018-04-22,0.0,1.0,0.0,20.0,0.0,0.0
NM,2018,6,17,2018-04-29,0.0,15.0,0.0,25.0,0.0,0.0
NM,2018,7,18,2018-05-06,0.0,25.0,0.0,40.0,0.0,0.0
NM,2018,8,19,2018-05-13,0.0,42.0,0.0,55.0,0.0,0.0
NM,2018,9,20,2018-05-20,0.0,52.0,0.0,65.0,0.0,0.0
NM,2018,10,21,2018-05-27,0.0,60.0,0.0,80.0,0.0,0.0
NM,2018,11,22,2018-06-03,0.0,70.0,0.0,90.0,0.0,0.0
NM,2018,12,23,2018-06-10,0.0,80.0,0.0,98.0,0.0,0.0
NM,2018,13,24,2018-06-17,0.0,88.0,0.0,98.0,0.0,2.0
NM,2018,14,25,2018-06-24,0.0,90.0,0.0,98.0,0.0,7.0
NM,2018,15,26,2018-07-01,0.0,92.0,0.0,98.0,0.0,20.0
NM,2018,16,27,2018-07-08,0.0,93.0,0.0,98.0,0.0,25.0
NM,2018,17,28,2018-07-15,0.0,97.0,0.0,98.0,10.0,41.0
NM,2018,18,29,2018-07-22,0.0,97.0,0.0,98.0,20.0,52.0
NM,2018,19,30,2018-07-29,0.0,97.0,0.0,98.0,32.0,75.0
NM,2018,20,31,2018-08-05,0.0,97.0,0.0,98.0,47.0,81.0
NM,2018,21,32,2018-08-12,0.0,97.0,0.0,98.0,52.0,85.0
NM,2018,22,33,2018-08-19,1.0,97.0,0.0,98.0,62.0,94.0
NM,2018,23,34,2018-08-26,9.0,97.0,0.0,98.0,68.0,96.0
NM,2018,24,35,2018-09-02,13.0,97.0,0.0,98.0,77.0,96.0
NM,2018,25,36,2018-09-09,15.0,97.0,0.0,98.0,86.0,96.0
NM,2018,26,37,2018-09-16,26.0,97.0,0.0,98.0,92.0,96.0
NM,2018,27,38,2018-09-23,37.0,97.0,0.0,98.0,97.0,96.0
NM,2018,28,39,2018-09-30,54.0,97.0,0.0,98.0,97.0,96.0
NM,2018,29,40,2018-10-07,61.0,97.0,1.0,98.0,97.0,96.0
NM,2018,30,41,2018-10-14,66.0,97.0,8.0,98.0,97.0,96.0
NM,2018,31,42,2018-10-21,78.0,97.0,10.0,98.0,97.0,96.0
NM,2018,32,43,2018-10-28,85.0,97.0,14.0,98.0,97.0,96.0
NM,2018,33,44,2018-11-04,92.0,97.0,18.0,98.0,97.0,96.0
NM,2018,34,45,2018-11-11,98.0,97.0,31.0,98.0,97.0,96.0
NM,2018,35,46,2018-11-18,98.0,97.0,58.0,98.0,97.0,96.0
NM,2018,36,47,2018-11-25,98.0,97.0,68.0,98.0,97.0,96.0
NM,2019,2,13,2019-03-31,0.0,0.0,0.0,0.0,0.0,0.0
NM,2019,3,14,2019-04-07,0.0,0.0,0.0,0.0,0.0,0.0
NM,2019,4,15,2019-04-14,0.0,0.0,0.0,2.0,0.0,0.0
NM,2019,5,16,2019-04-21,0.0,0.0,0.0,10.0,0.0,0.0
NM,2019,6,17,2019-04-28,0.0,2.0,0.0,20.0,0.0,0.0
NM,2019,7,18,2019-05-05,0.0,7.0,0.0,37.0,0.0,0.0
NM,2019,8,19,2019-05-12,0.0,21.0,0.0,52.0,0.0,0.0
NM,2019,9,20,2019-05-19,0.0,30.0,0.0,69.0,0.0,0.0
NM,2019,10,21,2019-05-26,0.0,42.0,0.0,84.0,0.0,0.0
NM,2019,11,22,2019-06-02,0.0,52.0,0.0,89.0,0.0,0.0
NM,2019,12,23,2019-06-09,0.0,58.0,0.0,93.0,0.0,1.0
NM,2019,13,24,2019-06-16,0.0,67.0,0.0,96.0,0.0,5.0
NM,2019,14,25,2019-06-23,0.0,78.0,0.0,96.0,0.0,12.0
NM,2019,15,26,2019-06-30,0.0,82.0,0.0,96.0,0.0,25.0
NM,2019,16,27,2019-07-07,0.0,86.0,0.0,96.0,0.0,40.0
NM,2019,17,28,2019-07-14,0.0,98.0,0.0,96.0,0.0,54.0
NM,2019,18,29,2019-07-21,0.0,98.0,0.0,96.0,3.0,66.0
NM,2019,19,30,2019-07-28,0.0,98.0,0.0,96.0,9.0,71.0
NM,2019,20,31,2019-08-04,0.0,98.0,0.0,96.0,13.0,76.0
NM,2019,21,32,2019-08-11,0.0,98.0,0.0,96.0,36.0,82.0
NM,2019,22,33,2019-08-18,0.0,98.0,0.0,96.0,44.0,88.0
NM,2019,23,34,2019-08-25,1.0,98.0,0.0,96.0,49.0,92.0
NM,2019,24,35,2019-09-01,8.0,98.0,0.0,96.0,57.0,98.0
NM,2019,25,36,2019-09-08,17.0,98.0,0.0,96.0,69.0,98.0
NM,2019,26,37,2019-09-15,27.0,98.0,0.0,96.0,80.0,98.0
NM,2019,27,38,2019-09-22,36.0,98.0,0.0,96.0,89.0,98.0
NM,2019,28,39,2019-09-29,49.0,98.0,0.0,96.0,95.0,98.0
NM,2019,29,40,2019-10-06,60.0,98.0,0.0,96.0,95.0,98.0
NM,2019,30,41,2019-10-13,79.0,98.0,0.0,96.0,95.0,98.0
NM,2019,31,42,2019-10-20,90.0,98.0,7.0,96.0,95.0,98.0
NM,2019,32,43,2019-10-27,96.0,98.0,12.0,96.0,95.0,98.0
NM,2019,33,44,2019-11-03,96.0,98.0,25.0,96.0,95.0,98.0
NM,2019,34,45,2019-11-10,96.0,98.0,41.0,96.0,95.0,98.0
NM,2019,35,46,2019-11-17,96.0,98.0,60.0,96.0,95.0,98.0
NM,2019,36,47,2019-11-24,96.0,98.0,79.0,96.0,95.0,98.0
NM,2020,3,14,2020-04-05,0.0,0.0,0.0,2.0,0.0,0.0
NM,2020,4,15,2020-04-12,0.0,0.0,0.0,12.0,0.0,0.0
NM,2020,5,16,2020-04-19,0.0,0.0,0.0,18.0,0.0,0.0
NM,2020,6,17,2020-04-26,0.0,1.0,0.0,26.0,0.0,0.0
NM,2020,7,18,2020-05-03,0.0,11.0,0.0,38.0,0.0,0.0
NM,2020,8,19,2020-05-10,0.0,20.0,0.0,44.0,0.0,0.0
NM,2020,9,20,2020-05-17,0.0,25.0,0.0,55.0,0.0,0.0
NM,2020,10,21,2020-05-24,0.0,37.0,0.0,67.0,0.0,0.0
NM,2020,11,22,2020-05-31,0.0,51.0,0.0,80.0,0.0,0.0
NM,2020,12,23,2020-06-07,0.0,70.0,0.0,85.0,0.0,0.0
NM,2020,13,24,2020-06-14,0.0,74.0,0.0,90.0,0.0,2.0
NM,2020,14,25,2020-06-21,0.0,77.0,0.0,94.0,0.0,6.0
NM,2020,15,26,2020-06-28,0.0,79.0,0.0,96.0,0.0,18.0
NM,2020,16,27,2020-07-05,0.0,84.0,0.0,96.0,0.0,37.0
NM,2020,17,28,2020-07-12,0.0,86.0,0.0,96.0,1.0,51.0
NM,2020,18,29,2020-07-19,0.0,91.0,0.0,96.0,13.0,61.0
NM,2020,19,30,2020-07-26,0.0,95.0,0.0,96.0,37.0,81.0
NM,2020,20,31,2020-08-02,0.0,95.0,0.0,96.0,48.0,87.0
NM,2020,21,32,2020-08-09,0.0,95.0,0.0,96.0,56.0,91.0
NM,2020,22,33,2020-08-16,0.0,95.0,0.0,96.0,72.0,95.0
NM,2020,23,34,2020-08-23,2.0,95.0,0.0,96.0,78.0,95.0
NM,2020,24,35,2020-08-30,11.0,95.0,0.0,96.0,92.0,95.0
NM,2020,25,36,2020-09-06,16.0,95.0,0.0,96.0,95.0,95.0
NM,2020,26,37,2020-09-13,23.0,95.0,0.0,96.0,95.0,95.0
NM,2020,27,38,2020-09-20,33.0,95.0,0.0,96.0,95.0,95.0
NM,2020,28,39,2020-09-27,37.0,95.0,0.0,96.0,95.0,95.0
NM,2020,29,40,2020-10-04,43.0,95.0,0.0,96.0,95.0,95.0
NM,2020,30,41,2020-10-11,52.0,95.0,0.0,96.0,95.0,95.0
NM,2020,31,42,2020-10-18,68.0,95.0,4.0,96.0,95.0,95.0
NM,2020,32,43,2020-10-25,79.0,95.0,32.0,96.0,95.0,95.0
NM,2020,33,44,2020-11-01,84.0,95.0,41.0,96.0,95.0,95.0
NM,2020,34,45,2020-11-08,89.0,95.0,56.0,96.0,95.0,95.0
NM,2020,35,46,2020-11-15,95.0,95.0,68.0,96.0,95.0,95.0
NM,2020,36,47,2020-11-22,95.0,95.0,72.0,96.0,95.0,95.0
NM,2020,37,48,2020-11-29,95.0,95.0,83.0,96.0,95.0,95.0
NM,2021,2,13,2021-04-04,0.0,0.0,0.0,0.0,0.0,0.0
NM,2021,3,14,2021-04-11,0.0,0.0,0.0,3.0,0.0,0.0
NM,2021,4,15,2021-04-18,0.0,0.0,0.0,8.0,0.0,0.0
NM,2021,5,16,2021-04-25,0.0,0.0,0.0,15.0,0.0,0.0
NM,2021,6,17,2021-05-02,0.0,6.0,0.0,23.0,0.0,0.0
NM,2021,7,18,2021-05-09,0.0,14.0,0.0,29.0,0.0,0.0
NM,2021,8,19,2021-05-16,0.0,22.0,0.0,36.0,0.0,0.0
NM,2021,9,20,2021-05-23,0.0,29.0,0.0,46.0,0.0,0.0
NM,2021,10,21,2021-05-30,0.0,38.0,0.0,60.0,0.0,0.0
NM,2021,11,22,2021-06-06,0.0,57.0,0.0,79.0,0.0,0.0
NM,2021,12,23,2021-06-13,0.0,65.0,0.0,84.0,0.0,1.0
NM,2021,13,24,2021-06-20,0.0,79.0,0.0,95.0,0.0,7.0
NM,2021,14,25,2021-06-27,0.0,88.0,0.0,95.0,0.0,10.0
NM,2021,15,26,2021-07-04,0.0,95.0,0.0,95.0,0.0,20.0
NM,2021,16,27,2021-07-11,0.0,95.0,0.0,95.0,1.0,33.0
NM,2021,17,28,2021-07-18,0.0,95.0,0.0,95.0,7.0,45.0
NM,2021,18,29,2021-07-25,0.0,95.0,0.0,95.0,20.0,55.0
NM,2021,19,30,2021-08-01,0.0,95.0,0.0,95.0,25.0,75.0
NM,2021,20,31,2021-08-08,0.0,95.0,0.0,95.0,42.0,85.0
NM,2021,21,32,2021-08-15,0.0,95.0,0.0,95.0,51.0,99.0
NM,2021,22,33,2021-08-22,0.0,95.0,0.0,95.0,57.0,99.0
NM,2021,23,34,2021-08-29,0.0,95.0,0.0,95.0,69.0,99.0
NM,2021,24,35,2021-09-05,5.0,95.0,0.0,95.0,80.0,99.0
NM,2021,25,36,2021-09-12,7.0,95.0,0.0,95.0,92.0,99.0
NM,2021,26,37,2021-09-19,10.0,95.0,0.0,95.0,98.0,99.0
NM,2021,27,38,2021-09-26,22.0,95.0,0.0,95.0,98.0,99.0
NM,2021,28,39,2021-10-03,34.0,95.0,0.0,95.0,98.0,99.0
NM,2021,29,40,2021-10-10,44.0,95.0,0.0,95.0,98.0,99.0
NM,2021,30,41,2021-10-17,58.0,95.0,0.0,95.0,98.0,99.0
NM,2021,31,42,2021-10-24,72.0,95.0,0.0,95.0,98.0,99.0
NM,2021,32,43,2021-10-31,85.0,95.0,3.0,95.0,98.0,99.0
NM,2021,33,44,2021-11-07,92.0,95.0,20.0,95.0,98.0,99.0
NM,2021,34,45,2021-11-14,94.0,95.0,31.0,95.0,98.0,99.0
NM,2021,35,46,2021-11-21,98.0,95.0,51.0,95.0,98.0,99.0
NM,2021,36,47,2021-11-28,98.0,95.0,64.0,95.0,98.0,99.0
NM,2022,2,13,2022-04-03,0.0,0.0,0.0,3.0,0.0,0.0
NM,2022,3,14,2022-04-10,0.0,0.0,0.0,11.0,0.0,0.0
NM,2022,4,15,2022-04-17,0.0,0.0,0.0,14.0,0.0,0.0
NM,2022,5,16,2022-04-24,0.0,2.0,0.0,26.0,0.0,0.0
NM,2022,6,17,2022-05-01,0.0,5.0,0.0,35.0,0.0,0.0
NM,2022,7,18,2022-05-08,0.0,11.0,0.0,43.0,0.0,0.0
NM,2022,8,19,2022-05-15,0.0,23.0,0.0,48.0,0.0,0.0
NM,2022,9,20,2022-05-22,0.0,31.0,0.0,56.0,0.0,0.0
NM,2022,10,21,2022-05-29,0.0,36.0,0.0,70.0,0.0,0.0
NM,2022,11,22,2022-06-05,0.0,38.0,0.0,74.0,0.0,0.0
NM,2022,12,23,2022-06-12,0.0,50.0,0.0,89.0,0.0,0.0
NM,2022,13,24,2022-06-19,0.0,70.0,0.0,96.0,0.0,1.0
NM,2022,14,25,2022-06-26,0.0,89.0,0.0,96.0,0.0,8.0
NM,2022,15,26,2022-07-03,0.0,95.0,0.0,96.0,0.0,12.0
NM,2022,16,27,2022-07-10,0.0,95.0,0.0,96.0,0.0,25.0
NM,2022,17,28,2022-07-17,0.0,95.0,0.0,96.0,0.0,35.0
NM,2022,18,29,2022-07-24,0.0,95.0,0.0,96.0,1.0,56.0
NM,2022,19,30,2022-07-31,0.0,95.0,0.0,96.0,10.0,64.0
NM,2022,20,31,2022-08-07,0.0,95.0,0.0,96.0,15.0,70.0
NM,2022,21,32,2022-08-14,0.0,95.0,0.0,96.0,34.0,83.0
NM,2022,22,33,2022-08-21,0.0,95.0,0.0,96.0,47.0,96.0
NM,2022,23,34,2022-08-28,1.0,95.0,0.0,96.0,60.0,96.0
NM,2022,24,35,2022-09-04,4.0,95.0,0.0,96.0,79.0,96.0
NM,2022,25,36,2022-09-11,6.0,95.0,0.0,96.0,87.0,96.0
NM,2022,26,37,2022-09-18,18.0,95.0,0.0,96.0,93.0,96.0
NM,2022,27,38,2022-09-25,31.0,95.0,0.0,96.0,96.0,96.0
NM,2022,28,39,2022-10-02,53.0,95.0,0.0,96.0,96.0,96.0
NM,2022,29,40,2022-10-09,70.0,95.0,0.0,96.0,96.0,96.0
NM,2022,30,41,2022-10-16,74.0,95.0,0.0,96.0,96.0,96.0
NM,2022,31,42,2022-10-23,75.0,95.0,0.0,96.0,96.0,96.0
NM,2022,32,43,2022-10-30,77.0,95.0,11.0,96.0,96.0,96.0
NM,2022,33,44,2022-11-06,86.0,95.0,25.0,96.0,96.0,96.0
NM,2022,34,45,2022-11-13,90.0,95.0,35.0,96.0,96.0,96.0
NM,2022,35,46,2022-11-20,96.0,95.0,48.0,96.0,96.0,96.0
NM,2022,36,47,2022-11-27,96.0,95.0,60.0,96.0,96.0,96.0
NM,2023,2,13,2023-04-02,0.0,0.0,0.0,0.0,0.0,0.0
NM,2023,3,14,2023-04-09,0.0,0.0,0.0,4.0,0.0,0.0
NM,2023,4,15,2023-04-16,0.0,0.0,0.0,15.0,0.0,0.0
NM,2023,5,16,2023-04-23,0.0,0.0,0.0,23.0,0.0,0.0
NM,2023,6,17,2023-04-30,0.0,2.0,0.0,34.0,0.0,0.0
NM,2023,7,18,2023-05-07,0.0,4.0,0.0,37.0,0.0,0.0
NM,2023,8,19,2023-05-14,0.0,8.0,0.0,45.0,0.0,0.0
NM,2023,9,20,2023-05-21,0.0,14.0,0.0,51.0,0.0,0.0
NM,2023,10,21,2023-05-28,0.0,30.0,0.0,60.0,0.0,0.0
NM,2023,11,22,2023-06-04,0.0,37.0,0.0,73.0,0.0,0.0
NM,2023,12,23,2023-06-11,0.0,52.0,0.0,82.0,0.0,0.0
NM,2023,13,24,2023-06-18,0.0,63.0,0.0,88.0,0.0,0.0
NM,2023,14,25,2023-06-25,0.0,69.0,0.0,92.0,0.0,0.0
NM,2023,15,26,2023-07-02,0.0,79.0,0.0,96.0,0.0,0.0
NM,2023,16,27,2023-07-09,0.0,90.0,0.0,96.0,0.0,9.0
NM,2023,17,28,2023-07-16,0.0,95.0,0.0,96.0,0.0,15.0
NM,2023,18,29,2023-07-23,0.0,95.0,0.0,96.0,0.0,24.0
NM,2023,19,30,2023-07-30,0.0,95.0,0.0,96.0,0.0,38.0
NM,2023,20,31,2023-08-06,0.0,95.0,0.0,96.0,13.0,54.0
NM,2023,21,32,2023-08-13,0.0,95.0,0.0,96.0,40.0,73.0
NM,2023,22,33,2023-08-20,0.0,95.0,0.0,96.0,55.0,90.0
NM,2023,23,34,2023-08-27,0.0,95.0,0.0,96.0,57.0,91.0
NM,2023,24,35,2023-09-03,0.0,95.0,0.0,96.0,68.0,92.0
NM,2023,25,36,2023-09-10,3.0,95.0,0.0,96.0,69.0,94.0
NM,2023,26,37,2023-09-17,8.0,95.0,0.0,96.0,71.0,94.0
NM,2023,27,38,2023-09-24,23.0,95.0,0.0,96.0,77.0,94.0
NM,2023,28,39,2023-10-01,25.0,95.0,0.0,96.0,80.0,94.0
NM,2023,29,40,2023-10-08,35.0,95.0,0.0,96.0,95.0,94.0
NM,2023,30,41,2023-10-15,40.0,95.0,0.0,96.0,95.0,94.0
NM,2023,31,42,2023-10-22,42.0,95.0,0.0,96.0,95.0,94.0
NM,2023,32,43,2023-10-29,55.0,95.0,0.0,96.0,95.0,94.0
NM,2023,33,44,2023-11-05,72.0,95.0,41.0,96.0,95.0,94.0
NM,2023,34,45,2023-11-12,79.0,95.0,45.0,96.0,95.0,94.0
NM,2023,35,46,2023-11-19,91.0,95.0,50.0,96.0,95.0,94.0
NM,2023,36,47,2023-11-26,97.0,95.0,63.0,96.0,95.0,94.0
NM,2024,2,13,2024-03-31,0.0,0.0,0.0,0.0,0.0,0.0
NM,2024,3,14,2024-04-07,0.0,0.0,0.0,0.0,0.0,0.0
NM,2024,4,15,2024-04-14,0.0,0.0,0.0,8.0,0.0,0.0
NM,2024,5,16,2024-04-21,0.0,0.0,0.0,23.0,0.0,0.0
NM,2024,6,17,2024-04-28,0.0,3.0,0.0,33.0,0.0,0.0
NM,2024,7,18,2024-05-05,0.0,10.0,0.0,40.0,0.0,0.0
NM,2024,8,19,2024-05-12,0.0,22.0,0.0,56.0,0.0,0.0
NM,2024,9,20,2024-05-19,0.0,23.0,0.0,57.0,0.0,0.0
NM,2024,10,21,2024-05-26,0.0,30.0,0.0,62.0,0.0,0.0
NM,2024,11,22,2024-06-02,0.0,32.0,0.0,70.0,0.0,0.0
NM,2024,12,23,2024-06-09,0.0,40.0,0.0,75.0,0.0,0.0
NM,2024,13,24,2024-06-16,0.0,65.0,0.0,90.0,0.0,0.0
NM,2024,14,25,2024-06-23,0.0,67.0,0.0,92.0,0.0,1.0
NM,2024,15,26,2024-06-30,0.0,70.0,0.0,95.0,1.0,10.0
NM,2024,16,27,2024-07-07,0.0,75.0,0.0,95.0,4.0,15.0
NM,2024,17,28,2024-07-14,0.0,85.0,0.0,95.0,7.0,21.0
NM,2024,18,29,2024-07-21,0.0,95.0,0.0,95.0,10.0,25.0
NM,2024,19,30,2024-07-28,0.0,95.0,0.0,95.0,33.0,42.0
NM,2024,20,31,2024-08-04,5.0,95.0,0.0,95.0,37.0,46.0
NM,2024,21,32,2024-08-11,6.0,95.0,0.0,95.0,39.0,54.0
NM,2024,22,33,2024-08-18,7.0,95.0,0.0,95.0,45.0,60.0
NM,2024,23,34,2024-08-25,10.0,95.0,0.0,95.0,46.0,65.0
NM,2024,24,35,2024-09-01,17.0,95.0,0.0,95.0,60.0,80.0
NM,2024,25,36,2024-09-08,21.0,95.0,0.0,95.0,65.0,85.0
NM,2024,26,37,2024-09-15,30.0,95.0,0.0,95.0,80.0,95.0
NM,2024,27,38,2024-09-22,37.0,95.0,0.0,95.0,90.0,95.0
NM,2024,28,39,2024-09-29,50.0,95.0,0.0,95.0,98.0,95.0
NM,2024,29,40,2024-10-06,54.0,95.0,0.0,95.0,98.0,95.0
NM,2024,30,41,2024-10-13,55.0,95.0,0.0,95.0,98.0,95.0
NM,2024,31,42,2024-10-20,70.0,95.0,0.0,95.0,98.0,95.0
NM,2024,32,43,2024-10-27,82.0,95.0,0.0,95.0,98.0,95.0
NM,2024,33,44,2024-11-03,87.0,95.0,4.0,95.0,98.0,95.0
NM,2024,34,45,2024-11-10,95.0,95.0,10.0,95.0,98.0,95.0
NM,2024,35,46,2024-11-17,95.0,95.0,12.0,95.0,98.0,95.0
NM,2024,36,47,2024-11-24,95.0,95.0,30.0,95.0,98.0,95.0
NM,2025,3,14,2025-04-06,0.0,0.0,0.0,7.0,0.0,0.0
NM,2025,4,15,2025-04-13,0.0,0.0,0.0,11.0,0.0,0.0
NM,2025,5,16,2025-04-20,0.0,0.0,0.0,18.0,0.0,0.0
NM,2025,6,17,2025-04-27,0.0,5.0,0.0,35.0,0.0,0.0
NM,2025,7,18,2025-05-04,0.0,10.0,0.0,54.0,0.0,0.0
NM,2025,8,19,2025-05-11,0.0,20.0,0.0,57.0,0.0,0.0
NM,2025,9,20,2025-05-18,0.0,23.0,0.0,60.0,0.0,0.0
NM,2025,10,21,2025-05-25,0.0,42.0,0.0,62.0,0.0,0.0
NM,2025,11,22,2025-06-01,0.0,43.0,0.0,76.0,0.0,5.0
NM,2025,12,23,2025-06-08,0.0,51.0,0.0,86.0,0.0,17.0
NM,2025,13,24,2025-06-15,0.0,60.0,0.0,95.0,0.0,34.0
NM,2025,14,25,2025-06-22,0.0,85.0,0.0,95.0,0.0,51.0
NM,2025,15,26,2025-06-29,0.0,99.0,0.0,95.0,0.0,55.0
NM,2025,16,27,2025-07-06,0.0,99.0,0.0,95.0,7.0,60.0
NM,2025,17,28,2025-07-13,0.0,99.0,0.0,95.0,10.0,65.0
NM,2025,18,29,2025-07-20,0.0,99.0,0.0,95.0,18.0,70.0
NM,2025,19,30,2025-07-27,0.0,99.0,0.0,95.0,30.0,74.0
NM,2025,20,31,2025-08-03,4.0,99.0,0.0,95.0,38.0,77.0
NM,2025,21,32,2025-08-10,11.0,99.0,0.0,95.0,52.0,81.0
NM,2025,22,33,2025-08-17,30.0,99.0,0.0,95.0,75.0,99.0
NM,2025,23,34,2025-08-24,33.0,99.0,0.0,95.0,80.0,99.0
NM,2025,24,35,2025-08-31,35.0,99.0,0.0,95.0,90.0,99.0
NM,2025,25,36,2025-09-07,45.0,99.0,0.0,95.0,91.0,99.0
NM,2025,26,37,2025-09-14,58.0,99.0,0.0,95.0,99.0,99.0
NM,2025,27,38,2025-09-21,67.0,99.0,0.0,95.0,99.0,99.0
NM,2025,28,39,2025-09-28,72.0,99.0,0.0,95.0,99.0,99.0
NM,2025,35,46,2025-11-16,72.0,99.0,19.0,95.0,99.0,99.0
NM,2025,36,47,2025-11-23,72.0,99.0,31.0,95.0,99.0,99.0
OK,2016,2,13,2016-04-03,0.0,,0.0,0.0,0.0,0.0
OK,2016,3,14,2016-04-10,0.0,,0.0,0.0,0.0,0.0
OK,2016,4,15,2016-04-17,0.0,,0.0,1.0,0.0,0.0
OK,2016,5,16,2016-04-24,0.0,,0.0,2.0,0.0,0.0
OK,2016,6,17,2016-05-01,0.0,,0.0,4.0,0.0,0.0
OK,2016,7,18,2016-05-08,0.0,,0.0,7.0,0.0,0.0
OK,2016,8,19,2016-05-15,0.0,,0.0,20.0,0.0,0.0
OK,2016,9,20,2016-05-22,0.0,,0.0,30.0,0.0,0.0
OK,2016,10,21,2016-05-29,0.0,,0.0,41.0,0.0,0.0
OK,2016,11,22,2016-06-05,0.0,,0.0,50.0,0.0,0.0
OK,2016,12,23,2016-06-12,0.0,,0.0,78.0,0.0,2.0
OK,2016,13,24,2016-06-19,0.0,,0.0,91.0,0.0,9.0
OK,2016,14,25,2016-06-26,0.0,,0.0,96.0,0.0,11.0
OK,2016,15,26,2016-07-03,0.0,,0.0,96.0,4.0,17.0
OK,2016,16,27,2016-07-10,0.0,,0.0,96.0,7.0,30.0
OK,2016,17,28,2016-07-17,0.0,,0.0,96.0,10.0,43.0
OK,2016,18,29,2016-07-24,0.0,,0.0,96.0,19.0,65.0
OK,2016,19,30,2016-07-31,0.0,,0.0,96.0,31.0,77.0
OK,2016,20,31,2016-08-07,0.0,,0.0,96.0,44.0,94.0
OK,2016,21,32,2016-08-14,1.0,,0.0,96.0,51.0,96.0
OK,2016,22,33,2016-08-21,4.0,,0.0,96.0,72.0,98.0
OK,2016,23,34,2016-08-28,9.0,,0.0,96.0,81.0,98.0
OK,2016,24,35,2016-09-04,11.0,,0.0,96.0,90.0,98.0
OK,2016,25,36,2016-09-11,19.0,,0.0,96.0,95.0,98.0
OK,2016,26,37,2016-09-18,39.0,,0.0,96.0,95.0,98.0
OK,2016,27,38,2016-09-25,58.0,,0.0,96.0,95.0,98.0
OK,2016,28,39,2016-10-02,63.0,,0.0,96.0,95.0,98.0
OK,2016,29,40,2016-10-09,79.0,,3.0,96.0,95.0,98.0
OK,2016,30,41,2016-10-16,85.0,,15.0,96.0,95.0,98.0
OK,2016,31,42,2016-10-23,91.0,,29.0,96.0,95.0,98.0
OK,2016,32,43,2016-10-30,95.0,,36.0,96.0,95.0,98.0
OK,2016,33,44,2016-11-06,95.0,,42.0,96.0,95.0,98.0
OK,2016,34,45,2016-11-13,95.0,,55.0,96.0,95.0,98.0
OK,2016,35,46,2016-11-20,95.0,,65.0,96.0,95.0,98.0
OK,2016,36,47,2016-11-27,95.0,,72.0,96.0,95.0,98.0
OK,2017,2,13,2017-04-02,0.0,,0.0,0.0,0.0,0.0
OK,2017,3,14,2017-04-09,0.0,,0.0,0.0,0.0,0.0
OK,2017,4,15,2017-04-16,0.0,,0.0,0.0,0.0,0.0
OK,2017,5,16,2017-04-23,0.0,,0.0,6.0,0.0,0.0
OK,2017,6,17,2017-04-30,0.0,,0.0,20.0,0.0,0.0
OK,2017,7,18,2017-05-07,0.0,,0.0,30.0,0.0,0.0
OK,2017,8,19,2017-05-14,0.0,,0.0,33.0,0.0,0.0
OK,2017,9,20,2017-05-21,0.0,,0.0,37.0,0.0,0.0
OK,2017,10,21,2017-05-28,0.0,,0.0,40.0,0.0,0.0
OK,2017,11,22,2017-06-04,0.0,,0.0,71.0,0.0,0.0
OK,2017,12,23,2017-06-11,0.0,,0.0,86.0,0.0,8.0
OK,2017,13,24,2017-06-18,0.0,,0.0,96.0,0.0,13.0
OK,2017,14,25,2017-06-25,0.0,,0.0,97.0,0.0,20.0
OK,2017,15,26,2017-07-02,0.0,,0.0,97.0,0.0,40.0
OK,2017,16,27,2017-07-09,0.0,,0.0,97.0,0.0,45.0
OK,2017,17,28,2017-07-16,0.0,,0.0,97.0,17.0,50.0
OK,2017,18,29,2017-07-23,0.0,,0.0,97.0,20.0,65.0
OK,2017,19,30,2017-07-30,0.0,,0.0,97.0,25.0,89.0
OK,2017,20,31,2017-08-06,0.0,,0.0,97.0,43.0,95.0
OK,2017,21,32,2017-08-13,2.0,,0.0,97.0,60.0,98.0
OK,2017,22,33,2017-08-20,3.0,,0.0,97.0,67.0,98.0
OK,2017,23,34,2017-08-27,4.0,,0.0,97.0,73.0,98.0
OK,2017,24,35,2017-09-03,8.0,,0.0,97.0,89.0,98.0
OK,2017,25,36,2017-09-10,27.0,,0.0,97.0,100.0,98.0
OK,2017,26,37,2017-09-17,44.0,,0.0,97.0,100.0,98.0
OK,2017,27,38,2017-09-24,52.0,,1.0,97.0,100.0,98.0
OK,2017,28,39,2017-10-01,55.0,,2.0,97.0,100.0,98.0
OK,2017,29,40,2017-10-08,71.0,,3.0,97.0,100.0,98.0
OK,2017,30,41,2017-10-15,91.0,,11.0,97.0,100.0,98.0
OK,2017,31,42,2017-10-22,94.0,,22.0,97.0,100.0,98.0
OK,2017,32,43,2017-10-29,97.0,,32.0,97.0,100.0,98.0
OK,2017,33,44,2017-11-05,99.0,,40.0,97.0,100.0,98.0
OK,2017,34,45,2017-11-12,99.0,,48.0,97.0,100.0,98.0
OK,2017,35,46,2017-11-19,99.0,,60.0,97.0,100.0,98.0
OK,2017,36,47,2017-11-26,99.0,,73.0,97.0,100.0,98.0
OK,2018,2,13,2018-04-01,0.0,,0.0,0.0,0.0,0.0
OK,2018,3,14,2018-04-08,0.0,,0.0,0.0,0.0,0.0
OK,2018,4,15,2018-04-15,0.0,,0.0,0.0,0.0,0.0
OK,2018,5,16,2018-04-22,0.0,,0.0,2.0,0.0,0.0
OK,2018,6,17,2018-04-29,0.0,,0.0,6.0,0.0,0.0
OK,2018,7,18,2018-05-06,0.0,,0.0,8.0,0.0,0.0
OK,2018,8,19,2018-05-13,0.0,,0.0,26.0,0.0,0.0
OK,2018,9,20,2018-05-20,0.0,,0.0,40.0,0.0,0.0
OK,2018,10,21,2018-05-27,0.0,,0.0,45.0,0.0,0.0
OK,2018,11,22,2018-06-03,0.0,,0.0,60.0,0.0,0.0
OK,2018,12,23,2018-06-10,0.0,,0.0,82.0,0.0,10.0
OK,2018,13,24,2018-06-17,0.0,,0.0,94.0,0.0,11.0
OK,2018,14,25,2018-06-24,0.0,,0.0,95.0,0.0,18.0
OK,2018,15,26,2018-07-01,0.0,,0.0,95.0,4.0,25.0
OK,2018,16,27,2018-07-08,0.0,,0.0,95.0,10.0,40.0
OK,2018,17,28,2018-07-15,0.0,,0.0,95.0,15.0,55.0
OK,2018,18,29,2018-07-22,0.0,,0.0,95.0,30.0,70.0
OK,2018,19,30,2018-07-29,0.0,,0.0,95.0,35.0,85.0
OK,2018,20,31,2018-08-05,0.0,,0.0,95.0,46.0,88.0
OK,2018,21,32,2018-08-12,4.0,,0.0,95.0,70.0,99.0
OK,2018,22,33,2018-08-19,6.0,,0.0,95.0,80.0,100.0
OK,2018,23,34,2018-08-26,9.0,,0.0,95.0,86.0,100.0
OK,2018,24,35,2018-09-02,18.0,,0.0,95.0,91.0,100.0
OK,2018,25,36,2018-09-09,36.0,,0.0,95.0,99.0,100.0
OK,2018,26,37,2018-09-16,49.0,,0.0,95.0,99.0,100.0
OK,2018,27,38,2018-09-23,56.0,,1.0,95.0,99.0,100.0
OK,2018,28,39,2018-09-30,59.0,,3.0,95.0,99.0,100.0
OK,2018,29,40,2018-10-07,74.0,,7.0,95.0,99.0,100.0
OK,2018,30,41,2018-10-14,85.0,,12.0,95.0,99.0,100.0
OK,2018,31,42,2018-10-21,90.0,,17.0,95.0,99.0,100.0
OK,2018,32,43,2018-10-28,95.0,,23.0,95.0,99.0,100.0
OK,2018,33,44,2018-11-04,98.0,,28.0,95.0,99.0,100.0
OK,2018,34,45,2018-11-11,100.0,,31.0,95.0,99.0,100.0
OK,2018,35,46,2018-11-18,100.0,,51.0,95.0,99.0,100.0
OK,2018,36,47,2018-11-25,100.0,,71.0,95.0,99.0,100.0
OK,2019,2,13,2019-03-31,0.0,,0.0,0.0,0.0,0.0
OK,2019,3,14,2019-04-07,0.0,,0.0,2.0,0.0,0.0
OK,2019,4,15,2019-04-14,0.0,,0.0,3.0,0.0,0.0
OK,2019,5,16,2019-04-21,0.0,,0.0,5.0,0.0,0.0
OK,2019,6,17,2019-04-28,0.0,,0.0,6.0,0.0,0.0
OK,2019,7,18,2019-05-05,0.0,,0.0,7.0,0.0,0.0
OK,2019,8,19,2019-05-12,0.0,,0.0,8.0,0.0,0.0
OK,2019,9,20,2019-05-19,0.0,,0.0,10.0,0.0,0.0
OK,2019,10,21,2019-05-26,0.0,,0.0,24.0,0.0,0.0
OK,2019,11,22,2019-06-02,0.0,,0.0,31.0,0.0,0.0
OK,2019,12,23,2019-06-09,0.0,,0.0,43.0,0.0,0.0
OK,2019,13,24,2019-06-16,0.0,,0.0,64.0,0.0,0.0
OK,2019,14,25,2019-06-23,0.0,,0.0,91.0,0.0,15.0
OK,2019,15,26,2019-06-30,0.0,,0.0,98.0,0.0,26.0
OK,2019,16,27,2019-07-07,0.0,,0.0,100.0,0.0,34.0
OK,2019,17,28,2019-07-14,0.0,,0.0,100.0,0.0,50.0
OK,2019,18,29,2019-07-21,0.0,,0.0,100.0,18.0,77.0
OK,2019,19,30,2019-07-28,0.0,,0.0,100.0,25.0,78.0
OK,2019,20,31,2019-08-04,0.0,,0.0,100.0,40.0,94.0
OK,2019,21,32,2019-08-11,0.0,,0.0,100.0,69.0,96.0
OK,2019,22,33,2019-08-18,4.0,,0.0,100.0,83.0,96.0
OK,2019,23,34,2019-08-25,10.0,,0.0,100.0,96.0,96.0
OK,2019,24,35,2019-09-01,15.0,,0.0,100.0,97.0,96.0
OK,2019,25,36,2019-09-08,40.0,,0.0,100.0,97.0,96.0
OK,2019,26,37,2019-09-15,47.0,,0.0,100.0,97.0,96.0
OK,2019,27,38,2019-09-22,53.0,,0.0,100.0,97.0,96.0
OK,2019,28,39,2019-09-29,69.0,,0.0,100.0,97.0,96.0
OK,2019,29,40,2019-10-06,77.0,,1.0,100.0,97.0,96.0
OK,2019,30,41,2019-10-13,90.0,,12.0,100.0,97.0,96.0
OK,2019,31,42,2019-10-20,93.0,,22.0,100.0,97.0,96.0
OK,2019,32,43,2019-10-27,95.0,,29.0,100.0,97.0,96.0
OK,2019,33,44,2019-11-03,95.0,,33.0,100.0,97.0,96.0
OK,2019,34,45,2019-11-10,95.0,,50.0,100.0,97.0,96.0
OK,2019,35,46,2019-11-17,95.0,,60.0,100.0,97.0,96.0
OK,2019,36,47,2019-11-24,95.0,,74.0,100.0,97.0,96.0
OK,2019,37,48,2019-12-01,95.0,,83.0,100.0,97.0,96.0
OK,2019,38,49,2019-12-08,95.0,,91.0,100.0,97.0,96.0
OK,2020,3,14,2020-04-05,0.0,,0.0,0.0,0.0,0.0
OK,2020,4,15,2020-04-12,0.0,,0.0,0.0,0.0,0.0
OK,2020,5,16,2020-04-19,0.0,,0.0,0.0,0.0,0.0
OK,2020,6,17,2020-04-26,0.0,,0.0,0.0,0.0,0.0
OK,2020,7,18,2020-05-03,0.0,,0.0,5.0,0.0,0.0
OK,2020,8,19,2020-05-10,0.0,,0.0,7.0,0.0,0.0
OK,2020,9,20,2020-05-17,0.0,,0.0,8.0,0.0,0.0
OK,2020,10,21,2020-05-24,0.0,,0.0,11.0,0.0,0.0
OK,2020,11,22,2020-05-31,0.0,,0.0,14.0,0.0,0.0
OK,2020,12,23,2020-06-07,0.0,,0.0,28.0,0.0,0.0
OK,2020,13,24,2020-06-14,0.0,,0.0,60.0,0.0,1.0
OK,2020,14,25,2020-06-21,0.0,,0.0,87.0,0.0,5.0
OK,2020,15,26,2020-06-28,0.0,,0.0,95.0,0.0,10.0
OK,2020,16,27,2020-07-05,0.0,,0.0,95.0,0.0,20.0
OK,2020,17,28,2020-07-12,0.0,,0.0,95.0,1.0,30.0
OK,2020,18,29,2020-07-19,0.0,,0.0,95.0,10.0,50.0
OK,2020,19,30,2020-07-26,0.0,,0.0,95.0,25.0,65.0
OK,2020,20,31,2020-08-02,0.0,,0.0,95.0,36.0,86.0
OK,2020,21,32,2020-08-09,0.0,,0.0,95.0,55.0,95.0
OK,2020,22,33,2020-08-16,12.0,,0.0,95.0,66.0,95.0
OK,2020,23,34,2020-08-23,15.0,,0.0,95.0,80.0,95.0
OK,2020,24,35,2020-08-30,16.0,,0.0,95.0,90.0,95.0
OK,2020,25,36,2020-09-06,27.0,,0.0,95.0,95.0,95.0
OK,2020,26,37,2020-09-13,35.0,,0.0,95.0,95.0,95.0
OK,2020,27,38,2020-09-20,45.0,,0.0,95.0,95.0,95.0
OK,2020,28,39,2020-09-27,55.0,,0.0,95.0,95.0,95.0
OK,2020,29,40,2020-10-04,68.0,,0.0,95.0,95.0,95.0
OK,2020,30,41,2020-10-11,85.0,,9.0,95.0,95.0,95.0
OK,2020,31,42,2020-10-18,91.0,,16.0,95.0,95.0,95.0
OK,2020,32,43,2020-10-25,95.0,,21.0,95.0,95.0,95.0
OK,2020,33,44,2020-11-01,95.0,,28.0,95.0,95.0,95.0
OK,2020,34,45,2020-11-08,95.0,,42.0,95.0,95.0,95.0
OK,2020,35,46,2020-11-15,95.0,,54.0,95.0,95.0,95.0
OK,2020,36,47,2020-11-22,95.0,,70.0,95.0,95.0,95.0
OK,2020,37,48,2020-11-29,95.0,,79.0,95.0,95.0,95.0
OK,2021,2,13,2021-04-04,0.0,,0.0,0.0,0.0,0.0
OK,2021,3,14,2021-04-11,0.0,,0.0,0.0,0.0,0.0
OK,2021,4,15,2021-04-18,0.0,,0.0,0.0,0.0,0.0
OK,2021,5,16,2021-04-25,0.0,,0.0,0.0,0.0,0.0
OK,2021,6,17,2021-05-02,0.0,,0.0,0.0,0.0,0.0
OK,2021,7,18,2021-05-09,0.0,,0.0,18.0,0.0,0.0
OK,2021,8,19,2021-05-16,0.0,,0.0,23.0,0.0,0.0
OK,2021,9,20,2021-05-23,0.0,,0.0,24.0,0.0,0.0
OK,2021,10,21,2021-05-30,0.0,,0.0,39.0,0.0,0.0
OK,2021,11,22,2021-06-06,0.0,,0.0,44.0,0.0,0.0
OK,2021,12,23,2021-06-13,0.0,,0.0,60.0,0.0,0.0
OK,2021,13,24,2021-06-20,0.0,,0.0,75.0,0.0,0.0
OK,2021,14,25,2021-06-27,0.0,,0.0,92.0,0.0,11.0
OK,2021,15,26,2021-07-04,0.0,,0.0,95.0,0.0,19.0
OK,2021,16,27,2021-07-11,0.0,,0.0,95.0,1.0,46.0
OK,2021,17,28,2021-07-18,0.0,,0.0,95.0,10.0,50.0
OK,2021,18,29,2021-07-25,0.0,,0.0,95.0,18.0,59.0
OK,2021,19,30,2021-08-01,0.0,,0.0,95.0,23.0,72.0
OK,2021,20,31,2021-08-08,0.0,,0.0,95.0,43.0,87.0
OK,2021,21,32,2021-08-15,0.0,,0.0,95.0,65.0,99.0
OK,2021,22,33,2021-08-22,5.0,,0.0,95.0,70.0,100.0
OK,2021,23,34,2021-08-29,10.0,,0.0,95.0,77.0,100.0
OK,2021,24,35,2021-09-05,15.0,,0.0,95.0,90.0,100.0
OK,2021,25,36,2021-09-12,23.0,,0.0,95.0,95.0,100.0
OK,2021,26,37,2021-09-19,57.0,,0.0,95.0,95.0,100.0
OK,2021,27,38,2021-09-26,68.0,,0.0,95.0,95.0,100.0
OK,2021,28,39,2021-10-03,82.0,,0.0,95.0,95.0,100.0
OK,2021,29,40,2021-10-10,85.0,,7.0,95.0,95.0,100.0
OK,2021,30,41,2021-10-17,90.0,,14.0,95.0,95.0,100.0
OK,2021,31,42,2021-10-24,95.0,,18.0,95.0,95.0,100.0
OK,2021,32,43,2021-10-31,98.0,,32.0,95.0,95.0,100.0
OK,2021,33,44,2021-11-07,100.0,,50.0,95.0,95.0,100.0
OK,2021,34,45,2021-11-14,100.0,,60.0,95.0,95.0,100.0
OK,2021,35,46,2021-11-21,100.0,,74.0,95.0,95.0,100.0
OK,2021,36,47,2021-11-28,100.0,,84.0,95.0,95.0,100.0
OK,2022,2,13,2022-04-03,0.0,,0.0,0.0,0.0,0.0
OK,2022,3,14,2022-04-10,0.0,,0.0,0.0,0.0,0.0
OK,2022,4,15,2022-04-17,0.0,,0.0,0.0,0.0,0.0
OK,2022,5,16,2022-04-24,0.0,,0.0,0.0,0.0,0.0
OK,2022,6,17,2022-05-01,0.0,,0.0,0.0,0.0,0.0
OK,2022,7,18,2022-05-08,0.0,,0.0,5.0,0.0,0.0
OK,2022,8,19,2022-05-15,0.0,,0.0,20.0,0.0,0.0
OK,2022,9,20,2022-05-22,0.0,,0.0,26.0,0.0,0.0
OK,2022,10,21,2022-05-29,0.0,,0.0,40.0,0.0,0.0
OK,2022,11,22,2022-06-05,0.0,,0.0,53.0,0.0,0.0
OK,2022,12,23,2022-06-12,0.0,,0.0,62.0,0.0,0.0
OK,2022,13,24,2022-06-19,0.0,,0.0,78.0,0.0,0.0
OK,2022,14,25,2022-06-26,0.0,,0.0,96.0,0.0,10.0
OK,2022,15,26,2022-07-03,0.0,,0.0,96.0,0.0,25.0
OK,2022,16,27,2022-07-10,0.0,,0.0,96.0,0.0,39.0
OK,2022,17,28,2022-07-17,0.0,,0.0,96.0,0.0,55.0
OK,2022,18,29,2022-07-24,0.0,,0.0,96.0,10.0,68.0
OK,2022,19,30,2022-07-31,0.0,,0.0,96.0,32.0,85.0
OK,2022,20,31,2022-08-07,0.0,,0.0,96.0,48.0,95.0
OK,2022,21,32,2022-08-14,0.0,,0.0,96.0,60.0,95.0
OK,2022,22,33,2022-08-21,0.0,,0.0,96.0,80.0,95.0
OK,2022,23,34,2022-08-28,5.0,,0.0,96.0,90.0,95.0
OK,2022,24,35,2022-09-04,18.0,,0.0,96.0,95.0,95.0
OK,2022,25,36,2022-09-11,28.0,,0.0,96.0,95.0,95.0
OK,2022,26,37,2022-09-18,56.0,,0.0,96.0,95.0,95.0
OK,2022,27,38,2022-09-25,61.0,,0.0,96.0,95.0,95.0
OK,2022,28,39,2022-10-02,85.0,,0.0,96.0,95.0,95.0
OK,2022,29,40,2022-10-09,89.0,,1.0,96.0,95.0,95.0
OK,2022,30,41,2022-10-16,93.0,,7.0,96.0,95.0,95.0
OK,2022,31,42,2022-10-23,95.0,,21.0,96.0,95.0,95.0
OK,2022,32,43,2022-10-30,98.0,,29.0,96.0,95.0,95.0
OK,2022,33,44,2022-11-06,98.0,,45.0,96.0,95.0,95.0
OK,2022,34,45,2022-11-13,98.0,,61.0,96.0,95.0,95.0
OK,2022,35,46,2022-11-20,98.0,,75.0,96.0,95.0,95.0
OK,2022,36,47,2022-11-27,98.0,,84.0,96.0,95.0,95.0
OK,2023,2,13,2023-04-02,0.0,,0.0,0.0,0.0,0.0
OK,2023,3,14,2023-04-09,0.0,,0.0,0.0,0.0,0.0
OK,2023,4,15,2023-04-16,0.0,,0.0,0.0,0.0,0.0
OK,2023,5,16,2023-04-23,0.0,,0.0,0.0,0.0,0.0
OK,2023,6,17,2023-04-30,0.0,,0.0,0.0,0.0,0.0
OK,2023,7,18,2023-05-07,0.0,,0.0,5.0,0.0,0.0
OK,2023,8,19,2023-05-14,0.0,,0.0,16.0,0.0,0.0
OK,2023,9,20,2023-05-21,0.0,,0.0,27.0,0.0,0.0
OK,2023,10,21,2023-05-28,0.0,,0.0,32.0,0.0,0.0
OK,2023,11,22,2023-06-04,0.0,,0.0,46.0,0.0,0.0
OK,2023,12,23,2023-06-11,0.0,,0.0,66.0,0.0,0.0
OK,2023,13,24,2023-06-18,0.0,,0.0,81.0,0.0,0.0
OK,2023,14,25,2023-06-25,0.0,,0.0,91.0,0.0,5.0
OK,2023,15,26,2023-07-02,0.0,,0.0,97.0,0.0,23.0
OK,2023,16,27,2023-07-09,0.0,,0.0,97.0,0.0,30.0
OK,2023,17,28,2023-07-16,0.0,,0.0,97.0,0.0,32.0
OK,2023,18,29,2023-07-23,0.0,,0.0,97.0,25.0,79.0
OK,2023,19,30,2023-07-30,0.0,,0.0,97.0,55.0,84.0
OK,2023,20,31,2023-08-06,0.0,,0.0,97.0,67.0,90.0
OK,2023,21,32,2023-08-13,0.0,,0.0,97.0,70.0,96.0
OK,2023,22,33,2023-08-20,5.0,,0.0,97.0,80.0,96.0
OK,2023,23,34,2023-08-27,7.0,,0.0,97.0,83.0,96.0
OK,2023,24,35,2023-09-03,16.0,,0.0,97.0,90.0,96.0
OK,2023,25,36,2023-09-10,30.0,,0.0,97.0,95.0,96.0
OK,2023,26,37,2023-09-17,45.0,,0.0,97.0,95.0,96.0
OK,2023,27,38,2023-09-24,55.0,,0.0,97.0,95.0,96.0
OK,2023,28,39,2023-10-01,78.0,,0.0,97.0,95.0,96.0
OK,2023,29,40,2023-10-08,82.0,,7.0,97.0,95.0,96.0
OK,2023,30,41,2023-10-15,90.0,,12.0,97.0,95.0,96.0
OK,2023,31,42,2023-10-22,95.0,,22.0,97.0,95.0,96.0
OK,2023,32,43,2023-10-29,97.0,,33.0,97.0,95.0,96.0
OK,2023,33,44,2023-11-05,99.0,,43.0,97.0,95.0,96.0
OK,2023,34,45,2023-11-12,99.0,,60.0,97.0,95.0,96.0
OK,2023,35,46,2023-11-19,99.0,,74.0,97.0,95.0,96.0
OK,2023,36,47,2023-11-26,99.0,,84.0,97.0,95.0,96.0
OK,2024,2,13,2024-03-31,0.0,,0.0,0.0,0.0,0.0
OK,2024,3,14,2024-04-07,0.0,,0.0,0.0,0.0,0.0
OK,2024,4,15,2024-04-14,0.0,,0.0,0.0,0.0,0.0
OK,2024,5,16,2024-04-21,0.0,,0.0,0.0,0.0,0.0
OK,2024,6,17,2024-04-28,0.0,,0.0,0.0,0.0,0.0
OK,2024,7,18,2024-05-05,0.0,,0.0,5.0,0.0,0.0
OK,2024,8,19,2024-05-12,0.0,,0.0,12.0,0.0,0.0
OK,2024,9,20,2024-05-19,0.0,,0.0,20.0,0.0,0.0
OK,2024,10,21,2024-05-26,0.0,,0.0,38.0,0.0,0.0
OK,2024,11,22,2024-06-02,0.0,,0.0,48.0,0.0,0.0
OK,2024,12,23,2024-06-09,0.0,,0.0,54.0,0.0,0.0
OK,2024,13,24,2024-06-16,0.0,,0.0,70.0,0.0,0.0
OK,2024,14,25,2024-06-23,0.0,,0.0,91.0,0.0,5.0
OK,2024,15,26,2024-06-30,0.0,,0.0,97.0,0.0,20.0
OK,2024,16,27,2024-07-07,0.0,,0.0,97.0,0.0,30.0
OK,2024,17,28,2024-07-14,0.0,,0.0,97.0,0.0,50.0
OK,2024,18,29,2024-07-21,0.0,,0.0,97.0,5.0,65.0
OK,2024,19,30,2024-07-28,0.0,,0.0,97.0,31.0,91.0
OK,2024,20,31,2024-08-04,0.0,,0.0,97.0,50.0,95.0
OK,2024,21,32,2024-08-11,0.0,,0.0,97.0,65.0,100.0
OK,2024,22,33,2024-08-18,5.0,,0.0,97.0,74.0,100.0
OK,2024,23,34,2024-08-25,10.0,,0.0,97.0,84.0,100.0
OK,2024,24,35,2024-09-01,21.0,,0.0,97.0,93.0,100.0
OK,2024,25,36,2024-09-08,28.0,,0.0,97.0,98.0,100.0
OK,2024,26,37,2024-09-15,41.0,,0.0,97.0,98.0,100.0
OK,2024,27,38,2024-09-22,60.0,,0.0,97.0,98.0,100.0
OK,2024,28,39,2024-09-29,72.0,,0.0,97.0,98.0,100.0
OK,2024,29,40,2024-10-06,86.0,,9.0,97.0,98.0,100.0
OK,2024,30,41,2024-10-13,96.0,,15.0,97.0,98.0,100.0
OK,2024,31,42,2024-10-20,99.0,,20.0,97.0,98.0,100.0
OK,2024,32,43,2024-10-27,100.0,,30.0,97.0,98.0,100.0
OK,2024,33,44,2024-11-03,100.0,,40.0,97.0,98.0,100.0
OK,2024,34,45,2024-11-10,100.0,,48.0,97.0,98.0,100.0
OK,2024,35,46,2024-11-17,100.0,,57.0,97.0,98.0,100.0
OK,2024,36,47,2024-11-24,100.0,,65.0,97.0,98.0,100.0
OK,2025,3,14,2025-04-06,0.0,,0.0,0.0,0.0,0.0
OK,2025,4,15,2025-04-13,0.0,,0.0,0.0,0.0,0.0
OK,2025,5,16,2025-04-20,0.0,,0.0,0.0,0.0,0.0
OK,2025,6,17,2025-04-27,0.0,,0.0,0.0,0.0,0.0
OK,2025,7,18,2025-05-04,0.0,,0.0,4.0,0.0,0.0
OK,2025,8,19,2025-05-11,0.0,,0.0,9.0,0.0,0.0
OK,2025,9,20,2025-05-18,0.0,,0.0,28.0,0.0,0.0
OK,2025,10,21,2025-05-25,0.0,,0.0,31.0,0.0,0.0
OK,2025,11,22,2025-06-01,0.0,,0.0,40.0,0.0,0.0
OK,2025,12,23,2025-06-08,0.0,,0.0,50.0,0.0,0.0
OK,2025,13,24,2025-06-15,0.0,,0.0,65.0,0.0,0.0
OK,2025,14,25,2025-06-22,0.0,,0.0,82.0,0.0,5.0
OK,2025,15,26,2025-06-29,0.0,,0.0,95.0,0.0,15.0
OK,2025,16,27,2025-07-06,0.0,,0.0,95.0,0.0,24.0
OK,2025,17,28,2025-07-13,0.0,,0.0,95.0,0.0,35.0
OK,2025,18,29,2025-07-20,0.0,,0.0,95.0,3.0,50.0
OK,2025,19,30,2025-07-27,0.0,,0.0,95.0,15.0,77.0
OK,2025,20,31,2025-08-03,0.0,,0.0,95.0,43.0,95.0
OK,2025,21,32,2025-08-10,0.0,,0.0,95.0,58.0,99.0
OK,2025,22,33,2025-08-17,0.0,,0.0,95.0,77.0,100.0
OK,2025,23,34,2025-08-24,8.0,,0.0,95.0,82.0,100.0
OK,2025,24,35,2025-08-31,21.0,,0.0,95.0,93.0,100.0
OK,2025,25,36,2025-09-07,26.0,,0.0,95.0,97.0,100.0
OK,2025,26,37,2025-09-14,38.0,,0.0,95.0,97.0,100.0
OK,2025,27,38,2025-09-21,57.0,,0.0,95.0,97.0,100.0
OK,2025,28,39,2025-09-28,70.0,,0.0,95.0,97.0,100.0
OK,2025,35,46,2025-11-16,70.0,,72.0,95.0,97.0,100.0
OK,2025,36,47,2025-11-23,70.0,,86.0,95.0,97.0,100.0
SC,2016,2,13,2016-04-03,0.0,,0.0,0.0,0.0,0.0
SC,2016,3,14,2016-04-10,0.0,,0.0,0.0,0.0,0.0
SC,2016,4,15,2016-04-17,0.0,,0.0,2.0,0.0,0.0
SC,2016,5,16,2016-04-24,0.0,,0.0,8.0,0.0,0.0
SC,2016,6,17,2016-05-01,0.0,,0.0,16.0,0.0,0.0
SC,2016,7,18,2016-05-08,0.0,,0.0,31.0,0.0,0.0
SC,2016,8,19,2016-05-15,0.0,,0.0,52.0,0.0,0.0
SC,2016,9,20,2016-05-22,0.0,,0.0,63.0,0.0,0.0
SC,2016,10,21,2016-05-29,0.0,,0.0,71.0,0.0,0.0
SC,2016,11,22,2016-06-05,0.0,,0.0,88.0,0.0,1.0
SC,2016,12,23,2016-06-12,0.0,,0.0,93.0,0.0,5.0
SC,2016,13,24,2016-06-19,0.0,,0.0,96.0,0.0,11.0
SC,2016,14,25,2016-06-26,0.0,,0.0,96.0,0.0,22.0
SC,2016,15,26,2016-07-03,0.0,,0.0,96.0,1.0,41.0
SC,2016,16,27,2016-07-10,0.0,,0.0,96.0,12.0,60.0
SC,2016,17,28,2016-07-17,0.0,,0.0,96.0,24.0,75.0
SC,2016,18,29,2016-07-24,0.0,,0.0,96.0,40.0,85.0
SC,2016,19,30,2016-07-31,0.0,,0.0,96.0,56.0,90.0
SC,2016,20,31,2016-08-07,0.0,,0.0,96.0,80.0,95.0
SC,2016,21,32,2016-08-14,1.0,,0.0,96.0,87.0,95.0
SC,2016,22,33,2016-08-21,2.0,,0.0,96.0,92.0,95.0
SC,2016,23,34,2016-08-28,13.0,,0.0,96.0,97.0,95.0
SC,2016,24,35,2016-09-04,22.0,,0.0,96.0,97.0,95.0
SC,2016,25,36,2016-09-11,43.0,,0.0,96.0,97.0,95.0
SC,2016,26,37,2016-09-18,60.0,,1.0,96.0,97.0,95.0
SC,2016,27,38,2016-09-25,71.0,,2.0,96.0,97.0,95.0
SC,2016,28,39,2016-10-02,78.0,,9.0,96.0,97.0,95.0
SC,2016,29,40,2016-10-09,90.0,,15.0,96.0,97.0,95.0
SC,2016,30,41,2016-10-16,92.0,,16.0,96.0,97.0,95.0
SC,2016,31,42,2016-10-23,95.0,,19.0,96.0,97.0,95.0
SC,2016,32,43,2016-10-30,96.0,,30.0,96.0,97.0,95.0
SC,2016,33,44,2016-11-06,96.0,,50.0,96.0,97.0,95.0
SC,2016,34,45,2016-11-13,96.0,,65.0,96.0,97.0,95.0
SC,2016,35,46,2016-11-20,96.0,,77.0,96.0,97.0,95.0
SC,2016,36,47,2016-11-27,96.0,,86.0,96.0,97.0,95.0
SC,2017,2,13,2017-04-02,0.0,,0.0,0.0,0.0,0.0
SC,2017,3,14,2017-04-09,0.0,,0.0,0.0,0.0,0.0
SC,2017,4,15,2017-04-16,0.0,,0.0,0.0,0.0,0.0
SC,2017,5,16,2017-04-23,0.0,,0.0,2.0,0.0,0.0
SC,2017,6,17,2017-04-30,0.0,,0.0,18.0,0.0,0.0
SC,2017,7,18,2017-05-07,0.0,,0.0,34.0,0.0,0.0
SC,2017,8,19,2017-05-14,0.0,,0.0,52.0,0.0,0.0
SC,2017,9,20,2017-05-21,0.0,,0.0,64.0,0.0,0.0
SC,2017,10,21,2017-05-28,0.0,,0.0,77.0,0.0,0.0
SC,2017,11,22,2017-06-04,0.0,,0.0,90.0,0.0,1.0
SC,2017,12,23,2017-06-11,0.0,,0.0,95.0,0.0,11.0
SC,2017,13,24,2017-06-18,0.0,,0.0,97.0,0.0,23.0
SC,2017,14,25,2017-06-25,0.0,,0.0,98.0,1.0,32.0
SC,2017,15,26,2017-07-02,0.0,,0.0,98.0,3.0,45.0
SC,2017,16,27,2017-07-09,0.0,,0.0,98.0,17.0,57.0
SC,2017,17,28,2017-07-16,0.0,,0.0,98.0,33.0,69.0
SC,2017,18,29,2017-07-23,0.0,,0.0,98.0,53.0,82.0
SC,2017,19,30,2017-07-30,0.0,,0.0,98.0,59.0,89.0
SC,2017,20,31,2017-08-06,0.0,,0.0,98.0,67.0,92.0
SC,2017,21,32,2017-08-13,2.0,,0.0,98.0,76.0,96.0
SC,2017,22,33,2017-08-20,9.0,,0.0,98.0,84.0,96.0
SC,2017,23,34,2017-08-27,21.0,,0.0,98.0,95.0,96.0
SC,2017,24,35,2017-09-03,38.0,,0.0,98.0,97.0,96.0
SC,2017,25,36,2017-09-10,46.0,,0.0,98.0,97.0,96.0
SC,2017,26,37,2017-09-17,63.0,,0.0,98.0,97.0,96.0
SC,2017,27,38,2017-09-24,73.0,,5.0,98.0,97.0,96.0
SC,2017,28,39,2017-10-01,89.0,,14.0,98.0,97.0,96.0
SC,2017,29,40,2017-10-08,96.0,,19.0,98.0,97.0,96.0
SC,2017,30,41,2017-10-15,97.0,,29.0,98.0,97.0,96.0
SC,2017,31,42,2017-10-22,99.0,,42.0,98.0,97.0,96.0
SC,2017,32,43,2017-10-29,99.0,,54.0,98.0,97.0,96.0
SC,2017,33,44,2017-11-05,100.0,,65.0,98.0,97.0,96.0
SC,2017,34,45,2017-11-12,100.0,,72.0,98.0,97.0,96.0
SC,2017,35,46,2017-11-19,100.0,,82.0,98.0,97.0,96.0
SC,2017,36,47,2017-11-26,100.0,,90.0,98.0,97.0,96.0
SC,2018,2,13,2018-04-01,0.0,,0.0,0.0,0.0,0.0
SC,2018,3,14,2018-04-08,0.0,,0.0,0.0,0.0,0.0
SC,2018,4,15,2018-04-15,0.0,,0.0,0.0,0.0,0.0
SC,2018,5,16,2018-04-22,0.0,,0.0,1.0,0.0,0.0
SC,2018,6,17,2018-04-29,0.0,,0.0,3.0,0.0,0.0
SC,2018,7,18,2018-05-06,0.0,,0.0,12.0,0.0,0.0
SC,2018,8,19,2018-05-13,0.0,,0.0,30.0,0.0,0.0
SC,2018,9,20,2018-05-20,0.0,,0.0,48.0,0.0,0.0
SC,2018,10,21,2018-05-27,0.0,,0.0,68.0,0.0,0.0
SC,2018,11,22,2018-06-03,0.0,,0.0,85.0,0.0,0.0
SC,2018,12,23,2018-06-10,0.0,,0.0,92.0,0.0,4.0
SC,2018,13,24,2018-06-17,0.0,,0.0,96.0,0.0,19.0
SC,2018,14,25,2018-06-24,0.0,,0.0,96.0,0.0,23.0
SC,2018,15,26,2018-07-01,0.0,,0.0,96.0,0.0,35.0
SC,2018,16,27,2018-07-08,0.0,,0.0,96.0,5.0,49.0
SC,2018,17,28,2018-07-15,0.0,,0.0,96.0,21.0,63.0
SC,2018,18,29,2018-07-22,0.0,,0.0,96.0,41.0,75.0
SC,2018,19,30,2018-07-29,0.0,,0.0,96.0,45.0,80.0
SC,2018,20,31,2018-08-05,0.0,,0.0,96.0,59.0,90.0
SC,2018,21,32,2018-08-12,1.0,,0.0,96.0,75.0,95.0
SC,2018,22,33,2018-08-19,4.0,,0.0,96.0,80.0,95.0
SC,2018,23,34,2018-08-26,7.0,,0.0,96.0,88.0,95.0
SC,2018,24,35,2018-09-02,16.0,,0.0,96.0,95.0,95.0
SC,2018,25,36,2018-09-09,28.0,,0.0,96.0,95.0,95.0
SC,2018,26,37,2018-09-16,37.0,,2.0,96.0,95.0,95.0
SC,2018,27,38,2018-09-23,50.0,,5.0,96.0,95.0,95.0
SC,2018,28,39,2018-09-30,56.0,,6.0,96.0,95.0,95.0
SC,2018,29,40,2018-10-07,68.0,,10.0,96.0,95.0,95.0
SC,2018,30,41,2018-10-14,79.0,,18.0,96.0,95.0,95.0
SC,2018,31,42,2018-10-21,82.0,,24.0,96.0,95.0,95.0
SC,2018,32,43,2018-10-28,90.0,,34.0,96.0,95.0,95.0
SC,2018,33,44,2018-11-04,96.0,,43.0,96.0,95.0,95.0
SC,2018,34,45,2018-11-11,100.0,,49.0,96.0,95.0,95.0
SC,2018,35,46,2018-11-18,100.0,,55.0,96.0,95.0,95.0
SC,2018,36,47,2018-11-25,100.0,,65.0,96.0,95.0,95.0
SC,2019,2,13,2019-03-31,0.0,,0.0,0.0,0.0,0.0
SC,2019,3,14,2019-04-07,0.0,,0.0,0.0,0.0,0.0
SC,2019,4,15,2019-04-14,0.0,,0.0,0.0,0.0,0.0
SC,2019,5,16,2019-04-21,0.0,,0.0,1.0,0.0,0.0
SC,2019,6,17,2019-04-28,0.0,,0.0,5.0,0.0,0.0
SC,2019,7,18,2019-05-05,0.0,,0.0,22.0,0.0,0.0
SC,2019,8,19,2019-05-12,0.0,,0.0,39.0,0.0,0.0
SC,2019,9,20,2019-05-19,0.0,,0.0,65.0,0.0,0.0
SC,2019,10,21,2019-05-26,0.0,,0.0,90.0,0.0,0.0
SC,2019,11,22,2019-06-02,0.0,,0.0,94.0,0.0,0.0
SC,2019,12,23,2019-06-09,0.0,,0.0,98.0,0.0,3.0
SC,2019,13,24,2019-06-16,0.0,,0.0,99.0,0.0,25.0
SC,2019,14,25,2019-06-23,0.0,,0.0,100.0,1.0,42.0
SC,2019,15,26,2019-06-30,0.0,,0.0,100.0,9.0,53.0
SC,2019,16,27,2019-07-07,0.0,,0.0,100.0,24.0,65.0
SC,2019,17,28,2019-07-14,0.0,,0.0,100.0,34.0,68.0
SC,2019,18,29,2019-07-21,0.0,,0.0,100.0,53.0,89.0
SC,2019,19,30,2019-07-28,0.0,,0.0,100.0,59.0,91.0
SC,2019,20,31,2019-08-04,0.0,,0.0,100.0,63.0,98.0
SC,2019,21,32,2019-08-11,1.0,,0.0,100.0,86.0,98.0
SC,2019,22,33,2019-08-18,10.0,,0.0,100.0,97.0,98.0
SC,2019,23,34,2019-08-25,24.0,,0.0,100.0,99.0,98.0
SC,2019,24,35,2019-09-01,40.0,,0.0,100.0,100.0,98.0
SC,2019,25,36,2019-09-08,56.0,,0.0,100.0,100.0,98.0
SC,2019,26,37,2019-09-15,71.0,,0.0,100.0,100.0,98.0
SC,2019,27,38,2019-09-22,83.0,,3.0,100.0,100.0,98.0
SC,2019,28,39,2019-09-29,91.0,,12.0,100.0,100.0,98.0
SC,2019,29,40,2019-10-06,95.0,,25.0,100.0,100.0,98.0
SC,2019,30,41,2019-10-13,96.0,,38.0,100.0,100.0,98.0
SC,2019,31,42,2019-10-20,97.0,,53.0,100.0,100.0,98.0
SC,2019,32,43,2019-10-27,98.0,,60.0,100.0,100.0,98.0
SC,2019,33,44,2019-11-03,98.0,,71.0,100.0,100.0,98.0
SC,2019,34,45,2019-11-10,98.0,,79.0,100.0,100.0,98.0
SC,2019,35,46,2019-11-17,98.0,,86.0,100.0,100.0,98.0
SC,2019,36,47,2019-11-24,98.0,,92.0,100.0,100.0,98.0
SC,2019,37,48,2019-12-01,98.0,,95.0,100.0,100.0,98.0
SC,2019,38,49,2019-12-08,98.0,,96.0,100.0,100.0,98.0
SC,2020,3,14,2020-04-05,0.0,,0.0,0.0,0.0,0.0
SC,2020,4,15,2020-04-12,0.0,,0.0,0.0,0.0,0.0
SC,2020,5,16,2020-04-19,0.0,,0.0,1.0,0.0,0.0
SC,2020,6,17,2020-04-26,0.0,,0.0,3.0,0.0,0.0
SC,2020,7,18,2020-05-03,0.0,,0.0,11.0,0.0,0.0
SC,2020,8,19,2020-05-10,0.0,,0.0,23.0,0.0,0.0
SC,2020,9,20,2020-05-17,0.0,,0.0,45.0,0.0,0.0
SC,2020,10,21,2020-05-24,0.0,,0.0,56.0,0.0,0.0
SC,2020,11,22,2020-05-31,0.0,,0.0,73.0,0.0,0.0
SC,2020,12,23,2020-06-07,0.0,,0.0,83.0,0.0,4.0
SC,2020,13,24,2020-06-14,0.0,,0.0,90.0,0.0,14.0
SC,2020,14,25,2020-06-21,0.0,,0.0,94.0,0.0,20.0
SC,2020,15,26,2020-06-28,0.0,,0.0,96.0,2.0,33.0
SC,2020,16,27,2020-07-05,0.0,,0.0,96.0,4.0,37.0
SC,2020,17,28,2020-07-12,0.0,,0.0,96.0,7.0,58.0
SC,2020,18,29,2020-07-19,0.0,,0.0,96.0,14.0,69.0
SC,2020,19,30,2020-07-26,0.0,,0.0,96.0,27.0,74.0
SC,2020,20,31,2020-08-02,0.0,,0.0,96.0,48.0,80.0
SC,2020,21,32,2020-08-09,0.0,,0.0,96.0,65.0,87.0
SC,2020,22,33,2020-08-16,0.0,,0.0,96.0,75.0,90.0
SC,2020,23,34,2020-08-23,2.0,,0.0,96.0,83.0,93.0
SC,2020,24,35,2020-08-30,4.0,,0.0,96.0,87.0,95.0
SC,2020,25,36,2020-09-06,6.0,,0.0,96.0,92.0,95.0
SC,2020,26,37,2020-09-13,20.0,,0.0,96.0,97.0,95.0
SC,2020,27,38,2020-09-20,39.0,,0.0,96.0,97.0,95.0
SC,2020,28,39,2020-09-27,58.0,,0.0,96.0,97.0,95.0
SC,2020,29,40,2020-10-04,72.0,,0.0,96.0,97.0,95.0
SC,2020,30,41,2020-10-11,86.0,,1.0,96.0,97.0,95.0
SC,2020,31,42,2020-10-18,92.0,,6.0,96.0,97.0,95.0
SC,2020,32,43,2020-10-25,98.0,,9.0,96.0,97.0,95.0
SC,2020,33,44,2020-11-01,98.0,,23.0,96.0,97.0,95.0
SC,2020,34,45,2020-11-08,98.0,,46.0,96.0,97.0,95.0
SC,2020,35,46,2020-11-15,98.0,,59.0,96.0,97.0,95.0
SC,2020,36,47,2020-11-22,98.0,,68.0,96.0,97.0,95.0
SC,2020,37,48,2020-11-29,98.0,,77.0,96.0,97.0,95.0
SC,2021,2,13,2021-04-04,0.0,,0.0,0.0,0.0,0.0
SC,2021,3,14,2021-04-11,0.0,,0.0,0.0,0.0,0.0
SC,2021,4,15,2021-04-18,0.0,,0.0,1.0,0.0,0.0
SC,2021,5,16,2021-04-25,0.0,,0.0,7.0,0.0,0.0
SC,2021,6,17,2021-05-02,0.0,,0.0,18.0,0.0,0.0
SC,2021,7,18,2021-05-09,0.0,,0.0,40.0,0.0,0.0
SC,2021,8,19,2021-05-16,0.0,,0.0,59.0,0.0,0.0
SC,2021,9,20,2021-05-23,0.0,,0.0,73.0,0.0,0.0
SC,2021,10,21,2021-05-30,0.0,,0.0,85.0,0.0,0.0
SC,2021,11,22,2021-06-06,0.0,,0.0,90.0,0.0,0.0
SC,2021,12,23,2021-06-13,0.0,,0.0,95.0,0.0,10.0
SC,2021,13,24,2021-06-20,0.0,,0.0,98.0,0.0,22.0
SC,2021,14,25,2021-06-27,0.0,,0.0,98.0,1.0,32.0
SC,2021,15,26,2021-07-04,0.0,,0.0,98.0,7.0,47.0
SC,2021,16,27,2021-07-11,0.0,,0.0,98.0,20.0,63.0
SC,2021,17,28,2021-07-18,0.0,,0.0,98.0,36.0,75.0
SC,2021,18,29,2021-07-25,0.0,,0.0,98.0,57.0,86.0
SC,2021,19,30,2021-08-01,0.0,,0.0,98.0,66.0,94.0
SC,2021,20,31,2021-08-08,0.0,,0.0,98.0,79.0,99.0
SC,2021,21,32,2021-08-15,0.0,,0.0,98.0,90.0,100.0
SC,2021,22,33,2021-08-22,2.0,,0.0,98.0,96.0,100.0
SC,2021,23,34,2021-08-29,12.0,,0.0,98.0,97.0,100.0
SC,2021,24,35,2021-09-05,17.0,,0.0,98.0,99.0,100.0
SC,2021,25,36,2021-09-12,36.0,,0.0,98.0,100.0,100.0
SC,2021,26,37,2021-09-19,45.0,,0.0,98.0,100.0,100.0
SC,2021,27,38,2021-09-26,54.0,,1.0,98.0,100.0,100.0
SC,2021,28,39,2021-10-03,67.0,,3.0,98.0,100.0,100.0
SC,2021,29,40,2021-10-10,83.0,,6.0,98.0,100.0,100.0
SC,2021,30,41,2021-10-17,90.0,,8.0,98.0,100.0,100.0
SC,2021,31,42,2021-10-24,94.0,,14.0,98.0,100.0,100.0
SC,2021,32,43,2021-10-31,97.0,,22.0,98.0,100.0,100.0
SC,2021,33,44,2021-11-07,99.0,,35.0,98.0,100.0,100.0
SC,2021,34,45,2021-11-14,99.0,,52.0,98.0,100.0,100.0
SC,2021,35,46,2021-11-21,99.0,,67.0,98.0,100.0,100.0
SC,2021,36,47,2021-11-28,99.0,,80.0,98.0,100.0,100.0
SC,2022,2,13,2022-04-03,0.0,,0.0,0.0,0.0,0.0
SC,2022,3,14,2022-04-10,0.0,,0.0,0.0,0.0,0.0
SC,2022,4,15,2022-04-17,0.0,,0.0,0.0,0.0,0.0
SC,2022,5,16,2022-04-24,0.0,,0.0,1.0,0.0,0.0
SC,2022,6,17,2022-05-01,0.0,,0.0,6.0,0.0,0.0
SC,2022,7,18,2022-05-08,0.0,,0.0,22.0,0.0,0.0
SC,2022,8,19,2022-05-15,0.0,,0.0,48.0,0.0,0.0
SC,2022,9,20,2022-05-22,0.0,,0.0,65.0,0.0,0.0
SC,2022,10,21,2022-05-29,0.0,,0.0,81.0,0.0,0.0
SC,2022,11,22,2022-06-05,0.0,,0.0,92.0,0.0,1.0
SC,2022,12,23,2022-06-12,0.0,,0.0,96.0,0.0,3.0
SC,2022,13,24,2022-06-19,0.0,,0.0,99.0,0.0,13.0
SC,2022,14,25,2022-06-26,0.0,,0.0,99.0,2.0,29.0
SC,2022,15,26,2022-07-03,0.0,,0.0,99.0,12.0,50.0
SC,2022,16,27,2022-07-10,0.0,,0.0,99.0,28.0,69.0
SC,2022,17,28,2022-07-17,0.0,,0.0,99.0,42.0,85.0
SC,2022,18,29,2022-07-24,0.0,,0.0,99.0,64.0,90.0
SC,2022,19,30,2022-07-31,0.0,,0.0,99.0,70.0,94.0
SC,2022,20,31,2022-08-07,1.0,,0.0,99.0,81.0,97.0
SC,2022,21,32,2022-08-14,2.0,,0.0,99.0,87.0,97.0
SC,2022,22,33,2022-08-21,6.0,,0.0,99.0,91.0,97.0
SC,2022,23,34,2022-08-28,17.0,,0.0,99.0,95.0,97.0
SC,2022,24,35,2022-09-04,33.0,,0.0,99.0,98.0,97.0
SC,2022,25,36,2022-09-11,40.0,,1.0,99.0,100.0,97.0
SC,2022,26,37,2022-09-18,54.0,,3.0,99.0,100.0,97.0
SC,2022,27,38,2022-09-25,66.0,,5.0,99.0,100.0,97.0
SC,2022,28,39,2022-10-02,75.0,,7.0,99.0,100.0,97.0
SC,2022,29,40,2022-10-09,89.0,,17.0,99.0,100.0,97.0
SC,2022,30,41,2022-10-16,94.0,,26.0,99.0,100.0,97.0
SC,2022,31,42,2022-10-23,97.0,,33.0,99.0,100.0,97.0
SC,2022,32,43,2022-10-30,99.0,,51.0,99.0,100.0,97.0
SC,2022,33,44,2022-11-06,99.0,,58.0,99.0,100.0,97.0
SC,2022,34,45,2022-11-13,99.0,,63.0,99.0,100.0,97.0
SC,2022,35,46,2022-11-20,99.0,,73.0,99.0,100.0,97.0
SC,2022,36,47,2022-11-27,99.0,,79.0,99.0,100.0,97.0
SC,2023,2,13,2023-04-02,0.0,,0.0,0.0,0.0,0.0
SC,2023,3,14,2023-04-09,0.0,,0.0,0.0,0.0,0.0
SC,2023,4,15,2023-04-16,0.0,,0.0,0.0,0.0,0.0
SC,2023,5,16,2023-04-23,0.0,,0.0,1.0,0.0,0.0
SC,2023,6,17,2023-04-30,0.0,,0.0,3.0,0.0,0.0
SC,2023,7,18,2023-05-07,0.0,,0.0,10.0,0.0,0.0
SC,2023,8,19,2023-05-14,0.0,,0.0,25.0,0.0,0.0
SC,2023,9,20,2023-05-21,0.0,,0.0,53.0,0.0,0.0
SC,2023,10,21,2023-05-28,0.0,,0.0,68.0,0.0,0.0
SC,2023,11,22,2023-06-04,0.0,,0.0,81.0,0.0,0.0
SC,2023,12,23,2023-06-11,0.0,,0.0,95.0,0.0,1.0
SC,2023,13,24,2023-06-18,0.0,,0.0,98.0,0.0,11.0
SC,2023,14,25,2023-06-25,0.0,,0.0,100.0,0.0,18.0
SC,2023,15,26,2023-07-02,0.0,,0.0,100.0,0.0,27.0
SC,2023,16,27,2023-07-09,0.0,,0.0,100.0,7.0,42.0
SC,2023,17,28,2023-07-16,0.0,,0.0,100.0,19.0,66.0
SC,2023,18,29,2023-07-23,0.0,,0.0,100.0,41.0,79.0
SC,2023,19,30,2023-07-30,0.0,,0.0,100.0,55.0,93.0
SC,2023,20,31,2023-08-06,1.0,,0.0,100.0,70.0,96.0
SC,2023,21,32,2023-08-13,3.0,,0.0,100.0,83.0,99.0
SC,2023,22,33,2023-08-20,6.0,,0.0,100.0,89.0,99.0
SC,2023,23,34,2023-08-27,12.0,,0.0,100.0,93.0,99.0
SC,2023,24,35,2023-09-03,20.0,,0.0,100.0,98.0,99.0
SC,2023,25,36,2023-09-10,34.0,,0.0,100.0,100.0,99.0
SC,2023,26,37,2023-09-17,45.0,,0.0,100.0,100.0,99.0
SC,2023,27,38,2023-09-24,66.0,,0.0,100.0,100.0,99.0
SC,2023,28,39,2023-10-01,77.0,,4.0,100.0,100.0,99.0
SC,2023,29,40,2023-10-08,81.0,,8.0,100.0,100.0,99.0
SC,2023,30,41,2023-10-15,88.0,,11.0,100.0,100.0,99.0
SC,2023,31,42,2023-10-22,94.0,,20.0,100.0,100.0,99.0
SC,2023,32,43,2023-10-29,96.0,,24.0,100.0,100.0,99.0
SC,2023,33,44,2023-11-05,98.0,,42.0,100.0,100.0,99.0
SC,2023,34,45,2023-11-12,98.0,,59.0,100.0,100.0,99.0
SC,2023,35,46,2023-11-19,98.0,,73.0,100.0,100.0,99.0
SC,2023,36,47,2023-11-26,98.0,,84.0,100.0,100.0,99.0
SC,2024,2,13,2024-03-31,0.0,,0.0,0.0,0.0,0.0
SC,2024,3,14,2024-04-07,0.0,,0.0,0.0,0.0,0.0
SC,2024,4,15,2024-04-14,0.0,,0.0,1.0,0.0,0.0
SC,2024,5,16,2024-04-21,0.0,,0.0,4.0,0.0,0.0
SC,2024,6,17,2024-04-28,0.0,,0.0,10.0,0.0,0.0
SC,2024,7,18,2024-05-05,0.0,,0.0,24.0,0.0,0.0
SC,2024,8,19,2024-05-12,0.0,,0.0,39.0,0.0,0.0
SC,2024,9,20,2024-05-19,0.0,,0.0,52.0,0.0,0.0
SC,2024,10,21,2024-05-26,0.0,,0.0,72.0,0.0,0.0
SC,2024,11,22,2024-06-02,0.0,,0.0,83.0,0.0,0.0
SC,2024,12,23,2024-06-09,0.0,,0.0,90.0,0.0,2.0
SC,2024,13,24,2024-06-16,0.0,,0.0,93.0,0.0,11.0
SC,2024,14,25,2024-06-23,0.0,,0.0,96.0,0.0,21.0
SC,2024,15,26,2024-06-30,0.0,,0.0,98.0,5.0,42.0
SC,2024,16,27,2024-07-07,0.0,,0.0,98.0,22.0,65.0
SC,2024,17,28,2024-07-14,0.0,,0.0,98.0,38.0,82.0
SC,2024,18,29,2024-07-21,0.0,,0.0,98.0,58.0,94.0
SC,2024,19,30,2024-07-28,0.0,,0.0,98.0,72.0,97.0
SC,2024,20,31,2024-08-04,1.0,,0.0,98.0,88.0,99.0
SC,2024,21,32,2024-08-11,3.0,,0.0,98.0,93.0,100.0
SC,2024,22,33,2024-08-18,6.0,,0.0,98.0,97.0,100.0
SC,2024,23,34,2024-08-25,18.0,,0.0,98.0,99.0,100.0
SC,2024,24,35,2024-09-01,35.0,,0.0,98.0,100.0,100.0
SC,2024,25,36,2024-09-08,52.0,,0.0,98.0,100.0,100.0
SC,2024,26,37,2024-09-15,67.0,,1.0,98.0,100.0,100.0
SC,2024,27,38,2024-09-22,80.0,,2.0,98.0,100.0,100.0
SC,2024,28,39,2024-09-29,90.0,,5.0,98.0,100.0,100.0
SC,2024,29,40,2024-10-06,96.0,,8.0,98.0,100.0,100.0
SC,2024,30,41,2024-10-13,99.0,,19.0,98.0,100.0,100.0
SC,2024,31,42,2024-10-20,100.0,,35.0,98.0,100.0,100.0
SC,2024,32,43,2024-10-27,100.0,,45.0,98.0,100.0,100.0
SC,2024,33,44,2024-11-03,100.0,,61.0,98.0,100.0,100.0
SC,2024,34,45,2024-11-10,100.0,,70.0,98.0,100.0,100.0
SC,2024,35,46,2024-11-17,100.0,,76.0,98.0,100.0,100.0
SC,2024,36,47,2024-11-24,100.0,,83.0,98.0,100.0,100.0
SC,2025,3,14,2025-04-06,0.0,,0.0,0.0,0.0,0.0
SC,2025,4,15,2025-04-13,0.0,,0.0,0.0,0.0,0.0
SC,2025,5,16,2025-04-20,0.0,,0.0,1.0,0.0,0.0
SC,2025,6,17,2025-04-27,0.0,,0.0,5.0,0.0,0.0
SC,2025,7,18,2025-05-04,0.0,,0.0,13.0,0.0,0.0
SC,2025,8,19,2025-05-11,0.0,,0.0,28.0,0.0,0.0
SC,2025,9,20,2025-05-18,0.0,,0.0,55.0,0.0,0.0
SC,2025,10,21,2025-05-25,0.0,,0.0,73.0,0.0,0.0
SC,2025,11,22,2025-06-01,0.0,,0.0,92.0,0.0,2.0
SC,2025,12,23,2025-06-08,0.0,,0.0,98.0,0.0,3.0
SC,2025,13,24,2025-06-15,0.0,,0.0,99.0,0.0,11.0
SC,2025,14,25,2025-06-22,0.0,,0.0,100.0,0.0,21.0
SC,2025,15,26,2025-06-29,0.0,,0.0,100.0,2.0,35.0
SC,2025,16,27,2025-07-06,0.0,,0.0,100.0,7.0,53.0
SC,2025,17,28,2025-07-13,0.0,,0.0,100.0,23.0,69.0
SC,2025,18,29,2025-07-20,0.0,,0.0,100.0,31.0,78.0
SC,2025,19,30,2025-07-27,0.0,,0.0,100.0,44.0,83.0
SC,2025,20,31,2025-08-03,1.0,,0.0,100.0,60.0,90.0
SC,2025,21,32,2025-08-10,3.0,,0.0,100.0,74.0,93.0
SC,2025,22,33,2025-08-17,6.0,,0.0,100.0,86.0,97.0
SC,2025,23,34,2025-08-24,12.0,,0.0,100.0,90.0,97.0
SC,2025,24,35,2025-08-31,23.0,,0.0,100.0,95.0,97.0
SC,2025,25,36,2025-09-07,34.0,,0.0,100.0,97.0,97.0
SC,2025,26,37,2025-09-14,44.0,,0.0,100.0,97.0,97.0
SC,2025,27,38,2025-09-21,61.0,,0.0,100.0,97.0,97.0
SC,2025,28,39,2025-09-28,79.0,,2.0,100.0,97.0,97.0
SC,2025,35,46,2025-11-16,79.0,,60.0,100.0,97.0,97.0
SC,2025,36,47,2025-11-23,79.0,,71.0,100.0,97.0,97.0
TN,2016,2,13,2016-04-03,0.0,,0.0,0.0,0.0,0.0
TN,2016,3,14,2016-04-10,0.0,,0.0,0.0,0.0,0.0
TN,2016,4,15,2016-04-17,0.0,,0.0,0.0,0.0,0.0
TN,2016,5,16,2016-04-24,0.0,,0.0,1.0,0.0,0.0
TN,2016,6,17,2016-05-01,0.0,,0.0,10.0,0.0,0.0
TN,2016,7,18,2016-05-08,0.0,,0.0,26.0,0.0,0.0
TN,2016,8,19,2016-05-15,0.0,,0.0,50.0,0.0,0.0
TN,2016,9,20,2016-05-22,0.0,,0.0,67.0,0.0,0.0
TN,2016,10,21,2016-05-29,0.0,,0.0,89.0,0.0,1.0
TN,2016,11,22,2016-06-05,0.0,,0.0,96.0,0.0,3.0
TN,2016,12,23,2016-06-12,0.0,,0.0,99.0,0.0,15.0
TN,2016,13,24,2016-06-19,0.0,,0.0,99.0,0.0,24.0
TN,2016,14,25,2016-06-26,0.0,,0.0,99.0,1.0,40.0
TN,2016,15,26,2016-07-03,0.0,,0.0,99.0,6.0,50.0
TN,2016,16,27,2016-07-10,0.0,,0.0,99.0,17.0,75.0
TN,2016,17,28,2016-07-17,0.0,,0.0,99.0,33.0,83.0
TN,2016,18,29,2016-07-24,0.0,,0.0,99.0,55.0,92.0
TN,2016,19,30,2016-07-31,0.0,,0.0,99.0,68.0,95.0
TN,2016,20,31,2016-08-07,1.0,,0.0,99.0,80.0,97.0
TN,2016,21,32,2016-08-14,5.0,,0.0,99.0,91.0,97.0
TN,2016,22,33,2016-08-21,9.0,,0.0,99.0,97.0,97.0
TN,2016,23,34,2016-08-28,17.0,,0.0,99.0,100.0,97.0
TN,2016,24,35,2016-09-04,29.0,,0.0,99.0,100.0,97.0
TN,2016,25,36,2016-09-11,54.0,,1.0,99.0,100.0,97.0
TN,2016,26,37,2016-09-18,67.0,,4.0,99.0,100.0,97.0
TN,2016,27,38,2016-09-25,80.0,,7.0,99.0,100.0,97.0
TN,2016,28,39,2016-10-02,89.0,,15.0,99.0,100.0,97.0
TN,2016,29,40,2016-10-09,95.0,,27.0,99.0,100.0,97.0
TN,2016,30,41,2016-10-16,99.0,,45.0,99.0,100.0,97.0
TN,2016,31,42,2016-10-23,99.0,,61.0,99.0,100.0,97.0
TN,2016,32,43,2016-10-30,100.0,,74.0,99.0,100.0,97.0
TN,2016,33,44,2016-11-06,100.0,,86.0,99.0,100.0,97.0
TN,2016,34,45,2016-11-13,100.0,,93.0,99.0,100.0,97.0
TN,2016,35,46,2016-11-20,100.0,,97.0,99.0,100.0,97.0
TN,2016,36,47,2016-11-27,100.0,,100.0,99.0,100.0,97.0
TN,2017,2,13,2017-04-02,0.0,,0.0,0.0,0.0,0.0
TN,2017,3,14,2017-04-09,0.0,,0.0,0.0,0.0,0.0
TN,2017,4,15,2017-04-16,0.0,,0.0,0.0,0.0,0.0
TN,2017,5,16,2017-04-23,0.0,,0.0,3.0,0.0,0.0
TN,2017,6,17,2017-04-30,0.0,,0.0,4.0,0.0,0.0
TN,2017,7,18,2017-05-07,0.0,,0.0,7.0,0.0,0.0
TN,2017,8,19,2017-05-14,0.0,,0.0,35.0,0.0,0.0
TN,2017,9,20,2017-05-21,0.0,,0.0,70.0,0.0,0.0
TN,2017,10,21,2017-05-28,0.0,,0.0,90.0,0.0,2.0
TN,2017,11,22,2017-06-04,0.0,,0.0,97.0,0.0,10.0
TN,2017,12,23,2017-06-11,0.0,,0.0,98.0,0.0,18.0
TN,2017,13,24,2017-06-18,0.0,,0.0,99.0,0.0,23.0
TN,2017,14,25,2017-06-25,0.0,,0.0,100.0,2.0,36.0
TN,2017,15,26,2017-07-02,0.0,,0.0,100.0,9.0,54.0
TN,2017,16,27,2017-07-09,0.0,,0.0,100.0,11.0,76.0
TN,2017,17,28,2017-07-16,0.0,,0.0,100.0,29.0,83.0
TN,2017,18,29,2017-07-23,0.0,,0.0,100.0,47.0,91.0
TN,2017,19,30,2017-07-30,0.0,,0.0,100.0,64.0,97.0
TN,2017,20,31,2017-08-06,0.0,,0.0,100.0,88.0,98.0
TN,2017,21,32,2017-08-13,4.0,,0.0,100.0,91.0,99.0
TN,2017,22,33,2017-08-20,7.0,,0.0,100.0,97.0,100.0
TN,2017,23,34,2017-08-27,9.0,,0.0,100.0,98.0,100.0
TN,2017,24,35,2017-09-03,14.0,,0.0,100.0,100.0,100.0
TN,2017,25,36,2017-09-10,32.0,,0.0,100.0,100.0,100.0
TN,2017,26,37,2017-09-17,50.0,,0.0,100.0,100.0,100.0
TN,2017,27,38,2017-09-24,65.0,,1.0,100.0,100.0,100.0
TN,2017,28,39,2017-10-01,77.0,,4.0,100.0,100.0,100.0
TN,2017,29,40,2017-10-08,93.0,,24.0,100.0,100.0,100.0
TN,2017,30,41,2017-10-15,98.0,,39.0,100.0,100.0,100.0
TN,2017,31,42,2017-10-22,100.0,,56.0,100.0,100.0,100.0
TN,2017,32,43,2017-10-29,100.0,,65.0,100.0,100.0,100.0
TN,2017,33,44,2017-11-05,100.0,,71.0,100.0,100.0,100.0
TN,2017,34,45,2017-11-12,100.0,,72.0,100.0,100.0,100.0
TN,2017,35,46,2017-11-19,100.0,,81.0,100.0,100.0,100.0
TN,2017,36,47,2017-11-26,100.0,,91.0,100.0,100.0,100.0
TN,2018,2,13,2018-04-01,0.0,,0.0,0.0,0.0,0.0
TN,2018,3,14,2018-04-08,0.0,,0.0,0.0,0.0,0.0
TN,2018,4,15,2018-04-15,0.0,,0.0,0.0,0.0,0.0
TN,2018,5,16,2018-04-22,0.0,,0.0,0.0,0.0,0.0
TN,2018,6,17,2018-04-29,0.0,,0.0,1.0,0.0,0.0
TN,2018,7,18,2018-05-06,0.0,,0.0,10.0,0.0,0.0
TN,2018,8,19,2018-05-13,0.0,,0.0,49.0,0.0,0.0
TN,2018,9,20,2018-05-20,0.0,,0.0,75.0,0.0,0.0
TN,2018,10,21,2018-05-27,0.0,,0.0,88.0,0.0,1.0
TN,2018,11,22,2018-06-03,0.0,,0.0,93.0,0.0,5.0
TN,2018,12,23,2018-06-10,0.0,,0.0,99.0,0.0,16.0
TN,2018,13,24,2018-06-17,0.0,,0.0,100.0,0.0,33.0
TN,2018,14,25,2018-06-24,0.0,,0.0,100.0,1.0,54.0
TN,2018,15,26,2018-07-01,0.0,,0.0,100.0,8.0,72.0
TN,2018,16,27,2018-07-08,0.0,,0.0,100.0,20.0,80.0
TN,2018,17,28,2018-07-15,0.0,,0.0,100.0,33.0,93.0
TN,2018,18,29,2018-07-22,0.0,,0.0,100.0,50.0,97.0
TN,2018,19,30,2018-07-29,0.0,,0.0,100.0,70.0,98.0
TN,2018,20,31,2018-08-05,0.0,,0.0,100.0,85.0,100.0
TN,2018,21,32,2018-08-12,8.0,,0.0,100.0,93.0,100.0
TN,2018,22,33,2018-08-19,14.0,,0.0,100.0,98.0,100.0
TN,2018,23,34,2018-08-26,23.0,,0.0,100.0,99.0,100.0
TN,2018,24,35,2018-09-02,52.0,,0.0,100.0,100.0,100.0
TN,2018,25,36,2018-09-09,68.0,,0.0,100.0,100.0,100.0
TN,2018,26,37,2018-09-16,80.0,,2.0,100.0,100.0,100.0
TN,2018,27,38,2018-09-23,93.0,,10.0,100.0,100.0,100.0
TN,2018,28,39,2018-09-30,95.0,,14.0,100.0,100.0,100.0
TN,2018,29,40,2018-10-07,96.0,,33.0,100.0,100.0,100.0
TN,2018,30,41,2018-10-14,98.0,,50.0,100.0,100.0,100.0
TN,2018,31,42,2018-10-21,99.0,,60.0,100.0,100.0,100.0
TN,2018,32,43,2018-10-28,100.0,,68.0,100.0,100.0,100.0
TN,2018,33,44,2018-11-04,100.0,,78.0,100.0,100.0,100.0
TN,2018,34,45,2018-11-11,100.0,,80.0,100.0,100.0,100.0
TN,2018,35,46,2018-11-18,100.0,,87.0,100.0,100.0,100.0
TN,2018,36,47,2018-11-25,100.0,,92.0,100.0,100.0,100.0
TN,2019,2,13,2019-03-31,0.0,,0.0,0.0,0.0,0.0
TN,2019,3,14,2019-04-07,0.0,,0.0,0.0,0.0,0.0
TN,2019,4,15,2019-04-14,0.0,,0.0,0.0,0.0,0.0
TN,2019,5,16,2019-04-21,0.0,,0.0,1.0,0.0,0.0
TN,2019,6,17,2019-04-28,0.0,,0.0,1.0,0.0,0.0
TN,2019,7,18,2019-05-05,0.0,,0.0,12.0,0.0,0.0
TN,2019,8,19,2019-05-12,0.0,,0.0,35.0,0.0,0.0
TN,2019,9,20,2019-05-19,0.0,,0.0,50.0,0.0,1.0
TN,2019,10,21,2019-05-26,0.0,,0.0,75.0,0.0,2.0
TN,2019,11,22,2019-06-02,0.0,,0.0,91.0,0.0,4.0
TN,2019,12,23,2019-06-09,0.0,,0.0,97.0,0.0,15.0
TN,2019,13,24,2019-06-16,0.0,,0.0,99.0,0.0,27.0
TN,2019,14,25,2019-06-23,0.0,,0.0,100.0,0.0,36.0
TN,2019,15,26,2019-06-30,0.0,,0.0,100.0,1.0,45.0
TN,2019,16,27,2019-07-07,0.0,,0.0,100.0,6.0,54.0
TN,2019,17,28,2019-07-14,0.0,,0.0,100.0,13.0,63.0
TN,2019,18,29,2019-07-21,0.0,,0.0,100.0,24.0,79.0
TN,2019,19,30,2019-07-28,0.0,,0.0,100.0,47.0,88.0
TN,2019,20,31,2019-08-04,0.0,,0.0,100.0,65.0,97.0
TN,2019,21,32,2019-08-11,3.0,,0.0,100.0,80.0,97.0
TN,2019,22,33,2019-08-18,4.0,,0.0,100.0,94.0,97.0
TN,2019,23,34,2019-08-25,8.0,,0.0,100.0,97.0,97.0
TN,2019,24,35,2019-09-01,13.0,,0.0,100.0,100.0,97.0
TN,2019,25,36,2019-09-08,27.0,,0.0,100.0,100.0,97.0
TN,2019,26,37,2019-09-15,47.0,,0.0,100.0,100.0,97.0
TN,2019,27,38,2019-09-22,69.0,,6.0,100.0,100.0,97.0
TN,2019,28,39,2019-09-29,82.0,,12.0,100.0,100.0,97.0
TN,2019,29,40,2019-10-06,90.0,,22.0,100.0,100.0,97.0
TN,2019,30,41,2019-10-13,93.0,,35.0,100.0,100.0,97.0
TN,2019,31,42,2019-10-20,97.0,,52.0,100.0,100.0,97.0
TN,2019,32,43,2019-10-27,100.0,,60.0,100.0,100.0,97.0
TN,2019,33,44,2019-11-03,100.0,,67.0,100.0,100.0,97.0
TN,2019,34,45,2019-11-10,100.0,,73.0,100.0,100.0,97.0
TN,2019,35,46,2019-11-17,100.0,,79.0,100.0,100.0,97.0
TN,2019,36,47,2019-11-24,100.0,,88.0,100.0,100.0,97.0
TN,2019,37,48,2019-12-01,100.0,,95.0,100.0,100.0,97.0
TN,2019,38,49,2019-12-08,100.0,,97.0,100.0,100.0,97.0
TN,2020,3,14,2020-04-05,0.0,,0.0,0.0,0.0,0.0
TN,2020,4,15,2020-04-12,0.0,,0.0,0.0,0.0,0.0
TN,2020,5,16,2020-04-19,0.0,,0.0,0.0,0.0,0.0
TN,2020,6,17,2020-04-26,0.0,,0.0,2.0,0.0,0.0
TN,2020,7,18,2020-05-03,0.0,,0.0,4.0,0.0,0.0
TN,2020,8,19,2020-05-10,0.0,,0.0,10.0,0.0,0.0
TN,2020,9,20,2020-05-17,0.0,,0.0,23.0,0.0,0.0
TN,2020,10,21,2020-05-24,0.0,,0.0,47.0,0.0,0.0
TN,2020,11,22,2020-05-31,0.0,,0.0,64.0,0.0,2.0
TN,2020,12,23,2020-06-07,0.0,,0.0,86.0,0.0,5.0
TN,2020,13,24,2020-06-14,0.0,,0.0,93.0,0.0,12.0
TN,2020,14,25,2020-06-21,0.0,,0.0,96.0,0.0,17.0
TN,2020,15,26,2020-06-28,0.0,,0.0,100.0,3.0,29.0
TN,2020,16,27,2020-07-05,0.0,,0.0,100.0,16.0,52.0
TN,2020,17,28,2020-07-12,0.0,,0.0,100.0,20.0,69.0
TN,2020,18,29,2020-07-19,0.0,,0.0,100.0,37.0,80.0
TN,2020,19,30,2020-07-26,0.0,,0.0,100.0,42.0,86.0
TN,2020,20,31,2020-08-02,0.0,,0.0,100.0,67.0,90.0
TN,2020,21,32,2020-08-09,0.0,,0.0,100.0,79.0,94.0
TN,2020,22,33,2020-08-16,0.0,,0.0,100.0,88.0,98.0
TN,2020,23,34,2020-08-23,2.0,,0.0,100.0,95.0,98.0
TN,2020,24,35,2020-08-30,9.0,,0.0,100.0,97.0,98.0
TN,2020,25,36,2020-09-06,15.0,,0.0,100.0,100.0,98.0
TN,2020,26,37,2020-09-13,29.0,,0.0,100.0,100.0,98.0
TN,2020,27,38,2020-09-20,50.0,,1.0,100.0,100.0,98.0
TN,2020,28,39,2020-09-27,66.0,,2.0,100.0,100.0,98.0
TN,2020,29,40,2020-10-04,85.0,,7.0,100.0,100.0,98.0
TN,2020,30,41,2020-10-11,91.0,,18.0,100.0,100.0,98.0
TN,2020,31,42,2020-10-18,95.0,,32.0,100.0,100.0,98.0
TN,2020,32,43,2020-10-25,98.0,,46.0,100.0,100.0,98.0
TN,2020,33,44,2020-11-01,100.0,,52.0,100.0,100.0,98.0
TN,2020,34,45,2020-11-08,100.0,,64.0,100.0,100.0,98.0
TN,2020,35,46,2020-11-15,100.0,,78.0,100.0,100.0,98.0
TN,2020,36,47,2020-11-22,100.0,,90.0,100.0,100.0,98.0
TN,2020,37,48,2020-11-29,100.0,,96.0,100.0,100.0,98.0
TN,2021,2,13,2021-04-04,0.0,,0.0,0.0,0.0,0.0
TN,2021,3,14,2021-04-11,0.0,,0.0,0.0,0.0,0.0
TN,2021,4,15,2021-04-18,0.0,,0.0,0.0,0.0,0.0
TN,2021,5,16,2021-04-25,0.0,,0.0,1.0,0.0,0.0
TN,2021,6,17,2021-05-02,0.0,,0.0,2.0,0.0,0.0
TN,2021,7,18,2021-05-09,0.0,,0.0,3.0,0.0,0.0
TN,2021,8,19,2021-05-16,0.0,,0.0,24.0,0.0,0.0
TN,2021,9,20,2021-05-23,0.0,,0.0,70.0,0.0,0.0
TN,2021,10,21,2021-05-30,0.0,,0.0,92.0,0.0,3.0
TN,2021,11,22,2021-06-06,0.0,,0.0,96.0,0.0,8.0
TN,2021,12,23,2021-06-13,0.0,,0.0,97.0,0.0,19.0
TN,2021,13,24,2021-06-20,0.0,,0.0,97.0,0.0,26.0
TN,2021,14,25,2021-06-27,0.0,,0.0,99.0,1.0,31.0
TN,2021,15,26,2021-07-04,0.0,,0.0,99.0,3.0,46.0
TN,2021,16,27,2021-07-11,0.0,,0.0,99.0,8.0,58.0
TN,2021,17,28,2021-07-18,0.0,,0.0,99.0,19.0,71.0
TN,2021,18,29,2021-07-25,0.0,,0.0,99.0,33.0,79.0
TN,2021,19,30,2021-08-01,0.0,,0.0,99.0,51.0,87.0
TN,2021,20,31,2021-08-08,0.0,,0.0,99.0,65.0,93.0
TN,2021,21,32,2021-08-15,3.0,,0.0,99.0,75.0,95.0
TN,2021,22,33,2021-08-22,4.0,,0.0,99.0,93.0,100.0
TN,2021,23,34,2021-08-29,5.0,,0.0,99.0,96.0,100.0
TN,2021,24,35,2021-09-05,7.0,,0.0,99.0,100.0,100.0
TN,2021,25,36,2021-09-12,11.0,,0.0,99.0,100.0,100.0
TN,2021,26,37,2021-09-19,20.0,,0.0,99.0,100.0,100.0
TN,2021,27,38,2021-09-26,40.0,,0.0,99.0,100.0,100.0
TN,2021,28,39,2021-10-03,55.0,,1.0,99.0,100.0,100.0
TN,2021,29,40,2021-10-10,75.0,,2.0,99.0,100.0,100.0
TN,2021,30,41,2021-10-17,85.0,,15.0,99.0,100.0,100.0
TN,2021,31,42,2021-10-24,89.0,,25.0,99.0,100.0,100.0
TN,2021,32,43,2021-10-31,94.0,,42.0,99.0,100.0,100.0
TN,2021,33,44,2021-11-07,99.0,,54.0,99.0,100.0,100.0
TN,2021,34,45,2021-11-14,99.0,,72.0,99.0,100.0,100.0
TN,2021,35,46,2021-11-21,99.0,,83.0,99.0,100.0,100.0
TN,2021,36,47,2021-11-28,99.0,,93.0,99.0,100.0,100.0
TN,2022,2,13,2022-04-03,0.0,,0.0,0.0,0.0,0.0
TN,2022,3,14,2022-04-10,0.0,,0.0,0.0,0.0,0.0
TN,2022,4,15,2022-04-17,0.0,,0.0,0.0,0.0,0.0
TN,2022,5,16,2022-04-24,0.0,,0.0,0.0,0.0,0.0
TN,2022,6,17,2022-05-01,0.0,,0.0,3.0,0.0,0.0
TN,2022,7,18,2022-05-08,0.0,,0.0,13.0,0.0,0.0
TN,2022,8,19,2022-05-15,0.0,,0.0,49.0,0.0,0.0
TN,2022,9,20,2022-05-22,0.0,,0.0,78.0,0.0,0.0
TN,2022,10,21,2022-05-29,0.0,,0.0,85.0,0.0,6.0
TN,2022,11,22,2022-06-05,0.0,,0.0,94.0,0.0,12.0
TN,2022,12,23,2022-06-12,0.0,,0.0,97.0,0.0,14.0
TN,2022,13,24,2022-06-19,0.0,,0.0,98.0,1.0,25.0
TN,2022,14,25,2022-06-26,0.0,,0.0,98.0,3.0,33.0
TN,2022,15,26,2022-07-03,0.0,,0.0,98.0,10.0,43.0
TN,2022,16,27,2022-07-10,0.0,,0.0,98.0,22.0,65.0
TN,2022,17,28,2022-07-17,0.0,,0.0,98.0,35.0,81.0
TN,2022,18,29,2022-07-24,0.0,,0.0,98.0,51.0,84.0
TN,2022,19,30,2022-07-31,0.0,,0.0,98.0,66.0,96.0
TN,2022,20,31,2022-08-07,1.0,,0.0,98.0,82.0,98.0
TN,2022,21,32,2022-08-14,4.0,,0.0,98.0,91.0,98.0
TN,2022,22,33,2022-08-21,7.0,,0.0,98.0,95.0,98.0
TN,2022,23,34,2022-08-28,13.0,,0.0,98.0,97.0,98.0
TN,2022,24,35,2022-09-04,26.0,,0.0,98.0,100.0,98.0
TN,2022,25,36,2022-09-11,30.0,,0.0,98.0,100.0,98.0
TN,2022,26,37,2022-09-18,46.0,,1.0,98.0,100.0,98.0
TN,2022,27,38,2022-09-25,57.0,,2.0,98.0,100.0,98.0
TN,2022,28,39,2022-10-02,69.0,,6.0,98.0,100.0,98.0
TN,2022,29,40,2022-10-09,80.0,,13.0,98.0,100.0,98.0
TN,2022,30,41,2022-10-16,93.0,,32.0,98.0,100.0,98.0
TN,2022,31,42,2022-10-23,96.0,,51.0,98.0,100.0,98.0
TN,2022,32,43,2022-10-30,99.0,,65.0,98.0,100.0,98.0
TN,2022,33,44,2022-11-06,99.0,,74.0,98.0,100.0,98.0
TN,2022,34,45,2022-11-13,99.0,,83.0,98.0,100.0,98.0
TN,2022,35,46,2022-11-20,99.0,,90.0,98.0,100.0,98.0
TN,2022,36,47,2022-11-27,99.0,,95.0,98.0,100.0,98.0
TN,2023,2,13,2023-04-02,0.0,,0.0,0.0,0.0,0.0
TN,2023,3,14,2023-04-09,0.0,,0.0,0.0,0.0,0.0
TN,2023,4,15,2023-04-16,0.0,,0.0,1.0,0.0,0.0
TN,2023,5,16,2023-04-23,0.0,,0.0,3.0,0.0,0.0
TN,2023,6,17,2023-04-30,0.0,,0.0,5.0,0.0,0.0
TN,2023,7,18,2023-05-07,0.0,,0.0,15.0,0.0,0.0
TN,2023,8,19,2023-05-14,0.0,,0.0,42.0,0.0,0.0
TN,2023,9,20,2023-05-21,0.0,,0.0,62.0,0.0,1.0
TN,2023,10,21,2023-05-28,0.0,,0.0,85.0,0.0,2.0
TN,2023,11,22,2023-06-04,0.0,,0.0,96.0,0.0,4.0
TN,2023,12,23,2023-06-11,0.0,,0.0,98.0,0.0,10.0
TN,2023,13,24,2023-06-18,0.0,,0.0,99.0,1.0,23.0
TN,2023,14,25,2023-06-25,0.0,,0.0,100.0,6.0,33.0
TN,2023,15,26,2023-07-02,0.0,,0.0,100.0,15.0,55.0
TN,2023,16,27,2023-07-09,0.0,,0.0,100.0,26.0,80.0
TN,2023,17,28,2023-07-16,0.0,,0.0,100.0,30.0,83.0
TN,2023,18,29,2023-07-23,0.0,,0.0,100.0,43.0,89.0
TN,2023,19,30,2023-07-30,1.0,,0.0,100.0,64.0,93.0
TN,2023,20,31,2023-08-06,3.0,,0.0,100.0,73.0,94.0
TN,2023,21,32,2023-08-13,4.0,,0.0,100.0,83.0,96.0
TN,2023,22,33,2023-08-20,8.0,,0.0,100.0,96.0,96.0
TN,2023,23,34,2023-08-27,13.0,,0.0,100.0,98.0,96.0
TN,2023,24,35,2023-09-03,18.0,,0.0,100.0,99.0,96.0
TN,2023,25,36,2023-09-10,30.0,,1.0,100.0,100.0,96.0
TN,2023,26,37,2023-09-17,42.0,,2.0,100.0,100.0,96.0
TN,2023,27,38,2023-09-24,65.0,,3.0,100.0,100.0,96.0
TN,2023,28,39,2023-10-01,77.0,,5.0,100.0,100.0,96.0
TN,2023,29,40,2023-10-08,85.0,,15.0,100.0,100.0,96.0
TN,2023,30,41,2023-10-15,91.0,,25.0,100.0,100.0,96.0
TN,2023,31,42,2023-10-22,96.0,,43.0,100.0,100.0,96.0
TN,2023,32,43,2023-10-29,98.0,,62.0,100.0,100.0,96.0
TN,2023,33,44,2023-11-05,99.0,,76.0,100.0,100.0,96.0
TN,2023,34,45,2023-11-12,99.0,,86.0,100.0,100.0,96.0
TN,2023,35,46,2023-11-19,99.0,,95.0,100.0,100.0,96.0
TN,2023,36,47,2023-11-26,99.0,,96.0,100.0,100.0,96.0
TN,2024,2,13,2024-03-31,0.0,,0.0,0.0,0.0,0.0
TN,2024,3,14,2024-04-07,0.0,,0.0,0.0,0.0,0.0
TN,2024,4,15,2024-04-14,0.0,,0.0,0.0,0.0,0.0
TN,2024,5,16,2024-04-21,0.0,,0.0,1.0,0.0,0.0
TN,2024,6,17,2024-04-28,0.0,,0.0,5.0,0.0,0.0
TN,2024,7,18,2024-05-05,0.0,,0.0,16.0,0.0,0.0
TN,2024,8,19,2024-05-12,0.0,,0.0,28.0,0.0,0.0
TN,2024,9,20,2024-05-19,0.0,,0.0,52.0,0.0,1.0
TN,2024,10,21,2024-05-26,0.0,,0.0,68.0,0.0,2.0
TN,2024,11,22,2024-06-02,0.0,,0.0,83.0,0.0,7.0
TN,2024,12,23,2024-06-09,0.0,,0.0,92.0,0.0,13.0
TN,2024,13,24,2024-06-16,0.0,,0.0,96.0,0.0,27.0
TN,2024,14,25,2024-06-23,0.0,,0.0,99.0,2.0,40.0
TN,2024,15,26,2024-06-30,0.0,,0.0,100.0,9.0,55.0
TN,2024,16,27,2024-07-07,0.0,,0.0,100.0,16.0,70.0
TN,2024,17,28,2024-07-14,0.0,,0.0,100.0,32.0,84.0
TN,2024,18,29,2024-07-21,0.0,,0.0,100.0,52.0,87.0
TN,2024,19,30,2024-07-28,1.0,,0.0,100.0,64.0,94.0
TN,2024,20,31,2024-08-04,2.0,,0.0,100.0,74.0,97.0
TN,2024,21,32,2024-08-11,4.0,,0.0,100.0,86.0,99.0
TN,2024,22,33,2024-08-18,8.0,,0.0,100.0,94.0,99.0
TN,2024,23,34,2024-08-25,22.0,,0.0,100.0,96.0,99.0
TN,2024,24,35,2024-09-01,37.0,,0.0,100.0,100.0,99.0
TN,2024,25,36,2024-09-08,57.0,,0.0,100.0,100.0,99.0
TN,2024,26,37,2024-09-15,67.0,,1.0,100.0,100.0,99.0
TN,2024,27,38,2024-09-22,78.0,,3.0,100.0,100.0,99.0
TN,2024,28,39,2024-09-29,85.0,,10.0,100.0,100.0,99.0
TN,2024,29,40,2024-10-06,91.0,,19.0,100.0,100.0,99.0
TN,2024,30,41,2024-10-13,95.0,,35.0,100.0,100.0,99.0
TN,2024,31,42,2024-10-20,97.0,,53.0,100.0,100.0,99.0
TN,2024,32,43,2024-10-27,99.0,,66.0,100.0,100.0,99.0
TN,2024,33,44,2024-11-03,99.0,,78.0,100.0,100.0,99.0
TN,2024,34,45,2024-11-10,99.0,,85.0,100.0,100.0,99.0
TN,2024,35,46,2024-11-17,99.0,,89.0,100.0,100.0,99.0
TN,2024,36,47,2024-11-24,99.0,,95.0,100.0,100.0,99.0
TN,2025,3,14,2025-04-06,0.0,,0.0,0.0,0.0,0.0
TN,2025,4,15,2025-04-13,0.0,,0.0,1.0,0.0,0.0
TN,2025,5,16,2025-04-20,0.0,,0.0,2.0,0.0,0.0
TN,2025,6,17,2025-04-27,0.0,,0.0,6.0,0.0,0.0
TN,2025,7,18,2025-05-04,0.0,,0.0,13.0,0.0,0.0
TN,2025,8,19,2025-05-11,0.0,,0.0,29.0,0.0,0.0
TN,2025,9,20,2025-05-18,0.0,,0.0,49.0,0.0,0.0
TN,2025,10,21,2025-05-25,0.0,,0.0,67.0,0.0,1.0
TN,2025,11,22,2025-06-01,0.0,,0.0,81.0,0.0,4.0
TN,2025,12,23,2025-06-08,0.0,,0.0,85.0,0.0,7.0
TN,2025,13,24,2025-06-15,0.0,,0.0,87.0,0.0,10.0
TN,2025,14,25,2025-06-22,0.0,,0.0,91.0,1.0,19.0
TN,2025,15,26,2025-06-29,0.0,,0.0,92.0,1.0,37.0
TN,2025,16,27,2025-07-06,0.0,,0.0,92.0,7.0,57.0
TN,2025,17,28,2025-07-13,0.0,,0.0,95.0,18.0,62.0
TN,2025,18,29,2025-07-20,0.0,,0.0,95.0,32.0,69.0
TN,2025,19,30,2025-07-27,0.0,,0.0,95.0,45.0,72.0
TN,2025,20,31,2025-08-03,0.0,,0.0,95.0,58.0,81.0
TN,2025,21,32,2025-08-10,1.0,,0.0,95.0,67.0,83.0
TN,2025,22,33,2025-08-17,2.0,,0.0,95.0,85.0,99.0
TN,2025,23,34,2025-08-24,20.0,,0.0,95.0,91.0,99.0
TN,2025,24,35,2025-08-31,32.0,,0.0,95.0,95.0,99.0
TN,2025,25,36,2025-09-07,42.0,,0.0,95.0,98.0,99.0
TN,2025,26,37,2025-09-14,66.0,,1.0,95.0,98.0,99.0
TN,2025,27,38,2025-09-21,77.0,,2.0,95.0,98.0,99.0
TN,2025,28,39,2025-09-28,84.0,,7.0,95.0,98.0,99.0
TN,2025,35,46,2025-11-16,84.0,,90.0,95.0,98.0,99.0
TN,2025,36,47,2025-11-23,84.0,,92.0,95.0,98.0,99.0
TX,2016,1,12,2016-03-27,0.0,,0.0,2.0,0.0,0.0
TX,2016,2,13,2016-04-03,0.0,,0.0,5.0,0.0,0.0
TX,2016,3,14,2016-04-10,0.0,,0.0,8.0,0.0,0.0
TX,2016,4,15,2016-04-17,0.0,,0.0,10.0,0.0,0.0
TX,2016,5,16,2016-04-24,0.0,,0.0,11.0,0.0,0.0
TX,2016,6,17,2016-05-01,0.0,,0.0,13.0,0.0,1.0
TX,2016,7,18,2016-05-08,0.0,,0.0,18.0,0.0,4.0
TX,2016,8,19,2016-05-15,0.0,,0.0,30.0,0.0,5.0
TX,2016,9,20,2016-05-22,0.0,,0.0,31.0,0.0,6.0
TX,2016,10,21,2016-05-29,0.0,,0.0,44.0,0.0,7.0
TX,2016,11,22,2016-06-05,0.0,,0.0,65.0,0.0,8.0
TX,2016,12,23,2016-06-12,0.0,,0.0,86.0,1.0,10.0
TX,2016,13,24,2016-06-19,0.0,,0.0,94.0,4.0,15.0
TX,2016,14,25,2016-06-26,0.0,,0.0,98.0,8.0,17.0
TX,2016,15,26,2016-07-03,0.0,,0.0,98.0,9.0,27.0
TX,2016,16,27,2016-07-10,1.0,,0.0,98.0,13.0,43.0
TX,2016,17,28,2016-07-17,5.0,,0.0,98.0,18.0,71.0
TX,2016,18,29,2016-07-24,6.0,,0.0,98.0,36.0,82.0
TX,2016,19,30,2016-07-31,9.0,,0.0,98.0,42.0,90.0
TX,2016,20,31,2016-08-07,13.0,,2.0,98.0,62.0,96.0
TX,2016,21,32,2016-08-14,15.0,,3.0,98.0,88.0,96.0
TX,2016,22,33,2016-08-21,17.0,,4.0,98.0,92.0,96.0
TX,2016,23,34,2016-08-28,22.0,,6.0,98.0,95.0,96.0
TX,2016,24,35,2016-09-04,28.0,,7.0,98.0,95.0,96.0
TX,2016,25,36,2016-09-11,29.0,,8.0,98.0,95.0,96.0
TX,2016,26,37,2016-09-18,31.0,,9.0,98.0,95.0,96.0
TX,2016,27,38,2016-09-25,49.0,,11.0,98.0,95.0,96.0
TX,2016,28,39,2016-10-02,59.0,,17.0,98.0,95.0,96.0
TX,2016,29,40,2016-10-09,70.0,,19.0,98.0,95.0,96.0
TX,2016,30,41,2016-10-16,84.0,,22.0,98.0,95.0,96.0
TX,2016,31,42,2016-10-23,90.0,,28.0,98.0,95.0,96.0
TX,2016,32,43,2016-10-30,93.0,,30.0,98.0,95.0,96.0
TX,2016,33,44,2016-11-06,96.0,,39.0,98.0,95.0,96.0
TX,2016,34,45,2016-11-13,96.0,,41.0,98.0,95.0,96.0
TX,2016,35,46,2016-11-20,96.0,,47.0,98.0,95.0,96.0
TX,2016,36,47,2016-11-27,96.0,,62.0,98.0,95.0,96.0
TX,2017,1,12,2017-03-26,0.0,,0.0,3.0,0.0,0.0
TX,2017,2,13,2017-04-02,0.0,,0.0,7.0,0.0,0.0
TX,2017,3,14,2017-04-09,0.0,,0.0,10.0,0.0,0.0
TX,2017,4,15,2017-04-16,0.0,,0.0,11.0,0.0,0.0
TX,2017,5,16,2017-04-23,0.0,,0.0,12.0,0.0,0.0
TX,2017,6,17,2017-04-30,0.0,,0.0,13.0,0.0,0.0
TX,2017,7,18,2017-05-07,0.0,,0.0,16.0,0.0,3.0
TX,2017,8,19,2017-05-14,0.0,,0.0,24.0,0.0,6.0
TX,2017,9,20,2017-05-21,0.0,,0.0,42.0,0.0,8.0
TX,2017,10,21,2017-05-28,0.0,,0.0,52.0,0.0,11.0
TX,2017,11,22,2017-06-04,0.0,,0.0,73.0,0.0,13.0
TX,2017,12,23,2017-06-11,0.0,,0.0,89.0,3.0,14.0
TX,2017,13,24,2017-06-18,0.0,,0.0,91.0,6.0,17.0
TX,2017,14,25,2017-06-25,0.0,,0.0,97.0,9.0,29.0
TX,2017,15,26,2017-07-02,0.0,,0.0,97.0,15.0,35.0
TX,2017,16,27,2017-07-09,3.0,,0.0,97.0,18.0,55.0
TX,2017,17,28,2017-07-16,4.0,,0.0,97.0,20.0,65.0
TX,2017,18,29,2017-07-23,8.0,,0.0,97.0,26.0,70.0
TX,2017,19,30,2017-07-30,11.0,,0.0,97.0,33.0,83.0
TX,2017,20,31,2017-08-06,12.0,,1.0,97.0,45.0,90.0
TX,2017,21,32,2017-08-13,13.0,,3.0,97.0,75.0,97.0
TX,2017,22,33,2017-08-20,14.0,,9.0,97.0,86.0,97.0
TX,2017,23,34,2017-08-27,17.0,,12.0,97.0,91.0,97.0
TX,2017,24,35,2017-09-03,21.0,,15.0,97.0,95.0,97.0
TX,2017,25,36,2017-09-10,26.0,,16.0,97.0,95.0,97.0
TX,2017,26,37,2017-09-17,31.0,,18.0,97.0,95.0,97.0
TX,2017,27,38,2017-09-24,45.0,,21.0,97.0,95.0,97.0
TX,2017,28,39,2017-10-01,56.0,,22.0,97.0,95.0,97.0
TX,2017,29,40,2017-10-08,60.0,,27.0,97.0,95.0,97.0
TX,2017,30,41,2017-10-15,73.0,,30.0,97.0,95.0,97.0
TX,2017,31,42,2017-10-22,80.0,,31.0,97.0,95.0,97.0
TX,2017,32,43,2017-10-29,90.0,,37.0,97.0,95.0,97.0
TX,2017,33,44,2017-11-05,93.0,,44.0,97.0,95.0,97.0
TX,2017,34,45,2017-11-12,95.0,,55.0,97.0,95.0,97.0
TX,2017,35,46,2017-11-19,95.0,,67.0,97.0,95.0,97.0
TX,2017,36,47,2017-11-26,95.0,,71.0,97.0,95.0,97.0
TX,2018,1,12,2018-03-25,0.0,,0.0,8.0,0.0,0.0
TX,2018,2,13,2018-04-01,0.0,,0.0,11.0,0.0,0.0
TX,2018,3,14,2018-04-08,0.0,,0.0,12.0,0.0,0.0
TX,2018,4,15,2018-04-15,0.0,,0.0,13.0,0.0,0.0
TX,2018,5,16,2018-04-22,0.0,,0.0,14.0,0.0,0.0
TX,2018,6,17,2018-04-29,0.0,,0.0,15.0,0.0,0.0
TX,2018,7,18,2018-05-06,0.0,,0.0,19.0,0.0,1.0
TX,2018,8,19,2018-05-13,0.0,,0.0,28.0,0.0,2.0
TX,2018,9,20,2018-05-20,0.0,,0.0,43.0,0.0,8.0
TX,2018,10,21,2018-05-27,0.0,,0.0,51.0,0.0,11.0
TX,2018,11,22,2018-06-03,0.0,,0.0,70.0,0.0,12.0
TX,2018,12,23,2018-06-10,0.0,,0.0,88.0,2.0,14.0
TX,2018,13,24,2018-06-17,0.0,,0.0,95.0,8.0,18.0
TX,2018,14,25,2018-06-24,0.0,,0.0,95.0,10.0,23.0
TX,2018,15,26,2018-07-01,0.0,,0.0,95.0,13.0,31.0
TX,2018,16,27,2018-07-08,3.0,,0.0,95.0,18.0,51.0
TX,2018,17,28,2018-07-15,7.0,,0.0,95.0,23.0,66.0
TX,2018,18,29,2018-07-22,10.0,,0.0,95.0,29.0,71.0
TX,2018,19,30,2018-07-29,11.0,,0.0,95.0,35.0,84.0
TX,2018,20,31,2018-08-05,14.0,,2.0,95.0,47.0,90.0
TX,2018,21,32,2018-08-12,17.0,,6.0,95.0,71.0,95.0
TX,2018,22,33,2018-08-19,19.0,,8.0,95.0,82.0,95.0
TX,2018,23,34,2018-08-26,20.0,,9.0,95.0,88.0,95.0
TX,2018,24,35,2018-09-02,23.0,,11.0,95.0,96.0,95.0
TX,2018,25,36,2018-09-09,30.0,,18.0,95.0,96.0,95.0
TX,2018,26,37,2018-09-16,37.0,,22.0,95.0,96.0,95.0
TX,2018,27,38,2018-09-23,45.0,,23.0,95.0,96.0,95.0
TX,2018,28,39,2018-09-30,56.0,,25.0,95.0,96.0,95.0
TX,2018,29,40,2018-10-07,70.0,,28.0,95.0,96.0,95.0
TX,2018,30,41,2018-10-14,79.0,,30.0,95.0,96.0,95.0
TX,2018,31,42,2018-10-21,83.0,,35.0,95.0,96.0,95.0
TX,2018,32,43,2018-10-28,86.0,,36.0,95.0,96.0,95.0
TX,2018,33,44,2018-11-04,90.0,,38.0,95.0,96.0,95.0
TX,2018,34,45,2018-11-11,93.0,,42.0,95.0,96.0,95.0
TX,2018,35,46,2018-11-18,95.0,,47.0,95.0,96.0,95.0
TX,2018,36,47,2018-11-25,95.0,,60.0,95.0,96.0,95.0
TX,2019,1,12,2019-03-24,0.0,,0.0,3.0,0.0,0.0
TX,2019,2,13,2019-03-31,0.0,,0.0,7.0,0.0,0.0
TX,2019,3,14,2019-04-07,0.0,,0.0,9.0,0.0,0.0
TX,2019,4,15,2019-04-14,0.0,,0.0,11.0,0.0,0.0
TX,2019,5,16,2019-04-21,0.0,,0.0,12.0,0.0,0.0
TX,2019,6,17,2019-04-28,0.0,,0.0,13.0,0.0,0.0
TX,2019,7,18,2019-05-05,0.0,,0.0,16.0,0.0,1.0
TX,2019,8,19,2019-05-12,0.0,,0.0,19.0,0.0,3.0
TX,2019,9,20,2019-05-19,0.0,,0.0,39.0,0.0,6.0
TX,2019,10,21,2019-05-26,0.0,,0.0,48.0,0.0,7.0
TX,2019,11,22,2019-06-02,0.0,,0.0,64.0,0.0,11.0
TX,2019,12,23,2019-06-09,0.0,,0.0,67.0,0.0,13.0
TX,2019,13,24,2019-06-16,0.0,,0.0,86.0,0.0,17.0
TX,2019,14,25,2019-06-23,0.0,,0.0,95.0,4.0,27.0
TX,2019,15,26,2019-06-30,0.0,,0.0,95.0,7.0,29.0
TX,2019,16,27,2019-07-07,0.0,,0.0,95.0,10.0,37.0
TX,2019,17,28,2019-07-14,0.0,,0.0,95.0,12.0,52.0
TX,2019,18,29,2019-07-21,5.0,,0.0,95.0,24.0,74.0
TX,2019,19,30,2019-07-28,10.0,,0.0,95.0,34.0,83.0
TX,2019,20,31,2019-08-04,14.0,,0.0,95.0,50.0,94.0
TX,2019,21,32,2019-08-11,31.0,,0.0,95.0,72.0,96.0
TX,2019,22,33,2019-08-18,32.0,,4.0,95.0,80.0,96.0
TX,2019,23,34,2019-08-25,34.0,,9.0,95.0,85.0,96.0
TX,2019,24,35,2019-09-01,38.0,,12.0,95.0,96.0,96.0
TX,2019,25,36,2019-09-08,39.0,,13.0,95.0,96.0,96.0
TX,2019,26,37,2019-09-15,47.0,,15.0,95.0,96.0,96.0
TX,2019,27,38,2019-09-22,56.0,,16.0,95.0,96.0,96.0
TX,2019,28,39,2019-09-29,71.0,,18.0,95.0,96.0,96.0
TX,2019,29,40,2019-10-06,77.0,,25.0,95.0,96.0,96.0
TX,2019,30,41,2019-10-13,81.0,,27.0,95.0,96.0,96.0
TX,2019,31,42,2019-10-20,90.0,,32.0,95.0,96.0,96.0
TX,2019,32,43,2019-10-27,93.0,,36.0,95.0,96.0,96.0
TX,2019,33,44,2019-11-03,95.0,,42.0,95.0,96.0,96.0
TX,2019,34,45,2019-11-10,95.0,,50.0,95.0,96.0,96.0
TX,2019,35,46,2019-11-17,95.0,,56.0,95.0,96.0,96.0
TX,2019,36,47,2019-11-24,95.0,,68.0,95.0,96.0,96.0
TX,2019,37,48,2019-12-01,95.0,,74.0,95.0,96.0,96.0
TX,2019,38,49,2019-12-08,95.0,,82.0,95.0,96.0,96.0
TX,2020,2,13,2020-03-29,0.0,,0.0,5.0,0.0,0.0
TX,2020,3,14,2020-04-05,0.0,,0.0,12.0,0.0,0.0
TX,2020,4,15,2020-04-12,0.0,,0.0,15.0,0.0,0.0
TX,2020,5,16,2020-04-19,0.0,,0.0,17.0,0.0,0.0
TX,2020,6,17,2020-04-26,0.0,,0.0,18.0,0.0,0.0
TX,2020,7,18,2020-05-03,0.0,,0.0,21.0,0.0,0.0
TX,2020,8,19,2020-05-10,0.0,,0.0,37.0,0.0,1.0
TX,2020,9,20,2020-05-17,0.0,,0.0,46.0,0.0,8.0
TX,2020,10,21,2020-05-24,0.0,,0.0,50.0,0.0,11.0
TX,2020,11,22,2020-05-31,0.0,,0.0,63.0,0.0,13.0
TX,2020,12,23,2020-06-07,0.0,,0.0,74.0,0.0,17.0
TX,2020,13,24,2020-06-14,0.0,,0.0,87.0,7.0,18.0
TX,2020,14,25,2020-06-21,0.0,,0.0,95.0,10.0,27.0
TX,2020,15,26,2020-06-28,0.0,,0.0,95.0,13.0,30.0
TX,2020,16,27,2020-07-05,0.0,,0.0,95.0,14.0,40.0
TX,2020,17,28,2020-07-12,0.0,,0.0,95.0,16.0,58.0
TX,2020,18,29,2020-07-19,0.0,,0.0,95.0,21.0,68.0
TX,2020,19,30,2020-07-26,0.0,,0.0,95.0,34.0,83.0
TX,2020,20,31,2020-08-02,10.0,,0.0,95.0,45.0,90.0
TX,2020,21,32,2020-08-09,13.0,,0.0,95.0,66.0,96.0
TX,2020,22,33,2020-08-16,19.0,,0.0,95.0,77.0,98.0
TX,2020,23,34,2020-08-23,27.0,,0.0,95.0,86.0,98.0
TX,2020,24,35,2020-08-30,33.0,,0.0,95.0,92.0,98.0
TX,2020,25,36,2020-09-06,39.0,,0.0,95.0,95.0,98.0
TX,2020,26,37,2020-09-13,45.0,,13.0,95.0,95.0,98.0
TX,2020,27,38,2020-09-20,53.0,,20.0,95.0,95.0,98.0
TX,2020,28,39,2020-09-27,60.0,,22.0,95.0,95.0,98.0
TX,2020,29,40,2020-10-04,83.0,,26.0,95.0,95.0,98.0
TX,2020,30,41,2020-10-11,89.0,,35.0,95.0,95.0,98.0
TX,2020,31,42,2020-10-18,92.0,,42.0,95.0,95.0,98.0
TX,2020,32,43,2020-10-25,94.0,,48.0,95.0,95.0,98.0
TX,2020,33,44,2020-11-01,97.0,,58.0,95.0,95.0,98.0
TX,2020,34,45,2020-11-08,97.0,,62.0,95.0,95.0,98.0
TX,2020,35,46,2020-11-15,97.0,,68.0,95.0,95.0,98.0
TX,2020,36,47,2020-11-22,97.0,,74.0,95.0,95.0,98.0
TX,2020,37,48,2020-11-29,97.0,,82.0,95.0,95.0,98.0
TX,2021,1,12,2021-03-28,0.0,,0.0,6.0,0.0,0.0
TX,2021,2,13,2021-04-04,0.0,,0.0,10.0,0.0,0.0
TX,2021,3,14,2021-04-11,0.0,,0.0,13.0,0.0,0.0
TX,2021,4,15,2021-04-18,0.0,,0.0,16.0,0.0,0.0
TX,2021,5,16,2021-04-25,0.0,,0.0,17.0,0.0,0.0
TX,2021,6,17,2021-05-02,0.0,,0.0,19.0,0.0,0.0
TX,2021,7,18,2021-05-09,0.0,,0.0,25.0,0.0,0.0
TX,2021,8,19,2021-05-16,0.0,,0.0,35.0,0.0,2.0
TX,2021,9,20,2021-05-23,0.0,,0.0,40.0,0.0,5.0
TX,2021,10,21,2021-05-30,0.0,,0.0,54.0,0.0,10.0
TX,2021,11,22,2021-06-06,0.0,,0.0,60.0,0.0,12.0
TX,2021,12,23,2021-06-13,0.0,,0.0,88.0,0.0,14.0
TX,2021,13,24,2021-06-20,0.0,,0.0,96.0,6.0,20.0
TX,2021,14,25,2021-06-27,0.0,,0.0,96.0,10.0,29.0
TX,2021,15,26,2021-07-04,0.0,,0.0,96.0,13.0,34.0
TX,2021,16,27,2021-07-11,0.0,,0.0,96.0,15.0,46.0
TX,2021,17,28,2021-07-18,0.0,,0.0,96.0,17.0,62.0
TX,2021,18,29,2021-07-25,0.0,,0.0,96.0,30.0,73.0
TX,2021,19,30,2021-08-01,0.0,,0.0,96.0,41.0,76.0
TX,2021,20,31,2021-08-08,5.0,,0.0,96.0,55.0,83.0
TX,2021,21,32,2021-08-15,12.0,,0.0,96.0,68.0,90.0
TX,2021,22,33,2021-08-22,15.0,,0.0,96.0,72.0,95.0
TX,2021,23,34,2021-08-29,22.0,,0.0,96.0,81.0,95.0
TX,2021,24,35,2021-09-05,28.0,,0.0,96.0,92.0,95.0
TX,2021,25,36,2021-09-12,33.0,,11.0,96.0,95.0,95.0
TX,2021,26,37,2021-09-19,42.0,,19.0,96.0,95.0,95.0
TX,2021,27,38,2021-09-26,54.0,,21.0,96.0,95.0,95.0
TX,2021,28,39,2021-10-03,64.0,,23.0,96.0,95.0,95.0
TX,2021,29,40,2021-10-10,72.0,,29.0,96.0,95.0,95.0
TX,2021,30,41,2021-10-17,83.0,,35.0,96.0,95.0,95.0
TX,2021,31,42,2021-10-24,89.0,,40.0,96.0,95.0,95.0
TX,2021,32,43,2021-10-31,93.0,,45.0,96.0,95.0,95.0
TX,2021,33,44,2021-11-07,97.0,,51.0,96.0,95.0,95.0
TX,2021,34,45,2021-11-14,97.0,,60.0,96.0,95.0,95.0
TX,2021,35,46,2021-11-21,97.0,,70.0,96.0,95.0,95.0
TX,2021,36,47,2021-11-28,97.0,,82.0,96.0,95.0,95.0
TX,2022,2,13,2022-04-03,0.0,,0.0,6.0,0.0,0.0
TX,2022,3,14,2022-04-10,0.0,,0.0,12.0,0.0,0.0
TX,2022,4,15,2022-04-17,0.0,,0.0,16.0,0.0,0.0
TX,2022,5,16,2022-04-24,0.0,,0.0,19.0,0.0,0.0
TX,2022,6,17,2022-05-01,0.0,,0.0,20.0,0.0,0.0
TX,2022,7,18,2022-05-08,0.0,,0.0,22.0,0.0,0.0
TX,2022,8,19,2022-05-15,0.0,,0.0,30.0,0.0,3.0
TX,2022,9,20,2022-05-22,0.0,,0.0,44.0,0.0,8.0
TX,2022,10,21,2022-05-29,0.0,,0.0,60.0,0.0,12.0
TX,2022,11,22,2022-06-05,0.0,,0.0,82.0,0.0,15.0
TX,2022,12,23,2022-06-12,0.0,,0.0,89.0,0.0,17.0
TX,2022,13,24,2022-06-19,0.0,,0.0,96.0,10.0,23.0
TX,2022,14,25,2022-06-26,0.0,,0.0,96.0,12.0,29.0
TX,2022,15,26,2022-07-03,0.0,,0.0,96.0,15.0,35.0
TX,2022,16,27,2022-07-10,0.0,,0.0,96.0,20.0,46.0
TX,2022,17,28,2022-07-17,0.0,,0.0,96.0,25.0,68.0
TX,2022,18,29,2022-07-24,0.0,,0.0,96.0,45.0,75.0
TX,2022,19,30,2022-07-31,7.0,,0.0,96.0,51.0,86.0
TX,2022,20,31,2022-08-07,14.0,,0.0,96.0,63.0,94.0
TX,2022,21,32,2022-08-14,21.0,,0.0,96.0,76.0,96.0
TX,2022,22,33,2022-08-21,25.0,,0.0,96.0,85.0,96.0
TX,2022,23,34,2022-08-28,35.0,,0.0,96.0,92.0,96.0
TX,2022,24,35,2022-09-04,41.0,,11.0,96.0,96.0,96.0
TX,2022,25,36,2022-09-11,50.0,,17.0,96.0,96.0,96.0
TX,2022,26,37,2022-09-18,55.0,,20.0,96.0,96.0,96.0
TX,2022,27,38,2022-09-25,62.0,,25.0,96.0,96.0,96.0
TX,2022,28,39,2022-10-02,70.0,,31.0,96.0,96.0,96.0
TX,2022,29,40,2022-10-09,78.0,,35.0,96.0,96.0,96.0
TX,2022,30,41,2022-10-16,85.0,,40.0,96.0,96.0,96.0
TX,2022,31,42,2022-10-23,88.0,,41.0,96.0,96.0,96.0
TX,2022,32,43,2022-10-30,95.0,,48.0,96.0,96.0,96.0
TX,2022,33,44,2022-11-06,100.0,,51.0,96.0,96.0,96.0
TX,2022,34,45,2022-11-13,100.0,,61.0,96.0,96.0,96.0
TX,2022,35,46,2022-11-20,100.0,,71.0,96.0,96.0,96.0
TX,2022,36,47,2022-11-27,100.0,,77.0,96.0,96.0,96.0
TX,2023,2,13,2023-04-02,0.0,,0.0,7.0,0.0,0.0
TX,2023,3,14,2023-04-09,0.0,,0.0,11.0,0.0,0.0
TX,2023,4,15,2023-04-16,0.0,,0.0,13.0,0.0,0.0
TX,2023,5,16,2023-04-23,0.0,,0.0,18.0,0.0,0.0
TX,2023,6,17,2023-04-30,0.0,,0.0,20.0,0.0,0.0
TX,2023,7,18,2023-05-07,0.0,,0.0,23.0,0.0,0.0
TX,2023,8,19,2023-05-14,0.0,,0.0,30.0,0.0,0.0
TX,2023,9,20,2023-05-21,0.0,,0.0,35.0,0.0,0.0
TX,2023,10,21,2023-05-28,0.0,,0.0,50.0,0.0,5.0
TX,2023,11,22,2023-06-04,0.0,,0.0,60.0,0.0,8.0
TX,2023,12,23,2023-06-11,0.0,,0.0,72.0,0.0,12.0
TX,2023,13,24,2023-06-18,0.0,,0.0,84.0,5.0,17.0
TX,2023,14,25,2023-06-25,0.0,,0.0,93.0,7.0,22.0
TX,2023,15,26,2023-07-02,0.0,,0.0,96.0,13.0,36.0
TX,2023,16,27,2023-07-09,0.0,,0.0,100.0,18.0,46.0
TX,2023,17,28,2023-07-16,0.0,,0.0,100.0,22.0,56.0
TX,2023,18,29,2023-07-23,0.0,,0.0,100.0,30.0,70.0
TX,2023,19,30,2023-07-30,0.0,,0.0,100.0,35.0,80.0
TX,2023,20,31,2023-08-06,12.0,,0.0,100.0,53.0,90.0
TX,2023,21,32,2023-08-13,18.0,,5.0,100.0,64.0,95.0
TX,2023,22,33,2023-08-20,22.0,,9.0,100.0,74.0,95.0
TX,2023,23,34,2023-08-27,30.0,,13.0,100.0,87.0,95.0
TX,2023,24,35,2023-09-03,33.0,,16.0,100.0,92.0,95.0
TX,2023,25,36,2023-09-10,41.0,,19.0,100.0,98.0,95.0
TX,2023,26,37,2023-09-17,52.0,,20.0,100.0,98.0,95.0
TX,2023,27,38,2023-09-24,59.0,,24.0,100.0,98.0,95.0
TX,2023,28,39,2023-10-01,68.0,,28.0,100.0,98.0,95.0
TX,2023,29,40,2023-10-08,76.0,,32.0,100.0,98.0,95.0
TX,2023,30,41,2023-10-15,82.0,,37.0,100.0,98.0,95.0
TX,2023,31,42,2023-10-22,86.0,,40.0,100.0,98.0,95.0
TX,2023,32,43,2023-10-29,89.0,,43.0,100.0,98.0,95.0
TX,2023,33,44,2023-11-05,92.0,,47.0,100.0,98.0,95.0
TX,2023,34,45,2023-11-12,95.0,,56.0,100.0,98.0,95.0
TX,2023,35,46,2023-11-19,95.0,,68.0,100.0,98.0,95.0
TX,2023,36,47,2023-11-26,95.0,,74.0,100.0,98.0,95.0
TX,2024,2,13,2024-03-31,0.0,,0.0,5.0,0.0,0.0
TX,2024,3,14,2024-04-07,0.0,,0.0,8.0,0.0,0.0
TX,2024,4,15,2024-04-14,0.0,,0.0,13.0,0.0,0.0
TX,2024,5,16,2024-04-21,0.0,,0.0,16.0,0.0,0.0
TX,2024,6,17,2024-04-28,0.0,,0.0,18.0,0.0,0.0
TX,2024,7,18,2024-05-05,0.0,,0.0,24.0,0.0,0.0
TX,2024,8,19,2024-05-12,0.0,,0.0,28.0,0.0,0.0
TX,2024,9,20,2024-05-19,0.0,,0.0,37.0,0.0,0.0
TX,2024,10,21,2024-05-26,0.0,,0.0,50.0,0.0,7.0
TX,2024,11,22,2024-06-02,0.0,,0.0,62.0,0.0,13.0
TX,2024,12,23,2024-06-09,0.0,,0.0,74.0,0.0,17.0
TX,2024,13,24,2024-06-16,0.0,,0.0,88.0,9.0,23.0
TX,2024,14,25,2024-06-23,0.0,,0.0,92.0,11.0,28.0
TX,2024,15,26,2024-06-30,0.0,,0.0,96.0,13.0,37.0
TX,2024,16,27,2024-07-07,0.0,,0.0,100.0,19.0,42.0
TX,2024,17,28,2024-07-14,0.0,,0.0,100.0,23.0,53.0
TX,2024,18,29,2024-07-21,0.0,,0.0,100.0,39.0,78.0
TX,2024,19,30,2024-07-28,0.0,,0.0,100.0,49.0,82.0
TX,2024,20,31,2024-08-04,11.0,,0.0,100.0,51.0,87.0
TX,2024,21,32,2024-08-11,17.0,,0.0,100.0,69.0,95.0
TX,2024,22,33,2024-08-18,23.0,,0.0,100.0,81.0,95.0
TX,2024,23,34,2024-08-25,27.0,,8.0,100.0,86.0,95.0
TX,2024,24,35,2024-09-01,37.0,,15.0,100.0,94.0,95.0
TX,2024,25,36,2024-09-08,40.0,,18.0,100.0,97.0,95.0
TX,2024,26,37,2024-09-15,47.0,,22.0,100.0,97.0,95.0
TX,2024,27,38,2024-09-22,55.0,,26.0,100.0,97.0,95.0
TX,2024,28,39,2024-09-29,65.0,,31.0,100.0,97.0,95.0
TX,2024,29,40,2024-10-06,77.0,,33.0,100.0,97.0,95.0
TX,2024,30,41,2024-10-13,83.0,,38.0,100.0,97.0,95.0
TX,2024,31,42,2024-10-20,92.0,,43.0,100.0,97.0,95.0
TX,2024,32,43,2024-10-27,95.0,,48.0,100.0,97.0,95.0
TX,2024,33,44,2024-11-03,95.0,,58.0,100.0,97.0,95.0
TX,2024,34,45,2024-11-10,95.0,,65.0,100.0,97.0,95.0
TX,2024,35,46,2024-11-17,95.0,,72.0,100.0,97.0,95.0
TX,2024,36,47,2024-11-24,95.0,,80.0,100.0,97.0,95.0
TX,2025,2,13,2025-03-30,0.0,0.0,0.0,4.0,0.0,0.0
TX,2025,3,14,2025-04-06,0.0,0.0,0.0,6.0,0.0,0.0
TX,2025,4,15,2025-04-13,0.0,0.0,0.0,8.0,0.0,0.0
TX,2025,5,16,2025-04-20,0.0,0.0,0.0,16.0,0.0,0.0
TX,2025,6,17,2025-04-27,0.0,5.0,0.0,21.0,0.0,0.0
TX,2025,7,18,2025-05-04,0.0,5.0,0.0,25.0,0.0,0.0
TX,2025,8,19,2025-05-11,0.0,5.0,0.0,27.0,0.0,0.0
TX,2025,9,20,2025-05-18,0.0,5.0,0.0,35.0,0.0,0.0
TX,2025,10,21,2025-05-25,0.0,5.0,0.0,47.0,0.0,4.0
TX,2025,11,22,2025-06-01,0.0,5.0,0.0,61.0,0.0,12.0
TX,2025,12,23,2025-06-08,0.0,5.0,0.0,72.0,0.0,15.0
TX,2025,13,24,2025-06-15,0.0,5.0,0.0,83.0,5.0,22.0
TX,2025,14,25,2025-06-22,0.0,5.0,0.0,91.0,8.0,26.0
TX,2025,15,26,2025-06-29,0.0,5.0,0.0,94.0,12.0,37.0
TX,2025,16,27,2025-07-06,0.0,5.0,0.0,98.0,15.0,40.0
TX,2025,17,28,2025-07-13,0.0,5.0,0.0,98.0,23.0,55.0
TX,2025,18,29,2025-07-20,0.0,5.0,0.0,98.0,31.0,65.0
TX,2025,19,30,2025-07-27,0.0,5.0,0.0,98.0,40.0,75.0
TX,2025,20,31,2025-08-03,6.0,5.0,0.0,98.0,47.0,83.0
TX,2025,21,32,2025-08-10,10.0,5.0,0.0,98.0,57.0,90.0
TX,2025,22,33,2025-08-17,15.0,5.0,0.0,98.0,64.0,95.0
TX,2025,23,34,2025-08-24,21.0,5.0,4.0,98.0,74.0,95.0
TX,2025,24,35,2025-08-31,28.0,5.0,11.0,98.0,86.0,95.0
TX,2025,25,36,2025-09-07,38.0,5.0,19.0,98.0,96.0,95.0
TX,2025,26,37,2025-09-14,46.0,5.0,21.0,98.0,96.0,95.0
TX,2025,27,38,2025-09-21,53.0,5.0,23.0,98.0,96.0,95.0
TX,2025,28,39,2025-09-28,57.0,5.0,26.0,98.0,96.0,95.0
TX,2025,35,46,2025-11-16,57.0,5.0,60.0,98.0,96.0,95.0
TX,2025,36,47,2025-11-23,57.0,5.0,70.0,98.0,96.0,95.0
VA,2016,2,13,2016-04-03,0.0,,0.0,0.0,0.0,0.0
VA,2016,3,14,2016-04-10,0.0,,0.0,0.0,0.0,0.0
VA,2016,4,15,2016-04-17,0.0,,0.0,0.0,0.0,0.0
VA,2016,5,16,2016-04-24,0.0,,0.0,5.0,0.0,0.0
VA,2016,6,17,2016-05-01,0.0,,0.0,11.0,0.0,0.0
VA,2016,7,18,2016-05-08,0.0,,0.0,22.0,0.0,0.0
VA,2016,8,19,2016-05-15,0.0,,0.0,32.0,0.0,0.0
VA,2016,9,20,2016-05-22,0.0,,0.0,46.0,0.0,0.0
VA,2016,10,21,2016-05-29,0.0,,0.0,65.0,0.0,0.0
VA,2016,11,22,2016-06-05,0.0,,0.0,79.0,0.0,8.0
VA,2016,12,23,2016-06-12,0.0,,0.0,84.0,0.0,16.0
VA,2016,13,24,2016-06-19,0.0,,0.0,94.0,0.0,25.0
VA,2016,14,25,2016-06-26,0.0,,0.0,96.0,0.0,35.0
VA,2016,15,26,2016-07-03,0.0,,0.0,96.0,0.0,50.0
VA,2016,16,27,2016-07-10,0.0,,0.0,96.0,5.0,58.0
VA,2016,17,28,2016-07-17,0.0,,0.0,96.0,21.0,73.0
VA,2016,18,29,2016-07-24,0.0,,0.0,96.0,30.0,85.0
VA,2016,19,30,2016-07-31,0.0,,0.0,96.0,42.0,91.0
VA,2016,20,31,2016-08-07,0.0,,0.0,96.0,64.0,94.0
VA,2016,21,32,2016-08-14,0.0,,0.0,96.0,87.0,98.0
VA,2016,22,33,2016-08-21,5.0,,0.0,96.0,92.0,98.0
VA,2016,23,34,2016-08-28,10.0,,0.0,96.0,95.0,98.0
VA,2016,24,35,2016-09-04,18.0,,0.0,96.0,95.0,98.0
VA,2016,25,36,2016-09-11,24.0,,0.0,96.0,95.0,98.0
VA,2016,26,37,2016-09-18,38.0,,0.0,96.0,95.0,98.0
VA,2016,27,38,2016-09-25,54.0,,0.0,96.0,95.0,98.0
VA,2016,28,39,2016-10-02,66.0,,0.0,96.0,95.0,98.0
VA,2016,29,40,2016-10-09,78.0,,0.0,96.0,95.0,98.0
VA,2016,30,41,2016-10-16,98.0,,8.0,96.0,95.0,98.0
VA,2016,31,42,2016-10-23,99.0,,25.0,96.0,95.0,98.0
VA,2016,32,43,2016-10-30,99.0,,40.0,96.0,95.0,98.0
VA,2016,33,44,2016-11-06,99.0,,60.0,96.0,95.0,98.0
VA,2016,34,45,2016-11-13,99.0,,80.0,96.0,95.0,98.0
VA,2016,35,46,2016-11-20,99.0,,94.0,96.0,95.0,98.0
VA,2016,36,47,2016-11-27,99.0,,96.0,96.0,95.0,98.0
VA,2017,2,13,2017-04-02,0.0,,0.0,0.0,0.0,0.0
VA,2017,3,14,2017-04-09,0.0,,0.0,0.0,0.0,0.0
VA,2017,4,15,2017-04-16,0.0,,0.0,0.0,0.0,0.0
VA,2017,5,16,2017-04-23,0.0,,0.0,7.0,0.0,0.0
VA,2017,6,17,2017-04-30,0.0,,0.0,15.0,0.0,0.0
VA,2017,7,18,2017-05-07,0.0,,0.0,32.0,0.0,0.0
VA,2017,8,19,2017-05-14,0.0,,0.0,40.0,0.0,0.0
VA,2017,9,20,2017-05-21,0.0,,0.0,66.0,0.0,0.0
VA,2017,10,21,2017-05-28,0.0,,0.0,74.0,0.0,0.0
VA,2017,11,22,2017-06-04,0.0,,0.0,85.0,0.0,2.0
VA,2017,12,23,2017-06-11,0.0,,0.0,92.0,0.0,12.0
VA,2017,13,24,2017-06-18,0.0,,0.0,98.0,0.0,40.0
VA,2017,14,25,2017-06-25,0.0,,0.0,100.0,0.0,50.0
VA,2017,15,26,2017-07-02,0.0,,0.0,100.0,2.0,57.0
VA,2017,16,27,2017-07-09,0.0,,0.0,100.0,4.0,69.0
VA,2017,17,28,2017-07-16,0.0,,0.0,100.0,19.0,84.0
VA,2017,18,29,2017-07-23,0.0,,0.0,100.0,41.0,93.0
VA,2017,19,30,2017-07-30,0.0,,0.0,100.0,66.0,96.0
VA,2017,20,31,2017-08-06,0.0,,0.0,100.0,75.0,98.0
VA,2017,21,32,2017-08-13,0.0,,0.0,100.0,91.0,100.0
VA,2017,22,33,2017-08-20,0.0,,0.0,100.0,94.0,100.0
VA,2017,23,34,2017-08-27,10.0,,0.0,100.0,96.0,100.0
VA,2017,24,35,2017-09-03,19.0,,0.0,100.0,99.0,100.0
VA,2017,25,36,2017-09-10,32.0,,0.0,100.0,99.0,100.0
VA,2017,26,37,2017-09-17,40.0,,0.0,100.0,99.0,100.0
VA,2017,27,38,2017-09-24,55.0,,0.0,100.0,99.0,100.0
VA,2017,28,39,2017-10-01,70.0,,0.0,100.0,99.0,100.0
VA,2017,29,40,2017-10-08,87.0,,5.0,100.0,99.0,100.0
VA,2017,30,41,2017-10-15,99.0,,19.0,100.0,99.0,100.0
VA,2017,31,42,2017-10-22,100.0,,43.0,100.0,99.0,100.0
VA,2017,32,43,2017-10-29,100.0,,66.0,100.0,99.0,100.0
VA,2017,33,44,2017-11-05,100.0,,76.0,100.0,99.0,100.0
VA,2017,34,45,2017-11-12,100.0,,82.0,100.0,99.0,100.0
VA,2017,35,46,2017-11-19,100.0,,85.0,100.0,99.0,100.0
VA,2017,36,47,2017-11-26,100.0,,93.0,100.0,99.0,100.0
VA,2018,2,13,2018-04-01,0.0,,0.0,0.0,0.0,0.0
VA,2018,3,14,2018-04-08,0.0,,0.0,0.0,0.0,0.0
VA,2018,4,15,2018-04-15,0.0,,0.0,0.0,0.0,0.0
VA,2018,5,16,2018-04-22,0.0,,0.0,3.0,0.0,0.0
VA,2018,6,17,2018-04-29,0.0,,0.0,5.0,0.0,0.0
VA,2018,7,18,2018-05-06,0.0,,0.0,22.0,0.0,0.0
VA,2018,8,19,2018-05-13,0.0,,0.0,37.0,0.0,0.0
VA,2018,9,20,2018-05-20,0.0,,0.0,59.0,0.0,0.0
VA,2018,10,21,2018-05-27,0.0,,0.0,85.0,0.0,0.0
VA,2018,11,22,2018-06-03,0.0,,0.0,93.0,0.0,5.0
VA,2018,12,23,2018-06-10,0.0,,0.0,98.0,0.0,15.0
VA,2018,13,24,2018-06-17,0.0,,0.0,100.0,0.0,27.0
VA,2018,14,25,2018-06-24,0.0,,0.0,100.0,0.0,42.0
VA,2018,15,26,2018-07-01,0.0,,0.0,100.0,0.0,58.0
VA,2018,16,27,2018-07-08,0.0,,0.0,100.0,5.0,66.0
VA,2018,17,28,2018-07-15,0.0,,0.0,100.0,12.0,81.0
VA,2018,18,29,2018-07-22,0.0,,0.0,100.0,33.0,86.0
VA,2018,19,30,2018-07-29,0.0,,0.0,100.0,45.0,90.0
VA,2018,20,31,2018-08-05,0.0,,0.0,100.0,60.0,98.0
VA,2018,21,32,2018-08-12,1.0,,0.0,100.0,75.0,100.0
VA,2018,22,33,2018-08-19,7.0,,0.0,100.0,90.0,100.0
VA,2018,23,34,2018-08-26,15.0,,0.0,100.0,95.0,100.0
VA,2018,24,35,2018-09-02,25.0,,0.0,100.0,98.0,100.0
VA,2018,25,36,2018-09-09,37.0,,0.0,100.0,98.0,100.0
VA,2018,26,37,2018-09-16,43.0,,0.0,100.0,98.0,100.0
VA,2018,27,38,2018-09-23,58.0,,0.0,100.0,98.0,100.0
VA,2018,28,39,2018-09-30,72.0,,0.0,100.0,98.0,100.0
VA,2018,29,40,2018-10-07,82.0,,3.0,100.0,98.0,100.0
VA,2018,30,41,2018-10-14,91.0,,12.0,100.0,98.0,100.0
VA,2018,31,42,2018-10-21,96.0,,34.0,100.0,98.0,100.0
VA,2018,32,43,2018-10-28,98.0,,51.0,100.0,98.0,100.0
VA,2018,33,44,2018-11-04,100.0,,66.0,100.0,98.0,100.0
VA,2018,34,45,2018-11-11,100.0,,78.0,100.0,98.0,100.0
VA,2018,35,46,2018-11-18,100.0,,84.0,100.0,98.0,100.0
VA,2018,36,47,2018-11-25,100.0,,89.0,100.0,98.0,100.0
VA,2019,2,13,2019-03-31,0.0,,0.0,0.0,0.0,0.0
VA,2019,3,14,2019-04-07,0.0,,0.0,0.0,0.0,0.0
VA,2019,4,15,2019-04-14,0.0,,0.0,0.0,0.0,0.0
VA,2019,5,16,2019-04-21,0.0,,0.0,0.0,0.0,0.0
VA,2019,6,17,2019-04-28,0.0,,0.0,0.0,0.0,0.0
VA,2019,7,18,2019-05-05,0.0,,0.0,15.0,0.0,0.0
VA,2019,8,19,2019-05-12,0.0,,0.0,36.0,0.0,0.0
VA,2019,9,20,2019-05-19,0.0,,0.0,56.0,0.0,0.0
VA,2019,10,21,2019-05-26,0.0,,0.0,84.0,0.0,0.0
VA,2019,11,22,2019-06-02,0.0,,0.0,93.0,0.0,1.0
VA,2019,12,23,2019-06-09,0.0,,0.0,96.0,0.0,7.0
VA,2019,13,24,2019-06-16,0.0,,0.0,99.0,0.0,15.0
VA,2019,14,25,2019-06-23,0.0,,0.0,100.0,0.0,26.0
VA,2019,15,26,2019-06-30,0.0,,0.0,100.0,0.0,43.0
VA,2019,16,27,2019-07-07,0.0,,0.0,100.0,1.0,58.0
VA,2019,17,28,2019-07-14,0.0,,0.0,100.0,9.0,77.0
VA,2019,18,29,2019-07-21,0.0,,0.0,100.0,32.0,88.0
VA,2019,19,30,2019-07-28,0.0,,0.0,100.0,44.0,92.0
VA,2019,20,31,2019-08-04,0.0,,0.0,100.0,62.0,95.0
VA,2019,21,32,2019-08-11,0.0,,0.0,100.0,78.0,97.0
VA,2019,22,33,2019-08-18,1.0,,0.0,100.0,85.0,97.0
VA,2019,23,34,2019-08-25,11.0,,0.0,100.0,90.0,97.0
VA,2019,24,35,2019-09-01,23.0,,0.0,100.0,95.0,97.0
VA,2019,25,36,2019-09-08,41.0,,0.0,100.0,95.0,97.0
VA,2019,26,37,2019-09-15,56.0,,0.0,100.0,95.0,97.0
VA,2019,27,38,2019-09-22,74.0,,0.0,100.0,95.0,97.0
VA,2019,28,39,2019-09-29,89.0,,10.0,100.0,95.0,97.0
VA,2019,29,40,2019-10-06,95.0,,18.0,100.0,95.0,97.0
VA,2019,30,41,2019-10-13,97.0,,38.0,100.0,95.0,97.0
VA,2019,31,42,2019-10-20,99.0,,51.0,100.0,95.0,97.0
VA,2019,32,43,2019-10-27,100.0,,60.0,100.0,95.0,97.0
VA,2019,33,44,2019-11-03,100.0,,66.0,100.0,95.0,97.0
VA,2019,34,45,2019-11-10,100.0,,77.0,100.0,95.0,97.0
VA,2019,35,46,2019-11-17,100.0,,89.0,100.0,95.0,97.0
VA,2019,36,47,2019-11-24,100.0,,93.0,100.0,95.0,97.0
VA,2019,37,48,2019-12-01,100.0,,95.0,100.0,95.0,97.0
VA,2019,38,49,2019-12-08,100.0,,98.0,100.0,95.0,97.0
VA,2020,3,14,2020-04-05,0.0,,0.0,0.0,0.0,0.0
VA,2020,4,15,2020-04-12,0.0,,0.0,0.0,0.0,0.0
VA,2020,5,16,2020-04-19,0.0,,0.0,0.0,0.0,0.0
VA,2020,6,17,2020-04-26,0.0,,0.0,3.0,0.0,0.0
VA,2020,7,18,2020-05-03,0.0,,0.0,9.0,0.0,0.0
VA,2020,8,19,2020-05-10,0.0,,0.0,14.0,0.0,0.0
VA,2020,9,20,2020-05-17,0.0,,0.0,34.0,0.0,0.0
VA,2020,10,21,2020-05-24,0.0,,0.0,57.0,0.0,0.0
VA,2020,11,22,2020-05-31,0.0,,0.0,73.0,0.0,1.0
VA,2020,12,23,2020-06-07,0.0,,0.0,87.0,0.0,5.0
VA,2020,13,24,2020-06-14,0.0,,0.0,93.0,0.0,16.0
VA,2020,14,25,2020-06-21,0.0,,0.0,96.0,0.0,28.0
VA,2020,15,26,2020-06-28,0.0,,0.0,96.0,1.0,39.0
VA,2020,16,27,2020-07-05,0.0,,0.0,96.0,2.0,46.0
VA,2020,17,28,2020-07-12,0.0,,0.0,96.0,9.0,54.0
VA,2020,18,29,2020-07-19,0.0,,0.0,96.0,29.0,74.0
VA,2020,19,30,2020-07-26,0.0,,0.0,96.0,39.0,79.0
VA,2020,20,31,2020-08-02,0.0,,0.0,96.0,59.0,89.0
VA,2020,21,32,2020-08-09,1.0,,0.0,96.0,83.0,98.0
VA,2020,22,33,2020-08-16,1.0,,0.0,96.0,87.0,98.0
VA,2020,23,34,2020-08-23,5.0,,0.0,96.0,90.0,98.0
VA,2020,24,35,2020-08-30,15.0,,0.0,96.0,94.0,98.0
VA,2020,25,36,2020-09-06,27.0,,0.0,96.0,96.0,98.0
VA,2020,26,37,2020-09-13,34.0,,0.0,96.0,96.0,98.0
VA,2020,27,38,2020-09-20,49.0,,1.0,96.0,96.0,98.0
VA,2020,28,39,2020-09-27,56.0,,1.0,96.0,96.0,98.0
VA,2020,29,40,2020-10-04,75.0,,5.0,96.0,96.0,98.0
VA,2020,30,41,2020-10-11,93.0,,9.0,96.0,96.0,98.0
VA,2020,31,42,2020-10-18,96.0,,14.0,96.0,96.0,98.0
VA,2020,32,43,2020-10-25,98.0,,19.0,96.0,96.0,98.0
VA,2020,33,44,2020-11-01,98.0,,24.0,96.0,96.0,98.0
VA,2020,34,45,2020-11-08,98.0,,35.0,96.0,96.0,98.0
VA,2020,35,46,2020-11-15,98.0,,40.0,96.0,96.0,98.0
VA,2020,36,47,2020-11-22,98.0,,49.0,96.0,96.0,98.0
VA,2020,37,48,2020-11-29,98.0,,62.0,96.0,96.0,98.0
VA,2021,2,13,2021-04-04,0.0,,0.0,0.0,0.0,0.0
VA,2021,3,14,2021-04-11,0.0,,0.0,0.0,0.0,0.0
VA,2021,4,15,2021-04-18,0.0,,0.0,1.0,0.0,0.0
VA,2021,5,16,2021-04-25,0.0,,0.0,5.0,0.0,0.0
VA,2021,6,17,2021-05-02,0.0,,0.0,17.0,0.0,0.0
VA,2021,7,18,2021-05-09,0.0,,0.0,35.0,0.0,0.0
VA,2021,8,19,2021-05-16,0.0,,0.0,50.0,0.0,0.0
VA,2021,9,20,2021-05-23,0.0,,0.0,65.0,0.0,0.0
VA,2021,10,21,2021-05-30,0.0,,0.0,80.0,0.0,0.0
VA,2021,11,22,2021-06-06,0.0,,0.0,93.0,0.0,2.0
VA,2021,12,23,2021-06-13,0.0,,0.0,95.0,0.0,14.0
VA,2021,13,24,2021-06-20,0.0,,0.0,97.0,1.0,20.0
VA,2021,14,25,2021-06-27,0.0,,0.0,97.0,4.0,25.0
VA,2021,15,26,2021-07-04,0.0,,0.0,97.0,9.0,38.0
VA,2021,16,27,2021-07-11,0.0,,0.0,97.0,12.0,45.0
VA,2021,17,28,2021-07-18,0.0,,0.0,97.0,22.0,75.0
VA,2021,18,29,2021-07-25,0.0,,0.0,97.0,32.0,82.0
VA,2021,19,30,2021-08-01,0.0,,0.0,97.0,61.0,92.0
VA,2021,20,31,2021-08-08,1.0,,0.0,97.0,79.0,97.0
VA,2021,21,32,2021-08-15,2.0,,0.0,97.0,85.0,98.0
VA,2021,22,33,2021-08-22,3.0,,0.0,97.0,87.0,98.0
VA,2021,23,34,2021-08-29,9.0,,0.0,97.0,90.0,98.0
VA,2021,24,35,2021-09-05,16.0,,0.0,97.0,93.0,98.0
VA,2021,25,36,2021-09-12,34.0,,1.0,97.0,95.0,98.0
VA,2021,26,37,2021-09-19,56.0,,2.0,97.0,95.0,98.0
VA,2021,27,38,2021-09-26,64.0,,2.0,97.0,95.0,98.0
VA,2021,28,39,2021-10-03,75.0,,4.0,97.0,95.0,98.0
VA,2021,29,40,2021-10-10,92.0,,10.0,97.0,95.0,98.0
VA,2021,30,41,2021-10-17,97.0,,18.0,97.0,95.0,98.0
VA,2021,31,42,2021-10-24,98.0,,27.0,97.0,95.0,98.0
VA,2021,32,43,2021-10-31,99.0,,30.0,97.0,95.0,98.0
VA,2021,33,44,2021-11-07,100.0,,46.0,97.0,95.0,98.0
VA,2021,34,45,2021-11-14,100.0,,62.0,97.0,95.0,98.0
VA,2021,35,46,2021-11-21,100.0,,74.0,97.0,95.0,98.0
VA,2021,36,47,2021-11-28,100.0,,86.0,97.0,95.0,98.0
VA,2022,2,13,2022-04-03,0.0,,0.0,0.0,0.0,0.0
VA,2022,3,14,2022-04-10,0.0,,0.0,0.0,0.0,0.0
VA,2022,4,15,2022-04-17,0.0,,0.0,2.0,0.0,0.0
VA,2022,5,16,2022-04-24,0.0,,0.0,12.0,0.0,0.0
VA,2022,6,17,2022-05-01,0.0,,0.0,17.0,0.0,0.0
VA,2022,7,18,2022-05-08,0.0,,0.0,27.0,0.0,0.0
VA,2022,8,19,2022-05-15,0.0,,0.0,34.0,0.0,0.0
VA,2022,9,20,2022-05-22,0.0,,0.0,54.0,0.0,0.0
VA,2022,10,21,2022-05-29,0.0,,0.0,68.0,0.0,0.0
VA,2022,11,22,2022-06-05,0.0,,0.0,87.0,0.0,8.0
VA,2022,12,23,2022-06-12,0.0,,0.0,95.0,0.0,18.0
VA,2022,13,24,2022-06-19,0.0,,0.0,99.0,5.0,35.0
VA,2022,14,25,2022-06-26,0.0,,0.0,99.0,14.0,49.0
VA,2022,15,26,2022-07-03,0.0,,0.0,99.0,28.0,62.0
VA,2022,16,27,2022-07-10,0.0,,0.0,99.0,36.0,78.0
VA,2022,17,28,2022-07-17,0.0,,0.0,99.0,50.0,92.0
VA,2022,18,29,2022-07-24,0.0,,0.0,99.0,61.0,99.0
VA,2022,19,30,2022-07-31,0.0,,0.0,99.0,72.0,100.0
VA,2022,20,31,2022-08-07,0.0,,0.0,99.0,86.0,100.0
VA,2022,21,32,2022-08-14,5.0,,0.0,99.0,93.0,100.0
VA,2022,22,33,2022-08-21,18.0,,0.0,99.0,99.0,100.0
VA,2022,23,34,2022-08-28,34.0,,0.0,99.0,100.0,100.0
VA,2022,24,35,2022-09-04,43.0,,0.0,99.0,100.0,100.0
VA,2022,25,36,2022-09-11,60.0,,0.0,99.0,100.0,100.0
VA,2022,26,37,2022-09-18,65.0,,0.0,99.0,100.0,100.0
VA,2022,27,38,2022-09-25,75.0,,0.0,99.0,100.0,100.0
VA,2022,28,39,2022-10-02,91.0,,10.0,99.0,100.0,100.0
VA,2022,29,40,2022-10-09,96.0,,24.0,99.0,100.0,100.0
VA,2022,30,41,2022-10-16,97.0,,42.0,99.0,100.0,100.0
VA,2022,31,42,2022-10-23,98.0,,56.0,99.0,100.0,100.0
VA,2022,32,43,2022-10-30,99.0,,68.0,99.0,100.0,100.0
VA,2022,33,44,2022-11-06,99.0,,74.0,99.0,100.0,100.0
VA,2022,34,45,2022-11-13,99.0,,82.0,99.0,100.0,100.0
VA,2022,35,46,2022-11-20,99.0,,87.0,99.0,100.0,100.0
VA,2022,36,47,2022-11-27,99.0,,91.0,99.0,100.0,100.0
VA,2023,2,13,2023-04-02,0.0,,0.0,0.0,0.0,0.0
VA,2023,3,14,2023-04-09,0.0,,0.0,0.0,0.0,0.0
VA,2023,4,15,2023-04-16,0.0,,0.0,8.0,0.0,0.0
VA,2023,5,16,2023-04-23,0.0,,0.0,20.0,0.0,0.0
VA,2023,6,17,2023-04-30,0.0,,0.0,31.0,0.0,0.0
VA,2023,7,18,2023-05-07,0.0,,0.0,47.0,0.0,0.0
VA,2023,8,19,2023-05-14,0.0,,0.0,66.0,0.0,0.0
VA,2023,9,20,2023-05-21,0.0,,0.0,79.0,0.0,0.0
VA,2023,10,21,2023-05-28,0.0,,0.0,89.0,0.0,0.0
VA,2023,11,22,2023-06-04,0.0,,0.0,94.0,0.0,3.0
VA,2023,12,23,2023-06-11,0.0,,0.0,95.0,0.0,10.0
VA,2023,13,24,2023-06-18,0.0,,0.0,98.0,0.0,19.0
VA,2023,14,25,2023-06-25,0.0,,0.0,99.0,0.0,37.0
VA,2023,15,26,2023-07-02,0.0,,0.0,99.0,2.0,47.0
VA,2023,16,27,2023-07-09,0.0,,0.0,99.0,8.0,59.0
VA,2023,17,28,2023-07-16,0.0,,0.0,99.0,21.0,75.0
VA,2023,18,29,2023-07-23,0.0,,0.0,99.0,35.0,84.0
VA,2023,19,30,2023-07-30,0.0,,0.0,99.0,54.0,96.0
VA,2023,20,31,2023-08-06,1.0,,0.0,99.0,64.0,98.0
VA,2023,21,32,2023-08-13,6.0,,0.0,99.0,86.0,100.0
VA,2023,22,33,2023-08-20,15.0,,0.0,99.0,91.0,100.0
VA,2023,23,34,2023-08-27,29.0,,0.0,99.0,95.0,100.0
VA,2023,24,35,2023-09-03,41.0,,0.0,99.0,97.0,100.0
VA,2023,25,36,2023-09-10,56.0,,0.0,99.0,98.0,100.0
VA,2023,26,37,2023-09-17,64.0,,1.0,99.0,98.0,100.0
VA,2023,27,38,2023-09-24,70.0,,2.0,99.0,98.0,100.0
VA,2023,28,39,2023-10-01,82.0,,6.0,99.0,98.0,100.0
VA,2023,29,40,2023-10-08,92.0,,10.0,99.0,98.0,100.0
VA,2023,30,41,2023-10-15,95.0,,24.0,99.0,98.0,100.0
VA,2023,31,42,2023-10-22,97.0,,35.0,99.0,98.0,100.0
VA,2023,32,43,2023-10-29,99.0,,44.0,99.0,98.0,100.0
VA,2023,33,44,2023-11-05,100.0,,52.0,99.0,98.0,100.0
VA,2023,34,45,2023-11-12,100.0,,62.0,99.0,98.0,100.0
VA,2023,35,46,2023-11-19,100.0,,71.0,99.0,98.0,100.0
VA,2023,36,47,2023-11-26,100.0,,84.0,99.0,98.0,100.0
VA,2024,2,13,2024-03-31,0.0,,0.0,0.0,0.0,0.0
VA,2024,3,14,2024-04-07,0.0,,0.0,0.0,0.0,0.0
VA,2024,4,15,2024-04-14,0.0,,0.0,3.0,0.0,0.0
VA,2024,5,16,2024-04-21,0.0,,0.0,12.0,0.0,0.0
VA,2024,6,17,2024-04-28,0.0,,0.0,26.0,0.0,0.0
VA,2024,7,18,2024-05-05,0.0,,0.0,41.0,0.0,0.0
VA,2024,8,19,2024-05-12,0.0,,0.0,54.0,0.0,0.0
VA,2024,9,20,2024-05-19,0.0,,0.0,60.0,0.0,0.0
VA,2024,10,21,2024-05-26,0.0,,0.0,84.0,0.0,1.0
VA,2024,11,22,2024-06-02,0.0,,0.0,92.0,0.0,7.0
VA,2024,12,23,2024-06-09,0.0,,0.0,96.0,0.0,15.0
VA,2024,13,24,2024-06-16,0.0,,0.0,98.0,0.0,23.0
VA,2024,14,25,2024-06-23,0.0,,0.0,100.0,3.0,38.0
VA,2024,15,26,2024-06-30,0.0,,0.0,100.0,10.0,50.0
VA,2024,16,27,2024-07-07,0.0,,0.0,100.0,15.0,65.0
VA,2024,17,28,2024-07-14,0.0,,0.0,100.0,30.0,78.0
VA,2024,18,29,2024-07-21,0.0,,0.0,100.0,42.0,87.0
VA,2024,19,30,2024-07-28,0.0,,0.0,100.0,62.0,94.0
VA,2024,20,31,2024-08-04,0.0,,0.0,100.0,81.0,98.0
VA,2024,21,32,2024-08-11,3.0,,0.0,100.0,89.0,100.0
VA,2024,22,33,2024-08-18,12.0,,0.0,100.0,98.0,100.0
VA,2024,23,34,2024-08-25,24.0,,0.0,100.0,100.0,100.0
VA,2024,24,35,2024-09-01,38.0,,0.0,100.0,100.0,100.0
VA,2024,25,36,2024-09-08,52.0,,0.0,100.0,100.0,100.0
VA,2024,26,37,2024-09-15,63.0,,1.0,100.0,100.0,100.0
VA,2024,27,38,2024-09-22,75.0,,5.0,100.0,100.0,100.0
VA,2024,28,39,2024-09-29,87.0,,12.0,100.0,100.0,100.0
VA,2024,29,40,2024-10-06,94.0,,20.0,100.0,100.0,100.0
VA,2024,30,41,2024-10-13,96.0,,32.0,100.0,100.0,100.0
VA,2024,31,42,2024-10-20,100.0,,43.0,100.0,100.0,100.0
VA,2024,32,43,2024-10-27,100.0,,54.0,100.0,100.0,100.0
VA,2024,33,44,2024-11-03,100.0,,63.0,100.0,100.0,100.0
VA,2024,34,45,2024-11-10,100.0,,74.0,100.0,100.0,100.0
VA,2024,35,46,2024-11-17,100.0,,83.0,100.0,100.0,100.0
VA,2024,36,47,2024-11-24,100.0,,91.0,100.0,100.0,100.0
VA,2025,3,14,2025-04-06,0.0,,0.0,0.0,0.0,0.0
VA,2025,4,15,2025-04-13,0.0,,0.0,0.0,0.0,0.0
VA,2025,5,16,2025-04-20,0.0,,0.0,3.0,0.0,0.0
VA,2025,6,17,2025-04-27,0.0,,0.0,15.0,0.0,0.0
VA,2025,7,18,2025-05-04,0.0,,0.0,29.0,0.0,0.0
VA,2025,8,19,2025-05-11,0.0,,0.0,42.0,0.0,0.0
VA,2025,9,20,2025-05-18,0.0,,0.0,53.0,0.0,0.0
VA,2025,10,21,2025-05-25,0.0,,0.0,72.0,0.0,0.0
VA,2025,11,22,2025-06-01,0.0,,0.0,85.0,0.0,2.0
VA,2025,12,23,2025-06-08,0.0,,0.0,92.0,0.0,9.0
VA,2025,13,24,2025-06-15,0.0,,0.0,94.0,0.0,17.0
VA,2025,14,25,2025-06-22,0.0,,0.0,97.0,0.0,28.0
VA,2025,15,26,2025-06-29,0.0,,0.0,100.0,3.0,41.0
VA,2025,16,27,2025-07-06,0.0,,0.0,100.0,10.0,53.0
VA,2025,17,28,2025-07-13,0.0,,0.0,100.0,16.0,67.0
VA,2025,18,29,2025-07-20,0.0,,0.0,100.0,30.0,79.0
VA,2025,19,30,2025-07-27,0.0,,0.0,100.0,46.0,88.0
VA,2025,20,31,2025-08-03,0.0,,0.0,100.0,64.0,96.0
VA,2025,21,32,2025-08-10,2.0,,0.0,100.0,82.0,99.0
VA,2025,22,33,2025-08-17,7.0,,0.0,100.0,92.0,100.0
VA,2025,23,34,2025-08-24,14.0,,0.0,100.0,96.0,100.0
VA,2025,24,35,2025-08-31,28.0,,0.0,100.0,100.0,100.0
VA,2025,25,36,2025-09-07,41.0,,0.0,100.0,100.0,100.0
VA,2025,26,37,2025-09-14,57.0,,0.0,100.0,100.0,100.0
VA,2025,27,38,2025-09-21,65.0,,1.0,100.0,100.0,100.0
VA,2025,28,39,2025-09-28,76.0,,5.0,100.0,100.0,100.0
VA,2025,35,46,2025-11-16,76.0,,76.0,100.0,100.0,100.0
VA,2025,36,47,2025-11-23,76.0,,81.0,100.0,100.0,100.0
US,2016,2,13,2016-04-03,0.0,,0.0,3.0,0.0,0.0
US,2016,3,14,2016-04-10,0.0,,0.0,5.0,0.0,0.0
US,2016,4,15,2016-04-17,0.0,,0.0,7.0,0.0,0.0
US,2016,5,16,2016-04-24,0.0,,0.0,10.0,0.0,0.0
US,2016,6,17,2016-05-01,0.0,,0.0,16.0,0.0,0.0
US,2016,7,18,2016-05-08,0.0,,0.0,26.0,0.0,0.0
US,2016,8,19,2016-05-15,0.0,,0.0,40.0,0.0,0.0
US,2016,9,20,2016-05-22,0.0,,0.0,46.0,0.0,0.0
US,2016,10,21,2016-05-29,0.0,,0.0,59.0,0.0,5.0
US,2016,11,22,2016-06-05,0.0,,0.0,75.0,0.0,7.0
US,2016,12,23,2016-06-12,0.0,,0.0,89.0,0.0,13.0
US,2016,13,24,2016-06-19,0.0,,0.0,95.0,0.0,22.0
US,2016,14,25,2016-06-26,0.0,,0.0,95.0,6.0,29.0
US,2016,15,26,2016-07-03,0.0,,0.0,95.0,11.0,42.0
US,2016,16,27,2016-07-10,0.0,,0.0,95.0,19.0,57.0
US,2016,17,28,2016-07-17,0.0,,0.0,95.0,28.0,77.0
US,2016,18,29,2016-07-24,0.0,,0.0,95.0,46.0,85.0
US,2016,19,30,2016-07-31,0.0,,0.0,95.0,54.0,92.0
US,2016,20,31,2016-08-07,9.0,,0.0,95.0,70.0,96.0
US,2016,21,32,2016-08-14,12.0,,0.0,95.0,88.0,96.0
US,2016,22,33,2016-08-21,16.0,,0.0,95.0,92.0,96.0
US,2016,23,34,2016-08-28,23.0,,0.0,95.0,95.0,96.0
US,2016,24,35,2016-09-04,33.0,,0.0,95.0,95.0,96.0
US,2016,25,36,2016-09-11,41.0,,4.0,95.0,95.0,96.0
US,2016,26,37,2016-09-18,48.0,,6.0,95.0,95.0,96.0
US,2016,27,38,2016-09-25,63.0,,10.0,95.0,95.0,96.0
US,2016,28,39,2016-10-02,71.0,,16.0,95.0,95.0,96.0
US,2016,29,40,2016-10-09,80.0,,22.0,95.0,95.0,96.0
US,2016,30,41,2016-10-16,89.0,,30.0,95.0,95.0,96.0
US,2016,31,42,2016-10-23,93.0,,39.0,95.0,95.0,96.0
US,2016,32,43,2016-10-30,95.0,,46.0,95.0,95.0,96.0
US,2016,33,44,2016-11-06,95.0,,56.0,95.0,95.0,96.0
US,2016,34,45,2016-11-13,95.0,,61.0,95.0,95.0,96.0
US,2016,35,46,2016-11-20,95.0,,67.0,95.0,95.0,96.0
US,2016,36,47,2016-11-27,95.0,,77.0,95.0,95.0,96.0
US,2017,2,13,2017-04-02,0.0,,0.0,4.0,0.0,0.0
US,2017,3,14,2017-04-09,0.0,,0.0,6.0,0.0,0.0
US,2017,4,15,2017-04-16,0.0,,0.0,8.0,0.0,0.0
US,2017,5,16,2017-04-23,0.0,,0.0,11.0,0.0,0.0
US,2017,6,17,2017-04-30,0.0,,0.0,14.0,0.0,0.0
US,2017,7,18,2017-05-07,0.0,,0.0,21.0,0.0,0.0
US,2017,8,19,2017-05-14,0.0,,0.0,33.0,0.0,0.0
US,2017,9,20,2017-05-21,0.0,,0.0,52.0,0.0,0.0
US,2017,10,21,2017-05-28,0.0,,0.0,63.0,0.0,7.0
US,2017,11,22,2017-06-04,0.0,,0.0,80.0,0.0,11.0
US,2017,12,23,2017-06-11,0.0,,0.0,92.0,0.0,15.0
US,2017,13,24,2017-06-18,0.0,,0.0,94.0,0.0,22.0
US,2017,14,25,2017-06-25,0.0,,0.0,98.0,7.0,34.0
US,2017,15,26,2017-07-02,0.0,,0.0,98.0,13.0,45.0
US,2017,16,27,2017-07-09,0.0,,0.0,98.0,19.0,61.0
US,2017,17,28,2017-07-16,0.0,,0.0,98.0,26.0,70.0
US,2017,18,29,2017-07-23,0.0,,0.0,98.0,36.0,77.0
US,2017,19,30,2017-07-30,0.0,,0.0,98.0,46.0,87.0
US,2017,20,31,2017-08-06,8.0,,0.0,98.0,58.0,93.0
US,2017,21,32,2017-08-13,10.0,,0.0,98.0,80.0,98.0
US,2017,22,33,2017-08-20,12.0,,0.0,98.0,88.0,98.0
US,2017,23,34,2017-08-27,18.0,,0.0,98.0,93.0,98.0
US,2017,24,35,2017-09-03,25.0,,0.0,98.0,96.0,98.0
US,2017,25,36,2017-09-10,34.0,,9.0,98.0,96.0,98.0
US,2017,26,37,2017-09-17,44.0,,11.0,98.0,96.0,98.0
US,2017,27,38,2017-09-24,57.0,,14.0,98.0,96.0,98.0
US,2017,28,39,2017-10-01,67.0,,17.0,98.0,96.0,98.0
US,2017,29,40,2017-10-08,72.0,,25.0,98.0,96.0,98.0
US,2017,30,41,2017-10-15,82.0,,31.0,98.0,96.0,98.0
US,2017,31,42,2017-10-22,87.0,,37.0,98.0,96.0,98.0
US,2017,32,43,2017-10-29,93.0,,46.0,98.0,96.0,98.0
US,2017,33,44,2017-11-05,96.0,,54.0,98.0,96.0,98.0
US,2017,34,45,2017-11-12,96.0,,64.0,98.0,96.0,98.0
US,2017,35,46,2017-11-19,96.0,,74.0,98.0,96.0,98.0
US,2017,36,47,2017-11-26,96.0,,79.0,98.0,96.0,98.0
US,2018,2,13,2018-04-01,0.0,,0.0,7.0,0.0,0.0
US,2018,3,14,2018-04-08,0.0,,0.0,7.0,0.0,0.0
US,2018,4,15,2018-04-15,0.0,,0.0,8.0,0.0,0.0
US,2018,5,16,2018-04-22,0.0,,0.0,10.0,0.0,0.0
US,2018,6,17,2018-04-29,0.0,,0.0,12.0,0.0,0.0
US,2018,7,18,2018-05-06,0.0,,0.0,20.0,0.0,0.0
US,2018,8,19,2018-05-13,0.0,,0.0,36.0,0.0,0.0
US,2018,9,20,2018-05-20,0.0,,0.0,52.0,0.0,0.0
US,2018,10,21,2018-05-27,0.0,,0.0,62.0,0.0,7.0
US,2018,11,22,2018-06-03,0.0,,0.0,76.0,0.0,9.0
US,2018,12,23,2018-06-10,0.0,,0.0,90.0,0.0,15.0
US,2018,13,24,2018-06-17,0.0,,0.0,96.0,0.0,22.0
US,2018,14,25,2018-06-24,0.0,,0.0,96.0,6.0,32.0
US,2018,15,26,2018-07-01,0.0,,0.0,96.0,12.0,42.0
US,2018,16,27,2018-07-08,0.0,,0.0,96.0,21.0,59.0
US,2018,17,28,2018-07-15,0.0,,0.0,96.0,31.0,72.0
US,2018,18,29,2018-07-22,0.0,,0.0,96.0,41.0,78.0
US,2018,19,30,2018-07-29,0.0,,0.0,96.0,49.0,88.0
US,2018,20,31,2018-08-05,9.0,,0.0,96.0,60.0,92.0
US,2018,21,32,2018-08-12,13.0,,0.0,96.0,77.0,96.0
US,2018,22,33,2018-08-19,17.0,,0.0,96.0,86.0,96.0
US,2018,23,34,2018-08-26,21.0,,0.0,96.0,91.0,96.0
US,2018,24,35,2018-09-02,29.0,,0.0,96.0,96.0,96.0
US,2018,25,36,2018-09-09,39.0,,10.0,96.0,96.0,96.0
US,2018,26,37,2018-09-16,49.0,,13.0,96.0,96.0,96.0
US,2018,27,38,2018-09-23,58.0,,16.0,96.0,96.0,96.0
US,2018,28,39,2018-09-30,67.0,,19.0,96.0,96.0,96.0
US,2018,29,40,2018-10-07,78.0,,25.0,96.0,96.0,96.0
US,2018,30,41,2018-10-14,85.0,,32.0,96.0,96.0,96.0
US,2018,31,42,2018-10-21,88.0,,39.0,96.0,96.0,96.0
US,2018,32,43,2018-10-28,91.0,,44.0,96.0,96.0,96.0
US,2018,33,44,2018-11-04,94.0,,49.0,96.0,96.0,96.0
US,2018,34,45,2018-11-11,96.0,,54.0,96.0,96.0,96.0
US,2018,35,46,2018-11-18,96.0,,59.0,96.0,96.0,96.0
US,2018,36,47,2018-11-25,96.0,,70.0,96.0,96.0,96.0
US,2019,2,13,2019-03-31,0.0,,0.0,4.0,0.0,0.0
US,2019,3,14,2019-04-07,0.0,,0.0,6.0,0.0,0.0
US,2019,4,15,2019-04-14,0.0,,0.0,7.0,0.0,0.0
US,2019,5,16,2019-04-21,0.0,,0.0,9.0,0.0,0.0
US,2019,6,17,2019-04-28,0.0,,0.0,11.0,0.0,0.0
US,2019,7,18,2019-05-05,0.0,,0.0,18.0,0.0,0.0
US,2019,8,19,2019-05-12,0.0,,0.0,26.0,0.0,0.0
US,2019,9,20,2019-05-19,0.0,,0.0,44.0,0.0,0.0
US,2019,10,21,2019-05-26,0.0,,0.0,57.0,0.0,0.0
US,2019,11,22,2019-06-02,0.0,,0.0,71.0,0.0,8.0
US,2019,12,23,2019-06-09,0.0,,0.0,75.0,0.0,11.0
US,2019,13,24,2019-06-16,0.0,,0.0,89.0,0.0,19.0
US,2019,14,25,2019-06-23,0.0,,0.0,96.0,3.0,30.0
US,2019,15,26,2019-06-30,0.0,,0.0,96.0,7.0,37.0
US,2019,16,27,2019-07-07,0.0,,0.0,96.0,13.0,47.0
US,2019,17,28,2019-07-14,0.0,,0.0,96.0,20.0,60.0
US,2019,18,29,2019-07-21,0.0,,0.0,96.0,33.0,78.0
US,2019,19,30,2019-07-28,0.0,,0.0,96.0,45.0,86.0
US,2019,20,31,2019-08-04,0.0,,0.0,96.0,59.0,95.0
US,2019,21,32,2019-08-11,20.0,,0.0,96.0,77.0,95.0
US,2019,22,33,2019-08-18,24.0,,0.0,96.0,85.0,95.0
US,2019,23,34,2019-08-25,28.0,,0.0,96.0,90.0,95.0
US,2019,24,35,2019-09-01,36.0,,0.0,96.0,97.0,95.0
US,2019,25,36,2019-09-08,43.0,,7.0,96.0,97.0,95.0
US,2019,26,37,2019-09-15,54.0,,9.0,96.0,97.0,95.0
US,2019,27,38,2019-09-22,64.0,,11.0,96.0,97.0,95.0
US,2019,28,39,2019-09-29,77.0,,16.0,96.0,97.0,95.0
US,2019,29,40,2019-10-06,83.0,,25.0,96.0,97.0,95.0
US,2019,30,41,2019-10-13,87.0,,32.0,96.0,97.0,95.0
US,2019,31,42,2019-10-20,93.0,,40.0,96.0,97.0,95.0
US,2019,32,43,2019-10-27,95.0,,46.0,96.0,97.0,95.0
US,2019,33,44,2019-11-03,95.0,,53.0,96.0,97.0,95.0
US,2019,34,45,2019-11-10,95.0,,62.0,96.0,97.0,95.0
US,2019,35,46,2019-11-17,95.0,,68.0,96.0,97.0,95.0
US,2019,36,47,2019-11-24,95.0,,78.0,96.0,97.0,95.0
US,2019,37,48,2019-12-01,95.0,,83.0,96.0,97.0,95.0
US,2019,38,49,2019-12-08,95.0,,89.0,96.0,97.0,95.0
US,2020,3,14,2020-04-05,0.0,,0.0,7.0,0.0,0.0
US,2020,4,15,2020-04-12,0.0,,0.0,9.0,0.0,0.0
US,2020,5,16,2020-04-19,0.0,,0.0,11.0,0.0,0.0
US,2020,6,17,2020-04-26,0.0,,0.0,13.0,0.0,0.0
US,2020,7,18,2020-05-03,0.0,,0.0,18.0,0.0,0.0
US,2020,8,19,2020-05-10,0.0,,0.0,32.0,0.0,0.0
US,2020,9,20,2020-05-17,0.0,,0.0,44.0,0.0,0.0
US,2020,10,21,2020-05-24,0.0,,0.0,53.0,0.0,0.0
US,2020,11,22,2020-05-31,0.0,,0.0,66.0,0.0,8.0
US,2020,12,23,2020-06-07,0.0,,0.0,78.0,0.0,13.0
US,2020,13,24,2020-06-14,0.0,,0.0,89.0,0.0,16.0
US,2020,14,25,2020-06-21,0.0,,0.0,96.0,6.0,27.0
US,2020,15,26,2020-06-28,0.0,,0.0,96.0,9.0,35.0
US,2020,16,27,2020-07-05,0.0,,0.0,96.0,13.0,47.0
US,2020,17,28,2020-07-12,0.0,,0.0,96.0,18.0,63.0
US,2020,18,29,2020-07-19,0.0,,0.0,96.0,27.0,73.0
US,2020,19,30,2020-07-26,0.0,,0.0,96.0,42.0,84.0
US,2020,20,31,2020-08-02,0.0,,0.0,96.0,54.0,91.0
US,2020,21,32,2020-08-09,9.0,,0.0,96.0,71.0,96.0
US,2020,22,33,2020-08-16,15.0,,0.0,96.0,80.0,96.0
US,2020,23,34,2020-08-23,22.0,,0.0,96.0,88.0,96.0
US,2020,24,35,2020-08-30,29.0,,0.0,96.0,93.0,96.0
US,2020,25,36,2020-09-06,37.0,,0.0,96.0,96.0,96.0
US,2020,26,37,2020-09-13,47.0,,6.0,96.0,96.0,96.0
US,2020,27,38,2020-09-20,57.0,,11.0,96.0,96.0,96.0
US,2020,28,39,2020-09-27,66.0,,13.0,96.0,96.0,96.0
US,2020,29,40,2020-10-04,83.0,,17.0,96.0,96.0,96.0
US,2020,30,41,2020-10-11,90.0,,26.0,96.0,96.0,96.0
US,2020,31,42,2020-10-18,93.0,,34.0,96.0,96.0,96.0
US,2020,32,43,2020-10-25,95.0,,42.0,96.0,96.0,96.0
US,2020,33,44,2020-11-01,95.0,,52.0,96.0,96.0,96.0
US,2020,34,45,2020-11-08,95.0,,61.0,96.0,96.0,96.0
US,2020,35,46,2020-11-15,95.0,,69.0,96.0,96.0,96.0
US,2020,36,47,2020-11-22,95.0,,77.0,96.0,96.0,96.0
US,2020,37,48,2020-11-29,95.0,,84.0,96.0,96.0,96.0
US,2021,2,13,2021-04-04,0.0,,0.0,6.0,0.0,0.0
US,2021,3,14,2021-04-11,0.0,,0.0,8.0,0.0,0.0
US,2021,4,15,2021-04-18,0.0,,0.0,11.0,0.0,0.0
US,2021,5,16,2021-04-25,0.0,,0.0,12.0,0.0,0.0
US,2021,6,17,2021-05-02,0.0,,0.0,16.0,0.0,0.0
US,2021,7,18,2021-05-09,0.0,,0.0,25.0,0.0,0.0
US,2021,8,19,2021-05-16,0.0,,0.0,38.0,0.0,0.0
US,2021,9,20,2021-05-23,0.0,,0.0,49.0,0.0,0.0
US,2021,10,21,2021-05-30,0.0,,0.0,64.0,0.0,6.0
US,2021,11,22,2021-06-06,0.0,,0.0,71.0,0.0,9.0
US,2021,12,23,2021-06-13,0.0,,0.0,90.0,0.0,13.0
US,2021,13,24,2021-06-20,0.0,,0.0,96.0,4.0,21.0
US,2021,14,25,2021-06-27,0.0,,0.0,96.0,7.0,32.0
US,2021,15,26,2021-07-04,0.0,,0.0,96.0,11.0,42.0
US,2021,16,27,2021-07-11,0.0,,0.0,96.0,16.0,55.0
US,2021,17,28,2021-07-18,0.0,,0.0,96.0,23.0,69.0
US,2021,18,29,2021-07-25,0.0,,0.0,96.0,37.0,78.0
US,2021,19,30,2021-08-01,0.0,,0.0,96.0,50.0,82.0
US,2021,20,31,2021-08-08,5.0,,0.0,96.0,63.0,88.0
US,2021,21,32,2021-08-15,10.0,,0.0,96.0,75.0,93.0
US,2021,22,33,2021-08-22,14.0,,0.0,96.0,79.0,97.0
US,2021,23,34,2021-08-29,21.0,,0.0,96.0,86.0,97.0
US,2021,24,35,2021-09-05,29.0,,0.0,96.0,94.0,97.0
US,2021,25,36,2021-09-12,36.0,,5.0,96.0,96.0,97.0
US,2021,26,37,2021-09-19,48.0,,9.0,96.0,96.0,97.0
US,2021,27,38,2021-09-26,60.0,,11.0,96.0,96.0,97.0
US,2021,28,39,2021-10-03,70.0,,13.0,96.0,96.0,97.0
US,2021,29,40,2021-10-10,78.0,,20.0,96.0,96.0,97.0
US,2021,30,41,2021-10-17,86.0,,28.0,96.0,96.0,97.0
US,2021,31,42,2021-10-24,91.0,,35.0,96.0,96.0,97.0
US,2021,32,43,2021-10-31,94.0,,45.0,96.0,96.0,97.0
US,2021,33,44,2021-11-07,98.0,,55.0,96.0,96.0,97.0
US,2021,34,45,2021-11-14,98.0,,65.0,96.0,96.0,97.0
US,2021,35,46,2021-11-21,98.0,,75.0,96.0,96.0,97.0
US,2021,36,47,2021-11-28,98.0,,85.0,96.0,96.0,97.0
US,2022,2,13,2022-04-03,0.0,,0.0,4.0,0.0,0.0
US,2022,3,14,2022-04-10,0.0,,0.0,7.0,0.0,0.0
US,2022,4,15,2022-04-17,0.0,,0.0,10.0,0.0,0.0
US,2022,5,16,2022-04-24,0.0,,0.0,12.0,0.0,0.0
US,2022,6,17,2022-05-01,0.0,,0.0,16.0,0.0,0.0
US,2022,7,18,2022-05-08,0.0,,0.0,24.0,0.0,0.0
US,2022,8,19,2022-05-15,0.0,,0.0,37.0,0.0,0.0
US,2022,9,20,2022-05-22,0.0,,0.0,54.0,0.0,0.0
US,2022,10,21,2022-05-29,0.0,,0.0,68.0,0.0,7.0
US,2022,11,22,2022-06-05,0.0,,0.0,84.0,0.0,11.0
US,2022,12,23,2022-06-12,0.0,,0.0,90.0,0.0,14.0
US,2022,13,24,2022-06-19,0.0,,0.0,96.0,6.0,22.0
US,2022,14,25,2022-06-26,0.0,,0.0,96.0,8.0,33.0
US,2022,15,26,2022-07-03,0.0,,0.0,96.0,13.0,44.0
US,2022,16,27,2022-07-10,0.0,,0.0,96.0,22.0,57.0
US,2022,17,28,2022-07-17,0.0,,0.0,96.0,31.0,74.0
US,2022,18,29,2022-07-24,0.0,,0.0,96.0,48.0,80.0
US,2022,19,30,2022-07-31,0.0,,0.0,96.0,58.0,89.0
US,2022,20,31,2022-08-07,9.0,,0.0,96.0,69.0,95.0
US,2022,21,32,2022-08-14,15.0,,0.0,96.0,80.0,95.0
US,2022,22,33,2022-08-21,19.0,,0.0,96.0,88.0,95.0
US,2022,23,34,2022-08-28,28.0,,0.0,96.0,94.0,95.0
US,2022,24,35,2022-09-04,39.0,,0.0,96.0,97.0,95.0
US,2022,25,36,2022-09-11,49.0,,8.0,96.0,97.0,95.0
US,2022,26,37,2022-09-18,59.0,,11.0,96.0,97.0,95.0
US,2022,27,38,2022-09-25,67.0,,15.0,96.0,97.0,95.0
US,2022,28,39,2022-10-02,77.0,,22.0,96.0,97.0,95.0
US,2022,29,40,2022-10-09,84.0,,29.0,96.0,97.0,95.0
US,2022,30,41,2022-10-16,89.0,,37.0,96.0,97.0,95.0
US,2022,31,42,2022-10-23,92.0,,45.0,96.0,97.0,95.0
US,2022,32,43,2022-10-30,96.0,,55.0,96.0,97.0,95.0
US,2022,33,44,2022-11-06,96.0,,62.0,96.0,97.0,95.0
US,2022,34,45,2022-11-13,96.0,,71.0,96.0,97.0,95.0
US,2022,35,46,2022-11-20,96.0,,79.0,96.0,97.0,95.0
US,2022,36,47,2022-11-27,96.0,,84.0,96.0,97.0,95.0
US,2023,2,13,2023-04-02,0.0,,0.0,4.0,0.0,0.0
US,2023,3,14,2023-04-09,0.0,,0.0,6.0,0.0,0.0
US,2023,4,15,2023-04-16,0.0,,0.0,8.0,0.0,0.0
US,2023,5,16,2023-04-23,0.0,,0.0,12.0,0.0,0.0
US,2023,6,17,2023-04-30,0.0,,0.0,15.0,0.0,0.0
US,2023,7,18,2023-05-07,0.0,,0.0,22.0,0.0,0.0
US,2023,8,19,2023-05-14,0.0,,0.0,35.0,0.0,0.0
US,2023,9,20,2023-05-21,0.0,,0.0,45.0,0.0,0.0
US,2023,10,21,2023-05-28,0.0,,0.0,60.0,0.0,3.0
US,2023,11,22,2023-06-04,0.0,,0.0,71.0,0.0,6.0
US,2023,12,23,2023-06-11,0.0,,0.0,81.0,0.0,11.0
US,2023,13,24,2023-06-18,0.0,,0.0,89.0,3.0,19.0
US,2023,14,25,2023-06-25,0.0,,0.0,95.0,5.0,28.0
US,2023,15,26,2023-07-02,0.0,,0.0,95.0,11.0,42.0
US,2023,16,27,2023-07-09,0.0,,0.0,95.0,17.0,55.0
US,2023,17,28,2023-07-16,0.0,,0.0,95.0,25.0,64.0
US,2023,18,29,2023-07-23,0.0,,0.0,95.0,37.0,78.0
US,2023,19,30,2023-07-30,0.0,,0.0,95.0,47.0,86.0
US,2023,20,31,2023-08-06,8.0,,0.0,95.0,63.0,92.0
US,2023,21,32,2023-08-13,13.0,,0.0,95.0,72.0,96.0
US,2023,22,33,2023-08-20,18.0,,0.0,95.0,81.0,96.0
US,2023,23,34,2023-08-27,25.0,,0.0,95.0,90.0,96.0
US,2023,24,35,2023-09-03,32.0,,0.0,95.0,94.0,96.0
US,2023,25,36,2023-09-10,43.0,,8.0,95.0,98.0,96.0
US,2023,26,37,2023-09-17,55.0,,9.0,95.0,98.0,96.0
US,2023,27,38,2023-09-24,65.0,,13.0,95.0,98.0,96.0
US,2023,28,39,2023-10-01,75.0,,18.0,95.0,98.0,96.0
US,2023,29,40,2023-10-08,82.0,,25.0,95.0,98.0,96.0
US,2023,30,41,2023-10-15,87.0,,33.0,95.0,98.0,96.0
US,2023,31,42,2023-10-22,90.0,,41.0,95.0,98.0,96.0
US,2023,32,43,2023-10-29,93.0,,49.0,95.0,98.0,96.0
US,2023,33,44,2023-11-05,95.0,,57.0,95.0,98.0,96.0
US,2023,34,45,2023-11-12,95.0,,67.0,95.0,98.0,96.0
US,2023,35,46,2023-11-19,95.0,,77.0,95.0,98.0,96.0
US,2023,36,47,2023-11-26,95.0,,83.0,95.0,98.0,96.0
US,2024,2,13,2024-03-31,0.0,,0.0,3.0,0.0,0.0
US,2024,3,14,2024-04-07,0.0,,0.0,5.0,0.0,0.0
US,2024,4,15,2024-04-14,0.0,,0.0,8.0,0.0,0.0
US,2024,5,16,2024-04-21,0.0,,0.0,11.0,0.0,0.0
US,2024,6,17,2024-04-28,0.0,,0.0,15.0,0.0,0.0
US,2024,7,18,2024-05-05,0.0,,0.0,24.0,0.0,0.0
US,2024,8,19,2024-05-12,0.0,,0.0,33.0,0.0,0.0
US,2024,9,20,2024-05-19,0.0,,0.0,44.0,0.0,0.0
US,2024,10,21,2024-05-26,0.0,,0.0,59.0,0.0,4.0
US,2024,11,22,2024-06-02,0.0,,0.0,70.0,0.0,9.0
US,2024,12,23,2024-06-09,0.0,,0.0,80.0,0.0,14.0
US,2024,13,24,2024-06-16,0.0,,0.0,90.0,6.0,22.0
US,2024,14,25,2024-06-23,0.0,,0.0,94.0,8.0,30.0
US,2024,15,26,2024-06-30,0.0,,0.0,97.0,11.0,43.0
US,2024,16,27,2024-07-07,0.0,,0.0,97.0,19.0,52.0
US,2024,17,28,2024-07-14,0.0,,0.0,97.0,27.0,64.0
US,2024,18,29,2024-07-21,0.0,,0.0,97.0,42.0,81.0
US,2024,19,30,2024-07-28,0.0,,0.0,97.0,54.0,87.0
US,2024,20,31,2024-08-04,8.0,,0.0,97.0,60.0,91.0
US,2024,21,32,2024-08-11,13.0,,0.0,97.0,74.0,96.0
US,2024,22,33,2024-08-18,19.0,,0.0,97.0,84.0,96.0
US,2024,23,34,2024-08-25,25.0,,0.0,97.0,89.0,96.0
US,2024,24,35,2024-09-01,37.0,,0.0,97.0,95.0,96.0
US,2024,25,36,2024-09-08,45.0,,8.0,97.0,95.0,96.0
US,2024,26,37,2024-09-15,54.0,,10.0,97.0,95.0,96.0
US,2024,27,38,2024-09-22,63.0,,14.0,97.0,95.0,96.0
US,2024,28,39,2024-09-29,72.0,,20.0,97.0,95.0,96.0
US,2024,29,40,2024-10-06,82.0,,26.0,97.0,95.0,96.0
US,2024,30,41,2024-10-13,88.0,,34.0,97.0,95.0,96.0
US,2024,31,42,2024-10-20,94.0,,44.0,97.0,95.0,96.0
US,2024,32,43,2024-10-27,97.0,,52.0,97.0,95.0,96.0
US,2024,33,44,2024-11-03,97.0,,63.0,97.0,95.0,96.0
US,2024,34,45,2024-11-10,97.0,,71.0,97.0,95.0,96.0
US,2024,35,46,2024-11-17,97.0,,77.0,97.0,95.0,96.0
US,2024,36,47,2024-11-24,97.0,,84.0,97.0,95.0,96.0
US,2025,3,14,2025-04-06,0.0,,0.0,4.0,0.0,0.0
US,2025,4,15,2025-04-13,0.0,,0.0,5.0,0.0,0.0
US,2025,5,16,2025-04-20,0.0,,0.0,11.0,0.0,0.0
US,2025,6,17,2025-04-27,0.0,,0.0,15.0,0.0,0.0
US,2025,7,18,2025-05-04,0.0,,0.0,21.0,0.0,0.0
US,2025,8,19,2025-05-11,0.0,,0.0,28.0,0.0,0.0
US,2025,9,20,2025-05-18,0.0,,0.0,40.0,0.0,0.0
US,2025,10,21,2025-05-25,0.0,,0.0,52.0,0.0,3.0
US,2025,11,22,2025-06-01,0.0,,0.0,66.0,0.0,8.0
US,2025,12,23,2025-06-08,0.0,,0.0,76.0,0.0,12.0
US,2025,13,24,2025-06-15,0.0,,0.0,85.0,3.0,19.0
US,2025,14,25,2025-06-22,0.0,,0.0,92.0,5.0,26.0
US,2025,15,26,2025-06-29,0.0,,0.0,95.0,9.0,40.0
US,2025,16,27,2025-07-06,0.0,,0.0,95.0,14.0,48.0
US,2025,17,28,2025-07-13,0.0,,0.0,95.0,23.0,61.0
US,2025,18,29,2025-07-20,0.0,,0.0,95.0,33.0,71.0
US,2025,19,30,2025-07-27,0.0,,0.0,95.0,44.0,80.0
US,2025,20,31,2025-08-03,5.0,,0.0,95.0,55.0,87.0
US,2025,21,32,2025-08-10,8.0,,0.0,95.0,65.0,93.0
US,2025,22,33,2025-08-17,13.0,,0.0,95.0,73.0,97.0
US,2025,23,34,2025-08-24,20.0,,0.0,95.0,81.0,97.0
US,2025,24,35,2025-08-31,28.0,,0.0,95.0,90.0,97.0
US,2025,25,36,2025-09-07,40.0,,8.0,95.0,97.0,97.0
US,2025,26,37,2025-09-14,50.0,,9.0,95.0,97.0,97.0
US,2025,27,38,2025-09-21,60.0,,12.0,95.0,97.0,97.0
US,2025,28,39,2025-09-28,67.0,,16.0,95.0,97.0,97.0
US,2025,35,46,2025-11-16,67.0,,71.0,95.0,97.0,97.0
US,2025,36,47,2025-11-23,67.0,,79.0,95.0,97.0,97.0
