state_alpha,season,week,cal_week,week_ending,PCT BLOOMING,PCT COLORING,PCT DROPPING LEAVES,PCT EMERGED,PCT FULLY PODDED,PCT HARVESTED,PCT MATURE,PCT PLANTED,PCT SETTING PODS
AL,2016,6,17,2016-05-01,0.0,,0.0,0.0,,0.0,,5.0,0.0
AL,2016,7,18,2016-05-08,0.0,,0.0,0.0,,0.0,,24.0,0.0
AL,2016,8,19,2016-05-15,0.0,,0.0,9.0,,0.0,,36.0,0.0
AL,2016,9,20,2016-05-22,0.0,,0.0,28.0,,0.0,,51.0,0.0
AL,2016,10,21,2016-05-29,0.0,,0.0,42.0,,0.0,,60.0,0.0
AL,2016,11,22,2016-06-05,0.0,,0.0,52.0,,0.0,,71.0,0.0
AL,2016,12,23,2016-06-12,5.0,,0.0,61.0,,0.0,,77.0,0.0
AL,2016,13,24,2016-06-19,14.0,,0.0,72.0,,0.0,,88.0,0.0
AL,2016,14,25,2016-06-26,18.0,,0.0,77.0,,0.0,,93.0,0.0
AL,2016,15,26,2016-07-03,25.0,,0.0,92.0,,0.0,,98.0,3.0
AL,2016,16,27,2016-07-10,47.0,,0.0,97.0,,0.0,,98.0,11.0
AL,2016,17,28,2016-07-17,63.0,,0.0,97.0,,0.0,,98.0,33.0
AL,2016,18,29,2016-07-24,70.0,,0.0,97.0,,0.0,,98.0,42.0
AL,2016,19,30,2016-07-31,91.0,,0.0,97.0,,0.0,,98.0,60.0
AL,2016,20,31,2016-08-07,95.0,,0.0,97.0,,0.0,,98.0,72.0
AL,2016,21,32,2016-08-14,95.0,,1.0,97.0,,0.0,,98.0,82.0
AL,2016,22,33,2016-08-21,95.0,,14.0,97.0,,0.0,,98.0,95.0
AL,2016,23,34,2016-08-28,95.0,,23.0,97.0,,0.0,,98.0,95.0
AL,2016,24,35,2016-09-04,95.0,,32.0,97.0,,0.0,,98.0,95.0
AL,2016,25,36,2016-09-11,95.0,,41.0,97.0,,1.0,,98.0,95.0
AL,2016,26,37,2016-09-18,95.0,,55.0,97.0,,11.0,,98.0,95.0
AL,2016,27,38,2016-09-25,95.0,,72.0,97.0,,27.0,,98.0,95.0
AL,2016,28,39,2016-10-02,95.0,,84.0,97.0,,34.0,,98.0,95.0
AL,2016,29,40,2016-10-09,95.0,,94.0,97.0,,43.0,,98.0,95.0
AL,2016,30,41,2016-10-16,95.0,,96.0,97.0,,57.0,,98.0,95.0
AL,2016,31,42,2016-10-23,95.0,,96.0,97.0,,71.0,,98.0,95.0
AL,2016,32,43,2016-10-30,95.0,,96.0,97.0,,83.0,,98.0,95.0
AL,2016,33,44,2016-11-06,95.0,,96.0,97.0,,87.0,,98.0,95.0
AL,2016,34,45,2016-11-13,95.0,,96.0,97.0,,91.0,,98.0,95.0
AL,2016,35,46,2016-11-20,95.0,,96.0,97.0,,95.0,,98.0,95.0
AL,2017,6,17,2017-04-30,0.0,,0.0,0.0,,0.0,,2.0,0.0
AL,2017,7,18,2017-05-07,0.0,,0.0,0.0,,0.0,,20.0,0.0
AL,2017,8,19,2017-05-14,0.0,,0.0,7.0,,0.0,,50.0,0.0
AL,2017,9,20,2017-05-21,0.0,,0.0,25.0,,0.0,,64.0,0.0
AL,2017,10,21,2017-05-28,0.0,,0.0,42.0,,0.0,,65.0,0.0
AL,2017,11,22,2017-06-04,0.0,,0.0,56.0,,0.0,,73.0,0.0
AL,2017,12,23,2017-06-11,3.0,,0.0,65.0,,0.0,,78.0,0.0
AL,2017,13,24,2017-06-18,17.0,,0.0,71.0,,0.0,,86.0,0.0
AL,2017,14,25,2017-06-25,37.0,,0.0,80.0,,0.0,,91.0,0.0
AL,2017,15,26,2017-07-02,44.0,,0.0,88.0,,0.0,,96.0,0.0
AL,2017,16,27,2017-07-09,57.0,,0.0,95.0,,0.0,,96.0,0.0
AL,2017,17,28,2017-07-16,61.0,,0.0,95.0,,0.0,,96.0,7.0
AL,2017,18,29,2017-07-23,74.0,,0.0,95.0,,0.0,,96.0,42.0
AL,2017,19,30,2017-07-30,81.0,,0.0,95.0,,0.0,,96.0,50.0
AL,2017,20,31,2017-08-06,89.0,,0.0,95.0,,0.0,,96.0,61.0
AL,2017,21,32,2017-08-13,92.0,,0.0,95.0,,0.0,,96.0,67.0
AL,2017,22,33,2017-08-20,97.0,,2.0,95.0,,0.0,,96.0,78.0
AL,2017,23,34,2017-08-27,97.0,,10.0,95.0,,0.0,,96.0,88.0
AL,2017,24,35,2017-09-03,97.0,,27.0,95.0,,0.0,,96.0,96.0
AL,2017,25,36,2017-09-10,97.0,,36.0,95.0,,0.0,,96.0,96.0
AL,2017,26,37,2017-09-17,97.0,,45.0,95.0,,2.0,,96.0,96.0
AL,2017,27,38,2017-09-24,97.0,,54.0,95.0,,11.0,,96.0,96.0
AL,2017,28,39,2017-10-01,97.0,,70.0,95.0,,23.0,,96.0,96.0
AL,2017,29,40,2017-10-08,97.0,,86.0,95.0,,34.0,,96.0,96.0
AL,2017,30,41,2017-10-15,97.0,,92.0,95.0,,43.0,,96.0,96.0
AL,2017,31,42,2017-10-22,97.0,,96.0,95.0,,65.0,,96.0,96.0
AL,2017,32,43,2017-10-29,97.0,,96.0,95.0,,74.0,,96.0,96.0
AL,2017,33,44,2017-11-05,97.0,,96.0,95.0,,80.0,,96.0,96.0
AL,2017,34,45,2017-11-12,97.0,,96.0,95.0,,82.0,,96.0,96.0
AL,2017,35,46,2017-11-19,97.0,,96.0,95.0,,87.0,,96.0,96.0
AL,2017,36,47,2017-11-26,97.0,,96.0,95.0,,91.0,,96.0,96.0
AL,2018,6,17,2018-04-29,0.0,,0.0,0.0,,0.0,,1.0,0.0
AL,2018,7,18,2018-05-06,0.0,,0.0,0.0,,0.0,,15.0,0.0
AL,2018,8,19,2018-05-13,0.0,,0.0,10.0,,0.0,,33.0,0.0
AL,2018,9,20,2018-05-20,0.0,,0.0,36.0,,0.0,,43.0,0.0
AL,2018,10,21,2018-05-27,0.0,,0.0,41.0,,0.0,,54.0,0.0
AL,2018,11,22,2018-06-03,0.0,,0.0,53.0,,0.0,,62.0,0.0
AL,2018,12,23,2018-06-10,2.0,,0.0,60.0,,0.0,,68.0,0.0
AL,2018,13,24,2018-06-17,5.0,,0.0,67.0,,0.0,,84.0,0.0
AL,2018,14,25,2018-06-24,18.0,,0.0,79.0,,0.0,,94.0,0.0
AL,2018,15,26,2018-07-01,29.0,,0.0,91.0,,0.0,,96.0,0.0
AL,2018,16,27,2018-07-08,42.0,,0.0,93.0,,0.0,,96.0,0.0
AL,2018,17,28,2018-07-15,58.0,,0.0,95.0,,0.0,,96.0,12.0
AL,2018,18,29,2018-07-22,76.0,,0.0,95.0,,0.0,,96.0,40.0
AL,2018,19,30,2018-07-29,80.0,,0.0,95.0,,0.0,,96.0,55.0
AL,2018,20,31,2018-08-05,86.0,,0.0,95.0,,0.0,,96.0,65.0
AL,2018,21,32,2018-08-12,92.0,,0.0,95.0,,0.0,,96.0,73.0
AL,2018,22,33,2018-08-19,94.0,,0.0,95.0,,0.0,,96.0,78.0
AL,2018,23,34,2018-08-26,95.0,,7.0,95.0,,0.0,,96.0,84.0
AL,2018,24,35,2018-09-02,95.0,,32.0,95.0,,0.0,,96.0,94.0
AL,2018,25,36,2018-09-09,95.0,,43.0,95.0,,0.0,,96.0,98.0
AL,2018,26,37,2018-09-16,95.0,,64.0,95.0,,3.0,,96.0,98.0
AL,2018,27,38,2018-09-23,95.0,,73.0,95.0,,13.0,,96.0,98.0
AL,2018,28,39,2018-09-30,95.0,,81.0,95.0,,18.0,,96.0,98.0
AL,2018,29,40,2018-10-07,95.0,,90.0,95.0,,24.0,,96.0,98.0
AL,2018,30,41,2018-10-14,95.0,,93.0,95.0,,46.0,,96.0,98.0
AL,2018,31,42,2018-10-21,95.0,,96.0,95.0,,55.0,,96.0,98.0
AL,2018,32,43,2018-10-28,95.0,,96.0,95.0,,61.0,,96.0,98.0
AL,2018,33,44,2018-11-04,95.0,,96.0,95.0,,69.0,,96.0,98.0
AL,2018,34,45,2018-11-11,95.0,,96.0,95.0,,73.0,,96.0,98.0
AL,2018,35,46,2018-11-18,95.0,,96.0,95.0,,77.0,,96.0,98.0
AL,2018,36,47,2018-11-25,95.0,,96.0,95.0,,81.0,,96.0,98.0
AL,2019,7,18,2019-05-05,0.0,,0.0,0.0,,0.0,,3.0,0.0
AL,2019,8,19,2019-05-12,0.0,,0.0,3.0,,0.0,,13.0,0.0
AL,2019,9,20,2019-05-19,0.0,,0.0,13.0,,0.0,,31.0,0.0
AL,2019,10,21,2019-05-26,0.0,,0.0,31.0,,0.0,,52.0,0.0
AL,2019,11,22,2019-06-02,0.0,,0.0,44.0,,0.0,,56.0,0.0
AL,2019,12,23,2019-06-09,0.0,,0.0,50.0,,0.0,,61.0,0.0
AL,2019,13,24,2019-06-16,7.0,,0.0,57.0,,0.0,,73.0,0.0
AL,2019,14,25,2019-06-23,20.0,,0.0,63.0,,0.0,,89.0,0.0
AL,2019,15,26,2019-06-30,46.0,,0.0,86.0,,0.0,,96.0,0.0
AL,2019,16,27,2019-07-07,54.0,,0.0,95.0,,0.0,,96.0,2.0
AL,2019,17,28,2019-07-14,58.0,,0.0,95.0,,0.0,,96.0,17.0
AL,2019,18,29,2019-07-21,68.0,,0.0,95.0,,0.0,,96.0,47.0
AL,2019,19,30,2019-07-28,75.0,,0.0,95.0,,0.0,,96.0,52.0
AL,2019,20,31,2019-08-04,82.0,,0.0,95.0,,0.0,,96.0,61.0
AL,2019,21,32,2019-08-11,87.0,,0.0,95.0,,0.0,,96.0,65.0
AL,2019,22,33,2019-08-18,93.0,,2.0,95.0,,0.0,,96.0,73.0
AL,2019,23,34,2019-08-25,97.0,,11.0,95.0,,0.0,,96.0,87.0
AL,2019,24,35,2019-09-01,97.0,,19.0,95.0,,0.0,,96.0,92.0
AL,2019,25,36,2019-09-08,97.0,,29.0,95.0,,0.0,,96.0,97.0
AL,2019,26,37,2019-09-15,97.0,,43.0,95.0,,0.0,,96.0,97.0
AL,2019,27,38,2019-09-22,97.0,,69.0,95.0,,11.0,,96.0,97.0
AL,2019,28,39,2019-09-29,97.0,,81.0,95.0,,18.0,,96.0,97.0
AL,2019,29,40,2019-10-06,97.0,,93.0,95.0,,40.0,,96.0,97.0
AL,2019,30,41,2019-10-13,97.0,,96.0,95.0,,59.0,,96.0,97.0
AL,2019,31,42,2019-10-20,97.0,,96.0,95.0,,66.0,,96.0,97.0
AL,2019,32,43,2019-10-27,97.0,,96.0,95.0,,74.0,,96.0,97.0
AL,2019,33,44,2019-11-03,97.0,,96.0,95.0,,81.0,,96.0,97.0
AL,2019,34,45,2019-11-10,97.0,,96.0,95.0,,86.0,,96.0,97.0
AL,2019,35,46,2019-11-17,97.0,,96.0,95.0,,89.0,,96.0,97.0
AL,2019,36,47,2019-11-24,97.0,,96.0,95.0,,94.0,,96.0,97.0
AL,2020,7,18,2020-05-03,0.0,,0.0,0.0,,0.0,,6.0,0.0
AL,2020,8,19,2020-05-10,0.0,,0.0,6.0,,0.0,,19.0,0.0
AL,2020,9,20,2020-05-17,0.0,,0.0,19.0,,0.0,,33.0,0.0
AL,2020,10,21,2020-05-24,0.0,,0.0,27.0,,0.0,,44.0,0.0
AL,2020,11,22,2020-05-31,0.0,,0.0,38.0,,0.0,,57.0,0.0
AL,2020,12,23,2020-06-07,0.0,,0.0,47.0,,0.0,,67.0,0.0
AL,2020,13,24,2020-06-14,0.0,,0.0,59.0,,0.0,,77.0,0.0
AL,2020,14,25,2020-06-21,7.0,,0.0,73.0,,0.0,,86.0,0.0
AL,2020,15,26,2020-06-28,29.0,,0.0,81.0,,0.0,,93.0,0.0
AL,2020,16,27,2020-07-05,36.0,,0.0,93.0,,0.0,,100.0,0.0
AL,2020,17,28,2020-07-12,48.0,,0.0,98.0,,0.0,,100.0,6.0
AL,2020,18,29,2020-07-19,65.0,,0.0,98.0,,0.0,,100.0,19.0
AL,2020,19,30,2020-07-26,78.0,,0.0,98.0,,0.0,,100.0,50.0
AL,2020,20,31,2020-08-02,84.0,,0.0,98.0,,0.0,,100.0,63.0
AL,2020,21,32,2020-08-09,91.0,,0.0,98.0,,0.0,,100.0,76.0
AL,2020,22,33,2020-08-16,96.0,,0.0,98.0,,0.0,,100.0,86.0
AL,2020,23,34,2020-08-23,96.0,,6.0,98.0,,0.0,,100.0,92.0
AL,2020,24,35,2020-08-30,96.0,,12.0,98.0,,0.0,,100.0,94.0
AL,2020,25,36,2020-09-06,96.0,,21.0,98.0,,0.0,,100.0,95.0
AL,2020,26,37,2020-09-13,96.0,,33.0,98.0,,0.0,,100.0,95.0
AL,2020,27,38,2020-09-20,96.0,,50.0,98.0,,1.0,,100.0,95.0
AL,2020,28,39,2020-09-27,96.0,,59.0,98.0,,3.0,,100.0,95.0
AL,2020,29,40,2020-10-04,96.0,,72.0,98.0,,7.0,,100.0,95.0
AL,2020,30,41,2020-10-11,96.0,,86.0,98.0,,15.0,,100.0,95.0
AL,2020,31,42,2020-10-18,96.0,,92.0,98.0,,28.0,,100.0,95.0
AL,2020,32,43,2020-10-25,96.0,,95.0,98.0,,45.0,,100.0,95.0
AL,2020,33,44,2020-11-01,96.0,,95.0,98.0,,55.0,,100.0,95.0
AL,2020,34,45,2020-11-08,96.0,,95.0,98.0,,72.0,,100.0,95.0
AL,2020,35,46,2020-11-15,96.0,,95.0,98.0,,82.0,,100.0,95.0
AL,2020,36,47,2020-11-22,96.0,,95.0,98.0,,91.0,,100.0,95.0
AL,2020,37,48,2020-11-29,96.0,,95.0,98.0,,96.0,,100.0,95.0
AL,2021,6,17,2021-05-02,0.0,,0.0,0.0,,0.0,,2.0,0.0
AL,2021,7,18,2021-05-09,0.0,,0.0,0.0,,0.0,,18.0,0.0
AL,2021,8,19,2021-05-16,0.0,,0.0,8.0,,0.0,,32.0,0.0
AL,2021,9,20,2021-05-23,0.0,,0.0,24.0,,0.0,,45.0,0.0
AL,2021,10,21,2021-05-30,0.0,,0.0,45.0,,0.0,,61.0,0.0
AL,2021,11,22,2021-06-06,0.0,,0.0,53.0,,0.0,,64.0,0.0
AL,2021,12,23,2021-06-13,1.0,,0.0,61.0,,0.0,,69.0,0.0
AL,2021,13,24,2021-06-20,5.0,,0.0,67.0,,0.0,,72.0,0.0
AL,2021,14,25,2021-06-27,7.0,,0.0,70.0,,0.0,,84.0,0.0
AL,2021,15,26,2021-07-04,23.0,,0.0,83.0,,0.0,,96.0,0.0
AL,2021,16,27,2021-07-11,32.0,,0.0,95.0,,0.0,,96.0,4.0
AL,2021,17,28,2021-07-18,60.0,,0.0,95.0,,0.0,,96.0,29.0
AL,2021,18,29,2021-07-25,75.0,,0.0,95.0,,0.0,,96.0,38.0
AL,2021,19,30,2021-08-01,83.0,,0.0,95.0,,0.0,,96.0,56.0
AL,2021,20,31,2021-08-08,91.0,,0.0,95.0,,0.0,,96.0,66.0
AL,2021,21,32,2021-08-15,95.0,,0.0,95.0,,0.0,,96.0,79.0
AL,2021,22,33,2021-08-22,98.0,,2.0,95.0,,0.0,,96.0,84.0
AL,2021,23,34,2021-08-29,98.0,,7.0,95.0,,0.0,,96.0,87.0
AL,2021,24,35,2021-09-05,98.0,,17.0,95.0,,0.0,,96.0,95.0
AL,2021,25,36,2021-09-12,98.0,,31.0,95.0,,0.0,,96.0,95.0
AL,2021,26,37,2021-09-19,98.0,,37.0,95.0,,1.0,,96.0,95.0
AL,2021,27,38,2021-09-26,98.0,,59.0,95.0,,4.0,,96.0,95.0
AL,2021,28,39,2021-10-03,98.0,,73.0,95.0,,11.0,,96.0,95.0
AL,2021,29,40,2021-10-10,98.0,,85.0,95.0,,16.0,,96.0,95.0
AL,2021,30,41,2021-10-17,98.0,,92.0,95.0,,28.0,,96.0,95.0
AL,2021,31,42,2021-10-24,98.0,,94.0,95.0,,39.0,,96.0,95.0
AL,2021,32,43,2021-10-31,98.0,,96.0,95.0,,44.0,,96.0,95.0
AL,2021,33,44,2021-11-07,98.0,,96.0,95.0,,56.0,,96.0,95.0
AL,2021,34,45,2021-11-14,98.0,,96.0,95.0,,70.0,,96.0,95.0
AL,2021,35,46,2021-11-21,98.0,,96.0,95.0,,85.0,,96.0,95.0
AL,2021,36,47,2021-11-28,98.0,,96.0,95.0,,92.0,,96.0,95.0
AL,2022,4,15,2022-04-17,0.0,,0.0,0.0,,0.0,,0.0,0.0
AL,2022,5,16,2022-04-24,0.0,,0.0,0.0,,0.0,,0.0,0.0
AL,2022,6,17,2022-05-01,0.0,,0.0,0.0,,0.0,,2.0,0.0
AL,2022,7,18,2022-05-08,0.0,,0.0,0.0,,0.0,,12.0,0.0
AL,2022,8,19,2022-05-15,0.0,,0.0,10.0,,0.0,,35.0,0.0
AL,2022,9,20,2022-05-22,0.0,,0.0,24.0,,0.0,,48.0,0.0
AL,2022,10,21,2022-05-29,0.0,,0.0,46.0,,0.0,,65.0,0.0
AL,2022,11,22,2022-06-05,0.0,,0.0,54.0,,0.0,,72.0,0.0
AL,2022,12,23,2022-06-12,0.0,,0.0,64.0,,0.0,,86.0,0.0
AL,2022,13,24,2022-06-19,8.0,,0.0,77.0,,0.0,,89.0,0.0
AL,2022,14,25,2022-06-26,21.0,,0.0,85.0,,0.0,,93.0,0.0
AL,2022,15,26,2022-07-03,36.0,,0.0,88.0,,0.0,,98.0,1.0
AL,2022,16,27,2022-07-10,48.0,,0.0,96.0,,0.0,,98.0,9.0
AL,2022,17,28,2022-07-17,61.0,,0.0,96.0,,0.0,,98.0,29.0
AL,2022,18,29,2022-07-24,76.0,,0.0,96.0,,0.0,,98.0,45.0
AL,2022,19,30,2022-07-31,79.0,,0.0,96.0,,0.0,,98.0,57.0
AL,2022,20,31,2022-08-07,82.0,,0.0,96.0,,0.0,,98.0,65.0
AL,2022,21,32,2022-08-14,86.0,,0.0,96.0,,0.0,,98.0,70.0
AL,2022,22,33,2022-08-21,96.0,,4.0,96.0,,0.0,,98.0,81.0
AL,2022,23,34,2022-08-28,96.0,,11.0,96.0,,0.0,,98.0,89.0
AL,2022,24,35,2022-09-04,96.0,,24.0,96.0,,0.0,,98.0,94.0
AL,2022,25,36,2022-09-11,96.0,,31.0,96.0,,0.0,,98.0,99.0
AL,2022,26,37,2022-09-18,96.0,,43.0,96.0,,1.0,,98.0,99.0
AL,2022,27,38,2022-09-25,96.0,,64.0,96.0,,11.0,,98.0,99.0
AL,2022,28,39,2022-10-02,96.0,,72.0,96.0,,18.0,,98.0,99.0
AL,2022,29,40,2022-10-09,96.0,,89.0,96.0,,31.0,,98.0,99.0
AL,2022,30,41,2022-10-16,96.0,,94.0,96.0,,44.0,,98.0,99.0
AL,2022,31,42,2022-10-23,96.0,,97.0,96.0,,65.0,,98.0,99.0
AL,2022,32,43,2022-10-30,96.0,,97.0,96.0,,76.0,,98.0,99.0
AL,2022,33,44,2022-11-06,96.0,,97.0,96.0,,83.0,,98.0,99.0
AL,2022,34,45,2022-11-13,96.0,,97.0,96.0,,92.0,,98.0,99.0
AL,2022,35,46,2022-11-20,96.0,,97.0,96.0,,95.0,,98.0,99.0
AL,2023,4,15,2023-04-16,0.0,,0.0,0.0,,0.0,,0.0,0.0
AL,2023,5,16,2023-04-23,0.0,,0.0,0.0,,0.0,,1.0,0.0
AL,2023,6,17,2023-04-30,0.0,,0.0,0.0,,0.0,,5.0,0.0
AL,2023,7,18,2023-05-07,0.0,,0.0,0.0,,0.0,,15.0,0.0
AL,2023,8,19,2023-05-14,0.0,,0.0,6.0,,0.0,,34.0,0.0
AL,2023,9,20,2023-05-21,0.0,,0.0,19.0,,0.0,,44.0,0.0
AL,2023,10,21,2023-05-28,0.0,,0.0,33.0,,0.0,,65.0,0.0
AL,2023,11,22,2023-06-04,0.0,,0.0,54.0,,0.0,,75.0,0.0
AL,2023,12,23,2023-06-11,1.0,,0.0,62.0,,0.0,,80.0,0.0
AL,2023,13,24,2023-06-18,9.0,,0.0,84.0,,0.0,,89.0,0.0
AL,2023,14,25,2023-06-25,22.0,,0.0,89.0,,0.0,,94.0,0.0
AL,2023,15,26,2023-07-02,39.0,,0.0,92.0,,0.0,,98.0,1.0
AL,2023,16,27,2023-07-09,50.0,,0.0,96.0,,0.0,,98.0,10.0
AL,2023,17,28,2023-07-16,63.0,,0.0,96.0,,0.0,,98.0,33.0
AL,2023,18,29,2023-07-23,75.0,,0.0,96.0,,0.0,,98.0,48.0
AL,2023,19,30,2023-07-30,84.0,,0.0,96.0,,0.0,,98.0,61.0
AL,2023,20,31,2023-08-06,92.0,,0.0,96.0,,0.0,,98.0,73.0
AL,2023,21,32,2023-08-13,94.0,,0.0,96.0,,0.0,,98.0,82.0
AL,2023,22,33,2023-08-20,96.0,,1.0,96.0,,0.0,,98.0,86.0
AL,2023,23,34,2023-08-27,96.0,,9.0,96.0,,0.0,,98.0,90.0
AL,2023,24,35,2023-09-03,96.0,,23.0,96.0,,0.0,,98.0,93.0
AL,2023,25,36,2023-09-10,96.0,,34.0,96.0,,0.0,,98.0,97.0
AL,2023,26,37,2023-09-17,96.0,,42.0,96.0,,2.0,,98.0,97.0
AL,2023,27,38,2023-09-24,96.0,,58.0,96.0,,11.0,,98.0,97.0
AL,2023,28,39,2023-10-01,96.0,,77.0,96.0,,21.0,,98.0,97.0
AL,2023,29,40,2023-10-08,96.0,,86.0,96.0,,35.0,,98.0,97.0
AL,2023,30,41,2023-10-15,96.0,,94.0,96.0,,43.0,,98.0,97.0
AL,2023,31,42,2023-10-22,96.0,,97.0,96.0,,56.0,,98.0,97.0
AL,2023,32,43,2023-10-29,96.0,,97.0,96.0,,69.0,,98.0,97.0
AL,2023,33,44,2023-11-05,96.0,,97.0,96.0,,80.0,,98.0,97.0
AL,2023,34,45,2023-11-12,96.0,,97.0,96.0,,94.0,,98.0,97.0
AL,2023,35,46,2023-11-19,96.0,,97.0,96.0,,96.0,,98.0,97.0
AL,2024,4,15,2024-04-14,0.0,,0.0,0.0,,0.0,,0.0,0.0
AL,2024,5,16,2024-04-21,0.0,,0.0,0.0,,0.0,,2.0,0.0
AL,2024,6,17,2024-04-28,0.0,,0.0,0.0,,0.0,,9.0,0.0
AL,2024,7,18,2024-05-05,0.0,,0.0,0.0,,0.0,,21.0,0.0
AL,2024,8,19,2024-05-12,0.0,,0.0,7.0,,0.0,,36.0,0.0
AL,2024,9,20,2024-05-19,0.0,,0.0,22.0,,0.0,,50.0,0.0
AL,2024,10,21,2024-05-26,0.0,,0.0,41.0,,0.0,,62.0,0.0
AL,2024,11,22,2024-06-02,0.0,,0.0,50.0,,0.0,,72.0,0.0
AL,2024,12,23,2024-06-09,0.0,,0.0,57.0,,0.0,,80.0,0.0
AL,2024,13,24,2024-06-16,4.0,,0.0,69.0,,0.0,,88.0,0.0
AL,2024,14,25,2024-06-23,14.0,,0.0,77.0,,0.0,,92.0,0.0
AL,2024,15,26,2024-06-30,34.0,,0.0,85.0,,0.0,,94.0,0.0
AL,2024,16,27,2024-07-07,51.0,,0.0,91.0,,0.0,,97.0,8.0
AL,2024,17,28,2024-07-14,60.0,,0.0,95.0,,0.0,,97.0,27.0
AL,2024,18,29,2024-07-21,67.0,,0.0,95.0,,0.0,,97.0,33.0
AL,2024,19,30,2024-07-28,75.0,,0.0,95.0,,0.0,,97.0,39.0
AL,2024,20,31,2024-08-04,81.0,,0.0,95.0,,0.0,,97.0,55.0
AL,2024,21,32,2024-08-11,85.0,,0.0,95.0,,0.0,,97.0,65.0
AL,2024,22,33,2024-08-18,94.0,,2.0,95.0,,0.0,,97.0,73.0
AL,2024,23,34,2024-08-25,96.0,,10.0,95.0,,0.0,,97.0,85.0
AL,2024,24,35,2024-09-01,96.0,,23.0,95.0,,0.0,,97.0,91.0
AL,2024,25,36,2024-09-08,96.0,,36.0,95.0,,0.0,,97.0,92.0
AL,2024,26,37,2024-09-15,96.0,,48.0,95.0,,5.0,,97.0,97.0
AL,2024,27,38,2024-09-22,96.0,,69.0,95.0,,15.0,,97.0,98.0
AL,2024,28,39,2024-09-29,96.0,,81.0,95.0,,25.0,,97.0,98.0
AL,2024,29,40,2024-10-06,96.0,,89.0,95.0,,38.0,,97.0,98.0
AL,2024,30,41,2024-10-13,96.0,,93.0,95.0,,51.0,,97.0,98.0
AL,2024,31,42,2024-10-20,96.0,,96.0,95.0,,69.0,,97.0,98.0
AL,2024,32,43,2024-10-27,96.0,,96.0,95.0,,79.0,,97.0,98.0
AL,2024,33,44,2024-11-03,96.0,,96.0,95.0,,87.0,,97.0,98.0
AL,2024,34,45,2024-11-10,96.0,,96.0,95.0,,92.0,,97.0,98.0
AL,2024,35,46,2024-11-17,96.0,,96.0,95.0,,95.0,,97.0,98.0
AL,2025,4,15,2025-04-13,0.0,,0.0,0.0,,0.0,,0.0,0.0
AL,2025,5,16,2025-04-20,0.0,,0.0,0.0,,0.0,,4.0,0.0
AL,2025,6,17,2025-04-27,0.0,,0.0,0.0,,0.0,,10.0,0.0
AL,2025,7,18,2025-05-04,0.0,,0.0,3.0,,0.0,,19.0,0.0
AL,2025,8,19,2025-05-11,0.0,,0.0,9.0,,0.0,,28.0,0.0
AL,2025,9,20,2025-05-18,0.0,,0.0,17.0,,0.0,,31.0,0.0
AL,2025,10,21,2025-05-25,0.0,,0.0,29.0,,0.0,,43.0,0.0
AL,2025,11,22,2025-06-01,0.0,,0.0,37.0,,0.0,,51.0,0.0
AL,2025,12,23,2025-06-08,0.0,,0.0,49.0,,0.0,,65.0,0.0
AL,2025,13,24,2025-06-15,2.0,,0.0,57.0,,0.0,,77.0,0.0
AL,2025,14,25,2025-06-22,10.0,,0.0,70.0,,0.0,,83.0,0.0
AL,2025,15,26,2025-06-29,23.0,,0.0,79.0,,0.0,,90.0,1.0
AL,2025,16,27,2025-07-06,36.0,,0.0,89.0,,0.0,,97.0,7.0
AL,2025,17,28,2025-07-13,58.0,,0.0,95.0,,0.0,,97.0,30.0
AL,2025,18,29,2025-07-20,64.0,,0.0,95.0,,0.0,,97.0,35.0
AL,2025,19,30,2025-07-27,70.0,,0.0,95.0,,0.0,,97.0,44.0
AL,2025,20,31,2025-08-03,79.0,,0.0,95.0,,0.0,,97.0,58.0
AL,2025,21,32,2025-08-10,86.0,,0.0,95.0,,0.0,,97.0,69.0
AL,2025,22,33,2025-08-17,91.0,,1.0,95.0,,0.0,,97.0,77.0
AL,2025,23,34,2025-08-24,95.0,,9.0,95.0,,0.0,,97.0,83.0
AL,2025,24,35,2025-08-31,95.0,,16.0,95.0,,0.0,,97.0,87.0
AL,2025,25,36,2025-09-07,95.0,,31.0,95.0,,0.0,,97.0,92.0
AL,2025,26,37,2025-09-14,95.0,,57.0,95.0,,1.0,,97.0,96.0
AL,2025,27,38,2025-09-21,95.0,,64.0,95.0,,9.0,,97.0,96.0
AL,2025,28,39,2025-09-28,95.0,,70.0,95.0,,16.0,,97.0,96.0
AL,2025,35,46,2025-11-16,95.0,,70.0,95.0,,83.0,,97.0,96.0
AL,2025,36,47,2025-11-23,95.0,,70.0,95.0,,92.0,,97.0,96.0
AR,2016,1,12,2016-03-27,0.0,0.0,0.0,0.0,,0.0,0.0,0.0,0.0
AR,2016,2,13,2016-04-03,0.0,0.0,0.0,0.0,,0.0,0.0,0.0,0.0
AR,2016,3,14,2016-04-10,0.0,0.0,0.0,0.0,,0.0,0.0,5.0,0.0
AR,2016,4,15,2016-04-17,0.0,0.0,0.0,1.0,,0.0,0.0,12.0,0.0
AR,2016,5,16,2016-04-24,0.0,0.0,0.0,6.0,,0.0,0.0,17.0,0.0
AR,2016,6,17,2016-05-01,0.0,0.0,0.0,17.0,,0.0,0.0,32.0,0.0
AR,2016,7,18,2016-05-08,0.0,0.0,0.0,30.0,,0.0,0.0,48.0,0.0
AR,2016,8,19,2016-05-15,0.0,0.0,0.0,48.0,,0.0,0.0,62.0,0.0
AR,2016,9,20,2016-05-22,0.0,0.0,0.0,63.0,,0.0,0.0,76.0,0.0
AR,2016,10,21,2016-05-29,1.0,0.0,0.0,73.0,,0.0,0.0,85.0,0.0
AR,2016,11,22,2016-06-05,7.0,0.0,0.0,81.0,,0.0,0.0,87.0,0.0
AR,2016,12,23,2016-06-12,26.0,0.0,0.0,87.0,,0.0,0.0,93.0,0.0
AR,2016,13,24,2016-06-19,35.0,0.0,0.0,91.0,,0.0,0.0,96.0,0.0
AR,2016,14,25,2016-06-26,49.0,0.0,0.0,94.0,,0.0,0.0,98.0,0.0
AR,2016,15,26,2016-07-03,63.0,0.0,0.0,97.0,,0.0,0.0,99.0,15.0
AR,2016,16,27,2016-07-10,73.0,0.0,0.0,99.0,,0.0,0.0,100.0,44.0
AR,2016,17,28,2016-07-17,84.0,0.0,0.0,100.0,,0.0,0.0,100.0,57.0
AR,2016,18,29,2016-07-24,91.0,0.0,0.0,100.0,,0.0,0.0,100.0,70.0
AR,2016,19,30,2016-07-31,96.0,3.0,0.0,100.0,,0.0,0.0,100.0,80.0
AR,2016,20,31,2016-08-07,98.0,8.0,0.0,100.0,,0.0,0.0,100.0,89.0
AR,2016,21,32,2016-08-14,100.0,13.0,0.0,100.0,,0.0,0.0,100.0,95.0
AR,2016,22,33,2016-08-21,100.0,25.0,4.0,100.0,,0.0,2.0,100.0,97.0
AR,2016,23,34,2016-08-28,100.0,35.0,15.0,100.0,,1.0,11.0,100.0,98.0
AR,2016,24,35,2016-09-04,100.0,47.0,25.0,100.0,,6.0,18.0,100.0,99.0
AR,2016,25,36,2016-09-11,100.0,67.0,47.0,100.0,,13.0,35.0,100.0,100.0
AR,2016,26,37,2016-09-18,100.0,78.0,60.0,100.0,,21.0,44.0,100.0,100.0
AR,2016,27,38,2016-09-25,100.0,87.0,71.0,100.0,,32.0,57.0,100.0,100.0
AR,2016,28,39,2016-10-02,100.0,93.0,80.0,100.0,,42.0,68.0,100.0,100.0
AR,2016,29,40,2016-10-09,100.0,97.0,92.0,100.0,,60.0,84.0,100.0,100.0
AR,2016,30,41,2016-10-16,100.0,99.0,97.0,100.0,,75.0,91.0,100.0,100.0
AR,2016,31,42,2016-10-23,100.0,100.0,99.0,100.0,,85.0,97.0,100.0,100.0
AR,2016,32,43,2016-10-30,100.0,100.0,100.0,100.0,,92.0,99.0,100.0,100.0
AR,2016,33,44,2016-11-06,100.0,100.0,100.0,100.0,,98.0,100.0,100.0,100.0
AR,2016,34,45,2016-11-13,100.0,100.0,100.0,100.0,,99.0,100.0,100.0,100.0
AR,2016,35,46,2016-11-20,100.0,100.0,100.0,100.0,,100.0,100.0,100.0,100.0
AR,2017,2,13,2017-04-02,0.0,0.0,0.0,0.0,,0.0,0.0,4.0,0.0
AR,2017,3,14,2017-04-09,0.0,0.0,0.0,2.0,,0.0,0.0,12.0,0.0
AR,2017,4,15,2017-04-16,0.0,0.0,0.0,8.0,,0.0,0.0,24.0,0.0
AR,2017,5,16,2017-04-23,0.0,0.0,0.0,21.0,,0.0,0.0,39.0,0.0
AR,2017,6,17,2017-04-30,0.0,0.0,0.0,32.0,,0.0,0.0,45.0,0.0
AR,2017,7,18,2017-05-07,0.0,0.0,0.0,40.0,,0.0,0.0,50.0,0.0
AR,2017,8,19,2017-05-14,0.0,0.0,0.0,49.0,,0.0,0.0,62.0,0.0
AR,2017,9,20,2017-05-21,0.0,0.0,0.0,62.0,,0.0,0.0,74.0,0.0
AR,2017,10,21,2017-05-28,3.0,0.0,0.0,71.0,,0.0,0.0,81.0,0.0
AR,2017,11,22,2017-06-04,17.0,0.0,0.0,78.0,,0.0,0.0,85.0,0.0
AR,2017,12,23,2017-06-11,29.0,0.0,0.0,84.0,,0.0,0.0,91.0,0.0
AR,2017,13,24,2017-06-18,46.0,0.0,0.0,90.0,,0.0,0.0,95.0,0.0
AR,2017,14,25,2017-06-25,60.0,0.0,0.0,94.0,,0.0,0.0,98.0,15.0
AR,2017,15,26,2017-07-02,69.0,0.0,0.0,97.0,,0.0,0.0,99.0,34.0
AR,2017,16,27,2017-07-09,79.0,0.0,0.0,98.0,,0.0,0.0,100.0,54.0
AR,2017,17,28,2017-07-16,84.0,0.0,0.0,100.0,,0.0,0.0,100.0,62.0
AR,2017,18,29,2017-07-23,91.0,0.0,0.0,100.0,,0.0,0.0,100.0,73.0
AR,2017,19,30,2017-07-30,94.0,0.0,0.0,100.0,,0.0,0.0,100.0,80.0
AR,2017,20,31,2017-08-06,97.0,8.0,0.0,100.0,,0.0,0.0,100.0,87.0
AR,2017,21,32,2017-08-13,98.0,17.0,3.0,100.0,,0.0,1.0,100.0,92.0
AR,2017,22,33,2017-08-20,99.0,34.0,15.0,100.0,,1.0,7.0,100.0,96.0
AR,2017,23,34,2017-08-27,100.0,46.0,25.0,100.0,,3.0,16.0,100.0,98.0
AR,2017,24,35,2017-09-03,100.0,50.0,33.0,100.0,,7.0,27.0,100.0,99.0
AR,2017,25,36,2017-09-10,100.0,66.0,48.0,100.0,,17.0,39.0,100.0,100.0
AR,2017,26,37,2017-09-17,100.0,79.0,57.0,100.0,,24.0,46.0,100.0,100.0
AR,2017,27,38,2017-09-24,100.0,88.0,72.0,100.0,,35.0,57.0,100.0,100.0
AR,2017,28,39,2017-10-01,100.0,92.0,82.0,100.0,,47.0,69.0,100.0,100.0
AR,2017,29,40,2017-10-08,100.0,96.0,91.0,100.0,,62.0,81.0,100.0,100.0
AR,2017,30,41,2017-10-15,100.0,99.0,95.0,100.0,,73.0,90.0,100.0,100.0
AR,2017,31,42,2017-10-22,100.0,100.0,98.0,100.0,,82.0,95.0,100.0,100.0
AR,2017,32,43,2017-10-29,100.0,100.0,100.0,100.0,,89.0,98.0,100.0,100.0
AR,2017,33,44,2017-11-05,100.0,100.0,100.0,100.0,,94.0,100.0,100.0,100.0
AR,2017,34,45,2017-11-12,100.0,100.0,100.0,100.0,,97.0,100.0,100.0,100.0
AR,2017,35,46,2017-11-19,100.0,100.0,100.0,100.0,,99.0,100.0,100.0,100.0
AR,2017,36,47,2017-11-26,100.0,100.0,100.0,100.0,,100.0,100.0,100.0,100.0
AR,2018,1,12,2018-03-25,0.0,0.0,0.0,0.0,,0.0,0.0,0.0,0.0
AR,2018,2,13,2018-04-01,0.0,0.0,0.0,0.0,,0.0,0.0,2.0,0.0
AR,2018,3,14,2018-04-08,0.0,0.0,0.0,0.0,,0.0,0.0,5.0,0.0
AR,2018,4,15,2018-04-15,0.0,0.0,0.0,1.0,,0.0,0.0,10.0,0.0
AR,2018,5,16,2018-04-22,0.0,0.0,0.0,3.0,,0.0,0.0,21.0,0.0
AR,2018,6,17,2018-04-29,0.0,0.0,0.0,8.0,,0.0,0.0,26.0,0.0
AR,2018,7,18,2018-05-06,0.0,0.0,0.0,17.0,,0.0,0.0,40.0,0.0
AR,2018,8,19,2018-05-13,0.0,0.0,0.0,35.0,,0.0,0.0,62.0,0.0
AR,2018,9,20,2018-05-20,0.0,0.0,0.0,61.0,,0.0,0.0,81.0,0.0
AR,2018,10,21,2018-05-27,0.0,0.0,0.0,77.0,,0.0,0.0,87.0,0.0
AR,2018,11,22,2018-06-03,6.0,0.0,0.0,83.0,,0.0,0.0,91.0,0.0
AR,2018,12,23,2018-06-10,23.0,0.0,0.0,90.0,,0.0,0.0,96.0,0.0
AR,2018,13,24,2018-06-17,42.0,0.0,0.0,94.0,,0.0,0.0,98.0,2.0
AR,2018,14,25,2018-06-24,57.0,0.0,0.0,96.0,,0.0,0.0,99.0,15.0
AR,2018,15,26,2018-07-01,69.0,0.0,0.0,99.0,,0.0,0.0,100.0,30.0
AR,2018,16,27,2018-07-08,81.0,0.0,0.0,100.0,,0.0,0.0,100.0,45.0
AR,2018,17,28,2018-07-15,89.0,0.0,0.0,100.0,,0.0,0.0,100.0,63.0
AR,2018,18,29,2018-07-22,93.0,0.0,0.0,100.0,,0.0,0.0,100.0,78.0
AR,2018,19,30,2018-07-29,97.0,5.0,0.0,100.0,,0.0,0.0,100.0,86.0
AR,2018,20,31,2018-08-05,99.0,14.0,0.0,100.0,,0.0,0.0,100.0,91.0
AR,2018,21,32,2018-08-12,100.0,21.0,1.0,100.0,,0.0,0.0,100.0,95.0
AR,2018,22,33,2018-08-19,100.0,26.0,2.0,100.0,,0.0,0.0,100.0,97.0
AR,2018,23,34,2018-08-26,100.0,44.0,10.0,100.0,,2.0,0.0,100.0,98.0
AR,2018,24,35,2018-09-02,100.0,51.0,17.0,100.0,,3.0,0.0,100.0,99.0
AR,2018,25,36,2018-09-09,100.0,60.0,28.0,100.0,,4.0,10.0,100.0,100.0
AR,2018,26,37,2018-09-16,100.0,73.0,40.0,100.0,,9.0,24.0,100.0,100.0
AR,2018,27,38,2018-09-23,100.0,83.0,59.0,100.0,,18.0,37.0,100.0,100.0
AR,2018,28,39,2018-09-30,100.0,89.0,71.0,100.0,,20.0,51.0,100.0,100.0
AR,2018,29,40,2018-10-07,100.0,93.0,81.0,100.0,,32.0,68.0,100.0,100.0
AR,2018,30,41,2018-10-14,100.0,96.0,89.0,100.0,,44.0,80.0,100.0,100.0
AR,2018,31,42,2018-10-21,100.0,98.0,93.0,100.0,,54.0,87.0,100.0,100.0
AR,2018,32,43,2018-10-28,100.0,100.0,98.0,100.0,,63.0,93.0,100.0,100.0
AR,2018,33,44,2018-11-04,100.0,100.0,100.0,100.0,,72.0,96.0,100.0,100.0
AR,2018,34,45,2018-11-11,100.0,100.0,100.0,100.0,,78.0,98.0,100.0,100.0
AR,2018,35,46,2018-11-18,100.0,100.0,100.0,100.0,,83.0,99.0,100.0,100.0
AR,2018,36,47,2018-11-25,100.0,100.0,100.0,100.0,,88.0,100.0,100.0,100.0
AR,2018,37,48,2018-12-02,100.0,100.0,100.0,100.0,,94.0,100.0,100.0,100.0
AR,2019,1,12,2019-03-24,0.0,0.0,0.0,0.0,,0.0,,0.0,0.0
AR,2019,2,13,2019-03-31,0.0,0.0,0.0,0.0,,0.0,,3.0,0.0
AR,2019,3,14,2019-04-07,0.0,0.0,0.0,0.0,,0.0,,4.0,0.0
AR,2019,4,15,2019-04-14,0.0,0.0,0.0,1.0,,0.0,,6.0,0.0
AR,2019,5,16,2019-04-21,0.0,0.0,0.0,2.0,,0.0,,6.0,0.0
AR,2019,6,17,2019-04-28,0.0,0.0,0.0,3.0,,0.0,,10.0,0.0
AR,2019,7,18,2019-05-05,0.0,0.0,0.0,9.0,,0.0,,17.0,0.0
AR,2019,8,19,2019-05-12,0.0,0.0,0.0,14.0,,0.0,,21.0,0.0
AR,2019,9,20,2019-05-19,0.0,0.0,0.0,20.0,,0.0,,31.0,0.0
AR,2019,10,21,2019-05-26,0.0,0.0,0.0,30.0,,0.0,,42.0,0.0
AR,2019,11,22,2019-06-02,0.0,0.0,0.0,40.0,,0.0,,54.0,0.0
AR,2019,12,23,2019-06-09,2.0,0.0,0.0,52.0,,0.0,,66.0,0.0
AR,2019,13,24,2019-06-16,10.0,0.0,0.0,65.0,,0.0,,79.0,0.0
AR,2019,14,25,2019-06-23,22.0,0.0,0.0,80.0,,0.0,,89.0,0.0
AR,2019,15,26,2019-06-30,36.0,0.0,0.0,86.0,,0.0,,93.0,7.0
AR,2019,16,27,2019-07-07,53.0,0.0,0.0,92.0,,0.0,,97.0,19.0
AR,2019,17,28,2019-07-14,66.0,0.0,0.0,95.0,,0.0,,98.0,33.0
AR,2019,18,29,2019-07-21,75.0,0.0,0.0,96.0,,0.0,,99.0,43.0
AR,2019,19,30,2019-07-28,82.0,0.0,0.0,98.0,,0.0,,100.0,62.0
AR,2019,20,31,2019-08-04,88.0,0.0,0.0,100.0,,0.0,,100.0,74.0
AR,2019,21,32,2019-08-11,92.0,3.0,0.0,100.0,,0.0,,100.0,80.0
AR,2019,22,33,2019-08-18,95.0,11.0,0.0,100.0,,0.0,,100.0,85.0
AR,2019,23,34,2019-08-25,98.0,16.0,4.0,100.0,,0.0,,100.0,91.0
AR,2019,24,35,2019-09-01,100.0,32.0,14.0,100.0,,1.0,,100.0,95.0
AR,2019,25,36,2019-09-08,100.0,40.0,22.0,100.0,,4.0,,100.0,97.0
AR,2019,26,37,2019-09-15,100.0,52.0,30.0,100.0,,8.0,,100.0,100.0
AR,2019,27,38,2019-09-22,100.0,70.0,47.0,100.0,,18.0,,100.0,100.0
AR,2019,28,39,2019-09-29,100.0,85.0,62.0,100.0,,25.0,,100.0,100.0
AR,2019,29,40,2019-10-06,100.0,92.0,78.0,100.0,,38.0,,100.0,100.0
AR,2019,30,41,2019-10-13,100.0,95.0,89.0,100.0,,51.0,,100.0,100.0
AR,2019,31,42,2019-10-20,100.0,98.0,94.0,100.0,,63.0,,100.0,100.0
AR,2019,32,43,2019-10-27,100.0,100.0,97.0,100.0,,77.0,,100.0,100.0
AR,2019,33,44,2019-11-03,100.0,100.0,99.0,100.0,,82.0,,100.0,100.0
AR,2019,34,45,2019-11-10,100.0,100.0,100.0,100.0,,88.0,,100.0,100.0
AR,2019,35,46,2019-11-17,100.0,100.0,100.0,100.0,,93.0,,100.0,100.0
AR,2019,36,47,2019-11-24,100.0,100.0,100.0,100.0,,96.0,,100.0,100.0
AR,2019,37,48,2019-12-01,100.0,100.0,100.0,100.0,,98.0,,100.0,100.0
AR,2019,38,49,2019-12-08,100.0,100.0,100.0,100.0,,99.0,,100.0,100.0
AR,2020,2,13,2020-03-29,0.0,0.0,0.0,0.0,,0.0,0.0,0.0,0.0
AR,2020,3,14,2020-04-05,0.0,0.0,0.0,0.0,,0.0,0.0,0.0,0.0
AR,2020,4,15,2020-04-12,0.0,0.0,0.0,0.0,,0.0,0.0,1.0,0.0
AR,2020,5,16,2020-04-19,0.0,0.0,0.0,0.0,,0.0,0.0,8.0,0.0
AR,2020,6,17,2020-04-26,0.0,0.0,0.0,4.0,,0.0,0.0,12.0,0.0
AR,2020,7,18,2020-05-03,0.0,0.0,0.0,8.0,,0.0,0.0,20.0,0.0
AR,2020,8,19,2020-05-10,0.0,0.0,0.0,19.0,,0.0,0.0,34.0,0.0
AR,2020,9,20,2020-05-17,0.0,0.0,0.0,30.0,,0.0,0.0,47.0,0.0
AR,2020,10,21,2020-05-24,0.0,0.0,0.0,43.0,,0.0,0.0,58.0,0.0
AR,2020,11,22,2020-05-31,0.0,0.0,0.0,57.0,,0.0,0.0,66.0,0.0
AR,2020,12,23,2020-06-07,2.0,0.0,0.0,65.0,,0.0,0.0,76.0,0.0
AR,2020,13,24,2020-06-14,14.0,0.0,0.0,75.0,,0.0,0.0,86.0,0.0
AR,2020,14,25,2020-06-21,24.0,0.0,0.0,85.0,,0.0,0.0,93.0,2.0
AR,2020,15,26,2020-06-28,41.0,0.0,0.0,92.0,,0.0,0.0,97.0,9.0
AR,2020,16,27,2020-07-05,57.0,0.0,0.0,96.0,,0.0,0.0,99.0,18.0
AR,2020,17,28,2020-07-12,74.0,0.0,0.0,98.0,,0.0,0.0,100.0,30.0
AR,2020,18,29,2020-07-19,83.0,0.0,0.0,100.0,,0.0,0.0,100.0,45.0
AR,2020,19,30,2020-07-26,88.0,0.0,0.0,100.0,,0.0,0.0,100.0,63.0
AR,2020,20,31,2020-08-02,93.0,0.0,0.0,100.0,,0.0,0.0,100.0,74.0
AR,2020,21,32,2020-08-09,96.0,1.0,0.0,100.0,,0.0,0.0,100.0,86.0
AR,2020,22,33,2020-08-16,98.0,11.0,3.0,100.0,,0.0,0.0,100.0,92.0
AR,2020,23,34,2020-08-23,99.0,17.0,9.0,100.0,,0.0,1.0,100.0,96.0
AR,2020,24,35,2020-08-30,100.0,29.0,14.0,100.0,,0.0,8.0,100.0,98.0
AR,2020,25,36,2020-09-06,100.0,41.0,22.0,100.0,,2.0,13.0,100.0,100.0
AR,2020,26,37,2020-09-13,100.0,60.0,35.0,100.0,,6.0,23.0,100.0,100.0
AR,2020,27,38,2020-09-20,100.0,73.0,48.0,100.0,,12.0,34.0,100.0,100.0
AR,2020,28,39,2020-09-27,100.0,83.0,60.0,100.0,,17.0,45.0,100.0,100.0
AR,2020,29,40,2020-10-04,100.0,92.0,74.0,100.0,,27.0,57.0,100.0,100.0
AR,2020,30,41,2020-10-11,100.0,97.0,89.0,100.0,,38.0,73.0,100.0,100.0
AR,2020,31,42,2020-10-18,100.0,99.0,94.0,100.0,,50.0,84.0,100.0,100.0
AR,2020,32,43,2020-10-25,100.0,100.0,97.0,100.0,,62.0,92.0,100.0,100.0
AR,2020,33,44,2020-11-01,100.0,100.0,99.0,100.0,,67.0,95.0,100.0,100.0
AR,2020,34,45,2020-11-08,100.0,100.0,100.0,100.0,,82.0,98.0,100.0,100.0
AR,2020,35,46,2020-11-15,100.0,100.0,100.0,100.0,,90.0,100.0,100.0,100.0
AR,2020,36,47,2020-11-22,100.0,100.0,100.0,100.0,,95.0,100.0,100.0,100.0
AR,2020,37,48,2020-11-29,100.0,100.0,100.0,100.0,,98.0,100.0,100.0,100.0
AR,2021,2,13,2021-04-04,0.0,0.0,0.0,0.0,,0.0,0.0,1.0,0.0
AR,2021,3,14,2021-04-11,0.0,0.0,0.0,0.0,,0.0,0.0,5.0,0.0
AR,2021,4,15,2021-04-18,0.0,0.0,0.0,2.0,,0.0,0.0,12.0,0.0
AR,2021,5,16,2021-04-25,0.0,0.0,0.0,9.0,,0.0,0.0,26.0,0.0
AR,2021,6,17,2021-05-02,0.0,0.0,0.0,20.0,,0.0,0.0,38.0,0.0
AR,2021,7,18,2021-05-09,0.0,0.0,0.0,34.0,,0.0,0.0,48.0,0.0
AR,2021,8,19,2021-05-16,0.0,0.0,0.0,45.0,,0.0,0.0,60.0,0.0
AR,2021,9,20,2021-05-23,0.0,0.0,0.0,55.0,,0.0,0.0,71.0,0.0
AR,2021,10,21,2021-05-30,0.0,0.0,0.0,67.0,,0.0,0.0,81.0,0.0
AR,2021,11,22,2021-06-06,8.0,0.0,0.0,77.0,,0.0,0.0,86.0,0.0
AR,2021,12,23,2021-06-13,19.0,0.0,0.0,82.0,,0.0,0.0,87.0,0.0
AR,2021,13,24,2021-06-20,30.0,0.0,0.0,85.0,,0.0,0.0,93.0,2.0
AR,2021,14,25,2021-06-27,46.0,0.0,0.0,92.0,,0.0,0.0,97.0,12.0
AR,2021,15,26,2021-07-04,61.0,0.0,0.0,96.0,,0.0,0.0,98.0,21.0
AR,2021,16,27,2021-07-11,70.0,0.0,0.0,97.0,,0.0,0.0,100.0,37.0
AR,2021,17,28,2021-07-18,81.0,0.0,0.0,99.0,,0.0,0.0,100.0,56.0
AR,2021,18,29,2021-07-25,87.0,0.0,0.0,100.0,,0.0,0.0,100.0,67.0
AR,2021,19,30,2021-08-01,92.0,1.0,0.0,100.0,,0.0,0.0,100.0,75.0
AR,2021,20,31,2021-08-08,94.0,7.0,0.0,100.0,,0.0,0.0,100.0,83.0
AR,2021,21,32,2021-08-15,96.0,13.0,4.0,100.0,,0.0,0.0,100.0,88.0
AR,2021,22,33,2021-08-22,98.0,22.0,9.0,100.0,,0.0,1.0,100.0,92.0
AR,2021,23,34,2021-08-29,100.0,35.0,15.0,100.0,,0.0,6.0,100.0,96.0
AR,2021,24,35,2021-09-05,100.0,45.0,21.0,100.0,,4.0,12.0,100.0,98.0
AR,2021,25,36,2021-09-12,100.0,62.0,35.0,100.0,,9.0,23.0,100.0,100.0
AR,2021,26,37,2021-09-19,100.0,78.0,52.0,100.0,,15.0,36.0,100.0,100.0
AR,2021,27,38,2021-09-26,100.0,87.0,67.0,100.0,,25.0,51.0,100.0,100.0
AR,2021,28,39,2021-10-03,100.0,91.0,76.0,100.0,,33.0,61.0,100.0,100.0
AR,2021,29,40,2021-10-10,100.0,97.0,87.0,100.0,,45.0,73.0,100.0,100.0
AR,2021,30,41,2021-10-17,100.0,99.0,92.0,100.0,,56.0,83.0,100.0,100.0
AR,2021,31,42,2021-10-24,100.0,100.0,96.0,100.0,,70.0,91.0,100.0,100.0
AR,2021,32,43,2021-10-31,100.0,100.0,99.0,100.0,,80.0,95.0,100.0,100.0
AR,2021,33,44,2021-11-07,100.0,100.0,100.0,100.0,,89.0,98.0,100.0,100.0
AR,2021,34,45,2021-11-14,100.0,100.0,100.0,100.0,,94.0,100.0,100.0,100.0
AR,2021,35,46,2021-11-21,100.0,100.0,100.0,100.0,,97.0,100.0,100.0,100.0
AR,2021,36,47,2021-11-28,100.0,100.0,100.0,100.0,,99.0,100.0,100.0,100.0
AR,2022,1,12,2022-03-27,0.0,0.0,0.0,0.0,,0.0,0.0,0.0,0.0
AR,2022,2,13,2022-04-03,0.0,0.0,0.0,0.0,,0.0,0.0,2.0,0.0
AR,2022,3,14,2022-04-10,0.0,0.0,0.0,0.0,,0.0,0.0,6.0,0.0
AR,2022,4,15,2022-04-17,0.0,0.0,0.0,4.0,,0.0,0.0,8.0,0.0
AR,2022,5,16,2022-04-24,0.0,0.0,0.0,6.0,,0.0,0.0,12.0,0.0
AR,2022,6,17,2022-05-01,0.0,0.0,0.0,10.0,,0.0,0.0,23.0,0.0
AR,2022,7,18,2022-05-08,0.0,0.0,0.0,20.0,,0.0,0.0,38.0,0.0
AR,2022,8,19,2022-05-15,0.0,0.0,0.0,36.0,,0.0,0.0,57.0,0.0
AR,2022,9,20,2022-05-22,0.0,0.0,0.0,56.0,,0.0,0.0,71.0,0.0
AR,2022,10,21,2022-05-29,1.0,0.0,0.0,69.0,,0.0,0.0,78.0,0.0
AR,2022,11,22,2022-06-05,9.0,0.0,0.0,77.0,,0.0,0.0,86.0,0.0
AR,2022,12,23,2022-06-12,20.0,0.0,0.0,84.0,,0.0,0.0,91.0,1.0
AR,2022,13,24,2022-06-19,34.0,0.0,0.0,90.0,,0.0,0.0,96.0,8.0
AR,2022,14,25,2022-06-26,51.0,0.0,0.0,94.0,,0.0,0.0,98.0,15.0
AR,2022,15,26,2022-07-03,66.0,0.0,0.0,96.0,,0.0,0.0,99.0,28.0
AR,2022,16,27,2022-07-10,76.0,0.0,0.0,98.0,,0.0,0.0,100.0,42.0
AR,2022,17,28,2022-07-17,85.0,0.0,0.0,99.0,,0.0,0.0,100.0,53.0
AR,2022,18,29,2022-07-24,87.0,0.0,0.0,100.0,,0.0,0.0,100.0,67.0
AR,2022,19,30,2022-07-31,94.0,2.0,0.0,100.0,,0.0,0.0,100.0,76.0
AR,2022,20,31,2022-08-07,97.0,7.0,0.0,100.0,,0.0,0.0,100.0,83.0
AR,2022,21,32,2022-08-14,98.0,11.0,0.0,100.0,,0.0,0.0,100.0,90.0
AR,2022,22,33,2022-08-21,100.0,19.0,5.0,100.0,,0.0,0.0,100.0,93.0
AR,2022,23,34,2022-08-28,100.0,29.0,13.0,100.0,,0.0,2.0,100.0,96.0
AR,2022,24,35,2022-09-04,100.0,38.0,19.0,100.0,,1.0,9.0,100.0,98.0
AR,2022,25,36,2022-09-11,100.0,51.0,29.0,100.0,,5.0,15.0,100.0,100.0
AR,2022,26,37,2022-09-18,100.0,68.0,44.0,100.0,,9.0,25.0,100.0,100.0
AR,2022,27,38,2022-09-25,100.0,78.0,55.0,100.0,,20.0,38.0,100.0,100.0
AR,2022,28,39,2022-10-02,100.0,92.0,73.0,100.0,,32.0,54.0,100.0,100.0
AR,2022,29,40,2022-10-09,100.0,99.0,85.0,100.0,,47.0,72.0,100.0,100.0
AR,2022,30,41,2022-10-16,100.0,100.0,91.0,100.0,,62.0,81.0,100.0,100.0
AR,2022,31,42,2022-10-23,100.0,100.0,99.0,100.0,,79.0,90.0,100.0,100.0
AR,2022,32,43,2022-10-30,100.0,100.0,100.0,100.0,,88.0,98.0,100.0,100.0
AR,2022,33,44,2022-11-06,100.0,100.0,100.0,100.0,,94.0,100.0,100.0,100.0
AR,2022,34,45,2022-11-13,100.0,100.0,100.0,100.0,,96.0,100.0,100.0,100.0
AR,2022,35,46,2022-11-20,100.0,100.0,100.0,100.0,,98.0,100.0,100.0,100.0
AR,2022,36,47,2022-11-27,100.0,100.0,100.0,100.0,,99.0,100.0,100.0,100.0
AR,2023,2,13,2023-04-02,0.0,0.0,0.0,0.0,,0.0,0.0,2.0,0.0
AR,2023,3,14,2023-04-09,0.0,0.0,0.0,1.0,,0.0,0.0,6.0,0.0
AR,2023,4,15,2023-04-16,0.0,0.0,0.0,5.0,,0.0,0.0,19.0,0.0
AR,2023,5,16,2023-04-23,0.0,0.0,0.0,16.0,,0.0,0.0,34.0,0.0
AR,2023,6,17,2023-04-30,0.0,0.0,0.0,26.0,,0.0,0.0,43.0,0.0
AR,2023,7,18,2023-05-07,0.0,0.0,0.0,40.0,,0.0,0.0,58.0,0.0
AR,2023,8,19,2023-05-14,0.0,0.0,0.0,55.0,,0.0,0.0,71.0,0.0
AR,2023,9,20,2023-05-21,0.0,0.0,0.0,68.0,,0.0,0.0,83.0,0.0
AR,2023,10,21,2023-05-28,3.0,0.0,0.0,81.0,,0.0,0.0,89.0,0.0
AR,2023,11,22,2023-06-04,23.0,0.0,0.0,87.0,,0.0,0.0,94.0,0.0
AR,2023,12,23,2023-06-11,38.0,0.0,0.0,92.0,,0.0,0.0,97.0,5.0
AR,2023,13,24,2023-06-18,55.0,0.0,0.0,95.0,,0.0,0.0,99.0,16.0
AR,2023,14,25,2023-06-25,71.0,0.0,0.0,97.0,,0.0,0.0,100.0,30.0
AR,2023,15,26,2023-07-02,80.0,0.0,0.0,99.0,,0.0,0.0,100.0,40.0
AR,2023,16,27,2023-07-09,84.0,0.0,0.0,100.0,,0.0,0.0,100.0,49.0
AR,2023,17,28,2023-07-16,89.0,0.0,0.0,100.0,,0.0,0.0,100.0,62.0
AR,2023,18,29,2023-07-23,93.0,0.0,0.0,100.0,,0.0,0.0,100.0,73.0
AR,2023,19,30,2023-07-30,95.0,3.0,0.0,100.0,,0.0,0.0,100.0,82.0
AR,2023,20,31,2023-08-06,97.0,10.0,0.0,100.0,,0.0,0.0,100.0,88.0
AR,2023,21,32,2023-08-13,98.0,19.0,4.0,100.0,,0.0,0.0,100.0,91.0
AR,2023,22,33,2023-08-20,99.0,33.0,15.0,100.0,,0.0,1.0,100.0,93.0
AR,2023,23,34,2023-08-27,100.0,43.0,28.0,100.0,,0.0,5.0,100.0,95.0
AR,2023,24,35,2023-09-03,100.0,54.0,41.0,100.0,,4.0,23.0,100.0,97.0
AR,2023,25,36,2023-09-10,100.0,71.0,49.0,100.0,,12.0,38.0,100.0,99.0
AR,2023,26,37,2023-09-17,100.0,79.0,54.0,100.0,,15.0,47.0,100.0,100.0
AR,2023,27,38,2023-09-24,100.0,91.0,72.0,100.0,,31.0,52.0,100.0,100.0
AR,2023,28,39,2023-10-01,100.0,96.0,81.0,100.0,,47.0,66.0,100.0,100.0
AR,2023,29,40,2023-10-08,100.0,98.0,94.0,100.0,,60.0,77.0,100.0,100.0
AR,2023,30,41,2023-10-15,100.0,100.0,96.0,100.0,,72.0,87.0,100.0,100.0
AR,2023,31,42,2023-10-22,100.0,100.0,98.0,100.0,,80.0,94.0,100.0,100.0
AR,2023,32,43,2023-10-29,100.0,100.0,100.0,100.0,,91.0,96.0,100.0,100.0
AR,2023,33,44,2023-11-05,100.0,100.0,100.0,100.0,,95.0,100.0,100.0,100.0
AR,2023,34,45,2023-11-12,100.0,100.0,100.0,100.0,,98.0,100.0,100.0,100.0
AR,2023,35,46,2023-11-19,100.0,100.0,100.0,100.0,,100.0,100.0,100.0,100.0
AR,2024,2,13,2024-03-31,0.0,0.0,0.0,0.0,,0.0,0.0,1.0,0.0
AR,2024,3,14,2024-04-07,0.0,0.0,0.0,0.0,,0.0,0.0,10.0,0.0
AR,2024,4,15,2024-04-14,0.0,0.0,0.0,8.0,,0.0,0.0,26.0,0.0
AR,2024,5,16,2024-04-21,0.0,0.0,0.0,20.0,,0.0,0.0,43.0,0.0
AR,2024,6,17,2024-04-28,0.0,0.0,0.0,37.0,,0.0,0.0,56.0,0.0
AR,2024,7,18,2024-05-05,0.0,0.0,0.0,46.0,,0.0,0.0,65.0,0.0
AR,2024,8,19,2024-05-12,0.0,0.0,0.0,59.0,,0.0,0.0,76.0,0.0
AR,2024,9,20,2024-05-19,1.0,0.0,0.0,68.0,,0.0,0.0,82.0,0.0
AR,2024,10,21,2024-05-26,9.0,0.0,0.0,78.0,,0.0,0.0,88.0,0.0
AR,2024,11,22,2024-06-02,20.0,0.0,0.0,84.0,,0.0,0.0,92.0,0.0
AR,2024,12,23,2024-06-09,32.0,0.0,0.0,88.0,,0.0,0.0,93.0,3.0
AR,2024,13,24,2024-06-16,45.0,0.0,0.0,92.0,,0.0,0.0,96.0,15.0
AR,2024,14,25,2024-06-23,55.0,0.0,0.0,95.0,,0.0,0.0,98.0,25.0
AR,2024,15,26,2024-06-30,74.0,0.0,0.0,97.0,,0.0,0.0,99.0,43.0
AR,2024,16,27,2024-07-07,83.0,0.0,0.0,98.0,,0.0,0.0,100.0,58.0
AR,2024,17,28,2024-07-14,90.0,0.0,0.0,100.0,,0.0,0.0,100.0,69.0
AR,2024,18,29,2024-07-21,94.0,1.0,0.0,100.0,,0.0,0.0,100.0,78.0
AR,2024,19,30,2024-07-28,97.0,5.0,0.0,100.0,,0.0,0.0,100.0,84.0
AR,2024,20,31,2024-08-04,99.0,12.0,0.0,100.0,,0.0,0.0,100.0,88.0
AR,2024,21,32,2024-08-11,100.0,28.0,10.0,100.0,,0.0,2.0,100.0,93.0
AR,2024,22,33,2024-08-18,100.0,39.0,16.0,100.0,,1.0,8.0,100.0,95.0
AR,2024,23,34,2024-08-25,100.0,54.0,35.0,100.0,,10.0,15.0,100.0,97.0
AR,2024,24,35,2024-09-01,100.0,65.0,49.0,100.0,,14.0,34.0,100.0,99.0
AR,2024,25,36,2024-09-08,100.0,72.0,59.0,100.0,,24.0,48.0,100.0,100.0
AR,2024,26,37,2024-09-15,100.0,81.0,66.0,100.0,,29.0,55.0,100.0,100.0
AR,2024,27,38,2024-09-22,100.0,87.0,74.0,100.0,,35.0,63.0,100.0,100.0
AR,2024,28,39,2024-09-29,100.0,93.0,81.0,100.0,,47.0,73.0,100.0,100.0
AR,2024,29,40,2024-10-06,100.0,97.0,87.0,100.0,,59.0,80.0,100.0,100.0
AR,2024,30,41,2024-10-13,100.0,99.0,93.0,100.0,,72.0,86.0,100.0,100.0
AR,2024,31,42,2024-10-20,100.0,100.0,96.0,100.0,,82.0,92.0,100.0,100.0
AR,2024,32,43,2024-10-27,100.0,100.0,98.0,100.0,,87.0,94.0,100.0,100.0
AR,2024,33,44,2024-11-03,100.0,100.0,100.0,100.0,,93.0,97.0,100.0,100.0
AR,2024,34,45,2024-11-10,100.0,100.0,100.0,100.0,,96.0,100.0,100.0,100.0
AR,2024,35,46,2024-11-17,100.0,100.0,100.0,100.0,,99.0,100.0,100.0,100.0
AR,2024,36,47,2024-11-24,100.0,100.0,100.0,100.0,,100.0,100.0,100.0,100.0
AR,2025,2,13,2025-03-30,0.0,0.0,0.0,0.0,,0.0,0.0,5.0,0.0
AR,2025,3,14,2025-04-06,0.0,0.0,0.0,1.0,,0.0,0.0,11.0,0.0
AR,2025,4,15,2025-04-13,0.0,0.0,0.0,4.0,,0.0,0.0,14.0,0.0
AR,2025,5,16,2025-04-20,0.0,0.0,0.0,12.0,,0.0,0.0,32.0,0.0
AR,2025,6,17,2025-04-27,0.0,0.0,0.0,24.0,,0.0,0.0,45.0,0.0
AR,2025,7,18,2025-05-04,0.0,0.0,0.0,38.0,,0.0,0.0,58.0,0.0
AR,2025,8,19,2025-05-11,0.0,0.0,0.0,48.0,,0.0,0.0,69.0,0.0
AR,2025,9,20,2025-05-18,0.0,0.0,0.0,62.0,,0.0,0.0,76.0,0.0
AR,2025,10,21,2025-05-25,5.0,0.0,0.0,68.0,,0.0,0.0,80.0,0.0
AR,2025,11,22,2025-06-01,18.0,0.0,0.0,75.0,,0.0,0.0,84.0,0.0
AR,2025,12,23,2025-06-08,30.0,0.0,0.0,81.0,,0.0,0.0,89.0,6.0
AR,2025,13,24,2025-06-15,42.0,0.0,0.0,86.0,,0.0,0.0,93.0,17.0
AR,2025,14,25,2025-06-22,58.0,0.0,0.0,91.0,,0.0,0.0,96.0,33.0
AR,2025,15,26,2025-06-29,70.0,0.0,0.0,95.0,,0.0,0.0,98.0,41.0
AR,2025,16,27,2025-07-06,76.0,0.0,0.0,97.0,,0.0,0.0,100.0,50.0
AR,2025,17,28,2025-07-13,84.0,0.0,0.0,99.0,,0.0,0.0,100.0,63.0
AR,2025,18,29,2025-07-20,90.0,3.0,0.0,100.0,,0.0,0.0,100.0,73.0
AR,2025,19,30,2025-07-27,95.0,7.0,0.0,100.0,,0.0,0.0,100.0,80.0
AR,2025,20,31,2025-08-03,97.0,13.0,1.0,100.0,,0.0,0.0,100.0,87.0
AR,2025,21,32,2025-08-10,99.0,25.0,8.0,100.0,,0.0,0.0,100.0,93.0
AR,2025,22,33,2025-08-17,100.0,32.0,16.0,100.0,,0.0,6.0,100.0,96.0
AR,2025,23,34,2025-08-24,100.0,43.0,23.0,100.0,,5.0,13.0,100.0,98.0
AR,2025,24,35,2025-08-31,100.0,51.0,28.0,100.0,,11.0,20.0,100.0,99.0
AR,2025,25,36,2025-09-07,100.0,62.0,43.0,100.0,,19.0,30.0,100.0,100.0
AR,2025,26,37,2025-09-14,100.0,72.0,55.0,100.0,,25.0,38.0,100.0,100.0
AR,2025,27,38,2025-09-21,100.0,79.0,65.0,100.0,,35.0,49.0,100.0,100.0
AR,2025,28,39,2025-09-28,100.0,86.0,70.0,100.0,,44.0,59.0,100.0,100.0
AR,2025,35,46,2025-11-16,100.0,100.0,100.0,100.0,,98.0,100.0,100.0,100.0
AR,2025,36,47,2025-11-23,100.0,100.0,100.0,100.0,,99.0,100.0,100.0,100.0
DE,2016,8,19,2016-05-15,0.0,0.0,0.0,0.0,0.0,0.0,0.0,0.0,0.0
DE,2016,9,20,2016-05-22,0.0,0.0,0.0,0.0,0.0,0.0,0.0,2.0,0.0
DE,2016,10,21,2016-05-29,0.0,0.0,0.0,6.0,0.0,0.0,0.0,26.0,0.0
DE,2016,11,22,2016-06-05,0.0,0.0,0.0,20.0,0.0,0.0,0.0,39.0,0.0
DE,2016,12,23,2016-06-12,0.0,0.0,0.0,25.0,0.0,0.0,0.0,56.0,0.0
DE,2016,13,24,2016-06-19,0.0,0.0,0.0,35.0,0.0,0.0,0.0,62.0,0.0
DE,2016,14,25,2016-06-26,0.0,0.0,0.0,57.0,0.0,0.0,0.0,80.0,0.0
DE,2016,15,26,2016-07-03,0.0,0.0,0.0,70.0,0.0,0.0,0.0,87.0,0.0
DE,2016,16,27,2016-07-10,0.0,0.0,0.0,75.0,0.0,0.0,0.0,91.0,0.0
DE,2016,17,28,2016-07-17,10.0,0.0,0.0,86.0,0.0,0.0,0.0,97.0,5.0
DE,2016,18,29,2016-07-24,41.0,0.0,0.0,98.0,0.0,0.0,0.0,97.0,20.0
DE,2016,19,30,2016-07-31,55.0,0.0,0.0,98.0,0.0,0.0,0.0,97.0,25.0
DE,2016,20,31,2016-08-07,70.0,0.0,0.0,98.0,0.0,0.0,0.0,97.0,34.0
DE,2016,21,32,2016-08-14,80.0,0.0,0.0,98.0,0.0,0.0,0.0,97.0,60.0
DE,2016,22,33,2016-08-21,95.0,0.0,0.0,98.0,0.0,0.0,0.0,97.0,65.0
DE,2016,23,34,2016-08-28,95.0,0.0,0.0,98.0,2.0,0.0,0.0,97.0,75.0
DE,2016,24,35,2016-09-04,95.0,0.0,0.0,98.0,21.0,0.0,0.0,97.0,79.0
DE,2016,25,36,2016-09-11,95.0,11.0,0.0,98.0,68.0,0.0,0.0,97.0,93.0
DE,2016,26,37,2016-09-18,95.0,30.0,8.0,98.0,86.0,0.0,0.0,97.0,98.0
DE,2016,27,38,2016-09-25,95.0,53.0,30.0,98.0,94.0,0.0,0.0,97.0,98.0
DE,2016,28,39,2016-10-02,95.0,74.0,60.0,98.0,97.0,0.0,15.0,97.0,98.0
DE,2016,29,40,2016-10-09,95.0,94.0,76.0,98.0,97.0,4.0,24.0,97.0,98.0
DE,2016,30,41,2016-10-16,95.0,97.0,81.0,98.0,97.0,11.0,49.0,97.0,98.0
DE,2016,31,42,2016-10-23,95.0,97.0,96.0,98.0,97.0,21.0,94.0,97.0,98.0
DE,2016,32,43,2016-10-30,95.0,97.0,96.0,98.0,97.0,48.0,96.0,97.0,98.0
DE,2016,33,44,2016-11-06,95.0,97.0,96.0,98.0,97.0,59.0,96.0,97.0,98.0
DE,2016,34,45,2016-11-13,95.0,97.0,96.0,98.0,97.0,71.0,96.0,97.0,98.0
DE,2016,35,46,2016-11-20,95.0,97.0,96.0,98.0,97.0,82.0,96.0,97.0,98.0
DE,2016,36,47,2016-11-27,95.0,97.0,96.0,98.0,97.0,99.0,96.0,97.0,98.0
DE,2017,6,17,2017-04-30,0.0,0.0,0.0,0.0,0.0,0.0,0.0,3.0,0.0
DE,2017,7,18,2017-05-07,0.0,0.0,0.0,0.0,0.0,0.0,0.0,12.0,0.0
DE,2017,8,19,2017-05-14,0.0,0.0,0.0,0.0,0.0,0.0,0.0,15.0,0.0
DE,2017,9,20,2017-05-21,0.0,0.0,0.0,6.0,0.0,0.0,0.0,26.0,0.0
DE,2017,10,21,2017-05-28,0.0,0.0,0.0,16.0,0.0,0.0,0.0,27.0,0.0
DE,2017,11,22,2017-06-04,0.0,0.0,0.0,26.0,0.0,0.0,0.0,41.0,0.0
DE,2017,12,23,2017-06-11,0.0,0.0,0.0,32.0,0.0,0.0,0.0,48.0,0.0
DE,2017,13,24,2017-06-18,0.0,0.0,0.0,44.0,0.0,0.0,0.0,57.0,0.0
DE,2017,14,25,2017-06-25,0.0,0.0,0.0,53.0,0.0,0.0,0.0,66.0,0.0
DE,2017,15,26,2017-07-02,0.0,0.0,0.0,57.0,0.0,0.0,0.0,69.0,0.0
DE,2017,16,27,2017-07-09,0.0,0.0,0.0,85.0,0.0,0.0,0.0,90.0,0.0
DE,2017,17,28,2017-07-16,9.0,0.0,0.0,88.0,0.0,0.0,0.0,93.0,3.0
DE,2017,18,29,2017-07-23,24.0,0.0,0.0,95.0,0.0,0.0,0.0,97.0,11.0
DE,2017,19,30,2017-07-30,24.0,0.0,0.0,95.0,0.0,0.0,0.0,97.0,20.0
DE,2017,20,31,2017-08-06,24.0,0.0,0.0,95.0,0.0,0.0,0.0,97.0,35.0
DE,2017,21,32,2017-08-13,24.0,0.0,0.0,95.0,0.0,0.0,0.0,97.0,50.0
DE,2017,22,33,2017-08-20,24.0,0.0,0.0,95.0,1.0,0.0,0.0,97.0,65.0
DE,2017,23,34,2017-08-27,24.0,0.0,0.0,95.0,6.0,0.0,0.0,97.0,67.0
DE,2017,24,35,2017-09-03,24.0,0.0,1.0,95.0,25.0,0.0,0.0,97.0,81.0
DE,2017,25,36,2017-09-10,24.0,6.0,3.0,95.0,41.0,0.0,0.0,97.0,90.0
DE,2017,26,37,2017-09-17,24.0,22.0,8.0,95.0,59.0,0.0,0.0,97.0,96.0
DE,2017,27,38,2017-09-24,24.0,42.0,22.0,95.0,74.0,0.0,1.0,97.0,100.0
DE,2017,28,39,2017-10-01,24.0,59.0,37.0,95.0,84.0,0.0,6.0,97.0,100.0
DE,2017,29,40,2017-10-08,24.0,76.0,58.0,95.0,91.0,3.0,16.0,97.0,100.0
DE,2017,30,41,2017-10-15,24.0,97.0,87.0,95.0,100.0,8.0,32.0,97.0,100.0
DE,2017,31,42,2017-10-22,24.0,100.0,99.0,95.0,100.0,21.0,92.0,97.0,100.0
DE,2017,32,43,2017-10-29,24.0,100.0,99.0,95.0,100.0,48.0,96.0,97.0,100.0
DE,2017,33,44,2017-11-05,24.0,100.0,99.0,95.0,100.0,51.0,98.0,97.0,100.0
DE,2017,34,45,2017-11-12,24.0,100.0,99.0,95.0,100.0,54.0,100.0,97.0,100.0
DE,2017,35,46,2017-11-19,24.0,100.0,99.0,95.0,100.0,67.0,100.0,97.0,100.0
DE,2017,36,47,2017-11-26,24.0,100.0,99.0,95.0,100.0,76.0,100.0,97.0,100.0
DE,2018,7,18,2018-05-06,0.0,0.0,0.0,0.0,0.0,0.0,0.0,7.0,0.0
DE,2018,8,19,2018-05-13,0.0,0.0,0.0,0.0,0.0,0.0,0.0,22.0,0.0
DE,2018,9,20,2018-05-20,0.0,0.0,0.0,3.0,0.0,0.0,0.0,23.0,0.0
DE,2018,10,21,2018-05-27,0.0,0.0,0.0,15.0,0.0,0.0,0.0,33.0,0.0
DE,2018,11,22,2018-06-03,0.0,0.0,0.0,22.0,0.0,0.0,0.0,35.0,0.0
DE,2018,12,23,2018-06-10,0.0,0.0,0.0,25.0,0.0,0.0,0.0,41.0,0.0
DE,2018,13,24,2018-06-17,0.0,0.0,0.0,31.0,0.0,0.0,0.0,51.0,0.0
DE,2018,14,25,2018-06-24,0.0,0.0,0.0,43.0,0.0,0.0,0.0,68.0,0.0
DE,2018,15,26,2018-07-01,0.0,0.0,0.0,60.0,0.0,0.0,0.0,85.0,0.0
DE,2018,16,27,2018-07-08,0.0,0.0,0.0,81.0,0.0,0.0,0.0,96.0,0.0
DE,2018,17,28,2018-07-15,6.0,0.0,0.0,85.0,0.0,0.0,0.0,98.0,0.0
DE,2018,18,29,2018-07-22,18.0,0.0,0.0,87.0,0.0,0.0,0.0,99.0,4.0
DE,2018,19,30,2018-07-29,26.0,0.0,0.0,93.0,0.0,0.0,0.0,100.0,10.0
DE,2018,20,31,2018-08-05,41.0,0.0,0.0,100.0,0.0,0.0,0.0,100.0,20.0
DE,2018,21,32,2018-08-12,58.0,0.0,0.0,100.0,0.0,0.0,0.0,100.0,23.0
DE,2018,22,33,2018-08-19,75.0,0.0,0.0,100.0,4.0,0.0,0.0,100.0,42.0
DE,2018,23,34,2018-08-26,94.0,0.0,0.0,100.0,19.0,0.0,0.0,100.0,71.0
DE,2018,24,35,2018-09-02,95.0,0.0,0.0,100.0,28.0,0.0,0.0,100.0,74.0
DE,2018,25,36,2018-09-09,96.0,0.0,0.0,100.0,40.0,0.0,0.0,100.0,90.0
DE,2018,26,37,2018-09-16,96.0,2.0,0.0,100.0,69.0,0.0,0.0,100.0,96.0
DE,2018,27,38,2018-09-23,96.0,22.0,0.0,100.0,94.0,0.0,0.0,100.0,96.0
DE,2018,28,39,2018-09-30,96.0,37.0,20.0,100.0,95.0,0.0,5.0,100.0,96.0
DE,2018,29,40,2018-10-07,96.0,81.0,71.0,100.0,99.0,0.0,19.0,100.0,96.0
DE,2018,30,41,2018-10-14,96.0,89.0,75.0,100.0,99.0,3.0,40.0,100.0,96.0
DE,2018,31,42,2018-10-21,96.0,96.0,89.0,100.0,99.0,4.0,47.0,100.0,96.0
DE,2018,32,43,2018-10-28,96.0,100.0,96.0,100.0,99.0,11.0,76.0,100.0,96.0
DE,2018,33,44,2018-11-04,96.0,100.0,96.0,100.0,99.0,24.0,96.0,100.0,96.0
DE,2018,34,45,2018-11-11,96.0,100.0,96.0,100.0,99.0,36.0,96.0,100.0,96.0
DE,2018,35,46,2018-11-18,96.0,100.0,96.0,100.0,99.0,37.0,96.0,100.0,96.0
DE,2018,36,47,2018-11-25,96.0,100.0,96.0,100.0,99.0,72.0,96.0,100.0,96.0
DE,2019,6,17,2019-04-28,0.0,0.0,0.0,0.0,0.0,0.0,0.0,1.0,0.0
DE,2019,7,18,2019-05-05,0.0,0.0,0.0,0.0,0.0,0.0,0.0,3.0,0.0
DE,2019,8,19,2019-05-12,0.0,0.0,0.0,0.0,0.0,0.0,0.0,8.0,0.0
DE,2019,9,20,2019-05-19,0.0,0.0,0.0,0.0,0.0,0.0,0.0,25.0,0.0
DE,2019,10,21,2019-05-26,0.0,0.0,0.0,7.0,0.0,0.0,0.0,28.0,0.0
DE,2019,11,22,2019-06-02,0.0,0.0,0.0,17.0,0.0,0.0,0.0,40.0,0.0
DE,2019,12,23,2019-06-09,0.0,0.0,0.0,40.0,0.0,0.0,0.0,62.0,0.0
DE,2019,13,24,2019-06-16,0.0,0.0,0.0,60.0,0.0,0.0,0.0,78.0,0.0
DE,2019,14,25,2019-06-23,0.0,0.0,0.0,78.0,0.0,0.0,0.0,92.0,0.0
DE,2019,15,26,2019-06-30,0.0,0.0,0.0,83.0,0.0,0.0,0.0,93.0,0.0
DE,2019,16,27,2019-07-07,0.0,0.0,0.0,91.0,0.0,0.0,0.0,97.0,0.0
DE,2019,17,28,2019-07-14,0.0,0.0,0.0,98.0,0.0,0.0,0.0,97.0,0.0
DE,2019,18,29,2019-07-21,13.0,0.0,0.0,98.0,0.0,0.0,0.0,97.0,2.0
DE,2019,19,30,2019-07-28,39.0,0.0,0.0,98.0,0.0,0.0,0.0,97.0,27.0
DE,2019,20,31,2019-08-04,48.0,0.0,0.0,98.0,0.0,0.0,0.0,97.0,31.0
DE,2019,21,32,2019-08-11,51.0,0.0,0.0,98.0,0.0,0.0,0.0,97.0,34.0
DE,2019,22,33,2019-08-18,71.0,0.0,0.0,98.0,0.0,0.0,0.0,97.0,51.0
DE,2019,23,34,2019-08-25,85.0,0.0,0.0,98.0,12.0,0.0,0.0,97.0,65.0
DE,2019,24,35,2019-09-01,95.0,0.0,0.0,98.0,13.0,0.0,0.0,97.0,84.0
DE,2019,25,36,2019-09-08,95.0,0.0,0.0,98.0,37.0,0.0,0.0,97.0,94.0
DE,2019,26,37,2019-09-15,95.0,0.0,0.0,98.0,58.0,0.0,0.0,97.0,96.0
DE,2019,27,38,2019-09-22,95.0,33.0,8.0,98.0,81.0,0.0,0.0,97.0,96.0
DE,2019,28,39,2019-09-29,95.0,62.0,32.0,98.0,92.0,0.0,5.0,97.0,96.0
DE,2019,29,40,2019-10-06,95.0,89.0,58.0,98.0,96.0,3.0,30.0,97.0,96.0
DE,2019,30,41,2019-10-13,95.0,95.0,78.0,98.0,96.0,8.0,57.0,97.0,96.0
DE,2019,31,42,2019-10-20,95.0,95.0,92.0,98.0,96.0,36.0,74.0,97.0,96.0
DE,2019,32,43,2019-10-27,95.0,95.0,98.0,98.0,96.0,61.0,94.0,97.0,96.0
DE,2019,33,44,2019-11-03,95.0,95.0,98.0,98.0,96.0,62.0,99.0,97.0,96.0
DE,2019,34,45,2019-11-10,95.0,95.0,98.0,98.0,96.0,65.0,99.0,97.0,96.0
DE,2019,35,46,2019-11-17,95.0,95.0,98.0,98.0,96.0,70.0,99.0,97.0,96.0
DE,2019,36,47,2019-11-24,95.0,95.0,98.0,98.0,96.0,73.0,99.0,97.0,96.0
DE,2019,37,48,2019-12-01,95.0,95.0,98.0,98.0,96.0,95.0,99.0,97.0,96.0
DE,2020,8,19,2020-05-10,0.0,0.0,0.0,0.0,0.0,0.0,0.0,2.0,0.0
DE,2020,9,20,2020-05-17,0.0,0.0,0.0,3.0,0.0,0.0,0.0,13.0,0.0
DE,2020,10,21,2020-05-24,0.0,0.0,0.0,12.0,0.0,0.0,0.0,25.0,0.0
DE,2020,11,22,2020-05-31,0.0,0.0,0.0,25.0,0.0,0.0,0.0,46.0,0.0
DE,2020,12,23,2020-06-07,0.0,0.0,0.0,33.0,0.0,0.0,0.0,76.0,0.0
DE,2020,13,24,2020-06-14,0.0,0.0,0.0,60.0,0.0,0.0,0.0,81.0,0.0
DE,2020,14,25,2020-06-21,0.0,0.0,0.0,71.0,0.0,0.0,0.0,88.0,0.0
DE,2020,15,26,2020-06-28,0.0,0.0,0.0,88.0,0.0,0.0,0.0,96.0,0.0
DE,2020,16,27,2020-07-05,0.0,0.0,0.0,91.0,0.0,0.0,0.0,96.0,0.0
DE,2020,17,28,2020-07-12,0.0,0.0,0.0,96.0,0.0,0.0,0.0,96.0,0.0
DE,2020,18,29,2020-07-19,19.0,0.0,0.0,96.0,0.0,0.0,0.0,96.0,0.0
DE,2020,19,30,2020-07-26,33.0,0.0,0.0,96.0,0.0,0.0,0.0,96.0,0.0
DE,2020,20,31,2020-08-02,60.0,0.0,0.0,96.0,0.0,0.0,0.0,96.0,10.0
DE,2020,21,32,2020-08-09,60.0,0.0,0.0,96.0,0.0,0.0,0.0,96.0,10.0
DE,2020,22,33,2020-08-16,77.0,0.0,0.0,96.0,0.0,0.0,0.0,96.0,55.0
DE,2020,23,34,2020-08-23,77.0,0.0,0.0,96.0,0.0,0.0,0.0,96.0,67.0
DE,2020,24,35,2020-08-30,77.0,0.0,0.0,96.0,3.0,0.0,0.0,96.0,86.0
DE,2020,25,36,2020-09-06,77.0,0.0,0.0,96.0,23.0,0.0,0.0,96.0,90.0
DE,2020,26,37,2020-09-13,77.0,0.0,0.0,96.0,52.0,0.0,0.0,96.0,90.0
DE,2020,27,38,2020-09-20,77.0,17.0,5.0,96.0,65.0,0.0,0.0,96.0,90.0
DE,2020,28,39,2020-09-27,77.0,53.0,24.0,96.0,83.0,0.0,0.0,96.0,90.0
DE,2020,29,40,2020-10-04,77.0,72.0,48.0,96.0,91.0,1.0,0.0,96.0,90.0
DE,2020,30,41,2020-10-11,77.0,88.0,74.0,96.0,98.0,2.0,0.0,96.0,90.0
DE,2020,31,42,2020-10-18,77.0,98.0,86.0,96.0,98.0,10.0,0.0,96.0,90.0
DE,2020,32,43,2020-10-25,77.0,98.0,98.0,96.0,98.0,22.0,0.0,96.0,90.0
DE,2020,33,44,2020-11-01,77.0,98.0,98.0,96.0,98.0,24.0,98.0,96.0,90.0
DE,2020,34,45,2020-11-08,77.0,98.0,98.0,96.0,98.0,50.0,98.0,96.0,90.0
DE,2020,35,46,2020-11-15,77.0,98.0,98.0,96.0,98.0,60.0,98.0,96.0,90.0
DE,2020,36,47,2020-11-22,77.0,98.0,98.0,96.0,98.0,77.0,98.0,96.0,90.0
DE,2020,37,48,2020-11-29,77.0,98.0,98.0,96.0,98.0,85.0,98.0,96.0,90.0
DE,2021,8,19,2021-05-16,0.0,0.0,0.0,0.0,0.0,0.0,,23.0,0.0
DE,2021,9,20,2021-05-23,0.0,0.0,0.0,21.0,0.0,0.0,,40.0,0.0
DE,2021,10,21,2021-05-30,0.0,0.0,0.0,35.0,0.0,0.0,,50.0,0.0
DE,2021,11,22,2021-06-06,0.0,0.0,0.0,49.0,0.0,0.0,,65.0,0.0
DE,2021,12,23,2021-06-13,0.0,0.0,0.0,57.0,0.0,0.0,,72.0,0.0
DE,2021,13,24,2021-06-20,0.0,0.0,0.0,67.0,0.0,0.0,,81.0,0.0
DE,2021,14,25,2021-06-27,0.0,0.0,0.0,76.0,0.0,0.0,,89.0,0.0
DE,2021,15,26,2021-07-04,0.0,0.0,0.0,89.0,0.0,0.0,,94.0,0.0
DE,2021,16,27,2021-07-11,0.0,0.0,0.0,93.0,0.0,0.0,,97.0,0.0
DE,2021,17,28,2021-07-18,0.0,0.0,0.0,97.0,0.0,0.0,,97.0,0.0
DE,2021,18,29,2021-07-25,24.0,0.0,0.0,97.0,0.0,0.0,,97.0,23.0
DE,2021,19,30,2021-08-01,51.0,0.0,0.0,97.0,0.0,0.0,,97.0,43.0
DE,2021,20,31,2021-08-08,67.0,0.0,0.0,97.0,0.0,0.0,,97.0,55.0
DE,2021,21,32,2021-08-15,76.0,0.0,0.0,97.0,0.0,0.0,,97.0,66.0
DE,2021,22,33,2021-08-22,95.0,0.0,0.0,97.0,5.0,0.0,,97.0,75.0
DE,2021,23,34,2021-08-29,95.0,0.0,0.0,97.0,22.0,0.0,,97.0,88.0
DE,2021,24,35,2021-09-05,95.0,0.0,0.0,97.0,28.0,0.0,,97.0,93.0
DE,2021,25,36,2021-09-12,95.0,0.0,0.0,97.0,46.0,0.0,,97.0,96.0
DE,2021,26,37,2021-09-19,95.0,24.0,5.0,97.0,73.0,0.0,,97.0,96.0
DE,2021,27,38,2021-09-26,95.0,48.0,19.0,97.0,73.0,0.0,,97.0,96.0
DE,2021,28,39,2021-10-03,95.0,84.0,60.0,97.0,73.0,2.0,,97.0,96.0
DE,2021,29,40,2021-10-10,95.0,91.0,74.0,97.0,73.0,6.0,,97.0,96.0
DE,2021,30,41,2021-10-17,95.0,97.0,84.0,97.0,73.0,9.0,,97.0,96.0
DE,2021,31,42,2021-10-24,95.0,97.0,96.0,97.0,73.0,14.0,,97.0,96.0
DE,2021,32,43,2021-10-31,95.0,97.0,96.0,97.0,73.0,31.0,,97.0,96.0
DE,2021,33,44,2021-11-07,95.0,97.0,96.0,97.0,73.0,47.0,,97.0,96.0
DE,2021,34,45,2021-11-14,95.0,97.0,96.0,97.0,73.0,76.0,,97.0,96.0
DE,2021,35,46,2021-11-21,95.0,97.0,96.0,97.0,73.0,88.0,,97.0,96.0
DE,2021,36,47,2021-11-28,95.0,97.0,96.0,97.0,73.0,93.0,,97.0,96.0
DE,2022,6,17,2022-05-01,0.0,0.0,0.0,0.0,0.0,0.0,,3.0,0.0
DE,2022,7,18,2022-05-08,0.0,0.0,0.0,0.0,0.0,0.0,,10.0,0.0
DE,2022,8,19,2022-05-15,0.0,0.0,0.0,0.0,0.0,0.0,,12.0,0.0
DE,2022,9,20,2022-05-22,0.0,0.0,0.0,5.0,0.0,0.0,,25.0,0.0
DE,2022,10,21,2022-05-29,0.0,0.0,0.0,21.0,0.0,0.0,,36.0,0.0
DE,2022,11,22,2022-06-05,0.0,0.0,0.0,40.0,0.0,0.0,,65.0,0.0
DE,2022,12,23,2022-06-12,0.0,0.0,0.0,66.0,0.0,0.0,,83.0,0.0
DE,2022,13,24,2022-06-19,0.0,0.0,0.0,69.0,0.0,0.0,,84.0,0.0
DE,2022,14,25,2022-06-26,0.0,0.0,0.0,82.0,0.0,0.0,,92.0,0.0
DE,2022,15,26,2022-07-03,0.0,0.0,0.0,90.0,0.0,0.0,,99.0,0.0
DE,2022,16,27,2022-07-10,5.0,0.0,0.0,95.0,0.0,0.0,,99.0,0.0
DE,2022,17,28,2022-07-17,9.0,0.0,0.0,95.0,0.0,0.0,,99.0,0.0
DE,2022,18,29,2022-07-24,31.0,0.0,0.0,95.0,0.0,0.0,,99.0,0.0
DE,2022,19,30,2022-07-31,44.0,0.0,0.0,95.0,0.0,0.0,,99.0,7.0
DE,2022,20,31,2022-08-07,48.0,0.0,0.0,95.0,0.0,0.0,,99.0,20.0
DE,2022,21,32,2022-08-14,52.0,0.0,0.0,95.0,0.0,0.0,,99.0,27.0
DE,2022,22,33,2022-08-21,68.0,0.0,0.0,95.0,0.0,0.0,,99.0,52.0
DE,2022,23,34,2022-08-28,80.0,0.0,0.0,95.0,0.0,0.0,,99.0,70.0
DE,2022,24,35,2022-09-04,88.0,0.0,0.0,95.0,7.0,0.0,,99.0,77.0
DE,2022,25,36,2022-09-11,96.0,0.0,0.0,95.0,16.0,0.0,,99.0,85.0
DE,2022,26,37,2022-09-18,96.0,11.0,0.0,95.0,35.0,0.0,,99.0,91.0
DE,2022,27,38,2022-09-25,96.0,38.0,0.0,95.0,56.0,0.0,,99.0,95.0
DE,2022,28,39,2022-10-02,96.0,41.0,23.0,95.0,62.0,0.0,,99.0,95.0
DE,2022,29,40,2022-10-09,96.0,65.0,49.0,95.0,81.0,5.0,,99.0,95.0
DE,2022,30,41,2022-10-16,96.0,68.0,56.0,95.0,89.0,6.0,,99.0,95.0
DE,2022,31,42,2022-10-23,96.0,69.0,60.0,95.0,98.0,11.0,,99.0,95.0
DE,2022,32,43,2022-10-30,96.0,76.0,65.0,95.0,98.0,16.0,,99.0,95.0
DE,2022,33,44,2022-11-06,96.0,95.0,71.0,95.0,98.0,22.0,,99.0,95.0
DE,2022,34,45,2022-11-13,96.0,95.0,81.0,95.0,98.0,35.0,,99.0,95.0
DE,2022,35,46,2022-11-20,96.0,95.0,95.0,95.0,98.0,50.0,,99.0,95.0
DE,2022,36,47,2022-11-27,96.0,95.0,95.0,95.0,98.0,92.0,,99.0,95.0
DE,2023,6,17,2023-04-30,0.0,0.0,0.0,0.0,0.0,0.0,,8.0,0.0
DE,2023,7,18,2023-05-07,0.0,0.0,0.0,8.0,0.0,0.0,,26.0,0.0
DE,2023,8,19,2023-05-14,0.0,0.0,0.0,16.0,0.0,0.0,,37.0,0.0
DE,2023,9,20,2023-05-21,0.0,0.0,0.0,38.0,0.0,0.0,,60.0,0.0
DE,2023,10,21,2023-05-28,0.0,0.0,0.0,42.0,0.0,0.0,,66.0,0.0
DE,2023,11,22,2023-06-04,0.0,0.0,0.0,46.0,0.0,0.0,,71.0,0.0
DE,2023,12,23,2023-06-11,0.0,0.0,0.0,67.0,0.0,0.0,,80.0,0.0
DE,2023,13,24,2023-06-18,0.0,0.0,0.0,80.0,0.0,0.0,,87.0,0.0
DE,2023,14,25,2023-06-25,0.0,0.0,0.0,88.0,0.0,0.0,,94.0,0.0
DE,2023,15,26,2023-07-02,0.0,0.0,0.0,96.0,0.0,0.0,,98.0,0.0
DE,2023,16,27,2023-07-09,8.0,0.0,0.0,96.0,0.0,0.0,,98.0,0.0
DE,2023,17,28,2023-07-16,23.0,0.0,0.0,96.0,0.0,0.0,,98.0,0.0
DE,2023,18,29,2023-07-23,37.0,0.0,0.0,96.0,0.0,0.0,,98.0,0.0
DE,2023,19,30,2023-07-30,57.0,0.0,0.0,96.0,0.0,0.0,,98.0,0.0
DE,2023,20,31,2023-08-06,67.0,0.0,0.0,96.0,0.0,0.0,,98.0,14.0
DE,2023,21,32,2023-08-13,80.0,0.0,0.0,96.0,0.0,0.0,,98.0,34.0
DE,2023,22,33,2023-08-20,85.0,0.0,0.0,96.0,7.0,0.0,,98.0,59.0
DE,2023,23,34,2023-08-27,97.0,0.0,0.0,96.0,11.0,0.0,,98.0,84.0
DE,2023,24,35,2023-09-03,97.0,0.0,0.0,96.0,26.0,0.0,,98.0,91.0
DE,2023,25,36,2023-09-10,97.0,0.0,0.0,96.0,44.0,0.0,,98.0,97.0
DE,2023,26,37,2023-09-17,97.0,16.0,0.0,96.0,67.0,0.0,,98.0,97.0
DE,2023,27,38,2023-09-24,97.0,47.0,0.0,96.0,85.0,0.0,,98.0,97.0
DE,2023,28,39,2023-10-01,97.0,74.0,38.0,96.0,93.0,0.0,,98.0,97.0
DE,2023,29,40,2023-10-08,97.0,85.0,60.0,96.0,96.0,1.0,,98.0,97.0
DE,2023,30,41,2023-10-15,97.0,91.0,76.0,96.0,96.0,11.0,,98.0,97.0
DE,2023,31,42,2023-10-22,97.0,95.0,83.0,96.0,96.0,19.0,,98.0,97.0
DE,2023,32,43,2023-10-29,97.0,95.0,96.0,96.0,96.0,36.0,,98.0,97.0
DE,2023,33,44,2023-11-05,97.0,95.0,96.0,96.0,96.0,68.0,,98.0,97.0
DE,2023,34,45,2023-11-12,97.0,95.0,96.0,96.0,96.0,81.0,,98.0,97.0
DE,2023,35,46,2023-11-19,97.0,95.0,96.0,96.0,96.0,91.0,,98.0,97.0
DE,2023,36,47,2023-11-26,97.0,95.0,96.0,96.0,96.0,97.0,,98.0,97.0
DE,2024,5,16,2024-04-21,0.0,0.0,0.0,0.0,0.0,0.0,,3.0,0.0
DE,2024,6,17,2024-04-28,0.0,0.0,0.0,0.0,0.0,0.0,,12.0,0.0
DE,2024,7,18,2024-05-05,0.0,0.0,0.0,0.0,0.0,0.0,,23.0,0.0
DE,2024,8,19,2024-05-12,0.0,0.0,0.0,8.0,0.0,0.0,,33.0,0.0
DE,2024,9,20,2024-05-19,0.0,0.0,0.0,28.0,0.0,0.0,,46.0,0.0
DE,2024,10,21,2024-05-26,0.0,0.0,0.0,40.0,0.0,0.0,,53.0,0.0
DE,2024,11,22,2024-06-02,0.0,0.0,0.0,50.0,0.0,0.0,,70.0,0.0
DE,2024,12,23,2024-06-09,0.0,0.0,0.0,68.0,0.0,0.0,,85.0,0.0
DE,2024,13,24,2024-06-16,0.0,0.0,0.0,76.0,0.0,0.0,,90.0,0.0
DE,2024,14,25,2024-06-23,0.0,0.0,0.0,81.0,0.0,0.0,,96.0,0.0
DE,2024,15,26,2024-06-30,0.0,0.0,0.0,90.0,0.0,0.0,,96.0,0.0
DE,2024,16,27,2024-07-07,11.0,0.0,0.0,97.0,0.0,0.0,,96.0,0.0
DE,2024,17,28,2024-07-14,22.0,0.0,0.0,97.0,0.0,0.0,,96.0,0.0
DE,2024,18,29,2024-07-21,30.0,0.0,0.0,97.0,0.0,0.0,,96.0,0.0
DE,2024,19,30,2024-07-28,72.0,0.0,0.0,97.0,0.0,0.0,,96.0,7.0
DE,2024,20,31,2024-08-04,91.0,0.0,0.0,97.0,0.0,0.0,,96.0,38.0
DE,2024,21,32,2024-08-11,94.0,0.0,0.0,97.0,1.0,0.0,,96.0,43.0
DE,2024,22,33,2024-08-18,95.0,0.0,0.0,97.0,6.0,0.0,,96.0,48.0
DE,2024,23,34,2024-08-25,95.0,0.0,0.0,97.0,29.0,0.0,,96.0,67.0
DE,2024,24,35,2024-09-01,95.0,3.0,0.0,97.0,50.0,0.0,,96.0,86.0
DE,2024,25,36,2024-09-08,95.0,10.0,0.0,97.0,64.0,0.0,,96.0,94.0
DE,2024,26,37,2024-09-15,95.0,12.0,0.0,97.0,68.0,0.0,,96.0,97.0
DE,2024,27,38,2024-09-22,95.0,45.0,15.0,97.0,91.0,0.0,,96.0,97.0
DE,2024,28,39,2024-09-29,95.0,81.0,40.0,97.0,98.0,0.0,,96.0,97.0
DE,2024,29,40,2024-10-06,95.0,94.0,70.0,97.0,98.0,5.0,,96.0,97.0
DE,2024,30,41,2024-10-13,95.0,98.0,87.0,97.0,98.0,11.0,,96.0,97.0
DE,2024,31,42,2024-10-20,95.0,98.0,93.0,97.0,98.0,26.0,,96.0,97.0
DE,2024,32,43,2024-10-27,95.0,98.0,97.0,97.0,98.0,50.0,,96.0,97.0
DE,2024,33,44,2024-11-03,95.0,98.0,97.0,97.0,98.0,80.0,,96.0,97.0
DE,2024,34,45,2024-11-10,95.0,98.0,97.0,97.0,98.0,91.0,,96.0,97.0
DE,2024,35,46,2024-11-17,95.0,98.0,97.0,97.0,98.0,95.0,,96.0,97.0
DE,2025,4,15,2025-04-13,0.0,0.0,0.0,0.0,0.0,0.0,,0.0,0.0
DE,2025,5,16,2025-04-20,0.0,0.0,0.0,0.0,0.0,0.0,,1.0,0.0
DE,2025,6,17,2025-04-27,0.0,0.0,0.0,0.0,0.0,0.0,,2.0,0.0
DE,2025,7,18,2025-05-04,0.0,0.0,0.0,0.0,0.0,0.0,,8.0,0.0
DE,2025,8,19,2025-05-11,0.0,0.0,0.0,4.0,0.0,0.0,,25.0,0.0
DE,2025,9,20,2025-05-18,0.0,0.0,0.0,15.0,0.0,0.0,,37.0,0.0
DE,2025,10,21,2025-05-25,0.0,0.0,0.0,26.0,0.0,0.0,,42.0,0.0
DE,2025,11,22,2025-06-01,0.0,0.0,0.0,47.0,0.0,0.0,,68.0,0.0
DE,2025,12,23,2025-06-08,0.0,0.0,0.0,65.0,0.0,0.0,,87.0,0.0
DE,2025,13,24,2025-06-15,0.0,0.0,0.0,73.0,0.0,0.0,,90.0,0.0
DE,2025,14,25,2025-06-22,0.0,0.0,0.0,75.0,0.0,0.0,,93.0,0.0
DE,2025,15,26,2025-06-29,0.0,0.0,0.0,79.0,0.0,0.0,,95.0,0.0
DE,2025,16,27,2025-07-06,5.0,0.0,0.0,92.0,0.0,0.0,,95.0,0.0
DE,2025,17,28,2025-07-13,20.0,0.0,0.0,96.0,0.0,0.0,,95.0,0.0
DE,2025,18,29,2025-07-20,31.0,0.0,0.0,96.0,0.0,0.0,,95.0,0.0
DE,2025,19,30,2025-07-27,41.0,0.0,0.0,96.0,0.0,0.0,,95.0,1.0
DE,2025,20,31,2025-08-03,66.0,0.0,0.0,96.0,0.0,0.0,,95.0,19.0
DE,2025,21,32,2025-08-10,74.0,0.0,0.0,96.0,0.0,0.0,,95.0,37.0
DE,2025,22,33,2025-08-17,95.0,0.0,0.0,96.0,1.0,0.0,,95.0,45.0
DE,2025,23,34,2025-08-24,95.0,0.0,0.0,96.0,13.0,0.0,,95.0,70.0
DE,2025,24,35,2025-08-31,95.0,2.0,0.0,96.0,27.0,0.0,,95.0,90.0
DE,2025,25,36,2025-09-07,95.0,5.0,0.0,96.0,47.0,0.0,,95.0,96.0
DE,2025,26,37,2025-09-14,95.0,21.0,0.0,96.0,71.0,0.0,,95.0,96.0
DE,2025,27,38,2025-09-21,95.0,45.0,14.0,96.0,90.0,0.0,,95.0,96.0
DE,2025,28,39,2025-09-28,95.0,60.0,36.0,96.0,93.0,0.0,,95.0,96.0
DE,2025,35,46,2025-11-16,95.0,100.0,100.0,96.0,100.0,92.0,,95.0,96.0
DE,2025,36,47,2025-11-23,95.0,100.0,100.0,96.0,100.0,94.0,,95.0,96.0
GA,2016,6,17,2016-05-01,0.0,,0.0,0.0,,0.0,,1.0,0.0
GA,2016,7,18,2016-05-08,0.0,,0.0,0.0,,0.0,,13.0,0.0
GA,2016,8,19,2016-05-15,0.0,,0.0,3.0,,0.0,,22.0,0.0
GA,2016,9,20,2016-05-22,0.0,,0.0,18.0,,0.0,,36.0,0.0
GA,2016,10,21,2016-05-29,0.0,,0.0,33.0,,0.0,,50.0,0.0
GA,2016,11,22,2016-06-05,0.0,,0.0,47.0,,0.0,,61.0,0.0
GA,2016,12,23,2016-06-12,0.0,,0.0,62.0,,0.0,,74.0,0.0
GA,2016,13,24,2016-06-19,5.0,,0.0,74.0,,0.0,,85.0,0.0
GA,2016,14,25,2016-06-26,13.0,,0.0,84.0,,0.0,,92.0,0.0
GA,2016,15,26,2016-07-03,25.0,,0.0,89.0,,0.0,,94.0,2.0
GA,2016,16,27,2016-07-10,37.0,,0.0,93.0,,0.0,,96.0,8.0
GA,2016,17,28,2016-07-17,49.0,,0.0,96.0,,0.0,,96.0,21.0
GA,2016,18,29,2016-07-24,59.0,,0.0,96.0,,0.0,,96.0,31.0
GA,2016,19,30,2016-07-31,71.0,,0.0,96.0,,0.0,,96.0,46.0
GA,2016,20,31,2016-08-07,80.0,,0.0,96.0,,0.0,,96.0,56.0
GA,2016,21,32,2016-08-14,88.0,,0.0,96.0,,0.0,,96.0,68.0
GA,2016,22,33,2016-08-21,92.0,,2.0,96.0,,0.0,,96.0,76.0
GA,2016,23,34,2016-08-28,94.0,,6.0,96.0,,0.0,,96.0,82.0
GA,2016,24,35,2016-09-04,95.0,,14.0,96.0,,0.0,,96.0,88.0
GA,2016,25,36,2016-09-11,95.0,,27.0,96.0,,0.0,,96.0,93.0
GA,2016,26,37,2016-09-18,95.0,,41.0,96.0,,1.0,,96.0,95.0
GA,2016,27,38,2016-09-25,95.0,,51.0,96.0,,9.0,,96.0,95.0
GA,2016,28,39,2016-10-02,95.0,,63.0,96.0,,14.0,,96.0,95.0
GA,2016,29,40,2016-10-09,95.0,,73.0,96.0,,22.0,,96.0,95.0
GA,2016,30,41,2016-10-16,95.0,,81.0,96.0,,31.0,,96.0,95.0
GA,2016,31,42,2016-10-23,95.0,,88.0,96.0,,42.0,,96.0,95.0
GA,2016,32,43,2016-10-30,95.0,,95.0,96.0,,53.0,,96.0,95.0
GA,2016,33,44,2016-11-06,95.0,,95.0,96.0,,67.0,,96.0,95.0
GA,2016,34,45,2016-11-13,95.0,,95.0,96.0,,81.0,,96.0,95.0
GA,2016,35,46,2016-11-20,95.0,,95.0,96.0,,88.0,,96.0,95.0
GA,2016,36,47,2016-11-27,95.0,,95.0,96.0,,95.0,,96.0,95.0
GA,2017,6,17,2017-04-30,0.0,,0.0,0.0,,0.0,,2.0,0.0
GA,2017,7,18,2017-05-07,0.0,,0.0,0.0,,0.0,,11.0,0.0
GA,2017,8,19,2017-05-14,0.0,,0.0,4.0,,0.0,,22.0,0.0
GA,2017,9,20,2017-05-21,0.0,,0.0,19.0,,0.0,,38.0,0.0
GA,2017,10,21,2017-05-28,0.0,,0.0,33.0,,0.0,,51.0,0.0
GA,2017,11,22,2017-06-04,0.0,,0.0,45.0,,0.0,,66.0,0.0
GA,2017,12,23,2017-06-11,0.0,,0.0,57.0,,0.0,,74.0,0.0
GA,2017,13,24,2017-06-18,1.0,,0.0,72.0,,0.0,,85.0,0.0
GA,2017,14,25,2017-06-25,9.0,,0.0,80.0,,0.0,,89.0,0.0
GA,2017,15,26,2017-07-02,15.0,,0.0,85.0,,0.0,,93.0,0.0
GA,2017,16,27,2017-07-09,29.0,,0.0,91.0,,0.0,,96.0,5.0
GA,2017,17,28,2017-07-16,39.0,,0.0,94.0,,0.0,,96.0,16.0
GA,2017,18,29,2017-07-23,52.0,,0.0,96.0,,0.0,,96.0,25.0
GA,2017,19,30,2017-07-30,67.0,,0.0,96.0,,0.0,,96.0,35.0
GA,2017,20,31,2017-08-06,80.0,,0.0,96.0,,0.0,,96.0,48.0
GA,2017,21,32,2017-08-13,86.0,,0.0,96.0,,0.0,,96.0,60.0
GA,2017,22,33,2017-08-20,91.0,,0.0,96.0,,0.0,,96.0,69.0
GA,2017,23,34,2017-08-27,93.0,,2.0,96.0,,0.0,,96.0,77.0
GA,2017,24,35,2017-09-03,95.0,,13.0,96.0,,0.0,,96.0,85.0
GA,2017,25,36,2017-09-10,95.0,,21.0,96.0,,0.0,,96.0,89.0
GA,2017,26,37,2017-09-17,95.0,,29.0,96.0,,0.0,,96.0,94.0
GA,2017,27,38,2017-09-24,95.0,,40.0,96.0,,4.0,,96.0,97.0
GA,2017,28,39,2017-10-01,95.0,,51.0,96.0,,14.0,,96.0,98.0
GA,2017,29,40,2017-10-08,95.0,,63.0,96.0,,22.0,,96.0,98.0
GA,2017,30,41,2017-10-15,95.0,,77.0,96.0,,28.0,,96.0,98.0
GA,2017,31,42,2017-10-22,95.0,,88.0,96.0,,38.0,,96.0,98.0
GA,2017,32,43,2017-10-29,95.0,,94.0,96.0,,48.0,,96.0,98.0
GA,2017,33,44,2017-11-05,95.0,,96.0,96.0,,57.0,,96.0,98.0
GA,2017,34,45,2017-11-12,95.0,,96.0,96.0,,70.0,,96.0,98.0
GA,2017,35,46,2017-11-19,95.0,,96.0,96.0,,80.0,,96.0,98.0
GA,2017,36,47,2017-11-26,95.0,,96.0,96.0,,89.0,,96.0,98.0
GA,2018,6,17,2018-04-29,0.0,,0.0,0.0,,0.0,,4.0,0.0
GA,2018,7,18,2018-05-06,0.0,,0.0,0.0,,0.0,,11.0,0.0
GA,2018,8,19,2018-05-13,0.0,,0.0,4.0,,0.0,,20.0,0.0
GA,2018,9,20,2018-05-20,0.0,,0.0,12.0,,0.0,,27.0,0.0
GA,2018,10,21,2018-05-27,0.0,,0.0,25.0,,0.0,,36.0,0.0
GA,2018,11,22,2018-06-03,0.0,,0.0,35.0,,0.0,,41.0,0.0
GA,2018,12,23,2018-06-10,0.0,,0.0,39.0,,0.0,,57.0,0.0
GA,2018,13,24,2018-06-17,0.0,,0.0,55.0,,0.0,,77.0,0.0
GA,2018,14,25,2018-06-24,3.0,,0.0,75.0,,0.0,,86.0,0.0
GA,2018,15,26,2018-07-01,12.0,,0.0,84.0,,0.0,,93.0,0.0
GA,2018,16,27,2018-07-08,23.0,,0.0,90.0,,0.0,,95.0,0.0
GA,2018,17,28,2018-07-15,37.0,,0.0,95.0,,0.0,,95.0,5.0
GA,2018,18,29,2018-07-22,51.0,,0.0,95.0,,0.0,,95.0,18.0
GA,2018,19,30,2018-07-29,63.0,,0.0,95.0,,0.0,,95.0,31.0
GA,2018,20,31,2018-08-05,74.0,,0.0,95.0,,0.0,,95.0,45.0
GA,2018,21,32,2018-08-12,83.0,,0.0,95.0,,0.0,,95.0,59.0
GA,2018,22,33,2018-08-19,91.0,,0.0,95.0,,0.0,,95.0,70.0
GA,2018,23,34,2018-08-26,95.0,,2.0,95.0,,0.0,,95.0,82.0
GA,2018,24,35,2018-09-02,95.0,,9.0,95.0,,0.0,,95.0,91.0
GA,2018,25,36,2018-09-09,95.0,,17.0,95.0,,0.0,,95.0,95.0
GA,2018,26,37,2018-09-16,95.0,,32.0,95.0,,0.0,,95.0,95.0
GA,2018,27,38,2018-09-23,95.0,,44.0,95.0,,5.0,,95.0,95.0
GA,2018,28,39,2018-09-30,95.0,,58.0,95.0,,11.0,,95.0,95.0
GA,2018,29,40,2018-10-07,95.0,,72.0,95.0,,20.0,,95.0,95.0
GA,2018,30,41,2018-10-14,95.0,,85.0,95.0,,25.0,,95.0,95.0
GA,2018,31,42,2018-10-21,95.0,,91.0,95.0,,32.0,,95.0,95.0
GA,2018,32,43,2018-10-28,95.0,,94.0,95.0,,42.0,,95.0,95.0
GA,2018,33,44,2018-11-04,95.0,,96.0,95.0,,51.0,,95.0,95.0
GA,2018,34,45,2018-11-11,95.0,,96.0,95.0,,59.0,,95.0,95.0
GA,2018,35,46,2018-11-18,95.0,,96.0,95.0,,67.0,,95.0,95.0
GA,2018,36,47,2018-11-25,95.0,,96.0,95.0,,75.0,,95.0,95.0
GA,2019,6,17,2019-04-28,0.0,,0.0,0.0,,0.0,,3.0,0.0
GA,2019,7,18,2019-05-05,0.0,,0.0,0.0,,0.0,,12.0,0.0
GA,2019,8,19,2019-05-12,0.0,,0.0,5.0,,0.0,,21.0,0.0
GA,2019,9,20,2019-05-19,0.0,,0.0,21.0,,0.0,,40.0,0.0
GA,2019,10,21,2019-05-26,0.0,,0.0,40.0,,0.0,,56.0,0.0
GA,2019,11,22,2019-06-02,0.0,,0.0,55.0,,0.0,,67.0,0.0
GA,2019,12,23,2019-06-09,0.0,,0.0,66.0,,0.0,,77.0,0.0
GA,2019,13,24,2019-06-16,3.0,,0.0,75.0,,0.0,,86.0,0.0
GA,2019,14,25,2019-06-23,7.0,,0.0,82.0,,0.0,,92.0,0.0
GA,2019,15,26,2019-06-30,15.0,,0.0,88.0,,0.0,,94.0,0.0
GA,2019,16,27,2019-07-07,26.0,,0.0,92.0,,0.0,,97.0,0.0
GA,2019,17,28,2019-07-14,43.0,,0.0,97.0,,0.0,,97.0,7.0
GA,2019,18,29,2019-07-21,56.0,,0.0,97.0,,0.0,,97.0,21.0
GA,2019,19,30,2019-07-28,67.0,,0.0,97.0,,0.0,,97.0,35.0
GA,2019,20,31,2019-08-04,79.0,,0.0,97.0,,0.0,,97.0,50.0
GA,2019,21,32,2019-08-11,87.0,,0.0,97.0,,0.0,,97.0,62.0
GA,2019,22,33,2019-08-18,91.0,,0.0,97.0,,0.0,,97.0,75.0
GA,2019,23,34,2019-08-25,94.0,,2.0,97.0,,0.0,,97.0,81.0
GA,2019,24,35,2019-09-01,96.0,,11.0,97.0,,0.0,,97.0,85.0
GA,2019,25,36,2019-09-08,96.0,,19.0,97.0,,0.0,,97.0,90.0
GA,2019,26,37,2019-09-15,96.0,,31.0,97.0,,0.0,,97.0,93.0
GA,2019,27,38,2019-09-22,96.0,,48.0,97.0,,3.0,,97.0,96.0
GA,2019,28,39,2019-09-29,96.0,,62.0,97.0,,14.0,,97.0,96.0
GA,2019,29,40,2019-10-06,96.0,,73.0,97.0,,23.0,,97.0,96.0
GA,2019,30,41,2019-10-13,96.0,,82.0,97.0,,33.0,,97.0,96.0
GA,2019,31,42,2019-10-20,96.0,,89.0,97.0,,40.0,,97.0,96.0
GA,2019,32,43,2019-10-27,96.0,,94.0,97.0,,49.0,,97.0,96.0
GA,2019,33,44,2019-11-03,96.0,,97.0,97.0,,58.0,,97.0,96.0
GA,2019,34,45,2019-11-10,96.0,,97.0,97.0,,66.0,,97.0,96.0
GA,2019,35,46,2019-11-17,96.0,,97.0,97.0,,75.0,,97.0,96.0
GA,2019,36,47,2019-11-24,96.0,,97.0,97.0,,81.0,,97.0,96.0
GA,2020,6,17,2020-04-26,0.0,,0.0,0.0,,0.0,,4.0,0.0
GA,2020,7,18,2020-05-03,0.0,,0.0,0.0,,0.0,,10.0,0.0
GA,2020,8,19,2020-05-10,0.0,,0.0,5.0,,0.0,,22.0,0.0
GA,2020,9,20,2020-05-17,0.0,,0.0,17.0,,0.0,,31.0,0.0
GA,2020,10,21,2020-05-24,0.0,,0.0,26.0,,0.0,,41.0,0.0
GA,2020,11,22,2020-05-31,0.0,,0.0,41.0,,0.0,,56.0,0.0
GA,2020,12,23,2020-06-07,0.0,,0.0,56.0,,0.0,,72.0,0.0
GA,2020,13,24,2020-06-14,1.0,,0.0,71.0,,0.0,,81.0,0.0
GA,2020,14,25,2020-06-21,10.0,,0.0,81.0,,0.0,,89.0,0.0
GA,2020,15,26,2020-06-28,17.0,,0.0,88.0,,0.0,,94.0,0.0
GA,2020,16,27,2020-07-05,27.0,,0.0,93.0,,0.0,,96.0,0.0
GA,2020,17,28,2020-07-12,43.0,,0.0,95.0,,0.0,,96.0,7.0
GA,2020,18,29,2020-07-19,60.0,,0.0,95.0,,0.0,,96.0,27.0
GA,2020,19,30,2020-07-26,77.0,,0.0,95.0,,0.0,,96.0,50.0
GA,2020,20,31,2020-08-02,82.0,,0.0,95.0,,0.0,,96.0,58.0
GA,2020,21,32,2020-08-09,87.0,,0.0,95.0,,0.0,,96.0,66.0
GA,2020,22,33,2020-08-16,92.0,,0.0,95.0,,0.0,,96.0,75.0
GA,2020,23,34,2020-08-23,95.0,,2.0,95.0,,0.0,,96.0,82.0
GA,2020,24,35,2020-08-30,95.0,,8.0,95.0,,0.0,,96.0,92.0
GA,2020,25,36,2020-09-06,95.0,,18.0,95.0,,0.0,,96.0,95.0
GA,2020,26,37,2020-09-13,95.0,,27.0,95.0,,0.0,,96.0,95.0
GA,2020,27,38,2020-09-20,95.0,,40.0,95.0,,2.0,,96.0,95.0
GA,2020,28,39,2020-09-27,95.0,,54.0,95.0,,7.0,,96.0,95.0
GA,2020,29,40,2020-10-04,95.0,,64.0,95.0,,12.0,,96.0,95.0
GA,2020,30,41,2020-10-11,95.0,,74.0,95.0,,21.0,,96.0,95.0
GA,2020,31,42,2020-10-18,95.0,,84.0,95.0,,28.0,,96.0,95.0
GA,2020,32,43,2020-10-25,95.0,,91.0,95.0,,36.0,,96.0,95.0
GA,2020,33,44,2020-11-01,95.0,,95.0,95.0,,46.0,,96.0,95.0
GA,2020,34,45,2020-11-08,95.0,,95.0,95.0,,58.0,,96.0,95.0
GA,2020,35,46,2020-11-15,95.0,,95.0,95.0,,69.0,,96.0,95.0
GA,2020,36,47,2020-11-22,95.0,,95.0,95.0,,80.0,,96.0,95.0
GA,2020,37,48,2020-11-29,95.0,,95.0,95.0,,89.0,,96.0,95.0
GA,2021,5,16,2021-04-25,0.0,,0.0,0.0,,0.0,,2.0,0.0
GA,2021,6,17,2021-05-02,0.0,,0.0,0.0,,0.0,,12.0,0.0
GA,2021,7,18,2021-05-09,0.0,,0.0,5.0,,0.0,,21.0,0.0
GA,2021,8,19,2021-05-16,0.0,,0.0,17.0,,0.0,,31.0,0.0
GA,2021,9,20,2021-05-23,0.0,,0.0,30.0,,0.0,,51.0,0.0
GA,2021,10,21,2021-05-30,0.0,,0.0,46.0,,0.0,,65.0,0.0
GA,2021,11,22,2021-06-06,0.0,,0.0,60.0,,0.0,,78.0,0.0
GA,2021,12,23,2021-06-13,1.0,,0.0,75.0,,0.0,,86.0,0.0
GA,2021,13,24,2021-06-20,10.0,,0.0,82.0,,0.0,,91.0,0.0
GA,2021,14,25,2021-06-27,17.0,,0.0,87.0,,0.0,,93.0,0.0
GA,2021,15,26,2021-07-04,30.0,,0.0,91.0,,0.0,,96.0,2.0
GA,2021,16,27,2021-07-11,43.0,,0.0,95.0,,0.0,,96.0,16.0
GA,2021,17,28,2021-07-18,54.0,,0.0,95.0,,0.0,,96.0,23.0
GA,2021,18,29,2021-07-25,69.0,,0.0,95.0,,0.0,,96.0,35.0
GA,2021,19,30,2021-08-01,77.0,,0.0,95.0,,0.0,,96.0,45.0
GA,2021,20,31,2021-08-08,83.0,,0.0,95.0,,0.0,,96.0,58.0
GA,2021,21,32,2021-08-15,91.0,,0.0,95.0,,0.0,,96.0,68.0
GA,2021,22,33,2021-08-22,94.0,,1.0,95.0,,0.0,,96.0,77.0
GA,2021,23,34,2021-08-29,96.0,,7.0,95.0,,0.0,,96.0,84.0
GA,2021,24,35,2021-09-05,96.0,,19.0,95.0,,0.0,,96.0,91.0
GA,2021,25,36,2021-09-12,96.0,,30.0,95.0,,0.0,,96.0,95.0
GA,2021,26,37,2021-09-19,96.0,,38.0,95.0,,3.0,,96.0,95.0
GA,2021,27,38,2021-09-26,96.0,,51.0,95.0,,6.0,,96.0,95.0
GA,2021,28,39,2021-10-03,96.0,,59.0,95.0,,14.0,,96.0,95.0
GA,2021,29,40,2021-10-10,96.0,,72.0,95.0,,18.0,,96.0,95.0
GA,2021,30,41,2021-10-17,96.0,,81.0,95.0,,22.0,,96.0,95.0
GA,2021,31,42,2021-10-24,96.0,,89.0,95.0,,31.0,,96.0,95.0
GA,2021,32,43,2021-10-31,96.0,,93.0,95.0,,40.0,,96.0,95.0
GA,2021,33,44,2021-11-07,96.0,,98.0,95.0,,48.0,,96.0,95.0
GA,2021,34,45,2021-11-14,96.0,,98.0,95.0,,64.0,,96.0,95.0
GA,2021,35,46,2021-11-21,96.0,,98.0,95.0,,73.0,,96.0,95.0
GA,2021,36,47,2021-11-28,96.0,,98.0,95.0,,81.0,,96.0,95.0
GA,2022,4,15,2022-04-17,0.0,,0.0,0.0,,0.0,,0.0,0.0
GA,2022,5,16,2022-04-24,0.0,,0.0,0.0,,0.0,,2.0,0.0
GA,2022,6,17,2022-05-01,0.0,,0.0,0.0,,0.0,,8.0,0.0
GA,2022,7,18,2022-05-08,0.0,,0.0,0.0,,0.0,,18.0,0.0
GA,2022,8,19,2022-05-15,0.0,,0.0,10.0,,0.0,,31.0,0.0
GA,2022,9,20,2022-05-22,0.0,,0.0,25.0,,0.0,,41.0,0.0
GA,2022,10,21,2022-05-29,0.0,,0.0,38.0,,0.0,,55.0,0.0
GA,2022,11,22,2022-06-05,0.0,,0.0,53.0,,0.0,,69.0,0.0
GA,2022,12,23,2022-06-12,2.0,,0.0,68.0,,0.0,,80.0,0.0
GA,2022,13,24,2022-06-19,8.0,,0.0,77.0,,0.0,,88.0,0.0
GA,2022,14,25,2022-06-26,17.0,,0.0,84.0,,0.0,,92.0,0.0
GA,2022,15,26,2022-07-03,31.0,,0.0,90.0,,0.0,,95.0,4.0
GA,2022,16,27,2022-07-10,40.0,,0.0,97.0,,0.0,,95.0,13.0
GA,2022,17,28,2022-07-17,56.0,,0.0,97.0,,0.0,,95.0,26.0
GA,2022,18,29,2022-07-24,71.0,,0.0,97.0,,0.0,,95.0,41.0
GA,2022,19,30,2022-07-31,80.0,,0.0,97.0,,0.0,,95.0,52.0
GA,2022,20,31,2022-08-07,87.0,,0.0,97.0,,0.0,,95.0,60.0
GA,2022,21,32,2022-08-14,92.0,,0.0,97.0,,0.0,,95.0,71.0
GA,2022,22,33,2022-08-21,95.0,,1.0,97.0,,0.0,,95.0,83.0
GA,2022,23,34,2022-08-28,95.0,,10.0,97.0,,0.0,,95.0,90.0
GA,2022,24,35,2022-09-04,95.0,,22.0,97.0,,0.0,,95.0,93.0
GA,2022,25,36,2022-09-11,95.0,,30.0,97.0,,0.0,,95.0,96.0
GA,2022,26,37,2022-09-18,95.0,,40.0,97.0,,4.0,,95.0,96.0
GA,2022,27,38,2022-09-25,95.0,,52.0,97.0,,10.0,,95.0,96.0
GA,2022,28,39,2022-10-02,95.0,,61.0,97.0,,19.0,,95.0,96.0
GA,2022,29,40,2022-10-09,95.0,,72.0,97.0,,25.0,,95.0,96.0
GA,2022,30,41,2022-10-16,95.0,,80.0,97.0,,34.0,,95.0,96.0
GA,2022,31,42,2022-10-23,95.0,,88.0,97.0,,41.0,,95.0,96.0
GA,2022,32,43,2022-10-30,95.0,,93.0,97.0,,51.0,,95.0,96.0
GA,2022,33,44,2022-11-06,95.0,,95.0,97.0,,62.0,,95.0,96.0
GA,2022,34,45,2022-11-13,95.0,,95.0,97.0,,74.0,,95.0,96.0
GA,2022,35,46,2022-11-20,95.0,,95.0,97.0,,83.0,,95.0,96.0
GA,2022,36,47,2022-11-27,95.0,,95.0,97.0,,92.0,,95.0,96.0
GA,2023,4,15,2023-04-16,0.0,,0.0,0.0,,0.0,,0.0,0.0
GA,2023,5,16,2023-04-23,0.0,,0.0,0.0,,0.0,,3.0,0.0
GA,2023,6,17,2023-04-30,0.0,,0.0,0.0,,0.0,,9.0,0.0
GA,2023,7,18,2023-05-07,0.0,,0.0,3.0,,0.0,,15.0,0.0
GA,2023,8,19,2023-05-14,0.0,,0.0,13.0,,0.0,,26.0,0.0
GA,2023,9,20,2023-05-21,0.0,,0.0,25.0,,0.0,,38.0,0.0
GA,2023,10,21,2023-05-28,0.0,,0.0,42.0,,0.0,,54.0,0.0
GA,2023,11,22,2023-06-04,0.0,,0.0,53.0,,0.0,,68.0,0.0
GA,2023,12,23,2023-06-11,2.0,,0.0,62.0,,0.0,,81.0,0.0
GA,2023,13,24,2023-06-18,12.0,,0.0,72.0,,0.0,,85.0,0.0
GA,2023,14,25,2023-06-25,18.0,,0.0,81.0,,0.0,,88.0,0.0
GA,2023,15,26,2023-07-02,29.0,,0.0,88.0,,0.0,,95.0,3.0
GA,2023,16,27,2023-07-09,38.0,,0.0,92.0,,0.0,,95.0,13.0
GA,2023,17,28,2023-07-16,49.0,,0.0,96.0,,0.0,,95.0,22.0
GA,2023,18,29,2023-07-23,63.0,,0.0,96.0,,0.0,,95.0,33.0
GA,2023,19,30,2023-07-30,71.0,,0.0,96.0,,0.0,,95.0,44.0
GA,2023,20,31,2023-08-06,80.0,,0.0,96.0,,0.0,,95.0,54.0
GA,2023,21,32,2023-08-13,84.0,,0.0,96.0,,0.0,,95.0,61.0
GA,2023,22,33,2023-08-20,89.0,,1.0,96.0,,0.0,,95.0,68.0
GA,2023,23,34,2023-08-27,93.0,,8.0,96.0,,0.0,,95.0,77.0
GA,2023,24,35,2023-09-03,97.0,,20.0,96.0,,0.0,,95.0,82.0
GA,2023,25,36,2023-09-10,97.0,,26.0,96.0,,0.0,,95.0,88.0
GA,2023,26,37,2023-09-17,97.0,,36.0,96.0,,3.0,,95.0,92.0
GA,2023,27,38,2023-09-24,97.0,,49.0,96.0,,9.0,,95.0,95.0
GA,2023,28,39,2023-10-01,97.0,,61.0,96.0,,17.0,,95.0,95.0
GA,2023,29,40,2023-10-08,97.0,,73.0,96.0,,24.0,,95.0,95.0
GA,2023,30,41,2023-10-15,97.0,,86.0,96.0,,31.0,,95.0,95.0
GA,2023,31,42,2023-10-22,97.0,,88.0,96.0,,40.0,,95.0,95.0
GA,2023,32,43,2023-10-29,97.0,,95.0,96.0,,48.0,,95.0,95.0
GA,2023,33,44,2023-11-05,97.0,,95.0,96.0,,63.0,,95.0,95.0
GA,2023,34,45,2023-11-12,97.0,,95.0,96.0,,74.0,,95.0,95.0
GA,2023,35,46,2023-11-19,97.0,,95.0,96.0,,82.0,,95.0,95.0
GA,2023,36,47,2023-11-26,97.0,,95.0,96.0,,91.0,,95.0,95.0
GA,2024,5,16,2024-04-21,0.0,,0.0,0.0,,0.0,,2.0,0.0
GA,2024,6,17,2024-04-28,0.0,,0.0,0.0,,0.0,,13.0,0.0
GA,2024,7,18,2024-05-05,0.0,,0.0,7.0,,0.0,,24.0,0.0
GA,2024,8,19,2024-05-12,0.0,,0.0,18.0,,0.0,,32.0,0.0
GA,2024,9,20,2024-05-19,0.0,,0.0,27.0,,0.0,,43.0,0.0
GA,2024,10,21,2024-05-26,0.0,,0.0,38.0,,0.0,,53.0,0.0
GA,2024,11,22,2024-06-02,0.0,,0.0,46.0,,0.0,,64.0,0.0
GA,2024,12,23,2024-06-09,0.0,,0.0,62.0,,0.0,,81.0,0.0
GA,2024,13,24,2024-06-16,4.0,,0.0,73.0,,0.0,,89.0,0.0
GA,2024,14,25,2024-06-23,15.0,,0.0,82.0,,0.0,,93.0,0.0
GA,2024,15,26,2024-06-30,31.0,,0.0,91.0,,0.0,,96.0,3.0
GA,2024,16,27,2024-07-07,44.0,,0.0,95.0,,0.0,,96.0,13.0
GA,2024,17,28,2024-07-14,58.0,,0.0,95.0,,0.0,,96.0,28.0
GA,2024,18,29,2024-07-21,71.0,,0.0,95.0,,0.0,,96.0,40.0
GA,2024,19,30,2024-07-28,82.0,,0.0,95.0,,0.0,,96.0,52.0
GA,2024,20,31,2024-08-04,87.0,,0.0,95.0,,0.0,,96.0,61.0
GA,2024,21,32,2024-08-11,90.0,,0.0,95.0,,0.0,,96.0,71.0
GA,2024,22,33,2024-08-18,93.0,,6.0,95.0,,0.0,,96.0,79.0
GA,2024,23,34,2024-08-25,96.0,,16.0,95.0,,0.0,,96.0,85.0
GA,2024,24,35,2024-09-01,96.0,,26.0,95.0,,0.0,,96.0,89.0
GA,2024,25,36,2024-09-08,96.0,,37.0,95.0,,0.0,,96.0,94.0
GA,2024,26,37,2024-09-15,96.0,,48.0,95.0,,4.0,,96.0,97.0
GA,2024,27,38,2024-09-22,96.0,,58.0,95.0,,13.0,,96.0,97.0
GA,2024,28,39,2024-09-29,96.0,,66.0,95.0,,20.0,,96.0,97.0
GA,2024,29,40,2024-10-06,96.0,,76.0,95.0,,30.0,,96.0,97.0
GA,2024,30,41,2024-10-13,96.0,,81.0,95.0,,35.0,,96.0,97.0
GA,2024,31,42,2024-10-20,96.0,,86.0,95.0,,46.0,,96.0,97.0
GA,2024,32,43,2024-10-27,96.0,,92.0,95.0,,56.0,,96.0,97.0
GA,2024,33,44,2024-11-03,96.0,,95.0,95.0,,66.0,,96.0,97.0
GA,2024,34,45,2024-11-10,96.0,,95.0,95.0,,76.0,,96.0,97.0
GA,2024,35,46,2024-11-17,96.0,,95.0,95.0,,81.0,,96.0,97.0
GA,2024,36,47,2024-11-24,96.0,,95.0,95.0,,87.0,,96.0,97.0
GA,2025,4,15,2025-04-13,0.0,,0.0,0.0,,0.0,,0.0,0.0
GA,2025,5,16,2025-04-20,0.0,,0.0,0.0,,0.0,,4.0,0.0
GA,2025,6,17,2025-04-27,0.0,,0.0,0.0,,0.0,,14.0,0.0
GA,2025,7,18,2025-05-04,0.0,,0.0,7.0,,0.0,,21.0,0.0
GA,2025,8,19,2025-05-11,0.0,,0.0,15.0,,0.0,,34.0,0.0
GA,2025,9,20,2025-05-18,0.0,,0.0,30.0,,0.0,,48.0,0.0
GA,2025,10,21,2025-05-25,0.0,,0.0,42.0,,0.0,,59.0,0.0
GA,2025,11,22,2025-06-01,0.0,,0.0,54.0,,0.0,,70.0,0.0
GA,2025,12,23,2025-06-08,3.0,,0.0,65.0,,0.0,,81.0,0.0
GA,2025,13,24,2025-06-15,9.0,,0.0,74.0,,0.0,,84.0,0.0
GA,2025,14,25,2025-06-22,20.0,,0.0,84.0,,0.0,,91.0,0.0
GA,2025,15,26,2025-06-29,30.0,,0.0,89.0,,0.0,,95.0,4.0
GA,2025,16,27,2025-07-06,43.0,,0.0,93.0,,0.0,,95.0,16.0
GA,2025,17,28,2025-07-13,55.0,,0.0,96.0,,0.0,,95.0,28.0
GA,2025,18,29,2025-07-20,71.0,,0.0,96.0,,0.0,,95.0,44.0
GA,2025,19,30,2025-07-27,78.0,,0.0,96.0,,0.0,,95.0,54.0
GA,2025,20,31,2025-08-03,83.0,,0.0,96.0,,0.0,,95.0,64.0
GA,2025,21,32,2025-08-10,88.0,,0.0,96.0,,0.0,,95.0,72.0
GA,2025,22,33,2025-08-17,91.0,,3.0,96.0,,0.0,,95.0,79.0
GA,2025,23,34,2025-08-24,93.0,,13.0,96.0,,0.0,,95.0,85.0
GA,2025,24,35,2025-08-31,95.0,,25.0,96.0,,0.0,,95.0,87.0
GA,2025,25,36,2025-09-07,95.0,,40.0,96.0,,0.0,,95.0,91.0
GA,2025,26,37,2025-09-14,95.0,,49.0,96.0,,5.0,,95.0,95.0
GA,2025,27,38,2025-09-21,95.0,,60.0,96.0,,19.0,,95.0,95.0
GA,2025,28,39,2025-09-28,95.0,,68.0,96.0,,28.0,,95.0,95.0
GA,2025,35,46,2025-11-16,95.0,,68.0,96.0,,81.0,,95.0,95.0
GA,2025,36,47,2025-11-23,95.0,,68.0,96.0,,87.0,,95.0,95.0
IA,2016,5,16,2016-04-24,0.0,0.0,0.0,0.0,,0.0,,3.0,0.0
IA,2016,6,17,2016-05-01,0.0,0.0,0.0,0.0,,0.0,,7.0,0.0
IA,2016,7,18,2016-05-08,0.0,0.0,0.0,0.0,,0.0,,29.0,0.0
IA,2016,8,19,2016-05-15,0.0,0.0,0.0,4.0,,0.0,,43.0,0.0
IA,2016,9,20,2016-05-22,0.0,0.0,0.0,21.0,,0.0,,74.0,0.0
IA,2016,10,21,2016-05-29,0.0,0.0,0.0,55.0,,0.0,,88.0,0.0
IA,2016,11,22,2016-06-05,0.0,0.0,0.0,78.0,,0.0,,94.0,0.0
IA,2016,12,23,2016-06-12,0.0,0.0,0.0,91.0,,0.0,,98.0,0.0
IA,2016,13,24,2016-06-19,0.0,0.0,0.0,97.0,,0.0,,100.0,0.0
IA,2016,14,25,2016-06-26,5.0,0.0,0.0,99.0,,0.0,,100.0,0.0
IA,2016,15,26,2016-07-03,20.0,0.0,0.0,99.0,,0.0,,100.0,1.0
IA,2016,16,27,2016-07-10,40.0,0.0,0.0,99.0,,0.0,,100.0,6.0
IA,2016,17,28,2016-07-17,66.0,0.0,0.0,99.0,,0.0,,100.0,20.0
IA,2016,18,29,2016-07-24,83.0,0.0,0.0,99.0,,0.0,,100.0,44.0
IA,2016,19,30,2016-07-31,90.0,0.0,0.0,99.0,,0.0,,100.0,64.0
IA,2016,20,31,2016-08-07,94.0,0.0,0.0,99.0,,0.0,,100.0,79.0
IA,2016,21,32,2016-08-14,97.0,1.0,0.0,99.0,,0.0,,100.0,87.0
IA,2016,22,33,2016-08-21,97.0,3.0,0.0,99.0,,0.0,,100.0,92.0
IA,2016,23,34,2016-08-28,97.0,13.0,0.0,99.0,,0.0,,100.0,96.0
IA,2016,24,35,2016-09-04,97.0,35.0,5.0,99.0,,0.0,,100.0,98.0
IA,2016,25,36,2016-09-11,97.0,62.0,19.0,99.0,,0.0,,100.0,98.0
IA,2016,26,37,2016-09-18,97.0,82.0,46.0,99.0,,0.0,,100.0,98.0
IA,2016,27,38,2016-09-25,97.0,93.0,68.0,99.0,,4.0,,100.0,98.0
IA,2016,28,39,2016-10-02,97.0,96.0,85.0,99.0,,21.0,,100.0,98.0
IA,2016,29,40,2016-10-09,97.0,99.0,92.0,99.0,,43.0,,100.0,98.0
IA,2016,30,41,2016-10-16,97.0,99.0,96.0,99.0,,62.0,,100.0,98.0
IA,2016,31,42,2016-10-23,97.0,99.0,96.0,99.0,,77.0,,100.0,98.0
IA,2016,32,43,2016-10-30,97.0,99.0,96.0,99.0,,89.0,,100.0,98.0
IA,2016,33,44,2016-11-06,97.0,99.0,96.0,99.0,,95.0,,100.0,98.0
IA,2016,34,45,2016-11-13,97.0,99.0,96.0,99.0,,97.0,,100.0,98.0
IA,2016,35,46,2016-11-20,97.0,99.0,96.0,99.0,,99.0,,100.0,98.0
IA,2016,36,47,2016-11-27,97.0,99.0,96.0,99.0,,100.0,,100.0,98.0
IA,2017,5,16,2017-04-23,0.0,0.0,0.0,0.0,,0.0,,0.0,0.0
IA,2017,6,17,2017-04-30,0.0,0.0,0.0,0.0,,0.0,,2.0,0.0
IA,2017,7,18,2017-05-07,0.0,0.0,0.0,0.0,,0.0,,9.0,0.0
IA,2017,8,19,2017-05-14,0.0,0.0,0.0,2.0,,0.0,,40.0,0.0
IA,2017,9,20,2017-05-21,0.0,0.0,0.0,15.0,,0.0,,62.0,0.0
IA,2017,10,21,2017-05-28,0.0,0.0,0.0,39.0,,0.0,,77.0,0.0
IA,2017,11,22,2017-06-04,0.0,0.0,0.0,62.0,,0.0,,91.0,0.0
IA,2017,12,23,2017-06-11,0.0,0.0,0.0,85.0,,0.0,,98.0,0.0
IA,2017,13,24,2017-06-18,0.0,0.0,0.0,92.0,,0.0,,99.0,0.0
IA,2017,14,25,2017-06-25,2.0,0.0,0.0,96.0,,0.0,,100.0,0.0
IA,2017,15,26,2017-07-02,12.0,0.0,0.0,98.0,,0.0,,100.0,0.0
IA,2017,16,27,2017-07-09,33.0,0.0,0.0,98.0,,0.0,,100.0,5.0
IA,2017,17,28,2017-07-16,54.0,0.0,0.0,98.0,,0.0,,100.0,11.0
IA,2017,18,29,2017-07-23,73.0,0.0,0.0,98.0,,0.0,,100.0,30.0
IA,2017,19,30,2017-07-30,85.0,0.0,0.0,98.0,,0.0,,100.0,52.0
IA,2017,20,31,2017-08-06,89.0,0.0,0.0,98.0,,0.0,,100.0,67.0
IA,2017,21,32,2017-08-13,94.0,0.0,0.0,98.0,,0.0,,100.0,82.0
IA,2017,22,33,2017-08-20,97.0,1.0,0.0,98.0,,0.0,,100.0,88.0
IA,2017,23,34,2017-08-27,97.0,6.0,0.0,98.0,,0.0,,100.0,94.0
IA,2017,24,35,2017-09-03,97.0,18.0,2.0,98.0,,0.0,,100.0,97.0
IA,2017,25,36,2017-09-10,97.0,47.0,8.0,98.0,,0.0,,100.0,97.0
IA,2017,26,37,2017-09-17,97.0,74.0,31.0,98.0,,1.0,,100.0,97.0
IA,2017,27,38,2017-09-24,97.0,91.0,60.0,98.0,,5.0,,100.0,97.0
IA,2017,28,39,2017-10-01,97.0,97.0,84.0,98.0,,16.0,,100.0,97.0
IA,2017,29,40,2017-10-08,97.0,97.0,92.0,98.0,,26.0,,100.0,97.0
IA,2017,30,41,2017-10-15,97.0,97.0,96.0,98.0,,32.0,,100.0,97.0
IA,2017,31,42,2017-10-22,97.0,97.0,98.0,98.0,,61.0,,100.0,97.0
IA,2017,32,43,2017-10-29,97.0,97.0,98.0,98.0,,83.0,,100.0,97.0
IA,2017,33,44,2017-11-05,97.0,97.0,98.0,98.0,,92.0,,100.0,97.0
IA,2017,34,45,2017-11-12,97.0,97.0,98.0,98.0,,97.0,,100.0,97.0
IA,2017,35,46,2017-11-19,97.0,97.0,98.0,98.0,,98.0,,100.0,97.0
IA,2018,5,16,2018-04-22,0.0,0.0,0.0,0.0,,0.0,,0.0,0.0
IA,2018,6,17,2018-04-29,0.0,0.0,0.0,0.0,,0.0,,3.0,0.0
IA,2018,7,18,2018-05-06,0.0,0.0,0.0,0.0,,0.0,,12.0,0.0
IA,2018,8,19,2018-05-13,0.0,0.0,0.0,5.0,,0.0,,33.0,0.0
IA,2018,9,20,2018-05-20,0.0,0.0,0.0,18.0,,0.0,,58.0,0.0
IA,2018,10,21,2018-05-27,0.0,0.0,0.0,44.0,,0.0,,81.0,0.0
IA,2018,11,22,2018-06-03,0.0,0.0,0.0,72.0,,0.0,,93.0,0.0
IA,2018,12,23,2018-06-10,0.0,0.0,0.0,89.0,,0.0,,98.0,0.0
IA,2018,13,24,2018-06-17,0.0,0.0,0.0,97.0,,0.0,,99.0,0.0
IA,2018,14,25,2018-06-24,4.0,0.0,0.0,99.0,,0.0,,99.0,0.0
IA,2018,15,26,2018-07-01,21.0,0.0,0.0,99.0,,0.0,,99.0,1.0
IA,2018,16,27,2018-07-08,46.0,0.0,0.0,99.0,,0.0,,99.0,7.0
IA,2018,17,28,2018-07-15,65.0,0.0,0.0,99.0,,0.0,,99.0,21.0
IA,2018,18,29,2018-07-22,81.0,0.0,0.0,99.0,,0.0,,99.0,40.0
IA,2018,19,30,2018-07-29,90.0,0.0,0.0,99.0,,0.0,,99.0,63.0
IA,2018,20,31,2018-08-05,94.0,0.0,0.0,99.0,,0.0,,99.0,81.0
IA,2018,21,32,2018-08-12,96.0,1.0,0.0,99.0,,0.0,,99.0,89.0
IA,2018,22,33,2018-08-19,98.0,3.0,0.0,99.0,,0.0,,99.0,93.0
IA,2018,23,34,2018-08-26,98.0,11.0,0.0,99.0,,0.0,,99.0,96.0
IA,2018,24,35,2018-09-02,98.0,31.0,4.0,99.0,,0.0,,99.0,97.0
IA,2018,25,36,2018-09-09,98.0,58.0,17.0,99.0,,0.0,,99.0,99.0
IA,2018,26,37,2018-09-16,98.0,83.0,50.0,99.0,,2.0,,99.0,99.0
IA,2018,27,38,2018-09-23,98.0,93.0,72.0,99.0,,8.0,,99.0,99.0
IA,2018,28,39,2018-09-30,98.0,97.0,88.0,99.0,,15.0,,99.0,99.0
IA,2018,29,40,2018-10-07,98.0,99.0,94.0,99.0,,18.0,,99.0,99.0
IA,2018,30,41,2018-10-14,98.0,99.0,97.0,99.0,,19.0,,99.0,99.0
IA,2018,31,42,2018-10-21,98.0,99.0,97.0,99.0,,37.0,,99.0,99.0
IA,2018,32,43,2018-10-28,98.0,99.0,97.0,99.0,,71.0,,99.0,99.0
IA,2018,33,44,2018-11-04,98.0,99.0,97.0,99.0,,88.0,,99.0,99.0
IA,2018,34,45,2018-11-11,98.0,99.0,97.0,99.0,,94.0,,99.0,99.0
IA,2018,35,46,2018-11-18,98.0,99.0,97.0,99.0,,97.0,,99.0,99.0
IA,2018,36,47,2018-11-25,98.0,99.0,97.0,99.0,,98.0,,99.0,99.0
IA,2019,5,16,2019-04-21,0.0,0.0,0.0,0.0,,0.0,,0.0,0.0
IA,2019,6,17,2019-04-28,0.0,0.0,0.0,0.0,,0.0,,3.0,0.0
IA,2019,7,18,2019-05-05,0.0,0.0,0.0,0.0,,0.0,,8.0,0.0
IA,2019,8,19,2019-05-12,0.0,0.0,0.0,1.0,,0.0,,13.0,0.0
IA,2019,9,20,2019-05-19,0.0,0.0,0.0,3.0,,0.0,,27.0,0.0
IA,2019,10,21,2019-05-26,0.0,0.0,0.0,8.0,,0.0,,32.0,0.0
IA,2019,11,22,2019-06-02,0.0,0.0,0.0,17.0,,0.0,,41.0,0.0
IA,2019,12,23,2019-06-09,0.0,0.0,0.0,35.0,,0.0,,70.0,0.0
IA,2019,13,24,2019-06-16,0.0,0.0,0.0,63.0,,0.0,,89.0,0.0
IA,2019,14,25,2019-06-23,0.0,0.0,0.0,81.0,,0.0,,95.0,0.0
IA,2019,15,26,2019-06-30,1.0,0.0,0.0,90.0,,0.0,,97.0,0.0
IA,2019,16,27,2019-07-07,7.0,0.0,0.0,96.0,,0.0,,99.0,0.0
IA,2019,17,28,2019-07-14,26.0,0.0,0.0,98.0,,0.0,,99.0,0.0
IA,2019,18,29,2019-07-21,47.0,0.0,0.0,98.0,,0.0,,99.0,4.0
IA,2019,19,30,2019-07-28,65.0,0.0,0.0,98.0,,0.0,,99.0,13.0
IA,2019,20,31,2019-08-04,78.0,0.0,0.0,98.0,,0.0,,99.0,33.0
IA,2019,21,32,2019-08-11,87.0,0.0,0.0,98.0,,0.0,,99.0,56.0
IA,2019,22,33,2019-08-18,93.0,0.0,0.0,98.0,,0.0,,99.0,71.0
IA,2019,23,34,2019-08-25,96.0,0.0,0.0,98.0,,0.0,,99.0,84.0
IA,2019,24,35,2019-09-01,98.0,3.0,0.0,98.0,,0.0,,99.0,90.0
IA,2019,25,36,2019-09-08,98.0,15.0,0.0,98.0,,0.0,,99.0,94.0
IA,2019,26,37,2019-09-15,98.0,40.0,5.0,98.0,,0.0,,99.0,96.0
IA,2019,27,38,2019-09-22,98.0,65.0,22.0,98.0,,0.0,,99.0,98.0
IA,2019,28,39,2019-09-29,98.0,83.0,49.0,98.0,,3.0,,99.0,98.0
IA,2019,29,40,2019-10-06,98.0,92.0,68.0,98.0,,5.0,,99.0,98.0
IA,2019,30,41,2019-10-13,98.0,97.0,85.0,98.0,,17.0,,99.0,98.0
IA,2019,31,42,2019-10-20,98.0,98.0,94.0,98.0,,48.0,,99.0,98.0
IA,2019,32,43,2019-10-27,98.0,98.0,97.0,98.0,,66.0,,99.0,98.0
IA,2019,33,44,2019-11-03,98.0,98.0,98.0,98.0,,80.0,,99.0,98.0
IA,2019,34,45,2019-11-10,98.0,98.0,98.0,98.0,,91.0,,99.0,98.0
IA,2019,35,46,2019-11-17,98.0,98.0,98.0,98.0,,95.0,,99.0,98.0
IA,2019,36,47,2019-11-24,98.0,98.0,98.0,98.0,,97.0,,99.0,98.0
IA,2019,37,48,2019-12-01,98.0,98.0,98.0,98.0,,98.0,,99.0,98.0
IA,2020,5,16,2020-04-19,0.0,0.0,0.0,0.0,,0.0,,0.0,0.0
IA,2020,6,17,2020-04-26,0.0,0.0,0.0,0.0,,0.0,,9.0,0.0
IA,2020,7,18,2020-05-03,0.0,0.0,0.0,0.0,,0.0,,46.0,0.0
IA,2020,8,19,2020-05-10,0.0,0.0,0.0,6.0,,0.0,,71.0,0.0
IA,2020,9,20,2020-05-17,0.0,0.0,0.0,25.0,,0.0,,86.0,0.0
IA,2020,10,21,2020-05-24,0.0,0.0,0.0,52.0,,0.0,,92.0,0.0
IA,2020,11,22,2020-05-31,0.0,0.0,0.0,76.0,,0.0,,95.0,0.0
IA,2020,12,23,2020-06-07,0.0,0.0,0.0,87.0,,0.0,,97.0,0.0
IA,2020,13,24,2020-06-14,0.0,0.0,0.0,93.0,,0.0,,99.0,0.0
IA,2020,14,25,2020-06-21,1.0,0.0,0.0,96.0,,0.0,,99.0,0.0
IA,2020,15,26,2020-06-28,16.0,0.0,0.0,98.0,,0.0,,99.0,0.0
IA,2020,16,27,2020-07-05,37.0,0.0,0.0,98.0,,0.0,,99.0,1.0
IA,2020,17,28,2020-07-12,58.0,0.0,0.0,98.0,,0.0,,99.0,10.0
IA,2020,18,29,2020-07-19,74.0,0.0,0.0,98.0,,0.0,,99.0,29.0
IA,2020,19,30,2020-07-26,85.0,0.0,0.0,98.0,,0.0,,99.0,50.0
IA,2020,20,31,2020-08-02,91.0,0.0,0.0,98.0,,0.0,,99.0,70.0
IA,2020,21,32,2020-08-09,94.0,1.0,0.0,98.0,,0.0,,99.0,83.0
IA,2020,22,33,2020-08-16,97.0,2.0,0.0,98.0,,0.0,,99.0,90.0
IA,2020,23,34,2020-08-23,97.0,6.0,0.0,98.0,,0.0,,99.0,95.0
IA,2020,24,35,2020-08-30,97.0,29.0,4.0,98.0,,0.0,,99.0,96.0
IA,2020,25,36,2020-09-06,97.0,58.0,19.0,98.0,,0.0,,99.0,96.0
IA,2020,26,37,2020-09-13,97.0,79.0,41.0,98.0,,1.0,,99.0,96.0
IA,2020,27,38,2020-09-20,97.0,90.0,66.0,98.0,,7.0,,99.0,96.0
IA,2020,28,39,2020-09-27,97.0,96.0,84.0,98.0,,30.0,,99.0,96.0
IA,2020,29,40,2020-10-04,97.0,98.0,93.0,98.0,,55.0,,99.0,96.0
IA,2020,30,41,2020-10-11,97.0,98.0,97.0,98.0,,78.0,,99.0,96.0
IA,2020,31,42,2020-10-18,97.0,98.0,99.0,98.0,,90.0,,99.0,96.0
IA,2020,32,43,2020-10-25,97.0,98.0,99.0,98.0,,94.0,,99.0,96.0
IA,2020,33,44,2020-11-01,97.0,98.0,99.0,98.0,,97.0,,99.0,96.0
IA,2020,34,45,2020-11-08,97.0,98.0,99.0,98.0,,98.0,,99.0,96.0
IA,2020,35,46,2020-11-15,97.0,98.0,99.0,98.0,,99.0,,99.0,96.0
IA,2021,4,15,2021-04-18,0.0,0.0,0.0,0.0,,0.0,,1.0,0.0
IA,2021,5,16,2021-04-25,0.0,0.0,0.0,0.0,,0.0,,6.0,0.0
IA,2021,6,17,2021-05-02,0.0,0.0,0.0,0.0,,0.0,,43.0,0.0
IA,2021,7,18,2021-05-09,0.0,0.0,0.0,6.0,,0.0,,67.0,0.0
IA,2021,8,19,2021-05-16,0.0,0.0,0.0,24.0,,0.0,,83.0,0.0
IA,2021,9,20,2021-05-23,0.0,0.0,0.0,53.0,,0.0,,89.0,0.0
IA,2021,10,21,2021-05-30,0.0,0.0,0.0,72.0,,0.0,,93.0,0.0
IA,2021,11,22,2021-06-06,0.0,0.0,0.0,86.0,,0.0,,98.0,0.0
IA,2021,12,23,2021-06-13,1.0,0.0,0.0,93.0,,0.0,,99.0,0.0
IA,2021,13,24,2021-06-20,7.0,0.0,0.0,96.0,,0.0,,100.0,0.0
IA,2021,14,25,2021-06-27,19.0,0.0,0.0,99.0,,0.0,,100.0,1.0
IA,2021,15,26,2021-07-04,39.0,0.0,0.0,99.0,,0.0,,100.0,5.0
IA,2021,16,27,2021-07-11,56.0,0.0,0.0,99.0,,0.0,,100.0,15.0
IA,2021,17,28,2021-07-18,75.0,0.0,0.0,99.0,,0.0,,100.0,30.0
IA,2021,18,29,2021-07-25,85.0,0.0,0.0,99.0,,0.0,,100.0,54.0
IA,2021,19,30,2021-08-01,93.0,0.0,0.0,99.0,,0.0,,100.0,73.0
IA,2021,20,31,2021-08-08,97.0,0.0,0.0,99.0,,0.0,,100.0,84.0
IA,2021,21,32,2021-08-15,98.0,1.0,0.0,99.0,,0.0,,100.0,90.0
IA,2021,22,33,2021-08-22,99.0,5.0,0.0,99.0,,0.0,,100.0,95.0
IA,2021,23,34,2021-08-29,99.0,18.0,2.0,99.0,,0.0,,100.0,97.0
IA,2021,24,35,2021-09-05,99.0,40.0,10.0,99.0,,0.0,,100.0,99.0
IA,2021,25,36,2021-09-12,99.0,67.0,30.0,99.0,,0.0,,100.0,99.0
IA,2021,26,37,2021-09-19,99.0,86.0,53.0,99.0,,4.0,,100.0,99.0
IA,2021,27,38,2021-09-26,99.0,95.0,77.0,99.0,,18.0,,100.0,99.0
IA,2021,28,39,2021-10-03,99.0,95.0,92.0,99.0,,40.0,,100.0,99.0
IA,2021,29,40,2021-10-10,99.0,95.0,96.0,99.0,,56.0,,100.0,99.0
IA,2021,30,41,2021-10-17,99.0,95.0,98.0,99.0,,70.0,,100.0,99.0
IA,2021,31,42,2021-10-24,99.0,95.0,98.0,99.0,,83.0,,100.0,99.0
IA,2021,32,43,2021-10-31,99.0,95.0,98.0,99.0,,88.0,,100.0,99.0
IA,2021,33,44,2021-11-07,99.0,95.0,98.0,99.0,,95.0,,100.0,99.0
IA,2021,34,45,2021-11-14,99.0,95.0,98.0,99.0,,97.0,,100.0,99.0
IA,2021,35,46,2021-11-21,99.0,95.0,98.0,99.0,,100.0,,100.0,99.0
IA,2022,4,15,2022-04-17,0.0,0.0,0.0,0.0,,0.0,,0.0,0.0
IA,2022,5,16,2022-04-24,0.0,0.0,0.0,0.0,,0.0,,1.0,0.0
IA,2022,6,17,2022-05-01,0.0,0.0,0.0,0.0,,0.0,,4.0,0.0
IA,2022,7,18,2022-05-08,0.0,0.0,0.0,0.0,,0.0,,7.0,0.0
IA,2022,8,19,2022-05-15,0.0,0.0,0.0,3.0,,0.0,,34.0,0.0
IA,2022,9,20,2022-05-22,0.0,0.0,0.0,18.0,,0.0,,69.0,0.0
IA,2022,10,21,2022-05-29,0.0,0.0,0.0,45.0,,0.0,,85.0,0.0
IA,2022,11,22,2022-06-05,0.0,0.0,0.0,69.0,,0.0,,94.0,0.0
IA,2022,12,23,2022-06-12,0.0,0.0,0.0,84.0,,0.0,,97.0,0.0
IA,2022,13,24,2022-06-19,0.0,0.0,0.0,93.0,,0.0,,99.0,0.0
IA,2022,14,25,2022-06-26,2.0,0.0,0.0,97.0,,0.0,,100.0,0.0
IA,2022,15,26,2022-07-03,13.0,0.0,0.0,99.0,,0.0,,100.0,0.0
IA,2022,16,27,2022-07-10,34.0,0.0,0.0,100.0,,0.0,,100.0,3.0
IA,2022,17,28,2022-07-17,55.0,0.0,0.0,100.0,,0.0,,100.0,13.0
IA,2022,18,29,2022-07-24,72.0,0.0,0.0,100.0,,0.0,,100.0,32.0
IA,2022,19,30,2022-07-31,83.0,0.0,0.0,100.0,,0.0,,100.0,52.0
IA,2022,20,31,2022-08-07,89.0,0.0,0.0,100.0,,0.0,,100.0,69.0
IA,2022,21,32,2022-08-14,94.0,1.0,0.0,100.0,,0.0,,100.0,80.0
IA,2022,22,33,2022-08-21,97.0,2.0,0.0,100.0,,0.0,,100.0,88.0
IA,2022,23,34,2022-08-28,97.0,7.0,0.0,100.0,,0.0,,100.0,95.0
IA,2022,24,35,2022-09-04,97.0,20.0,2.0,100.0,,0.0,,100.0,97.0
IA,2022,25,36,2022-09-11,97.0,48.0,9.0,100.0,,0.0,,100.0,99.0
IA,2022,26,37,2022-09-18,97.0,75.0,30.0,100.0,,0.0,,100.0,99.0
IA,2022,27,38,2022-09-25,97.0,90.0,61.0,100.0,,7.0,,100.0,99.0
IA,2022,28,39,2022-10-02,97.0,96.0,80.0,100.0,,26.0,,100.0,99.0
IA,2022,29,40,2022-10-09,97.0,96.0,93.0,100.0,,55.0,,100.0,99.0
IA,2022,30,41,2022-10-16,97.0,96.0,96.0,100.0,,74.0,,100.0,99.0
IA,2022,31,42,2022-10-23,97.0,96.0,96.0,100.0,,88.0,,100.0,99.0
IA,2022,32,43,2022-10-30,97.0,96.0,96.0,100.0,,94.0,,100.0,99.0
IA,2022,33,44,2022-11-06,97.0,96.0,96.0,100.0,,97.0,,100.0,99.0
IA,2022,34,45,2022-11-13,97.0,96.0,96.0,100.0,,99.0,,100.0,99.0
IA,2023,4,15,2023-04-16,0.0,0.0,0.0,0.0,,0.0,,3.0,0.0
IA,2023,5,16,2023-04-23,0.0,0.0,0.0,0.0,,0.0,,5.0,0.0
IA,2023,6,17,2023-04-30,0.0,0.0,0.0,0.0,,0.0,,16.0,0.0
IA,2023,7,18,2023-05-07,0.0,0.0,0.0,3.0,,0.0,,49.0,0.0
IA,2023,8,19,2023-05-14,0.0,0.0,0.0,19.0,,0.0,,69.0,0.0
IA,2023,9,20,2023-05-21,0.0,0.0,0.0,43.0,,0.0,,84.0,0.0
IA,2023,10,21,2023-05-28,0.0,0.0,0.0,67.0,,0.0,,94.0,0.0
IA,2023,11,22,2023-06-04,0.0,0.0,0.0,87.0,,0.0,,98.0,0.0
IA,2023,12,23,2023-06-11,0.0,0.0,0.0,95.0,,0.0,,100.0,0.0
IA,2023,13,24,2023-06-18,3.0,0.0,0.0,98.0,,0.0,,100.0,0.0
IA,2023,14,25,2023-06-25,10.0,0.0,0.0,100.0,,0.0,,100.0,0.0
IA,2023,15,26,2023-07-02,25.0,0.0,0.0,100.0,,0.0,,100.0,2.0
IA,2023,16,27,2023-07-09,46.0,0.0,0.0,100.0,,0.0,,100.0,7.0
IA,2023,17,28,2023-07-16,68.0,0.0,0.0,100.0,,0.0,,100.0,17.0
IA,2023,18,29,2023-07-23,81.0,0.0,0.0,100.0,,0.0,,100.0,35.0
IA,2023,19,30,2023-07-30,93.0,0.0,0.0,100.0,,0.0,,100.0,57.0
IA,2023,20,31,2023-08-06,96.0,0.0,0.0,100.0,,0.0,,100.0,75.0
IA,2023,21,32,2023-08-13,99.0,1.0,0.0,100.0,,0.0,,100.0,87.0
IA,2023,22,33,2023-08-20,99.0,4.0,0.0,100.0,,0.0,,100.0,94.0
IA,2023,23,34,2023-08-27,99.0,15.0,1.0,100.0,,0.0,,100.0,97.0
IA,2023,24,35,2023-09-03,99.0,40.0,8.0,100.0,,0.0,,100.0,99.0
IA,2023,25,36,2023-09-10,99.0,67.0,25.0,100.0,,1.0,,100.0,99.0
IA,2023,26,37,2023-09-17,99.0,86.0,52.0,100.0,,3.0,,100.0,99.0
IA,2023,27,38,2023-09-24,99.0,95.0,75.0,100.0,,11.0,,100.0,99.0
IA,2023,28,39,2023-10-01,99.0,98.0,87.0,100.0,,24.0,,100.0,99.0
IA,2023,29,40,2023-10-08,99.0,98.0,94.0,100.0,,52.0,,100.0,99.0
IA,2023,30,41,2023-10-15,99.0,98.0,98.0,100.0,,74.0,,100.0,99.0
IA,2023,31,42,2023-10-22,99.0,98.0,98.0,100.0,,87.0,,100.0,99.0
IA,2023,32,43,2023-10-29,99.0,98.0,98.0,100.0,,93.0,,100.0,99.0
IA,2023,33,44,2023-11-05,99.0,98.0,98.0,100.0,,97.0,,100.0,99.0
IA,2023,34,45,2023-11-12,99.0,98.0,98.0,100.0,,99.0,,100.0,99.0
IA,2024,4,15,2024-04-14,0.0,0.0,0.0,0.0,,0.0,,2.0,0.0
IA,2024,5,16,2024-04-21,0.0,0.0,0.0,0.0,,0.0,,8.0,0.0
IA,2024,6,17,2024-04-28,0.0,0.0,0.0,1.0,,0.0,,25.0,0.0
IA,2024,7,18,2024-05-05,0.0,0.0,0.0,4.0,,0.0,,30.0,0.0
IA,2024,8,19,2024-05-12,0.0,0.0,0.0,13.0,,0.0,,39.0,0.0
IA,2024,9,20,2024-05-19,0.0,0.0,0.0,24.0,,0.0,,61.0,0.0
IA,2024,10,21,2024-05-26,0.0,0.0,0.0,42.0,,0.0,,73.0,0.0
IA,2024,11,22,2024-06-02,0.0,0.0,0.0,60.0,,0.0,,84.0,0.0
IA,2024,12,23,2024-06-09,0.0,0.0,0.0,75.0,,0.0,,92.0,0.0
IA,2024,13,24,2024-06-16,2.0,0.0,0.0,86.0,,0.0,,97.0,0.0
IA,2024,14,25,2024-06-23,7.0,0.0,0.0,95.0,,0.0,,99.0,0.0
IA,2024,15,26,2024-06-30,19.0,0.0,0.0,97.0,,0.0,,99.0,1.0
IA,2024,16,27,2024-07-07,32.0,0.0,0.0,97.0,,0.0,,99.0,5.0
IA,2024,17,28,2024-07-14,50.0,0.0,0.0,97.0,,0.0,,99.0,12.0
IA,2024,18,29,2024-07-21,69.0,0.0,0.0,97.0,,0.0,,99.0,25.0
IA,2024,19,30,2024-07-28,83.0,0.0,0.0,97.0,,0.0,,99.0,43.0
IA,2024,20,31,2024-08-04,90.0,0.0,0.0,97.0,,0.0,,99.0,58.0
IA,2024,21,32,2024-08-11,94.0,0.0,0.0,97.0,,0.0,,99.0,74.0
IA,2024,22,33,2024-08-18,96.0,1.0,0.0,97.0,,0.0,,99.0,83.0
IA,2024,23,34,2024-08-25,96.0,5.0,0.0,97.0,,0.0,,99.0,90.0
IA,2024,24,35,2024-09-01,96.0,18.0,2.0,97.0,,0.0,,99.0,95.0
IA,2024,25,36,2024-09-08,96.0,42.0,9.0,97.0,,0.0,,99.0,97.0
IA,2024,26,37,2024-09-15,96.0,72.0,31.0,97.0,,1.0,,99.0,97.0
IA,2024,27,38,2024-09-22,96.0,88.0,59.0,97.0,,9.0,,99.0,97.0
IA,2024,28,39,2024-09-29,96.0,95.0,80.0,97.0,,27.0,,99.0,97.0
IA,2024,29,40,2024-10-06,96.0,95.0,93.0,97.0,,58.0,,99.0,97.0
IA,2024,30,41,2024-10-13,96.0,95.0,98.0,97.0,,81.0,,99.0,97.0
IA,2024,31,42,2024-10-20,96.0,95.0,98.0,97.0,,91.0,,99.0,97.0
IA,2024,32,43,2024-10-27,96.0,95.0,98.0,97.0,,96.0,,99.0,97.0
IA,2024,33,44,2024-11-03,96.0,95.0,98.0,97.0,,98.0,,99.0,97.0
IA,2024,34,45,2024-11-10,96.0,95.0,98.0,97.0,,99.0,,99.0,97.0
IA,2025,4,15,2025-04-13,0.0,0.0,0.0,0.0,,0.0,,1.0,0.0
IA,2025,5,16,2025-04-20,0.0,0.0,0.0,0.0,,0.0,,11.0,0.0
IA,2025,6,17,2025-04-27,0.0,0.0,0.0,0.0,,0.0,,25.0,0.0
IA,2025,7,18,2025-05-04,0.0,0.0,0.0,5.0,,0.0,,38.0,0.0
IA,2025,8,19,2025-05-11,0.0,0.0,0.0,16.0,,0.0,,64.0,0.0
IA,2025,9,20,2025-05-18,0.0,0.0,0.0,42.0,,0.0,,84.0,0.0
IA,2025,10,21,2025-05-25,0.0,0.0,0.0,60.0,,0.0,,92.0,0.0
IA,2025,11,22,2025-06-01,0.0,0.0,0.0,79.0,,0.0,,96.0,0.0
IA,2025,12,23,2025-06-08,1.0,0.0,0.0,88.0,,0.0,,97.0,0.0
IA,2025,13,24,2025-06-15,6.0,0.0,0.0,93.0,,0.0,,99.0,0.0
IA,2025,14,25,2025-06-22,13.0,0.0,0.0,96.0,,0.0,,100.0,1.0
IA,2025,15,26,2025-06-29,22.0,0.0,0.0,98.0,,0.0,,100.0,4.0
IA,2025,16,27,2025-07-06,36.0,0.0,0.0,99.0,,0.0,,100.0,9.0
IA,2025,17,28,2025-07-13,54.0,0.0,0.0,99.0,,0.0,,100.0,18.0
IA,2025,18,29,2025-07-20,69.0,0.0,0.0,99.0,,0.0,,100.0,33.0
IA,2025,19,30,2025-07-27,81.0,0.0,0.0,99.0,,0.0,,100.0,52.0
IA,2025,20,31,2025-08-03,89.0,0.0,0.0,99.0,,0.0,,100.0,65.0
IA,2025,21,32,2025-08-10,93.0,1.0,0.0,99.0,,0.0,,100.0,75.0
IA,2025,22,33,2025-08-17,96.0,3.0,0.0,99.0,,0.0,,100.0,83.0
IA,2025,23,34,2025-08-24,96.0,8.0,0.0,99.0,,0.0,,100.0,90.0
IA,2025,24,35,2025-08-31,96.0,19.0,3.0,99.0,,0.0,,100.0,95.0
IA,2025,25,36,2025-09-07,96.0,44.0,11.0,99.0,,0.0,,100.0,98.0
IA,2025,26,37,2025-09-14,96.0,73.0,35.0,99.0,,1.0,,100.0,98.0
IA,2025,27,38,2025-09-21,96.0,89.0,62.0,99.0,,4.0,,100.0,98.0
IA,2025,28,39,2025-09-28,96.0,95.0,83.0,99.0,,17.0,,100.0,98.0
IA,2025,35,46,2025-11-16,96.0,95.0,83.0,99.0,,99.0,,100.0,98.0
IL,2016,5,16,2016-04-24,0.0,0.0,0.0,0.0,,0.0,,2.0,0.0
IL,2016,6,17,2016-05-01,0.0,0.0,0.0,0.0,,0.0,,9.0,0.0
IL,2016,7,18,2016-05-08,0.0,0.0,0.0,1.0,,0.0,,19.0,0.0
IL,2016,8,19,2016-05-15,0.0,0.0,0.0,10.0,,0.0,,29.0,0.0
IL,2016,9,20,2016-05-22,0.0,0.0,0.0,20.0,,0.0,,51.0,0.0
IL,2016,10,21,2016-05-29,0.0,0.0,0.0,45.0,,0.0,,72.0,0.0
IL,2016,11,22,2016-06-05,0.0,0.0,0.0,66.0,,0.0,,81.0,0.0
IL,2016,12,23,2016-06-12,0.0,0.0,0.0,78.0,,0.0,,90.0,0.0
IL,2016,13,24,2016-06-19,1.0,0.0,0.0,88.0,,0.0,,96.0,0.0
IL,2016,14,25,2016-06-26,7.0,0.0,0.0,94.0,,0.0,,96.0,0.0
IL,2016,15,26,2016-07-03,18.0,0.0,0.0,97.0,,0.0,,96.0,0.0
IL,2016,16,27,2016-07-10,39.0,0.0,0.0,97.0,,0.0,,96.0,7.0
IL,2016,17,28,2016-07-17,60.0,0.0,0.0,97.0,,0.0,,96.0,15.0
IL,2016,18,29,2016-07-24,76.0,0.0,0.0,97.0,,0.0,,96.0,33.0
IL,2016,19,30,2016-07-31,85.0,0.0,0.0,97.0,,0.0,,96.0,51.0
IL,2016,20,31,2016-08-07,91.0,0.0,0.0,97.0,,0.0,,96.0,68.0
IL,2016,21,32,2016-08-14,95.0,0.0,0.0,97.0,,0.0,,96.0,81.0
IL,2016,22,33,2016-08-21,95.0,2.0,0.0,97.0,,0.0,,96.0,89.0
IL,2016,23,34,2016-08-28,95.0,7.0,0.0,97.0,,0.0,,96.0,94.0
IL,2016,24,35,2016-09-04,95.0,19.0,2.0,97.0,,0.0,,96.0,97.0
IL,2016,25,36,2016-09-11,95.0,50.0,14.0,97.0,,0.0,,96.0,97.0
IL,2016,26,37,2016-09-18,95.0,70.0,31.0,97.0,,0.0,,96.0,97.0
IL,2016,27,38,2016-09-25,95.0,88.0,62.0,97.0,,6.0,,96.0,97.0
IL,2016,28,39,2016-10-02,95.0,94.0,80.0,97.0,,16.0,,96.0,97.0
IL,2016,29,40,2016-10-09,95.0,98.0,90.0,97.0,,39.0,,96.0,97.0
IL,2016,30,41,2016-10-16,95.0,98.0,97.0,97.0,,58.0,,96.0,97.0
IL,2016,31,42,2016-10-23,95.0,98.0,97.0,97.0,,76.0,,96.0,97.0
IL,2016,32,43,2016-10-30,95.0,98.0,97.0,97.0,,89.0,,96.0,97.0
IL,2016,33,44,2016-11-06,95.0,98.0,97.0,97.0,,95.0,,96.0,97.0
IL,2016,34,45,2016-11-13,95.0,98.0,97.0,97.0,,100.0,,96.0,97.0
IL,2017,4,15,2017-04-16,0.0,0.0,0.0,0.0,,0.0,,0.0,0.0
IL,2017,5,16,2017-04-23,0.0,0.0,0.0,0.0,,0.0,,4.0,0.0
IL,2017,6,17,2017-04-30,0.0,0.0,0.0,0.0,,0.0,,13.0,0.0
IL,2017,7,18,2017-05-07,0.0,0.0,0.0,1.0,,0.0,,14.0,0.0
IL,2017,8,19,2017-05-14,0.0,0.0,0.0,6.0,,0.0,,23.0,0.0
IL,2017,9,20,2017-05-21,0.0,0.0,0.0,18.0,,0.0,,48.0,0.0
IL,2017,10,21,2017-05-28,0.0,0.0,0.0,38.0,,0.0,,62.0,0.0
IL,2017,11,22,2017-06-04,0.0,0.0,0.0,62.0,,0.0,,85.0,0.0
IL,2017,12,23,2017-06-11,0.0,0.0,0.0,78.0,,0.0,,93.0,0.0
IL,2017,13,24,2017-06-18,1.0,0.0,0.0,92.0,,0.0,,97.0,0.0
IL,2017,14,25,2017-06-25,7.0,0.0,0.0,97.0,,0.0,,97.0,0.0
IL,2017,15,26,2017-07-02,15.0,0.0,0.0,100.0,,0.0,,97.0,0.0
IL,2017,16,27,2017-07-09,31.0,0.0,0.0,100.0,,0.0,,97.0,5.0
IL,2017,17,28,2017-07-16,56.0,0.0,0.0,100.0,,0.0,,97.0,17.0
IL,2017,18,29,2017-07-23,77.0,0.0,0.0,100.0,,0.0,,97.0,33.0
IL,2017,19,30,2017-07-30,88.0,0.0,0.0,100.0,,0.0,,97.0,50.0
IL,2017,20,31,2017-08-06,94.0,0.0,0.0,100.0,,0.0,,97.0,70.0
IL,2017,21,32,2017-08-13,97.0,0.0,0.0,100.0,,0.0,,97.0,83.0
IL,2017,22,33,2017-08-20,100.0,4.0,0.0,100.0,,0.0,,97.0,92.0
IL,2017,23,34,2017-08-27,100.0,8.0,0.0,100.0,,0.0,,97.0,96.0
IL,2017,24,35,2017-09-03,100.0,19.0,3.0,100.0,,0.0,,97.0,100.0
IL,2017,25,36,2017-09-10,100.0,47.0,13.0,100.0,,0.0,,97.0,100.0
IL,2017,26,37,2017-09-17,100.0,70.0,32.0,100.0,,1.0,,97.0,100.0
IL,2017,27,38,2017-09-24,100.0,85.0,57.0,100.0,,9.0,,97.0,100.0
IL,2017,28,39,2017-10-01,100.0,92.0,80.0,100.0,,30.0,,97.0,100.0
IL,2017,29,40,2017-10-08,100.0,96.0,90.0,100.0,,52.0,,97.0,100.0
IL,2017,30,41,2017-10-15,100.0,96.0,94.0,100.0,,63.0,,97.0,100.0
IL,2017,31,42,2017-10-22,100.0,96.0,98.0,100.0,,77.0,,97.0,100.0
IL,2017,32,43,2017-10-29,100.0,96.0,98.0,100.0,,86.0,,97.0,100.0
IL,2017,33,44,2017-11-05,100.0,96.0,98.0,100.0,,92.0,,97.0,100.0
IL,2017,34,45,2017-11-12,100.0,96.0,98.0,100.0,,95.0,,97.0,100.0
IL,2017,35,46,2017-11-19,100.0,96.0,98.0,100.0,,100.0,,97.0,100.0
IL,2017,36,47,2017-11-26,100.0,96.0,98.0,100.0,,100.0,,97.0,100.0
IL,2018,5,16,2018-04-22,0.0,0.0,0.0,0.0,,0.0,,0.0,0.0
IL,2018,6,17,2018-04-29,0.0,0.0,0.0,0.0,,0.0,,7.0,0.0
IL,2018,7,18,2018-05-06,0.0,0.0,0.0,1.0,,0.0,,29.0,0.0
IL,2018,8,19,2018-05-13,0.0,0.0,0.0,24.0,,0.0,,66.0,0.0
IL,2018,9,20,2018-05-20,0.0,0.0,0.0,57.0,,0.0,,81.0,0.0
IL,2018,10,21,2018-05-27,0.0,0.0,0.0,75.0,,0.0,,90.0,0.0
IL,2018,11,22,2018-06-03,0.0,0.0,0.0,85.0,,0.0,,94.0,0.0
IL,2018,12,23,2018-06-10,0.0,0.0,0.0,90.0,,0.0,,96.0,0.0
IL,2018,13,24,2018-06-17,3.0,0.0,0.0,93.0,,0.0,,100.0,0.0
IL,2018,14,25,2018-06-24,23.0,0.0,0.0,97.0,,0.0,,100.0,0.0
IL,2018,15,26,2018-07-01,44.0,0.0,0.0,97.0,,0.0,,100.0,2.0
IL,2018,16,27,2018-07-08,64.0,0.0,0.0,97.0,,0.0,,100.0,21.0
IL,2018,17,28,2018-07-15,79.0,0.0,0.0,97.0,,0.0,,100.0,44.0
IL,2018,18,29,2018-07-22,88.0,0.0,0.0,97.0,,0.0,,100.0,66.0
IL,2018,19,30,2018-07-29,92.0,0.0,0.0,97.0,,0.0,,100.0,77.0
IL,2018,20,31,2018-08-05,95.0,0.0,0.0,97.0,,0.0,,100.0,84.0
IL,2018,21,32,2018-08-12,100.0,0.0,0.0,97.0,,0.0,,100.0,90.0
IL,2018,22,33,2018-08-19,100.0,3.0,0.0,97.0,,0.0,,100.0,95.0
IL,2018,23,34,2018-08-26,100.0,16.0,1.0,97.0,,0.0,,100.0,100.0
IL,2018,24,35,2018-09-02,100.0,49.0,16.0,97.0,,0.0,,100.0,100.0
IL,2018,25,36,2018-09-09,100.0,75.0,37.0,97.0,,1.0,,100.0,100.0
IL,2018,26,37,2018-09-16,100.0,87.0,58.0,97.0,,4.0,,100.0,100.0
IL,2018,27,38,2018-09-23,100.0,93.0,75.0,97.0,,17.0,,100.0,100.0
IL,2018,28,39,2018-09-30,100.0,96.0,87.0,97.0,,35.0,,100.0,100.0
IL,2018,29,40,2018-10-07,100.0,96.0,93.0,97.0,,51.0,,100.0,100.0
IL,2018,30,41,2018-10-14,100.0,96.0,96.0,97.0,,60.0,,100.0,100.0
IL,2018,31,42,2018-10-21,100.0,96.0,96.0,97.0,,74.0,,100.0,100.0
IL,2018,32,43,2018-10-28,100.0,96.0,96.0,97.0,,86.0,,100.0,100.0
IL,2018,33,44,2018-11-04,100.0,96.0,96.0,97.0,,92.0,,100.0,100.0
IL,2018,34,45,2018-11-11,100.0,96.0,96.0,97.0,,94.0,,100.0,100.0
IL,2018,35,46,2018-11-18,100.0,96.0,96.0,97.0,,96.0,,100.0,100.0
IL,2018,36,47,2018-11-25,100.0,96.0,96.0,97.0,,100.0,,100.0,100.0
IL,2019,5,16,2019-04-21,0.0,0.0,0.0,0.0,,0.0,,0.0,0.0
IL,2019,6,17,2019-04-28,0.0,0.0,0.0,0.0,,0.0,,3.0,0.0
IL,2019,7,18,2019-05-05,0.0,0.0,0.0,0.0,,0.0,,3.0,0.0
IL,2019,8,19,2019-05-12,0.0,0.0,0.0,0.0,,0.0,,3.0,0.0
IL,2019,9,20,2019-05-19,0.0,0.0,0.0,2.0,,0.0,,9.0,0.0
IL,2019,10,21,2019-05-26,0.0,0.0,0.0,8.0,,0.0,,14.0,0.0
IL,2019,11,22,2019-06-02,0.0,0.0,0.0,13.0,,0.0,,21.0,0.0
IL,2019,12,23,2019-06-09,0.0,0.0,0.0,25.0,,0.0,,49.0,0.0
IL,2019,13,24,2019-06-16,0.0,0.0,0.0,50.0,,0.0,,70.0,0.0
IL,2019,14,25,2019-06-23,0.0,0.0,0.0,67.0,,0.0,,79.0,0.0
IL,2019,15,26,2019-06-30,0.0,0.0,0.0,78.0,,0.0,,87.0,0.0
IL,2019,16,27,2019-07-07,2.0,0.0,0.0,86.0,,0.0,,93.0,0.0
IL,2019,17,28,2019-07-14,12.0,0.0,0.0,91.0,,0.0,,96.0,0.0
IL,2019,18,29,2019-07-21,30.0,0.0,0.0,96.0,,0.0,,96.0,2.0
IL,2019,19,30,2019-07-28,52.0,0.0,0.0,96.0,,0.0,,96.0,14.0
IL,2019,20,31,2019-08-04,72.0,0.0,0.0,96.0,,0.0,,96.0,30.0
IL,2019,21,32,2019-08-11,80.0,0.0,0.0,96.0,,0.0,,96.0,49.0
IL,2019,22,33,2019-08-18,89.0,0.0,0.0,96.0,,0.0,,96.0,67.0
IL,2019,23,34,2019-08-25,93.0,0.0,0.0,96.0,,0.0,,96.0,79.0
IL,2019,24,35,2019-09-01,95.0,0.0,0.0,96.0,,0.0,,96.0,84.0
IL,2019,25,36,2019-09-08,95.0,3.0,0.0,96.0,,0.0,,96.0,90.0
IL,2019,26,37,2019-09-15,95.0,25.0,3.0,96.0,,0.0,,96.0,93.0
IL,2019,27,38,2019-09-22,95.0,53.0,14.0,96.0,,0.0,,96.0,96.0
IL,2019,28,39,2019-09-29,95.0,77.0,41.0,96.0,,1.0,,96.0,96.0
IL,2019,29,40,2019-10-06,95.0,88.0,65.0,96.0,,11.0,,96.0,96.0
IL,2019,30,41,2019-10-13,95.0,95.0,80.0,96.0,,27.0,,96.0,96.0
IL,2019,31,42,2019-10-20,95.0,95.0,93.0,96.0,,52.0,,96.0,96.0
IL,2019,32,43,2019-10-27,95.0,95.0,96.0,96.0,,69.0,,96.0,96.0
IL,2019,33,44,2019-11-03,95.0,95.0,96.0,96.0,,77.0,,96.0,96.0
IL,2019,34,45,2019-11-10,95.0,95.0,96.0,96.0,,87.0,,96.0,96.0
IL,2019,35,46,2019-11-17,95.0,95.0,96.0,96.0,,92.0,,96.0,96.0
IL,2019,36,47,2019-11-24,95.0,95.0,96.0,96.0,,95.0,,96.0,96.0
IL,2019,37,48,2019-12-01,95.0,95.0,96.0,96.0,,100.0,,96.0,96.0
IL,2020,5,16,2020-04-19,0.0,0.0,0.0,0.0,,0.0,,2.0,0.0
IL,2020,6,17,2020-04-26,0.0,0.0,0.0,0.0,,0.0,,18.0,0.0
IL,2020,7,18,2020-05-03,0.0,0.0,0.0,2.0,,0.0,,31.0,0.0
IL,2020,8,19,2020-05-10,0.0,0.0,0.0,10.0,,0.0,,43.0,0.0
IL,2020,9,20,2020-05-17,0.0,0.0,0.0,21.0,,0.0,,59.0,0.0
IL,2020,10,21,2020-05-24,0.0,0.0,0.0,37.0,,0.0,,65.0,0.0
IL,2020,11,22,2020-05-31,0.0,0.0,0.0,50.0,,0.0,,74.0,0.0
IL,2020,12,23,2020-06-07,0.0,0.0,0.0,67.0,,0.0,,88.0,0.0
IL,2020,13,24,2020-06-14,0.0,0.0,0.0,84.0,,0.0,,94.0,0.0
IL,2020,14,25,2020-06-21,2.0,0.0,0.0,92.0,,0.0,,97.0,0.0
IL,2020,15,26,2020-06-28,10.0,0.0,0.0,96.0,,0.0,,97.0,0.0
IL,2020,16,27,2020-07-05,22.0,0.0,0.0,96.0,,0.0,,97.0,1.0
IL,2020,17,28,2020-07-12,37.0,0.0,0.0,96.0,,0.0,,97.0,10.0
IL,2020,18,29,2020-07-19,55.0,0.0,0.0,96.0,,0.0,,97.0,22.0
IL,2020,19,30,2020-07-26,67.0,0.0,0.0,96.0,,0.0,,97.0,36.0
IL,2020,20,31,2020-08-02,78.0,0.0,0.0,96.0,,0.0,,97.0,52.0
IL,2020,21,32,2020-08-09,91.0,0.0,0.0,96.0,,0.0,,97.0,74.0
IL,2020,22,33,2020-08-16,97.0,0.0,0.0,96.0,,0.0,,97.0,84.0
IL,2020,23,34,2020-08-23,97.0,0.0,0.0,96.0,,0.0,,97.0,92.0
IL,2020,24,35,2020-08-30,97.0,0.0,0.0,96.0,,0.0,,97.0,97.0
IL,2020,25,36,2020-09-06,97.0,13.0,2.0,96.0,,0.0,,97.0,97.0
IL,2020,26,37,2020-09-13,97.0,49.0,17.0,96.0,,0.0,,97.0,97.0
IL,2020,27,38,2020-09-20,97.0,73.0,44.0,96.0,,1.0,,97.0,97.0
IL,2020,28,39,2020-09-27,97.0,87.0,60.0,96.0,,11.0,,97.0,97.0
IL,2020,29,40,2020-10-04,97.0,95.0,81.0,96.0,,25.0,,97.0,97.0
IL,2020,30,41,2020-10-11,97.0,95.0,95.0,96.0,,56.0,,97.0,97.0
IL,2020,31,42,2020-10-18,97.0,95.0,99.0,96.0,,81.0,,97.0,97.0
IL,2020,32,43,2020-10-25,97.0,95.0,99.0,96.0,,90.0,,97.0,97.0
IL,2020,33,44,2020-11-01,97.0,95.0,99.0,96.0,,93.0,,97.0,97.0
IL,2020,34,45,2020-11-08,97.0,95.0,99.0,96.0,,96.0,,97.0,97.0
IL,2020,35,46,2020-11-15,97.0,95.0,99.0,96.0,,99.0,,97.0,97.0
IL,2021,4,15,2021-04-18,0.0,0.0,0.0,0.0,,0.0,,5.0,0.0
IL,2021,5,16,2021-04-25,0.0,0.0,0.0,0.0,,0.0,,18.0,0.0
IL,2021,6,17,2021-05-02,0.0,0.0,0.0,7.0,,0.0,,41.0,0.0
IL,2021,7,18,2021-05-09,0.0,0.0,0.0,23.0,,0.0,,57.0,0.0
IL,2021,8,19,2021-05-16,0.0,0.0,0.0,40.0,,0.0,,71.0,0.0
IL,2021,9,20,2021-05-23,0.0,0.0,0.0,60.0,,0.0,,80.0,0.0
IL,2021,10,21,2021-05-30,0.0,0.0,0.0,74.0,,0.0,,89.0,0.0
IL,2021,11,22,2021-06-06,0.0,0.0,0.0,84.0,,0.0,,93.0,0.0
IL,2021,12,23,2021-06-13,0.0,0.0,0.0,91.0,,0.0,,95.0,0.0
IL,2021,13,24,2021-06-20,1.0,0.0,0.0,94.0,,0.0,,96.0,0.0
IL,2021,14,25,2021-06-27,8.0,0.0,0.0,96.0,,0.0,,96.0,0.0
IL,2021,15,26,2021-07-04,22.0,0.0,0.0,96.0,,0.0,,96.0,0.0
IL,2021,16,27,2021-07-11,48.0,0.0,0.0,96.0,,0.0,,96.0,6.0
IL,2021,17,28,2021-07-18,66.0,0.0,0.0,96.0,,0.0,,96.0,20.0
IL,2021,18,29,2021-07-25,77.0,0.0,0.0,96.0,,0.0,,96.0,38.0
IL,2021,19,30,2021-08-01,87.0,0.0,0.0,96.0,,0.0,,96.0,59.0
IL,2021,20,31,2021-08-08,93.0,0.0,0.0,96.0,,0.0,,96.0,71.0
IL,2021,21,32,2021-08-15,96.0,0.0,0.0,96.0,,0.0,,96.0,80.0
IL,2021,22,33,2021-08-22,98.0,0.0,0.0,96.0,,0.0,,96.0,84.0
IL,2021,23,34,2021-08-29,98.0,0.0,5.0,96.0,,0.0,,96.0,95.0
IL,2021,24,35,2021-09-05,98.0,22.0,9.0,96.0,,0.0,,96.0,96.0
IL,2021,25,36,2021-09-12,98.0,63.0,33.0,96.0,,0.0,,96.0,96.0
IL,2021,26,37,2021-09-19,98.0,79.0,54.0,96.0,,1.0,,96.0,96.0
IL,2021,27,38,2021-09-26,98.0,86.0,66.0,96.0,,10.0,,96.0,96.0
IL,2021,28,39,2021-10-03,98.0,94.0,83.0,96.0,,32.0,,96.0,96.0
IL,2021,29,40,2021-10-10,98.0,97.0,87.0,96.0,,43.0,,96.0,96.0
IL,2021,30,41,2021-10-17,98.0,97.0,92.0,96.0,,51.0,,96.0,96.0
IL,2021,31,42,2021-10-24,98.0,97.0,97.0,96.0,,68.0,,96.0,96.0
IL,2021,32,43,2021-10-31,98.0,97.0,97.0,96.0,,75.0,,96.0,96.0
IL,2021,33,44,2021-11-07,98.0,97.0,97.0,96.0,,85.0,,96.0,96.0
IL,2021,34,45,2021-11-14,98.0,97.0,97.0,96.0,,93.0,,96.0,96.0
IL,2021,35,46,2021-11-21,98.0,97.0,97.0,96.0,,95.0,,96.0,96.0
IL,2022,3,14,2022-04-10,0.0,,0.0,0.0,,0.0,,0.0,0.0
IL,2022,4,15,2022-04-17,0.0,,0.0,0.0,,0.0,,0.0,0.0
IL,2022,5,16,2022-04-24,0.0,,0.0,0.0,,0.0,,1.0,0.0
IL,2022,6,17,2022-05-01,0.0,,0.0,0.0,,0.0,,5.0,0.0
IL,2022,7,18,2022-05-08,0.0,,0.0,0.0,,0.0,,11.0,0.0
IL,2022,8,19,2022-05-15,0.0,,0.0,9.0,,0.0,,38.0,0.0
IL,2022,9,20,2022-05-22,0.0,,0.0,27.0,,0.0,,62.0,0.0
IL,2022,10,21,2022-05-29,0.0,,0.0,52.0,,0.0,,75.0,0.0
IL,2022,11,22,2022-06-05,0.0,,0.0,75.0,,0.0,,88.0,0.0
IL,2022,12,23,2022-06-12,0.0,,0.0,88.0,,0.0,,94.0,0.0
IL,2022,13,24,2022-06-19,0.0,,0.0,93.0,,0.0,,98.0,0.0
IL,2022,14,25,2022-06-26,2.0,,0.0,96.0,,0.0,,99.0,0.0
IL,2022,15,26,2022-07-03,9.0,,0.0,97.0,,0.0,,99.0,0.0
IL,2022,16,27,2022-07-10,29.0,,0.0,97.0,,0.0,,99.0,2.0
IL,2022,17,28,2022-07-17,41.0,,0.0,97.0,,0.0,,99.0,8.0
IL,2022,18,29,2022-07-24,55.0,,0.0,97.0,,0.0,,99.0,20.0
IL,2022,19,30,2022-07-31,76.0,,0.0,97.0,,0.0,,99.0,37.0
IL,2022,20,31,2022-08-07,90.0,,0.0,97.0,,0.0,,99.0,61.0
IL,2022,21,32,2022-08-14,93.0,,0.0,97.0,,0.0,,99.0,73.0
IL,2022,22,33,2022-08-21,95.0,,0.0,97.0,,0.0,,99.0,80.0
IL,2022,23,34,2022-08-28,95.0,,0.0,97.0,,0.0,,99.0,86.0
IL,2022,24,35,2022-09-04,95.0,,4.0,97.0,,0.0,,99.0,89.0
IL,2022,25,36,2022-09-11,95.0,,15.0,97.0,,0.0,,99.0,91.0
IL,2022,26,37,2022-09-18,95.0,,41.0,97.0,,0.0,,99.0,93.0
IL,2022,27,38,2022-09-25,95.0,,63.0,97.0,,2.0,,99.0,96.0
IL,2022,28,39,2022-10-02,95.0,,80.0,97.0,,10.0,,99.0,96.0
IL,2022,29,40,2022-10-09,95.0,,89.0,97.0,,31.0,,99.0,96.0
IL,2022,30,41,2022-10-16,95.0,,96.0,97.0,,55.0,,99.0,96.0
IL,2022,31,42,2022-10-23,95.0,,96.0,97.0,,78.0,,99.0,96.0
IL,2022,32,43,2022-10-30,95.0,,96.0,97.0,,89.0,,99.0,96.0
IL,2022,33,44,2022-11-06,95.0,,96.0,97.0,,94.0,,99.0,96.0
IL,2022,34,45,2022-11-13,95.0,,96.0,97.0,,98.0,,99.0,96.0
IL,2023,4,15,2023-04-16,0.0,,0.0,0.0,,0.0,,4.0,0.0
IL,2023,5,16,2023-04-23,0.0,,0.0,0.0,,0.0,,15.0,0.0
IL,2023,6,17,2023-04-30,0.0,,0.0,3.0,,0.0,,39.0,0.0
IL,2023,7,18,2023-05-07,0.0,,0.0,14.0,,0.0,,66.0,0.0
IL,2023,8,19,2023-05-14,0.0,,0.0,38.0,,0.0,,77.0,0.0
IL,2023,9,20,2023-05-21,0.0,,0.0,57.0,,0.0,,85.0,0.0
IL,2023,10,21,2023-05-28,0.0,,0.0,76.0,,0.0,,92.0,0.0
IL,2023,11,22,2023-06-04,0.0,,0.0,89.0,,0.0,,96.0,0.0
IL,2023,12,23,2023-06-11,0.0,,0.0,92.0,,0.0,,97.0,0.0
IL,2023,13,24,2023-06-18,0.0,,0.0,95.0,,0.0,,97.0,0.0
IL,2023,14,25,2023-06-25,2.0,,0.0,96.0,,0.0,,97.0,0.0
IL,2023,15,26,2023-07-02,25.0,,0.0,96.0,,0.0,,97.0,1.0
IL,2023,16,27,2023-07-09,40.0,,0.0,96.0,,0.0,,97.0,10.0
IL,2023,17,28,2023-07-16,61.0,,0.0,96.0,,0.0,,97.0,19.0
IL,2023,18,29,2023-07-23,77.0,,0.0,96.0,,0.0,,97.0,38.0
IL,2023,19,30,2023-07-30,89.0,,0.0,96.0,,0.0,,97.0,59.0
IL,2023,20,31,2023-08-06,93.0,,0.0,96.0,,0.0,,97.0,73.0
IL,2023,21,32,2023-08-13,95.0,,0.0,96.0,,0.0,,97.0,80.0
IL,2023,22,33,2023-08-20,96.0,,0.0,96.0,,0.0,,97.0,86.0
IL,2023,23,34,2023-08-27,96.0,,0.0,96.0,,0.0,,97.0,88.0
IL,2023,24,35,2023-09-03,96.0,,7.0,96.0,,0.0,,97.0,89.0
IL,2023,25,36,2023-09-10,96.0,,27.0,96.0,,0.0,,97.0,97.0
IL,2023,26,37,2023-09-17,96.0,,66.0,96.0,,1.0,,97.0,97.0
IL,2023,27,38,2023-09-24,96.0,,85.0,96.0,,6.0,,97.0,97.0
IL,2023,28,39,2023-10-01,96.0,,94.0,96.0,,19.0,,97.0,97.0
IL,2023,29,40,2023-10-08,96.0,,97.0,96.0,,44.0,,97.0,97.0
IL,2023,30,41,2023-10-15,96.0,,99.0,96.0,,61.0,,97.0,97.0
IL,2023,31,42,2023-10-22,96.0,,99.0,96.0,,80.0,,97.0,97.0
IL,2023,32,43,2023-10-29,96.0,,99.0,96.0,,89.0,,97.0,97.0
IL,2023,33,44,2023-11-05,96.0,,99.0,96.0,,95.0,,97.0,97.0
IL,2023,34,45,2023-11-12,96.0,,99.0,96.0,,97.0,,97.0,97.0
IL,2024,1,12,2024-03-24,0.0,,0.0,0.0,,0.0,,0.0,0.0
IL,2024,2,13,2024-03-31,0.0,,0.0,0.0,,0.0,,1.0,0.0
IL,2024,3,14,2024-04-07,0.0,,0.0,0.0,,0.0,,2.0,0.0
IL,2024,4,15,2024-04-14,0.0,,0.0,0.0,,0.0,,4.0,0.0
IL,2024,5,16,2024-04-21,0.0,,0.0,1.0,,0.0,,11.0,0.0
IL,2024,6,17,2024-04-28,0.0,,0.0,5.0,,0.0,,26.0,0.0
IL,2024,7,18,2024-05-05,0.0,,0.0,12.0,,0.0,,31.0,0.0
IL,2024,8,19,2024-05-12,0.0,,0.0,20.0,,0.0,,39.0,0.0
IL,2024,9,20,2024-05-19,0.0,,0.0,31.0,,0.0,,58.0,0.0
IL,2024,10,21,2024-05-26,0.0,,0.0,44.0,,0.0,,72.0,0.0
IL,2024,11,22,2024-06-02,0.0,,0.0,58.0,,0.0,,81.0,0.0
IL,2024,12,23,2024-06-09,0.0,,0.0,69.0,,0.0,,87.0,0.0
IL,2024,13,24,2024-06-16,0.0,,0.0,85.0,,0.0,,93.0,0.0
IL,2024,14,25,2024-06-23,4.0,,0.0,90.0,,0.0,,96.0,0.0
IL,2024,15,26,2024-06-30,25.0,,0.0,95.0,,0.0,,96.0,1.0
IL,2024,16,27,2024-07-07,43.0,,0.0,95.0,,0.0,,96.0,9.0
IL,2024,17,28,2024-07-14,66.0,,0.0,95.0,,0.0,,96.0,28.0
IL,2024,18,29,2024-07-21,81.0,,0.0,95.0,,0.0,,96.0,42.0
IL,2024,19,30,2024-07-28,88.0,,0.0,95.0,,0.0,,96.0,58.0
IL,2024,20,31,2024-08-04,92.0,,0.0,95.0,,0.0,,96.0,77.0
IL,2024,21,32,2024-08-11,94.0,,0.0,95.0,,0.0,,96.0,84.0
IL,2024,22,33,2024-08-18,96.0,,0.0,95.0,,0.0,,96.0,89.0
IL,2024,23,34,2024-08-25,96.0,,6.0,95.0,,0.0,,96.0,93.0
IL,2024,24,35,2024-09-01,96.0,,14.0,95.0,,0.0,,96.0,96.0
IL,2024,25,36,2024-09-08,96.0,,35.0,95.0,,1.0,,96.0,98.0
IL,2024,26,37,2024-09-15,96.0,,62.0,95.0,,6.0,,96.0,98.0
IL,2024,27,38,2024-09-22,96.0,,77.0,95.0,,15.0,,96.0,98.0
IL,2024,28,39,2024-09-29,96.0,,86.0,95.0,,24.0,,96.0,98.0
IL,2024,29,40,2024-10-06,96.0,,90.0,95.0,,42.0,,96.0,98.0
IL,2024,30,41,2024-10-13,96.0,,93.0,95.0,,62.0,,96.0,98.0
IL,2024,31,42,2024-10-20,96.0,,96.0,95.0,,76.0,,96.0,98.0
IL,2024,32,43,2024-10-27,96.0,,96.0,95.0,,90.0,,96.0,98.0
IL,2024,33,44,2024-11-03,96.0,,96.0,95.0,,95.0,,96.0,98.0
IL,2024,34,45,2024-11-10,96.0,,96.0,95.0,,97.0,,96.0,98.0
IL,2025,2,13,2025-03-30,0.0,,0.0,0.0,,0.0,,0.0,0.0
IL,2025,3,14,2025-04-06,0.0,,0.0,0.0,,0.0,,1.0,0.0
IL,2025,4,15,2025-04-13,0.0,,0.0,0.0,,0.0,,2.0,0.0
IL,2025,5,16,2025-04-20,0.0,,0.0,0.0,,0.0,,10.0,0.0
IL,2025,6,17,2025-04-27,0.0,,0.0,4.0,,0.0,,22.0,0.0
IL,2025,7,18,2025-05-04,0.0,,0.0,10.0,,0.0,,33.0,0.0
IL,2025,8,19,2025-05-11,0.0,,0.0,22.0,,0.0,,51.0,0.0
IL,2025,9,20,2025-05-18,0.0,,0.0,45.0,,0.0,,67.0,0.0
IL,2025,10,21,2025-05-25,0.0,,0.0,58.0,,0.0,,75.0,0.0
IL,2025,11,22,2025-06-01,0.0,,0.0,71.0,,0.0,,86.0,0.0
IL,2025,12,23,2025-06-08,0.0,,0.0,81.0,,0.0,,91.0,0.0
IL,2025,13,24,2025-06-15,0.0,,0.0,87.0,,0.0,,93.0,0.0
IL,2025,14,25,2025-06-22,2.0,,0.0,90.0,,0.0,,95.0,0.0
IL,2025,15,26,2025-06-29,21.0,,0.0,94.0,,0.0,,95.0,0.0
IL,2025,16,27,2025-07-06,38.0,,0.0,96.0,,0.0,,95.0,5.0
IL,2025,17,28,2025-07-13,53.0,,0.0,96.0,,0.0,,95.0,12.0
IL,2025,18,29,2025-07-20,68.0,,0.0,96.0,,0.0,,95.0,30.0
IL,2025,19,30,2025-07-27,81.0,,0.0,96.0,,0.0,,95.0,50.0
IL,2025,20,31,2025-08-03,88.0,,0.0,96.0,,0.0,,95.0,66.0
IL,2025,21,32,2025-08-10,92.0,,0.0,96.0,,0.0,,95.0,76.0
IL,2025,22,33,2025-08-17,94.0,,0.0,96.0,,0.0,,95.0,87.0
IL,2025,23,34,2025-08-24,96.0,,2.0,96.0,,0.0,,95.0,91.0
IL,2025,24,35,2025-08-31,96.0,,16.0,96.0,,0.0,,95.0,95.0
IL,2025,25,36,2025-09-07,96.0,,36.0,96.0,,1.0,,95.0,97.0
IL,2025,26,37,2025-09-14,96.0,,60.0,96.0,,3.0,,95.0,97.0
IL,2025,27,38,2025-09-21,96.0,,77.0,96.0,,9.0,,95.0,97.0
IL,2025,28,39,2025-09-28,96.0,,89.0,96.0,,21.0,,95.0,97.0
IL,2025,35,46,2025-11-16,96.0,,89.0,96.0,,98.0,,95.0,97.0
IN,2016,5,16,2016-04-24,0.0,,0.0,0.0,,0.0,,2.0,0.0
IN,2016,6,17,2016-05-01,0.0,,0.0,0.0,,0.0,,6.0,0.0
IN,2016,7,18,2016-05-08,0.0,,0.0,0.0,,0.0,,11.0,0.0
IN,2016,8,19,2016-05-15,0.0,,0.0,3.0,,0.0,,15.0,0.0
IN,2016,9,20,2016-05-22,0.0,,0.0,10.0,,0.0,,31.0,0.0
IN,2016,10,21,2016-05-29,0.0,,0.0,29.0,,0.0,,63.0,0.0
IN,2016,11,22,2016-06-05,0.0,,0.0,56.0,,0.0,,82.0,0.0
IN,2016,12,23,2016-06-12,0.0,,0.0,76.0,,0.0,,91.0,0.0
IN,2016,13,24,2016-06-19,0.0,,0.0,87.0,,0.0,,96.0,0.0
IN,2016,14,25,2016-06-26,4.0,,0.0,95.0,,0.0,,96.0,0.0
IN,2016,15,26,2016-07-03,17.0,,0.0,95.0,,0.0,,96.0,0.0
IN,2016,16,27,2016-07-10,38.0,,0.0,95.0,,0.0,,96.0,2.0
IN,2016,17,28,2016-07-17,56.0,,0.0,95.0,,0.0,,96.0,19.0
IN,2016,18,29,2016-07-24,70.0,,0.0,95.0,,0.0,,96.0,35.0
IN,2016,19,30,2016-07-31,80.0,,0.0,95.0,,0.0,,96.0,50.0
IN,2016,20,31,2016-08-07,90.0,,0.0,95.0,,0.0,,96.0,66.0
IN,2016,21,32,2016-08-14,94.0,,0.0,95.0,,0.0,,96.0,78.0
IN,2016,22,33,2016-08-21,97.0,,1.0,95.0,,0.0,,96.0,89.0
IN,2016,23,34,2016-08-28,97.0,,5.0,95.0,,0.0,,96.0,94.0
IN,2016,24,35,2016-09-04,97.0,,11.0,95.0,,0.0,,96.0,97.0
IN,2016,25,36,2016-09-11,97.0,,26.0,95.0,,0.0,,96.0,97.0
IN,2016,26,37,2016-09-18,97.0,,45.0,95.0,,2.0,,96.0,97.0
IN,2016,27,38,2016-09-25,97.0,,68.0,95.0,,9.0,,96.0,97.0
IN,2016,28,39,2016-10-02,97.0,,82.0,95.0,,15.0,,96.0,97.0
IN,2016,29,40,2016-10-09,97.0,,91.0,95.0,,33.0,,96.0,97.0
IN,2016,30,41,2016-10-16,97.0,,96.0,95.0,,54.0,,96.0,97.0
IN,2016,31,42,2016-10-23,97.0,,96.0,95.0,,71.0,,96.0,97.0
IN,2016,32,43,2016-10-30,97.0,,96.0,95.0,,83.0,,96.0,97.0
IN,2016,33,44,2016-11-06,97.0,,96.0,95.0,,91.0,,96.0,97.0
IN,2016,34,45,2016-11-13,97.0,,96.0,95.0,,96.0,,96.0,97.0
IN,2017,5,16,2017-04-23,0.0,,0.0,0.0,,0.0,,3.0,0.0
IN,2017,6,17,2017-04-30,0.0,,0.0,0.0,,0.0,,16.0,0.0
IN,2017,7,18,2017-05-07,0.0,,0.0,0.0,,0.0,,19.0,0.0
IN,2017,8,19,2017-05-14,0.0,,0.0,4.0,,0.0,,23.0,0.0
IN,2017,9,20,2017-05-21,0.0,,0.0,16.0,,0.0,,47.0,0.0
IN,2017,10,21,2017-05-28,0.0,,0.0,32.0,,0.0,,54.0,0.0
IN,2017,11,22,2017-06-04,0.0,,0.0,47.0,,0.0,,75.0,0.0
IN,2017,12,23,2017-06-11,0.0,,0.0,68.0,,0.0,,90.0,0.0
IN,2017,13,24,2017-06-18,0.0,,0.0,84.0,,0.0,,96.0,0.0
IN,2017,14,25,2017-06-25,2.0,,0.0,90.0,,0.0,,99.0,0.0
IN,2017,15,26,2017-07-02,14.0,,0.0,97.0,,0.0,,100.0,0.0
IN,2017,16,27,2017-07-09,31.0,,0.0,100.0,,0.0,,100.0,1.0
IN,2017,17,28,2017-07-16,50.0,,0.0,100.0,,0.0,,100.0,13.0
IN,2017,18,29,2017-07-23,68.0,,0.0,100.0,,0.0,,100.0,28.0
IN,2017,19,30,2017-07-30,81.0,,0.0,100.0,,0.0,,100.0,47.0
IN,2017,20,31,2017-08-06,90.0,,0.0,100.0,,0.0,,100.0,65.0
IN,2017,21,32,2017-08-13,93.0,,0.0,100.0,,0.0,,100.0,78.0
IN,2017,22,33,2017-08-20,96.0,,0.0,100.0,,0.0,,100.0,86.0
IN,2017,23,34,2017-08-27,96.0,,5.0,100.0,,0.0,,100.0,93.0
IN,2017,24,35,2017-09-03,96.0,,13.0,100.0,,0.0,,100.0,96.0
IN,2017,25,36,2017-09-10,96.0,,26.0,100.0,,0.0,,100.0,96.0
IN,2017,26,37,2017-09-17,96.0,,44.0,100.0,,2.0,,100.0,96.0
IN,2017,27,38,2017-09-24,96.0,,64.0,100.0,,10.0,,100.0,96.0
IN,2017,28,39,2017-10-01,96.0,,81.0,100.0,,24.0,,100.0,96.0
IN,2017,29,40,2017-10-08,96.0,,90.0,100.0,,42.0,,100.0,96.0
IN,2017,30,41,2017-10-15,96.0,,95.0,100.0,,52.0,,100.0,96.0
IN,2017,31,42,2017-10-22,96.0,,98.0,100.0,,69.0,,100.0,96.0
IN,2017,32,43,2017-10-29,96.0,,100.0,100.0,,80.0,,100.0,96.0
IN,2017,33,44,2017-11-05,96.0,,100.0,100.0,,85.0,,100.0,96.0
IN,2017,34,45,2017-11-12,96.0,,100.0,100.0,,89.0,,100.0,96.0
IN,2017,35,46,2017-11-19,96.0,,100.0,100.0,,92.0,,100.0,96.0
IN,2017,36,47,2017-11-26,96.0,,100.0,100.0,,96.0,,100.0,96.0
IN,2018,5,16,2018-04-22,0.0,,0.0,0.0,,0.0,,0.0,0.0
IN,2018,6,17,2018-04-29,0.0,,0.0,0.0,,0.0,,3.0,0.0
IN,2018,7,18,2018-05-06,0.0,,0.0,0.0,,0.0,,23.0,0.0
IN,2018,8,19,2018-05-13,0.0,,0.0,9.0,,0.0,,53.0,0.0
IN,2018,9,20,2018-05-20,0.0,,0.0,38.0,,0.0,,73.0,0.0
IN,2018,10,21,2018-05-27,0.0,,0.0,63.0,,0.0,,87.0,0.0
IN,2018,11,22,2018-06-03,0.0,,0.0,79.0,,0.0,,94.0,0.0
IN,2018,12,23,2018-06-10,0.0,,0.0,88.0,,0.0,,96.0,0.0
IN,2018,13,24,2018-06-17,0.0,,0.0,94.0,,0.0,,98.0,0.0
IN,2018,14,25,2018-06-24,8.0,,0.0,97.0,,0.0,,98.0,0.0
IN,2018,15,26,2018-07-01,33.0,,0.0,100.0,,0.0,,98.0,2.0
IN,2018,16,27,2018-07-08,54.0,,0.0,100.0,,0.0,,98.0,19.0
IN,2018,17,28,2018-07-15,70.0,,0.0,100.0,,0.0,,98.0,37.0
IN,2018,18,29,2018-07-22,80.0,,0.0,100.0,,0.0,,98.0,53.0
IN,2018,19,30,2018-07-29,85.0,,0.0,100.0,,0.0,,98.0,66.0
IN,2018,20,31,2018-08-05,91.0,,0.0,100.0,,0.0,,98.0,77.0
IN,2018,21,32,2018-08-12,95.0,,0.0,100.0,,0.0,,98.0,85.0
IN,2018,22,33,2018-08-19,100.0,,1.0,100.0,,0.0,,98.0,92.0
IN,2018,23,34,2018-08-26,100.0,,9.0,100.0,,0.0,,98.0,95.0
IN,2018,24,35,2018-09-02,100.0,,21.0,100.0,,0.0,,98.0,100.0
IN,2018,25,36,2018-09-09,100.0,,41.0,100.0,,0.0,,98.0,100.0
IN,2018,26,37,2018-09-16,100.0,,63.0,100.0,,2.0,,98.0,100.0
IN,2018,27,38,2018-09-23,100.0,,80.0,100.0,,13.0,,98.0,100.0
IN,2018,28,39,2018-09-30,100.0,,89.0,100.0,,24.0,,98.0,100.0
IN,2018,29,40,2018-10-07,100.0,,94.0,100.0,,40.0,,98.0,100.0
IN,2018,30,41,2018-10-14,100.0,,97.0,100.0,,51.0,,98.0,100.0
IN,2018,31,42,2018-10-21,100.0,,100.0,100.0,,67.0,,98.0,100.0
IN,2018,32,43,2018-10-28,100.0,,100.0,100.0,,80.0,,98.0,100.0
IN,2018,33,44,2018-11-04,100.0,,100.0,100.0,,87.0,,98.0,100.0
IN,2018,34,45,2018-11-11,100.0,,100.0,100.0,,91.0,,98.0,100.0
IN,2018,35,46,2018-11-18,100.0,,100.0,100.0,,93.0,,98.0,100.0
IN,2018,36,47,2018-11-25,100.0,,100.0,100.0,,95.0,,98.0,100.0
IN,2019,5,16,2019-04-21,0.0,,0.0,0.0,,0.0,,0.0,0.0
IN,2019,6,17,2019-04-28,0.0,,0.0,0.0,,0.0,,0.0,0.0
IN,2019,7,18,2019-05-05,0.0,,0.0,0.0,,0.0,,1.0,0.0
IN,2019,8,19,2019-05-12,0.0,,0.0,0.0,,0.0,,2.0,0.0
IN,2019,9,20,2019-05-19,0.0,,0.0,1.0,,0.0,,6.0,0.0
IN,2019,10,21,2019-05-26,0.0,,0.0,3.0,,0.0,,11.0,0.0
IN,2019,11,22,2019-06-02,0.0,,0.0,9.0,,0.0,,17.0,0.0
IN,2019,12,23,2019-06-09,0.0,,0.0,19.0,,0.0,,42.0,0.0
IN,2019,13,24,2019-06-16,0.0,,0.0,38.0,,0.0,,64.0,0.0
IN,2019,14,25,2019-06-23,0.0,,0.0,56.0,,0.0,,75.0,0.0
IN,2019,15,26,2019-06-30,0.0,,0.0,73.0,,0.0,,88.0,0.0
IN,2019,16,27,2019-07-07,1.0,,0.0,85.0,,0.0,,93.0,0.0
IN,2019,17,28,2019-07-14,7.0,,0.0,91.0,,0.0,,96.0,0.0
IN,2019,18,29,2019-07-21,21.0,,0.0,96.0,,0.0,,100.0,1.0
IN,2019,19,30,2019-07-28,37.0,,0.0,100.0,,0.0,,100.0,8.0
IN,2019,20,31,2019-08-04,54.0,,0.0,100.0,,0.0,,100.0,19.0
IN,2019,21,32,2019-08-11,70.0,,0.0,100.0,,0.0,,100.0,34.0
IN,2019,22,33,2019-08-18,81.0,,0.0,100.0,,0.0,,100.0,50.0
IN,2019,23,34,2019-08-25,89.0,,0.0,100.0,,0.0,,100.0,65.0
IN,2019,24,35,2019-09-01,93.0,,0.0,100.0,,0.0,,100.0,76.0
IN,2019,25,36,2019-09-08,95.0,,0.0,100.0,,0.0,,100.0,84.0
IN,2019,26,37,2019-09-15,97.0,,5.0,100.0,,0.0,,100.0,91.0
IN,2019,27,38,2019-09-22,97.0,,26.0,100.0,,1.0,,100.0,95.0
IN,2019,28,39,2019-09-29,97.0,,49.0,100.0,,6.0,,100.0,100.0
IN,2019,29,40,2019-10-06,97.0,,66.0,100.0,,14.0,,100.0,100.0
IN,2019,30,41,2019-10-13,97.0,,84.0,100.0,,30.0,,100.0,100.0
IN,2019,31,42,2019-10-20,97.0,,92.0,100.0,,53.0,,100.0,100.0
IN,2019,32,43,2019-10-27,97.0,,96.0,100.0,,71.0,,100.0,100.0
IN,2019,33,44,2019-11-03,97.0,,100.0,100.0,,79.0,,100.0,100.0
IN,2019,34,45,2019-11-10,97.0,,100.0,100.0,,88.0,,100.0,100.0
IN,2019,35,46,2019-11-17,97.0,,100.0,100.0,,91.0,,100.0,100.0
IN,2019,36,47,2019-11-24,97.0,,100.0,100.0,,94.0,,100.0,100.0
IN,2019,37,48,2019-12-01,97.0,,100.0,100.0,,96.0,,100.0,100.0
IN,2019,38,49,2019-12-08,97.0,,100.0,100.0,,99.0,,100.0,100.0
IN,2020,5,16,2020-04-19,0.0,,0.0,0.0,,0.0,,2.0,0.0
IN,2020,6,17,2020-04-26,0.0,,0.0,0.0,,0.0,,11.0,0.0
IN,2020,7,18,2020-05-03,0.0,,0.0,2.0,,0.0,,22.0,0.0
IN,2020,8,19,2020-05-10,0.0,,0.0,7.0,,0.0,,37.0,0.0
IN,2020,9,20,2020-05-17,0.0,,0.0,18.0,,0.0,,56.0,0.0
IN,2020,10,21,2020-05-24,0.0,,0.0,38.0,,0.0,,66.0,0.0
IN,2020,11,22,2020-05-31,0.0,,0.0,58.0,,0.0,,76.0,0.0
IN,2020,12,23,2020-06-07,0.0,,0.0,74.0,,0.0,,88.0,0.0
IN,2020,13,24,2020-06-14,0.0,,0.0,85.0,,0.0,,94.0,0.0
IN,2020,14,25,2020-06-21,1.0,,0.0,92.0,,0.0,,98.0,0.0
IN,2020,15,26,2020-06-28,10.0,,0.0,97.0,,0.0,,100.0,0.0
IN,2020,16,27,2020-07-05,26.0,,0.0,100.0,,0.0,,100.0,1.0
IN,2020,17,28,2020-07-12,44.0,,0.0,100.0,,0.0,,100.0,9.0
IN,2020,18,29,2020-07-19,63.0,,0.0,100.0,,0.0,,100.0,22.0
IN,2020,19,30,2020-07-26,79.0,,0.0,100.0,,0.0,,100.0,38.0
IN,2020,20,31,2020-08-02,87.0,,0.0,100.0,,0.0,,100.0,54.0
IN,2020,21,32,2020-08-09,93.0,,0.0,100.0,,0.0,,100.0,70.0
IN,2020,22,33,2020-08-16,97.0,,0.0,100.0,,0.0,,100.0,81.0
IN,2020,23,34,2020-08-23,100.0,,1.0,100.0,,0.0,,100.0,91.0
IN,2020,24,35,2020-08-30,100.0,,7.0,100.0,,0.0,,100.0,95.0
IN,2020,25,36,2020-09-06,100.0,,19.0,100.0,,0.0,,100.0,100.0
IN,2020,26,37,2020-09-13,100.0,,39.0,100.0,,0.0,,100.0,100.0
IN,2020,27,38,2020-09-20,100.0,,64.0,100.0,,4.0,,100.0,100.0
IN,2020,28,39,2020-09-27,100.0,,80.0,100.0,,17.0,,100.0,100.0
IN,2020,29,40,2020-10-04,100.0,,90.0,100.0,,30.0,,100.0,100.0
IN,2020,30,41,2020-10-11,100.0,,95.0,100.0,,52.0,,100.0,100.0
IN,2020,31,42,2020-10-18,100.0,,100.0,100.0,,72.0,,100.0,100.0
IN,2020,32,43,2020-10-25,100.0,,100.0,100.0,,82.0,,100.0,100.0
IN,2020,33,44,2020-11-01,100.0,,100.0,100.0,,87.0,,100.0,100.0
IN,2020,34,45,2020-11-08,100.0,,100.0,100.0,,93.0,,100.0,100.0
IN,2020,35,46,2020-11-15,100.0,,100.0,100.0,,97.0,,100.0,100.0
IN,2020,36,47,2020-11-22,100.0,,100.0,100.0,,100.0,,100.0,100.0
IN,2021,4,15,2021-04-18,0.0,,0.0,0.0,,0.0,,4.0,0.0
IN,2021,5,16,2021-04-25,0.0,,0.0,1.0,,0.0,,9.0,0.0
IN,2021,6,17,2021-05-02,0.0,,0.0,4.0,,0.0,,24.0,0.0
IN,2021,7,18,2021-05-09,0.0,,0.0,12.0,,0.0,,36.0,0.0
IN,2021,8,19,2021-05-16,0.0,,0.0,22.0,,0.0,,50.0,0.0
IN,2021,9,20,2021-05-23,0.0,,0.0,41.0,,0.0,,69.0,0.0
IN,2021,10,21,2021-05-30,0.0,,0.0,63.0,,0.0,,86.0,0.0
IN,2021,11,22,2021-06-06,0.0,,0.0,78.0,,0.0,,92.0,0.0
IN,2021,12,23,2021-06-13,0.0,,0.0,88.0,,0.0,,96.0,0.0
IN,2021,13,24,2021-06-20,1.0,,0.0,95.0,,0.0,,100.0,0.0
IN,2021,14,25,2021-06-27,8.0,,0.0,100.0,,0.0,,100.0,0.0
IN,2021,15,26,2021-07-04,22.0,,0.0,100.0,,0.0,,100.0,1.0
IN,2021,16,27,2021-07-11,38.0,,0.0,100.0,,0.0,,100.0,7.0
IN,2021,17,28,2021-07-18,58.0,,0.0,100.0,,0.0,,100.0,19.0
IN,2021,18,29,2021-07-25,74.0,,0.0,100.0,,0.0,,100.0,36.0
IN,2021,19,30,2021-08-01,85.0,,0.0,100.0,,0.0,,100.0,52.0
IN,2021,20,31,2021-08-08,91.0,,0.0,100.0,,0.0,,100.0,66.0
IN,2021,21,32,2021-08-15,95.0,,0.0,100.0,,0.0,,100.0,79.0
IN,2021,22,33,2021-08-22,100.0,,1.0,100.0,,0.0,,100.0,90.0
IN,2021,23,34,2021-08-29,100.0,,9.0,100.0,,0.0,,100.0,94.0
IN,2021,24,35,2021-09-05,100.0,,18.0,100.0,,0.0,,100.0,97.0
IN,2021,25,36,2021-09-12,100.0,,39.0,100.0,,1.0,,100.0,100.0
IN,2021,26,37,2021-09-19,100.0,,64.0,100.0,,8.0,,100.0,100.0
IN,2021,27,38,2021-09-26,100.0,,80.0,100.0,,13.0,,100.0,100.0
IN,2021,28,39,2021-10-03,100.0,,91.0,100.0,,28.0,,100.0,100.0
IN,2021,29,40,2021-10-10,100.0,,94.0,100.0,,38.0,,100.0,100.0
IN,2021,30,41,2021-10-17,100.0,,97.0,100.0,,49.0,,100.0,100.0
IN,2021,31,42,2021-10-24,100.0,,100.0,100.0,,63.0,,100.0,100.0
IN,2021,32,43,2021-10-31,100.0,,100.0,100.0,,67.0,,100.0,100.0
IN,2021,33,44,2021-11-07,100.0,,100.0,100.0,,77.0,,100.0,100.0
IN,2021,34,45,2021-11-14,100.0,,100.0,100.0,,88.0,,100.0,100.0
IN,2021,35,46,2021-11-21,100.0,,100.0,100.0,,94.0,,100.0,100.0
IN,2021,36,47,2021-11-28,100.0,,100.0,100.0,,96.0,,100.0,100.0
IN,2022,4,15,2022-04-17,0.0,,0.0,0.0,,0.0,,0.0,0.0
IN,2022,5,16,2022-04-24,0.0,,0.0,0.0,,0.0,,0.0,0.0
IN,2022,6,17,2022-05-01,0.0,,0.0,0.0,,0.0,,3.0,0.0
IN,2022,7,18,2022-05-08,0.0,,0.0,0.0,,0.0,,7.0,0.0
IN,2022,8,19,2022-05-15,0.0,,0.0,4.0,,0.0,,28.0,0.0
IN,2022,9,20,2022-05-22,0.0,,0.0,20.0,,0.0,,50.0,0.0
IN,2022,10,21,2022-05-29,0.0,,0.0,45.0,,0.0,,70.0,0.0
IN,2022,11,22,2022-06-05,0.0,,0.0,63.0,,0.0,,84.0,0.0
IN,2022,12,23,2022-06-12,0.0,,0.0,80.0,,0.0,,92.0,0.0
IN,2022,13,24,2022-06-19,0.0,,0.0,89.0,,0.0,,96.0,0.0
IN,2022,14,25,2022-06-26,3.0,,0.0,96.0,,0.0,,100.0,0.0
IN,2022,15,26,2022-07-03,14.0,,0.0,99.0,,0.0,,100.0,1.0
IN,2022,16,27,2022-07-10,31.0,,0.0,100.0,,0.0,,100.0,4.0
IN,2022,17,28,2022-07-17,45.0,,0.0,100.0,,0.0,,100.0,13.0
IN,2022,18,29,2022-07-24,62.0,,0.0,100.0,,0.0,,100.0,24.0
IN,2022,19,30,2022-07-31,77.0,,0.0,100.0,,0.0,,100.0,41.0
IN,2022,20,31,2022-08-07,87.0,,0.0,100.0,,0.0,,100.0,58.0
IN,2022,21,32,2022-08-14,92.0,,0.0,100.0,,0.0,,100.0,71.0
IN,2022,22,33,2022-08-21,96.0,,0.0,100.0,,0.0,,100.0,81.0
IN,2022,23,34,2022-08-28,99.0,,2.0,100.0,,0.0,,100.0,90.0
IN,2022,24,35,2022-09-04,100.0,,10.0,100.0,,0.0,,100.0,95.0
IN,2022,25,36,2022-09-11,100.0,,21.0,100.0,,0.0,,100.0,99.0
IN,2022,26,37,2022-09-18,100.0,,42.0,100.0,,1.0,,100.0,99.0
IN,2022,27,38,2022-09-25,100.0,,64.0,100.0,,5.0,,100.0,99.0
IN,2022,28,39,2022-10-02,100.0,,82.0,100.0,,17.0,,100.0,99.0
IN,2022,29,40,2022-10-09,100.0,,91.0,100.0,,36.0,,100.0,99.0
IN,2022,30,41,2022-10-16,100.0,,96.0,100.0,,57.0,,100.0,99.0
IN,2022,31,42,2022-10-23,100.0,,99.0,100.0,,75.0,,100.0,99.0
IN,2022,32,43,2022-10-30,100.0,,100.0,100.0,,87.0,,100.0,99.0
IN,2022,33,44,2022-11-06,100.0,,100.0,100.0,,93.0,,100.0,99.0
IN,2022,34,45,2022-11-13,100.0,,100.0,100.0,,96.0,,100.0,99.0
IN,2022,35,46,2022-11-20,100.0,,100.0,100.0,,99.0,,100.0,99.0
IN,2022,36,47,2022-11-27,100.0,,100.0,100.0,,100.0,,100.0,99.0
IN,2023,4,15,2023-04-16,0.0,,0.0,0.0,,0.0,,2.0,0.0
IN,2023,5,16,2023-04-23,0.0,,0.0,0.0,,0.0,,8.0,0.0
IN,2023,6,17,2023-04-30,0.0,,0.0,0.0,,0.0,,18.0,0.0
IN,2023,7,18,2023-05-07,0.0,,0.0,5.0,,0.0,,33.0,0.0
IN,2023,8,19,2023-05-14,0.0,,0.0,18.0,,0.0,,52.0,0.0
IN,2023,9,20,2023-05-21,0.0,,0.0,40.0,,0.0,,72.0,0.0
IN,2023,10,21,2023-05-28,0.0,,0.0,63.0,,0.0,,88.0,0.0
IN,2023,11,22,2023-06-04,0.0,,0.0,78.0,,0.0,,95.0,0.0
IN,2023,12,23,2023-06-11,0.0,,0.0,90.0,,0.0,,97.0,0.0
IN,2023,13,24,2023-06-18,0.0,,0.0,95.0,,0.0,,99.0,0.0
IN,2023,14,25,2023-06-25,4.0,,0.0,99.0,,0.0,,100.0,0.0
IN,2023,15,26,2023-07-02,13.0,,0.0,100.0,,0.0,,100.0,0.0
IN,2023,16,27,2023-07-09,22.0,,0.0,100.0,,0.0,,100.0,2.0
IN,2023,17,28,2023-07-16,42.0,,0.0,100.0,,0.0,,100.0,9.0
IN,2023,18,29,2023-07-23,59.0,,0.0,100.0,,0.0,,100.0,20.0
IN,2023,19,30,2023-07-30,75.0,,0.0,100.0,,0.0,,100.0,40.0
IN,2023,20,31,2023-08-06,85.0,,0.0,100.0,,0.0,,100.0,57.0
IN,2023,21,32,2023-08-13,91.0,,0.0,100.0,,0.0,,100.0,71.0
IN,2023,22,33,2023-08-20,94.0,,0.0,100.0,,0.0,,100.0,80.0
IN,2023,23,34,2023-08-27,95.0,,1.0,100.0,,0.0,,100.0,88.0
IN,2023,24,35,2023-09-03,99.0,,6.0,100.0,,0.0,,100.0,92.0
IN,2023,25,36,2023-09-10,100.0,,19.0,100.0,,0.0,,100.0,96.0
IN,2023,26,37,2023-09-17,100.0,,40.0,100.0,,1.0,,100.0,99.0
IN,2023,27,38,2023-09-24,100.0,,64.0,100.0,,7.0,,100.0,100.0
IN,2023,28,39,2023-10-01,100.0,,80.0,100.0,,17.0,,100.0,100.0
IN,2023,29,40,2023-10-08,100.0,,90.0,100.0,,33.0,,100.0,100.0
IN,2023,30,41,2023-10-15,100.0,,96.0,100.0,,52.0,,100.0,100.0
IN,2023,31,42,2023-10-22,100.0,,99.0,100.0,,65.0,,100.0,100.0
IN,2023,32,43,2023-10-29,100.0,,100.0,100.0,,79.0,,100.0,100.0
IN,2023,33,44,2023-11-05,100.0,,100.0,100.0,,87.0,,100.0,100.0
IN,2023,34,45,2023-11-12,100.0,,100.0,100.0,,94.0,,100.0,100.0
IN,2023,35,46,2023-11-19,100.0,,100.0,100.0,,97.0,,100.0,100.0
IN,2023,36,47,2023-11-26,100.0,,100.0,100.0,,100.0,,100.0,100.0
IN,2024,4,15,2024-04-14,0.0,,0.0,0.0,,0.0,,0.0,0.0
IN,2024,5,16,2024-04-21,0.0,,0.0,0.0,,0.0,,2.0,0.0
IN,2024,6,17,2024-04-28,0.0,,0.0,0.0,,0.0,,8.0,0.0
IN,2024,7,18,2024-05-05,0.0,,0.0,6.0,,0.0,,20.0,0.0
IN,2024,8,19,2024-05-12,0.0,,0.0,14.0,,0.0,,34.0,0.0
IN,2024,9,20,2024-05-19,0.0,,0.0,27.0,,0.0,,49.0,0.0
IN,2024,10,21,2024-05-26,0.0,,0.0,45.0,,0.0,,69.0,0.0
IN,2024,11,22,2024-06-02,0.0,,0.0,64.0,,0.0,,81.0,0.0
IN,2024,12,23,2024-06-09,0.0,,0.0,77.0,,0.0,,89.0,0.0
IN,2024,13,24,2024-06-16,0.0,,0.0,88.0,,0.0,,95.0,0.0
IN,2024,14,25,2024-06-23,3.0,,0.0,95.0,,0.0,,99.0,0.0
IN,2024,15,26,2024-06-30,15.0,,0.0,98.0,,0.0,,100.0,1.0
IN,2024,16,27,2024-07-07,30.0,,0.0,100.0,,0.0,,100.0,9.0
IN,2024,17,28,2024-07-14,51.0,,0.0,100.0,,0.0,,100.0,21.0
IN,2024,18,29,2024-07-21,67.0,,0.0,100.0,,0.0,,100.0,35.0
IN,2024,19,30,2024-07-28,79.0,,0.0,100.0,,0.0,,100.0,48.0
IN,2024,20,31,2024-08-04,86.0,,0.0,100.0,,0.0,,100.0,60.0
IN,2024,21,32,2024-08-11,91.0,,0.0,100.0,,0.0,,100.0,73.0
IN,2024,22,33,2024-08-18,96.0,,1.0,100.0,,0.0,,100.0,82.0
IN,2024,23,34,2024-08-25,100.0,,7.0,100.0,,0.0,,100.0,90.0
IN,2024,24,35,2024-09-01,100.0,,15.0,100.0,,0.0,,100.0,94.0
IN,2024,25,36,2024-09-08,100.0,,33.0,100.0,,1.0,,100.0,97.0
IN,2024,26,37,2024-09-15,100.0,,51.0,100.0,,6.0,,100.0,100.0
IN,2024,27,38,2024-09-22,100.0,,72.0,100.0,,16.0,,100.0,100.0
IN,2024,28,39,2024-09-29,100.0,,86.0,100.0,,23.0,,100.0,100.0
IN,2024,29,40,2024-10-06,100.0,,92.0,100.0,,36.0,,100.0,100.0
IN,2024,30,41,2024-10-13,100.0,,96.0,100.0,,57.0,,100.0,100.0
IN,2024,31,42,2024-10-20,100.0,,99.0,100.0,,75.0,,100.0,100.0
IN,2024,32,43,2024-10-27,100.0,,100.0,100.0,,87.0,,100.0,100.0
IN,2024,33,44,2024-11-03,100.0,,100.0,100.0,,93.0,,100.0,100.0
IN,2024,34,45,2024-11-10,100.0,,100.0,100.0,,96.0,,100.0,100.0
IN,2024,35,46,2024-11-17,100.0,,100.0,100.0,,100.0,,100.0,100.0
IN,2025,4,15,2025-04-13,0.0,,0.0,0.0,,0.0,,0.0,0.0
IN,2025,5,16,2025-04-20,0.0,,0.0,0.0,,0.0,,3.0,0.0
IN,2025,6,17,2025-04-27,0.0,,0.0,0.0,,0.0,,10.0,0.0
IN,2025,7,18,2025-05-04,0.0,,0.0,2.0,,0.0,,25.0,0.0
IN,2025,8,19,2025-05-11,0.0,,0.0,14.0,,0.0,,41.0,0.0
IN,2025,9,20,2025-05-18,0.0,,0.0,32.0,,0.0,,59.0,0.0
IN,2025,10,21,2025-05-25,0.0,,0.0,49.0,,0.0,,71.0,0.0
IN,2025,11,22,2025-06-01,0.0,,0.0,63.0,,0.0,,81.0,0.0
IN,2025,12,23,2025-06-08,0.0,,0.0,75.0,,0.0,,90.0,0.0
IN,2025,13,24,2025-06-15,0.0,,0.0,85.0,,0.0,,93.0,0.0
IN,2025,14,25,2025-06-22,2.0,,0.0,90.0,,0.0,,95.0,0.0
IN,2025,15,26,2025-06-29,8.0,,0.0,94.0,,0.0,,100.0,0.0
IN,2025,16,27,2025-07-06,21.0,,0.0,97.0,,0.0,,100.0,2.0
IN,2025,17,28,2025-07-13,38.0,,0.0,100.0,,0.0,,100.0,11.0
IN,2025,18,29,2025-07-20,57.0,,0.0,100.0,,0.0,,100.0,25.0
IN,2025,19,30,2025-07-27,70.0,,0.0,100.0,,0.0,,100.0,41.0
IN,2025,20,31,2025-08-03,82.0,,0.0,100.0,,0.0,,100.0,55.0
IN,2025,21,32,2025-08-10,89.0,,0.0,100.0,,0.0,,100.0,68.0
IN,2025,22,33,2025-08-17,95.0,,0.0,100.0,,0.0,,100.0,80.0
IN,2025,23,34,2025-08-24,99.0,,2.0,100.0,,0.0,,100.0,89.0
IN,2025,24,35,2025-08-31,100.0,,12.0,100.0,,0.0,,100.0,94.0
IN,2025,25,36,2025-09-07,100.0,,28.0,100.0,,0.0,,100.0,96.0
IN,2025,26,37,2025-09-14,100.0,,51.0,100.0,,3.0,,100.0,97.0
IN,2025,27,38,2025-09-21,100.0,,69.0,100.0,,12.0,,100.0,100.0
IN,2025,28,39,2025-09-28,100.0,,81.0,100.0,,24.0,,100.0,100.0
IN,2025,35,46,2025-11-16,100.0,,81.0,100.0,,99.0,,100.0,100.0
IN,2025,36,47,2025-11-23,100.0,,81.0,100.0,,100.0,,100.0,100.0
KS,2016,5,16,2016-04-24,0.0,,0.0,0.0,,0.0,,0.0,0.0
KS,2016,6,17,2016-05-01,0.0,,0.0,0.0,,0.0,,2.0,0.0
KS,2016,7,18,2016-05-08,0.0,,0.0,0.0,,0.0,,6.0,0.0
KS,2016,8,19,2016-05-15,0.0,,0.0,1.0,,0.0,,14.0,0.0
KS,2016,9,20,2016-05-22,0.0,,0.0,7.0,,0.0,,21.0,0.0
KS,2016,10,21,2016-05-29,0.0,,0.0,15.0,,0.0,,26.0,0.0
KS,2016,11,22,2016-06-05,0.0,,0.0,24.0,,0.0,,42.0,0.0
KS,2016,12,23,2016-06-12,0.0,,0.0,40.0,,0.0,,75.0,0.0
KS,2016,13,24,2016-06-19,0.0,,0.0,70.0,,0.0,,89.0,0.0
KS,2016,14,25,2016-06-26,0.0,,0.0,84.0,,0.0,,95.0,0.0
KS,2016,15,26,2016-07-03,8.0,,0.0,92.0,,0.0,,95.0,0.0
KS,2016,16,27,2016-07-10,20.0,,0.0,96.0,,0.0,,95.0,1.0
KS,2016,17,28,2016-07-17,38.0,,0.0,96.0,,0.0,,95.0,5.0
KS,2016,18,29,2016-07-24,56.0,,0.0,96.0,,0.0,,95.0,17.0
KS,2016,19,30,2016-07-31,69.0,,0.0,96.0,,0.0,,95.0,30.0
KS,2016,20,31,2016-08-07,81.0,,0.0,96.0,,0.0,,95.0,44.0
KS,2016,21,32,2016-08-14,88.0,,0.0,96.0,,0.0,,95.0,57.0
KS,2016,22,33,2016-08-21,94.0,,1.0,96.0,,0.0,,95.0,71.0
KS,2016,23,34,2016-08-28,96.0,,2.0,96.0,,0.0,,95.0,82.0
KS,2016,24,35,2016-09-04,96.0,,5.0,96.0,,0.0,,95.0,90.0
KS,2016,25,36,2016-09-11,96.0,,12.0,96.0,,0.0,,95.0,95.0
KS,2016,26,37,2016-09-18,96.0,,19.0,96.0,,0.0,,95.0,95.0
KS,2016,27,38,2016-09-25,96.0,,34.0,96.0,,2.0,,95.0,95.0
KS,2016,28,39,2016-10-02,96.0,,56.0,96.0,,7.0,,95.0,95.0
KS,2016,29,40,2016-10-09,96.0,,75.0,96.0,,15.0,,95.0,95.0
KS,2016,30,41,2016-10-16,96.0,,88.0,96.0,,27.0,,95.0,95.0
KS,2016,31,42,2016-10-23,96.0,,95.0,96.0,,53.0,,95.0,95.0
KS,2016,32,43,2016-10-30,96.0,,95.0,96.0,,75.0,,95.0,95.0
KS,2016,33,44,2016-11-06,96.0,,95.0,96.0,,87.0,,95.0,95.0
KS,2016,34,45,2016-11-13,96.0,,95.0,96.0,,94.0,,95.0,95.0
KS,2016,35,46,2016-11-20,96.0,,95.0,96.0,,97.0,,95.0,95.0
KS,2017,5,16,2017-04-23,0.0,,0.0,0.0,,0.0,,0.0,0.0
KS,2017,6,17,2017-04-30,0.0,,0.0,0.0,,0.0,,2.0,0.0
KS,2017,7,18,2017-05-07,0.0,,0.0,0.0,,0.0,,4.0,0.0
KS,2017,8,19,2017-05-14,0.0,,0.0,4.0,,0.0,,16.0,0.0
KS,2017,9,20,2017-05-21,0.0,,0.0,13.0,,0.0,,27.0,0.0
KS,2017,10,21,2017-05-28,0.0,,0.0,24.0,,0.0,,41.0,0.0
KS,2017,11,22,2017-06-04,0.0,,0.0,39.0,,0.0,,59.0,0.0
KS,2017,12,23,2017-06-11,0.0,,0.0,60.0,,0.0,,80.0,0.0
KS,2017,13,24,2017-06-18,0.0,,0.0,78.0,,0.0,,90.0,0.0
KS,2017,14,25,2017-06-25,5.0,,0.0,86.0,,0.0,,95.0,0.0
KS,2017,15,26,2017-07-02,12.0,,0.0,95.0,,0.0,,95.0,0.0
KS,2017,16,27,2017-07-09,27.0,,0.0,95.0,,0.0,,95.0,3.0
KS,2017,17,28,2017-07-16,44.0,,0.0,95.0,,0.0,,95.0,6.0
KS,2017,18,29,2017-07-23,61.0,,0.0,95.0,,0.0,,95.0,15.0
KS,2017,19,30,2017-07-30,73.0,,0.0,95.0,,0.0,,95.0,27.0
KS,2017,20,31,2017-08-06,85.0,,0.0,95.0,,0.0,,95.0,51.0
KS,2017,21,32,2017-08-13,90.0,,0.0,95.0,,0.0,,95.0,66.0
KS,2017,22,33,2017-08-20,95.0,,0.0,95.0,,0.0,,95.0,79.0
KS,2017,23,34,2017-08-27,95.0,,3.0,95.0,,0.0,,95.0,88.0
KS,2017,24,35,2017-09-03,95.0,,8.0,95.0,,0.0,,95.0,94.0
KS,2017,25,36,2017-09-10,95.0,,20.0,95.0,,0.0,,95.0,97.0
KS,2017,26,37,2017-09-17,95.0,,38.0,95.0,,1.0,,95.0,97.0
KS,2017,27,38,2017-09-24,95.0,,60.0,95.0,,6.0,,95.0,97.0
KS,2017,28,39,2017-10-01,95.0,,78.0,95.0,,13.0,,95.0,97.0
KS,2017,29,40,2017-10-08,95.0,,87.0,95.0,,22.0,,95.0,97.0
KS,2017,30,41,2017-10-15,95.0,,93.0,95.0,,34.0,,95.0,97.0
KS,2017,31,42,2017-10-22,95.0,,96.0,95.0,,56.0,,95.0,97.0
KS,2017,32,43,2017-10-29,95.0,,96.0,95.0,,73.0,,95.0,97.0
KS,2017,33,44,2017-11-05,95.0,,96.0,95.0,,85.0,,95.0,97.0
KS,2017,34,45,2017-11-12,95.0,,96.0,95.0,,91.0,,95.0,97.0
KS,2017,35,46,2017-11-19,95.0,,96.0,95.0,,94.0,,95.0,97.0
KS,2017,36,47,2017-11-26,95.0,,96.0,95.0,,97.0,,95.0,97.0
KS,2018,5,16,2018-04-22,0.0,,0.0,0.0,,0.0,,0.0,0.0
KS,2018,6,17,2018-04-29,0.0,,0.0,0.0,,0.0,,2.0,0.0
KS,2018,7,18,2018-05-06,0.0,,0.0,0.0,,0.0,,8.0,0.0
KS,2018,8,19,2018-05-13,0.0,,0.0,6.0,,0.0,,31.0,0.0
KS,2018,9,20,2018-05-20,0.0,,0.0,21.0,,0.0,,50.0,0.0
KS,2018,10,21,2018-05-27,0.0,,0.0,42.0,,0.0,,65.0,0.0
KS,2018,11,22,2018-06-03,0.0,,0.0,61.0,,0.0,,79.0,0.0
KS,2018,12,23,2018-06-10,0.0,,0.0,75.0,,0.0,,89.0,0.0
KS,2018,13,24,2018-06-17,0.0,,0.0,84.0,,0.0,,94.0,0.0
KS,2018,14,25,2018-06-24,7.0,,0.0,91.0,,0.0,,97.0,0.0
KS,2018,15,26,2018-07-01,20.0,,0.0,97.0,,0.0,,97.0,0.0
KS,2018,16,27,2018-07-08,38.0,,0.0,97.0,,0.0,,97.0,5.0
KS,2018,17,28,2018-07-15,59.0,,0.0,97.0,,0.0,,97.0,13.0
KS,2018,18,29,2018-07-22,74.0,,0.0,97.0,,0.0,,97.0,30.0
KS,2018,19,30,2018-07-29,83.0,,0.0,97.0,,0.0,,97.0,48.0
KS,2018,20,31,2018-08-05,89.0,,0.0,97.0,,0.0,,97.0,63.0
KS,2018,21,32,2018-08-12,94.0,,0.0,97.0,,0.0,,97.0,74.0
KS,2018,22,33,2018-08-19,96.0,,0.0,97.0,,0.0,,97.0,82.0
KS,2018,23,34,2018-08-26,96.0,,4.0,97.0,,0.0,,97.0,89.0
KS,2018,24,35,2018-09-02,96.0,,10.0,97.0,,0.0,,97.0,93.0
KS,2018,25,36,2018-09-09,96.0,,16.0,97.0,,0.0,,97.0,95.0
KS,2018,26,37,2018-09-16,96.0,,28.0,97.0,,0.0,,97.0,95.0
KS,2018,27,38,2018-09-23,96.0,,49.0,97.0,,2.0,,97.0,95.0
KS,2018,28,39,2018-09-30,96.0,,66.0,97.0,,7.0,,97.0,95.0
KS,2018,29,40,2018-10-07,96.0,,80.0,97.0,,14.0,,97.0,95.0
KS,2018,30,41,2018-10-14,96.0,,87.0,97.0,,16.0,,97.0,95.0
KS,2018,31,42,2018-10-21,96.0,,93.0,97.0,,23.0,,97.0,95.0
KS,2018,32,43,2018-10-28,96.0,,96.0,97.0,,42.0,,97.0,95.0
KS,2018,33,44,2018-11-04,96.0,,96.0,97.0,,63.0,,97.0,95.0
KS,2018,34,45,2018-11-11,96.0,,96.0,97.0,,74.0,,97.0,95.0
KS,2018,35,46,2018-11-18,96.0,,96.0,97.0,,81.0,,97.0,95.0
KS,2018,36,47,2018-11-25,96.0,,96.0,97.0,,92.0,,97.0,95.0
KS,2019,5,16,2019-04-21,0.0,,0.0,0.0,,0.0,,0.0,0.0
KS,2019,6,17,2019-04-28,0.0,,0.0,0.0,,0.0,,2.0,0.0
KS,2019,7,18,2019-05-05,0.0,,0.0,0.0,,0.0,,5.0,0.0
KS,2019,8,19,2019-05-12,0.0,,0.0,0.0,,0.0,,7.0,0.0
KS,2019,9,20,2019-05-19,0.0,,0.0,6.0,,0.0,,17.0,0.0
KS,2019,10,21,2019-05-26,0.0,,0.0,12.0,,0.0,,22.0,0.0
KS,2019,11,22,2019-06-02,0.0,,0.0,16.0,,0.0,,26.0,0.0
KS,2019,12,23,2019-06-09,0.0,,0.0,24.0,,0.0,,48.0,0.0
KS,2019,13,24,2019-06-16,0.0,,0.0,45.0,,0.0,,74.0,0.0
KS,2019,14,25,2019-06-23,0.0,,0.0,68.0,,0.0,,84.0,0.0
KS,2019,15,26,2019-06-30,1.0,,0.0,82.0,,0.0,,91.0,0.0
KS,2019,16,27,2019-07-07,7.0,,0.0,89.0,,0.0,,94.0,0.0
KS,2019,17,28,2019-07-14,15.0,,0.0,93.0,,0.0,,98.0,2.0
KS,2019,18,29,2019-07-21,28.0,,0.0,97.0,,0.0,,98.0,6.0
KS,2019,19,30,2019-07-28,40.0,,0.0,97.0,,0.0,,98.0,12.0
KS,2019,20,31,2019-08-04,56.0,,0.0,97.0,,0.0,,98.0,22.0
KS,2019,21,32,2019-08-11,73.0,,0.0,97.0,,0.0,,98.0,39.0
KS,2019,22,33,2019-08-18,84.0,,0.0,97.0,,0.0,,98.0,60.0
KS,2019,23,34,2019-08-25,90.0,,1.0,97.0,,0.0,,98.0,73.0
KS,2019,24,35,2019-09-01,94.0,,3.0,97.0,,0.0,,98.0,83.0
KS,2019,25,36,2019-09-08,96.0,,7.0,97.0,,0.0,,98.0,89.0
KS,2019,26,37,2019-09-15,96.0,,13.0,97.0,,0.0,,98.0,93.0
KS,2019,27,38,2019-09-22,96.0,,27.0,97.0,,0.0,,98.0,96.0
KS,2019,28,39,2019-09-29,96.0,,44.0,97.0,,2.0,,98.0,96.0
KS,2019,29,40,2019-10-06,96.0,,63.0,97.0,,5.0,,98.0,96.0
KS,2019,30,41,2019-10-13,96.0,,81.0,97.0,,13.0,,98.0,96.0
KS,2019,31,42,2019-10-20,96.0,,93.0,97.0,,32.0,,98.0,96.0
KS,2019,32,43,2019-10-27,96.0,,96.0,97.0,,56.0,,98.0,96.0
KS,2019,33,44,2019-11-03,96.0,,96.0,97.0,,70.0,,98.0,96.0
KS,2019,34,45,2019-11-10,96.0,,96.0,97.0,,83.0,,98.0,96.0
KS,2019,35,46,2019-11-17,96.0,,96.0,97.0,,92.0,,98.0,96.0
KS,2019,36,47,2019-11-24,96.0,,96.0,97.0,,95.0,,98.0,96.0
KS,2019,37,48,2019-12-01,96.0,,96.0,97.0,,97.0,,98.0,96.0
KS,2019,38,49,2019-12-08,96.0,,96.0,97.0,,98.0,,98.0,96.0
KS,2020,5,16,2020-04-19,0.0,,0.0,0.0,,0.0,,0.0,0.0
KS,2020,6,17,2020-04-26,0.0,,0.0,0.0,,0.0,,2.0,0.0
KS,2020,7,18,2020-05-03,0.0,,0.0,1.0,,0.0,,11.0,0.0
KS,2020,8,19,2020-05-10,0.0,,0.0,6.0,,0.0,,23.0,0.0
KS,2020,9,20,2020-05-17,0.0,,0.0,15.0,,0.0,,37.0,0.0
KS,2020,10,21,2020-05-24,0.0,,0.0,29.0,,0.0,,52.0,0.0
KS,2020,11,22,2020-05-31,0.0,,0.0,46.0,,0.0,,62.0,0.0
KS,2020,12,23,2020-06-07,0.0,,0.0,59.0,,0.0,,79.0,0.0
KS,2020,13,24,2020-06-14,0.0,,0.0,73.0,,0.0,,89.0,0.0
KS,2020,14,25,2020-06-21,1.0,,0.0,86.0,,0.0,,95.0,0.0
KS,2020,15,26,2020-06-28,8.0,,0.0,93.0,,0.0,,95.0,0.0
KS,2020,16,27,2020-07-05,30.0,,0.0,98.0,,0.0,,95.0,1.0
KS,2020,17,28,2020-07-12,43.0,,0.0,98.0,,0.0,,95.0,6.0
KS,2020,18,29,2020-07-19,55.0,,0.0,98.0,,0.0,,95.0,15.0
KS,2020,19,30,2020-07-26,68.0,,0.0,98.0,,0.0,,95.0,40.0
KS,2020,20,31,2020-08-02,79.0,,0.0,98.0,,0.0,,95.0,55.0
KS,2020,21,32,2020-08-09,85.0,,0.0,98.0,,0.0,,95.0,64.0
KS,2020,22,33,2020-08-16,90.0,,1.0,98.0,,0.0,,95.0,73.0
KS,2020,23,34,2020-08-23,94.0,,4.0,98.0,,0.0,,95.0,80.0
KS,2020,24,35,2020-08-30,96.0,,8.0,98.0,,0.0,,95.0,87.0
KS,2020,25,36,2020-09-06,96.0,,21.0,98.0,,0.0,,95.0,93.0
KS,2020,26,37,2020-09-13,96.0,,32.0,98.0,,0.0,,95.0,96.0
KS,2020,27,38,2020-09-20,96.0,,48.0,98.0,,2.0,,95.0,97.0
KS,2020,28,39,2020-09-27,96.0,,68.0,98.0,,10.0,,95.0,97.0
KS,2020,29,40,2020-10-04,96.0,,82.0,98.0,,20.0,,95.0,97.0
KS,2020,30,41,2020-10-11,96.0,,91.0,98.0,,40.0,,95.0,97.0
KS,2020,31,42,2020-10-18,96.0,,95.0,98.0,,64.0,,95.0,97.0
KS,2020,32,43,2020-10-25,96.0,,95.0,98.0,,78.0,,95.0,97.0
KS,2020,33,44,2020-11-01,96.0,,95.0,98.0,,83.0,,95.0,97.0
KS,2020,34,45,2020-11-08,96.0,,95.0,98.0,,90.0,,95.0,97.0
KS,2020,35,46,2020-11-15,96.0,,95.0,98.0,,95.0,,95.0,97.0
KS,2021,4,15,2021-04-18,0.0,,0.0,0.0,,0.0,,0.0,0.0
KS,2021,5,16,2021-04-25,0.0,,0.0,0.0,,0.0,,2.0,0.0
KS,2021,6,17,2021-05-02,0.0,,0.0,0.0,,0.0,,11.0,0.0
KS,2021,7,18,2021-05-09,0.0,,0.0,3.0,,0.0,,27.0,0.0
KS,2021,8,19,2021-05-16,0.0,,0.0,13.0,,0.0,,43.0,0.0
KS,2021,9,20,2021-05-23,0.0,,0.0,27.0,,0.0,,51.0,0.0
KS,2021,10,21,2021-05-30,0.0,,0.0,40.0,,0.0,,58.0,0.0
KS,2021,11,22,2021-06-06,0.0,,0.0,49.0,,0.0,,68.0,0.0
KS,2021,12,23,2021-06-13,0.0,,0.0,63.0,,0.0,,82.0,0.0
KS,2021,13,24,2021-06-20,2.0,,0.0,76.0,,0.0,,90.0,0.0
KS,2021,14,25,2021-06-27,15.0,,0.0,86.0,,0.0,,95.0,0.0
KS,2021,15,26,2021-07-04,26.0,,0.0,92.0,,0.0,,95.0,0.0
KS,2021,16,27,2021-07-11,38.0,,0.0,96.0,,0.0,,95.0,5.0
KS,2021,17,28,2021-07-18,48.0,,0.0,96.0,,0.0,,95.0,14.0
KS,2021,18,29,2021-07-25,60.0,,0.0,96.0,,0.0,,95.0,24.0
KS,2021,19,30,2021-08-01,71.0,,0.0,96.0,,0.0,,95.0,39.0
KS,2021,20,31,2021-08-08,80.0,,0.0,96.0,,0.0,,95.0,49.0
KS,2021,21,32,2021-08-15,85.0,,0.0,96.0,,0.0,,95.0,60.0
KS,2021,22,33,2021-08-22,91.0,,1.0,96.0,,0.0,,95.0,72.0
KS,2021,23,34,2021-08-29,94.0,,6.0,96.0,,0.0,,95.0,81.0
KS,2021,24,35,2021-09-05,96.0,,12.0,96.0,,0.0,,95.0,86.0
KS,2021,25,36,2021-09-12,96.0,,20.0,96.0,,0.0,,95.0,92.0
KS,2021,26,37,2021-09-19,96.0,,36.0,96.0,,0.0,,95.0,95.0
KS,2021,27,38,2021-09-26,96.0,,57.0,96.0,,4.0,,95.0,95.0
KS,2021,28,39,2021-10-03,96.0,,70.0,96.0,,14.0,,95.0,95.0
KS,2021,29,40,2021-10-10,96.0,,84.0,96.0,,27.0,,95.0,95.0
KS,2021,30,41,2021-10-17,96.0,,90.0,96.0,,41.0,,95.0,95.0
KS,2021,31,42,2021-10-24,96.0,,95.0,96.0,,57.0,,95.0,95.0
KS,2021,32,43,2021-10-31,96.0,,95.0,96.0,,69.0,,95.0,95.0
KS,2021,33,44,2021-11-07,96.0,,95.0,96.0,,79.0,,95.0,95.0
KS,2021,34,45,2021-11-14,96.0,,95.0,96.0,,85.0,,95.0,95.0
KS,2021,35,46,2021-11-21,96.0,,95.0,96.0,,92.0,,95.0,95.0
KS,2021,36,47,2021-11-28,96.0,,95.0,96.0,,96.0,,95.0,95.0
KS,2022,4,15,2022-04-17,0.0,,0.0,0.0,,0.0,,1.0,0.0
KS,2022,5,16,2022-04-24,0.0,,0.0,0.0,,0.0,,3.0,0.0
KS,2022,6,17,2022-05-01,0.0,,0.0,0.0,,0.0,,11.0,0.0
KS,2022,7,18,2022-05-08,0.0,,0.0,1.0,,0.0,,16.0,0.0
KS,2022,8,19,2022-05-15,0.0,,0.0,11.0,,0.0,,32.0,0.0
KS,2022,9,20,2022-05-22,0.0,,0.0,24.0,,0.0,,49.0,0.0
KS,2022,10,21,2022-05-29,0.0,,0.0,35.0,,0.0,,56.0,0.0
KS,2022,11,22,2022-06-05,0.0,,0.0,46.0,,0.0,,64.0,0.0
KS,2022,12,23,2022-06-12,0.0,,0.0,55.0,,0.0,,68.0,0.0
KS,2022,13,24,2022-06-19,0.0,,0.0,70.0,,0.0,,83.0,0.0
KS,2022,14,25,2022-06-26,1.0,,0.0,82.0,,0.0,,92.0,0.0
KS,2022,15,26,2022-07-03,4.0,,0.0,90.0,,0.0,,97.0,0.0
KS,2022,16,27,2022-07-10,16.0,,0.0,96.0,,0.0,,97.0,1.0
KS,2022,17,28,2022-07-17,37.0,,0.0,96.0,,0.0,,97.0,3.0
KS,2022,18,29,2022-07-24,50.0,,0.0,96.0,,0.0,,97.0,11.0
KS,2022,19,30,2022-07-31,65.0,,0.0,96.0,,0.0,,97.0,25.0
KS,2022,20,31,2022-08-07,76.0,,0.0,96.0,,0.0,,97.0,43.0
KS,2022,21,32,2022-08-14,85.0,,0.0,96.0,,0.0,,97.0,57.0
KS,2022,22,33,2022-08-21,91.0,,0.0,96.0,,0.0,,97.0,67.0
KS,2022,23,34,2022-08-28,94.0,,3.0,96.0,,0.0,,97.0,78.0
KS,2022,24,35,2022-09-04,96.0,,14.0,96.0,,0.0,,97.0,85.0
KS,2022,25,36,2022-09-11,96.0,,27.0,96.0,,0.0,,97.0,91.0
KS,2022,26,37,2022-09-18,96.0,,40.0,96.0,,2.0,,97.0,95.0
KS,2022,27,38,2022-09-25,96.0,,53.0,96.0,,9.0,,97.0,95.0
KS,2022,28,39,2022-10-02,96.0,,68.0,96.0,,19.0,,97.0,95.0
KS,2022,29,40,2022-10-09,96.0,,82.0,96.0,,30.0,,97.0,95.0
KS,2022,30,41,2022-10-16,96.0,,90.0,96.0,,45.0,,97.0,95.0
KS,2022,31,42,2022-10-23,96.0,,90.0,96.0,,66.0,,97.0,95.0
KS,2022,32,43,2022-10-30,96.0,,90.0,96.0,,79.0,,97.0,95.0
KS,2022,33,44,2022-11-06,96.0,,90.0,96.0,,88.0,,97.0,95.0
KS,2022,34,45,2022-11-13,96.0,,90.0,96.0,,93.0,,97.0,95.0
KS,2022,35,46,2022-11-20,96.0,,90.0,96.0,,96.0,,97.0,95.0
KS,2023,4,15,2023-04-16,0.0,,0.0,0.0,,0.0,,2.0,0.0
KS,2023,5,16,2023-04-23,0.0,,0.0,0.0,,0.0,,4.0,0.0
KS,2023,6,17,2023-04-30,0.0,,0.0,0.0,,0.0,,14.0,0.0
KS,2023,7,18,2023-05-07,0.0,,0.0,6.0,,0.0,,29.0,0.0
KS,2023,8,19,2023-05-14,0.0,,0.0,17.0,,0.0,,42.0,0.0
KS,2023,9,20,2023-05-21,0.0,,0.0,31.0,,0.0,,54.0,0.0
KS,2023,10,21,2023-05-28,0.0,,0.0,46.0,,0.0,,71.0,0.0
KS,2023,11,22,2023-06-04,0.0,,0.0,62.0,,0.0,,80.0,0.0
KS,2023,12,23,2023-06-11,0.0,,0.0,76.0,,0.0,,88.0,0.0
KS,2023,13,24,2023-06-18,0.0,,0.0,80.0,,0.0,,90.0,0.0
KS,2023,14,25,2023-06-25,4.0,,0.0,85.0,,0.0,,93.0,0.0
KS,2023,15,26,2023-07-02,16.0,,0.0,90.0,,0.0,,96.0,1.0
KS,2023,16,27,2023-07-09,32.0,,0.0,95.0,,0.0,,96.0,10.0
KS,2023,17,28,2023-07-16,46.0,,0.0,95.0,,0.0,,96.0,16.0
KS,2023,18,29,2023-07-23,59.0,,0.0,95.0,,0.0,,96.0,24.0
KS,2023,19,30,2023-07-30,76.0,,0.0,95.0,,0.0,,96.0,38.0
KS,2023,20,31,2023-08-06,85.0,,0.0,95.0,,0.0,,96.0,54.0
KS,2023,21,32,2023-08-13,90.0,,0.0,95.0,,0.0,,96.0,66.0
KS,2023,22,33,2023-08-20,94.0,,0.0,95.0,,0.0,,96.0,76.0
KS,2023,23,34,2023-08-27,96.0,,6.0,95.0,,0.0,,96.0,84.0
KS,2023,24,35,2023-09-03,96.0,,19.0,95.0,,0.0,,96.0,92.0
KS,2023,25,36,2023-09-10,96.0,,37.0,95.0,,1.0,,96.0,95.0
KS,2023,26,37,2023-09-17,96.0,,53.0,95.0,,4.0,,96.0,95.0
KS,2023,27,38,2023-09-24,96.0,,68.0,95.0,,11.0,,96.0,95.0
KS,2023,28,39,2023-10-01,96.0,,79.0,95.0,,24.0,,96.0,95.0
KS,2023,29,40,2023-10-08,96.0,,89.0,95.0,,39.0,,96.0,95.0
KS,2023,30,41,2023-10-15,96.0,,94.0,95.0,,57.0,,96.0,95.0
KS,2023,31,42,2023-10-22,96.0,,97.0,95.0,,71.0,,96.0,95.0
KS,2023,32,43,2023-10-29,96.0,,97.0,95.0,,80.0,,96.0,95.0
KS,2023,33,44,2023-11-05,96.0,,97.0,95.0,,88.0,,96.0,95.0
KS,2023,34,45,2023-11-12,96.0,,97.0,95.0,,92.0,,96.0,95.0
KS,2023,35,46,2023-11-19,96.0,,97.0,95.0,,96.0,,96.0,95.0
KS,2024,4,15,2024-04-14,0.0,,0.0,0.0,,0.0,,1.0,0.0
KS,2024,5,16,2024-04-21,0.0,,0.0,0.0,,0.0,,6.0,0.0
KS,2024,6,17,2024-04-28,0.0,,0.0,0.0,,0.0,,12.0,0.0
KS,2024,7,18,2024-05-05,0.0,,0.0,5.0,,0.0,,22.0,0.0
KS,2024,8,19,2024-05-12,0.0,,0.0,13.0,,0.0,,33.0,0.0
KS,2024,9,20,2024-05-19,0.0,,0.0,23.0,,0.0,,43.0,0.0
KS,2024,10,21,2024-05-26,0.0,,0.0,34.0,,0.0,,55.0,0.0
KS,2024,11,22,2024-06-02,0.0,,0.0,46.0,,0.0,,67.0,0.0
KS,2024,12,23,2024-06-09,0.0,,0.0,60.0,,0.0,,78.0,0.0
KS,2024,13,24,2024-06-16,0.0,,0.0,73.0,,0.0,,86.0,0.0
KS,2024,14,25,2024-06-23,1.0,,0.0,82.0,,0.0,,92.0,0.0
KS,2024,15,26,2024-06-30,7.0,,0.0,90.0,,0.0,,98.0,0.0
KS,2024,16,27,2024-07-07,17.0,,0.0,95.0,,0.0,,98.0,1.0
KS,2024,17,28,2024-07-14,39.0,,0.0,95.0,,0.0,,98.0,8.0
KS,2024,18,29,2024-07-21,51.0,,0.0,95.0,,0.0,,98.0,16.0
KS,2024,19,30,2024-07-28,64.0,,0.0,95.0,,0.0,,98.0,27.0
KS,2024,20,31,2024-08-04,77.0,,0.0,95.0,,0.0,,98.0,41.0
KS,2024,21,32,2024-08-11,86.0,,0.0,95.0,,0.0,,98.0,56.0
KS,2024,22,33,2024-08-18,90.0,,0.0,95.0,,0.0,,98.0,67.0
KS,2024,23,34,2024-08-25,94.0,,2.0,95.0,,0.0,,98.0,79.0
KS,2024,24,35,2024-09-01,95.0,,11.0,95.0,,0.0,,98.0,86.0
KS,2024,25,36,2024-09-08,95.0,,23.0,95.0,,0.0,,98.0,93.0
KS,2024,26,37,2024-09-15,95.0,,37.0,95.0,,0.0,,98.0,97.0
KS,2024,27,38,2024-09-22,95.0,,55.0,95.0,,5.0,,98.0,97.0
KS,2024,28,39,2024-09-29,95.0,,73.0,95.0,,11.0,,98.0,97.0
KS,2024,29,40,2024-10-06,95.0,,85.0,95.0,,30.0,,98.0,97.0
KS,2024,30,41,2024-10-13,95.0,,93.0,95.0,,53.0,,98.0,97.0
KS,2024,31,42,2024-10-20,95.0,,96.0,95.0,,70.0,,98.0,97.0
KS,2024,32,43,2024-10-27,95.0,,96.0,95.0,,84.0,,98.0,97.0
KS,2024,33,44,2024-11-03,95.0,,96.0,95.0,,93.0,,98.0,97.0
KS,2024,34,45,2024-11-10,95.0,,96.0,95.0,,96.0,,98.0,97.0
KS,2025,4,15,2025-04-13,0.0,,0.0,0.0,,0.0,,0.0,0.0
KS,2025,5,16,2025-04-20,0.0,,0.0,0.0,,0.0,,5.0,0.0
KS,2025,6,17,2025-04-27,0.0,,0.0,0.0,,0.0,,13.0,0.0
KS,2025,7,18,2025-05-04,0.0,,0.0,3.0,,0.0,,23.0,0.0
KS,2025,8,19,2025-05-11,0.0,,0.0,10.0,,0.0,,35.0,0.0
KS,2025,9,20,2025-05-18,0.0,,0.0,25.0,,0.0,,57.0,0.0
KS,2025,10,21,2025-05-25,0.0,,0.0,41.0,,0.0,,67.0,0.0
KS,2025,11,22,2025-06-01,0.0,,0.0,50.0,,0.0,,72.0,0.0
KS,2025,12,23,2025-06-08,0.0,,0.0,62.0,,0.0,,76.0,0.0
KS,2025,13,24,2025-06-15,0.0,,0.0,69.0,,0.0,,82.0,0.0
KS,2025,14,25,2025-06-22,1.0,,0.0,76.0,,0.0,,86.0,0.0
KS,2025,15,26,2025-06-29,13.0,,0.0,82.0,,0.0,,90.0,0.0
KS,2025,16,27,2025-07-06,28.0,,0.0,87.0,,0.0,,94.0,1.0
KS,2025,17,28,2025-07-13,38.0,,0.0,91.0,,0.0,,96.0,6.0
KS,2025,18,29,2025-07-20,51.0,,0.0,95.0,,0.0,,96.0,17.0
KS,2025,19,30,2025-07-27,63.0,,0.0,95.0,,0.0,,96.0,27.0
KS,2025,20,31,2025-08-03,72.0,,0.0,95.0,,0.0,,96.0,35.0
KS,2025,21,32,2025-08-10,79.0,,0.0,95.0,,0.0,,96.0,54.0
KS,2025,22,33,2025-08-17,87.0,,0.0,95.0,,0.0,,96.0,69.0
KS,2025,23,34,2025-08-24,92.0,,1.0,95.0,,0.0,,96.0,78.0
KS,2025,24,35,2025-08-31,95.0,,7.0,95.0,,0.0,,96.0,85.0
KS,2025,25,36,2025-09-07,95.0,,14.0,95.0,,0.0,,96.0,92.0
KS,2025,26,37,2025-09-14,95.0,,24.0,95.0,,0.0,,96.0,96.0
KS,2025,27,38,2025-09-21,95.0,,41.0,95.0,,1.0,,96.0,96.0
KS,2025,28,39,2025-09-28,95.0,,57.0,95.0,,5.0,,96.0,96.0
KS,2025,35,46,2025-11-16,95.0,,57.0,95.0,,91.0,,96.0,96.0
KS,2025,36,47,2025-11-23,95.0,,57.0,95.0,,97.0,,96.0,96.0
KY,2016,5,16,2016-04-24,0.0,0.0,0.0,0.0,,0.0,,3.0,0.0
KY,2016,6,17,2016-05-01,0.0,0.0,0.0,0.0,,0.0,,7.0,0.0
KY,2016,7,18,2016-05-08,0.0,0.0,0.0,0.0,,0.0,,15.0,0.0
KY,2016,8,19,2016-05-15,0.0,0.0,0.0,7.0,,0.0,,21.0,0.0
KY,2016,9,20,2016-05-22,0.0,0.0,0.0,12.0,,0.0,,24.0,0.0
KY,2016,10,21,2016-05-29,0.0,0.0,0.0,20.0,,0.0,,31.0,0.0
KY,2016,11,22,2016-06-05,0.0,0.0,0.0,28.0,,0.0,,43.0,0.0
KY,2016,12,23,2016-06-12,0.0,0.0,0.0,41.0,,0.0,,67.0,0.0
KY,2016,13,24,2016-06-19,0.0,0.0,0.0,58.0,,0.0,,80.0,0.0
KY,2016,14,25,2016-06-26,1.0,0.0,0.0,76.0,,0.0,,92.0,0.0
KY,2016,15,26,2016-07-03,6.0,0.0,0.0,88.0,,0.0,,97.0,0.0
KY,2016,16,27,2016-07-10,18.0,0.0,0.0,95.0,,0.0,,97.0,0.0
KY,2016,17,28,2016-07-17,31.0,0.0,0.0,95.0,,0.0,,97.0,8.0
KY,2016,18,29,2016-07-24,47.0,0.0,0.0,95.0,,0.0,,97.0,18.0
KY,2016,19,30,2016-07-31,60.0,0.0,0.0,95.0,,0.0,,97.0,31.0
KY,2016,20,31,2016-08-07,69.0,0.0,0.0,95.0,,0.0,,97.0,46.0
KY,2016,21,32,2016-08-14,81.0,4.0,0.0,95.0,,0.0,,97.0,60.0
KY,2016,22,33,2016-08-21,89.0,9.0,0.0,95.0,,0.0,,97.0,73.0
KY,2016,23,34,2016-08-28,95.0,16.0,2.0,95.0,,0.0,,97.0,84.0
KY,2016,24,35,2016-09-04,95.0,25.0,7.0,95.0,,0.0,,97.0,90.0
KY,2016,25,36,2016-09-11,95.0,38.0,14.0,95.0,,2.0,,97.0,93.0
KY,2016,26,37,2016-09-18,95.0,51.0,24.0,95.0,,7.0,,97.0,95.0
KY,2016,27,38,2016-09-25,95.0,67.0,42.0,95.0,,13.0,,97.0,95.0
KY,2016,28,39,2016-10-02,95.0,79.0,57.0,95.0,,21.0,,97.0,95.0
KY,2016,29,40,2016-10-09,95.0,90.0,75.0,95.0,,30.0,,97.0,95.0
KY,2016,30,41,2016-10-16,95.0,95.0,84.0,95.0,,41.0,,97.0,95.0
KY,2016,31,42,2016-10-23,95.0,95.0,91.0,95.0,,57.0,,97.0,95.0
KY,2016,32,43,2016-10-30,95.0,95.0,96.0,95.0,,75.0,,97.0,95.0
KY,2016,33,44,2016-11-06,95.0,95.0,96.0,95.0,,87.0,,97.0,95.0
KY,2016,34,45,2016-11-13,95.0,95.0,96.0,95.0,,93.0,,97.0,95.0
KY,2016,35,46,2016-11-20,95.0,95.0,96.0,95.0,,96.0,,97.0,95.0
KY,2017,5,16,2017-04-23,0.0,0.0,0.0,0.0,,0.0,,2.0,0.0
KY,2017,6,17,2017-04-30,0.0,0.0,0.0,0.0,,0.0,,6.0,0.0
KY,2017,7,18,2017-05-07,0.0,0.0,0.0,0.0,,0.0,,10.0,0.0
KY,2017,8,19,2017-05-14,0.0,0.0,0.0,6.0,,0.0,,18.0,0.0
KY,2017,9,20,2017-05-21,0.0,0.0,0.0,13.0,,0.0,,34.0,0.0
KY,2017,10,21,2017-05-28,0.0,0.0,0.0,26.0,,0.0,,45.0,0.0
KY,2017,11,22,2017-06-04,0.0,0.0,0.0,38.0,,0.0,,60.0,0.0
KY,2017,12,23,2017-06-11,0.0,0.0,0.0,51.0,,0.0,,73.0,0.0
KY,2017,13,24,2017-06-18,0.0,0.0,0.0,70.0,,0.0,,87.0,0.0
KY,2017,14,25,2017-06-25,2.0,0.0,0.0,82.0,,0.0,,94.0,0.0
KY,2017,15,26,2017-07-02,13.0,0.0,0.0,90.0,,0.0,,98.0,0.0
KY,2017,16,27,2017-07-09,22.0,0.0,0.0,95.0,,0.0,,98.0,2.0
KY,2017,17,28,2017-07-16,36.0,0.0,0.0,95.0,,0.0,,98.0,16.0
KY,2017,18,29,2017-07-23,50.0,0.0,0.0,95.0,,0.0,,98.0,28.0
KY,2017,19,30,2017-07-30,61.0,0.0,0.0,95.0,,0.0,,98.0,39.0
KY,2017,20,31,2017-08-06,71.0,1.0,0.0,95.0,,0.0,,98.0,50.0
KY,2017,21,32,2017-08-13,79.0,5.0,0.0,95.0,,0.0,,98.0,60.0
KY,2017,22,33,2017-08-20,84.0,10.0,0.0,95.0,,0.0,,98.0,71.0
KY,2017,23,34,2017-08-27,90.0,17.0,3.0,95.0,,0.0,,98.0,79.0
KY,2017,24,35,2017-09-03,96.0,29.0,11.0,95.0,,0.0,,98.0,86.0
KY,2017,25,36,2017-09-10,96.0,40.0,17.0,95.0,,1.0,,98.0,92.0
KY,2017,26,37,2017-09-17,96.0,51.0,26.0,95.0,,5.0,,98.0,95.0
KY,2017,27,38,2017-09-24,96.0,66.0,39.0,95.0,,9.0,,98.0,95.0
KY,2017,28,39,2017-10-01,96.0,78.0,55.0,95.0,,17.0,,98.0,95.0
KY,2017,29,40,2017-10-08,96.0,87.0,68.0,95.0,,26.0,,98.0,95.0
KY,2017,30,41,2017-10-15,96.0,92.0,77.0,95.0,,33.0,,98.0,95.0
KY,2017,31,42,2017-10-22,96.0,95.0,83.0,95.0,,45.0,,98.0,95.0
KY,2017,32,43,2017-10-29,96.0,95.0,93.0,95.0,,55.0,,98.0,95.0
KY,2017,33,44,2017-11-05,96.0,95.0,95.0,95.0,,63.0,,98.0,95.0
KY,2017,34,45,2017-11-12,96.0,95.0,95.0,95.0,,69.0,,98.0,95.0
KY,2017,35,46,2017-11-19,96.0,95.0,95.0,95.0,,78.0,,98.0,95.0
KY,2017,36,47,2017-11-26,96.0,95.0,95.0,95.0,,86.0,,98.0,95.0
KY,2018,5,16,2018-04-22,0.0,0.0,0.0,0.0,,0.0,,0.0,0.0
KY,2018,6,17,2018-04-29,0.0,0.0,0.0,0.0,,0.0,,1.0,0.0
KY,2018,7,18,2018-05-06,0.0,0.0,0.0,0.0,,0.0,,6.0,0.0
KY,2018,8,19,2018-05-13,0.0,0.0,0.0,2.0,,0.0,,15.0,0.0
KY,2018,9,20,2018-05-20,0.0,0.0,0.0,13.0,,0.0,,35.0,0.0
KY,2018,10,21,2018-05-27,0.0,0.0,0.0,33.0,,0.0,,56.0,0.0
KY,2018,11,22,2018-06-03,0.0,0.0,0.0,48.0,,0.0,,65.0,0.0
KY,2018,12,23,2018-06-10,0.0,0.0,0.0,59.0,,0.0,,76.0,0.0
KY,2018,13,24,2018-06-17,0.0,0.0,0.0,71.0,,0.0,,86.0,0.0
KY,2018,14,25,2018-06-24,3.0,0.0,0.0,82.0,,0.0,,92.0,0.0
KY,2018,15,26,2018-07-01,12.0,0.0,0.0,87.0,,0.0,,96.0,0.0
KY,2018,16,27,2018-07-08,28.0,0.0,0.0,95.0,,0.0,,96.0,3.0
KY,2018,17,28,2018-07-15,39.0,0.0,0.0,95.0,,0.0,,96.0,17.0
KY,2018,18,29,2018-07-22,52.0,0.0,0.0,95.0,,0.0,,96.0,30.0
KY,2018,19,30,2018-07-29,64.0,0.0,0.0,95.0,,0.0,,96.0,41.0
KY,2018,20,31,2018-08-05,76.0,1.0,0.0,95.0,,0.0,,96.0,53.0
KY,2018,21,32,2018-08-12,86.0,5.0,0.0,95.0,,0.0,,96.0,67.0
KY,2018,22,33,2018-08-19,91.0,13.0,0.0,95.0,,0.0,,96.0,76.0
KY,2018,23,34,2018-08-26,95.0,21.0,1.0,95.0,,0.0,,96.0,83.0
KY,2018,24,35,2018-09-02,95.0,33.0,11.0,95.0,,0.0,,96.0,90.0
KY,2018,25,36,2018-09-09,95.0,45.0,19.0,95.0,,2.0,,96.0,94.0
KY,2018,26,37,2018-09-16,95.0,61.0,32.0,95.0,,8.0,,96.0,97.0
KY,2018,27,38,2018-09-23,95.0,74.0,46.0,95.0,,15.0,,96.0,97.0
KY,2018,28,39,2018-09-30,95.0,81.0,60.0,95.0,,21.0,,96.0,97.0
KY,2018,29,40,2018-10-07,95.0,89.0,72.0,95.0,,29.0,,96.0,97.0
KY,2018,30,41,2018-10-14,95.0,95.0,81.0,95.0,,39.0,,96.0,97.0
KY,2018,31,42,2018-10-21,95.0,95.0,90.0,95.0,,46.0,,96.0,97.0
KY,2018,32,43,2018-10-28,95.0,95.0,95.0,95.0,,56.0,,96.0,97.0
KY,2018,33,44,2018-11-04,95.0,95.0,95.0,95.0,,64.0,,96.0,97.0
KY,2018,34,45,2018-11-11,95.0,95.0,95.0,95.0,,72.0,,96.0,97.0
KY,2018,35,46,2018-11-18,95.0,95.0,95.0,95.0,,75.0,,96.0,97.0
KY,2018,36,47,2018-11-25,95.0,95.0,95.0,95.0,,80.0,,96.0,97.0
KY,2019,5,16,2019-04-21,0.0,0.0,0.0,0.0,,0.0,,1.0,0.0
KY,2019,6,17,2019-04-28,0.0,0.0,0.0,0.0,,0.0,,4.0,0.0
KY,2019,7,18,2019-05-05,0.0,0.0,0.0,0.0,,0.0,,8.0,0.0
KY,2019,8,19,2019-05-12,0.0,0.0,0.0,0.0,,0.0,,13.0,0.0
KY,2019,9,20,2019-05-19,0.0,0.0,0.0,8.0,,0.0,,22.0,0.0
KY,2019,10,21,2019-05-26,0.0,0.0,0.0,17.0,,0.0,,38.0,0.0
KY,2019,11,22,2019-06-02,0.0,0.0,0.0,29.0,,0.0,,49.0,0.0
KY,2019,12,23,2019-06-09,0.0,0.0,0.0,44.0,,0.0,,61.0,0.0
KY,2019,13,24,2019-06-16,0.0,0.0,0.0,56.0,,0.0,,74.0,0.0
KY,2019,14,25,2019-06-23,1.0,0.0,0.0,65.0,,0.0,,80.0,0.0
KY,2019,15,26,2019-06-30,6.0,0.0,0.0,74.0,,0.0,,87.0,0.0
KY,2019,16,27,2019-07-07,14.0,0.0,0.0,81.0,,0.0,,93.0,0.0
KY,2019,17,28,2019-07-14,23.0,0.0,0.0,90.0,,0.0,,97.0,0.0
KY,2019,18,29,2019-07-21,34.0,0.0,0.0,95.0,,0.0,,97.0,11.0
KY,2019,19,30,2019-07-28,51.0,0.0,0.0,95.0,,0.0,,97.0,25.0
KY,2019,20,31,2019-08-04,62.0,1.0,0.0,95.0,,0.0,,97.0,37.0
KY,2019,21,32,2019-08-11,73.0,5.0,0.0,95.0,,0.0,,97.0,47.0
KY,2019,22,33,2019-08-18,80.0,10.0,0.0,95.0,,0.0,,97.0,57.0
KY,2019,23,34,2019-08-25,87.0,16.0,0.0,95.0,,0.0,,97.0,69.0
KY,2019,24,35,2019-09-01,91.0,22.0,2.0,95.0,,0.0,,97.0,80.0
KY,2019,25,36,2019-09-08,91.0,32.0,15.0,95.0,,1.0,,97.0,87.0
KY,2019,26,37,2019-09-15,91.0,49.0,25.0,95.0,,5.0,,97.0,91.0
KY,2019,27,38,2019-09-22,91.0,65.0,41.0,95.0,,13.0,,97.0,91.0
KY,2019,28,39,2019-09-29,91.0,77.0,55.0,95.0,,19.0,,97.0,91.0
KY,2019,29,40,2019-10-06,91.0,87.0,69.0,95.0,,31.0,,97.0,91.0
KY,2019,30,41,2019-10-13,91.0,92.0,80.0,95.0,,45.0,,97.0,91.0
KY,2019,31,42,2019-10-20,91.0,96.0,89.0,95.0,,57.0,,97.0,91.0
KY,2019,32,43,2019-10-27,91.0,96.0,93.0,95.0,,69.0,,97.0,91.0
KY,2019,33,44,2019-11-03,91.0,96.0,96.0,95.0,,77.0,,97.0,91.0
KY,2019,34,45,2019-11-10,91.0,96.0,96.0,95.0,,83.0,,97.0,91.0
KY,2019,35,46,2019-11-17,91.0,96.0,96.0,95.0,,88.0,,97.0,91.0
KY,2019,36,47,2019-11-24,91.0,96.0,96.0,95.0,,92.0,,97.0,91.0
KY,2019,37,48,2019-12-01,91.0,96.0,96.0,95.0,,96.0,,97.0,91.0
KY,2020,4,15,2020-04-12,0.0,0.0,0.0,0.0,,0.0,,5.0,0.0
KY,2020,5,16,2020-04-19,0.0,0.0,0.0,0.0,,0.0,,9.0,0.0
KY,2020,6,17,2020-04-26,0.0,0.0,0.0,3.0,,0.0,,18.0,0.0
KY,2020,7,18,2020-05-03,0.0,0.0,0.0,9.0,,0.0,,25.0,0.0
KY,2020,8,19,2020-05-10,0.0,0.0,0.0,16.0,,0.0,,33.0,0.0
KY,2020,9,20,2020-05-17,0.0,0.0,0.0,24.0,,0.0,,39.0,0.0
KY,2020,10,21,2020-05-24,0.0,0.0,0.0,33.0,,0.0,,46.0,0.0
KY,2020,11,22,2020-05-31,0.0,0.0,0.0,39.0,,0.0,,52.0,0.0
KY,2020,12,23,2020-06-07,0.0,0.0,0.0,50.0,,0.0,,68.0,0.0
KY,2020,13,24,2020-06-14,0.0,0.0,0.0,62.0,,0.0,,74.0,0.0
KY,2020,14,25,2020-06-21,7.0,0.0,0.0,73.0,,0.0,,86.0,0.0
KY,2020,15,26,2020-06-28,9.0,0.0,0.0,82.0,,0.0,,93.0,0.0
KY,2020,16,27,2020-07-05,14.0,0.0,0.0,90.0,,0.0,,97.0,1.0
KY,2020,17,28,2020-07-12,25.0,0.0,0.0,96.0,,0.0,,100.0,10.0
KY,2020,18,29,2020-07-19,42.0,0.0,0.0,96.0,,0.0,,100.0,25.0
KY,2020,19,30,2020-07-26,56.0,0.0,0.0,96.0,,0.0,,100.0,32.0
KY,2020,20,31,2020-08-02,67.0,0.0,0.0,96.0,,0.0,,100.0,45.0
KY,2020,21,32,2020-08-09,77.0,5.0,0.0,96.0,,0.0,,100.0,59.0
KY,2020,22,33,2020-08-16,84.0,8.0,0.0,96.0,,0.0,,100.0,65.0
KY,2020,23,34,2020-08-23,89.0,12.0,4.0,96.0,,0.0,,100.0,76.0
KY,2020,24,35,2020-08-30,95.0,20.0,7.0,96.0,,0.0,,100.0,83.0
KY,2020,25,36,2020-09-06,95.0,32.0,14.0,96.0,,0.0,,100.0,90.0
KY,2020,26,37,2020-09-13,95.0,50.0,24.0,96.0,,4.0,,100.0,96.0
KY,2020,27,38,2020-09-20,95.0,63.0,36.0,96.0,,8.0,,100.0,96.0
KY,2020,28,39,2020-09-27,95.0,87.0,55.0,96.0,,17.0,,100.0,96.0
KY,2020,29,40,2020-10-04,95.0,91.0,69.0,96.0,,26.0,,100.0,96.0
KY,2020,30,41,2020-10-11,95.0,95.0,78.0,96.0,,36.0,,100.0,96.0
KY,2020,31,42,2020-10-18,95.0,95.0,84.0,96.0,,42.0,,100.0,96.0
KY,2020,32,43,2020-10-25,95.0,95.0,94.0,96.0,,51.0,,100.0,96.0
KY,2020,33,44,2020-11-01,95.0,95.0,95.0,96.0,,56.0,,100.0,96.0
KY,2020,34,45,2020-11-08,95.0,95.0,95.0,96.0,,68.0,,100.0,96.0
KY,2020,35,46,2020-11-15,95.0,95.0,95.0,96.0,,79.0,,100.0,96.0
KY,2020,36,47,2020-11-22,95.0,95.0,95.0,96.0,,86.0,,100.0,96.0
KY,2020,37,48,2020-11-29,95.0,95.0,95.0,96.0,,91.0,,100.0,96.0
KY,2021,4,15,2021-04-18,0.0,0.0,0.0,0.0,,0.0,,4.0,0.0
KY,2021,5,16,2021-04-25,0.0,0.0,0.0,0.0,,0.0,,14.0,0.0
KY,2021,6,17,2021-05-02,0.0,0.0,0.0,6.0,,0.0,,26.0,0.0
KY,2021,7,18,2021-05-09,0.0,0.0,0.0,17.0,,0.0,,32.0,0.0
KY,2021,8,19,2021-05-16,0.0,0.0,0.0,21.0,,0.0,,41.0,0.0
KY,2021,9,20,2021-05-23,0.0,0.0,0.0,32.0,,0.0,,55.0,0.0
KY,2021,10,21,2021-05-30,0.0,0.0,0.0,45.0,,0.0,,66.0,0.0
KY,2021,11,22,2021-06-06,0.0,0.0,0.0,57.0,,0.0,,74.0,0.0
KY,2021,12,23,2021-06-13,0.0,0.0,0.0,64.0,,0.0,,82.0,0.0
KY,2021,13,24,2021-06-20,1.0,0.0,0.0,72.0,,0.0,,87.0,0.0
KY,2021,14,25,2021-06-27,6.0,0.0,0.0,82.0,,0.0,,94.0,0.0
KY,2021,15,26,2021-07-04,20.0,0.0,0.0,89.0,,0.0,,98.0,0.0
KY,2021,16,27,2021-07-11,37.0,0.0,0.0,97.0,,0.0,,98.0,10.0
KY,2021,17,28,2021-07-18,46.0,0.0,0.0,97.0,,0.0,,98.0,21.0
KY,2021,18,29,2021-07-25,64.0,0.0,0.0,97.0,,0.0,,98.0,41.0
KY,2021,19,30,2021-08-01,74.0,0.0,0.0,97.0,,0.0,,98.0,53.0
KY,2021,20,31,2021-08-08,82.0,1.0,0.0,97.0,,0.0,,98.0,63.0
KY,2021,21,32,2021-08-15,85.0,6.0,0.0,97.0,,0.0,,98.0,72.0
KY,2021,22,33,2021-08-22,90.0,14.0,3.0,97.0,,0.0,,98.0,80.0
KY,2021,23,34,2021-08-29,95.0,21.0,5.0,97.0,,0.0,,98.0,84.0
KY,2021,24,35,2021-09-05,95.0,35.0,10.0,97.0,,0.0,,98.0,88.0
KY,2021,25,36,2021-09-12,95.0,54.0,27.0,97.0,,4.0,,98.0,92.0
KY,2021,26,37,2021-09-19,95.0,68.0,38.0,97.0,,9.0,,98.0,95.0
KY,2021,27,38,2021-09-26,95.0,76.0,48.0,97.0,,17.0,,98.0,95.0
KY,2021,28,39,2021-10-03,95.0,84.0,59.0,97.0,,25.0,,98.0,95.0
KY,2021,29,40,2021-10-10,95.0,90.0,71.0,97.0,,30.0,,98.0,95.0
KY,2021,30,41,2021-10-17,95.0,95.0,80.0,97.0,,36.0,,98.0,95.0
KY,2021,31,42,2021-10-24,95.0,95.0,86.0,97.0,,46.0,,98.0,95.0
KY,2021,32,43,2021-10-31,95.0,95.0,92.0,97.0,,56.0,,98.0,95.0
KY,2021,33,44,2021-11-07,95.0,95.0,96.0,97.0,,66.0,,98.0,95.0
KY,2021,34,45,2021-11-14,95.0,95.0,96.0,97.0,,76.0,,98.0,95.0
KY,2021,35,46,2021-11-21,95.0,95.0,96.0,97.0,,83.0,,98.0,95.0
KY,2021,36,47,2021-11-28,95.0,95.0,96.0,97.0,,89.0,,98.0,95.0
KY,2022,4,15,2022-04-17,0.0,0.0,0.0,0.0,,0.0,,2.0,0.0
KY,2022,5,16,2022-04-24,0.0,0.0,0.0,0.0,,0.0,,5.0,0.0
KY,2022,6,17,2022-05-01,0.0,0.0,0.0,0.0,,0.0,,12.0,0.0
KY,2022,7,18,2022-05-08,0.0,0.0,0.0,2.0,,0.0,,19.0,0.0
KY,2022,8,19,2022-05-15,0.0,0.0,0.0,17.0,,0.0,,41.0,0.0
KY,2022,9,20,2022-05-22,0.0,0.0,0.0,27.0,,0.0,,51.0,0.0
KY,2022,10,21,2022-05-29,0.0,0.0,0.0,41.0,,0.0,,63.0,0.0
KY,2022,11,22,2022-06-05,0.0,0.0,0.0,56.0,,0.0,,73.0,0.0
KY,2022,12,23,2022-06-12,0.0,0.0,0.0,65.0,,0.0,,80.0,0.0
KY,2022,13,24,2022-06-19,0.0,0.0,0.0,72.0,,0.0,,87.0,0.0
KY,2022,14,25,2022-06-26,7.0,0.0,0.0,81.0,,0.0,,94.0,0.0
KY,2022,15,26,2022-07-03,20.0,0.0,0.0,90.0,,0.0,,97.0,0.0
KY,2022,16,27,2022-07-10,30.0,0.0,0.0,98.0,,0.0,,97.0,4.0
KY,2022,17,28,2022-07-17,45.0,0.0,0.0,98.0,,0.0,,97.0,16.0
KY,2022,18,29,2022-07-24,59.0,0.0,0.0,98.0,,0.0,,97.0,31.0
KY,2022,19,30,2022-07-31,68.0,0.0,0.0,98.0,,0.0,,97.0,46.0
KY,2022,20,31,2022-08-07,74.0,2.0,0.0,98.0,,0.0,,97.0,53.0
KY,2022,21,32,2022-08-14,82.0,8.0,0.0,98.0,,0.0,,97.0,62.0
KY,2022,22,33,2022-08-21,90.0,16.0,0.0,98.0,,0.0,,97.0,74.0
KY,2022,23,34,2022-08-28,95.0,25.0,4.0,98.0,,0.0,,97.0,84.0
KY,2022,24,35,2022-09-04,95.0,30.0,10.0,98.0,,0.0,,97.0,89.0
KY,2022,25,36,2022-09-11,95.0,40.0,16.0,98.0,,0.0,,97.0,93.0
KY,2022,26,37,2022-09-18,95.0,58.0,32.0,98.0,,5.0,,97.0,98.0
KY,2022,27,38,2022-09-25,95.0,70.0,46.0,98.0,,13.0,,97.0,98.0
KY,2022,28,39,2022-10-02,95.0,79.0,57.0,98.0,,22.0,,97.0,98.0
KY,2022,29,40,2022-10-09,95.0,87.0,70.0,98.0,,31.0,,97.0,98.0
KY,2022,30,41,2022-10-16,95.0,93.0,81.0,98.0,,48.0,,97.0,98.0
KY,2022,31,42,2022-10-23,95.0,95.0,88.0,98.0,,60.0,,97.0,98.0
KY,2022,32,43,2022-10-30,95.0,95.0,95.0,98.0,,71.0,,97.0,98.0
KY,2022,33,44,2022-11-06,95.0,95.0,95.0,98.0,,80.0,,97.0,98.0
KY,2022,34,45,2022-11-13,95.0,95.0,95.0,98.0,,86.0,,97.0,98.0
KY,2022,35,46,2022-11-20,95.0,95.0,95.0,98.0,,93.0,,97.0,98.0
KY,2022,36,47,2022-11-27,95.0,95.0,95.0,98.0,,97.0,,97.0,98.0
KY,2023,2,13,2023-04-02,0.0,0.0,0.0,0.0,,0.0,,1.0,0.0
KY,2023,3,14,2023-04-09,0.0,0.0,0.0,0.0,,0.0,,4.0,0.0
KY,2023,4,15,2023-04-16,0.0,0.0,0.0,0.0,,0.0,,7.0,0.0
KY,2023,5,16,2023-04-23,0.0,0.0,0.0,0.0,,0.0,,19.0,0.0
KY,2023,6,17,2023-04-30,0.0,0.0,0.0,0.0,,0.0,,27.0,0.0
KY,2023,7,18,2023-05-07,0.0,0.0,0.0,14.0,,0.0,,38.0,0.0
KY,2023,8,19,2023-05-14,0.0,0.0,0.0,20.0,,0.0,,48.0,0.0
KY,2023,9,20,2023-05-21,0.0,0.0,0.0,38.0,,0.0,,60.0,0.0
KY,2023,10,21,2023-05-28,0.0,0.0,0.0,51.0,,0.0,,72.0,0.0
KY,2023,11,22,2023-06-04,0.0,0.0,0.0,65.0,,0.0,,80.0,0.0
KY,2023,12,23,2023-06-11,0.0,0.0,0.0,73.0,,0.0,,85.0,0.0
KY,2023,13,24,2023-06-18,0.0,0.0,0.0,79.0,,0.0,,90.0,0.0
KY,2023,14,25,2023-06-25,8.0,0.0,0.0,83.0,,0.0,,93.0,0.0
KY,2023,15,26,2023-07-02,18.0,0.0,0.0,90.0,,0.0,,95.0,2.0
KY,2023,16,27,2023-07-09,33.0,0.0,0.0,95.0,,0.0,,95.0,6.0
KY,2023,17,28,2023-07-16,42.0,0.0,0.0,95.0,,0.0,,95.0,20.0
KY,2023,18,29,2023-07-23,50.0,0.0,0.0,95.0,,0.0,,95.0,29.0
KY,2023,19,30,2023-07-30,57.0,0.0,0.0,95.0,,0.0,,95.0,39.0
KY,2023,20,31,2023-08-06,67.0,2.0,0.0,95.0,,0.0,,95.0,49.0
KY,2023,21,32,2023-08-13,76.0,10.0,0.0,95.0,,0.0,,95.0,60.0
KY,2023,22,33,2023-08-20,83.0,17.0,0.0,95.0,,0.0,,95.0,69.0
KY,2023,23,34,2023-08-27,92.0,20.0,2.0,95.0,,0.0,,95.0,80.0
KY,2023,24,35,2023-09-03,95.0,30.0,8.0,95.0,,0.0,,95.0,88.0
KY,2023,25,36,2023-09-10,95.0,41.0,17.0,95.0,,1.0,,95.0,94.0
KY,2023,26,37,2023-09-17,95.0,55.0,27.0,95.0,,6.0,,95.0,97.0
KY,2023,27,38,2023-09-24,95.0,66.0,41.0,95.0,,14.0,,95.0,97.0
KY,2023,28,39,2023-10-01,95.0,77.0,55.0,95.0,,19.0,,95.0,97.0
KY,2023,29,40,2023-10-08,95.0,84.0,65.0,95.0,,27.0,,95.0,97.0
KY,2023,30,41,2023-10-15,95.0,89.0,76.0,95.0,,40.0,,95.0,97.0
KY,2023,31,42,2023-10-22,95.0,95.0,84.0,95.0,,50.0,,95.0,97.0
KY,2023,32,43,2023-10-29,95.0,95.0,90.0,95.0,,62.0,,95.0,97.0
KY,2023,33,44,2023-11-05,95.0,95.0,95.0,95.0,,70.0,,95.0,97.0
KY,2023,34,45,2023-11-12,95.0,95.0,95.0,95.0,,81.0,,95.0,97.0
KY,2023,35,46,2023-11-19,95.0,95.0,95.0,95.0,,87.0,,95.0,97.0
KY,2023,36,47,2023-11-26,95.0,95.0,95.0,95.0,,95.0,,95.0,97.0
KY,2024,2,13,2024-03-31,0.0,0.0,0.0,0.0,,0.0,,2.0,0.0
KY,2024,3,14,2024-04-07,0.0,0.0,0.0,0.0,,0.0,,5.0,0.0
KY,2024,4,15,2024-04-14,0.0,0.0,0.0,0.0,,0.0,,8.0,0.0
KY,2024,5,16,2024-04-21,0.0,0.0,0.0,0.0,,0.0,,13.0,0.0
KY,2024,6,17,2024-04-28,0.0,0.0,0.0,0.0,,0.0,,22.0,0.0
KY,2024,7,18,2024-05-05,0.0,0.0,0.0,7.0,,0.0,,33.0,0.0
KY,2024,8,19,2024-05-12,0.0,0.0,0.0,22.0,,0.0,,40.0,0.0
KY,2024,9,20,2024-05-19,0.0,0.0,0.0,31.0,,0.0,,46.0,0.0
KY,2024,10,21,2024-05-26,0.0,0.0,0.0,41.0,,0.0,,56.0,0.0
KY,2024,11,22,2024-06-02,0.0,0.0,0.0,49.0,,0.0,,63.0,0.0
KY,2024,12,23,2024-06-09,0.0,0.0,0.0,57.0,,0.0,,71.0,0.0
KY,2024,13,24,2024-06-16,0.0,0.0,0.0,65.0,,0.0,,78.0,0.0
KY,2024,14,25,2024-06-23,5.0,0.0,0.0,74.0,,0.0,,86.0,0.0
KY,2024,15,26,2024-06-30,17.0,0.0,0.0,84.0,,0.0,,94.0,0.0
KY,2024,16,27,2024-07-07,27.0,0.0,0.0,90.0,,0.0,,100.0,6.0
KY,2024,17,28,2024-07-14,41.0,0.0,0.0,95.0,,0.0,,100.0,19.0
KY,2024,18,29,2024-07-21,57.0,0.0,0.0,100.0,,0.0,,100.0,32.0
KY,2024,19,30,2024-07-28,66.0,0.0,0.0,100.0,,0.0,,100.0,42.0
KY,2024,20,31,2024-08-04,74.0,3.0,0.0,100.0,,0.0,,100.0,54.0
KY,2024,21,32,2024-08-11,80.0,12.0,0.0,100.0,,0.0,,100.0,65.0
KY,2024,22,33,2024-08-18,88.0,21.0,0.0,100.0,,0.0,,100.0,77.0
KY,2024,23,34,2024-08-25,92.0,29.0,3.0,100.0,,0.0,,100.0,85.0
KY,2024,24,35,2024-09-01,96.0,45.0,15.0,100.0,,0.0,,100.0,91.0
KY,2024,25,36,2024-09-08,96.0,59.0,29.0,100.0,,3.0,,100.0,95.0
KY,2024,26,37,2024-09-15,96.0,69.0,41.0,100.0,,11.0,,100.0,100.0
KY,2024,27,38,2024-09-22,96.0,79.0,55.0,100.0,,20.0,,100.0,100.0
KY,2024,28,39,2024-09-29,96.0,85.0,66.0,100.0,,28.0,,100.0,100.0
KY,2024,29,40,2024-10-06,96.0,89.0,74.0,100.0,,33.0,,100.0,100.0
KY,2024,30,41,2024-10-13,96.0,95.0,84.0,100.0,,42.0,,100.0,100.0
KY,2024,31,42,2024-10-20,96.0,95.0,91.0,100.0,,54.0,,100.0,100.0
KY,2024,32,43,2024-10-27,96.0,95.0,96.0,100.0,,64.0,,100.0,100.0
KY,2024,33,44,2024-11-03,96.0,95.0,96.0,100.0,,75.0,,100.0,100.0
KY,2024,34,45,2024-11-10,96.0,95.0,96.0,100.0,,83.0,,100.0,100.0
KY,2024,35,46,2024-11-17,96.0,95.0,96.0,100.0,,86.0,,100.0,100.0
KY,2024,36,47,2024-11-24,96.0,95.0,96.0,100.0,,93.0,,100.0,100.0
KY,2025,3,14,2025-04-06,0.0,0.0,0.0,0.0,,0.0,,1.0,0.0
KY,2025,4,15,2025-04-13,0.0,0.0,0.0,0.0,,0.0,,2.0,0.0
KY,2025,5,16,2025-04-20,0.0,0.0,0.0,0.0,,0.0,,7.0,0.0
KY,2025,6,17,2025-04-27,0.0,0.0,0.0,0.0,,0.0,,16.0,0.0
KY,2025,7,18,2025-05-04,0.0,0.0,0.0,5.0,,0.0,,28.0,0.0
KY,2025,8,19,2025-05-11,0.0,0.0,0.0,16.0,,0.0,,35.0,0.0
KY,2025,9,20,2025-05-18,0.0,0.0,0.0,26.0,,0.0,,43.0,0.0
KY,2025,10,21,2025-05-25,0.0,0.0,0.0,37.0,,0.0,,52.0,0.0
KY,2025,11,22,2025-06-01,0.0,0.0,0.0,45.0,,0.0,,60.0,0.0
KY,2025,12,23,2025-06-08,0.0,0.0,0.0,53.0,,0.0,,70.0,0.0
KY,2025,13,24,2025-06-15,0.0,0.0,0.0,62.0,,0.0,,75.0,0.0
KY,2025,14,25,2025-06-22,1.0,0.0,0.0,69.0,,0.0,,82.0,0.0
KY,2025,15,26,2025-06-29,11.0,0.0,0.0,76.0,,0.0,,88.0,3.0
KY,2025,16,27,2025-07-06,23.0,0.0,0.0,83.0,,0.0,,95.0,8.0
KY,2025,17,28,2025-07-13,37.0,0.0,0.0,91.0,,0.0,,95.0,21.0
KY,2025,18,29,2025-07-20,48.0,0.0,0.0,95.0,,0.0,,95.0,30.0
KY,2025,19,30,2025-07-27,61.0,0.0,0.0,95.0,,0.0,,95.0,40.0
KY,2025,20,31,2025-08-03,71.0,0.0,0.0,95.0,,0.0,,95.0,53.0
KY,2025,21,32,2025-08-10,79.0,9.0,0.0,95.0,,0.0,,95.0,61.0
KY,2025,22,33,2025-08-17,87.0,16.0,0.0,95.0,,0.0,,95.0,71.0
KY,2025,23,34,2025-08-24,91.0,25.0,2.0,95.0,,0.0,,95.0,79.0
KY,2025,24,35,2025-08-31,95.0,43.0,15.0,95.0,,0.0,,95.0,87.0
KY,2025,25,36,2025-09-07,95.0,55.0,23.0,95.0,,0.0,,95.0,94.0
KY,2025,26,37,2025-09-14,95.0,66.0,36.0,95.0,,4.0,,95.0,96.0
KY,2025,27,38,2025-09-21,95.0,75.0,48.0,95.0,,19.0,,95.0,96.0
KY,2025,28,39,2025-09-28,95.0,82.0,57.0,95.0,,28.0,,95.0,96.0
KY,2025,35,46,2025-11-16,95.0,82.0,57.0,95.0,,81.0,,95.0,96.0
KY,2025,36,47,2025-11-23,95.0,82.0,57.0,95.0,,90.0,,95.0,96.0
LA,2016,1,12,2016-03-27,0.0,0.0,0.0,0.0,,0.0,0.0,0.0,0.0
LA,2016,2,13,2016-04-03,0.0,0.0,0.0,0.0,,0.0,0.0,0.0,0.0
LA,2016,3,14,2016-04-10,0.0,0.0,0.0,0.0,,0.0,0.0,6.0,0.0
LA,2016,4,15,2016-04-17,0.0,0.0,0.0,2.0,,0.0,0.0,13.0,0.0
LA,2016,5,16,2016-04-24,0.0,0.0,0.0,9.0,,0.0,0.0,19.0,0.0
LA,2016,6,17,2016-05-01,0.0,0.0,0.0,19.0,,0.0,0.0,29.0,0.0
LA,2016,7,18,2016-05-08,0.0,0.0,0.0,30.0,,0.0,0.0,45.0,0.0
LA,2016,8,19,2016-05-15,0.0,0.0,0.0,48.0,,0.0,0.0,72.0,0.0
LA,2016,9,20,2016-05-22,0.0,0.0,0.0,73.0,,0.0,0.0,82.0,0.0
LA,2016,10,21,2016-05-29,2.0,0.0,0.0,85.0,,0.0,0.0,90.0,0.0
LA,2016,11,22,2016-06-05,13.0,0.0,0.0,90.0,,0.0,0.0,94.0,0.0
LA,2016,12,23,2016-06-12,33.0,0.0,0.0,94.0,,0.0,0.0,97.0,0.0
LA,2016,13,24,2016-06-19,49.0,0.0,0.0,97.0,,0.0,0.0,99.0,0.0
LA,2016,14,25,2016-06-26,62.0,0.0,0.0,98.0,,0.0,0.0,99.0,8.0
LA,2016,15,26,2016-07-03,74.0,0.0,0.0,99.0,,0.0,0.0,100.0,39.0
LA,2016,16,27,2016-07-10,81.0,0.0,0.0,100.0,,0.0,0.0,100.0,54.0
LA,2016,17,28,2016-07-17,89.0,0.0,0.0,100.0,,0.0,0.0,100.0,68.0
LA,2016,18,29,2016-07-24,95.0,6.0,0.0,100.0,,0.0,0.0,100.0,80.0
LA,2016,19,30,2016-07-31,97.0,10.0,0.0,100.0,,0.0,0.0,100.0,89.0
LA,2016,20,31,2016-08-07,98.0,22.0,4.0,100.0,,0.0,0.0,100.0,93.0
LA,2016,21,32,2016-08-14,99.0,36.0,15.0,100.0,,0.0,5.0,100.0,96.0
LA,2016,22,33,2016-08-21,99.0,46.0,24.0,100.0,,0.0,12.0,100.0,98.0
LA,2016,23,34,2016-08-28,100.0,56.0,38.0,100.0,,7.0,25.0,100.0,99.0
LA,2016,24,35,2016-09-04,100.0,73.0,52.0,100.0,,25.0,40.0,100.0,100.0
LA,2016,25,36,2016-09-11,100.0,83.0,63.0,100.0,,31.0,53.0,100.0,100.0
LA,2016,26,37,2016-09-18,100.0,91.0,74.0,100.0,,44.0,65.0,100.0,100.0
LA,2016,27,38,2016-09-25,100.0,94.0,84.0,100.0,,59.0,76.0,100.0,100.0
LA,2016,28,39,2016-10-02,100.0,98.0,91.0,100.0,,74.0,86.0,100.0,100.0
LA,2016,29,40,2016-10-09,100.0,100.0,97.0,100.0,,87.0,94.0,100.0,100.0
LA,2016,30,41,2016-10-16,100.0,100.0,99.0,100.0,,93.0,97.0,100.0,100.0
LA,2016,31,42,2016-10-23,100.0,100.0,100.0,100.0,,97.0,99.0,100.0,100.0
LA,2016,32,43,2016-10-30,100.0,100.0,100.0,100.0,,99.0,100.0,100.0,100.0
LA,2016,33,44,2016-11-06,100.0,100.0,100.0,100.0,,100.0,100.0,100.0,100.0
LA,2016,34,45,2016-11-13,100.0,100.0,100.0,100.0,,100.0,100.0,100.0,100.0
LA,2017,2,13,2017-04-02,0.0,0.0,0.0,0.0,,0.0,0.0,3.0,0.0
LA,2017,3,14,2017-04-09,0.0,0.0,0.0,3.0,,0.0,0.0,13.0,0.0
LA,2017,4,15,2017-04-16,0.0,0.0,0.0,13.0,,0.0,0.0,36.0,0.0
LA,2017,5,16,2017-04-23,0.0,0.0,0.0,34.0,,0.0,0.0,59.0,0.0
LA,2017,6,17,2017-04-30,0.0,0.0,0.0,50.0,,0.0,0.0,66.0,0.0
LA,2017,7,18,2017-05-07,0.0,0.0,0.0,66.0,,0.0,0.0,76.0,0.0
LA,2017,8,19,2017-05-14,0.0,0.0,0.0,76.0,,0.0,0.0,86.0,0.0
LA,2017,9,20,2017-05-21,3.0,0.0,0.0,84.0,,0.0,0.0,91.0,0.0
LA,2017,10,21,2017-05-28,13.0,0.0,0.0,91.0,,0.0,0.0,94.0,0.0
LA,2017,11,22,2017-06-04,14.0,0.0,0.0,93.0,,0.0,0.0,96.0,0.0
LA,2017,12,23,2017-06-11,40.0,0.0,0.0,96.0,,0.0,0.0,98.0,0.0
LA,2017,13,24,2017-06-18,45.0,0.0,0.0,97.0,,0.0,0.0,99.0,0.0
LA,2017,14,25,2017-06-25,79.0,0.0,0.0,99.0,,0.0,0.0,99.0,15.0
LA,2017,15,26,2017-07-02,83.0,0.0,0.0,100.0,,0.0,0.0,100.0,46.0
LA,2017,16,27,2017-07-09,87.0,0.0,0.0,100.0,,0.0,0.0,100.0,67.0
LA,2017,17,28,2017-07-16,91.0,4.0,0.0,100.0,,0.0,0.0,100.0,81.0
LA,2017,18,29,2017-07-23,94.0,18.0,0.0,100.0,,0.0,0.0,100.0,87.0
LA,2017,19,30,2017-07-30,98.0,36.0,7.0,100.0,,2.0,4.0,100.0,94.0
LA,2017,20,31,2017-08-06,100.0,47.0,15.0,100.0,,6.0,12.0,100.0,97.0
LA,2017,21,32,2017-08-13,100.0,56.0,27.0,100.0,,8.0,20.0,100.0,99.0
LA,2017,22,33,2017-08-20,100.0,69.0,39.0,100.0,,14.0,31.0,100.0,100.0
LA,2017,23,34,2017-08-27,100.0,78.0,54.0,100.0,,25.0,43.0,100.0,100.0
LA,2017,24,35,2017-09-03,100.0,87.0,64.0,100.0,,30.0,53.0,100.0,100.0
LA,2017,25,36,2017-09-10,100.0,93.0,75.0,100.0,,40.0,64.0,100.0,100.0
LA,2017,26,37,2017-09-17,100.0,96.0,85.0,100.0,,63.0,78.0,100.0,100.0
LA,2017,27,38,2017-09-24,100.0,98.0,91.0,100.0,,75.0,85.0,100.0,100.0
LA,2017,28,39,2017-10-01,100.0,100.0,96.0,100.0,,85.0,91.0,100.0,100.0
LA,2017,29,40,2017-10-08,100.0,100.0,99.0,100.0,,91.0,96.0,100.0,100.0
LA,2017,30,41,2017-10-15,100.0,100.0,100.0,100.0,,95.0,99.0,100.0,100.0
LA,2017,31,42,2017-10-22,100.0,100.0,100.0,100.0,,98.0,100.0,100.0,100.0
LA,2017,32,43,2017-10-29,100.0,100.0,100.0,100.0,,100.0,100.0,100.0,100.0
LA,2017,33,44,2017-11-05,100.0,100.0,100.0,100.0,,100.0,100.0,100.0,100.0
LA,2017,34,45,2017-11-12,100.0,100.0,100.0,100.0,,100.0,100.0,100.0,100.0
LA,2017,35,46,2017-11-19,100.0,100.0,100.0,100.0,,100.0,100.0,100.0,100.0
LA,2018,1,12,2018-03-25,0.0,0.0,0.0,0.0,,0.0,0.0,0.0,0.0
LA,2018,2,13,2018-04-01,0.0,0.0,0.0,0.0,,0.0,0.0,5.0,0.0
LA,2018,3,14,2018-04-08,0.0,0.0,0.0,3.0,,0.0,0.0,9.0,0.0
LA,2018,4,15,2018-04-15,0.0,0.0,0.0,6.0,,0.0,0.0,16.0,0.0
LA,2018,5,16,2018-04-22,0.0,0.0,0.0,11.0,,0.0,0.0,26.0,0.0
LA,2018,6,17,2018-04-29,0.0,0.0,0.0,21.0,,0.0,0.0,40.0,0.0
LA,2018,7,18,2018-05-06,0.0,0.0,0.0,39.0,,0.0,0.0,64.0,0.0
LA,2018,8,19,2018-05-13,0.0,0.0,0.0,62.0,,0.0,0.0,88.0,0.0
LA,2018,9,20,2018-05-20,1.0,0.0,0.0,84.0,,0.0,0.0,93.0,0.0
LA,2018,10,21,2018-05-27,9.0,0.0,0.0,92.0,,0.0,0.0,96.0,0.0
LA,2018,11,22,2018-06-03,28.0,0.0,0.0,94.0,,0.0,0.0,97.0,0.0
LA,2018,12,23,2018-06-10,41.0,0.0,0.0,97.0,,0.0,0.0,99.0,0.0
LA,2018,13,24,2018-06-17,65.0,0.0,0.0,99.0,,0.0,0.0,100.0,9.0
LA,2018,14,25,2018-06-24,73.0,0.0,0.0,100.0,,0.0,0.0,100.0,35.0
LA,2018,15,26,2018-07-01,82.0,0.0,0.0,100.0,,0.0,0.0,100.0,63.0
LA,2018,16,27,2018-07-08,92.0,0.0,0.0,100.0,,0.0,0.0,100.0,75.0
LA,2018,17,28,2018-07-15,96.0,1.0,0.0,100.0,,0.0,0.0,100.0,82.0
LA,2018,18,29,2018-07-22,98.0,3.0,0.0,100.0,,0.0,0.0,100.0,88.0
LA,2018,19,30,2018-07-29,99.0,13.0,3.0,100.0,,0.0,0.0,100.0,95.0
LA,2018,20,31,2018-08-05,100.0,21.0,12.0,100.0,,0.0,4.0,100.0,99.0
LA,2018,21,32,2018-08-12,100.0,36.0,21.0,100.0,,5.0,12.0,100.0,100.0
LA,2018,22,33,2018-08-19,100.0,60.0,35.0,100.0,,17.0,27.0,100.0,100.0
LA,2018,23,34,2018-08-26,100.0,76.0,54.0,100.0,,23.0,40.0,100.0,100.0
LA,2018,24,35,2018-09-02,100.0,83.0,65.0,100.0,,34.0,55.0,100.0,100.0
LA,2018,25,36,2018-09-09,100.0,90.0,78.0,100.0,,42.0,66.0,100.0,100.0
LA,2018,26,37,2018-09-16,100.0,94.0,83.0,100.0,,51.0,75.0,100.0,100.0
LA,2018,27,38,2018-09-23,100.0,97.0,91.0,100.0,,66.0,86.0,100.0,100.0
LA,2018,28,39,2018-09-30,100.0,98.0,93.0,100.0,,69.0,90.0,100.0,100.0
LA,2018,29,40,2018-10-07,100.0,99.0,96.0,100.0,,79.0,92.0,100.0,100.0
LA,2018,30,41,2018-10-14,100.0,100.0,99.0,100.0,,86.0,96.0,100.0,100.0
LA,2018,31,42,2018-10-21,100.0,100.0,100.0,100.0,,91.0,99.0,100.0,100.0
LA,2018,32,43,2018-10-28,100.0,100.0,100.0,100.0,,93.0,100.0,100.0,100.0
LA,2018,33,44,2018-11-04,100.0,100.0,100.0,100.0,,95.0,100.0,100.0,100.0
LA,2018,34,45,2018-11-11,100.0,100.0,100.0,100.0,,96.0,100.0,100.0,100.0
LA,2018,35,46,2018-11-18,100.0,100.0,100.0,100.0,,97.0,100.0,100.0,100.0
LA,2018,36,47,2018-11-25,100.0,100.0,100.0,100.0,,98.0,100.0,100.0,100.0
LA,2018,37,48,2018-12-02,100.0,100.0,100.0,100.0,,99.0,100.0,100.0,100.0
LA,2019,1,12,2019-03-24,0.0,0.0,0.0,0.0,,0.0,0.0,1.0,0.0
LA,2019,2,13,2019-03-31,0.0,0.0,0.0,0.0,,0.0,0.0,9.0,0.0
LA,2019,3,14,2019-04-07,0.0,0.0,0.0,3.0,,0.0,0.0,12.0,0.0
LA,2019,4,15,2019-04-14,0.0,0.0,0.0,11.0,,0.0,0.0,13.0,0.0
LA,2019,5,16,2019-04-21,0.0,0.0,0.0,12.0,,0.0,0.0,16.0,0.0
LA,2019,6,17,2019-04-28,0.0,0.0,0.0,14.0,,0.0,0.0,24.0,0.0
LA,2019,7,18,2019-05-05,0.0,0.0,0.0,23.0,,0.0,0.0,46.0,0.0
LA,2019,8,19,2019-05-12,0.0,0.0,0.0,32.0,,0.0,0.0,53.0,0.0
LA,2019,9,20,2019-05-19,1.0,0.0,0.0,46.0,,0.0,0.0,67.0,0.0
LA,2019,10,21,2019-05-26,2.0,0.0,0.0,64.0,,0.0,0.0,82.0,0.0
LA,2019,11,22,2019-06-02,9.0,0.0,0.0,77.0,,0.0,0.0,91.0,0.0
LA,2019,12,23,2019-06-09,19.0,0.0,0.0,88.0,,0.0,0.0,95.0,1.0
LA,2019,13,24,2019-06-16,26.0,0.0,0.0,94.0,,0.0,0.0,98.0,4.0
LA,2019,14,25,2019-06-23,39.0,0.0,0.0,98.0,,0.0,0.0,99.0,15.0
LA,2019,15,26,2019-06-30,55.0,0.0,0.0,99.0,,0.0,0.0,100.0,30.0
LA,2019,16,27,2019-07-07,73.0,0.0,0.0,100.0,,0.0,0.0,100.0,47.0
LA,2019,17,28,2019-07-14,84.0,2.0,0.0,100.0,,0.0,0.0,100.0,59.0
LA,2019,18,29,2019-07-21,90.0,6.0,0.0,100.0,,0.0,0.0,100.0,72.0
LA,2019,19,30,2019-07-28,95.0,17.0,3.0,100.0,,0.0,0.0,100.0,81.0
LA,2019,20,31,2019-08-04,99.0,22.0,6.0,100.0,,0.0,2.0,100.0,91.0
LA,2019,21,32,2019-08-11,100.0,28.0,11.0,100.0,,1.0,4.0,100.0,96.0
LA,2019,22,33,2019-08-18,100.0,36.0,19.0,100.0,,5.0,12.0,100.0,98.0
LA,2019,23,34,2019-08-25,100.0,44.0,27.0,100.0,,8.0,17.0,100.0,100.0
LA,2019,24,35,2019-09-01,100.0,56.0,36.0,100.0,,16.0,25.0,100.0,100.0
LA,2019,25,36,2019-09-08,100.0,72.0,51.0,100.0,,23.0,35.0,100.0,100.0
LA,2019,26,37,2019-09-15,100.0,85.0,71.0,100.0,,38.0,50.0,100.0,100.0
LA,2019,27,38,2019-09-22,100.0,92.0,81.0,100.0,,56.0,70.0,100.0,100.0
LA,2019,28,39,2019-09-29,100.0,98.0,91.0,100.0,,68.0,81.0,100.0,100.0
LA,2019,29,40,2019-10-06,100.0,100.0,96.0,100.0,,80.0,90.0,100.0,100.0
LA,2019,30,41,2019-10-13,100.0,100.0,99.0,100.0,,89.0,95.0,100.0,100.0
LA,2019,31,42,2019-10-20,100.0,100.0,100.0,100.0,,94.0,99.0,100.0,100.0
LA,2019,32,43,2019-10-27,100.0,100.0,100.0,100.0,,98.0,100.0,100.0,100.0
LA,2019,33,44,2019-11-03,100.0,100.0,100.0,100.0,,99.0,100.0,100.0,100.0
LA,2019,34,45,2019-11-10,100.0,100.0,100.0,100.0,,100.0,100.0,100.0,100.0
LA,2019,35,46,2019-11-17,100.0,100.0,100.0,100.0,,100.0,100.0,100.0,100.0
LA,2019,36,47,2019-11-24,100.0,100.0,100.0,100.0,,100.0,100.0,100.0,100.0
LA,2019,37,48,2019-12-01,100.0,100.0,100.0,100.0,,100.0,100.0,100.0,100.0
LA,2020,1,12,2020-03-22,0.0,0.0,0.0,0.0,,0.0,0.0,0.0,0.0
LA,2020,2,13,2020-03-29,0.0,0.0,0.0,0.0,,0.0,0.0,3.0,0.0
LA,2020,3,14,2020-04-05,0.0,0.0,0.0,2.0,,0.0,0.0,7.0,0.0
LA,2020,4,15,2020-04-12,0.0,0.0,0.0,6.0,,0.0,0.0,15.0,0.0
LA,2020,5,16,2020-04-19,0.0,0.0,0.0,12.0,,0.0,0.0,24.0,0.0
LA,2020,6,17,2020-04-26,0.0,0.0,0.0,18.0,,0.0,0.0,33.0,0.0
LA,2020,7,18,2020-05-03,0.0,0.0,0.0,30.0,,0.0,0.0,51.0,0.0
LA,2020,8,19,2020-05-10,0.0,0.0,0.0,46.0,,0.0,0.0,68.0,0.0
LA,2020,9,20,2020-05-17,1.0,0.0,0.0,55.0,,0.0,0.0,75.0,0.0
LA,2020,10,21,2020-05-24,7.0,0.0,0.0,70.0,,0.0,0.0,83.0,0.0
LA,2020,11,22,2020-05-31,15.0,0.0,0.0,79.0,,0.0,0.0,88.0,0.0
LA,2020,12,23,2020-06-07,31.0,0.0,0.0,87.0,,0.0,0.0,94.0,1.0
LA,2020,13,24,2020-06-14,46.0,0.0,0.0,91.0,,0.0,0.0,98.0,7.0
LA,2020,14,25,2020-06-21,55.0,0.0,0.0,97.0,,0.0,0.0,100.0,15.0
LA,2020,15,26,2020-06-28,72.0,0.0,0.0,100.0,,0.0,0.0,100.0,30.0
LA,2020,16,27,2020-07-05,86.0,0.0,0.0,100.0,,0.0,0.0,100.0,45.0
LA,2020,17,28,2020-07-12,91.0,1.0,0.0,100.0,,0.0,0.0,100.0,68.0
LA,2020,18,29,2020-07-19,94.0,5.0,0.0,100.0,,0.0,0.0,100.0,80.0
LA,2020,19,30,2020-07-26,96.0,11.0,1.0,100.0,,0.0,0.0,100.0,86.0
LA,2020,20,31,2020-08-02,99.0,20.0,5.0,100.0,,0.0,0.0,100.0,92.0
LA,2020,21,32,2020-08-09,100.0,28.0,16.0,100.0,,2.0,5.0,100.0,96.0
LA,2020,22,33,2020-08-16,100.0,36.0,27.0,100.0,,4.0,15.0,100.0,99.0
LA,2020,23,34,2020-08-23,100.0,58.0,35.0,100.0,,14.0,26.0,100.0,100.0
LA,2020,24,35,2020-08-30,100.0,68.0,57.0,100.0,,25.0,34.0,100.0,100.0
LA,2020,25,36,2020-09-06,100.0,84.0,67.0,100.0,,33.0,54.0,100.0,100.0
LA,2020,26,37,2020-09-13,100.0,90.0,80.0,100.0,,50.0,68.0,100.0,100.0
LA,2020,27,38,2020-09-20,100.0,95.0,87.0,100.0,,66.0,78.0,100.0,100.0
LA,2020,28,39,2020-09-27,100.0,97.0,92.0,100.0,,72.0,86.0,100.0,100.0
LA,2020,29,40,2020-10-04,100.0,99.0,95.0,100.0,,83.0,91.0,100.0,100.0
LA,2020,30,41,2020-10-11,100.0,100.0,98.0,100.0,,90.0,94.0,100.0,100.0
LA,2020,31,42,2020-10-18,100.0,100.0,100.0,100.0,,93.0,97.0,100.0,100.0
LA,2020,32,43,2020-10-25,100.0,100.0,100.0,100.0,,97.0,100.0,100.0,100.0
LA,2020,33,44,2020-11-01,100.0,100.0,100.0,100.0,,99.0,100.0,100.0,100.0
LA,2020,34,45,2020-11-08,100.0,100.0,100.0,100.0,,100.0,100.0,100.0,100.0
LA,2020,35,46,2020-11-15,100.0,100.0,100.0,100.0,,100.0,100.0,100.0,100.0
LA,2021,1,12,2021-03-28,0.0,0.0,0.0,0.0,,0.0,0.0,0.0,0.0
LA,2021,2,13,2021-04-04,0.0,0.0,0.0,0.0,,0.0,0.0,1.0,0.0
LA,2021,3,14,2021-04-11,0.0,0.0,0.0,0.0,,0.0,0.0,7.0,0.0
LA,2021,4,15,2021-04-18,0.0,0.0,0.0,4.0,,0.0,0.0,10.0,0.0
LA,2021,5,16,2021-04-25,0.0,0.0,0.0,9.0,,0.0,0.0,15.0,0.0
LA,2021,6,17,2021-05-02,0.0,0.0,0.0,14.0,,0.0,0.0,24.0,0.0
LA,2021,7,18,2021-05-09,0.0,0.0,0.0,22.0,,0.0,0.0,40.0,0.0
LA,2021,8,19,2021-05-16,0.0,0.0,0.0,32.0,,0.0,0.0,45.0,0.0
LA,2021,9,20,2021-05-23,0.0,0.0,0.0,44.0,,0.0,0.0,58.0,0.0
LA,2021,10,21,2021-05-30,1.0,0.0,0.0,56.0,,0.0,0.0,79.0,0.0
LA,2021,11,22,2021-06-06,10.0,0.0,0.0,78.0,,0.0,0.0,86.0,0.0
LA,2021,12,23,2021-06-13,26.0,0.0,0.0,85.0,,0.0,0.0,92.0,3.0
LA,2021,13,24,2021-06-20,47.0,0.0,0.0,91.0,,0.0,0.0,95.0,15.0
LA,2021,14,25,2021-06-27,68.0,0.0,0.0,94.0,,0.0,0.0,100.0,32.0
LA,2021,15,26,2021-07-04,77.0,0.0,0.0,99.0,,0.0,0.0,100.0,43.0
LA,2021,16,27,2021-07-11,85.0,0.0,0.0,100.0,,0.0,0.0,100.0,58.0
LA,2021,17,28,2021-07-18,92.0,0.0,0.0,100.0,,0.0,0.0,100.0,75.0
LA,2021,18,29,2021-07-25,95.0,2.0,0.0,100.0,,0.0,0.0,100.0,82.0
LA,2021,19,30,2021-08-01,98.0,10.0,1.0,100.0,,0.0,0.0,100.0,84.0
LA,2021,20,31,2021-08-08,100.0,14.0,4.0,100.0,,0.0,0.0,100.0,86.0
LA,2021,21,32,2021-08-15,100.0,28.0,10.0,100.0,,0.0,4.0,100.0,92.0
LA,2021,22,33,2021-08-22,100.0,41.0,19.0,100.0,,2.0,11.0,100.0,95.0
LA,2021,23,34,2021-08-29,100.0,54.0,31.0,100.0,,8.0,18.0,100.0,100.0
LA,2021,24,35,2021-09-05,100.0,66.0,43.0,100.0,,17.0,30.0,100.0,100.0
LA,2021,25,36,2021-09-12,100.0,78.0,61.0,100.0,,35.0,46.0,100.0,100.0
LA,2021,26,37,2021-09-19,100.0,82.0,67.0,100.0,,41.0,57.0,100.0,100.0
LA,2021,27,38,2021-09-26,100.0,92.0,76.0,100.0,,54.0,67.0,100.0,100.0
LA,2021,28,39,2021-10-03,100.0,95.0,81.0,100.0,,59.0,75.0,100.0,100.0
LA,2021,29,40,2021-10-10,100.0,98.0,89.0,100.0,,73.0,80.0,100.0,100.0
LA,2021,30,41,2021-10-17,100.0,100.0,95.0,100.0,,82.0,88.0,100.0,100.0
LA,2021,31,42,2021-10-24,100.0,100.0,100.0,100.0,,87.0,94.0,100.0,100.0
LA,2021,32,43,2021-10-31,100.0,100.0,100.0,100.0,,94.0,98.0,100.0,100.0
LA,2021,33,44,2021-11-07,100.0,100.0,100.0,100.0,,98.0,100.0,100.0,100.0
LA,2021,34,45,2021-11-14,100.0,100.0,100.0,100.0,,100.0,100.0,100.0,100.0
LA,2021,35,46,2021-11-21,100.0,100.0,100.0,100.0,,100.0,100.0,100.0,100.0
LA,2022,1,12,2022-03-27,0.0,0.0,0.0,0.0,,0.0,0.0,0.0,0.0
LA,2022,2,13,2022-04-03,0.0,0.0,0.0,0.0,,0.0,0.0,5.0,0.0
LA,2022,3,14,2022-04-10,0.0,0.0,0.0,1.0,,0.0,0.0,15.0,0.0
LA,2022,4,15,2022-04-17,0.0,0.0,0.0,8.0,,0.0,0.0,23.0,0.0
LA,2022,5,16,2022-04-24,0.0,0.0,0.0,20.0,,0.0,0.0,39.0,0.0
LA,2022,6,17,2022-05-01,0.0,0.0,0.0,36.0,,0.0,0.0,59.0,0.0
LA,2022,7,18,2022-05-08,0.0,0.0,0.0,55.0,,0.0,0.0,72.0,0.0
LA,2022,8,19,2022-05-15,0.0,0.0,0.0,70.0,,0.0,0.0,89.0,0.0
LA,2022,9,20,2022-05-22,1.0,0.0,0.0,88.0,,0.0,0.0,97.0,0.0
LA,2022,10,21,2022-05-29,6.0,0.0,0.0,96.0,,0.0,0.0,99.0,0.0
LA,2022,11,22,2022-06-05,24.0,0.0,0.0,98.0,,0.0,0.0,100.0,1.0
LA,2022,12,23,2022-06-12,59.0,0.0,0.0,99.0,,0.0,0.0,100.0,18.0
LA,2022,13,24,2022-06-19,72.0,0.0,0.0,100.0,,0.0,0.0,100.0,37.0
LA,2022,14,25,2022-06-26,82.0,0.0,0.0,100.0,,0.0,0.0,100.0,56.0
LA,2022,15,26,2022-07-03,85.0,0.0,0.0,100.0,,0.0,0.0,100.0,68.0
LA,2022,16,27,2022-07-10,93.0,0.0,0.0,100.0,,0.0,0.0,100.0,78.0
LA,2022,17,28,2022-07-17,96.0,5.0,0.0,100.0,,0.0,0.0,100.0,82.0
LA,2022,18,29,2022-07-24,97.0,11.0,1.0,100.0,,0.0,0.0,100.0,88.0
LA,2022,19,30,2022-07-31,98.0,21.0,9.0,100.0,,0.0,4.0,100.0,93.0
LA,2022,20,31,2022-08-07,100.0,34.0,14.0,100.0,,1.0,8.0,100.0,96.0
LA,2022,21,32,2022-08-14,100.0,54.0,29.0,100.0,,6.0,13.0,100.0,99.0
LA,2022,22,33,2022-08-21,100.0,64.0,38.0,100.0,,12.0,27.0,100.0,100.0
LA,2022,23,34,2022-08-28,100.0,74.0,55.0,100.0,,19.0,36.0,100.0,100.0
LA,2022,24,35,2022-09-04,100.0,81.0,68.0,100.0,,31.0,52.0,100.0,100.0
LA,2022,25,36,2022-09-11,100.0,88.0,74.0,100.0,,41.0,65.0,100.0,100.0
LA,2022,26,37,2022-09-18,100.0,92.0,82.0,100.0,,48.0,71.0,100.0,100.0
LA,2022,27,38,2022-09-25,100.0,98.0,90.0,100.0,,68.0,80.0,100.0,100.0
LA,2022,28,39,2022-10-02,100.0,100.0,97.0,100.0,,77.0,88.0,100.0,100.0
LA,2022,29,40,2022-10-09,100.0,100.0,99.0,100.0,,87.0,96.0,100.0,100.0
LA,2022,30,41,2022-10-16,100.0,100.0,100.0,100.0,,93.0,98.0,100.0,100.0
LA,2022,31,42,2022-10-23,100.0,100.0,100.0,100.0,,96.0,100.0,100.0,100.0
LA,2022,32,43,2022-10-30,100.0,100.0,100.0,100.0,,98.0,100.0,100.0,100.0
LA,2022,33,44,2022-11-06,100.0,100.0,100.0,100.0,,100.0,100.0,100.0,100.0
LA,2022,34,45,2022-11-13,100.0,100.0,100.0,100.0,,100.0,100.0,100.0,100.0
LA,2022,35,46,2022-11-20,100.0,100.0,100.0,100.0,,100.0,100.0,100.0,100.0
LA,2023,1,12,2023-03-26,0.0,0.0,0.0,1.0,,0.0,0.0,5.0,0.0
LA,2023,2,13,2023-04-02,0.0,0.0,0.0,4.0,,0.0,0.0,11.0,0.0
LA,2023,3,14,2023-04-09,0.0,0.0,0.0,10.0,,0.0,0.0,19.0,0.0
LA,2023,4,15,2023-04-16,0.0,0.0,0.0,16.0,,0.0,0.0,30.0,0.0
LA,2023,5,16,2023-04-23,0.0,0.0,0.0,23.0,,0.0,0.0,41.0,0.0
LA,2023,6,17,2023-04-30,0.0,0.0,0.0,39.0,,0.0,0.0,59.0,0.0
LA,2023,7,18,2023-05-07,0.0,0.0,0.0,56.0,,0.0,0.0,71.0,0.0
LA,2023,8,19,2023-05-14,0.0,0.0,0.0,66.0,,0.0,0.0,78.0,0.0
LA,2023,9,20,2023-05-21,5.0,0.0,0.0,77.0,,0.0,0.0,84.0,0.0
LA,2023,10,21,2023-05-28,12.0,0.0,0.0,83.0,,0.0,0.0,92.0,0.0
LA,2023,11,22,2023-06-04,34.0,0.0,0.0,91.0,,0.0,0.0,96.0,0.0
LA,2023,12,23,2023-06-11,46.0,0.0,0.0,95.0,,0.0,0.0,99.0,8.0
LA,2023,13,24,2023-06-18,62.0,0.0,0.0,98.0,,0.0,0.0,100.0,17.0
LA,2023,14,25,2023-06-25,68.0,0.0,0.0,100.0,,0.0,0.0,100.0,23.0
LA,2023,15,26,2023-07-02,73.0,0.0,0.0,100.0,,0.0,0.0,100.0,29.0
LA,2023,16,27,2023-07-09,85.0,0.0,0.0,100.0,,0.0,0.0,100.0,53.0
LA,2023,17,28,2023-07-16,92.0,6.0,0.0,100.0,,0.0,0.0,100.0,70.0
LA,2023,18,29,2023-07-23,96.0,14.0,2.0,100.0,,0.0,0.0,100.0,86.0
LA,2023,19,30,2023-07-30,99.0,16.0,8.0,100.0,,0.0,1.0,100.0,88.0
LA,2023,20,31,2023-08-06,100.0,25.0,14.0,100.0,,0.0,7.0,100.0,91.0
LA,2023,21,32,2023-08-13,100.0,33.0,23.0,100.0,,4.0,13.0,100.0,96.0
LA,2023,22,33,2023-08-20,100.0,62.0,31.0,100.0,,12.0,20.0,100.0,99.0
LA,2023,23,34,2023-08-27,100.0,77.0,51.0,100.0,,19.0,29.0,100.0,100.0
LA,2023,24,35,2023-09-03,100.0,85.0,74.0,100.0,,28.0,50.0,100.0,100.0
LA,2023,25,36,2023-09-10,100.0,89.0,81.0,100.0,,45.0,70.0,100.0,100.0
LA,2023,26,37,2023-09-17,100.0,96.0,88.0,100.0,,66.0,80.0,100.0,100.0
LA,2023,27,38,2023-09-24,100.0,98.0,95.0,100.0,,79.0,87.0,100.0,100.0
LA,2023,28,39,2023-10-01,100.0,100.0,97.0,100.0,,86.0,94.0,100.0,100.0
LA,2023,29,40,2023-10-08,100.0,100.0,100.0,100.0,,93.0,96.0,100.0,100.0
LA,2023,30,41,2023-10-15,100.0,100.0,100.0,100.0,,95.0,99.0,100.0,100.0
LA,2023,31,42,2023-10-22,100.0,100.0,100.0,100.0,,98.0,100.0,100.0,100.0
LA,2023,32,43,2023-10-29,100.0,100.0,100.0,100.0,,100.0,100.0,100.0,100.0
LA,2023,33,44,2023-11-05,100.0,100.0,100.0,100.0,,100.0,100.0,100.0,100.0
LA,2023,34,45,2023-11-12,100.0,100.0,100.0,100.0,,100.0,100.0,100.0,100.0
LA,2024,1,12,2024-03-24,0.0,0.0,0.0,0.0,,0.0,0.0,1.0,0.0
LA,2024,2,13,2024-03-31,0.0,0.0,0.0,0.0,,0.0,0.0,9.0,0.0
LA,2024,3,14,2024-04-07,0.0,0.0,0.0,3.0,,0.0,0.0,13.0,0.0
LA,2024,4,15,2024-04-14,0.0,0.0,0.0,10.0,,0.0,0.0,20.0,0.0
LA,2024,5,16,2024-04-21,0.0,0.0,0.0,19.0,,0.0,0.0,42.0,0.0
LA,2024,6,17,2024-04-28,0.0,0.0,0.0,28.0,,0.0,0.0,49.0,0.0
LA,2024,7,18,2024-05-05,0.0,0.0,0.0,46.0,,0.0,0.0,60.0,0.0
LA,2024,8,19,2024-05-12,0.0,0.0,0.0,56.0,,0.0,0.0,69.0,0.0
LA,2024,9,20,2024-05-19,2.0,0.0,0.0,65.0,,0.0,0.0,79.0,0.0
LA,2024,10,21,2024-05-26,5.0,0.0,0.0,77.0,,0.0,0.0,85.0,0.0
LA,2024,11,22,2024-06-02,27.0,0.0,0.0,83.0,,0.0,0.0,90.0,0.0
LA,2024,12,23,2024-06-09,32.0,0.0,0.0,88.0,,0.0,0.0,92.0,5.0
LA,2024,13,24,2024-06-16,42.0,0.0,0.0,91.0,,0.0,0.0,95.0,9.0
LA,2024,14,25,2024-06-23,48.0,0.0,0.0,94.0,,0.0,0.0,98.0,16.0
LA,2024,15,26,2024-06-30,60.0,0.0,0.0,96.0,,0.0,0.0,100.0,28.0
LA,2024,16,27,2024-07-07,77.0,0.0,0.0,99.0,,0.0,0.0,100.0,45.0
LA,2024,17,28,2024-07-14,90.0,0.0,0.0,100.0,,0.0,0.0,100.0,59.0
LA,2024,18,29,2024-07-21,92.0,9.0,0.0,100.0,,0.0,0.0,100.0,70.0
LA,2024,19,30,2024-07-28,96.0,18.0,2.0,100.0,,0.0,0.0,100.0,79.0
LA,2024,20,31,2024-08-04,99.0,24.0,10.0,100.0,,0.0,1.0,100.0,90.0
LA,2024,21,32,2024-08-11,100.0,35.0,22.0,100.0,,1.0,9.0,100.0,93.0
LA,2024,22,33,2024-08-18,100.0,43.0,30.0,100.0,,8.0,20.0,100.0,94.0
LA,2024,23,34,2024-08-25,100.0,62.0,40.0,100.0,,17.0,29.0,100.0,95.0
LA,2024,24,35,2024-09-01,100.0,69.0,60.0,100.0,,25.0,45.0,100.0,97.0
LA,2024,25,36,2024-09-08,100.0,77.0,68.0,100.0,,40.0,59.0,100.0,100.0
LA,2024,26,37,2024-09-15,100.0,81.0,74.0,100.0,,46.0,65.0,100.0,100.0
LA,2024,27,38,2024-09-22,100.0,86.0,79.0,100.0,,63.0,72.0,100.0,100.0
LA,2024,28,39,2024-09-29,100.0,98.0,85.0,100.0,,71.0,78.0,100.0,100.0
LA,2024,29,40,2024-10-06,100.0,100.0,97.0,100.0,,77.0,84.0,100.0,100.0
LA,2024,30,41,2024-10-13,100.0,100.0,99.0,100.0,,82.0,96.0,100.0,100.0
LA,2024,31,42,2024-10-20,100.0,100.0,100.0,100.0,,94.0,98.0,100.0,100.0
LA,2024,32,43,2024-10-27,100.0,100.0,100.0,100.0,,97.0,100.0,100.0,100.0
LA,2024,33,44,2024-11-03,100.0,100.0,100.0,100.0,,99.0,100.0,100.0,100.0
LA,2024,34,45,2024-11-10,100.0,100.0,100.0,100.0,,100.0,100.0,100.0,100.0
LA,2025,1,12,2025-03-23,0.0,0.0,0.0,0.0,,0.0,0.0,0.0,0.0
LA,2025,2,13,2025-03-30,0.0,0.0,0.0,0.0,,0.0,0.0,6.0,0.0
LA,2025,3,14,2025-04-06,0.0,0.0,0.0,2.0,,0.0,0.0,11.0,0.0
LA,2025,4,15,2025-04-13,0.0,0.0,0.0,7.0,,0.0,0.0,22.0,0.0
LA,2025,5,16,2025-04-20,0.0,0.0,0.0,16.0,,0.0,0.0,56.0,0.0
LA,2025,6,17,2025-04-27,0.0,0.0,0.0,38.0,,0.0,0.0,70.0,0.0
LA,2025,7,18,2025-05-04,0.0,0.0,0.0,57.0,,0.0,0.0,80.0,0.0
LA,2025,8,19,2025-05-11,2.0,0.0,0.0,71.0,,0.0,0.0,81.0,0.0
LA,2025,9,20,2025-05-18,9.0,0.0,0.0,80.0,,0.0,0.0,89.0,0.0
LA,2025,10,21,2025-05-25,18.0,0.0,0.0,86.0,,0.0,0.0,94.0,2.0
LA,2025,11,22,2025-06-01,25.0,0.0,0.0,90.0,,0.0,0.0,96.0,4.0
LA,2025,12,23,2025-06-08,45.0,0.0,0.0,95.0,,0.0,0.0,98.0,10.0
LA,2025,13,24,2025-06-15,57.0,0.0,0.0,97.0,,0.0,0.0,100.0,28.0
LA,2025,14,25,2025-06-22,75.0,0.0,0.0,99.0,,0.0,0.0,100.0,35.0
LA,2025,15,26,2025-06-29,87.0,0.0,0.0,100.0,,0.0,0.0,100.0,40.0
LA,2025,16,27,2025-07-06,94.0,0.0,0.0,100.0,,0.0,0.0,100.0,64.0
LA,2025,17,28,2025-07-13,96.0,4.0,0.0,100.0,,0.0,0.0,100.0,82.0
LA,2025,18,29,2025-07-20,99.0,8.0,1.0,100.0,,0.0,0.0,100.0,87.0
LA,2025,19,30,2025-07-27,100.0,29.0,6.0,100.0,,0.0,0.0,100.0,89.0
LA,2025,20,31,2025-08-03,100.0,43.0,18.0,100.0,,0.0,3.0,100.0,92.0
LA,2025,21,32,2025-08-10,100.0,54.0,34.0,100.0,,2.0,13.0,100.0,94.0
LA,2025,22,33,2025-08-17,100.0,64.0,40.0,100.0,,11.0,27.0,100.0,97.0
LA,2025,23,34,2025-08-24,100.0,74.0,58.0,100.0,,23.0,37.0,100.0,99.0
LA,2025,24,35,2025-08-31,100.0,84.0,71.0,100.0,,35.0,56.0,100.0,100.0
LA,2025,25,36,2025-09-07,100.0,88.0,78.0,100.0,,50.0,68.0,100.0,100.0
LA,2025,26,37,2025-09-14,100.0,92.0,84.0,100.0,,63.0,76.0,100.0,100.0
LA,2025,27,38,2025-09-21,100.0,94.0,90.0,100.0,,74.0,82.0,100.0,100.0
LA,2025,28,39,2025-09-28,100.0,96.0,93.0,100.0,,78.0,88.0,100.0,100.0
LA,2025,35,46,2025-11-16,100.0,100.0,100.0,100.0,,100.0,100.0,100.0,100.0
MD,2016,8,19,2016-05-15,0.0,0.0,0.0,0.0,0.0,0.0,0.0,1.0,0.0
MD,2016,9,20,2016-05-22,0.0,0.0,0.0,1.0,0.0,0.0,0.0,8.0,0.0
MD,2016,10,21,2016-05-29,0.0,0.0,0.0,15.0,0.0,0.0,0.0,27.0,0.0
MD,2016,11,22,2016-06-05,0.0,0.0,0.0,21.0,0.0,0.0,0.0,38.0,0.0
MD,2016,12,23,2016-06-12,0.0,0.0,0.0,38.0,0.0,0.0,0.0,57.0,0.0
MD,2016,13,24,2016-06-19,0.0,0.0,0.0,57.0,0.0,0.0,0.0,77.0,0.0
MD,2016,14,25,2016-06-26,0.0,0.0,0.0,59.0,0.0,0.0,0.0,79.0,0.0
MD,2016,15,26,2016-07-03,1.0,0.0,0.0,62.0,0.0,0.0,0.0,82.0,0.0
MD,2016,16,27,2016-07-10,6.0,0.0,0.0,88.0,0.0,0.0,0.0,92.0,0.0
MD,2016,17,28,2016-07-17,17.0,0.0,0.0,94.0,0.0,0.0,0.0,95.0,8.0
MD,2016,18,29,2016-07-24,47.0,0.0,0.0,97.0,0.0,0.0,0.0,95.0,9.0
MD,2016,19,30,2016-07-31,50.0,0.0,0.0,97.0,0.0,0.0,0.0,95.0,30.0
MD,2016,20,31,2016-08-07,52.0,0.0,0.0,97.0,0.0,0.0,0.0,95.0,32.0
MD,2016,21,32,2016-08-14,78.0,0.0,0.0,97.0,5.0,0.0,0.0,95.0,62.0
MD,2016,22,33,2016-08-21,84.0,0.0,0.0,97.0,18.0,0.0,0.0,95.0,72.0
MD,2016,23,34,2016-08-28,88.0,0.0,0.0,97.0,32.0,0.0,0.0,95.0,75.0
MD,2016,24,35,2016-09-04,90.0,0.0,0.0,97.0,41.0,0.0,0.0,95.0,78.0
MD,2016,25,36,2016-09-11,95.0,17.0,0.0,97.0,65.0,0.0,0.0,95.0,87.0
MD,2016,26,37,2016-09-18,95.0,39.0,14.0,97.0,76.0,0.0,0.0,95.0,97.0
MD,2016,27,38,2016-09-25,95.0,64.0,50.0,97.0,97.0,0.0,25.0,95.0,97.0
MD,2016,28,39,2016-10-02,95.0,74.0,56.0,97.0,97.0,4.0,37.0,95.0,97.0
MD,2016,29,40,2016-10-09,95.0,94.0,84.0,97.0,97.0,20.0,65.0,95.0,97.0
MD,2016,30,41,2016-10-16,95.0,97.0,85.0,97.0,97.0,23.0,68.0,95.0,97.0
MD,2016,31,42,2016-10-23,95.0,97.0,92.0,97.0,97.0,45.0,85.0,95.0,97.0
MD,2016,32,43,2016-10-30,95.0,97.0,99.0,97.0,97.0,60.0,94.0,95.0,97.0
MD,2016,33,44,2016-11-06,95.0,97.0,99.0,97.0,97.0,73.0,97.0,95.0,97.0
MD,2016,34,45,2016-11-13,95.0,97.0,99.0,97.0,97.0,79.0,97.0,95.0,97.0
MD,2016,35,46,2016-11-20,95.0,97.0,99.0,97.0,97.0,85.0,97.0,95.0,97.0
MD,2016,36,47,2016-11-27,95.0,97.0,99.0,97.0,97.0,98.0,97.0,95.0,97.0
MD,2017,6,17,2017-04-30,0.0,0.0,0.0,0.0,0.0,0.0,0.0,1.0,0.0
MD,2017,7,18,2017-05-07,0.0,0.0,0.0,0.0,0.0,0.0,0.0,7.0,0.0
MD,2017,8,19,2017-05-14,0.0,0.0,0.0,0.0,0.0,0.0,0.0,15.0,0.0
MD,2017,9,20,2017-05-21,0.0,0.0,0.0,4.0,0.0,0.0,0.0,28.0,0.0
MD,2017,10,21,2017-05-28,0.0,0.0,0.0,17.0,0.0,0.0,0.0,46.0,0.0
MD,2017,11,22,2017-06-04,0.0,0.0,0.0,31.0,0.0,0.0,0.0,56.0,0.0
MD,2017,12,23,2017-06-11,0.0,0.0,0.0,46.0,0.0,0.0,0.0,62.0,0.0
MD,2017,13,24,2017-06-18,0.0,0.0,0.0,56.0,0.0,0.0,0.0,67.0,0.0
MD,2017,14,25,2017-06-25,0.0,0.0,0.0,61.0,0.0,0.0,0.0,69.0,0.0
MD,2017,15,26,2017-07-02,0.0,0.0,0.0,65.0,0.0,0.0,0.0,73.0,0.0
MD,2017,16,27,2017-07-09,1.0,0.0,0.0,76.0,0.0,0.0,0.0,85.0,0.0
MD,2017,17,28,2017-07-16,24.0,0.0,0.0,88.0,0.0,0.0,0.0,92.0,10.0
MD,2017,18,29,2017-07-23,45.0,0.0,0.0,100.0,0.0,0.0,0.0,100.0,17.0
MD,2017,19,30,2017-07-30,45.0,0.0,0.0,100.0,0.0,0.0,0.0,100.0,30.0
MD,2017,20,31,2017-08-06,48.0,0.0,0.0,100.0,0.0,0.0,0.0,100.0,33.0
MD,2017,21,32,2017-08-13,57.0,0.0,0.0,100.0,13.0,0.0,0.0,100.0,36.0
MD,2017,22,33,2017-08-20,71.0,0.0,0.0,100.0,25.0,0.0,0.0,100.0,57.0
MD,2017,23,34,2017-08-27,74.0,0.0,0.0,100.0,31.0,0.0,0.0,100.0,60.0
MD,2017,24,35,2017-09-03,77.0,0.0,0.0,100.0,32.0,0.0,0.0,100.0,63.0
MD,2017,25,36,2017-09-10,93.0,5.0,0.0,100.0,61.0,0.0,0.0,100.0,83.0
MD,2017,26,37,2017-09-17,100.0,22.0,2.0,100.0,64.0,0.0,0.0,100.0,89.0
MD,2017,27,38,2017-09-24,100.0,34.0,16.0,100.0,67.0,0.0,2.0,100.0,92.0
MD,2017,28,39,2017-10-01,100.0,42.0,26.0,100.0,70.0,0.0,12.0,100.0,95.0
MD,2017,29,40,2017-10-08,100.0,52.0,41.0,100.0,82.0,2.0,16.0,100.0,100.0
MD,2017,30,41,2017-10-15,100.0,63.0,54.0,100.0,88.0,9.0,36.0,100.0,100.0
MD,2017,31,42,2017-10-22,100.0,98.0,95.0,100.0,100.0,44.0,79.0,100.0,100.0
MD,2017,32,43,2017-10-29,100.0,98.0,95.0,100.0,100.0,45.0,82.0,100.0,100.0
MD,2017,33,44,2017-11-05,100.0,98.0,95.0,100.0,100.0,54.0,90.0,100.0,100.0
MD,2017,34,45,2017-11-12,100.0,98.0,95.0,100.0,100.0,57.0,93.0,100.0,100.0
MD,2017,35,46,2017-11-19,100.0,98.0,95.0,100.0,100.0,73.0,100.0,100.0,100.0
MD,2017,36,47,2017-11-26,100.0,98.0,95.0,100.0,100.0,78.0,100.0,100.0,100.0
MD,2018,7,18,2018-05-06,0.0,0.0,0.0,0.0,0.0,0.0,0.0,1.0,0.0
MD,2018,8,19,2018-05-13,0.0,0.0,0.0,0.0,0.0,0.0,0.0,10.0,0.0
MD,2018,9,20,2018-05-20,0.0,0.0,0.0,3.0,0.0,0.0,0.0,29.0,0.0
MD,2018,10,21,2018-05-27,0.0,0.0,0.0,14.0,0.0,0.0,0.0,32.0,0.0
MD,2018,11,22,2018-06-03,0.0,0.0,0.0,17.0,0.0,0.0,0.0,35.0,0.0
MD,2018,12,23,2018-06-10,0.0,0.0,0.0,32.0,0.0,0.0,0.0,55.0,0.0
MD,2018,13,24,2018-06-17,0.0,0.0,0.0,38.0,0.0,0.0,0.0,58.0,0.0
MD,2018,14,25,2018-06-24,0.0,0.0,0.0,51.0,0.0,0.0,0.0,68.0,0.0
MD,2018,15,26,2018-07-01,0.0,0.0,0.0,54.0,0.0,0.0,0.0,71.0,0.0
MD,2018,16,27,2018-07-08,0.0,0.0,0.0,66.0,0.0,0.0,0.0,82.0,0.0
MD,2018,17,28,2018-07-15,6.0,0.0,0.0,74.0,0.0,0.0,0.0,87.0,0.0
MD,2018,18,29,2018-07-22,15.0,0.0,0.0,77.0,0.0,0.0,0.0,93.0,4.0
MD,2018,19,30,2018-07-29,21.0,0.0,0.0,87.0,0.0,0.0,0.0,96.0,7.0
MD,2018,20,31,2018-08-05,37.0,0.0,0.0,96.0,0.0,0.0,0.0,100.0,14.0
MD,2018,21,32,2018-08-12,48.0,0.0,0.0,100.0,3.0,0.0,0.0,100.0,22.0
MD,2018,22,33,2018-08-19,60.0,0.0,0.0,100.0,9.0,0.0,0.0,100.0,41.0
MD,2018,23,34,2018-08-26,82.0,0.0,0.0,100.0,38.0,0.0,0.0,100.0,67.0
MD,2018,24,35,2018-09-02,87.0,0.0,0.0,100.0,43.0,0.0,0.0,100.0,69.0
MD,2018,25,36,2018-09-09,92.0,0.0,0.0,100.0,56.0,0.0,0.0,100.0,76.0
MD,2018,26,37,2018-09-16,96.0,5.0,0.0,100.0,73.0,0.0,0.0,100.0,93.0
MD,2018,27,38,2018-09-23,96.0,25.0,0.0,100.0,90.0,0.0,0.0,100.0,99.0
MD,2018,28,39,2018-09-30,96.0,45.0,0.0,100.0,98.0,0.0,17.0,100.0,99.0
MD,2018,29,40,2018-10-07,96.0,67.0,35.0,100.0,100.0,0.0,26.0,100.0,99.0
MD,2018,30,41,2018-10-14,96.0,86.0,58.0,100.0,100.0,8.0,37.0,100.0,99.0
MD,2018,31,42,2018-10-21,96.0,95.0,85.0,100.0,100.0,20.0,58.0,100.0,99.0
MD,2018,32,43,2018-10-28,96.0,95.0,95.0,100.0,100.0,40.0,85.0,100.0,99.0
MD,2018,33,44,2018-11-04,96.0,95.0,95.0,100.0,100.0,59.0,94.0,100.0,99.0
MD,2018,34,45,2018-11-11,96.0,95.0,95.0,100.0,100.0,60.0,97.0,100.0,99.0
MD,2018,35,46,2018-11-18,96.0,95.0,95.0,100.0,100.0,62.0,97.0,100.0,99.0
MD,2018,36,47,2018-11-25,96.0,95.0,95.0,100.0,100.0,72.0,97.0,100.0,99.0
MD,2019,6,17,2019-04-28,0.0,0.0,0.0,0.0,0.0,0.0,0.0,1.0,0.0
MD,2019,7,18,2019-05-05,0.0,0.0,0.0,0.0,0.0,0.0,0.0,8.0,0.0
MD,2019,8,19,2019-05-12,0.0,0.0,0.0,0.0,0.0,0.0,0.0,18.0,0.0
MD,2019,9,20,2019-05-19,0.0,0.0,0.0,0.0,0.0,0.0,0.0,31.0,0.0
MD,2019,10,21,2019-05-26,0.0,0.0,0.0,11.0,0.0,0.0,0.0,35.0,0.0
MD,2019,11,22,2019-06-02,0.0,0.0,0.0,35.0,0.0,0.0,0.0,56.0,0.0
MD,2019,12,23,2019-06-09,0.0,0.0,0.0,56.0,0.0,0.0,0.0,82.0,0.0
MD,2019,13,24,2019-06-16,0.0,0.0,0.0,81.0,0.0,0.0,0.0,86.0,0.0
MD,2019,14,25,2019-06-23,0.0,0.0,0.0,83.0,0.0,0.0,0.0,87.0,0.0
MD,2019,15,26,2019-06-30,0.0,0.0,0.0,87.0,0.0,0.0,0.0,93.0,0.0
MD,2019,16,27,2019-07-07,0.0,0.0,0.0,93.0,0.0,0.0,0.0,97.0,0.0
MD,2019,17,28,2019-07-14,26.0,0.0,0.0,96.0,0.0,0.0,0.0,97.0,0.0
MD,2019,18,29,2019-07-21,55.0,0.0,0.0,96.0,0.0,0.0,0.0,97.0,10.0
MD,2019,19,30,2019-07-28,68.0,0.0,0.0,96.0,0.0,0.0,0.0,97.0,18.0
MD,2019,20,31,2019-08-04,73.0,0.0,0.0,96.0,0.0,0.0,0.0,97.0,27.0
MD,2019,21,32,2019-08-11,82.0,0.0,0.0,96.0,0.0,0.0,0.0,97.0,49.0
MD,2019,22,33,2019-08-18,95.0,0.0,0.0,96.0,5.0,0.0,0.0,97.0,66.0
MD,2019,23,34,2019-08-25,95.0,0.0,0.0,96.0,15.0,0.0,0.0,97.0,72.0
MD,2019,24,35,2019-09-01,95.0,0.0,0.0,96.0,43.0,0.0,0.0,97.0,81.0
MD,2019,25,36,2019-09-08,95.0,0.0,0.0,96.0,72.0,0.0,0.0,97.0,93.0
MD,2019,26,37,2019-09-15,95.0,24.0,0.0,96.0,93.0,0.0,0.0,97.0,97.0
MD,2019,27,38,2019-09-22,95.0,65.0,11.0,96.0,96.0,0.0,0.0,97.0,97.0
MD,2019,28,39,2019-09-29,95.0,78.0,40.0,96.0,99.0,2.0,17.0,97.0,97.0
MD,2019,29,40,2019-10-06,95.0,90.0,69.0,96.0,100.0,15.0,40.0,97.0,97.0
MD,2019,30,41,2019-10-13,95.0,95.0,89.0,96.0,100.0,25.0,69.0,97.0,97.0
MD,2019,31,42,2019-10-20,95.0,95.0,98.0,96.0,100.0,40.0,87.0,97.0,97.0
MD,2019,32,43,2019-10-27,95.0,95.0,98.0,96.0,100.0,54.0,95.0,97.0,97.0
MD,2019,33,44,2019-11-03,95.0,95.0,98.0,96.0,100.0,64.0,95.0,97.0,97.0
MD,2019,34,45,2019-11-10,95.0,95.0,98.0,96.0,100.0,83.0,95.0,97.0,97.0
MD,2019,35,46,2019-11-17,95.0,95.0,98.0,96.0,100.0,92.0,95.0,97.0,97.0
MD,2019,36,47,2019-11-24,95.0,95.0,98.0,96.0,100.0,96.0,95.0,97.0,97.0
MD,2019,37,48,2019-12-01,95.0,95.0,98.0,96.0,100.0,98.0,95.0,97.0,97.0
MD,2020,8,19,2020-05-10,0.0,0.0,0.0,0.0,0.0,0.0,0.0,9.0,0.0
MD,2020,9,20,2020-05-17,0.0,0.0,0.0,0.0,0.0,0.0,0.0,15.0,0.0
MD,2020,10,21,2020-05-24,0.0,0.0,0.0,0.0,0.0,0.0,0.0,19.0,0.0
MD,2020,11,22,2020-05-31,0.0,0.0,0.0,0.0,0.0,0.0,0.0,64.0,0.0
MD,2020,12,23,2020-06-07,0.0,0.0,0.0,31.0,0.0,0.0,0.0,80.0,0.0
MD,2020,13,24,2020-06-14,0.0,0.0,0.0,64.0,0.0,0.0,0.0,86.0,0.0
MD,2020,14,25,2020-06-21,0.0,0.0,0.0,70.0,0.0,0.0,0.0,90.0,0.0
MD,2020,15,26,2020-06-28,1.0,0.0,0.0,74.0,0.0,0.0,0.0,93.0,0.0
MD,2020,16,27,2020-07-05,2.0,0.0,0.0,77.0,0.0,0.0,0.0,99.0,0.0
MD,2020,17,28,2020-07-12,11.0,0.0,0.0,95.0,0.0,0.0,0.0,99.0,0.0
MD,2020,18,29,2020-07-19,40.0,0.0,0.0,95.0,0.0,0.0,0.0,99.0,2.0
MD,2020,19,30,2020-07-26,45.0,0.0,0.0,95.0,0.0,0.0,0.0,99.0,25.0
MD,2020,20,31,2020-08-02,76.0,0.0,0.0,95.0,0.0,0.0,0.0,99.0,33.0
MD,2020,21,32,2020-08-09,81.0,0.0,0.0,95.0,0.0,0.0,0.0,99.0,40.0
MD,2020,22,33,2020-08-16,88.0,0.0,0.0,95.0,0.0,0.0,0.0,99.0,55.0
MD,2020,23,34,2020-08-23,88.0,0.0,0.0,95.0,26.0,0.0,0.0,99.0,70.0
MD,2020,24,35,2020-08-30,88.0,0.0,0.0,95.0,39.0,0.0,0.0,99.0,85.0
MD,2020,25,36,2020-09-06,88.0,0.0,0.0,95.0,65.0,0.0,0.0,99.0,95.0
MD,2020,26,37,2020-09-13,88.0,0.0,0.0,95.0,93.0,0.0,0.0,99.0,95.0
MD,2020,27,38,2020-09-20,88.0,27.0,7.0,95.0,98.0,1.0,0.0,99.0,95.0
MD,2020,28,39,2020-09-27,88.0,74.0,30.0,95.0,98.0,5.0,0.0,99.0,95.0
MD,2020,29,40,2020-10-04,88.0,92.0,52.0,95.0,98.0,12.0,0.0,99.0,95.0
MD,2020,30,41,2020-10-11,88.0,94.0,72.0,95.0,98.0,22.0,0.0,99.0,95.0
MD,2020,31,42,2020-10-18,88.0,97.0,85.0,95.0,98.0,32.0,0.0,99.0,95.0
MD,2020,32,43,2020-10-25,88.0,97.0,96.0,95.0,98.0,36.0,0.0,99.0,95.0
MD,2020,33,44,2020-11-01,88.0,97.0,96.0,95.0,98.0,41.0,96.0,99.0,95.0
MD,2020,34,45,2020-11-08,88.0,97.0,96.0,95.0,98.0,68.0,96.0,99.0,95.0
MD,2020,35,46,2020-11-15,88.0,97.0,96.0,95.0,98.0,73.0,96.0,99.0,95.0
MD,2020,36,47,2020-11-22,88.0,97.0,96.0,95.0,98.0,85.0,96.0,99.0,95.0
MD,2020,37,48,2020-11-29,88.0,97.0,96.0,95.0,98.0,88.0,96.0,99.0,95.0
MD,2021,4,15,2021-04-18,0.0,0.0,0.0,0.0,0.0,0.0,,0.0,0.0
MD,2021,5,16,2021-04-25,0.0,0.0,0.0,0.0,0.0,0.0,,3.0,0.0
MD,2021,6,17,2021-05-02,0.0,0.0,0.0,0.0,0.0,0.0,,11.0,0.0
MD,2021,7,18,2021-05-09,0.0,0.0,0.0,2.0,0.0,0.0,,15.0,0.0
MD,2021,8,19,2021-05-16,0.0,0.0,0.0,18.0,0.0,0.0,,32.0,0.0
MD,2021,9,20,2021-05-23,0.0,0.0,0.0,23.0,0.0,0.0,,44.0,0.0
MD,2021,10,21,2021-05-30,0.0,0.0,0.0,34.0,0.0,0.0,,57.0,0.0
MD,2021,11,22,2021-06-06,0.0,0.0,0.0,37.0,0.0,0.0,,76.0,0.0
MD,2021,12,23,2021-06-13,0.0,0.0,0.0,51.0,0.0,0.0,,81.0,0.0
MD,2021,13,24,2021-06-20,0.0,0.0,0.0,65.0,0.0,0.0,,83.0,0.0
MD,2021,14,25,2021-06-27,0.0,0.0,0.0,83.0,0.0,0.0,,84.0,0.0
MD,2021,15,26,2021-07-04,0.0,0.0,0.0,84.0,0.0,0.0,,91.0,0.0
MD,2021,16,27,2021-07-11,0.0,0.0,0.0,88.0,0.0,0.0,,93.0,0.0
MD,2021,17,28,2021-07-18,11.0,0.0,0.0,93.0,0.0,0.0,,96.0,0.0
MD,2021,18,29,2021-07-25,31.0,0.0,0.0,100.0,0.0,0.0,,96.0,9.0
MD,2021,19,30,2021-08-01,68.0,0.0,0.0,100.0,0.0,0.0,,96.0,31.0
MD,2021,20,31,2021-08-08,75.0,0.0,0.0,100.0,0.0,0.0,,96.0,49.0
MD,2021,21,32,2021-08-15,84.0,0.0,0.0,100.0,0.0,0.0,,96.0,54.0
MD,2021,22,33,2021-08-22,96.0,0.0,0.0,100.0,50.0,0.0,,96.0,79.0
MD,2021,23,34,2021-08-29,96.0,0.0,0.0,100.0,72.0,0.0,,96.0,99.0
MD,2021,24,35,2021-09-05,96.0,0.0,0.0,100.0,80.0,0.0,,96.0,99.0
MD,2021,25,36,2021-09-12,96.0,0.0,0.0,100.0,89.0,0.0,,96.0,99.0
MD,2021,26,37,2021-09-19,96.0,18.0,5.0,100.0,96.0,0.0,,96.0,99.0
MD,2021,27,38,2021-09-26,96.0,53.0,22.0,100.0,96.0,1.0,,96.0,99.0
MD,2021,28,39,2021-10-03,96.0,58.0,33.0,100.0,96.0,7.0,,96.0,99.0
MD,2021,29,40,2021-10-10,96.0,95.0,40.0,100.0,96.0,11.0,,96.0,99.0
MD,2021,30,41,2021-10-17,96.0,95.0,80.0,100.0,96.0,36.0,,96.0,99.0
MD,2021,31,42,2021-10-24,96.0,95.0,88.0,100.0,96.0,39.0,,96.0,99.0
MD,2021,32,43,2021-10-31,96.0,95.0,93.0,100.0,96.0,47.0,,96.0,99.0
MD,2021,33,44,2021-11-07,96.0,95.0,96.0,100.0,96.0,64.0,,96.0,99.0
MD,2021,34,45,2021-11-14,96.0,95.0,96.0,100.0,96.0,72.0,,96.0,99.0
MD,2021,35,46,2021-11-21,96.0,95.0,96.0,100.0,96.0,85.0,,96.0,99.0
MD,2021,36,47,2021-11-28,96.0,95.0,96.0,100.0,96.0,95.0,,96.0,99.0
MD,2022,6,17,2022-05-01,0.0,0.0,0.0,0.0,0.0,0.0,,1.0,0.0
MD,2022,7,18,2022-05-08,0.0,0.0,0.0,0.0,0.0,0.0,,15.0,0.0
MD,2022,8,19,2022-05-15,0.0,0.0,0.0,0.0,0.0,0.0,,28.0,0.0
MD,2022,9,20,2022-05-22,0.0,0.0,0.0,13.0,0.0,0.0,,32.0,0.0
MD,2022,10,21,2022-05-29,0.0,0.0,0.0,30.0,0.0,0.0,,60.0,0.0
MD,2022,11,22,2022-06-05,0.0,0.0,0.0,69.0,0.0,0.0,,75.0,0.0
MD,2022,12,23,2022-06-12,0.0,0.0,0.0,77.0,0.0,0.0,,81.0,0.0
MD,2022,13,24,2022-06-19,0.0,0.0,0.0,78.0,0.0,0.0,,88.0,0.0
MD,2022,14,25,2022-06-26,0.0,0.0,0.0,84.0,0.0,0.0,,92.0,0.0
MD,2022,15,26,2022-07-03,0.0,0.0,0.0,91.0,0.0,0.0,,100.0,0.0
MD,2022,16,27,2022-07-10,8.0,0.0,0.0,95.0,0.0,0.0,,100.0,0.0
MD,2022,17,28,2022-07-17,34.0,0.0,0.0,95.0,0.0,0.0,,100.0,0.0
MD,2022,18,29,2022-07-24,57.0,0.0,0.0,95.0,0.0,0.0,,100.0,0.0
MD,2022,19,30,2022-07-31,64.0,0.0,0.0,95.0,0.0,0.0,,100.0,8.0
MD,2022,20,31,2022-08-07,81.0,0.0,0.0,95.0,0.0,0.0,,100.0,21.0
MD,2022,21,32,2022-08-14,92.0,0.0,0.0,95.0,0.0,0.0,,100.0,47.0
MD,2022,22,33,2022-08-21,96.0,0.0,0.0,95.0,0.0,0.0,,100.0,70.0
MD,2022,23,34,2022-08-28,96.0,0.0,0.0,95.0,21.0,0.0,,100.0,87.0
MD,2022,24,35,2022-09-04,96.0,0.0,0.0,95.0,63.0,0.0,,100.0,94.0
MD,2022,25,36,2022-09-11,96.0,0.0,0.0,95.0,76.0,0.0,,100.0,97.0
MD,2022,26,37,2022-09-18,96.0,34.0,0.0,95.0,90.0,0.0,,100.0,97.0
MD,2022,27,38,2022-09-25,96.0,73.0,29.0,95.0,95.0,0.0,,100.0,97.0
MD,2022,28,39,2022-10-02,96.0,89.0,47.0,95.0,95.0,0.0,,100.0,97.0
MD,2022,29,40,2022-10-09,96.0,98.0,76.0,95.0,95.0,10.0,,100.0,97.0
MD,2022,30,41,2022-10-16,96.0,98.0,86.0,95.0,95.0,20.0,,100.0,97.0
MD,2022,31,42,2022-10-23,96.0,98.0,87.0,95.0,95.0,25.0,,100.0,97.0
MD,2022,32,43,2022-10-30,96.0,98.0,96.0,95.0,95.0,31.0,,100.0,97.0
MD,2022,33,44,2022-11-06,96.0,98.0,96.0,95.0,95.0,50.0,,100.0,97.0
MD,2022,34,45,2022-11-13,96.0,98.0,96.0,95.0,95.0,61.0,,100.0,97.0
MD,2022,35,46,2022-11-20,96.0,98.0,96.0,95.0,95.0,80.0,,100.0,97.0
MD,2022,36,47,2022-11-27,96.0,98.0,96.0,95.0,95.0,96.0,,100.0,97.0
MD,2023,6,17,2023-04-30,0.0,0.0,0.0,0.0,0.0,0.0,,6.0,0.0
MD,2023,7,18,2023-05-07,0.0,0.0,0.0,2.0,0.0,0.0,,12.0,0.0
MD,2023,8,19,2023-05-14,0.0,0.0,0.0,19.0,0.0,0.0,,34.0,0.0
MD,2023,9,20,2023-05-21,0.0,0.0,0.0,39.0,0.0,0.0,,63.0,0.0
MD,2023,10,21,2023-05-28,0.0,0.0,0.0,60.0,0.0,0.0,,72.0,0.0
MD,2023,11,22,2023-06-04,0.0,0.0,0.0,73.0,0.0,0.0,,79.0,0.0
MD,2023,12,23,2023-06-11,0.0,0.0,0.0,78.0,0.0,0.0,,85.0,0.0
MD,2023,13,24,2023-06-18,0.0,0.0,0.0,83.0,0.0,0.0,,92.0,0.0
MD,2023,14,25,2023-06-25,0.0,0.0,0.0,87.0,0.0,0.0,,95.0,0.0
MD,2023,15,26,2023-07-02,0.0,0.0,0.0,96.0,0.0,0.0,,95.0,0.0
MD,2023,16,27,2023-07-09,8.0,0.0,0.0,96.0,0.0,0.0,,95.0,0.0
MD,2023,17,28,2023-07-16,12.0,0.0,0.0,96.0,0.0,0.0,,95.0,0.0
MD,2023,18,29,2023-07-23,28.0,0.0,0.0,96.0,0.0,0.0,,95.0,0.0
MD,2023,19,30,2023-07-30,45.0,0.0,0.0,96.0,0.0,0.0,,95.0,0.0
MD,2023,20,31,2023-08-06,67.0,0.0,0.0,96.0,0.0,0.0,,95.0,23.0
MD,2023,21,32,2023-08-13,74.0,0.0,0.0,96.0,0.0,0.0,,95.0,45.0
MD,2023,22,33,2023-08-20,89.0,0.0,0.0,96.0,18.0,0.0,,95.0,64.0
MD,2023,23,34,2023-08-27,95.0,0.0,0.0,96.0,31.0,0.0,,95.0,71.0
MD,2023,24,35,2023-09-03,95.0,0.0,0.0,96.0,43.0,0.0,,95.0,92.0
MD,2023,25,36,2023-09-10,95.0,0.0,0.0,96.0,48.0,0.0,,95.0,97.0
MD,2023,26,37,2023-09-17,95.0,32.0,0.0,96.0,72.0,0.0,,95.0,97.0
MD,2023,27,38,2023-09-24,95.0,51.0,0.0,96.0,95.0,0.0,,95.0,97.0
MD,2023,28,39,2023-10-01,95.0,73.0,14.0,96.0,97.0,0.0,,95.0,97.0
MD,2023,29,40,2023-10-08,95.0,85.0,46.0,96.0,100.0,5.0,,95.0,97.0
MD,2023,30,41,2023-10-15,95.0,91.0,61.0,96.0,100.0,21.0,,95.0,97.0
MD,2023,31,42,2023-10-22,95.0,97.0,81.0,96.0,100.0,39.0,,95.0,97.0
MD,2023,32,43,2023-10-29,95.0,97.0,96.0,96.0,100.0,59.0,,95.0,97.0
MD,2023,33,44,2023-11-05,95.0,97.0,96.0,96.0,100.0,73.0,,95.0,97.0
MD,2023,34,45,2023-11-12,95.0,97.0,96.0,96.0,100.0,84.0,,95.0,97.0
MD,2023,35,46,2023-11-19,95.0,97.0,96.0,96.0,100.0,94.0,,95.0,97.0
MD,2023,36,47,2023-11-26,95.0,97.0,96.0,96.0,100.0,96.0,,95.0,97.0
MD,2024,5,16,2024-04-21,0.0,0.0,0.0,0.0,0.0,0.0,,1.0,0.0
MD,2024,6,17,2024-04-28,0.0,0.0,0.0,0.0,0.0,0.0,,13.0,0.0
MD,2024,7,18,2024-05-05,0.0,0.0,0.0,0.0,0.0,0.0,,24.0,0.0
MD,2024,8,19,2024-05-12,0.0,0.0,0.0,12.0,0.0,0.0,,39.0,0.0
MD,2024,9,20,2024-05-19,0.0,0.0,0.0,29.0,0.0,0.0,,47.0,0.0
MD,2024,10,21,2024-05-26,0.0,0.0,0.0,48.0,0.0,0.0,,66.0,0.0
MD,2024,11,22,2024-06-02,0.0,0.0,0.0,63.0,0.0,0.0,,78.0,0.0
MD,2024,12,23,2024-06-09,0.0,0.0,0.0,70.0,0.0,0.0,,83.0,0.0
MD,2024,13,24,2024-06-16,0.0,0.0,0.0,78.0,0.0,0.0,,85.0,0.0
MD,2024,14,25,2024-06-23,0.0,0.0,0.0,85.0,0.0,0.0,,88.0,0.0
MD,2024,15,26,2024-06-30,2.0,0.0,0.0,88.0,0.0,0.0,,96.0,0.0
MD,2024,16,27,2024-07-07,14.0,0.0,0.0,98.0,0.0,0.0,,96.0,0.0
MD,2024,17,28,2024-07-14,28.0,0.0,0.0,98.0,0.0,0.0,,96.0,0.0
MD,2024,18,29,2024-07-21,41.0,0.0,0.0,98.0,0.0,0.0,,96.0,0.0
MD,2024,19,30,2024-07-28,66.0,0.0,0.0,98.0,0.0,0.0,,96.0,7.0
MD,2024,20,31,2024-08-04,81.0,0.0,0.0,98.0,0.0,0.0,,96.0,45.0
MD,2024,21,32,2024-08-11,87.0,0.0,0.0,98.0,11.0,0.0,,96.0,66.0
MD,2024,22,33,2024-08-18,91.0,0.0,0.0,98.0,33.0,0.0,,96.0,75.0
MD,2024,23,34,2024-08-25,98.0,0.0,0.0,98.0,54.0,0.0,,96.0,90.0
MD,2024,24,35,2024-09-01,98.0,3.0,0.0,98.0,71.0,0.0,,96.0,97.0
MD,2024,25,36,2024-09-08,98.0,30.0,0.0,98.0,93.0,0.0,,96.0,97.0
MD,2024,26,37,2024-09-15,98.0,33.0,0.0,98.0,96.0,0.0,,96.0,97.0
MD,2024,27,38,2024-09-22,98.0,47.0,25.0,98.0,96.0,0.0,,96.0,97.0
MD,2024,28,39,2024-09-29,98.0,78.0,47.0,98.0,96.0,0.0,,96.0,97.0
MD,2024,29,40,2024-10-06,98.0,95.0,57.0,98.0,96.0,9.0,,96.0,97.0
MD,2024,30,41,2024-10-13,98.0,95.0,76.0,98.0,96.0,18.0,,96.0,97.0
MD,2024,31,42,2024-10-20,98.0,95.0,89.0,98.0,96.0,45.0,,96.0,97.0
MD,2024,32,43,2024-10-27,98.0,95.0,92.0,98.0,96.0,61.0,,96.0,97.0
MD,2024,33,44,2024-11-03,98.0,95.0,95.0,98.0,96.0,76.0,,96.0,97.0
MD,2024,34,45,2024-11-10,98.0,95.0,95.0,98.0,96.0,88.0,,96.0,97.0
MD,2024,35,46,2024-11-17,98.0,95.0,95.0,98.0,96.0,95.0,,96.0,97.0
MD,2025,4,15,2025-04-13,0.0,0.0,0.0,0.0,0.0,0.0,,0.0,0.0
MD,2025,5,16,2025-04-20,0.0,0.0,0.0,0.0,0.0,0.0,,0.0,0.0
MD,2025,6,17,2025-04-27,0.0,0.0,0.0,0.0,0.0,0.0,,5.0,0.0
MD,2025,7,18,2025-05-04,0.0,0.0,0.0,0.0,0.0,0.0,,18.0,0.0
MD,2025,8,19,2025-05-11,0.0,0.0,0.0,10.0,0.0,0.0,,38.0,0.0
MD,2025,9,20,2025-05-18,0.0,0.0,0.0,31.0,0.0,0.0,,53.0,0.0
MD,2025,10,21,2025-05-25,0.0,0.0,0.0,53.0,0.0,0.0,,67.0,0.0
MD,2025,11,22,2025-06-01,0.0,0.0,0.0,68.0,0.0,0.0,,79.0,0.0
MD,2025,12,23,2025-06-08,0.0,0.0,0.0,76.0,0.0,0.0,,85.0,0.0
MD,2025,13,24,2025-06-15,0.0,0.0,0.0,82.0,0.0,0.0,,87.0,0.0
MD,2025,14,25,2025-06-22,0.0,0.0,0.0,85.0,0.0,0.0,,89.0,0.0
MD,2025,15,26,2025-06-29,1.0,0.0,0.0,91.0,0.0,0.0,,93.0,0.0
MD,2025,16,27,2025-07-06,4.0,0.0,0.0,92.0,0.0,0.0,,97.0,0.0
MD,2025,17,28,2025-07-13,36.0,0.0,0.0,96.0,0.0,0.0,,97.0,0.0
MD,2025,18,29,2025-07-20,58.0,0.0,0.0,96.0,0.0,0.0,,97.0,0.0
MD,2025,19,30,2025-07-27,71.0,0.0,0.0,96.0,0.0,0.0,,97.0,12.0
MD,2025,20,31,2025-08-03,78.0,0.0,0.0,96.0,0.0,0.0,,97.0,33.0
MD,2025,21,32,2025-08-10,97.0,0.0,0.0,96.0,3.0,0.0,,97.0,46.0
MD,2025,22,33,2025-08-17,97.0,0.0,0.0,96.0,26.0,0.0,,97.0,59.0
MD,2025,23,34,2025-08-24,97.0,0.0,0.0,96.0,51.0,0.0,,97.0,79.0
MD,2025,24,35,2025-08-31,97.0,3.0,0.0,96.0,71.0,0.0,,97.0,97.0
MD,2025,25,36,2025-09-07,97.0,23.0,0.0,96.0,87.0,0.0,,97.0,97.0
MD,2025,26,37,2025-09-14,97.0,37.0,0.0,96.0,95.0,0.0,,97.0,97.0
MD,2025,27,38,2025-09-21,97.0,55.0,14.0,96.0,95.0,0.0,,97.0,97.0
MD,2025,28,39,2025-09-28,97.0,83.0,43.0,96.0,95.0,0.0,,97.0,97.0
MD,2025,35,46,2025-11-16,97.0,100.0,100.0,96.0,95.0,92.0,,97.0,97.0
MD,2025,36,47,2025-11-23,97.0,100.0,100.0,96.0,95.0,97.0,,97.0,97.0
MI,2016,5,16,2016-04-24,0.0,,0.0,0.0,,0.0,,0.0,0.0
MI,2016,6,17,2016-05-01,0.0,,0.0,0.0,,0.0,,2.0,0.0
MI,2016,7,18,2016-05-08,0.0,,0.0,0.0,,0.0,,7.0,0.0
MI,2016,8,19,2016-05-15,0.0,,0.0,0.0,,0.0,,14.0,0.0
MI,2016,9,20,2016-05-22,0.0,,0.0,6.0,,0.0,,34.0,0.0
MI,2016,10,21,2016-05-29,0.0,,0.0,31.0,,0.0,,70.0,0.0
MI,2016,11,22,2016-06-05,0.0,,0.0,59.0,,0.0,,88.0,0.0
MI,2016,12,23,2016-06-12,0.0,,0.0,76.0,,0.0,,95.0,0.0
MI,2016,13,24,2016-06-19,0.0,,0.0,93.0,,0.0,,100.0,0.0
MI,2016,14,25,2016-06-26,1.0,,0.0,96.0,,0.0,,100.0,0.0
MI,2016,15,26,2016-07-03,9.0,,0.0,100.0,,0.0,,100.0,0.0
MI,2016,16,27,2016-07-10,21.0,,0.0,100.0,,0.0,,100.0,1.0
MI,2016,17,28,2016-07-17,43.0,,0.0,100.0,,0.0,,100.0,8.0
MI,2016,18,29,2016-07-24,67.0,,0.0,100.0,,0.0,,100.0,20.0
MI,2016,19,30,2016-07-31,81.0,,0.0,100.0,,0.0,,100.0,41.0
MI,2016,20,31,2016-08-07,89.0,,0.0,100.0,,0.0,,100.0,60.0
MI,2016,21,32,2016-08-14,93.0,,0.0,100.0,,0.0,,100.0,75.0
MI,2016,22,33,2016-08-21,93.0,,0.0,100.0,,0.0,,100.0,87.0
MI,2016,23,34,2016-08-28,93.0,,0.0,100.0,,0.0,,100.0,92.0
MI,2016,24,35,2016-09-04,93.0,,6.0,100.0,,0.0,,100.0,95.0
MI,2016,25,36,2016-09-11,93.0,,16.0,100.0,,0.0,,100.0,95.0
MI,2016,26,37,2016-09-18,93.0,,35.0,100.0,,0.0,,100.0,95.0
MI,2016,27,38,2016-09-25,93.0,,63.0,100.0,,1.0,,100.0,95.0
MI,2016,28,39,2016-10-02,93.0,,82.0,100.0,,5.0,,100.0,95.0
MI,2016,29,40,2016-10-09,93.0,,89.0,100.0,,14.0,,100.0,95.0
MI,2016,30,41,2016-10-16,93.0,,94.0,100.0,,33.0,,100.0,95.0
MI,2016,31,42,2016-10-23,93.0,,97.0,100.0,,51.0,,100.0,95.0
MI,2016,32,43,2016-10-30,93.0,,97.0,100.0,,66.0,,100.0,95.0
MI,2016,33,44,2016-11-06,93.0,,97.0,100.0,,77.0,,100.0,95.0
MI,2016,34,45,2016-11-13,93.0,,97.0,100.0,,86.0,,100.0,95.0
MI,2016,35,46,2016-11-20,93.0,,97.0,100.0,,91.0,,100.0,95.0
MI,2016,36,47,2016-11-27,93.0,,97.0,100.0,,94.0,,100.0,95.0
MI,2017,5,16,2017-04-23,0.0,,0.0,0.0,,0.0,,0.0,0.0
MI,2017,6,17,2017-04-30,0.0,,0.0,0.0,,0.0,,1.0,0.0
MI,2017,7,18,2017-05-07,0.0,,0.0,0.0,,0.0,,1.0,0.0
MI,2017,8,19,2017-05-14,0.0,,0.0,0.0,,0.0,,11.0,0.0
MI,2017,9,20,2017-05-21,0.0,,0.0,0.0,,0.0,,37.0,0.0
MI,2017,10,21,2017-05-28,0.0,,0.0,20.0,,0.0,,56.0,0.0
MI,2017,11,22,2017-06-04,0.0,,0.0,46.0,,0.0,,75.0,0.0
MI,2017,12,23,2017-06-11,0.0,,0.0,68.0,,0.0,,88.0,0.0
MI,2017,13,24,2017-06-18,0.0,,0.0,86.0,,0.0,,96.0,0.0
MI,2017,14,25,2017-06-25,2.0,,0.0,92.0,,0.0,,96.0,0.0
MI,2017,15,26,2017-07-02,13.0,,0.0,94.0,,0.0,,96.0,0.0
MI,2017,16,27,2017-07-09,23.0,,0.0,94.0,,0.0,,96.0,3.0
MI,2017,17,28,2017-07-16,53.0,,0.0,94.0,,0.0,,96.0,16.0
MI,2017,18,29,2017-07-23,66.0,,0.0,94.0,,0.0,,96.0,29.0
MI,2017,19,30,2017-07-30,80.0,,0.0,94.0,,0.0,,96.0,44.0
MI,2017,20,31,2017-08-06,88.0,,0.0,94.0,,0.0,,96.0,59.0
MI,2017,21,32,2017-08-13,93.0,,0.0,94.0,,0.0,,96.0,76.0
MI,2017,22,33,2017-08-20,95.0,,0.0,94.0,,0.0,,96.0,85.0
MI,2017,23,34,2017-08-27,95.0,,3.0,94.0,,0.0,,96.0,90.0
MI,2017,24,35,2017-09-03,95.0,,10.0,94.0,,0.0,,96.0,94.0
MI,2017,25,36,2017-09-10,95.0,,21.0,94.0,,0.0,,96.0,96.0
MI,2017,26,37,2017-09-17,95.0,,43.0,94.0,,0.0,,96.0,96.0
MI,2017,27,38,2017-09-24,95.0,,67.0,94.0,,4.0,,96.0,96.0
MI,2017,28,39,2017-10-01,95.0,,83.0,94.0,,21.0,,96.0,96.0
MI,2017,29,40,2017-10-08,95.0,,93.0,94.0,,51.0,,96.0,96.0
MI,2017,30,41,2017-10-15,95.0,,95.0,94.0,,61.0,,96.0,96.0
MI,2017,31,42,2017-10-22,95.0,,97.0,94.0,,74.0,,96.0,96.0
MI,2017,32,43,2017-10-29,95.0,,98.0,94.0,,78.0,,96.0,96.0
MI,2017,33,44,2017-11-05,95.0,,98.0,94.0,,84.0,,96.0,96.0
MI,2017,34,45,2017-11-12,95.0,,98.0,94.0,,88.0,,96.0,96.0
MI,2017,35,46,2017-11-19,95.0,,98.0,94.0,,91.0,,96.0,96.0
MI,2017,36,47,2017-11-26,95.0,,98.0,94.0,,94.0,,96.0,96.0
MI,2018,5,16,2018-04-22,0.0,,0.0,0.0,,0.0,,0.0,0.0
MI,2018,6,17,2018-04-29,0.0,,0.0,0.0,,0.0,,0.0,0.0
MI,2018,7,18,2018-05-06,0.0,,0.0,0.0,,0.0,,6.0,0.0
MI,2018,8,19,2018-05-13,0.0,,0.0,2.0,,0.0,,18.0,0.0
MI,2018,9,20,2018-05-20,0.0,,0.0,11.0,,0.0,,29.0,0.0
MI,2018,10,21,2018-05-27,0.0,,0.0,26.0,,0.0,,45.0,0.0
MI,2018,11,22,2018-06-03,0.0,,0.0,45.0,,0.0,,65.0,0.0
MI,2018,12,23,2018-06-10,0.0,,0.0,63.0,,0.0,,77.0,0.0
MI,2018,13,24,2018-06-17,0.0,,0.0,77.0,,0.0,,86.0,0.0
MI,2018,14,25,2018-06-24,1.0,,0.0,85.0,,0.0,,92.0,0.0
MI,2018,15,26,2018-07-01,11.0,,0.0,92.0,,0.0,,97.0,0.0
MI,2018,16,27,2018-07-08,27.0,,0.0,96.0,,0.0,,100.0,2.0
MI,2018,17,28,2018-07-15,46.0,,0.0,100.0,,0.0,,100.0,9.0
MI,2018,18,29,2018-07-22,61.0,,0.0,100.0,,0.0,,100.0,21.0
MI,2018,19,30,2018-07-29,74.0,,0.0,100.0,,0.0,,100.0,37.0
MI,2018,20,31,2018-08-05,84.0,,0.0,100.0,,0.0,,100.0,54.0
MI,2018,21,32,2018-08-12,90.0,,0.0,100.0,,0.0,,100.0,69.0
MI,2018,22,33,2018-08-19,94.0,,0.0,100.0,,0.0,,100.0,80.0
MI,2018,23,34,2018-08-26,98.0,,1.0,100.0,,0.0,,100.0,91.0
MI,2018,24,35,2018-09-02,100.0,,8.0,100.0,,0.0,,100.0,94.0
MI,2018,25,36,2018-09-09,100.0,,21.0,100.0,,0.0,,100.0,96.0
MI,2018,26,37,2018-09-16,100.0,,38.0,100.0,,0.0,,100.0,100.0
MI,2018,27,38,2018-09-23,100.0,,62.0,100.0,,4.0,,100.0,100.0
MI,2018,28,39,2018-09-30,100.0,,79.0,100.0,,11.0,,100.0,100.0
MI,2018,29,40,2018-10-07,100.0,,89.0,100.0,,16.0,,100.0,100.0
MI,2018,30,41,2018-10-14,100.0,,93.0,100.0,,23.0,,100.0,100.0
MI,2018,31,42,2018-10-21,100.0,,96.0,100.0,,43.0,,100.0,100.0
MI,2018,32,43,2018-10-28,100.0,,100.0,100.0,,65.0,,100.0,100.0
MI,2018,33,44,2018-11-04,100.0,,100.0,100.0,,74.0,,100.0,100.0
MI,2018,34,45,2018-11-11,100.0,,100.0,100.0,,79.0,,100.0,100.0
MI,2018,35,46,2018-11-18,100.0,,100.0,100.0,,83.0,,100.0,100.0
MI,2018,36,47,2018-11-25,100.0,,100.0,100.0,,89.0,,100.0,100.0
MI,2019,5,16,2019-04-21,0.0,,0.0,0.0,,0.0,,0.0,0.0
MI,2019,6,17,2019-04-28,0.0,,0.0,0.0,,0.0,,2.0,0.0
MI,2019,7,18,2019-05-05,0.0,,0.0,0.0,,0.0,,2.0,0.0
MI,2019,8,19,2019-05-12,0.0,,0.0,0.0,,0.0,,3.0,0.0
MI,2019,9,20,2019-05-19,0.0,,0.0,1.0,,0.0,,10.0,0.0
MI,2019,10,21,2019-05-26,0.0,,0.0,5.0,,0.0,,23.0,0.0
MI,2019,11,22,2019-06-02,0.0,,0.0,13.0,,0.0,,31.0,0.0
MI,2019,12,23,2019-06-09,0.0,,0.0,23.0,,0.0,,45.0,0.0
MI,2019,13,24,2019-06-16,0.0,,0.0,34.0,,0.0,,53.0,0.0
MI,2019,14,25,2019-06-23,0.0,,0.0,48.0,,0.0,,69.0,0.0
MI,2019,15,26,2019-06-30,0.0,,0.0,67.0,,0.0,,81.0,0.0
MI,2019,16,27,2019-07-07,0.0,,0.0,79.0,,0.0,,95.0,0.0
MI,2019,17,28,2019-07-14,9.0,,0.0,95.0,,0.0,,100.0,0.0
MI,2019,18,29,2019-07-21,23.0,,0.0,100.0,,0.0,,100.0,0.0
MI,2019,19,30,2019-07-28,42.0,,0.0,100.0,,0.0,,100.0,15.0
MI,2019,20,31,2019-08-04,57.0,,0.0,100.0,,0.0,,100.0,20.0
MI,2019,21,32,2019-08-11,71.0,,0.0,100.0,,0.0,,100.0,31.0
MI,2019,22,33,2019-08-18,83.0,,0.0,100.0,,0.0,,100.0,47.0
MI,2019,23,34,2019-08-25,90.0,,0.0,100.0,,0.0,,100.0,65.0
MI,2019,24,35,2019-09-01,95.0,,0.0,100.0,,0.0,,100.0,78.0
MI,2019,25,36,2019-09-08,100.0,,3.0,100.0,,0.0,,100.0,89.0
MI,2019,26,37,2019-09-15,100.0,,17.0,100.0,,0.0,,100.0,92.0
MI,2019,27,38,2019-09-22,100.0,,35.0,100.0,,1.0,,100.0,96.0
MI,2019,28,39,2019-09-29,100.0,,56.0,100.0,,7.0,,100.0,100.0
MI,2019,29,40,2019-10-06,100.0,,69.0,100.0,,8.0,,100.0,100.0
MI,2019,30,41,2019-10-13,100.0,,83.0,100.0,,18.0,,100.0,100.0
MI,2019,31,42,2019-10-20,100.0,,90.0,100.0,,37.0,,100.0,100.0
MI,2019,32,43,2019-10-27,100.0,,95.0,100.0,,51.0,,100.0,100.0
MI,2019,33,44,2019-11-03,100.0,,100.0,100.0,,57.0,,100.0,100.0
MI,2019,34,45,2019-11-10,100.0,,100.0,100.0,,74.0,,100.0,100.0
MI,2019,35,46,2019-11-17,100.0,,100.0,100.0,,76.0,,100.0,100.0
MI,2019,36,47,2019-11-24,100.0,,100.0,100.0,,80.0,,100.0,100.0
MI,2019,37,48,2019-12-01,100.0,,100.0,100.0,,85.0,,100.0,100.0
MI,2019,38,49,2019-12-08,100.0,,100.0,100.0,,88.0,,100.0,100.0
MI,2020,5,16,2020-04-19,0.0,,0.0,0.0,,0.0,0.0,0.0,0.0
MI,2020,6,17,2020-04-26,0.0,,0.0,0.0,,0.0,0.0,4.0,0.0
MI,2020,7,18,2020-05-03,0.0,,0.0,0.0,,0.0,0.0,13.0,0.0
MI,2020,8,19,2020-05-10,0.0,,0.0,2.0,,0.0,0.0,35.0,0.0
MI,2020,9,20,2020-05-17,0.0,,0.0,11.0,,0.0,0.0,56.0,0.0
MI,2020,10,21,2020-05-24,0.0,,0.0,25.0,,0.0,0.0,65.0,0.0
MI,2020,11,22,2020-05-31,0.0,,0.0,49.0,,0.0,0.0,76.0,0.0
MI,2020,12,23,2020-06-07,0.0,,0.0,68.0,,0.0,0.0,88.0,0.0
MI,2020,13,24,2020-06-14,0.0,,0.0,84.0,,0.0,0.0,95.0,0.0
MI,2020,14,25,2020-06-21,0.0,,0.0,92.0,,0.0,0.0,100.0,0.0
MI,2020,15,26,2020-06-28,0.0,,0.0,97.0,,0.0,0.0,100.0,0.0
MI,2020,16,27,2020-07-05,8.0,,0.0,100.0,,0.0,0.0,100.0,0.0
MI,2020,17,28,2020-07-12,28.0,,0.0,100.0,,0.0,0.0,100.0,1.0
MI,2020,18,29,2020-07-19,46.0,,0.0,100.0,,0.0,0.0,100.0,7.0
MI,2020,19,30,2020-07-26,74.0,,0.0,100.0,,0.0,0.0,100.0,39.0
MI,2020,20,31,2020-08-02,91.0,,0.0,100.0,,0.0,0.0,100.0,65.0
MI,2020,21,32,2020-08-09,95.0,,0.0,100.0,,0.0,0.0,100.0,80.0
MI,2020,22,33,2020-08-16,100.0,,0.0,100.0,,0.0,0.0,100.0,90.0
MI,2020,23,34,2020-08-23,100.0,,1.0,100.0,,0.0,0.0,100.0,96.0
MI,2020,24,35,2020-08-30,100.0,,9.0,100.0,,0.0,0.0,100.0,100.0
MI,2020,25,36,2020-09-06,100.0,,19.0,100.0,,0.0,0.0,100.0,100.0
MI,2020,26,37,2020-09-13,100.0,,36.0,100.0,,0.0,3.0,100.0,100.0
MI,2020,27,38,2020-09-20,100.0,,71.0,100.0,,1.0,17.0,100.0,100.0
MI,2020,28,39,2020-09-27,100.0,,89.0,100.0,,13.0,49.0,100.0,100.0
MI,2020,29,40,2020-10-04,100.0,,94.0,100.0,,19.0,71.0,100.0,100.0
MI,2020,30,41,2020-10-11,100.0,,96.0,100.0,,42.0,86.0,100.0,100.0
MI,2020,31,42,2020-10-18,100.0,,99.0,100.0,,64.0,97.0,100.0,100.0
MI,2020,32,43,2020-10-25,100.0,,100.0,100.0,,73.0,99.0,100.0,100.0
MI,2020,33,44,2020-11-01,100.0,,100.0,100.0,,79.0,100.0,100.0,100.0
MI,2020,34,45,2020-11-08,100.0,,100.0,100.0,,92.0,100.0,100.0,100.0
MI,2020,35,46,2020-11-15,100.0,,100.0,100.0,,96.0,100.0,100.0,100.0
MI,2020,36,47,2020-11-22,100.0,,100.0,100.0,,99.0,100.0,100.0,100.0
MI,2020,37,48,2020-11-29,100.0,,100.0,100.0,,100.0,100.0,100.0,100.0
MI,2021,4,15,2021-04-18,0.0,,0.0,0.0,,0.0,,1.0,0.0
MI,2021,5,16,2021-04-25,0.0,,0.0,0.0,,0.0,,5.0,0.0
MI,2021,6,17,2021-05-02,0.0,,0.0,1.0,,0.0,,27.0,0.0
MI,2021,7,18,2021-05-09,0.0,,0.0,4.0,,0.0,,42.0,0.0
MI,2021,8,19,2021-05-16,0.0,,0.0,13.0,,0.0,,61.0,0.0
MI,2021,9,20,2021-05-23,0.0,,0.0,41.0,,0.0,,82.0,0.0
MI,2021,10,21,2021-05-30,0.0,,0.0,67.0,,0.0,,91.0,0.0
MI,2021,11,22,2021-06-06,0.0,,0.0,87.0,,0.0,,97.0,0.0
MI,2021,12,23,2021-06-13,0.0,,0.0,95.0,,0.0,,99.0,0.0
MI,2021,13,24,2021-06-20,0.0,,0.0,98.0,,0.0,,100.0,0.0
MI,2021,14,25,2021-06-27,0.0,,0.0,100.0,,0.0,,100.0,0.0
MI,2021,15,26,2021-07-04,12.0,,0.0,100.0,,0.0,,100.0,0.0
MI,2021,16,27,2021-07-11,37.0,,0.0,100.0,,0.0,,100.0,2.0
MI,2021,17,28,2021-07-18,63.0,,0.0,100.0,,0.0,,100.0,28.0
MI,2021,18,29,2021-07-25,81.0,,0.0,100.0,,0.0,,100.0,49.0
MI,2021,19,30,2021-08-01,92.0,,0.0,100.0,,0.0,,100.0,71.0
MI,2021,20,31,2021-08-08,96.0,,0.0,100.0,,0.0,,100.0,84.0
MI,2021,21,32,2021-08-15,100.0,,0.0,100.0,,0.0,,100.0,92.0
MI,2021,22,33,2021-08-22,100.0,,0.0,100.0,,0.0,,100.0,95.0
MI,2021,23,34,2021-08-29,100.0,,3.0,100.0,,0.0,,100.0,100.0
MI,2021,24,35,2021-09-05,100.0,,22.0,100.0,,0.0,,100.0,100.0
MI,2021,25,36,2021-09-12,100.0,,51.0,100.0,,0.0,,100.0,100.0
MI,2021,26,37,2021-09-19,100.0,,76.0,100.0,,5.0,,100.0,100.0
MI,2021,27,38,2021-09-26,100.0,,89.0,100.0,,12.0,,100.0,100.0
MI,2021,28,39,2021-10-03,100.0,,94.0,100.0,,31.0,,100.0,100.0
MI,2021,29,40,2021-10-10,100.0,,96.0,100.0,,36.0,,100.0,100.0
MI,2021,30,41,2021-10-17,100.0,,100.0,100.0,,39.0,,100.0,100.0
MI,2021,31,42,2021-10-24,100.0,,100.0,100.0,,49.0,,100.0,100.0
MI,2021,32,43,2021-10-31,100.0,,100.0,100.0,,55.0,,100.0,100.0
MI,2021,33,44,2021-11-07,100.0,,100.0,100.0,,65.0,,100.0,100.0
MI,2021,34,45,2021-11-14,100.0,,100.0,100.0,,80.0,,100.0,100.0
MI,2021,35,46,2021-11-21,100.0,,100.0,100.0,,87.0,,100.0,100.0
MI,2021,36,47,2021-11-28,100.0,,100.0,100.0,,92.0,,100.0,100.0
MI,2022,4,15,2022-04-17,0.0,,0.0,0.0,,0.0,,0.0,0.0
MI,2022,5,16,2022-04-24,0.0,,0.0,0.0,,0.0,,0.0,0.0
MI,2022,6,17,2022-05-01,0.0,,0.0,0.0,,0.0,,3.0,0.0
MI,2022,7,18,2022-05-08,0.0,,0.0,0.0,,0.0,,8.0,0.0
MI,2022,8,19,2022-05-15,0.0,,0.0,2.0,,0.0,,32.0,0.0
MI,2022,9,20,2022-05-22,0.0,,0.0,13.0,,0.0,,47.0,0.0
MI,2022,10,21,2022-05-29,0.0,,0.0,33.0,,0.0,,60.0,0.0
MI,2022,11,22,2022-06-05,0.0,,0.0,62.0,,0.0,,84.0,0.0
MI,2022,12,23,2022-06-12,0.0,,0.0,74.0,,0.0,,90.0,0.0
MI,2022,13,24,2022-06-19,0.0,,0.0,88.0,,0.0,,97.0,0.0
MI,2022,14,25,2022-06-26,5.0,,0.0,95.0,,0.0,,100.0,0.0
MI,2022,15,26,2022-07-03,22.0,,0.0,99.0,,0.0,,100.0,1.0
MI,2022,16,27,2022-07-10,35.0,,0.0,99.0,,0.0,,100.0,7.0
MI,2022,17,28,2022-07-17,49.0,,0.0,99.0,,0.0,,100.0,14.0
MI,2022,18,29,2022-07-24,70.0,,0.0,99.0,,0.0,,100.0,32.0
MI,2022,19,30,2022-07-31,84.0,,0.0,99.0,,0.0,,100.0,51.0
MI,2022,20,31,2022-08-07,94.0,,0.0,99.0,,0.0,,100.0,70.0
MI,2022,21,32,2022-08-14,98.0,,0.0,99.0,,0.0,,100.0,83.0
MI,2022,22,33,2022-08-21,100.0,,0.0,99.0,,0.0,,100.0,94.0
MI,2022,23,34,2022-08-28,100.0,,5.0,99.0,,0.0,,100.0,98.0
MI,2022,24,35,2022-09-04,100.0,,20.0,99.0,,0.0,,100.0,100.0
MI,2022,25,36,2022-09-11,100.0,,38.0,99.0,,0.0,,100.0,100.0
MI,2022,26,37,2022-09-18,100.0,,53.0,99.0,,2.0,,100.0,100.0
MI,2022,27,38,2022-09-25,100.0,,70.0,99.0,,8.0,,100.0,100.0
MI,2022,28,39,2022-10-02,100.0,,83.0,99.0,,14.0,,100.0,100.0
MI,2022,29,40,2022-10-09,100.0,,95.0,99.0,,32.0,,100.0,100.0
MI,2022,30,41,2022-10-16,100.0,,98.0,99.0,,49.0,,100.0,100.0
MI,2022,31,42,2022-10-23,100.0,,98.0,99.0,,63.0,,100.0,100.0
MI,2022,32,43,2022-10-30,100.0,,98.0,99.0,,77.0,,100.0,100.0
MI,2022,33,44,2022-11-06,100.0,,98.0,99.0,,89.0,,100.0,100.0
MI,2022,34,45,2022-11-13,100.0,,98.0,99.0,,95.0,,100.0,100.0
MI,2022,35,46,2022-11-20,100.0,,98.0,99.0,,99.0,,100.0,100.0
MI,2023,4,15,2023-04-16,0.0,,0.0,0.0,,0.0,,1.0,0.0
MI,2023,5,16,2023-04-23,0.0,,0.0,0.0,,0.0,,2.0,0.0
MI,2023,6,17,2023-04-30,0.0,,0.0,0.0,,0.0,,6.0,0.0
MI,2023,7,18,2023-05-07,0.0,,0.0,1.0,,0.0,,15.0,0.0
MI,2023,8,19,2023-05-14,0.0,,0.0,2.0,,0.0,,33.0,0.0
MI,2023,9,20,2023-05-21,0.0,,0.0,16.0,,0.0,,57.0,0.0
MI,2023,10,21,2023-05-28,0.0,,0.0,37.0,,0.0,,80.0,0.0
MI,2023,11,22,2023-06-04,0.0,,0.0,62.0,,0.0,,92.0,0.0
MI,2023,12,23,2023-06-11,0.0,,0.0,83.0,,0.0,,98.0,0.0
MI,2023,13,24,2023-06-18,0.0,,0.0,90.0,,0.0,,100.0,0.0
MI,2023,14,25,2023-06-25,1.0,,0.0,93.0,,0.0,,100.0,0.0
MI,2023,15,26,2023-07-02,10.0,,0.0,96.0,,0.0,,100.0,0.0
MI,2023,16,27,2023-07-09,23.0,,0.0,99.0,,0.0,,100.0,1.0
MI,2023,17,28,2023-07-16,36.0,,0.0,100.0,,0.0,,100.0,5.0
MI,2023,18,29,2023-07-23,49.0,,0.0,100.0,,0.0,,100.0,13.0
MI,2023,19,30,2023-07-30,66.0,,0.0,100.0,,0.0,,100.0,34.0
MI,2023,20,31,2023-08-06,82.0,,0.0,100.0,,0.0,,100.0,54.0
MI,2023,21,32,2023-08-13,85.0,,0.0,100.0,,0.0,,100.0,70.0
MI,2023,22,33,2023-08-20,88.0,,0.0,100.0,,0.0,,100.0,79.0
MI,2023,23,34,2023-08-27,95.0,,2.0,100.0,,0.0,,100.0,85.0
MI,2023,24,35,2023-09-03,99.0,,7.0,100.0,,0.0,,100.0,95.0
MI,2023,25,36,2023-09-10,100.0,,13.0,100.0,,0.0,,100.0,98.0
MI,2023,26,37,2023-09-17,100.0,,33.0,100.0,,1.0,,100.0,100.0
MI,2023,27,38,2023-09-24,100.0,,59.0,100.0,,2.0,,100.0,100.0
MI,2023,28,39,2023-10-01,100.0,,73.0,100.0,,5.0,,100.0,100.0
MI,2023,29,40,2023-10-08,100.0,,87.0,100.0,,17.0,,100.0,100.0
MI,2023,30,41,2023-10-15,100.0,,91.0,100.0,,32.0,,100.0,100.0
MI,2023,31,42,2023-10-22,100.0,,96.0,100.0,,43.0,,100.0,100.0
MI,2023,32,43,2023-10-29,100.0,,99.0,100.0,,55.0,,100.0,100.0
MI,2023,33,44,2023-11-05,100.0,,100.0,100.0,,70.0,,100.0,100.0
MI,2023,34,45,2023-11-12,100.0,,100.0,100.0,,83.0,,100.0,100.0
MI,2023,35,46,2023-11-19,100.0,,100.0,100.0,,92.0,,100.0,100.0
MI,2023,36,47,2023-11-26,100.0,,100.0,100.0,,96.0,,100.0,100.0
MI,2024,4,15,2024-04-14,0.0,,0.0,0.0,,0.0,,0.0,0.0
MI,2024,5,16,2024-04-21,0.0,,0.0,0.0,,0.0,,1.0,0.0
MI,2024,6,17,2024-04-28,0.0,,0.0,0.0,,0.0,,7.0,0.0
MI,2024,7,18,2024-05-05,0.0,,0.0,3.0,,0.0,,13.0,0.0
MI,2024,8,19,2024-05-12,0.0,,0.0,7.0,,0.0,,22.0,0.0
MI,2024,9,20,2024-05-19,0.0,,0.0,17.0,,0.0,,42.0,0.0
MI,2024,10,21,2024-05-26,0.0,,0.0,35.0,,0.0,,66.0,0.0
MI,2024,11,22,2024-06-02,0.0,,0.0,58.0,,0.0,,79.0,0.0
MI,2024,12,23,2024-06-09,0.0,,0.0,69.0,,0.0,,87.0,0.0
MI,2024,13,24,2024-06-16,0.0,,0.0,82.0,,0.0,,93.0,0.0
MI,2024,14,25,2024-06-23,2.0,,0.0,91.0,,0.0,,98.0,0.0
MI,2024,15,26,2024-06-30,13.0,,0.0,96.0,,0.0,,100.0,0.0
MI,2024,16,27,2024-07-07,22.0,,0.0,99.0,,0.0,,100.0,4.0
MI,2024,17,28,2024-07-14,46.0,,0.0,100.0,,0.0,,100.0,10.0
MI,2024,18,29,2024-07-21,62.0,,0.0,100.0,,0.0,,100.0,22.0
MI,2024,19,30,2024-07-28,77.0,,0.0,100.0,,0.0,,100.0,34.0
MI,2024,20,31,2024-08-04,89.0,,0.0,100.0,,0.0,,100.0,52.0
MI,2024,21,32,2024-08-11,93.0,,0.0,100.0,,0.0,,100.0,71.0
MI,2024,22,33,2024-08-18,97.0,,0.0,100.0,,0.0,,100.0,90.0
MI,2024,23,34,2024-08-25,100.0,,3.0,100.0,,0.0,,100.0,96.0
MI,2024,24,35,2024-09-01,100.0,,10.0,100.0,,0.0,,100.0,100.0
MI,2024,25,36,2024-09-08,100.0,,26.0,100.0,,0.0,,100.0,100.0
MI,2024,26,37,2024-09-15,100.0,,48.0,100.0,,2.0,,100.0,100.0
MI,2024,27,38,2024-09-22,100.0,,68.0,100.0,,9.0,,100.0,100.0
MI,2024,28,39,2024-09-29,100.0,,87.0,100.0,,24.0,,100.0,100.0
MI,2024,29,40,2024-10-06,100.0,,97.0,100.0,,40.0,,100.0,100.0
MI,2024,30,41,2024-10-13,100.0,,100.0,100.0,,66.0,,100.0,100.0
MI,2024,31,42,2024-10-20,100.0,,100.0,100.0,,80.0,,100.0,100.0
MI,2024,32,43,2024-10-27,100.0,,100.0,100.0,,91.0,,100.0,100.0
MI,2024,33,44,2024-11-03,100.0,,100.0,100.0,,95.0,,100.0,100.0
MI,2024,34,45,2024-11-10,100.0,,100.0,100.0,,97.0,,100.0,100.0
MI,2024,35,46,2024-11-17,100.0,,100.0,100.0,,100.0,,100.0,100.0
MI,2025,4,15,2025-04-13,0.0,,0.0,0.0,,0.0,,0.0,0.0
MI,2025,5,16,2025-04-20,0.0,,0.0,0.0,,0.0,,0.0,0.0
MI,2025,6,17,2025-04-27,0.0,,0.0,0.0,,0.0,,8.0,0.0
MI,2025,7,18,2025-05-04,0.0,,0.0,0.0,,0.0,,20.0,0.0
MI,2025,8,19,2025-05-11,0.0,,0.0,3.0,,0.0,,29.0,0.0
MI,2025,9,20,2025-05-18,0.0,,0.0,23.0,,0.0,,53.0,0.0
MI,2025,10,21,2025-05-25,0.0,,0.0,35.0,,0.0,,67.0,0.0
MI,2025,11,22,2025-06-01,0.0,,0.0,51.0,,0.0,,82.0,0.0
MI,2025,12,23,2025-06-08,0.0,,0.0,67.0,,0.0,,90.0,0.0
MI,2025,13,24,2025-06-15,0.0,,0.0,82.0,,0.0,,95.0,0.0
MI,2025,14,25,2025-06-22,2.0,,0.0,91.0,,0.0,,98.0,0.0
MI,2025,15,26,2025-06-29,13.0,,0.0,95.0,,0.0,,100.0,0.0
MI,2025,16,27,2025-07-06,25.0,,0.0,97.0,,0.0,,100.0,2.0
MI,2025,17,28,2025-07-13,37.0,,0.0,100.0,,0.0,,100.0,9.0
MI,2025,18,29,2025-07-20,53.0,,0.0,100.0,,0.0,,100.0,20.0
MI,2025,19,30,2025-07-27,69.0,,0.0,100.0,,0.0,,100.0,26.0
MI,2025,20,31,2025-08-03,88.0,,0.0,100.0,,0.0,,100.0,48.0
MI,2025,21,32,2025-08-10,93.0,,0.0,100.0,,0.0,,100.0,72.0
MI,2025,22,33,2025-08-17,97.0,,0.0,100.0,,0.0,,100.0,89.0
MI,2025,23,34,2025-08-24,100.0,,0.0,100.0,,0.0,,100.0,95.0
MI,2025,24,35,2025-08-31,100.0,,8.0,100.0,,0.0,,100.0,97.0
MI,2025,25,36,2025-09-07,100.0,,21.0,100.0,,0.0,,100.0,100.0
MI,2025,26,37,2025-09-14,100.0,,43.0,100.0,,0.0,,100.0,100.0
MI,2025,27,38,2025-09-21,100.0,,68.0,100.0,,1.0,,100.0,100.0
MI,2025,28,39,2025-09-28,100.0,,82.0,100.0,,14.0,,100.0,100.0
MI,2025,35,46,2025-11-16,100.0,,82.0,100.0,,95.0,,100.0,100.0
MI,2025,36,47,2025-11-23,100.0,,82.0,100.0,,97.0,,100.0,100.0
MN,2016,5,16,2016-04-24,0.0,0.0,0.0,0.0,,0.0,,2.0,0.0
MN,2016,6,17,2016-05-01,0.0,0.0,0.0,0.0,,0.0,,6.0,0.0
MN,2016,7,18,2016-05-08,0.0,0.0,0.0,2.0,,0.0,,46.0,0.0
MN,2016,8,19,2016-05-15,0.0,0.0,0.0,9.0,,0.0,,63.0,0.0
MN,2016,9,20,2016-05-22,0.0,0.0,0.0,33.0,,0.0,,86.0,0.0
MN,2016,10,21,2016-05-29,0.0,0.0,0.0,67.0,,0.0,,95.0,0.0
MN,2016,11,22,2016-06-05,0.0,0.0,0.0,85.0,,0.0,,98.0,0.0
MN,2016,12,23,2016-06-12,0.0,0.0,0.0,96.0,,0.0,,100.0,0.0
MN,2016,13,24,2016-06-19,0.0,0.0,0.0,99.0,,0.0,,100.0,0.0
MN,2016,14,25,2016-06-26,1.0,0.0,0.0,100.0,,0.0,,100.0,0.0
MN,2016,15,26,2016-07-03,18.0,0.0,0.0,100.0,,0.0,,100.0,0.0
MN,2016,16,27,2016-07-10,48.0,0.0,0.0,100.0,,0.0,,100.0,3.0
MN,2016,17,28,2016-07-17,72.0,0.0,0.0,100.0,,0.0,,100.0,12.0
MN,2016,18,29,2016-07-24,90.0,0.0,0.0,100.0,,0.0,,100.0,39.0
MN,2016,19,30,2016-07-31,94.0,0.0,0.0,100.0,,0.0,,100.0,64.0
MN,2016,20,31,2016-08-07,97.0,0.0,0.0,100.0,,0.0,,100.0,79.0
MN,2016,21,32,2016-08-14,98.0,2.0,0.0,100.0,,0.0,,100.0,89.0
MN,2016,22,33,2016-08-21,98.0,6.0,0.0,100.0,,0.0,,100.0,95.0
MN,2016,23,34,2016-08-28,98.0,12.0,0.0,100.0,,0.0,,100.0,97.0
MN,2016,24,35,2016-09-04,98.0,40.0,6.0,100.0,,0.0,,100.0,100.0
MN,2016,25,36,2016-09-11,98.0,69.0,23.0,100.0,,0.0,,100.0,100.0
MN,2016,26,37,2016-09-18,98.0,91.0,56.0,100.0,,2.0,,100.0,100.0
MN,2016,27,38,2016-09-25,98.0,97.0,83.0,100.0,,13.0,,100.0,100.0
MN,2016,28,39,2016-10-02,98.0,97.0,96.0,100.0,,40.0,,100.0,100.0
MN,2016,29,40,2016-10-09,98.0,97.0,99.0,100.0,,64.0,,100.0,100.0
MN,2016,30,41,2016-10-16,98.0,97.0,100.0,100.0,,87.0,,100.0,100.0
MN,2016,31,42,2016-10-23,98.0,97.0,100.0,100.0,,95.0,,100.0,100.0
MN,2016,32,43,2016-10-30,98.0,97.0,100.0,100.0,,97.0,,100.0,100.0
MN,2016,33,44,2016-11-06,98.0,97.0,100.0,100.0,,98.0,,100.0,100.0
MN,2016,34,45,2016-11-13,98.0,97.0,100.0,100.0,,99.0,,100.0,100.0
MN,2017,5,16,2017-04-23,0.0,0.0,0.0,0.0,,0.0,,0.0,0.0
MN,2017,6,17,2017-04-30,0.0,0.0,0.0,0.0,,0.0,,0.0,0.0
MN,2017,7,18,2017-05-07,0.0,0.0,0.0,0.0,,0.0,,4.0,0.0
MN,2017,8,19,2017-05-14,0.0,0.0,0.0,0.0,,0.0,,47.0,0.0
MN,2017,9,20,2017-05-21,0.0,0.0,0.0,16.0,,0.0,,72.0,0.0
MN,2017,10,21,2017-05-28,0.0,0.0,0.0,39.0,,0.0,,81.0,0.0
MN,2017,11,22,2017-06-04,0.0,0.0,0.0,68.0,,0.0,,94.0,0.0
MN,2017,12,23,2017-06-11,0.0,0.0,0.0,87.0,,0.0,,99.0,0.0
MN,2017,13,24,2017-06-18,0.0,0.0,0.0,97.0,,0.0,,100.0,0.0
MN,2017,14,25,2017-06-25,1.0,0.0,0.0,100.0,,0.0,,100.0,0.0
MN,2017,15,26,2017-07-02,9.0,0.0,0.0,100.0,,0.0,,100.0,0.0
MN,2017,16,27,2017-07-09,25.0,0.0,0.0,100.0,,0.0,,100.0,1.0
MN,2017,17,28,2017-07-16,48.0,0.0,0.0,100.0,,0.0,,100.0,10.0
MN,2017,18,29,2017-07-23,70.0,0.0,0.0,100.0,,0.0,,100.0,20.0
MN,2017,19,30,2017-07-30,86.0,0.0,0.0,100.0,,0.0,,100.0,43.0
MN,2017,20,31,2017-08-06,95.0,0.0,0.0,100.0,,0.0,,100.0,71.0
MN,2017,21,32,2017-08-13,97.0,0.0,0.0,100.0,,0.0,,100.0,84.0
MN,2017,22,33,2017-08-20,100.0,1.0,0.0,100.0,,0.0,,100.0,91.0
MN,2017,23,34,2017-08-27,100.0,6.0,0.0,100.0,,0.0,,100.0,95.0
MN,2017,24,35,2017-09-03,100.0,20.0,2.0,100.0,,0.0,,100.0,98.0
MN,2017,25,36,2017-09-10,100.0,47.0,13.0,100.0,,0.0,,100.0,98.0
MN,2017,26,37,2017-09-17,100.0,81.0,36.0,100.0,,2.0,,100.0,98.0
MN,2017,27,38,2017-09-24,100.0,93.0,64.0,100.0,,7.0,,100.0,98.0
MN,2017,28,39,2017-10-01,100.0,97.0,82.0,100.0,,13.0,,100.0,98.0
MN,2017,29,40,2017-10-08,100.0,97.0,93.0,100.0,,22.0,,100.0,98.0
MN,2017,30,41,2017-10-15,100.0,97.0,98.0,100.0,,45.0,,100.0,98.0
MN,2017,31,42,2017-10-22,100.0,97.0,100.0,100.0,,83.0,,100.0,98.0
MN,2017,32,43,2017-10-29,100.0,97.0,100.0,100.0,,95.0,,100.0,98.0
MN,2017,33,44,2017-11-05,100.0,97.0,100.0,100.0,,99.0,,100.0,98.0
MN,2017,34,45,2017-11-12,100.0,97.0,100.0,100.0,,100.0,,100.0,98.0
MN,2017,35,46,2017-11-19,100.0,97.0,100.0,100.0,,100.0,,100.0,98.0
MN,2018,5,16,2018-04-22,0.0,0.0,0.0,0.0,,0.0,,0.0,0.0
MN,2018,6,17,2018-04-29,0.0,0.0,0.0,0.0,,0.0,,0.0,0.0
MN,2018,7,18,2018-05-06,0.0,0.0,0.0,0.0,,0.0,,1.0,0.0
MN,2018,8,19,2018-05-13,0.0,0.0,0.0,0.0,,0.0,,11.0,0.0
MN,2018,9,20,2018-05-20,0.0,0.0,0.0,3.0,,0.0,,48.0,0.0
MN,2018,10,21,2018-05-27,0.0,0.0,0.0,29.0,,0.0,,80.0,0.0
MN,2018,11,22,2018-06-03,0.0,0.0,0.0,65.0,,0.0,,93.0,0.0
MN,2018,12,23,2018-06-10,0.0,0.0,0.0,87.0,,0.0,,98.0,0.0
MN,2018,13,24,2018-06-17,0.0,0.0,0.0,96.0,,0.0,,99.0,0.0
MN,2018,14,25,2018-06-24,2.0,0.0,0.0,97.0,,0.0,,100.0,0.0
MN,2018,15,26,2018-07-01,13.0,0.0,0.0,97.0,,0.0,,100.0,0.0
MN,2018,16,27,2018-07-08,32.0,0.0,0.0,97.0,,0.0,,100.0,1.0
MN,2018,17,28,2018-07-15,56.0,0.0,0.0,97.0,,0.0,,100.0,15.0
MN,2018,18,29,2018-07-22,74.0,0.0,0.0,97.0,,0.0,,100.0,35.0
MN,2018,19,30,2018-07-29,88.0,0.0,0.0,97.0,,0.0,,100.0,59.0
MN,2018,20,31,2018-08-05,95.0,0.0,0.0,97.0,,0.0,,100.0,81.0
MN,2018,21,32,2018-08-12,99.0,0.0,0.0,97.0,,0.0,,100.0,92.0
MN,2018,22,33,2018-08-19,99.0,5.0,0.0,97.0,,0.0,,100.0,97.0
MN,2018,23,34,2018-08-26,99.0,15.0,1.0,97.0,,0.0,,100.0,98.0
MN,2018,24,35,2018-09-02,99.0,36.0,9.0,97.0,,0.0,,100.0,98.0
MN,2018,25,36,2018-09-09,99.0,60.0,24.0,97.0,,1.0,,100.0,98.0
MN,2018,26,37,2018-09-16,99.0,91.0,59.0,97.0,,7.0,,100.0,98.0
MN,2018,27,38,2018-09-23,99.0,97.0,82.0,97.0,,15.0,,100.0,98.0
MN,2018,28,39,2018-09-30,99.0,97.0,94.0,97.0,,27.0,,100.0,98.0
MN,2018,29,40,2018-10-07,99.0,97.0,98.0,97.0,,37.0,,100.0,98.0
MN,2018,30,41,2018-10-14,99.0,97.0,99.0,97.0,,38.0,,100.0,98.0
MN,2018,31,42,2018-10-21,99.0,97.0,99.0,97.0,,62.0,,100.0,98.0
MN,2018,32,43,2018-10-28,99.0,97.0,99.0,97.0,,87.0,,100.0,98.0
MN,2018,33,44,2018-11-04,99.0,97.0,99.0,97.0,,94.0,,100.0,98.0
MN,2018,34,45,2018-11-11,99.0,97.0,99.0,97.0,,97.0,,100.0,98.0
MN,2018,35,46,2018-11-18,99.0,97.0,99.0,97.0,,98.0,,100.0,98.0
MN,2018,36,47,2018-11-25,99.0,97.0,99.0,97.0,,99.0,,100.0,98.0
MN,2019,5,16,2019-04-21,0.0,0.0,0.0,0.0,,0.0,,0.0,0.0
MN,2019,6,17,2019-04-28,0.0,0.0,0.0,0.0,,0.0,,0.0,0.0
MN,2019,7,18,2019-05-05,0.0,0.0,0.0,0.0,,0.0,,0.0,0.0
MN,2019,8,19,2019-05-12,0.0,0.0,0.0,0.0,,0.0,,3.0,0.0
MN,2019,9,20,2019-05-19,0.0,0.0,0.0,0.0,,0.0,,22.0,0.0
MN,2019,10,21,2019-05-26,0.0,0.0,0.0,3.0,,0.0,,35.0,0.0
MN,2019,11,22,2019-06-02,0.0,0.0,0.0,16.0,,0.0,,51.0,0.0
MN,2019,12,23,2019-06-09,0.0,0.0,0.0,43.0,,0.0,,79.0,0.0
MN,2019,13,24,2019-06-16,0.0,0.0,0.0,70.0,,0.0,,94.0,0.0
MN,2019,14,25,2019-06-23,0.0,0.0,0.0,87.0,,0.0,,98.0,0.0
MN,2019,15,26,2019-06-30,0.0,0.0,0.0,95.0,,0.0,,100.0,0.0
MN,2019,16,27,2019-07-07,3.0,0.0,0.0,99.0,,0.0,,100.0,0.0
MN,2019,17,28,2019-07-14,16.0,0.0,0.0,100.0,,0.0,,100.0,0.0
MN,2019,18,29,2019-07-21,47.0,0.0,0.0,100.0,,0.0,,100.0,2.0
MN,2019,19,30,2019-07-28,69.0,0.0,0.0,100.0,,0.0,,100.0,27.0
MN,2019,20,31,2019-08-04,90.0,0.0,0.0,100.0,,0.0,,100.0,53.0
MN,2019,21,32,2019-08-11,97.0,0.0,0.0,100.0,,0.0,,100.0,74.0
MN,2019,22,33,2019-08-18,99.0,0.0,0.0,100.0,,0.0,,100.0,87.0
MN,2019,23,34,2019-08-25,100.0,1.0,0.0,100.0,,0.0,,100.0,94.0
MN,2019,24,35,2019-09-01,100.0,7.0,0.0,100.0,,0.0,,100.0,97.0
MN,2019,25,36,2019-09-08,100.0,21.0,1.0,100.0,,0.0,,100.0,99.0
MN,2019,26,37,2019-09-15,100.0,47.0,14.0,100.0,,0.0,,100.0,100.0
MN,2019,27,38,2019-09-22,100.0,75.0,36.0,100.0,,0.0,,100.0,100.0
MN,2019,28,39,2019-09-29,100.0,90.0,60.0,100.0,,5.0,,100.0,100.0
MN,2019,29,40,2019-10-06,100.0,96.0,80.0,100.0,,8.0,,100.0,100.0
MN,2019,30,41,2019-10-13,100.0,96.0,92.0,100.0,,19.0,,100.0,100.0
MN,2019,31,42,2019-10-20,100.0,96.0,99.0,100.0,,42.0,,100.0,100.0
MN,2019,32,43,2019-10-27,100.0,96.0,100.0,100.0,,62.0,,100.0,100.0
MN,2019,33,44,2019-11-03,100.0,96.0,100.0,100.0,,80.0,,100.0,100.0
MN,2019,34,45,2019-11-10,100.0,96.0,100.0,100.0,,91.0,,100.0,100.0
MN,2019,35,46,2019-11-17,100.0,96.0,100.0,100.0,,97.0,,100.0,100.0
MN,2019,36,47,2019-11-24,100.0,96.0,100.0,100.0,,98.0,,100.0,100.0
MN,2019,37,48,2019-12-01,100.0,96.0,100.0,100.0,,99.0,,100.0,100.0
MN,2020,5,16,2020-04-19,0.0,0.0,0.0,0.0,,0.0,,0.0,0.0
MN,2020,6,17,2020-04-26,0.0,0.0,0.0,0.0,,0.0,,5.0,0.0
MN,2020,7,18,2020-05-03,0.0,0.0,0.0,0.0,,0.0,,35.0,0.0
MN,2020,8,19,2020-05-10,0.0,0.0,0.0,5.0,,0.0,,57.0,0.0
MN,2020,9,20,2020-05-17,0.0,0.0,0.0,18.0,,0.0,,74.0,0.0
MN,2020,10,21,2020-05-24,0.0,0.0,0.0,46.0,,0.0,,88.0,0.0
MN,2020,11,22,2020-05-31,0.0,0.0,0.0,73.0,,0.0,,95.0,0.0
MN,2020,12,23,2020-06-07,0.0,0.0,0.0,89.0,,0.0,,99.0,0.0
MN,2020,13,24,2020-06-14,0.0,0.0,0.0,98.0,,0.0,,99.0,0.0
MN,2020,14,25,2020-06-21,1.0,0.0,0.0,99.0,,0.0,,100.0,0.0
MN,2020,15,26,2020-06-28,7.0,0.0,0.0,99.0,,0.0,,100.0,0.0
MN,2020,16,27,2020-07-05,43.0,0.0,0.0,99.0,,0.0,,100.0,0.0
MN,2020,17,28,2020-07-12,67.0,0.0,0.0,99.0,,0.0,,100.0,10.0
MN,2020,18,29,2020-07-19,81.0,0.0,0.0,99.0,,0.0,,100.0,29.0
MN,2020,19,30,2020-07-26,89.0,0.0,0.0,99.0,,0.0,,100.0,55.0
MN,2020,20,31,2020-08-02,96.0,0.0,0.0,99.0,,0.0,,100.0,74.0
MN,2020,21,32,2020-08-09,98.0,0.0,0.0,99.0,,0.0,,100.0,91.0
MN,2020,22,33,2020-08-16,99.0,1.0,0.0,99.0,,0.0,,100.0,97.0
MN,2020,23,34,2020-08-23,99.0,7.0,0.0,99.0,,0.0,,100.0,98.0
MN,2020,24,35,2020-08-30,99.0,25.0,2.0,99.0,,0.0,,100.0,99.0
MN,2020,25,36,2020-09-06,99.0,64.0,15.0,99.0,,0.0,,100.0,99.0
MN,2020,26,37,2020-09-13,99.0,85.0,41.0,99.0,,0.0,,100.0,99.0
MN,2020,27,38,2020-09-20,99.0,96.0,71.0,99.0,,7.0,,100.0,99.0
MN,2020,28,39,2020-09-27,99.0,96.0,90.0,99.0,,31.0,,100.0,99.0
MN,2020,29,40,2020-10-04,99.0,96.0,95.0,99.0,,61.0,,100.0,99.0
MN,2020,30,41,2020-10-11,99.0,96.0,98.0,99.0,,87.0,,100.0,99.0
MN,2020,31,42,2020-10-18,99.0,96.0,99.0,99.0,,96.0,,100.0,99.0
MN,2020,32,43,2020-10-25,99.0,96.0,99.0,99.0,,98.0,,100.0,99.0
MN,2020,33,44,2020-11-01,99.0,96.0,99.0,99.0,,99.0,,100.0,99.0
MN,2020,34,45,2020-11-08,99.0,96.0,99.0,99.0,,99.0,,100.0,99.0
MN,2020,35,46,2020-11-15,99.0,96.0,99.0,99.0,,100.0,,100.0,99.0
MN,2021,4,15,2021-04-18,0.0,0.0,0.0,0.0,,0.0,,0.0,0.0
MN,2021,5,16,2021-04-25,0.0,0.0,0.0,0.0,,0.0,,2.0,0.0
MN,2021,6,17,2021-05-02,0.0,0.0,0.0,0.0,,0.0,,23.0,0.0
MN,2021,7,18,2021-05-09,0.0,0.0,0.0,0.0,,0.0,,65.0,0.0
MN,2021,8,19,2021-05-16,0.0,0.0,0.0,10.0,,0.0,,88.0,0.0
MN,2021,9,20,2021-05-23,0.0,0.0,0.0,49.0,,0.0,,97.0,0.0
MN,2021,10,21,2021-05-30,0.0,0.0,0.0,81.0,,0.0,,99.0,0.0
MN,2021,11,22,2021-06-06,0.0,0.0,0.0,93.0,,0.0,,100.0,0.0
MN,2021,12,23,2021-06-13,0.0,0.0,0.0,97.0,,0.0,,100.0,0.0
MN,2021,13,24,2021-06-20,3.0,0.0,0.0,99.0,,0.0,,100.0,0.0
MN,2021,14,25,2021-06-27,13.0,0.0,0.0,100.0,,0.0,,100.0,0.0
MN,2021,15,26,2021-07-04,38.0,0.0,0.0,100.0,,0.0,,100.0,2.0
MN,2021,16,27,2021-07-11,60.0,0.0,0.0,100.0,,0.0,,100.0,11.0
MN,2021,17,28,2021-07-18,79.0,0.0,0.0,100.0,,0.0,,100.0,26.0
MN,2021,18,29,2021-07-25,92.0,0.0,0.0,100.0,,0.0,,100.0,52.0
MN,2021,19,30,2021-08-01,96.0,0.0,0.0,100.0,,0.0,,100.0,69.0
MN,2021,20,31,2021-08-08,98.0,1.0,0.0,100.0,,0.0,,100.0,84.0
MN,2021,21,32,2021-08-15,98.0,7.0,0.0,100.0,,0.0,,100.0,91.0
MN,2021,22,33,2021-08-22,100.0,20.0,3.0,100.0,,0.0,,100.0,96.0
MN,2021,23,34,2021-08-29,100.0,40.0,9.0,100.0,,0.0,,100.0,98.0
MN,2021,24,35,2021-09-05,100.0,66.0,25.0,100.0,,0.0,,100.0,100.0
MN,2021,25,36,2021-09-12,100.0,86.0,49.0,100.0,,3.0,,100.0,100.0
MN,2021,26,37,2021-09-19,100.0,96.0,74.0,100.0,,11.0,,100.0,100.0
MN,2021,27,38,2021-09-26,100.0,96.0,90.0,100.0,,30.0,,100.0,100.0
MN,2021,28,39,2021-10-03,100.0,96.0,97.0,100.0,,62.0,,100.0,100.0
MN,2021,29,40,2021-10-10,100.0,96.0,98.0,100.0,,83.0,,100.0,100.0
MN,2021,30,41,2021-10-17,100.0,96.0,99.0,100.0,,91.0,,100.0,100.0
MN,2021,31,42,2021-10-24,100.0,96.0,99.0,100.0,,95.0,,100.0,100.0
MN,2021,32,43,2021-10-31,100.0,96.0,99.0,100.0,,98.0,,100.0,100.0
MN,2021,33,44,2021-11-07,100.0,96.0,99.0,100.0,,99.0,,100.0,100.0
MN,2021,34,45,2021-11-14,100.0,96.0,99.0,100.0,,100.0,,100.0,100.0
MN,2021,35,46,2021-11-21,100.0,96.0,99.0,100.0,,100.0,,100.0,100.0
MN,2022,4,15,2022-04-17,0.0,0.0,0.0,0.0,,0.0,,0.0,0.0
MN,2022,5,16,2022-04-24,0.0,0.0,0.0,0.0,,0.0,,0.0,0.0
MN,2022,6,17,2022-05-01,0.0,0.0,0.0,0.0,,0.0,,0.0,0.0
MN,2022,7,18,2022-05-08,0.0,0.0,0.0,0.0,,0.0,,2.0,0.0
MN,2022,8,19,2022-05-15,0.0,0.0,0.0,0.0,,0.0,,11.0,0.0
MN,2022,9,20,2022-05-22,0.0,0.0,0.0,7.0,,0.0,,32.0,0.0
MN,2022,10,21,2022-05-29,0.0,0.0,0.0,20.0,,0.0,,55.0,0.0
MN,2022,11,22,2022-06-05,0.0,0.0,0.0,39.0,,0.0,,72.0,0.0
MN,2022,12,23,2022-06-12,0.0,0.0,0.0,62.0,,0.0,,88.0,0.0
MN,2022,13,24,2022-06-19,0.0,0.0,0.0,83.0,,0.0,,97.0,0.0
MN,2022,14,25,2022-06-26,1.0,0.0,0.0,93.0,,0.0,,100.0,0.0
MN,2022,15,26,2022-07-03,6.0,0.0,0.0,98.0,,0.0,,100.0,0.0
MN,2022,16,27,2022-07-10,22.0,0.0,0.0,98.0,,0.0,,100.0,1.0
MN,2022,17,28,2022-07-17,46.0,0.0,0.0,98.0,,0.0,,100.0,10.0
MN,2022,18,29,2022-07-24,69.0,0.0,0.0,98.0,,0.0,,100.0,18.0
MN,2022,19,30,2022-07-31,81.0,0.0,0.0,98.0,,0.0,,100.0,36.0
MN,2022,20,31,2022-08-07,91.0,0.0,0.0,98.0,,0.0,,100.0,60.0
MN,2022,21,32,2022-08-14,96.0,0.0,0.0,98.0,,0.0,,100.0,77.0
MN,2022,22,33,2022-08-21,98.0,6.0,0.0,98.0,,0.0,,100.0,88.0
MN,2022,23,34,2022-08-28,98.0,11.0,0.0,98.0,,0.0,,100.0,95.0
MN,2022,24,35,2022-09-04,98.0,25.0,0.0,98.0,,0.0,,100.0,98.0
MN,2022,25,36,2022-09-11,98.0,49.0,6.0,98.0,,0.0,,100.0,99.0
MN,2022,26,37,2022-09-18,98.0,76.0,31.0,98.0,,1.0,,100.0,99.0
MN,2022,27,38,2022-09-25,98.0,93.0,61.0,98.0,,4.0,,100.0,99.0
MN,2022,28,39,2022-10-02,98.0,99.0,86.0,98.0,,29.0,,100.0,99.0
MN,2022,29,40,2022-10-09,98.0,99.0,96.0,98.0,,63.0,,100.0,99.0
MN,2022,30,41,2022-10-16,98.0,99.0,99.0,98.0,,83.0,,100.0,99.0
MN,2022,31,42,2022-10-23,98.0,99.0,99.0,98.0,,95.0,,100.0,99.0
MN,2022,32,43,2022-10-30,98.0,99.0,99.0,98.0,,98.0,,100.0,99.0
MN,2022,33,44,2022-11-06,98.0,99.0,99.0,98.0,,100.0,,100.0,99.0
MN,2022,34,45,2022-11-13,98.0,99.0,99.0,98.0,,100.0,,100.0,99.0
MN,2023,4,15,2023-04-16,0.0,0.0,0.0,0.0,,0.0,,0.0,0.0
MN,2023,5,16,2023-04-23,0.0,0.0,0.0,0.0,,0.0,,0.0,0.0
MN,2023,6,17,2023-04-30,0.0,0.0,0.0,0.0,,0.0,,1.0,0.0
MN,2023,7,18,2023-05-07,0.0,0.0,0.0,0.0,,0.0,,13.0,0.0
MN,2023,8,19,2023-05-14,0.0,0.0,0.0,4.0,,0.0,,30.0,0.0
MN,2023,9,20,2023-05-21,0.0,0.0,0.0,19.0,,0.0,,53.0,0.0
MN,2023,10,21,2023-05-28,0.0,0.0,0.0,44.0,,0.0,,86.0,0.0
MN,2023,11,22,2023-06-04,0.0,0.0,0.0,74.0,,0.0,,94.0,0.0
MN,2023,12,23,2023-06-11,0.0,0.0,0.0,91.0,,0.0,,99.0,0.0
MN,2023,13,24,2023-06-18,1.0,0.0,0.0,98.0,,0.0,,99.0,0.0
MN,2023,14,25,2023-06-25,9.0,0.0,0.0,100.0,,0.0,,99.0,0.0
MN,2023,15,26,2023-07-02,29.0,0.0,0.0,100.0,,0.0,,99.0,1.0
MN,2023,16,27,2023-07-09,51.0,0.0,0.0,100.0,,0.0,,99.0,12.0
MN,2023,17,28,2023-07-16,66.0,0.0,0.0,100.0,,0.0,,99.0,27.0
MN,2023,18,29,2023-07-23,78.0,0.0,0.0,100.0,,0.0,,99.0,43.0
MN,2023,19,30,2023-07-30,88.0,0.0,0.0,100.0,,0.0,,99.0,60.0
MN,2023,20,31,2023-08-06,93.0,0.0,0.0,100.0,,0.0,,99.0,71.0
MN,2023,21,32,2023-08-13,96.0,1.0,0.0,100.0,,0.0,,99.0,85.0
MN,2023,22,33,2023-08-20,99.0,10.0,0.0,100.0,,0.0,,99.0,92.0
MN,2023,23,34,2023-08-27,99.0,25.0,3.0,100.0,,0.0,,99.0,97.0
MN,2023,24,35,2023-09-03,99.0,48.0,12.0,100.0,,0.0,,99.0,99.0
MN,2023,25,36,2023-09-10,99.0,67.0,31.0,100.0,,0.0,,99.0,99.0
MN,2023,26,37,2023-09-17,99.0,86.0,59.0,100.0,,6.0,,99.0,99.0
MN,2023,27,38,2023-09-24,99.0,95.0,81.0,100.0,,19.0,,99.0,99.0
MN,2023,28,39,2023-10-01,99.0,95.0,93.0,100.0,,33.0,,99.0,99.0
MN,2023,29,40,2023-10-08,99.0,95.0,97.0,100.0,,57.0,,99.0,99.0
MN,2023,30,41,2023-10-15,99.0,95.0,99.0,100.0,,76.0,,99.0,99.0
MN,2023,31,42,2023-10-22,99.0,95.0,99.0,100.0,,88.0,,99.0,99.0
MN,2023,32,43,2023-10-29,99.0,95.0,99.0,100.0,,94.0,,99.0,99.0
MN,2023,33,44,2023-11-05,99.0,95.0,99.0,100.0,,97.0,,99.0,99.0
MN,2023,34,45,2023-11-12,99.0,95.0,99.0,100.0,,99.0,,99.0,99.0
MN,2024,4,15,2024-04-14,0.0,0.0,0.0,0.0,,0.0,,1.0,0.0
MN,2024,5,16,2024-04-21,0.0,0.0,0.0,0.0,,0.0,,5.0,0.0
MN,2024,6,17,2024-04-28,0.0,0.0,0.0,0.0,,0.0,,14.0,0.0
MN,2024,7,18,2024-05-05,0.0,0.0,0.0,0.0,,0.0,,17.0,0.0
MN,2024,8,19,2024-05-12,0.0,0.0,0.0,4.0,,0.0,,26.0,0.0
MN,2024,9,20,2024-05-19,0.0,0.0,0.0,15.0,,0.0,,51.0,0.0
MN,2024,10,21,2024-05-26,0.0,0.0,0.0,31.0,,0.0,,72.0,0.0
MN,2024,11,22,2024-06-02,0.0,0.0,0.0,49.0,,0.0,,80.0,0.0
MN,2024,12,23,2024-06-09,0.0,0.0,0.0,68.0,,0.0,,87.0,0.0
MN,2024,13,24,2024-06-16,3.0,0.0,0.0,79.0,,0.0,,94.0,0.0
MN,2024,14,25,2024-06-23,8.0,0.0,0.0,89.0,,0.0,,97.0,0.0
MN,2024,15,26,2024-06-30,19.0,0.0,0.0,97.0,,0.0,,97.0,0.0
MN,2024,16,27,2024-07-07,32.0,0.0,0.0,97.0,,0.0,,97.0,2.0
MN,2024,17,28,2024-07-14,46.0,0.0,0.0,97.0,,0.0,,97.0,7.0
MN,2024,18,29,2024-07-21,60.0,0.0,0.0,97.0,,0.0,,97.0,20.0
MN,2024,19,30,2024-07-28,73.0,0.0,0.0,97.0,,0.0,,97.0,33.0
MN,2024,20,31,2024-08-04,83.0,0.0,0.0,97.0,,0.0,,97.0,48.0
MN,2024,21,32,2024-08-11,92.0,0.0,0.0,97.0,,0.0,,97.0,64.0
MN,2024,22,33,2024-08-18,96.0,1.0,0.0,97.0,,0.0,,97.0,78.0
MN,2024,23,34,2024-08-25,96.0,5.0,0.0,97.0,,0.0,,97.0,89.0
MN,2024,24,35,2024-09-01,96.0,15.0,1.0,97.0,,0.0,,97.0,92.0
MN,2024,25,36,2024-09-08,96.0,33.0,4.0,97.0,,0.0,,97.0,96.0
MN,2024,26,37,2024-09-15,96.0,61.0,23.0,97.0,,1.0,,97.0,96.0
MN,2024,27,38,2024-09-22,96.0,83.0,48.0,97.0,,7.0,,97.0,96.0
MN,2024,28,39,2024-09-29,96.0,93.0,78.0,97.0,,35.0,,97.0,96.0
MN,2024,29,40,2024-10-06,96.0,98.0,91.0,97.0,,68.0,,97.0,96.0
MN,2024,30,41,2024-10-13,96.0,98.0,98.0,97.0,,88.0,,97.0,96.0
MN,2024,31,42,2024-10-20,96.0,98.0,98.0,97.0,,95.0,,97.0,96.0
MN,2024,32,43,2024-10-27,96.0,98.0,98.0,97.0,,98.0,,97.0,96.0
MN,2024,33,44,2024-11-03,96.0,98.0,98.0,97.0,,100.0,,97.0,96.0
MN,2024,34,45,2024-11-10,96.0,98.0,98.0,97.0,,100.0,,97.0,96.0
MN,2025,4,15,2025-04-13,0.0,0.0,0.0,0.0,,0.0,,0.0,0.0
MN,2025,5,16,2025-04-20,0.0,0.0,0.0,0.0,,0.0,,3.0,0.0
MN,2025,6,17,2025-04-27,0.0,0.0,0.0,0.0,,0.0,,13.0,0.0
MN,2025,7,18,2025-05-04,0.0,0.0,0.0,1.0,,0.0,,22.0,0.0
MN,2025,8,19,2025-05-11,0.0,0.0,0.0,14.0,,0.0,,52.0,0.0
MN,2025,9,20,2025-05-18,0.0,0.0,0.0,32.0,,0.0,,81.0,0.0
MN,2025,10,21,2025-05-25,0.0,0.0,0.0,56.0,,0.0,,91.0,0.0
MN,2025,11,22,2025-06-01,0.0,0.0,0.0,73.0,,0.0,,97.0,0.0
MN,2025,12,23,2025-06-08,0.0,0.0,0.0,86.0,,0.0,,99.0,0.0
MN,2025,13,24,2025-06-15,0.0,0.0,0.0,94.0,,0.0,,100.0,0.0
MN,2025,14,25,2025-06-22,5.0,0.0,0.0,97.0,,0.0,,100.0,0.0
MN,2025,15,26,2025-06-29,12.0,0.0,0.0,99.0,,0.0,,100.0,0.0
MN,2025,16,27,2025-07-06,29.0,0.0,0.0,100.0,,0.0,,100.0,5.0
MN,2025,17,28,2025-07-13,43.0,0.0,0.0,100.0,,0.0,,100.0,13.0
MN,2025,18,29,2025-07-20,60.0,0.0,0.0,100.0,,0.0,,100.0,22.0
MN,2025,19,30,2025-07-27,77.0,0.0,0.0,100.0,,0.0,,100.0,36.0
MN,2025,20,31,2025-08-03,85.0,0.0,0.0,100.0,,0.0,,100.0,57.0
MN,2025,21,32,2025-08-10,95.0,0.0,0.0,100.0,,0.0,,100.0,70.0
MN,2025,22,33,2025-08-17,97.0,2.0,0.0,100.0,,0.0,,100.0,84.0
MN,2025,23,34,2025-08-24,97.0,8.0,0.0,100.0,,0.0,,100.0,93.0
MN,2025,24,35,2025-08-31,97.0,18.0,1.0,100.0,,0.0,,100.0,96.0
MN,2025,25,36,2025-09-07,97.0,35.0,4.0,100.0,,0.0,,100.0,99.0
MN,2025,26,37,2025-09-14,97.0,64.0,18.0,100.0,,0.0,,100.0,99.0
MN,2025,27,38,2025-09-21,97.0,85.0,46.0,100.0,,3.0,,100.0,99.0
MN,2025,28,39,2025-09-28,97.0,95.0,78.0,100.0,,22.0,,100.0,99.0
MN,2025,35,46,2025-11-16,97.0,95.0,78.0,100.0,,100.0,,100.0,99.0
MO,2016,5,16,2016-04-24,0.0,0.0,0.0,0.0,,0.0,,5.0,0.0
MO,2016,6,17,2016-05-01,0.0,0.0,0.0,0.0,,0.0,,11.0,0.0
MO,2016,7,18,2016-05-08,0.0,0.0,0.0,5.0,,0.0,,23.0,0.0
MO,2016,8,19,2016-05-15,0.0,0.0,0.0,14.0,,0.0,,31.0,0.0
MO,2016,9,20,2016-05-22,0.0,0.0,0.0,25.0,,0.0,,46.0,0.0
MO,2016,10,21,2016-05-29,0.0,0.0,0.0,37.0,,0.0,,59.0,0.0
MO,2016,11,22,2016-06-05,0.0,0.0,0.0,51.0,,0.0,,68.0,0.0
MO,2016,12,23,2016-06-12,0.0,0.0,0.0,64.0,,0.0,,84.0,0.0
MO,2016,13,24,2016-06-19,1.0,0.0,0.0,80.0,,0.0,,92.0,0.0
MO,2016,14,25,2016-06-26,6.0,0.0,0.0,88.0,,0.0,,96.0,0.0
MO,2016,15,26,2016-07-03,14.0,0.0,0.0,96.0,,0.0,,96.0,0.0
MO,2016,16,27,2016-07-10,28.0,0.0,0.0,96.0,,0.0,,96.0,2.0
MO,2016,17,28,2016-07-17,43.0,0.0,0.0,96.0,,0.0,,96.0,10.0
MO,2016,18,29,2016-07-24,58.0,0.0,0.0,96.0,,0.0,,96.0,21.0
MO,2016,19,30,2016-07-31,71.0,0.0,0.0,96.0,,0.0,,96.0,33.0
MO,2016,20,31,2016-08-07,77.0,0.0,0.0,96.0,,0.0,,96.0,42.0
MO,2016,21,32,2016-08-14,84.0,0.0,0.0,96.0,,0.0,,96.0,55.0
MO,2016,22,33,2016-08-21,91.0,1.0,0.0,96.0,,0.0,,96.0,71.0
MO,2016,23,34,2016-08-28,95.0,3.0,0.0,96.0,,0.0,,96.0,84.0
MO,2016,24,35,2016-09-04,95.0,12.0,2.0,96.0,,0.0,,96.0,93.0
MO,2016,25,36,2016-09-11,95.0,27.0,7.0,96.0,,0.0,,96.0,95.0
MO,2016,26,37,2016-09-18,95.0,55.0,21.0,96.0,,1.0,,96.0,95.0
MO,2016,27,38,2016-09-25,95.0,76.0,42.0,96.0,,5.0,,96.0,95.0
MO,2016,28,39,2016-10-02,95.0,86.0,61.0,96.0,,13.0,,96.0,95.0
MO,2016,29,40,2016-10-09,95.0,94.0,79.0,96.0,,23.0,,96.0,95.0
MO,2016,30,41,2016-10-16,95.0,97.0,89.0,96.0,,34.0,,96.0,95.0
MO,2016,31,42,2016-10-23,95.0,97.0,97.0,96.0,,57.0,,96.0,95.0
MO,2016,32,43,2016-10-30,95.0,97.0,97.0,96.0,,73.0,,96.0,95.0
MO,2016,33,44,2016-11-06,95.0,97.0,97.0,96.0,,86.0,,96.0,95.0
MO,2016,34,45,2016-11-13,95.0,97.0,97.0,96.0,,92.0,,96.0,95.0
MO,2016,35,46,2016-11-20,95.0,97.0,97.0,96.0,,96.0,,96.0,95.0
MO,2017,4,15,2017-04-16,0.0,0.0,0.0,0.0,,0.0,,0.0,0.0
MO,2017,5,16,2017-04-23,0.0,0.0,0.0,0.0,,0.0,,2.0,0.0
MO,2017,6,17,2017-04-30,0.0,0.0,0.0,0.0,,0.0,,5.0,0.0
MO,2017,7,18,2017-05-07,0.0,0.0,0.0,0.0,,0.0,,9.0,0.0
MO,2017,8,19,2017-05-14,0.0,0.0,0.0,4.0,,0.0,,24.0,0.0
MO,2017,9,20,2017-05-21,0.0,0.0,0.0,20.0,,0.0,,42.0,0.0
MO,2017,10,21,2017-05-28,0.0,0.0,0.0,34.0,,0.0,,54.0,0.0
MO,2017,11,22,2017-06-04,0.0,0.0,0.0,51.0,,0.0,,71.0,0.0
MO,2017,12,23,2017-06-11,0.0,0.0,0.0,65.0,,0.0,,85.0,0.0
MO,2017,13,24,2017-06-18,1.0,0.0,0.0,81.0,,0.0,,92.0,0.0
MO,2017,14,25,2017-06-25,7.0,0.0,0.0,89.0,,0.0,,96.0,0.0
MO,2017,15,26,2017-07-02,12.0,0.0,0.0,94.0,,0.0,,96.0,0.0
MO,2017,16,27,2017-07-09,23.0,0.0,0.0,94.0,,0.0,,96.0,2.0
MO,2017,17,28,2017-07-16,44.0,0.0,0.0,94.0,,0.0,,96.0,14.0
MO,2017,18,29,2017-07-23,56.0,0.0,0.0,94.0,,0.0,,96.0,23.0
MO,2017,19,30,2017-07-30,69.0,0.0,0.0,94.0,,0.0,,96.0,34.0
MO,2017,20,31,2017-08-06,79.0,0.0,0.0,94.0,,0.0,,96.0,46.0
MO,2017,21,32,2017-08-13,88.0,0.0,0.0,94.0,,0.0,,96.0,64.0
MO,2017,22,33,2017-08-20,92.0,1.0,0.0,94.0,,0.0,,96.0,75.0
MO,2017,23,34,2017-08-27,97.0,5.0,1.0,94.0,,0.0,,96.0,85.0
MO,2017,24,35,2017-09-03,97.0,18.0,3.0,94.0,,0.0,,96.0,92.0
MO,2017,25,36,2017-09-10,97.0,36.0,10.0,94.0,,0.0,,96.0,96.0
MO,2017,26,37,2017-09-17,97.0,60.0,19.0,94.0,,1.0,,96.0,96.0
MO,2017,27,38,2017-09-24,97.0,77.0,35.0,94.0,,4.0,,96.0,96.0
MO,2017,28,39,2017-10-01,97.0,85.0,54.0,94.0,,13.0,,96.0,96.0
MO,2017,29,40,2017-10-08,97.0,90.0,69.0,94.0,,22.0,,96.0,96.0
MO,2017,30,41,2017-10-15,97.0,95.0,82.0,94.0,,30.0,,96.0,96.0
MO,2017,31,42,2017-10-22,97.0,95.0,91.0,94.0,,45.0,,96.0,96.0
MO,2017,32,43,2017-10-29,97.0,95.0,97.0,94.0,,63.0,,96.0,96.0
MO,2017,33,44,2017-11-05,97.0,95.0,97.0,94.0,,77.0,,96.0,96.0
MO,2017,34,45,2017-11-12,97.0,95.0,97.0,94.0,,86.0,,96.0,96.0
MO,2017,35,46,2017-11-19,97.0,95.0,97.0,94.0,,91.0,,96.0,96.0
MO,2017,36,47,2017-11-26,97.0,95.0,97.0,94.0,,95.0,,96.0,96.0
MO,2018,5,16,2018-04-22,0.0,0.0,0.0,0.0,,0.0,,1.0,0.0
MO,2018,6,17,2018-04-29,0.0,0.0,0.0,0.0,,0.0,,5.0,0.0
MO,2018,7,18,2018-05-06,0.0,0.0,0.0,1.0,,0.0,,19.0,0.0
MO,2018,8,19,2018-05-13,0.0,0.0,0.0,12.0,,0.0,,42.0,0.0
MO,2018,9,20,2018-05-20,0.0,0.0,0.0,33.0,,0.0,,61.0,0.0
MO,2018,10,21,2018-05-27,0.0,0.0,0.0,52.0,,0.0,,77.0,0.0
MO,2018,11,22,2018-06-03,0.0,0.0,0.0,69.0,,0.0,,85.0,0.0
MO,2018,12,23,2018-06-10,0.0,0.0,0.0,81.0,,0.0,,90.0,0.0
MO,2018,13,24,2018-06-17,0.0,0.0,0.0,87.0,,0.0,,94.0,0.0
MO,2018,14,25,2018-06-24,4.0,0.0,0.0,93.0,,0.0,,97.0,0.0
MO,2018,15,26,2018-07-01,27.0,0.0,0.0,96.0,,0.0,,97.0,0.0
MO,2018,16,27,2018-07-08,43.0,0.0,0.0,96.0,,0.0,,97.0,4.0
MO,2018,17,28,2018-07-15,56.0,0.0,0.0,96.0,,0.0,,97.0,19.0
MO,2018,18,29,2018-07-22,69.0,0.0,0.0,96.0,,0.0,,97.0,32.0
MO,2018,19,30,2018-07-29,78.0,0.0,0.0,96.0,,0.0,,97.0,43.0
MO,2018,20,31,2018-08-05,86.0,0.0,0.0,96.0,,0.0,,97.0,58.0
MO,2018,21,32,2018-08-12,89.0,0.0,0.0,96.0,,0.0,,97.0,66.0
MO,2018,22,33,2018-08-19,94.0,2.0,0.0,96.0,,0.0,,97.0,76.0
MO,2018,23,34,2018-08-26,96.0,7.0,0.0,96.0,,0.0,,97.0,85.0
MO,2018,24,35,2018-09-02,96.0,18.0,2.0,96.0,,0.0,,97.0,93.0
MO,2018,25,36,2018-09-09,96.0,38.0,9.0,96.0,,0.0,,97.0,95.0
MO,2018,26,37,2018-09-16,96.0,60.0,22.0,96.0,,2.0,,97.0,95.0
MO,2018,27,38,2018-09-23,96.0,77.0,41.0,96.0,,5.0,,97.0,95.0
MO,2018,28,39,2018-09-30,96.0,87.0,58.0,96.0,,11.0,,97.0,95.0
MO,2018,29,40,2018-10-07,96.0,93.0,74.0,96.0,,20.0,,97.0,95.0
MO,2018,30,41,2018-10-14,96.0,96.0,85.0,96.0,,25.0,,97.0,95.0
MO,2018,31,42,2018-10-21,96.0,96.0,93.0,96.0,,33.0,,97.0,95.0
MO,2018,32,43,2018-10-28,96.0,96.0,96.0,96.0,,51.0,,97.0,95.0
MO,2018,33,44,2018-11-04,96.0,96.0,96.0,96.0,,64.0,,97.0,95.0
MO,2018,34,45,2018-11-11,96.0,96.0,96.0,96.0,,70.0,,97.0,95.0
MO,2018,35,46,2018-11-18,96.0,96.0,96.0,96.0,,77.0,,97.0,95.0
MO,2018,36,47,2018-11-25,96.0,96.0,96.0,96.0,,85.0,,97.0,95.0
MO,2019,5,16,2019-04-21,0.0,0.0,0.0,0.0,,0.0,,0.0,0.0
MO,2019,6,17,2019-04-28,0.0,0.0,0.0,0.0,,0.0,,2.0,0.0
MO,2019,7,18,2019-05-05,0.0,0.0,0.0,0.0,,0.0,,3.0,0.0
MO,2019,8,19,2019-05-12,0.0,0.0,0.0,1.0,,0.0,,5.0,0.0
MO,2019,9,20,2019-05-19,0.0,0.0,0.0,3.0,,0.0,,9.0,0.0
MO,2019,10,21,2019-05-26,0.0,0.0,0.0,7.0,,0.0,,12.0,0.0
MO,2019,11,22,2019-06-02,0.0,0.0,0.0,12.0,,0.0,,18.0,0.0
MO,2019,12,23,2019-06-09,0.0,0.0,0.0,20.0,,0.0,,37.0,0.0
MO,2019,13,24,2019-06-16,0.0,0.0,0.0,36.0,,0.0,,57.0,0.0
MO,2019,14,25,2019-06-23,0.0,0.0,0.0,51.0,,0.0,,66.0,0.0
MO,2019,15,26,2019-06-30,0.0,0.0,0.0,63.0,,0.0,,79.0,0.0
MO,2019,16,27,2019-07-07,6.0,0.0,0.0,76.0,,0.0,,90.0,0.0
MO,2019,17,28,2019-07-14,13.0,0.0,0.0,84.0,,0.0,,93.0,0.0
MO,2019,18,29,2019-07-21,25.0,0.0,0.0,91.0,,0.0,,96.0,2.0
MO,2019,19,30,2019-07-28,38.0,0.0,0.0,95.0,,0.0,,96.0,9.0
MO,2019,20,31,2019-08-04,50.0,0.0,0.0,95.0,,0.0,,96.0,16.0
MO,2019,21,32,2019-08-11,71.0,0.0,0.0,95.0,,0.0,,96.0,38.0
MO,2019,22,33,2019-08-18,82.0,0.0,0.0,95.0,,0.0,,96.0,53.0
MO,2019,23,34,2019-08-25,88.0,0.0,0.0,95.0,,0.0,,96.0,65.0
MO,2019,24,35,2019-09-01,93.0,0.0,0.0,95.0,,0.0,,96.0,74.0
MO,2019,25,36,2019-09-08,95.0,2.0,0.0,95.0,,0.0,,96.0,84.0
MO,2019,26,37,2019-09-15,100.0,15.0,2.0,95.0,,0.0,,96.0,90.0
MO,2019,27,38,2019-09-22,100.0,35.0,12.0,95.0,,0.0,,96.0,94.0
MO,2019,28,39,2019-09-29,100.0,58.0,26.0,95.0,,1.0,,96.0,96.0
MO,2019,29,40,2019-10-06,100.0,77.0,45.0,95.0,,6.0,,96.0,96.0
MO,2019,30,41,2019-10-13,100.0,91.0,69.0,95.0,,15.0,,96.0,96.0
MO,2019,31,42,2019-10-20,100.0,96.0,86.0,95.0,,26.0,,96.0,96.0
MO,2019,32,43,2019-10-27,100.0,96.0,93.0,95.0,,43.0,,96.0,96.0
MO,2019,33,44,2019-11-03,100.0,96.0,97.0,95.0,,54.0,,96.0,96.0
MO,2019,34,45,2019-11-10,100.0,96.0,97.0,95.0,,72.0,,96.0,96.0
MO,2019,35,46,2019-11-17,100.0,96.0,97.0,95.0,,83.0,,96.0,96.0
MO,2019,36,47,2019-11-24,100.0,96.0,97.0,95.0,,91.0,,96.0,96.0
MO,2019,37,48,2019-12-01,100.0,96.0,97.0,95.0,,96.0,,96.0,96.0
MO,2020,5,16,2020-04-19,0.0,0.0,0.0,0.0,,0.0,,0.0,0.0
MO,2020,6,17,2020-04-26,0.0,0.0,0.0,0.0,,0.0,,2.0,0.0
MO,2020,7,18,2020-05-03,0.0,0.0,0.0,0.0,,0.0,,7.0,0.0
MO,2020,8,19,2020-05-10,0.0,0.0,0.0,4.0,,0.0,,14.0,0.0
MO,2020,9,20,2020-05-17,0.0,0.0,0.0,10.0,,0.0,,27.0,0.0
MO,2020,10,21,2020-05-24,0.0,0.0,0.0,20.0,,0.0,,39.0,0.0
MO,2020,11,22,2020-05-31,0.0,0.0,0.0,30.0,,0.0,,49.0,0.0
MO,2020,12,23,2020-06-07,0.0,0.0,0.0,43.0,,0.0,,63.0,0.0
MO,2020,13,24,2020-06-14,0.0,0.0,0.0,59.0,,0.0,,78.0,0.0
MO,2020,14,25,2020-06-21,1.0,0.0,0.0,74.0,,0.0,,89.0,0.0
MO,2020,15,26,2020-06-28,6.0,0.0,0.0,87.0,,0.0,,94.0,0.0
MO,2020,16,27,2020-07-05,16.0,0.0,0.0,92.0,,0.0,,96.0,0.0
MO,2020,17,28,2020-07-12,35.0,0.0,0.0,96.0,,0.0,,96.0,11.0
MO,2020,18,29,2020-07-19,52.0,0.0,0.0,96.0,,0.0,,96.0,20.0
MO,2020,19,30,2020-07-26,62.0,0.0,0.0,96.0,,0.0,,96.0,27.0
MO,2020,20,31,2020-08-02,73.0,0.0,0.0,96.0,,0.0,,96.0,37.0
MO,2020,21,32,2020-08-09,83.0,0.0,0.0,96.0,,0.0,,96.0,56.0
MO,2020,22,33,2020-08-16,90.0,0.0,0.0,96.0,,0.0,,96.0,69.0
MO,2020,23,34,2020-08-23,93.0,0.0,0.0,96.0,,0.0,,96.0,80.0
MO,2020,24,35,2020-08-30,96.0,0.0,0.0,96.0,,0.0,,96.0,88.0
MO,2020,25,36,2020-09-06,96.0,6.0,1.0,96.0,,0.0,,96.0,95.0
MO,2020,26,37,2020-09-13,96.0,26.0,6.0,96.0,,0.0,,96.0,95.0
MO,2020,27,38,2020-09-20,96.0,57.0,24.0,96.0,,0.0,,96.0,95.0
MO,2020,28,39,2020-09-27,96.0,66.0,29.0,96.0,,1.0,,96.0,95.0
MO,2020,29,40,2020-10-04,96.0,84.0,49.0,96.0,,6.0,,96.0,95.0
MO,2020,30,41,2020-10-11,96.0,95.0,77.0,96.0,,22.0,,96.0,95.0
MO,2020,31,42,2020-10-18,96.0,95.0,92.0,96.0,,40.0,,96.0,95.0
MO,2020,32,43,2020-10-25,96.0,95.0,96.0,96.0,,50.0,,96.0,95.0
MO,2020,33,44,2020-11-01,96.0,95.0,96.0,96.0,,60.0,,96.0,95.0
MO,2020,34,45,2020-11-08,96.0,95.0,96.0,96.0,,79.0,,96.0,95.0
MO,2020,35,46,2020-11-15,96.0,95.0,96.0,96.0,,88.0,,96.0,95.0
MO,2020,36,47,2020-11-22,96.0,95.0,96.0,96.0,,94.0,,96.0,95.0
MO,2020,37,48,2020-11-29,96.0,95.0,96.0,96.0,,97.0,,96.0,95.0
MO,2021,4,15,2021-04-18,0.0,0.0,0.0,0.0,,0.0,,1.0,0.0
MO,2021,5,16,2021-04-25,0.0,0.0,0.0,1.0,,0.0,,3.0,0.0
MO,2021,6,17,2021-05-02,0.0,0.0,0.0,2.0,,0.0,,10.0,0.0
MO,2021,7,18,2021-05-09,0.0,0.0,0.0,5.0,,0.0,,21.0,0.0
MO,2021,8,19,2021-05-16,0.0,0.0,0.0,14.0,,0.0,,36.0,0.0
MO,2021,9,20,2021-05-23,0.0,0.0,0.0,27.0,,0.0,,44.0,0.0
MO,2021,10,21,2021-05-30,0.0,0.0,0.0,38.0,,0.0,,49.0,0.0
MO,2021,11,22,2021-06-06,0.0,0.0,0.0,49.0,,0.0,,65.0,0.0
MO,2021,12,23,2021-06-13,0.0,0.0,0.0,65.0,,0.0,,85.0,0.0
MO,2021,13,24,2021-06-20,1.0,0.0,0.0,80.0,,0.0,,92.0,0.0
MO,2021,14,25,2021-06-27,7.0,0.0,0.0,88.0,,0.0,,96.0,0.0
MO,2021,15,26,2021-07-04,14.0,0.0,0.0,94.0,,0.0,,96.0,1.0
MO,2021,16,27,2021-07-11,20.0,0.0,0.0,96.0,,0.0,,96.0,4.0
MO,2021,17,28,2021-07-18,33.0,0.0,0.0,96.0,,0.0,,96.0,10.0
MO,2021,18,29,2021-07-25,52.0,0.0,0.0,96.0,,0.0,,96.0,19.0
MO,2021,19,30,2021-08-01,65.0,0.0,0.0,96.0,,0.0,,96.0,31.0
MO,2021,20,31,2021-08-08,78.0,0.0,0.0,96.0,,0.0,,96.0,48.0
MO,2021,21,32,2021-08-15,84.0,0.0,0.0,96.0,,0.0,,96.0,58.0
MO,2021,22,33,2021-08-22,90.0,0.0,0.0,96.0,,0.0,,96.0,70.0
MO,2021,23,34,2021-08-29,93.0,0.0,3.0,96.0,,0.0,,96.0,82.0
MO,2021,24,35,2021-09-05,95.0,6.0,4.0,96.0,,0.0,,96.0,88.0
MO,2021,25,36,2021-09-12,95.0,30.0,10.0,96.0,,0.0,,96.0,94.0
MO,2021,26,37,2021-09-19,95.0,54.0,26.0,96.0,,1.0,,96.0,97.0
MO,2021,27,38,2021-09-26,95.0,76.0,50.0,96.0,,5.0,,96.0,97.0
MO,2021,28,39,2021-10-03,95.0,88.0,67.0,96.0,,11.0,,96.0,97.0
MO,2021,29,40,2021-10-10,95.0,92.0,78.0,96.0,,22.0,,96.0,97.0
MO,2021,30,41,2021-10-17,95.0,97.0,88.0,96.0,,30.0,,96.0,97.0
MO,2021,31,42,2021-10-24,95.0,97.0,93.0,96.0,,49.0,,96.0,97.0
MO,2021,32,43,2021-10-31,95.0,97.0,96.0,96.0,,59.0,,96.0,97.0
MO,2021,33,44,2021-11-07,95.0,97.0,96.0,96.0,,71.0,,96.0,97.0
MO,2021,34,45,2021-11-14,95.0,97.0,96.0,96.0,,81.0,,96.0,97.0
MO,2021,35,46,2021-11-21,95.0,97.0,96.0,96.0,,90.0,,96.0,97.0
MO,2021,36,47,2021-11-28,95.0,97.0,96.0,96.0,,95.0,,96.0,97.0
MO,2022,3,14,2022-04-10,0.0,,0.0,0.0,,0.0,,0.0,0.0
MO,2022,4,15,2022-04-17,0.0,,0.0,0.0,,0.0,,0.0,0.0
MO,2022,5,16,2022-04-24,0.0,,0.0,0.0,,0.0,,1.0,0.0
MO,2022,6,17,2022-05-01,0.0,,0.0,0.0,,0.0,,5.0,0.0
MO,2022,7,18,2022-05-08,0.0,,0.0,1.0,,0.0,,7.0,0.0
MO,2022,8,19,2022-05-15,0.0,,0.0,6.0,,0.0,,19.0,0.0
MO,2022,9,20,2022-05-22,0.0,,0.0,16.0,,0.0,,38.0,0.0
MO,2022,10,21,2022-05-29,0.0,,0.0,31.0,,0.0,,52.0,0.0
MO,2022,11,22,2022-06-05,0.0,,0.0,44.0,,0.0,,61.0,0.0
MO,2022,12,23,2022-06-12,0.0,,0.0,56.0,,0.0,,71.0,0.0
MO,2022,13,24,2022-06-19,0.0,,0.0,69.0,,0.0,,85.0,0.0
MO,2022,14,25,2022-06-26,1.0,,0.0,79.0,,0.0,,93.0,0.0
MO,2022,15,26,2022-07-03,9.0,,0.0,89.0,,0.0,,97.0,0.0
MO,2022,16,27,2022-07-10,19.0,,0.0,95.0,,0.0,,97.0,3.0
MO,2022,17,28,2022-07-17,32.0,,0.0,95.0,,0.0,,97.0,8.0
MO,2022,18,29,2022-07-24,49.0,,0.0,95.0,,0.0,,97.0,17.0
MO,2022,19,30,2022-07-31,63.0,,0.0,95.0,,0.0,,97.0,29.0
MO,2022,20,31,2022-08-07,78.0,,0.0,95.0,,0.0,,97.0,44.0
MO,2022,21,32,2022-08-14,84.0,,0.0,95.0,,0.0,,97.0,58.0
MO,2022,22,33,2022-08-21,91.0,,0.0,95.0,,0.0,,97.0,73.0
MO,2022,23,34,2022-08-28,92.0,,0.0,95.0,,0.0,,97.0,77.0
MO,2022,24,35,2022-09-04,95.0,,3.0,95.0,,0.0,,97.0,84.0
MO,2022,25,36,2022-09-11,95.0,,10.0,95.0,,0.0,,97.0,91.0
MO,2022,26,37,2022-09-18,95.0,,27.0,95.0,,0.0,,97.0,95.0
MO,2022,27,38,2022-09-25,95.0,,45.0,95.0,,3.0,,97.0,95.0
MO,2022,28,39,2022-10-02,95.0,,68.0,95.0,,9.0,,97.0,95.0
MO,2022,29,40,2022-10-09,95.0,,88.0,95.0,,22.0,,97.0,95.0
MO,2022,30,41,2022-10-16,95.0,,94.0,95.0,,38.0,,97.0,95.0
MO,2022,31,42,2022-10-23,95.0,,98.0,95.0,,59.0,,97.0,95.0
MO,2022,32,43,2022-10-30,95.0,,98.0,95.0,,73.0,,97.0,95.0
MO,2022,33,44,2022-11-06,95.0,,98.0,95.0,,86.0,,97.0,95.0
MO,2022,34,45,2022-11-13,95.0,,98.0,95.0,,92.0,,97.0,95.0
MO,2022,35,46,2022-11-20,95.0,,98.0,95.0,,95.0,,97.0,95.0
MO,2023,4,15,2023-04-16,0.0,,0.0,0.0,,0.0,,5.0,0.0
MO,2023,5,16,2023-04-23,0.0,,0.0,2.0,,0.0,,16.0,0.0
MO,2023,6,17,2023-04-30,0.0,,0.0,12.0,,0.0,,34.0,0.0
MO,2023,7,18,2023-05-07,0.0,,0.0,21.0,,0.0,,50.0,0.0
MO,2023,8,19,2023-05-14,0.0,,0.0,36.0,,0.0,,62.0,0.0
MO,2023,9,20,2023-05-21,0.0,,0.0,54.0,,0.0,,74.0,0.0
MO,2023,10,21,2023-05-28,0.0,,0.0,69.0,,0.0,,86.0,0.0
MO,2023,11,22,2023-06-04,0.0,,0.0,80.0,,0.0,,91.0,0.0
MO,2023,12,23,2023-06-11,0.0,,0.0,86.0,,0.0,,93.0,0.0
MO,2023,13,24,2023-06-18,0.0,,0.0,89.0,,0.0,,95.0,0.0
MO,2023,14,25,2023-06-25,6.0,,0.0,93.0,,0.0,,95.0,0.0
MO,2023,15,26,2023-07-02,22.0,,0.0,95.0,,0.0,,95.0,2.0
MO,2023,16,27,2023-07-09,37.0,,0.0,95.0,,0.0,,95.0,6.0
MO,2023,17,28,2023-07-16,56.0,,0.0,95.0,,0.0,,95.0,19.0
MO,2023,18,29,2023-07-23,68.0,,0.0,95.0,,0.0,,95.0,31.0
MO,2023,19,30,2023-07-30,79.0,,0.0,95.0,,0.0,,95.0,45.0
MO,2023,20,31,2023-08-06,86.0,,0.0,95.0,,0.0,,95.0,61.0
MO,2023,21,32,2023-08-13,91.0,,0.0,95.0,,0.0,,95.0,71.0
MO,2023,22,33,2023-08-20,94.0,,0.0,95.0,,0.0,,95.0,83.0
MO,2023,23,34,2023-08-27,97.0,,0.0,95.0,,0.0,,95.0,89.0
MO,2023,24,35,2023-09-03,97.0,,8.0,95.0,,0.0,,95.0,94.0
MO,2023,25,36,2023-09-10,97.0,,17.0,95.0,,0.0,,95.0,97.0
MO,2023,26,37,2023-09-17,97.0,,38.0,95.0,,0.0,,95.0,97.0
MO,2023,27,38,2023-09-24,97.0,,64.0,95.0,,4.0,,95.0,97.0
MO,2023,28,39,2023-10-01,97.0,,82.0,95.0,,12.0,,95.0,97.0
MO,2023,29,40,2023-10-08,97.0,,91.0,95.0,,27.0,,95.0,97.0
MO,2023,30,41,2023-10-15,97.0,,95.0,95.0,,46.0,,95.0,97.0
MO,2023,31,42,2023-10-22,97.0,,95.0,95.0,,61.0,,95.0,97.0
MO,2023,32,43,2023-10-29,97.0,,95.0,95.0,,75.0,,95.0,97.0
MO,2023,33,44,2023-11-05,97.0,,95.0,95.0,,84.0,,95.0,97.0
MO,2023,34,45,2023-11-12,97.0,,95.0,95.0,,91.0,,95.0,97.0
MO,2023,35,46,2023-11-19,97.0,,95.0,95.0,,96.0,,95.0,97.0
MO,2024,1,12,2024-03-24,0.0,,0.0,0.0,,0.0,,0.0,0.0
MO,2024,2,13,2024-03-31,0.0,,0.0,0.0,,0.0,,1.0,0.0
MO,2024,3,14,2024-04-07,0.0,,0.0,0.0,,0.0,,3.0,0.0
MO,2024,4,15,2024-04-14,0.0,,0.0,0.0,,0.0,,8.0,0.0
MO,2024,5,16,2024-04-21,0.0,,0.0,3.0,,0.0,,16.0,0.0
MO,2024,6,17,2024-04-28,0.0,,0.0,9.0,,0.0,,24.0,0.0
MO,2024,7,18,2024-05-05,0.0,,0.0,17.0,,0.0,,30.0,0.0
MO,2024,8,19,2024-05-12,0.0,,0.0,25.0,,0.0,,36.0,0.0
MO,2024,9,20,2024-05-19,0.0,,0.0,31.0,,0.0,,42.0,0.0
MO,2024,10,21,2024-05-26,0.0,,0.0,40.0,,0.0,,55.0,0.0
MO,2024,11,22,2024-06-02,0.0,,0.0,52.0,,0.0,,68.0,0.0
MO,2024,12,23,2024-06-09,0.0,,0.0,67.0,,0.0,,79.0,0.0
MO,2024,13,24,2024-06-16,0.0,,0.0,78.0,,0.0,,86.0,0.0
MO,2024,14,25,2024-06-23,3.0,,0.0,85.0,,0.0,,94.0,0.0
MO,2024,15,26,2024-06-30,14.0,,0.0,91.0,,0.0,,98.0,0.0
MO,2024,16,27,2024-07-07,30.0,,0.0,95.0,,0.0,,98.0,7.0
MO,2024,17,28,2024-07-14,47.0,,0.0,95.0,,0.0,,98.0,17.0
MO,2024,18,29,2024-07-21,57.0,,0.0,95.0,,0.0,,98.0,26.0
MO,2024,19,30,2024-07-28,67.0,,0.0,95.0,,0.0,,98.0,36.0
MO,2024,20,31,2024-08-04,78.0,,0.0,95.0,,0.0,,98.0,52.0
MO,2024,21,32,2024-08-11,84.0,,0.0,95.0,,0.0,,98.0,64.0
MO,2024,22,33,2024-08-18,89.0,,1.0,95.0,,0.0,,98.0,74.0
MO,2024,23,34,2024-08-25,92.0,,5.0,95.0,,0.0,,98.0,79.0
MO,2024,24,35,2024-09-01,95.0,,13.0,95.0,,0.0,,98.0,84.0
MO,2024,25,36,2024-09-08,95.0,,23.0,95.0,,2.0,,98.0,92.0
MO,2024,26,37,2024-09-15,95.0,,35.0,95.0,,4.0,,98.0,96.0
MO,2024,27,38,2024-09-22,95.0,,56.0,95.0,,8.0,,98.0,96.0
MO,2024,28,39,2024-09-29,95.0,,72.0,95.0,,13.0,,98.0,96.0
MO,2024,29,40,2024-10-06,95.0,,84.0,95.0,,23.0,,98.0,96.0
MO,2024,30,41,2024-10-13,95.0,,91.0,95.0,,41.0,,98.0,96.0
MO,2024,31,42,2024-10-20,95.0,,95.0,95.0,,61.0,,98.0,96.0
MO,2024,32,43,2024-10-27,95.0,,95.0,95.0,,75.0,,98.0,96.0
MO,2024,33,44,2024-11-03,95.0,,95.0,95.0,,86.0,,98.0,96.0
MO,2024,34,45,2024-11-10,95.0,,95.0,95.0,,90.0,,98.0,96.0
MO,2024,35,46,2024-11-17,95.0,,95.0,95.0,,93.0,,98.0,96.0
MO,2024,36,47,2024-11-24,95.0,,95.0,95.0,,95.0,,98.0,96.0
MO,2025,2,13,2025-03-30,0.0,,0.0,0.0,,0.0,,2.0,0.0
MO,2025,3,14,2025-04-06,0.0,,0.0,0.0,,0.0,,3.0,0.0
MO,2025,4,15,2025-04-13,0.0,,0.0,0.0,,0.0,,5.0,0.0
MO,2025,5,16,2025-04-20,0.0,,0.0,2.0,,0.0,,15.0,0.0
MO,2025,6,17,2025-04-27,0.0,,0.0,4.0,,0.0,,25.0,0.0
MO,2025,7,18,2025-05-04,0.0,,0.0,9.0,,0.0,,28.0,0.0
MO,2025,8,19,2025-05-11,0.0,,0.0,17.0,,0.0,,40.0,0.0
MO,2025,9,20,2025-05-18,0.0,,0.0,30.0,,0.0,,59.0,0.0
MO,2025,10,21,2025-05-25,0.0,,0.0,48.0,,0.0,,72.0,0.0
MO,2025,11,22,2025-06-01,0.0,,0.0,60.0,,0.0,,79.0,0.0
MO,2025,12,23,2025-06-08,0.0,,0.0,69.0,,0.0,,83.0,0.0
MO,2025,13,24,2025-06-15,0.0,,0.0,75.0,,0.0,,86.0,0.0
MO,2025,14,25,2025-06-22,3.0,,0.0,82.0,,0.0,,89.0,0.0
MO,2025,15,26,2025-06-29,14.0,,0.0,87.0,,0.0,,94.0,1.0
MO,2025,16,27,2025-07-06,29.0,,0.0,92.0,,0.0,,97.0,6.0
MO,2025,17,28,2025-07-13,42.0,,0.0,96.0,,0.0,,97.0,14.0
MO,2025,18,29,2025-07-20,57.0,,0.0,96.0,,0.0,,97.0,24.0
MO,2025,19,30,2025-07-27,67.0,,0.0,96.0,,0.0,,97.0,34.0
MO,2025,20,31,2025-08-03,78.0,,0.0,96.0,,0.0,,97.0,49.0
MO,2025,21,32,2025-08-10,84.0,,0.0,96.0,,0.0,,97.0,59.0
MO,2025,22,33,2025-08-17,90.0,,0.0,96.0,,0.0,,97.0,69.0
MO,2025,23,34,2025-08-24,94.0,,1.0,96.0,,0.0,,97.0,82.0
MO,2025,24,35,2025-08-31,96.0,,11.0,96.0,,0.0,,97.0,89.0
MO,2025,25,36,2025-09-07,96.0,,16.0,96.0,,1.0,,97.0,93.0
MO,2025,26,37,2025-09-14,96.0,,33.0,96.0,,4.0,,97.0,96.0
MO,2025,27,38,2025-09-21,96.0,,50.0,96.0,,7.0,,97.0,96.0
MO,2025,28,39,2025-09-28,96.0,,68.0,96.0,,11.0,,97.0,96.0
MO,2025,35,46,2025-11-16,96.0,,68.0,96.0,,89.0,,97.0,96.0
MO,2025,36,47,2025-11-23,96.0,,68.0,96.0,,94.0,,97.0,96.0
MS,2016,1,12,2016-03-27,0.0,0.0,0.0,0.0,,0.0,0.0,0.0,0.0
MS,2016,2,13,2016-04-03,0.0,0.0,0.0,0.0,,0.0,0.0,0.0,0.0
MS,2016,3,14,2016-04-10,0.0,0.0,0.0,0.0,,0.0,0.0,9.0,0.0
MS,2016,4,15,2016-04-17,0.0,0.0,0.0,3.0,,0.0,0.0,19.0,0.0
MS,2016,5,16,2016-04-24,0.0,0.0,0.0,14.0,,0.0,0.0,25.0,0.0
MS,2016,6,17,2016-05-01,0.0,0.0,0.0,25.0,,0.0,0.0,46.0,0.0
MS,2016,7,18,2016-05-08,0.0,0.0,0.0,39.0,,0.0,0.0,57.0,0.0
MS,2016,8,19,2016-05-15,0.0,0.0,0.0,55.0,,0.0,0.0,72.0,0.0
MS,2016,9,20,2016-05-22,0.0,0.0,0.0,66.0,,0.0,0.0,82.0,0.0
MS,2016,10,21,2016-05-29,0.0,0.0,0.0,78.0,,0.0,0.0,89.0,0.0
MS,2016,11,22,2016-06-05,7.0,0.0,0.0,85.0,,0.0,0.0,92.0,0.0
MS,2016,12,23,2016-06-12,15.0,0.0,0.0,90.0,,0.0,0.0,95.0,0.0
MS,2016,13,24,2016-06-19,29.0,0.0,0.0,95.0,,0.0,0.0,98.0,0.0
MS,2016,14,25,2016-06-26,43.0,0.0,0.0,98.0,,0.0,0.0,99.0,0.0
MS,2016,15,26,2016-07-03,57.0,0.0,0.0,99.0,,0.0,0.0,100.0,10.0
MS,2016,16,27,2016-07-10,66.0,0.0,0.0,100.0,,0.0,0.0,100.0,32.0
MS,2016,17,28,2016-07-17,77.0,0.0,0.0,100.0,,0.0,0.0,100.0,50.0
MS,2016,18,29,2016-07-24,83.0,0.0,0.0,100.0,,0.0,0.0,100.0,65.0
MS,2016,19,30,2016-07-31,89.0,10.0,0.0,100.0,,0.0,0.0,100.0,79.0
MS,2016,20,31,2016-08-07,94.0,21.0,0.0,100.0,,0.0,0.0,100.0,86.0
MS,2016,21,32,2016-08-14,96.0,31.0,5.0,100.0,,0.0,0.0,100.0,89.0
MS,2016,22,33,2016-08-21,96.0,37.0,10.0,100.0,,1.0,3.0,100.0,92.0
MS,2016,23,34,2016-08-28,98.0,51.0,21.0,100.0,,5.0,14.0,100.0,94.0
MS,2016,24,35,2016-09-04,100.0,62.0,34.0,100.0,,12.0,27.0,100.0,95.0
MS,2016,25,36,2016-09-11,100.0,69.0,46.0,100.0,,20.0,36.0,100.0,98.0
MS,2016,26,37,2016-09-18,100.0,81.0,66.0,100.0,,34.0,58.0,100.0,100.0
MS,2016,27,38,2016-09-25,100.0,89.0,78.0,100.0,,45.0,70.0,100.0,100.0
MS,2016,28,39,2016-10-02,100.0,95.0,90.0,100.0,,67.0,84.0,100.0,100.0
MS,2016,29,40,2016-10-09,100.0,99.0,93.0,100.0,,81.0,91.0,100.0,100.0
MS,2016,30,41,2016-10-16,100.0,100.0,95.0,100.0,,87.0,94.0,100.0,100.0
MS,2016,31,42,2016-10-23,100.0,100.0,98.0,100.0,,92.0,96.0,100.0,100.0
MS,2016,32,43,2016-10-30,100.0,100.0,100.0,100.0,,94.0,98.0,100.0,100.0
MS,2016,33,44,2016-11-06,100.0,100.0,100.0,100.0,,98.0,100.0,100.0,100.0
MS,2016,34,45,2016-11-13,100.0,100.0,100.0,100.0,,99.0,100.0,100.0,100.0
MS,2016,35,46,2016-11-20,100.0,100.0,100.0,100.0,,100.0,100.0,100.0,100.0
MS,2017,2,13,2017-04-02,0.0,0.0,0.0,0.0,,0.0,0.0,4.0,0.0
MS,2017,3,14,2017-04-09,0.0,0.0,0.0,2.0,,0.0,0.0,15.0,0.0
MS,2017,4,15,2017-04-16,0.0,0.0,0.0,15.0,,0.0,0.0,43.0,0.0
MS,2017,5,16,2017-04-23,0.0,0.0,0.0,37.0,,0.0,0.0,60.0,0.0
MS,2017,6,17,2017-04-30,0.0,0.0,0.0,51.0,,0.0,0.0,69.0,0.0
MS,2017,7,18,2017-05-07,0.0,0.0,0.0,64.0,,0.0,0.0,74.0,0.0
MS,2017,8,19,2017-05-14,0.0,0.0,0.0,72.0,,0.0,0.0,81.0,0.0
MS,2017,9,20,2017-05-21,4.0,0.0,0.0,77.0,,0.0,0.0,86.0,0.0
MS,2017,10,21,2017-05-28,15.0,0.0,0.0,84.0,,0.0,0.0,89.0,0.0
MS,2017,11,22,2017-06-04,26.0,0.0,0.0,89.0,,0.0,0.0,92.0,0.0
MS,2017,12,23,2017-06-11,40.0,0.0,0.0,92.0,,0.0,0.0,95.0,0.0
MS,2017,13,24,2017-06-18,55.0,0.0,0.0,94.0,,0.0,0.0,97.0,0.0
MS,2017,14,25,2017-06-25,61.0,0.0,0.0,95.0,,0.0,0.0,98.0,5.0
MS,2017,15,26,2017-07-02,73.0,0.0,0.0,96.0,,0.0,0.0,99.0,18.0
MS,2017,16,27,2017-07-09,79.0,0.0,0.0,98.0,,0.0,0.0,100.0,38.0
MS,2017,17,28,2017-07-16,85.0,0.0,0.0,100.0,,0.0,0.0,100.0,63.0
MS,2017,18,29,2017-07-23,90.0,0.0,0.0,100.0,,0.0,0.0,100.0,76.0
MS,2017,19,30,2017-07-30,93.0,2.0,0.0,100.0,,0.0,0.0,100.0,82.0
MS,2017,20,31,2017-08-06,95.0,18.0,4.0,100.0,,0.0,0.0,100.0,88.0
MS,2017,21,32,2017-08-13,98.0,30.0,13.0,100.0,,0.0,2.0,100.0,92.0
MS,2017,22,33,2017-08-20,100.0,49.0,31.0,100.0,,4.0,20.0,100.0,96.0
MS,2017,23,34,2017-08-27,100.0,65.0,44.0,100.0,,12.0,31.0,100.0,98.0
MS,2017,24,35,2017-09-03,100.0,74.0,55.0,100.0,,22.0,42.0,100.0,100.0
MS,2017,25,36,2017-09-10,100.0,82.0,64.0,100.0,,29.0,52.0,100.0,100.0
MS,2017,26,37,2017-09-17,100.0,88.0,71.0,100.0,,38.0,60.0,100.0,100.0
MS,2017,27,38,2017-09-24,100.0,93.0,80.0,100.0,,50.0,70.0,100.0,100.0
MS,2017,28,39,2017-10-01,100.0,95.0,88.0,100.0,,64.0,80.0,100.0,100.0
MS,2017,29,40,2017-10-08,100.0,96.0,91.0,100.0,,73.0,86.0,100.0,100.0
MS,2017,30,41,2017-10-15,100.0,99.0,95.0,100.0,,80.0,91.0,100.0,100.0
MS,2017,31,42,2017-10-22,100.0,100.0,97.0,100.0,,88.0,95.0,100.0,100.0
MS,2017,32,43,2017-10-29,100.0,100.0,100.0,100.0,,94.0,97.0,100.0,100.0
MS,2017,33,44,2017-11-05,100.0,100.0,100.0,100.0,,95.0,100.0,100.0,100.0
MS,2017,34,45,2017-11-12,100.0,100.0,100.0,100.0,,98.0,100.0,100.0,100.0
MS,2017,35,46,2017-11-19,100.0,100.0,100.0,100.0,,100.0,100.0,100.0,100.0
MS,2018,1,12,2018-03-25,0.0,0.0,0.0,0.0,,0.0,0.0,2.0,0.0
MS,2018,2,13,2018-04-01,0.0,0.0,0.0,0.0,,0.0,0.0,5.0,0.0
MS,2018,3,14,2018-04-08,0.0,0.0,0.0,1.0,,0.0,0.0,7.0,0.0
MS,2018,4,15,2018-04-15,0.0,0.0,0.0,4.0,,0.0,0.0,18.0,0.0
MS,2018,5,16,2018-04-22,0.0,0.0,0.0,9.0,,0.0,0.0,30.0,0.0
MS,2018,6,17,2018-04-29,0.0,0.0,0.0,15.0,,0.0,0.0,35.0,0.0
MS,2018,7,18,2018-05-06,0.0,0.0,0.0,30.0,,0.0,0.0,53.0,0.0
MS,2018,8,19,2018-05-13,0.0,0.0,0.0,46.0,,0.0,0.0,72.0,0.0
MS,2018,9,20,2018-05-20,0.0,0.0,0.0,66.0,,0.0,0.0,84.0,0.0
MS,2018,10,21,2018-05-27,1.0,0.0,0.0,79.0,,0.0,0.0,89.0,0.0
MS,2018,11,22,2018-06-03,8.0,0.0,0.0,86.0,,0.0,0.0,92.0,0.0
MS,2018,12,23,2018-06-10,29.0,0.0,0.0,91.0,,0.0,0.0,96.0,0.0
MS,2018,13,24,2018-06-17,40.0,0.0,0.0,94.0,,0.0,0.0,98.0,1.0
MS,2018,14,25,2018-06-24,54.0,0.0,0.0,96.0,,0.0,0.0,99.0,11.0
MS,2018,15,26,2018-07-01,69.0,0.0,0.0,97.0,,0.0,0.0,100.0,31.0
MS,2018,16,27,2018-07-08,79.0,0.0,0.0,99.0,,0.0,0.0,100.0,50.0
MS,2018,17,28,2018-07-15,88.0,0.0,0.0,100.0,,0.0,0.0,100.0,63.0
MS,2018,18,29,2018-07-22,91.0,0.0,0.0,100.0,,0.0,0.0,100.0,77.0
MS,2018,19,30,2018-07-29,94.0,3.0,0.0,100.0,,0.0,0.0,100.0,84.0
MS,2018,20,31,2018-08-05,96.0,13.0,1.0,100.0,,0.0,0.0,100.0,90.0
MS,2018,21,32,2018-08-12,97.0,21.0,5.0,100.0,,1.0,0.0,100.0,93.0
MS,2018,22,33,2018-08-19,98.0,35.0,13.0,100.0,,4.0,0.0,100.0,96.0
MS,2018,23,34,2018-08-26,99.0,49.0,23.0,100.0,,7.0,0.0,100.0,97.0
MS,2018,24,35,2018-09-02,100.0,66.0,37.0,100.0,,15.0,0.0,100.0,98.0
MS,2018,25,36,2018-09-09,100.0,76.0,56.0,100.0,,22.0,35.0,100.0,99.0
MS,2018,26,37,2018-09-16,100.0,85.0,69.0,100.0,,33.0,54.0,100.0,100.0
MS,2018,27,38,2018-09-23,100.0,92.0,80.0,100.0,,47.0,66.0,100.0,100.0
MS,2018,28,39,2018-09-30,100.0,94.0,87.0,100.0,,50.0,78.0,100.0,100.0
MS,2018,29,40,2018-10-07,100.0,98.0,93.0,100.0,,61.0,86.0,100.0,100.0
MS,2018,30,41,2018-10-14,100.0,99.0,96.0,100.0,,73.0,92.0,100.0,100.0
MS,2018,31,42,2018-10-21,100.0,100.0,98.0,100.0,,80.0,95.0,100.0,100.0
MS,2018,32,43,2018-10-28,100.0,100.0,99.0,100.0,,88.0,98.0,100.0,100.0
MS,2018,33,44,2018-11-04,100.0,100.0,100.0,100.0,,92.0,99.0,100.0,100.0
MS,2018,34,45,2018-11-11,100.0,100.0,100.0,100.0,,94.0,100.0,100.0,100.0
MS,2018,35,46,2018-11-18,100.0,100.0,100.0,100.0,,95.0,100.0,100.0,100.0
MS,2018,36,47,2018-11-25,100.0,100.0,100.0,100.0,,97.0,100.0,100.0,100.0
MS,2018,37,48,2018-12-02,100.0,100.0,100.0,100.0,,98.0,100.0,100.0,100.0
MS,2019,1,12,2019-03-24,0.0,0.0,0.0,0.0,,0.0,0.0,1.0,0.0
MS,2019,2,13,2019-03-31,0.0,0.0,0.0,0.0,,0.0,0.0,3.0,0.0
MS,2019,3,14,2019-04-07,0.0,0.0,0.0,1.0,,0.0,0.0,11.0,0.0
MS,2019,4,15,2019-04-14,0.0,0.0,0.0,3.0,,0.0,0.0,14.0,0.0
MS,2019,5,16,2019-04-21,0.0,0.0,0.0,6.0,,0.0,0.0,16.0,0.0
MS,2019,6,17,2019-04-28,0.0,0.0,0.0,9.0,,0.0,0.0,20.0,0.0
MS,2019,7,18,2019-05-05,0.0,0.0,0.0,14.0,,0.0,0.0,27.0,0.0
MS,2019,8,19,2019-05-12,0.0,0.0,0.0,23.0,,0.0,0.0,33.0,0.0
MS,2019,9,20,2019-05-19,0.0,0.0,0.0,32.0,,0.0,0.0,45.0,0.0
MS,2019,10,21,2019-05-26,6.0,0.0,0.0,44.0,,0.0,0.0,65.0,0.0
MS,2019,11,22,2019-06-02,8.0,0.0,0.0,64.0,,0.0,0.0,80.0,0.0
MS,2019,12,23,2019-06-09,11.0,0.0,0.0,72.0,,0.0,0.0,85.0,0.0
MS,2019,13,24,2019-06-16,20.0,0.0,0.0,80.0,,0.0,0.0,91.0,8.0
MS,2019,14,25,2019-06-23,33.0,0.0,0.0,87.0,,0.0,0.0,96.0,11.0
MS,2019,15,26,2019-06-30,45.0,0.0,0.0,94.0,,0.0,0.0,97.0,16.0
MS,2019,16,27,2019-07-07,68.0,0.0,0.0,97.0,,0.0,0.0,99.0,22.0
MS,2019,17,28,2019-07-14,76.0,0.0,0.0,98.0,,0.0,0.0,100.0,37.0
MS,2019,18,29,2019-07-21,82.0,0.0,0.0,99.0,,0.0,0.0,100.0,48.0
MS,2019,19,30,2019-07-28,88.0,0.0,0.0,100.0,,0.0,0.0,100.0,63.0
MS,2019,20,31,2019-08-04,91.0,1.0,0.0,100.0,,0.0,0.0,100.0,76.0
MS,2019,21,32,2019-08-11,94.0,4.0,0.0,100.0,,0.0,0.0,100.0,81.0
MS,2019,22,33,2019-08-18,96.0,10.0,2.0,100.0,,0.0,0.0,100.0,87.0
MS,2019,23,34,2019-08-25,98.0,18.0,5.0,100.0,,0.0,1.0,100.0,91.0
MS,2019,24,35,2019-09-01,100.0,36.0,17.0,100.0,,1.0,8.0,100.0,95.0
MS,2019,25,36,2019-09-08,100.0,52.0,27.0,100.0,,6.0,16.0,100.0,97.0
MS,2019,26,37,2019-09-15,100.0,72.0,50.0,100.0,,15.0,39.0,100.0,98.0
MS,2019,27,38,2019-09-22,100.0,87.0,64.0,100.0,,24.0,47.0,100.0,99.0
MS,2019,28,39,2019-09-29,100.0,93.0,80.0,100.0,,46.0,63.0,100.0,100.0
MS,2019,29,40,2019-10-06,100.0,96.0,87.0,100.0,,58.0,78.0,100.0,100.0
MS,2019,30,41,2019-10-13,100.0,99.0,95.0,100.0,,75.0,86.0,100.0,100.0
MS,2019,31,42,2019-10-20,100.0,100.0,97.0,100.0,,85.0,94.0,100.0,100.0
MS,2019,32,43,2019-10-27,100.0,100.0,99.0,100.0,,90.0,96.0,100.0,100.0
MS,2019,33,44,2019-11-03,100.0,100.0,100.0,100.0,,93.0,98.0,100.0,100.0
MS,2019,34,45,2019-11-10,100.0,100.0,100.0,100.0,,95.0,99.0,100.0,100.0
MS,2019,35,46,2019-11-17,100.0,100.0,100.0,100.0,,97.0,100.0,100.0,100.0
MS,2019,36,47,2019-11-24,100.0,100.0,100.0,100.0,,98.0,100.0,100.0,100.0
MS,2019,37,48,2019-12-01,100.0,100.0,100.0,100.0,,99.0,100.0,100.0,100.0
MS,2019,38,49,2019-12-08,100.0,100.0,100.0,100.0,,100.0,100.0,100.0,100.0
MS,2020,1,12,2020-03-22,0.0,0.0,0.0,0.0,,0.0,0.0,0.0,0.0
MS,2020,2,13,2020-03-29,0.0,0.0,0.0,0.0,,0.0,0.0,0.0,0.0
MS,2020,3,14,2020-04-05,0.0,0.0,0.0,0.0,,0.0,0.0,1.0,0.0
MS,2020,4,15,2020-04-12,0.0,0.0,0.0,0.0,,0.0,0.0,5.0,0.0
MS,2020,5,16,2020-04-19,0.0,0.0,0.0,4.0,,0.0,0.0,21.0,0.0
MS,2020,6,17,2020-04-26,0.0,0.0,0.0,17.0,,0.0,0.0,30.0,0.0
MS,2020,7,18,2020-05-03,0.0,0.0,0.0,23.0,,0.0,0.0,39.0,0.0
MS,2020,8,19,2020-05-10,0.0,0.0,0.0,29.0,,0.0,0.0,51.0,0.0
MS,2020,9,20,2020-05-17,0.0,0.0,0.0,41.0,,0.0,0.0,66.0,0.0
MS,2020,10,21,2020-05-24,1.0,0.0,0.0,58.0,,0.0,0.0,78.0,0.0
MS,2020,11,22,2020-05-31,10.0,0.0,0.0,74.0,,0.0,0.0,86.0,0.0
MS,2020,12,23,2020-06-07,16.0,0.0,0.0,81.0,,0.0,0.0,92.0,0.0
MS,2020,13,24,2020-06-14,25.0,0.0,0.0,91.0,,0.0,0.0,95.0,0.0
MS,2020,14,25,2020-06-21,40.0,0.0,0.0,94.0,,0.0,0.0,97.0,4.0
MS,2020,15,26,2020-06-28,47.0,0.0,0.0,96.0,,0.0,0.0,98.0,8.0
MS,2020,16,27,2020-07-05,64.0,0.0,0.0,97.0,,0.0,0.0,99.0,13.0
MS,2020,17,28,2020-07-12,73.0,0.0,0.0,99.0,,0.0,0.0,100.0,26.0
MS,2020,18,29,2020-07-19,81.0,0.0,0.0,100.0,,0.0,0.0,100.0,48.0
MS,2020,19,30,2020-07-26,90.0,1.0,0.0,100.0,,0.0,0.0,100.0,67.0
MS,2020,20,31,2020-08-02,93.0,8.0,0.0,100.0,,0.0,0.0,100.0,78.0
MS,2020,21,32,2020-08-09,96.0,14.0,1.0,100.0,,0.0,0.0,100.0,86.0
MS,2020,22,33,2020-08-16,97.0,22.0,5.0,100.0,,0.0,1.0,100.0,91.0
MS,2020,23,34,2020-08-23,98.0,37.0,16.0,100.0,,1.0,5.0,100.0,95.0
MS,2020,24,35,2020-08-30,99.0,51.0,26.0,100.0,,4.0,13.0,100.0,97.0
MS,2020,25,36,2020-09-06,100.0,63.0,39.0,100.0,,7.0,25.0,100.0,98.0
MS,2020,26,37,2020-09-13,100.0,74.0,52.0,100.0,,12.0,38.0,100.0,99.0
MS,2020,27,38,2020-09-20,100.0,85.0,64.0,100.0,,22.0,51.0,100.0,100.0
MS,2020,28,39,2020-09-27,100.0,92.0,74.0,100.0,,31.0,63.0,100.0,100.0
MS,2020,29,40,2020-10-04,100.0,96.0,86.0,100.0,,45.0,73.0,100.0,100.0
MS,2020,30,41,2020-10-11,100.0,98.0,94.0,100.0,,63.0,85.0,100.0,100.0
MS,2020,31,42,2020-10-18,100.0,99.0,97.0,100.0,,72.0,93.0,100.0,100.0
MS,2020,32,43,2020-10-25,100.0,100.0,98.0,100.0,,79.0,95.0,100.0,100.0
MS,2020,33,44,2020-11-01,100.0,100.0,99.0,100.0,,84.0,97.0,100.0,100.0
MS,2020,34,45,2020-11-08,100.0,100.0,100.0,100.0,,92.0,98.0,100.0,100.0
MS,2020,35,46,2020-11-15,100.0,100.0,100.0,100.0,,96.0,100.0,100.0,100.0
MS,2020,36,47,2020-11-22,100.0,100.0,100.0,100.0,,98.0,100.0,100.0,100.0
MS,2020,37,48,2020-11-29,100.0,100.0,100.0,100.0,,99.0,100.0,100.0,100.0
MS,2021,1,12,2021-03-28,0.0,0.0,0.0,0.0,,0.0,0.0,0.0,0.0
MS,2021,2,13,2021-04-04,0.0,0.0,0.0,0.0,,0.0,0.0,2.0,0.0
MS,2021,3,14,2021-04-11,0.0,0.0,0.0,1.0,,0.0,0.0,8.0,0.0
MS,2021,4,15,2021-04-18,0.0,0.0,0.0,5.0,,0.0,0.0,15.0,0.0
MS,2021,5,16,2021-04-25,0.0,0.0,0.0,14.0,,0.0,0.0,37.0,0.0
MS,2021,6,17,2021-05-02,0.0,0.0,0.0,33.0,,0.0,0.0,54.0,0.0
MS,2021,7,18,2021-05-09,0.0,0.0,0.0,50.0,,0.0,0.0,64.0,0.0
MS,2021,8,19,2021-05-16,0.0,0.0,0.0,61.0,,0.0,0.0,72.0,0.0
MS,2021,9,20,2021-05-23,1.0,0.0,0.0,67.0,,0.0,0.0,83.0,0.0
MS,2021,10,21,2021-05-30,6.0,0.0,0.0,76.0,,0.0,0.0,89.0,0.0
MS,2021,11,22,2021-06-06,16.0,0.0,0.0,83.0,,0.0,0.0,94.0,1.0
MS,2021,12,23,2021-06-13,25.0,0.0,0.0,92.0,,0.0,0.0,95.0,3.0
MS,2021,13,24,2021-06-20,35.0,0.0,0.0,94.0,,0.0,0.0,97.0,4.0
MS,2021,14,25,2021-06-27,47.0,0.0,0.0,96.0,,0.0,0.0,98.0,8.0
MS,2021,15,26,2021-07-04,55.0,0.0,0.0,97.0,,0.0,0.0,100.0,15.0
MS,2021,16,27,2021-07-11,69.0,0.0,0.0,99.0,,0.0,0.0,100.0,33.0
MS,2021,17,28,2021-07-18,77.0,2.0,0.0,100.0,,0.0,0.0,100.0,48.0
MS,2021,18,29,2021-07-25,81.0,3.0,0.0,100.0,,0.0,0.0,100.0,59.0
MS,2021,19,30,2021-08-01,88.0,5.0,0.0,100.0,,0.0,0.0,100.0,72.0
MS,2021,20,31,2021-08-08,94.0,21.0,2.0,100.0,,0.0,0.0,100.0,83.0
MS,2021,21,32,2021-08-15,97.0,33.0,11.0,100.0,,0.0,1.0,100.0,92.0
MS,2021,22,33,2021-08-22,98.0,40.0,19.0,100.0,,1.0,4.0,100.0,95.0
MS,2021,23,34,2021-08-29,99.0,52.0,25.0,100.0,,2.0,8.0,100.0,96.0
MS,2021,24,35,2021-09-05,100.0,66.0,36.0,100.0,,9.0,19.0,100.0,97.0
MS,2021,25,36,2021-09-12,100.0,74.0,53.0,100.0,,18.0,36.0,100.0,99.0
MS,2021,26,37,2021-09-19,100.0,81.0,63.0,100.0,,29.0,48.0,100.0,100.0
MS,2021,27,38,2021-09-26,100.0,87.0,70.0,100.0,,36.0,56.0,100.0,100.0
MS,2021,28,39,2021-10-03,100.0,91.0,78.0,100.0,,46.0,68.0,100.0,100.0
MS,2021,29,40,2021-10-10,100.0,94.0,85.0,100.0,,54.0,77.0,100.0,100.0
MS,2021,30,41,2021-10-17,100.0,96.0,90.0,100.0,,65.0,84.0,100.0,100.0
MS,2021,31,42,2021-10-24,100.0,99.0,95.0,100.0,,78.0,89.0,100.0,100.0
MS,2021,32,43,2021-10-31,100.0,100.0,98.0,100.0,,88.0,94.0,100.0,100.0
MS,2021,33,44,2021-11-07,100.0,100.0,100.0,100.0,,91.0,97.0,100.0,100.0
MS,2021,34,45,2021-11-14,100.0,100.0,100.0,100.0,,95.0,99.0,100.0,100.0
MS,2021,35,46,2021-11-21,100.0,100.0,100.0,100.0,,97.0,100.0,100.0,100.0
MS,2021,36,47,2021-11-28,100.0,100.0,100.0,100.0,,99.0,100.0,100.0,100.0
MS,2022,1,12,2022-03-27,0.0,0.0,0.0,0.0,,0.0,0.0,0.0,0.0
MS,2022,2,13,2022-04-03,0.0,0.0,0.0,0.0,,0.0,0.0,2.0,0.0
MS,2022,3,14,2022-04-10,0.0,0.0,0.0,1.0,,0.0,0.0,7.0,0.0
MS,2022,4,15,2022-04-17,0.0,0.0,0.0,4.0,,0.0,0.0,10.0,0.0
MS,2022,5,16,2022-04-24,0.0,0.0,0.0,8.0,,0.0,0.0,24.0,0.0
MS,2022,6,17,2022-05-01,0.0,0.0,0.0,21.0,,0.0,0.0,48.0,0.0
MS,2022,7,18,2022-05-08,0.0,0.0,0.0,40.0,,0.0,0.0,64.0,0.0
MS,2022,8,19,2022-05-15,1.0,0.0,0.0,63.0,,0.0,0.0,80.0,0.0
MS,2022,9,20,2022-05-22,6.0,0.0,0.0,76.0,,0.0,0.0,89.0,0.0
MS,2022,10,21,2022-05-29,15.0,0.0,0.0,84.0,,0.0,0.0,92.0,0.0
MS,2022,11,22,2022-06-05,24.0,0.0,0.0,90.0,,0.0,0.0,95.0,1.0
MS,2022,12,23,2022-06-12,39.0,0.0,0.0,94.0,,0.0,0.0,98.0,6.0
MS,2022,13,24,2022-06-19,57.0,0.0,0.0,96.0,,0.0,0.0,99.0,10.0
MS,2022,14,25,2022-06-26,66.0,0.0,0.0,97.0,,0.0,0.0,100.0,25.0
MS,2022,15,26,2022-07-03,75.0,0.0,0.0,99.0,,0.0,0.0,100.0,37.0
MS,2022,16,27,2022-07-10,87.0,0.0,0.0,100.0,,0.0,0.0,100.0,46.0
MS,2022,17,28,2022-07-17,92.0,0.0,0.0,100.0,,0.0,0.0,100.0,64.0
MS,2022,18,29,2022-07-24,94.0,3.0,0.0,100.0,,0.0,0.0,100.0,81.0
MS,2022,19,30,2022-07-31,96.0,9.0,0.0,100.0,,0.0,0.0,100.0,86.0
MS,2022,20,31,2022-08-07,97.0,13.0,2.0,100.0,,0.0,0.0,100.0,89.0
MS,2022,21,32,2022-08-14,98.0,24.0,10.0,100.0,,0.0,2.0,100.0,92.0
MS,2022,22,33,2022-08-21,99.0,39.0,19.0,100.0,,3.0,11.0,100.0,95.0
MS,2022,23,34,2022-08-28,100.0,44.0,23.0,100.0,,4.0,14.0,100.0,97.0
MS,2022,24,35,2022-09-04,100.0,63.0,35.0,100.0,,13.0,21.0,100.0,98.0
MS,2022,25,36,2022-09-11,100.0,75.0,51.0,100.0,,20.0,33.0,100.0,99.0
MS,2022,26,37,2022-09-18,100.0,84.0,67.0,100.0,,34.0,46.0,100.0,100.0
MS,2022,27,38,2022-09-25,100.0,93.0,81.0,100.0,,44.0,62.0,100.0,100.0
MS,2022,28,39,2022-10-02,100.0,95.0,90.0,100.0,,51.0,76.0,100.0,100.0
MS,2022,29,40,2022-10-09,100.0,97.0,94.0,100.0,,73.0,88.0,100.0,100.0
MS,2022,30,41,2022-10-16,100.0,99.0,96.0,100.0,,84.0,93.0,100.0,100.0
MS,2022,31,42,2022-10-23,100.0,100.0,98.0,100.0,,90.0,95.0,100.0,100.0
MS,2022,32,43,2022-10-30,100.0,100.0,99.0,100.0,,93.0,97.0,100.0,100.0
MS,2022,33,44,2022-11-06,100.0,100.0,100.0,100.0,,96.0,98.0,100.0,100.0
MS,2022,34,45,2022-11-13,100.0,100.0,100.0,100.0,,97.0,100.0,100.0,100.0
MS,2022,35,46,2022-11-20,100.0,100.0,100.0,100.0,,99.0,100.0,100.0,100.0
MS,2022,36,47,2022-11-27,100.0,100.0,100.0,100.0,,100.0,100.0,100.0,100.0
MS,2023,1,12,2023-03-26,0.0,0.0,0.0,0.0,,0.0,0.0,0.0,0.0
MS,2023,2,13,2023-04-02,0.0,0.0,0.0,0.0,,0.0,0.0,2.0,0.0
MS,2023,3,14,2023-04-09,0.0,0.0,0.0,1.0,,0.0,0.0,6.0,0.0
MS,2023,4,15,2023-04-16,0.0,0.0,0.0,4.0,,0.0,0.0,23.0,0.0
MS,2023,5,16,2023-04-23,0.0,0.0,0.0,15.0,,0.0,0.0,34.0,0.0
MS,2023,6,17,2023-04-30,0.0,0.0,0.0,29.0,,0.0,0.0,43.0,0.0
MS,2023,7,18,2023-05-07,0.0,0.0,0.0,39.0,,0.0,0.0,62.0,0.0
MS,2023,8,19,2023-05-14,0.0,0.0,0.0,60.0,,0.0,0.0,72.0,0.0
MS,2023,9,20,2023-05-21,3.0,0.0,0.0,71.0,,0.0,0.0,80.0,0.0
MS,2023,10,21,2023-05-28,8.0,0.0,0.0,79.0,,0.0,0.0,88.0,0.0
MS,2023,11,22,2023-06-04,24.0,0.0,0.0,87.0,,0.0,0.0,93.0,0.0
MS,2023,12,23,2023-06-11,41.0,0.0,0.0,91.0,,0.0,0.0,96.0,1.0
MS,2023,13,24,2023-06-18,49.0,0.0,0.0,95.0,,0.0,0.0,98.0,4.0
MS,2023,14,25,2023-06-25,57.0,0.0,0.0,97.0,,0.0,0.0,99.0,15.0
MS,2023,15,26,2023-07-02,78.0,0.0,0.0,98.0,,0.0,0.0,100.0,38.0
MS,2023,16,27,2023-07-09,84.0,0.0,0.0,99.0,,0.0,0.0,100.0,61.0
MS,2023,17,28,2023-07-16,90.0,0.0,0.0,100.0,,0.0,0.0,100.0,70.0
MS,2023,18,29,2023-07-23,93.0,3.0,0.0,100.0,,0.0,0.0,100.0,78.0
MS,2023,19,30,2023-07-30,96.0,7.0,1.0,100.0,,0.0,0.0,100.0,85.0
MS,2023,20,31,2023-08-06,97.0,17.0,4.0,100.0,,0.0,0.0,100.0,91.0
MS,2023,21,32,2023-08-13,99.0,29.0,8.0,100.0,,0.0,1.0,100.0,94.0
MS,2023,22,33,2023-08-20,100.0,43.0,22.0,100.0,,1.0,5.0,100.0,96.0
MS,2023,23,34,2023-08-27,100.0,59.0,36.0,100.0,,4.0,19.0,100.0,98.0
MS,2023,24,35,2023-09-03,100.0,80.0,58.0,100.0,,18.0,31.0,100.0,99.0
MS,2023,25,36,2023-09-10,100.0,86.0,67.0,100.0,,27.0,45.0,100.0,100.0
MS,2023,26,37,2023-09-17,100.0,92.0,81.0,100.0,,42.0,64.0,100.0,100.0
MS,2023,27,38,2023-09-24,100.0,96.0,90.0,100.0,,61.0,78.0,100.0,100.0
MS,2023,28,39,2023-10-01,100.0,98.0,95.0,100.0,,70.0,88.0,100.0,100.0
MS,2023,29,40,2023-10-08,100.0,100.0,97.0,100.0,,82.0,94.0,100.0,100.0
MS,2023,30,41,2023-10-15,100.0,100.0,99.0,100.0,,88.0,96.0,100.0,100.0
MS,2023,31,42,2023-10-22,100.0,100.0,100.0,100.0,,95.0,98.0,100.0,100.0
MS,2023,32,43,2023-10-29,100.0,100.0,100.0,100.0,,97.0,99.0,100.0,100.0
MS,2023,33,44,2023-11-05,100.0,100.0,100.0,100.0,,98.0,100.0,100.0,100.0
MS,2023,34,45,2023-11-12,100.0,100.0,100.0,100.0,,99.0,100.0,100.0,100.0
MS,2023,35,46,2023-11-19,100.0,100.0,100.0,100.0,,100.0,100.0,100.0,100.0
MS,2024,1,12,2024-03-24,0.0,0.0,0.0,0.0,,0.0,0.0,0.0,0.0
MS,2024,2,13,2024-03-31,0.0,0.0,0.0,0.0,,0.0,0.0,1.0,0.0
MS,2024,3,14,2024-04-07,0.0,0.0,0.0,0.0,,0.0,0.0,7.0,0.0
MS,2024,4,15,2024-04-14,0.0,0.0,0.0,4.0,,0.0,0.0,16.0,0.0
MS,2024,5,16,2024-04-21,0.0,0.0,0.0,14.0,,0.0,0.0,28.0,0.0
MS,2024,6,17,2024-04-28,0.0,0.0,0.0,26.0,,0.0,0.0,52.0,0.0
MS,2024,7,18,2024-05-05,0.0,0.0,0.0,46.0,,0.0,0.0,67.0,0.0
MS,2024,8,19,2024-05-12,0.0,0.0,0.0,63.0,,0.0,0.0,79.0,0.0
MS,2024,9,20,2024-05-19,3.0,0.0,0.0,75.0,,0.0,0.0,86.0,0.0
MS,2024,10,21,2024-05-26,8.0,0.0,0.0,85.0,,0.0,0.0,92.0,0.0
MS,2024,11,22,2024-06-02,16.0,0.0,0.0,89.0,,0.0,0.0,94.0,0.0
MS,2024,12,23,2024-06-09,25.0,0.0,0.0,93.0,,0.0,0.0,96.0,3.0
MS,2024,13,24,2024-06-16,43.0,0.0,0.0,94.0,,0.0,0.0,98.0,8.0
MS,2024,14,25,2024-06-23,50.0,0.0,0.0,97.0,,0.0,0.0,100.0,14.0
MS,2024,15,26,2024-06-30,68.0,0.0,0.0,99.0,,0.0,0.0,100.0,33.0
MS,2024,16,27,2024-07-07,83.0,0.0,0.0,100.0,,0.0,0.0,100.0,55.0
MS,2024,17,28,2024-07-14,89.0,0.0,0.0,100.0,,0.0,0.0,100.0,69.0
MS,2024,18,29,2024-07-21,93.0,6.0,0.0,100.0,,0.0,0.0,100.0,79.0
MS,2024,19,30,2024-07-28,97.0,14.0,1.0,100.0,,0.0,0.0,100.0,87.0
MS,2024,20,31,2024-08-04,99.0,24.0,5.0,100.0,,0.0,0.0,100.0,91.0
MS,2024,21,32,2024-08-11,100.0,37.0,11.0,100.0,,0.0,2.0,100.0,94.0
MS,2024,22,33,2024-08-18,100.0,49.0,25.0,100.0,,1.0,9.0,100.0,96.0
MS,2024,23,34,2024-08-25,100.0,70.0,39.0,100.0,,7.0,19.0,100.0,98.0
MS,2024,24,35,2024-09-01,100.0,80.0,55.0,100.0,,17.0,36.0,100.0,100.0
MS,2024,25,36,2024-09-08,100.0,89.0,68.0,100.0,,32.0,53.0,100.0,100.0
MS,2024,26,37,2024-09-15,100.0,93.0,77.0,100.0,,44.0,66.0,100.0,100.0
MS,2024,27,38,2024-09-22,100.0,95.0,86.0,100.0,,57.0,75.0,100.0,100.0
MS,2024,28,39,2024-09-29,100.0,97.0,92.0,100.0,,66.0,85.0,100.0,100.0
MS,2024,29,40,2024-10-06,100.0,99.0,95.0,100.0,,76.0,91.0,100.0,100.0
MS,2024,30,41,2024-10-13,100.0,100.0,98.0,100.0,,84.0,94.0,100.0,100.0
MS,2024,31,42,2024-10-20,100.0,100.0,100.0,100.0,,90.0,97.0,100.0,100.0
MS,2024,32,43,2024-10-27,100.0,100.0,100.0,100.0,,95.0,99.0,100.0,100.0
MS,2024,33,44,2024-11-03,100.0,100.0,100.0,100.0,,97.0,100.0,100.0,100.0
MS,2024,34,45,2024-11-10,100.0,100.0,100.0,100.0,,99.0,100.0,100.0,100.0
MS,2024,35,46,2024-11-17,100.0,100.0,100.0,100.0,,100.0,100.0,100.0,100.0
MS,2025,2,13,2025-03-30,0.0,0.0,0.0,0.0,,0.0,0.0,1.0,0.0
MS,2025,3,14,2025-04-06,0.0,0.0,0.0,0.0,,0.0,0.0,6.0,0.0
MS,2025,4,15,2025-04-13,0.0,0.0,0.0,2.0,,0.0,0.0,15.0,0.0
MS,2025,5,16,2025-04-20,0.0,0.0,0.0,12.0,,0.0,0.0,35.0,0.0
MS,2025,6,17,2025-04-27,0.0,0.0,0.0,28.0,,0.0,0.0,54.0,0.0
MS,2025,7,18,2025-05-04,0.0,0.0,0.0,48.0,,0.0,0.0,64.0,0.0
MS,2025,8,19,2025-05-11,0.0,0.0,0.0,62.0,,0.0,0.0,71.0,0.0
MS,2025,9,20,2025-05-18,1.0,0.0,0.0,69.0,,0.0,0.0,76.0,0.0
MS,2025,10,21,2025-05-25,6.0,0.0,0.0,73.0,,0.0,0.0,79.0,0.0
MS,2025,11,22,2025-06-01,16.0,0.0,0.0,78.0,,0.0,0.0,83.0,0.0
MS,2025,12,23,2025-06-08,34.0,0.0,0.0,82.0,,0.0,0.0,90.0,2.0
MS,2025,13,24,2025-06-15,39.0,0.0,0.0,88.0,,0.0,0.0,93.0,5.0
MS,2025,14,25,2025-06-22,55.0,0.0,0.0,92.0,,0.0,0.0,96.0,11.0
MS,2025,15,26,2025-06-29,67.0,0.0,0.0,95.0,,0.0,0.0,100.0,20.0
MS,2025,16,27,2025-07-06,76.0,0.0,0.0,97.0,,0.0,0.0,100.0,45.0
MS,2025,17,28,2025-07-13,82.0,0.0,0.0,100.0,,0.0,0.0,100.0,64.0
MS,2025,18,29,2025-07-20,88.0,3.0,0.0,100.0,,0.0,0.0,100.0,74.0
MS,2025,19,30,2025-07-27,93.0,12.0,0.0,100.0,,0.0,0.0,100.0,80.0
MS,2025,20,31,2025-08-03,96.0,22.0,4.0,100.0,,0.0,0.0,100.0,85.0
MS,2025,21,32,2025-08-10,98.0,35.0,12.0,100.0,,0.0,2.0,100.0,91.0
MS,2025,22,33,2025-08-17,100.0,49.0,27.0,100.0,,1.0,10.0,100.0,94.0
MS,2025,23,34,2025-08-24,100.0,62.0,39.0,100.0,,9.0,23.0,100.0,96.0
MS,2025,24,35,2025-08-31,100.0,73.0,48.0,100.0,,17.0,36.0,100.0,98.0
MS,2025,25,36,2025-09-07,100.0,80.0,58.0,100.0,,28.0,47.0,100.0,100.0
MS,2025,26,37,2025-09-14,100.0,88.0,70.0,100.0,,43.0,62.0,100.0,100.0
MS,2025,27,38,2025-09-21,100.0,93.0,78.0,100.0,,56.0,68.0,100.0,100.0
MS,2025,28,39,2025-09-28,100.0,96.0,87.0,100.0,,66.0,77.0,100.0,100.0
MS,2025,35,46,2025-11-16,100.0,100.0,100.0,100.0,,99.0,100.0,100.0,100.0
MS,2025,36,47,2025-11-23,100.0,100.0,100.0,100.0,,100.0,100.0,100.0,100.0
NC,2016,4,15,2016-04-17,0.0,,0.0,0.0,,0.0,,0.0,0.0
NC,2016,5,16,2016-04-24,0.0,,0.0,0.0,,0.0,,1.0,0.0
NC,2016,6,17,2016-05-01,0.0,,0.0,0.0,,0.0,,5.0,0.0
NC,2016,7,18,2016-05-08,0.0,,0.0,0.0,,0.0,,10.0,0.0
NC,2016,8,19,2016-05-15,0.0,,0.0,5.0,,0.0,,24.0,0.0
NC,2016,9,20,2016-05-22,0.0,,0.0,16.0,,0.0,,32.0,0.0
NC,2016,10,21,2016-05-29,0.0,,0.0,29.0,,0.0,,46.0,0.0
NC,2016,11,22,2016-06-05,0.0,,0.0,42.0,,0.0,,57.0,0.0
NC,2016,12,23,2016-06-12,0.0,,0.0,56.0,,0.0,,67.0,0.0
NC,2016,13,24,2016-06-19,0.0,,0.0,68.0,,0.0,,79.0,0.0
NC,2016,14,25,2016-06-26,1.0,,0.0,77.0,,0.0,,88.0,0.0
NC,2016,15,26,2016-07-03,13.0,,0.0,89.0,,0.0,,96.0,0.0
NC,2016,16,27,2016-07-10,25.0,,0.0,94.0,,0.0,,98.0,2.0
NC,2016,17,28,2016-07-17,32.0,,0.0,98.0,,0.0,,98.0,14.0
NC,2016,18,29,2016-07-24,46.0,,0.0,100.0,,0.0,,98.0,23.0
NC,2016,19,30,2016-07-31,66.0,,0.0,100.0,,0.0,,98.0,37.0
NC,2016,20,31,2016-08-07,76.0,,0.0,100.0,,0.0,,98.0,47.0
NC,2016,21,32,2016-08-14,84.0,,0.0,100.0,,0.0,,98.0,64.0
NC,2016,22,33,2016-08-21,93.0,,0.0,100.0,,0.0,,98.0,75.0
NC,2016,23,34,2016-08-28,96.0,,5.0,100.0,,0.0,,98.0,84.0
NC,2016,24,35,2016-09-04,98.0,,11.0,100.0,,0.0,,98.0,91.0
NC,2016,25,36,2016-09-11,99.0,,18.0,100.0,,0.0,,98.0,95.0
NC,2016,26,37,2016-09-18,100.0,,30.0,100.0,,4.0,,98.0,97.0
NC,2016,27,38,2016-09-25,100.0,,44.0,100.0,,6.0,,98.0,99.0
NC,2016,28,39,2016-10-02,100.0,,52.0,100.0,,9.0,,98.0,100.0
NC,2016,29,40,2016-10-09,100.0,,62.0,100.0,,11.0,,98.0,100.0
NC,2016,30,41,2016-10-16,100.0,,70.0,100.0,,15.0,,98.0,100.0
NC,2016,31,42,2016-10-23,100.0,,84.0,100.0,,24.0,,98.0,100.0
NC,2016,32,43,2016-10-30,100.0,,92.0,100.0,,38.0,,98.0,100.0
NC,2016,33,44,2016-11-06,100.0,,96.0,100.0,,50.0,,98.0,100.0
NC,2016,34,45,2016-11-13,100.0,,99.0,100.0,,62.0,,98.0,100.0
NC,2016,35,46,2016-11-20,100.0,,99.0,100.0,,73.0,,98.0,100.0
NC,2016,36,47,2016-11-27,100.0,,99.0,100.0,,80.0,,98.0,100.0
NC,2017,5,16,2017-04-23,0.0,,0.0,0.0,,0.0,,1.0,0.0
NC,2017,6,17,2017-04-30,0.0,,0.0,0.0,,0.0,,5.0,0.0
NC,2017,7,18,2017-05-07,0.0,,0.0,1.0,,0.0,,8.0,0.0
NC,2017,8,19,2017-05-14,0.0,,0.0,7.0,,0.0,,19.0,0.0
NC,2017,9,20,2017-05-21,0.0,,0.0,19.0,,0.0,,36.0,0.0
NC,2017,10,21,2017-05-28,0.0,,0.0,26.0,,0.0,,43.0,0.0
NC,2017,11,22,2017-06-04,0.0,,0.0,42.0,,0.0,,57.0,0.0
NC,2017,12,23,2017-06-11,0.0,,0.0,57.0,,0.0,,68.0,0.0
NC,2017,13,24,2017-06-18,0.0,,0.0,67.0,,0.0,,81.0,0.0
NC,2017,14,25,2017-06-25,4.0,,0.0,79.0,,0.0,,89.0,0.0
NC,2017,15,26,2017-07-02,12.0,,0.0,86.0,,0.0,,93.0,0.0
NC,2017,16,27,2017-07-09,26.0,,0.0,92.0,,0.0,,96.0,2.0
NC,2017,17,28,2017-07-16,34.0,,0.0,97.0,,0.0,,100.0,12.0
NC,2017,18,29,2017-07-23,46.0,,0.0,99.0,,0.0,,100.0,26.0
NC,2017,19,30,2017-07-30,67.0,,0.0,99.0,,0.0,,100.0,41.0
NC,2017,20,31,2017-08-06,76.0,,0.0,99.0,,0.0,,100.0,50.0
NC,2017,21,32,2017-08-13,86.0,,0.0,99.0,,0.0,,100.0,58.0
NC,2017,22,33,2017-08-20,90.0,,0.0,99.0,,0.0,,100.0,64.0
NC,2017,23,34,2017-08-27,95.0,,2.0,99.0,,0.0,,100.0,78.0
NC,2017,24,35,2017-09-03,98.0,,9.0,99.0,,0.0,,100.0,87.0
NC,2017,25,36,2017-09-10,99.0,,18.0,99.0,,0.0,,100.0,92.0
NC,2017,26,37,2017-09-17,99.0,,26.0,99.0,,1.0,,100.0,96.0
NC,2017,27,38,2017-09-24,99.0,,37.0,99.0,,5.0,,100.0,99.0
NC,2017,28,39,2017-10-01,99.0,,50.0,99.0,,10.0,,100.0,99.0
NC,2017,29,40,2017-10-08,99.0,,66.0,99.0,,16.0,,100.0,99.0
NC,2017,30,41,2017-10-15,99.0,,76.0,99.0,,26.0,,100.0,99.0
NC,2017,31,42,2017-10-22,99.0,,88.0,99.0,,34.0,,100.0,99.0
NC,2017,32,43,2017-10-29,99.0,,93.0,99.0,,41.0,,100.0,99.0
NC,2017,33,44,2017-11-05,99.0,,96.0,99.0,,50.0,,100.0,99.0
NC,2017,34,45,2017-11-12,99.0,,96.0,99.0,,54.0,,100.0,99.0
NC,2017,35,46,2017-11-19,99.0,,96.0,99.0,,63.0,,100.0,99.0
NC,2017,36,47,2017-11-26,99.0,,96.0,99.0,,77.0,,100.0,99.0
NC,2018,5,16,2018-04-22,0.0,,0.0,0.0,,0.0,,1.0,0.0
NC,2018,6,17,2018-04-29,0.0,,0.0,0.0,,0.0,,4.0,0.0
NC,2018,7,18,2018-05-06,0.0,,0.0,1.0,,0.0,,13.0,0.0
NC,2018,8,19,2018-05-13,0.0,,0.0,10.0,,0.0,,24.0,0.0
NC,2018,9,20,2018-05-20,0.0,,0.0,22.0,,0.0,,38.0,0.0
NC,2018,10,21,2018-05-27,0.0,,0.0,35.0,,0.0,,50.0,0.0
NC,2018,11,22,2018-06-03,0.0,,0.0,46.0,,0.0,,54.0,0.0
NC,2018,12,23,2018-06-10,0.0,,0.0,54.0,,0.0,,68.0,0.0
NC,2018,13,24,2018-06-17,0.0,,0.0,66.0,,0.0,,79.0,0.0
NC,2018,14,25,2018-06-24,5.0,,0.0,78.0,,0.0,,89.0,0.0
NC,2018,15,26,2018-07-01,14.0,,0.0,85.0,,0.0,,93.0,0.0
NC,2018,16,27,2018-07-08,23.0,,0.0,91.0,,0.0,,98.0,2.0
NC,2018,17,28,2018-07-15,38.0,,0.0,96.0,,0.0,,98.0,11.0
NC,2018,18,29,2018-07-22,49.0,,0.0,98.0,,0.0,,98.0,21.0
NC,2018,19,30,2018-07-29,57.0,,0.0,100.0,,0.0,,98.0,29.0
NC,2018,20,31,2018-08-05,70.0,,0.0,100.0,,0.0,,98.0,44.0
NC,2018,21,32,2018-08-12,83.0,,0.0,100.0,,0.0,,98.0,54.0
NC,2018,22,33,2018-08-19,91.0,,0.0,100.0,,0.0,,98.0,65.0
NC,2018,23,34,2018-08-26,95.0,,1.0,100.0,,0.0,,98.0,74.0
NC,2018,24,35,2018-09-02,98.0,,7.0,100.0,,0.0,,98.0,83.0
NC,2018,25,36,2018-09-09,99.0,,17.0,100.0,,0.0,,98.0,92.0
NC,2018,26,37,2018-09-16,99.0,,29.0,100.0,,3.0,,98.0,96.0
NC,2018,27,38,2018-09-23,99.0,,40.0,100.0,,4.0,,98.0,99.0
NC,2018,28,39,2018-09-30,99.0,,55.0,100.0,,5.0,,98.0,99.0
NC,2018,29,40,2018-10-07,99.0,,73.0,100.0,,11.0,,98.0,99.0
NC,2018,30,41,2018-10-14,99.0,,80.0,100.0,,17.0,,98.0,99.0
NC,2018,31,42,2018-10-21,99.0,,91.0,100.0,,23.0,,98.0,99.0
NC,2018,32,43,2018-10-28,99.0,,95.0,100.0,,32.0,,98.0,99.0
NC,2018,33,44,2018-11-04,99.0,,95.0,100.0,,45.0,,98.0,99.0
NC,2018,34,45,2018-11-11,99.0,,95.0,100.0,,52.0,,98.0,99.0
NC,2018,35,46,2018-11-18,99.0,,95.0,100.0,,58.0,,98.0,99.0
NC,2018,36,47,2018-11-25,99.0,,95.0,100.0,,64.0,,98.0,99.0
NC,2019,5,16,2019-04-21,0.0,,0.0,0.0,,0.0,,0.0,0.0
NC,2019,6,17,2019-04-28,0.0,,0.0,0.0,,0.0,,5.0,0.0
NC,2019,7,18,2019-05-05,0.0,,0.0,2.0,,0.0,,14.0,0.0
NC,2019,8,19,2019-05-12,0.0,,0.0,10.0,,0.0,,25.0,0.0
NC,2019,9,20,2019-05-19,0.0,,0.0,18.0,,0.0,,36.0,0.0
NC,2019,10,21,2019-05-26,0.0,,0.0,34.0,,0.0,,52.0,0.0
NC,2019,11,22,2019-06-02,0.0,,0.0,47.0,,0.0,,58.0,0.0
NC,2019,12,23,2019-06-09,0.0,,0.0,54.0,,0.0,,68.0,0.0
NC,2019,13,24,2019-06-16,0.0,,0.0,62.0,,0.0,,74.0,0.0
NC,2019,14,25,2019-06-23,0.0,,0.0,71.0,,0.0,,82.0,0.0
NC,2019,15,26,2019-06-30,3.0,,0.0,81.0,,0.0,,92.0,0.0
NC,2019,16,27,2019-07-07,13.0,,0.0,91.0,,0.0,,96.0,2.0
NC,2019,17,28,2019-07-14,22.0,,0.0,95.0,,0.0,,98.0,8.0
NC,2019,18,29,2019-07-21,36.0,,0.0,99.0,,0.0,,98.0,18.0
NC,2019,19,30,2019-07-28,45.0,,0.0,99.0,,0.0,,98.0,26.0
NC,2019,20,31,2019-08-04,62.0,,0.0,99.0,,0.0,,98.0,38.0
NC,2019,21,32,2019-08-11,75.0,,0.0,99.0,,0.0,,98.0,51.0
NC,2019,22,33,2019-08-18,85.0,,0.0,99.0,,0.0,,98.0,64.0
NC,2019,23,34,2019-08-25,92.0,,1.0,99.0,,0.0,,98.0,73.0
NC,2019,24,35,2019-09-01,96.0,,8.0,99.0,,0.0,,98.0,86.0
NC,2019,25,36,2019-09-08,98.0,,20.0,99.0,,1.0,,98.0,93.0
NC,2019,26,37,2019-09-15,98.0,,32.0,99.0,,7.0,,98.0,97.0
NC,2019,27,38,2019-09-22,98.0,,45.0,99.0,,13.0,,98.0,97.0
NC,2019,28,39,2019-09-29,98.0,,59.0,99.0,,14.0,,98.0,97.0
NC,2019,29,40,2019-10-06,98.0,,73.0,99.0,,17.0,,98.0,97.0
NC,2019,30,41,2019-10-13,98.0,,87.0,99.0,,25.0,,98.0,97.0
NC,2019,31,42,2019-10-20,98.0,,93.0,99.0,,35.0,,98.0,97.0
NC,2019,32,43,2019-10-27,98.0,,96.0,99.0,,39.0,,98.0,97.0
NC,2019,33,44,2019-11-03,98.0,,98.0,99.0,,45.0,,98.0,97.0
NC,2019,34,45,2019-11-10,98.0,,98.0,99.0,,54.0,,98.0,97.0
NC,2019,35,46,2019-11-17,98.0,,98.0,99.0,,61.0,,98.0,97.0
NC,2019,36,47,2019-11-24,98.0,,98.0,99.0,,67.0,,98.0,97.0
NC,2019,37,48,2019-12-01,98.0,,98.0,99.0,,75.0,,98.0,97.0
NC,2020,5,16,2020-04-19,0.0,,0.0,0.0,,0.0,,1.0,0.0
NC,2020,6,17,2020-04-26,0.0,,0.0,0.0,,0.0,,5.0,0.0
NC,2020,7,18,2020-05-03,0.0,,0.0,1.0,,0.0,,10.0,0.0
NC,2020,8,19,2020-05-10,0.0,,0.0,6.0,,0.0,,17.0,0.0
NC,2020,9,20,2020-05-17,0.0,,0.0,16.0,,0.0,,33.0,0.0
NC,2020,10,21,2020-05-24,0.0,,0.0,32.0,,0.0,,47.0,0.0
NC,2020,11,22,2020-05-31,0.0,,0.0,42.0,,0.0,,55.0,0.0
NC,2020,12,23,2020-06-07,0.0,,0.0,53.0,,0.0,,68.0,0.0
NC,2020,13,24,2020-06-14,0.0,,0.0,65.0,,0.0,,77.0,0.0
NC,2020,14,25,2020-06-21,1.0,,0.0,75.0,,0.0,,80.0,0.0
NC,2020,15,26,2020-06-28,8.0,,0.0,78.0,,0.0,,83.0,0.0
NC,2020,16,27,2020-07-05,21.0,,0.0,83.0,,0.0,,90.0,0.0
NC,2020,17,28,2020-07-12,32.0,,0.0,90.0,,0.0,,94.0,10.0
NC,2020,18,29,2020-07-19,40.0,,0.0,94.0,,0.0,,97.0,24.0
NC,2020,19,30,2020-07-26,52.0,,0.0,98.0,,0.0,,97.0,35.0
NC,2020,20,31,2020-08-02,60.0,,0.0,98.0,,0.0,,97.0,40.0
NC,2020,21,32,2020-08-09,74.0,,0.0,98.0,,0.0,,97.0,50.0
NC,2020,22,33,2020-08-16,88.0,,0.0,98.0,,0.0,,97.0,62.0
NC,2020,23,34,2020-08-23,94.0,,1.0,98.0,,0.0,,97.0,76.0
NC,2020,24,35,2020-08-30,98.0,,5.0,98.0,,0.0,,97.0,84.0
NC,2020,25,36,2020-09-06,98.0,,10.0,98.0,,0.0,,97.0,95.0
NC,2020,26,37,2020-09-13,98.0,,18.0,98.0,,0.0,,97.0,98.0
NC,2020,27,38,2020-09-20,98.0,,26.0,98.0,,1.0,,97.0,98.0
NC,2020,28,39,2020-09-27,98.0,,39.0,98.0,,4.0,,97.0,98.0
NC,2020,29,40,2020-10-04,98.0,,49.0,98.0,,9.0,,97.0,98.0
NC,2020,30,41,2020-10-11,98.0,,63.0,98.0,,14.0,,97.0,98.0
NC,2020,31,42,2020-10-18,98.0,,76.0,98.0,,18.0,,97.0,98.0
NC,2020,32,43,2020-10-25,98.0,,84.0,98.0,,21.0,,97.0,98.0
NC,2020,33,44,2020-11-01,98.0,,94.0,98.0,,29.0,,97.0,98.0
NC,2020,34,45,2020-11-08,98.0,,97.0,98.0,,45.0,,97.0,98.0
NC,2020,35,46,2020-11-15,98.0,,97.0,98.0,,53.0,,97.0,98.0
NC,2020,36,47,2020-11-22,98.0,,97.0,98.0,,62.0,,97.0,98.0
NC,2020,37,48,2020-11-29,98.0,,97.0,98.0,,77.0,,97.0,98.0
NC,2021,4,15,2021-04-18,0.0,,0.0,0.0,,0.0,,2.0,0.0
NC,2021,5,16,2021-04-25,0.0,,0.0,0.0,,0.0,,14.0,0.0
NC,2021,6,17,2021-05-02,0.0,,0.0,3.0,,0.0,,19.0,0.0
NC,2021,7,18,2021-05-09,0.0,,0.0,9.0,,0.0,,26.0,0.0
NC,2021,8,19,2021-05-16,0.0,,0.0,22.0,,0.0,,39.0,0.0
NC,2021,9,20,2021-05-23,0.0,,0.0,37.0,,0.0,,52.0,0.0
NC,2021,10,21,2021-05-30,0.0,,0.0,47.0,,0.0,,60.0,0.0
NC,2021,11,22,2021-06-06,0.0,,0.0,58.0,,0.0,,72.0,0.0
NC,2021,12,23,2021-06-13,0.0,,0.0,67.0,,0.0,,77.0,0.0
NC,2021,13,24,2021-06-20,0.0,,0.0,75.0,,0.0,,84.0,0.0
NC,2021,14,25,2021-06-27,5.0,,0.0,82.0,,0.0,,91.0,0.0
NC,2021,15,26,2021-07-04,13.0,,0.0,88.0,,0.0,,95.0,1.0
NC,2021,16,27,2021-07-11,22.0,,0.0,94.0,,0.0,,98.0,9.0
NC,2021,17,28,2021-07-18,37.0,,0.0,97.0,,0.0,,98.0,20.0
NC,2021,18,29,2021-07-25,54.0,,0.0,99.0,,0.0,,98.0,28.0
NC,2021,19,30,2021-08-01,62.0,,0.0,99.0,,0.0,,98.0,35.0
NC,2021,20,31,2021-08-08,74.0,,0.0,99.0,,0.0,,98.0,46.0
NC,2021,21,32,2021-08-15,86.0,,0.0,99.0,,0.0,,98.0,64.0
NC,2021,22,33,2021-08-22,93.0,,1.0,99.0,,0.0,,98.0,77.0
NC,2021,23,34,2021-08-29,98.0,,7.0,99.0,,0.0,,98.0,86.0
NC,2021,24,35,2021-09-05,100.0,,11.0,99.0,,0.0,,98.0,93.0
NC,2021,25,36,2021-09-12,100.0,,23.0,99.0,,0.0,,98.0,96.0
NC,2021,26,37,2021-09-19,100.0,,35.0,99.0,,1.0,,98.0,98.0
NC,2021,27,38,2021-09-26,100.0,,51.0,99.0,,5.0,,98.0,99.0
NC,2021,28,39,2021-10-03,100.0,,62.0,99.0,,10.0,,98.0,99.0
NC,2021,29,40,2021-10-10,100.0,,77.0,99.0,,16.0,,98.0,99.0
NC,2021,30,41,2021-10-17,100.0,,86.0,99.0,,19.0,,98.0,99.0
NC,2021,31,42,2021-10-24,100.0,,93.0,99.0,,28.0,,98.0,99.0
NC,2021,32,43,2021-10-31,100.0,,96.0,99.0,,43.0,,98.0,99.0
NC,2021,33,44,2021-11-07,100.0,,96.0,99.0,,57.0,,98.0,99.0
NC,2021,34,45,2021-11-14,100.0,,96.0,99.0,,66.0,,98.0,99.0
NC,2021,35,46,2021-11-21,100.0,,96.0,99.0,,77.0,,98.0,99.0
NC,2021,36,47,2021-11-28,100.0,,96.0,99.0,,86.0,,98.0,99.0
NC,2022,4,15,2022-04-17,0.0,,0.0,0.0,,0.0,,0.0,0.0
NC,2022,5,16,2022-04-24,0.0,,0.0,0.0,,0.0,,6.0,0.0
NC,2022,6,17,2022-05-01,0.0,,0.0,3.0,,0.0,,16.0,0.0
NC,2022,7,18,2022-05-08,0.0,,0.0,15.0,,0.0,,28.0,0.0
NC,2022,8,19,2022-05-15,0.0,,0.0,27.0,,0.0,,44.0,0.0
NC,2022,9,20,2022-05-22,0.0,,0.0,43.0,,0.0,,61.0,0.0
NC,2022,10,21,2022-05-29,0.0,,0.0,60.0,,0.0,,72.0,0.0
NC,2022,11,22,2022-06-05,0.0,,0.0,71.0,,0.0,,78.0,0.0
NC,2022,12,23,2022-06-12,0.0,,0.0,74.0,,0.0,,81.0,0.0
NC,2022,13,24,2022-06-19,1.0,,0.0,78.0,,0.0,,86.0,0.0
NC,2022,14,25,2022-06-26,8.0,,0.0,85.0,,0.0,,94.0,0.0
NC,2022,15,26,2022-07-03,21.0,,0.0,93.0,,0.0,,97.0,1.0
NC,2022,16,27,2022-07-10,38.0,,0.0,98.0,,0.0,,97.0,12.0
NC,2022,17,28,2022-07-17,52.0,,0.0,98.0,,0.0,,97.0,25.0
NC,2022,18,29,2022-07-24,64.0,,0.0,98.0,,0.0,,97.0,35.0
NC,2022,19,30,2022-07-31,77.0,,0.0,98.0,,0.0,,97.0,51.0
NC,2022,20,31,2022-08-07,86.0,,0.0,98.0,,0.0,,97.0,62.0
NC,2022,21,32,2022-08-14,91.0,,0.0,98.0,,0.0,,97.0,71.0
NC,2022,22,33,2022-08-21,96.0,,0.0,98.0,,0.0,,97.0,85.0
NC,2022,23,34,2022-08-28,96.0,,4.0,98.0,,0.0,,97.0,93.0
NC,2022,24,35,2022-09-04,96.0,,17.0,98.0,,0.0,,97.0,96.0
NC,2022,25,36,2022-09-11,96.0,,32.0,98.0,,0.0,,97.0,98.0
NC,2022,26,37,2022-09-18,96.0,,42.0,98.0,,4.0,,97.0,98.0
NC,2022,27,38,2022-09-25,96.0,,52.0,98.0,,10.0,,97.0,98.0
NC,2022,28,39,2022-10-02,96.0,,68.0,98.0,,14.0,,97.0,98.0
NC,2022,29,40,2022-10-09,96.0,,80.0,98.0,,23.0,,97.0,98.0
NC,2022,30,41,2022-10-16,96.0,,90.0,98.0,,31.0,,97.0,98.0
NC,2022,31,42,2022-10-23,96.0,,93.0,98.0,,38.0,,97.0,98.0
NC,2022,32,43,2022-10-30,96.0,,96.0,98.0,,45.0,,97.0,98.0
NC,2022,33,44,2022-11-06,96.0,,96.0,98.0,,55.0,,97.0,98.0
NC,2022,34,45,2022-11-13,96.0,,96.0,98.0,,66.0,,97.0,98.0
NC,2022,35,46,2022-11-20,96.0,,96.0,98.0,,75.0,,97.0,98.0
NC,2022,36,47,2022-11-27,96.0,,96.0,98.0,,88.0,,97.0,98.0
NC,2023,4,15,2023-04-16,0.0,,0.0,0.0,,0.0,,0.0,0.0
NC,2023,5,16,2023-04-23,0.0,,0.0,0.0,,0.0,,4.0,0.0
NC,2023,6,17,2023-04-30,0.0,,0.0,1.0,,0.0,,9.0,0.0
NC,2023,7,18,2023-05-07,0.0,,0.0,8.0,,0.0,,15.0,0.0
NC,2023,8,19,2023-05-14,0.0,,0.0,14.0,,0.0,,32.0,0.0
NC,2023,9,20,2023-05-21,0.0,,0.0,30.0,,0.0,,47.0,0.0
NC,2023,10,21,2023-05-28,0.0,,0.0,45.0,,0.0,,62.0,0.0
NC,2023,11,22,2023-06-04,0.0,,0.0,61.0,,0.0,,73.0,0.0
NC,2023,12,23,2023-06-11,0.0,,0.0,70.0,,0.0,,79.0,0.0
NC,2023,13,24,2023-06-18,1.0,,0.0,76.0,,0.0,,87.0,0.0
NC,2023,14,25,2023-06-25,10.0,,0.0,85.0,,0.0,,91.0,0.0
NC,2023,15,26,2023-07-02,20.0,,0.0,90.0,,0.0,,95.0,1.0
NC,2023,16,27,2023-07-09,32.0,,0.0,97.0,,0.0,,95.0,6.0
NC,2023,17,28,2023-07-16,49.0,,0.0,97.0,,0.0,,95.0,24.0
NC,2023,18,29,2023-07-23,58.0,,0.0,97.0,,0.0,,95.0,35.0
NC,2023,19,30,2023-07-30,68.0,,0.0,97.0,,0.0,,95.0,45.0
NC,2023,20,31,2023-08-06,81.0,,0.0,97.0,,0.0,,95.0,56.0
NC,2023,21,32,2023-08-13,88.0,,0.0,97.0,,0.0,,95.0,71.0
NC,2023,22,33,2023-08-20,95.0,,1.0,97.0,,0.0,,95.0,83.0
NC,2023,23,34,2023-08-27,95.0,,9.0,97.0,,0.0,,95.0,92.0
NC,2023,24,35,2023-09-03,95.0,,17.0,97.0,,0.0,,95.0,96.0
NC,2023,25,36,2023-09-10,95.0,,27.0,97.0,,0.0,,95.0,96.0
NC,2023,26,37,2023-09-17,95.0,,42.0,97.0,,1.0,,95.0,96.0
NC,2023,27,38,2023-09-24,95.0,,56.0,97.0,,3.0,,95.0,96.0
NC,2023,28,39,2023-10-01,95.0,,66.0,97.0,,6.0,,95.0,96.0
NC,2023,29,40,2023-10-08,95.0,,78.0,97.0,,12.0,,95.0,96.0
NC,2023,30,41,2023-10-15,95.0,,86.0,97.0,,18.0,,95.0,96.0
NC,2023,31,42,2023-10-22,95.0,,92.0,97.0,,26.0,,95.0,96.0
NC,2023,32,43,2023-10-29,95.0,,94.0,97.0,,34.0,,95.0,96.0
NC,2023,33,44,2023-11-05,95.0,,97.0,97.0,,45.0,,95.0,96.0
NC,2023,34,45,2023-11-12,95.0,,97.0,97.0,,61.0,,95.0,96.0
NC,2023,35,46,2023-11-19,95.0,,97.0,97.0,,77.0,,95.0,96.0
NC,2023,36,47,2023-11-26,95.0,,97.0,97.0,,84.0,,95.0,96.0
NC,2024,4,15,2024-04-14,0.0,,0.0,0.0,,0.0,,0.0,0.0
NC,2024,5,16,2024-04-21,0.0,,0.0,0.0,,0.0,,6.0,0.0
NC,2024,6,17,2024-04-28,0.0,,0.0,1.0,,0.0,,14.0,0.0
NC,2024,7,18,2024-05-05,0.0,,0.0,9.0,,0.0,,26.0,0.0
NC,2024,8,19,2024-05-12,0.0,,0.0,22.0,,0.0,,40.0,0.0
NC,2024,9,20,2024-05-19,0.0,,0.0,34.0,,0.0,,47.0,0.0
NC,2024,10,21,2024-05-26,0.0,,0.0,46.0,,0.0,,59.0,0.0
NC,2024,11,22,2024-06-02,0.0,,0.0,58.0,,0.0,,69.0,0.0
NC,2024,12,23,2024-06-09,0.0,,0.0,66.0,,0.0,,79.0,0.0
NC,2024,13,24,2024-06-16,1.0,,0.0,76.0,,0.0,,83.0,0.0
NC,2024,14,25,2024-06-23,12.0,,0.0,79.0,,0.0,,88.0,0.0
NC,2024,15,26,2024-06-30,22.0,,0.0,85.0,,0.0,,91.0,0.0
NC,2024,16,27,2024-07-07,31.0,,0.0,90.0,,0.0,,98.0,9.0
NC,2024,17,28,2024-07-14,40.0,,0.0,97.0,,0.0,,98.0,20.0
NC,2024,18,29,2024-07-21,55.0,,0.0,97.0,,0.0,,98.0,33.0
NC,2024,19,30,2024-07-28,69.0,,0.0,97.0,,0.0,,98.0,42.0
NC,2024,20,31,2024-08-04,80.0,,0.0,97.0,,0.0,,98.0,51.0
NC,2024,21,32,2024-08-11,87.0,,0.0,97.0,,0.0,,98.0,60.0
NC,2024,22,33,2024-08-18,90.0,,0.0,97.0,,0.0,,98.0,75.0
NC,2024,23,34,2024-08-25,95.0,,2.0,97.0,,0.0,,98.0,86.0
NC,2024,24,35,2024-09-01,95.0,,11.0,97.0,,0.0,,98.0,93.0
NC,2024,25,36,2024-09-08,95.0,,19.0,97.0,,0.0,,98.0,96.0
NC,2024,26,37,2024-09-15,95.0,,27.0,97.0,,1.0,,98.0,96.0
NC,2024,27,38,2024-09-22,95.0,,36.0,97.0,,5.0,,98.0,96.0
NC,2024,28,39,2024-09-29,95.0,,50.0,97.0,,7.0,,98.0,96.0
NC,2024,29,40,2024-10-06,95.0,,61.0,97.0,,13.0,,98.0,96.0
NC,2024,30,41,2024-10-13,95.0,,73.0,97.0,,20.0,,98.0,96.0
NC,2024,31,42,2024-10-20,95.0,,84.0,97.0,,31.0,,98.0,96.0
NC,2024,32,43,2024-10-27,95.0,,93.0,97.0,,37.0,,98.0,96.0
NC,2024,33,44,2024-11-03,95.0,,98.0,97.0,,43.0,,98.0,96.0
NC,2024,34,45,2024-11-10,95.0,,98.0,97.0,,53.0,,98.0,96.0
NC,2024,35,46,2024-11-17,95.0,,98.0,97.0,,64.0,,98.0,96.0
NC,2024,36,47,2024-11-24,95.0,,98.0,97.0,,72.0,,98.0,96.0
NC,2025,3,14,2025-04-06,0.0,,0.0,0.0,,0.0,,1.0,0.0
NC,2025,4,15,2025-04-13,0.0,,0.0,0.0,,0.0,,2.0,0.0
NC,2025,5,16,2025-04-20,0.0,,0.0,0.0,,0.0,,7.0,0.0
NC,2025,6,17,2025-04-27,0.0,,0.0,2.0,,0.0,,17.0,0.0
NC,2025,7,18,2025-05-04,0.0,,0.0,14.0,,0.0,,25.0,0.0
NC,2025,8,19,2025-05-11,0.0,,0.0,25.0,,0.0,,40.0,0.0
NC,2025,9,20,2025-05-18,0.0,,0.0,42.0,,0.0,,54.0,0.0
NC,2025,10,21,2025-05-25,0.0,,0.0,57.0,,0.0,,68.0,0.0
NC,2025,11,22,2025-06-01,0.0,,0.0,65.0,,0.0,,72.0,0.0
NC,2025,12,23,2025-06-08,0.0,,0.0,74.0,,0.0,,78.0,0.0
NC,2025,13,24,2025-06-15,2.0,,0.0,77.0,,0.0,,83.0,0.0
NC,2025,14,25,2025-06-22,6.0,,0.0,83.0,,0.0,,88.0,0.0
NC,2025,15,26,2025-06-29,18.0,,0.0,87.0,,0.0,,95.0,1.0
NC,2025,16,27,2025-07-06,34.0,,0.0,96.0,,0.0,,95.0,12.0
NC,2025,17,28,2025-07-13,48.0,,0.0,96.0,,0.0,,95.0,22.0
NC,2025,18,29,2025-07-20,59.0,,0.0,96.0,,0.0,,95.0,38.0
NC,2025,19,30,2025-07-27,72.0,,0.0,96.0,,0.0,,95.0,47.0
NC,2025,20,31,2025-08-03,84.0,,0.0,96.0,,0.0,,95.0,55.0
NC,2025,21,32,2025-08-10,90.0,,1.0,96.0,,0.0,,95.0,69.0
NC,2025,22,33,2025-08-17,94.0,,5.0,96.0,,0.0,,95.0,81.0
NC,2025,23,34,2025-08-24,96.0,,10.0,96.0,,0.0,,95.0,87.0
NC,2025,24,35,2025-08-31,96.0,,13.0,96.0,,0.0,,95.0,92.0
NC,2025,25,36,2025-09-07,96.0,,17.0,96.0,,0.0,,95.0,94.0
NC,2025,26,37,2025-09-14,96.0,,29.0,96.0,,2.0,,95.0,96.0
NC,2025,27,38,2025-09-21,96.0,,47.0,96.0,,4.0,,95.0,96.0
NC,2025,28,39,2025-09-28,96.0,,66.0,96.0,,8.0,,95.0,96.0
NC,2025,35,46,2025-11-16,96.0,,66.0,96.0,,65.0,,95.0,96.0
NC,2025,36,47,2025-11-23,96.0,,66.0,96.0,,78.0,,95.0,96.0
ND,2016,5,16,2016-04-24,0.0,,0.0,0.0,,0.0,,0.0,0.0
ND,2016,6,17,2016-05-01,0.0,,0.0,0.0,,0.0,,2.0,0.0
ND,2016,7,18,2016-05-08,0.0,,0.0,0.0,,0.0,,25.0,0.0
ND,2016,8,19,2016-05-15,0.0,,0.0,6.0,,0.0,,52.0,0.0
ND,2016,9,20,2016-05-22,0.0,,0.0,21.0,,0.0,,81.0,0.0
ND,2016,10,21,2016-05-29,0.0,,0.0,53.0,,0.0,,92.0,0.0
ND,2016,11,22,2016-06-05,0.0,,0.0,75.0,,0.0,,97.0,0.0
ND,2016,12,23,2016-06-12,0.0,,0.0,89.0,,0.0,,99.0,0.0
ND,2016,13,24,2016-06-19,5.0,,0.0,96.0,,0.0,,100.0,0.0
ND,2016,14,25,2016-06-26,19.0,,0.0,99.0,,0.0,,100.0,0.0
ND,2016,15,26,2016-07-03,37.0,,0.0,99.0,,0.0,,100.0,0.0
ND,2016,16,27,2016-07-10,50.0,,0.0,99.0,,0.0,,100.0,6.0
ND,2016,17,28,2016-07-17,67.0,,0.0,99.0,,0.0,,100.0,19.0
ND,2016,18,29,2016-07-24,81.0,,0.0,99.0,,0.0,,100.0,36.0
ND,2016,19,30,2016-07-31,91.0,,0.0,99.0,,0.0,,100.0,60.0
ND,2016,20,31,2016-08-07,96.0,,0.0,99.0,,0.0,,100.0,78.0
ND,2016,21,32,2016-08-14,99.0,,1.0,99.0,,0.0,,100.0,86.0
ND,2016,22,33,2016-08-21,99.0,,6.0,99.0,,0.0,,100.0,94.0
ND,2016,23,34,2016-08-28,99.0,,13.0,99.0,,0.0,,100.0,98.0
ND,2016,24,35,2016-09-04,99.0,,29.0,99.0,,0.0,,100.0,100.0
ND,2016,25,36,2016-09-11,99.0,,53.0,99.0,,0.0,,100.0,100.0
ND,2016,26,37,2016-09-18,99.0,,74.0,99.0,,2.0,,100.0,100.0
ND,2016,27,38,2016-09-25,99.0,,87.0,99.0,,12.0,,100.0,100.0
ND,2016,28,39,2016-10-02,99.0,,97.0,99.0,,46.0,,100.0,100.0
ND,2016,29,40,2016-10-09,99.0,,99.0,99.0,,74.0,,100.0,100.0
ND,2016,30,41,2016-10-16,99.0,,100.0,99.0,,86.0,,100.0,100.0
ND,2016,31,42,2016-10-23,99.0,,100.0,99.0,,94.0,,100.0,100.0
ND,2016,32,43,2016-10-30,99.0,,100.0,99.0,,97.0,,100.0,100.0
ND,2016,33,44,2016-11-06,99.0,,100.0,99.0,,98.0,,100.0,100.0
ND,2016,34,45,2016-11-13,99.0,,100.0,99.0,,99.0,,100.0,100.0
ND,2016,35,46,2016-11-20,99.0,,100.0,99.0,,100.0,,100.0,100.0
ND,2017,5,16,2017-04-23,0.0,,0.0,0.0,,0.0,,0.0,0.0
ND,2017,6,17,2017-04-30,0.0,,0.0,0.0,,0.0,,0.0,0.0
ND,2017,7,18,2017-05-07,0.0,,0.0,0.0,,0.0,,4.0,0.0
ND,2017,8,19,2017-05-14,0.0,,0.0,1.0,,0.0,,29.0,0.0
ND,2017,9,20,2017-05-21,0.0,,0.0,10.0,,0.0,,57.0,0.0
ND,2017,10,21,2017-05-28,0.0,,0.0,26.0,,0.0,,83.0,0.0
ND,2017,11,22,2017-06-04,0.0,,0.0,57.0,,0.0,,94.0,0.0
ND,2017,12,23,2017-06-11,0.0,,0.0,84.0,,0.0,,98.0,0.0
ND,2017,13,24,2017-06-18,0.0,,0.0,95.0,,0.0,,100.0,0.0
ND,2017,14,25,2017-06-25,1.0,,0.0,97.0,,0.0,,100.0,0.0
ND,2017,15,26,2017-07-02,8.0,,0.0,99.0,,0.0,,100.0,0.0
ND,2017,16,27,2017-07-09,24.0,,0.0,100.0,,0.0,,100.0,1.0
ND,2017,17,28,2017-07-16,40.0,,0.0,100.0,,0.0,,100.0,5.0
ND,2017,18,29,2017-07-23,65.0,,0.0,100.0,,0.0,,100.0,18.0
ND,2017,19,30,2017-07-30,79.0,,0.0,100.0,,0.0,,100.0,49.0
ND,2017,20,31,2017-08-06,90.0,,0.0,100.0,,0.0,,100.0,60.0
ND,2017,21,32,2017-08-13,94.0,,0.0,100.0,,0.0,,100.0,78.0
ND,2017,22,33,2017-08-20,96.0,,4.0,100.0,,0.0,,100.0,88.0
ND,2017,23,34,2017-08-27,96.0,,13.0,100.0,,0.0,,100.0,94.0
ND,2017,24,35,2017-09-03,96.0,,25.0,100.0,,0.0,,100.0,97.0
ND,2017,25,36,2017-09-10,96.0,,46.0,100.0,,0.0,,100.0,99.0
ND,2017,26,37,2017-09-17,96.0,,73.0,100.0,,2.0,,100.0,100.0
ND,2017,27,38,2017-09-24,96.0,,88.0,100.0,,9.0,,100.0,100.0
ND,2017,28,39,2017-10-01,96.0,,93.0,100.0,,18.0,,100.0,100.0
ND,2017,29,40,2017-10-08,96.0,,97.0,100.0,,44.0,,100.0,100.0
ND,2017,30,41,2017-10-15,96.0,,100.0,100.0,,72.0,,100.0,100.0
ND,2017,31,42,2017-10-22,96.0,,100.0,100.0,,89.0,,100.0,100.0
ND,2017,32,43,2017-10-29,96.0,,100.0,100.0,,96.0,,100.0,100.0
ND,2017,33,44,2017-11-05,96.0,,100.0,100.0,,98.0,,100.0,100.0
ND,2017,34,45,2017-11-12,96.0,,100.0,100.0,,99.0,,100.0,100.0
ND,2017,35,46,2017-11-19,96.0,,100.0,100.0,,100.0,,100.0,100.0
ND,2018,5,16,2018-04-22,0.0,,0.0,0.0,,0.0,,0.0,0.0
ND,2018,6,17,2018-04-29,0.0,,0.0,0.0,,0.0,,0.0,0.0
ND,2018,7,18,2018-05-06,0.0,,0.0,0.0,,0.0,,1.0,0.0
ND,2018,8,19,2018-05-13,0.0,,0.0,0.0,,0.0,,12.0,0.0
ND,2018,9,20,2018-05-20,0.0,,0.0,1.0,,0.0,,33.0,0.0
ND,2018,10,21,2018-05-27,0.0,,0.0,20.0,,0.0,,72.0,0.0
ND,2018,11,22,2018-06-03,0.0,,0.0,46.0,,0.0,,88.0,0.0
ND,2018,12,23,2018-06-10,0.0,,0.0,75.0,,0.0,,97.0,0.0
ND,2018,13,24,2018-06-17,0.0,,0.0,88.0,,0.0,,100.0,0.0
ND,2018,14,25,2018-06-24,1.0,,0.0,97.0,,0.0,,100.0,0.0
ND,2018,15,26,2018-07-01,11.0,,0.0,97.0,,0.0,,100.0,0.0
ND,2018,16,27,2018-07-08,42.0,,0.0,97.0,,0.0,,100.0,2.0
ND,2018,17,28,2018-07-15,67.0,,0.0,97.0,,0.0,,100.0,19.0
ND,2018,18,29,2018-07-22,86.0,,0.0,97.0,,0.0,,100.0,44.0
ND,2018,19,30,2018-07-29,95.0,,0.0,97.0,,0.0,,100.0,68.0
ND,2018,20,31,2018-08-05,97.0,,0.0,97.0,,0.0,,100.0,84.0
ND,2018,21,32,2018-08-12,99.0,,6.0,97.0,,0.0,,100.0,89.0
ND,2018,22,33,2018-08-19,99.0,,18.0,97.0,,0.0,,100.0,97.0
ND,2018,23,34,2018-08-26,99.0,,26.0,97.0,,0.0,,100.0,99.0
ND,2018,24,35,2018-09-02,99.0,,37.0,97.0,,0.0,,100.0,99.0
ND,2018,25,36,2018-09-09,99.0,,57.0,97.0,,3.0,,100.0,99.0
ND,2018,26,37,2018-09-16,99.0,,81.0,97.0,,10.0,,100.0,99.0
ND,2018,27,38,2018-09-23,99.0,,92.0,97.0,,21.0,,100.0,99.0
ND,2018,28,39,2018-09-30,99.0,,97.0,97.0,,30.0,,100.0,99.0
ND,2018,29,40,2018-10-07,99.0,,99.0,97.0,,34.0,,100.0,99.0
ND,2018,30,41,2018-10-14,99.0,,100.0,97.0,,37.0,,100.0,99.0
ND,2018,31,42,2018-10-21,99.0,,100.0,97.0,,53.0,,100.0,99.0
ND,2018,32,43,2018-10-28,99.0,,100.0,97.0,,78.0,,100.0,99.0
ND,2018,33,44,2018-11-04,99.0,,100.0,97.0,,86.0,,100.0,99.0
ND,2018,34,45,2018-11-11,99.0,,100.0,97.0,,91.0,,100.0,99.0
ND,2018,35,46,2018-11-18,99.0,,100.0,97.0,,93.0,,100.0,99.0
ND,2018,36,47,2018-11-25,99.0,,100.0,97.0,,94.0,,100.0,99.0
ND,2019,5,16,2019-04-21,0.0,,0.0,0.0,,0.0,,0.0,0.0
ND,2019,6,17,2019-04-28,0.0,,0.0,0.0,,0.0,,0.0,0.0
ND,2019,7,18,2019-05-05,0.0,,0.0,0.0,,0.0,,1.0,0.0
ND,2019,8,19,2019-05-12,0.0,,0.0,0.0,,0.0,,5.0,0.0
ND,2019,9,20,2019-05-19,0.0,,0.0,0.0,,0.0,,24.0,0.0
ND,2019,10,21,2019-05-26,0.0,,0.0,4.0,,0.0,,46.0,0.0
ND,2019,11,22,2019-06-02,0.0,,0.0,13.0,,0.0,,70.0,0.0
ND,2019,12,23,2019-06-09,0.0,,0.0,43.0,,0.0,,88.0,0.0
ND,2019,13,24,2019-06-16,0.0,,0.0,74.0,,0.0,,96.0,0.0
ND,2019,14,25,2019-06-23,0.0,,0.0,92.0,,0.0,,98.0,0.0
ND,2019,15,26,2019-06-30,0.0,,0.0,96.0,,0.0,,99.0,0.0
ND,2019,16,27,2019-07-07,6.0,,0.0,99.0,,0.0,,100.0,0.0
ND,2019,17,28,2019-07-14,18.0,,0.0,100.0,,0.0,,100.0,0.0
ND,2019,18,29,2019-07-21,49.0,,0.0,100.0,,0.0,,100.0,1.0
ND,2019,19,30,2019-07-28,71.0,,0.0,100.0,,0.0,,100.0,26.0
ND,2019,20,31,2019-08-04,85.0,,0.0,100.0,,0.0,,100.0,43.0
ND,2019,21,32,2019-08-11,94.0,,0.0,100.0,,0.0,,100.0,62.0
ND,2019,22,33,2019-08-18,96.0,,1.0,100.0,,0.0,,100.0,78.0
ND,2019,23,34,2019-08-25,98.0,,3.0,100.0,,0.0,,100.0,89.0
ND,2019,24,35,2019-09-01,99.0,,7.0,100.0,,0.0,,100.0,93.0
ND,2019,25,36,2019-09-08,100.0,,20.0,100.0,,0.0,,100.0,96.0
ND,2019,26,37,2019-09-15,100.0,,42.0,100.0,,0.0,,100.0,98.0
ND,2019,27,38,2019-09-22,100.0,,67.0,100.0,,1.0,,100.0,98.0
ND,2019,28,39,2019-09-29,100.0,,86.0,100.0,,4.0,,100.0,98.0
ND,2019,29,40,2019-10-06,100.0,,92.0,100.0,,8.0,,100.0,98.0
ND,2019,30,41,2019-10-13,100.0,,96.0,100.0,,16.0,,100.0,98.0
ND,2019,31,42,2019-10-20,100.0,,100.0,100.0,,20.0,,100.0,98.0
ND,2019,32,43,2019-10-27,100.0,,100.0,100.0,,29.0,,100.0,98.0
ND,2019,33,44,2019-11-03,100.0,,100.0,100.0,,56.0,,100.0,98.0
ND,2019,34,45,2019-11-10,100.0,,100.0,100.0,,74.0,,100.0,98.0
ND,2019,35,46,2019-11-17,100.0,,100.0,100.0,,84.0,,100.0,98.0
ND,2019,36,47,2019-11-24,100.0,,100.0,100.0,,89.0,,100.0,98.0
ND,2019,37,48,2019-12-01,100.0,,100.0,100.0,,92.0,,100.0,98.0
ND,2019,38,49,2019-12-08,100.0,,100.0,100.0,,94.0,,100.0,98.0
ND,2020,5,16,2020-04-19,0.0,,0.0,0.0,,0.0,,0.0,0.0
ND,2020,6,17,2020-04-26,0.0,,0.0,0.0,,0.0,,0.0,0.0
ND,2020,7,18,2020-05-03,0.0,,0.0,0.0,,0.0,,1.0,0.0
ND,2020,8,19,2020-05-10,0.0,,0.0,0.0,,0.0,,4.0,0.0
ND,2020,9,20,2020-05-17,0.0,,0.0,0.0,,0.0,,9.0,0.0
ND,2020,10,21,2020-05-24,0.0,,0.0,4.0,,0.0,,29.0,0.0
ND,2020,11,22,2020-05-31,0.0,,0.0,12.0,,0.0,,51.0,0.0
ND,2020,12,23,2020-06-07,0.0,,0.0,32.0,,0.0,,74.0,0.0
ND,2020,13,24,2020-06-14,0.0,,0.0,59.0,,0.0,,90.0,0.0
ND,2020,14,25,2020-06-21,0.0,,0.0,79.0,,0.0,,95.0,0.0
ND,2020,15,26,2020-06-28,1.0,,0.0,89.0,,0.0,,95.0,0.0
ND,2020,16,27,2020-07-05,9.0,,0.0,96.0,,0.0,,95.0,0.0
ND,2020,17,28,2020-07-12,31.0,,0.0,96.0,,0.0,,95.0,2.0
ND,2020,18,29,2020-07-19,57.0,,0.0,96.0,,0.0,,95.0,10.0
ND,2020,19,30,2020-07-26,71.0,,0.0,96.0,,0.0,,95.0,30.0
ND,2020,20,31,2020-08-02,81.0,,0.0,96.0,,0.0,,95.0,55.0
ND,2020,21,32,2020-08-09,92.0,,0.0,96.0,,0.0,,95.0,71.0
ND,2020,22,33,2020-08-16,97.0,,2.0,96.0,,0.0,,95.0,83.0
ND,2020,23,34,2020-08-23,97.0,,7.0,96.0,,0.0,,95.0,93.0
ND,2020,24,35,2020-08-30,97.0,,16.0,96.0,,0.0,,95.0,97.0
ND,2020,25,36,2020-09-06,97.0,,34.0,96.0,,0.0,,95.0,97.0
ND,2020,26,37,2020-09-13,97.0,,57.0,96.0,,1.0,,95.0,97.0
ND,2020,27,38,2020-09-20,97.0,,75.0,96.0,,8.0,,95.0,97.0
ND,2020,28,39,2020-09-27,97.0,,88.0,96.0,,27.0,,95.0,97.0
ND,2020,29,40,2020-10-04,97.0,,94.0,96.0,,60.0,,95.0,97.0
ND,2020,30,41,2020-10-11,97.0,,97.0,96.0,,83.0,,95.0,97.0
ND,2020,31,42,2020-10-18,97.0,,100.0,96.0,,92.0,,95.0,97.0
ND,2020,32,43,2020-10-25,97.0,,100.0,96.0,,97.0,,95.0,97.0
ND,2020,33,44,2020-11-01,97.0,,100.0,96.0,,100.0,,95.0,97.0
ND,2020,34,45,2020-11-08,97.0,,100.0,96.0,,100.0,,95.0,97.0
ND,2020,35,46,2020-11-15,97.0,,100.0,96.0,,100.0,,95.0,97.0
ND,2021,4,15,2021-04-18,0.0,,0.0,0.0,,0.0,,0.0,0.0
ND,2021,5,16,2021-04-25,0.0,,0.0,0.0,,0.0,,0.0,0.0
ND,2021,6,17,2021-05-02,0.0,,0.0,0.0,,0.0,,2.0,0.0
ND,2021,7,18,2021-05-09,0.0,,0.0,0.0,,0.0,,17.0,0.0
ND,2021,8,19,2021-05-16,0.0,,0.0,1.0,,0.0,,53.0,0.0
ND,2021,9,20,2021-05-23,0.0,,0.0,19.0,,0.0,,75.0,0.0
ND,2021,10,21,2021-05-30,0.0,,0.0,45.0,,0.0,,88.0,0.0
ND,2021,11,22,2021-06-06,0.0,,0.0,65.0,,0.0,,95.0,0.0
ND,2021,12,23,2021-06-13,0.0,,0.0,83.0,,0.0,,97.0,0.0
ND,2021,13,24,2021-06-20,0.0,,0.0,93.0,,0.0,,100.0,0.0
ND,2021,14,25,2021-06-27,2.0,,0.0,96.0,,0.0,,100.0,0.0
ND,2021,15,26,2021-07-04,14.0,,0.0,96.0,,0.0,,100.0,0.0
ND,2021,16,27,2021-07-11,33.0,,0.0,96.0,,0.0,,100.0,1.0
ND,2021,17,28,2021-07-18,56.0,,0.0,96.0,,0.0,,100.0,14.0
ND,2021,18,29,2021-07-25,77.0,,0.0,96.0,,0.0,,100.0,37.0
ND,2021,19,30,2021-08-01,88.0,,0.0,96.0,,0.0,,100.0,58.0
ND,2021,20,31,2021-08-08,92.0,,0.0,96.0,,0.0,,100.0,73.0
ND,2021,21,32,2021-08-15,95.0,,4.0,96.0,,0.0,,100.0,85.0
ND,2021,22,33,2021-08-22,100.0,,9.0,96.0,,0.0,,100.0,93.0
ND,2021,23,34,2021-08-29,100.0,,24.0,96.0,,0.0,,100.0,95.0
ND,2021,24,35,2021-09-05,100.0,,44.0,96.0,,0.0,,100.0,98.0
ND,2021,25,36,2021-09-12,100.0,,67.0,96.0,,4.0,,100.0,98.0
ND,2021,26,37,2021-09-19,100.0,,80.0,96.0,,11.0,,100.0,98.0
ND,2021,27,38,2021-09-26,100.0,,91.0,96.0,,26.0,,100.0,98.0
ND,2021,28,39,2021-10-03,100.0,,97.0,96.0,,48.0,,100.0,98.0
ND,2021,29,40,2021-10-10,100.0,,100.0,96.0,,73.0,,100.0,98.0
ND,2021,30,41,2021-10-17,100.0,,100.0,96.0,,81.0,,100.0,98.0
ND,2021,31,42,2021-10-24,100.0,,100.0,96.0,,91.0,,100.0,98.0
ND,2021,32,43,2021-10-31,100.0,,100.0,96.0,,95.0,,100.0,98.0
ND,2021,33,44,2021-11-07,100.0,,100.0,96.0,,98.0,,100.0,98.0
ND,2021,34,45,2021-11-14,100.0,,100.0,96.0,,100.0,,100.0,98.0
ND,2021,35,46,2021-11-21,100.0,,100.0,96.0,,100.0,,100.0,98.0
ND,2022,4,15,2022-04-17,0.0,,0.0,0.0,,0.0,,0.0,0.0
ND,2022,5,16,2022-04-24,0.0,,0.0,0.0,,0.0,,0.0,0.0
ND,2022,6,17,2022-05-01,0.0,,0.0,0.0,,0.0,,0.0,0.0
ND,2022,7,18,2022-05-08,0.0,,0.0,0.0,,0.0,,0.0,0.0
ND,2022,8,19,2022-05-15,0.0,,0.0,0.0,,0.0,,2.0,0.0
ND,2022,9,20,2022-05-22,0.0,,0.0,0.0,,0.0,,7.0,0.0
ND,2022,10,21,2022-05-29,0.0,,0.0,1.0,,0.0,,23.0,0.0
ND,2022,11,22,2022-06-05,0.0,,0.0,4.0,,0.0,,41.0,0.0
ND,2022,12,23,2022-06-12,0.0,,0.0,24.0,,0.0,,75.0,0.0
ND,2022,13,24,2022-06-19,0.0,,0.0,58.0,,0.0,,92.0,0.0
ND,2022,14,25,2022-06-26,0.0,,0.0,80.0,,0.0,,97.0,0.0
ND,2022,15,26,2022-07-03,8.0,,0.0,97.0,,0.0,,97.0,0.0
ND,2022,16,27,2022-07-10,22.0,,0.0,97.0,,0.0,,97.0,0.0
ND,2022,17,28,2022-07-17,40.0,,0.0,97.0,,0.0,,97.0,2.0
ND,2022,18,29,2022-07-24,66.0,,0.0,97.0,,0.0,,97.0,11.0
ND,2022,19,30,2022-07-31,86.0,,0.0,97.0,,0.0,,97.0,38.0
ND,2022,20,31,2022-08-07,93.0,,0.0,97.0,,0.0,,97.0,57.0
ND,2022,21,32,2022-08-14,97.0,,0.0,97.0,,0.0,,97.0,68.0
ND,2022,22,33,2022-08-21,100.0,,0.0,97.0,,0.0,,97.0,86.0
ND,2022,23,34,2022-08-28,100.0,,4.0,97.0,,0.0,,97.0,95.0
ND,2022,24,35,2022-09-04,100.0,,18.0,97.0,,0.0,,97.0,98.0
ND,2022,25,36,2022-09-11,100.0,,37.0,97.0,,0.0,,97.0,100.0
ND,2022,26,37,2022-09-18,100.0,,57.0,97.0,,4.0,,97.0,100.0
ND,2022,27,38,2022-09-25,100.0,,72.0,97.0,,5.0,,97.0,100.0
ND,2022,28,39,2022-10-02,100.0,,89.0,97.0,,26.0,,97.0,100.0
ND,2022,29,40,2022-10-09,100.0,,97.0,97.0,,53.0,,97.0,100.0
ND,2022,30,41,2022-10-16,100.0,,100.0,97.0,,76.0,,97.0,100.0
ND,2022,31,42,2022-10-23,100.0,,100.0,97.0,,92.0,,97.0,100.0
ND,2022,32,43,2022-10-30,100.0,,100.0,97.0,,99.0,,97.0,100.0
ND,2022,33,44,2022-11-06,100.0,,100.0,97.0,,100.0,,97.0,100.0
ND,2022,34,45,2022-11-13,100.0,,100.0,97.0,,100.0,,97.0,100.0
ND,2023,4,15,2023-04-16,0.0,,0.0,0.0,,0.0,,0.0,0.0
ND,2023,5,16,2023-04-23,0.0,,0.0,0.0,,0.0,,0.0,0.0
ND,2023,6,17,2023-04-30,0.0,,0.0,0.0,,0.0,,0.0,0.0
ND,2023,7,18,2023-05-07,0.0,,0.0,0.0,,0.0,,0.0,0.0
ND,2023,8,19,2023-05-14,0.0,,0.0,0.0,,0.0,,2.0,0.0
ND,2023,9,20,2023-05-21,0.0,,0.0,1.0,,0.0,,20.0,0.0
ND,2023,10,21,2023-05-28,0.0,,0.0,12.0,,0.0,,53.0,0.0
ND,2023,11,22,2023-06-04,0.0,,0.0,32.0,,0.0,,79.0,0.0
ND,2023,12,23,2023-06-11,0.0,,0.0,60.0,,0.0,,94.0,0.0
ND,2023,13,24,2023-06-18,0.0,,0.0,84.0,,0.0,,98.0,0.0
ND,2023,14,25,2023-06-25,1.0,,0.0,99.0,,0.0,,98.0,0.0
ND,2023,15,26,2023-07-02,10.0,,0.0,99.0,,0.0,,98.0,0.0
ND,2023,16,27,2023-07-09,37.0,,0.0,99.0,,0.0,,98.0,6.0
ND,2023,17,28,2023-07-16,47.0,,0.0,99.0,,0.0,,98.0,14.0
ND,2023,18,29,2023-07-23,72.0,,0.0,99.0,,0.0,,98.0,33.0
ND,2023,19,30,2023-07-30,87.0,,0.0,99.0,,0.0,,98.0,43.0
ND,2023,20,31,2023-08-06,93.0,,0.0,99.0,,0.0,,98.0,70.0
ND,2023,21,32,2023-08-13,97.0,,0.0,99.0,,0.0,,98.0,86.0
ND,2023,22,33,2023-08-20,99.0,,0.0,99.0,,0.0,,98.0,91.0
ND,2023,23,34,2023-08-27,99.0,,4.0,99.0,,0.0,,98.0,95.0
ND,2023,24,35,2023-09-03,99.0,,24.0,99.0,,0.0,,98.0,97.0
ND,2023,25,36,2023-09-10,99.0,,47.0,99.0,,0.0,,98.0,97.0
ND,2023,26,37,2023-09-17,99.0,,69.0,99.0,,4.0,,98.0,97.0
ND,2023,27,38,2023-09-24,99.0,,85.0,99.0,,10.0,,98.0,97.0
ND,2023,28,39,2023-10-01,99.0,,92.0,99.0,,23.0,,98.0,97.0
ND,2023,29,40,2023-10-08,99.0,,95.0,99.0,,41.0,,98.0,97.0
ND,2023,30,41,2023-10-15,99.0,,98.0,99.0,,66.0,,98.0,97.0
ND,2023,31,42,2023-10-22,99.0,,98.0,99.0,,85.0,,98.0,97.0
ND,2023,32,43,2023-10-29,99.0,,98.0,99.0,,95.0,,98.0,97.0
ND,2023,33,44,2023-11-05,99.0,,98.0,99.0,,95.0,,98.0,97.0
ND,2023,34,45,2023-11-12,99.0,,98.0,99.0,,97.0,,98.0,97.0
ND,2024,4,15,2024-04-14,0.0,,0.0,0.0,,0.0,,0.0,0.0
ND,2024,5,16,2024-04-21,0.0,,0.0,0.0,,0.0,,0.0,0.0
ND,2024,6,17,2024-04-28,0.0,,0.0,0.0,,0.0,,0.0,0.0
ND,2024,7,18,2024-05-05,0.0,,0.0,0.0,,0.0,,3.0,0.0
ND,2024,8,19,2024-05-12,0.0,,0.0,0.0,,0.0,,7.0,0.0
ND,2024,9,20,2024-05-19,0.0,,0.0,1.0,,0.0,,33.0,0.0
ND,2024,10,21,2024-05-26,0.0,,0.0,9.0,,0.0,,52.0,0.0
ND,2024,11,22,2024-06-02,0.0,,0.0,23.0,,0.0,,66.0,0.0
ND,2024,12,23,2024-06-09,0.0,,0.0,45.0,,0.0,,81.0,0.0
ND,2024,13,24,2024-06-16,0.0,,0.0,72.0,,0.0,,93.0,0.0
ND,2024,14,25,2024-06-23,0.0,,0.0,88.0,,0.0,,97.0,0.0
ND,2024,15,26,2024-06-30,2.0,,0.0,95.0,,0.0,,97.0,0.0
ND,2024,16,27,2024-07-07,9.0,,0.0,95.0,,0.0,,97.0,0.0
ND,2024,17,28,2024-07-14,29.0,,0.0,95.0,,0.0,,97.0,2.0
ND,2024,18,29,2024-07-21,39.0,,0.0,95.0,,0.0,,97.0,7.0
ND,2024,19,30,2024-07-28,61.0,,0.0,95.0,,0.0,,97.0,21.0
ND,2024,20,31,2024-08-04,73.0,,0.0,95.0,,0.0,,97.0,39.0
ND,2024,21,32,2024-08-11,83.0,,0.0,95.0,,0.0,,97.0,56.0
ND,2024,22,33,2024-08-18,91.0,,0.0,95.0,,0.0,,97.0,64.0
ND,2024,23,34,2024-08-25,94.0,,1.0,95.0,,0.0,,97.0,77.0
ND,2024,24,35,2024-09-01,97.0,,7.0,95.0,,0.0,,97.0,88.0
ND,2024,25,36,2024-09-08,97.0,,15.0,95.0,,0.0,,97.0,94.0
ND,2024,26,37,2024-09-15,97.0,,39.0,95.0,,1.0,,97.0,98.0
ND,2024,27,38,2024-09-22,97.0,,65.0,95.0,,8.0,,97.0,98.0
ND,2024,28,39,2024-09-29,97.0,,87.0,95.0,,23.0,,97.0,98.0
ND,2024,29,40,2024-10-06,97.0,,95.0,95.0,,52.0,,97.0,98.0
ND,2024,30,41,2024-10-13,97.0,,99.0,95.0,,76.0,,97.0,98.0
ND,2024,31,42,2024-10-20,97.0,,100.0,95.0,,89.0,,97.0,98.0
ND,2024,32,43,2024-10-27,97.0,,100.0,95.0,,95.0,,97.0,98.0
ND,2024,33,44,2024-11-03,97.0,,100.0,95.0,,98.0,,97.0,98.0
ND,2024,34,45,2024-11-10,97.0,,100.0,95.0,,100.0,,97.0,98.0
ND,2025,4,15,2025-04-13,0.0,,0.0,0.0,,0.0,,0.0,0.0
ND,2025,5,16,2025-04-20,0.0,,0.0,0.0,,0.0,,0.0,0.0
ND,2025,6,17,2025-04-27,0.0,,0.0,0.0,,0.0,,2.0,0.0
ND,2025,7,18,2025-05-04,0.0,,0.0,0.0,,0.0,,10.0,0.0
ND,2025,8,19,2025-05-11,0.0,,0.0,1.0,,0.0,,26.0,0.0
ND,2025,9,20,2025-05-18,0.0,,0.0,7.0,,0.0,,46.0,0.0
ND,2025,10,21,2025-05-25,0.0,,0.0,12.0,,0.0,,58.0,0.0
ND,2025,11,22,2025-06-01,0.0,,0.0,28.0,,0.0,,80.0,0.0
ND,2025,12,23,2025-06-08,0.0,,0.0,53.0,,0.0,,90.0,0.0
ND,2025,13,24,2025-06-15,0.0,,0.0,71.0,,0.0,,96.0,0.0
ND,2025,14,25,2025-06-22,0.0,,0.0,86.0,,0.0,,100.0,0.0
ND,2025,15,26,2025-06-29,5.0,,0.0,93.0,,0.0,,100.0,0.0
ND,2025,16,27,2025-07-06,24.0,,0.0,95.0,,0.0,,100.0,0.0
ND,2025,17,28,2025-07-13,53.0,,0.0,95.0,,0.0,,100.0,1.0
ND,2025,18,29,2025-07-20,74.0,,0.0,95.0,,0.0,,100.0,8.0
ND,2025,19,30,2025-07-27,85.0,,0.0,95.0,,0.0,,100.0,35.0
ND,2025,20,31,2025-08-03,92.0,,0.0,95.0,,0.0,,100.0,61.0
ND,2025,21,32,2025-08-10,96.0,,0.0,95.0,,0.0,,100.0,74.0
ND,2025,22,33,2025-08-17,98.0,,0.0,95.0,,0.0,,100.0,87.0
ND,2025,23,34,2025-08-24,98.0,,1.0,95.0,,0.0,,100.0,94.0
ND,2025,24,35,2025-08-31,98.0,,7.0,95.0,,0.0,,100.0,96.0
ND,2025,25,36,2025-09-07,98.0,,15.0,95.0,,0.0,,100.0,98.0
ND,2025,26,37,2025-09-14,98.0,,45.0,95.0,,0.0,,100.0,98.0
ND,2025,27,38,2025-09-21,98.0,,56.0,95.0,,1.0,,100.0,98.0
ND,2025,28,39,2025-09-28,98.0,,83.0,95.0,,8.0,,100.0,98.0
ND,2025,35,46,2025-11-16,98.0,,83.0,95.0,,97.0,,100.0,98.0
ND,2025,36,47,2025-11-23,98.0,,83.0,95.0,,100.0,,100.0,98.0
NE,2016,5,16,2016-04-24,0.0,,0.0,0.0,,0.0,,0.0,0.0
NE,2016,6,17,2016-05-01,0.0,,0.0,0.0,,0.0,,2.0,0.0
NE,2016,7,18,2016-05-08,0.0,,0.0,0.0,,0.0,,13.0,0.0
NE,2016,8,19,2016-05-15,0.0,,0.0,3.0,,0.0,,29.0,0.0
NE,2016,9,20,2016-05-22,0.0,,0.0,13.0,,0.0,,54.0,0.0
NE,2016,10,21,2016-05-29,0.0,,0.0,36.0,,0.0,,73.0,0.0
NE,2016,11,22,2016-06-05,0.0,,0.0,64.0,,0.0,,91.0,0.0
NE,2016,12,23,2016-06-12,0.0,,0.0,84.0,,0.0,,97.0,0.0
NE,2016,13,24,2016-06-19,0.0,,0.0,96.0,,0.0,,99.0,0.0
NE,2016,14,25,2016-06-26,8.0,,0.0,99.0,,0.0,,99.0,0.0
NE,2016,15,26,2016-07-03,10.0,,0.0,99.0,,0.0,,99.0,0.0
NE,2016,16,27,2016-07-10,28.0,,0.0,99.0,,0.0,,99.0,0.0
NE,2016,17,28,2016-07-17,54.0,,0.0,99.0,,0.0,,99.0,1.0
NE,2016,18,29,2016-07-24,75.0,,0.0,99.0,,0.0,,99.0,19.0
NE,2016,19,30,2016-07-31,87.0,,0.0,99.0,,0.0,,99.0,43.0
NE,2016,20,31,2016-08-07,94.0,,0.0,99.0,,0.0,,99.0,65.0
NE,2016,21,32,2016-08-14,97.0,,0.0,99.0,,0.0,,99.0,81.0
NE,2016,22,33,2016-08-21,97.0,,2.0,99.0,,0.0,,99.0,92.0
NE,2016,23,34,2016-08-28,97.0,,8.0,99.0,,0.0,,99.0,96.0
NE,2016,24,35,2016-09-04,97.0,,16.0,99.0,,0.0,,99.0,98.0
NE,2016,25,36,2016-09-11,97.0,,29.0,99.0,,0.0,,99.0,98.0
NE,2016,26,37,2016-09-18,97.0,,51.0,99.0,,2.0,,99.0,98.0
NE,2016,27,38,2016-09-25,97.0,,75.0,99.0,,9.0,,99.0,98.0
NE,2016,28,39,2016-10-02,97.0,,89.0,99.0,,27.0,,99.0,98.0
NE,2016,29,40,2016-10-09,97.0,,95.0,99.0,,44.0,,99.0,98.0
NE,2016,30,41,2016-10-16,97.0,,99.0,99.0,,62.0,,99.0,98.0
NE,2016,31,42,2016-10-23,97.0,,99.0,99.0,,78.0,,99.0,98.0
NE,2016,32,43,2016-10-30,97.0,,99.0,99.0,,91.0,,99.0,98.0
NE,2016,33,44,2016-11-06,97.0,,99.0,99.0,,96.0,,99.0,98.0
NE,2016,34,45,2016-11-13,97.0,,99.0,99.0,,99.0,,99.0,98.0
NE,2017,5,16,2017-04-23,0.0,,0.0,0.0,,0.0,,4.0,0.0
NE,2017,6,17,2017-04-30,0.0,,0.0,0.0,,0.0,,8.0,0.0
NE,2017,7,18,2017-05-07,0.0,,0.0,0.0,,0.0,,13.0,0.0
NE,2017,8,19,2017-05-14,0.0,,0.0,4.0,,0.0,,37.0,0.0
NE,2017,9,20,2017-05-21,0.0,,0.0,13.0,,0.0,,52.0,0.0
NE,2017,10,21,2017-05-28,0.0,,0.0,35.0,,0.0,,76.0,0.0
NE,2017,11,22,2017-06-04,0.0,,0.0,62.0,,0.0,,91.0,0.0
NE,2017,12,23,2017-06-11,0.0,,0.0,86.0,,0.0,,97.0,0.0
NE,2017,13,24,2017-06-18,0.0,,0.0,96.0,,0.0,,99.0,0.0
NE,2017,14,25,2017-06-25,7.0,,0.0,98.0,,0.0,,99.0,0.0
NE,2017,15,26,2017-07-02,28.0,,0.0,100.0,,0.0,,99.0,0.0
NE,2017,16,27,2017-07-09,51.0,,0.0,100.0,,0.0,,99.0,0.0
NE,2017,17,28,2017-07-16,66.0,,0.0,100.0,,0.0,,99.0,11.0
NE,2017,18,29,2017-07-23,79.0,,0.0,100.0,,0.0,,99.0,26.0
NE,2017,19,30,2017-07-30,87.0,,0.0,100.0,,0.0,,99.0,47.0
NE,2017,20,31,2017-08-06,94.0,,0.0,100.0,,0.0,,99.0,65.0
NE,2017,21,32,2017-08-13,97.0,,0.0,100.0,,0.0,,99.0,78.0
NE,2017,22,33,2017-08-20,100.0,,0.0,100.0,,0.0,,99.0,89.0
NE,2017,23,34,2017-08-27,100.0,,3.0,100.0,,0.0,,99.0,97.0
NE,2017,24,35,2017-09-03,100.0,,8.0,100.0,,0.0,,99.0,99.0
NE,2017,25,36,2017-09-10,100.0,,28.0,100.0,,0.0,,99.0,99.0
NE,2017,26,37,2017-09-17,100.0,,54.0,100.0,,3.0,,99.0,99.0
NE,2017,27,38,2017-09-24,100.0,,80.0,100.0,,10.0,,99.0,99.0
NE,2017,28,39,2017-10-01,100.0,,93.0,100.0,,19.0,,99.0,99.0
NE,2017,29,40,2017-10-08,100.0,,96.0,100.0,,23.0,,99.0,99.0
NE,2017,30,41,2017-10-15,100.0,,98.0,100.0,,33.0,,99.0,99.0
NE,2017,31,42,2017-10-22,100.0,,99.0,100.0,,67.0,,99.0,99.0
NE,2017,32,43,2017-10-29,100.0,,99.0,100.0,,89.0,,99.0,99.0
NE,2017,33,44,2017-11-05,100.0,,99.0,100.0,,95.0,,99.0,99.0
NE,2017,34,45,2017-11-12,100.0,,99.0,100.0,,99.0,,99.0,99.0
NE,2017,35,46,2017-11-19,100.0,,99.0,100.0,,100.0,,99.0,99.0
NE,2018,5,16,2018-04-22,0.0,,0.0,0.0,,0.0,,1.0,0.0
NE,2018,6,17,2018-04-29,0.0,,0.0,0.0,,0.0,,6.0,0.0
NE,2018,7,18,2018-05-06,0.0,,0.0,0.0,,0.0,,16.0,0.0
NE,2018,8,19,2018-05-13,0.0,,0.0,5.0,,0.0,,41.0,0.0
NE,2018,9,20,2018-05-20,0.0,,0.0,25.0,,0.0,,68.0,0.0
NE,2018,10,21,2018-05-27,0.0,,0.0,53.0,,0.0,,87.0,0.0
NE,2018,11,22,2018-06-03,0.0,,0.0,77.0,,0.0,,95.0,0.0
NE,2018,12,23,2018-06-10,0.0,,0.0,93.0,,0.0,,97.0,0.0
NE,2018,13,24,2018-06-17,2.0,,0.0,97.0,,0.0,,100.0,0.0
NE,2018,14,25,2018-06-24,14.0,,0.0,99.0,,0.0,,100.0,0.0
NE,2018,15,26,2018-07-01,35.0,,0.0,100.0,,0.0,,100.0,0.0
NE,2018,16,27,2018-07-08,50.0,,0.0,100.0,,0.0,,100.0,1.0
NE,2018,17,28,2018-07-15,65.0,,0.0,100.0,,0.0,,100.0,16.0
NE,2018,18,29,2018-07-22,78.0,,0.0,100.0,,0.0,,100.0,40.0
NE,2018,19,30,2018-07-29,87.0,,0.0,100.0,,0.0,,100.0,50.0
NE,2018,20,31,2018-08-05,93.0,,0.0,100.0,,0.0,,100.0,69.0
NE,2018,21,32,2018-08-12,96.0,,0.0,100.0,,0.0,,100.0,79.0
NE,2018,22,33,2018-08-19,96.0,,2.0,100.0,,0.0,,100.0,92.0
NE,2018,23,34,2018-08-26,96.0,,8.0,100.0,,0.0,,100.0,95.0
NE,2018,24,35,2018-09-02,96.0,,15.0,100.0,,0.0,,100.0,95.0
NE,2018,25,36,2018-09-09,96.0,,31.0,100.0,,0.0,,100.0,95.0
NE,2018,26,37,2018-09-16,96.0,,64.0,100.0,,3.0,,100.0,95.0
NE,2018,27,38,2018-09-23,96.0,,84.0,100.0,,13.0,,100.0,95.0
NE,2018,28,39,2018-09-30,96.0,,92.0,100.0,,27.0,,100.0,95.0
NE,2018,29,40,2018-10-07,96.0,,96.0,100.0,,36.0,,100.0,95.0
NE,2018,30,41,2018-10-14,96.0,,97.0,100.0,,38.0,,100.0,95.0
NE,2018,31,42,2018-10-21,96.0,,99.0,100.0,,54.0,,100.0,95.0
NE,2018,32,43,2018-10-28,96.0,,99.0,100.0,,74.0,,100.0,95.0
NE,2018,33,44,2018-11-04,96.0,,99.0,100.0,,90.0,,100.0,95.0
NE,2018,34,45,2018-11-11,96.0,,99.0,100.0,,94.0,,100.0,95.0
NE,2018,35,46,2018-11-18,96.0,,99.0,100.0,,97.0,,100.0,95.0
NE,2018,36,47,2018-11-25,96.0,,99.0,100.0,,99.0,,100.0,95.0
NE,2019,5,16,2019-04-21,0.0,,0.0,0.0,,0.0,,0.0,0.0
NE,2019,6,17,2019-04-28,0.0,,0.0,0.0,,0.0,,3.0,0.0
NE,2019,7,18,2019-05-05,0.0,,0.0,0.0,,0.0,,14.0,0.0
NE,2019,8,19,2019-05-12,0.0,,0.0,1.0,,0.0,,20.0,0.0
NE,2019,9,20,2019-05-19,0.0,,0.0,7.0,,0.0,,40.0,0.0
NE,2019,10,21,2019-05-26,0.0,,0.0,23.0,,0.0,,56.0,0.0
NE,2019,11,22,2019-06-02,0.0,,0.0,39.0,,0.0,,64.0,0.0
NE,2019,12,23,2019-06-09,0.0,,0.0,55.0,,0.0,,79.0,0.0
NE,2019,13,24,2019-06-16,0.0,,0.0,73.0,,0.0,,91.0,0.0
NE,2019,14,25,2019-06-23,0.0,,0.0,85.0,,0.0,,96.0,0.0
NE,2019,15,26,2019-06-30,0.0,,0.0,96.0,,0.0,,98.0,0.0
NE,2019,16,27,2019-07-07,10.0,,0.0,98.0,,0.0,,100.0,0.0
NE,2019,17,28,2019-07-14,28.0,,0.0,100.0,,0.0,,100.0,0.0
NE,2019,18,29,2019-07-21,46.0,,0.0,100.0,,0.0,,100.0,8.0
NE,2019,19,30,2019-07-28,66.0,,0.0,100.0,,0.0,,100.0,34.0
NE,2019,20,31,2019-08-04,78.0,,0.0,100.0,,0.0,,100.0,51.0
NE,2019,21,32,2019-08-11,87.0,,0.0,100.0,,0.0,,100.0,66.0
NE,2019,22,33,2019-08-18,93.0,,0.0,100.0,,0.0,,100.0,78.0
NE,2019,23,34,2019-08-25,97.0,,0.0,100.0,,0.0,,100.0,83.0
NE,2019,24,35,2019-09-01,98.0,,1.0,100.0,,0.0,,100.0,90.0
NE,2019,25,36,2019-09-08,99.0,,7.0,100.0,,0.0,,100.0,94.0
NE,2019,26,37,2019-09-15,99.0,,22.0,100.0,,0.0,,100.0,98.0
NE,2019,27,38,2019-09-22,99.0,,55.0,100.0,,0.0,,100.0,98.0
NE,2019,28,39,2019-09-29,99.0,,75.0,100.0,,6.0,,100.0,98.0
NE,2019,29,40,2019-10-06,99.0,,86.0,100.0,,14.0,,100.0,98.0
NE,2019,30,41,2019-10-13,99.0,,91.0,100.0,,28.0,,100.0,98.0
NE,2019,31,42,2019-10-20,99.0,,97.0,100.0,,60.0,,100.0,98.0
NE,2019,32,43,2019-10-27,99.0,,100.0,100.0,,85.0,,100.0,98.0
NE,2019,33,44,2019-11-03,99.0,,100.0,100.0,,94.0,,100.0,98.0
NE,2019,34,45,2019-11-10,99.0,,100.0,100.0,,96.0,,100.0,98.0
NE,2019,35,46,2019-11-17,99.0,,100.0,100.0,,99.0,,100.0,98.0
NE,2019,36,47,2019-11-24,99.0,,100.0,100.0,,100.0,,100.0,98.0
NE,2019,37,48,2019-12-01,99.0,,100.0,100.0,,100.0,,100.0,98.0
NE,2020,5,16,2020-04-19,0.0,,0.0,0.0,,0.0,,0.0,0.0
NE,2020,6,17,2020-04-26,0.0,,0.0,0.0,,0.0,,8.0,0.0
NE,2020,7,18,2020-05-03,0.0,,0.0,0.0,,0.0,,32.0,0.0
NE,2020,8,19,2020-05-10,0.0,,0.0,6.0,,0.0,,54.0,0.0
NE,2020,9,20,2020-05-17,0.0,,0.0,29.0,,0.0,,78.0,0.0
NE,2020,10,21,2020-05-24,0.0,,0.0,56.0,,0.0,,89.0,0.0
NE,2020,11,22,2020-05-31,0.0,,0.0,73.0,,0.0,,95.0,0.0
NE,2020,12,23,2020-06-07,0.0,,0.0,85.0,,0.0,,98.0,0.0
NE,2020,13,24,2020-06-14,4.0,,0.0,94.0,,0.0,,100.0,0.0
NE,2020,14,25,2020-06-21,16.0,,0.0,96.0,,0.0,,100.0,0.0
NE,2020,15,26,2020-06-28,27.0,,0.0,100.0,,0.0,,100.0,1.0
NE,2020,16,27,2020-07-05,41.0,,0.0,100.0,,0.0,,100.0,4.0
NE,2020,17,28,2020-07-12,57.0,,0.0,100.0,,0.0,,100.0,13.0
NE,2020,18,29,2020-07-19,75.0,,0.0,100.0,,0.0,,100.0,31.0
NE,2020,19,30,2020-07-26,90.0,,0.0,100.0,,0.0,,100.0,53.0
NE,2020,20,31,2020-08-02,95.0,,0.0,100.0,,0.0,,100.0,64.0
NE,2020,21,32,2020-08-09,98.0,,0.0,100.0,,0.0,,100.0,81.0
NE,2020,22,33,2020-08-16,100.0,,2.0,100.0,,0.0,,100.0,90.0
NE,2020,23,34,2020-08-23,100.0,,5.0,100.0,,0.0,,100.0,98.0
NE,2020,24,35,2020-08-30,100.0,,16.0,100.0,,0.0,,100.0,100.0
NE,2020,25,36,2020-09-06,100.0,,37.0,100.0,,1.0,,100.0,100.0
NE,2020,26,37,2020-09-13,100.0,,61.0,100.0,,3.0,,100.0,100.0
NE,2020,27,38,2020-09-20,100.0,,82.0,100.0,,10.0,,100.0,100.0
NE,2020,28,39,2020-09-27,100.0,,92.0,100.0,,29.0,,100.0,100.0
NE,2020,29,40,2020-10-04,100.0,,97.0,100.0,,55.0,,100.0,100.0
NE,2020,30,41,2020-10-11,100.0,,100.0,100.0,,82.0,,100.0,100.0
NE,2020,31,42,2020-10-18,100.0,,100.0,100.0,,92.0,,100.0,100.0
NE,2020,32,43,2020-10-25,100.0,,100.0,100.0,,97.0,,100.0,100.0
NE,2020,33,44,2020-11-01,100.0,,100.0,100.0,,100.0,,100.0,100.0
NE,2020,34,45,2020-11-08,100.0,,100.0,100.0,,100.0,,100.0,100.0
NE,2020,35,46,2020-11-15,100.0,,100.0,100.0,,100.0,,100.0,100.0
NE,2021,4,15,2021-04-18,0.0,,0.0,0.0,,0.0,,0.0,0.0
NE,2021,5,16,2021-04-25,0.0,,0.0,0.0,,0.0,,3.0,0.0
NE,2021,6,17,2021-05-02,0.0,,0.0,0.0,,0.0,,20.0,0.0
NE,2021,7,18,2021-05-09,0.0,,0.0,3.0,,0.0,,47.0,0.0
NE,2021,8,19,2021-05-16,0.0,,0.0,16.0,,0.0,,71.0,0.0
NE,2021,9,20,2021-05-23,0.0,,0.0,44.0,,0.0,,85.0,0.0
NE,2021,10,21,2021-05-30,0.0,,0.0,69.0,,0.0,,94.0,0.0
NE,2021,11,22,2021-06-06,0.0,,0.0,84.0,,0.0,,98.0,0.0
NE,2021,12,23,2021-06-13,0.0,,0.0,91.0,,0.0,,100.0,0.0
NE,2021,13,24,2021-06-20,5.0,,0.0,95.0,,0.0,,100.0,0.0
NE,2021,14,25,2021-06-27,23.0,,0.0,98.0,,0.0,,100.0,0.0
NE,2021,15,26,2021-07-04,46.0,,0.0,98.0,,0.0,,100.0,2.0
NE,2021,16,27,2021-07-11,59.0,,0.0,98.0,,0.0,,100.0,16.0
NE,2021,17,28,2021-07-18,74.0,,0.0,98.0,,0.0,,100.0,30.0
NE,2021,18,29,2021-07-25,85.0,,0.0,98.0,,0.0,,100.0,52.0
NE,2021,19,30,2021-08-01,95.0,,0.0,98.0,,0.0,,100.0,66.0
NE,2021,20,31,2021-08-08,97.0,,0.0,98.0,,0.0,,100.0,83.0
NE,2021,21,32,2021-08-15,100.0,,2.0,98.0,,0.0,,100.0,89.0
NE,2021,22,33,2021-08-22,100.0,,4.0,98.0,,0.0,,100.0,93.0
NE,2021,23,34,2021-08-29,100.0,,12.0,98.0,,0.0,,100.0,97.0
NE,2021,24,35,2021-09-05,100.0,,20.0,98.0,,0.0,,100.0,100.0
NE,2021,25,36,2021-09-12,100.0,,47.0,98.0,,1.0,,100.0,100.0
NE,2021,26,37,2021-09-19,100.0,,71.0,98.0,,4.0,,100.0,100.0
NE,2021,27,38,2021-09-26,100.0,,87.0,98.0,,17.0,,100.0,100.0
NE,2021,28,39,2021-10-03,100.0,,95.0,98.0,,34.0,,100.0,100.0
NE,2021,29,40,2021-10-10,100.0,,97.0,98.0,,60.0,,100.0,100.0
NE,2021,30,41,2021-10-17,100.0,,100.0,98.0,,76.0,,100.0,100.0
NE,2021,31,42,2021-10-24,100.0,,100.0,98.0,,88.0,,100.0,100.0
NE,2021,32,43,2021-10-31,100.0,,100.0,98.0,,91.0,,100.0,100.0
NE,2021,33,44,2021-11-07,100.0,,100.0,98.0,,95.0,,100.0,100.0
NE,2021,34,45,2021-11-14,100.0,,100.0,98.0,,98.0,,100.0,100.0
NE,2021,35,46,2021-11-21,100.0,,100.0,98.0,,100.0,,100.0,100.0
NE,2022,4,15,2022-04-17,0.0,,0.0,0.0,,0.0,,0.0,0.0
NE,2022,5,16,2022-04-24,0.0,,0.0,0.0,,0.0,,3.0,0.0
NE,2022,6,17,2022-05-01,0.0,,0.0,0.0,,0.0,,19.0,0.0
NE,2022,7,18,2022-05-08,0.0,,0.0,1.0,,0.0,,28.0,0.0
NE,2022,8,19,2022-05-15,0.0,,0.0,8.0,,0.0,,44.0,0.0
NE,2022,9,20,2022-05-22,0.0,,0.0,27.0,,0.0,,72.0,0.0
NE,2022,10,21,2022-05-29,0.0,,0.0,55.0,,0.0,,87.0,0.0
NE,2022,11,22,2022-06-05,0.0,,0.0,75.0,,0.0,,96.0,0.0
NE,2022,12,23,2022-06-12,0.0,,0.0,89.0,,0.0,,99.0,0.0
NE,2022,13,24,2022-06-19,0.0,,0.0,94.0,,0.0,,100.0,0.0
NE,2022,14,25,2022-06-26,6.0,,0.0,97.0,,0.0,,100.0,0.0
NE,2022,15,26,2022-07-03,25.0,,0.0,100.0,,0.0,,100.0,0.0
NE,2022,16,27,2022-07-10,40.0,,0.0,100.0,,0.0,,100.0,2.0
NE,2022,17,28,2022-07-17,55.0,,0.0,100.0,,0.0,,100.0,14.0
NE,2022,18,29,2022-07-24,67.0,,0.0,100.0,,0.0,,100.0,31.0
NE,2022,19,30,2022-07-31,85.0,,0.0,100.0,,0.0,,100.0,50.0
NE,2022,20,31,2022-08-07,95.0,,0.0,100.0,,0.0,,100.0,66.0
NE,2022,21,32,2022-08-14,98.0,,0.0,100.0,,0.0,,100.0,88.0
NE,2022,22,33,2022-08-21,100.0,,3.0,100.0,,0.0,,100.0,93.0
NE,2022,23,34,2022-08-28,100.0,,10.0,100.0,,0.0,,100.0,98.0
NE,2022,24,35,2022-09-04,100.0,,25.0,100.0,,0.0,,100.0,100.0
NE,2022,25,36,2022-09-11,100.0,,43.0,100.0,,0.0,,100.0,100.0
NE,2022,26,37,2022-09-18,100.0,,65.0,100.0,,5.0,,100.0,100.0
NE,2022,27,38,2022-09-25,100.0,,81.0,100.0,,13.0,,100.0,100.0
NE,2022,28,39,2022-10-02,100.0,,91.0,100.0,,29.0,,100.0,100.0
NE,2022,29,40,2022-10-09,100.0,,96.0,100.0,,54.0,,100.0,100.0
NE,2022,30,41,2022-10-16,100.0,,100.0,100.0,,76.0,,100.0,100.0
NE,2022,31,42,2022-10-23,100.0,,100.0,100.0,,93.0,,100.0,100.0
NE,2022,32,43,2022-10-30,100.0,,100.0,100.0,,97.0,,100.0,100.0
NE,2022,33,44,2022-11-06,100.0,,100.0,100.0,,100.0,,100.0,100.0
NE,2022,34,45,2022-11-13,100.0,,100.0,100.0,,100.0,,100.0,100.0
NE,2023,4,15,2023-04-16,0.0,,0.0,0.0,,0.0,,0.0,0.0
NE,2023,5,16,2023-04-23,0.0,,0.0,0.0,,0.0,,4.0,0.0
NE,2023,6,17,2023-04-30,0.0,,0.0,0.0,,0.0,,16.0,0.0
NE,2023,7,18,2023-05-07,0.0,,0.0,2.0,,0.0,,36.0,0.0
NE,2023,8,19,2023-05-14,0.0,,0.0,18.0,,0.0,,62.0,0.0
NE,2023,9,20,2023-05-21,0.0,,0.0,45.0,,0.0,,79.0,0.0
NE,2023,10,21,2023-05-28,0.0,,0.0,68.0,,0.0,,90.0,0.0
NE,2023,11,22,2023-06-04,0.0,,0.0,85.0,,0.0,,96.0,0.0
NE,2023,12,23,2023-06-11,0.0,,0.0,93.0,,0.0,,98.0,0.0
NE,2023,13,24,2023-06-18,0.0,,0.0,96.0,,0.0,,98.0,0.0
NE,2023,14,25,2023-06-25,9.0,,0.0,98.0,,0.0,,98.0,0.0
NE,2023,15,26,2023-07-02,20.0,,0.0,98.0,,0.0,,98.0,0.0
NE,2023,16,27,2023-07-09,43.0,,0.0,98.0,,0.0,,98.0,3.0
NE,2023,17,28,2023-07-16,61.0,,0.0,98.0,,0.0,,98.0,20.0
NE,2023,18,29,2023-07-23,75.0,,0.0,98.0,,0.0,,98.0,33.0
NE,2023,19,30,2023-07-30,86.0,,0.0,98.0,,0.0,,98.0,50.0
NE,2023,20,31,2023-08-06,91.0,,0.0,98.0,,0.0,,98.0,68.0
NE,2023,21,32,2023-08-13,94.0,,0.0,98.0,,0.0,,98.0,76.0
NE,2023,22,33,2023-08-20,95.0,,0.0,98.0,,0.0,,98.0,82.0
NE,2023,23,34,2023-08-27,95.0,,8.0,98.0,,0.0,,98.0,92.0
NE,2023,24,35,2023-09-03,95.0,,30.0,98.0,,0.0,,98.0,96.0
NE,2023,25,36,2023-09-10,95.0,,54.0,98.0,,0.0,,98.0,96.0
NE,2023,26,37,2023-09-17,95.0,,72.0,98.0,,4.0,,98.0,96.0
NE,2023,27,38,2023-09-24,95.0,,86.0,98.0,,14.0,,98.0,96.0
NE,2023,28,39,2023-10-01,95.0,,95.0,98.0,,29.0,,98.0,96.0
NE,2023,29,40,2023-10-08,95.0,,98.0,98.0,,52.0,,98.0,96.0
NE,2023,30,41,2023-10-15,95.0,,100.0,98.0,,70.0,,98.0,96.0
NE,2023,31,42,2023-10-22,95.0,,100.0,98.0,,83.0,,98.0,96.0
NE,2023,32,43,2023-10-29,95.0,,100.0,98.0,,92.0,,98.0,96.0
NE,2023,33,44,2023-11-05,95.0,,100.0,98.0,,95.0,,98.0,96.0
NE,2023,34,45,2023-11-12,95.0,,100.0,98.0,,99.0,,98.0,96.0
NE,2024,4,15,2024-04-14,0.0,,0.0,0.0,,0.0,,0.0,0.0
NE,2024,5,16,2024-04-21,0.0,,0.0,0.0,,0.0,,2.0,0.0
NE,2024,6,17,2024-04-28,0.0,,0.0,0.0,,0.0,,10.0,0.0
NE,2024,7,18,2024-05-05,0.0,,0.0,1.0,,0.0,,18.0,0.0
NE,2024,8,19,2024-05-12,0.0,,0.0,9.0,,0.0,,37.0,0.0
NE,2024,9,20,2024-05-19,0.0,,0.0,21.0,,0.0,,60.0,0.0
NE,2024,10,21,2024-05-26,0.0,,0.0,41.0,,0.0,,80.0,0.0
NE,2024,11,22,2024-06-02,0.0,,0.0,64.0,,0.0,,90.0,0.0
NE,2024,12,23,2024-06-09,0.0,,0.0,82.0,,0.0,,96.0,0.0
NE,2024,13,24,2024-06-16,1.0,,0.0,90.0,,0.0,,98.0,0.0
NE,2024,14,25,2024-06-23,5.0,,0.0,95.0,,0.0,,100.0,0.0
NE,2024,15,26,2024-06-30,23.0,,0.0,98.0,,0.0,,100.0,0.0
NE,2024,16,27,2024-07-07,51.0,,0.0,98.0,,0.0,,100.0,8.0
NE,2024,17,28,2024-07-14,72.0,,0.0,98.0,,0.0,,100.0,22.0
NE,2024,18,29,2024-07-21,84.0,,0.0,98.0,,0.0,,100.0,39.0
NE,2024,19,30,2024-07-28,92.0,,0.0,98.0,,0.0,,100.0,55.0
NE,2024,20,31,2024-08-04,95.0,,0.0,98.0,,0.0,,100.0,73.0
NE,2024,21,32,2024-08-11,97.0,,1.0,98.0,,0.0,,100.0,85.0
NE,2024,22,33,2024-08-18,99.0,,3.0,98.0,,0.0,,100.0,88.0
NE,2024,23,34,2024-08-25,99.0,,8.0,98.0,,0.0,,100.0,96.0
NE,2024,24,35,2024-09-01,99.0,,13.0,98.0,,0.0,,100.0,98.0
NE,2024,25,36,2024-09-08,99.0,,24.0,98.0,,0.0,,100.0,100.0
NE,2024,26,37,2024-09-15,99.0,,44.0,98.0,,1.0,,100.0,100.0
NE,2024,27,38,2024-09-22,99.0,,75.0,98.0,,10.0,,100.0,100.0
NE,2024,28,39,2024-09-29,99.0,,88.0,98.0,,24.0,,100.0,100.0
NE,2024,29,40,2024-10-06,99.0,,96.0,98.0,,46.0,,100.0,100.0
NE,2024,30,41,2024-10-13,99.0,,98.0,98.0,,70.0,,100.0,100.0
NE,2024,31,42,2024-10-20,99.0,,98.0,98.0,,85.0,,100.0,100.0
NE,2024,32,43,2024-10-27,99.0,,98.0,98.0,,94.0,,100.0,100.0
NE,2024,33,44,2024-11-03,99.0,,98.0,98.0,,98.0,,100.0,100.0
NE,2024,34,45,2024-11-10,99.0,,98.0,98.0,,99.0,,100.0,100.0
NE,2025,4,15,2025-04-13,0.0,,0.0,0.0,,0.0,,0.0,0.0
NE,2025,5,16,2025-04-20,0.0,,0.0,0.0,,0.0,,2.0,0.0
NE,2025,6,17,2025-04-27,0.0,,0.0,0.0,,0.0,,13.0,0.0
NE,2025,7,18,2025-05-04,0.0,,0.0,2.0,,0.0,,34.0,0.0
NE,2025,8,19,2025-05-11,0.0,,0.0,19.0,,0.0,,62.0,0.0
NE,2025,9,20,2025-05-18,0.0,,0.0,44.0,,0.0,,80.0,0.0
NE,2025,10,21,2025-05-25,0.0,,0.0,63.0,,0.0,,91.0,0.0
NE,2025,11,22,2025-06-01,0.0,,0.0,77.0,,0.0,,95.0,0.0
NE,2025,12,23,2025-06-08,0.0,,0.0,88.0,,0.0,,96.0,0.0
NE,2025,13,24,2025-06-15,0.0,,0.0,92.0,,0.0,,97.0,0.0
NE,2025,14,25,2025-06-22,1.0,,0.0,96.0,,0.0,,100.0,0.0
NE,2025,15,26,2025-06-29,4.0,,0.0,100.0,,0.0,,100.0,0.0
NE,2025,16,27,2025-07-06,15.0,,0.0,100.0,,0.0,,100.0,0.0
NE,2025,17,28,2025-07-13,40.0,,0.0,100.0,,0.0,,100.0,9.0
NE,2025,18,29,2025-07-20,61.0,,0.0,100.0,,0.0,,100.0,16.0
NE,2025,19,30,2025-07-27,73.0,,0.0,100.0,,0.0,,100.0,29.0
NE,2025,20,31,2025-08-03,82.0,,0.0,100.0,,0.0,,100.0,57.0
NE,2025,21,32,2025-08-10,88.0,,0.0,100.0,,0.0,,100.0,71.0
NE,2025,22,33,2025-08-17,94.0,,0.0,100.0,,0.0,,100.0,80.0
NE,2025,23,34,2025-08-24,96.0,,0.0,100.0,,0.0,,100.0,89.0
NE,2025,24,35,2025-08-31,97.0,,5.0,100.0,,0.0,,100.0,92.0
NE,2025,25,36,2025-09-07,97.0,,14.0,100.0,,0.0,,100.0,95.0
NE,2025,26,37,2025-09-14,97.0,,39.0,100.0,,0.0,,100.0,95.0
NE,2025,27,38,2025-09-21,97.0,,60.0,100.0,,2.0,,100.0,95.0
NE,2025,28,39,2025-09-28,97.0,,85.0,100.0,,11.0,,100.0,95.0
NE,2025,35,46,2025-11-16,97.0,,85.0,100.0,,84.0,,100.0,95.0
NE,2025,36,47,2025-11-23,97.0,,85.0,100.0,,95.0,,100.0,95.0
NJ,2016,8,19,2016-05-15,0.0,0.0,0.0,0.0,0.0,0.0,0.0,1.0,0.0
NJ,2016,9,20,2016-05-22,0.0,0.0,0.0,4.0,0.0,0.0,0.0,18.0,0.0
NJ,2016,10,21,2016-05-29,0.0,0.0,0.0,23.0,0.0,0.0,0.0,44.0,0.0
NJ,2016,11,22,2016-06-05,0.0,0.0,0.0,42.0,0.0,0.0,0.0,61.0,0.0
NJ,2016,12,23,2016-06-12,0.0,0.0,0.0,62.0,0.0,0.0,0.0,73.0,0.0
NJ,2016,13,24,2016-06-19,0.0,0.0,0.0,75.0,0.0,0.0,0.0,85.0,0.0
NJ,2016,14,25,2016-06-26,0.0,0.0,0.0,83.0,0.0,0.0,0.0,88.0,0.0
NJ,2016,15,26,2016-07-03,0.0,0.0,0.0,92.0,0.0,0.0,0.0,95.0,0.0
NJ,2016,16,27,2016-07-10,11.0,0.0,0.0,97.0,0.0,0.0,0.0,99.0,0.0
NJ,2016,17,28,2016-07-17,42.0,0.0,0.0,97.0,0.0,0.0,0.0,99.0,0.0
NJ,2016,18,29,2016-07-24,66.0,0.0,0.0,97.0,0.0,0.0,0.0,99.0,6.0
NJ,2016,19,30,2016-07-31,78.0,0.0,0.0,97.0,0.0,0.0,0.0,99.0,24.0
NJ,2016,20,31,2016-08-07,80.0,0.0,0.0,97.0,0.0,0.0,0.0,99.0,36.0
NJ,2016,21,32,2016-08-14,93.0,0.0,0.0,97.0,0.0,0.0,0.0,99.0,41.0
NJ,2016,22,33,2016-08-21,94.0,0.0,0.0,97.0,0.0,0.0,0.0,99.0,81.0
NJ,2016,23,34,2016-08-28,95.0,0.0,0.0,97.0,12.0,0.0,0.0,99.0,89.0
NJ,2016,24,35,2016-09-04,97.0,0.0,0.0,97.0,64.0,0.0,0.0,99.0,93.0
NJ,2016,25,36,2016-09-11,99.0,9.0,0.0,97.0,75.0,0.0,0.0,99.0,97.0
NJ,2016,26,37,2016-09-18,99.0,35.0,0.0,97.0,90.0,0.0,0.0,99.0,99.0
NJ,2016,27,38,2016-09-25,99.0,50.0,0.0,97.0,98.0,0.0,0.0,99.0,99.0
NJ,2016,28,39,2016-10-02,99.0,82.0,28.0,97.0,98.0,0.0,0.0,99.0,99.0
NJ,2016,29,40,2016-10-09,99.0,96.0,59.0,97.0,98.0,0.0,0.0,99.0,99.0
NJ,2016,30,41,2016-10-16,99.0,99.0,93.0,97.0,98.0,18.0,45.0,99.0,99.0
NJ,2016,31,42,2016-10-23,99.0,99.0,97.0,97.0,98.0,31.0,78.0,99.0,99.0
NJ,2016,32,43,2016-10-30,99.0,99.0,100.0,97.0,98.0,48.0,98.0,99.0,99.0
NJ,2016,33,44,2016-11-06,99.0,99.0,100.0,97.0,98.0,61.0,98.0,99.0,99.0
NJ,2016,34,45,2016-11-13,99.0,99.0,100.0,97.0,98.0,73.0,98.0,99.0,99.0
NJ,2016,35,46,2016-11-20,99.0,99.0,100.0,97.0,98.0,93.0,98.0,99.0,99.0
NJ,2016,36,47,2016-11-27,99.0,99.0,100.0,97.0,98.0,95.0,98.0,99.0,99.0
NJ,2017,8,19,2017-05-14,0.0,0.0,0.0,0.0,0.0,0.0,0.0,2.0,0.0
NJ,2017,9,20,2017-05-21,0.0,0.0,0.0,0.0,0.0,0.0,0.0,31.0,0.0
NJ,2017,10,21,2017-05-28,0.0,0.0,0.0,9.0,0.0,0.0,0.0,42.0,0.0
NJ,2017,11,22,2017-06-04,0.0,0.0,0.0,38.0,0.0,0.0,0.0,60.0,0.0
NJ,2017,12,23,2017-06-11,0.0,0.0,0.0,61.0,0.0,0.0,0.0,79.0,0.0
NJ,2017,13,24,2017-06-18,0.0,0.0,0.0,75.0,0.0,0.0,0.0,83.0,0.0
NJ,2017,14,25,2017-06-25,0.0,0.0,0.0,82.0,0.0,0.0,0.0,88.0,0.0
NJ,2017,15,26,2017-07-02,5.0,0.0,0.0,93.0,0.0,0.0,0.0,98.0,0.0
NJ,2017,16,27,2017-07-09,10.0,0.0,0.0,99.0,0.0,0.0,0.0,100.0,0.0
NJ,2017,17,28,2017-07-16,30.0,0.0,0.0,100.0,0.0,0.0,0.0,100.0,0.0
NJ,2017,18,29,2017-07-23,71.0,0.0,0.0,100.0,0.0,0.0,0.0,100.0,10.0
NJ,2017,19,30,2017-07-30,86.0,0.0,0.0,100.0,0.0,0.0,0.0,100.0,21.0
NJ,2017,20,31,2017-08-06,88.0,0.0,0.0,100.0,0.0,0.0,0.0,100.0,30.0
NJ,2017,21,32,2017-08-13,93.0,0.0,0.0,100.0,0.0,0.0,0.0,100.0,59.0
NJ,2017,22,33,2017-08-20,96.0,0.0,0.0,100.0,0.0,0.0,0.0,100.0,84.0
NJ,2017,23,34,2017-08-27,100.0,0.0,0.0,100.0,64.0,0.0,0.0,100.0,87.0
NJ,2017,24,35,2017-09-03,100.0,0.0,0.0,100.0,73.0,0.0,0.0,100.0,88.0
NJ,2017,25,36,2017-09-10,100.0,0.0,0.0,100.0,75.0,0.0,0.0,100.0,89.0
NJ,2017,26,37,2017-09-17,100.0,37.0,0.0,100.0,86.0,0.0,0.0,100.0,99.0
NJ,2017,27,38,2017-09-24,100.0,45.0,0.0,100.0,93.0,0.0,0.0,100.0,99.0
NJ,2017,28,39,2017-10-01,100.0,68.0,29.0,100.0,97.0,0.0,0.0,100.0,99.0
NJ,2017,29,40,2017-10-08,100.0,93.0,59.0,100.0,97.0,0.0,6.0,100.0,99.0
NJ,2017,30,41,2017-10-15,100.0,99.0,78.0,100.0,97.0,0.0,38.0,100.0,99.0
NJ,2017,31,42,2017-10-22,100.0,99.0,90.0,100.0,97.0,16.0,63.0,100.0,99.0
NJ,2017,32,43,2017-10-29,100.0,99.0,96.0,100.0,97.0,45.0,89.0,100.0,99.0
NJ,2017,33,44,2017-11-05,100.0,99.0,96.0,100.0,97.0,54.0,96.0,100.0,99.0
NJ,2017,34,45,2017-11-12,100.0,99.0,96.0,100.0,97.0,82.0,100.0,100.0,99.0
NJ,2017,35,46,2017-11-19,100.0,99.0,96.0,100.0,97.0,83.0,100.0,100.0,99.0
NJ,2017,36,47,2017-11-26,100.0,99.0,96.0,100.0,97.0,90.0,100.0,100.0,99.0
NJ,2018,5,16,2018-04-22,0.0,0.0,0.0,0.0,0.0,0.0,0.0,0.0,0.0
NJ,2018,6,17,2018-04-29,0.0,0.0,0.0,0.0,0.0,0.0,0.0,0.0,0.0
NJ,2018,7,18,2018-05-06,0.0,0.0,0.0,0.0,0.0,0.0,0.0,2.0,0.0
NJ,2018,9,20,2018-05-20,0.0,0.0,0.0,0.0,0.0,0.0,0.0,2.0,0.0
NJ,2018,10,21,2018-05-27,0.0,0.0,0.0,0.0,0.0,0.0,0.0,22.0,0.0
NJ,2018,11,22,2018-06-03,0.0,0.0,0.0,10.0,0.0,0.0,0.0,42.0,0.0
NJ,2018,12,23,2018-06-10,0.0,0.0,0.0,29.0,0.0,0.0,0.0,55.0,0.0
NJ,2018,13,24,2018-06-17,0.0,0.0,0.0,55.0,0.0,0.0,0.0,73.0,0.0
NJ,2018,14,25,2018-06-24,0.0,0.0,0.0,66.0,0.0,0.0,0.0,77.0,0.0
NJ,2018,15,26,2018-07-01,0.0,0.0,0.0,78.0,0.0,0.0,0.0,84.0,0.0
NJ,2018,16,27,2018-07-08,0.0,0.0,0.0,85.0,0.0,0.0,0.0,92.0,0.0
NJ,2018,17,28,2018-07-15,2.0,0.0,0.0,91.0,0.0,0.0,0.0,97.0,0.0
NJ,2018,18,29,2018-07-22,8.0,0.0,0.0,94.0,0.0,0.0,0.0,97.0,0.0
NJ,2018,19,30,2018-07-29,29.0,0.0,0.0,96.0,0.0,0.0,0.0,97.0,0.0
NJ,2018,20,31,2018-08-05,55.0,0.0,0.0,96.0,0.0,0.0,0.0,97.0,0.0
NJ,2018,21,32,2018-08-12,77.0,0.0,0.0,96.0,0.0,0.0,0.0,97.0,0.0
NJ,2018,22,33,2018-08-19,85.0,0.0,0.0,96.0,0.0,0.0,0.0,97.0,30.0
NJ,2018,23,34,2018-08-26,87.0,0.0,0.0,96.0,0.0,0.0,0.0,97.0,50.0
NJ,2018,24,35,2018-09-02,93.0,0.0,0.0,96.0,0.0,0.0,0.0,97.0,64.0
NJ,2018,25,36,2018-09-09,95.0,0.0,0.0,96.0,24.0,0.0,0.0,97.0,71.0
NJ,2018,26,37,2018-09-16,95.0,0.0,0.0,96.0,51.0,0.0,0.0,97.0,84.0
NJ,2018,27,38,2018-09-23,95.0,0.0,0.0,96.0,71.0,0.0,0.0,97.0,99.0
NJ,2018,28,39,2018-09-30,95.0,75.0,21.0,96.0,96.0,0.0,0.0,97.0,99.0
NJ,2018,29,40,2018-10-07,95.0,86.0,41.0,96.0,96.0,0.0,0.0,97.0,99.0
NJ,2018,30,41,2018-10-14,95.0,100.0,66.0,96.0,96.0,0.0,32.0,97.0,99.0
NJ,2018,31,42,2018-10-21,95.0,100.0,91.0,96.0,96.0,10.0,60.0,97.0,99.0
NJ,2018,32,43,2018-10-28,95.0,100.0,96.0,96.0,96.0,15.0,77.0,97.0,99.0
NJ,2018,33,44,2018-11-04,95.0,100.0,96.0,96.0,96.0,32.0,82.0,97.0,99.0
NJ,2018,34,45,2018-11-11,95.0,100.0,96.0,96.0,96.0,55.0,95.0,97.0,99.0
NJ,2018,35,46,2018-11-18,95.0,100.0,96.0,96.0,96.0,64.0,95.0,97.0,99.0
NJ,2018,36,47,2018-11-25,95.0,100.0,96.0,96.0,96.0,88.0,95.0,97.0,99.0
NJ,2019,8,19,2019-05-12,0.0,0.0,0.0,0.0,0.0,0.0,0.0,2.0,0.0
NJ,2019,9,20,2019-05-19,0.0,0.0,0.0,0.0,0.0,0.0,0.0,11.0,0.0
NJ,2019,10,21,2019-05-26,0.0,0.0,0.0,0.0,0.0,0.0,0.0,32.0,0.0
NJ,2019,11,22,2019-06-02,0.0,0.0,0.0,11.0,0.0,0.0,0.0,52.0,0.0
NJ,2019,12,23,2019-06-09,0.0,0.0,0.0,37.0,0.0,0.0,0.0,74.0,0.0
NJ,2019,13,24,2019-06-16,0.0,0.0,0.0,42.0,0.0,0.0,0.0,76.0,0.0
NJ,2019,14,25,2019-06-23,0.0,0.0,0.0,51.0,0.0,0.0,0.0,80.0,0.0
NJ,2019,15,26,2019-06-30,0.0,0.0,0.0,53.0,0.0,0.0,0.0,81.0,0.0
NJ,2019,16,27,2019-07-07,0.0,0.0,0.0,59.0,0.0,0.0,0.0,87.0,0.0
NJ,2019,17,28,2019-07-14,0.0,0.0,0.0,80.0,0.0,0.0,0.0,88.0,0.0
NJ,2019,18,29,2019-07-21,0.0,0.0,0.0,85.0,0.0,0.0,0.0,96.0,0.0
NJ,2019,19,30,2019-07-28,0.0,0.0,0.0,90.0,0.0,0.0,0.0,96.0,0.0
NJ,2019,20,31,2019-08-04,18.0,0.0,0.0,96.0,0.0,0.0,0.0,96.0,0.0
NJ,2019,21,32,2019-08-11,49.0,0.0,0.0,96.0,0.0,0.0,0.0,96.0,0.0
NJ,2019,22,33,2019-08-18,77.0,0.0,0.0,96.0,0.0,0.0,0.0,96.0,0.0
NJ,2019,23,34,2019-08-25,96.0,0.0,0.0,96.0,0.0,0.0,0.0,96.0,1.0
NJ,2019,24,35,2019-09-01,96.0,0.0,0.0,96.0,0.0,0.0,0.0,96.0,58.0
NJ,2019,25,36,2019-09-08,96.0,0.0,0.0,96.0,5.0,0.0,0.0,96.0,70.0
NJ,2019,26,37,2019-09-15,96.0,0.0,0.0,96.0,51.0,0.0,0.0,96.0,84.0
NJ,2019,27,38,2019-09-22,96.0,0.0,0.0,96.0,75.0,0.0,0.0,96.0,92.0
NJ,2019,28,39,2019-09-29,96.0,0.0,0.0,96.0,87.0,0.0,0.0,96.0,96.0
NJ,2019,29,40,2019-10-06,96.0,69.0,43.0,96.0,95.0,0.0,30.0,96.0,96.0
NJ,2019,30,41,2019-10-13,96.0,90.0,70.0,96.0,95.0,25.0,55.0,96.0,96.0
NJ,2019,31,42,2019-10-20,96.0,95.0,85.0,96.0,95.0,41.0,83.0,96.0,96.0
NJ,2019,32,43,2019-10-27,96.0,95.0,95.0,96.0,95.0,57.0,92.0,96.0,96.0
NJ,2019,33,44,2019-11-03,96.0,95.0,95.0,96.0,95.0,62.0,95.0,96.0,96.0
NJ,2019,34,45,2019-11-10,96.0,95.0,95.0,96.0,95.0,65.0,95.0,96.0,96.0
NJ,2019,35,46,2019-11-17,96.0,95.0,95.0,96.0,95.0,75.0,95.0,96.0,96.0
NJ,2019,36,47,2019-11-24,96.0,95.0,95.0,96.0,95.0,77.0,95.0,96.0,96.0
NJ,2019,37,48,2019-12-01,96.0,95.0,95.0,96.0,95.0,96.0,95.0,96.0,96.0
NJ,2020,11,22,2020-05-31,0.0,0.0,0.0,15.0,0.0,0.0,0.0,31.0,0.0
NJ,2020,12,23,2020-06-07,0.0,0.0,0.0,30.0,0.0,0.0,0.0,43.0,0.0
NJ,2020,13,24,2020-06-14,0.0,0.0,0.0,41.0,0.0,0.0,0.0,53.0,0.0
NJ,2020,14,25,2020-06-21,0.0,0.0,0.0,47.0,0.0,0.0,0.0,79.0,0.0
NJ,2020,15,26,2020-06-28,0.0,0.0,0.0,53.0,0.0,0.0,0.0,84.0,0.0
NJ,2020,16,27,2020-07-05,2.0,0.0,0.0,55.0,0.0,0.0,0.0,90.0,0.0
NJ,2020,17,28,2020-07-12,2.0,0.0,0.0,79.0,0.0,0.0,0.0,92.0,0.0
NJ,2020,18,29,2020-07-19,2.0,0.0,0.0,87.0,0.0,0.0,0.0,100.0,0.0
NJ,2020,19,30,2020-07-26,7.0,0.0,0.0,95.0,0.0,0.0,0.0,100.0,0.0
NJ,2020,20,31,2020-08-02,27.0,0.0,0.0,95.0,0.0,0.0,0.0,100.0,0.0
NJ,2020,21,32,2020-08-09,48.0,0.0,0.0,95.0,0.0,0.0,0.0,100.0,0.0
NJ,2020,22,33,2020-08-16,78.0,0.0,0.0,95.0,0.0,0.0,0.0,100.0,0.0
NJ,2020,23,34,2020-08-23,85.0,0.0,0.0,95.0,0.0,0.0,0.0,100.0,0.0
NJ,2020,24,35,2020-08-30,95.0,0.0,0.0,95.0,0.0,0.0,0.0,100.0,0.0
NJ,2020,25,36,2020-09-06,95.0,0.0,0.0,95.0,0.0,0.0,0.0,100.0,72.0
NJ,2020,26,37,2020-09-13,95.0,0.0,0.0,95.0,0.0,0.0,0.0,100.0,82.0
NJ,2020,27,38,2020-09-20,95.0,0.0,0.0,95.0,27.0,0.0,0.0,100.0,99.0
NJ,2020,28,39,2020-09-27,95.0,0.0,0.0,95.0,79.0,0.0,0.0,100.0,99.0
NJ,2020,29,40,2020-10-04,95.0,68.0,55.0,95.0,90.0,0.0,12.0,100.0,99.0
NJ,2020,30,41,2020-10-11,95.0,68.0,55.0,95.0,95.0,1.0,12.0,100.0,99.0
NJ,2020,31,42,2020-10-18,95.0,68.0,55.0,95.0,95.0,12.0,12.0,100.0,99.0
NJ,2020,32,43,2020-10-25,95.0,68.0,55.0,95.0,95.0,27.0,12.0,100.0,99.0
NJ,2020,33,44,2020-11-01,95.0,68.0,55.0,95.0,95.0,29.0,12.0,100.0,99.0
NJ,2020,34,45,2020-11-08,95.0,68.0,55.0,95.0,95.0,51.0,12.0,100.0,99.0
NJ,2020,35,46,2020-11-15,95.0,68.0,55.0,95.0,95.0,61.0,12.0,100.0,99.0
NJ,2020,36,47,2020-11-22,95.0,68.0,55.0,95.0,95.0,69.0,12.0,100.0,99.0
NJ,2020,37,48,2020-11-29,95.0,68.0,55.0,95.0,95.0,81.0,12.0,100.0,99.0
NJ,2021,8,19,2021-05-16,0.0,0.0,0.0,0.0,0.0,0.0,0.0,16.0,0.0
NJ,2021,9,20,2021-05-23,0.0,0.0,0.0,0.0,0.0,0.0,0.0,41.0,0.0
NJ,2021,10,21,2021-05-30,0.0,0.0,0.0,12.0,0.0,0.0,0.0,46.0,0.0
NJ,2021,11,22,2021-06-06,0.0,0.0,0.0,25.0,0.0,0.0,0.0,50.0,0.0
NJ,2021,12,23,2021-06-13,0.0,0.0,0.0,31.0,0.0,0.0,0.0,51.0,0.0
NJ,2021,13,24,2021-06-20,0.0,0.0,0.0,61.0,0.0,0.0,0.0,80.0,0.0
NJ,2021,14,25,2021-06-27,0.0,0.0,0.0,70.0,0.0,0.0,0.0,90.0,0.0
NJ,2021,15,26,2021-07-04,0.0,0.0,0.0,82.0,0.0,0.0,0.0,95.0,0.0
NJ,2021,16,27,2021-07-11,50.0,0.0,0.0,95.0,0.0,0.0,0.0,95.0,0.0
NJ,2021,17,28,2021-07-18,65.0,0.0,0.0,95.0,0.0,0.0,0.0,95.0,0.0
NJ,2021,18,29,2021-07-25,76.0,0.0,0.0,95.0,0.0,0.0,0.0,95.0,0.0
NJ,2021,19,30,2021-08-01,81.0,0.0,0.0,95.0,0.0,0.0,0.0,95.0,0.0
NJ,2021,20,31,2021-08-08,86.0,0.0,0.0,95.0,0.0,0.0,0.0,95.0,0.0
NJ,2021,21,32,2021-08-15,91.0,0.0,0.0,95.0,0.0,0.0,0.0,95.0,0.0
NJ,2021,22,33,2021-08-22,100.0,0.0,0.0,95.0,0.0,0.0,0.0,95.0,57.0
NJ,2021,23,34,2021-08-29,100.0,0.0,0.0,95.0,0.0,0.0,0.0,95.0,100.0
NJ,2021,24,35,2021-09-05,100.0,0.0,0.0,95.0,12.0,0.0,0.0,95.0,100.0
NJ,2021,25,36,2021-09-12,100.0,0.0,0.0,95.0,96.0,0.0,0.0,95.0,100.0
NJ,2021,26,37,2021-09-19,100.0,0.0,0.0,95.0,100.0,0.0,0.0,95.0,100.0
NJ,2021,27,38,2021-09-26,100.0,82.0,61.0,95.0,100.0,0.0,9.0,95.0,100.0
NJ,2021,28,39,2021-10-03,100.0,87.0,67.0,95.0,100.0,0.0,28.0,95.0,100.0
NJ,2021,29,40,2021-10-10,100.0,99.0,83.0,95.0,100.0,0.0,47.0,95.0,100.0
NJ,2021,30,41,2021-10-17,100.0,99.0,96.0,95.0,100.0,0.0,54.0,95.0,100.0
NJ,2021,31,42,2021-10-24,100.0,99.0,96.0,95.0,100.0,34.0,93.0,95.0,100.0
NJ,2021,32,43,2021-10-31,100.0,99.0,96.0,95.0,100.0,40.0,100.0,95.0,100.0
NJ,2021,33,44,2021-11-07,100.0,99.0,96.0,95.0,100.0,54.0,100.0,95.0,100.0
NJ,2021,34,45,2021-11-14,100.0,99.0,96.0,95.0,100.0,79.0,100.0,95.0,100.0
NJ,2021,35,46,2021-11-21,100.0,99.0,96.0,95.0,100.0,86.0,100.0,95.0,100.0
NJ,2021,36,47,2021-11-28,100.0,99.0,96.0,95.0,100.0,95.0,100.0,95.0,100.0
NJ,2022,8,19,2022-05-15,0.0,0.0,,0.0,0.0,0.0,0.0,25.0,0.0
NJ,2022,9,20,2022-05-22,0.0,0.0,,0.0,0.0,0.0,0.0,30.0,0.0
NJ,2022,10,21,2022-05-29,0.0,0.0,,0.0,0.0,0.0,0.0,71.0,0.0
NJ,2022,11,22,2022-06-05,0.0,0.0,,68.0,0.0,0.0,0.0,78.0,0.0
NJ,2022,12,23,2022-06-12,0.0,0.0,,77.0,0.0,0.0,0.0,81.0,0.0
NJ,2022,13,24,2022-06-19,0.0,0.0,,83.0,0.0,0.0,0.0,83.0,0.0
NJ,2022,14,25,2022-06-26,0.0,0.0,,83.0,0.0,0.0,0.0,84.0,0.0
NJ,2022,15,26,2022-07-03,0.0,0.0,,85.0,0.0,0.0,0.0,87.0,0.0
NJ,2022,16,27,2022-07-10,25.0,0.0,,89.0,0.0,0.0,0.0,97.0,0.0
NJ,2022,17,28,2022-07-17,45.0,0.0,,96.0,0.0,0.0,0.0,97.0,0.0
NJ,2022,18,29,2022-07-24,62.0,0.0,,96.0,0.0,0.0,0.0,97.0,0.0
NJ,2022,19,30,2022-07-31,82.0,0.0,,96.0,0.0,0.0,0.0,97.0,0.0
NJ,2022,20,31,2022-08-07,85.0,0.0,,96.0,0.0,0.0,0.0,97.0,0.0
NJ,2022,21,32,2022-08-14,95.0,0.0,,96.0,0.0,0.0,0.0,97.0,0.0
NJ,2022,24,35,2022-09-04,95.0,0.0,,96.0,0.0,0.0,0.0,97.0,91.0
NJ,2022,25,36,2022-09-11,95.0,0.0,,96.0,60.0,0.0,0.0,97.0,98.0
NJ,2022,26,37,2022-09-18,95.0,0.0,,96.0,82.0,0.0,0.0,97.0,98.0
NJ,2022,27,38,2022-09-25,95.0,0.0,,96.0,100.0,0.0,0.0,97.0,98.0
NJ,2022,28,39,2022-10-02,95.0,98.0,,96.0,100.0,0.0,0.0,97.0,98.0
NJ,2022,29,40,2022-10-09,95.0,100.0,,96.0,100.0,11.0,63.0,97.0,98.0
NJ,2022,30,41,2022-10-16,95.0,100.0,,96.0,100.0,24.0,79.0,97.0,98.0
NJ,2022,31,42,2022-10-23,95.0,100.0,,96.0,100.0,33.0,89.0,97.0,98.0
NJ,2022,32,43,2022-10-30,95.0,100.0,,96.0,100.0,47.0,97.0,97.0,98.0
NJ,2022,33,44,2022-11-06,95.0,100.0,,96.0,100.0,60.0,97.0,97.0,98.0
NJ,2022,34,45,2022-11-13,95.0,100.0,,96.0,100.0,87.0,97.0,97.0,98.0
NJ,2022,35,46,2022-11-20,95.0,100.0,,96.0,100.0,91.0,97.0,97.0,98.0
NJ,2022,36,47,2022-11-27,95.0,100.0,,96.0,100.0,99.0,97.0,97.0,98.0
NJ,2023,7,18,2023-05-07,0.0,0.0,0.0,0.0,0.0,0.0,0.0,5.0,0.0
NJ,2023,8,19,2023-05-14,0.0,0.0,0.0,0.0,0.0,0.0,0.0,20.0,0.0
NJ,2023,9,20,2023-05-21,0.0,0.0,0.0,0.0,0.0,0.0,0.0,33.0,0.0
NJ,2023,10,21,2023-05-28,0.0,0.0,0.0,0.0,0.0,0.0,0.0,65.0,0.0
NJ,2023,11,22,2023-06-04,0.0,0.0,0.0,15.0,0.0,0.0,0.0,85.0,0.0
NJ,2023,12,23,2023-06-11,0.0,0.0,0.0,36.0,0.0,0.0,0.0,90.0,0.0
NJ,2023,13,24,2023-06-18,0.0,0.0,0.0,55.0,0.0,0.0,0.0,95.0,0.0
NJ,2023,14,25,2023-06-25,0.0,0.0,0.0,75.0,0.0,0.0,0.0,95.0,0.0
NJ,2023,15,26,2023-07-02,0.0,0.0,0.0,90.0,0.0,0.0,0.0,95.0,0.0
NJ,2023,16,27,2023-07-09,13.0,0.0,0.0,92.0,0.0,0.0,0.0,95.0,0.0
NJ,2023,17,28,2023-07-16,27.0,0.0,0.0,96.0,0.0,0.0,0.0,95.0,0.0
NJ,2023,18,29,2023-07-23,47.0,0.0,0.0,96.0,0.0,0.0,0.0,95.0,0.0
NJ,2023,19,30,2023-07-30,64.0,0.0,0.0,96.0,0.0,0.0,0.0,95.0,0.0
NJ,2023,20,31,2023-08-06,70.0,0.0,0.0,96.0,0.0,0.0,0.0,95.0,0.0
NJ,2023,21,32,2023-08-13,71.0,0.0,0.0,96.0,0.0,0.0,0.0,95.0,0.0
NJ,2023,22,33,2023-08-20,76.0,0.0,0.0,96.0,0.0,0.0,0.0,95.0,0.0
NJ,2023,23,34,2023-08-27,91.0,0.0,0.0,96.0,0.0,0.0,0.0,95.0,5.0
NJ,2023,24,35,2023-09-03,95.0,0.0,0.0,96.0,6.0,0.0,0.0,95.0,23.0
NJ,2023,25,36,2023-09-10,95.0,0.0,0.0,96.0,26.0,0.0,0.0,95.0,66.0
NJ,2023,26,37,2023-09-17,95.0,0.0,0.0,96.0,35.0,0.0,0.0,95.0,71.0
NJ,2023,27,38,2023-09-24,95.0,0.0,0.0,96.0,60.0,0.0,0.0,95.0,95.0
NJ,2023,28,39,2023-10-01,95.0,0.0,0.0,96.0,62.0,0.0,0.0,95.0,100.0
NJ,2023,29,40,2023-10-08,95.0,24.0,20.0,96.0,78.0,0.0,7.0,95.0,100.0
NJ,2023,30,41,2023-10-15,95.0,85.0,80.0,96.0,95.0,5.0,23.0,95.0,100.0
NJ,2023,31,42,2023-10-22,95.0,90.0,85.0,96.0,95.0,20.0,50.0,95.0,100.0
NJ,2023,32,43,2023-10-29,95.0,95.0,90.0,96.0,95.0,45.0,64.0,95.0,100.0
NJ,2023,33,44,2023-11-05,95.0,95.0,95.0,96.0,95.0,65.0,80.0,95.0,100.0
NJ,2023,34,45,2023-11-12,95.0,95.0,95.0,96.0,95.0,70.0,85.0,95.0,100.0
NJ,2023,35,46,2023-11-19,95.0,95.0,95.0,96.0,95.0,84.0,95.0,95.0,100.0
NJ,2023,36,47,2023-11-26,95.0,95.0,95.0,96.0,95.0,92.0,95.0,95.0,100.0
NJ,2024,7,18,2024-05-05,0.0,0.0,0.0,0.0,0.0,0.0,0.0,2.0,0.0
NJ,2024,8,19,2024-05-12,0.0,0.0,0.0,0.0,0.0,0.0,0.0,12.0,0.0
NJ,2024,9,20,2024-05-19,0.0,0.0,0.0,0.0,0.0,0.0,0.0,31.0,0.0
NJ,2024,10,21,2024-05-26,0.0,0.0,0.0,0.0,0.0,0.0,0.0,47.0,0.0
NJ,2024,11,22,2024-06-02,0.0,0.0,0.0,8.0,0.0,0.0,0.0,65.0,0.0
NJ,2024,12,23,2024-06-09,0.0,0.0,0.0,33.0,0.0,0.0,0.0,80.0,0.0
NJ,2024,13,24,2024-06-16,0.0,0.0,0.0,50.0,0.0,0.0,0.0,85.0,0.0
NJ,2024,14,25,2024-06-23,0.0,0.0,0.0,60.0,0.0,0.0,0.0,95.0,0.0
NJ,2024,15,26,2024-06-30,0.0,0.0,0.0,75.0,0.0,0.0,0.0,95.0,0.0
NJ,2024,16,27,2024-07-07,8.0,0.0,0.0,85.0,0.0,0.0,0.0,95.0,0.0
NJ,2024,17,28,2024-07-14,26.0,0.0,0.0,92.0,0.0,0.0,0.0,95.0,0.0
NJ,2024,18,29,2024-07-21,40.0,0.0,0.0,95.0,0.0,0.0,0.0,95.0,0.0
NJ,2024,19,30,2024-07-28,59.0,0.0,0.0,95.0,0.0,0.0,0.0,95.0,0.0
NJ,2024,20,31,2024-08-04,75.0,0.0,0.0,95.0,0.0,0.0,0.0,95.0,0.0
NJ,2024,21,32,2024-08-11,78.0,0.0,0.0,95.0,0.0,0.0,0.0,95.0,0.0
NJ,2024,22,33,2024-08-18,82.0,0.0,0.0,95.0,0.0,0.0,0.0,95.0,0.0
NJ,2024,23,34,2024-08-25,87.0,0.0,0.0,95.0,0.0,0.0,0.0,95.0,20.0
NJ,2024,24,35,2024-09-01,97.0,0.0,0.0,95.0,16.0,0.0,0.0,95.0,39.0
NJ,2024,25,36,2024-09-08,97.0,5.0,0.0,95.0,33.0,0.0,0.0,95.0,52.0
NJ,2024,26,37,2024-09-15,97.0,27.0,7.0,95.0,50.0,0.0,0.0,95.0,69.0
NJ,2024,27,38,2024-09-22,97.0,40.0,20.0,95.0,63.0,0.0,0.0,95.0,81.0
NJ,2024,28,39,2024-09-29,97.0,51.0,33.0,95.0,76.0,0.0,9.0,95.0,84.0
NJ,2024,29,40,2024-10-06,97.0,63.0,47.0,95.0,80.0,0.0,24.0,95.0,88.0
NJ,2024,30,41,2024-10-13,97.0,73.0,60.0,95.0,90.0,8.0,41.0,95.0,95.0
NJ,2024,31,42,2024-10-20,97.0,80.0,69.0,95.0,95.0,24.0,54.0,95.0,95.0
NJ,2024,32,43,2024-10-27,97.0,90.0,75.0,95.0,95.0,36.0,68.0,95.0,95.0
NJ,2024,33,44,2024-11-03,97.0,95.0,82.0,95.0,95.0,53.0,71.0,95.0,95.0
NJ,2024,34,45,2024-11-10,97.0,95.0,90.0,95.0,95.0,64.0,74.0,95.0,95.0
NJ,2024,35,46,2024-11-17,97.0,95.0,93.0,95.0,95.0,72.0,77.0,95.0,95.0
NJ,2024,36,47,2024-11-24,97.0,95.0,95.0,95.0,95.0,74.0,82.0,95.0,95.0
NJ,2025,7,18,2025-05-04,0.0,0.0,0.0,0.0,0.0,0.0,0.0,5.0,0.0
NJ,2025,8,19,2025-05-11,0.0,0.0,0.0,0.0,0.0,0.0,0.0,18.0,0.0
NJ,2025,9,20,2025-05-18,0.0,0.0,0.0,7.0,0.0,0.0,0.0,29.0,0.0
NJ,2025,10,21,2025-05-25,0.0,0.0,0.0,25.0,0.0,0.0,0.0,55.0,0.0
NJ,2025,11,22,2025-06-01,0.0,0.0,0.0,40.0,0.0,0.0,0.0,60.0,0.0
NJ,2025,12,23,2025-06-08,0.0,0.0,0.0,54.0,0.0,0.0,0.0,70.0,0.0
NJ,2025,13,24,2025-06-15,0.0,0.0,0.0,65.0,0.0,0.0,0.0,80.0,0.0
NJ,2025,14,25,2025-06-22,0.0,0.0,0.0,81.0,0.0,0.0,0.0,92.0,0.0
NJ,2025,15,26,2025-06-29,1.0,0.0,0.0,85.0,0.0,0.0,0.0,94.0,0.0
NJ,2025,16,27,2025-07-06,1.0,0.0,0.0,90.0,0.0,0.0,0.0,98.0,0.0
NJ,2025,17,28,2025-07-13,10.0,0.0,0.0,96.0,0.0,0.0,0.0,98.0,0.0
NJ,2025,18,29,2025-07-20,25.0,0.0,0.0,96.0,0.0,0.0,0.0,98.0,0.0
NJ,2025,19,30,2025-07-27,45.0,0.0,0.0,96.0,0.0,0.0,0.0,98.0,1.0
NJ,2025,20,31,2025-08-03,60.0,0.0,0.0,96.0,0.0,0.0,0.0,98.0,14.0
NJ,2025,21,32,2025-08-10,70.0,0.0,0.0,96.0,0.0,0.0,0.0,98.0,31.0
NJ,2025,22,33,2025-08-17,80.0,0.0,0.0,96.0,3.0,0.0,0.0,98.0,46.0
NJ,2025,23,34,2025-08-24,85.0,0.0,0.0,96.0,5.0,0.0,0.0,98.0,56.0
NJ,2025,24,35,2025-08-31,95.0,0.0,0.0,96.0,10.0,0.0,0.0,98.0,76.0
NJ,2025,25,36,2025-09-07,95.0,1.0,0.0,96.0,28.0,0.0,0.0,98.0,80.0
NJ,2025,26,37,2025-09-14,95.0,20.0,0.0,96.0,45.0,0.0,0.0,98.0,90.0
NJ,2025,27,38,2025-09-21,95.0,35.0,11.0,96.0,60.0,0.0,0.0,98.0,95.0
NJ,2025,28,39,2025-09-28,95.0,55.0,24.0,96.0,80.0,0.0,4.0,98.0,95.0
NJ,2025,35,46,2025-11-16,95.0,100.0,99.0,96.0,80.0,81.0,96.0,98.0,95.0
NJ,2025,36,47,2025-11-23,95.0,100.0,99.0,96.0,80.0,90.0,96.0,98.0,95.0
NY,2016,5,16,2016-04-24,0.0,,0.0,0.0,,0.0,,0.0,0.0
NY,2016,6,17,2016-05-01,0.0,,0.0,0.0,,0.0,,1.0,0.0
NY,2016,7,18,2016-05-08,0.0,,0.0,0.0,,0.0,,2.0,0.0
NY,2016,8,19,2016-05-15,0.0,,0.0,0.0,,0.0,,13.0,0.0
NY,2016,9,20,2016-05-22,0.0,,0.0,2.0,,0.0,,21.0,0.0
NY,2016,10,21,2016-05-29,0.0,,0.0,14.0,,0.0,,53.0,0.0
NY,2016,11,22,2016-06-05,0.0,,0.0,46.0,,0.0,,70.0,0.0
NY,2016,12,23,2016-06-12,0.0,,0.0,60.0,,0.0,,84.0,0.0
NY,2016,13,24,2016-06-19,0.0,,0.0,71.0,,0.0,,93.0,0.0
NY,2016,14,25,2016-06-26,1.0,,0.0,84.0,,0.0,,96.0,0.0
NY,2016,15,26,2016-07-03,3.0,,0.0,92.0,,0.0,,96.0,0.0
NY,2016,16,27,2016-07-10,22.0,,0.0,94.0,,0.0,,96.0,0.0
NY,2016,17,28,2016-07-17,25.0,,0.0,96.0,,0.0,,96.0,0.0
NY,2016,18,29,2016-07-24,38.0,,0.0,96.0,,0.0,,96.0,9.0
NY,2016,19,30,2016-07-31,53.0,,0.0,96.0,,0.0,,96.0,30.0
NY,2016,20,31,2016-08-07,67.0,,0.0,96.0,,0.0,,96.0,43.0
NY,2016,21,32,2016-08-14,78.0,,0.0,96.0,,0.0,,96.0,55.0
NY,2016,22,33,2016-08-21,94.0,,0.0,96.0,,0.0,,96.0,64.0
NY,2016,23,34,2016-08-28,95.0,,2.0,96.0,,0.0,,96.0,79.0
NY,2016,24,35,2016-09-04,95.0,,17.0,96.0,,0.0,,96.0,90.0
NY,2016,25,36,2016-09-11,95.0,,29.0,96.0,,0.0,,96.0,93.0
NY,2016,26,37,2016-09-18,95.0,,46.0,96.0,,0.0,,96.0,95.0
NY,2016,27,38,2016-09-25,95.0,,65.0,96.0,,2.0,,96.0,95.0
NY,2016,28,39,2016-10-02,95.0,,76.0,96.0,,11.0,,96.0,95.0
NY,2016,29,40,2016-10-09,95.0,,87.0,96.0,,24.0,,96.0,95.0
NY,2016,30,41,2016-10-16,95.0,,89.0,96.0,,39.0,,96.0,95.0
NY,2016,31,42,2016-10-23,95.0,,95.0,96.0,,52.0,,96.0,95.0
NY,2016,32,43,2016-10-30,95.0,,95.0,96.0,,62.0,,96.0,95.0
NY,2016,33,44,2016-11-06,95.0,,95.0,96.0,,73.0,,96.0,95.0
NY,2016,34,45,2016-11-13,95.0,,95.0,96.0,,86.0,,96.0,95.0
NY,2016,35,46,2016-11-20,95.0,,95.0,96.0,,90.0,,96.0,95.0
NY,2016,36,47,2016-11-27,95.0,,95.0,96.0,,91.0,,96.0,95.0
NY,2017,7,18,2017-05-07,0.0,,0.0,0.0,,0.0,,0.0,0.0
NY,2017,8,19,2017-05-14,0.0,,0.0,0.0,,0.0,,0.0,0.0
NY,2017,9,20,2017-05-21,0.0,,0.0,0.0,,0.0,,6.0,0.0
NY,2017,10,21,2017-05-28,0.0,,0.0,2.0,,0.0,,16.0,0.0
NY,2017,11,22,2017-06-04,0.0,,0.0,6.0,,0.0,,23.0,0.0
NY,2017,12,23,2017-06-11,0.0,,0.0,24.0,,0.0,,50.0,0.0
NY,2017,13,24,2017-06-18,0.0,,0.0,41.0,,0.0,,68.0,0.0
NY,2017,14,25,2017-06-25,0.0,,0.0,65.0,,0.0,,76.0,0.0
NY,2017,15,26,2017-07-02,0.0,,0.0,74.0,,0.0,,82.0,0.0
NY,2017,16,27,2017-07-09,2.0,,0.0,82.0,,0.0,,88.0,0.0
NY,2017,17,28,2017-07-16,18.0,,0.0,97.0,,0.0,,98.0,4.0
NY,2017,18,29,2017-07-23,25.0,,0.0,98.0,,0.0,,100.0,5.0
NY,2017,19,30,2017-07-30,32.0,,0.0,99.0,,0.0,,100.0,23.0
NY,2017,20,31,2017-08-06,42.0,,0.0,100.0,,0.0,,100.0,25.0
NY,2017,21,32,2017-08-13,53.0,,0.0,100.0,,0.0,,100.0,34.0
NY,2017,22,33,2017-08-20,58.0,,0.0,100.0,,0.0,,100.0,36.0
NY,2017,23,34,2017-08-27,66.0,,0.0,100.0,,0.0,,100.0,45.0
NY,2017,24,35,2017-09-03,84.0,,1.0,100.0,,0.0,,100.0,66.0
NY,2017,25,36,2017-09-10,85.0,,3.0,100.0,,0.0,,100.0,69.0
NY,2017,26,37,2017-09-17,92.0,,8.0,100.0,,0.0,,100.0,74.0
NY,2017,27,38,2017-09-24,96.0,,31.0,100.0,,0.0,,100.0,90.0
NY,2017,28,39,2017-10-01,100.0,,48.0,100.0,,7.0,,100.0,94.0
NY,2017,29,40,2017-10-08,100.0,,72.0,100.0,,14.0,,100.0,96.0
NY,2017,30,41,2017-10-15,100.0,,82.0,100.0,,20.0,,100.0,100.0
NY,2017,31,42,2017-10-22,100.0,,91.0,100.0,,37.0,,100.0,100.0
NY,2017,32,43,2017-10-29,100.0,,95.0,100.0,,64.0,,100.0,100.0
NY,2017,33,44,2017-11-05,100.0,,96.0,100.0,,72.0,,100.0,100.0
NY,2017,34,45,2017-11-12,100.0,,97.0,100.0,,75.0,,100.0,100.0
NY,2017,35,46,2017-11-19,100.0,,100.0,100.0,,86.0,,100.0,100.0
NY,2017,36,47,2017-11-26,100.0,,100.0,100.0,,93.0,,100.0,100.0
NY,2018,8,19,2018-05-13,0.0,,0.0,0.0,,0.0,,5.0,0.0
NY,2018,9,20,2018-05-20,0.0,,0.0,0.0,,0.0,,11.0,0.0
NY,2018,10,21,2018-05-27,0.0,,0.0,11.0,,0.0,,32.0,0.0
NY,2018,11,22,2018-06-03,0.0,,0.0,25.0,,0.0,,61.0,0.0
NY,2018,12,23,2018-06-10,0.0,,0.0,47.0,,0.0,,81.0,0.0
NY,2018,13,24,2018-06-17,0.0,,0.0,59.0,,0.0,,89.0,0.0
NY,2018,14,25,2018-06-24,0.0,,0.0,69.0,,0.0,,93.0,0.0
NY,2018,15,26,2018-07-01,5.0,,0.0,87.0,,0.0,,96.0,0.0
NY,2018,16,27,2018-07-08,12.0,,0.0,94.0,,0.0,,98.0,0.0
NY,2018,17,28,2018-07-15,22.0,,0.0,95.0,,0.0,,99.0,0.0
NY,2018,18,29,2018-07-22,38.0,,0.0,97.0,,0.0,,100.0,5.0
NY,2018,19,30,2018-07-29,58.0,,0.0,100.0,,0.0,,100.0,21.0
NY,2018,20,31,2018-08-05,75.0,,0.0,100.0,,0.0,,100.0,43.0
NY,2018,21,32,2018-08-12,80.0,,0.0,100.0,,0.0,,100.0,51.0
NY,2018,22,33,2018-08-19,86.0,,0.0,100.0,,0.0,,100.0,59.0
NY,2018,23,34,2018-08-26,90.0,,0.0,100.0,,0.0,,100.0,66.0
NY,2018,24,35,2018-09-02,94.0,,5.0,100.0,,0.0,,100.0,86.0
NY,2018,25,36,2018-09-09,96.0,,13.0,100.0,,0.0,,100.0,94.0
NY,2018,26,37,2018-09-16,97.0,,26.0,100.0,,0.0,,100.0,95.0
NY,2018,27,38,2018-09-23,99.0,,45.0,100.0,,0.0,,100.0,96.0
NY,2018,28,39,2018-09-30,100.0,,74.0,100.0,,7.0,,100.0,99.0
NY,2018,29,40,2018-10-07,100.0,,82.0,100.0,,17.0,,100.0,100.0
NY,2018,30,41,2018-10-14,100.0,,90.0,100.0,,23.0,,100.0,100.0
NY,2018,31,42,2018-10-21,100.0,,94.0,100.0,,39.0,,100.0,100.0
NY,2018,32,43,2018-10-28,100.0,,95.0,100.0,,53.0,,100.0,100.0
NY,2018,33,44,2018-11-04,100.0,,96.0,100.0,,58.0,,100.0,100.0
NY,2018,34,45,2018-11-11,100.0,,97.0,100.0,,64.0,,100.0,100.0
NY,2018,35,46,2018-11-18,100.0,,97.0,100.0,,71.0,,100.0,100.0
NY,2018,36,47,2018-11-25,100.0,,97.0,100.0,,79.0,,100.0,100.0
NY,2019,7,18,2019-05-05,0.0,,0.0,0.0,,0.0,,0.0,
NY,2019,8,19,2019-05-12,0.0,,0.0,0.0,,0.0,,1.0,
NY,2019,9,20,2019-05-19,0.0,,0.0,0.0,,0.0,,1.0,
NY,2019,10,21,2019-05-26,0.0,,0.0,0.0,,0.0,,8.0,
NY,2019,11,22,2019-06-02,0.0,,0.0,0.0,,0.0,,16.0,
NY,2019,12,23,2019-06-09,0.0,,0.0,5.0,,0.0,,37.0,
NY,2019,13,24,2019-06-16,0.0,,0.0,21.0,,0.0,,50.0,
NY,2019,14,25,2019-06-23,0.0,,0.0,35.0,,0.0,,66.0,
NY,2019,15,26,2019-06-30,0.0,,0.0,48.0,,0.0,,71.0,
NY,2019,16,27,2019-07-07,0.0,,0.0,68.0,,0.0,,84.0,
NY,2019,17,28,2019-07-14,2.0,,0.0,77.0,,0.0,,86.0,
NY,2019,18,29,2019-07-21,14.0,,0.0,82.0,,0.0,,89.0,
NY,2019,19,30,2019-07-28,24.0,,0.0,87.0,,0.0,,92.0,
NY,2019,20,31,2019-08-04,29.0,,0.0,88.0,,0.0,,94.0,
NY,2019,21,32,2019-08-11,52.0,,0.0,95.0,,0.0,,98.0,
NY,2019,22,33,2019-08-18,59.0,,0.0,96.0,,0.0,,100.0,
NY,2019,23,34,2019-08-25,65.0,,0.0,100.0,,0.0,,100.0,
NY,2019,24,35,2019-09-01,72.0,,0.0,100.0,,0.0,,100.0,
NY,2019,25,36,2019-09-08,81.0,,4.0,100.0,,0.0,,100.0,
NY,2019,26,37,2019-09-15,83.0,,9.0,100.0,,0.0,,100.0,
NY,2019,27,38,2019-09-22,91.0,,24.0,100.0,,0.0,,100.0,
NY,2019,28,39,2019-09-29,93.0,,43.0,100.0,,3.0,,100.0,
NY,2019,29,40,2019-10-06,96.0,,68.0,100.0,,8.0,,100.0,
NY,2019,30,41,2019-10-13,97.0,,80.0,100.0,,14.0,,100.0,
NY,2019,31,42,2019-10-20,100.0,,86.0,100.0,,20.0,,100.0,
NY,2019,32,43,2019-10-27,100.0,,91.0,100.0,,37.0,,100.0,
NY,2019,33,44,2019-11-03,100.0,,92.0,100.0,,53.0,,100.0,
NY,2019,34,45,2019-11-10,100.0,,95.0,100.0,,65.0,,100.0,
NY,2019,35,46,2019-11-17,100.0,,96.0,100.0,,75.0,,100.0,
NY,2019,36,47,2019-11-24,100.0,,97.0,100.0,,82.0,,100.0,
NY,2019,37,48,2019-12-01,100.0,,100.0,100.0,,87.0,,100.0,
NY,2020,7,18,2020-05-03,0.0,,0.0,0.0,,0.0,,0.0,0.0
NY,2020,8,19,2020-05-10,0.0,,0.0,0.0,,0.0,,2.0,0.0
NY,2020,9,20,2020-05-17,0.0,,0.0,0.0,,0.0,,5.0,0.0
NY,2020,10,21,2020-05-24,0.0,,0.0,4.0,,0.0,,23.0,0.0
NY,2020,11,22,2020-05-31,0.0,,0.0,10.0,,0.0,,42.0,0.0
NY,2020,12,23,2020-06-07,0.0,,0.0,33.0,,0.0,,60.0,0.0
NY,2020,13,24,2020-06-14,0.0,,0.0,56.0,,0.0,,77.0,0.0
NY,2020,14,25,2020-06-21,3.0,,0.0,72.0,,0.0,,89.0,0.0
NY,2020,15,26,2020-06-28,9.0,,0.0,83.0,,0.0,,93.0,0.0
NY,2020,16,27,2020-07-05,13.0,,0.0,92.0,,0.0,,95.0,0.0
NY,2020,17,28,2020-07-12,23.0,,0.0,94.0,,0.0,,97.0,12.0
NY,2020,18,29,2020-07-19,38.0,,0.0,96.0,,0.0,,99.0,16.0
NY,2020,19,30,2020-07-26,45.0,,0.0,99.0,,0.0,,100.0,23.0
NY,2020,20,31,2020-08-02,57.0,,0.0,100.0,,0.0,,100.0,36.0
NY,2020,21,32,2020-08-09,67.0,,0.0,100.0,,0.0,,100.0,42.0
NY,2020,22,33,2020-08-16,70.0,,0.0,100.0,,0.0,,100.0,46.0
NY,2020,23,34,2020-08-23,76.0,,0.0,100.0,,0.0,,100.0,57.0
NY,2020,24,35,2020-08-30,78.0,,4.0,100.0,,0.0,,100.0,65.0
NY,2020,25,36,2020-09-06,89.0,,18.0,100.0,,0.0,,100.0,79.0
NY,2020,26,37,2020-09-13,93.0,,33.0,100.0,,0.0,,100.0,84.0
NY,2020,27,38,2020-09-20,95.0,,51.0,100.0,,2.0,,100.0,90.0
NY,2020,28,39,2020-09-27,98.0,,66.0,100.0,,8.0,,100.0,93.0
NY,2020,29,40,2020-10-04,99.0,,79.0,100.0,,22.0,,100.0,95.0
NY,2020,30,41,2020-10-11,100.0,,88.0,100.0,,34.0,,100.0,96.0
NY,2020,31,42,2020-10-18,100.0,,92.0,100.0,,47.0,,100.0,98.0
NY,2020,32,43,2020-10-25,100.0,,93.0,100.0,,59.0,,100.0,98.0
NY,2020,33,44,2020-11-01,100.0,,97.0,100.0,,71.0,,100.0,99.0
NY,2020,34,45,2020-11-08,100.0,,98.0,100.0,,77.0,,100.0,100.0
NY,2020,35,46,2020-11-15,100.0,,99.0,100.0,,81.0,,100.0,100.0
NY,2020,36,47,2020-11-22,100.0,,100.0,100.0,,85.0,,100.0,100.0
NY,2020,37,48,2020-11-29,100.0,,100.0,100.0,,88.0,,100.0,100.0
NY,2021,6,17,2021-05-02,0.0,,0.0,0.0,,0.0,,1.0,0.0
NY,2021,7,18,2021-05-09,0.0,,0.0,0.0,,0.0,,3.0,0.0
NY,2021,8,19,2021-05-16,0.0,,0.0,0.0,,0.0,,15.0,0.0
NY,2021,9,20,2021-05-23,0.0,,0.0,2.0,,0.0,,42.0,0.0
NY,2021,10,21,2021-05-30,0.0,,0.0,30.0,,0.0,,69.0,0.0
NY,2021,11,22,2021-06-06,0.0,,0.0,56.0,,0.0,,80.0,0.0
NY,2021,12,23,2021-06-13,0.0,,0.0,71.0,,0.0,,90.0,0.0
NY,2021,13,24,2021-06-20,0.0,,0.0,85.0,,0.0,,95.0,0.0
NY,2021,14,25,2021-06-27,21.0,,0.0,93.0,,0.0,,95.0,0.0
NY,2021,15,26,2021-07-04,26.0,,0.0,96.0,,0.0,,95.0,0.0
NY,2021,16,27,2021-07-11,50.0,,0.0,96.0,,0.0,,95.0,0.0
NY,2021,17,28,2021-07-18,55.0,,0.0,96.0,,0.0,,95.0,28.0
NY,2021,18,29,2021-07-25,57.0,,0.0,96.0,,0.0,,95.0,35.0
NY,2021,19,30,2021-08-01,66.0,,0.0,96.0,,0.0,,95.0,41.0
NY,2021,20,31,2021-08-08,73.0,,0.0,96.0,,0.0,,95.0,50.0
NY,2021,21,32,2021-08-15,81.0,,0.0,96.0,,0.0,,95.0,55.0
NY,2021,22,33,2021-08-22,92.0,,0.0,96.0,,0.0,,95.0,71.0
NY,2021,23,34,2021-08-29,95.0,,0.0,96.0,,0.0,,95.0,74.0
NY,2021,24,35,2021-09-05,95.0,,0.0,96.0,,0.0,,95.0,84.0
NY,2021,25,36,2021-09-12,95.0,,0.0,96.0,,0.0,,95.0,89.0
NY,2021,26,37,2021-09-19,95.0,,10.0,96.0,,0.0,,95.0,96.0
NY,2021,27,38,2021-09-26,95.0,,52.0,96.0,,0.0,,95.0,96.0
NY,2021,28,39,2021-10-03,95.0,,75.0,96.0,,7.0,,95.0,96.0
NY,2021,29,40,2021-10-10,95.0,,88.0,96.0,,25.0,,95.0,96.0
NY,2021,30,41,2021-10-17,95.0,,91.0,96.0,,52.0,,95.0,96.0
NY,2021,31,42,2021-10-24,95.0,,97.0,96.0,,58.0,,95.0,96.0
NY,2021,32,43,2021-10-31,95.0,,97.0,96.0,,64.0,,95.0,96.0
NY,2021,33,44,2021-11-07,95.0,,97.0,96.0,,67.0,,95.0,96.0
NY,2021,34,45,2021-11-14,95.0,,97.0,96.0,,78.0,,95.0,96.0
NY,2021,35,46,2021-11-21,95.0,,97.0,96.0,,87.0,,95.0,96.0
NY,2021,36,47,2021-11-28,95.0,,97.0,96.0,,91.0,,95.0,96.0
NY,2022,7,18,2022-05-08,0.0,,0.0,0.0,0.0,0.0,,1.0,0.0
NY,2022,8,19,2022-05-15,0.0,,0.0,0.0,0.0,0.0,,27.0,0.0
NY,2022,9,20,2022-05-22,0.0,,0.0,0.0,0.0,0.0,,41.0,0.0
NY,2022,10,21,2022-05-29,0.0,,0.0,5.0,0.0,0.0,,56.0,0.0
NY,2022,11,22,2022-06-05,0.0,,0.0,33.0,0.0,0.0,,74.0,0.0
NY,2022,12,23,2022-06-12,0.0,,0.0,65.0,0.0,0.0,,85.0,0.0
NY,2022,13,24,2022-06-19,0.0,,0.0,78.0,0.0,0.0,,93.0,0.0
NY,2022,14,25,2022-06-26,0.0,,0.0,89.0,0.0,0.0,,99.0,0.0
NY,2022,15,26,2022-07-03,2.0,,0.0,96.0,0.0,0.0,,99.0,0.0
NY,2022,16,27,2022-07-10,10.0,,0.0,96.0,0.0,0.0,,99.0,0.0
NY,2022,17,28,2022-07-17,43.0,,0.0,96.0,0.0,0.0,,99.0,5.0
NY,2022,18,29,2022-07-24,62.0,,0.0,96.0,0.0,0.0,,99.0,27.0
NY,2022,19,30,2022-07-31,70.0,,0.0,96.0,0.0,0.0,,99.0,38.0
NY,2022,20,31,2022-08-07,86.0,,0.0,96.0,0.0,0.0,,99.0,53.0
NY,2022,21,32,2022-08-14,91.0,,0.0,96.0,0.0,0.0,,99.0,65.0
NY,2022,22,33,2022-08-21,94.0,,0.0,96.0,0.0,0.0,,99.0,72.0
NY,2022,23,34,2022-08-28,96.0,,0.0,96.0,8.0,0.0,,99.0,79.0
NY,2022,24,35,2022-09-04,96.0,,2.0,96.0,46.0,0.0,,99.0,91.0
NY,2022,25,36,2022-09-11,96.0,,17.0,96.0,59.0,0.0,,99.0,96.0
NY,2022,26,37,2022-09-18,96.0,,33.0,96.0,74.0,0.0,,99.0,97.0
NY,2022,27,38,2022-09-25,96.0,,42.0,96.0,79.0,8.0,,99.0,98.0
NY,2022,28,39,2022-10-02,96.0,,68.0,96.0,86.0,14.0,,99.0,98.0
NY,2022,29,40,2022-10-09,96.0,,80.0,96.0,92.0,29.0,,99.0,98.0
NY,2022,30,41,2022-10-16,96.0,,90.0,96.0,95.0,44.0,,99.0,98.0
NY,2022,31,42,2022-10-23,96.0,,94.0,96.0,97.0,59.0,,99.0,98.0
NY,2022,32,43,2022-10-30,96.0,,98.0,96.0,100.0,74.0,,99.0,98.0
NY,2022,33,44,2022-11-06,96.0,,98.0,96.0,100.0,86.0,,99.0,98.0
NY,2022,34,45,2022-11-13,96.0,,98.0,96.0,100.0,92.0,,99.0,98.0
NY,2022,35,46,2022-11-20,96.0,,98.0,96.0,100.0,95.0,,99.0,98.0
NY,2023,7,18,2023-05-07,0.0,,0.0,0.0,,0.0,,1.0,0.0
NY,2023,8,19,2023-05-14,0.0,,0.0,0.0,,0.0,,5.0,0.0
NY,2023,9,20,2023-05-21,0.0,,0.0,0.0,,0.0,,27.0,0.0
NY,2023,10,21,2023-05-28,0.0,,0.0,0.0,,0.0,,59.0,0.0
NY,2023,11,22,2023-06-04,0.0,,0.0,30.0,,0.0,,75.0,0.0
NY,2023,12,23,2023-06-11,0.0,,0.0,51.0,,0.0,,90.0,0.0
NY,2023,13,24,2023-06-18,0.0,,0.0,70.0,,0.0,,95.0,0.0
NY,2023,14,25,2023-06-25,0.0,,0.0,88.0,,0.0,,95.0,0.0
NY,2023,15,26,2023-07-02,5.0,,0.0,94.0,,0.0,,95.0,0.0
NY,2023,16,27,2023-07-09,7.0,,0.0,95.0,,0.0,,95.0,0.0
NY,2023,17,28,2023-07-16,22.0,,0.0,96.0,,0.0,,95.0,3.0
NY,2023,18,29,2023-07-23,29.0,,0.0,97.0,,0.0,,95.0,9.0
NY,2023,19,30,2023-07-30,43.0,,0.0,97.0,,0.0,,95.0,19.0
NY,2023,20,31,2023-08-06,50.0,,0.0,97.0,,0.0,,95.0,25.0
NY,2023,21,32,2023-08-13,58.0,,0.0,97.0,,0.0,,95.0,34.0
NY,2023,22,33,2023-08-20,70.0,,0.0,97.0,,0.0,,95.0,45.0
NY,2023,23,34,2023-08-27,73.0,,0.0,97.0,,0.0,,95.0,50.0
NY,2023,24,35,2023-09-03,82.0,,4.0,97.0,,0.0,,95.0,59.0
NY,2023,25,36,2023-09-10,87.0,,9.0,97.0,,0.0,,95.0,74.0
NY,2023,26,37,2023-09-17,93.0,,22.0,97.0,,0.0,,95.0,86.0
NY,2023,27,38,2023-09-24,96.0,,37.0,97.0,,0.0,,95.0,93.0
NY,2023,28,39,2023-10-01,96.0,,60.0,97.0,,5.0,,95.0,96.0
NY,2023,29,40,2023-10-08,96.0,,82.0,97.0,,24.0,,95.0,96.0
NY,2023,30,41,2023-10-15,96.0,,86.0,97.0,,32.0,,95.0,96.0
NY,2023,31,42,2023-10-22,96.0,,91.0,97.0,,50.0,,95.0,96.0
NY,2023,32,43,2023-10-29,96.0,,95.0,97.0,,67.0,,95.0,96.0
NY,2023,33,44,2023-11-05,96.0,,95.0,97.0,,81.0,,95.0,96.0
NY,2023,34,45,2023-11-12,96.0,,95.0,97.0,,88.0,,95.0,96.0
NY,2023,35,46,2023-11-19,96.0,,95.0,97.0,,94.0,,95.0,96.0
NY,2023,36,47,2023-11-26,96.0,,95.0,97.0,,97.0,,95.0,96.0
NY,2024,7,18,2024-05-05,0.0,,0.0,0.0,,0.0,,1.0,0.0
NY,2024,8,19,2024-05-12,0.0,,0.0,0.0,,0.0,,6.0,0.0
NY,2024,9,20,2024-05-19,0.0,,0.0,0.0,,0.0,,20.0,0.0
NY,2024,10,21,2024-05-26,0.0,,0.0,0.0,,0.0,,30.0,0.0
NY,2024,11,22,2024-06-02,0.0,,0.0,15.0,,0.0,,51.0,0.0
NY,2024,12,23,2024-06-09,0.0,,0.0,36.0,,0.0,,68.0,0.0
NY,2024,13,24,2024-06-16,0.0,,0.0,65.0,,0.0,,84.0,0.0
NY,2024,14,25,2024-06-23,0.0,,0.0,77.0,,0.0,,91.0,0.0
NY,2024,15,26,2024-06-30,0.0,,0.0,86.0,,0.0,,96.0,0.0
NY,2024,16,27,2024-07-07,7.0,,0.0,94.0,,0.0,,98.0,0.0
NY,2024,17,28,2024-07-14,22.0,,0.0,97.0,,0.0,,98.0,1.0
NY,2024,18,29,2024-07-21,27.0,,0.0,97.0,,0.0,,98.0,3.0
NY,2024,19,30,2024-07-28,39.0,,0.0,97.0,,0.0,,98.0,15.0
NY,2024,20,31,2024-08-04,65.0,,0.0,97.0,,0.0,,98.0,29.0
NY,2024,21,32,2024-08-11,72.0,,0.0,97.0,,0.0,,98.0,39.0
NY,2024,22,33,2024-08-18,82.0,,0.0,97.0,,0.0,,98.0,63.0
NY,2024,23,34,2024-08-25,88.0,,0.0,97.0,,0.0,,98.0,69.0
NY,2024,24,35,2024-09-01,94.0,,10.0,97.0,,0.0,,98.0,79.0
NY,2024,25,36,2024-09-08,94.0,,21.0,97.0,,0.0,,98.0,83.0
NY,2024,26,37,2024-09-15,94.0,,30.0,97.0,,0.0,,98.0,92.0
NY,2024,27,38,2024-09-22,94.0,,51.0,97.0,,0.0,,98.0,95.0
NY,2024,28,39,2024-09-29,94.0,,66.0,97.0,,15.0,,98.0,97.0
NY,2024,29,40,2024-10-06,94.0,,79.0,97.0,,27.0,,98.0,97.0
NY,2024,30,41,2024-10-13,94.0,,86.0,97.0,,33.0,,98.0,97.0
NY,2024,31,42,2024-10-20,94.0,,93.0,97.0,,48.0,,98.0,97.0
NY,2024,32,43,2024-10-27,94.0,,96.0,97.0,,66.0,,98.0,97.0
NY,2024,33,44,2024-11-03,94.0,,96.0,97.0,,79.0,,98.0,97.0
NY,2024,34,45,2024-11-10,94.0,,96.0,97.0,,88.0,,98.0,97.0
NY,2024,35,46,2024-11-17,94.0,,96.0,97.0,,95.0,,98.0,97.0
NY,2025,7,18,2025-05-04,0.0,,0.0,0.0,,0.0,,0.0,0.0
NY,2025,8,19,2025-05-11,0.0,,0.0,0.0,,0.0,,2.0,0.0
NY,2025,9,20,2025-05-18,0.0,,0.0,0.0,,0.0,,4.0,0.0
NY,2025,10,21,2025-05-25,0.0,,0.0,1.0,,0.0,,11.0,0.0
NY,2025,11,22,2025-06-01,0.0,,0.0,7.0,,0.0,,21.0,0.0
NY,2025,12,23,2025-06-08,0.0,,0.0,11.0,,0.0,,41.0,0.0
NY,2025,13,24,2025-06-15,0.0,,0.0,33.0,,0.0,,61.0,0.0
NY,2025,14,25,2025-06-22,0.0,,0.0,62.0,,0.0,,87.0,0.0
NY,2025,15,26,2025-06-29,5.0,,0.0,79.0,,0.0,,90.0,0.0
NY,2025,16,27,2025-07-06,6.0,,0.0,87.0,,0.0,,93.0,0.0
NY,2025,17,28,2025-07-13,24.0,,0.0,90.0,,0.0,,96.0,0.0
NY,2025,18,29,2025-07-20,25.0,,0.0,95.0,,0.0,,96.0,1.0
NY,2025,19,30,2025-07-27,44.0,,0.0,95.0,,0.0,,96.0,15.0
NY,2025,20,31,2025-08-03,57.0,,0.0,95.0,,0.0,,96.0,28.0
NY,2025,21,32,2025-08-10,63.0,,0.0,95.0,,0.0,,96.0,33.0
NY,2025,22,33,2025-08-17,67.0,,0.0,95.0,,0.0,,96.0,44.0
NY,2025,23,34,2025-08-24,77.0,,3.0,95.0,,0.0,,96.0,58.0
NY,2025,24,35,2025-08-31,80.0,,5.0,95.0,,0.0,,96.0,73.0
NY,2025,25,36,2025-09-07,85.0,,12.0,95.0,,0.0,,96.0,77.0
NY,2025,26,37,2025-09-14,89.0,,16.0,95.0,,0.0,,96.0,82.0
NY,2025,27,38,2025-09-21,93.0,,26.0,95.0,,0.0,,96.0,85.0
NY,2025,28,39,2025-09-28,93.0,,38.0,95.0,,2.0,,96.0,88.0
NY,2025,35,46,2025-11-16,93.0,,100.0,95.0,,87.0,,96.0,88.0
NY,2025,36,47,2025-11-23,93.0,,100.0,95.0,,93.0,,96.0,88.0
OH,2016,5,16,2016-04-24,0.0,,0.0,0.0,,0.0,,0.0,0.0
OH,2016,6,17,2016-05-01,0.0,,0.0,0.0,,0.0,,5.0,0.0
OH,2016,7,18,2016-05-08,0.0,,0.0,0.0,,0.0,,8.0,0.0
OH,2016,8,19,2016-05-15,0.0,,0.0,3.0,,0.0,,10.0,0.0
OH,2016,9,20,2016-05-22,0.0,,0.0,9.0,,0.0,,22.0,0.0
OH,2016,10,21,2016-05-29,0.0,,0.0,22.0,,0.0,,63.0,0.0
OH,2016,11,22,2016-06-05,0.0,,0.0,56.0,,0.0,,86.0,0.0
OH,2016,12,23,2016-06-12,0.0,,0.0,79.0,,0.0,,94.0,0.0
OH,2016,13,24,2016-06-19,0.0,,0.0,90.0,,0.0,,97.0,0.0
OH,2016,14,25,2016-06-26,1.0,,0.0,96.0,,0.0,,100.0,0.0
OH,2016,15,26,2016-07-03,14.0,,0.0,100.0,,0.0,,100.0,0.0
OH,2016,16,27,2016-07-10,25.0,,0.0,100.0,,0.0,,100.0,0.0
OH,2016,17,28,2016-07-17,49.0,,0.0,100.0,,0.0,,100.0,8.0
OH,2016,18,29,2016-07-24,70.0,,0.0,100.0,,0.0,,100.0,19.0
OH,2016,19,30,2016-07-31,84.0,,0.0,100.0,,0.0,,100.0,40.0
OH,2016,20,31,2016-08-07,93.0,,0.0,100.0,,0.0,,100.0,66.0
OH,2016,21,32,2016-08-14,96.0,,0.0,100.0,,0.0,,100.0,80.0
OH,2016,22,33,2016-08-21,96.0,,0.0,100.0,,0.0,,100.0,92.0
OH,2016,23,34,2016-08-28,96.0,,4.0,100.0,,0.0,,100.0,95.0
OH,2016,24,35,2016-09-04,96.0,,9.0,100.0,,0.0,,100.0,100.0
OH,2016,25,36,2016-09-11,96.0,,25.0,100.0,,0.0,,100.0,100.0
OH,2016,26,37,2016-09-18,96.0,,48.0,100.0,,1.0,,100.0,100.0
OH,2016,27,38,2016-09-25,96.0,,76.0,100.0,,6.0,,100.0,100.0
OH,2016,28,39,2016-10-02,96.0,,88.0,100.0,,12.0,,100.0,100.0
OH,2016,29,40,2016-10-09,96.0,,95.0,100.0,,31.0,,100.0,100.0
OH,2016,30,41,2016-10-16,96.0,,99.0,100.0,,62.0,,100.0,100.0
OH,2016,31,42,2016-10-23,96.0,,99.0,100.0,,79.0,,100.0,100.0
OH,2016,32,43,2016-10-30,96.0,,99.0,100.0,,88.0,,100.0,100.0
OH,2016,33,44,2016-11-06,96.0,,99.0,100.0,,95.0,,100.0,100.0
OH,2016,34,45,2016-11-13,96.0,,99.0,100.0,,99.0,,100.0,100.0
OH,2017,5,16,2017-04-23,0.0,,0.0,0.0,,0.0,,1.0,0.0
OH,2017,6,17,2017-04-30,0.0,,0.0,0.0,,0.0,,14.0,0.0
OH,2017,7,18,2017-05-07,0.0,,0.0,1.0,,0.0,,16.0,0.0
OH,2017,8,19,2017-05-14,0.0,,0.0,5.0,,0.0,,19.0,0.0
OH,2017,9,20,2017-05-21,0.0,,0.0,17.0,,0.0,,43.0,0.0
OH,2017,10,21,2017-05-28,0.0,,0.0,35.0,,0.0,,54.0,0.0
OH,2017,11,22,2017-06-04,0.0,,0.0,52.0,,0.0,,74.0,0.0
OH,2017,12,23,2017-06-11,0.0,,0.0,71.0,,0.0,,90.0,0.0
OH,2017,13,24,2017-06-18,0.0,,0.0,85.0,,0.0,,96.0,0.0
OH,2017,14,25,2017-06-25,1.0,,0.0,96.0,,0.0,,96.0,0.0
OH,2017,15,26,2017-07-02,9.0,,0.0,100.0,,0.0,,96.0,0.0
OH,2017,16,27,2017-07-09,25.0,,0.0,100.0,,0.0,,96.0,1.0
OH,2017,17,28,2017-07-16,40.0,,0.0,100.0,,0.0,,96.0,9.0
OH,2017,18,29,2017-07-23,61.0,,0.0,100.0,,0.0,,96.0,21.0
OH,2017,19,30,2017-07-30,77.0,,0.0,100.0,,0.0,,96.0,41.0
OH,2017,20,31,2017-08-06,83.0,,0.0,100.0,,0.0,,96.0,57.0
OH,2017,21,32,2017-08-13,91.0,,0.0,100.0,,0.0,,96.0,73.0
OH,2017,22,33,2017-08-20,95.0,,0.0,100.0,,0.0,,96.0,83.0
OH,2017,23,34,2017-08-27,95.0,,1.0,100.0,,0.0,,96.0,93.0
OH,2017,24,35,2017-09-03,95.0,,7.0,100.0,,0.0,,96.0,97.0
OH,2017,25,36,2017-09-10,95.0,,19.0,100.0,,0.0,,96.0,97.0
OH,2017,26,37,2017-09-17,95.0,,34.0,100.0,,1.0,,96.0,97.0
OH,2017,27,38,2017-09-24,95.0,,58.0,100.0,,5.0,,96.0,97.0
OH,2017,28,39,2017-10-01,95.0,,80.0,100.0,,24.0,,96.0,97.0
OH,2017,29,40,2017-10-08,95.0,,91.0,100.0,,45.0,,96.0,97.0
OH,2017,30,41,2017-10-15,95.0,,95.0,100.0,,54.0,,96.0,97.0
OH,2017,31,42,2017-10-22,95.0,,97.0,100.0,,76.0,,96.0,97.0
OH,2017,32,43,2017-10-29,95.0,,97.0,100.0,,85.0,,96.0,97.0
OH,2017,33,44,2017-11-05,95.0,,97.0,100.0,,90.0,,96.0,97.0
OH,2017,34,45,2017-11-12,95.0,,97.0,100.0,,93.0,,96.0,97.0
OH,2017,35,46,2017-11-19,95.0,,97.0,100.0,,95.0,,96.0,97.0
OH,2017,36,47,2017-11-26,95.0,,97.0,100.0,,100.0,,96.0,97.0
OH,2018,5,16,2018-04-22,0.0,,0.0,0.0,,0.0,,0.0,0.0
OH,2018,6,17,2018-04-29,0.0,,0.0,0.0,,0.0,,1.0,0.0
OH,2018,7,18,2018-05-06,0.0,,0.0,0.0,,0.0,,8.0,0.0
OH,2018,8,19,2018-05-13,0.0,,0.0,3.0,,0.0,,31.0,0.0
OH,2018,9,20,2018-05-20,0.0,,0.0,22.0,,0.0,,50.0,0.0
OH,2018,10,21,2018-05-27,0.0,,0.0,46.0,,0.0,,67.0,0.0
OH,2018,11,22,2018-06-03,0.0,,0.0,64.0,,0.0,,81.0,0.0
OH,2018,12,23,2018-06-10,0.0,,0.0,79.0,,0.0,,90.0,0.0
OH,2018,13,24,2018-06-17,0.0,,0.0,88.0,,0.0,,95.0,0.0
OH,2018,14,25,2018-06-24,6.0,,0.0,94.0,,0.0,,100.0,0.0
OH,2018,15,26,2018-07-01,22.0,,0.0,97.0,,0.0,,100.0,0.0
OH,2018,16,27,2018-07-08,44.0,,0.0,100.0,,0.0,,100.0,2.0
OH,2018,17,28,2018-07-15,66.0,,0.0,100.0,,0.0,,100.0,23.0
OH,2018,18,29,2018-07-22,78.0,,0.0,100.0,,0.0,,100.0,41.0
OH,2018,19,30,2018-07-29,86.0,,0.0,100.0,,0.0,,100.0,58.0
OH,2018,20,31,2018-08-05,90.0,,0.0,100.0,,0.0,,100.0,73.0
OH,2018,21,32,2018-08-12,95.0,,0.0,100.0,,0.0,,100.0,84.0
OH,2018,22,33,2018-08-19,100.0,,1.0,100.0,,0.0,,100.0,90.0
OH,2018,23,34,2018-08-26,100.0,,4.0,100.0,,0.0,,100.0,95.0
OH,2018,24,35,2018-09-02,100.0,,15.0,100.0,,0.0,,100.0,100.0
OH,2018,25,36,2018-09-09,100.0,,31.0,100.0,,0.0,,100.0,100.0
OH,2018,26,37,2018-09-16,100.0,,48.0,100.0,,1.0,,100.0,100.0
OH,2018,27,38,2018-09-23,100.0,,68.0,100.0,,6.0,,100.0,100.0
OH,2018,28,39,2018-09-30,100.0,,82.0,100.0,,15.0,,100.0,100.0
OH,2018,29,40,2018-10-07,100.0,,91.0,100.0,,30.0,,100.0,100.0
OH,2018,30,41,2018-10-14,100.0,,95.0,100.0,,43.0,,100.0,100.0
OH,2018,31,42,2018-10-21,100.0,,97.0,100.0,,58.0,,100.0,100.0
OH,2018,32,43,2018-10-28,100.0,,100.0,100.0,,75.0,,100.0,100.0
OH,2018,33,44,2018-11-04,100.0,,100.0,100.0,,82.0,,100.0,100.0
OH,2018,34,45,2018-11-11,100.0,,100.0,100.0,,85.0,,100.0,100.0
OH,2018,35,46,2018-11-18,100.0,,100.0,100.0,,88.0,,100.0,100.0
OH,2018,36,47,2018-11-25,100.0,,100.0,100.0,,90.0,,100.0,100.0
OH,2019,5,16,2019-04-21,0.0,,0.0,0.0,,0.0,,0.0,0.0
OH,2019,6,17,2019-04-28,0.0,,0.0,0.0,,0.0,,1.0,0.0
OH,2019,7,18,2019-05-05,0.0,,0.0,0.0,,0.0,,1.0,0.0
OH,2019,8,19,2019-05-12,0.0,,0.0,0.0,,0.0,,2.0,0.0
OH,2019,9,20,2019-05-19,0.0,,0.0,0.0,,0.0,,4.0,0.0
OH,2019,10,21,2019-05-26,0.0,,0.0,4.0,,0.0,,11.0,0.0
OH,2019,11,22,2019-06-02,0.0,,0.0,9.0,,0.0,,18.0,0.0
OH,2019,12,23,2019-06-09,0.0,,0.0,17.0,,0.0,,32.0,0.0
OH,2019,13,24,2019-06-16,0.0,,0.0,29.0,,0.0,,46.0,0.0
OH,2019,14,25,2019-06-23,0.0,,0.0,45.0,,0.0,,65.0,0.0
OH,2019,15,26,2019-06-30,0.0,,0.0,62.0,,0.0,,81.0,0.0
OH,2019,16,27,2019-07-07,5.0,,0.0,75.0,,0.0,,88.0,0.0
OH,2019,17,28,2019-07-14,12.0,,0.0,88.0,,0.0,,95.0,0.0
OH,2019,18,29,2019-07-21,27.0,,0.0,92.0,,0.0,,100.0,1.0
OH,2019,19,30,2019-07-28,41.0,,0.0,96.0,,0.0,,100.0,9.0
OH,2019,20,31,2019-08-04,55.0,,0.0,100.0,,0.0,,100.0,20.0
OH,2019,21,32,2019-08-11,69.0,,0.0,100.0,,0.0,,100.0,35.0
OH,2019,22,33,2019-08-18,81.0,,0.0,100.0,,0.0,,100.0,54.0
OH,2019,23,34,2019-08-25,89.0,,0.0,100.0,,0.0,,100.0,70.0
OH,2019,24,35,2019-09-01,94.0,,0.0,100.0,,0.0,,100.0,82.0
OH,2019,25,36,2019-09-08,96.0,,0.0,100.0,,0.0,,100.0,89.0
OH,2019,26,37,2019-09-15,100.0,,5.0,100.0,,0.0,,100.0,93.0
OH,2019,27,38,2019-09-22,100.0,,27.0,100.0,,1.0,,100.0,96.0
OH,2019,28,39,2019-09-29,100.0,,48.0,100.0,,6.0,,100.0,100.0
OH,2019,29,40,2019-10-06,100.0,,68.0,100.0,,18.0,,100.0,100.0
OH,2019,30,41,2019-10-13,100.0,,79.0,100.0,,36.0,,100.0,100.0
OH,2019,31,42,2019-10-20,100.0,,89.0,100.0,,55.0,,100.0,100.0
OH,2019,32,43,2019-10-27,100.0,,94.0,100.0,,70.0,,100.0,100.0
OH,2019,33,44,2019-11-03,100.0,,96.0,100.0,,78.0,,100.0,100.0
OH,2019,34,45,2019-11-10,100.0,,100.0,100.0,,86.0,,100.0,100.0
OH,2019,35,46,2019-11-17,100.0,,100.0,100.0,,90.0,,100.0,100.0
OH,2019,36,47,2019-11-24,100.0,,100.0,100.0,,93.0,,100.0,100.0
OH,2019,37,48,2019-12-01,100.0,,100.0,100.0,,95.0,,100.0,100.0
OH,2019,38,49,2019-12-08,100.0,,100.0,100.0,,99.0,,100.0,100.0
OH,2020,5,16,2020-04-19,0.0,,0.0,0.0,,0.0,,0.0,0.0
OH,2020,6,17,2020-04-26,0.0,,0.0,0.0,,0.0,,2.0,0.0
OH,2020,7,18,2020-05-03,0.0,,0.0,0.0,,0.0,,7.0,0.0
OH,2020,8,19,2020-05-10,0.0,,0.0,2.0,,0.0,,24.0,0.0
OH,2020,9,20,2020-05-17,0.0,,0.0,6.0,,0.0,,43.0,0.0
OH,2020,10,21,2020-05-24,0.0,,0.0,20.0,,0.0,,53.0,0.0
OH,2020,11,22,2020-05-31,0.0,,0.0,42.0,,0.0,,66.0,0.0
OH,2020,12,23,2020-06-07,0.0,,0.0,57.0,,0.0,,83.0,0.0
OH,2020,13,24,2020-06-14,0.0,,0.0,77.0,,0.0,,93.0,0.0
OH,2020,14,25,2020-06-21,1.0,,0.0,85.0,,0.0,,98.0,0.0
OH,2020,15,26,2020-06-28,11.0,,0.0,95.0,,0.0,,100.0,0.0
OH,2020,16,27,2020-07-05,27.0,,0.0,100.0,,0.0,,100.0,0.0
OH,2020,17,28,2020-07-12,48.0,,0.0,100.0,,0.0,,100.0,4.0
OH,2020,18,29,2020-07-19,64.0,,0.0,100.0,,0.0,,100.0,15.0
OH,2020,19,30,2020-07-26,76.0,,0.0,100.0,,0.0,,100.0,34.0
OH,2020,20,31,2020-08-02,88.0,,0.0,100.0,,0.0,,100.0,51.0
OH,2020,21,32,2020-08-09,92.0,,0.0,100.0,,0.0,,100.0,67.0
OH,2020,22,33,2020-08-16,97.0,,0.0,100.0,,0.0,,100.0,84.0
OH,2020,23,34,2020-08-23,100.0,,2.0,100.0,,0.0,,100.0,93.0
OH,2020,24,35,2020-08-30,100.0,,8.0,100.0,,0.0,,100.0,97.0
OH,2020,25,36,2020-09-06,100.0,,17.0,100.0,,0.0,,100.0,100.0
OH,2020,26,37,2020-09-13,100.0,,33.0,100.0,,0.0,,100.0,100.0
OH,2020,27,38,2020-09-20,100.0,,54.0,100.0,,2.0,,100.0,100.0
OH,2020,28,39,2020-09-27,100.0,,75.0,100.0,,13.0,,100.0,100.0
OH,2020,29,40,2020-10-04,100.0,,85.0,100.0,,21.0,,100.0,100.0
OH,2020,30,41,2020-10-11,100.0,,93.0,100.0,,49.0,,100.0,100.0
OH,2020,31,42,2020-10-18,100.0,,97.0,100.0,,65.0,,100.0,100.0
OH,2020,32,43,2020-10-25,100.0,,100.0,100.0,,73.0,,100.0,100.0
OH,2020,33,44,2020-11-01,100.0,,100.0,100.0,,77.0,,100.0,100.0
OH,2020,34,45,2020-11-08,100.0,,100.0,100.0,,87.0,,100.0,100.0
OH,2020,35,46,2020-11-15,100.0,,100.0,100.0,,93.0,,100.0,100.0
OH,2020,36,47,2020-11-22,100.0,,100.0,100.0,,96.0,,100.0,100.0
OH,2020,37,48,2020-11-29,100.0,,100.0,100.0,,100.0,,100.0,100.0
OH,2021,3,14,2021-04-11,0.0,,0.0,0.0,,0.0,,1.0,0.0
OH,2021,4,15,2021-04-18,0.0,,0.0,0.0,,0.0,,5.0,0.0
OH,2021,5,16,2021-04-25,0.0,,0.0,0.0,,0.0,,8.0,0.0
OH,2021,6,17,2021-05-02,0.0,,0.0,4.0,,0.0,,17.0,0.0
OH,2021,7,18,2021-05-09,0.0,,0.0,7.0,,0.0,,20.0,0.0
OH,2021,8,19,2021-05-16,0.0,,0.0,12.0,,0.0,,29.0,0.0
OH,2021,9,20,2021-05-23,0.0,,0.0,28.0,,0.0,,66.0,0.0
OH,2021,10,21,2021-05-30,0.0,,0.0,58.0,,0.0,,84.0,0.0
OH,2021,11,22,2021-06-06,0.0,,0.0,74.0,,0.0,,89.0,0.0
OH,2021,12,23,2021-06-13,0.0,,0.0,86.0,,0.0,,95.0,0.0
OH,2021,13,24,2021-06-20,1.0,,0.0,95.0,,0.0,,100.0,0.0
OH,2021,14,25,2021-06-27,8.0,,0.0,100.0,,0.0,,100.0,0.0
OH,2021,15,26,2021-07-04,24.0,,0.0,100.0,,0.0,,100.0,0.0
OH,2021,16,27,2021-07-11,43.0,,0.0,100.0,,0.0,,100.0,5.0
OH,2021,17,28,2021-07-18,60.0,,0.0,100.0,,0.0,,100.0,15.0
OH,2021,18,29,2021-07-25,75.0,,0.0,100.0,,0.0,,100.0,36.0
OH,2021,19,30,2021-08-01,85.0,,0.0,100.0,,0.0,,100.0,53.0
OH,2021,20,31,2021-08-08,90.0,,0.0,100.0,,0.0,,100.0,72.0
OH,2021,21,32,2021-08-15,92.0,,0.0,100.0,,0.0,,100.0,80.0
OH,2021,22,33,2021-08-22,93.0,,0.0,100.0,,0.0,,100.0,87.0
OH,2021,23,34,2021-08-29,94.0,,3.0,100.0,,0.0,,100.0,89.0
OH,2021,24,35,2021-09-05,95.0,,10.0,100.0,,0.0,,100.0,92.0
OH,2021,25,36,2021-09-12,100.0,,30.0,100.0,,0.0,,100.0,96.0
OH,2021,26,37,2021-09-19,100.0,,59.0,100.0,,2.0,,100.0,100.0
OH,2021,27,38,2021-09-26,100.0,,78.0,100.0,,5.0,,100.0,100.0
OH,2021,28,39,2021-10-03,100.0,,87.0,100.0,,22.0,,100.0,100.0
OH,2021,29,40,2021-10-10,100.0,,90.0,100.0,,33.0,,100.0,100.0
OH,2021,30,41,2021-10-17,100.0,,95.0,100.0,,54.0,,100.0,100.0
OH,2021,31,42,2021-10-24,100.0,,100.0,100.0,,70.0,,100.0,100.0
OH,2021,32,43,2021-10-31,100.0,,100.0,100.0,,75.0,,100.0,100.0
OH,2021,33,44,2021-11-07,100.0,,100.0,100.0,,81.0,,100.0,100.0
OH,2021,34,45,2021-11-14,100.0,,100.0,100.0,,88.0,,100.0,100.0
OH,2021,35,46,2021-11-21,100.0,,100.0,100.0,,90.0,,100.0,100.0
OH,2021,36,47,2021-11-28,100.0,,100.0,100.0,,91.0,,100.0,100.0
OH,2022,4,15,2022-04-17,0.0,,0.0,0.0,,0.0,,0.0,0.0
OH,2022,5,16,2022-04-24,0.0,,0.0,0.0,,0.0,,0.0,0.0
OH,2022,6,17,2022-05-01,0.0,,0.0,0.0,,0.0,,2.0,0.0
OH,2022,7,18,2022-05-08,0.0,,0.0,0.0,,0.0,,4.0,0.0
OH,2022,8,19,2022-05-15,0.0,,0.0,3.0,,0.0,,18.0,0.0
OH,2022,9,20,2022-05-22,0.0,,0.0,12.0,,0.0,,36.0,0.0
OH,2022,10,21,2022-05-29,0.0,,0.0,29.0,,0.0,,56.0,0.0
OH,2022,11,22,2022-06-05,0.0,,0.0,47.0,,0.0,,71.0,0.0
OH,2022,12,23,2022-06-12,0.0,,0.0,63.0,,0.0,,80.0,0.0
OH,2022,13,24,2022-06-19,0.0,,0.0,74.0,,0.0,,90.0,0.0
OH,2022,14,25,2022-06-26,0.0,,0.0,85.0,,0.0,,96.0,0.0
OH,2022,15,26,2022-07-03,5.0,,0.0,94.0,,0.0,,100.0,1.0
OH,2022,16,27,2022-07-10,33.0,,0.0,97.0,,0.0,,100.0,5.0
OH,2022,17,28,2022-07-17,48.0,,0.0,100.0,,0.0,,100.0,11.0
OH,2022,18,29,2022-07-24,65.0,,0.0,100.0,,0.0,,100.0,27.0
OH,2022,19,30,2022-07-31,82.0,,0.0,100.0,,0.0,,100.0,46.0
OH,2022,20,31,2022-08-07,90.0,,0.0,100.0,,0.0,,100.0,63.0
OH,2022,21,32,2022-08-14,95.0,,0.0,100.0,,0.0,,100.0,74.0
OH,2022,22,33,2022-08-21,99.0,,0.0,100.0,,0.0,,100.0,88.0
OH,2022,23,34,2022-08-28,99.0,,2.0,100.0,,0.0,,100.0,92.0
OH,2022,24,35,2022-09-04,99.0,,5.0,100.0,,0.0,,100.0,94.0
OH,2022,25,36,2022-09-11,99.0,,14.0,100.0,,0.0,,100.0,98.0
OH,2022,26,37,2022-09-18,99.0,,31.0,100.0,,0.0,,100.0,98.0
OH,2022,27,38,2022-09-25,99.0,,56.0,100.0,,3.0,,100.0,98.0
OH,2022,28,39,2022-10-02,99.0,,84.0,100.0,,13.0,,100.0,98.0
OH,2022,29,40,2022-10-09,99.0,,92.0,100.0,,30.0,,100.0,98.0
OH,2022,30,41,2022-10-16,99.0,,96.0,100.0,,51.0,,100.0,98.0
OH,2022,31,42,2022-10-23,99.0,,99.0,100.0,,70.0,,100.0,98.0
OH,2022,32,43,2022-10-30,99.0,,100.0,100.0,,87.0,,100.0,98.0
OH,2022,33,44,2022-11-06,99.0,,100.0,100.0,,92.0,,100.0,98.0
OH,2022,34,45,2022-11-13,99.0,,100.0,100.0,,96.0,,100.0,98.0
OH,2022,35,46,2022-11-20,99.0,,100.0,100.0,,99.0,,100.0,98.0
OH,2022,36,47,2022-11-27,99.0,,100.0,100.0,,100.0,,100.0,98.0
OH,2023,4,15,2023-04-16,0.0,,0.0,0.0,,0.0,,0.0,0.0
OH,2023,5,16,2023-04-23,0.0,,0.0,0.0,,0.0,,6.0,0.0
OH,2023,6,17,2023-04-30,0.0,,0.0,0.0,,0.0,,14.0,0.0
OH,2023,7,18,2023-05-07,0.0,,0.0,2.0,,0.0,,16.0,0.0
OH,2023,8,19,2023-05-14,0.0,,0.0,8.0,,0.0,,28.0,0.0
OH,2023,9,20,2023-05-21,0.0,,0.0,20.0,,0.0,,63.0,0.0
OH,2023,10,21,2023-05-28,0.0,,0.0,45.0,,0.0,,87.0,0.0
OH,2023,11,22,2023-06-04,0.0,,0.0,74.0,,0.0,,94.0,0.0
OH,2023,12,23,2023-06-11,0.0,,0.0,88.0,,0.0,,97.0,0.0
OH,2023,13,24,2023-06-18,0.0,,0.0,95.0,,0.0,,100.0,0.0
OH,2023,14,25,2023-06-25,0.0,,0.0,99.0,,0.0,,100.0,0.0
OH,2023,15,26,2023-07-02,4.0,,0.0,100.0,,0.0,,100.0,0.0
OH,2023,16,27,2023-07-09,11.0,,0.0,100.0,,0.0,,100.0,1.0
OH,2023,17,28,2023-07-16,21.0,,0.0,100.0,,0.0,,100.0,7.0
OH,2023,18,29,2023-07-23,46.0,,0.0,100.0,,0.0,,100.0,17.0
OH,2023,19,30,2023-07-30,72.0,,0.0,100.0,,0.0,,100.0,28.0
OH,2023,20,31,2023-08-06,82.0,,0.0,100.0,,0.0,,100.0,48.0
OH,2023,21,32,2023-08-13,92.0,,0.0,100.0,,0.0,,100.0,69.0
OH,2023,22,33,2023-08-20,96.0,,0.0,100.0,,0.0,,100.0,82.0
OH,2023,23,34,2023-08-27,99.0,,0.0,100.0,,0.0,,100.0,90.0
OH,2023,24,35,2023-09-03,100.0,,3.0,100.0,,0.0,,100.0,95.0
OH,2023,25,36,2023-09-10,100.0,,8.0,100.0,,0.0,,100.0,99.0
OH,2023,26,37,2023-09-17,100.0,,27.0,100.0,,0.0,,100.0,99.0
OH,2023,27,38,2023-09-24,100.0,,52.0,100.0,,3.0,,100.0,99.0
OH,2023,28,39,2023-10-01,100.0,,83.0,100.0,,7.0,,100.0,99.0
OH,2023,29,40,2023-10-08,100.0,,92.0,100.0,,24.0,,100.0,99.0
OH,2023,30,41,2023-10-15,100.0,,95.0,100.0,,49.0,,100.0,99.0
OH,2023,31,42,2023-10-22,100.0,,99.0,100.0,,64.0,,100.0,99.0
OH,2023,32,43,2023-10-29,100.0,,99.0,100.0,,80.0,,100.0,99.0
OH,2023,33,44,2023-11-05,100.0,,99.0,100.0,,89.0,,100.0,99.0
OH,2023,34,45,2023-11-12,100.0,,99.0,100.0,,95.0,,100.0,99.0
OH,2023,35,46,2023-11-19,100.0,,99.0,100.0,,99.0,,100.0,99.0
OH,2023,36,47,2023-11-26,100.0,,99.0,100.0,,100.0,,100.0,99.0
OH,2024,4,15,2024-04-14,0.0,,0.0,0.0,,0.0,,0.0,0.0
OH,2024,5,16,2024-04-21,0.0,,0.0,0.0,,0.0,,0.0,0.0
OH,2024,6,17,2024-04-28,0.0,,0.0,0.0,,0.0,,7.0,0.0
OH,2024,7,18,2024-05-05,0.0,,0.0,7.0,,0.0,,20.0,0.0
OH,2024,8,19,2024-05-12,0.0,,0.0,17.0,,0.0,,27.0,0.0
OH,2024,9,20,2024-05-19,0.0,,0.0,24.0,,0.0,,41.0,0.0
OH,2024,10,21,2024-05-26,0.0,,0.0,39.0,,0.0,,67.0,0.0
OH,2024,11,22,2024-06-02,0.0,,0.0,62.0,,0.0,,79.0,0.0
OH,2024,12,23,2024-06-09,0.0,,0.0,75.0,,0.0,,88.0,0.0
OH,2024,13,24,2024-06-16,0.0,,0.0,85.0,,0.0,,95.0,0.0
OH,2024,14,25,2024-06-23,1.0,,0.0,94.0,,0.0,,97.0,0.0
OH,2024,15,26,2024-06-30,12.0,,0.0,97.0,,0.0,,100.0,0.0
OH,2024,16,27,2024-07-07,24.0,,0.0,100.0,,0.0,,100.0,9.0
OH,2024,17,28,2024-07-14,40.0,,0.0,100.0,,0.0,,100.0,16.0
OH,2024,18,29,2024-07-21,71.0,,0.0,100.0,,0.0,,100.0,25.0
OH,2024,19,30,2024-07-28,83.0,,0.0,100.0,,0.0,,100.0,46.0
OH,2024,20,31,2024-08-04,90.0,,0.0,100.0,,0.0,,100.0,69.0
OH,2024,21,32,2024-08-11,96.0,,0.0,100.0,,0.0,,100.0,82.0
OH,2024,22,33,2024-08-18,100.0,,1.0,100.0,,0.0,,100.0,92.0
OH,2024,23,34,2024-08-25,100.0,,5.0,100.0,,0.0,,100.0,95.0
OH,2024,24,35,2024-09-01,100.0,,19.0,100.0,,0.0,,100.0,100.0
OH,2024,25,36,2024-09-08,100.0,,30.0,100.0,,0.0,,100.0,100.0
OH,2024,26,37,2024-09-15,100.0,,59.0,100.0,,4.0,,100.0,100.0
OH,2024,27,38,2024-09-22,100.0,,78.0,100.0,,14.0,,100.0,100.0
OH,2024,28,39,2024-09-29,100.0,,86.0,100.0,,23.0,,100.0,100.0
OH,2024,29,40,2024-10-06,100.0,,93.0,100.0,,35.0,,100.0,100.0
OH,2024,30,41,2024-10-13,100.0,,97.0,100.0,,62.0,,100.0,100.0
OH,2024,31,42,2024-10-20,100.0,,100.0,100.0,,78.0,,100.0,100.0
OH,2024,32,43,2024-10-27,100.0,,100.0,100.0,,90.0,,100.0,100.0
OH,2024,33,44,2024-11-03,100.0,,100.0,100.0,,96.0,,100.0,100.0
OH,2024,34,45,2024-11-10,100.0,,100.0,100.0,,99.0,,100.0,100.0
OH,2024,35,46,2024-11-17,100.0,,100.0,100.0,,100.0,,100.0,100.0
OH,2025,4,15,2025-04-13,0.0,,0.0,0.0,,0.0,,0.0,0.0
OH,2025,5,16,2025-04-20,0.0,,0.0,0.0,,0.0,,0.0,0.0
OH,2025,6,17,2025-04-27,0.0,,0.0,0.0,,0.0,,10.0,0.0
OH,2025,7,18,2025-05-04,0.0,,0.0,1.0,,0.0,,23.0,0.0
OH,2025,8,19,2025-05-11,0.0,,0.0,11.0,,0.0,,25.0,0.0
OH,2025,9,20,2025-05-18,0.0,,0.0,24.0,,0.0,,40.0,0.0
OH,2025,10,21,2025-05-25,0.0,,0.0,33.0,,0.0,,52.0,0.0
OH,2025,11,22,2025-06-01,0.0,,0.0,42.0,,0.0,,66.0,0.0
OH,2025,12,23,2025-06-08,0.0,,0.0,58.0,,0.0,,84.0,0.0
OH,2025,13,24,2025-06-15,0.0,,0.0,79.0,,0.0,,92.0,0.0
OH,2025,14,25,2025-06-22,1.0,,0.0,87.0,,0.0,,96.0,0.0
OH,2025,15,26,2025-06-29,5.0,,0.0,93.0,,0.0,,98.0,0.0
OH,2025,16,27,2025-07-06,16.0,,0.0,96.0,,0.0,,100.0,0.0
OH,2025,17,28,2025-07-13,34.0,,0.0,100.0,,0.0,,100.0,5.0
OH,2025,18,29,2025-07-20,50.0,,0.0,100.0,,0.0,,100.0,14.0
OH,2025,19,30,2025-07-27,75.0,,0.0,100.0,,0.0,,100.0,39.0
OH,2025,20,31,2025-08-03,85.0,,0.0,100.0,,0.0,,100.0,59.0
OH,2025,21,32,2025-08-10,92.0,,0.0,100.0,,0.0,,100.0,71.0
OH,2025,22,33,2025-08-17,97.0,,0.0,100.0,,0.0,,100.0,87.0
OH,2025,23,34,2025-08-24,100.0,,0.0,100.0,,0.0,,100.0,92.0
OH,2025,24,35,2025-08-31,100.0,,11.0,100.0,,0.0,,100.0,96.0
OH,2025,25,36,2025-09-07,100.0,,24.0,100.0,,0.0,,100.0,99.0
OH,2025,26,37,2025-09-14,100.0,,43.0,100.0,,2.0,,100.0,100.0
OH,2025,27,38,2025-09-21,100.0,,71.0,100.0,,10.0,,100.0,100.0
OH,2025,28,39,2025-09-28,100.0,,81.0,100.0,,21.0,,100.0,100.0
OH,2025,35,46,2025-11-16,100.0,,81.0,100.0,,96.0,,100.0,100.0
OH,2025,36,47,2025-11-23,100.0,,81.0,100.0,,99.0,,100.0,100.0
OK,2016,5,16,2016-04-24,0.0,,0.0,0.0,,0.0,,1.0,0.0
OK,2016,6,17,2016-05-01,0.0,,0.0,0.0,,0.0,,9.0,0.0
OK,2016,7,18,2016-05-08,0.0,,0.0,0.0,,0.0,,21.0,0.0
OK,2016,8,19,2016-05-15,0.0,,0.0,1.0,,0.0,,27.0,0.0
OK,2016,9,20,2016-05-22,0.0,,0.0,20.0,,0.0,,38.0,0.0
OK,2016,10,21,2016-05-29,0.0,,0.0,22.0,,0.0,,42.0,0.0
OK,2016,11,22,2016-06-05,0.0,,0.0,33.0,,0.0,,59.0,0.0
OK,2016,12,23,2016-06-12,0.0,,0.0,45.0,,0.0,,67.0,0.0
OK,2016,13,24,2016-06-19,0.0,,0.0,50.0,,0.0,,71.0,0.0
OK,2016,14,25,2016-06-26,0.0,,0.0,70.0,,0.0,,80.0,0.0
OK,2016,15,26,2016-07-03,4.0,,0.0,79.0,,0.0,,85.0,0.0
OK,2016,16,27,2016-07-10,14.0,,0.0,81.0,,0.0,,90.0,0.0
OK,2016,17,28,2016-07-17,16.0,,0.0,85.0,,0.0,,95.0,2.0
OK,2016,18,29,2016-07-24,34.0,,0.0,90.0,,0.0,,95.0,12.0
OK,2016,19,30,2016-07-31,40.0,,0.0,96.0,,0.0,,95.0,14.0
OK,2016,20,31,2016-08-07,55.0,,0.0,100.0,,0.0,,95.0,20.0
OK,2016,21,32,2016-08-14,60.0,,0.0,100.0,,0.0,,95.0,30.0
OK,2016,22,33,2016-08-21,66.0,,1.0,100.0,,0.0,,95.0,50.0
OK,2016,23,34,2016-08-28,77.0,,7.0,100.0,,0.0,,95.0,65.0
OK,2016,24,35,2016-09-04,83.0,,10.0,100.0,,0.0,,95.0,70.0
OK,2016,25,36,2016-09-11,90.0,,16.0,100.0,,0.0,,95.0,83.0
OK,2016,26,37,2016-09-18,95.0,,19.0,100.0,,0.0,,95.0,88.0
OK,2016,27,38,2016-09-25,98.0,,25.0,100.0,,0.0,,95.0,95.0
OK,2016,28,39,2016-10-02,98.0,,30.0,100.0,,3.0,,95.0,95.0
OK,2016,29,40,2016-10-09,98.0,,48.0,100.0,,10.0,,95.0,95.0
OK,2016,30,41,2016-10-16,98.0,,71.0,100.0,,22.0,,95.0,95.0
OK,2016,31,42,2016-10-23,98.0,,78.0,100.0,,31.0,,95.0,95.0
OK,2016,32,43,2016-10-30,98.0,,86.0,100.0,,46.0,,95.0,95.0
OK,2016,33,44,2016-11-06,98.0,,89.0,100.0,,68.0,,95.0,95.0
OK,2016,34,45,2016-11-13,98.0,,95.0,100.0,,73.0,,95.0,95.0
OK,2016,35,46,2016-11-20,98.0,,95.0,100.0,,81.0,,95.0,95.0
OK,2016,36,47,2016-11-27,98.0,,95.0,100.0,,85.0,,95.0,95.0
OK,2017,5,16,2017-04-23,0.0,,0.0,0.0,,0.0,,3.0,0.0
OK,2017,6,17,2017-04-30,0.0,,0.0,0.0,,0.0,,11.0,0.0
OK,2017,7,18,2017-05-07,0.0,,0.0,0.0,,0.0,,15.0,0.0
OK,2017,8,19,2017-05-14,0.0,,0.0,2.0,,0.0,,18.0,0.0
OK,2017,9,20,2017-05-21,0.0,,0.0,9.0,,0.0,,26.0,0.0
OK,2017,10,21,2017-05-28,0.0,,0.0,16.0,,0.0,,30.0,0.0
OK,2017,11,22,2017-06-04,0.0,,0.0,26.0,,0.0,,43.0,0.0
OK,2017,12,23,2017-06-11,0.0,,0.0,28.0,,0.0,,60.0,0.0
OK,2017,13,24,2017-06-18,0.0,,0.0,51.0,,0.0,,71.0,0.0
OK,2017,14,25,2017-06-25,0.0,,0.0,70.0,,0.0,,85.0,0.0
OK,2017,15,26,2017-07-02,1.0,,0.0,80.0,,0.0,,89.0,0.0
OK,2017,16,27,2017-07-09,3.0,,0.0,82.0,,0.0,,91.0,0.0
OK,2017,17,28,2017-07-16,9.0,,0.0,84.0,,0.0,,95.0,4.0
OK,2017,18,29,2017-07-23,24.0,,0.0,86.0,,0.0,,95.0,12.0
OK,2017,19,30,2017-07-30,40.0,,0.0,90.0,,0.0,,95.0,22.0
OK,2017,20,31,2017-08-06,46.0,,0.0,90.0,,0.0,,95.0,24.0
OK,2017,21,32,2017-08-13,70.0,,0.0,90.0,,0.0,,95.0,37.0
OK,2017,22,33,2017-08-20,80.0,,0.0,90.0,,0.0,,95.0,54.0
OK,2017,23,34,2017-08-27,81.0,,0.0,90.0,,0.0,,95.0,64.0
OK,2017,24,35,2017-09-03,82.0,,3.0,90.0,,0.0,,95.0,71.0
OK,2017,25,36,2017-09-10,89.0,,13.0,90.0,,0.0,,95.0,76.0
OK,2017,26,37,2017-09-17,96.0,,19.0,90.0,,0.0,,95.0,81.0
OK,2017,27,38,2017-09-24,96.0,,25.0,90.0,,1.0,,95.0,89.0
OK,2017,28,39,2017-10-01,96.0,,44.0,90.0,,12.0,,95.0,90.0
OK,2017,29,40,2017-10-08,96.0,,53.0,90.0,,13.0,,95.0,95.0
OK,2017,30,41,2017-10-15,96.0,,63.0,90.0,,20.0,,95.0,95.0
OK,2017,31,42,2017-10-22,96.0,,75.0,90.0,,23.0,,95.0,95.0
OK,2017,32,43,2017-10-29,96.0,,87.0,90.0,,46.0,,95.0,95.0
OK,2017,33,44,2017-11-05,96.0,,91.0,90.0,,67.0,,95.0,95.0
OK,2017,34,45,2017-11-12,96.0,,93.0,90.0,,75.0,,95.0,95.0
OK,2017,35,46,2017-11-19,96.0,,95.0,90.0,,78.0,,95.0,95.0
OK,2017,36,47,2017-11-26,96.0,,95.0,90.0,,83.0,,95.0,95.0
OK,2018,5,16,2018-04-22,0.0,,0.0,0.0,,0.0,,0.0,0.0
OK,2018,6,17,2018-04-29,0.0,,0.0,0.0,,0.0,,5.0,0.0
OK,2018,7,18,2018-05-06,0.0,,0.0,0.0,,0.0,,13.0,0.0
OK,2018,8,19,2018-05-13,0.0,,0.0,1.0,,0.0,,27.0,0.0
OK,2018,9,20,2018-05-20,0.0,,0.0,7.0,,0.0,,36.0,0.0
OK,2018,10,21,2018-05-27,0.0,,0.0,18.0,,0.0,,50.0,0.0
OK,2018,11,22,2018-06-03,0.0,,0.0,30.0,,0.0,,58.0,0.0
OK,2018,12,23,2018-06-10,0.0,,0.0,38.0,,0.0,,68.0,0.0
OK,2018,13,24,2018-06-17,0.0,,0.0,60.0,,0.0,,74.0,0.0
OK,2018,14,25,2018-06-24,1.0,,0.0,73.0,,0.0,,88.0,0.0
OK,2018,15,26,2018-07-01,4.0,,0.0,82.0,,0.0,,93.0,0.0
OK,2018,16,27,2018-07-08,9.0,,0.0,88.0,,0.0,,99.0,1.0
OK,2018,17,28,2018-07-15,17.0,,0.0,95.0,,0.0,,99.0,5.0
OK,2018,18,29,2018-07-22,39.0,,0.0,95.0,,0.0,,99.0,11.0
OK,2018,19,30,2018-07-29,54.0,,0.0,95.0,,0.0,,99.0,17.0
OK,2018,20,31,2018-08-05,63.0,,0.0,95.0,,0.0,,99.0,24.0
OK,2018,21,32,2018-08-12,70.0,,0.0,95.0,,0.0,,99.0,35.0
OK,2018,22,33,2018-08-19,82.0,,0.0,95.0,,0.0,,99.0,45.0
OK,2018,23,34,2018-08-26,89.0,,1.0,95.0,,0.0,,99.0,61.0
OK,2018,24,35,2018-09-02,91.0,,4.0,95.0,,0.0,,99.0,72.0
OK,2018,25,36,2018-09-09,92.0,,7.0,95.0,,0.0,,99.0,79.0
OK,2018,26,37,2018-09-16,95.0,,13.0,95.0,,0.0,,99.0,81.0
OK,2018,27,38,2018-09-23,95.0,,24.0,95.0,,1.0,,99.0,94.0
OK,2018,28,39,2018-09-30,95.0,,43.0,95.0,,10.0,,99.0,95.0
OK,2018,29,40,2018-10-07,95.0,,61.0,95.0,,20.0,,99.0,95.0
OK,2018,30,41,2018-10-14,95.0,,70.0,95.0,,29.0,,99.0,95.0
OK,2018,31,42,2018-10-21,95.0,,77.0,95.0,,31.0,,99.0,95.0
OK,2018,32,43,2018-10-28,95.0,,81.0,95.0,,35.0,,99.0,95.0
OK,2018,33,44,2018-11-04,95.0,,85.0,95.0,,43.0,,99.0,95.0
OK,2018,34,45,2018-11-11,95.0,,88.0,95.0,,54.0,,99.0,95.0
OK,2018,35,46,2018-11-18,95.0,,95.0,95.0,,68.0,,99.0,95.0
OK,2018,36,47,2018-11-25,95.0,,95.0,95.0,,75.0,,99.0,95.0
OK,2019,5,16,2019-04-21,0.0,,0.0,0.0,,0.0,,2.0,0.0
OK,2019,6,17,2019-04-28,0.0,,0.0,0.0,,0.0,,6.0,0.0
OK,2019,7,18,2019-05-05,0.0,,0.0,0.0,,0.0,,10.0,0.0
OK,2019,8,19,2019-05-12,0.0,,0.0,0.0,,0.0,,15.0,0.0
OK,2019,9,20,2019-05-19,0.0,,0.0,1.0,,0.0,,30.0,0.0
OK,2019,10,21,2019-05-26,0.0,,0.0,3.0,,0.0,,32.0,0.0
OK,2019,11,22,2019-06-02,0.0,,0.0,7.0,,0.0,,42.0,0.0
OK,2019,12,23,2019-06-09,0.0,,0.0,10.0,,0.0,,46.0,0.0
OK,2019,13,24,2019-06-16,0.0,,0.0,14.0,,0.0,,49.0,0.0
OK,2019,14,25,2019-06-23,0.0,,0.0,24.0,,0.0,,52.0,0.0
OK,2019,15,26,2019-06-30,0.0,,0.0,35.0,,0.0,,66.0,0.0
OK,2019,16,27,2019-07-07,0.0,,0.0,55.0,,0.0,,80.0,0.0
OK,2019,17,28,2019-07-14,1.0,,0.0,73.0,,0.0,,88.0,0.0
OK,2019,18,29,2019-07-21,13.0,,0.0,84.0,,0.0,,95.0,3.0
OK,2019,19,30,2019-07-28,14.0,,0.0,89.0,,0.0,,95.0,5.0
OK,2019,20,31,2019-08-04,35.0,,0.0,91.0,,0.0,,95.0,10.0
OK,2019,21,32,2019-08-11,54.0,,0.0,95.0,,0.0,,95.0,16.0
OK,2019,22,33,2019-08-18,70.0,,0.0,95.0,,0.0,,95.0,22.0
OK,2019,23,34,2019-08-25,74.0,,0.0,95.0,,0.0,,95.0,30.0
OK,2019,24,35,2019-09-01,80.0,,0.0,95.0,,0.0,,95.0,45.0
OK,2019,25,36,2019-09-08,95.0,,0.0,95.0,,0.0,,95.0,55.0
OK,2019,26,37,2019-09-15,95.0,,4.0,95.0,,0.0,,95.0,60.0
OK,2019,27,38,2019-09-22,95.0,,9.0,95.0,,0.0,,95.0,73.0
OK,2019,28,39,2019-09-29,95.0,,20.0,95.0,,0.0,,95.0,96.0
OK,2019,29,40,2019-10-06,95.0,,27.0,95.0,,1.0,,95.0,96.0
OK,2019,30,41,2019-10-13,95.0,,47.0,95.0,,5.0,,95.0,96.0
OK,2019,31,42,2019-10-20,95.0,,69.0,95.0,,22.0,,95.0,96.0
OK,2019,32,43,2019-10-27,95.0,,75.0,95.0,,31.0,,95.0,96.0
OK,2019,33,44,2019-11-03,95.0,,81.0,95.0,,42.0,,95.0,96.0
OK,2019,34,45,2019-11-10,95.0,,85.0,95.0,,56.0,,95.0,96.0
OK,2019,35,46,2019-11-17,95.0,,95.0,95.0,,65.0,,95.0,96.0
OK,2019,36,47,2019-11-24,95.0,,95.0,95.0,,75.0,,95.0,96.0
OK,2019,37,48,2019-12-01,95.0,,95.0,95.0,,84.0,,95.0,96.0
OK,2019,38,49,2019-12-08,95.0,,95.0,95.0,,90.0,,95.0,96.0
OK,2020,3,14,2020-04-05,0.0,,0.0,0.0,,0.0,,0.0,0.0
OK,2020,4,15,2020-04-12,0.0,,0.0,0.0,,0.0,,2.0,0.0
OK,2020,5,16,2020-04-19,0.0,,0.0,0.0,,0.0,,3.0,0.0
OK,2020,6,17,2020-04-26,0.0,,0.0,0.0,,0.0,,4.0,0.0
OK,2020,7,18,2020-05-03,0.0,,0.0,0.0,,0.0,,15.0,0.0
OK,2020,8,19,2020-05-10,0.0,,0.0,0.0,,0.0,,30.0,0.0
OK,2020,9,20,2020-05-17,0.0,,0.0,8.0,,0.0,,42.0,0.0
OK,2020,10,21,2020-05-24,0.0,,0.0,25.0,,0.0,,55.0,0.0
OK,2020,11,22,2020-05-31,0.0,,0.0,30.0,,0.0,,68.0,0.0
OK,2020,12,23,2020-06-07,0.0,,0.0,52.0,,0.0,,72.0,0.0
OK,2020,13,24,2020-06-14,0.0,,0.0,57.0,,0.0,,74.0,0.0
OK,2020,14,25,2020-06-21,0.0,,0.0,67.0,,0.0,,77.0,0.0
OK,2020,15,26,2020-06-28,3.0,,0.0,69.0,,0.0,,79.0,0.0
OK,2020,16,27,2020-07-05,13.0,,0.0,71.0,,0.0,,84.0,0.0
OK,2020,17,28,2020-07-12,22.0,,0.0,75.0,,0.0,,95.0,0.0
OK,2020,18,29,2020-07-19,35.0,,0.0,80.0,,0.0,,95.0,2.0
OK,2020,19,30,2020-07-26,40.0,,0.0,90.0,,0.0,,95.0,6.0
OK,2020,20,31,2020-08-02,44.0,,0.0,95.0,,0.0,,95.0,10.0
OK,2020,21,32,2020-08-09,53.0,,0.0,95.0,,0.0,,95.0,20.0
OK,2020,22,33,2020-08-16,62.0,,0.0,95.0,,0.0,,95.0,25.0
OK,2020,23,34,2020-08-23,80.0,,0.0,95.0,,0.0,,95.0,50.0
OK,2020,24,35,2020-08-30,85.0,,3.0,95.0,,0.0,,95.0,60.0
OK,2020,25,36,2020-09-06,90.0,,11.0,95.0,,0.0,,95.0,70.0
OK,2020,26,37,2020-09-13,95.0,,19.0,95.0,,0.0,,95.0,77.0
OK,2020,27,38,2020-09-20,95.0,,24.0,95.0,,0.0,,95.0,85.0
OK,2020,28,39,2020-09-27,95.0,,33.0,95.0,,3.0,,95.0,93.0
OK,2020,29,40,2020-10-04,95.0,,42.0,95.0,,9.0,,95.0,95.0
OK,2020,30,41,2020-10-11,95.0,,60.0,95.0,,20.0,,95.0,95.0
OK,2020,31,42,2020-10-18,95.0,,69.0,95.0,,28.0,,95.0,95.0
OK,2020,32,43,2020-10-25,95.0,,75.0,95.0,,33.0,,95.0,95.0
OK,2020,33,44,2020-11-01,95.0,,86.0,95.0,,42.0,,95.0,95.0
OK,2020,34,45,2020-11-08,95.0,,95.0,95.0,,55.0,,95.0,95.0
OK,2020,35,46,2020-11-15,95.0,,95.0,95.0,,65.0,,95.0,95.0
OK,2020,36,47,2020-11-22,95.0,,95.0,95.0,,72.0,,95.0,95.0
OK,2020,37,48,2020-11-29,95.0,,95.0,95.0,,85.0,,95.0,95.0
OK,2021,3,14,2021-04-11,0.0,,0.0,0.0,,0.0,,1.0,0.0
OK,2021,4,15,2021-04-18,0.0,,0.0,0.0,,0.0,,3.0,0.0
OK,2021,5,16,2021-04-25,0.0,,0.0,0.0,,0.0,,4.0,0.0
OK,2021,6,17,2021-05-02,0.0,,0.0,0.0,,0.0,,7.0,0.0
OK,2021,7,18,2021-05-09,0.0,,0.0,0.0,,0.0,,18.0,0.0
OK,2021,8,19,2021-05-16,0.0,,0.0,0.0,,0.0,,24.0,0.0
OK,2021,9,20,2021-05-23,0.0,,0.0,2.0,,0.0,,26.0,0.0
OK,2021,10,21,2021-05-30,0.0,,0.0,2.0,,0.0,,27.0,0.0
OK,2021,11,22,2021-06-06,0.0,,0.0,2.0,,0.0,,36.0,0.0
OK,2021,12,23,2021-06-13,0.0,,0.0,2.0,,0.0,,47.0,0.0
OK,2021,13,24,2021-06-20,0.0,,0.0,19.0,,0.0,,58.0,0.0
OK,2021,14,25,2021-06-27,0.0,,0.0,42.0,,0.0,,65.0,0.0
OK,2021,15,26,2021-07-04,0.0,,0.0,50.0,,0.0,,69.0,0.0
OK,2021,16,27,2021-07-11,0.0,,0.0,69.0,,0.0,,85.0,0.0
OK,2021,17,28,2021-07-18,17.0,,0.0,85.0,,0.0,,95.0,0.0
OK,2021,18,29,2021-07-25,28.0,,0.0,90.0,,0.0,,95.0,0.0
OK,2021,19,30,2021-08-01,42.0,,0.0,95.0,,0.0,,95.0,8.0
OK,2021,20,31,2021-08-08,55.0,,0.0,95.0,,0.0,,95.0,25.0
OK,2021,21,32,2021-08-15,68.0,,0.0,95.0,,0.0,,95.0,39.0
OK,2021,22,33,2021-08-22,78.0,,0.0,95.0,,0.0,,95.0,45.0
OK,2021,23,34,2021-08-29,81.0,,1.0,95.0,,0.0,,95.0,58.0
OK,2021,24,35,2021-09-05,90.0,,5.0,95.0,,0.0,,95.0,67.0
OK,2021,25,36,2021-09-12,97.0,,11.0,95.0,,0.0,,95.0,78.0
OK,2021,26,37,2021-09-19,97.0,,24.0,95.0,,0.0,,95.0,83.0
OK,2021,27,38,2021-09-26,97.0,,34.0,95.0,,0.0,,95.0,88.0
OK,2021,28,39,2021-10-03,97.0,,50.0,95.0,,7.0,,95.0,95.0
OK,2021,29,40,2021-10-10,97.0,,61.0,95.0,,14.0,,95.0,95.0
OK,2021,30,41,2021-10-17,97.0,,71.0,95.0,,23.0,,95.0,95.0
OK,2021,31,42,2021-10-24,97.0,,80.0,95.0,,39.0,,95.0,95.0
OK,2021,32,43,2021-10-31,97.0,,89.0,95.0,,48.0,,95.0,95.0
OK,2021,33,44,2021-11-07,97.0,,97.0,95.0,,63.0,,95.0,95.0
OK,2021,34,45,2021-11-14,97.0,,97.0,95.0,,70.0,,95.0,95.0
OK,2021,35,46,2021-11-21,97.0,,97.0,95.0,,80.0,,95.0,95.0
OK,2021,36,47,2021-11-28,97.0,,97.0,95.0,,87.0,,95.0,95.0
OK,2022,3,14,2022-04-10,0.0,,0.0,0.0,,0.0,,0.0,0.0
OK,2022,4,15,2022-04-17,0.0,,0.0,0.0,,0.0,,4.0,0.0
OK,2022,5,16,2022-04-24,0.0,,0.0,0.0,,0.0,,8.0,0.0
OK,2022,6,17,2022-05-01,0.0,,0.0,0.0,,0.0,,16.0,0.0
OK,2022,7,18,2022-05-08,0.0,,0.0,0.0,,0.0,,18.0,0.0
OK,2022,8,19,2022-05-15,0.0,,0.0,2.0,,0.0,,24.0,0.0
OK,2022,9,20,2022-05-22,0.0,,0.0,9.0,,0.0,,30.0,0.0
OK,2022,10,21,2022-05-29,0.0,,0.0,16.0,,0.0,,35.0,0.0
OK,2022,11,22,2022-06-05,0.0,,0.0,19.0,,0.0,,42.0,0.0
OK,2022,12,23,2022-06-12,0.0,,0.0,30.0,,0.0,,55.0,0.0
OK,2022,13,24,2022-06-19,0.0,,0.0,40.0,,0.0,,65.0,0.0
OK,2022,14,25,2022-06-26,0.0,,0.0,57.0,,0.0,,75.0,0.0
OK,2022,15,26,2022-07-03,0.0,,0.0,69.0,,0.0,,84.0,0.0
OK,2022,16,27,2022-07-10,5.0,,0.0,76.0,,0.0,,95.0,0.0
OK,2022,17,28,2022-07-17,13.0,,0.0,90.0,,0.0,,95.0,0.0
OK,2022,18,29,2022-07-24,37.0,,0.0,95.0,,0.0,,95.0,1.0
OK,2022,19,30,2022-07-31,43.0,,0.0,95.0,,0.0,,95.0,12.0
OK,2022,20,31,2022-08-07,60.0,,0.0,95.0,,0.0,,95.0,25.0
OK,2022,21,32,2022-08-14,65.0,,0.0,95.0,,0.0,,95.0,32.0
OK,2022,22,33,2022-08-21,74.0,,0.0,95.0,,0.0,,95.0,41.0
OK,2022,23,34,2022-08-28,80.0,,1.0,95.0,,0.0,,95.0,55.0
OK,2022,24,35,2022-09-04,87.0,,5.0,95.0,,0.0,,95.0,63.0
OK,2022,25,36,2022-09-11,95.0,,12.0,95.0,,0.0,,95.0,74.0
OK,2022,26,37,2022-09-18,95.0,,23.0,95.0,,0.0,,95.0,81.0
OK,2022,27,38,2022-09-25,95.0,,33.0,95.0,,0.0,,95.0,88.0
OK,2022,28,39,2022-10-02,95.0,,41.0,95.0,,0.0,,95.0,95.0
OK,2022,29,40,2022-10-09,95.0,,50.0,95.0,,15.0,,95.0,95.0
OK,2022,30,41,2022-10-16,95.0,,72.0,95.0,,30.0,,95.0,95.0
OK,2022,31,42,2022-10-23,95.0,,84.0,95.0,,40.0,,95.0,95.0
OK,2022,32,43,2022-10-30,95.0,,90.0,95.0,,50.0,,95.0,95.0
OK,2022,33,44,2022-11-06,95.0,,95.0,95.0,,55.0,,95.0,95.0
OK,2022,34,45,2022-11-13,95.0,,95.0,95.0,,70.0,,95.0,95.0
OK,2022,35,46,2022-11-20,95.0,,95.0,95.0,,82.0,,95.0,95.0
OK,2022,36,47,2022-11-27,95.0,,95.0,95.0,,90.0,,95.0,95.0
OK,2023,6,17,2023-04-30,0.0,,0.0,0.0,,0.0,0.0,5.0,0.0
OK,2023,7,18,2023-05-07,0.0,,0.0,0.0,,0.0,0.0,8.0,0.0
OK,2023,8,19,2023-05-14,0.0,,0.0,0.0,,0.0,0.0,18.0,0.0
OK,2023,9,20,2023-05-21,0.0,,0.0,5.0,,0.0,0.0,24.0,0.0
OK,2023,10,21,2023-05-28,0.0,,0.0,12.0,,0.0,0.0,35.0,0.0
OK,2023,11,22,2023-06-04,0.0,,0.0,18.0,,0.0,0.0,40.0,0.0
OK,2023,12,23,2023-06-11,0.0,,0.0,21.0,,0.0,0.0,54.0,0.0
OK,2023,13,24,2023-06-18,0.0,,0.0,30.0,,0.0,0.0,62.0,0.0
OK,2023,14,25,2023-06-25,0.0,,0.0,38.0,,0.0,0.0,70.0,0.0
OK,2023,15,26,2023-07-02,0.0,,0.0,68.0,,0.0,0.0,80.0,0.0
OK,2023,16,27,2023-07-09,6.0,,0.0,81.0,,0.0,0.0,87.0,0.0
OK,2023,17,28,2023-07-16,15.0,,0.0,86.0,,0.0,0.0,95.0,0.0
OK,2023,18,29,2023-07-23,45.0,,0.0,91.0,,0.0,0.0,95.0,5.0
OK,2023,19,30,2023-07-30,55.0,,0.0,95.0,,0.0,0.0,95.0,7.0
OK,2023,20,31,2023-08-06,68.0,,0.0,95.0,,0.0,0.0,95.0,17.0
OK,2023,21,32,2023-08-13,77.0,,0.0,95.0,,0.0,0.0,95.0,32.0
OK,2023,22,33,2023-08-20,82.0,,0.0,95.0,,0.0,0.0,95.0,44.0
OK,2023,23,34,2023-08-27,84.0,,0.0,95.0,,0.0,0.0,95.0,60.0
OK,2023,24,35,2023-09-03,86.0,,5.0,95.0,,0.0,0.0,95.0,67.0
OK,2023,25,36,2023-09-10,93.0,,10.0,95.0,,0.0,5.0,95.0,76.0
OK,2023,26,37,2023-09-17,97.0,,26.0,95.0,,0.0,10.0,95.0,84.0
OK,2023,27,38,2023-09-24,97.0,,32.0,95.0,,0.0,10.0,95.0,87.0
OK,2023,28,39,2023-10-01,97.0,,40.0,95.0,,7.0,10.0,95.0,95.0
OK,2023,29,40,2023-10-08,97.0,,50.0,95.0,,13.0,10.0,95.0,95.0
OK,2023,30,41,2023-10-15,97.0,,65.0,95.0,,23.0,10.0,95.0,95.0
OK,2023,31,42,2023-10-22,97.0,,80.0,95.0,,37.0,10.0,95.0,95.0
OK,2023,32,43,2023-10-29,97.0,,87.0,95.0,,47.0,10.0,95.0,95.0
OK,2023,33,44,2023-11-05,97.0,,95.0,95.0,,57.0,10.0,95.0,95.0
OK,2023,34,45,2023-11-12,97.0,,95.0,95.0,,70.0,10.0,95.0,95.0
OK,2023,35,46,2023-11-19,97.0,,95.0,95.0,,76.0,10.0,95.0,95.0
OK,2023,36,47,2023-11-26,97.0,,95.0,95.0,,81.0,10.0,95.0,95.0
OK,2024,4,15,2024-04-14,0.0,,0.0,0.0,,0.0,,0.0,0.0
OK,2024,5,16,2024-04-21,0.0,,0.0,0.0,,0.0,,0.0,0.0
OK,2024,6,17,2024-04-28,0.0,,0.0,0.0,,0.0,,0.0,0.0
OK,2024,7,18,2024-05-05,0.0,,0.0,0.0,,0.0,,7.0,0.0
OK,2024,8,19,2024-05-12,0.0,,0.0,0.0,,0.0,,15.0,0.0
OK,2024,9,20,2024-05-19,0.0,,0.0,0.0,,0.0,,24.0,0.0
OK,2024,10,21,2024-05-26,0.0,,0.0,0.0,,0.0,,29.0,0.0
OK,2024,11,22,2024-06-02,0.0,,0.0,0.0,,0.0,,37.0,0.0
OK,2024,12,23,2024-06-09,0.0,,0.0,7.0,,0.0,,50.0,0.0
OK,2024,13,24,2024-06-16,0.0,,0.0,25.0,,0.0,,75.0,0.0
OK,2024,14,25,2024-06-23,0.0,,0.0,57.0,,0.0,,83.0,0.0
OK,2024,15,26,2024-06-30,0.0,,0.0,70.0,,0.0,,91.0,0.0
OK,2024,16,27,2024-07-07,5.0,,0.0,76.0,,0.0,,95.0,0.0
OK,2024,17,28,2024-07-14,10.0,,0.0,84.0,,0.0,,95.0,0.0
OK,2024,18,29,2024-07-21,12.0,,0.0,90.0,,0.0,,95.0,0.0
OK,2024,19,30,2024-07-28,19.0,,0.0,95.0,,0.0,,95.0,5.0
OK,2024,20,31,2024-08-04,39.0,,0.0,95.0,,0.0,,95.0,9.0
OK,2024,21,32,2024-08-11,55.0,,0.0,95.0,,0.0,,95.0,17.0
OK,2024,22,33,2024-08-18,65.0,,0.0,95.0,,0.0,,95.0,30.0
OK,2024,23,34,2024-08-25,74.0,,0.0,95.0,,0.0,,95.0,45.0
OK,2024,24,35,2024-09-01,84.0,,0.0,95.0,,0.0,,95.0,59.0
OK,2024,25,36,2024-09-08,93.0,,10.0,95.0,,0.0,,95.0,69.0
OK,2024,26,37,2024-09-15,95.0,,17.0,95.0,,0.0,,95.0,78.0
OK,2024,27,38,2024-09-22,95.0,,27.0,95.0,,0.0,,95.0,83.0
OK,2024,28,39,2024-09-29,95.0,,36.0,95.0,,5.0,,95.0,92.0
OK,2024,29,40,2024-10-06,95.0,,45.0,95.0,,8.0,,95.0,95.0
OK,2024,30,41,2024-10-13,95.0,,55.0,95.0,,13.0,,95.0,95.0
OK,2024,31,42,2024-10-20,95.0,,64.0,95.0,,21.0,,95.0,95.0
OK,2024,32,43,2024-10-27,95.0,,80.0,95.0,,35.0,,95.0,95.0
OK,2024,33,44,2024-11-03,95.0,,85.0,95.0,,49.0,,95.0,95.0
OK,2024,34,45,2024-11-10,95.0,,90.0,95.0,,59.0,,95.0,95.0
OK,2024,35,46,2024-11-17,95.0,,95.0,95.0,,70.0,,95.0,95.0
OK,2024,36,47,2024-11-24,95.0,,95.0,95.0,,76.0,,95.0,95.0
OK,2025,4,15,2025-04-13,0.0,,0.0,0.0,,0.0,,0.0,0.0
OK,2025,5,16,2025-04-20,0.0,,0.0,0.0,,0.0,,5.0,0.0
OK,2025,6,17,2025-04-27,0.0,,0.0,0.0,,0.0,,11.0,0.0
OK,2025,7,18,2025-05-04,0.0,,0.0,0.0,,0.0,,15.0,0.0
OK,2025,8,19,2025-05-11,0.0,,0.0,9.0,,0.0,,29.0,0.0
OK,2025,9,20,2025-05-18,0.0,,0.0,11.0,,0.0,,37.0,0.0
OK,2025,10,21,2025-05-25,0.0,,0.0,14.0,,0.0,,40.0,0.0
OK,2025,11,22,2025-06-01,0.0,,0.0,21.0,,0.0,,46.0,0.0
OK,2025,12,23,2025-06-08,0.0,,0.0,27.0,,0.0,,50.0,0.0
OK,2025,13,24,2025-06-15,0.0,,0.0,37.0,,0.0,,57.0,0.0
OK,2025,14,25,2025-06-22,0.0,,0.0,43.0,,0.0,,64.0,0.0
OK,2025,15,26,2025-06-29,0.0,,0.0,49.0,,0.0,,74.0,0.0
OK,2025,16,27,2025-07-06,1.0,,0.0,60.0,,0.0,,85.0,0.0
OK,2025,17,28,2025-07-13,6.0,,0.0,73.0,,0.0,,90.0,0.0
OK,2025,18,29,2025-07-20,10.0,,0.0,81.0,,0.0,,97.0,0.0
OK,2025,19,30,2025-07-27,14.0,,0.0,95.0,,0.0,,97.0,0.0
OK,2025,20,31,2025-08-03,31.0,,0.0,98.0,,0.0,,97.0,8.0
OK,2025,21,32,2025-08-10,50.0,,0.0,98.0,,0.0,,97.0,12.0
OK,2025,22,33,2025-08-17,53.0,,0.0,98.0,,0.0,,97.0,20.0
OK,2025,23,34,2025-08-24,63.0,,0.0,98.0,,0.0,,97.0,33.0
OK,2025,24,35,2025-08-31,75.0,,0.0,98.0,,0.0,,97.0,50.0
OK,2025,25,36,2025-09-07,85.0,,3.0,98.0,,0.0,,97.0,60.0
OK,2025,26,37,2025-09-14,92.0,,7.0,98.0,,0.0,,97.0,69.0
OK,2025,27,38,2025-09-21,97.0,,15.0,98.0,,0.0,,97.0,75.0
OK,2025,28,39,2025-09-28,97.0,,26.0,98.0,,0.0,,97.0,83.0
OK,2025,35,46,2025-11-16,97.0,,97.0,98.0,,79.0,,97.0,83.0
OK,2025,36,47,2025-11-23,97.0,,97.0,98.0,,85.0,,97.0,83.0
PA,2016,4,15,2016-04-17,0.0,0.0,,0.0,,0.0,,0.0,0.0
PA,2016,5,16,2016-04-24,0.0,0.0,,0.0,,0.0,,0.0,0.0
PA,2016,6,17,2016-05-01,0.0,0.0,,0.0,,0.0,,5.0,0.0
PA,2016,7,18,2016-05-08,0.0,0.0,,0.0,,0.0,,10.0,0.0
PA,2016,8,19,2016-05-15,0.0,0.0,,2.0,,0.0,,17.0,0.0
PA,2016,9,20,2016-05-22,0.0,0.0,,10.0,,0.0,,33.0,0.0
PA,2016,10,21,2016-05-29,0.0,0.0,,20.0,,0.0,,59.0,0.0
PA,2016,11,22,2016-06-05,0.0,0.0,,47.0,,0.0,,74.0,0.0
PA,2016,12,23,2016-06-12,0.0,0.0,,70.0,,0.0,,85.0,0.0
PA,2016,13,24,2016-06-19,0.0,0.0,,84.0,,0.0,,91.0,0.0
PA,2016,14,25,2016-06-26,0.0,0.0,,88.0,,0.0,,93.0,0.0
PA,2016,15,26,2016-07-03,0.0,0.0,,91.0,,0.0,,94.0,0.0
PA,2016,16,27,2016-07-10,0.0,0.0,,92.0,,0.0,,95.0,0.0
PA,2016,17,28,2016-07-17,0.0,0.0,,94.0,,0.0,,97.0,0.0
PA,2016,18,29,2016-07-24,28.0,0.0,,95.0,,0.0,,98.0,1.0
PA,2016,19,30,2016-07-31,41.0,0.0,,98.0,,0.0,,100.0,23.0
PA,2016,20,31,2016-08-07,68.0,0.0,,98.0,,0.0,,100.0,45.0
PA,2016,21,32,2016-08-14,85.0,0.0,,98.0,,0.0,,100.0,69.0
PA,2016,22,33,2016-08-21,88.0,0.0,,98.0,,0.0,,100.0,78.0
PA,2016,23,34,2016-08-28,91.0,0.0,,98.0,,0.0,,100.0,84.0
PA,2016,24,35,2016-09-04,92.0,0.0,,98.0,,0.0,,100.0,90.0
PA,2016,25,36,2016-09-11,94.0,0.0,,98.0,,0.0,,100.0,91.0
PA,2016,26,37,2016-09-18,96.0,39.0,,98.0,,0.0,,100.0,94.0
PA,2016,27,38,2016-09-25,96.0,70.0,,98.0,,0.0,,100.0,96.0
PA,2016,28,39,2016-10-02,96.0,79.0,,98.0,,0.0,,100.0,96.0
PA,2016,29,40,2016-10-09,96.0,88.0,,98.0,,13.0,,100.0,96.0
PA,2016,30,41,2016-10-16,96.0,93.0,,98.0,,39.0,,100.0,96.0
PA,2016,31,42,2016-10-23,96.0,95.0,,98.0,,59.0,,100.0,96.0
PA,2016,32,43,2016-10-30,96.0,95.0,,98.0,,73.0,,100.0,96.0
PA,2016,33,44,2016-11-06,96.0,95.0,,98.0,,84.0,,100.0,96.0
PA,2016,34,45,2016-11-13,96.0,95.0,,98.0,,91.0,,100.0,96.0
PA,2016,35,46,2016-11-20,96.0,95.0,,98.0,,93.0,,100.0,96.0
PA,2016,36,47,2016-11-27,96.0,95.0,,98.0,,100.0,,100.0,96.0
PA,2017,7,18,2017-05-07,0.0,0.0,0.0,0.0,0.0,0.0,,1.0,0.0
PA,2017,8,19,2017-05-14,0.0,0.0,0.0,0.0,0.0,0.0,,9.0,0.0
PA,2017,9,20,2017-05-21,0.0,0.0,0.0,3.0,0.0,0.0,,34.0,0.0
PA,2017,10,21,2017-05-28,0.0,0.0,0.0,18.0,0.0,0.0,,47.0,0.0
PA,2017,11,22,2017-06-04,0.0,0.0,0.0,39.0,0.0,0.0,,62.0,0.0
PA,2017,12,23,2017-06-11,0.0,0.0,0.0,61.0,0.0,0.0,,77.0,0.0
PA,2017,13,24,2017-06-18,0.0,0.0,0.0,74.0,0.0,0.0,,86.0,0.0
PA,2017,14,25,2017-06-25,0.0,0.0,0.0,82.0,0.0,0.0,,90.0,0.0
PA,2017,15,26,2017-07-02,2.0,0.0,0.0,87.0,0.0,0.0,,93.0,0.0
PA,2017,16,27,2017-07-09,26.0,0.0,0.0,95.0,0.0,0.0,,98.0,0.0
PA,2017,17,28,2017-07-16,40.0,0.0,0.0,97.0,0.0,0.0,,100.0,0.0
PA,2017,18,29,2017-07-23,53.0,0.0,0.0,98.0,0.0,0.0,,100.0,0.0
PA,2017,19,30,2017-07-30,74.0,0.0,0.0,99.0,0.0,0.0,,100.0,0.0
PA,2017,20,31,2017-08-06,83.0,0.0,0.0,100.0,0.0,0.0,,100.0,0.0
PA,2017,21,32,2017-08-13,88.0,0.0,0.0,100.0,0.0,0.0,,100.0,33.0
PA,2017,22,33,2017-08-20,90.0,0.0,0.0,100.0,0.0,0.0,,100.0,63.0
PA,2017,23,34,2017-08-27,92.0,0.0,0.0,100.0,0.0,0.0,,100.0,77.0
PA,2017,24,35,2017-09-03,95.0,0.0,0.0,100.0,0.0,0.0,,100.0,81.0
PA,2017,25,36,2017-09-10,98.0,0.0,0.0,100.0,0.0,0.0,,100.0,90.0
PA,2017,26,37,2017-09-17,98.0,19.0,3.0,100.0,47.0,0.0,,100.0,90.0
PA,2017,27,38,2017-09-24,98.0,48.0,3.0,100.0,47.0,0.0,,100.0,100.0
PA,2017,28,39,2017-10-01,98.0,68.0,3.0,100.0,47.0,0.0,,100.0,100.0
PA,2017,29,40,2017-10-08,98.0,80.0,3.0,100.0,47.0,13.0,,100.0,100.0
PA,2017,30,41,2017-10-15,98.0,92.0,3.0,100.0,47.0,27.0,,100.0,100.0
PA,2017,31,42,2017-10-22,98.0,97.0,3.0,100.0,47.0,52.0,,100.0,100.0
PA,2017,32,43,2017-10-29,98.0,100.0,3.0,100.0,47.0,67.0,,100.0,100.0
PA,2017,33,44,2017-11-05,98.0,100.0,3.0,100.0,47.0,74.0,,100.0,100.0
PA,2017,34,45,2017-11-12,98.0,100.0,3.0,100.0,47.0,81.0,,100.0,100.0
PA,2017,35,46,2017-11-19,98.0,100.0,3.0,100.0,47.0,88.0,,100.0,100.0
PA,2017,36,47,2017-11-26,98.0,100.0,3.0,100.0,47.0,94.0,,100.0,100.0
PA,2018,7,18,2018-05-06,0.0,,,0.0,,0.0,,3.0,
PA,2018,8,19,2018-05-13,0.0,,,2.0,,0.0,,17.0,
PA,2018,9,20,2018-05-20,0.0,,,3.0,,0.0,,19.0,
PA,2018,10,21,2018-05-27,0.0,,,20.0,,0.0,,36.0,
PA,2018,11,22,2018-06-03,0.0,,,36.0,,0.0,,61.0,
PA,2018,12,23,2018-06-10,0.0,,,51.0,,0.0,,70.0,
PA,2018,13,24,2018-06-17,0.0,,,69.0,,0.0,,81.0,
PA,2018,14,25,2018-06-24,0.0,,,80.0,,0.0,,87.0,
PA,2018,15,26,2018-07-01,0.0,,,85.0,,0.0,,92.0,
PA,2018,16,27,2018-07-08,0.0,,,86.0,,0.0,,93.0,
PA,2018,17,28,2018-07-15,0.0,,,89.0,,0.0,,95.0,
PA,2018,18,29,2018-07-22,0.0,,,93.0,,0.0,,95.0,
PA,2018,19,30,2018-07-29,0.0,,,100.0,,0.0,,95.0,
PA,2018,20,31,2018-08-05,25.0,,,100.0,,0.0,,95.0,
PA,2018,21,32,2018-08-12,62.0,,,100.0,,0.0,,95.0,
PA,2018,22,33,2018-08-19,74.0,,,100.0,,0.0,,95.0,
PA,2018,23,34,2018-08-26,87.0,,,100.0,,0.0,,95.0,
PA,2018,24,35,2018-09-02,90.0,,,100.0,,0.0,,95.0,
PA,2018,25,36,2018-09-09,91.0,,,100.0,,0.0,,95.0,
PA,2018,26,37,2018-09-16,93.0,,,100.0,,0.0,,95.0,
PA,2018,27,38,2018-09-23,95.0,,,100.0,,1.0,,95.0,
PA,2018,28,39,2018-09-30,95.0,,,100.0,,2.0,,95.0,
PA,2018,29,40,2018-10-07,95.0,,,100.0,,11.0,,95.0,
PA,2018,30,41,2018-10-14,95.0,,,100.0,,17.0,,95.0,
PA,2018,31,42,2018-10-21,95.0,,,100.0,,28.0,,95.0,
PA,2018,32,43,2018-10-28,95.0,,,100.0,,46.0,,95.0,
PA,2018,33,44,2018-11-04,95.0,,,100.0,,55.0,,95.0,
PA,2018,34,45,2018-11-11,95.0,,,100.0,,64.0,,95.0,
PA,2018,35,46,2018-11-18,95.0,,,100.0,,69.0,,95.0,
PA,2018,36,47,2018-11-25,95.0,,,100.0,,77.0,,95.0,
PA,2019,7,18,2019-05-05,,,,0.0,,0.0,,0.0,
PA,2019,8,19,2019-05-12,,,,0.0,,0.0,,3.0,
PA,2019,9,20,2019-05-19,,,,3.0,,0.0,,12.0,
PA,2019,10,21,2019-05-26,,,,12.0,,0.0,,37.0,
PA,2019,11,22,2019-06-02,,,,33.0,,0.0,,48.0,
PA,2019,12,23,2019-06-09,,,,48.0,,0.0,,72.0,
PA,2019,13,24,2019-06-16,,,,70.0,,0.0,,81.0,
PA,2019,14,25,2019-06-23,,,,76.0,,0.0,,87.0,
PA,2019,15,26,2019-06-30,,,,80.0,,0.0,,90.0,
PA,2019,16,27,2019-07-07,,,,82.0,,0.0,,93.0,
PA,2019,17,28,2019-07-14,,,,88.0,,0.0,,96.0,
PA,2019,18,29,2019-07-21,,,,91.0,,0.0,,96.0,
PA,2019,19,30,2019-07-28,,,,92.0,,0.0,,96.0,
PA,2019,20,31,2019-08-04,,,,94.0,,0.0,,96.0,
PA,2019,21,32,2019-08-11,,,,99.0,,0.0,,96.0,
PA,2019,26,37,2019-09-15,,,,99.0,,0.0,,96.0,
PA,2019,27,38,2019-09-22,,,,99.0,,3.0,,96.0,
PA,2019,28,39,2019-09-29,,,,99.0,,19.0,,96.0,
PA,2019,29,40,2019-10-06,,,,99.0,,34.0,,96.0,
PA,2019,30,41,2019-10-13,,,,99.0,,39.0,,96.0,
PA,2019,31,42,2019-10-20,,,,99.0,,54.0,,96.0,
PA,2019,32,43,2019-10-27,,,,99.0,,67.0,,96.0,
PA,2019,33,44,2019-11-03,,,,99.0,,77.0,,96.0,
PA,2019,34,45,2019-11-10,,,,99.0,,82.0,,96.0,
PA,2019,35,46,2019-11-17,,,,99.0,,87.0,,96.0,
PA,2019,36,47,2019-11-24,,,,99.0,,90.0,,96.0,
PA,2019,37,48,2019-12-01,,,,99.0,,94.0,,96.0,
PA,2019,38,49,2019-12-08,,,,99.0,,97.0,,96.0,
PA,2020,8,19,2020-05-10,,,,0.0,,0.0,,1.0,
PA,2020,9,20,2020-05-17,,,,0.0,,0.0,,9.0,
PA,2020,10,21,2020-05-24,,,,5.0,,0.0,,31.0,
PA,2020,11,22,2020-05-31,,,,30.0,,0.0,,56.0,
PA,2020,12,23,2020-06-07,,,,48.0,,0.0,,72.0,
PA,2020,13,24,2020-06-14,,,,65.0,,0.0,,83.0,
PA,2020,14,25,2020-06-21,,,,74.0,,0.0,,89.0,
PA,2020,15,26,2020-06-28,,,,84.0,,0.0,,93.0,
PA,2020,16,27,2020-07-05,,,,88.0,,0.0,,94.0,
PA,2020,17,28,2020-07-12,,,,90.0,,0.0,,97.0,
PA,2020,18,29,2020-07-19,,,,94.0,,0.0,,97.0,
PA,2020,19,30,2020-07-26,,,,96.0,,0.0,,97.0,
PA,2020,27,38,2020-09-20,,,,96.0,,1.0,,97.0,
PA,2020,28,39,2020-09-27,,,,96.0,,14.0,,97.0,
PA,2020,29,40,2020-10-04,,,,96.0,,18.0,,97.0,
PA,2020,30,41,2020-10-11,,,,96.0,,40.0,,97.0,
PA,2020,31,42,2020-10-18,,,,96.0,,64.0,,97.0,
PA,2020,32,43,2020-10-25,,,,96.0,,75.0,,97.0,
PA,2020,33,44,2020-11-01,,,,96.0,,84.0,,97.0,
PA,2020,34,45,2020-11-08,,,,96.0,,90.0,,97.0,
PA,2020,35,46,2020-11-15,,,,96.0,,93.0,,97.0,
PA,2020,36,47,2020-11-22,,,,96.0,,96.0,,97.0,
PA,2021,6,17,2021-05-02,0.0,,0.0,0.0,,0.0,,2.0,0.0
PA,2021,7,18,2021-05-09,0.0,,0.0,0.0,,0.0,,7.0,0.0
PA,2021,8,19,2021-05-16,0.0,,0.0,2.0,,0.0,,42.0,0.0
PA,2021,9,20,2021-05-23,0.0,,0.0,20.0,,0.0,,59.0,0.0
PA,2021,10,21,2021-05-30,0.0,,0.0,34.0,,0.0,,71.0,0.0
PA,2021,11,22,2021-06-06,0.0,,0.0,56.0,,0.0,,77.0,0.0
PA,2021,12,23,2021-06-13,0.0,,0.0,71.0,,0.0,,86.0,0.0
PA,2021,13,24,2021-06-20,0.0,,0.0,84.0,,0.0,,90.0,0.0
PA,2021,14,25,2021-06-27,0.0,,0.0,90.0,,0.0,,94.0,0.0
PA,2021,15,26,2021-07-04,4.0,,0.0,92.0,,0.0,,98.0,0.0
PA,2021,16,27,2021-07-11,22.0,,0.0,95.0,,0.0,,98.0,0.0
PA,2021,17,28,2021-07-18,37.0,,0.0,95.0,,0.0,,98.0,3.0
PA,2021,18,29,2021-07-25,41.0,,0.0,95.0,,0.0,,98.0,9.0
PA,2021,19,30,2021-08-01,58.0,,0.0,95.0,,0.0,,98.0,35.0
PA,2021,20,31,2021-08-08,65.0,,0.0,95.0,,0.0,,98.0,52.0
PA,2021,21,32,2021-08-15,71.0,,0.0,95.0,,0.0,,98.0,62.0
PA,2021,22,33,2021-08-22,78.0,,0.0,95.0,,0.0,,98.0,71.0
PA,2021,23,34,2021-08-29,82.0,,0.0,95.0,,0.0,,98.0,76.0
PA,2021,24,35,2021-09-05,83.0,,8.0,95.0,,0.0,,98.0,79.0
PA,2021,25,36,2021-09-12,87.0,,21.0,95.0,,0.0,,98.0,83.0
PA,2021,26,37,2021-09-19,95.0,,34.0,95.0,,0.0,,98.0,90.0
PA,2021,27,38,2021-09-26,95.0,,48.0,95.0,,0.0,,98.0,99.0
PA,2021,28,39,2021-10-03,95.0,,64.0,95.0,,2.0,,98.0,99.0
PA,2021,29,40,2021-10-10,95.0,,76.0,95.0,,6.0,,98.0,99.0
PA,2021,30,41,2021-10-17,95.0,,88.0,95.0,,18.0,,98.0,99.0
PA,2021,31,42,2021-10-24,95.0,,99.0,95.0,,44.0,,98.0,99.0
PA,2021,32,43,2021-10-31,95.0,,99.0,95.0,,58.0,,98.0,99.0
PA,2021,33,44,2021-11-07,95.0,,99.0,95.0,,77.0,,98.0,99.0
PA,2021,34,45,2021-11-14,95.0,,99.0,95.0,,89.0,,98.0,99.0
PA,2021,35,46,2021-11-21,95.0,,99.0,95.0,,92.0,,98.0,99.0
PA,2021,36,47,2021-11-28,95.0,,99.0,95.0,,96.0,,98.0,99.0
PA,2022,6,17,2022-05-01,0.0,0.0,0.0,0.0,0.0,0.0,,1.0,0.0
PA,2022,7,18,2022-05-08,0.0,0.0,0.0,0.0,0.0,0.0,,8.0,0.0
PA,2022,8,19,2022-05-15,0.0,0.0,0.0,0.0,0.0,0.0,,10.0,0.0
PA,2022,9,20,2022-05-22,0.0,0.0,0.0,3.0,0.0,0.0,,23.0,0.0
PA,2022,10,21,2022-05-29,0.0,0.0,0.0,11.0,0.0,0.0,,49.0,0.0
PA,2022,11,22,2022-06-05,0.0,0.0,0.0,47.0,0.0,0.0,,64.0,0.0
PA,2022,12,23,2022-06-12,0.0,0.0,0.0,56.0,0.0,0.0,,74.0,0.0
PA,2022,13,24,2022-06-19,0.0,0.0,0.0,65.0,0.0,0.0,,80.0,0.0
PA,2022,14,25,2022-06-26,0.0,0.0,0.0,76.0,0.0,0.0,,88.0,0.0
PA,2022,15,26,2022-07-03,1.0,0.0,0.0,80.0,0.0,0.0,,95.0,0.0
PA,2022,16,27,2022-07-10,5.0,0.0,0.0,90.0,0.0,0.0,,95.0,0.0
PA,2022,17,28,2022-07-17,13.0,0.0,0.0,95.0,0.0,0.0,,95.0,0.0
PA,2022,18,29,2022-07-24,42.0,0.0,0.0,95.0,0.0,0.0,,95.0,4.0
PA,2022,19,30,2022-07-31,55.0,0.0,0.0,95.0,0.0,0.0,,95.0,28.0
PA,2022,20,31,2022-08-07,70.0,0.0,0.0,95.0,0.0,0.0,,95.0,55.0
PA,2022,21,32,2022-08-14,95.0,0.0,0.0,95.0,0.0,0.0,,95.0,69.0
PA,2022,22,33,2022-08-21,95.0,0.0,0.0,95.0,0.0,0.0,,95.0,78.0
PA,2022,23,34,2022-08-28,95.0,0.0,0.0,95.0,0.0,0.0,,95.0,81.0
PA,2022,24,35,2022-09-04,95.0,0.0,0.0,95.0,0.0,0.0,,95.0,90.0
PA,2022,25,36,2022-09-11,95.0,1.0,0.0,95.0,10.0,0.0,,95.0,95.0
PA,2022,26,37,2022-09-18,95.0,1.0,3.0,95.0,10.0,0.0,,95.0,95.0
PA,2022,27,38,2022-09-25,95.0,1.0,30.0,95.0,10.0,0.0,,95.0,95.0
PA,2022,28,39,2022-10-02,95.0,1.0,50.0,95.0,10.0,0.0,,95.0,95.0
PA,2022,29,40,2022-10-09,95.0,1.0,70.0,95.0,10.0,3.0,,95.0,95.0
PA,2022,30,41,2022-10-16,95.0,1.0,80.0,95.0,10.0,13.0,,95.0,95.0
PA,2022,31,42,2022-10-23,95.0,1.0,90.0,95.0,10.0,20.0,,95.0,95.0
PA,2022,32,43,2022-10-30,95.0,1.0,95.0,95.0,10.0,45.0,,95.0,95.0
PA,2022,33,44,2022-11-06,95.0,1.0,95.0,95.0,10.0,53.0,,95.0,95.0
PA,2022,34,45,2022-11-13,95.0,1.0,95.0,95.0,10.0,65.0,,95.0,95.0
PA,2022,35,46,2022-11-20,95.0,1.0,95.0,95.0,10.0,70.0,,95.0,95.0
PA,2022,36,47,2022-11-27,95.0,1.0,95.0,95.0,10.0,85.0,,95.0,95.0
PA,2023,6,17,2023-04-30,0.0,,0.0,0.0,,0.0,,2.0,0.0
PA,2023,7,18,2023-05-07,0.0,,0.0,0.0,,0.0,,7.0,0.0
PA,2023,8,19,2023-05-14,0.0,,0.0,1.0,,0.0,,28.0,0.0
PA,2023,9,20,2023-05-21,0.0,,0.0,21.0,,0.0,,44.0,0.0
PA,2023,10,21,2023-05-28,0.0,,0.0,49.0,,0.0,,61.0,0.0
PA,2023,11,22,2023-06-04,0.0,,0.0,61.0,,0.0,,67.0,0.0
PA,2023,12,23,2023-06-11,0.0,,0.0,63.0,,0.0,,77.0,0.0
PA,2023,13,24,2023-06-18,0.0,,0.0,68.0,,0.0,,82.0,0.0
PA,2023,14,25,2023-06-25,1.0,,0.0,71.0,,0.0,,87.0,0.0
PA,2023,15,26,2023-07-02,4.0,,0.0,75.0,,0.0,,90.0,0.0
PA,2023,16,27,2023-07-09,6.0,,0.0,79.0,,0.0,,93.0,0.0
PA,2023,17,28,2023-07-16,11.0,,0.0,90.0,,0.0,,95.0,1.0
PA,2023,18,29,2023-07-23,32.0,,0.0,95.0,,0.0,,95.0,3.0
PA,2023,19,30,2023-07-30,50.0,,0.0,95.0,,0.0,,95.0,11.0
PA,2023,20,31,2023-08-06,65.0,,0.0,95.0,,0.0,,95.0,39.0
PA,2023,21,32,2023-08-13,82.0,,0.0,95.0,,0.0,,95.0,56.0
PA,2023,22,33,2023-08-20,94.0,,0.0,95.0,,0.0,,95.0,68.0
PA,2023,23,34,2023-08-27,98.0,,0.0,95.0,,0.0,,95.0,75.0
PA,2023,24,35,2023-09-03,98.0,,1.0,95.0,,0.0,,95.0,85.0
PA,2023,25,36,2023-09-10,98.0,,7.0,95.0,,0.0,,95.0,95.0
PA,2023,26,37,2023-09-17,98.0,,14.0,95.0,,0.0,,95.0,95.0
PA,2023,27,38,2023-09-24,98.0,,38.0,95.0,,3.0,,95.0,95.0
PA,2023,28,39,2023-10-01,98.0,,66.0,95.0,,6.0,,95.0,95.0
PA,2023,29,40,2023-10-08,98.0,,81.0,95.0,,13.0,,95.0,95.0
PA,2023,30,41,2023-10-15,98.0,,88.0,95.0,,23.0,,95.0,95.0
PA,2023,31,42,2023-10-22,98.0,,95.0,95.0,,36.0,,95.0,95.0
PA,2023,32,43,2023-10-29,98.0,,95.0,95.0,,50.0,,95.0,95.0
PA,2023,33,44,2023-11-05,98.0,,95.0,95.0,,63.0,,95.0,95.0
PA,2023,34,45,2023-11-12,98.0,,95.0,95.0,,76.0,,95.0,95.0
PA,2023,35,46,2023-11-19,98.0,,95.0,95.0,,86.0,,95.0,95.0
PA,2023,36,47,2023-11-26,98.0,,95.0,95.0,,95.0,,95.0,95.0
PA,2024,7,18,2024-05-05,0.0,,0.0,0.0,,0.0,,2.0,0.0
PA,2024,8,19,2024-05-12,0.0,,0.0,0.0,,0.0,,19.0,0.0
PA,2024,9,20,2024-05-19,0.0,,0.0,2.0,,0.0,,21.0,0.0
PA,2024,10,21,2024-05-26,0.0,,0.0,13.0,,0.0,,35.0,0.0
PA,2024,11,22,2024-06-02,0.0,,0.0,30.0,,0.0,,50.0,0.0
PA,2024,12,23,2024-06-09,0.0,,0.0,50.0,,0.0,,70.0,0.0
PA,2024,13,24,2024-06-16,0.0,,0.0,65.0,,0.0,,82.0,0.0
PA,2024,14,25,2024-06-23,0.0,,0.0,70.0,,0.0,,87.0,0.0
PA,2024,15,26,2024-06-30,10.0,,0.0,83.0,,0.0,,95.0,0.0
PA,2024,16,27,2024-07-07,14.0,,0.0,95.0,,0.0,,95.0,0.0
PA,2024,17,28,2024-07-14,34.0,,0.0,95.0,,0.0,,95.0,9.0
PA,2024,18,29,2024-07-21,46.0,,0.0,95.0,,0.0,,95.0,21.0
PA,2024,19,30,2024-07-28,61.0,,0.0,95.0,,0.0,,95.0,39.0
PA,2024,20,31,2024-08-04,70.0,,0.0,95.0,,0.0,,95.0,47.0
PA,2024,21,32,2024-08-11,83.0,,0.0,95.0,,0.0,,95.0,57.0
PA,2024,22,33,2024-08-18,90.0,,0.0,95.0,,0.0,,95.0,62.0
PA,2024,23,34,2024-08-25,95.0,,0.0,95.0,,0.0,,95.0,72.0
PA,2024,24,35,2024-09-01,95.0,,8.0,95.0,,0.0,,95.0,84.0
PA,2024,25,36,2024-09-08,95.0,,12.0,95.0,,0.0,,95.0,94.0
PA,2024,26,37,2024-09-15,95.0,,29.0,95.0,,0.0,,95.0,96.0
PA,2024,27,38,2024-09-22,95.0,,44.0,95.0,,1.0,,95.0,96.0
PA,2024,28,39,2024-09-29,95.0,,54.0,95.0,,2.0,,95.0,96.0
PA,2024,29,40,2024-10-06,95.0,,68.0,95.0,,4.0,,95.0,96.0
PA,2024,30,41,2024-10-13,95.0,,78.0,95.0,,17.0,,95.0,96.0
PA,2024,31,42,2024-10-20,95.0,,90.0,95.0,,32.0,,95.0,96.0
PA,2024,32,43,2024-10-27,95.0,,95.0,95.0,,45.0,,95.0,96.0
PA,2024,33,44,2024-11-03,95.0,,95.0,95.0,,61.0,,95.0,96.0
PA,2024,34,45,2024-11-10,95.0,,95.0,95.0,,73.0,,95.0,96.0
PA,2024,35,46,2024-11-17,95.0,,95.0,95.0,,85.0,,95.0,96.0
PA,2024,36,47,2024-11-24,95.0,,95.0,95.0,,95.0,,95.0,96.0
PA,2025,7,18,2025-05-04,0.0,,0.0,0.0,,0.0,,10.0,0.0
PA,2025,8,19,2025-05-11,0.0,,0.0,0.0,,0.0,,30.0,0.0
PA,2025,9,20,2025-05-18,0.0,,0.0,15.0,,0.0,,39.0,0.0
PA,2025,10,21,2025-05-25,0.0,,0.0,21.0,,0.0,,45.0,0.0
PA,2025,11,22,2025-06-01,0.0,,0.0,35.0,,0.0,,57.0,0.0
PA,2025,12,23,2025-06-08,0.0,,0.0,55.0,,0.0,,72.0,0.0
PA,2025,13,24,2025-06-15,0.0,,0.0,66.0,,0.0,,78.0,0.0
PA,2025,14,25,2025-06-22,0.0,,0.0,75.0,,0.0,,84.0,0.0
PA,2025,15,26,2025-06-29,1.0,,0.0,80.0,,0.0,,90.0,0.0
PA,2025,16,27,2025-07-06,12.0,,0.0,82.0,,0.0,,95.0,0.0
PA,2025,17,28,2025-07-13,25.0,,0.0,90.0,,0.0,,95.0,0.0
PA,2025,18,29,2025-07-20,37.0,,0.0,95.0,,0.0,,95.0,8.0
PA,2025,19,30,2025-07-27,57.0,,0.0,95.0,,0.0,,95.0,19.0
PA,2025,20,31,2025-08-03,70.0,,0.0,95.0,,0.0,,95.0,43.0
PA,2025,21,32,2025-08-10,81.0,,0.0,95.0,,0.0,,95.0,63.0
PA,2025,22,33,2025-08-17,95.0,,0.0,95.0,,0.0,,95.0,85.0
PA,2025,23,34,2025-08-24,95.0,,0.0,95.0,,0.0,,95.0,95.0
PA,2025,24,35,2025-08-31,95.0,,4.0,95.0,,0.0,,95.0,95.0
PA,2025,25,36,2025-09-07,95.0,,10.0,95.0,,0.0,,95.0,95.0
PA,2025,26,37,2025-09-14,95.0,,20.0,95.0,,0.0,,95.0,95.0
PA,2025,27,38,2025-09-21,95.0,,40.0,95.0,,0.0,,95.0,95.0
PA,2025,28,39,2025-09-28,95.0,,51.0,95.0,,4.0,,95.0,95.0
PA,2025,35,46,2025-11-16,95.0,,100.0,95.0,,94.0,,95.0,95.0
PA,2025,36,47,2025-11-23,95.0,,100.0,95.0,,98.0,,95.0,95.0
SC,2016,6,17,2016-05-01,0.0,,0.0,0.0,,0.0,,1.0,0.0
SC,2016,7,18,2016-05-08,0.0,,0.0,0.0,,0.0,,7.0,0.0
SC,2016,8,19,2016-05-15,0.0,,0.0,0.0,,0.0,,11.0,0.0
SC,2016,9,20,2016-05-22,0.0,,0.0,14.0,,0.0,,30.0,0.0
SC,2016,10,21,2016-05-29,0.0,,0.0,30.0,,0.0,,57.0,0.0
SC,2016,11,22,2016-06-05,0.0,,0.0,45.0,,0.0,,65.0,0.0
SC,2016,12,23,2016-06-12,0.0,,0.0,60.0,,0.0,,72.0,0.0
SC,2016,13,24,2016-06-19,1.0,,0.0,72.0,,0.0,,86.0,0.0
SC,2016,14,25,2016-06-26,1.0,,0.0,86.0,,0.0,,92.0,0.0
SC,2016,15,26,2016-07-03,3.0,,0.0,94.0,,0.0,,96.0,0.0
SC,2016,16,27,2016-07-10,11.0,,0.0,96.0,,0.0,,96.0,0.0
SC,2016,17,28,2016-07-17,24.0,,0.0,96.0,,0.0,,96.0,0.0
SC,2016,18,29,2016-07-24,31.0,,0.0,96.0,,0.0,,96.0,0.0
SC,2016,19,30,2016-07-31,47.0,,0.0,96.0,,0.0,,96.0,1.0
SC,2016,20,31,2016-08-07,52.0,,0.0,96.0,,0.0,,96.0,5.0
SC,2016,21,32,2016-08-14,67.0,,0.0,96.0,,0.0,,96.0,28.0
SC,2016,22,33,2016-08-21,83.0,,0.0,96.0,,0.0,,96.0,40.0
SC,2016,23,34,2016-08-28,88.0,,0.0,96.0,,0.0,,96.0,54.0
SC,2016,24,35,2016-09-04,96.0,,5.0,96.0,,0.0,,96.0,70.0
SC,2016,25,36,2016-09-11,96.0,,7.0,96.0,,0.0,,96.0,84.0
SC,2016,26,37,2016-09-18,96.0,,12.0,96.0,,0.0,,96.0,91.0
SC,2016,27,38,2016-09-25,96.0,,20.0,96.0,,0.0,,96.0,93.0
SC,2016,28,39,2016-10-02,96.0,,27.0,96.0,,0.0,,96.0,96.0
SC,2016,29,40,2016-10-09,96.0,,35.0,96.0,,0.0,,96.0,96.0
SC,2016,30,41,2016-10-16,96.0,,46.0,96.0,,1.0,,96.0,96.0
SC,2016,31,42,2016-10-23,96.0,,62.0,96.0,,5.0,,96.0,96.0
SC,2016,32,43,2016-10-30,96.0,,73.0,96.0,,25.0,,96.0,96.0
SC,2016,33,44,2016-11-06,96.0,,85.0,96.0,,33.0,,96.0,96.0
SC,2016,34,45,2016-11-13,96.0,,95.0,96.0,,54.0,,96.0,96.0
SC,2016,35,46,2016-11-20,96.0,,95.0,96.0,,68.0,,96.0,96.0
SC,2016,36,47,2016-11-27,96.0,,95.0,96.0,,79.0,,96.0,96.0
SC,2017,6,17,2017-04-30,0.0,,0.0,0.0,,0.0,,5.0,0.0
SC,2017,7,18,2017-05-07,0.0,,0.0,0.0,,0.0,,12.0,0.0
SC,2017,8,19,2017-05-14,0.0,,0.0,4.0,,0.0,,28.0,0.0
SC,2017,9,20,2017-05-21,0.0,,0.0,16.0,,0.0,,32.0,0.0
SC,2017,10,21,2017-05-28,0.0,,0.0,26.0,,0.0,,41.0,0.0
SC,2017,11,22,2017-06-04,0.0,,0.0,39.0,,0.0,,57.0,0.0
SC,2017,12,23,2017-06-11,0.0,,0.0,48.0,,0.0,,69.0,0.0
SC,2017,13,24,2017-06-18,2.0,,0.0,65.0,,0.0,,81.0,0.0
SC,2017,14,25,2017-06-25,5.0,,0.0,80.0,,0.0,,90.0,0.0
SC,2017,15,26,2017-07-02,11.0,,0.0,89.0,,0.0,,96.0,0.0
SC,2017,16,27,2017-07-09,16.0,,0.0,93.0,,0.0,,96.0,0.0
SC,2017,17,28,2017-07-16,28.0,,0.0,96.0,,0.0,,96.0,0.0
SC,2017,18,29,2017-07-23,32.0,,0.0,96.0,,0.0,,96.0,3.0
SC,2017,19,30,2017-07-30,55.0,,0.0,96.0,,0.0,,96.0,23.0
SC,2017,20,31,2017-08-06,69.0,,0.0,96.0,,0.0,,96.0,35.0
SC,2017,21,32,2017-08-13,82.0,,0.0,96.0,,0.0,,96.0,38.0
SC,2017,22,33,2017-08-20,84.0,,0.0,96.0,,0.0,,96.0,42.0
SC,2017,23,34,2017-08-27,92.0,,0.0,96.0,,0.0,,96.0,61.0
SC,2017,24,35,2017-09-03,97.0,,1.0,96.0,,0.0,,96.0,77.0
SC,2017,25,36,2017-09-10,97.0,,2.0,96.0,,0.0,,96.0,85.0
SC,2017,26,37,2017-09-17,97.0,,4.0,96.0,,0.0,,96.0,94.0
SC,2017,27,38,2017-09-24,97.0,,15.0,96.0,,0.0,,96.0,97.0
SC,2017,28,39,2017-10-01,97.0,,30.0,96.0,,0.0,,96.0,97.0
SC,2017,29,40,2017-10-08,97.0,,54.0,96.0,,1.0,,96.0,97.0
SC,2017,30,41,2017-10-15,97.0,,67.0,96.0,,6.0,,96.0,97.0
SC,2017,31,42,2017-10-22,97.0,,69.0,96.0,,9.0,,96.0,97.0
SC,2017,32,43,2017-10-29,97.0,,78.0,96.0,,14.0,,96.0,97.0
SC,2017,33,44,2017-11-05,97.0,,85.0,96.0,,27.0,,96.0,97.0
SC,2017,34,45,2017-11-12,97.0,,92.0,96.0,,42.0,,96.0,97.0
SC,2017,35,46,2017-11-19,97.0,,95.0,96.0,,61.0,,96.0,97.0
SC,2017,36,47,2017-11-26,97.0,,95.0,96.0,,81.0,,96.0,97.0
SC,2018,6,17,2018-04-29,0.0,,0.0,0.0,,0.0,,0.0,0.0
SC,2018,7,18,2018-05-06,0.0,,0.0,0.0,,0.0,,4.0,0.0
SC,2018,8,19,2018-05-13,0.0,,0.0,4.0,,0.0,,10.0,0.0
SC,2018,9,20,2018-05-20,0.0,,0.0,15.0,,0.0,,21.0,0.0
SC,2018,10,21,2018-05-27,0.0,,0.0,21.0,,0.0,,50.0,0.0
SC,2018,11,22,2018-06-03,0.0,,0.0,36.0,,0.0,,68.0,0.0
SC,2018,12,23,2018-06-10,0.0,,0.0,47.0,,0.0,,78.0,0.0
SC,2018,13,24,2018-06-17,0.0,,0.0,65.0,,0.0,,90.0,0.0
SC,2018,14,25,2018-06-24,0.0,,0.0,86.0,,0.0,,93.0,0.0
SC,2018,15,26,2018-07-01,1.0,,0.0,87.0,,0.0,,93.0,0.0
SC,2018,16,27,2018-07-08,5.0,,0.0,90.0,,0.0,,96.0,0.0
SC,2018,17,28,2018-07-15,10.0,,0.0,95.0,,0.0,,96.0,0.0
SC,2018,18,29,2018-07-22,20.0,,0.0,95.0,,0.0,,96.0,0.0
SC,2018,19,30,2018-07-29,23.0,,0.0,95.0,,0.0,,96.0,1.0
SC,2018,20,31,2018-08-05,28.0,,0.0,95.0,,0.0,,96.0,4.0
SC,2018,21,32,2018-08-12,58.0,,0.0,95.0,,0.0,,96.0,27.0
SC,2018,22,33,2018-08-19,75.0,,0.0,95.0,,0.0,,96.0,39.0
SC,2018,23,34,2018-08-26,90.0,,0.0,95.0,,0.0,,96.0,62.0
SC,2018,24,35,2018-09-02,95.0,,0.0,95.0,,0.0,,96.0,70.0
SC,2018,25,36,2018-09-09,95.0,,4.0,95.0,,0.0,,96.0,75.0
SC,2018,26,37,2018-09-16,95.0,,11.0,95.0,,0.0,,96.0,85.0
SC,2018,27,38,2018-09-23,95.0,,19.0,95.0,,0.0,,96.0,90.0
SC,2018,28,39,2018-09-30,95.0,,25.0,95.0,,0.0,,96.0,95.0
SC,2018,29,40,2018-10-07,95.0,,32.0,95.0,,5.0,,96.0,95.0
SC,2018,30,41,2018-10-14,95.0,,44.0,95.0,,8.0,,96.0,95.0
SC,2018,31,42,2018-10-21,95.0,,50.0,95.0,,9.0,,96.0,95.0
SC,2018,32,43,2018-10-28,95.0,,55.0,95.0,,11.0,,96.0,95.0
SC,2018,33,44,2018-11-04,95.0,,60.0,95.0,,19.0,,96.0,95.0
SC,2018,34,45,2018-11-11,95.0,,65.0,95.0,,22.0,,96.0,95.0
SC,2018,35,46,2018-11-18,95.0,,70.0,95.0,,25.0,,96.0,95.0
SC,2018,36,47,2018-11-25,95.0,,85.0,95.0,,42.0,,96.0,95.0
SC,2019,6,17,2019-04-28,0.0,,0.0,0.0,,0.0,,2.0,0.0
SC,2019,7,18,2019-05-05,0.0,,0.0,0.0,,0.0,,4.0,0.0
SC,2019,8,19,2019-05-12,0.0,,0.0,1.0,,0.0,,7.0,0.0
SC,2019,9,20,2019-05-19,0.0,,0.0,7.0,,0.0,,17.0,0.0
SC,2019,10,21,2019-05-26,0.0,,0.0,17.0,,0.0,,38.0,0.0
SC,2019,11,22,2019-06-02,0.0,,0.0,27.0,,0.0,,41.0,0.0
SC,2019,12,23,2019-06-09,0.0,,0.0,39.0,,0.0,,53.0,0.0
SC,2019,13,24,2019-06-16,0.0,,0.0,52.0,,0.0,,69.0,0.0
SC,2019,14,25,2019-06-23,1.0,,0.0,63.0,,0.0,,77.0,0.0
SC,2019,15,26,2019-06-30,4.0,,0.0,76.0,,0.0,,94.0,0.0
SC,2019,16,27,2019-07-07,12.0,,0.0,85.0,,0.0,,96.0,0.0
SC,2019,17,28,2019-07-14,14.0,,0.0,92.0,,0.0,,96.0,0.0
SC,2019,18,29,2019-07-21,20.0,,0.0,98.0,,0.0,,96.0,0.0
SC,2019,19,30,2019-07-28,27.0,,0.0,98.0,,0.0,,96.0,0.0
SC,2019,20,31,2019-08-04,45.0,,0.0,98.0,,0.0,,96.0,8.0
SC,2019,21,32,2019-08-11,62.0,,0.0,98.0,,0.0,,96.0,19.0
SC,2019,22,33,2019-08-18,83.0,,0.0,98.0,,0.0,,96.0,31.0
SC,2019,23,34,2019-08-25,85.0,,0.0,98.0,,0.0,,96.0,41.0
SC,2019,24,35,2019-09-01,90.0,,0.0,98.0,,0.0,,96.0,45.0
SC,2019,25,36,2019-09-08,95.0,,0.0,98.0,,0.0,,96.0,53.0
SC,2019,26,37,2019-09-15,95.0,,3.0,98.0,,0.0,,96.0,72.0
SC,2019,27,38,2019-09-22,95.0,,7.0,98.0,,0.0,,96.0,82.0
SC,2019,28,39,2019-09-29,95.0,,16.0,98.0,,0.0,,96.0,89.0
SC,2019,29,40,2019-10-06,95.0,,32.0,98.0,,0.0,,96.0,93.0
SC,2019,30,41,2019-10-13,95.0,,55.0,98.0,,3.0,,96.0,97.0
SC,2019,31,42,2019-10-20,95.0,,76.0,98.0,,10.0,,96.0,97.0
SC,2019,32,43,2019-10-27,95.0,,84.0,98.0,,12.0,,96.0,97.0
SC,2019,33,44,2019-11-03,95.0,,93.0,98.0,,18.0,,96.0,97.0
SC,2019,34,45,2019-11-10,95.0,,96.0,98.0,,27.0,,96.0,97.0
SC,2019,35,46,2019-11-17,95.0,,96.0,98.0,,40.0,,96.0,97.0
SC,2019,36,47,2019-11-24,95.0,,96.0,98.0,,50.0,,96.0,97.0
SC,2020,6,17,2020-04-26,0.0,,0.0,0.0,,0.0,,0.0,0.0
SC,2020,7,18,2020-05-03,0.0,,0.0,0.0,,0.0,,6.0,0.0
SC,2020,8,19,2020-05-10,0.0,,0.0,2.0,,0.0,,10.0,0.0
SC,2020,9,20,2020-05-17,0.0,,0.0,10.0,,0.0,,21.0,0.0
SC,2020,10,21,2020-05-24,0.0,,0.0,21.0,,0.0,,37.0,0.0
SC,2020,11,22,2020-05-31,0.0,,0.0,33.0,,0.0,,49.0,0.0
SC,2020,12,23,2020-06-07,0.0,,0.0,40.0,,0.0,,54.0,0.0
SC,2020,13,24,2020-06-14,0.0,,0.0,52.0,,0.0,,67.0,0.0
SC,2020,14,25,2020-06-21,0.0,,0.0,65.0,,0.0,,80.0,0.0
SC,2020,15,26,2020-06-28,3.0,,0.0,75.0,,0.0,,89.0,0.0
SC,2020,16,27,2020-07-05,7.0,,0.0,85.0,,0.0,,92.0,0.0
SC,2020,17,28,2020-07-12,14.0,,0.0,90.0,,0.0,,96.0,0.0
SC,2020,18,29,2020-07-19,19.0,,0.0,93.0,,0.0,,96.0,0.0
SC,2020,19,30,2020-07-26,25.0,,0.0,97.0,,0.0,,96.0,3.0
SC,2020,20,31,2020-08-02,41.0,,0.0,97.0,,0.0,,96.0,16.0
SC,2020,21,32,2020-08-09,57.0,,0.0,97.0,,0.0,,96.0,25.0
SC,2020,22,33,2020-08-16,68.0,,0.0,97.0,,0.0,,96.0,37.0
SC,2020,23,34,2020-08-23,81.0,,0.0,97.0,,0.0,,96.0,47.0
SC,2020,24,35,2020-08-30,86.0,,0.0,97.0,,0.0,,96.0,55.0
SC,2020,25,36,2020-09-06,90.0,,0.0,97.0,,0.0,,96.0,66.0
SC,2020,26,37,2020-09-13,94.0,,3.0,97.0,,0.0,,96.0,72.0
SC,2020,27,38,2020-09-20,95.0,,14.0,97.0,,0.0,,96.0,74.0
SC,2020,28,39,2020-09-27,95.0,,26.0,97.0,,0.0,,96.0,82.0
SC,2020,29,40,2020-10-04,95.0,,45.0,97.0,,0.0,,96.0,95.0
SC,2020,30,41,2020-10-11,95.0,,64.0,97.0,,1.0,,96.0,95.0
SC,2020,31,42,2020-10-18,95.0,,75.0,97.0,,4.0,,96.0,95.0
SC,2020,32,43,2020-10-25,95.0,,86.0,97.0,,15.0,,96.0,95.0
SC,2020,33,44,2020-11-01,95.0,,92.0,97.0,,23.0,,96.0,95.0
SC,2020,34,45,2020-11-08,95.0,,97.0,97.0,,38.0,,96.0,95.0
SC,2020,35,46,2020-11-15,95.0,,97.0,97.0,,44.0,,96.0,95.0
SC,2020,36,47,2020-11-22,95.0,,97.0,97.0,,57.0,,96.0,95.0
SC,2020,37,48,2020-11-29,95.0,,97.0,97.0,,70.0,,96.0,95.0
SC,2021,5,16,2021-04-25,0.0,,0.0,0.0,,0.0,,2.0,0.0
SC,2021,6,17,2021-05-02,0.0,,0.0,0.0,,0.0,,8.0,0.0
SC,2021,7,18,2021-05-09,0.0,,0.0,5.0,,0.0,,33.0,0.0
SC,2021,8,19,2021-05-16,0.0,,0.0,22.0,,0.0,,43.0,0.0
SC,2021,9,20,2021-05-23,0.0,,0.0,42.0,,0.0,,60.0,0.0
SC,2021,10,21,2021-05-30,0.0,,0.0,54.0,,0.0,,73.0,0.0
SC,2021,11,22,2021-06-06,0.0,,0.0,70.0,,0.0,,83.0,0.0
SC,2021,12,23,2021-06-13,0.0,,0.0,82.0,,0.0,,89.0,0.0
SC,2021,13,24,2021-06-20,0.0,,0.0,87.0,,0.0,,93.0,0.0
SC,2021,14,25,2021-06-27,6.0,,0.0,90.0,,0.0,,94.0,0.0
SC,2021,15,26,2021-07-04,12.0,,0.0,92.0,,0.0,,96.0,0.0
SC,2021,16,27,2021-07-11,18.0,,0.0,96.0,,0.0,,96.0,0.0
SC,2021,17,28,2021-07-18,27.0,,0.0,96.0,,0.0,,96.0,2.0
SC,2021,18,29,2021-07-25,44.0,,0.0,96.0,,0.0,,96.0,9.0
SC,2021,19,30,2021-08-01,60.0,,0.0,96.0,,0.0,,96.0,16.0
SC,2021,20,31,2021-08-08,65.0,,0.0,96.0,,0.0,,96.0,20.0
SC,2021,21,32,2021-08-15,75.0,,0.0,96.0,,0.0,,96.0,33.0
SC,2021,22,33,2021-08-22,84.0,,0.0,96.0,,0.0,,96.0,43.0
SC,2021,23,34,2021-08-29,91.0,,0.0,96.0,,0.0,,96.0,55.0
SC,2021,24,35,2021-09-05,93.0,,2.0,96.0,,0.0,,96.0,68.0
SC,2021,25,36,2021-09-12,95.0,,4.0,96.0,,0.0,,96.0,73.0
SC,2021,26,37,2021-09-19,95.0,,8.0,96.0,,0.0,,96.0,82.0
SC,2021,27,38,2021-09-26,95.0,,16.0,96.0,,0.0,,96.0,87.0
SC,2021,28,39,2021-10-03,95.0,,24.0,96.0,,0.0,,96.0,95.0
SC,2021,29,40,2021-10-10,95.0,,39.0,96.0,,3.0,,96.0,95.0
SC,2021,30,41,2021-10-17,95.0,,48.0,96.0,,5.0,,96.0,95.0
SC,2021,31,42,2021-10-24,95.0,,58.0,96.0,,9.0,,96.0,95.0
SC,2021,32,43,2021-10-31,95.0,,70.0,96.0,,15.0,,96.0,95.0
SC,2021,33,44,2021-11-07,95.0,,83.0,96.0,,22.0,,96.0,95.0
SC,2021,34,45,2021-11-14,95.0,,90.0,96.0,,38.0,,96.0,95.0
SC,2021,35,46,2021-11-21,95.0,,95.0,96.0,,56.0,,96.0,95.0
SC,2021,36,47,2021-11-28,95.0,,95.0,96.0,,68.0,,96.0,95.0
SC,2022,4,15,2022-04-17,0.0,,0.0,0.0,,0.0,,0.0,0.0
SC,2022,5,16,2022-04-24,0.0,,0.0,0.0,,0.0,,0.0,0.0
SC,2022,6,17,2022-05-01,0.0,,0.0,0.0,,0.0,,3.0,0.0
SC,2022,7,18,2022-05-08,0.0,,0.0,0.0,,0.0,,10.0,0.0
SC,2022,8,19,2022-05-15,0.0,,0.0,2.0,,0.0,,29.0,0.0
SC,2022,9,20,2022-05-22,0.0,,0.0,11.0,,0.0,,39.0,0.0
SC,2022,10,21,2022-05-29,0.0,,0.0,23.0,,0.0,,49.0,0.0
SC,2022,11,22,2022-06-05,0.0,,0.0,40.0,,0.0,,67.0,0.0
SC,2022,12,23,2022-06-12,0.0,,0.0,65.0,,0.0,,82.0,0.0
SC,2022,13,24,2022-06-19,0.0,,0.0,76.0,,0.0,,90.0,0.0
SC,2022,14,25,2022-06-26,11.0,,0.0,89.0,,0.0,,97.0,0.0
SC,2022,15,26,2022-07-03,18.0,,0.0,96.0,,0.0,,97.0,0.0
SC,2022,16,27,2022-07-10,28.0,,0.0,96.0,,0.0,,97.0,0.0
SC,2022,17,28,2022-07-17,39.0,,0.0,96.0,,0.0,,97.0,5.0
SC,2022,18,29,2022-07-24,49.0,,0.0,96.0,,0.0,,97.0,14.0
SC,2022,19,30,2022-07-31,53.0,,0.0,96.0,,0.0,,97.0,23.0
SC,2022,20,31,2022-08-07,59.0,,0.0,96.0,,0.0,,97.0,27.0
SC,2022,21,32,2022-08-14,71.0,,0.0,96.0,,0.0,,97.0,35.0
SC,2022,22,33,2022-08-21,77.0,,0.0,96.0,,0.0,,97.0,43.0
SC,2022,23,34,2022-08-28,85.0,,1.0,96.0,,0.0,,97.0,54.0
SC,2022,24,35,2022-09-04,94.0,,5.0,96.0,,0.0,,97.0,66.0
SC,2022,25,36,2022-09-11,96.0,,10.0,96.0,,0.0,,97.0,74.0
SC,2022,26,37,2022-09-18,96.0,,15.0,96.0,,1.0,,97.0,86.0
SC,2022,27,38,2022-09-25,96.0,,21.0,96.0,,3.0,,97.0,97.0
SC,2022,28,39,2022-10-02,96.0,,28.0,96.0,,5.0,,97.0,97.0
SC,2022,29,40,2022-10-09,96.0,,44.0,96.0,,8.0,,97.0,97.0
SC,2022,30,41,2022-10-16,96.0,,60.0,96.0,,15.0,,97.0,97.0
SC,2022,31,42,2022-10-23,96.0,,74.0,96.0,,23.0,,97.0,97.0
SC,2022,32,43,2022-10-30,96.0,,86.0,96.0,,33.0,,97.0,97.0
SC,2022,33,44,2022-11-06,96.0,,94.0,96.0,,44.0,,97.0,97.0
SC,2022,34,45,2022-11-13,96.0,,97.0,96.0,,52.0,,97.0,97.0
SC,2022,35,46,2022-11-20,96.0,,97.0,96.0,,62.0,,97.0,97.0
SC,2022,36,47,2022-11-27,96.0,,97.0,96.0,,71.0,,97.0,97.0
SC,2023,4,15,2023-04-16,0.0,,0.0,0.0,,0.0,,0.0,0.0
SC,2023,5,16,2023-04-23,0.0,,0.0,0.0,,0.0,,0.0,0.0
SC,2023,6,17,2023-04-30,0.0,,0.0,0.0,,0.0,,3.0,0.0
SC,2023,7,18,2023-05-07,0.0,,0.0,1.0,,0.0,,9.0,0.0
SC,2023,8,19,2023-05-14,0.0,,0.0,2.0,,0.0,,20.0,0.0
SC,2023,9,20,2023-05-21,0.0,,0.0,9.0,,0.0,,33.0,0.0
SC,2023,10,21,2023-05-28,0.0,,0.0,22.0,,0.0,,49.0,0.0
SC,2023,11,22,2023-06-04,0.0,,0.0,40.0,,0.0,,63.0,0.0
SC,2023,12,23,2023-06-11,0.0,,0.0,52.0,,0.0,,69.0,0.0
SC,2023,13,24,2023-06-18,0.0,,0.0,65.0,,0.0,,82.0,0.0
SC,2023,14,25,2023-06-25,0.0,,0.0,74.0,,0.0,,87.0,0.0
SC,2023,15,26,2023-07-02,6.0,,0.0,85.0,,0.0,,96.0,0.0
SC,2023,16,27,2023-07-09,9.0,,0.0,93.0,,0.0,,96.0,1.0
SC,2023,17,28,2023-07-16,28.0,,0.0,95.0,,0.0,,96.0,7.0
SC,2023,18,29,2023-07-23,42.0,,0.0,95.0,,0.0,,96.0,14.0
SC,2023,19,30,2023-07-30,52.0,,0.0,95.0,,0.0,,96.0,24.0
SC,2023,20,31,2023-08-06,60.0,,0.0,95.0,,0.0,,96.0,30.0
SC,2023,21,32,2023-08-13,73.0,,0.0,95.0,,0.0,,96.0,39.0
SC,2023,22,33,2023-08-20,81.0,,0.0,95.0,,0.0,,96.0,51.0
SC,2023,23,34,2023-08-27,87.0,,2.0,95.0,,0.0,,96.0,58.0
SC,2023,24,35,2023-09-03,92.0,,6.0,95.0,,0.0,,96.0,66.0
SC,2023,25,36,2023-09-10,95.0,,9.0,95.0,,0.0,,96.0,78.0
SC,2023,26,37,2023-09-17,95.0,,16.0,95.0,,0.0,,96.0,87.0
SC,2023,27,38,2023-09-24,95.0,,22.0,95.0,,1.0,,96.0,94.0
SC,2023,28,39,2023-10-01,95.0,,28.0,95.0,,7.0,,96.0,96.0
SC,2023,29,40,2023-10-08,95.0,,35.0,95.0,,12.0,,96.0,96.0
SC,2023,30,41,2023-10-15,95.0,,47.0,95.0,,16.0,,96.0,96.0
SC,2023,31,42,2023-10-22,95.0,,59.0,95.0,,20.0,,96.0,96.0
SC,2023,32,43,2023-10-29,95.0,,71.0,95.0,,26.0,,96.0,96.0
SC,2023,33,44,2023-11-05,95.0,,89.0,95.0,,44.0,,96.0,96.0
SC,2023,34,45,2023-11-12,95.0,,95.0,95.0,,55.0,,96.0,96.0
SC,2023,35,46,2023-11-19,95.0,,95.0,95.0,,67.0,,96.0,96.0
SC,2023,36,47,2023-11-26,95.0,,95.0,95.0,,76.0,,96.0,96.0
SC,2024,5,16,2024-04-21,0.0,,0.0,0.0,,0.0,,3.0,0.0
SC,2024,6,17,2024-04-28,0.0,,0.0,0.0,,0.0,,12.0,0.0
SC,2024,7,18,2024-05-05,0.0,,0.0,7.0,,0.0,,29.0,0.0
SC,2024,8,19,2024-05-12,0.0,,0.0,17.0,,0.0,,39.0,0.0
SC,2024,9,20,2024-05-19,0.0,,0.0,32.0,,0.0,,51.0,0.0
SC,2024,10,21,2024-05-26,0.0,,0.0,42.0,,0.0,,65.0,0.0
SC,2024,11,22,2024-06-02,0.0,,0.0,52.0,,0.0,,71.0,0.0
SC,2024,12,23,2024-06-09,0.0,,0.0,65.0,,0.0,,82.0,0.0
SC,2024,13,24,2024-06-16,2.0,,0.0,74.0,,0.0,,89.0,0.0
SC,2024,14,25,2024-06-23,4.0,,0.0,79.0,,0.0,,94.0,0.0
SC,2024,15,26,2024-06-30,14.0,,0.0,87.0,,0.0,,97.0,0.0
SC,2024,16,27,2024-07-07,24.0,,0.0,93.0,,0.0,,97.0,2.0
SC,2024,17,28,2024-07-14,36.0,,0.0,97.0,,0.0,,97.0,12.0
SC,2024,18,29,2024-07-21,47.0,,0.0,97.0,,0.0,,97.0,26.0
SC,2024,19,30,2024-07-28,60.0,,0.0,97.0,,0.0,,97.0,32.0
SC,2024,20,31,2024-08-04,75.0,,0.0,97.0,,0.0,,97.0,46.0
SC,2024,21,32,2024-08-11,85.0,,0.0,97.0,,0.0,,97.0,53.0
SC,2024,22,33,2024-08-18,92.0,,0.0,97.0,,0.0,,97.0,65.0
SC,2024,23,34,2024-08-25,96.0,,0.0,97.0,,0.0,,97.0,72.0
SC,2024,24,35,2024-09-01,96.0,,0.0,97.0,,0.0,,97.0,84.0
SC,2024,25,36,2024-09-08,96.0,,3.0,97.0,,0.0,,97.0,91.0
SC,2024,26,37,2024-09-15,96.0,,10.0,97.0,,1.0,,97.0,94.0
SC,2024,27,38,2024-09-22,96.0,,25.0,97.0,,3.0,,97.0,98.0
SC,2024,28,39,2024-09-29,96.0,,32.0,97.0,,6.0,,97.0,98.0
SC,2024,29,40,2024-10-06,96.0,,44.0,97.0,,10.0,,97.0,98.0
SC,2024,30,41,2024-10-13,96.0,,58.0,97.0,,18.0,,97.0,98.0
SC,2024,31,42,2024-10-20,96.0,,68.0,97.0,,26.0,,97.0,98.0
SC,2024,32,43,2024-10-27,96.0,,83.0,97.0,,34.0,,97.0,98.0
SC,2024,33,44,2024-11-03,96.0,,94.0,97.0,,43.0,,97.0,98.0
SC,2024,34,45,2024-11-10,96.0,,97.0,97.0,,50.0,,97.0,98.0
SC,2024,35,46,2024-11-17,96.0,,97.0,97.0,,63.0,,97.0,98.0
SC,2024,36,47,2024-11-24,96.0,,97.0,97.0,,69.0,,97.0,98.0
SC,2025,4,15,2025-04-13,0.0,,0.0,0.0,,0.0,,0.0,0.0
SC,2025,5,16,2025-04-20,0.0,,0.0,0.0,,0.0,,1.0,0.0
SC,2025,6,17,2025-04-27,0.0,,0.0,0.0,,0.0,,3.0,0.0
SC,2025,7,18,2025-05-04,0.0,,0.0,2.0,,0.0,,9.0,0.0
SC,2025,8,19,2025-05-11,0.0,,0.0,5.0,,0.0,,18.0,0.0
SC,2025,9,20,2025-05-18,0.0,,0.0,11.0,,0.0,,29.0,0.0
SC,2025,10,21,2025-05-25,0.0,,0.0,26.0,,0.0,,45.0,0.0
SC,2025,11,22,2025-06-01,0.0,,0.0,35.0,,0.0,,57.0,0.0
SC,2025,12,23,2025-06-08,0.0,,0.0,46.0,,0.0,,63.0,0.0
SC,2025,13,24,2025-06-15,0.0,,0.0,53.0,,0.0,,78.0,0.0
SC,2025,14,25,2025-06-22,3.0,,0.0,72.0,,0.0,,86.0,0.0
SC,2025,15,26,2025-06-29,8.0,,0.0,80.0,,0.0,,95.0,0.0
SC,2025,16,27,2025-07-06,13.0,,0.0,88.0,,0.0,,95.0,1.0
SC,2025,17,28,2025-07-13,23.0,,0.0,95.0,,0.0,,95.0,4.0
SC,2025,18,29,2025-07-20,37.0,,0.0,95.0,,0.0,,95.0,18.0
SC,2025,19,30,2025-07-27,47.0,,0.0,95.0,,0.0,,95.0,24.0
SC,2025,20,31,2025-08-03,54.0,,0.0,95.0,,0.0,,95.0,29.0
SC,2025,21,32,2025-08-10,75.0,,0.0,95.0,,0.0,,95.0,51.0
SC,2025,22,33,2025-08-17,84.0,,0.0,95.0,,0.0,,95.0,64.0
SC,2025,23,34,2025-08-24,92.0,,1.0,95.0,,0.0,,95.0,76.0
SC,2025,24,35,2025-08-31,96.0,,3.0,95.0,,0.0,,95.0,82.0
SC,2025,25,36,2025-09-07,96.0,,6.0,95.0,,0.0,,95.0,89.0
SC,2025,26,37,2025-09-14,96.0,,16.0,95.0,,0.0,,95.0,93.0
SC,2025,27,38,2025-09-21,96.0,,23.0,95.0,,1.0,,95.0,96.0
SC,2025,28,39,2025-09-28,96.0,,37.0,95.0,,8.0,,95.0,96.0
SC,2025,35,46,2025-11-16,96.0,,37.0,95.0,,66.0,,95.0,96.0
SC,2025,36,47,2025-11-23,96.0,,37.0,95.0,,74.0,,95.0,96.0
SD,2016,3,14,2016-04-10,0.0,,0.0,0.0,,0.0,,0.0,0.0
SD,2016,4,15,2016-04-17,0.0,,0.0,0.0,,0.0,,0.0,0.0
SD,2016,5,16,2016-04-24,0.0,,0.0,0.0,,0.0,,0.0,0.0
SD,2016,6,17,2016-05-01,0.0,,0.0,0.0,,0.0,,1.0,0.0
SD,2016,7,18,2016-05-08,0.0,,0.0,0.0,,0.0,,10.0,0.0
SD,2016,8,19,2016-05-15,0.0,,0.0,1.0,,0.0,,28.0,0.0
SD,2016,9,20,2016-05-22,0.0,,0.0,13.0,,0.0,,56.0,0.0
SD,2016,10,21,2016-05-29,0.0,,0.0,41.0,,0.0,,75.0,0.0
SD,2016,11,22,2016-06-05,0.0,,0.0,61.0,,0.0,,83.0,0.0
SD,2016,12,23,2016-06-12,0.0,,0.0,80.0,,0.0,,93.0,0.0
SD,2016,13,24,2016-06-19,0.0,,0.0,90.0,,0.0,,98.0,0.0
SD,2016,14,25,2016-06-26,5.0,,0.0,98.0,,0.0,,98.0,0.0
SD,2016,15,26,2016-07-03,26.0,,0.0,98.0,,0.0,,98.0,0.0
SD,2016,16,27,2016-07-10,52.0,,0.0,98.0,,0.0,,98.0,5.0
SD,2016,17,28,2016-07-17,65.0,,0.0,98.0,,0.0,,98.0,17.0
SD,2016,18,29,2016-07-24,82.0,,0.0,98.0,,0.0,,98.0,42.0
SD,2016,19,30,2016-07-31,89.0,,0.0,98.0,,0.0,,98.0,65.0
SD,2016,20,31,2016-08-07,94.0,,0.0,98.0,,0.0,,98.0,78.0
SD,2016,21,32,2016-08-14,97.0,,0.0,98.0,,0.0,,98.0,89.0
SD,2016,22,33,2016-08-21,97.0,,7.0,98.0,,0.0,,98.0,94.0
SD,2016,23,34,2016-08-28,97.0,,14.0,98.0,,0.0,,98.0,96.0
SD,2016,24,35,2016-09-04,97.0,,26.0,98.0,,0.0,,98.0,98.0
SD,2016,25,36,2016-09-11,97.0,,45.0,98.0,,0.0,,98.0,98.0
SD,2016,26,37,2016-09-18,97.0,,67.0,98.0,,2.0,,98.0,98.0
SD,2016,27,38,2016-09-25,97.0,,88.0,98.0,,11.0,,98.0,98.0
SD,2016,28,39,2016-10-02,97.0,,95.0,98.0,,39.0,,98.0,98.0
SD,2016,29,40,2016-10-09,97.0,,98.0,98.0,,59.0,,98.0,98.0
SD,2016,30,41,2016-10-16,97.0,,99.0,98.0,,78.0,,98.0,98.0
SD,2016,31,42,2016-10-23,97.0,,99.0,98.0,,89.0,,98.0,98.0
SD,2016,32,43,2016-10-30,97.0,,99.0,98.0,,95.0,,98.0,98.0
SD,2016,33,44,2016-11-06,97.0,,99.0,98.0,,97.0,,98.0,98.0
SD,2016,34,45,2016-11-13,97.0,,99.0,98.0,,99.0,,98.0,98.0
SD,2017,5,16,2017-04-23,0.0,,0.0,0.0,,0.0,,1.0,0.0
SD,2017,6,17,2017-04-30,0.0,,0.0,0.0,,0.0,,2.0,0.0
SD,2017,7,18,2017-05-07,0.0,,0.0,0.0,,0.0,,5.0,0.0
SD,2017,8,19,2017-05-14,0.0,,0.0,1.0,,0.0,,29.0,0.0
SD,2017,9,20,2017-05-21,0.0,,0.0,11.0,,0.0,,56.0,0.0
SD,2017,10,21,2017-05-28,0.0,,0.0,30.0,,0.0,,72.0,0.0
SD,2017,11,22,2017-06-04,0.0,,0.0,62.0,,0.0,,92.0,0.0
SD,2017,12,23,2017-06-11,0.0,,0.0,89.0,,0.0,,99.0,0.0
SD,2017,13,24,2017-06-18,0.0,,0.0,97.0,,0.0,,100.0,0.0
SD,2017,14,25,2017-06-25,6.0,,0.0,100.0,,0.0,,100.0,0.0
SD,2017,15,26,2017-07-02,15.0,,0.0,100.0,,0.0,,100.0,0.0
SD,2017,16,27,2017-07-09,29.0,,0.0,100.0,,0.0,,100.0,1.0
SD,2017,17,28,2017-07-16,49.0,,0.0,100.0,,0.0,,100.0,5.0
SD,2017,18,29,2017-07-23,62.0,,0.0,100.0,,0.0,,100.0,20.0
SD,2017,19,30,2017-07-30,80.0,,0.0,100.0,,0.0,,100.0,41.0
SD,2017,20,31,2017-08-06,92.0,,0.0,100.0,,0.0,,100.0,64.0
SD,2017,21,32,2017-08-13,95.0,,1.0,100.0,,0.0,,100.0,82.0
SD,2017,22,33,2017-08-20,99.0,,2.0,100.0,,0.0,,100.0,89.0
SD,2017,23,34,2017-08-27,99.0,,5.0,100.0,,0.0,,100.0,94.0
SD,2017,24,35,2017-09-03,99.0,,17.0,100.0,,0.0,,100.0,97.0
SD,2017,25,36,2017-09-10,99.0,,26.0,100.0,,0.0,,100.0,97.0
SD,2017,26,37,2017-09-17,99.0,,49.0,100.0,,0.0,,100.0,97.0
SD,2017,27,38,2017-09-24,99.0,,75.0,100.0,,4.0,,100.0,97.0
SD,2017,28,39,2017-10-01,99.0,,89.0,100.0,,10.0,,100.0,97.0
SD,2017,29,40,2017-10-08,99.0,,97.0,100.0,,22.0,,100.0,97.0
SD,2017,30,41,2017-10-15,99.0,,99.0,100.0,,48.0,,100.0,97.0
SD,2017,31,42,2017-10-22,99.0,,100.0,100.0,,81.0,,100.0,97.0
SD,2017,32,43,2017-10-29,99.0,,100.0,100.0,,96.0,,100.0,97.0
SD,2017,33,44,2017-11-05,99.0,,100.0,100.0,,99.0,,100.0,97.0
SD,2017,34,45,2017-11-12,99.0,,100.0,100.0,,99.0,,100.0,97.0
SD,2017,35,46,2017-11-19,99.0,,100.0,100.0,,100.0,,100.0,97.0
SD,2018,5,16,2018-04-22,0.0,,0.0,0.0,,0.0,,0.0,0.0
SD,2018,6,17,2018-04-29,0.0,,0.0,0.0,,0.0,,0.0,0.0
SD,2018,7,18,2018-05-06,0.0,,0.0,0.0,,0.0,,1.0,0.0
SD,2018,8,19,2018-05-13,0.0,,0.0,0.0,,0.0,,4.0,0.0
SD,2018,9,20,2018-05-20,0.0,,0.0,2.0,,0.0,,24.0,0.0
SD,2018,10,21,2018-05-27,0.0,,0.0,16.0,,0.0,,61.0,0.0
SD,2018,11,22,2018-06-03,0.0,,0.0,56.0,,0.0,,87.0,0.0
SD,2018,12,23,2018-06-10,0.0,,0.0,79.0,,0.0,,96.0,0.0
SD,2018,13,24,2018-06-17,0.0,,0.0,91.0,,0.0,,99.0,0.0
SD,2018,14,25,2018-06-24,2.0,,0.0,98.0,,0.0,,99.0,0.0
SD,2018,15,26,2018-07-01,7.0,,0.0,98.0,,0.0,,99.0,0.0
SD,2018,16,27,2018-07-08,30.0,,0.0,98.0,,0.0,,99.0,1.0
SD,2018,17,28,2018-07-15,53.0,,0.0,98.0,,0.0,,99.0,9.0
SD,2018,18,29,2018-07-22,68.0,,0.0,98.0,,0.0,,99.0,29.0
SD,2018,19,30,2018-07-29,82.0,,0.0,98.0,,0.0,,99.0,50.0
SD,2018,20,31,2018-08-05,90.0,,0.0,98.0,,0.0,,99.0,69.0
SD,2018,21,32,2018-08-12,97.0,,0.0,98.0,,0.0,,99.0,81.0
SD,2018,22,33,2018-08-19,97.0,,7.0,98.0,,0.0,,99.0,91.0
SD,2018,23,34,2018-08-26,97.0,,16.0,98.0,,0.0,,99.0,97.0
SD,2018,24,35,2018-09-02,97.0,,25.0,98.0,,0.0,,99.0,97.0
SD,2018,25,36,2018-09-09,97.0,,45.0,98.0,,1.0,,99.0,97.0
SD,2018,26,37,2018-09-16,97.0,,68.0,98.0,,6.0,,99.0,97.0
SD,2018,27,38,2018-09-23,97.0,,83.0,98.0,,12.0,,99.0,97.0
SD,2018,28,39,2018-09-30,97.0,,92.0,98.0,,21.0,,99.0,97.0
SD,2018,29,40,2018-10-07,97.0,,95.0,98.0,,28.0,,99.0,97.0
SD,2018,30,41,2018-10-14,97.0,,97.0,98.0,,29.0,,99.0,97.0
SD,2018,31,42,2018-10-21,97.0,,97.0,98.0,,48.0,,99.0,97.0
SD,2018,32,43,2018-10-28,97.0,,97.0,98.0,,77.0,,99.0,97.0
SD,2018,33,44,2018-11-04,97.0,,97.0,98.0,,92.0,,99.0,97.0
SD,2018,34,45,2018-11-11,97.0,,97.0,98.0,,96.0,,99.0,97.0
SD,2018,35,46,2018-11-18,97.0,,97.0,98.0,,98.0,,99.0,97.0
SD,2018,36,47,2018-11-25,97.0,,97.0,98.0,,100.0,,99.0,97.0
SD,2019,5,16,2019-04-21,0.0,,0.0,0.0,,0.0,,0.0,0.0
SD,2019,6,17,2019-04-28,0.0,,0.0,0.0,,0.0,,0.0,0.0
SD,2019,7,18,2019-05-05,0.0,,0.0,0.0,,0.0,,0.0,0.0
SD,2019,8,19,2019-05-12,0.0,,0.0,0.0,,0.0,,0.0,0.0
SD,2019,9,20,2019-05-19,0.0,,0.0,0.0,,0.0,,4.0,0.0
SD,2019,10,21,2019-05-26,0.0,,0.0,0.0,,0.0,,6.0,0.0
SD,2019,11,22,2019-06-02,0.0,,0.0,2.0,,0.0,,14.0,0.0
SD,2019,12,23,2019-06-09,0.0,,0.0,11.0,,0.0,,43.0,0.0
SD,2019,13,24,2019-06-16,0.0,,0.0,36.0,,0.0,,70.0,0.0
SD,2019,14,25,2019-06-23,0.0,,0.0,57.0,,0.0,,84.0,0.0
SD,2019,15,26,2019-06-30,0.0,,0.0,82.0,,0.0,,97.0,0.0
SD,2019,16,27,2019-07-07,3.0,,0.0,96.0,,0.0,,99.0,0.0
SD,2019,17,28,2019-07-14,32.0,,0.0,99.0,,0.0,,99.0,0.0
SD,2019,18,29,2019-07-21,45.0,,0.0,99.0,,0.0,,99.0,0.0
SD,2019,19,30,2019-07-28,53.0,,0.0,99.0,,0.0,,99.0,12.0
SD,2019,20,31,2019-08-04,75.0,,0.0,99.0,,0.0,,99.0,33.0
SD,2019,21,32,2019-08-11,83.0,,0.0,99.0,,0.0,,99.0,47.0
SD,2019,22,33,2019-08-18,90.0,,0.0,99.0,,0.0,,99.0,59.0
SD,2019,23,34,2019-08-25,93.0,,0.0,99.0,,0.0,,99.0,73.0
SD,2019,24,35,2019-09-01,96.0,,0.0,99.0,,0.0,,99.0,85.0
SD,2019,25,36,2019-09-08,96.0,,2.0,99.0,,0.0,,99.0,91.0
SD,2019,26,37,2019-09-15,96.0,,9.0,99.0,,0.0,,99.0,94.0
SD,2019,27,38,2019-09-22,96.0,,30.0,99.0,,0.0,,99.0,97.0
SD,2019,28,39,2019-09-29,96.0,,58.0,99.0,,1.0,,99.0,97.0
SD,2019,29,40,2019-10-06,96.0,,78.0,99.0,,5.0,,99.0,97.0
SD,2019,30,41,2019-10-13,96.0,,92.0,99.0,,13.0,,99.0,97.0
SD,2019,31,42,2019-10-20,96.0,,97.0,99.0,,33.0,,99.0,97.0
SD,2019,32,43,2019-10-27,96.0,,99.0,99.0,,58.0,,99.0,97.0
SD,2019,33,44,2019-11-03,96.0,,99.0,99.0,,82.0,,99.0,97.0
SD,2019,34,45,2019-11-10,96.0,,99.0,99.0,,91.0,,99.0,97.0
SD,2019,35,46,2019-11-17,96.0,,99.0,99.0,,95.0,,99.0,97.0
SD,2019,36,47,2019-11-24,96.0,,99.0,99.0,,99.0,,99.0,97.0
SD,2019,37,48,2019-12-01,96.0,,99.0,99.0,,100.0,,99.0,97.0
SD,2020,5,16,2020-04-19,0.0,,0.0,0.0,,0.0,,0.0,0.0
SD,2020,6,17,2020-04-26,0.0,,0.0,0.0,,0.0,,1.0,0.0
SD,2020,7,18,2020-05-03,0.0,,0.0,0.0,,0.0,,11.0,0.0
SD,2020,8,19,2020-05-10,0.0,,0.0,1.0,,0.0,,23.0,0.0
SD,2020,9,20,2020-05-17,0.0,,0.0,8.0,,0.0,,40.0,0.0
SD,2020,10,21,2020-05-24,0.0,,0.0,19.0,,0.0,,62.0,0.0
SD,2020,11,22,2020-05-31,0.0,,0.0,44.0,,0.0,,80.0,0.0
SD,2020,12,23,2020-06-07,0.0,,0.0,67.0,,0.0,,92.0,0.0
SD,2020,13,24,2020-06-14,0.0,,0.0,86.0,,0.0,,98.0,0.0
SD,2020,14,25,2020-06-21,2.0,,0.0,94.0,,0.0,,100.0,0.0
SD,2020,15,26,2020-06-28,21.0,,0.0,99.0,,0.0,,100.0,0.0
SD,2020,16,27,2020-07-05,37.0,,0.0,99.0,,0.0,,100.0,0.0
SD,2020,17,28,2020-07-12,49.0,,0.0,99.0,,0.0,,100.0,14.0
SD,2020,18,29,2020-07-19,63.0,,0.0,99.0,,0.0,,100.0,25.0
SD,2020,19,30,2020-07-26,75.0,,0.0,99.0,,0.0,,100.0,49.0
SD,2020,20,31,2020-08-02,82.0,,0.0,99.0,,0.0,,100.0,64.0
SD,2020,21,32,2020-08-09,92.0,,0.0,99.0,,0.0,,100.0,76.0
SD,2020,22,33,2020-08-16,95.0,,2.0,99.0,,0.0,,100.0,82.0
SD,2020,23,34,2020-08-23,95.0,,16.0,99.0,,0.0,,100.0,94.0
SD,2020,24,35,2020-08-30,95.0,,20.0,99.0,,0.0,,100.0,96.0
SD,2020,25,36,2020-09-06,95.0,,40.0,99.0,,0.0,,100.0,96.0
SD,2020,26,37,2020-09-13,95.0,,61.0,99.0,,1.0,,100.0,96.0
SD,2020,27,38,2020-09-20,95.0,,80.0,99.0,,5.0,,100.0,96.0
SD,2020,28,39,2020-09-27,95.0,,90.0,99.0,,29.0,,100.0,96.0
SD,2020,29,40,2020-10-04,95.0,,96.0,99.0,,60.0,,100.0,96.0
SD,2020,30,41,2020-10-11,95.0,,97.0,99.0,,82.0,,100.0,96.0
SD,2020,31,42,2020-10-18,95.0,,100.0,99.0,,90.0,,100.0,96.0
SD,2020,32,43,2020-10-25,95.0,,100.0,99.0,,95.0,,100.0,96.0
SD,2020,33,44,2020-11-01,95.0,,100.0,99.0,,97.0,,100.0,96.0
SD,2020,34,45,2020-11-08,95.0,,100.0,99.0,,99.0,,100.0,96.0
SD,2020,35,46,2020-11-15,95.0,,100.0,99.0,,100.0,,100.0,96.0
SD,2021,4,15,2021-04-18,0.0,,0.0,0.0,,0.0,,0.0,0.0
SD,2021,5,16,2021-04-25,0.0,,0.0,0.0,,0.0,,1.0,0.0
SD,2021,6,17,2021-05-02,0.0,,0.0,0.0,,0.0,,8.0,0.0
SD,2021,7,18,2021-05-09,0.0,,0.0,1.0,,0.0,,32.0,0.0
SD,2021,8,19,2021-05-16,0.0,,0.0,6.0,,0.0,,66.0,0.0
SD,2021,9,20,2021-05-23,0.0,,0.0,28.0,,0.0,,83.0,0.0
SD,2021,10,21,2021-05-30,0.0,,0.0,65.0,,0.0,,92.0,0.0
SD,2021,11,22,2021-06-06,0.0,,0.0,86.0,,0.0,,97.0,0.0
SD,2021,12,23,2021-06-13,0.0,,0.0,94.0,,0.0,,97.0,0.0
SD,2021,13,24,2021-06-20,3.0,,0.0,97.0,,0.0,,100.0,0.0
SD,2021,14,25,2021-06-27,10.0,,0.0,99.0,,0.0,,100.0,0.0
SD,2021,15,26,2021-07-04,19.0,,0.0,99.0,,0.0,,100.0,0.0
SD,2021,16,27,2021-07-11,34.0,,0.0,99.0,,0.0,,100.0,1.0
SD,2021,17,28,2021-07-18,51.0,,0.0,99.0,,0.0,,100.0,8.0
SD,2021,18,29,2021-07-25,72.0,,0.0,99.0,,0.0,,100.0,29.0
SD,2021,19,30,2021-08-01,84.0,,0.0,99.0,,0.0,,100.0,47.0
SD,2021,20,31,2021-08-08,92.0,,0.0,99.0,,0.0,,100.0,67.0
SD,2021,21,32,2021-08-15,96.0,,6.0,99.0,,0.0,,100.0,85.0
SD,2021,22,33,2021-08-22,99.0,,14.0,99.0,,0.0,,100.0,94.0
SD,2021,23,34,2021-08-29,100.0,,23.0,99.0,,0.0,,100.0,97.0
SD,2021,24,35,2021-09-05,100.0,,37.0,99.0,,0.0,,100.0,99.0
SD,2021,25,36,2021-09-12,100.0,,58.0,99.0,,0.0,,100.0,99.0
SD,2021,26,37,2021-09-19,100.0,,79.0,99.0,,3.0,,100.0,99.0
SD,2021,27,38,2021-09-26,100.0,,92.0,99.0,,17.0,,100.0,99.0
SD,2021,28,39,2021-10-03,100.0,,96.0,99.0,,40.0,,100.0,99.0
SD,2021,29,40,2021-10-10,100.0,,100.0,99.0,,69.0,,100.0,99.0
SD,2021,30,41,2021-10-17,100.0,,100.0,99.0,,86.0,,100.0,99.0
SD,2021,31,42,2021-10-24,100.0,,100.0,99.0,,93.0,,100.0,99.0
SD,2021,32,43,2021-10-31,100.0,,100.0,99.0,,95.0,,100.0,99.0
SD,2021,33,44,2021-11-07,100.0,,100.0,99.0,,98.0,,100.0,99.0
SD,2021,34,45,2021-11-14,100.0,,100.0,99.0,,99.0,,100.0,99.0
SD,2021,35,46,2021-11-21,100.0,,100.0,99.0,,100.0,,100.0,99.0
SD,2022,4,15,2022-04-17,0.0,,0.0,0.0,,0.0,,0.0,0.0
SD,2022,5,16,2022-04-24,0.0,,0.0,0.0,,0.0,,0.0,0.0
SD,2022,6,17,2022-05-01,0.0,,0.0,0.0,,0.0,,1.0,0.0
SD,2022,7,18,2022-05-08,0.0,,0.0,0.0,,0.0,,5.0,0.0
SD,2022,8,19,2022-05-15,0.0,,0.0,0.0,,0.0,,15.0,0.0
SD,2022,9,20,2022-05-22,0.0,,0.0,4.0,,0.0,,34.0,0.0
SD,2022,10,21,2022-05-29,0.0,,0.0,16.0,,0.0,,61.0,0.0
SD,2022,11,22,2022-06-05,0.0,,0.0,35.0,,0.0,,77.0,0.0
SD,2022,12,23,2022-06-12,0.0,,0.0,55.0,,0.0,,93.0,0.0
SD,2022,13,24,2022-06-19,0.0,,0.0,82.0,,0.0,,98.0,0.0
SD,2022,14,25,2022-06-26,0.0,,0.0,95.0,,0.0,,99.0,0.0
SD,2022,15,26,2022-07-03,10.0,,0.0,98.0,,0.0,,99.0,0.0
SD,2022,16,27,2022-07-10,18.0,,0.0,98.0,,0.0,,99.0,0.0
SD,2022,17,28,2022-07-17,30.0,,0.0,98.0,,0.0,,99.0,4.0
SD,2022,18,29,2022-07-24,50.0,,0.0,98.0,,0.0,,99.0,13.0
SD,2022,19,30,2022-07-31,73.0,,0.0,98.0,,0.0,,99.0,43.0
SD,2022,20,31,2022-08-07,90.0,,0.0,98.0,,0.0,,99.0,60.0
SD,2022,21,32,2022-08-14,95.0,,0.0,98.0,,0.0,,99.0,74.0
SD,2022,22,33,2022-08-21,98.0,,1.0,98.0,,0.0,,99.0,86.0
SD,2022,23,34,2022-08-28,98.0,,6.0,98.0,,0.0,,99.0,92.0
SD,2022,24,35,2022-09-04,98.0,,12.0,98.0,,0.0,,99.0,97.0
SD,2022,25,36,2022-09-11,98.0,,30.0,98.0,,0.0,,99.0,100.0
SD,2022,26,37,2022-09-18,98.0,,52.0,98.0,,2.0,,99.0,100.0
SD,2022,27,38,2022-09-25,98.0,,82.0,98.0,,9.0,,99.0,100.0
SD,2022,28,39,2022-10-02,98.0,,91.0,98.0,,30.0,,99.0,100.0
SD,2022,29,40,2022-10-09,98.0,,97.0,98.0,,56.0,,99.0,100.0
SD,2022,30,41,2022-10-16,98.0,,100.0,98.0,,82.0,,99.0,100.0
SD,2022,31,42,2022-10-23,98.0,,100.0,98.0,,93.0,,99.0,100.0
SD,2022,32,43,2022-10-30,98.0,,100.0,98.0,,97.0,,99.0,100.0
SD,2022,33,44,2022-11-06,98.0,,100.0,98.0,,99.0,,99.0,100.0
SD,2022,34,45,2022-11-13,98.0,,100.0,98.0,,100.0,,99.0,100.0
SD,2022,35,46,2022-11-20,98.0,,100.0,98.0,,100.0,,99.0,100.0
SD,2022,36,47,2022-11-27,98.0,,100.0,98.0,,100.0,,99.0,100.0
SD,2023,4,15,2023-04-16,0.0,,0.0,0.0,,0.0,,0.0,0.0
SD,2023,5,16,2023-04-23,0.0,,0.0,0.0,,0.0,,0.0,0.0
SD,2023,6,17,2023-04-30,0.0,,0.0,0.0,,0.0,,0.0,0.0
SD,2023,7,18,2023-05-07,0.0,,0.0,0.0,,0.0,,10.0,0.0
SD,2023,8,19,2023-05-14,0.0,,0.0,1.0,,0.0,,29.0,0.0
SD,2023,9,20,2023-05-21,0.0,,0.0,12.0,,0.0,,56.0,0.0
SD,2023,10,21,2023-05-28,0.0,,0.0,36.0,,0.0,,81.0,0.0
SD,2023,11,22,2023-06-04,0.0,,0.0,63.0,,0.0,,89.0,0.0
SD,2023,12,23,2023-06-11,0.0,,0.0,84.0,,0.0,,97.0,0.0
SD,2023,13,24,2023-06-18,0.0,,0.0,95.0,,0.0,,100.0,0.0
SD,2023,14,25,2023-06-25,7.0,,0.0,97.0,,0.0,,100.0,0.0
SD,2023,15,26,2023-07-02,13.0,,0.0,100.0,,0.0,,100.0,0.0
SD,2023,16,27,2023-07-09,23.0,,0.0,100.0,,0.0,,100.0,0.0
SD,2023,17,28,2023-07-16,44.0,,0.0,100.0,,0.0,,100.0,11.0
SD,2023,18,29,2023-07-23,62.0,,0.0,100.0,,0.0,,100.0,28.0
SD,2023,19,30,2023-07-30,78.0,,0.0,100.0,,0.0,,100.0,45.0
SD,2023,20,31,2023-08-06,90.0,,0.0,100.0,,0.0,,100.0,57.0
SD,2023,21,32,2023-08-13,95.0,,0.0,100.0,,0.0,,100.0,69.0
SD,2023,22,33,2023-08-20,98.0,,1.0,100.0,,0.0,,100.0,85.0
SD,2023,23,34,2023-08-27,98.0,,7.0,100.0,,0.0,,100.0,91.0
SD,2023,24,35,2023-09-03,98.0,,21.0,100.0,,0.0,,100.0,96.0
SD,2023,25,36,2023-09-10,98.0,,38.0,100.0,,0.0,,100.0,96.0
SD,2023,26,37,2023-09-17,98.0,,58.0,100.0,,2.0,,100.0,96.0
SD,2023,27,38,2023-09-24,98.0,,80.0,100.0,,11.0,,100.0,96.0
SD,2023,28,39,2023-10-01,98.0,,90.0,100.0,,20.0,,100.0,96.0
SD,2023,29,40,2023-10-08,98.0,,96.0,100.0,,48.0,,100.0,96.0
SD,2023,30,41,2023-10-15,98.0,,100.0,100.0,,72.0,,100.0,96.0
SD,2023,31,42,2023-10-22,98.0,,100.0,100.0,,90.0,,100.0,96.0
SD,2023,32,43,2023-10-29,98.0,,100.0,100.0,,94.0,,100.0,96.0
SD,2023,33,44,2023-11-05,98.0,,100.0,100.0,,97.0,,100.0,96.0
SD,2023,34,45,2023-11-12,98.0,,100.0,100.0,,100.0,,100.0,96.0
SD,2024,4,15,2024-04-14,0.0,,0.0,0.0,,0.0,,0.0,0.0
SD,2024,5,16,2024-04-21,0.0,,0.0,0.0,,0.0,,0.0,0.0
SD,2024,6,17,2024-04-28,0.0,,0.0,0.0,,0.0,,4.0,0.0
SD,2024,7,18,2024-05-05,0.0,,0.0,0.0,,0.0,,10.0,0.0
SD,2024,8,19,2024-05-12,0.0,,0.0,1.0,,0.0,,17.0,0.0
SD,2024,9,20,2024-05-19,0.0,,0.0,7.0,,0.0,,37.0,0.0
SD,2024,10,21,2024-05-26,0.0,,0.0,17.0,,0.0,,58.0,0.0
SD,2024,11,22,2024-06-02,0.0,,0.0,34.0,,0.0,,75.0,0.0
SD,2024,12,23,2024-06-09,0.0,,0.0,59.0,,0.0,,88.0,0.0
SD,2024,13,24,2024-06-16,0.0,,0.0,78.0,,0.0,,95.0,0.0
SD,2024,14,25,2024-06-23,1.0,,0.0,92.0,,0.0,,99.0,0.0
SD,2024,15,26,2024-06-30,3.0,,0.0,97.0,,0.0,,99.0,0.0
SD,2024,16,27,2024-07-07,14.0,,0.0,97.0,,0.0,,99.0,0.0
SD,2024,17,28,2024-07-14,22.0,,0.0,97.0,,0.0,,99.0,0.0
SD,2024,18,29,2024-07-21,38.0,,0.0,97.0,,0.0,,99.0,3.0
SD,2024,19,30,2024-07-28,57.0,,0.0,97.0,,0.0,,99.0,26.0
SD,2024,20,31,2024-08-04,80.0,,0.0,97.0,,0.0,,99.0,43.0
SD,2024,21,32,2024-08-11,91.0,,0.0,97.0,,0.0,,99.0,59.0
SD,2024,22,33,2024-08-18,96.0,,0.0,97.0,,0.0,,99.0,76.0
SD,2024,23,34,2024-08-25,96.0,,1.0,97.0,,0.0,,99.0,87.0
SD,2024,24,35,2024-09-01,96.0,,4.0,97.0,,0.0,,99.0,94.0
SD,2024,25,36,2024-09-08,96.0,,16.0,97.0,,0.0,,99.0,98.0
SD,2024,26,37,2024-09-15,96.0,,32.0,97.0,,1.0,,99.0,98.0
SD,2024,27,38,2024-09-22,96.0,,57.0,97.0,,3.0,,99.0,98.0
SD,2024,28,39,2024-09-29,96.0,,81.0,97.0,,15.0,,99.0,98.0
SD,2024,29,40,2024-10-06,96.0,,94.0,97.0,,51.0,,99.0,98.0
SD,2024,30,41,2024-10-13,96.0,,98.0,97.0,,77.0,,99.0,98.0
SD,2024,31,42,2024-10-20,96.0,,98.0,97.0,,91.0,,99.0,98.0
SD,2024,32,43,2024-10-27,96.0,,98.0,97.0,,96.0,,99.0,98.0
SD,2024,33,44,2024-11-03,96.0,,98.0,97.0,,98.0,,99.0,98.0
SD,2024,34,45,2024-11-10,96.0,,98.0,97.0,,100.0,,99.0,98.0
SD,2025,4,15,2025-04-13,0.0,,0.0,0.0,,0.0,,0.0,0.0
SD,2025,5,16,2025-04-20,0.0,,0.0,0.0,,0.0,,0.0,0.0
SD,2025,6,17,2025-04-27,0.0,,0.0,0.0,,0.0,,6.0,0.0
SD,2025,7,18,2025-05-04,0.0,,0.0,0.0,,0.0,,25.0,0.0
SD,2025,8,19,2025-05-11,0.0,,0.0,7.0,,0.0,,51.0,0.0
SD,2025,9,20,2025-05-18,0.0,,0.0,23.0,,0.0,,71.0,0.0
SD,2025,10,21,2025-05-25,0.0,,0.0,45.0,,0.0,,79.0,0.0
SD,2025,11,22,2025-06-01,0.0,,0.0,62.0,,0.0,,87.0,0.0
SD,2025,12,23,2025-06-08,0.0,,0.0,79.0,,0.0,,94.0,0.0
SD,2025,13,24,2025-06-15,0.0,,0.0,90.0,,0.0,,99.0,0.0
SD,2025,14,25,2025-06-22,0.0,,0.0,97.0,,0.0,,100.0,0.0
SD,2025,15,26,2025-06-29,5.0,,0.0,99.0,,0.0,,100.0,0.0
SD,2025,16,27,2025-07-06,22.0,,0.0,100.0,,0.0,,100.0,0.0
SD,2025,17,28,2025-07-13,28.0,,0.0,100.0,,0.0,,100.0,0.0
SD,2025,18,29,2025-07-20,40.0,,0.0,100.0,,0.0,,100.0,5.0
SD,2025,19,30,2025-07-27,65.0,,0.0,100.0,,0.0,,100.0,14.0
SD,2025,20,31,2025-08-03,81.0,,0.0,100.0,,0.0,,100.0,38.0
SD,2025,21,32,2025-08-10,88.0,,0.0,100.0,,0.0,,100.0,53.0
SD,2025,22,33,2025-08-17,95.0,,0.0,100.0,,0.0,,100.0,68.0
SD,2025,23,34,2025-08-24,95.0,,2.0,100.0,,0.0,,100.0,85.0
SD,2025,24,35,2025-08-31,95.0,,8.0,100.0,,0.0,,100.0,91.0
SD,2025,25,36,2025-09-07,95.0,,14.0,100.0,,0.0,,100.0,96.0
SD,2025,26,37,2025-09-14,95.0,,32.0,100.0,,0.0,,100.0,96.0
SD,2025,27,38,2025-09-21,95.0,,64.0,100.0,,2.0,,100.0,96.0
SD,2025,28,39,2025-09-28,95.0,,83.0,100.0,,12.0,,100.0,96.0
SD,2025,35,46,2025-11-16,95.0,,83.0,100.0,,100.0,,100.0,96.0
SD,2025,36,47,2025-11-23,95.0,,83.0,100.0,,100.0,,100.0,96.0
TN,2016,5,16,2016-04-24,0.0,,0.0,0.0,,0.0,,2.0,0.0
TN,2016,6,17,2016-05-01,0.0,,0.0,0.0,,0.0,,12.0,0.0
TN,2016,7,18,2016-05-08,0.0,,0.0,0.0,,0.0,,22.0,0.0
TN,2016,8,19,2016-05-15,0.0,,0.0,7.0,,0.0,,35.0,0.0
TN,2016,9,20,2016-05-22,0.0,,0.0,21.0,,0.0,,50.0,0.0
TN,2016,10,21,2016-05-29,0.0,,0.0,37.0,,0.0,,59.0,0.0
TN,2016,11,22,2016-06-05,0.0,,0.0,49.0,,0.0,,67.0,0.0
TN,2016,12,23,2016-06-12,0.0,,0.0,60.0,,0.0,,74.0,0.0
TN,2016,13,24,2016-06-19,0.0,,0.0,70.0,,0.0,,85.0,0.0
TN,2016,14,25,2016-06-26,6.0,,0.0,78.0,,0.0,,85.0,0.0
TN,2016,15,26,2016-07-03,15.0,,0.0,92.0,,0.0,,85.0,0.0
TN,2016,16,27,2016-07-10,35.0,,0.0,97.0,,0.0,,85.0,10.0
TN,2016,17,28,2016-07-17,55.0,,0.0,97.0,,0.0,,85.0,28.0
TN,2016,18,29,2016-07-24,73.0,,0.0,97.0,,0.0,,85.0,40.0
TN,2016,19,30,2016-07-31,81.0,,0.0,97.0,,0.0,,85.0,55.0
TN,2016,20,31,2016-08-07,89.0,,0.0,97.0,,0.0,,85.0,68.0
TN,2016,21,32,2016-08-14,94.0,,0.0,97.0,,0.0,,85.0,80.0
TN,2016,22,33,2016-08-21,98.0,,0.0,97.0,,0.0,,85.0,87.0
TN,2016,23,34,2016-08-28,99.0,,3.0,97.0,,0.0,,85.0,91.0
TN,2016,24,35,2016-09-04,99.0,,14.0,97.0,,0.0,,85.0,95.0
TN,2016,25,36,2016-09-11,99.0,,36.0,97.0,,0.0,,85.0,95.0
TN,2016,26,37,2016-09-18,99.0,,54.0,97.0,,5.0,,85.0,95.0
TN,2016,27,38,2016-09-25,99.0,,68.0,97.0,,14.0,,85.0,95.0
TN,2016,28,39,2016-10-02,99.0,,83.0,97.0,,29.0,,85.0,95.0
TN,2016,29,40,2016-10-09,99.0,,91.0,97.0,,44.0,,85.0,95.0
TN,2016,30,41,2016-10-16,99.0,,95.0,97.0,,62.0,,85.0,95.0
TN,2016,31,42,2016-10-23,99.0,,95.0,97.0,,75.0,,85.0,95.0
TN,2016,32,43,2016-10-30,99.0,,95.0,97.0,,86.0,,85.0,95.0
TN,2016,33,44,2016-11-06,99.0,,95.0,97.0,,91.0,,85.0,95.0
TN,2016,34,45,2016-11-13,99.0,,95.0,97.0,,95.0,,85.0,95.0
TN,2016,35,46,2016-11-20,99.0,,95.0,97.0,,98.0,,85.0,95.0
TN,2017,5,16,2017-04-23,0.0,,0.0,0.0,,0.0,,4.0,0.0
TN,2017,6,17,2017-04-30,0.0,,0.0,0.0,,0.0,,6.0,0.0
TN,2017,7,18,2017-05-07,0.0,,0.0,0.0,,0.0,,8.0,0.0
TN,2017,8,19,2017-05-14,0.0,,0.0,4.0,,0.0,,19.0,0.0
TN,2017,9,20,2017-05-21,0.0,,0.0,15.0,,0.0,,36.0,0.0
TN,2017,10,21,2017-05-28,0.0,,0.0,29.0,,0.0,,53.0,0.0
TN,2017,11,22,2017-06-04,0.0,,0.0,45.0,,0.0,,62.0,0.0
TN,2017,12,23,2017-06-11,0.0,,0.0,59.0,,0.0,,74.0,0.0
TN,2017,13,24,2017-06-18,2.0,,0.0,69.0,,0.0,,86.0,0.0
TN,2017,14,25,2017-06-25,6.0,,0.0,80.0,,0.0,,89.0,0.0
TN,2017,15,26,2017-07-02,20.0,,0.0,87.0,,0.0,,95.0,0.0
TN,2017,16,27,2017-07-09,40.0,,0.0,95.0,,0.0,,95.0,6.0
TN,2017,17,28,2017-07-16,57.0,,0.0,95.0,,0.0,,95.0,22.0
TN,2017,18,29,2017-07-23,72.0,,0.0,95.0,,0.0,,95.0,37.0
TN,2017,19,30,2017-07-30,85.0,,0.0,95.0,,0.0,,95.0,52.0
TN,2017,20,31,2017-08-06,89.0,,0.0,95.0,,0.0,,95.0,68.0
TN,2017,21,32,2017-08-13,92.0,,0.0,95.0,,0.0,,95.0,79.0
TN,2017,22,33,2017-08-20,94.0,,0.0,95.0,,0.0,,95.0,84.0
TN,2017,23,34,2017-08-27,97.0,,3.0,95.0,,0.0,,95.0,90.0
TN,2017,24,35,2017-09-03,97.0,,12.0,95.0,,0.0,,95.0,94.0
TN,2017,25,36,2017-09-10,97.0,,23.0,95.0,,0.0,,95.0,96.0
TN,2017,26,37,2017-09-17,97.0,,37.0,95.0,,3.0,,95.0,96.0
TN,2017,27,38,2017-09-24,97.0,,54.0,95.0,,6.0,,95.0,96.0
TN,2017,28,39,2017-10-01,97.0,,70.0,95.0,,14.0,,95.0,96.0
TN,2017,29,40,2017-10-08,97.0,,83.0,95.0,,29.0,,95.0,96.0
TN,2017,30,41,2017-10-15,97.0,,90.0,95.0,,38.0,,95.0,96.0
TN,2017,31,42,2017-10-22,97.0,,97.0,95.0,,49.0,,95.0,96.0
TN,2017,32,43,2017-10-29,97.0,,97.0,95.0,,63.0,,95.0,96.0
TN,2017,33,44,2017-11-05,97.0,,97.0,95.0,,68.0,,95.0,96.0
TN,2017,34,45,2017-11-12,97.0,,97.0,95.0,,74.0,,95.0,96.0
TN,2017,35,46,2017-11-19,97.0,,97.0,95.0,,83.0,,95.0,96.0
TN,2017,36,47,2017-11-26,97.0,,97.0,95.0,,91.0,,95.0,96.0
TN,2018,5,16,2018-04-22,0.0,,0.0,0.0,,0.0,,1.0,0.0
TN,2018,6,17,2018-04-29,0.0,,0.0,0.0,,0.0,,2.0,0.0
TN,2018,7,18,2018-05-06,0.0,,0.0,0.0,,0.0,,7.0,0.0
TN,2018,8,19,2018-05-13,0.0,,0.0,4.0,,0.0,,26.0,0.0
TN,2018,9,20,2018-05-20,0.0,,0.0,25.0,,0.0,,50.0,0.0
TN,2018,10,21,2018-05-27,0.0,,0.0,39.0,,0.0,,63.0,0.0
TN,2018,11,22,2018-06-03,0.0,,0.0,48.0,,0.0,,69.0,0.0
TN,2018,12,23,2018-06-10,0.0,,0.0,60.0,,0.0,,79.0,0.0
TN,2018,13,24,2018-06-17,3.0,,0.0,71.0,,0.0,,87.0,0.0
TN,2018,14,25,2018-06-24,13.0,,0.0,81.0,,0.0,,93.0,0.0
TN,2018,15,26,2018-07-01,24.0,,0.0,89.0,,0.0,,96.0,0.0
TN,2018,16,27,2018-07-08,42.0,,0.0,96.0,,0.0,,96.0,10.0
TN,2018,17,28,2018-07-15,58.0,,0.0,97.0,,0.0,,96.0,25.0
TN,2018,18,29,2018-07-22,72.0,,0.0,97.0,,0.0,,96.0,38.0
TN,2018,19,30,2018-07-29,84.0,,0.0,97.0,,0.0,,96.0,55.0
TN,2018,20,31,2018-08-05,89.0,,0.0,97.0,,0.0,,96.0,68.0
TN,2018,21,32,2018-08-12,93.0,,0.0,97.0,,0.0,,96.0,78.0
TN,2018,22,33,2018-08-19,93.0,,0.0,97.0,,0.0,,96.0,88.0
TN,2018,23,34,2018-08-26,93.0,,3.0,97.0,,0.0,,96.0,95.0
TN,2018,24,35,2018-09-02,93.0,,9.0,97.0,,0.0,,96.0,95.0
TN,2018,25,36,2018-09-09,93.0,,23.0,97.0,,3.0,,96.0,95.0
TN,2018,26,37,2018-09-16,93.0,,41.0,97.0,,8.0,,96.0,95.0
TN,2018,27,38,2018-09-23,93.0,,60.0,97.0,,16.0,,96.0,95.0
TN,2018,28,39,2018-09-30,93.0,,67.0,97.0,,18.0,,96.0,95.0
TN,2018,29,40,2018-10-07,93.0,,83.0,97.0,,30.0,,96.0,95.0
TN,2018,30,41,2018-10-14,93.0,,90.0,97.0,,46.0,,96.0,95.0
TN,2018,31,42,2018-10-21,93.0,,90.0,97.0,,52.0,,96.0,95.0
TN,2018,32,43,2018-10-28,93.0,,90.0,97.0,,60.0,,96.0,95.0
TN,2018,33,44,2018-11-04,93.0,,90.0,97.0,,68.0,,96.0,95.0
TN,2018,34,45,2018-11-11,93.0,,90.0,97.0,,72.0,,96.0,95.0
TN,2018,35,46,2018-11-18,93.0,,90.0,97.0,,74.0,,96.0,95.0
TN,2018,36,47,2018-11-25,93.0,,90.0,97.0,,83.0,,96.0,95.0
TN,2019,5,16,2019-04-21,0.0,,0.0,0.0,,0.0,,1.0,0.0
TN,2019,6,17,2019-04-28,0.0,,0.0,0.0,,0.0,,3.0,0.0
TN,2019,7,18,2019-05-05,0.0,,0.0,0.0,,0.0,,9.0,0.0
TN,2019,8,19,2019-05-12,0.0,,0.0,4.0,,0.0,,20.0,0.0
TN,2019,9,20,2019-05-19,0.0,,0.0,14.0,,0.0,,31.0,0.0
TN,2019,10,21,2019-05-26,0.0,,0.0,28.0,,0.0,,49.0,0.0
TN,2019,11,22,2019-06-02,0.0,,0.0,43.0,,0.0,,64.0,0.0
TN,2019,12,23,2019-06-09,0.0,,0.0,59.0,,0.0,,77.0,0.0
TN,2019,13,24,2019-06-16,0.0,,0.0,72.0,,0.0,,85.0,0.0
TN,2019,14,25,2019-06-23,5.0,,0.0,79.0,,0.0,,90.0,0.0
TN,2019,15,26,2019-06-30,17.0,,0.0,85.0,,0.0,,94.0,0.0
TN,2019,16,27,2019-07-07,24.0,,0.0,90.0,,0.0,,97.0,3.0
TN,2019,17,28,2019-07-14,40.0,,0.0,97.0,,0.0,,97.0,13.0
TN,2019,18,29,2019-07-21,56.0,,0.0,97.0,,0.0,,97.0,27.0
TN,2019,19,30,2019-07-28,68.0,,0.0,97.0,,0.0,,97.0,41.0
TN,2019,20,31,2019-08-04,78.0,,0.0,97.0,,0.0,,97.0,54.0
TN,2019,21,32,2019-08-11,85.0,,0.0,97.0,,0.0,,97.0,66.0
TN,2019,22,33,2019-08-18,90.0,,0.0,97.0,,0.0,,97.0,73.0
TN,2019,23,34,2019-08-25,93.0,,4.0,97.0,,0.0,,97.0,83.0
TN,2019,24,35,2019-09-01,95.0,,17.0,97.0,,0.0,,97.0,89.0
TN,2019,25,36,2019-09-08,95.0,,27.0,97.0,,2.0,,97.0,95.0
TN,2019,26,37,2019-09-15,95.0,,39.0,97.0,,9.0,,97.0,98.0
TN,2019,27,38,2019-09-22,95.0,,57.0,97.0,,18.0,,97.0,98.0
TN,2019,28,39,2019-09-29,95.0,,71.0,97.0,,27.0,,97.0,98.0
TN,2019,29,40,2019-10-06,95.0,,85.0,97.0,,39.0,,97.0,98.0
TN,2019,30,41,2019-10-13,95.0,,92.0,97.0,,50.0,,97.0,98.0
TN,2019,31,42,2019-10-20,95.0,,96.0,97.0,,62.0,,97.0,98.0
TN,2019,32,43,2019-10-27,95.0,,98.0,97.0,,72.0,,97.0,98.0
TN,2019,33,44,2019-11-03,95.0,,98.0,97.0,,75.0,,97.0,98.0
TN,2019,34,45,2019-11-10,95.0,,98.0,97.0,,80.0,,97.0,98.0
TN,2019,35,46,2019-11-17,95.0,,98.0,97.0,,85.0,,97.0,98.0
TN,2019,36,47,2019-11-24,95.0,,98.0,97.0,,91.0,,97.0,98.0
TN,2019,37,48,2019-12-01,95.0,,98.0,97.0,,95.0,,97.0,98.0
TN,2020,5,16,2020-04-19,0.0,,0.0,0.0,,0.0,,2.0,0.0
TN,2020,6,17,2020-04-26,0.0,,0.0,0.0,,0.0,,8.0,0.0
TN,2020,7,18,2020-05-03,0.0,,0.0,0.0,,0.0,,14.0,0.0
TN,2020,8,19,2020-05-10,0.0,,0.0,6.0,,0.0,,20.0,0.0
TN,2020,9,20,2020-05-17,0.0,,0.0,14.0,,0.0,,29.0,0.0
TN,2020,10,21,2020-05-24,0.0,,0.0,21.0,,0.0,,39.0,0.0
TN,2020,11,22,2020-05-31,0.0,,0.0,31.0,,0.0,,49.0,0.0
TN,2020,12,23,2020-06-07,0.0,,0.0,44.0,,0.0,,63.0,0.0
TN,2020,13,24,2020-06-14,0.0,,0.0,58.0,,0.0,,75.0,0.0
TN,2020,14,25,2020-06-21,2.0,,0.0,70.0,,0.0,,86.0,0.0
TN,2020,15,26,2020-06-28,8.0,,0.0,82.0,,0.0,,92.0,0.0
TN,2020,16,27,2020-07-05,19.0,,0.0,91.0,,0.0,,98.0,2.0
TN,2020,17,28,2020-07-12,34.0,,0.0,97.0,,0.0,,98.0,10.0
TN,2020,18,29,2020-07-19,47.0,,0.0,97.0,,0.0,,98.0,21.0
TN,2020,19,30,2020-07-26,62.0,,0.0,97.0,,0.0,,98.0,35.0
TN,2020,20,31,2020-08-02,73.0,,0.0,97.0,,0.0,,98.0,45.0
TN,2020,21,32,2020-08-09,84.0,,0.0,97.0,,0.0,,98.0,58.0
TN,2020,22,33,2020-08-16,92.0,,0.0,97.0,,0.0,,98.0,73.0
TN,2020,23,34,2020-08-23,96.0,,2.0,97.0,,0.0,,98.0,82.0
TN,2020,24,35,2020-08-30,96.0,,8.0,97.0,,0.0,,98.0,91.0
TN,2020,25,36,2020-09-06,96.0,,15.0,97.0,,0.0,,98.0,94.0
TN,2020,26,37,2020-09-13,96.0,,24.0,97.0,,2.0,,98.0,97.0
TN,2020,27,38,2020-09-20,96.0,,37.0,97.0,,7.0,,98.0,100.0
TN,2020,28,39,2020-09-27,96.0,,52.0,97.0,,12.0,,98.0,100.0
TN,2020,29,40,2020-10-04,96.0,,69.0,97.0,,21.0,,98.0,100.0
TN,2020,30,41,2020-10-11,96.0,,81.0,97.0,,31.0,,98.0,100.0
TN,2020,31,42,2020-10-18,96.0,,89.0,97.0,,41.0,,98.0,100.0
TN,2020,32,43,2020-10-25,96.0,,89.0,97.0,,51.0,,98.0,100.0
TN,2020,33,44,2020-11-01,96.0,,89.0,97.0,,58.0,,98.0,100.0
TN,2020,34,45,2020-11-08,96.0,,89.0,97.0,,71.0,,98.0,100.0
TN,2020,35,46,2020-11-15,96.0,,89.0,97.0,,80.0,,98.0,100.0
TN,2020,36,47,2020-11-22,96.0,,89.0,97.0,,87.0,,98.0,100.0
TN,2020,37,48,2020-11-29,96.0,,89.0,97.0,,95.0,,98.0,100.0
TN,2021,4,15,2021-04-18,0.0,,0.0,0.0,,0.0,,2.0,0.0
TN,2021,5,16,2021-04-25,0.0,,0.0,0.0,,0.0,,8.0,0.0
TN,2021,6,17,2021-05-02,0.0,,0.0,0.0,,0.0,,15.0,0.0
TN,2021,7,18,2021-05-09,0.0,,0.0,8.0,,0.0,,25.0,0.0
TN,2021,8,19,2021-05-16,0.0,,0.0,18.0,,0.0,,38.0,0.0
TN,2021,9,20,2021-05-23,0.0,,0.0,33.0,,0.0,,55.0,0.0
TN,2021,10,21,2021-05-30,0.0,,0.0,47.0,,0.0,,66.0,0.0
TN,2021,11,22,2021-06-06,0.0,,0.0,59.0,,0.0,,72.0,0.0
TN,2021,12,23,2021-06-13,0.0,,0.0,68.0,,0.0,,76.0,0.0
TN,2021,13,24,2021-06-20,2.0,,0.0,75.0,,0.0,,86.0,0.0
TN,2021,14,25,2021-06-27,7.0,,0.0,83.0,,0.0,,92.0,0.0
TN,2021,15,26,2021-07-04,18.0,,0.0,90.0,,0.0,,96.0,3.0
TN,2021,16,27,2021-07-11,30.0,,0.0,96.0,,0.0,,99.0,12.0
TN,2021,17,28,2021-07-18,49.0,,0.0,98.0,,0.0,,99.0,24.0
TN,2021,18,29,2021-07-25,65.0,,0.0,100.0,,0.0,,99.0,35.0
TN,2021,19,30,2021-08-01,76.0,,0.0,100.0,,0.0,,99.0,50.0
TN,2021,20,31,2021-08-08,84.0,,0.0,100.0,,0.0,,99.0,62.0
TN,2021,21,32,2021-08-15,91.0,,0.0,100.0,,0.0,,99.0,74.0
TN,2021,22,33,2021-08-22,95.0,,3.0,100.0,,0.0,,99.0,82.0
TN,2021,23,34,2021-08-29,95.0,,10.0,100.0,,0.0,,99.0,90.0
TN,2021,24,35,2021-09-05,95.0,,16.0,100.0,,0.0,,99.0,95.0
TN,2021,25,36,2021-09-12,95.0,,26.0,100.0,,1.0,,99.0,95.0
TN,2021,26,37,2021-09-19,95.0,,37.0,100.0,,5.0,,99.0,95.0
TN,2021,27,38,2021-09-26,95.0,,48.0,100.0,,9.0,,99.0,95.0
TN,2021,28,39,2021-10-03,95.0,,62.0,100.0,,15.0,,99.0,95.0
TN,2021,29,40,2021-10-10,95.0,,77.0,100.0,,22.0,,99.0,95.0
TN,2021,30,41,2021-10-17,95.0,,87.0,100.0,,31.0,,99.0,95.0
TN,2021,31,42,2021-10-24,95.0,,87.0,100.0,,44.0,,99.0,95.0
TN,2021,32,43,2021-10-31,95.0,,87.0,100.0,,55.0,,99.0,95.0
TN,2021,33,44,2021-11-07,95.0,,87.0,100.0,,66.0,,99.0,95.0
TN,2021,34,45,2021-11-14,95.0,,87.0,100.0,,77.0,,99.0,95.0
TN,2021,35,46,2021-11-21,95.0,,87.0,100.0,,85.0,,99.0,95.0
TN,2021,36,47,2021-11-28,95.0,,87.0,100.0,,92.0,,99.0,95.0
TN,2022,3,14,2022-04-10,0.0,,0.0,0.0,,0.0,,0.0,0.0
TN,2022,4,15,2022-04-17,0.0,,0.0,0.0,,0.0,,1.0,0.0
TN,2022,5,16,2022-04-24,0.0,,0.0,0.0,,0.0,,3.0,0.0
TN,2022,6,17,2022-05-01,0.0,,0.0,0.0,,0.0,,9.0,0.0
TN,2022,7,18,2022-05-08,0.0,,0.0,4.0,,0.0,,19.0,0.0
TN,2022,8,19,2022-05-15,0.0,,0.0,16.0,,0.0,,36.0,0.0
TN,2022,9,20,2022-05-22,0.0,,0.0,30.0,,0.0,,53.0,0.0
TN,2022,10,21,2022-05-29,0.0,,0.0,43.0,,0.0,,60.0,0.0
TN,2022,11,22,2022-06-05,0.0,,0.0,55.0,,0.0,,73.0,0.0
TN,2022,12,23,2022-06-12,0.0,,0.0,70.0,,0.0,,81.0,0.0
TN,2022,13,24,2022-06-19,3.0,,0.0,77.0,,0.0,,86.0,0.0
TN,2022,14,25,2022-06-26,12.0,,0.0,83.0,,0.0,,93.0,0.0
TN,2022,15,26,2022-07-03,23.0,,0.0,91.0,,0.0,,97.0,1.0
TN,2022,16,27,2022-07-10,34.0,,0.0,96.0,,0.0,,97.0,7.0
TN,2022,17,28,2022-07-17,53.0,,0.0,96.0,,0.0,,97.0,20.0
TN,2022,18,29,2022-07-24,69.0,,0.0,96.0,,0.0,,97.0,37.0
TN,2022,19,30,2022-07-31,80.0,,0.0,96.0,,0.0,,97.0,47.0
TN,2022,20,31,2022-08-07,86.0,,0.0,96.0,,0.0,,97.0,59.0
TN,2022,21,32,2022-08-14,92.0,,0.0,96.0,,0.0,,97.0,70.0
TN,2022,22,33,2022-08-21,95.0,,1.0,96.0,,0.0,,97.0,80.0
TN,2022,23,34,2022-08-28,95.0,,8.0,96.0,,0.0,,97.0,92.0
TN,2022,24,35,2022-09-04,95.0,,15.0,96.0,,0.0,,97.0,95.0
TN,2022,25,36,2022-09-11,95.0,,30.0,96.0,,2.0,,97.0,98.0
TN,2022,26,37,2022-09-18,95.0,,44.0,96.0,,6.0,,97.0,98.0
TN,2022,27,38,2022-09-25,95.0,,55.0,96.0,,13.0,,97.0,98.0
TN,2022,28,39,2022-10-02,95.0,,75.0,96.0,,21.0,,97.0,98.0
TN,2022,29,40,2022-10-09,95.0,,85.0,96.0,,32.0,,97.0,98.0
TN,2022,30,41,2022-10-16,95.0,,93.0,96.0,,46.0,,97.0,98.0
TN,2022,31,42,2022-10-23,95.0,,96.0,96.0,,61.0,,97.0,98.0
TN,2022,32,43,2022-10-30,95.0,,96.0,96.0,,73.0,,97.0,98.0
TN,2022,33,44,2022-11-06,95.0,,96.0,96.0,,80.0,,97.0,98.0
TN,2022,34,45,2022-11-13,95.0,,96.0,96.0,,87.0,,97.0,98.0
TN,2022,35,46,2022-11-20,95.0,,96.0,96.0,,93.0,,97.0,98.0
TN,2022,36,47,2022-11-27,95.0,,96.0,96.0,,96.0,,97.0,98.0
TN,2023,2,13,2023-04-02,0.0,,0.0,0.0,,0.0,,0.0,0.0
TN,2023,3,14,2023-04-09,0.0,,0.0,0.0,,0.0,,1.0,0.0
TN,2023,4,15,2023-04-16,0.0,,0.0,0.0,,0.0,,7.0,0.0
TN,2023,5,16,2023-04-23,0.0,,0.0,0.0,,0.0,,16.0,0.0
TN,2023,6,17,2023-04-30,0.0,,0.0,0.0,,0.0,,23.0,0.0
TN,2023,7,18,2023-05-07,0.0,,0.0,9.0,,0.0,,38.0,0.0
TN,2023,8,19,2023-05-14,0.0,,0.0,22.0,,0.0,,50.0,0.0
TN,2023,9,20,2023-05-21,0.0,,0.0,36.0,,0.0,,60.0,0.0
TN,2023,10,21,2023-05-28,0.0,,0.0,50.0,,0.0,,68.0,0.0
TN,2023,11,22,2023-06-04,0.0,,0.0,62.0,,0.0,,76.0,0.0
TN,2023,12,23,2023-06-11,2.0,,0.0,72.0,,0.0,,82.0,0.0
TN,2023,13,24,2023-06-18,10.0,,0.0,77.0,,0.0,,87.0,0.0
TN,2023,14,25,2023-06-25,24.0,,0.0,83.0,,0.0,,92.0,0.0
TN,2023,15,26,2023-07-02,39.0,,0.0,91.0,,0.0,,92.0,8.0
TN,2023,16,27,2023-07-09,55.0,,0.0,95.0,,0.0,,92.0,21.0
TN,2023,17,28,2023-07-16,64.0,,0.0,95.0,,0.0,,92.0,30.0
TN,2023,18,29,2023-07-23,73.0,,0.0,95.0,,0.0,,92.0,43.0
TN,2023,19,30,2023-07-30,76.0,,0.0,95.0,,0.0,,92.0,55.0
TN,2023,20,31,2023-08-06,86.0,,0.0,95.0,,0.0,,92.0,63.0
TN,2023,21,32,2023-08-13,91.0,,0.0,95.0,,0.0,,92.0,76.0
TN,2023,22,33,2023-08-20,94.0,,2.0,95.0,,0.0,,92.0,83.0
TN,2023,23,34,2023-08-27,96.0,,10.0,95.0,,0.0,,92.0,88.0
TN,2023,24,35,2023-09-03,96.0,,18.0,95.0,,0.0,,92.0,92.0
TN,2023,25,36,2023-09-10,96.0,,28.0,95.0,,2.0,,92.0,96.0
TN,2023,26,37,2023-09-17,96.0,,46.0,95.0,,11.0,,92.0,96.0
TN,2023,27,38,2023-09-24,96.0,,62.0,95.0,,17.0,,92.0,96.0
TN,2023,28,39,2023-10-01,96.0,,73.0,95.0,,29.0,,92.0,96.0
TN,2023,29,40,2023-10-08,96.0,,83.0,95.0,,37.0,,92.0,96.0
TN,2023,30,41,2023-10-15,96.0,,92.0,95.0,,46.0,,92.0,96.0
TN,2023,31,42,2023-10-22,96.0,,92.0,95.0,,60.0,,92.0,96.0
TN,2023,32,43,2023-10-29,96.0,,92.0,95.0,,73.0,,92.0,96.0
TN,2023,33,44,2023-11-05,96.0,,92.0,95.0,,80.0,,92.0,96.0
TN,2023,34,45,2023-11-12,96.0,,92.0,95.0,,87.0,,92.0,96.0
TN,2023,35,46,2023-11-19,96.0,,92.0,95.0,,93.0,,92.0,96.0
TN,2023,36,47,2023-11-26,96.0,,92.0,95.0,,97.0,,92.0,96.0
TN,2024,2,13,2024-03-31,0.0,,0.0,0.0,,0.0,,1.0,0.0
TN,2024,3,14,2024-04-07,0.0,,0.0,0.0,,0.0,,4.0,0.0
TN,2024,4,15,2024-04-14,0.0,,0.0,0.0,,0.0,,8.0,0.0
TN,2024,5,16,2024-04-21,0.0,,0.0,0.0,,0.0,,17.0,0.0
TN,2024,6,17,2024-04-28,0.0,,0.0,0.0,,0.0,,28.0,0.0
TN,2024,7,18,2024-05-05,0.0,,0.0,12.0,,0.0,,38.0,0.0
TN,2024,8,19,2024-05-12,0.0,,0.0,25.0,,0.0,,46.0,0.0
TN,2024,9,20,2024-05-19,0.0,,0.0,34.0,,0.0,,53.0,0.0
TN,2024,10,21,2024-05-26,0.0,,0.0,45.0,,0.0,,60.0,0.0
TN,2024,11,22,2024-06-02,0.0,,0.0,54.0,,0.0,,68.0,0.0
TN,2024,12,23,2024-06-09,4.0,,0.0,61.0,,0.0,,74.0,0.0
TN,2024,13,24,2024-06-16,17.0,,0.0,69.0,,0.0,,83.0,0.0
TN,2024,14,25,2024-06-23,27.0,,0.0,78.0,,0.0,,90.0,0.0
TN,2024,15,26,2024-06-30,41.0,,0.0,87.0,,0.0,,95.0,5.0
TN,2024,16,27,2024-07-07,53.0,,0.0,94.0,,0.0,,95.0,20.0
TN,2024,17,28,2024-07-14,61.0,,0.0,98.0,,0.0,,95.0,31.0
TN,2024,18,29,2024-07-21,70.0,,0.0,98.0,,0.0,,95.0,41.0
TN,2024,19,30,2024-07-28,78.0,,0.0,98.0,,0.0,,95.0,57.0
TN,2024,20,31,2024-08-04,84.0,,0.0,98.0,,0.0,,95.0,66.0
TN,2024,21,32,2024-08-11,90.0,,0.0,98.0,,0.0,,95.0,75.0
TN,2024,22,33,2024-08-18,95.0,,5.0,98.0,,0.0,,95.0,82.0
TN,2024,23,34,2024-08-25,95.0,,18.0,98.0,,0.0,,95.0,92.0
TN,2024,24,35,2024-09-01,95.0,,29.0,98.0,,3.0,,95.0,95.0
TN,2024,25,36,2024-09-08,95.0,,46.0,98.0,,11.0,,95.0,97.0
TN,2024,26,37,2024-09-15,95.0,,58.0,98.0,,22.0,,95.0,97.0
TN,2024,27,38,2024-09-22,95.0,,70.0,98.0,,32.0,,95.0,97.0
TN,2024,28,39,2024-09-29,95.0,,78.0,98.0,,42.0,,95.0,97.0
TN,2024,29,40,2024-10-06,95.0,,83.0,98.0,,51.0,,95.0,97.0
TN,2024,30,41,2024-10-13,95.0,,91.0,98.0,,62.0,,95.0,97.0
TN,2024,31,42,2024-10-20,95.0,,96.0,98.0,,69.0,,95.0,97.0
TN,2024,32,43,2024-10-27,95.0,,96.0,98.0,,77.0,,95.0,97.0
TN,2024,33,44,2024-11-03,95.0,,96.0,98.0,,85.0,,95.0,97.0
TN,2024,34,45,2024-11-10,95.0,,96.0,98.0,,89.0,,95.0,97.0
TN,2024,35,46,2024-11-17,95.0,,96.0,98.0,,92.0,,95.0,97.0
TN,2024,36,47,2024-11-24,95.0,,96.0,98.0,,95.0,,95.0,97.0
TN,2025,3,14,2025-04-06,0.0,,0.0,0.0,,0.0,,2.0,0.0
TN,2025,4,15,2025-04-13,0.0,,0.0,0.0,,0.0,,5.0,0.0
TN,2025,5,16,2025-04-20,0.0,,0.0,0.0,,0.0,,15.0,0.0
TN,2025,6,17,2025-04-27,0.0,,0.0,0.0,,0.0,,25.0,0.0
TN,2025,7,18,2025-05-04,0.0,,0.0,9.0,,0.0,,35.0,0.0
TN,2025,8,19,2025-05-11,0.0,,0.0,23.0,,0.0,,44.0,0.0
TN,2025,9,20,2025-05-18,0.0,,0.0,34.0,,0.0,,53.0,0.0
TN,2025,10,21,2025-05-25,0.0,,0.0,44.0,,0.0,,59.0,0.0
TN,2025,11,22,2025-06-01,0.0,,0.0,53.0,,0.0,,65.0,0.0
TN,2025,12,23,2025-06-08,0.0,,0.0,60.0,,0.0,,73.0,0.0
TN,2025,13,24,2025-06-15,6.0,,0.0,66.0,,0.0,,78.0,0.0
TN,2025,14,25,2025-06-22,16.0,,0.0,74.0,,0.0,,84.0,0.0
TN,2025,15,26,2025-06-29,24.0,,0.0,79.0,,0.0,,90.0,3.0
TN,2025,16,27,2025-07-06,41.0,,0.0,86.0,,0.0,,94.0,12.0
TN,2025,17,28,2025-07-13,51.0,,0.0,90.0,,0.0,,96.0,21.0
TN,2025,18,29,2025-07-20,59.0,,0.0,95.0,,0.0,,96.0,32.0
TN,2025,19,30,2025-07-27,69.0,,0.0,95.0,,0.0,,96.0,44.0
TN,2025,20,31,2025-08-03,77.0,,0.0,95.0,,0.0,,96.0,57.0
TN,2025,21,32,2025-08-10,84.0,,0.0,95.0,,0.0,,96.0,68.0
TN,2025,22,33,2025-08-17,89.0,,0.0,95.0,,0.0,,96.0,76.0
TN,2025,23,34,2025-08-24,89.0,,10.0,95.0,,0.0,,96.0,86.0
TN,2025,24,35,2025-08-31,89.0,,26.0,95.0,,4.0,,96.0,93.0
TN,2025,25,36,2025-09-07,89.0,,41.0,95.0,,9.0,,96.0,94.0
TN,2025,26,37,2025-09-14,89.0,,54.0,95.0,,17.0,,96.0,96.0
TN,2025,27,38,2025-09-21,89.0,,66.0,95.0,,25.0,,96.0,96.0
TN,2025,28,39,2025-09-28,89.0,,75.0,95.0,,33.0,,96.0,96.0
TN,2025,35,46,2025-11-16,89.0,,75.0,95.0,,86.0,,96.0,96.0
TN,2025,36,47,2025-11-23,89.0,,75.0,95.0,,89.0,,96.0,96.0
TX,2016,3,14,2016-04-10,0.0,,0.0,0.0,,0.0,,0.0,0.0
TX,2016,4,15,2016-04-17,0.0,,0.0,0.0,,0.0,,11.0,0.0
TX,2016,5,16,2016-04-24,0.0,,0.0,10.0,,0.0,,24.0,0.0
TX,2016,6,17,2016-05-01,0.0,,0.0,23.0,,0.0,,32.0,0.0
TX,2016,7,18,2016-05-08,0.0,,0.0,40.0,,0.0,,60.0,0.0
TX,2016,8,19,2016-05-15,0.0,,0.0,44.0,,0.0,,61.0,0.0
TX,2016,9,20,2016-05-22,0.0,,0.0,55.0,,0.0,,65.0,0.0
TX,2016,10,21,2016-05-29,0.0,,0.0,60.0,,0.0,,68.0,0.0
TX,2016,11,22,2016-06-05,2.0,,0.0,76.0,,0.0,,84.0,0.0
TX,2016,12,23,2016-06-12,14.0,,0.0,85.0,,0.0,,88.0,0.0
TX,2016,13,24,2016-06-19,16.0,,0.0,86.0,,0.0,,89.0,0.0
TX,2016,14,25,2016-06-26,30.0,,0.0,96.0,,0.0,,98.0,0.0
TX,2016,15,26,2016-07-03,45.0,,0.0,96.0,,0.0,,98.0,0.0
TX,2016,16,27,2016-07-10,47.0,,0.0,96.0,,0.0,,98.0,5.0
TX,2016,17,28,2016-07-17,50.0,,0.0,96.0,,0.0,,98.0,20.0
TX,2016,18,29,2016-07-24,70.0,,0.0,96.0,,0.0,,98.0,40.0
TX,2016,19,30,2016-07-31,75.0,,10.0,96.0,,0.0,,98.0,50.0
TX,2016,20,31,2016-08-07,80.0,,14.0,96.0,,0.0,,98.0,61.0
TX,2016,21,32,2016-08-14,98.0,,33.0,96.0,,0.0,,98.0,74.0
TX,2016,22,33,2016-08-21,98.0,,39.0,96.0,,10.0,,98.0,80.0
TX,2016,23,34,2016-08-28,98.0,,43.0,96.0,,17.0,,98.0,88.0
TX,2016,24,35,2016-09-04,98.0,,48.0,96.0,,39.0,,98.0,96.0
TX,2016,25,36,2016-09-11,98.0,,64.0,96.0,,42.0,,98.0,96.0
TX,2016,26,37,2016-09-18,98.0,,71.0,96.0,,45.0,,98.0,96.0
TX,2016,27,38,2016-09-25,98.0,,84.0,96.0,,50.0,,98.0,96.0
TX,2016,28,39,2016-10-02,98.0,,85.0,96.0,,55.0,,98.0,96.0
TX,2016,29,40,2016-10-09,98.0,,86.0,96.0,,57.0,,98.0,96.0
TX,2016,30,41,2016-10-16,98.0,,90.0,96.0,,70.0,,98.0,96.0
TX,2016,31,42,2016-10-23,98.0,,95.0,96.0,,78.0,,98.0,96.0
TX,2016,32,43,2016-10-30,98.0,,96.0,96.0,,80.0,,98.0,96.0
TX,2016,33,44,2016-11-06,98.0,,96.0,96.0,,85.0,,98.0,96.0
TX,2016,34,45,2016-11-13,98.0,,96.0,96.0,,86.0,,98.0,96.0
TX,2016,35,46,2016-11-20,98.0,,96.0,96.0,,90.0,,98.0,96.0
TX,2016,36,47,2016-11-27,98.0,,96.0,96.0,,97.0,,98.0,96.0
TX,2017,4,15,2017-04-16,0.0,,0.0,0.0,,0.0,,8.0,0.0
TX,2017,5,16,2017-04-23,0.0,,0.0,12.0,,0.0,,25.0,0.0
TX,2017,6,17,2017-04-30,0.0,,0.0,25.0,,0.0,,45.0,0.0
TX,2017,7,18,2017-05-07,0.0,,0.0,41.0,,0.0,,63.0,0.0
TX,2017,8,19,2017-05-14,0.0,,0.0,55.0,,0.0,,70.0,0.0
TX,2017,9,20,2017-05-21,0.0,,0.0,74.0,,0.0,,85.0,0.0
TX,2017,10,21,2017-05-28,0.0,,0.0,77.0,,0.0,,89.0,0.0
TX,2017,11,22,2017-06-04,5.0,,0.0,79.0,,0.0,,92.0,0.0
TX,2017,12,23,2017-06-11,20.0,,0.0,86.0,,0.0,,96.0,0.0
TX,2017,13,24,2017-06-18,42.0,,0.0,90.0,,0.0,,96.0,0.0
TX,2017,14,25,2017-06-25,50.0,,0.0,95.0,,0.0,,96.0,0.0
TX,2017,15,26,2017-07-02,53.0,,0.0,95.0,,0.0,,96.0,0.0
TX,2017,16,27,2017-07-09,60.0,,0.0,95.0,,0.0,,96.0,15.0
TX,2017,17,28,2017-07-16,65.0,,0.0,95.0,,0.0,,96.0,20.0
TX,2017,18,29,2017-07-23,70.0,,0.0,95.0,,0.0,,96.0,40.0
TX,2017,19,30,2017-07-30,88.0,,6.0,95.0,,0.0,,96.0,50.0
TX,2017,20,31,2017-08-06,89.0,,15.0,95.0,,0.0,,96.0,77.0
TX,2017,21,32,2017-08-13,93.0,,25.0,95.0,,0.0,,96.0,86.0
TX,2017,22,33,2017-08-20,95.0,,40.0,95.0,,0.0,,96.0,89.0
TX,2017,23,34,2017-08-27,95.0,,45.0,95.0,,5.0,,96.0,92.0
TX,2017,24,35,2017-09-03,95.0,,50.0,95.0,,30.0,,96.0,95.0
TX,2017,25,36,2017-09-10,95.0,,62.0,95.0,,40.0,,96.0,95.0
TX,2017,26,37,2017-09-17,95.0,,70.0,95.0,,47.0,,96.0,95.0
TX,2017,27,38,2017-09-24,95.0,,76.0,95.0,,50.0,,96.0,95.0
TX,2017,28,39,2017-10-01,95.0,,84.0,95.0,,55.0,,96.0,95.0
TX,2017,29,40,2017-10-08,95.0,,89.0,95.0,,66.0,,96.0,95.0
TX,2017,30,41,2017-10-15,95.0,,90.0,95.0,,70.0,,96.0,95.0
TX,2017,31,42,2017-10-22,95.0,,91.0,95.0,,83.0,,96.0,95.0
TX,2017,32,43,2017-10-29,95.0,,95.0,95.0,,89.0,,96.0,95.0
TX,2017,33,44,2017-11-05,95.0,,95.0,95.0,,92.0,,96.0,95.0
TX,2017,34,45,2017-11-12,95.0,,95.0,95.0,,95.0,,96.0,95.0
TX,2018,4,15,2018-04-15,0.0,,0.0,0.0,,0.0,,12.0,0.0
TX,2018,5,16,2018-04-22,0.0,,0.0,6.0,,0.0,,26.0,0.0
TX,2018,6,17,2018-04-29,0.0,,0.0,18.0,,0.0,,42.0,0.0
TX,2018,7,18,2018-05-06,0.0,,0.0,30.0,,0.0,,52.0,0.0
TX,2018,8,19,2018-05-13,0.0,,0.0,50.0,,0.0,,64.0,0.0
TX,2018,9,20,2018-05-20,0.0,,0.0,63.0,,0.0,,75.0,0.0
TX,2018,10,21,2018-05-27,3.0,,0.0,66.0,,0.0,,80.0,0.0
TX,2018,11,22,2018-06-03,6.0,,0.0,73.0,,0.0,,85.0,0.0
TX,2018,12,23,2018-06-10,14.0,,0.0,75.0,,0.0,,90.0,0.0
TX,2018,13,24,2018-06-17,25.0,,0.0,86.0,,0.0,,95.0,0.0
TX,2018,14,25,2018-06-24,35.0,,0.0,97.0,,0.0,,95.0,0.0
TX,2018,15,26,2018-07-01,47.0,,0.0,97.0,,0.0,,95.0,0.0
TX,2018,16,27,2018-07-08,62.0,,0.0,97.0,,0.0,,95.0,30.0
TX,2018,17,28,2018-07-15,67.0,,0.0,97.0,,0.0,,95.0,34.0
TX,2018,18,29,2018-07-22,71.0,,0.0,97.0,,0.0,,95.0,37.0
TX,2018,19,30,2018-07-29,83.0,,4.0,97.0,,0.0,,95.0,52.0
TX,2018,20,31,2018-08-05,95.0,,14.0,97.0,,0.0,,95.0,65.0
TX,2018,21,32,2018-08-12,97.0,,22.0,97.0,,3.0,,95.0,77.0
TX,2018,22,33,2018-08-19,97.0,,30.0,97.0,,5.0,,95.0,80.0
TX,2018,23,34,2018-08-26,97.0,,38.0,97.0,,10.0,,95.0,85.0
TX,2018,24,35,2018-09-02,97.0,,47.0,97.0,,28.0,,95.0,90.0
TX,2018,25,36,2018-09-09,97.0,,58.0,97.0,,36.0,,95.0,95.0
TX,2018,26,37,2018-09-16,97.0,,70.0,97.0,,45.0,,95.0,95.0
TX,2018,27,38,2018-09-23,97.0,,79.0,97.0,,52.0,,95.0,95.0
TX,2018,28,39,2018-09-30,97.0,,80.0,97.0,,69.0,,95.0,95.0
TX,2018,29,40,2018-10-07,97.0,,84.0,97.0,,70.0,,95.0,95.0
TX,2018,30,41,2018-10-14,97.0,,89.0,97.0,,72.0,,95.0,95.0
TX,2018,31,42,2018-10-21,97.0,,93.0,97.0,,79.0,,95.0,95.0
TX,2018,32,43,2018-10-28,97.0,,94.0,97.0,,80.0,,95.0,95.0
TX,2018,33,44,2018-11-04,97.0,,99.0,97.0,,82.0,,95.0,95.0
TX,2018,34,45,2018-11-11,97.0,,99.0,97.0,,85.0,,95.0,95.0
TX,2018,35,46,2018-11-18,97.0,,99.0,97.0,,89.0,,95.0,95.0
TX,2018,36,47,2018-11-25,97.0,,99.0,97.0,,93.0,,95.0,95.0
TX,2019,5,16,2019-04-21,0.0,,0.0,0.0,,0.0,,15.0,0.0
TX,2019,6,17,2019-04-28,0.0,,0.0,0.0,,0.0,,30.0,0.0
TX,2019,7,18,2019-05-05,0.0,,0.0,13.0,,0.0,,40.0,0.0
TX,2019,8,19,2019-05-12,0.0,,0.0,31.0,,0.0,,57.0,0.0
TX,2019,9,20,2019-05-19,0.0,,0.0,49.0,,0.0,,64.0,0.0
TX,2019,10,21,2019-05-26,0.0,,0.0,55.0,,0.0,,70.0,0.0
TX,2019,11,22,2019-06-02,6.0,,0.0,57.0,,0.0,,75.0,0.0
TX,2019,12,23,2019-06-09,9.0,,0.0,64.0,,0.0,,85.0,0.0
TX,2019,13,24,2019-06-16,21.0,,0.0,73.0,,0.0,,90.0,0.0
TX,2019,14,25,2019-06-23,30.0,,0.0,74.0,,0.0,,93.0,0.0
TX,2019,15,26,2019-06-30,42.0,,0.0,90.0,,0.0,,97.0,0.0
TX,2019,16,27,2019-07-07,61.0,,0.0,95.0,,0.0,,97.0,0.0
TX,2019,17,28,2019-07-14,62.0,,0.0,100.0,,0.0,,97.0,17.0
TX,2019,18,29,2019-07-21,65.0,,0.0,100.0,,0.0,,97.0,35.0
TX,2019,19,30,2019-07-28,75.0,,0.0,100.0,,0.0,,97.0,48.0
TX,2019,20,31,2019-08-04,79.0,,5.0,100.0,,0.0,,97.0,60.0
TX,2019,21,32,2019-08-11,88.0,,24.0,100.0,,0.0,,97.0,74.0
TX,2019,22,33,2019-08-18,92.0,,29.0,100.0,,8.0,,97.0,75.0
TX,2019,23,34,2019-08-25,96.0,,36.0,100.0,,24.0,,97.0,76.0
TX,2019,24,35,2019-09-01,100.0,,46.0,100.0,,31.0,,97.0,78.0
TX,2019,25,36,2019-09-08,100.0,,58.0,100.0,,40.0,,97.0,85.0
TX,2019,26,37,2019-09-15,100.0,,65.0,100.0,,45.0,,97.0,92.0
TX,2019,27,38,2019-09-22,100.0,,72.0,100.0,,50.0,,97.0,99.0
TX,2019,28,39,2019-09-29,100.0,,80.0,100.0,,68.0,,97.0,99.0
TX,2019,29,40,2019-10-06,100.0,,82.0,100.0,,70.0,,97.0,99.0
TX,2019,30,41,2019-10-13,100.0,,85.0,100.0,,72.0,,97.0,99.0
TX,2019,31,42,2019-10-20,100.0,,91.0,100.0,,77.0,,97.0,99.0
TX,2019,32,43,2019-10-27,100.0,,95.0,100.0,,79.0,,97.0,99.0
TX,2019,33,44,2019-11-03,100.0,,95.0,100.0,,80.0,,97.0,99.0
TX,2019,34,45,2019-11-10,100.0,,95.0,100.0,,83.0,,97.0,99.0
TX,2019,35,46,2019-11-17,100.0,,95.0,100.0,,88.0,,97.0,99.0
TX,2019,36,47,2019-11-24,100.0,,95.0,100.0,,90.0,,97.0,99.0
TX,2019,37,48,2019-12-01,100.0,,95.0,100.0,,93.0,,97.0,99.0
TX,2019,38,49,2019-12-08,100.0,,95.0,100.0,,95.0,,97.0,99.0
TX,2020,5,16,2020-04-19,0.0,,0.0,0.0,,0.0,,15.0,0.0
TX,2020,6,17,2020-04-26,0.0,,0.0,0.0,,0.0,,32.0,0.0
TX,2020,7,18,2020-05-03,0.0,,0.0,0.0,,0.0,,42.0,0.0
TX,2020,8,19,2020-05-10,0.0,,0.0,0.0,,0.0,,55.0,0.0
TX,2020,9,20,2020-05-17,0.0,,0.0,35.0,,0.0,,69.0,0.0
TX,2020,10,21,2020-05-24,0.0,,0.0,50.0,,0.0,,78.0,0.0
TX,2020,11,22,2020-05-31,3.0,,0.0,62.0,,0.0,,81.0,0.0
TX,2020,12,23,2020-06-07,12.0,,0.0,71.0,,0.0,,82.0,0.0
TX,2020,13,24,2020-06-14,20.0,,0.0,77.0,,0.0,,82.0,0.0
TX,2020,14,25,2020-06-21,27.0,,0.0,84.0,,0.0,,92.0,0.0
TX,2020,15,26,2020-06-28,40.0,,0.0,88.0,,0.0,,97.0,0.0
TX,2020,16,27,2020-07-05,52.0,,0.0,88.0,,0.0,,97.0,5.0
TX,2020,17,28,2020-07-12,66.0,,0.0,88.0,,0.0,,97.0,19.0
TX,2020,18,29,2020-07-19,71.0,,0.0,88.0,,0.0,,97.0,39.0
TX,2020,19,30,2020-07-26,77.0,,0.0,88.0,,0.0,,97.0,48.0
TX,2020,20,31,2020-08-02,83.0,,8.0,88.0,,0.0,,97.0,58.0
TX,2020,21,32,2020-08-09,87.0,,20.0,88.0,,0.0,,97.0,73.0
TX,2020,22,33,2020-08-16,95.0,,30.0,88.0,,0.0,,97.0,80.0
TX,2020,23,34,2020-08-23,97.0,,36.0,88.0,,10.0,,97.0,81.0
TX,2020,24,35,2020-08-30,100.0,,44.0,88.0,,21.0,,97.0,81.0
TX,2020,25,36,2020-09-06,100.0,,54.0,88.0,,34.0,,97.0,89.0
TX,2020,26,37,2020-09-13,100.0,,64.0,88.0,,43.0,,97.0,95.0
TX,2020,27,38,2020-09-20,100.0,,71.0,88.0,,50.0,,97.0,95.0
TX,2020,28,39,2020-09-27,100.0,,78.0,88.0,,55.0,,97.0,95.0
TX,2020,29,40,2020-10-04,100.0,,81.0,88.0,,60.0,,97.0,95.0
TX,2020,30,41,2020-10-11,100.0,,85.0,88.0,,69.0,,97.0,95.0
TX,2020,31,42,2020-10-18,100.0,,90.0,88.0,,76.0,,97.0,95.0
TX,2020,32,43,2020-10-25,100.0,,94.0,88.0,,79.0,,97.0,95.0
TX,2020,33,44,2020-11-01,100.0,,96.0,88.0,,84.0,,97.0,95.0
TX,2020,34,45,2020-11-08,100.0,,96.0,88.0,,87.0,,97.0,95.0
TX,2020,35,46,2020-11-15,100.0,,96.0,88.0,,92.0,,97.0,95.0
TX,2020,36,47,2020-11-22,100.0,,96.0,88.0,,96.0,,97.0,95.0
TX,2021,4,15,2021-04-18,0.0,,0.0,0.0,,0.0,,15.0,0.0
TX,2021,5,16,2021-04-25,0.0,,0.0,0.0,,0.0,,25.0,0.0
TX,2021,6,17,2021-05-02,0.0,,0.0,10.0,,0.0,,37.0,0.0
TX,2021,7,18,2021-05-09,0.0,,0.0,20.0,,0.0,,45.0,0.0
TX,2021,8,19,2021-05-16,0.0,,0.0,30.0,,0.0,,61.0,0.0
TX,2021,9,20,2021-05-23,0.0,,0.0,49.0,,0.0,,66.0,0.0
TX,2021,10,21,2021-05-30,1.0,,0.0,57.0,,0.0,,67.0,0.0
TX,2021,11,22,2021-06-06,6.0,,0.0,65.0,,0.0,,75.0,0.0
TX,2021,12,23,2021-06-13,15.0,,0.0,72.0,,0.0,,85.0,0.0
TX,2021,13,24,2021-06-20,30.0,,0.0,85.0,,0.0,,90.0,0.0
TX,2021,14,25,2021-06-27,40.0,,0.0,90.0,,0.0,,95.0,0.0
TX,2021,15,26,2021-07-04,50.0,,0.0,95.0,,0.0,,95.0,0.0
TX,2021,16,27,2021-07-11,72.0,,0.0,95.0,,0.0,,95.0,27.0
TX,2021,17,28,2021-07-18,74.0,,0.0,95.0,,0.0,,95.0,33.0
TX,2021,18,29,2021-07-25,77.0,,0.0,95.0,,0.0,,95.0,45.0
TX,2021,19,30,2021-08-01,81.0,,3.0,95.0,,0.0,,95.0,58.0
TX,2021,20,31,2021-08-08,85.0,,18.0,95.0,,0.0,,95.0,73.0
TX,2021,21,32,2021-08-15,92.0,,33.0,95.0,,0.0,,95.0,79.0
TX,2021,22,33,2021-08-22,96.0,,39.0,95.0,,0.0,,95.0,80.0
TX,2021,23,34,2021-08-29,96.0,,52.0,95.0,,0.0,,95.0,87.0
TX,2021,24,35,2021-09-05,96.0,,57.0,95.0,,25.0,,95.0,90.0
TX,2021,25,36,2021-09-12,96.0,,69.0,95.0,,41.0,,95.0,95.0
TX,2021,26,37,2021-09-19,96.0,,78.0,95.0,,50.0,,95.0,95.0
TX,2021,27,38,2021-09-26,96.0,,90.0,95.0,,59.0,,95.0,95.0
TX,2021,28,39,2021-10-03,96.0,,95.0,95.0,,69.0,,95.0,95.0
TX,2021,29,40,2021-10-10,96.0,,95.0,95.0,,74.0,,95.0,95.0
TX,2021,30,41,2021-10-17,96.0,,95.0,95.0,,77.0,,95.0,95.0
TX,2021,31,42,2021-10-24,96.0,,95.0,95.0,,86.0,,95.0,95.0
TX,2021,32,43,2021-10-31,96.0,,95.0,95.0,,90.0,,95.0,95.0
TX,2021,33,44,2021-11-07,96.0,,95.0,95.0,,93.0,,95.0,95.0
TX,2021,34,45,2021-11-14,96.0,,95.0,95.0,,98.0,,95.0,95.0
TX,2022,4,15,2022-04-17,0.0,,0.0,0.0,,0.0,0.0,4.0,0.0
TX,2022,5,16,2022-04-24,0.0,,0.0,0.0,,0.0,0.0,27.0,0.0
TX,2022,6,17,2022-05-01,0.0,,0.0,12.0,,0.0,0.0,45.0,0.0
TX,2022,7,18,2022-05-08,0.0,,0.0,28.0,,0.0,0.0,54.0,0.0
TX,2022,8,19,2022-05-15,0.0,,0.0,35.0,,0.0,0.0,62.0,0.0
TX,2022,9,20,2022-05-22,0.0,,0.0,52.0,,0.0,0.0,64.0,0.0
TX,2022,10,21,2022-05-29,0.0,,0.0,57.0,,0.0,0.0,67.0,0.0
TX,2022,11,22,2022-06-05,6.0,,0.0,64.0,,0.0,0.0,72.0,0.0
TX,2022,12,23,2022-06-12,13.0,,0.0,65.0,,0.0,0.0,81.0,0.0
TX,2022,13,24,2022-06-19,26.0,,0.0,80.0,,0.0,0.0,88.0,0.0
TX,2022,14,25,2022-06-26,40.0,,0.0,90.0,,0.0,0.0,95.0,0.0
TX,2022,15,26,2022-07-03,61.0,,0.0,95.0,,0.0,0.0,97.0,10.0
TX,2022,16,27,2022-07-10,66.0,,0.0,95.0,,0.0,0.0,97.0,17.0
TX,2022,17,28,2022-07-17,77.0,,0.0,95.0,,0.0,0.0,97.0,30.0
TX,2022,18,29,2022-07-24,79.0,,0.0,95.0,,0.0,0.0,97.0,45.0
TX,2022,19,30,2022-07-31,82.0,,7.0,95.0,,0.0,0.0,97.0,58.0
TX,2022,20,31,2022-08-07,88.0,,20.0,95.0,,0.0,0.0,97.0,70.0
TX,2022,21,32,2022-08-14,93.0,,38.0,95.0,,0.0,0.0,97.0,81.0
TX,2022,22,33,2022-08-21,96.0,,47.0,95.0,,0.0,0.0,97.0,84.0
TX,2022,23,34,2022-08-28,96.0,,61.0,95.0,,0.0,20.0,97.0,90.0
TX,2022,24,35,2022-09-04,96.0,,69.0,95.0,,0.0,36.0,97.0,95.0
TX,2022,25,36,2022-09-11,96.0,,78.0,95.0,,0.0,42.0,97.0,95.0
TX,2022,26,37,2022-09-18,96.0,,83.0,95.0,,25.0,42.0,97.0,95.0
TX,2022,27,38,2022-09-25,96.0,,87.0,95.0,,31.0,42.0,97.0,95.0
TX,2022,28,39,2022-10-02,96.0,,95.0,95.0,,41.0,42.0,97.0,95.0
TX,2022,29,40,2022-10-09,96.0,,95.0,95.0,,55.0,42.0,97.0,95.0
TX,2022,30,41,2022-10-16,96.0,,95.0,95.0,,65.0,42.0,97.0,95.0
TX,2022,31,42,2022-10-23,96.0,,95.0,95.0,,72.0,42.0,97.0,95.0
TX,2022,32,43,2022-10-30,96.0,,95.0,95.0,,80.0,42.0,97.0,95.0
TX,2022,33,44,2022-11-06,96.0,,95.0,95.0,,90.0,42.0,97.0,95.0
TX,2022,34,45,2022-11-13,96.0,,95.0,95.0,,98.0,42.0,97.0,95.0
TX,2023,7,18,2023-05-07,0.0,,0.0,18.0,,0.0,,39.0,0.0
TX,2023,8,19,2023-05-14,0.0,,0.0,30.0,,0.0,,50.0,0.0
TX,2023,9,20,2023-05-21,0.0,,0.0,33.0,,0.0,,55.0,0.0
TX,2023,10,21,2023-05-28,0.0,,0.0,33.0,,0.0,,66.0,0.0
TX,2023,11,22,2023-06-04,0.0,,0.0,45.0,,0.0,,69.0,0.0
TX,2023,12,23,2023-06-11,10.0,,0.0,65.0,,0.0,,82.0,0.0
TX,2023,13,24,2023-06-18,21.0,,0.0,78.0,,0.0,,87.0,0.0
TX,2023,14,25,2023-06-25,28.0,,0.0,83.0,,0.0,,92.0,0.0
TX,2023,15,26,2023-07-02,41.0,,0.0,90.0,,0.0,,96.0,0.0
TX,2023,16,27,2023-07-09,46.0,,0.0,93.0,,0.0,,100.0,7.0
TX,2023,17,28,2023-07-16,70.0,,0.0,100.0,,0.0,,100.0,27.0
TX,2023,18,29,2023-07-23,72.0,,0.0,100.0,,0.0,,100.0,43.0
TX,2023,19,30,2023-07-30,80.0,,0.0,100.0,,0.0,,100.0,53.0
TX,2023,20,31,2023-08-06,85.0,,15.0,100.0,,0.0,,100.0,60.0
TX,2023,21,32,2023-08-13,95.0,,25.0,100.0,,0.0,,100.0,70.0
TX,2023,22,33,2023-08-20,95.0,,35.0,100.0,,0.0,,100.0,77.0
TX,2023,23,34,2023-08-27,95.0,,47.0,100.0,,0.0,,100.0,85.0
TX,2023,24,35,2023-09-03,95.0,,52.0,100.0,,5.0,,100.0,89.0
TX,2023,25,36,2023-09-10,95.0,,63.0,100.0,,13.0,,100.0,93.0
TX,2023,26,37,2023-09-17,95.0,,76.0,100.0,,26.0,,100.0,96.0
TX,2023,27,38,2023-09-24,95.0,,83.0,100.0,,40.0,,100.0,100.0
TX,2023,28,39,2023-10-01,95.0,,86.0,100.0,,47.0,,100.0,100.0
TX,2023,29,40,2023-10-08,95.0,,90.0,100.0,,52.0,,100.0,100.0
TX,2023,30,41,2023-10-15,95.0,,96.0,100.0,,68.0,,100.0,100.0
TX,2023,31,42,2023-10-22,95.0,,96.0,100.0,,74.0,,100.0,100.0
TX,2023,32,43,2023-10-29,95.0,,96.0,100.0,,79.0,,100.0,100.0
TX,2023,33,44,2023-11-05,95.0,,96.0,100.0,,85.0,,100.0,100.0
TX,2023,34,45,2023-11-12,95.0,,96.0,100.0,,91.0,,100.0,100.0
TX,2023,35,46,2023-11-19,95.0,,96.0,100.0,,95.0,,100.0,100.0
TX,2024,4,15,2024-04-14,0.0,,0.0,0.0,,0.0,,0.0,0.0
TX,2024,5,16,2024-04-21,0.0,,0.0,0.0,,0.0,,0.0,0.0
TX,2024,6,17,2024-04-28,0.0,,0.0,0.0,,0.0,,0.0,0.0
TX,2024,7,18,2024-05-05,0.0,,0.0,0.0,,0.0,,10.0,0.0
TX,2024,8,19,2024-05-12,0.0,,0.0,19.0,,0.0,,38.0,0.0
TX,2024,9,20,2024-05-19,0.0,,0.0,28.0,,0.0,,49.0,0.0
TX,2024,10,21,2024-05-26,0.0,,0.0,37.0,,0.0,,55.0,0.0
TX,2024,11,22,2024-06-02,0.0,,0.0,46.0,,0.0,,64.0,0.0
TX,2024,12,23,2024-06-09,12.0,,0.0,55.0,,0.0,,71.0,0.0
TX,2024,13,24,2024-06-16,27.0,,0.0,70.0,,0.0,,85.0,0.0
TX,2024,14,25,2024-06-23,34.0,,0.0,83.0,,0.0,,91.0,0.0
TX,2024,15,26,2024-06-30,42.0,,0.0,85.0,,0.0,,95.0,0.0
TX,2024,16,27,2024-07-07,46.0,,0.0,92.0,,0.0,,100.0,0.0
TX,2024,17,28,2024-07-14,55.0,,0.0,100.0,,0.0,,100.0,22.0
TX,2024,18,29,2024-07-21,66.0,,0.0,100.0,,0.0,,100.0,40.0
TX,2024,19,30,2024-07-28,78.0,,0.0,100.0,,0.0,,100.0,50.0
TX,2024,20,31,2024-08-04,83.0,,10.0,100.0,,0.0,,100.0,60.0
TX,2024,21,32,2024-08-11,91.0,,22.0,100.0,,0.0,,100.0,75.0
TX,2024,22,33,2024-08-18,95.0,,38.0,100.0,,0.0,,100.0,78.0
TX,2024,23,34,2024-08-25,95.0,,45.0,100.0,,0.0,,100.0,85.0
TX,2024,24,35,2024-09-01,95.0,,52.0,100.0,,0.0,,100.0,91.0
TX,2024,25,36,2024-09-08,95.0,,61.0,100.0,,9.0,,100.0,95.0
TX,2024,26,37,2024-09-15,95.0,,71.0,100.0,,20.0,,100.0,95.0
TX,2024,27,38,2024-09-22,95.0,,76.0,100.0,,31.0,,100.0,95.0
TX,2024,28,39,2024-09-29,95.0,,86.0,100.0,,45.0,,100.0,95.0
TX,2024,29,40,2024-10-06,95.0,,90.0,100.0,,56.0,,100.0,95.0
TX,2024,30,41,2024-10-13,95.0,,95.0,100.0,,66.0,,100.0,95.0
TX,2024,31,42,2024-10-20,95.0,,95.0,100.0,,78.0,,100.0,95.0
TX,2024,32,43,2024-10-27,95.0,,95.0,100.0,,83.0,,100.0,95.0
TX,2024,33,44,2024-11-03,95.0,,95.0,100.0,,90.0,,100.0,95.0
TX,2024,34,45,2024-11-10,95.0,,95.0,100.0,,95.0,,100.0,95.0
TX,2025,4,15,2025-04-13,0.0,,0.0,0.0,,0.0,,4.0,0.0
TX,2025,5,16,2025-04-20,0.0,,0.0,0.0,,0.0,,10.0,0.0
TX,2025,6,17,2025-04-27,0.0,,0.0,0.0,,0.0,,19.0,0.0
TX,2025,7,18,2025-05-04,0.0,,0.0,15.0,,0.0,,30.0,0.0
TX,2025,8,19,2025-05-11,0.0,,0.0,25.0,,0.0,,40.0,0.0
TX,2025,9,20,2025-05-18,0.0,,0.0,35.0,,0.0,,60.0,0.0
TX,2025,10,21,2025-05-25,0.0,,0.0,50.0,,0.0,,72.0,0.0
TX,2025,11,22,2025-06-01,9.0,,0.0,60.0,,0.0,,84.0,0.0
TX,2025,12,23,2025-06-08,15.0,,0.0,71.0,,0.0,,87.0,0.0
TX,2025,13,24,2025-06-15,27.0,,0.0,75.0,,0.0,,89.0,0.0
TX,2025,14,25,2025-06-22,35.0,,0.0,80.0,,0.0,,91.0,0.0
TX,2025,15,26,2025-06-29,40.0,,0.0,85.0,,0.0,,94.0,0.0
TX,2025,16,27,2025-07-06,46.0,,0.0,91.0,,0.0,,99.0,0.0
TX,2025,17,28,2025-07-13,54.0,,0.0,99.0,,0.0,,100.0,0.0
TX,2025,18,29,2025-07-20,65.0,,0.0,99.0,,0.0,,100.0,33.0
TX,2025,19,30,2025-07-27,76.0,,0.0,99.0,,0.0,,100.0,45.0
TX,2025,20,31,2025-08-03,82.0,,8.0,99.0,,0.0,,100.0,55.0
TX,2025,21,32,2025-08-10,89.0,,19.0,99.0,,0.0,,100.0,65.0
TX,2025,22,33,2025-08-17,95.0,,33.0,99.0,,0.0,,100.0,75.0
TX,2025,23,34,2025-08-24,95.0,,43.0,99.0,,0.0,,100.0,83.0
TX,2025,24,35,2025-08-31,95.0,,54.0,99.0,,0.0,,100.0,89.0
TX,2025,25,36,2025-09-07,95.0,,63.0,99.0,,8.0,,100.0,96.0
TX,2025,26,37,2025-09-14,95.0,,70.0,99.0,,25.0,,100.0,96.0
TX,2025,27,38,2025-09-21,95.0,,75.0,99.0,,32.0,,100.0,96.0
TX,2025,28,39,2025-09-28,95.0,,83.0,99.0,,40.0,,100.0,96.0
TX,2025,35,46,2025-11-16,95.0,,83.0,99.0,,95.0,,100.0,96.0
VA,2016,6,17,2016-05-01,0.0,,0.0,0.0,,0.0,,3.0,0.0
VA,2016,7,18,2016-05-08,0.0,,0.0,0.0,,0.0,,6.0,0.0
VA,2016,8,19,2016-05-15,0.0,,0.0,2.0,,0.0,,11.0,0.0
VA,2016,9,20,2016-05-22,0.0,,0.0,5.0,,0.0,,18.0,0.0
VA,2016,10,21,2016-05-29,0.0,,0.0,16.0,,0.0,,26.0,0.0
VA,2016,11,22,2016-06-05,0.0,,0.0,24.0,,0.0,,35.0,0.0
VA,2016,12,23,2016-06-12,0.0,,0.0,31.0,,0.0,,44.0,0.0
VA,2016,13,24,2016-06-19,0.0,,0.0,42.0,,0.0,,53.0,0.0
VA,2016,14,25,2016-06-26,0.0,,0.0,50.0,,0.0,,64.0,0.0
VA,2016,15,26,2016-07-03,0.0,,0.0,66.0,,0.0,,78.0,0.0
VA,2016,16,27,2016-07-10,5.0,,0.0,82.0,,0.0,,90.0,0.0
VA,2016,17,28,2016-07-17,12.0,,0.0,90.0,,0.0,,95.0,0.0
VA,2016,18,29,2016-07-24,23.0,,0.0,95.0,,0.0,,95.0,5.0
VA,2016,19,30,2016-07-31,36.0,,0.0,95.0,,0.0,,95.0,12.0
VA,2016,20,31,2016-08-07,47.0,,0.0,95.0,,0.0,,95.0,21.0
VA,2016,21,32,2016-08-14,60.0,,0.0,95.0,,0.0,,95.0,34.0
VA,2016,22,33,2016-08-21,75.0,,0.0,95.0,,0.0,,95.0,50.0
VA,2016,23,34,2016-08-28,84.0,,0.0,95.0,,0.0,,95.0,65.0
VA,2016,24,35,2016-09-04,92.0,,1.0,95.0,,0.0,,95.0,77.0
VA,2016,25,36,2016-09-11,95.0,,5.0,95.0,,0.0,,95.0,83.0
VA,2016,26,37,2016-09-18,95.0,,13.0,95.0,,0.0,,95.0,89.0
VA,2016,27,38,2016-09-25,95.0,,27.0,95.0,,0.0,,95.0,92.0
VA,2016,28,39,2016-10-02,95.0,,36.0,95.0,,0.0,,95.0,97.0
VA,2016,29,40,2016-10-09,95.0,,49.0,95.0,,0.0,,95.0,97.0
VA,2016,30,41,2016-10-16,95.0,,74.0,95.0,,7.0,,95.0,97.0
VA,2016,31,42,2016-10-23,95.0,,84.0,95.0,,19.0,,95.0,97.0
VA,2016,32,43,2016-10-30,95.0,,93.0,95.0,,36.0,,95.0,97.0
VA,2016,33,44,2016-11-06,95.0,,97.0,95.0,,53.0,,95.0,97.0
VA,2016,34,45,2016-11-13,95.0,,97.0,95.0,,67.0,,95.0,97.0
VA,2016,35,46,2016-11-20,95.0,,97.0,95.0,,79.0,,95.0,97.0
VA,2016,36,47,2016-11-27,95.0,,97.0,95.0,,85.0,,95.0,97.0
VA,2017,6,17,2017-04-30,0.0,,0.0,0.0,,0.0,,1.0,0.0
VA,2017,7,18,2017-05-07,0.0,,0.0,0.0,,0.0,,11.0,0.0
VA,2017,8,19,2017-05-14,0.0,,0.0,2.0,,0.0,,18.0,0.0
VA,2017,9,20,2017-05-21,0.0,,0.0,9.0,,0.0,,32.0,0.0
VA,2017,10,21,2017-05-28,0.0,,0.0,20.0,,0.0,,43.0,0.0
VA,2017,11,22,2017-06-04,0.0,,0.0,33.0,,0.0,,58.0,0.0
VA,2017,12,23,2017-06-11,0.0,,0.0,52.0,,0.0,,73.0,0.0
VA,2017,13,24,2017-06-18,0.0,,0.0,66.0,,0.0,,81.0,0.0
VA,2017,14,25,2017-06-25,0.0,,0.0,73.0,,0.0,,86.0,0.0
VA,2017,15,26,2017-07-02,3.0,,0.0,86.0,,0.0,,93.0,0.0
VA,2017,16,27,2017-07-09,5.0,,0.0,92.0,,0.0,,97.0,0.0
VA,2017,17,28,2017-07-16,15.0,,0.0,97.0,,0.0,,97.0,6.0
VA,2017,18,29,2017-07-23,30.0,,0.0,97.0,,0.0,,97.0,16.0
VA,2017,19,30,2017-07-30,45.0,,0.0,97.0,,0.0,,97.0,23.0
VA,2017,20,31,2017-08-06,55.0,,0.0,97.0,,0.0,,97.0,32.0
VA,2017,21,32,2017-08-13,67.0,,0.0,97.0,,0.0,,97.0,43.0
VA,2017,22,33,2017-08-20,80.0,,0.0,97.0,,0.0,,97.0,50.0
VA,2017,23,34,2017-08-27,90.0,,0.0,97.0,,0.0,,97.0,68.0
VA,2017,24,35,2017-09-03,94.0,,5.0,97.0,,0.0,,97.0,79.0
VA,2017,25,36,2017-09-10,98.0,,15.0,97.0,,0.0,,97.0,91.0
VA,2017,26,37,2017-09-17,98.0,,22.0,97.0,,0.0,,97.0,95.0
VA,2017,27,38,2017-09-24,98.0,,33.0,97.0,,0.0,,97.0,95.0
VA,2017,28,39,2017-10-01,98.0,,48.0,97.0,,5.0,,97.0,95.0
VA,2017,29,40,2017-10-08,98.0,,67.0,97.0,,11.0,,97.0,95.0
VA,2017,30,41,2017-10-15,98.0,,77.0,97.0,,20.0,,97.0,95.0
VA,2017,31,42,2017-10-22,98.0,,86.0,97.0,,32.0,,97.0,95.0
VA,2017,32,43,2017-10-29,98.0,,94.0,97.0,,40.0,,97.0,95.0
VA,2017,33,44,2017-11-05,98.0,,98.0,97.0,,53.0,,97.0,95.0
VA,2017,34,45,2017-11-12,98.0,,98.0,97.0,,63.0,,97.0,95.0
VA,2017,35,46,2017-11-19,98.0,,98.0,97.0,,71.0,,97.0,95.0
VA,2017,36,47,2017-11-26,98.0,,98.0,97.0,,83.0,,97.0,95.0
VA,2018,6,17,2018-04-29,0.0,,0.0,0.0,,0.0,,2.0,0.0
VA,2018,7,18,2018-05-06,0.0,,0.0,0.0,,0.0,,9.0,0.0
VA,2018,8,19,2018-05-13,0.0,,0.0,2.0,,0.0,,17.0,0.0
VA,2018,9,20,2018-05-20,0.0,,0.0,12.0,,0.0,,26.0,0.0
VA,2018,10,21,2018-05-27,0.0,,0.0,24.0,,0.0,,38.0,0.0
VA,2018,11,22,2018-06-03,0.0,,0.0,36.0,,0.0,,45.0,0.0
VA,2018,12,23,2018-06-10,0.0,,0.0,44.0,,0.0,,58.0,0.0
VA,2018,13,24,2018-06-17,0.0,,0.0,56.0,,0.0,,71.0,0.0
VA,2018,14,25,2018-06-24,0.0,,0.0,66.0,,0.0,,77.0,0.0
VA,2018,15,26,2018-07-01,1.0,,0.0,75.0,,0.0,,86.0,0.0
VA,2018,16,27,2018-07-08,8.0,,0.0,86.0,,0.0,,91.0,1.0
VA,2018,17,28,2018-07-15,18.0,,0.0,91.0,,0.0,,96.0,7.0
VA,2018,18,29,2018-07-22,30.0,,0.0,96.0,,0.0,,96.0,15.0
VA,2018,19,30,2018-07-29,40.0,,0.0,96.0,,0.0,,96.0,24.0
VA,2018,20,31,2018-08-05,52.0,,0.0,96.0,,0.0,,96.0,32.0
VA,2018,21,32,2018-08-12,68.0,,0.0,96.0,,0.0,,96.0,43.0
VA,2018,22,33,2018-08-19,81.0,,0.0,96.0,,0.0,,96.0,55.0
VA,2018,23,34,2018-08-26,92.0,,0.0,96.0,,0.0,,96.0,70.0
VA,2018,24,35,2018-09-02,95.0,,2.0,96.0,,0.0,,96.0,81.0
VA,2018,25,36,2018-09-09,95.0,,8.0,96.0,,0.0,,96.0,87.0
VA,2018,26,37,2018-09-16,95.0,,15.0,96.0,,0.0,,96.0,91.0
VA,2018,27,38,2018-09-23,95.0,,25.0,96.0,,0.0,,96.0,94.0
VA,2018,28,39,2018-09-30,95.0,,36.0,96.0,,1.0,,96.0,96.0
VA,2018,29,40,2018-10-07,95.0,,48.0,96.0,,5.0,,96.0,96.0
VA,2018,30,41,2018-10-14,95.0,,68.0,96.0,,10.0,,96.0,96.0
VA,2018,31,42,2018-10-21,95.0,,81.0,96.0,,19.0,,96.0,96.0
VA,2018,32,43,2018-10-28,95.0,,89.0,96.0,,31.0,,96.0,96.0
VA,2018,33,44,2018-11-04,95.0,,96.0,96.0,,43.0,,96.0,96.0
VA,2018,34,45,2018-11-11,95.0,,96.0,96.0,,51.0,,96.0,96.0
VA,2018,35,46,2018-11-18,95.0,,96.0,96.0,,58.0,,96.0,96.0
VA,2018,36,47,2018-11-25,95.0,,96.0,96.0,,65.0,,96.0,96.0
VA,2019,6,17,2019-04-28,0.0,,0.0,0.0,,0.0,,1.0,0.0
VA,2019,7,18,2019-05-05,0.0,,0.0,0.0,,0.0,,10.0,0.0
VA,2019,8,19,2019-05-12,0.0,,0.0,5.0,,0.0,,20.0,0.0
VA,2019,9,20,2019-05-19,0.0,,0.0,14.0,,0.0,,35.0,0.0
VA,2019,10,21,2019-05-26,0.0,,0.0,35.0,,0.0,,51.0,0.0
VA,2019,11,22,2019-06-02,0.0,,0.0,47.0,,0.0,,70.0,0.0
VA,2019,12,23,2019-06-09,0.0,,0.0,61.0,,0.0,,80.0,0.0
VA,2019,13,24,2019-06-16,0.0,,0.0,73.0,,0.0,,84.0,0.0
VA,2019,14,25,2019-06-23,2.0,,0.0,82.0,,0.0,,89.0,0.0
VA,2019,15,26,2019-06-30,8.0,,0.0,87.0,,0.0,,94.0,0.0
VA,2019,16,27,2019-07-07,15.0,,0.0,90.0,,0.0,,97.0,0.0
VA,2019,17,28,2019-07-14,30.0,,0.0,97.0,,0.0,,97.0,9.0
VA,2019,18,29,2019-07-21,46.0,,0.0,97.0,,0.0,,97.0,23.0
VA,2019,19,30,2019-07-28,57.0,,0.0,97.0,,0.0,,97.0,31.0
VA,2019,20,31,2019-08-04,69.0,,0.0,97.0,,0.0,,97.0,44.0
VA,2019,21,32,2019-08-11,81.0,,0.0,97.0,,0.0,,97.0,50.0
VA,2019,22,33,2019-08-18,86.0,,0.0,97.0,,0.0,,97.0,56.0
VA,2019,23,34,2019-08-25,90.0,,0.0,97.0,,0.0,,97.0,70.0
VA,2019,24,35,2019-09-01,94.0,,1.0,97.0,,0.0,,97.0,81.0
VA,2019,25,36,2019-09-08,96.0,,7.0,97.0,,0.0,,97.0,89.0
VA,2019,26,37,2019-09-15,96.0,,17.0,97.0,,0.0,,97.0,95.0
VA,2019,27,38,2019-09-22,96.0,,29.0,97.0,,0.0,,97.0,97.0
VA,2019,28,39,2019-09-29,96.0,,51.0,97.0,,3.0,,97.0,97.0
VA,2019,29,40,2019-10-06,96.0,,66.0,97.0,,12.0,,97.0,97.0
VA,2019,30,41,2019-10-13,96.0,,74.0,97.0,,28.0,,97.0,97.0
VA,2019,31,42,2019-10-20,96.0,,86.0,97.0,,41.0,,97.0,97.0
VA,2019,32,43,2019-10-27,96.0,,92.0,97.0,,49.0,,97.0,97.0
VA,2019,33,44,2019-11-03,96.0,,95.0,97.0,,56.0,,97.0,97.0
VA,2019,34,45,2019-11-10,96.0,,95.0,97.0,,67.0,,97.0,97.0
VA,2019,35,46,2019-11-17,96.0,,95.0,97.0,,79.0,,97.0,97.0
VA,2019,36,47,2019-11-24,96.0,,95.0,97.0,,86.0,,97.0,97.0
VA,2020,7,18,2020-05-03,0.0,,0.0,0.0,,0.0,,8.0,0.0
VA,2020,8,19,2020-05-10,0.0,,0.0,2.0,,0.0,,16.0,0.0
VA,2020,9,20,2020-05-17,0.0,,0.0,7.0,,0.0,,28.0,0.0
VA,2020,10,21,2020-05-24,0.0,,0.0,18.0,,0.0,,42.0,0.0
VA,2020,11,22,2020-05-31,0.0,,0.0,34.0,,0.0,,52.0,0.0
VA,2020,12,23,2020-06-07,0.0,,0.0,49.0,,0.0,,62.0,0.0
VA,2020,13,24,2020-06-14,0.0,,0.0,60.0,,0.0,,77.0,0.0
VA,2020,14,25,2020-06-21,0.0,,0.0,70.0,,0.0,,83.0,0.0
VA,2020,15,26,2020-06-28,2.0,,0.0,78.0,,0.0,,89.0,0.0
VA,2020,16,27,2020-07-05,9.0,,0.0,85.0,,0.0,,94.0,0.0
VA,2020,17,28,2020-07-12,15.0,,0.0,92.0,,0.0,,98.0,1.0
VA,2020,18,29,2020-07-19,29.0,,0.0,99.0,,0.0,,98.0,5.0
VA,2020,19,30,2020-07-26,46.0,,0.0,99.0,,0.0,,98.0,18.0
VA,2020,20,31,2020-08-02,58.0,,0.0,99.0,,0.0,,98.0,27.0
VA,2020,21,32,2020-08-09,70.0,,0.0,99.0,,0.0,,98.0,38.0
VA,2020,22,33,2020-08-16,81.0,,0.0,99.0,,0.0,,98.0,50.0
VA,2020,23,34,2020-08-23,87.0,,0.0,99.0,,0.0,,98.0,61.0
VA,2020,24,35,2020-08-30,92.0,,2.0,99.0,,0.0,,98.0,73.0
VA,2020,25,36,2020-09-06,97.0,,8.0,99.0,,0.0,,98.0,82.0
VA,2020,26,37,2020-09-13,97.0,,14.0,99.0,,0.0,,98.0,89.0
VA,2020,27,38,2020-09-20,97.0,,24.0,99.0,,0.0,,98.0,96.0
VA,2020,28,39,2020-09-27,97.0,,33.0,99.0,,1.0,,98.0,96.0
VA,2020,29,40,2020-10-04,97.0,,48.0,99.0,,8.0,,98.0,96.0
VA,2020,30,41,2020-10-11,97.0,,60.0,99.0,,12.0,,98.0,96.0
VA,2020,31,42,2020-10-18,97.0,,75.0,99.0,,18.0,,98.0,96.0
VA,2020,32,43,2020-10-25,97.0,,90.0,99.0,,28.0,,98.0,96.0
VA,2020,33,44,2020-11-01,97.0,,96.0,99.0,,37.0,,98.0,96.0
VA,2020,34,45,2020-11-08,97.0,,96.0,99.0,,50.0,,98.0,96.0
VA,2020,35,46,2020-11-15,97.0,,96.0,99.0,,61.0,,98.0,96.0
VA,2020,36,47,2020-11-22,97.0,,96.0,99.0,,75.0,,98.0,96.0
VA,2020,37,48,2020-11-29,97.0,,96.0,99.0,,85.0,,98.0,96.0
VA,2021,5,16,2021-04-25,0.0,,0.0,0.0,,0.0,,0.0,0.0
VA,2021,6,17,2021-05-02,0.0,,0.0,0.0,,0.0,,7.0,0.0
VA,2021,7,18,2021-05-09,0.0,,0.0,1.0,,0.0,,19.0,0.0
VA,2021,8,19,2021-05-16,0.0,,0.0,7.0,,0.0,,31.0,0.0
VA,2021,9,20,2021-05-23,0.0,,0.0,18.0,,0.0,,44.0,0.0
VA,2021,10,21,2021-05-30,0.0,,0.0,33.0,,0.0,,57.0,0.0
VA,2021,11,22,2021-06-06,0.0,,0.0,45.0,,0.0,,71.0,0.0
VA,2021,12,23,2021-06-13,0.0,,0.0,61.0,,0.0,,80.0,0.0
VA,2021,13,24,2021-06-20,0.0,,0.0,74.0,,0.0,,88.0,0.0
VA,2021,14,25,2021-06-27,3.0,,0.0,84.0,,0.0,,94.0,0.0
VA,2021,15,26,2021-07-04,9.0,,0.0,91.0,,0.0,,98.0,0.0
VA,2021,16,27,2021-07-11,16.0,,0.0,96.0,,0.0,,98.0,2.0
VA,2021,17,28,2021-07-18,32.0,,0.0,96.0,,0.0,,98.0,7.0
VA,2021,18,29,2021-07-25,49.0,,0.0,96.0,,0.0,,98.0,18.0
VA,2021,19,30,2021-08-01,58.0,,0.0,96.0,,0.0,,98.0,31.0
VA,2021,20,31,2021-08-08,69.0,,0.0,96.0,,0.0,,98.0,40.0
VA,2021,21,32,2021-08-15,79.0,,0.0,96.0,,0.0,,98.0,55.0
VA,2021,22,33,2021-08-22,88.0,,0.0,96.0,,0.0,,98.0,65.0
VA,2021,23,34,2021-08-29,94.0,,1.0,96.0,,0.0,,98.0,76.0
VA,2021,24,35,2021-09-05,97.0,,8.0,96.0,,0.0,,98.0,87.0
VA,2021,25,36,2021-09-12,97.0,,15.0,96.0,,0.0,,98.0,95.0
VA,2021,26,37,2021-09-19,97.0,,26.0,96.0,,0.0,,98.0,95.0
VA,2021,27,38,2021-09-26,97.0,,42.0,96.0,,0.0,,98.0,95.0
VA,2021,28,39,2021-10-03,97.0,,55.0,96.0,,5.0,,98.0,95.0
VA,2021,29,40,2021-10-10,97.0,,67.0,96.0,,11.0,,98.0,95.0
VA,2021,30,41,2021-10-17,97.0,,77.0,96.0,,18.0,,98.0,95.0
VA,2021,31,42,2021-10-24,97.0,,87.0,96.0,,26.0,,98.0,95.0
VA,2021,32,43,2021-10-31,97.0,,95.0,96.0,,38.0,,98.0,95.0
VA,2021,33,44,2021-11-07,97.0,,95.0,96.0,,49.0,,98.0,95.0
VA,2021,34,45,2021-11-14,97.0,,95.0,96.0,,63.0,,98.0,95.0
VA,2021,35,46,2021-11-21,97.0,,95.0,96.0,,76.0,,98.0,95.0
VA,2021,36,47,2021-11-28,97.0,,95.0,96.0,,88.0,,98.0,95.0
VA,2022,5,16,2022-04-24,0.0,,0.0,0.0,,0.0,,1.0,0.0
VA,2022,6,17,2022-05-01,0.0,,0.0,0.0,,0.0,,8.0,0.0
VA,2022,7,18,2022-05-08,0.0,,0.0,1.0,,0.0,,22.0,0.0
VA,2022,8,19,2022-05-15,0.0,,0.0,13.0,,0.0,,38.0,0.0
VA,2022,9,20,2022-05-22,0.0,,0.0,35.0,,0.0,,58.0,0.0
VA,2022,10,21,2022-05-29,0.0,,0.0,51.0,,0.0,,73.0,0.0
VA,2022,11,22,2022-06-05,0.0,,0.0,63.0,,0.0,,83.0,0.0
VA,2022,12,23,2022-06-12,0.0,,0.0,75.0,,0.0,,89.0,0.0
VA,2022,13,24,2022-06-19,3.0,,0.0,84.0,,0.0,,94.0,0.0
VA,2022,14,25,2022-06-26,10.0,,0.0,89.0,,0.0,,96.0,0.0
VA,2022,15,26,2022-07-03,22.0,,0.0,95.0,,0.0,,96.0,2.0
VA,2022,16,27,2022-07-10,43.0,,0.0,95.0,,0.0,,96.0,7.0
VA,2022,17,28,2022-07-17,57.0,,0.0,95.0,,0.0,,96.0,17.0
VA,2022,18,29,2022-07-24,71.0,,0.0,95.0,,0.0,,96.0,25.0
VA,2022,19,30,2022-07-31,81.0,,0.0,95.0,,0.0,,96.0,36.0
VA,2022,20,31,2022-08-07,90.0,,0.0,95.0,,0.0,,96.0,49.0
VA,2022,21,32,2022-08-14,94.0,,0.0,95.0,,0.0,,96.0,60.0
VA,2022,22,33,2022-08-21,97.0,,0.0,95.0,,0.0,,96.0,73.0
VA,2022,23,34,2022-08-28,97.0,,1.0,95.0,,0.0,,96.0,91.0
VA,2022,24,35,2022-09-04,97.0,,10.0,95.0,,0.0,,96.0,96.0
VA,2022,25,36,2022-09-11,97.0,,22.0,95.0,,0.0,,96.0,96.0
VA,2022,26,37,2022-09-18,97.0,,30.0,95.0,,0.0,,96.0,96.0
VA,2022,27,38,2022-09-25,97.0,,36.0,95.0,,2.0,,96.0,96.0
VA,2022,28,39,2022-10-02,97.0,,55.0,95.0,,7.0,,96.0,96.0
VA,2022,29,40,2022-10-09,97.0,,70.0,95.0,,15.0,,96.0,96.0
VA,2022,30,41,2022-10-16,97.0,,83.0,95.0,,24.0,,96.0,96.0
VA,2022,31,42,2022-10-23,97.0,,93.0,95.0,,39.0,,96.0,96.0
VA,2022,32,43,2022-10-30,97.0,,96.0,95.0,,49.0,,96.0,96.0
VA,2022,33,44,2022-11-06,97.0,,96.0,95.0,,59.0,,96.0,96.0
VA,2022,34,45,2022-11-13,97.0,,96.0,95.0,,74.0,,96.0,96.0
VA,2022,35,46,2022-11-20,97.0,,96.0,95.0,,86.0,,96.0,96.0
VA,2022,36,47,2022-11-27,97.0,,96.0,95.0,,94.0,,96.0,96.0
VA,2023,2,13,2023-04-02,0.0,,0.0,0.0,,0.0,,0.0,0.0
VA,2023,3,14,2023-04-09,0.0,,0.0,0.0,,0.0,,0.0,0.0
VA,2023,4,15,2023-04-16,0.0,,0.0,0.0,,0.0,,3.0,0.0
VA,2023,5,16,2023-04-23,0.0,,0.0,0.0,,0.0,,10.0,0.0
VA,2023,6,17,2023-04-30,0.0,,0.0,0.0,,0.0,,19.0,0.0
VA,2023,7,18,2023-05-07,0.0,,0.0,4.0,,0.0,,32.0,0.0
VA,2023,8,19,2023-05-14,0.0,,0.0,13.0,,0.0,,45.0,0.0
VA,2023,9,20,2023-05-21,0.0,,0.0,23.0,,0.0,,56.0,0.0
VA,2023,10,21,2023-05-28,0.0,,0.0,38.0,,0.0,,69.0,0.0
VA,2023,11,22,2023-06-04,0.0,,0.0,49.0,,0.0,,77.0,0.0
VA,2023,12,23,2023-06-11,0.0,,0.0,63.0,,0.0,,83.0,0.0
VA,2023,13,24,2023-06-18,0.0,,0.0,72.0,,0.0,,90.0,0.0
VA,2023,14,25,2023-06-25,1.0,,0.0,81.0,,0.0,,93.0,0.0
VA,2023,15,26,2023-07-02,7.0,,0.0,86.0,,0.0,,95.0,0.0
VA,2023,16,27,2023-07-09,17.0,,0.0,93.0,,0.0,,95.0,5.0
VA,2023,17,28,2023-07-16,32.0,,0.0,96.0,,0.0,,95.0,16.0
VA,2023,18,29,2023-07-23,47.0,,0.0,96.0,,0.0,,95.0,24.0
VA,2023,19,30,2023-07-30,58.0,,0.0,96.0,,0.0,,95.0,33.0
VA,2023,20,31,2023-08-06,69.0,,0.0,96.0,,0.0,,95.0,43.0
VA,2023,21,32,2023-08-13,82.0,,0.0,96.0,,0.0,,95.0,55.0
VA,2023,22,33,2023-08-20,88.0,,0.0,96.0,,0.0,,95.0,67.0
VA,2023,23,34,2023-08-27,92.0,,0.0,96.0,,0.0,,95.0,77.0
VA,2023,24,35,2023-09-03,96.0,,6.0,96.0,,0.0,,95.0,88.0
VA,2023,25,36,2023-09-10,96.0,,13.0,96.0,,0.0,,95.0,95.0
VA,2023,26,37,2023-09-17,96.0,,22.0,96.0,,0.0,,95.0,95.0
VA,2023,27,38,2023-09-24,96.0,,33.0,96.0,,0.0,,95.0,95.0
VA,2023,28,39,2023-10-01,96.0,,46.0,96.0,,3.0,,95.0,95.0
VA,2023,29,40,2023-10-08,96.0,,63.0,96.0,,8.0,,95.0,95.0
VA,2023,30,41,2023-10-15,96.0,,76.0,96.0,,17.0,,95.0,95.0
VA,2023,31,42,2023-10-22,96.0,,86.0,96.0,,27.0,,95.0,95.0
VA,2023,32,43,2023-10-29,96.0,,95.0,96.0,,37.0,,95.0,95.0
VA,2023,33,44,2023-11-05,96.0,,95.0,96.0,,50.0,,95.0,95.0
VA,2023,34,45,2023-11-12,96.0,,95.0,96.0,,60.0,,95.0,95.0
VA,2023,35,46,2023-11-19,96.0,,95.0,96.0,,83.0,,95.0,95.0
VA,2023,36,47,2023-11-26,96.0,,95.0,96.0,,91.0,,95.0,95.0
VA,2024,2,13,2024-03-31,0.0,,0.0,0.0,,0.0,,0.0,0.0
VA,2024,3,14,2024-04-07,0.0,,0.0,0.0,,0.0,,0.0,0.0
VA,2024,4,15,2024-04-14,0.0,,0.0,0.0,,0.0,,3.0,0.0
VA,2024,5,16,2024-04-21,0.0,,0.0,0.0,,0.0,,9.0,0.0
VA,2024,6,17,2024-04-28,0.0,,0.0,0.0,,0.0,,18.0,0.0
VA,2024,7,18,2024-05-05,0.0,,0.0,5.0,,0.0,,31.0,0.0
VA,2024,8,19,2024-05-12,0.0,,0.0,12.0,,0.0,,45.0,0.0
VA,2024,9,20,2024-05-19,0.0,,0.0,22.0,,0.0,,56.0,0.0
VA,2024,10,21,2024-05-26,0.0,,0.0,38.0,,0.0,,70.0,0.0
VA,2024,11,22,2024-06-02,0.0,,0.0,50.0,,0.0,,78.0,0.0
VA,2024,12,23,2024-06-09,0.0,,0.0,63.0,,0.0,,86.0,0.0
VA,2024,13,24,2024-06-16,0.0,,0.0,75.0,,0.0,,93.0,0.0
VA,2024,14,25,2024-06-23,4.0,,0.0,82.0,,0.0,,96.0,0.0
VA,2024,15,26,2024-06-30,11.0,,0.0,89.0,,0.0,,96.0,0.0
VA,2024,16,27,2024-07-07,20.0,,0.0,95.0,,0.0,,96.0,6.0
VA,2024,17,28,2024-07-14,35.0,,0.0,95.0,,0.0,,96.0,14.0
VA,2024,18,29,2024-07-21,51.0,,0.0,95.0,,0.0,,96.0,25.0
VA,2024,19,30,2024-07-28,64.0,,0.0,95.0,,0.0,,96.0,34.0
VA,2024,20,31,2024-08-04,77.0,,0.0,95.0,,0.0,,96.0,46.0
VA,2024,21,32,2024-08-11,82.0,,0.0,95.0,,0.0,,96.0,61.0
VA,2024,22,33,2024-08-18,87.0,,0.0,95.0,,0.0,,96.0,72.0
VA,2024,23,34,2024-08-25,91.0,,0.0,95.0,,0.0,,96.0,84.0
VA,2024,24,35,2024-09-01,95.0,,7.0,95.0,,0.0,,96.0,90.0
VA,2024,25,36,2024-09-08,95.0,,14.0,95.0,,0.0,,96.0,95.0
VA,2024,26,37,2024-09-15,95.0,,24.0,95.0,,0.0,,96.0,95.0
VA,2024,27,38,2024-09-22,95.0,,37.0,95.0,,1.0,,96.0,95.0
VA,2024,28,39,2024-09-29,95.0,,53.0,95.0,,6.0,,96.0,95.0
VA,2024,29,40,2024-10-06,95.0,,66.0,95.0,,14.0,,96.0,95.0
VA,2024,30,41,2024-10-13,95.0,,80.0,95.0,,22.0,,96.0,95.0
VA,2024,31,42,2024-10-20,95.0,,90.0,95.0,,32.0,,96.0,95.0
VA,2024,32,43,2024-10-27,95.0,,96.0,95.0,,44.0,,96.0,95.0
VA,2024,33,44,2024-11-03,95.0,,96.0,95.0,,57.0,,96.0,95.0
VA,2024,34,45,2024-11-10,95.0,,96.0,95.0,,73.0,,96.0,95.0
VA,2024,35,46,2024-11-17,95.0,,96.0,95.0,,84.0,,96.0,95.0
VA,2024,36,47,2024-11-24,95.0,,96.0,95.0,,91.0,,96.0,95.0
VA,2025,3,14,2025-04-06,0.0,,0.0,0.0,,0.0,,0.0,0.0
VA,2025,4,15,2025-04-13,0.0,,0.0,0.0,,0.0,,2.0,0.0
VA,2025,5,16,2025-04-20,0.0,,0.0,0.0,,0.0,,10.0,0.0
VA,2025,6,17,2025-04-27,0.0,,0.0,0.0,,0.0,,19.0,0.0
VA,2025,7,18,2025-05-04,0.0,,0.0,0.0,,0.0,,30.0,0.0
VA,2025,8,19,2025-05-11,0.0,,0.0,8.0,,0.0,,45.0,0.0
VA,2025,9,20,2025-05-18,0.0,,0.0,22.0,,0.0,,58.0,0.0
VA,2025,10,21,2025-05-25,0.0,,0.0,41.0,,0.0,,69.0,0.0
VA,2025,11,22,2025-06-01,0.0,,0.0,52.0,,0.0,,77.0,0.0
VA,2025,12,23,2025-06-08,0.0,,0.0,64.0,,0.0,,85.0,0.0
VA,2025,13,24,2025-06-15,0.0,,0.0,73.0,,0.0,,90.0,0.0
VA,2025,14,25,2025-06-22,1.0,,0.0,81.0,,0.0,,94.0,0.0
VA,2025,15,26,2025-06-29,8.0,,0.0,87.0,,0.0,,97.0,0.0
VA,2025,16,27,2025-07-06,21.0,,0.0,93.0,,0.0,,97.0,2.0
VA,2025,17,28,2025-07-13,38.0,,0.0,96.0,,0.0,,97.0,7.0
VA,2025,18,29,2025-07-20,52.0,,0.0,96.0,,0.0,,97.0,18.0
VA,2025,19,30,2025-07-27,62.0,,0.0,96.0,,0.0,,97.0,27.0
VA,2025,20,31,2025-08-03,73.0,,0.0,96.0,,0.0,,97.0,38.0
VA,2025,21,32,2025-08-10,83.0,,0.0,96.0,,0.0,,97.0,52.0
VA,2025,22,33,2025-08-17,89.0,,0.0,96.0,,0.0,,97.0,65.0
VA,2025,23,34,2025-08-24,94.0,,0.0,96.0,,0.0,,97.0,76.0
VA,2025,24,35,2025-08-31,97.0,,2.0,96.0,,0.0,,97.0,88.0
VA,2025,25,36,2025-09-07,97.0,,9.0,96.0,,0.0,,97.0,94.0
VA,2025,26,37,2025-09-14,97.0,,18.0,96.0,,0.0,,97.0,98.0
VA,2025,27,38,2025-09-21,97.0,,29.0,96.0,,0.0,,97.0,98.0
VA,2025,28,39,2025-09-28,97.0,,44.0,96.0,,1.0,,97.0,98.0
VA,2025,35,46,2025-11-16,97.0,,44.0,96.0,,73.0,,97.0,98.0
VA,2025,36,47,2025-11-23,97.0,,44.0,96.0,,85.0,,97.0,98.0
WI,2016,5,16,2016-04-24,0.0,0.0,0.0,0.0,,0.0,,1.0,0.0
WI,2016,6,17,2016-05-01,0.0,0.0,0.0,0.0,,0.0,,2.0,0.0
WI,2016,7,18,2016-05-08,0.0,0.0,0.0,0.0,,0.0,,18.0,0.0
WI,2016,8,19,2016-05-15,0.0,0.0,0.0,1.0,,0.0,,33.0,0.0
WI,2016,9,20,2016-05-22,0.0,0.0,0.0,13.0,,0.0,,66.0,0.0
WI,2016,10,21,2016-05-29,0.0,0.0,0.0,51.0,,0.0,,85.0,0.0
WI,2016,11,22,2016-06-05,0.0,0.0,0.0,74.0,,0.0,,95.0,0.0
WI,2016,12,23,2016-06-12,0.0,0.0,0.0,88.0,,0.0,,98.0,0.0
WI,2016,13,24,2016-06-19,0.0,0.0,0.0,97.0,,0.0,,99.0,0.0
WI,2016,14,25,2016-06-26,6.0,0.0,0.0,99.0,,0.0,,99.0,0.0
WI,2016,15,26,2016-07-03,24.0,0.0,0.0,99.0,,0.0,,99.0,1.0
WI,2016,16,27,2016-07-10,45.0,0.0,0.0,99.0,,0.0,,99.0,5.0
WI,2016,17,28,2016-07-17,70.0,0.0,0.0,99.0,,0.0,,99.0,23.0
WI,2016,18,29,2016-07-24,86.0,0.0,0.0,99.0,,0.0,,99.0,44.0
WI,2016,19,30,2016-07-31,93.0,0.0,0.0,99.0,,0.0,,99.0,69.0
WI,2016,20,31,2016-08-07,97.0,0.0,0.0,99.0,,0.0,,99.0,82.0
WI,2016,21,32,2016-08-14,99.0,2.0,0.0,99.0,,0.0,,99.0,90.0
WI,2016,22,33,2016-08-21,99.0,4.0,0.0,99.0,,0.0,,99.0,94.0
WI,2016,23,34,2016-08-28,99.0,10.0,2.0,99.0,,0.0,,99.0,98.0
WI,2016,24,35,2016-09-04,99.0,32.0,5.0,99.0,,0.0,,99.0,100.0
WI,2016,25,36,2016-09-11,99.0,67.0,25.0,99.0,,0.0,,99.0,100.0
WI,2016,26,37,2016-09-18,99.0,89.0,50.0,99.0,,0.0,,99.0,100.0
WI,2016,27,38,2016-09-25,99.0,96.0,73.0,99.0,,1.0,,99.0,100.0
WI,2016,28,39,2016-10-02,99.0,99.0,88.0,99.0,,8.0,,99.0,100.0
WI,2016,29,40,2016-10-09,99.0,99.0,96.0,99.0,,23.0,,99.0,100.0
WI,2016,30,41,2016-10-16,99.0,99.0,99.0,99.0,,47.0,,99.0,100.0
WI,2016,31,42,2016-10-23,99.0,99.0,99.0,99.0,,71.0,,99.0,100.0
WI,2016,32,43,2016-10-30,99.0,99.0,99.0,99.0,,86.0,,99.0,100.0
WI,2016,33,44,2016-11-06,99.0,99.0,99.0,99.0,,93.0,,99.0,100.0
WI,2016,34,45,2016-11-13,99.0,99.0,99.0,99.0,,97.0,,99.0,100.0
WI,2016,35,46,2016-11-20,99.0,99.0,99.0,99.0,,98.0,,99.0,100.0
WI,2017,5,16,2017-04-23,0.0,0.0,0.0,0.0,,0.0,,0.0,0.0
WI,2017,6,17,2017-04-30,0.0,0.0,0.0,0.0,,0.0,,0.0,0.0
WI,2017,7,18,2017-05-07,0.0,0.0,0.0,0.0,,0.0,,2.0,0.0
WI,2017,8,19,2017-05-14,0.0,0.0,0.0,0.0,,0.0,,15.0,0.0
WI,2017,9,20,2017-05-21,0.0,0.0,0.0,3.0,,0.0,,29.0,0.0
WI,2017,10,21,2017-05-28,0.0,0.0,0.0,12.0,,0.0,,45.0,0.0
WI,2017,11,22,2017-06-04,0.0,0.0,0.0,34.0,,0.0,,73.0,0.0
WI,2017,12,23,2017-06-11,0.0,0.0,0.0,63.0,,0.0,,89.0,0.0
WI,2017,13,24,2017-06-18,0.0,0.0,0.0,84.0,,0.0,,96.0,0.0
WI,2017,14,25,2017-06-25,0.0,0.0,0.0,94.0,,0.0,,99.0,0.0
WI,2017,15,26,2017-07-02,10.0,0.0,0.0,98.0,,0.0,,99.0,0.0
WI,2017,16,27,2017-07-09,22.0,0.0,0.0,98.0,,0.0,,99.0,0.0
WI,2017,17,28,2017-07-16,36.0,0.0,0.0,98.0,,0.0,,99.0,5.0
WI,2017,18,29,2017-07-23,59.0,0.0,0.0,98.0,,0.0,,99.0,22.0
WI,2017,19,30,2017-07-30,73.0,0.0,0.0,98.0,,0.0,,99.0,39.0
WI,2017,20,31,2017-08-06,87.0,0.0,0.0,98.0,,0.0,,99.0,61.0
WI,2017,21,32,2017-08-13,92.0,0.0,0.0,98.0,,0.0,,99.0,77.0
WI,2017,22,33,2017-08-20,96.0,1.0,0.0,98.0,,0.0,,99.0,87.0
WI,2017,23,34,2017-08-27,96.0,3.0,0.0,98.0,,0.0,,99.0,91.0
WI,2017,24,35,2017-09-03,96.0,12.0,0.0,98.0,,0.0,,99.0,95.0
WI,2017,25,36,2017-09-10,96.0,30.0,3.0,98.0,,0.0,,99.0,95.0
WI,2017,26,37,2017-09-17,96.0,61.0,19.0,98.0,,0.0,,99.0,95.0
WI,2017,27,38,2017-09-24,96.0,81.0,46.0,98.0,,2.0,,99.0,95.0
WI,2017,28,39,2017-10-01,96.0,93.0,71.0,98.0,,16.0,,99.0,95.0
WI,2017,29,40,2017-10-08,96.0,96.0,86.0,98.0,,32.0,,99.0,95.0
WI,2017,30,41,2017-10-15,96.0,97.0,92.0,98.0,,44.0,,99.0,95.0
WI,2017,31,42,2017-10-22,96.0,97.0,96.0,98.0,,64.0,,99.0,95.0
WI,2017,32,43,2017-10-29,96.0,97.0,96.0,98.0,,80.0,,99.0,95.0
WI,2017,33,44,2017-11-05,96.0,97.0,96.0,98.0,,86.0,,99.0,95.0
WI,2017,34,45,2017-11-12,96.0,97.0,96.0,98.0,,92.0,,99.0,95.0
WI,2017,35,46,2017-11-19,96.0,97.0,96.0,98.0,,94.0,,99.0,95.0
WI,2017,36,47,2017-11-26,96.0,97.0,96.0,98.0,,96.0,,99.0,95.0
WI,2018,5,16,2018-04-22,0.0,0.0,0.0,0.0,,0.0,,0.0,0.0
WI,2018,6,17,2018-04-29,0.0,0.0,0.0,0.0,,0.0,,1.0,0.0
WI,2018,7,18,2018-05-06,0.0,0.0,0.0,0.0,,0.0,,5.0,0.0
WI,2018,8,19,2018-05-13,0.0,0.0,0.0,2.0,,0.0,,13.0,0.0
WI,2018,9,20,2018-05-20,0.0,0.0,0.0,7.0,,0.0,,33.0,0.0
WI,2018,10,21,2018-05-27,0.0,0.0,0.0,25.0,,0.0,,63.0,0.0
WI,2018,11,22,2018-06-03,0.0,0.0,0.0,51.0,,0.0,,79.0,0.0
WI,2018,12,23,2018-06-10,0.0,0.0,0.0,73.0,,0.0,,92.0,0.0
WI,2018,13,24,2018-06-17,0.0,0.0,0.0,88.0,,0.0,,96.0,0.0
WI,2018,14,25,2018-06-24,0.0,0.0,0.0,95.0,,0.0,,96.0,0.0
WI,2018,15,26,2018-07-01,13.0,0.0,0.0,97.0,,0.0,,96.0,0.0
WI,2018,16,27,2018-07-08,29.0,0.0,0.0,97.0,,0.0,,96.0,2.0
WI,2018,17,28,2018-07-15,49.0,0.0,0.0,97.0,,0.0,,96.0,13.0
WI,2018,18,29,2018-07-22,66.0,0.0,0.0,97.0,,0.0,,96.0,26.0
WI,2018,19,30,2018-07-29,79.0,0.0,0.0,97.0,,0.0,,96.0,45.0
WI,2018,20,31,2018-08-05,88.0,0.0,0.0,97.0,,0.0,,96.0,64.0
WI,2018,21,32,2018-08-12,93.0,0.0,0.0,97.0,,0.0,,96.0,80.0
WI,2018,22,33,2018-08-19,96.0,4.0,0.0,97.0,,0.0,,96.0,89.0
WI,2018,23,34,2018-08-26,98.0,11.0,1.0,97.0,,0.0,,96.0,94.0
WI,2018,24,35,2018-09-02,98.0,26.0,4.0,97.0,,0.0,,96.0,96.0
WI,2018,25,36,2018-09-09,98.0,54.0,14.0,97.0,,0.0,,96.0,98.0
WI,2018,26,37,2018-09-16,98.0,78.0,37.0,97.0,,1.0,,96.0,98.0
WI,2018,27,38,2018-09-23,98.0,90.0,64.0,97.0,,5.0,,96.0,98.0
WI,2018,28,39,2018-09-30,98.0,95.0,80.0,97.0,,13.0,,96.0,98.0
WI,2018,29,40,2018-10-07,98.0,97.0,89.0,97.0,,17.0,,96.0,98.0
WI,2018,30,41,2018-10-14,98.0,97.0,95.0,97.0,,21.0,,96.0,98.0
WI,2018,31,42,2018-10-21,98.0,97.0,98.0,97.0,,36.0,,96.0,98.0
WI,2018,32,43,2018-10-28,98.0,97.0,98.0,97.0,,61.0,,96.0,98.0
WI,2018,33,44,2018-11-04,98.0,97.0,98.0,97.0,,78.0,,96.0,98.0
WI,2018,34,45,2018-11-11,98.0,97.0,98.0,97.0,,85.0,,96.0,98.0
WI,2018,35,46,2018-11-18,98.0,97.0,98.0,97.0,,91.0,,96.0,98.0
WI,2018,36,47,2018-11-25,98.0,97.0,98.0,97.0,,94.0,,96.0,98.0
WI,2019,5,16,2019-04-21,0.0,0.0,0.0,0.0,,0.0,,0.0,0.0
WI,2019,6,17,2019-04-28,0.0,0.0,0.0,0.0,,0.0,,0.0,0.0
WI,2019,7,18,2019-05-05,0.0,0.0,0.0,0.0,,0.0,,1.0,0.0
WI,2019,8,19,2019-05-12,0.0,0.0,0.0,0.0,,0.0,,4.0,0.0
WI,2019,9,20,2019-05-19,0.0,0.0,0.0,0.0,,0.0,,12.0,0.0
WI,2019,10,21,2019-05-26,0.0,0.0,0.0,1.0,,0.0,,20.0,0.0
WI,2019,11,22,2019-06-02,0.0,0.0,0.0,9.0,,0.0,,34.0,0.0
WI,2019,12,23,2019-06-09,0.0,0.0,0.0,26.0,,0.0,,60.0,0.0
WI,2019,13,24,2019-06-16,0.0,0.0,0.0,47.0,,0.0,,77.0,0.0
WI,2019,14,25,2019-06-23,0.0,0.0,0.0,68.0,,0.0,,88.0,0.0
WI,2019,15,26,2019-06-30,0.0,0.0,0.0,80.0,,0.0,,93.0,0.0
WI,2019,16,27,2019-07-07,0.0,0.0,0.0,89.0,,0.0,,96.0,0.0
WI,2019,17,28,2019-07-14,7.0,0.0,0.0,94.0,,0.0,,98.0,0.0
WI,2019,18,29,2019-07-21,29.0,0.0,0.0,96.0,,0.0,,99.0,1.0
WI,2019,19,30,2019-07-28,48.0,0.0,0.0,98.0,,0.0,,99.0,10.0
WI,2019,20,31,2019-08-04,66.0,0.0,0.0,98.0,,0.0,,99.0,29.0
WI,2019,21,32,2019-08-11,75.0,0.0,0.0,98.0,,0.0,,99.0,50.0
WI,2019,22,33,2019-08-18,83.0,0.0,0.0,98.0,,0.0,,99.0,64.0
WI,2019,23,34,2019-08-25,88.0,3.0,0.0,98.0,,0.0,,99.0,73.0
WI,2019,24,35,2019-09-01,92.0,5.0,0.0,98.0,,0.0,,99.0,81.0
WI,2019,25,36,2019-09-08,94.0,13.0,1.0,98.0,,0.0,,99.0,85.0
WI,2019,26,37,2019-09-15,95.0,33.0,6.0,98.0,,0.0,,99.0,88.0
WI,2019,27,38,2019-09-22,96.0,59.0,24.0,98.0,,0.0,,99.0,92.0
WI,2019,28,39,2019-09-29,97.0,78.0,42.0,98.0,,1.0,,99.0,94.0
WI,2019,29,40,2019-10-06,97.0,86.0,60.0,98.0,,3.0,,99.0,96.0
WI,2019,30,41,2019-10-13,97.0,91.0,78.0,98.0,,15.0,,99.0,97.0
WI,2019,31,42,2019-10-20,97.0,95.0,89.0,98.0,,32.0,,99.0,97.0
WI,2019,32,43,2019-10-27,97.0,97.0,93.0,98.0,,46.0,,99.0,97.0
WI,2019,33,44,2019-11-03,97.0,97.0,95.0,98.0,,62.0,,99.0,97.0
WI,2019,34,45,2019-11-10,97.0,97.0,97.0,98.0,,71.0,,99.0,97.0
WI,2019,35,46,2019-11-17,97.0,97.0,97.0,98.0,,77.0,,99.0,97.0
WI,2019,36,47,2019-11-24,97.0,97.0,97.0,98.0,,82.0,,99.0,97.0
WI,2019,37,48,2019-12-01,97.0,97.0,97.0,98.0,,86.0,,99.0,97.0
WI,2019,38,49,2019-12-08,97.0,97.0,97.0,98.0,,88.0,,99.0,97.0
WI,2020,5,16,2020-04-19,0.0,0.0,0.0,0.0,,0.0,,0.0,0.0
WI,2020,6,17,2020-04-26,0.0,0.0,0.0,0.0,,0.0,,2.0,0.0
WI,2020,7,18,2020-05-03,0.0,0.0,0.0,0.0,,0.0,,14.0,0.0
WI,2020,8,19,2020-05-10,0.0,0.0,0.0,0.0,,0.0,,35.0,0.0
WI,2020,9,20,2020-05-17,0.0,0.0,0.0,6.0,,0.0,,61.0,0.0
WI,2020,10,21,2020-05-24,0.0,0.0,0.0,25.0,,0.0,,79.0,0.0
WI,2020,11,22,2020-05-31,0.0,0.0,0.0,53.0,,0.0,,88.0,0.0
WI,2020,12,23,2020-06-07,0.0,0.0,0.0,75.0,,0.0,,94.0,0.0
WI,2020,13,24,2020-06-14,0.0,0.0,0.0,87.0,,0.0,,96.0,0.0
WI,2020,14,25,2020-06-21,0.0,0.0,0.0,93.0,,0.0,,99.0,0.0
WI,2020,15,26,2020-06-28,8.0,0.0,0.0,97.0,,0.0,,99.0,0.0
WI,2020,16,27,2020-07-05,40.0,0.0,0.0,97.0,,0.0,,99.0,1.0
WI,2020,17,28,2020-07-12,61.0,0.0,0.0,97.0,,0.0,,99.0,13.0
WI,2020,18,29,2020-07-19,73.0,0.0,0.0,97.0,,0.0,,99.0,32.0
WI,2020,19,30,2020-07-26,81.0,0.0,0.0,97.0,,0.0,,99.0,51.0
WI,2020,20,31,2020-08-02,89.0,0.0,0.0,97.0,,0.0,,99.0,63.0
WI,2020,21,32,2020-08-09,94.0,0.0,0.0,97.0,,0.0,,99.0,73.0
WI,2020,22,33,2020-08-16,96.0,0.0,0.0,97.0,,0.0,,99.0,83.0
WI,2020,23,34,2020-08-23,96.0,7.0,0.0,97.0,,0.0,,99.0,93.0
WI,2020,24,35,2020-08-30,96.0,20.0,3.0,97.0,,0.0,,99.0,96.0
WI,2020,25,36,2020-09-06,96.0,50.0,12.0,97.0,,0.0,,99.0,96.0
WI,2020,26,37,2020-09-13,96.0,73.0,25.0,97.0,,0.0,,99.0,96.0
WI,2020,27,38,2020-09-20,96.0,90.0,56.0,97.0,,1.0,,99.0,96.0
WI,2020,28,39,2020-09-27,96.0,95.0,79.0,97.0,,10.0,,99.0,96.0
WI,2020,29,40,2020-10-04,96.0,98.0,88.0,97.0,,18.0,,99.0,96.0
WI,2020,30,41,2020-10-11,96.0,98.0,95.0,97.0,,46.0,,99.0,96.0
WI,2020,31,42,2020-10-18,96.0,98.0,98.0,97.0,,72.0,,99.0,96.0
WI,2020,32,43,2020-10-25,96.0,98.0,98.0,97.0,,85.0,,99.0,96.0
WI,2020,33,44,2020-11-01,96.0,98.0,98.0,97.0,,91.0,,99.0,96.0
WI,2020,34,45,2020-11-08,96.0,98.0,98.0,97.0,,96.0,,99.0,96.0
WI,2020,35,46,2020-11-15,96.0,98.0,98.0,97.0,,98.0,,99.0,96.0
WI,2021,4,15,2021-04-18,0.0,0.0,0.0,0.0,,0.0,,0.0,0.0
WI,2021,5,16,2021-04-25,0.0,0.0,0.0,0.0,,0.0,,2.0,0.0
WI,2021,6,17,2021-05-02,0.0,0.0,0.0,0.0,,0.0,,16.0,0.0
WI,2021,7,18,2021-05-09,0.0,0.0,0.0,4.0,,0.0,,34.0,0.0
WI,2021,8,19,2021-05-16,0.0,0.0,0.0,12.0,,0.0,,63.0,0.0
WI,2021,9,20,2021-05-23,0.0,0.0,0.0,38.0,,0.0,,83.0,0.0
WI,2021,10,21,2021-05-30,0.0,0.0,0.0,63.0,,0.0,,91.0,0.0
WI,2021,11,22,2021-06-06,0.0,0.0,0.0,83.0,,0.0,,97.0,0.0
WI,2021,12,23,2021-06-13,0.0,0.0,0.0,92.0,,0.0,,99.0,0.0
WI,2021,13,24,2021-06-20,2.0,0.0,0.0,97.0,,0.0,,100.0,0.0
WI,2021,14,25,2021-06-27,11.0,0.0,0.0,99.0,,0.0,,100.0,0.0
WI,2021,15,26,2021-07-04,32.0,0.0,0.0,99.0,,0.0,,100.0,3.0
WI,2021,16,27,2021-07-11,52.0,0.0,0.0,99.0,,0.0,,100.0,11.0
WI,2021,17,28,2021-07-18,69.0,0.0,0.0,99.0,,0.0,,100.0,28.0
WI,2021,18,29,2021-07-25,78.0,0.0,0.0,99.0,,0.0,,100.0,47.0
WI,2021,19,30,2021-08-01,88.0,0.0,0.0,99.0,,0.0,,100.0,61.0
WI,2021,20,31,2021-08-08,94.0,0.0,0.0,99.0,,0.0,,100.0,73.0
WI,2021,21,32,2021-08-15,97.0,1.0,0.0,99.0,,0.0,,100.0,83.0
WI,2021,22,33,2021-08-22,99.0,7.0,0.0,99.0,,0.0,,100.0,89.0
WI,2021,23,34,2021-08-29,99.0,19.0,1.0,99.0,,0.0,,100.0,95.0
WI,2021,24,35,2021-09-05,99.0,40.0,6.0,99.0,,0.0,,100.0,97.0
WI,2021,25,36,2021-09-12,99.0,70.0,22.0,99.0,,0.0,,100.0,97.0
WI,2021,26,37,2021-09-19,99.0,90.0,52.0,99.0,,2.0,,100.0,97.0
WI,2021,27,38,2021-09-26,99.0,97.0,80.0,99.0,,11.0,,100.0,97.0
WI,2021,28,39,2021-10-03,99.0,97.0,94.0,99.0,,31.0,,100.0,97.0
WI,2021,29,40,2021-10-10,99.0,97.0,97.0,99.0,,47.0,,100.0,97.0
WI,2021,30,41,2021-10-17,99.0,97.0,98.0,99.0,,59.0,,100.0,97.0
WI,2021,31,42,2021-10-24,99.0,97.0,98.0,99.0,,74.0,,100.0,97.0
WI,2021,32,43,2021-10-31,99.0,97.0,98.0,99.0,,84.0,,100.0,97.0
WI,2021,33,44,2021-11-07,99.0,97.0,98.0,99.0,,93.0,,100.0,97.0
WI,2021,34,45,2021-11-14,99.0,97.0,98.0,99.0,,97.0,,100.0,97.0
WI,2021,35,46,2021-11-21,99.0,97.0,98.0,99.0,,99.0,,100.0,97.0
WI,2022,4,15,2022-04-17,0.0,0.0,0.0,0.0,,0.0,,0.0,0.0
WI,2022,5,16,2022-04-24,0.0,0.0,0.0,0.0,,0.0,,0.0,0.0
WI,2022,6,17,2022-05-01,0.0,0.0,0.0,0.0,,0.0,,3.0,0.0
WI,2022,7,18,2022-05-08,0.0,0.0,0.0,0.0,,0.0,,6.0,0.0
WI,2022,8,19,2022-05-15,0.0,0.0,0.0,1.0,,0.0,,26.0,0.0
WI,2022,9,20,2022-05-22,0.0,0.0,0.0,14.0,,0.0,,49.0,0.0
WI,2022,10,21,2022-05-29,0.0,0.0,0.0,39.0,,0.0,,73.0,0.0
WI,2022,11,22,2022-06-05,0.0,0.0,0.0,58.0,,0.0,,86.0,0.0
WI,2022,12,23,2022-06-12,0.0,0.0,0.0,76.0,,0.0,,93.0,0.0
WI,2022,13,24,2022-06-19,0.0,0.0,0.0,89.0,,0.0,,97.0,0.0
WI,2022,14,25,2022-06-26,2.0,0.0,0.0,93.0,,0.0,,98.0,0.0
WI,2022,15,26,2022-07-03,13.0,0.0,0.0,98.0,,0.0,,98.0,0.0
WI,2022,16,27,2022-07-10,29.0,0.0,0.0,98.0,,0.0,,98.0,1.0
WI,2022,17,28,2022-07-17,46.0,0.0,0.0,98.0,,0.0,,98.0,5.0
WI,2022,18,29,2022-07-24,65.0,0.0,0.0,98.0,,0.0,,98.0,26.0
WI,2022,19,30,2022-07-31,77.0,0.0,0.0,98.0,,0.0,,98.0,41.0
WI,2022,20,31,2022-08-07,87.0,0.0,0.0,98.0,,0.0,,98.0,57.0
WI,2022,21,32,2022-08-14,93.0,1.0,0.0,98.0,,0.0,,98.0,72.0
WI,2022,22,33,2022-08-21,96.0,2.0,0.0,98.0,,0.0,,98.0,84.0
WI,2022,23,34,2022-08-28,98.0,6.0,0.0,98.0,,0.0,,98.0,91.0
WI,2022,24,35,2022-09-04,98.0,15.0,0.0,98.0,,0.0,,98.0,95.0
WI,2022,25,36,2022-09-11,98.0,44.0,3.0,98.0,,0.0,,98.0,97.0
WI,2022,26,37,2022-09-18,98.0,72.0,18.0,98.0,,0.0,,98.0,97.0
WI,2022,27,38,2022-09-25,98.0,90.0,54.0,98.0,,0.0,,98.0,97.0
WI,2022,28,39,2022-10-02,98.0,97.0,81.0,98.0,,11.0,,98.0,97.0
WI,2022,29,40,2022-10-09,98.0,97.0,92.0,98.0,,37.0,,98.0,97.0
WI,2022,30,41,2022-10-16,98.0,97.0,97.0,98.0,,56.0,,98.0,97.0
WI,2022,31,42,2022-10-23,98.0,97.0,97.0,98.0,,76.0,,98.0,97.0
WI,2022,32,43,2022-10-30,98.0,97.0,97.0,98.0,,86.0,,98.0,97.0
WI,2022,33,44,2022-11-06,98.0,97.0,97.0,98.0,,95.0,,98.0,97.0
WI,2022,34,45,2022-11-13,98.0,97.0,97.0,98.0,,97.0,,98.0,97.0
WI,2023,4,15,2023-04-16,0.0,0.0,0.0,0.0,,0.0,,0.0,0.0
WI,2023,5,16,2023-04-23,0.0,0.0,0.0,0.0,,0.0,,0.0,0.0
WI,2023,6,17,2023-04-30,0.0,0.0,0.0,0.0,,0.0,,3.0,0.0
WI,2023,7,18,2023-05-07,0.0,0.0,0.0,0.0,,0.0,,11.0,0.0
WI,2023,8,19,2023-05-14,0.0,0.0,0.0,3.0,,0.0,,24.0,0.0
WI,2023,9,20,2023-05-21,0.0,0.0,0.0,17.0,,0.0,,55.0,0.0
WI,2023,10,21,2023-05-28,0.0,0.0,0.0,39.0,,0.0,,82.0,0.0
WI,2023,11,22,2023-06-04,0.0,0.0,0.0,62.0,,0.0,,94.0,0.0
WI,2023,12,23,2023-06-11,0.0,0.0,0.0,83.0,,0.0,,98.0,0.0
WI,2023,13,24,2023-06-18,0.0,0.0,0.0,94.0,,0.0,,98.0,0.0
WI,2023,14,25,2023-06-25,2.0,0.0,0.0,97.0,,0.0,,98.0,0.0
WI,2023,15,26,2023-07-02,8.0,0.0,0.0,97.0,,0.0,,98.0,0.0
WI,2023,16,27,2023-07-09,22.0,0.0,0.0,97.0,,0.0,,98.0,1.0
WI,2023,17,28,2023-07-16,38.0,0.0,0.0,97.0,,0.0,,98.0,7.0
WI,2023,18,29,2023-07-23,57.0,0.0,0.0,97.0,,0.0,,98.0,16.0
WI,2023,19,30,2023-07-30,74.0,0.0,0.0,97.0,,0.0,,98.0,24.0
WI,2023,20,31,2023-08-06,86.0,0.0,0.0,97.0,,0.0,,98.0,42.0
WI,2023,21,32,2023-08-13,90.0,0.0,0.0,97.0,,0.0,,98.0,63.0
WI,2023,22,33,2023-08-20,94.0,1.0,0.0,97.0,,0.0,,98.0,80.0
WI,2023,23,34,2023-08-27,97.0,4.0,0.0,97.0,,0.0,,98.0,88.0
WI,2023,24,35,2023-09-03,97.0,18.0,2.0,97.0,,0.0,,98.0,95.0
WI,2023,25,36,2023-09-10,97.0,45.0,9.0,97.0,,0.0,,98.0,99.0
WI,2023,26,37,2023-09-17,97.0,72.0,29.0,97.0,,0.0,,98.0,99.0
WI,2023,27,38,2023-09-24,97.0,85.0,52.0,97.0,,2.0,,98.0,99.0
WI,2023,28,39,2023-10-01,97.0,94.0,71.0,97.0,,4.0,,98.0,99.0
WI,2023,29,40,2023-10-08,97.0,97.0,86.0,97.0,,27.0,,98.0,99.0
WI,2023,30,41,2023-10-15,97.0,97.0,95.0,97.0,,54.0,,98.0,99.0
WI,2023,31,42,2023-10-22,97.0,97.0,98.0,97.0,,69.0,,98.0,99.0
WI,2023,32,43,2023-10-29,97.0,97.0,98.0,97.0,,77.0,,98.0,99.0
WI,2023,33,44,2023-11-05,97.0,97.0,98.0,97.0,,83.0,,98.0,99.0
WI,2023,34,45,2023-11-12,97.0,97.0,98.0,97.0,,89.0,,98.0,99.0
WI,2023,35,46,2023-11-19,97.0,97.0,98.0,97.0,,94.0,,98.0,99.0
WI,2023,36,47,2023-11-26,97.0,97.0,98.0,97.0,,98.0,,98.0,99.0
WI,2024,4,15,2024-04-14,0.0,0.0,0.0,0.0,,0.0,,0.0,0.0
WI,2024,5,16,2024-04-21,0.0,0.0,0.0,0.0,,0.0,,2.0,0.0
WI,2024,6,17,2024-04-28,0.0,0.0,0.0,0.0,,0.0,,11.0,0.0
WI,2024,7,18,2024-05-05,0.0,0.0,0.0,1.0,,0.0,,22.0,0.0
WI,2024,8,19,2024-05-12,0.0,0.0,0.0,6.0,,0.0,,37.0,0.0
WI,2024,9,20,2024-05-19,0.0,0.0,0.0,21.0,,0.0,,57.0,0.0
WI,2024,10,21,2024-05-26,0.0,0.0,0.0,44.0,,0.0,,74.0,0.0
WI,2024,11,22,2024-06-02,0.0,0.0,0.0,61.0,,0.0,,82.0,0.0
WI,2024,12,23,2024-06-09,0.0,0.0,0.0,75.0,,0.0,,87.0,0.0
WI,2024,13,24,2024-06-16,0.0,0.0,0.0,83.0,,0.0,,93.0,0.0
WI,2024,14,25,2024-06-23,4.0,0.0,0.0,90.0,,0.0,,97.0,0.0
WI,2024,15,26,2024-06-30,11.0,0.0,0.0,96.0,,0.0,,97.0,0.0
WI,2024,16,27,2024-07-07,22.0,0.0,0.0,98.0,,0.0,,97.0,2.0
WI,2024,17,28,2024-07-14,34.0,0.0,0.0,98.0,,0.0,,97.0,5.0
WI,2024,18,29,2024-07-21,47.0,0.0,0.0,98.0,,0.0,,97.0,14.0
WI,2024,19,30,2024-07-28,65.0,0.0,0.0,98.0,,0.0,,97.0,30.0
WI,2024,20,31,2024-08-04,81.0,0.0,0.0,98.0,,0.0,,97.0,49.0
WI,2024,21,32,2024-08-11,88.0,0.0,0.0,98.0,,0.0,,97.0,66.0
WI,2024,22,33,2024-08-18,95.0,0.0,0.0,98.0,,0.0,,97.0,83.0
WI,2024,23,34,2024-08-25,97.0,4.0,0.0,98.0,,0.0,,97.0,90.0
WI,2024,24,35,2024-09-01,97.0,18.0,4.0,98.0,,0.0,,97.0,95.0
WI,2024,25,36,2024-09-08,97.0,45.0,10.0,98.0,,0.0,,97.0,98.0
WI,2024,26,37,2024-09-15,97.0,75.0,41.0,98.0,,1.0,,97.0,98.0
WI,2024,27,38,2024-09-22,97.0,88.0,65.0,98.0,,9.0,,97.0,98.0
WI,2024,28,39,2024-09-29,97.0,94.0,81.0,98.0,,30.0,,97.0,98.0
WI,2024,29,40,2024-10-06,97.0,97.0,90.0,98.0,,61.0,,97.0,98.0
WI,2024,30,41,2024-10-13,97.0,97.0,97.0,98.0,,83.0,,97.0,98.0
WI,2024,31,42,2024-10-20,97.0,97.0,97.0,98.0,,93.0,,97.0,98.0
WI,2024,32,43,2024-10-27,97.0,97.0,97.0,98.0,,96.0,,97.0,98.0
WI,2024,33,44,2024-11-03,97.0,97.0,97.0,98.0,,98.0,,97.0,98.0
WI,2024,34,45,2024-11-10,97.0,97.0,97.0,98.0,,99.0,,97.0,98.0
WI,2025,4,15,2025-04-13,0.0,0.0,0.0,0.0,,0.0,,0.0,0.0
WI,2025,5,16,2025-04-20,0.0,0.0,0.0,0.0,,0.0,,2.0,0.0
WI,2025,6,17,2025-04-27,0.0,0.0,0.0,0.0,,0.0,,6.0,0.0
WI,2025,7,18,2025-05-04,0.0,0.0,0.0,1.0,,0.0,,17.0,0.0
WI,2025,8,19,2025-05-11,0.0,0.0,0.0,5.0,,0.0,,40.0,0.0
WI,2025,9,20,2025-05-18,0.0,0.0,0.0,19.0,,0.0,,66.0,0.0
WI,2025,10,21,2025-05-25,0.0,0.0,0.0,42.0,,0.0,,80.0,0.0
WI,2025,11,22,2025-06-01,0.0,0.0,0.0,57.0,,0.0,,90.0,0.0
WI,2025,12,23,2025-06-08,0.0,0.0,0.0,73.0,,0.0,,95.0,0.0
WI,2025,13,24,2025-06-15,1.0,0.0,0.0,85.0,,0.0,,98.0,0.0
WI,2025,14,25,2025-06-22,3.0,0.0,0.0,94.0,,0.0,,99.0,0.0
WI,2025,15,26,2025-06-29,10.0,0.0,0.0,97.0,,0.0,,99.0,0.0
WI,2025,16,27,2025-07-06,29.0,0.0,0.0,99.0,,0.0,,99.0,1.0
WI,2025,17,28,2025-07-13,44.0,0.0,0.0,99.0,,0.0,,99.0,5.0
WI,2025,18,29,2025-07-20,59.0,0.0,0.0,99.0,,0.0,,99.0,17.0
WI,2025,19,30,2025-07-27,76.0,0.0,0.0,99.0,,0.0,,99.0,36.0
WI,2025,20,31,2025-08-03,83.0,0.0,0.0,99.0,,0.0,,99.0,55.0
WI,2025,21,32,2025-08-10,90.0,0.0,0.0,99.0,,0.0,,99.0,73.0
WI,2025,22,33,2025-08-17,93.0,1.0,0.0,99.0,,0.0,,99.0,81.0
WI,2025,23,34,2025-08-24,96.0,3.0,0.0,99.0,,0.0,,99.0,86.0
WI,2025,24,35,2025-08-31,96.0,11.0,1.0,99.0,,0.0,,99.0,92.0
WI,2025,25,36,2025-09-07,96.0,26.0,4.0,99.0,,0.0,,99.0,96.0
WI,2025,26,37,2025-09-14,96.0,58.0,19.0,99.0,,0.0,,99.0,96.0
WI,2025,27,38,2025-09-21,96.0,82.0,46.0,99.0,,1.0,,99.0,96.0
WI,2025,28,39,2025-09-28,96.0,94.0,70.0,99.0,,6.0,,99.0,96.0
WI,2025,35,46,2025-11-16,96.0,94.0,70.0,99.0,,98.0,,99.0,96.0
WV,2016,5,16,2016-04-24,0.0,,0.0,0.0,,0.0,,3.0,0.0
WV,2016,6,17,2016-05-01,0.0,,0.0,0.0,,0.0,,5.0,0.0
WV,2016,7,18,2016-05-08,0.0,,0.0,0.0,,0.0,,8.0,0.0
WV,2016,8,19,2016-05-15,0.0,,0.0,2.0,,0.0,,13.0,0.0
WV,2016,9,20,2016-05-22,0.0,,0.0,6.0,,0.0,,16.0,0.0
WV,2016,10,21,2016-05-29,0.0,,0.0,10.0,,0.0,,26.0,0.0
WV,2016,11,22,2016-06-05,0.0,,0.0,26.0,,0.0,,40.0,0.0
WV,2016,12,23,2016-06-12,0.0,,0.0,35.0,,0.0,,50.0,0.0
WV,2016,13,24,2016-06-19,0.0,,0.0,56.0,,0.0,,75.0,0.0
WV,2016,14,25,2016-06-26,0.0,,0.0,78.0,,0.0,,86.0,0.0
WV,2016,15,26,2016-07-03,0.0,,0.0,82.0,,0.0,,91.0,0.0
WV,2016,16,27,2016-07-10,5.0,,0.0,85.0,,0.0,,93.0,0.0
WV,2016,17,28,2016-07-17,11.0,,0.0,89.0,,0.0,,97.0,0.0
WV,2016,18,29,2016-07-24,19.0,,0.0,95.0,,0.0,,97.0,5.0
WV,2016,19,30,2016-07-31,35.0,,0.0,95.0,,0.0,,97.0,15.0
WV,2016,20,31,2016-08-07,51.0,,0.0,95.0,,0.0,,97.0,26.0
WV,2016,21,32,2016-08-14,70.0,,0.0,95.0,,0.0,,97.0,41.0
WV,2016,22,33,2016-08-21,84.0,,0.0,95.0,,0.0,,97.0,60.0
WV,2016,23,34,2016-08-28,90.0,,0.0,95.0,,0.0,,97.0,71.0
WV,2016,24,35,2016-09-04,95.0,,6.0,95.0,,0.0,,97.0,80.0
WV,2016,25,36,2016-09-11,95.0,,10.0,95.0,,0.0,,97.0,84.0
WV,2016,26,37,2016-09-18,95.0,,13.0,95.0,,0.0,,97.0,90.0
WV,2016,27,38,2016-09-25,95.0,,29.0,95.0,,0.0,,97.0,94.0
WV,2016,28,39,2016-10-02,95.0,,46.0,95.0,,6.0,,97.0,95.0
WV,2016,29,40,2016-10-09,95.0,,56.0,95.0,,11.0,,97.0,95.0
WV,2016,30,41,2016-10-16,95.0,,64.0,95.0,,21.0,,97.0,95.0
WV,2016,31,42,2016-10-23,95.0,,75.0,95.0,,43.0,,97.0,95.0
WV,2016,32,43,2016-10-30,95.0,,83.0,95.0,,46.0,,97.0,95.0
WV,2016,33,44,2016-11-06,95.0,,88.0,95.0,,55.0,,97.0,95.0
WV,2016,34,45,2016-11-13,95.0,,95.0,95.0,,73.0,,97.0,95.0
WV,2016,35,46,2016-11-20,95.0,,95.0,95.0,,79.0,,97.0,95.0
WV,2016,36,47,2016-11-27,95.0,,95.0,95.0,,91.0,,97.0,95.0
WV,2017,5,16,2017-04-23,0.0,,0.0,0.0,,0.0,,3.0,0.0
WV,2017,6,17,2017-04-30,0.0,,0.0,0.0,,0.0,,6.0,0.0
WV,2017,7,18,2017-05-07,0.0,,0.0,0.0,,0.0,,14.0,0.0
WV,2017,8,19,2017-05-14,0.0,,0.0,3.0,,0.0,,18.0,0.0
WV,2017,9,20,2017-05-21,0.0,,0.0,9.0,,0.0,,45.0,0.0
WV,2017,10,21,2017-05-28,0.0,,0.0,21.0,,0.0,,50.0,0.0
WV,2017,11,22,2017-06-04,0.0,,0.0,33.0,,0.0,,65.0,0.0
WV,2017,12,23,2017-06-11,0.0,,0.0,52.0,,0.0,,76.0,0.0
WV,2017,13,24,2017-06-18,0.0,,0.0,55.0,,0.0,,79.0,0.0
WV,2017,14,25,2017-06-25,0.0,,0.0,70.0,,0.0,,89.0,0.0
WV,2017,15,26,2017-07-02,0.0,,0.0,81.0,,0.0,,94.0,0.0
WV,2017,16,27,2017-07-09,3.0,,0.0,91.0,,0.0,,96.0,0.0
WV,2017,17,28,2017-07-16,9.0,,0.0,95.0,,0.0,,96.0,0.0
WV,2017,18,29,2017-07-23,15.0,,0.0,95.0,,0.0,,96.0,2.0
WV,2017,19,30,2017-07-30,23.0,,0.0,95.0,,0.0,,96.0,5.0
WV,2017,20,31,2017-08-06,40.0,,0.0,95.0,,0.0,,96.0,12.0
WV,2017,21,32,2017-08-13,58.0,,0.0,95.0,,0.0,,96.0,31.0
WV,2017,22,33,2017-08-20,73.0,,0.0,95.0,,0.0,,96.0,46.0
WV,2017,23,34,2017-08-27,80.0,,0.0,95.0,,0.0,,96.0,59.0
WV,2017,24,35,2017-09-03,84.0,,0.0,95.0,,0.0,,96.0,64.0
WV,2017,25,36,2017-09-10,90.0,,2.0,95.0,,0.0,,96.0,72.0
WV,2017,26,37,2017-09-17,95.0,,10.0,95.0,,0.0,,96.0,83.0
WV,2017,27,38,2017-09-24,95.0,,19.0,95.0,,0.0,,96.0,89.0
WV,2017,28,39,2017-10-01,95.0,,48.0,95.0,,0.0,,96.0,98.0
WV,2017,29,40,2017-10-08,95.0,,56.0,95.0,,4.0,,96.0,98.0
WV,2017,30,41,2017-10-15,95.0,,64.0,95.0,,11.0,,96.0,98.0
WV,2017,31,42,2017-10-22,95.0,,74.0,95.0,,23.0,,96.0,98.0
WV,2017,32,43,2017-10-29,95.0,,82.0,95.0,,38.0,,96.0,98.0
WV,2017,33,44,2017-11-05,95.0,,90.0,95.0,,54.0,,96.0,98.0
WV,2017,34,45,2017-11-12,95.0,,94.0,95.0,,59.0,,96.0,98.0
WV,2017,35,46,2017-11-19,95.0,,97.0,95.0,,68.0,,96.0,98.0
WV,2017,36,47,2017-11-26,95.0,,97.0,95.0,,79.0,,96.0,98.0
WV,2018,6,17,2018-04-29,0.0,,0.0,0.0,,0.0,,2.0,0.0
WV,2018,7,18,2018-05-06,0.0,,0.0,0.0,,0.0,,5.0,0.0
WV,2018,8,19,2018-05-13,0.0,,0.0,0.0,,0.0,,14.0,0.0
WV,2018,9,20,2018-05-20,0.0,,0.0,3.0,,0.0,,17.0,0.0
WV,2018,10,21,2018-05-27,0.0,,0.0,6.0,,0.0,,46.0,0.0
WV,2018,11,22,2018-06-03,0.0,,0.0,30.0,,0.0,,58.0,0.0
WV,2018,12,23,2018-06-10,0.0,,0.0,31.0,,0.0,,60.0,0.0
WV,2018,13,24,2018-06-17,0.0,,0.0,60.0,,0.0,,70.0,0.0
WV,2018,14,25,2018-06-24,0.0,,0.0,66.0,,0.0,,74.0,0.0
WV,2018,15,26,2018-07-01,0.0,,0.0,69.0,,0.0,,77.0,0.0
WV,2018,16,27,2018-07-08,0.0,,0.0,74.0,,0.0,,80.0,0.0
WV,2018,17,28,2018-07-15,0.0,,0.0,79.0,,0.0,,85.0,0.0
WV,2018,18,29,2018-07-22,5.0,,0.0,81.0,,0.0,,89.0,0.0
WV,2018,19,30,2018-07-29,10.0,,0.0,83.0,,0.0,,95.0,0.0
WV,2018,20,31,2018-08-05,16.0,,0.0,87.0,,0.0,,95.0,0.0
WV,2018,21,32,2018-08-12,32.0,,0.0,96.0,,0.0,,95.0,8.0
WV,2018,22,33,2018-08-19,55.0,,0.0,96.0,,0.0,,95.0,13.0
WV,2018,23,34,2018-08-26,72.0,,0.0,96.0,,0.0,,95.0,23.0
WV,2018,24,35,2018-09-02,84.0,,0.0,96.0,,0.0,,95.0,40.0
WV,2018,25,36,2018-09-09,87.0,,0.0,96.0,,0.0,,95.0,52.0
WV,2018,26,37,2018-09-16,89.0,,4.0,96.0,,0.0,,95.0,62.0
WV,2018,27,38,2018-09-23,95.0,,15.0,96.0,,0.0,,95.0,81.0
WV,2018,28,39,2018-09-30,95.0,,35.0,96.0,,0.0,,95.0,83.0
WV,2018,29,40,2018-10-07,95.0,,50.0,96.0,,2.0,,95.0,85.0
WV,2018,30,41,2018-10-14,95.0,,55.0,96.0,,8.0,,95.0,90.0
WV,2018,31,42,2018-10-21,95.0,,68.0,96.0,,10.0,,95.0,95.0
WV,2018,32,43,2018-10-28,95.0,,72.0,96.0,,15.0,,95.0,95.0
WV,2018,33,44,2018-11-04,95.0,,81.0,96.0,,30.0,,95.0,95.0
WV,2018,34,45,2018-11-11,95.0,,87.0,96.0,,36.0,,95.0,95.0
WV,2018,35,46,2018-11-18,95.0,,93.0,96.0,,43.0,,95.0,95.0
WV,2018,36,47,2018-11-25,95.0,,95.0,96.0,,51.0,,95.0,95.0
WV,2019,5,16,2019-04-21,0.0,,0.0,0.0,,0.0,,2.0,0.0
WV,2019,6,17,2019-04-28,0.0,,0.0,0.0,,0.0,,5.0,0.0
WV,2019,7,18,2019-05-05,0.0,,0.0,0.0,,0.0,,14.0,0.0
WV,2019,8,19,2019-05-12,0.0,,0.0,0.0,,0.0,,19.0,0.0
WV,2019,9,20,2019-05-19,0.0,,0.0,6.0,,0.0,,26.0,0.0
WV,2019,10,21,2019-05-26,0.0,,0.0,9.0,,0.0,,36.0,0.0
WV,2019,11,22,2019-06-02,0.0,,0.0,19.0,,0.0,,43.0,0.0
WV,2019,12,23,2019-06-09,0.0,,0.0,25.0,,0.0,,52.0,0.0
WV,2019,13,24,2019-06-16,0.0,,0.0,40.0,,0.0,,70.0,0.0
WV,2019,14,25,2019-06-23,0.0,,0.0,43.0,,0.0,,74.0,0.0
WV,2019,15,26,2019-06-30,0.0,,0.0,58.0,,0.0,,78.0,0.0
WV,2019,16,27,2019-07-07,0.0,,0.0,70.0,,0.0,,90.0,0.0
WV,2019,17,28,2019-07-14,0.0,,0.0,78.0,,0.0,,95.0,0.0
WV,2019,18,29,2019-07-21,9.0,,0.0,85.0,,0.0,,95.0,0.0
WV,2019,19,30,2019-07-28,22.0,,0.0,91.0,,0.0,,95.0,5.0
WV,2019,20,31,2019-08-04,36.0,,0.0,95.0,,0.0,,95.0,11.0
WV,2019,21,32,2019-08-11,59.0,,0.0,95.0,,0.0,,95.0,22.0
WV,2019,22,33,2019-08-18,71.0,,0.0,95.0,,0.0,,95.0,32.0
WV,2019,23,34,2019-08-25,88.0,,0.0,95.0,,0.0,,95.0,46.0
WV,2019,24,35,2019-09-01,93.0,,0.0,95.0,,0.0,,95.0,57.0
WV,2019,25,36,2019-09-08,96.0,,0.0,95.0,,0.0,,95.0,65.0
WV,2019,26,37,2019-09-15,96.0,,5.0,95.0,,0.0,,95.0,78.0
WV,2019,27,38,2019-09-22,96.0,,14.0,95.0,,0.0,,95.0,84.0
WV,2019,28,39,2019-09-29,96.0,,24.0,95.0,,0.0,,95.0,93.0
WV,2019,29,40,2019-10-06,96.0,,50.0,95.0,,0.0,,95.0,97.0
WV,2019,30,41,2019-10-13,96.0,,62.0,95.0,,8.0,,95.0,97.0
WV,2019,31,42,2019-10-20,96.0,,78.0,95.0,,17.0,,95.0,97.0
WV,2019,32,43,2019-10-27,96.0,,87.0,95.0,,26.0,,95.0,97.0
WV,2019,33,44,2019-11-03,96.0,,90.0,95.0,,40.0,,95.0,97.0
WV,2019,34,45,2019-11-10,96.0,,92.0,95.0,,48.0,,95.0,97.0
WV,2019,35,46,2019-11-17,96.0,,96.0,95.0,,56.0,,95.0,97.0
WV,2019,36,47,2019-11-24,96.0,,96.0,95.0,,67.0,,95.0,97.0
WV,2020,5,16,2020-04-19,0.0,,0.0,0.0,,0.0,,3.0,0.0
WV,2020,6,17,2020-04-26,0.0,,0.0,0.0,,0.0,,7.0,0.0
WV,2020,7,18,2020-05-03,0.0,,0.0,0.0,,0.0,,8.0,0.0
WV,2020,8,19,2020-05-10,0.0,,0.0,0.0,,0.0,,15.0,0.0
WV,2020,9,20,2020-05-17,0.0,,0.0,5.0,,0.0,,22.0,0.0
WV,2020,10,21,2020-05-24,0.0,,0.0,8.0,,0.0,,28.0,0.0
WV,2020,11,22,2020-05-31,0.0,,0.0,15.0,,0.0,,35.0,0.0
WV,2020,12,23,2020-06-07,0.0,,0.0,18.0,,0.0,,45.0,0.0
WV,2020,13,24,2020-06-14,0.0,,0.0,28.0,,0.0,,52.0,0.0
WV,2020,14,25,2020-06-21,0.0,,0.0,36.0,,0.0,,61.0,0.0
WV,2020,15,26,2020-06-28,0.0,,0.0,43.0,,0.0,,70.0,0.0
WV,2020,16,27,2020-07-05,0.0,,0.0,54.0,,0.0,,81.0,0.0
WV,2020,17,28,2020-07-12,0.0,,0.0,65.0,,0.0,,90.0,0.0
WV,2020,18,29,2020-07-19,0.0,,0.0,78.0,,0.0,,95.0,0.0
WV,2020,19,30,2020-07-26,14.0,,0.0,85.0,,0.0,,95.0,0.0
WV,2020,20,31,2020-08-02,27.0,,0.0,95.0,,0.0,,95.0,7.0
WV,2020,21,32,2020-08-09,40.0,,0.0,95.0,,0.0,,95.0,18.0
WV,2020,22,33,2020-08-16,50.0,,0.0,95.0,,0.0,,95.0,25.0
WV,2020,23,34,2020-08-23,65.0,,0.0,95.0,,0.0,,95.0,36.0
WV,2020,24,35,2020-08-30,76.0,,0.0,95.0,,0.0,,95.0,48.0
WV,2020,25,36,2020-09-06,91.0,,0.0,95.0,,0.0,,95.0,54.0
WV,2020,26,37,2020-09-13,96.0,,7.0,95.0,,0.0,,95.0,62.0
WV,2020,27,38,2020-09-20,96.0,,14.0,95.0,,0.0,,95.0,78.0
WV,2020,28,39,2020-09-27,96.0,,27.0,95.0,,0.0,,95.0,94.0
WV,2020,29,40,2020-10-04,96.0,,38.0,95.0,,4.0,,95.0,99.0
WV,2020,30,41,2020-10-11,96.0,,49.0,95.0,,17.0,,95.0,99.0
WV,2020,31,42,2020-10-18,96.0,,62.0,95.0,,23.0,,95.0,99.0
WV,2020,32,43,2020-10-25,96.0,,75.0,95.0,,36.0,,95.0,99.0
WV,2020,33,44,2020-11-01,96.0,,87.0,95.0,,51.0,,95.0,99.0
WV,2020,34,45,2020-11-08,96.0,,95.0,95.0,,60.0,,95.0,99.0
WV,2020,35,46,2020-11-15,96.0,,95.0,95.0,,70.0,,95.0,99.0
WV,2020,36,47,2020-11-22,96.0,,95.0,95.0,,82.0,,95.0,99.0
WV,2020,37,48,2020-11-29,96.0,,95.0,95.0,,88.0,,95.0,99.0
WV,2021,4,15,2021-04-18,0.0,,0.0,0.0,,0.0,,3.0,0.0
WV,2021,5,16,2021-04-25,0.0,,0.0,0.0,,0.0,,10.0,0.0
WV,2021,6,17,2021-05-02,0.0,,0.0,0.0,,0.0,,16.0,0.0
WV,2021,7,18,2021-05-09,0.0,,0.0,2.0,,0.0,,22.0,0.0
WV,2021,8,19,2021-05-16,0.0,,0.0,9.0,,0.0,,31.0,0.0
WV,2021,9,20,2021-05-23,0.0,,0.0,15.0,,0.0,,41.0,0.0
WV,2021,10,21,2021-05-30,0.0,,0.0,22.0,,0.0,,52.0,0.0
WV,2021,11,22,2021-06-06,0.0,,0.0,36.0,,0.0,,66.0,0.0
WV,2021,12,23,2021-06-13,0.0,,0.0,48.0,,0.0,,78.0,0.0
WV,2021,13,24,2021-06-20,0.0,,0.0,58.0,,0.0,,89.0,0.0
WV,2021,14,25,2021-06-27,0.0,,0.0,68.0,,0.0,,95.0,0.0
WV,2021,15,26,2021-07-04,0.0,,0.0,78.0,,0.0,,95.0,0.0
WV,2021,16,27,2021-07-11,5.0,,0.0,85.0,,0.0,,95.0,0.0
WV,2021,17,28,2021-07-18,15.0,,0.0,95.0,,0.0,,95.0,0.0
WV,2021,18,29,2021-07-25,32.0,,0.0,95.0,,0.0,,95.0,4.0
WV,2021,19,30,2021-08-01,40.0,,0.0,95.0,,0.0,,95.0,9.0
WV,2021,20,31,2021-08-08,56.0,,0.0,95.0,,0.0,,95.0,11.0
WV,2021,21,32,2021-08-15,68.0,,0.0,95.0,,0.0,,95.0,20.0
WV,2021,22,33,2021-08-22,86.0,,0.0,95.0,,0.0,,95.0,34.0
WV,2021,23,34,2021-08-29,97.0,,0.0,95.0,,0.0,,95.0,44.0
WV,2021,24,35,2021-09-05,97.0,,5.0,95.0,,0.0,,95.0,52.0
WV,2021,25,36,2021-09-12,97.0,,17.0,95.0,,0.0,,95.0,64.0
WV,2021,26,37,2021-09-19,97.0,,25.0,95.0,,0.0,,95.0,71.0
WV,2021,27,38,2021-09-26,97.0,,34.0,95.0,,0.0,,95.0,82.0
WV,2021,28,39,2021-10-03,97.0,,44.0,95.0,,1.0,,95.0,91.0
WV,2021,29,40,2021-10-10,97.0,,59.0,95.0,,8.0,,95.0,96.0
WV,2021,30,41,2021-10-17,97.0,,69.0,95.0,,16.0,,95.0,96.0
WV,2021,31,42,2021-10-24,97.0,,80.0,95.0,,25.0,,95.0,96.0
WV,2021,32,43,2021-10-31,97.0,,92.0,95.0,,36.0,,95.0,96.0
WV,2021,33,44,2021-11-07,97.0,,96.0,95.0,,46.0,,95.0,96.0
WV,2021,34,45,2021-11-14,97.0,,96.0,95.0,,56.0,,95.0,96.0
WV,2021,35,46,2021-11-21,97.0,,96.0,95.0,,63.0,,95.0,96.0
WV,2021,36,47,2021-11-28,97.0,,96.0,95.0,,72.0,,95.0,96.0
WV,2022,4,15,2022-04-17,0.0,,0.0,0.0,,0.0,,3.0,0.0
WV,2022,5,16,2022-04-24,0.0,,0.0,0.0,,0.0,,8.0,0.0
WV,2022,6,17,2022-05-01,0.0,,0.0,0.0,,0.0,,12.0,0.0
WV,2022,7,18,2022-05-08,0.0,,0.0,2.0,,0.0,,18.0,0.0
WV,2022,8,19,2022-05-15,0.0,,0.0,7.0,,0.0,,23.0,0.0
WV,2022,9,20,2022-05-22,0.0,,0.0,12.0,,0.0,,35.0,0.0
WV,2022,10,21,2022-05-29,0.0,,0.0,17.0,,0.0,,42.0,0.0
WV,2022,11,22,2022-06-05,0.0,,0.0,23.0,,0.0,,51.0,0.0
WV,2022,12,23,2022-06-12,0.0,,0.0,35.0,,0.0,,60.0,0.0
WV,2022,13,24,2022-06-19,0.0,,0.0,43.0,,0.0,,70.0,0.0
WV,2022,14,25,2022-06-26,0.0,,0.0,51.0,,0.0,,78.0,0.0
WV,2022,15,26,2022-07-03,0.0,,0.0,65.0,,0.0,,86.0,0.0
WV,2022,16,27,2022-07-10,0.0,,0.0,72.0,,0.0,,94.0,0.0
WV,2022,17,28,2022-07-17,5.0,,0.0,80.0,,0.0,,98.0,0.0
WV,2022,18,29,2022-07-24,15.0,,0.0,90.0,,0.0,,98.0,0.0
WV,2022,19,30,2022-07-31,28.0,,0.0,95.0,,0.0,,98.0,5.0
WV,2022,20,31,2022-08-07,35.0,,0.0,95.0,,0.0,,98.0,9.0
WV,2022,21,32,2022-08-14,43.0,,0.0,95.0,,0.0,,98.0,19.0
WV,2022,22,33,2022-08-21,57.0,,0.0,95.0,,0.0,,98.0,28.0
WV,2022,23,34,2022-08-28,68.0,,0.0,95.0,,0.0,,98.0,40.0
WV,2022,24,35,2022-09-04,76.0,,3.0,95.0,,0.0,,98.0,49.0
WV,2022,25,36,2022-09-11,86.0,,11.0,95.0,,0.0,,98.0,58.0
WV,2022,26,37,2022-09-18,95.0,,20.0,95.0,,0.0,,98.0,70.0
WV,2022,27,38,2022-09-25,95.0,,28.0,95.0,,0.0,,98.0,78.0
WV,2022,28,39,2022-10-02,95.0,,40.0,95.0,,0.0,,98.0,86.0
WV,2022,29,40,2022-10-09,95.0,,48.0,95.0,,1.0,,98.0,94.0
WV,2022,30,41,2022-10-16,95.0,,58.0,95.0,,7.0,,98.0,99.0
WV,2022,31,42,2022-10-23,95.0,,71.0,95.0,,15.0,,98.0,99.0
WV,2022,32,43,2022-10-30,95.0,,82.0,95.0,,23.0,,98.0,99.0
WV,2022,33,44,2022-11-06,95.0,,92.0,95.0,,34.0,,98.0,99.0
WV,2022,34,45,2022-11-13,95.0,,99.0,95.0,,44.0,,98.0,99.0
WV,2022,35,46,2022-11-20,95.0,,99.0,95.0,,54.0,,98.0,99.0
WV,2022,36,47,2022-11-27,95.0,,99.0,95.0,,65.0,,98.0,99.0
WV,2023,2,13,2023-04-02,0.0,,0.0,0.0,,0.0,,3.0,0.0
WV,2023,3,14,2023-04-09,0.0,,0.0,0.0,,0.0,,7.0,0.0
WV,2023,4,15,2023-04-16,0.0,,0.0,0.0,,0.0,,13.0,0.0
WV,2023,5,16,2023-04-23,0.0,,0.0,0.0,,0.0,,16.0,0.0
WV,2023,6,17,2023-04-30,0.0,,0.0,0.0,,0.0,,22.0,0.0
WV,2023,7,18,2023-05-07,0.0,,0.0,3.0,,0.0,,30.0,0.0
WV,2023,8,19,2023-05-14,0.0,,0.0,8.0,,0.0,,36.0,0.0
WV,2023,9,20,2023-05-21,0.0,,0.0,12.0,,0.0,,45.0,0.0
WV,2023,10,21,2023-05-28,0.0,,0.0,18.0,,0.0,,54.0,0.0
WV,2023,11,22,2023-06-04,0.0,,0.0,27.0,,0.0,,67.0,0.0
WV,2023,12,23,2023-06-11,0.0,,0.0,35.0,,0.0,,86.0,0.0
WV,2023,13,24,2023-06-18,0.0,,0.0,42.0,,0.0,,95.0,0.0
WV,2023,14,25,2023-06-25,0.0,,0.0,62.0,,0.0,,95.0,0.0
WV,2023,15,26,2023-07-02,0.0,,0.0,70.0,,0.0,,95.0,0.0
WV,2023,16,27,2023-07-09,6.0,,0.0,78.0,,0.0,,95.0,0.0
WV,2023,17,28,2023-07-16,16.0,,0.0,86.0,,0.0,,95.0,0.0
WV,2023,18,29,2023-07-23,33.0,,0.0,93.0,,0.0,,95.0,12.0
WV,2023,19,30,2023-07-30,43.0,,0.0,98.0,,0.0,,95.0,23.0
WV,2023,20,31,2023-08-06,51.0,,0.0,98.0,,0.0,,95.0,30.0
WV,2023,21,32,2023-08-13,60.0,,0.0,98.0,,0.0,,95.0,36.0
WV,2023,22,33,2023-08-20,67.0,,0.0,98.0,,0.0,,95.0,43.0
WV,2023,23,34,2023-08-27,80.0,,4.0,98.0,,0.0,,95.0,49.0
WV,2023,24,35,2023-09-03,92.0,,15.0,98.0,,0.0,,95.0,57.0
WV,2023,25,36,2023-09-10,97.0,,25.0,98.0,,0.0,,95.0,66.0
WV,2023,26,37,2023-09-17,97.0,,38.0,98.0,,0.0,,95.0,76.0
WV,2023,27,38,2023-09-24,97.0,,46.0,98.0,,8.0,,95.0,85.0
WV,2023,28,39,2023-10-01,97.0,,54.0,98.0,,12.0,,95.0,91.0
WV,2023,29,40,2023-10-08,97.0,,69.0,98.0,,18.0,,95.0,95.0
WV,2023,30,41,2023-10-15,97.0,,83.0,98.0,,24.0,,95.0,95.0
WV,2023,31,42,2023-10-22,97.0,,95.0,98.0,,30.0,,95.0,95.0
WV,2023,32,43,2023-10-29,97.0,,95.0,98.0,,39.0,,95.0,95.0
WV,2023,33,44,2023-11-05,97.0,,95.0,98.0,,51.0,,95.0,95.0
WV,2023,34,45,2023-11-12,97.0,,95.0,98.0,,60.0,,95.0,95.0
WV,2023,35,46,2023-11-19,97.0,,95.0,98.0,,71.0,,95.0,95.0
WV,2023,36,47,2023-11-26,97.0,,95.0,98.0,,86.0,,95.0,95.0
WV,2024,4,15,2024-04-14,0.0,,0.0,0.0,,0.0,,0.0,0.0
WV,2024,5,16,2024-04-21,0.0,,0.0,0.0,,0.0,,0.0,0.0
WV,2024,6,17,2024-04-28,0.0,,0.0,0.0,,0.0,,0.0,0.0
WV,2024,7,18,2024-05-05,0.0,,0.0,0.0,,0.0,,4.0,0.0
WV,2024,8,19,2024-05-12,0.0,,0.0,0.0,,0.0,,9.0,0.0
WV,2024,9,20,2024-05-19,0.0,,0.0,0.0,,0.0,,18.0,0.0
WV,2024,10,21,2024-05-26,0.0,,0.0,23.0,,0.0,,45.0,0.0
WV,2024,11,22,2024-06-02,0.0,,0.0,35.0,,0.0,,59.0,0.0
WV,2024,12,23,2024-06-09,0.0,,0.0,45.0,,0.0,,75.0,0.0
WV,2024,13,24,2024-06-16,0.0,,0.0,60.0,,0.0,,84.0,0.0
WV,2024,14,25,2024-06-23,0.0,,0.0,75.0,,0.0,,97.0,0.0
WV,2024,15,26,2024-06-30,4.0,,0.0,85.0,,0.0,,97.0,0.0
WV,2024,16,27,2024-07-07,11.0,,0.0,95.0,,0.0,,97.0,0.0
WV,2024,17,28,2024-07-14,16.0,,0.0,95.0,,0.0,,97.0,0.0
WV,2024,18,29,2024-07-21,21.0,,0.0,95.0,,0.0,,97.0,8.0
WV,2024,19,30,2024-07-28,27.0,,0.0,95.0,,0.0,,97.0,15.0
WV,2024,20,31,2024-08-04,37.0,,0.0,95.0,,0.0,,97.0,22.0
WV,2024,21,32,2024-08-11,46.0,,0.0,95.0,,0.0,,97.0,29.0
WV,2024,22,33,2024-08-18,58.0,,0.0,95.0,,0.0,,97.0,37.0
WV,2024,23,34,2024-08-25,71.0,,0.0,95.0,,0.0,,97.0,45.0
WV,2024,24,35,2024-09-01,82.0,,3.0,95.0,,0.0,,97.0,53.0
WV,2024,25,36,2024-09-08,92.0,,9.0,95.0,,0.0,,97.0,58.0
WV,2024,26,37,2024-09-15,97.0,,16.0,95.0,,0.0,,97.0,69.0
WV,2024,27,38,2024-09-22,97.0,,24.0,95.0,,0.0,,97.0,80.0
WV,2024,28,39,2024-09-29,97.0,,32.0,95.0,,0.0,,97.0,87.0
WV,2024,29,40,2024-10-06,97.0,,39.0,95.0,,0.0,,97.0,95.0
WV,2024,30,41,2024-10-13,97.0,,46.0,95.0,,5.0,,97.0,95.0
WV,2024,31,42,2024-10-20,97.0,,53.0,95.0,,11.0,,97.0,95.0
WV,2024,32,43,2024-10-27,97.0,,62.0,95.0,,26.0,,97.0,95.0
WV,2024,33,44,2024-11-03,97.0,,74.0,95.0,,41.0,,97.0,95.0
WV,2024,34,45,2024-11-10,97.0,,83.0,95.0,,49.0,,97.0,95.0
WV,2024,35,46,2024-11-17,97.0,,95.0,95.0,,57.0,,97.0,95.0
WV,2024,36,47,2024-11-24,97.0,,95.0,95.0,,66.0,,97.0,95.0
WV,2025,6,17,2025-04-27,0.0,,0.0,0.0,,0.0,,2.0,0.0
WV,2025,7,18,2025-05-04,0.0,,0.0,0.0,,0.0,,9.0,0.0
WV,2025,8,19,2025-05-11,0.0,,0.0,8.0,,0.0,,14.0,0.0
WV,2025,9,20,2025-05-18,0.0,,0.0,13.0,,0.0,,20.0,0.0
WV,2025,10,21,2025-05-25,0.0,,0.0,19.0,,0.0,,28.0,0.0
WV,2025,11,22,2025-06-01,0.0,,0.0,27.0,,0.0,,38.0,0.0
WV,2025,12,23,2025-06-08,0.0,,0.0,36.0,,0.0,,49.0,0.0
WV,2025,13,24,2025-06-15,0.0,,0.0,45.0,,0.0,,57.0,0.0
WV,2025,14,25,2025-06-22,0.0,,0.0,51.0,,0.0,,66.0,0.0
WV,2025,15,26,2025-06-29,0.0,,0.0,58.0,,0.0,,77.0,0.0
WV,2025,16,27,2025-07-06,0.0,,0.0,65.0,,0.0,,88.0,0.0
WV,2025,17,28,2025-07-13,6.0,,0.0,75.0,,0.0,,96.0,0.0
WV,2025,18,29,2025-07-20,14.0,,0.0,87.0,,0.0,,96.0,0.0
WV,2025,19,30,2025-07-27,22.0,,0.0,96.0,,0.0,,96.0,0.0
WV,2025,20,31,2025-08-03,32.0,,0.0,96.0,,0.0,,96.0,6.0
WV,2025,21,32,2025-08-10,43.0,,0.0,96.0,,0.0,,96.0,17.0
WV,2025,22,33,2025-08-17,55.0,,0.0,96.0,,0.0,,96.0,28.0
WV,2025,23,34,2025-08-24,63.0,,0.0,96.0,,0.0,,96.0,36.0
WV,2025,24,35,2025-08-31,74.0,,6.0,96.0,,0.0,,96.0,43.0
WV,2025,25,36,2025-09-07,85.0,,12.0,96.0,,0.0,,96.0,52.0
WV,2025,26,37,2025-09-14,95.0,,19.0,96.0,,0.0,,96.0,62.0
WV,2025,27,38,2025-09-21,95.0,,26.0,96.0,,0.0,,96.0,73.0
WV,2025,28,39,2025-09-28,95.0,,35.0,96.0,,0.0,,96.0,89.0
WV,2025,35,46,2025-11-16,95.0,,35.0,96.0,,58.0,,96.0,89.0
WV,2025,36,47,2025-11-23,95.0,,35.0,96.0,,66.0,,96.0,89.0
US,2016,5,16,2016-04-24,0.0,,0.0,0.0,,0.0,,3.0,0.0
US,2016,6,17,2016-05-01,0.0,,0.0,0.0,,0.0,,8.0,0.0
US,2016,7,18,2016-05-08,0.0,,0.0,0.0,,0.0,,23.0,0.0
US,2016,8,19,2016-05-15,0.0,,0.0,10.0,,0.0,,36.0,0.0
US,2016,9,20,2016-05-22,0.0,,0.0,22.0,,0.0,,56.0,0.0
US,2016,10,21,2016-05-29,0.0,,0.0,45.0,,0.0,,73.0,0.0
US,2016,11,22,2016-06-05,0.0,,0.0,65.0,,0.0,,83.0,0.0
US,2016,12,23,2016-06-12,0.0,,0.0,79.0,,0.0,,92.0,0.0
US,2016,13,24,2016-06-19,0.0,,0.0,89.0,,0.0,,96.0,0.0
US,2016,14,25,2016-06-26,9.0,,0.0,95.0,,0.0,,96.0,0.0
US,2016,15,26,2016-07-03,22.0,,0.0,95.0,,0.0,,96.0,0.0
US,2016,16,27,2016-07-10,40.0,,0.0,95.0,,0.0,,96.0,7.0
US,2016,17,28,2016-07-17,59.0,,0.0,95.0,,0.0,,96.0,18.0
US,2016,18,29,2016-07-24,76.0,,0.0,95.0,,0.0,,96.0,35.0
US,2016,19,30,2016-07-31,85.0,,0.0,95.0,,0.0,,96.0,54.0
US,2016,20,31,2016-08-07,91.0,,0.0,95.0,,0.0,,96.0,69.0
US,2016,21,32,2016-08-14,95.0,,0.0,95.0,,0.0,,96.0,80.0
US,2016,22,33,2016-08-21,95.0,,0.0,95.0,,0.0,,96.0,89.0
US,2016,23,34,2016-08-28,95.0,,5.0,95.0,,0.0,,96.0,94.0
US,2016,24,35,2016-09-04,95.0,,12.0,95.0,,0.0,,96.0,97.0
US,2016,25,36,2016-09-11,95.0,,26.0,95.0,,0.0,,96.0,97.0
US,2016,26,37,2016-09-18,95.0,,46.0,95.0,,4.0,,96.0,97.0
US,2016,27,38,2016-09-25,95.0,,68.0,95.0,,10.0,,96.0,97.0
US,2016,28,39,2016-10-02,95.0,,83.0,95.0,,26.0,,96.0,97.0
US,2016,29,40,2016-10-09,95.0,,91.0,95.0,,44.0,,96.0,97.0
US,2016,30,41,2016-10-16,95.0,,96.0,95.0,,62.0,,96.0,97.0
US,2016,31,42,2016-10-23,95.0,,96.0,95.0,,76.0,,96.0,97.0
US,2016,32,43,2016-10-30,95.0,,96.0,95.0,,87.0,,96.0,97.0
US,2016,33,44,2016-11-06,95.0,,96.0,95.0,,93.0,,96.0,97.0
US,2016,34,45,2016-11-13,95.0,,96.0,95.0,,97.0,,96.0,97.0
US,2017,5,16,2017-04-23,0.0,,0.0,0.0,,0.0,,6.0,0.0
US,2017,6,17,2017-04-30,0.0,,0.0,0.0,,0.0,,10.0,0.0
US,2017,7,18,2017-05-07,0.0,,0.0,0.0,,0.0,,14.0,0.0
US,2017,8,19,2017-05-14,0.0,,0.0,8.0,,0.0,,32.0,0.0
US,2017,9,20,2017-05-21,0.0,,0.0,19.0,,0.0,,53.0,0.0
US,2017,10,21,2017-05-28,0.0,,0.0,37.0,,0.0,,67.0,0.0
US,2017,11,22,2017-06-04,0.0,,0.0,58.0,,0.0,,83.0,0.0
US,2017,12,23,2017-06-11,0.0,,0.0,77.0,,0.0,,92.0,0.0
US,2017,13,24,2017-06-18,0.0,,0.0,89.0,,0.0,,96.0,0.0
US,2017,14,25,2017-06-25,9.0,,0.0,94.0,,0.0,,96.0,0.0
US,2017,15,26,2017-07-02,18.0,,0.0,98.0,,0.0,,96.0,0.0
US,2017,16,27,2017-07-09,34.0,,0.0,98.0,,0.0,,96.0,7.0
US,2017,17,28,2017-07-16,52.0,,0.0,98.0,,0.0,,96.0,16.0
US,2017,18,29,2017-07-23,69.0,,0.0,98.0,,0.0,,96.0,29.0
US,2017,19,30,2017-07-30,82.0,,0.0,98.0,,0.0,,96.0,48.0
US,2017,20,31,2017-08-06,90.0,,0.0,98.0,,0.0,,96.0,65.0
US,2017,21,32,2017-08-13,94.0,,0.0,98.0,,0.0,,96.0,79.0
US,2017,22,33,2017-08-20,97.0,,0.0,98.0,,0.0,,96.0,87.0
US,2017,23,34,2017-08-27,97.0,,6.0,98.0,,0.0,,96.0,93.0
US,2017,24,35,2017-09-03,97.0,,11.0,98.0,,0.0,,96.0,97.0
US,2017,25,36,2017-09-10,97.0,,22.0,98.0,,0.0,,96.0,97.0
US,2017,26,37,2017-09-17,97.0,,41.0,98.0,,4.0,,96.0,97.0
US,2017,27,38,2017-09-24,97.0,,63.0,98.0,,10.0,,96.0,97.0
US,2017,28,39,2017-10-01,97.0,,80.0,98.0,,22.0,,96.0,97.0
US,2017,29,40,2017-10-08,97.0,,89.0,98.0,,36.0,,96.0,97.0
US,2017,30,41,2017-10-15,97.0,,94.0,98.0,,49.0,,96.0,97.0
US,2017,31,42,2017-10-22,97.0,,97.0,98.0,,70.0,,96.0,97.0
US,2017,32,43,2017-10-29,97.0,,97.0,98.0,,83.0,,96.0,97.0
US,2017,33,44,2017-11-05,97.0,,97.0,98.0,,90.0,,96.0,97.0
US,2017,34,45,2017-11-12,97.0,,97.0,98.0,,93.0,,96.0,97.0
US,2017,35,46,2017-11-19,97.0,,97.0,98.0,,96.0,,96.0,97.0
US,2018,5,16,2018-04-22,0.0,,0.0,0.0,,0.0,,2.0,0.0
US,2018,6,17,2018-04-29,0.0,,0.0,0.0,,0.0,,5.0,0.0
US,2018,7,18,2018-05-06,0.0,,0.0,0.0,,0.0,,15.0,0.0
US,2018,8,19,2018-05-13,0.0,,0.0,10.0,,0.0,,35.0,0.0
US,2018,9,20,2018-05-20,0.0,,0.0,26.0,,0.0,,56.0,0.0
US,2018,10,21,2018-05-27,0.0,,0.0,47.0,,0.0,,77.0,0.0
US,2018,11,22,2018-06-03,0.0,,0.0,68.0,,0.0,,87.0,0.0
US,2018,12,23,2018-06-10,0.0,,0.0,83.0,,0.0,,93.0,0.0
US,2018,13,24,2018-06-17,0.0,,0.0,90.0,,0.0,,97.0,0.0
US,2018,14,25,2018-06-24,12.0,,0.0,95.0,,0.0,,97.0,0.0
US,2018,15,26,2018-07-01,27.0,,0.0,95.0,,0.0,,97.0,0.0
US,2018,16,27,2018-07-08,47.0,,0.0,95.0,,0.0,,97.0,11.0
US,2018,17,28,2018-07-15,65.0,,0.0,95.0,,0.0,,97.0,26.0
US,2018,18,29,2018-07-22,78.0,,0.0,95.0,,0.0,,97.0,44.0
US,2018,19,30,2018-07-29,86.0,,0.0,95.0,,0.0,,97.0,60.0
US,2018,20,31,2018-08-05,92.0,,0.0,95.0,,0.0,,97.0,75.0
US,2018,21,32,2018-08-12,96.0,,0.0,95.0,,0.0,,97.0,84.0
US,2018,22,33,2018-08-19,96.0,,0.0,95.0,,0.0,,97.0,91.0
US,2018,23,34,2018-08-26,96.0,,7.0,95.0,,0.0,,97.0,95.0
US,2018,24,35,2018-09-02,96.0,,16.0,95.0,,0.0,,97.0,95.0
US,2018,25,36,2018-09-09,96.0,,31.0,95.0,,0.0,,97.0,95.0
US,2018,26,37,2018-09-16,96.0,,53.0,95.0,,6.0,,97.0,95.0
US,2018,27,38,2018-09-23,96.0,,71.0,95.0,,14.0,,97.0,95.0
US,2018,28,39,2018-09-30,96.0,,83.0,95.0,,23.0,,97.0,95.0
US,2018,29,40,2018-10-07,96.0,,91.0,95.0,,32.0,,97.0,95.0
US,2018,30,41,2018-10-14,96.0,,95.0,95.0,,38.0,,97.0,95.0
US,2018,31,42,2018-10-21,96.0,,95.0,95.0,,53.0,,97.0,95.0
US,2018,32,43,2018-10-28,96.0,,95.0,95.0,,72.0,,97.0,95.0
US,2018,33,44,2018-11-04,96.0,,95.0,95.0,,83.0,,97.0,95.0
US,2018,34,45,2018-11-11,96.0,,95.0,95.0,,88.0,,97.0,95.0
US,2018,35,46,2018-11-18,96.0,,95.0,95.0,,91.0,,97.0,95.0
US,2018,36,47,2018-11-25,96.0,,95.0,95.0,,94.0,,97.0,95.0
US,2019,5,16,2019-04-21,0.0,,0.0,0.0,,0.0,,1.0,0.0
US,2019,6,17,2019-04-28,0.0,,0.0,0.0,,0.0,,3.0,0.0
US,2019,7,18,2019-05-05,0.0,,0.0,0.0,,0.0,,6.0,0.0
US,2019,8,19,2019-05-12,0.0,,0.0,0.0,,0.0,,9.0,0.0
US,2019,9,20,2019-05-19,0.0,,0.0,5.0,,0.0,,19.0,0.0
US,2019,10,21,2019-05-26,0.0,,0.0,11.0,,0.0,,29.0,0.0
US,2019,11,22,2019-06-02,0.0,,0.0,19.0,,0.0,,39.0,0.0
US,2019,12,23,2019-06-09,0.0,,0.0,34.0,,0.0,,60.0,0.0
US,2019,13,24,2019-06-16,0.0,,0.0,55.0,,0.0,,77.0,0.0
US,2019,14,25,2019-06-23,0.0,,0.0,71.0,,0.0,,85.0,0.0
US,2019,15,26,2019-06-30,0.0,,0.0,83.0,,0.0,,92.0,0.0
US,2019,16,27,2019-07-07,10.0,,0.0,90.0,,0.0,,96.0,0.0
US,2019,17,28,2019-07-14,22.0,,0.0,95.0,,0.0,,96.0,0.0
US,2019,18,29,2019-07-21,40.0,,0.0,95.0,,0.0,,96.0,7.0
US,2019,19,30,2019-07-28,57.0,,0.0,95.0,,0.0,,96.0,21.0
US,2019,20,31,2019-08-04,72.0,,0.0,95.0,,0.0,,96.0,37.0
US,2019,21,32,2019-08-11,82.0,,0.0,95.0,,0.0,,96.0,54.0
US,2019,22,33,2019-08-18,90.0,,0.0,95.0,,0.0,,96.0,68.0
US,2019,23,34,2019-08-25,94.0,,0.0,95.0,,0.0,,96.0,79.0
US,2019,24,35,2019-09-01,96.0,,0.0,95.0,,0.0,,96.0,86.0
US,2019,25,36,2019-09-08,96.0,,0.0,95.0,,0.0,,96.0,92.0
US,2019,26,37,2019-09-15,96.0,,15.0,95.0,,0.0,,96.0,95.0
US,2019,27,38,2019-09-22,96.0,,34.0,95.0,,0.0,,96.0,95.0
US,2019,28,39,2019-09-29,96.0,,55.0,95.0,,7.0,,96.0,95.0
US,2019,29,40,2019-10-06,96.0,,72.0,95.0,,14.0,,96.0,95.0
US,2019,30,41,2019-10-13,96.0,,85.0,95.0,,26.0,,96.0,95.0
US,2019,31,42,2019-10-20,96.0,,94.0,95.0,,46.0,,96.0,95.0
US,2019,32,43,2019-10-27,96.0,,97.0,95.0,,62.0,,96.0,95.0
US,2019,33,44,2019-11-03,96.0,,97.0,95.0,,75.0,,96.0,95.0
US,2019,34,45,2019-11-10,96.0,,97.0,95.0,,85.0,,96.0,95.0
US,2019,35,46,2019-11-17,96.0,,97.0,95.0,,91.0,,96.0,95.0
US,2019,36,47,2019-11-24,96.0,,97.0,95.0,,94.0,,96.0,95.0
US,2019,37,48,2019-12-01,96.0,,97.0,95.0,,96.0,,96.0,95.0
US,2020,5,16,2020-04-19,0.0,,0.0,0.0,,0.0,,2.0,0.0
US,2020,6,17,2020-04-26,0.0,,0.0,0.0,,0.0,,8.0,0.0
US,2020,7,18,2020-05-03,0.0,,0.0,0.0,,0.0,,23.0,0.0
US,2020,8,19,2020-05-10,0.0,,0.0,7.0,,0.0,,38.0,0.0
US,2020,9,20,2020-05-17,0.0,,0.0,18.0,,0.0,,53.0,0.0
US,2020,10,21,2020-05-24,0.0,,0.0,35.0,,0.0,,65.0,0.0
US,2020,11,22,2020-05-31,0.0,,0.0,52.0,,0.0,,75.0,0.0
US,2020,12,23,2020-06-07,0.0,,0.0,67.0,,0.0,,86.0,0.0
US,2020,13,24,2020-06-14,0.0,,0.0,81.0,,0.0,,93.0,0.0
US,2020,14,25,2020-06-21,5.0,,0.0,89.0,,0.0,,96.0,0.0
US,2020,15,26,2020-06-28,14.0,,0.0,95.0,,0.0,,96.0,0.0
US,2020,16,27,2020-07-05,31.0,,0.0,95.0,,0.0,,96.0,2.0
US,2020,17,28,2020-07-12,48.0,,0.0,95.0,,0.0,,96.0,11.0
US,2020,18,29,2020-07-19,64.0,,0.0,95.0,,0.0,,96.0,25.0
US,2020,19,30,2020-07-26,76.0,,0.0,95.0,,0.0,,96.0,43.0
US,2020,20,31,2020-08-02,85.0,,0.0,95.0,,0.0,,96.0,59.0
US,2020,21,32,2020-08-09,92.0,,0.0,95.0,,0.0,,96.0,75.0
US,2020,22,33,2020-08-16,96.0,,0.0,95.0,,0.0,,96.0,84.0
US,2020,23,34,2020-08-23,96.0,,4.0,95.0,,0.0,,96.0,92.0
US,2020,24,35,2020-08-30,96.0,,8.0,95.0,,0.0,,96.0,95.0
US,2020,25,36,2020-09-06,96.0,,20.0,95.0,,0.0,,96.0,95.0
US,2020,26,37,2020-09-13,96.0,,37.0,95.0,,0.0,,96.0,95.0
US,2020,27,38,2020-09-20,96.0,,59.0,95.0,,6.0,,96.0,95.0
US,2020,28,39,2020-09-27,96.0,,74.0,95.0,,20.0,,96.0,95.0
US,2020,29,40,2020-10-04,96.0,,85.0,95.0,,38.0,,96.0,95.0
US,2020,30,41,2020-10-11,96.0,,93.0,95.0,,61.0,,96.0,95.0
US,2020,31,42,2020-10-18,96.0,,97.0,95.0,,75.0,,96.0,95.0
US,2020,32,43,2020-10-25,96.0,,97.0,95.0,,83.0,,96.0,95.0
US,2020,33,44,2020-11-01,96.0,,97.0,95.0,,87.0,,96.0,95.0
US,2020,34,45,2020-11-08,96.0,,97.0,95.0,,92.0,,96.0,95.0
US,2020,35,46,2020-11-15,96.0,,97.0,95.0,,96.0,,96.0,95.0
US,2021,4,15,2021-04-18,0.0,,0.0,0.0,,0.0,,3.0,0.0
US,2021,5,16,2021-04-25,0.0,,0.0,0.0,,0.0,,8.0,0.0
US,2021,6,17,2021-05-02,0.0,,0.0,0.0,,0.0,,24.0,0.0
US,2021,7,18,2021-05-09,0.0,,0.0,10.0,,0.0,,42.0,0.0
US,2021,8,19,2021-05-16,0.0,,0.0,20.0,,0.0,,61.0,0.0
US,2021,9,20,2021-05-23,0.0,,0.0,41.0,,0.0,,75.0,0.0
US,2021,10,21,2021-05-30,0.0,,0.0,62.0,,0.0,,84.0,0.0
US,2021,11,22,2021-06-06,0.0,,0.0,76.0,,0.0,,90.0,0.0
US,2021,12,23,2021-06-13,0.0,,0.0,86.0,,0.0,,94.0,0.0
US,2021,13,24,2021-06-20,5.0,,0.0,91.0,,0.0,,97.0,0.0
US,2021,14,25,2021-06-27,14.0,,0.0,96.0,,0.0,,97.0,0.0
US,2021,15,26,2021-07-04,29.0,,0.0,96.0,,0.0,,97.0,3.0
US,2021,16,27,2021-07-11,46.0,,0.0,96.0,,0.0,,97.0,10.0
US,2021,17,28,2021-07-18,63.0,,0.0,96.0,,0.0,,97.0,23.0
US,2021,18,29,2021-07-25,76.0,,0.0,96.0,,0.0,,97.0,42.0
US,2021,19,30,2021-08-01,86.0,,0.0,96.0,,0.0,,97.0,58.0
US,2021,20,31,2021-08-08,91.0,,0.0,96.0,,0.0,,97.0,72.0
US,2021,21,32,2021-08-15,94.0,,0.0,96.0,,0.0,,97.0,81.0
US,2021,22,33,2021-08-22,97.0,,3.0,96.0,,0.0,,97.0,88.0
US,2021,23,34,2021-08-29,97.0,,9.0,96.0,,0.0,,97.0,93.0
US,2021,24,35,2021-09-05,97.0,,18.0,96.0,,0.0,,97.0,96.0
US,2021,25,36,2021-09-12,97.0,,38.0,96.0,,0.0,,97.0,96.0
US,2021,26,37,2021-09-19,97.0,,58.0,96.0,,6.0,,97.0,96.0
US,2021,27,38,2021-09-26,97.0,,75.0,96.0,,16.0,,97.0,96.0
US,2021,28,39,2021-10-03,97.0,,86.0,96.0,,34.0,,97.0,96.0
US,2021,29,40,2021-10-10,97.0,,91.0,96.0,,49.0,,97.0,96.0
US,2021,30,41,2021-10-17,97.0,,95.0,96.0,,60.0,,97.0,96.0
US,2021,31,42,2021-10-24,97.0,,95.0,96.0,,73.0,,97.0,96.0
US,2021,32,43,2021-10-31,97.0,,95.0,96.0,,79.0,,97.0,96.0
US,2021,33,44,2021-11-07,97.0,,95.0,96.0,,87.0,,97.0,96.0
US,2021,34,45,2021-11-14,97.0,,95.0,96.0,,92.0,,97.0,96.0
US,2021,35,46,2021-11-21,97.0,,95.0,96.0,,95.0,,97.0,96.0
US,2022,4,15,2022-04-17,0.0,,0.0,0.0,,0.0,,1.0,0.0
US,2022,5,16,2022-04-24,0.0,,0.0,0.0,,0.0,,3.0,0.0
US,2022,6,17,2022-05-01,0.0,,0.0,0.0,,0.0,,8.0,0.0
US,2022,7,18,2022-05-08,0.0,,0.0,3.0,,0.0,,12.0,0.0
US,2022,8,19,2022-05-15,0.0,,0.0,9.0,,0.0,,30.0,0.0
US,2022,9,20,2022-05-22,0.0,,0.0,21.0,,0.0,,50.0,0.0
US,2022,10,21,2022-05-29,0.0,,0.0,39.0,,0.0,,66.0,0.0
US,2022,11,22,2022-06-05,0.0,,0.0,56.0,,0.0,,78.0,0.0
US,2022,12,23,2022-06-12,0.0,,0.0,70.0,,0.0,,88.0,0.0
US,2022,13,24,2022-06-19,0.0,,0.0,83.0,,0.0,,94.0,0.0
US,2022,14,25,2022-06-26,7.0,,0.0,91.0,,0.0,,98.0,0.0
US,2022,15,26,2022-07-03,16.0,,0.0,96.0,,0.0,,98.0,3.0
US,2022,16,27,2022-07-10,32.0,,0.0,96.0,,0.0,,98.0,6.0
US,2022,17,28,2022-07-17,48.0,,0.0,96.0,,0.0,,98.0,14.0
US,2022,18,29,2022-07-24,64.0,,0.0,96.0,,0.0,,98.0,26.0
US,2022,19,30,2022-07-31,79.0,,0.0,96.0,,0.0,,98.0,44.0
US,2022,20,31,2022-08-07,89.0,,0.0,96.0,,0.0,,98.0,61.0
US,2022,21,32,2022-08-14,93.0,,0.0,96.0,,0.0,,98.0,74.0
US,2022,22,33,2022-08-21,97.0,,0.0,96.0,,0.0,,98.0,84.0
US,2022,23,34,2022-08-28,97.0,,4.0,96.0,,0.0,,98.0,91.0
US,2022,24,35,2022-09-04,97.0,,10.0,96.0,,0.0,,98.0,94.0
US,2022,25,36,2022-09-11,97.0,,22.0,96.0,,0.0,,98.0,97.0
US,2022,26,37,2022-09-18,97.0,,42.0,96.0,,3.0,,98.0,97.0
US,2022,27,38,2022-09-25,97.0,,63.0,96.0,,8.0,,98.0,97.0
US,2022,28,39,2022-10-02,97.0,,81.0,96.0,,22.0,,98.0,97.0
US,2022,29,40,2022-10-09,97.0,,91.0,96.0,,44.0,,98.0,97.0
US,2022,30,41,2022-10-16,97.0,,96.0,96.0,,63.0,,98.0,97.0
US,2022,31,42,2022-10-23,97.0,,96.0,96.0,,80.0,,98.0,97.0
US,2022,32,43,2022-10-30,97.0,,96.0,96.0,,88.0,,98.0,97.0
US,2022,33,44,2022-11-06,97.0,,96.0,96.0,,94.0,,98.0,97.0
US,2022,34,45,2022-11-13,97.0,,96.0,96.0,,96.0,,98.0,97.0
US,2023,4,15,2023-04-16,0.0,,0.0,0.0,,0.0,,4.0,0.0
US,2023,5,16,2023-04-23,0.0,,0.0,0.0,,0.0,,9.0,0.0
US,2023,6,17,2023-04-30,0.0,,0.0,0.0,,0.0,,19.0,0.0
US,2023,7,18,2023-05-07,0.0,,0.0,9.0,,0.0,,35.0,0.0
US,2023,8,19,2023-05-14,0.0,,0.0,20.0,,0.0,,49.0,0.0
US,2023,9,20,2023-05-21,0.0,,0.0,36.0,,0.0,,66.0,0.0
US,2023,10,21,2023-05-28,0.0,,0.0,56.0,,0.0,,83.0,0.0
US,2023,11,22,2023-06-04,0.0,,0.0,74.0,,0.0,,91.0,0.0
US,2023,12,23,2023-06-11,0.0,,0.0,86.0,,0.0,,96.0,0.0
US,2023,13,24,2023-06-18,0.0,,0.0,92.0,,0.0,,96.0,0.0
US,2023,14,25,2023-06-25,10.0,,0.0,96.0,,0.0,,96.0,0.0
US,2023,15,26,2023-07-02,24.0,,0.0,96.0,,0.0,,96.0,4.0
US,2023,16,27,2023-07-09,39.0,,0.0,96.0,,0.0,,96.0,10.0
US,2023,17,28,2023-07-16,56.0,,0.0,96.0,,0.0,,96.0,20.0
US,2023,18,29,2023-07-23,70.0,,0.0,96.0,,0.0,,96.0,35.0
US,2023,19,30,2023-07-30,83.0,,0.0,96.0,,0.0,,96.0,50.0
US,2023,20,31,2023-08-06,90.0,,0.0,96.0,,0.0,,96.0,66.0
US,2023,21,32,2023-08-13,94.0,,0.0,96.0,,0.0,,96.0,78.0
US,2023,22,33,2023-08-20,96.0,,0.0,96.0,,0.0,,96.0,86.0
US,2023,23,34,2023-08-27,96.0,,5.0,96.0,,0.0,,96.0,91.0
US,2023,24,35,2023-09-03,96.0,,16.0,96.0,,0.0,,96.0,95.0
US,2023,25,36,2023-09-10,96.0,,31.0,96.0,,0.0,,96.0,95.0
US,2023,26,37,2023-09-17,96.0,,54.0,96.0,,5.0,,96.0,95.0
US,2023,27,38,2023-09-24,96.0,,73.0,96.0,,12.0,,96.0,95.0
US,2023,28,39,2023-10-01,96.0,,86.0,96.0,,23.0,,96.0,95.0
US,2023,29,40,2023-10-08,96.0,,93.0,96.0,,43.0,,96.0,95.0
US,2023,30,41,2023-10-15,96.0,,97.0,96.0,,62.0,,96.0,95.0
US,2023,31,42,2023-10-22,96.0,,97.0,96.0,,76.0,,96.0,95.0
US,2023,32,43,2023-10-29,96.0,,97.0,96.0,,85.0,,96.0,95.0
US,2023,33,44,2023-11-05,96.0,,97.0,96.0,,91.0,,96.0,95.0
US,2023,34,45,2023-11-12,96.0,,97.0,96.0,,95.0,,96.0,95.0
US,2024,4,15,2024-04-14,0.0,,0.0,0.0,,0.0,,3.0,0.0
US,2024,5,16,2024-04-21,0.0,,0.0,0.0,,0.0,,8.0,0.0
US,2024,6,17,2024-04-28,0.0,,0.0,0.0,,0.0,,18.0,0.0
US,2024,7,18,2024-05-05,0.0,,0.0,9.0,,0.0,,25.0,0.0
US,2024,8,19,2024-05-12,0.0,,0.0,16.0,,0.0,,35.0,0.0
US,2024,9,20,2024-05-19,0.0,,0.0,26.0,,0.0,,52.0,0.0
US,2024,10,21,2024-05-26,0.0,,0.0,39.0,,0.0,,68.0,0.0
US,2024,11,22,2024-06-02,0.0,,0.0,55.0,,0.0,,78.0,0.0
US,2024,12,23,2024-06-09,0.0,,0.0,70.0,,0.0,,87.0,0.0
US,2024,13,24,2024-06-16,0.0,,0.0,82.0,,0.0,,93.0,0.0
US,2024,14,25,2024-06-23,8.0,,0.0,90.0,,0.0,,97.0,0.0
US,2024,15,26,2024-06-30,20.0,,0.0,95.0,,0.0,,97.0,3.0
US,2024,16,27,2024-07-07,34.0,,0.0,95.0,,0.0,,97.0,9.0
US,2024,17,28,2024-07-14,51.0,,0.0,95.0,,0.0,,97.0,18.0
US,2024,18,29,2024-07-21,65.0,,0.0,95.0,,0.0,,97.0,29.0
US,2024,19,30,2024-07-28,77.0,,0.0,95.0,,0.0,,97.0,44.0
US,2024,20,31,2024-08-04,86.0,,0.0,95.0,,0.0,,97.0,59.0
US,2024,21,32,2024-08-11,91.0,,0.0,95.0,,0.0,,97.0,72.0
US,2024,22,33,2024-08-18,95.0,,0.0,95.0,,0.0,,97.0,81.0
US,2024,23,34,2024-08-25,95.0,,6.0,95.0,,0.0,,97.0,89.0
US,2024,24,35,2024-09-01,95.0,,13.0,95.0,,0.0,,97.0,94.0
US,2024,25,36,2024-09-08,95.0,,25.0,95.0,,0.0,,97.0,97.0
US,2024,26,37,2024-09-15,95.0,,44.0,95.0,,6.0,,97.0,97.0
US,2024,27,38,2024-09-22,95.0,,65.0,95.0,,13.0,,97.0,97.0
US,2024,28,39,2024-09-29,95.0,,81.0,95.0,,26.0,,97.0,97.0
US,2024,29,40,2024-10-06,95.0,,90.0,95.0,,47.0,,97.0,97.0
US,2024,30,41,2024-10-13,95.0,,95.0,95.0,,67.0,,97.0,97.0
US,2024,31,42,2024-10-20,95.0,,95.0,95.0,,81.0,,97.0,97.0
US,2024,32,43,2024-10-27,95.0,,95.0,95.0,,89.0,,97.0,97.0
US,2024,33,44,2024-11-03,95.0,,95.0,95.0,,94.0,,97.0,97.0
US,2024,34,45,2024-11-10,95.0,,95.0,95.0,,96.0,,97.0,97.0
US,2025,4,15,2025-04-13,0.0,,0.0,0.0,,0.0,,2.0,0.0
US,2025,5,16,2025-04-20,0.0,,0.0,0.0,,0.0,,8.0,0.0
US,2025,6,17,2025-04-27,0.0,,0.0,0.0,,0.0,,18.0,0.0
US,2025,7,18,2025-05-04,0.0,,0.0,7.0,,0.0,,30.0,0.0
US,2025,8,19,2025-05-11,0.0,,0.0,17.0,,0.0,,48.0,0.0
US,2025,9,20,2025-05-18,0.0,,0.0,34.0,,0.0,,66.0,0.0
US,2025,10,21,2025-05-25,0.0,,0.0,50.0,,0.0,,76.0,0.0
US,2025,11,22,2025-06-01,0.0,,0.0,63.0,,0.0,,84.0,0.0
US,2025,12,23,2025-06-08,0.0,,0.0,75.0,,0.0,,90.0,0.0
US,2025,13,24,2025-06-15,0.0,,0.0,84.0,,0.0,,93.0,0.0
US,2025,14,25,2025-06-22,8.0,,0.0,90.0,,0.0,,96.0,0.0
US,2025,15,26,2025-06-29,17.0,,0.0,94.0,,0.0,,96.0,3.0
US,2025,16,27,2025-07-06,32.0,,0.0,96.0,,0.0,,96.0,8.0
US,2025,17,28,2025-07-13,47.0,,0.0,96.0,,0.0,,96.0,15.0
US,2025,18,29,2025-07-20,62.0,,0.0,96.0,,0.0,,96.0,26.0
US,2025,19,30,2025-07-27,76.0,,0.0,96.0,,0.0,,96.0,41.0
US,2025,20,31,2025-08-03,85.0,,0.0,96.0,,0.0,,96.0,58.0
US,2025,21,32,2025-08-10,91.0,,0.0,96.0,,0.0,,96.0,71.0
US,2025,22,33,2025-08-17,95.0,,0.0,96.0,,0.0,,96.0,82.0
US,2025,23,34,2025-08-24,95.0,,4.0,96.0,,0.0,,96.0,89.0
US,2025,24,35,2025-08-31,95.0,,11.0,96.0,,0.0,,96.0,94.0
US,2025,25,36,2025-09-07,95.0,,21.0,96.0,,0.0,,96.0,97.0
US,2025,26,37,2025-09-14,95.0,,41.0,96.0,,5.0,,96.0,97.0
US,2025,27,38,2025-09-21,95.0,,61.0,96.0,,9.0,,96.0,97.0
US,2025,28,39,2025-09-28,95.0,,79.0,96.0,,19.0,,96.0,97.0
US,2025,35,46,2025-11-16,95.0,,79.0,96.0,,95.0,,96.0,97.0
