state_alpha,season,week,cal_week,week_ending,PCT BOOTED,PCT COLORING,PCT EMERGED,PCT HARVESTED,PCT HEADED,PCT JOINTING,PCT MATURE,PCT PLANTED
CO,2016,1,12,2016-03-27,,0.0,0.0,0.0,0.0,,,2.0
CO,2016,2,13,2016-04-03,,0.0,0.0,0.0,0.0,,,7.0
CO,2016,3,14,2016-04-10,,0.0,0.0,0.0,0.0,,,9.0
CO,2016,4,15,2016-04-17,,0.0,0.0,0.0,0.0,,,21.0
CO,2016,5,16,2016-04-24,,0.0,4.0,0.0,0.0,,,32.0
CO,2016,6,17,2016-05-01,,0.0,16.0,0.0,0.0,,,51.0
CO,2016,7,18,2016-05-08,,0.0,29.0,0.0,0.0,,,64.0
CO,2016,8,19,2016-05-15,,0.0,35.0,0.0,0.0,,,72.0
CO,2016,9,20,2016-05-22,,0.0,44.0,0.0,0.0,,,80.0
CO,2016,10,21,2016-05-29,,0.0,53.0,0.0,0.0,,,98.0
CO,2016,11,22,2016-06-05,,0.0,71.0,0.0,1.0,,,100.0
CO,2016,12,23,2016-06-12,,0.0,96.0,0.0,6.0,,,100.0
CO,2016,13,24,2016-06-19,,0.0,96.0,0.0,21.0,,,100.0
CO,2016,14,25,2016-06-26,,6.0,96.0,0.0,33.0,,,100.0
CO,2016,15,26,2016-07-03,,7.0,96.0,0.0,50.0,,,100.0
CO,2016,16,27,2016-07-10,,28.0,96.0,0.0,79.0,,,100.0
CO,2016,17,28,2016-07-17,,39.0,96.0,0.0,94.0,,,100.0
CO,2016,18,29,2016-07-24,,45.0,96.0,0.0,98.0,,,100.0
CO,2016,19,30,2016-07-31,,56.0,96.0,5.0,98.0,,,100.0
CO,2016,20,31,2016-08-07,,68.0,96.0,7.0,98.0,,,100.0
CO,2016,21,32,2016-08-14,,78.0,96.0,15.0,98.0,,,100.0
CO,2016,22,33,2016-08-21,,88.0,96.0,24.0,98.0,,,100.0
CO,2016,23,34,2016-08-28,,94.0,96.0,36.0,98.0,,,100.0
CO,2016,24,35,2016-09-04,,98.0,96.0,46.0,98.0,,,100.0
CO,2016,25,36,2016-09-11,,98.0,96.0,62.0,98.0,,,100.0
CO,2016,26,37,2016-09-18,,98.0,96.0,71.0,98.0,,,100.0
CO,2016,27,38,2016-09-25,,98.0,96.0,80.0,98.0,,,100.0
CO,2016,28,39,2016-10-02,,98.0,96.0,89.0,98.0,,,100.0
CO,2016,29,40,2016-10-09,,98.0,96.0,95.0,98.0,,,100.0
CO,2017,1,12,2017-03-26,,0.0,0.0,0.0,0.0,,,3.0
CO,2017,2,13,2017-04-02,,0.0,0.0,0.0,0.0,,,10.0
CO,2017,3,14,2017-04-09,,0.0,0.0,0.0,0.0,,,11.0
CO,2017,4,15,2017-04-16,,0.0,0.0,0.0,0.0,,,19.0
CO,2017,5,16,2017-04-23,,0.0,1.0,0.0,0.0,,,33.0
CO,2017,6,17,2017-04-30,,0.0,11.0,0.0,0.0,,,48.0
CO,2017,7,18,2017-05-07,,0.0,32.0,0.0,0.0,,,64.0
CO,2017,8,19,2017-05-14,,0.0,53.0,0.0,0.0,,,76.0
CO,2017,9,20,2017-05-21,,0.0,68.0,0.0,0.0,,,82.0
CO,2017,10,21,2017-05-28,,0.0,75.0,0.0,0.0,,,87.0
CO,2017,11,22,2017-06-04,,0.0,80.0,0.0,0.0,,,91.0
CO,2017,12,23,2017-06-11,,0.0,83.0,0.0,7.0,,,92.0
CO,2017,13,24,2017-06-18,,0.0,86.0,0.0,19.0,,,95.0
CO,2017,14,25,2017-06-25,,0.0,95.0,0.0,40.0,,,95.0
CO,2017,15,26,2017-07-02,,0.0,95.0,0.0,65.0,,,95.0
CO,2017,16,27,2017-07-09,,13.0,95.0,0.0,81.0,,,95.0
CO,2017,17,28,2017-07-16,,18.0,95.0,0.0,88.0,,,95.0
CO,2017,18,29,2017-07-23,,39.0,95.0,0.0,93.0,,,95.0
CO,2017,19,30,2017-07-30,,61.0,95.0,2.0,96.0,,,95.0
CO,2017,20,31,2017-08-06,,79.0,95.0,5.0,96.0,,,95.0
CO,2017,21,32,2017-08-13,,91.0,95.0,8.0,96.0,,,95.0
CO,2017,22,33,2017-08-20,,94.0,95.0,11.0,96.0,,,95.0
CO,2017,23,34,2017-08-27,,96.0,95.0,29.0,96.0,,,95.0
CO,2017,24,35,2017-09-03,,96.0,95.0,51.0,96.0,,,95.0
CO,2017,25,36,2017-09-10,,96.0,95.0,70.0,96.0,,,95.0
CO,2017,26,37,2017-09-17,,96.0,95.0,81.0,96.0,,,95.0
CO,2017,27,38,2017-09-24,,96.0,95.0,85.0,96.0,,,95.0
CO,2017,28,39,2017-10-01,,96.0,95.0,86.0,96.0,,,95.0
CO,2017,29,40,2017-10-08,,96.0,95.0,88.0,96.0,,,95.0
CO,2018,1,12,2018-03-25,,0.0,0.0,0.0,0.0,,,1.0
CO,2018,2,13,2018-04-01,,0.0,0.0,0.0,0.0,,,8.0
CO,2018,3,14,2018-04-08,,0.0,0.0,0.0,0.0,,,14.0
CO,2018,4,15,2018-04-15,,0.0,6.0,0.0,0.0,,,33.0
CO,2018,5,16,2018-04-22,,0.0,14.0,0.0,0.0,,,52.0
CO,2018,6,17,2018-04-29,,0.0,22.0,0.0,0.0,,,67.0
CO,2018,7,18,2018-05-06,,0.0,35.0,0.0,0.0,,,74.0
CO,2018,8,19,2018-05-13,,0.0,59.0,0.0,0.0,,,84.0
CO,2018,9,20,2018-05-20,,0.0,69.0,0.0,0.0,,,89.0
CO,2018,10,21,2018-05-27,,0.0,79.0,0.0,0.0,,,92.0
CO,2018,11,22,2018-06-03,,0.0,86.0,0.0,2.0,,,94.0
CO,2018,12,23,2018-06-10,,0.0,91.0,0.0,11.0,,,95.0
CO,2018,13,24,2018-06-17,,0.0,93.0,0.0,20.0,,,95.0
CO,2018,14,25,2018-06-24,,0.0,96.0,0.0,29.0,,,95.0
CO,2018,15,26,2018-07-01,,1.0,96.0,0.0,50.0,,,95.0
CO,2018,16,27,2018-07-08,,5.0,96.0,0.0,52.0,,,95.0
CO,2018,17,28,2018-07-15,,7.0,96.0,0.0,59.0,,,95.0
CO,2018,18,29,2018-07-22,,18.0,96.0,0.0,80.0,,,95.0
CO,2018,19,30,2018-07-29,,40.0,96.0,0.0,88.0,,,95.0
CO,2018,20,31,2018-08-05,,60.0,96.0,5.0,96.0,,,95.0
CO,2018,21,32,2018-08-12,,76.0,96.0,13.0,96.0,,,95.0
CO,2018,22,33,2018-08-19,,90.0,96.0,42.0,96.0,,,95.0
CO,2018,23,34,2018-08-26,,95.0,96.0,57.0,96.0,,,95.0
CO,2018,24,35,2018-09-02,,95.0,96.0,66.0,96.0,,,95.0
CO,2018,25,36,2018-09-09,,95.0,96.0,79.0,96.0,,,95.0
CO,2018,26,37,2018-09-16,,95.0,96.0,89.0,96.0,,,95.0
CO,2018,27,38,2018-09-23,,95.0,96.0,91.0,96.0,,,95.0
CO,2018,28,39,2018-09-30,,95.0,96.0,95.0,96.0,,,95.0
ID,2016,2,13,2016-04-03,,,0.0,0.0,0.0,,,2.0
ID,2016,3,14,2016-04-10,,,0.0,0.0,0.0,,,30.0
ID,2016,4,15,2016-04-17,,,0.0,0.0,0.0,,,46.0
ID,2016,5,16,2016-04-24,,,14.0,0.0,0.0,,,65.0
ID,2016,6,17,2016-05-01,,,45.0,0.0,0.0,,,75.0
ID,2016,7,18,2016-05-08,,,71.0,0.0,0.0,,,91.0
ID,2016,8,19,2016-05-15,,,86.0,0.0,0.0,,,96.0
ID,2016,9,20,2016-05-22,,,90.0,0.0,0.0,,,100.0
ID,2016,10,21,2016-05-29,,,92.0,0.0,0.0,,,100.0
ID,2016,11,22,2016-06-05,,,96.0,0.0,0.0,,,100.0
ID,2016,12,23,2016-06-12,,,96.0,0.0,8.0,,,100.0
ID,2016,13,24,2016-06-19,,,96.0,0.0,45.0,,,100.0
ID,2016,14,25,2016-06-26,,,96.0,0.0,63.0,,,100.0
ID,2016,15,26,2016-07-03,,,96.0,0.0,78.0,,,100.0
ID,2016,16,27,2016-07-10,,,96.0,0.0,89.0,,,100.0
ID,2016,17,28,2016-07-17,,,96.0,0.0,96.0,,,100.0
ID,2016,18,29,2016-07-24,,,96.0,1.0,96.0,,,100.0
ID,2016,19,30,2016-07-31,,,96.0,6.0,96.0,,,100.0
ID,2016,20,31,2016-08-07,,,96.0,41.0,96.0,,,100.0
ID,2016,21,32,2016-08-14,,,96.0,57.0,96.0,,,100.0
ID,2016,22,33,2016-08-21,,,96.0,60.0,96.0,,,100.0
ID,2016,23,34,2016-08-28,,,96.0,75.0,96.0,,,100.0
ID,2016,24,35,2016-09-04,,,96.0,82.0,96.0,,,100.0
ID,2016,25,36,2016-09-11,,,96.0,93.0,96.0,,,100.0
ID,2016,26,37,2016-09-18,,,96.0,98.0,96.0,,,100.0
ID,2017,1,12,2017-03-26,,,0.0,0.0,0.0,,,3.0
ID,2017,2,13,2017-04-02,,,0.0,0.0,0.0,,,8.0
ID,2017,3,14,2017-04-09,,,0.0,0.0,0.0,,,19.0
ID,2017,4,15,2017-04-16,,,0.0,0.0,0.0,,,28.0
ID,2017,5,16,2017-04-23,,,12.0,0.0,0.0,,,48.0
ID,2017,6,17,2017-04-30,,,21.0,0.0,0.0,,,49.0
ID,2017,7,18,2017-05-07,,,32.0,0.0,0.0,,,58.0
ID,2017,8,19,2017-05-14,,,42.0,0.0,0.0,,,71.0
ID,2017,9,20,2017-05-21,,,58.0,0.0,0.0,,,78.0
ID,2017,10,21,2017-05-28,,,74.0,0.0,0.0,,,87.0
ID,2017,11,22,2017-06-04,,,80.0,0.0,1.0,,,91.0
ID,2017,12,23,2017-06-11,,,84.0,0.0,4.0,,,92.0
ID,2017,13,24,2017-06-18,,,87.0,0.0,23.0,,,95.0
ID,2017,14,25,2017-06-25,,,89.0,0.0,28.0,,,95.0
ID,2017,15,26,2017-07-02,,,90.0,0.0,61.0,,,95.0
ID,2017,16,27,2017-07-09,,,97.0,0.0,70.0,,,95.0
ID,2017,17,28,2017-07-16,,,97.0,0.0,78.0,,,95.0
ID,2017,18,29,2017-07-23,,,97.0,1.0,87.0,,,95.0
ID,2017,19,30,2017-07-30,,,97.0,2.0,90.0,,,95.0
ID,2017,20,31,2017-08-06,,,97.0,12.0,96.0,,,95.0
ID,2017,21,32,2017-08-13,,,97.0,33.0,96.0,,,95.0
ID,2017,22,33,2017-08-20,,,97.0,49.0,96.0,,,95.0
ID,2017,23,34,2017-08-27,,,97.0,68.0,96.0,,,95.0
ID,2017,24,35,2017-09-03,,,97.0,88.0,96.0,,,95.0
ID,2017,25,36,2017-09-10,,,97.0,95.0,96.0,,,95.0
ID,2018,1,12,2018-03-25,,,0.0,0.0,0.0,,,2.0
ID,2018,2,13,2018-04-01,,,0.0,0.0,0.0,,,7.0
ID,2018,3,14,2018-04-08,,,0.0,0.0,0.0,,,11.0
ID,2018,4,15,2018-04-15,,,0.0,0.0,0.0,,,24.0
ID,2018,5,16,2018-04-22,,,0.0,0.0,0.0,,,40.0
ID,2018,6,17,2018-04-29,,,15.0,0.0,0.0,,,64.0
ID,2018,7,18,2018-05-06,,,36.0,0.0,0.0,,,82.0
ID,2018,8,19,2018-05-13,,,58.0,0.0,0.0,,,88.0
ID,2018,9,20,2018-05-20,,,72.0,0.0,0.0,,,94.0
ID,2018,10,21,2018-05-27,,,89.0,0.0,0.0,,,96.0
ID,2018,11,22,2018-06-03,,,91.0,0.0,0.0,,,97.0
ID,2018,12,23,2018-06-10,,,94.0,0.0,4.0,,,97.0
ID,2018,13,24,2018-06-17,,,96.0,0.0,13.0,,,97.0
ID,2018,14,25,2018-06-24,,,96.0,0.0,34.0,,,97.0
ID,2018,15,26,2018-07-01,,,96.0,0.0,55.0,,,97.0
ID,2018,16,27,2018-07-08,,,96.0,0.0,81.0,,,97.0
ID,2018,17,28,2018-07-15,,,96.0,0.0,88.0,,,97.0
ID,2018,18,29,2018-07-22,,,96.0,0.0,91.0,,,97.0
ID,2018,19,30,2018-07-29,,,96.0,1.0,95.0,,,97.0
ID,2018,20,31,2018-08-05,,,96.0,6.0,95.0,,,97.0
ID,2018,21,32,2018-08-12,,,96.0,24.0,95.0,,,97.0
ID,2018,22,33,2018-08-19,,,96.0,47.0,95.0,,,97.0
ID,2018,23,34,2018-08-26,,,96.0,67.0,95.0,,,97.0
ID,2018,24,35,2018-09-02,,,96.0,73.0,95.0,,,97.0
ID,2018,25,36,2018-09-09,,,96.0,89.0,95.0,,,97.0
ID,2018,26,37,2018-09-16,,,96.0,97.0,95.0,,,97.0
ID,2019,1,12,2019-03-24,,,0.0,0.0,0.0,,,0.0
ID,2019,2,13,2019-03-31,,,0.0,0.0,0.0,,,2.0
ID,2019,3,14,2019-04-07,,,0.0,0.0,0.0,,,3.0
ID,2019,4,15,2019-04-14,,,0.0,0.0,0.0,,,18.0
ID,2019,5,16,2019-04-21,,,0.0,0.0,0.0,,,40.0
ID,2019,6,17,2019-04-28,,,10.0,0.0,0.0,,,61.0
ID,2019,7,18,2019-05-05,,,21.0,0.0,0.0,,,72.0
ID,2019,8,19,2019-05-12,,,27.0,0.0,0.0,,,81.0
ID,2019,9,20,2019-05-19,,,58.0,0.0,0.0,,,90.0
ID,2019,10,21,2019-05-26,,,66.0,0.0,0.0,,,93.0
ID,2019,11,22,2019-06-02,,,76.0,0.0,0.0,,,95.0
ID,2019,12,23,2019-06-09,,,93.0,0.0,0.0,,,98.0
ID,2019,13,24,2019-06-16,,,96.0,0.0,5.0,,,98.0
ID,2019,14,25,2019-06-23,,,96.0,0.0,18.0,,,98.0
ID,2019,15,26,2019-06-30,,,96.0,0.0,38.0,,,98.0
ID,2019,16,27,2019-07-07,,,96.0,0.0,73.0,,,98.0
ID,2019,17,28,2019-07-14,,,96.0,0.0,85.0,,,98.0
ID,2019,18,29,2019-07-21,,,96.0,0.0,93.0,,,98.0
ID,2019,19,30,2019-07-28,,,96.0,0.0,95.0,,,98.0
ID,2019,20,31,2019-08-04,,,96.0,1.0,95.0,,,98.0
ID,2019,21,32,2019-08-11,,,96.0,15.0,95.0,,,98.0
ID,2019,22,33,2019-08-18,,,96.0,27.0,95.0,,,98.0
ID,2019,23,34,2019-08-25,,,96.0,45.0,95.0,,,98.0
ID,2019,24,35,2019-09-01,,,96.0,69.0,95.0,,,98.0
ID,2019,25,36,2019-09-08,,,96.0,85.0,95.0,,,98.0
ID,2019,26,37,2019-09-15,,,96.0,89.0,95.0,,,98.0
ID,2019,27,38,2019-09-22,,,96.0,95.0,95.0,,,98.0
ID,2019,28,39,2019-09-29,,,96.0,97.0,95.0,,,98.0
ID,2019,29,40,2019-10-06,,,96.0,99.0,95.0,,,98.0
ID,2020,3,14,2020-04-05,,,0.0,0.0,0.0,,,23.0
ID,2020,4,15,2020-04-12,,,0.0,0.0,0.0,,,42.0
ID,2020,5,16,2020-04-19,,,6.0,0.0,0.0,,,54.0
ID,2020,6,17,2020-04-26,,,14.0,0.0,0.0,,,61.0
ID,2020,7,18,2020-05-03,,,21.0,0.0,0.0,,,78.0
ID,2020,8,19,2020-05-10,,,41.0,0.0,0.0,,,92.0
ID,2020,9,20,2020-05-17,,,72.0,0.0,0.0,,,96.0
ID,2020,10,21,2020-05-24,,,86.0,0.0,0.0,,,98.0
ID,2020,11,22,2020-05-31,,,95.0,0.0,1.0,,,99.0
ID,2020,12,23,2020-06-07,,,96.0,0.0,11.0,,,100.0
ID,2020,13,24,2020-06-14,,,98.0,0.0,20.0,,,100.0
ID,2020,14,25,2020-06-21,,,98.0,0.0,30.0,,,100.0
ID,2020,15,26,2020-06-28,,,98.0,0.0,41.0,,,100.0
ID,2020,16,27,2020-07-05,,,98.0,0.0,66.0,,,100.0
ID,2020,17,28,2020-07-12,,,98.0,0.0,80.0,,,100.0
ID,2020,18,29,2020-07-19,,,98.0,0.0,92.0,,,100.0
ID,2020,19,30,2020-07-26,,,98.0,1.0,98.0,,,100.0
ID,2020,20,31,2020-08-02,,,98.0,7.0,98.0,,,100.0
ID,2020,21,32,2020-08-09,,,98.0,21.0,98.0,,,100.0
ID,2020,22,33,2020-08-16,,,98.0,43.0,98.0,,,100.0
ID,2020,23,34,2020-08-23,,,98.0,52.0,98.0,,,100.0
ID,2020,24,35,2020-08-30,,,98.0,72.0,98.0,,,100.0
ID,2020,25,36,2020-09-06,,,98.0,86.0,98.0,,,100.0
ID,2020,26,37,2020-09-13,,,98.0,94.0,98.0,,,100.0
ID,2020,27,38,2020-09-20,,,98.0,98.0,98.0,,,100.0
ID,2021,1,12,2021-03-28,,,0.0,0.0,0.0,,,12.0
ID,2021,2,13,2021-04-04,,,0.0,0.0,0.0,,,16.0
ID,2021,3,14,2021-04-11,,,0.0,0.0,0.0,,,26.0
ID,2021,4,15,2021-04-18,,,4.0,0.0,0.0,,,46.0
ID,2021,5,16,2021-04-25,,,30.0,0.0,0.0,,,64.0
ID,2021,6,17,2021-05-02,,,42.0,0.0,0.0,,,81.0
ID,2021,7,18,2021-05-09,,,55.0,0.0,0.0,,,93.0
ID,2021,8,19,2021-05-16,,,72.0,0.0,0.0,,,98.0
ID,2021,9,20,2021-05-23,,,82.0,0.0,0.0,,,99.0
ID,2021,10,21,2021-05-30,,,94.0,0.0,0.0,,,100.0
ID,2021,11,22,2021-06-06,,,99.0,0.0,2.0,,,100.0
ID,2021,12,23,2021-06-13,,,100.0,0.0,8.0,,,100.0
ID,2021,13,24,2021-06-20,,,100.0,0.0,22.0,,,100.0
ID,2021,14,25,2021-06-27,,,100.0,0.0,40.0,,,100.0
ID,2021,15,26,2021-07-04,,,100.0,0.0,59.0,,,100.0
ID,2021,16,27,2021-07-11,,,100.0,0.0,85.0,,,100.0
ID,2021,17,28,2021-07-18,,,100.0,0.0,95.0,,,100.0
ID,2021,18,29,2021-07-25,,,100.0,2.0,99.0,,,100.0
ID,2021,19,30,2021-08-01,,,100.0,9.0,99.0,,,100.0
ID,2021,20,31,2021-08-08,,,100.0,37.0,99.0,,,100.0
ID,2021,21,32,2021-08-15,,,100.0,57.0,99.0,,,100.0
ID,2021,22,33,2021-08-22,,,100.0,71.0,99.0,,,100.0
ID,2021,23,34,2021-08-29,,,100.0,86.0,99.0,,,100.0
ID,2021,24,35,2021-09-05,,,100.0,90.0,99.0,,,100.0
ID,2021,25,36,2021-09-12,,,100.0,95.0,99.0,,,100.0
ID,2022,2,13,2022-04-03,,,0.0,0.0,0.0,,,7.0
ID,2022,3,14,2022-04-10,,,0.0,0.0,0.0,,,23.0
ID,2022,4,15,2022-04-17,,,2.0,0.0,0.0,,,28.0
ID,2022,5,16,2022-04-24,,,10.0,0.0,0.0,,,37.0
ID,2022,6,17,2022-05-01,,,28.0,0.0,0.0,,,57.0
ID,2022,7,18,2022-05-08,,,39.0,0.0,0.0,,,72.0
ID,2022,8,19,2022-05-15,,,58.0,0.0,0.0,,,85.0
ID,2022,9,20,2022-05-22,,,65.0,0.0,0.0,,,90.0
ID,2022,10,21,2022-05-29,,,75.0,0.0,0.0,,,96.0
ID,2022,11,22,2022-06-05,,,83.0,0.0,1.0,,,98.0
ID,2022,12,23,2022-06-12,,,92.0,0.0,4.0,,,100.0
ID,2022,13,24,2022-06-19,,,95.0,0.0,9.0,,,100.0
ID,2022,14,25,2022-06-26,,,99.0,0.0,29.0,,,100.0
ID,2022,15,26,2022-07-03,,,99.0,0.0,58.0,,,100.0
ID,2022,16,27,2022-07-10,,,99.0,0.0,83.0,,,100.0
ID,2022,17,28,2022-07-17,,,99.0,0.0,95.0,,,100.0
ID,2022,18,29,2022-07-24,,,99.0,0.0,97.0,,,100.0
ID,2022,19,30,2022-07-31,,,99.0,5.0,99.0,,,100.0
ID,2022,20,31,2022-08-07,,,99.0,8.0,99.0,,,100.0
ID,2022,21,32,2022-08-14,,,99.0,14.0,99.0,,,100.0
ID,2022,22,33,2022-08-21,,,99.0,27.0,99.0,,,100.0
ID,2022,23,34,2022-08-28,,,99.0,50.0,99.0,,,100.0
ID,2022,24,35,2022-09-04,,,99.0,74.0,99.0,,,100.0
ID,2022,25,36,2022-09-11,,,99.0,86.0,99.0,,,100.0
ID,2022,26,37,2022-09-18,,,99.0,93.0,99.0,,,100.0
ID,2022,27,38,2022-09-25,,,99.0,97.0,99.0,,,100.0
ID,2023,2,13,2023-04-02,,,0.0,0.0,0.0,,,0.0
ID,2023,3,14,2023-04-09,,,0.0,0.0,0.0,,,2.0
ID,2023,4,15,2023-04-16,,,0.0,0.0,0.0,,,25.0
ID,2023,5,16,2023-04-23,,,1.0,0.0,0.0,,,26.0
ID,2023,6,17,2023-04-30,,,12.0,0.0,0.0,,,45.0
ID,2023,7,18,2023-05-07,,,38.0,0.0,0.0,,,63.0
ID,2023,8,19,2023-05-14,,,46.0,0.0,0.0,,,76.0
ID,2023,9,20,2023-05-21,,,65.0,0.0,0.0,,,90.0
ID,2023,10,21,2023-05-28,,,84.0,0.0,0.0,,,99.0
ID,2023,11,22,2023-06-04,,,93.0,0.0,2.0,,,100.0
ID,2023,12,23,2023-06-11,,,95.0,0.0,4.0,,,100.0
ID,2023,13,24,2023-06-18,,,97.0,0.0,9.0,,,100.0
ID,2023,14,25,2023-06-25,,,97.0,0.0,27.0,,,100.0
ID,2023,15,26,2023-07-02,,,97.0,0.0,62.0,,,100.0
ID,2023,16,27,2023-07-09,,,97.0,0.0,84.0,,,100.0
ID,2023,17,28,2023-07-16,,,97.0,0.0,95.0,,,100.0
ID,2023,18,29,2023-07-23,,,97.0,1.0,98.0,,,100.0
ID,2023,19,30,2023-07-30,,,97.0,3.0,100.0,,,100.0
ID,2023,20,31,2023-08-06,,,97.0,4.0,100.0,,,100.0
ID,2023,21,32,2023-08-13,,,97.0,6.0,100.0,,,100.0
ID,2023,22,33,2023-08-20,,,97.0,27.0,100.0,,,100.0
ID,2023,23,34,2023-08-27,,,97.0,44.0,100.0,,,100.0
ID,2023,24,35,2023-09-03,,,97.0,63.0,100.0,,,100.0
ID,2023,25,36,2023-09-10,,,97.0,76.0,100.0,,,100.0
ID,2023,26,37,2023-09-17,,,97.0,87.0,100.0,,,100.0
ID,2023,27,38,2023-09-24,,,97.0,93.0,100.0,,,100.0
ID,2023,28,39,2023-10-01,,,97.0,99.0,100.0,,,100.0
ID,2024,2,13,2024-03-31,,,0.0,0.0,0.0,,,8.0
ID,2024,3,14,2024-04-07,,,0.0,0.0,0.0,,,25.0
ID,2024,4,15,2024-04-14,,,5.0,0.0,0.0,,,39.0
ID,2024,5,16,2024-04-21,,,10.0,0.0,0.0,,,55.0
ID,2024,6,17,2024-04-28,,,30.0,0.0,0.0,,,72.0
ID,2024,7,18,2024-05-05,,,51.0,0.0,0.0,,,82.0
ID,2024,8,19,2024-05-12,,,65.0,0.0,0.0,,,88.0
ID,2024,9,20,2024-05-19,,,75.0,0.0,0.0,,,93.0
ID,2024,10,21,2024-05-26,,,79.0,0.0,0.0,,,96.0
ID,2024,11,22,2024-06-02,,,94.0,0.0,0.0,,,100.0
ID,2024,12,23,2024-06-09,,,96.0,0.0,1.0,,,100.0
ID,2024,13,24,2024-06-16,,,98.0,0.0,4.0,,,100.0
ID,2024,14,25,2024-06-23,,,98.0,0.0,18.0,,,100.0
ID,2024,15,26,2024-06-30,,,98.0,0.0,39.0,,,100.0
ID,2024,16,27,2024-07-07,,,98.0,0.0,74.0,,,100.0
ID,2024,17,28,2024-07-14,,,98.0,0.0,81.0,,,100.0
ID,2024,18,29,2024-07-21,,,98.0,0.0,91.0,,,100.0
ID,2024,19,30,2024-07-28,,,98.0,0.0,96.0,,,100.0
ID,2024,20,31,2024-08-04,,,98.0,2.0,100.0,,,100.0
ID,2024,21,32,2024-08-11,,,98.0,17.0,100.0,,,100.0
ID,2024,22,33,2024-08-18,,,98.0,24.0,100.0,,,100.0
ID,2024,23,34,2024-08-25,,,98.0,43.0,100.0,,,100.0
ID,2024,24,35,2024-09-01,,,98.0,77.0,100.0,,,100.0
ID,2024,25,36,2024-09-08,,,98.0,88.0,100.0,,,100.0
ID,2024,26,37,2024-09-15,,,98.0,95.0,100.0,,,100.0
ID,2024,27,38,2024-09-22,,,98.0,97.0,100.0,,,100.0
ID,2025,3,14,2025-04-06,,,2.0,0.0,0.0,,,21.0
ID,2025,4,15,2025-04-13,,,5.0,0.0,0.0,,,38.0
ID,2025,5,16,2025-04-20,,,15.0,0.0,0.0,,,54.0
ID,2025,6,17,2025-04-27,,,28.0,0.0,0.0,,,71.0
ID,2025,7,18,2025-05-04,,,50.0,0.0,0.0,,,86.0
ID,2025,8,19,2025-05-11,,,71.0,0.0,0.0,,,97.0
ID,2025,9,20,2025-05-18,,,77.0,0.0,0.0,,,99.0
ID,2025,10,21,2025-05-25,,,90.0,0.0,0.0,,,100.0
ID,2025,11,22,2025-06-01,,,97.0,0.0,1.0,,,100.0
ID,2025,12,23,2025-06-08,,,98.0,0.0,3.0,,,100.0
ID,2025,13,24,2025-06-15,,,100.0,0.0,12.0,,,100.0
ID,2025,14,25,2025-06-22,,,100.0,0.0,35.0,,,100.0
ID,2025,15,26,2025-06-29,,,100.0,0.0,58.0,,,100.0
ID,2025,16,27,2025-07-06,,,100.0,0.0,83.0,,,100.0
ID,2025,17,28,2025-07-13,,,100.0,0.0,95.0,,,100.0
ID,2025,18,29,2025-07-20,,,100.0,1.0,99.0,,,100.0
ID,2025,19,30,2025-07-27,,,100.0,4.0,100.0,,,100.0
ID,2025,20,31,2025-08-03,,,100.0,9.0,100.0,,,100.0
ID,2025,21,32,2025-08-10,,,100.0,21.0,100.0,,,100.0
ID,2025,22,33,2025-08-17,,,100.0,45.0,100.0,,,100.0
ID,2025,23,34,2025-08-24,,,100.0,65.0,100.0,,,100.0
ID,2025,24,35,2025-08-31,,,100.0,86.0,100.0,,,100.0
ID,2025,25,36,2025-09-07,,,100.0,93.0,100.0,,,100.0
ID,2025,26,37,2025-09-14,,,100.0,97.0,100.0,,,100.0
ID,2025,27,38,2025-09-21,,,100.0,99.0,100.0,,,100.0
MN,2016,2,13,2016-04-03,,0.0,0.0,0.0,0.0,0.0,,1.0
MN,2016,3,14,2016-04-10,,0.0,0.0,0.0,0.0,0.0,,5.0
MN,2016,4,15,2016-04-17,,0.0,0.0,0.0,0.0,0.0,,23.0
MN,2016,5,16,2016-04-24,,0.0,9.0,0.0,0.0,0.0,,46.0
MN,2016,6,17,2016-05-01,,0.0,27.0,0.0,0.0,0.0,,63.0
MN,2016,7,18,2016-05-08,,0.0,48.0,0.0,0.0,3.0,,87.0
MN,2016,8,19,2016-05-15,,0.0,78.0,0.0,0.0,5.0,,96.0
MN,2016,9,20,2016-05-22,,0.0,90.0,0.0,0.0,15.0,,98.0
MN,2016,10,21,2016-05-29,,0.0,99.0,0.0,0.0,44.0,,98.0
MN,2016,11,22,2016-06-05,,0.0,100.0,0.0,2.0,59.0,,98.0
MN,2016,12,23,2016-06-12,,0.0,100.0,0.0,12.0,75.0,,98.0
MN,2016,13,24,2016-06-19,,1.0,100.0,0.0,48.0,82.0,,98.0
MN,2016,14,25,2016-06-26,,6.0,100.0,0.0,72.0,91.0,,98.0
MN,2016,15,26,2016-07-03,,16.0,100.0,0.0,87.0,98.0,,98.0
MN,2016,16,27,2016-07-10,,41.0,100.0,0.0,94.0,98.0,,98.0
MN,2016,17,28,2016-07-17,,61.0,100.0,0.0,97.0,98.0,,98.0
MN,2016,18,29,2016-07-24,,86.0,100.0,3.0,97.0,98.0,,98.0
MN,2016,19,30,2016-07-31,,99.0,100.0,13.0,97.0,98.0,,98.0
MN,2016,20,31,2016-08-07,,99.0,100.0,42.0,97.0,98.0,,98.0
MN,2016,21,32,2016-08-14,,99.0,100.0,57.0,97.0,98.0,,98.0
MN,2016,22,33,2016-08-21,,99.0,100.0,77.0,97.0,98.0,,98.0
MN,2016,23,34,2016-08-28,,99.0,100.0,88.0,97.0,98.0,,98.0
MN,2016,24,35,2016-09-04,,99.0,100.0,98.0,97.0,98.0,,98.0
MN,2016,25,36,2016-09-11,,99.0,100.0,100.0,97.0,98.0,,98.0
MN,2016,26,37,2016-09-18,,99.0,100.0,100.0,97.0,98.0,,98.0
MN,2017,2,13,2017-04-02,,0.0,0.0,0.0,0.0,0.0,,0.0
MN,2017,3,14,2017-04-09,,0.0,0.0,0.0,0.0,0.0,,2.0
MN,2017,4,15,2017-04-16,,0.0,0.0,0.0,0.0,0.0,,9.0
MN,2017,5,16,2017-04-23,,0.0,2.0,0.0,0.0,0.0,,14.0
MN,2017,6,17,2017-04-30,,0.0,5.0,0.0,0.0,0.0,,21.0
MN,2017,7,18,2017-05-07,,0.0,16.0,0.0,0.0,0.0,,65.0
MN,2017,8,19,2017-05-14,,0.0,36.0,0.0,0.0,1.0,,93.0
MN,2017,9,20,2017-05-21,,0.0,75.0,0.0,0.0,5.0,,99.0
MN,2017,10,21,2017-05-28,,0.0,97.0,0.0,0.0,16.0,,100.0
MN,2017,11,22,2017-06-04,,0.0,100.0,0.0,0.0,31.0,,100.0
MN,2017,12,23,2017-06-11,,0.0,100.0,0.0,2.0,39.0,,100.0
MN,2017,13,24,2017-06-18,,0.0,100.0,0.0,22.0,71.0,,100.0
MN,2017,14,25,2017-06-25,,0.0,100.0,0.0,42.0,87.0,,100.0
MN,2017,15,26,2017-07-02,,2.0,100.0,0.0,72.0,98.0,,100.0
MN,2017,16,27,2017-07-09,,15.0,100.0,0.0,95.0,98.0,,100.0
MN,2017,17,28,2017-07-16,,36.0,100.0,0.0,100.0,98.0,,100.0
MN,2017,18,29,2017-07-23,,52.0,100.0,0.0,100.0,98.0,,100.0
MN,2017,19,30,2017-07-30,,86.0,100.0,3.0,100.0,98.0,,100.0
MN,2017,20,31,2017-08-06,,99.0,100.0,9.0,100.0,98.0,,100.0
MN,2017,21,32,2017-08-13,,99.0,100.0,26.0,100.0,98.0,,100.0
MN,2017,22,33,2017-08-20,,99.0,100.0,42.0,100.0,98.0,,100.0
MN,2017,23,34,2017-08-27,,99.0,100.0,65.0,100.0,98.0,,100.0
MN,2017,24,35,2017-09-03,,99.0,100.0,89.0,100.0,98.0,,100.0
MN,2017,25,36,2017-09-10,,99.0,100.0,97.0,100.0,98.0,,100.0
MN,2018,3,14,2018-04-08,,0.0,0.0,0.0,0.0,0.0,,0.0
MN,2018,4,15,2018-04-15,,0.0,0.0,0.0,0.0,0.0,,0.0
MN,2018,5,16,2018-04-22,,0.0,0.0,0.0,0.0,0.0,,0.0
MN,2018,6,17,2018-04-29,,0.0,0.0,0.0,0.0,0.0,,2.0
MN,2018,7,18,2018-05-06,,0.0,0.0,0.0,0.0,0.0,,27.0
MN,2018,8,19,2018-05-13,,0.0,11.0,0.0,0.0,0.0,,59.0
MN,2018,9,20,2018-05-20,,0.0,40.0,0.0,0.0,1.0,,85.0
MN,2018,10,21,2018-05-27,,0.0,68.0,0.0,0.0,3.0,,93.0
MN,2018,11,22,2018-06-03,,0.0,87.0,0.0,0.0,9.0,,97.0
MN,2018,12,23,2018-06-10,,0.0,98.0,0.0,0.0,34.0,,97.0
MN,2018,13,24,2018-06-17,,0.0,99.0,0.0,6.0,63.0,,97.0
MN,2018,14,25,2018-06-24,,0.0,100.0,0.0,36.0,89.0,,97.0
MN,2018,15,26,2018-07-01,,6.0,100.0,0.0,73.0,98.0,,97.0
MN,2018,16,27,2018-07-08,,11.0,100.0,0.0,92.0,98.0,,97.0
MN,2018,17,28,2018-07-15,,44.0,100.0,0.0,99.0,98.0,,97.0
MN,2018,18,29,2018-07-22,,74.0,100.0,0.0,100.0,98.0,,97.0
MN,2018,19,30,2018-07-29,,89.0,100.0,1.0,100.0,98.0,,97.0
MN,2018,20,31,2018-08-05,,95.0,100.0,13.0,100.0,98.0,,97.0
MN,2018,21,32,2018-08-12,,95.0,100.0,47.0,100.0,98.0,,97.0
MN,2018,22,33,2018-08-19,,95.0,100.0,76.0,100.0,98.0,,97.0
MN,2018,23,34,2018-08-26,,95.0,100.0,94.0,100.0,98.0,,97.0
MN,2018,24,35,2018-09-02,,95.0,100.0,98.0,100.0,98.0,,97.0
MN,2018,25,36,2018-09-09,,95.0,100.0,99.0,100.0,98.0,,97.0
MN,2018,26,37,2018-09-16,,95.0,100.0,100.0,100.0,98.0,,97.0
MN,2019,3,14,2019-04-07,,0.0,0.0,0.0,0.0,0.0,,0.0
MN,2019,4,15,2019-04-14,,0.0,0.0,0.0,0.0,0.0,,0.0
MN,2019,5,16,2019-04-21,,0.0,0.0,0.0,0.0,0.0,,0.0
MN,2019,6,17,2019-04-28,,0.0,0.0,0.0,0.0,0.0,,2.0
MN,2019,7,18,2019-05-05,,0.0,0.0,0.0,0.0,0.0,,7.0
MN,2019,8,19,2019-05-12,,0.0,2.0,0.0,0.0,0.0,,35.0
MN,2019,9,20,2019-05-19,,0.0,17.0,0.0,0.0,0.0,,76.0
MN,2019,10,21,2019-05-26,,0.0,51.0,0.0,0.0,0.0,,87.0
MN,2019,11,22,2019-06-02,,0.0,73.0,0.0,0.0,10.0,,95.0
MN,2019,12,23,2019-06-09,,0.0,87.0,0.0,0.0,19.0,,97.0
MN,2019,13,24,2019-06-16,,0.0,99.0,0.0,1.0,39.0,,97.0
MN,2019,14,25,2019-06-23,,0.0,99.0,0.0,14.0,67.0,,97.0
MN,2019,15,26,2019-06-30,,0.0,99.0,0.0,36.0,83.0,,97.0
MN,2019,16,27,2019-07-07,,0.0,99.0,0.0,75.0,97.0,,97.0
MN,2019,17,28,2019-07-14,,20.0,99.0,0.0,96.0,97.0,,97.0
MN,2019,18,29,2019-07-21,,48.0,99.0,0.0,100.0,97.0,,97.0
MN,2019,19,30,2019-07-28,,79.0,99.0,0.0,100.0,97.0,,97.0
MN,2019,20,31,2019-08-04,,92.0,99.0,1.0,100.0,97.0,,97.0
MN,2019,21,32,2019-08-11,,97.0,99.0,8.0,100.0,97.0,,97.0
MN,2019,22,33,2019-08-18,,97.0,99.0,14.0,100.0,97.0,,97.0
MN,2019,23,34,2019-08-25,,97.0,99.0,45.0,100.0,97.0,,97.0
MN,2019,24,35,2019-09-01,,97.0,99.0,65.0,100.0,97.0,,97.0
MN,2019,25,36,2019-09-08,,97.0,99.0,78.0,100.0,97.0,,97.0
MN,2019,26,37,2019-09-15,,97.0,99.0,83.0,100.0,97.0,,97.0
MN,2019,27,38,2019-09-22,,97.0,99.0,94.0,100.0,97.0,,97.0
MN,2019,28,39,2019-09-29,,97.0,99.0,97.0,100.0,97.0,,97.0
MN,2019,29,40,2019-10-06,,97.0,99.0,98.0,100.0,97.0,,97.0
MN,2020,3,14,2020-04-05,,0.0,0.0,0.0,0.0,0.0,,0.0
MN,2020,4,15,2020-04-12,,0.0,0.0,0.0,0.0,0.0,,0.0
MN,2020,5,16,2020-04-19,,0.0,0.0,0.0,0.0,0.0,,1.0
MN,2020,6,17,2020-04-26,,0.0,0.0,0.0,0.0,0.0,,6.0
MN,2020,7,18,2020-05-03,,0.0,4.0,0.0,0.0,0.0,,21.0
MN,2020,8,19,2020-05-10,,0.0,11.0,0.0,0.0,0.0,,40.0
MN,2020,9,20,2020-05-17,,0.0,29.0,0.0,0.0,1.0,,70.0
MN,2020,10,21,2020-05-24,,0.0,51.0,0.0,0.0,3.0,,86.0
MN,2020,11,22,2020-05-31,,0.0,71.0,0.0,0.0,17.0,,97.0
MN,2020,12,23,2020-06-07,,0.0,96.0,0.0,0.0,37.0,,98.0
MN,2020,13,24,2020-06-14,,0.0,97.0,0.0,2.0,48.0,,98.0
MN,2020,14,25,2020-06-21,,0.0,97.0,0.0,12.0,74.0,,98.0
MN,2020,15,26,2020-06-28,,1.0,97.0,0.0,45.0,98.0,,98.0
MN,2020,16,27,2020-07-05,,3.0,97.0,0.0,85.0,98.0,,98.0
MN,2020,17,28,2020-07-12,,19.0,97.0,0.0,94.0,98.0,,98.0
MN,2020,18,29,2020-07-19,,32.0,97.0,0.0,98.0,98.0,,98.0
MN,2020,19,30,2020-07-26,,72.0,97.0,1.0,100.0,98.0,,98.0
MN,2020,20,31,2020-08-02,,93.0,97.0,7.0,100.0,98.0,,98.0
MN,2020,21,32,2020-08-09,,98.0,97.0,19.0,100.0,98.0,,98.0
MN,2020,22,33,2020-08-16,,98.0,97.0,31.0,100.0,98.0,,98.0
MN,2020,23,34,2020-08-23,,98.0,97.0,54.0,100.0,98.0,,98.0
MN,2020,24,35,2020-08-30,,98.0,97.0,85.0,100.0,98.0,,98.0
MN,2020,25,36,2020-09-06,,98.0,97.0,94.0,100.0,98.0,,98.0
MN,2020,26,37,2020-09-13,,98.0,97.0,97.0,100.0,98.0,,98.0
MN,2020,27,38,2020-09-20,,98.0,97.0,99.0,100.0,98.0,,98.0
MN,2021,2,13,2021-04-04,,0.0,0.0,0.0,0.0,0.0,,1.0
MN,2021,3,14,2021-04-11,,0.0,0.0,0.0,0.0,0.0,,7.0
MN,2021,4,15,2021-04-18,,0.0,0.0,0.0,0.0,0.0,,10.0
MN,2021,5,16,2021-04-25,,0.0,1.0,0.0,0.0,0.0,,19.0
MN,2021,6,17,2021-05-02,,0.0,19.0,0.0,0.0,0.0,,72.0
MN,2021,7,18,2021-05-09,,0.0,50.0,0.0,0.0,1.0,,97.0
MN,2021,8,19,2021-05-16,,0.0,84.0,0.0,0.0,13.0,,99.0
MN,2021,9,20,2021-05-23,,0.0,93.0,0.0,0.0,26.0,,100.0
MN,2021,10,21,2021-05-30,,0.0,97.0,0.0,0.0,42.0,,100.0
MN,2021,11,22,2021-06-06,,0.0,100.0,0.0,0.0,50.0,,100.0
MN,2021,12,23,2021-06-13,,0.0,100.0,0.0,19.0,66.0,,100.0
MN,2021,13,24,2021-06-20,,0.0,100.0,0.0,62.0,90.0,,100.0
MN,2021,14,25,2021-06-27,,2.0,100.0,0.0,84.0,95.0,,100.0
MN,2021,15,26,2021-07-04,,21.0,100.0,0.0,97.0,95.0,,100.0
MN,2021,16,27,2021-07-11,,54.0,100.0,0.0,100.0,95.0,,100.0
MN,2021,17,28,2021-07-18,,90.0,100.0,1.0,100.0,95.0,,100.0
MN,2021,18,29,2021-07-25,,95.0,100.0,3.0,100.0,95.0,,100.0
MN,2021,19,30,2021-08-01,,99.0,100.0,32.0,100.0,95.0,,100.0
MN,2021,20,31,2021-08-08,,99.0,100.0,76.0,100.0,95.0,,100.0
MN,2021,21,32,2021-08-15,,99.0,100.0,92.0,100.0,95.0,,100.0
MN,2021,22,33,2021-08-22,,99.0,100.0,98.0,100.0,95.0,,100.0
MN,2021,23,34,2021-08-29,,99.0,100.0,99.0,100.0,95.0,,100.0
MN,2021,24,35,2021-09-05,,99.0,100.0,100.0,100.0,95.0,,100.0
MN,2022,2,13,2022-04-03,,0.0,0.0,0.0,0.0,0.0,,0.0
MN,2022,3,14,2022-04-10,,0.0,0.0,0.0,0.0,0.0,,0.0
MN,2022,4,15,2022-04-17,,0.0,0.0,0.0,0.0,0.0,,0.0
MN,2022,5,16,2022-04-24,,0.0,0.0,0.0,0.0,0.0,,0.0
MN,2022,6,17,2022-05-01,,0.0,0.0,0.0,0.0,0.0,,1.0
MN,2022,7,18,2022-05-08,,0.0,0.0,0.0,0.0,0.0,,2.0
MN,2022,8,19,2022-05-15,,0.0,1.0,0.0,0.0,0.0,,5.0
MN,2022,9,20,2022-05-22,,0.0,4.0,0.0,0.0,0.0,,11.0
MN,2022,10,21,2022-05-29,,0.0,10.0,0.0,0.0,0.0,,53.0
MN,2022,11,22,2022-06-05,,0.0,33.0,0.0,0.0,1.0,,65.0
MN,2022,12,23,2022-06-12,,0.0,65.0,0.0,0.0,7.0,,92.0
MN,2022,13,24,2022-06-19,,0.0,93.0,0.0,0.0,49.0,,98.0
MN,2022,14,25,2022-06-26,,0.0,100.0,0.0,1.0,65.0,,98.0
MN,2022,15,26,2022-07-03,,0.0,100.0,0.0,5.0,86.0,,98.0
MN,2022,16,27,2022-07-10,,0.0,100.0,0.0,34.0,90.0,,98.0
MN,2022,17,28,2022-07-17,,11.0,100.0,0.0,71.0,97.0,,98.0
MN,2022,18,29,2022-07-24,,21.0,100.0,0.0,94.0,97.0,,98.0
MN,2022,19,30,2022-07-31,,45.0,100.0,1.0,100.0,97.0,,98.0
MN,2022,20,31,2022-08-07,,70.0,100.0,2.0,100.0,97.0,,98.0
MN,2022,21,32,2022-08-14,,91.0,100.0,12.0,100.0,97.0,,98.0
MN,2022,22,33,2022-08-21,,96.0,100.0,30.0,100.0,97.0,,98.0
MN,2022,23,34,2022-08-28,,100.0,100.0,44.0,100.0,97.0,,98.0
MN,2022,24,35,2022-09-04,,100.0,100.0,57.0,100.0,97.0,,98.0
MN,2022,25,36,2022-09-11,,100.0,100.0,75.0,100.0,97.0,,98.0
MN,2022,26,37,2022-09-18,,100.0,100.0,92.0,100.0,97.0,,98.0
MN,2022,27,38,2022-09-25,,100.0,100.0,98.0,100.0,97.0,,98.0
MN,2023,2,13,2023-04-02,,0.0,0.0,0.0,0.0,0.0,,0.0
MN,2023,3,14,2023-04-09,,0.0,0.0,0.0,0.0,0.0,,0.0
MN,2023,4,15,2023-04-16,,0.0,0.0,0.0,0.0,0.0,,0.0
MN,2023,5,16,2023-04-23,,0.0,0.0,0.0,0.0,0.0,,0.0
MN,2023,6,17,2023-04-30,,0.0,0.0,0.0,0.0,0.0,,0.0
MN,2023,7,18,2023-05-07,,0.0,0.0,0.0,0.0,0.0,,7.0
MN,2023,8,19,2023-05-14,,0.0,3.0,0.0,0.0,0.0,,28.0
MN,2023,9,20,2023-05-21,,0.0,30.0,0.0,0.0,0.0,,74.0
MN,2023,10,21,2023-05-28,,0.0,65.0,0.0,0.0,0.0,,97.0
MN,2023,11,22,2023-06-04,,0.0,87.0,0.0,0.0,4.0,,98.0
MN,2023,12,23,2023-06-11,,0.0,96.0,0.0,0.0,45.0,,99.0
MN,2023,13,24,2023-06-18,,0.0,99.0,0.0,4.0,70.0,,99.0
MN,2023,14,25,2023-06-25,,0.0,99.0,0.0,33.0,86.0,,99.0
MN,2023,15,26,2023-07-02,,1.0,99.0,0.0,67.0,95.0,,99.0
MN,2023,16,27,2023-07-09,,16.0,99.0,0.0,90.0,98.0,,99.0
MN,2023,17,28,2023-07-16,,41.0,99.0,0.0,95.0,98.0,,99.0
MN,2023,18,29,2023-07-23,,68.0,99.0,1.0,97.0,98.0,,99.0
MN,2023,19,30,2023-07-30,,84.0,99.0,1.0,100.0,98.0,,99.0
MN,2023,20,31,2023-08-06,,91.0,99.0,13.0,100.0,98.0,,99.0
MN,2023,21,32,2023-08-13,,97.0,99.0,28.0,100.0,98.0,,99.0
MN,2023,22,33,2023-08-20,,97.0,99.0,41.0,100.0,98.0,,99.0
MN,2023,23,34,2023-08-27,,97.0,99.0,57.0,100.0,98.0,,99.0
MN,2023,24,35,2023-09-03,,97.0,99.0,85.0,100.0,98.0,,99.0
MN,2023,25,36,2023-09-10,,97.0,99.0,94.0,100.0,98.0,,99.0
MN,2023,26,37,2023-09-17,,97.0,99.0,98.0,100.0,98.0,,99.0
MN,2023,27,38,2023-09-24,,97.0,99.0,100.0,100.0,98.0,,99.0
MN,2024,2,13,2024-03-31,,0.0,0.0,0.0,0.0,0.0,,0.0
MN,2024,3,14,2024-04-07,,0.0,0.0,0.0,0.0,0.0,,2.0
MN,2024,4,15,2024-04-14,,0.0,0.0,0.0,0.0,0.0,,3.0
MN,2024,5,16,2024-04-21,,0.0,2.0,0.0,0.0,0.0,,18.0
MN,2024,6,17,2024-04-28,,0.0,5.0,0.0,0.0,0.0,,48.0
MN,2024,7,18,2024-05-05,,0.0,18.0,0.0,0.0,0.0,,51.0
MN,2024,8,19,2024-05-12,,0.0,40.0,0.0,0.0,1.0,,71.0
MN,2024,9,20,2024-05-19,,0.0,67.0,0.0,0.0,12.0,,91.0
MN,2024,10,21,2024-05-26,,0.0,82.0,0.0,0.0,30.0,,96.0
MN,2024,11,22,2024-06-02,,0.0,93.0,0.0,1.0,45.0,,98.0
MN,2024,12,23,2024-06-09,,0.0,96.0,0.0,1.0,58.0,,99.0
MN,2024,13,24,2024-06-16,,0.0,98.0,0.0,3.0,75.0,,99.0
MN,2024,14,25,2024-06-23,,0.0,98.0,0.0,25.0,97.0,,99.0
MN,2024,15,26,2024-06-30,,0.0,98.0,0.0,61.0,97.0,,99.0
MN,2024,16,27,2024-07-07,,3.0,98.0,0.0,76.0,97.0,,99.0
MN,2024,17,28,2024-07-14,,23.0,98.0,0.0,93.0,97.0,,99.0
MN,2024,18,29,2024-07-21,,43.0,98.0,0.0,97.0,97.0,,99.0
MN,2024,19,30,2024-07-28,,66.0,98.0,2.0,99.0,97.0,,99.0
MN,2024,20,31,2024-08-04,,86.0,98.0,3.0,100.0,97.0,,99.0
MN,2024,21,32,2024-08-11,,95.0,98.0,9.0,100.0,97.0,,99.0
MN,2024,22,33,2024-08-18,,98.0,98.0,31.0,100.0,97.0,,99.0
MN,2024,23,34,2024-08-25,,100.0,98.0,54.0,100.0,97.0,,99.0
MN,2024,24,35,2024-09-01,,100.0,98.0,75.0,100.0,97.0,,99.0
MN,2024,25,36,2024-09-08,,100.0,98.0,89.0,100.0,97.0,,99.0
MN,2024,26,37,2024-09-15,,100.0,98.0,99.0,100.0,97.0,,99.0
MN,2024,27,38,2024-09-22,,100.0,98.0,100.0,100.0,97.0,,99.0
MN,2025,3,14,2025-04-06,,0.0,0.0,0.0,0.0,0.0,,0.0
MN,2025,4,15,2025-04-13,,0.0,0.0,0.0,0.0,0.0,,1.0
MN,2025,5,16,2025-04-20,,0.0,0.0,0.0,0.0,0.0,,3.0
MN,2025,6,17,2025-04-27,,0.0,0.0,0.0,0.0,0.0,,14.0
MN,2025,7,18,2025-05-04,,0.0,5.0,0.0,0.0,0.0,,30.0
MN,2025,8,19,2025-05-11,,0.0,20.0,0.0,0.0,1.0,,67.0
MN,2025,9,20,2025-05-18,,0.0,56.0,0.0,0.0,1.0,,93.0
MN,2025,10,21,2025-05-25,,0.0,80.0,0.0,0.0,6.0,,97.0
MN,2025,11,22,2025-06-01,,0.0,95.0,0.0,0.0,18.0,,100.0
MN,2025,12,23,2025-06-08,,0.0,100.0,0.0,0.0,42.0,,100.0
MN,2025,13,24,2025-06-15,,0.0,100.0,0.0,0.0,47.0,,100.0
MN,2025,14,25,2025-06-22,,0.0,100.0,0.0,7.0,57.0,,100.0
MN,2025,15,26,2025-06-29,,0.0,100.0,0.0,38.0,86.0,,100.0
MN,2025,16,27,2025-07-06,,4.0,100.0,0.0,59.0,96.0,,100.0
MN,2025,17,28,2025-07-13,,18.0,100.0,0.0,86.0,96.0,,100.0
MN,2025,18,29,2025-07-20,,47.0,100.0,0.0,99.0,96.0,,100.0
MN,2025,19,30,2025-07-27,,75.0,100.0,0.0,100.0,96.0,,100.0
MN,2025,20,31,2025-08-03,,90.0,100.0,5.0,100.0,96.0,,100.0
MN,2025,21,32,2025-08-10,,98.0,100.0,15.0,100.0,96.0,,100.0
MN,2025,22,33,2025-08-17,,98.0,100.0,49.0,100.0,96.0,,100.0
MN,2025,23,34,2025-08-24,,98.0,100.0,73.0,100.0,96.0,,100.0
MN,2025,24,35,2025-08-31,,98.0,100.0,89.0,100.0,96.0,,100.0
MN,2025,25,36,2025-09-07,,98.0,100.0,97.0,100.0,96.0,,100.0
MN,2025,26,37,2025-09-14,,98.0,100.0,100.0,100.0,96.0,,100.0
MN,2025,27,38,2025-09-21,,98.0,100.0,100.0,100.0,96.0,,100.0
MT,2016,2,13,2016-04-03,0.0,0.0,0.0,0.0,0.0,,,3.0
MT,2016,3,14,2016-04-10,0.0,0.0,0.0,0.0,0.0,,,17.0
MT,2016,4,15,2016-04-17,0.0,0.0,0.0,0.0,0.0,,,34.0
MT,2016,5,16,2016-04-24,0.0,0.0,2.0,0.0,0.0,,,53.0
MT,2016,6,17,2016-05-01,0.0,0.0,21.0,0.0,0.0,,,60.0
MT,2016,7,18,2016-05-08,0.0,0.0,34.0,0.0,0.0,,,78.0
MT,2016,8,19,2016-05-15,0.0,0.0,48.0,0.0,0.0,,,86.0
MT,2016,9,20,2016-05-22,0.0,0.0,70.0,0.0,0.0,,,93.0
MT,2016,10,21,2016-05-29,1.0,0.0,83.0,0.0,0.0,,,96.0
MT,2016,11,22,2016-06-05,8.0,0.0,96.0,0.0,0.0,,,96.0
MT,2016,12,23,2016-06-12,32.0,0.0,96.0,0.0,0.0,,,96.0
MT,2016,13,24,2016-06-19,62.0,0.0,96.0,0.0,6.0,,,96.0
MT,2016,14,25,2016-06-26,88.0,0.0,96.0,0.0,25.0,,,96.0
MT,2016,15,26,2016-07-03,94.0,0.0,96.0,0.0,40.0,,,96.0
MT,2016,16,27,2016-07-10,97.0,0.0,96.0,0.0,75.0,,,96.0
MT,2016,17,28,2016-07-17,97.0,7.0,96.0,0.0,90.0,,,96.0
MT,2016,18,29,2016-07-24,97.0,35.0,96.0,0.0,96.0,,,96.0
MT,2016,19,30,2016-07-31,97.0,60.0,96.0,1.0,96.0,,,96.0
MT,2016,20,31,2016-08-07,97.0,78.0,96.0,19.0,96.0,,,96.0
MT,2016,21,32,2016-08-14,97.0,97.0,96.0,37.0,96.0,,,96.0
MT,2016,22,33,2016-08-21,97.0,97.0,96.0,53.0,96.0,,,96.0
MT,2016,23,34,2016-08-28,97.0,97.0,96.0,73.0,96.0,,,96.0
MT,2016,24,35,2016-09-04,97.0,97.0,96.0,87.0,96.0,,,96.0
MT,2016,25,36,2016-09-11,97.0,97.0,96.0,89.0,96.0,,,96.0
MT,2016,26,37,2016-09-18,97.0,97.0,96.0,94.0,96.0,,,96.0
MT,2016,27,38,2016-09-25,97.0,97.0,96.0,95.0,96.0,,,96.0
MT,2017,2,13,2017-04-02,0.0,0.0,0.0,0.0,0.0,,,0.0
MT,2017,3,14,2017-04-09,0.0,0.0,0.0,0.0,0.0,,,2.0
MT,2017,4,15,2017-04-16,0.0,0.0,0.0,0.0,0.0,,,8.0
MT,2017,5,16,2017-04-23,0.0,0.0,0.0,0.0,0.0,,,24.0
MT,2017,6,17,2017-04-30,0.0,0.0,6.0,0.0,0.0,,,33.0
MT,2017,7,18,2017-05-07,0.0,0.0,18.0,0.0,0.0,,,46.0
MT,2017,8,19,2017-05-14,0.0,0.0,41.0,0.0,0.0,,,77.0
MT,2017,9,20,2017-05-21,0.0,0.0,52.0,0.0,0.0,,,86.0
MT,2017,10,21,2017-05-28,0.0,0.0,65.0,0.0,0.0,,,93.0
MT,2017,11,22,2017-06-04,0.0,0.0,78.0,0.0,0.0,,,96.0
MT,2017,12,23,2017-06-11,10.0,0.0,83.0,0.0,0.0,,,97.0
MT,2017,13,24,2017-06-18,30.0,0.0,87.0,0.0,0.0,,,97.0
MT,2017,14,25,2017-06-25,68.0,0.0,90.0,0.0,14.0,,,97.0
MT,2017,15,26,2017-07-02,80.0,0.0,95.0,0.0,35.0,,,97.0
MT,2017,16,27,2017-07-09,89.0,0.0,99.0,0.0,60.0,,,97.0
MT,2017,17,28,2017-07-16,93.0,0.0,99.0,0.0,84.0,,,97.0
MT,2017,18,29,2017-07-23,96.0,15.0,99.0,0.0,91.0,,,97.0
MT,2017,19,30,2017-07-30,96.0,55.0,99.0,5.0,98.0,,,97.0
MT,2017,20,31,2017-08-06,96.0,90.0,99.0,33.0,98.0,,,97.0
MT,2017,21,32,2017-08-13,96.0,92.0,99.0,39.0,98.0,,,97.0
MT,2017,22,33,2017-08-20,96.0,94.0,99.0,66.0,98.0,,,97.0
MT,2017,23,34,2017-08-27,96.0,98.0,99.0,85.0,98.0,,,97.0
MT,2017,24,35,2017-09-03,96.0,98.0,99.0,93.0,98.0,,,97.0
MT,2017,25,36,2017-09-10,96.0,98.0,99.0,97.0,98.0,,,97.0
MT,2018,3,14,2018-04-08,0.0,0.0,0.0,0.0,0.0,,,0.0
MT,2018,4,15,2018-04-15,0.0,0.0,0.0,0.0,0.0,,,0.0
MT,2018,5,16,2018-04-22,0.0,0.0,0.0,0.0,0.0,,,0.0
MT,2018,6,17,2018-04-29,0.0,0.0,0.0,0.0,0.0,,,6.0
MT,2018,7,18,2018-05-06,0.0,0.0,0.0,0.0,0.0,,,24.0
MT,2018,8,19,2018-05-13,0.0,0.0,4.0,0.0,0.0,,,48.0
MT,2018,9,20,2018-05-20,0.0,0.0,27.0,0.0,0.0,,,66.0
MT,2018,10,21,2018-05-27,0.0,0.0,50.0,0.0,0.0,,,87.0
MT,2018,11,22,2018-06-03,0.0,0.0,71.0,0.0,0.0,,,95.0
MT,2018,12,23,2018-06-10,10.0,0.0,87.0,0.0,0.0,,,95.0
MT,2018,13,24,2018-06-17,25.0,0.0,93.0,0.0,3.0,,,95.0
MT,2018,14,25,2018-06-24,52.0,0.0,98.0,0.0,23.0,,,95.0
MT,2018,15,26,2018-07-01,59.0,0.0,98.0,0.0,32.0,,,95.0
MT,2018,16,27,2018-07-08,83.0,4.0,98.0,0.0,68.0,,,95.0
MT,2018,17,28,2018-07-15,95.0,34.0,98.0,0.0,83.0,,,95.0
MT,2018,18,29,2018-07-22,95.0,48.0,98.0,0.0,89.0,,,95.0
MT,2018,19,30,2018-07-29,95.0,67.0,98.0,0.0,95.0,,,95.0
MT,2018,20,31,2018-08-05,95.0,87.0,98.0,8.0,95.0,,,95.0
MT,2018,21,32,2018-08-12,95.0,96.0,98.0,26.0,95.0,,,95.0
MT,2018,22,33,2018-08-19,95.0,96.0,98.0,45.0,95.0,,,95.0
MT,2018,23,34,2018-08-26,95.0,96.0,98.0,61.0,95.0,,,95.0
MT,2018,24,35,2018-09-02,95.0,96.0,98.0,75.0,95.0,,,95.0
MT,2018,25,36,2018-09-09,95.0,96.0,98.0,87.0,95.0,,,95.0
MT,2018,26,37,2018-09-16,95.0,96.0,98.0,94.0,95.0,,,95.0
MT,2018,27,38,2018-09-23,95.0,96.0,98.0,97.0,95.0,,,95.0
MT,2019,2,13,2019-03-31,0.0,0.0,0.0,0.0,0.0,,,0.0
MT,2019,3,14,2019-04-07,0.0,0.0,0.0,0.0,0.0,,,0.0
MT,2019,4,15,2019-04-14,0.0,0.0,0.0,0.0,0.0,,,1.0
MT,2019,5,16,2019-04-21,0.0,0.0,0.0,0.0,0.0,,,10.0
MT,2019,6,17,2019-04-28,0.0,0.0,0.0,0.0,0.0,,,23.0
MT,2019,7,18,2019-05-05,0.0,0.0,7.0,0.0,0.0,,,32.0
MT,2019,8,19,2019-05-12,0.0,0.0,22.0,0.0,0.0,,,55.0
MT,2019,9,20,2019-05-19,0.0,0.0,32.0,0.0,0.0,,,69.0
MT,2019,10,21,2019-05-26,0.0,0.0,40.0,0.0,0.0,,,83.0
MT,2019,11,22,2019-06-02,0.0,0.0,60.0,0.0,0.0,,,93.0
MT,2019,12,23,2019-06-09,0.0,0.0,79.0,0.0,0.0,,,96.0
MT,2019,13,24,2019-06-16,2.0,0.0,89.0,0.0,0.0,,,96.0
MT,2019,14,25,2019-06-23,31.0,0.0,95.0,0.0,0.0,,,96.0
MT,2019,15,26,2019-06-30,50.0,0.0,95.0,0.0,17.0,,,96.0
MT,2019,16,27,2019-07-07,65.0,0.0,95.0,0.0,36.0,,,96.0
MT,2019,17,28,2019-07-14,90.0,0.0,95.0,0.0,60.0,,,96.0
MT,2019,18,29,2019-07-21,98.0,3.0,95.0,0.0,87.0,,,96.0
MT,2019,19,30,2019-07-28,98.0,30.0,95.0,0.0,96.0,,,96.0
MT,2019,20,31,2019-08-04,98.0,65.0,95.0,1.0,96.0,,,96.0
MT,2019,21,32,2019-08-11,98.0,92.0,95.0,10.0,96.0,,,96.0
MT,2019,22,33,2019-08-18,98.0,96.0,95.0,20.0,96.0,,,96.0
MT,2019,23,34,2019-08-25,98.0,96.0,95.0,34.0,96.0,,,96.0
MT,2019,24,35,2019-09-01,98.0,96.0,95.0,46.0,96.0,,,96.0
MT,2019,25,36,2019-09-08,98.0,96.0,95.0,62.0,96.0,,,96.0
MT,2019,26,37,2019-09-15,98.0,96.0,95.0,69.0,96.0,,,96.0
MT,2019,27,38,2019-09-22,98.0,96.0,95.0,80.0,96.0,,,96.0
MT,2019,28,39,2019-09-29,98.0,96.0,95.0,84.0,96.0,,,96.0
MT,2019,29,40,2019-10-06,98.0,96.0,95.0,86.0,96.0,,,96.0
MT,2020,3,14,2020-04-05,0.0,0.0,0.0,0.0,0.0,,,1.0
MT,2020,4,15,2020-04-12,0.0,0.0,0.0,0.0,0.0,,,2.0
MT,2020,5,16,2020-04-19,0.0,0.0,0.0,0.0,0.0,,,3.0
MT,2020,6,17,2020-04-26,0.0,0.0,0.0,0.0,0.0,,,11.0
MT,2020,7,18,2020-05-03,0.0,0.0,1.0,0.0,0.0,,,33.0
MT,2020,8,19,2020-05-10,0.0,0.0,25.0,0.0,0.0,,,50.0
MT,2020,9,20,2020-05-17,0.0,0.0,45.0,0.0,0.0,,,75.0
MT,2020,10,21,2020-05-24,0.0,0.0,72.0,0.0,0.0,,,92.0
MT,2020,11,22,2020-05-31,0.0,0.0,83.0,0.0,0.0,,,97.0
MT,2020,12,23,2020-06-07,5.0,0.0,85.0,0.0,0.0,,,98.0
MT,2020,13,24,2020-06-14,10.0,0.0,96.0,0.0,1.0,,,99.0
MT,2020,14,25,2020-06-21,35.0,0.0,96.0,0.0,5.0,,,99.0
MT,2020,15,26,2020-06-28,57.0,0.0,96.0,0.0,24.0,,,99.0
MT,2020,16,27,2020-07-05,80.0,6.0,96.0,0.0,50.0,,,99.0
MT,2020,17,28,2020-07-12,88.0,8.0,96.0,0.0,68.0,,,99.0
MT,2020,18,29,2020-07-19,93.0,25.0,96.0,0.0,81.0,,,99.0
MT,2020,19,30,2020-07-26,98.0,47.0,96.0,0.0,92.0,,,99.0
MT,2020,20,31,2020-08-02,98.0,69.0,96.0,1.0,96.0,,,99.0
MT,2020,21,32,2020-08-09,98.0,88.0,96.0,15.0,96.0,,,99.0
MT,2020,22,33,2020-08-16,98.0,95.0,96.0,35.0,96.0,,,99.0
MT,2020,23,34,2020-08-23,98.0,95.0,96.0,55.0,96.0,,,99.0
MT,2020,24,35,2020-08-30,98.0,95.0,96.0,74.0,96.0,,,99.0
MT,2020,25,36,2020-09-06,98.0,95.0,96.0,84.0,96.0,,,99.0
MT,2020,26,37,2020-09-13,98.0,95.0,96.0,92.0,96.0,,,99.0
MT,2020,27,38,2020-09-20,98.0,95.0,96.0,95.0,96.0,,,99.0
MT,2021,2,13,2021-04-04,0.0,0.0,0.0,0.0,0.0,,,1.0
MT,2021,3,14,2021-04-11,0.0,0.0,0.0,0.0,0.0,,,6.0
MT,2021,4,15,2021-04-18,0.0,0.0,0.0,0.0,0.0,,,15.0
MT,2021,5,16,2021-04-25,0.0,0.0,1.0,0.0,0.0,,,20.0
MT,2021,6,17,2021-05-02,0.0,0.0,6.0,0.0,0.0,,,33.0
MT,2021,7,18,2021-05-09,0.0,0.0,20.0,0.0,0.0,,,53.0
MT,2021,8,19,2021-05-16,0.0,0.0,34.0,0.0,0.0,,,71.0
MT,2021,9,20,2021-05-23,0.0,0.0,58.0,0.0,0.0,,,87.0
MT,2021,10,21,2021-05-30,0.0,0.0,74.0,0.0,0.0,,,94.0
MT,2021,11,22,2021-06-06,1.0,0.0,87.0,0.0,0.0,,,98.0
MT,2021,12,23,2021-06-13,10.0,0.0,96.0,0.0,1.0,,,98.0
MT,2021,13,24,2021-06-20,33.0,0.0,96.0,0.0,14.0,,,98.0
MT,2021,14,25,2021-06-27,55.0,0.0,96.0,0.0,28.0,,,98.0
MT,2021,15,26,2021-07-04,73.0,0.0,96.0,0.0,50.0,,,98.0
MT,2021,16,27,2021-07-11,84.0,3.0,96.0,0.0,66.0,,,98.0
MT,2021,17,28,2021-07-18,95.0,31.0,96.0,0.0,81.0,,,98.0
MT,2021,18,29,2021-07-25,95.0,54.0,96.0,1.0,95.0,,,98.0
MT,2021,19,30,2021-08-01,95.0,71.0,96.0,19.0,95.0,,,98.0
MT,2021,20,31,2021-08-08,95.0,85.0,96.0,35.0,95.0,,,98.0
MT,2021,21,32,2021-08-15,95.0,95.0,96.0,54.0,95.0,,,98.0
MT,2021,22,33,2021-08-22,95.0,95.0,96.0,69.0,95.0,,,98.0
MT,2021,23,34,2021-08-29,95.0,95.0,96.0,85.0,95.0,,,98.0
MT,2021,24,35,2021-09-05,95.0,95.0,96.0,95.0,95.0,,,98.0
MT,2022,2,13,2022-04-03,0.0,0.0,0.0,0.0,0.0,,,3.0
MT,2022,3,14,2022-04-10,0.0,0.0,0.0,0.0,0.0,,,7.0
MT,2022,4,15,2022-04-17,0.0,0.0,0.0,0.0,0.0,,,10.0
MT,2022,5,16,2022-04-24,0.0,0.0,1.0,0.0,0.0,,,18.0
MT,2022,6,17,2022-05-01,0.0,0.0,7.0,0.0,0.0,,,31.0
MT,2022,7,18,2022-05-08,0.0,0.0,16.0,0.0,0.0,,,50.0
MT,2022,8,19,2022-05-15,0.0,0.0,30.0,0.0,0.0,,,70.0
MT,2022,9,20,2022-05-22,0.0,0.0,59.0,0.0,0.0,,,85.0
MT,2022,10,21,2022-05-29,1.0,0.0,73.0,0.0,0.0,,,94.0
MT,2022,11,22,2022-06-05,10.0,0.0,85.0,0.0,0.0,,,97.0
MT,2022,12,23,2022-06-12,17.0,0.0,95.0,0.0,0.0,,,99.0
MT,2022,13,24,2022-06-19,46.0,0.0,98.0,0.0,0.0,,,100.0
MT,2022,14,25,2022-06-26,73.0,0.0,99.0,0.0,2.0,,,100.0
MT,2022,15,26,2022-07-03,89.0,0.0,99.0,0.0,21.0,,,100.0
MT,2022,16,27,2022-07-10,97.0,0.0,99.0,0.0,40.0,,,100.0
MT,2022,17,28,2022-07-17,97.0,6.0,99.0,0.0,63.0,,,100.0
MT,2022,18,29,2022-07-24,97.0,30.0,99.0,0.0,88.0,,,100.0
MT,2022,19,30,2022-07-31,97.0,50.0,99.0,5.0,97.0,,,100.0
MT,2022,20,31,2022-08-07,97.0,76.0,99.0,22.0,97.0,,,100.0
MT,2022,21,32,2022-08-14,97.0,91.0,99.0,26.0,97.0,,,100.0
MT,2022,22,33,2022-08-21,97.0,98.0,99.0,52.0,97.0,,,100.0
MT,2022,23,34,2022-08-28,97.0,98.0,99.0,75.0,97.0,,,100.0
MT,2022,24,35,2022-09-04,97.0,98.0,99.0,87.0,97.0,,,100.0
MT,2022,25,36,2022-09-11,97.0,98.0,99.0,99.0,97.0,,,100.0
MT,2022,26,37,2022-09-18,97.0,98.0,99.0,100.0,97.0,,,100.0
MT,2022,27,38,2022-09-25,97.0,98.0,99.0,100.0,97.0,,,100.0
MT,2023,2,13,2023-04-02,0.0,0.0,0.0,0.0,0.0,,,0.0
MT,2023,3,14,2023-04-09,0.0,0.0,0.0,0.0,0.0,,,0.0
MT,2023,4,15,2023-04-16,0.0,0.0,0.0,0.0,0.0,,,1.0
MT,2023,5,16,2023-04-23,0.0,0.0,0.0,0.0,0.0,,,5.0
MT,2023,6,17,2023-04-30,0.0,0.0,0.0,0.0,0.0,,,12.0
MT,2023,7,18,2023-05-07,0.0,0.0,1.0,0.0,0.0,,,32.0
MT,2023,8,19,2023-05-14,0.0,0.0,15.0,0.0,0.0,,,54.0
MT,2023,9,20,2023-05-21,0.0,0.0,42.0,0.0,0.0,,,72.0
MT,2023,10,21,2023-05-28,0.0,0.0,63.0,0.0,0.0,,,81.0
MT,2023,11,22,2023-06-04,2.0,0.0,77.0,0.0,0.0,,,88.0
MT,2023,12,23,2023-06-11,12.0,0.0,90.0,0.0,0.0,,,95.0
MT,2023,13,24,2023-06-18,39.0,0.0,96.0,0.0,2.0,,,95.0
MT,2023,14,25,2023-06-25,62.0,0.0,98.0,0.0,28.0,,,95.0
MT,2023,15,26,2023-07-02,91.0,0.0,98.0,0.0,33.0,,,95.0
MT,2023,16,27,2023-07-09,95.0,0.0,98.0,0.0,65.0,,,95.0
MT,2023,17,28,2023-07-16,95.0,7.0,98.0,0.0,90.0,,,95.0
MT,2023,18,29,2023-07-23,95.0,16.0,98.0,0.0,94.0,,,95.0
MT,2023,19,30,2023-07-30,95.0,43.0,98.0,1.0,95.0,,,95.0
MT,2023,20,31,2023-08-06,95.0,68.0,98.0,22.0,95.0,,,95.0
MT,2023,21,32,2023-08-13,95.0,87.0,98.0,39.0,95.0,,,95.0
MT,2023,22,33,2023-08-20,95.0,93.0,98.0,60.0,95.0,,,95.0
MT,2023,23,34,2023-08-27,95.0,96.0,98.0,71.0,95.0,,,95.0
MT,2023,24,35,2023-09-03,95.0,96.0,98.0,85.0,95.0,,,95.0
MT,2023,25,36,2023-09-10,95.0,96.0,98.0,90.0,95.0,,,95.0
MT,2023,26,37,2023-09-17,95.0,96.0,98.0,94.0,95.0,,,95.0
MT,2023,27,38,2023-09-24,95.0,96.0,98.0,95.0,95.0,,,95.0
MT,2024,2,13,2024-03-31,0.0,0.0,0.0,0.0,0.0,,,0.0
MT,2024,3,14,2024-04-07,0.0,0.0,0.0,0.0,0.0,,,0.0
MT,2024,4,15,2024-04-14,0.0,0.0,0.0,0.0,0.0,,,2.0
MT,2024,5,16,2024-04-21,0.0,0.0,0.0,0.0,0.0,,,7.0
MT,2024,6,17,2024-04-28,0.0,0.0,0.0,0.0,0.0,,,35.0
MT,2024,7,18,2024-05-05,0.0,0.0,3.0,0.0,0.0,,,52.0
MT,2024,8,19,2024-05-12,0.0,0.0,18.0,0.0,0.0,,,63.0
MT,2024,9,20,2024-05-19,0.0,0.0,38.0,0.0,0.0,,,81.0
MT,2024,10,21,2024-05-26,0.0,0.0,63.0,0.0,0.0,,,88.0
MT,2024,11,22,2024-06-02,0.0,0.0,77.0,0.0,0.0,,,94.0
MT,2024,12,23,2024-06-09,2.0,0.0,89.0,0.0,0.0,,,97.0
MT,2024,13,24,2024-06-16,30.0,0.0,94.0,0.0,1.0,,,97.0
MT,2024,14,25,2024-06-23,54.0,0.0,96.0,0.0,16.0,,,97.0
MT,2024,15,26,2024-06-30,78.0,0.0,96.0,0.0,33.0,,,97.0
MT,2024,16,27,2024-07-07,87.0,1.0,96.0,0.0,58.0,,,97.0
MT,2024,17,28,2024-07-14,93.0,19.0,96.0,0.0,72.0,,,97.0
MT,2024,18,29,2024-07-21,99.0,34.0,96.0,0.0,88.0,,,97.0
MT,2024,19,30,2024-07-28,99.0,61.0,96.0,2.0,94.0,,,97.0
MT,2024,20,31,2024-08-04,99.0,77.0,96.0,6.0,96.0,,,97.0
MT,2024,21,32,2024-08-11,99.0,87.0,96.0,22.0,96.0,,,97.0
MT,2024,22,33,2024-08-18,99.0,91.0,96.0,38.0,96.0,,,97.0
MT,2024,23,34,2024-08-25,99.0,93.0,96.0,56.0,96.0,,,97.0
MT,2024,24,35,2024-09-01,99.0,97.0,96.0,77.0,96.0,,,97.0
MT,2024,25,36,2024-09-08,99.0,97.0,96.0,91.0,96.0,,,97.0
MT,2024,26,37,2024-09-15,99.0,97.0,96.0,95.0,96.0,,,97.0
MT,2024,27,38,2024-09-22,99.0,97.0,96.0,99.0,96.0,,,97.0
MT,2025,3,14,2025-04-06,0.0,0.0,0.0,0.0,0.0,,,2.0
MT,2025,4,15,2025-04-13,0.0,0.0,0.0,0.0,0.0,,,3.0
MT,2025,5,16,2025-04-20,0.0,0.0,0.0,0.0,0.0,,,16.0
MT,2025,6,17,2025-04-27,0.0,0.0,0.0,0.0,0.0,,,32.0
MT,2025,7,18,2025-05-04,0.0,0.0,5.0,0.0,0.0,,,42.0
MT,2025,8,19,2025-05-11,0.0,0.0,17.0,0.0,0.0,,,61.0
MT,2025,9,20,2025-05-18,0.0,0.0,27.0,0.0,0.0,,,76.0
MT,2025,10,21,2025-05-25,0.0,0.0,44.0,0.0,0.0,,,82.0
MT,2025,11,22,2025-06-01,0.0,0.0,52.0,0.0,0.0,,,92.0
MT,2025,12,23,2025-06-08,0.0,0.0,63.0,0.0,0.0,,,95.0
MT,2025,13,24,2025-06-15,10.0,0.0,70.0,0.0,0.0,,,95.0
MT,2025,14,25,2025-06-22,33.0,0.0,79.0,0.0,14.0,,,95.0
MT,2025,15,26,2025-06-29,47.0,0.0,83.0,0.0,26.0,,,95.0
MT,2025,16,27,2025-07-06,57.0,11.0,88.0,0.0,43.0,,,95.0
MT,2025,17,28,2025-07-13,67.0,20.0,92.0,0.0,57.0,,,95.0
MT,2025,18,29,2025-07-20,74.0,34.0,95.0,0.0,66.0,,,95.0
MT,2025,19,30,2025-07-27,81.0,50.0,95.0,0.0,75.0,,,95.0
MT,2025,20,31,2025-08-03,95.0,67.0,95.0,4.0,85.0,,,95.0
MT,2025,21,32,2025-08-10,95.0,78.0,95.0,21.0,95.0,,,95.0
MT,2025,22,33,2025-08-17,95.0,91.0,95.0,44.0,95.0,,,95.0
MT,2025,23,34,2025-08-24,95.0,95.0,95.0,58.0,95.0,,,95.0
MT,2025,24,35,2025-08-31,95.0,95.0,95.0,73.0,95.0,,,95.0
MT,2025,25,36,2025-09-07,95.0,95.0,95.0,88.0,95.0,,,95.0
MT,2025,26,37,2025-09-14,95.0,95.0,95.0,93.0,95.0,,,95.0
MT,2025,27,38,2025-09-21,95.0,95.0,95.0,96.0,95.0,,,95.0
ND,2016,2,13,2016-04-03,,0.0,0.0,0.0,0.0,0.0,0.0,1.0
ND,2016,3,14,2016-04-10,,0.0,0.0,0.0,0.0,0.0,0.0,5.0
ND,2016,4,15,2016-04-17,,0.0,0.0,0.0,0.0,0.0,0.0,14.0
ND,2016,5,16,2016-04-24,,0.0,5.0,0.0,0.0,0.0,0.0,26.0
ND,2016,6,17,2016-05-01,,0.0,10.0,0.0,0.0,0.0,0.0,39.0
ND,2016,7,18,2016-05-08,,0.0,27.0,0.0,0.0,0.0,0.0,69.0
ND,2016,8,19,2016-05-15,,0.0,52.0,0.0,0.0,0.0,0.0,87.0
ND,2016,9,20,2016-05-22,,0.0,75.0,0.0,0.0,3.0,0.0,94.0
ND,2016,10,21,2016-05-29,,0.0,86.0,0.0,0.0,16.0,0.0,97.0
ND,2016,11,22,2016-06-05,,0.0,95.0,0.0,0.0,30.0,0.0,97.0
ND,2016,12,23,2016-06-12,,0.0,95.0,0.0,5.0,57.0,0.0,97.0
ND,2016,13,24,2016-06-19,,0.0,95.0,0.0,25.0,81.0,0.0,97.0
ND,2016,14,25,2016-06-26,,0.0,95.0,0.0,60.0,92.0,0.0,97.0
ND,2016,15,26,2016-07-03,,9.0,95.0,0.0,81.0,98.0,0.0,97.0
ND,2016,16,27,2016-07-10,,25.0,95.0,0.0,96.0,98.0,0.0,97.0
ND,2016,17,28,2016-07-17,,51.0,95.0,0.0,98.0,98.0,0.0,97.0
ND,2016,18,29,2016-07-24,,72.0,95.0,0.0,98.0,98.0,0.0,97.0
ND,2016,19,30,2016-07-31,,86.0,95.0,4.0,98.0,98.0,0.0,97.0
ND,2016,20,31,2016-08-07,,94.0,95.0,22.0,98.0,98.0,0.0,97.0
ND,2016,21,32,2016-08-14,,98.0,95.0,44.0,98.0,98.0,0.0,97.0
ND,2016,22,33,2016-08-21,,98.0,95.0,64.0,98.0,98.0,0.0,97.0
ND,2016,23,34,2016-08-28,,98.0,95.0,82.0,98.0,98.0,99.0,97.0
ND,2016,24,35,2016-09-04,,98.0,95.0,91.0,98.0,98.0,99.0,97.0
ND,2016,25,36,2016-09-11,,98.0,95.0,95.0,98.0,98.0,99.0,97.0
ND,2016,26,37,2016-09-18,,98.0,95.0,98.0,98.0,98.0,99.0,97.0
ND,2017,3,14,2017-04-09,,0.0,0.0,0.0,0.0,0.0,0.0,2.0
ND,2017,4,15,2017-04-16,,0.0,1.0,0.0,0.0,0.0,0.0,6.0
ND,2017,5,16,2017-04-23,,0.0,2.0,0.0,0.0,0.0,0.0,9.0
ND,2017,6,17,2017-04-30,,0.0,2.0,0.0,0.0,0.0,0.0,18.0
ND,2017,7,18,2017-05-07,,0.0,11.0,0.0,0.0,0.0,0.0,45.0
ND,2017,8,19,2017-05-14,,0.0,31.0,0.0,0.0,4.0,0.0,72.0
ND,2017,9,20,2017-05-21,,0.0,56.0,0.0,0.0,9.0,0.0,88.0
ND,2017,10,21,2017-05-28,,0.0,77.0,0.0,0.0,16.0,0.0,96.0
ND,2017,11,22,2017-06-04,,0.0,92.0,0.0,0.0,29.0,0.0,96.0
ND,2017,12,23,2017-06-11,,0.0,98.0,0.0,3.0,47.0,0.0,96.0
ND,2017,13,24,2017-06-18,,0.0,99.0,0.0,9.0,67.0,0.0,96.0
ND,2017,14,25,2017-06-25,,0.0,100.0,0.0,33.0,82.0,0.0,96.0
ND,2017,15,26,2017-07-02,,4.0,100.0,0.0,57.0,94.0,0.0,96.0
ND,2017,16,27,2017-07-09,,10.0,100.0,0.0,79.0,98.0,0.0,96.0
ND,2017,17,28,2017-07-16,,26.0,100.0,0.0,92.0,98.0,0.0,96.0
ND,2017,18,29,2017-07-23,,56.0,100.0,1.0,97.0,98.0,0.0,96.0
ND,2017,19,30,2017-07-30,,78.0,100.0,5.0,97.0,98.0,0.0,96.0
ND,2017,20,31,2017-08-06,,92.0,100.0,16.0,97.0,98.0,0.0,96.0
ND,2017,21,32,2017-08-13,,98.0,100.0,36.0,97.0,98.0,78.0,96.0
ND,2017,22,33,2017-08-20,,98.0,100.0,52.0,97.0,98.0,94.0,96.0
ND,2017,23,34,2017-08-27,,98.0,100.0,71.0,97.0,98.0,98.0,96.0
ND,2017,24,35,2017-09-03,,98.0,100.0,85.0,97.0,98.0,98.0,96.0
ND,2017,25,36,2017-09-10,,98.0,100.0,94.0,97.0,98.0,98.0,96.0
ND,2017,26,37,2017-09-17,,98.0,100.0,97.0,97.0,98.0,98.0,96.0
ND,2018,3,14,2018-04-08,,0.0,0.0,0.0,0.0,0.0,0.0,0.0
ND,2018,4,15,2018-04-15,,0.0,0.0,0.0,0.0,0.0,0.0,0.0
ND,2018,5,16,2018-04-22,,0.0,0.0,0.0,0.0,0.0,0.0,0.0
ND,2018,6,17,2018-04-29,,0.0,0.0,0.0,0.0,0.0,0.0,3.0
ND,2018,7,18,2018-05-06,,0.0,0.0,0.0,0.0,0.0,0.0,20.0
ND,2018,8,19,2018-05-13,,0.0,8.0,0.0,0.0,0.0,0.0,52.0
ND,2018,9,20,2018-05-20,,0.0,30.0,0.0,0.0,0.0,0.0,78.0
ND,2018,10,21,2018-05-27,,0.0,58.0,0.0,0.0,3.0,0.0,91.0
ND,2018,11,22,2018-06-03,,0.0,80.0,0.0,0.0,10.0,0.0,97.0
ND,2018,12,23,2018-06-10,,0.0,95.0,0.0,0.0,31.0,0.0,97.0
ND,2018,13,24,2018-06-17,,0.0,98.0,0.0,2.0,62.0,0.0,97.0
ND,2018,14,25,2018-06-24,,0.0,98.0,0.0,27.0,83.0,0.0,97.0
ND,2018,15,26,2018-07-01,,0.0,98.0,0.0,58.0,91.0,0.0,97.0
ND,2018,16,27,2018-07-08,,5.0,98.0,0.0,81.0,97.0,0.0,97.0
ND,2018,17,28,2018-07-15,,28.0,98.0,0.0,94.0,97.0,0.0,97.0
ND,2018,18,29,2018-07-22,,55.0,98.0,0.0,97.0,97.0,6.0,97.0
ND,2018,19,30,2018-07-29,,76.0,98.0,1.0,97.0,97.0,21.0,97.0
ND,2018,20,31,2018-08-05,,91.0,98.0,8.0,97.0,97.0,50.0,97.0
ND,2018,21,32,2018-08-12,,97.0,98.0,29.0,97.0,97.0,80.0,97.0
ND,2018,22,33,2018-08-19,,97.0,98.0,59.0,97.0,97.0,94.0,97.0
ND,2018,23,34,2018-08-26,,97.0,98.0,77.0,97.0,97.0,98.0,97.0
ND,2018,24,35,2018-09-02,,97.0,98.0,88.0,97.0,97.0,98.0,97.0
ND,2018,25,36,2018-09-09,,97.0,98.0,94.0,97.0,97.0,98.0,97.0
ND,2018,26,37,2018-09-16,,97.0,98.0,97.0,97.0,97.0,98.0,97.0
ND,2019,3,14,2019-04-07,,0.0,0.0,0.0,0.0,0.0,0.0,0.0
ND,2019,4,15,2019-04-14,,0.0,0.0,0.0,0.0,0.0,0.0,0.0
ND,2019,5,16,2019-04-21,,0.0,0.0,0.0,0.0,0.0,0.0,0.0
ND,2019,6,17,2019-04-28,,0.0,0.0,0.0,0.0,0.0,0.0,5.0
ND,2019,7,18,2019-05-05,,0.0,0.0,0.0,0.0,0.0,0.0,13.0
ND,2019,8,19,2019-05-12,,0.0,2.0,0.0,0.0,0.0,0.0,37.0
ND,2019,9,20,2019-05-19,,0.0,18.0,0.0,0.0,0.0,0.0,66.0
ND,2019,10,21,2019-05-26,,0.0,45.0,0.0,0.0,0.0,0.0,82.0
ND,2019,11,22,2019-06-02,,0.0,69.0,0.0,0.0,3.0,0.0,93.0
ND,2019,12,23,2019-06-09,,0.0,86.0,0.0,0.0,16.0,0.0,98.0
ND,2019,13,24,2019-06-16,,0.0,96.0,0.0,1.0,39.0,0.0,98.0
ND,2019,14,25,2019-06-23,,0.0,96.0,0.0,2.0,62.0,0.0,98.0
ND,2019,15,26,2019-06-30,,0.0,96.0,0.0,19.0,83.0,0.0,98.0
ND,2019,16,27,2019-07-07,,0.0,96.0,0.0,55.0,93.0,0.0,98.0
ND,2019,17,28,2019-07-14,,5.0,96.0,0.0,79.0,98.0,0.0,98.0
ND,2019,18,29,2019-07-21,,25.0,96.0,0.0,93.0,100.0,0.0,98.0
ND,2019,19,30,2019-07-28,,50.0,96.0,0.0,98.0,100.0,4.0,98.0
ND,2019,20,31,2019-08-04,,79.0,96.0,1.0,98.0,100.0,21.0,98.0
ND,2019,21,32,2019-08-11,,92.0,96.0,5.0,98.0,100.0,51.0,98.0
ND,2019,22,33,2019-08-18,,97.0,96.0,12.0,98.0,100.0,71.0,98.0
ND,2019,23,34,2019-08-25,,97.0,96.0,34.0,98.0,100.0,89.0,98.0
ND,2019,24,35,2019-09-01,,97.0,96.0,52.0,98.0,100.0,95.0,98.0
ND,2019,25,36,2019-09-08,,97.0,96.0,68.0,98.0,100.0,95.0,98.0
ND,2019,26,37,2019-09-15,,97.0,96.0,73.0,98.0,100.0,95.0,98.0
ND,2019,27,38,2019-09-22,,97.0,96.0,85.0,98.0,100.0,95.0,98.0
ND,2019,28,39,2019-09-29,,97.0,96.0,89.0,98.0,100.0,95.0,98.0
ND,2019,29,40,2019-10-06,,97.0,96.0,90.0,98.0,100.0,95.0,98.0
ND,2020,4,15,2020-04-12,,0.0,0.0,0.0,0.0,0.0,0.0,0.0
ND,2020,5,16,2020-04-19,,0.0,0.0,0.0,0.0,0.0,0.0,0.0
ND,2020,6,17,2020-04-26,,0.0,0.0,0.0,0.0,0.0,0.0,5.0
ND,2020,7,18,2020-05-03,,0.0,0.0,0.0,0.0,0.0,0.0,15.0
ND,2020,8,19,2020-05-10,,0.0,4.0,0.0,0.0,0.0,0.0,27.0
ND,2020,9,20,2020-05-17,,0.0,13.0,0.0,0.0,0.0,0.0,41.0
ND,2020,10,21,2020-05-24,,0.0,32.0,0.0,0.0,0.0,0.0,70.0
ND,2020,11,22,2020-05-31,,0.0,52.0,0.0,0.0,2.0,0.0,85.0
ND,2020,12,23,2020-06-07,,0.0,72.0,0.0,0.0,9.0,0.0,95.0
ND,2020,13,24,2020-06-14,,0.0,93.0,0.0,1.0,29.0,0.0,95.0
ND,2020,14,25,2020-06-21,,0.0,97.0,0.0,6.0,53.0,0.0,95.0
ND,2020,15,26,2020-06-28,,0.0,97.0,0.0,30.0,79.0,0.0,95.0
ND,2020,16,27,2020-07-05,,2.0,97.0,0.0,59.0,90.0,0.0,95.0
ND,2020,17,28,2020-07-12,,6.0,97.0,0.0,79.0,95.0,0.0,95.0
ND,2020,18,29,2020-07-19,,26.0,97.0,0.0,93.0,95.0,1.0,95.0
ND,2020,19,30,2020-07-26,,44.0,97.0,1.0,97.0,95.0,6.0,95.0
ND,2020,20,31,2020-08-02,,72.0,97.0,2.0,97.0,95.0,24.0,95.0
ND,2020,21,32,2020-08-09,,89.0,97.0,7.0,97.0,95.0,37.0,95.0
ND,2020,22,33,2020-08-16,,95.0,97.0,19.0,97.0,95.0,60.0,95.0
ND,2020,23,34,2020-08-23,,95.0,97.0,39.0,97.0,95.0,84.0,95.0
ND,2020,24,35,2020-08-30,,95.0,97.0,59.0,97.0,95.0,94.0,95.0
ND,2020,25,36,2020-09-06,,95.0,97.0,76.0,97.0,95.0,97.0,95.0
ND,2020,26,37,2020-09-13,,95.0,97.0,90.0,97.0,95.0,97.0,95.0
ND,2020,27,38,2020-09-20,,95.0,97.0,95.0,97.0,95.0,97.0,95.0
ND,2021,2,13,2021-04-04,,0.0,0.0,0.0,0.0,0.0,0.0,1.0
ND,2021,3,14,2021-04-11,,0.0,0.0,0.0,0.0,0.0,0.0,8.0
ND,2021,4,15,2021-04-18,,0.0,1.0,0.0,0.0,0.0,0.0,13.0
ND,2021,5,16,2021-04-25,,0.0,2.0,0.0,0.0,0.0,0.0,22.0
ND,2021,6,17,2021-05-02,,0.0,6.0,0.0,0.0,0.0,0.0,42.0
ND,2021,7,18,2021-05-09,,0.0,20.0,0.0,0.0,0.0,0.0,66.0
ND,2021,8,19,2021-05-16,,0.0,36.0,0.0,0.0,0.0,0.0,84.0
ND,2021,9,20,2021-05-23,,0.0,58.0,0.0,0.0,4.0,0.0,94.0
ND,2021,10,21,2021-05-30,,0.0,76.0,0.0,0.0,13.0,0.0,97.0
ND,2021,11,22,2021-06-06,,0.0,87.0,0.0,0.0,25.0,0.0,97.0
ND,2021,12,23,2021-06-13,,0.0,94.0,0.0,2.0,46.0,0.0,97.0
ND,2021,13,24,2021-06-20,,0.0,97.0,0.0,18.0,68.0,0.0,97.0
ND,2021,14,25,2021-06-27,,0.0,97.0,0.0,42.0,84.0,0.0,97.0
ND,2021,15,26,2021-07-04,,6.0,97.0,0.0,68.0,92.0,0.0,97.0
ND,2021,16,27,2021-07-11,,16.0,97.0,0.0,84.0,96.0,0.0,97.0
ND,2021,17,28,2021-07-18,,41.0,97.0,0.0,93.0,96.0,5.0,97.0
ND,2021,18,29,2021-07-25,,66.0,97.0,0.0,97.0,96.0,12.0,97.0
ND,2021,19,30,2021-08-01,,84.0,97.0,6.0,97.0,96.0,42.0,97.0
ND,2021,20,31,2021-08-08,,94.0,97.0,24.0,97.0,96.0,73.0,97.0
ND,2021,21,32,2021-08-15,,97.0,97.0,48.0,97.0,96.0,88.0,97.0
ND,2021,22,33,2021-08-22,,97.0,97.0,73.0,97.0,96.0,95.0,97.0
ND,2021,23,34,2021-08-29,,97.0,97.0,84.0,97.0,96.0,95.0,97.0
ND,2021,24,35,2021-09-05,,97.0,97.0,94.0,97.0,96.0,95.0,97.0
ND,2021,25,36,2021-09-12,,97.0,97.0,97.0,97.0,96.0,95.0,97.0
ND,2021,26,37,2021-09-19,,97.0,97.0,100.0,97.0,96.0,95.0,97.0
ND,2021,27,38,2021-09-26,,97.0,97.0,100.0,97.0,96.0,95.0,97.0
ND,2022,2,13,2022-04-03,,0.0,0.0,0.0,0.0,0.0,0.0,0.0
ND,2022,3,14,2022-04-10,,0.0,0.0,0.0,0.0,0.0,0.0,2.0
ND,2022,4,15,2022-04-17,,0.0,0.0,0.0,0.0,0.0,0.0,3.0
ND,2022,5,16,2022-04-24,,0.0,0.0,0.0,0.0,0.0,0.0,4.0
ND,2022,6,17,2022-05-01,,0.0,0.0,0.0,0.0,0.0,0.0,5.0
ND,2022,7,18,2022-05-08,,0.0,0.0,0.0,0.0,0.0,0.0,8.0
ND,2022,8,19,2022-05-15,,0.0,2.0,0.0,0.0,0.0,0.0,17.0
ND,2022,9,20,2022-05-22,,0.0,9.0,0.0,0.0,0.0,0.0,27.0
ND,2022,10,21,2022-05-29,,0.0,22.0,0.0,0.0,0.0,0.0,59.0
ND,2022,11,22,2022-06-05,,0.0,34.0,0.0,0.0,1.0,0.0,74.0
ND,2022,12,23,2022-06-12,,0.0,56.0,0.0,0.0,4.0,0.0,91.0
ND,2022,13,24,2022-06-19,,0.0,80.0,0.0,0.0,16.0,0.0,97.0
ND,2022,14,25,2022-06-26,,0.0,97.0,0.0,3.0,45.0,0.0,97.0
ND,2022,15,26,2022-07-03,,0.0,97.0,0.0,12.0,58.0,0.0,97.0
ND,2022,16,27,2022-07-10,,0.0,97.0,0.0,38.0,79.0,0.0,97.0
ND,2022,17,28,2022-07-17,,6.0,97.0,0.0,63.0,92.0,0.0,97.0
ND,2022,18,29,2022-07-24,,21.0,97.0,0.0,81.0,97.0,2.0,97.0
ND,2022,19,30,2022-07-31,,33.0,97.0,0.0,95.0,97.0,4.0,97.0
ND,2022,20,31,2022-08-07,,63.0,97.0,0.0,95.0,97.0,14.0,97.0
ND,2022,21,32,2022-08-14,,88.0,97.0,5.0,95.0,97.0,45.0,97.0
ND,2022,22,33,2022-08-21,,94.0,97.0,18.0,95.0,97.0,64.0,97.0
ND,2022,23,34,2022-08-28,,97.0,97.0,34.0,95.0,97.0,78.0,97.0
ND,2022,24,35,2022-09-04,,97.0,97.0,62.0,95.0,97.0,90.0,97.0
ND,2022,25,36,2022-09-11,,97.0,97.0,79.0,95.0,97.0,96.0,97.0
ND,2022,26,37,2022-09-18,,97.0,97.0,91.0,95.0,97.0,96.0,97.0
ND,2022,27,38,2022-09-25,,97.0,97.0,93.0,95.0,97.0,96.0,97.0
ND,2022,28,39,2022-10-02,,97.0,97.0,97.0,95.0,97.0,96.0,97.0
ND,2023,2,13,2023-04-02,,0.0,0.0,0.0,0.0,0.0,0.0,0.0
ND,2023,3,14,2023-04-09,,0.0,0.0,0.0,0.0,0.0,0.0,0.0
ND,2023,4,15,2023-04-16,,0.0,0.0,0.0,0.0,0.0,0.0,0.0
ND,2023,5,16,2023-04-23,,0.0,0.0,0.0,0.0,0.0,0.0,1.0
ND,2023,6,17,2023-04-30,,0.0,0.0,0.0,0.0,0.0,0.0,6.0
ND,2023,7,18,2023-05-07,,0.0,0.0,0.0,0.0,0.0,0.0,10.0
ND,2023,8,19,2023-05-14,,0.0,2.0,0.0,0.0,0.0,0.0,20.0
ND,2023,9,20,2023-05-21,,0.0,13.0,0.0,0.0,0.0,0.0,48.0
ND,2023,10,21,2023-05-28,,0.0,41.0,0.0,0.0,0.0,0.0,79.0
ND,2023,11,22,2023-06-04,,0.0,66.0,0.0,0.0,3.0,0.0,92.0
ND,2023,12,23,2023-06-11,,0.0,86.0,0.0,0.0,12.0,0.0,97.0
ND,2023,13,24,2023-06-18,,0.0,98.0,0.0,7.0,46.0,0.0,97.0
ND,2023,14,25,2023-06-25,,0.0,98.0,0.0,23.0,71.0,0.0,97.0
ND,2023,15,26,2023-07-02,,0.0,98.0,0.0,47.0,86.0,0.0,97.0
ND,2023,16,27,2023-07-09,,5.0,98.0,0.0,65.0,93.0,0.0,97.0
ND,2023,17,28,2023-07-16,,18.0,98.0,0.0,79.0,96.0,0.0,97.0
ND,2023,18,29,2023-07-23,,35.0,98.0,0.0,92.0,96.0,3.0,97.0
ND,2023,19,30,2023-07-30,,55.0,98.0,0.0,97.0,96.0,7.0,97.0
ND,2023,20,31,2023-08-06,,79.0,98.0,2.0,97.0,96.0,21.0,97.0
ND,2023,21,32,2023-08-13,,91.0,98.0,13.0,97.0,96.0,57.0,97.0
ND,2023,22,33,2023-08-20,,95.0,98.0,24.0,97.0,96.0,73.0,97.0
ND,2023,23,34,2023-08-27,,95.0,98.0,38.0,97.0,96.0,89.0,97.0
ND,2023,24,35,2023-09-03,,95.0,98.0,64.0,97.0,96.0,96.0,97.0
ND,2023,25,36,2023-09-10,,95.0,98.0,82.0,97.0,96.0,96.0,97.0
ND,2023,26,37,2023-09-17,,95.0,98.0,91.0,97.0,96.0,96.0,97.0
ND,2023,27,38,2023-09-24,,95.0,98.0,95.0,97.0,96.0,96.0,97.0
ND,2024,2,13,2024-03-31,,0.0,0.0,0.0,0.0,0.0,0.0,0.0
ND,2024,3,14,2024-04-07,,0.0,0.0,0.0,0.0,0.0,0.0,0.0
ND,2024,4,15,2024-04-14,,0.0,0.0,0.0,0.0,0.0,0.0,3.0
ND,2024,5,16,2024-04-21,,0.0,0.0,0.0,0.0,0.0,0.0,7.0
ND,2024,6,17,2024-04-28,,0.0,1.0,0.0,0.0,0.0,0.0,20.0
ND,2024,7,18,2024-05-05,,0.0,5.0,0.0,0.0,0.0,0.0,32.0
ND,2024,8,19,2024-05-12,,0.0,13.0,0.0,0.0,0.0,0.0,49.0
ND,2024,9,20,2024-05-19,,0.0,29.0,0.0,0.0,0.0,0.0,71.0
ND,2024,10,21,2024-05-26,,0.0,48.0,0.0,0.0,0.0,0.0,84.0
ND,2024,11,22,2024-06-02,,0.0,70.0,0.0,0.0,0.0,0.0,91.0
ND,2024,12,23,2024-06-09,,0.0,81.0,0.0,0.0,12.0,0.0,97.0
ND,2024,13,24,2024-06-16,,0.0,94.0,0.0,0.0,39.0,0.0,100.0
ND,2024,14,25,2024-06-23,,0.0,98.0,0.0,11.0,59.0,0.0,100.0
ND,2024,15,26,2024-06-30,,0.0,98.0,0.0,29.0,75.0,0.0,100.0
ND,2024,16,27,2024-07-07,,0.0,98.0,0.0,49.0,87.0,0.0,100.0
ND,2024,17,28,2024-07-14,,12.0,98.0,0.0,70.0,95.0,0.0,100.0
ND,2024,18,29,2024-07-21,,34.0,98.0,0.0,85.0,95.0,3.0,100.0
ND,2024,19,30,2024-07-28,,52.0,98.0,0.0,92.0,95.0,7.0,100.0
ND,2024,20,31,2024-08-04,,69.0,98.0,1.0,97.0,100.0,22.0,100.0
ND,2024,21,32,2024-08-11,,82.0,98.0,12.0,97.0,100.0,43.0,100.0
ND,2024,22,33,2024-08-18,,90.0,98.0,21.0,97.0,100.0,62.0,100.0
ND,2024,23,34,2024-08-25,,97.0,98.0,43.0,97.0,100.0,79.0,100.0
ND,2024,24,35,2024-09-01,,99.0,98.0,61.0,97.0,100.0,91.0,100.0
ND,2024,25,36,2024-09-08,,100.0,98.0,79.0,97.0,100.0,95.0,100.0
ND,2024,26,37,2024-09-15,,100.0,98.0,88.0,97.0,100.0,98.0,100.0
ND,2024,27,38,2024-09-22,,100.0,98.0,93.0,97.0,100.0,98.0,100.0
ND,2024,28,39,2024-09-29,,100.0,98.0,97.0,97.0,100.0,98.0,100.0
ND,2025,3,14,2025-04-06,,0.0,0.0,0.0,0.0,0.0,0.0,1.0
ND,2025,4,15,2025-04-13,,0.0,0.0,0.0,0.0,0.0,0.0,3.0
ND,2025,5,16,2025-04-20,,0.0,1.0,0.0,0.0,0.0,0.0,10.0
ND,2025,6,17,2025-04-27,,0.0,2.0,0.0,0.0,0.0,0.0,19.0
ND,2025,7,18,2025-05-04,,0.0,8.0,0.0,0.0,0.0,0.0,35.0
ND,2025,8,19,2025-05-11,,0.0,20.0,0.0,0.0,0.0,0.0,58.0
ND,2025,9,20,2025-05-18,,0.0,39.0,0.0,0.0,1.0,0.0,78.0
ND,2025,10,21,2025-05-25,,0.0,53.0,0.0,0.0,3.0,0.0,84.0
ND,2025,11,22,2025-06-01,,0.0,71.0,0.0,0.0,8.0,0.0,94.0
ND,2025,12,23,2025-06-08,,0.0,82.0,0.0,0.0,13.0,0.0,98.0
ND,2025,13,24,2025-06-15,,0.0,92.0,0.0,1.0,33.0,0.0,98.0
ND,2025,14,25,2025-06-22,,0.0,97.0,0.0,10.0,58.0,0.0,98.0
ND,2025,15,26,2025-06-29,,0.0,100.0,0.0,32.0,79.0,0.0,98.0
ND,2025,16,27,2025-07-06,,2.0,100.0,0.0,60.0,91.0,0.0,98.0
ND,2025,17,28,2025-07-13,,13.0,100.0,0.0,81.0,95.0,0.0,98.0
ND,2025,18,29,2025-07-20,,37.0,100.0,0.0,91.0,95.0,0.0,98.0
ND,2025,19,30,2025-07-27,,61.0,100.0,0.0,96.0,95.0,13.0,98.0
ND,2025,20,31,2025-08-03,,76.0,100.0,1.0,98.0,95.0,27.0,98.0
ND,2025,21,32,2025-08-10,,87.0,100.0,9.0,98.0,95.0,56.0,98.0
ND,2025,22,33,2025-08-17,,95.0,100.0,24.0,98.0,95.0,73.0,98.0
ND,2025,23,34,2025-08-24,,95.0,100.0,40.0,98.0,95.0,87.0,98.0
ND,2025,24,35,2025-08-31,,95.0,100.0,62.0,98.0,95.0,93.0,98.0
ND,2025,25,36,2025-09-07,,95.0,100.0,78.0,98.0,95.0,97.0,98.0
ND,2025,26,37,2025-09-14,,95.0,100.0,92.0,98.0,95.0,97.0,98.0
ND,2025,27,38,2025-09-21,,95.0,100.0,94.0,98.0,95.0,97.0,98.0
ND,2025,28,39,2025-09-28,,95.0,100.0,96.0,98.0,95.0,97.0,98.0
OR,2016,2,13,2016-04-03,,,40.0,0.0,0.0,,,41.0
OR,2016,3,14,2016-04-10,,,43.0,0.0,0.0,,,58.0
OR,2016,4,15,2016-04-17,,,47.0,0.0,0.0,,,67.0
OR,2016,5,16,2016-04-24,,,65.0,0.0,0.0,,,75.0
OR,2016,6,17,2016-05-01,,,72.0,0.0,0.0,,,84.0
OR,2016,7,18,2016-05-08,,,87.0,0.0,0.0,,,95.0
OR,2016,8,19,2016-05-15,,,96.0,0.0,0.0,,,99.0
OR,2016,9,20,2016-05-22,,,96.0,0.0,20.0,,,99.0
OR,2016,10,21,2016-05-29,,,96.0,0.0,44.0,,,99.0
OR,2016,11,22,2016-06-05,,,96.0,0.0,65.0,,,99.0
OR,2016,12,23,2016-06-12,,,96.0,0.0,86.0,,,99.0
OR,2016,13,24,2016-06-19,,,96.0,0.0,92.0,,,99.0
OR,2016,14,25,2016-06-26,,,96.0,0.0,99.0,,,99.0
OR,2016,18,29,2016-07-24,,,96.0,0.0,99.0,,,99.0
OR,2016,19,30,2016-07-31,,,96.0,10.0,99.0,,,99.0
OR,2016,20,31,2016-08-07,,,96.0,37.0,99.0,,,99.0
OR,2016,21,32,2016-08-14,,,96.0,67.0,99.0,,,99.0
OR,2016,22,33,2016-08-21,,,96.0,78.0,99.0,,,99.0
OR,2016,23,34,2016-08-28,,,96.0,93.0,99.0,,,99.0
OR,2016,24,35,2016-09-04,,,96.0,99.0,99.0,,,99.0
OR,2017,1,12,2017-03-26,,,0.0,0.0,0.0,,,15.0
OR,2017,2,13,2017-04-02,,,0.0,0.0,0.0,,,25.0
OR,2017,3,14,2017-04-09,,,0.0,0.0,0.0,,,45.0
OR,2017,4,15,2017-04-16,,,19.0,0.0,0.0,,,60.0
OR,2017,5,16,2017-04-23,,,38.0,0.0,0.0,,,69.0
OR,2017,6,17,2017-04-30,,,45.0,0.0,0.0,,,80.0
OR,2017,7,18,2017-05-07,,,56.0,0.0,0.0,,,93.0
OR,2017,8,19,2017-05-14,,,70.0,0.0,0.0,,,96.0
OR,2017,9,20,2017-05-21,,,87.0,0.0,0.0,,,96.0
OR,2017,10,21,2017-05-28,,,95.0,0.0,0.0,,,96.0
OR,2017,11,22,2017-06-04,,,95.0,0.0,45.0,,,96.0
OR,2017,12,23,2017-06-11,,,95.0,0.0,61.0,,,96.0
OR,2017,13,24,2017-06-18,,,95.0,0.0,73.0,,,96.0
OR,2017,14,25,2017-06-25,,,95.0,0.0,75.0,,,96.0
OR,2017,15,26,2017-07-02,,,95.0,0.0,80.0,,,96.0
OR,2017,16,27,2017-07-09,,,95.0,0.0,85.0,,,96.0
OR,2017,17,28,2017-07-16,,,95.0,0.0,98.0,,,96.0
OR,2017,18,29,2017-07-23,,,95.0,1.0,98.0,,,96.0
OR,2017,19,30,2017-07-30,,,95.0,18.0,98.0,,,96.0
OR,2017,20,31,2017-08-06,,,95.0,38.0,98.0,,,96.0
OR,2017,21,32,2017-08-13,,,95.0,54.0,98.0,,,96.0
OR,2017,22,33,2017-08-20,,,95.0,75.0,98.0,,,96.0
OR,2017,23,34,2017-08-27,,,95.0,87.0,98.0,,,96.0
OR,2017,24,35,2017-09-03,,,95.0,94.0,98.0,,,96.0
OR,2017,25,36,2017-09-10,,,95.0,96.0,98.0,,,96.0
OR,2018,1,12,2018-03-25,,,0.0,0.0,0.0,,,38.0
OR,2018,2,13,2018-04-01,,,0.0,0.0,0.0,,,40.0
OR,2018,3,14,2018-04-08,,,10.0,0.0,0.0,,,46.0
OR,2018,4,15,2018-04-15,,,32.0,0.0,0.0,,,79.0
OR,2018,5,16,2018-04-22,,,55.0,0.0,0.0,,,85.0
OR,2018,6,17,2018-04-29,,,70.0,0.0,0.0,,,92.0
OR,2018,7,18,2018-05-06,,,80.0,0.0,0.0,,,95.0
OR,2018,8,19,2018-05-13,,,88.0,0.0,0.0,,,98.0
OR,2018,9,20,2018-05-20,,,93.0,0.0,0.0,,,100.0
OR,2018,10,21,2018-05-27,,,95.0,0.0,3.0,,,100.0
OR,2018,11,22,2018-06-03,,,95.0,0.0,38.0,,,100.0
OR,2018,12,23,2018-06-10,,,95.0,0.0,69.0,,,100.0
OR,2018,13,24,2018-06-17,,,95.0,0.0,85.0,,,100.0
OR,2018,14,25,2018-06-24,,,95.0,0.0,91.0,,,100.0
OR,2018,15,26,2018-07-01,,,95.0,0.0,95.0,,,100.0
OR,2018,16,27,2018-07-08,,,95.0,3.0,95.0,,,100.0
OR,2018,17,28,2018-07-15,,,95.0,7.0,95.0,,,100.0
OR,2018,18,29,2018-07-22,,,95.0,20.0,95.0,,,100.0
OR,2018,19,30,2018-07-29,,,95.0,38.0,95.0,,,100.0
OR,2018,20,31,2018-08-05,,,95.0,59.0,95.0,,,100.0
OR,2018,21,32,2018-08-12,,,95.0,69.0,95.0,,,100.0
OR,2018,22,33,2018-08-19,,,95.0,81.0,95.0,,,100.0
OR,2018,23,34,2018-08-26,,,95.0,86.0,95.0,,,100.0
OR,2018,24,35,2018-09-02,,,95.0,93.0,95.0,,,100.0
OR,2018,25,36,2018-09-09,,,95.0,95.0,95.0,,,100.0
OR,2019,1,12,2019-03-24,,,0.0,0.0,0.0,,,1.0
OR,2019,2,13,2019-03-31,,,0.0,0.0,0.0,,,5.0
OR,2019,3,14,2019-04-07,,,0.0,0.0,0.0,,,12.0
OR,2019,4,15,2019-04-14,,,0.0,0.0,0.0,,,21.0
OR,2019,5,16,2019-04-21,,,12.0,0.0,0.0,,,51.0
OR,2019,6,17,2019-04-28,,,31.0,0.0,0.0,,,62.0
OR,2019,7,18,2019-05-05,,,58.0,0.0,0.0,,,71.0
OR,2019,8,19,2019-05-12,,,67.0,0.0,0.0,,,88.0
OR,2019,9,20,2019-05-19,,,85.0,0.0,0.0,,,98.0
OR,2019,10,21,2019-05-26,,,90.0,0.0,0.0,,,98.0
OR,2019,11,22,2019-06-02,,,94.0,0.0,0.0,,,98.0
OR,2019,12,23,2019-06-09,,,96.0,0.0,0.0,,,98.0
OR,2019,13,24,2019-06-16,,,97.0,0.0,12.0,,,98.0
OR,2019,14,25,2019-06-23,,,97.0,0.0,76.0,,,98.0
OR,2019,15,26,2019-06-30,,,97.0,0.0,78.0,,,98.0
OR,2019,16,27,2019-07-07,,,97.0,0.0,96.0,,,98.0
OR,2019,17,28,2019-07-14,,,97.0,0.0,98.0,,,98.0
OR,2019,18,29,2019-07-21,,,97.0,0.0,99.0,,,98.0
OR,2019,19,30,2019-07-28,,,97.0,8.0,100.0,,,98.0
OR,2019,20,31,2019-08-04,,,97.0,19.0,100.0,,,98.0
OR,2019,21,32,2019-08-11,,,97.0,33.0,100.0,,,98.0
OR,2019,22,33,2019-08-18,,,97.0,50.0,100.0,,,98.0
OR,2019,23,34,2019-08-25,,,97.0,75.0,100.0,,,98.0
OR,2019,24,35,2019-09-01,,,97.0,93.0,100.0,,,98.0
OR,2019,25,36,2019-09-08,,,97.0,95.0,100.0,,,98.0
OR,2019,26,37,2019-09-15,,,97.0,97.0,100.0,,,98.0
OR,2019,27,38,2019-09-22,,,97.0,100.0,100.0,,,98.0
OR,2020,3,14,2020-04-05,,,0.0,0.0,0.0,,,45.0
OR,2020,4,15,2020-04-12,,,20.0,0.0,0.0,,,69.0
OR,2020,5,16,2020-04-19,,,48.0,0.0,0.0,,,82.0
OR,2020,6,17,2020-04-26,,,74.0,0.0,0.0,,,93.0
OR,2020,7,18,2020-05-03,,,92.0,0.0,0.0,,,98.0
OR,2020,8,19,2020-05-10,,,98.0,0.0,0.0,,,100.0
OR,2020,9,20,2020-05-17,,,99.0,0.0,0.0,,,100.0
OR,2020,10,21,2020-05-24,,,100.0,0.0,19.0,,,100.0
OR,2020,11,22,2020-05-31,,,100.0,0.0,28.0,,,100.0
OR,2020,12,23,2020-06-07,,,100.0,0.0,43.0,,,100.0
OR,2020,13,24,2020-06-14,,,100.0,0.0,65.0,,,100.0
OR,2020,14,25,2020-06-21,,,100.0,0.0,75.0,,,100.0
OR,2020,15,26,2020-06-28,,,100.0,0.0,91.0,,,100.0
OR,2020,16,27,2020-07-05,,,100.0,0.0,95.0,,,100.0
OR,2020,17,28,2020-07-12,,,100.0,0.0,99.0,,,100.0
OR,2020,19,30,2020-07-26,,,100.0,0.0,99.0,,,100.0
OR,2020,20,31,2020-08-02,,,100.0,15.0,99.0,,,100.0
OR,2020,21,32,2020-08-09,,,100.0,43.0,99.0,,,100.0
OR,2020,22,33,2020-08-16,,,100.0,54.0,99.0,,,100.0
OR,2020,23,34,2020-08-23,,,100.0,68.0,99.0,,,100.0
OR,2020,24,35,2020-08-30,,,100.0,79.0,99.0,,,100.0
OR,2020,25,36,2020-09-06,,,100.0,94.0,99.0,,,100.0
OR,2020,26,37,2020-09-13,,,100.0,95.0,99.0,,,100.0
OR,2021,1,12,2021-03-28,,,0.0,0.0,0.0,,,27.0
OR,2021,2,13,2021-04-04,,,0.0,0.0,0.0,,,42.0
OR,2021,3,14,2021-04-11,,,20.0,0.0,0.0,,,74.0
OR,2021,4,15,2021-04-18,,,38.0,0.0,0.0,,,87.0
OR,2021,5,16,2021-04-25,,,69.0,0.0,0.0,,,97.0
OR,2021,6,17,2021-05-02,,,83.0,0.0,0.0,,,97.0
OR,2021,7,18,2021-05-09,,,91.0,0.0,0.0,,,97.0
OR,2021,8,19,2021-05-16,,,95.0,0.0,0.0,,,97.0
OR,2021,9,20,2021-05-23,,,95.0,0.0,1.0,,,97.0
OR,2021,10,21,2021-05-30,,,95.0,0.0,27.0,,,97.0
OR,2021,11,22,2021-06-06,,,95.0,0.0,45.0,,,97.0
OR,2021,12,23,2021-06-13,,,95.0,0.0,62.0,,,97.0
OR,2021,13,24,2021-06-20,,,95.0,0.0,79.0,,,97.0
OR,2021,14,25,2021-06-27,,,95.0,0.0,89.0,,,97.0
OR,2021,15,26,2021-07-04,,,95.0,0.0,99.0,,,97.0
OR,2021,16,27,2021-07-11,,,95.0,1.0,99.0,,,97.0
OR,2021,17,28,2021-07-18,,,95.0,4.0,99.0,,,97.0
OR,2021,18,29,2021-07-25,,,95.0,10.0,99.0,,,97.0
OR,2021,19,30,2021-08-01,,,95.0,50.0,99.0,,,97.0
OR,2021,20,31,2021-08-08,,,95.0,75.0,99.0,,,97.0
OR,2021,21,32,2021-08-15,,,95.0,84.0,99.0,,,97.0
OR,2021,22,33,2021-08-22,,,95.0,90.0,99.0,,,97.0
OR,2021,23,34,2021-08-29,,,95.0,95.0,99.0,,,97.0
OR,2022,2,13,2022-04-03,,,1.0,0.0,0.0,,,33.0
OR,2022,3,14,2022-04-10,,,27.0,0.0,0.0,,,69.0
OR,2022,4,15,2022-04-17,,,29.0,0.0,0.0,,,71.0
OR,2022,5,16,2022-04-24,,,57.0,0.0,0.0,,,90.0
OR,2022,6,17,2022-05-01,,,67.0,0.0,0.0,,,95.0
OR,2022,7,18,2022-05-08,,,77.0,0.0,0.0,,,95.0
OR,2022,8,19,2022-05-15,,,88.0,0.0,0.0,,,95.0
OR,2022,9,20,2022-05-22,,,96.0,0.0,0.0,,,95.0
OR,2022,10,21,2022-05-29,,,96.0,0.0,0.0,,,95.0
OR,2022,11,22,2022-06-05,,,96.0,0.0,2.0,,,95.0
OR,2022,12,23,2022-06-12,,,96.0,0.0,12.0,,,95.0
OR,2022,13,24,2022-06-19,,,96.0,0.0,36.0,,,95.0
OR,2022,14,25,2022-06-26,,,96.0,0.0,78.0,,,95.0
OR,2022,15,26,2022-07-03,,,96.0,0.0,91.0,,,95.0
OR,2022,16,27,2022-07-10,,,96.0,0.0,93.0,,,95.0
OR,2022,17,28,2022-07-17,,,96.0,0.0,95.0,,,95.0
OR,2022,18,29,2022-07-24,,,96.0,1.0,95.0,,,95.0
OR,2022,19,30,2022-07-31,,,96.0,5.0,95.0,,,95.0
OR,2022,20,31,2022-08-07,,,96.0,23.0,95.0,,,95.0
OR,2022,21,32,2022-08-14,,,96.0,40.0,95.0,,,95.0
OR,2022,22,33,2022-08-21,,,96.0,67.0,95.0,,,95.0
OR,2022,23,34,2022-08-28,,,96.0,80.0,95.0,,,95.0
OR,2022,24,35,2022-09-04,,,96.0,91.0,95.0,,,95.0
OR,2022,25,36,2022-09-11,,,96.0,96.0,95.0,,,95.0
OR,2023,2,13,2023-04-02,,,0.0,0.0,0.0,,,29.0
OR,2023,3,14,2023-04-09,,,1.0,0.0,0.0,,,40.0
OR,2023,4,15,2023-04-16,,,5.0,0.0,0.0,,,60.0
OR,2023,5,16,2023-04-23,,,14.0,0.0,0.0,,,63.0
OR,2023,6,17,2023-04-30,,,45.0,0.0,0.0,,,73.0
OR,2023,7,18,2023-05-07,,,64.0,0.0,0.0,,,90.0
OR,2023,8,19,2023-05-14,,,80.0,0.0,0.0,,,94.0
OR,2023,9,20,2023-05-21,,,89.0,0.0,0.0,,,98.0
OR,2023,10,21,2023-05-28,,,95.0,0.0,1.0,,,98.0
OR,2023,11,22,2023-06-04,,,95.0,0.0,29.0,,,98.0
OR,2023,12,23,2023-06-11,,,95.0,0.0,56.0,,,98.0
OR,2023,13,24,2023-06-18,,,95.0,0.0,73.0,,,98.0
OR,2023,14,25,2023-06-25,,,95.0,0.0,81.0,,,98.0
OR,2023,15,26,2023-07-02,,,95.0,0.0,95.0,,,98.0
OR,2023,17,28,2023-07-16,,,95.0,1.0,95.0,,,98.0
OR,2023,18,29,2023-07-23,,,95.0,16.0,95.0,,,98.0
OR,2023,19,30,2023-07-30,,,95.0,44.0,95.0,,,98.0
OR,2023,20,31,2023-08-06,,,95.0,68.0,95.0,,,98.0
OR,2023,21,32,2023-08-13,,,95.0,90.0,95.0,,,98.0
OR,2023,22,33,2023-08-20,,,95.0,94.0,95.0,,,98.0
OR,2023,23,34,2023-08-27,,,95.0,97.0,95.0,,,98.0
OR,2024,2,13,2024-03-31,,,0.0,0.0,0.0,,,50.0
OR,2024,3,14,2024-04-07,,,15.0,0.0,0.0,,,59.0
OR,2024,4,15,2024-04-14,,,19.0,0.0,0.0,,,68.0
OR,2024,5,16,2024-04-21,,,28.0,0.0,0.0,,,89.0
OR,2024,6,17,2024-04-28,,,62.0,0.0,0.0,,,95.0
OR,2024,7,18,2024-05-05,,,77.0,0.0,0.0,,,95.0
OR,2024,8,19,2024-05-12,,,86.0,0.0,0.0,,,95.0
OR,2024,9,20,2024-05-19,,,93.0,0.0,0.0,,,95.0
OR,2024,10,21,2024-05-26,,,96.0,0.0,5.0,,,95.0
OR,2024,11,22,2024-06-02,,,96.0,0.0,19.0,,,95.0
OR,2024,12,23,2024-06-09,,,96.0,0.0,32.0,,,95.0
OR,2024,13,24,2024-06-16,,,96.0,0.0,49.0,,,95.0
OR,2024,14,25,2024-06-23,,,96.0,0.0,65.0,,,95.0
OR,2024,15,26,2024-06-30,,,96.0,0.0,89.0,,,95.0
OR,2024,16,27,2024-07-07,,,96.0,0.0,99.0,,,95.0
OR,2024,17,28,2024-07-14,,,96.0,2.0,99.0,,,95.0
OR,2024,18,29,2024-07-21,,,96.0,6.0,99.0,,,95.0
OR,2024,19,30,2024-07-28,,,96.0,24.0,99.0,,,95.0
OR,2024,20,31,2024-08-04,,,96.0,39.0,99.0,,,95.0
OR,2024,21,32,2024-08-11,,,96.0,55.0,99.0,,,95.0
OR,2024,22,33,2024-08-18,,,96.0,72.0,99.0,,,95.0
OR,2024,23,34,2024-08-25,,,96.0,87.0,99.0,,,95.0
OR,2024,24,35,2024-09-01,,,96.0,95.0,99.0,,,95.0
OR,2025,3,14,2025-04-06,,,3.0,0.0,0.0,,,59.0
OR,2025,4,15,2025-04-13,,,24.0,0.0,0.0,,,70.0
OR,2025,5,16,2025-04-20,,,36.0,0.0,0.0,,,83.0
OR,2025,6,17,2025-04-27,,,59.0,0.0,0.0,,,94.0
OR,2025,7,18,2025-05-04,,,76.0,0.0,0.0,,,99.0
OR,2025,8,19,2025-05-11,,,86.0,0.0,0.0,,,99.0
OR,2025,9,20,2025-05-18,,,94.0,0.0,0.0,,,99.0
OR,2025,10,21,2025-05-25,,,97.0,0.0,4.0,,,99.0
OR,2025,11,22,2025-06-01,,,97.0,0.0,28.0,,,99.0
OR,2025,12,23,2025-06-08,,,97.0,0.0,54.0,,,99.0
OR,2025,13,24,2025-06-15,,,97.0,0.0,70.0,,,99.0
OR,2025,14,25,2025-06-22,,,97.0,0.0,85.0,,,99.0
OR,2025,15,26,2025-06-29,,,97.0,0.0,95.0,,,99.0
OR,2025,16,27,2025-07-06,,,97.0,0.0,95.0,,,99.0
OR,2025,17,28,2025-07-13,,,97.0,0.0,95.0,,,99.0
OR,2025,18,29,2025-07-20,,,97.0,5.0,95.0,,,99.0
OR,2025,19,30,2025-07-27,,,97.0,28.0,95.0,,,99.0
OR,2025,20,31,2025-08-03,,,97.0,45.0,95.0,,,99.0
OR,2025,21,32,2025-08-10,,,97.0,64.0,95.0,,,99.0
OR,2025,22,33,2025-08-17,,,97.0,92.0,95.0,,,99.0
OR,2025,23,34,2025-08-24,,,97.0,98.0,95.0,,,99.0
SD,2016,2,13,2016-04-03,,0.0,0.0,0.0,0.0,0.0,,8.0
SD,2016,3,14,2016-04-10,,0.0,0.0,0.0,0.0,0.0,,29.0
SD,2016,4,15,2016-04-17,,0.0,14.0,0.0,0.0,0.0,,61.0
SD,2016,5,16,2016-04-24,,0.0,24.0,0.0,0.0,0.0,,72.0
SD,2016,6,17,2016-05-01,,0.0,52.0,0.0,0.0,0.0,,81.0
SD,2016,7,18,2016-05-08,,0.0,75.0,0.0,0.0,0.0,,92.0
SD,2016,8,19,2016-05-15,,0.0,83.0,0.0,0.0,2.0,,97.0
SD,2016,9,20,2016-05-22,,0.0,92.0,0.0,0.0,18.0,,99.0
SD,2016,10,21,2016-05-29,,0.0,96.0,0.0,0.0,41.0,,99.0
SD,2016,11,22,2016-06-05,,0.0,100.0,0.0,0.0,59.0,,99.0
SD,2016,12,23,2016-06-12,,0.0,100.0,0.0,28.0,83.0,,99.0
SD,2016,13,24,2016-06-19,,0.0,100.0,0.0,51.0,95.0,,99.0
SD,2016,14,25,2016-06-26,,0.0,100.0,0.0,73.0,95.0,,99.0
SD,2016,15,26,2016-07-03,,30.0,100.0,0.0,92.0,95.0,,99.0
SD,2016,16,27,2016-07-10,,65.0,100.0,0.0,99.0,95.0,,99.0
SD,2016,17,28,2016-07-17,,86.0,100.0,0.0,100.0,95.0,,99.0
SD,2016,18,29,2016-07-24,,95.0,100.0,20.0,100.0,95.0,,99.0
SD,2016,19,30,2016-07-31,,95.0,100.0,55.0,100.0,95.0,,99.0
SD,2016,20,31,2016-08-07,,95.0,100.0,73.0,100.0,95.0,,99.0
SD,2016,21,32,2016-08-14,,95.0,100.0,84.0,100.0,95.0,,99.0
SD,2016,22,33,2016-08-21,,95.0,100.0,89.0,100.0,95.0,,99.0
SD,2016,23,34,2016-08-28,,95.0,100.0,91.0,100.0,95.0,,99.0
SD,2016,24,35,2016-09-04,,95.0,100.0,93.0,100.0,95.0,,99.0
SD,2016,25,36,2016-09-11,,95.0,100.0,97.0,100.0,95.0,,99.0
SD,2016,26,37,2016-09-18,,95.0,100.0,100.0,100.0,95.0,,99.0
SD,2016,27,38,2016-09-25,,95.0,100.0,100.0,100.0,95.0,,99.0
SD,2017,2,13,2017-04-02,,0.0,0.0,0.0,0.0,0.0,0.0,6.0
SD,2017,3,14,2017-04-09,,0.0,3.0,0.0,0.0,0.0,0.0,23.0
SD,2017,4,15,2017-04-16,,0.0,11.0,0.0,0.0,0.0,0.0,52.0
SD,2017,5,16,2017-04-23,,0.0,32.0,0.0,0.0,0.0,0.0,75.0
SD,2017,6,17,2017-04-30,,0.0,49.0,0.0,0.0,0.0,0.0,84.0
SD,2017,7,18,2017-05-07,,0.0,71.0,0.0,0.0,0.0,0.0,94.0
SD,2017,8,19,2017-05-14,,0.0,83.0,0.0,0.0,1.0,0.0,99.0
SD,2017,9,20,2017-05-21,,0.0,95.0,0.0,0.0,8.0,0.0,99.0
SD,2017,10,21,2017-05-28,,0.0,99.0,0.0,0.0,32.0,0.0,100.0
SD,2017,11,22,2017-06-04,,0.0,100.0,0.0,10.0,54.0,0.0,100.0
SD,2017,12,23,2017-06-11,,0.0,100.0,0.0,37.0,72.0,0.0,100.0
SD,2017,13,24,2017-06-18,,1.0,100.0,0.0,65.0,93.0,0.0,100.0
SD,2017,14,25,2017-06-25,,17.0,100.0,0.0,85.0,99.0,0.0,100.0
SD,2017,15,26,2017-07-02,,35.0,100.0,0.0,92.0,99.0,0.0,100.0
SD,2017,16,27,2017-07-09,,61.0,100.0,0.0,98.0,99.0,12.0,100.0
SD,2017,17,28,2017-07-16,,82.0,100.0,5.0,99.0,99.0,43.0,100.0
SD,2017,18,29,2017-07-23,,94.0,100.0,28.0,100.0,99.0,66.0,100.0
SD,2017,19,30,2017-07-30,,97.0,100.0,46.0,100.0,99.0,82.0,100.0
SD,2017,20,31,2017-08-06,,97.0,100.0,65.0,100.0,99.0,93.0,100.0
SD,2017,21,32,2017-08-13,,97.0,100.0,79.0,100.0,99.0,96.0,100.0
SD,2017,22,33,2017-08-20,,97.0,100.0,88.0,100.0,99.0,96.0,100.0
SD,2017,23,34,2017-08-27,,97.0,100.0,93.0,100.0,99.0,96.0,100.0
SD,2017,24,35,2017-09-03,,97.0,100.0,97.0,100.0,99.0,96.0,100.0
SD,2017,25,36,2017-09-10,,97.0,100.0,99.0,100.0,99.0,96.0,100.0
SD,2018,2,13,2018-04-01,,,0.0,0.0,0.0,,,0.0
SD,2018,3,14,2018-04-08,,,0.0,0.0,0.0,,,0.0
SD,2018,4,15,2018-04-15,,,0.0,0.0,0.0,,,1.0
SD,2018,5,16,2018-04-22,,,0.0,0.0,0.0,,,2.0
SD,2018,6,17,2018-04-29,,,0.0,0.0,0.0,,,12.0
SD,2018,7,18,2018-05-06,,,6.0,0.0,0.0,,,51.0
SD,2018,8,19,2018-05-13,,,28.0,0.0,0.0,,,79.0
SD,2018,9,20,2018-05-20,,,63.0,0.0,0.0,,,94.0
SD,2018,10,21,2018-05-27,,,90.0,0.0,0.0,,,96.0
SD,2018,11,22,2018-06-03,,,96.0,0.0,0.0,,,99.0
SD,2018,12,23,2018-06-10,,,99.0,0.0,16.0,,,99.0
SD,2018,13,24,2018-06-17,,,100.0,0.0,48.0,,,99.0
SD,2018,14,25,2018-06-24,,,100.0,0.0,67.0,,,99.0
SD,2018,15,26,2018-07-01,,,100.0,0.0,81.0,,,99.0
SD,2018,16,27,2018-07-08,,,100.0,0.0,90.0,,,99.0
SD,2018,17,28,2018-07-15,,,100.0,0.0,96.0,,,99.0
SD,2018,18,29,2018-07-22,,,100.0,7.0,99.0,,,99.0
SD,2018,19,30,2018-07-29,,,100.0,35.0,99.0,,,99.0
SD,2018,20,31,2018-08-05,,,100.0,52.0,99.0,,,99.0
SD,2018,21,32,2018-08-12,,,100.0,80.0,99.0,,,99.0
SD,2018,22,33,2018-08-19,,,100.0,91.0,99.0,,,99.0
SD,2018,23,34,2018-08-26,,,100.0,97.0,99.0,,,99.0
SD,2018,24,35,2018-09-02,,,100.0,99.0,99.0,,,99.0
SD,2018,25,36,2018-09-09,,,100.0,100.0,99.0,,,99.0
SD,2018,26,37,2018-09-16,,,100.0,100.0,99.0,,,99.0
SD,2019,3,14,2019-04-07,,,0.0,0.0,0.0,,,0.0
SD,2019,4,15,2019-04-14,,,0.0,0.0,0.0,,,0.0
SD,2019,5,16,2019-04-21,,,0.0,0.0,0.0,,,2.0
SD,2019,6,17,2019-04-28,,,0.0,0.0,0.0,,,8.0
SD,2019,7,18,2019-05-05,,,1.0,0.0,0.0,,,19.0
SD,2019,8,19,2019-05-12,,,9.0,0.0,0.0,,,46.0
SD,2019,9,20,2019-05-19,,,29.0,0.0,0.0,,,70.0
SD,2019,10,21,2019-05-26,,,43.0,0.0,0.0,,,79.0
SD,2019,11,22,2019-06-02,,,73.0,0.0,0.0,,,86.0
SD,2019,12,23,2019-06-09,,,89.0,0.0,0.0,,,96.0
SD,2019,13,24,2019-06-16,,,97.0,0.0,5.0,,,96.0
SD,2019,14,25,2019-06-23,,,97.0,0.0,10.0,,,96.0
SD,2019,15,26,2019-06-30,,,97.0,0.0,36.0,,,96.0
SD,2019,16,27,2019-07-07,,,97.0,0.0,61.0,,,96.0
SD,2019,17,28,2019-07-14,,,97.0,0.0,75.0,,,96.0
SD,2019,18,29,2019-07-21,,,97.0,0.0,86.0,,,96.0
SD,2019,19,30,2019-07-28,,,97.0,0.0,94.0,,,96.0
SD,2019,20,31,2019-08-04,,,97.0,5.0,97.0,,,96.0
SD,2019,21,32,2019-08-11,,,97.0,16.0,97.0,,,96.0
SD,2019,22,33,2019-08-18,,,97.0,27.0,97.0,,,96.0
SD,2019,23,34,2019-08-25,,,97.0,53.0,97.0,,,96.0
SD,2019,24,35,2019-09-01,,,97.0,79.0,97.0,,,96.0
SD,2019,25,36,2019-09-08,,,97.0,91.0,97.0,,,96.0
SD,2019,26,37,2019-09-15,,,97.0,96.0,97.0,,,96.0
SD,2019,27,38,2019-09-22,,,97.0,99.0,97.0,,,96.0
SD,2019,28,39,2019-09-29,,,97.0,100.0,97.0,,,96.0
SD,2019,29,40,2019-10-06,,,97.0,100.0,97.0,,,96.0
SD,2020,3,14,2020-04-05,,,0.0,0.0,0.0,,,0.0
SD,2020,4,15,2020-04-12,,,0.0,0.0,0.0,,,6.0
SD,2020,5,16,2020-04-19,,,0.0,0.0,0.0,,,9.0
SD,2020,6,17,2020-04-26,,,7.0,0.0,0.0,,,36.0
SD,2020,7,18,2020-05-03,,,17.0,0.0,0.0,,,60.0
SD,2020,8,19,2020-05-10,,,36.0,0.0,0.0,,,75.0
SD,2020,9,20,2020-05-17,,,57.0,0.0,0.0,,,91.0
SD,2020,10,21,2020-05-24,,,76.0,0.0,0.0,,,97.0
SD,2020,11,22,2020-05-31,,,91.0,0.0,2.0,,,99.0
SD,2020,12,23,2020-06-07,,,96.0,0.0,15.0,,,100.0
SD,2020,13,24,2020-06-14,,,99.0,0.0,20.0,,,100.0
SD,2020,14,25,2020-06-21,,,99.0,0.0,45.0,,,100.0
SD,2020,15,26,2020-06-28,,,99.0,0.0,77.0,,,100.0
SD,2020,16,27,2020-07-05,,,99.0,0.0,90.0,,,100.0
SD,2020,17,28,2020-07-12,,,99.0,0.0,95.0,,,100.0
SD,2020,18,29,2020-07-19,,,99.0,0.0,98.0,,,100.0
SD,2020,19,30,2020-07-26,,,99.0,8.0,100.0,,,100.0
SD,2020,20,31,2020-08-02,,,99.0,35.0,100.0,,,100.0
SD,2020,21,32,2020-08-09,,,99.0,59.0,100.0,,,100.0
SD,2020,22,33,2020-08-16,,,99.0,81.0,100.0,,,100.0
SD,2020,23,34,2020-08-23,,,99.0,91.0,100.0,,,100.0
SD,2020,24,35,2020-08-30,,,99.0,96.0,100.0,,,100.0
SD,2020,25,36,2020-09-06,,,99.0,97.0,100.0,,,100.0
SD,2020,26,37,2020-09-13,,,99.0,98.0,100.0,,,100.0
SD,2020,27,38,2020-09-20,,,99.0,99.0,100.0,,,100.0
SD,2021,2,13,2021-04-04,,,0.0,0.0,0.0,,,11.0
SD,2021,3,14,2021-04-11,,,4.0,0.0,0.0,,,30.0
SD,2021,4,15,2021-04-18,,,15.0,0.0,0.0,,,46.0
SD,2021,5,16,2021-04-25,,,28.0,0.0,0.0,,,63.0
SD,2021,6,17,2021-05-02,,,46.0,0.0,0.0,,,81.0
SD,2021,7,18,2021-05-09,,,60.0,0.0,0.0,,,91.0
SD,2021,8,19,2021-05-16,,,76.0,0.0,0.0,,,97.0
SD,2021,9,20,2021-05-23,,,87.0,0.0,0.0,,,99.0
SD,2021,10,21,2021-05-30,,,93.0,0.0,4.0,,,100.0
SD,2021,11,22,2021-06-06,,,97.0,0.0,17.0,,,100.0
SD,2021,12,23,2021-06-13,,,99.0,0.0,45.0,,,100.0
SD,2021,13,24,2021-06-20,,,100.0,0.0,64.0,,,100.0
SD,2021,14,25,2021-06-27,,,100.0,0.0,79.0,,,100.0
SD,2021,15,26,2021-07-04,,,100.0,0.0,84.0,,,100.0
SD,2021,16,27,2021-07-11,,,100.0,0.0,95.0,,,100.0
SD,2021,17,28,2021-07-18,,,100.0,0.0,96.0,,,100.0
SD,2021,18,29,2021-07-25,,,100.0,21.0,98.0,,,100.0
SD,2021,19,30,2021-08-01,,,100.0,53.0,98.0,,,100.0
SD,2021,20,31,2021-08-08,,,100.0,72.0,98.0,,,100.0
SD,2021,21,32,2021-08-15,,,100.0,80.0,98.0,,,100.0
SD,2021,22,33,2021-08-22,,,100.0,95.0,98.0,,,100.0
SD,2021,23,34,2021-08-29,,,100.0,99.0,98.0,,,100.0
SD,2021,24,35,2021-09-05,,,100.0,100.0,98.0,,,100.0
SD,2022,2,13,2022-04-03,,,0.0,0.0,0.0,,,6.0
SD,2022,3,14,2022-04-10,,,0.0,0.0,0.0,,,15.0
SD,2022,4,15,2022-04-17,,,1.0,0.0,0.0,,,25.0
SD,2022,5,16,2022-04-24,,,4.0,0.0,0.0,,,36.0
SD,2022,6,17,2022-05-01,,,12.0,0.0,0.0,,,48.0
SD,2022,7,18,2022-05-08,,,28.0,0.0,0.0,,,63.0
SD,2022,8,19,2022-05-15,,,43.0,0.0,0.0,,,78.0
SD,2022,9,20,2022-05-22,,,69.0,0.0,0.0,,,94.0
SD,2022,10,21,2022-05-29,,,85.0,0.0,0.0,,,97.0
SD,2022,11,22,2022-06-05,,,91.0,0.0,1.0,,,98.0
SD,2022,12,23,2022-06-12,,,96.0,0.0,8.0,,,100.0
SD,2022,13,24,2022-06-19,,,98.0,0.0,15.0,,,100.0
SD,2022,14,25,2022-06-26,,,100.0,0.0,45.0,,,100.0
SD,2022,15,26,2022-07-03,,,100.0,0.0,64.0,,,100.0
SD,2022,16,27,2022-07-10,,,100.0,0.0,81.0,,,100.0
SD,2022,17,28,2022-07-17,,,100.0,1.0,91.0,,,100.0
SD,2022,18,29,2022-07-24,,,100.0,11.0,95.0,,,100.0
SD,2022,19,30,2022-07-31,,,100.0,26.0,99.0,,,100.0
SD,2022,20,31,2022-08-07,,,100.0,54.0,99.0,,,100.0
SD,2022,21,32,2022-08-14,,,100.0,72.0,99.0,,,100.0
SD,2022,22,33,2022-08-21,,,100.0,84.0,99.0,,,100.0
SD,2022,23,34,2022-08-28,,,100.0,92.0,99.0,,,100.0
SD,2022,24,35,2022-09-04,,,100.0,97.0,99.0,,,100.0
SD,2022,25,36,2022-09-11,,,100.0,100.0,99.0,,,100.0
SD,2022,26,37,2022-09-18,,,100.0,100.0,99.0,,,100.0
SD,2022,27,38,2022-09-25,,,100.0,100.0,99.0,,,100.0
SD,2023,2,13,2023-04-02,,,0.0,0.0,0.0,,,0.0
SD,2023,3,14,2023-04-09,,,0.0,0.0,0.0,,,0.0
SD,2023,4,15,2023-04-16,,,0.0,0.0,0.0,,,1.0
SD,2023,5,16,2023-04-23,,,0.0,0.0,0.0,,,4.0
SD,2023,6,17,2023-04-30,,,0.0,0.0,0.0,,,17.0
SD,2023,7,18,2023-05-07,,,9.0,0.0,0.0,,,56.0
SD,2023,8,19,2023-05-14,,,37.0,0.0,0.0,,,84.0
SD,2023,9,20,2023-05-21,,,74.0,0.0,0.0,,,95.0
SD,2023,10,21,2023-05-28,,,88.0,0.0,0.0,,,99.0
SD,2023,11,22,2023-06-04,,,96.0,0.0,0.0,,,100.0
SD,2023,12,23,2023-06-11,,,98.0,0.0,20.0,,,100.0
SD,2023,13,24,2023-06-18,,,100.0,0.0,50.0,,,100.0
SD,2023,14,25,2023-06-25,,,100.0,0.0,70.0,,,100.0
SD,2023,15,26,2023-07-02,,,100.0,0.0,89.0,,,100.0
SD,2023,16,27,2023-07-09,,,100.0,0.0,95.0,,,100.0
SD,2023,17,28,2023-07-16,,,100.0,2.0,98.0,,,100.0
SD,2023,18,29,2023-07-23,,,100.0,9.0,100.0,,,100.0
SD,2023,19,30,2023-07-30,,,100.0,21.0,100.0,,,100.0
SD,2023,20,31,2023-08-06,,,100.0,38.0,100.0,,,100.0
SD,2023,21,32,2023-08-13,,,100.0,54.0,100.0,,,100.0
SD,2023,22,33,2023-08-20,,,100.0,75.0,100.0,,,100.0
SD,2023,23,34,2023-08-27,,,100.0,91.0,100.0,,,100.0
SD,2023,24,35,2023-09-03,,,100.0,97.0,100.0,,,100.0
SD,2023,25,36,2023-09-10,,,100.0,99.0,100.0,,,100.0
SD,2023,26,37,2023-09-17,,,100.0,100.0,100.0,,,100.0
SD,2023,27,38,2023-09-24,,,100.0,100.0,100.0,,,100.0
SD,2024,2,13,2024-03-31,,,0.0,0.0,0.0,,,1.0
SD,2024,3,14,2024-04-07,,,0.0,0.0,0.0,,,5.0
SD,2024,4,15,2024-04-14,,,0.0,0.0,0.0,,,23.0
SD,2024,5,16,2024-04-21,,,6.0,0.0,0.0,,,40.0
SD,2024,6,17,2024-04-28,,,10.0,0.0,0.0,,,62.0
SD,2024,7,18,2024-05-05,,,31.0,0.0,0.0,,,79.0
SD,2024,8,19,2024-05-12,,,57.0,0.0,0.0,,,88.0
SD,2024,9,20,2024-05-19,,,66.0,0.0,0.0,,,95.0
SD,2024,10,21,2024-05-26,,,75.0,0.0,0.0,,,98.0
SD,2024,11,22,2024-06-02,,,91.0,0.0,0.0,,,100.0
SD,2024,12,23,2024-06-09,,,98.0,0.0,7.0,,,100.0
SD,2024,13,24,2024-06-16,,,99.0,0.0,28.0,,,100.0
SD,2024,14,25,2024-06-23,,,100.0,0.0,44.0,,,100.0
SD,2024,15,26,2024-06-30,,,100.0,0.0,66.0,,,100.0
SD,2024,16,27,2024-07-07,,,100.0,0.0,82.0,,,100.0
SD,2024,17,28,2024-07-14,,,100.0,0.0,93.0,,,100.0
SD,2024,18,29,2024-07-21,,,100.0,2.0,95.0,,,100.0
SD,2024,19,30,2024-07-28,,,100.0,8.0,95.0,,,100.0
SD,2024,20,31,2024-08-04,,,100.0,39.0,95.0,,,100.0
SD,2024,21,32,2024-08-11,,,100.0,54.0,98.0,,,100.0
SD,2024,22,33,2024-08-18,,,100.0,70.0,100.0,,,100.0
SD,2024,23,34,2024-08-25,,,100.0,83.0,100.0,,,100.0
SD,2024,24,35,2024-09-01,,,100.0,93.0,100.0,,,100.0
SD,2024,25,36,2024-09-08,,,100.0,97.0,100.0,,,100.0
SD,2024,26,37,2024-09-15,,,100.0,100.0,100.0,,,100.0
SD,2024,27,38,2024-09-22,,,100.0,100.0,100.0,,,100.0
SD,2025,3,14,2025-04-06,,,0.0,0.0,0.0,,,9.0
SD,2025,4,15,2025-04-13,,,0.0,0.0,0.0,,,27.0
SD,2025,5,16,2025-04-20,,,6.0,0.0,0.0,,,50.0
SD,2025,6,17,2025-04-27,,,25.0,0.0,0.0,,,79.0
SD,2025,7,18,2025-05-04,,,45.0,0.0,0.0,,,94.0
SD,2025,8,19,2025-05-11,,,74.0,0.0,0.0,,,98.0
SD,2025,9,20,2025-05-18,,,85.0,0.0,0.0,,,99.0
SD,2025,10,21,2025-05-25,,,92.0,0.0,0.0,,,100.0
SD,2025,11,22,2025-06-01,,,97.0,0.0,4.0,,,100.0
SD,2025,12,23,2025-06-08,,,100.0,0.0,11.0,,,100.0
SD,2025,13,24,2025-06-15,,,100.0,0.0,26.0,,,100.0
SD,2025,14,25,2025-06-22,,,100.0,0.0,53.0,,,100.0
SD,2025,15,26,2025-06-29,,,100.0,0.0,87.0,,,100.0
SD,2025,16,27,2025-07-06,,,100.0,0.0,96.0,,,100.0
SD,2025,17,28,2025-07-13,,,100.0,0.0,100.0,,,100.0
SD,2025,18,29,2025-07-20,,,100.0,3.0,100.0,,,100.0
SD,2025,19,30,2025-07-27,,,100.0,10.0,100.0,,,100.0
SD,2025,20,31,2025-08-03,,,100.0,23.0,100.0,,,100.0
SD,2025,21,32,2025-08-10,,,100.0,43.0,100.0,,,100.0
SD,2025,22,33,2025-08-17,,,100.0,70.0,100.0,,,100.0
SD,2025,23,34,2025-08-24,,,100.0,84.0,100.0,,,100.0
SD,2025,24,35,2025-08-31,,,100.0,91.0,100.0,,,100.0
SD,2025,25,36,2025-09-07,,,100.0,96.0,100.0,,,100.0
SD,2025,26,37,2025-09-14,,,100.0,100.0,100.0,,,100.0
SD,2025,27,38,2025-09-21,,,100.0,100.0,100.0,,,100.0
TX,2021,2,13,2021-04-04,,,,,,,,1.0
UT,2016,2,13,2016-04-03,,,0.0,0.0,0.0,,,19.0
UT,2016,3,14,2016-04-10,,,0.0,0.0,0.0,,,47.0
UT,2016,4,15,2016-04-17,,,26.0,0.0,0.0,,,63.0
UT,2016,5,16,2016-04-24,,,48.0,0.0,0.0,,,80.0
UT,2016,6,17,2016-05-01,,,68.0,0.0,0.0,,,91.0
UT,2016,7,18,2016-05-08,,,80.0,0.0,0.0,,,96.0
UT,2016,8,19,2016-05-15,,,93.0,0.0,0.0,,,96.0
UT,2016,9,20,2016-05-22,,,96.0,0.0,4.0,,,96.0
UT,2016,10,21,2016-05-29,,,96.0,0.0,9.0,,,96.0
UT,2016,11,22,2016-06-05,,,96.0,0.0,14.0,,,96.0
UT,2016,12,23,2016-06-12,,,96.0,0.0,40.0,,,96.0
UT,2016,13,24,2016-06-19,,,96.0,0.0,60.0,,,96.0
UT,2016,14,25,2016-06-26,,,96.0,2.0,72.0,,,96.0
UT,2016,15,26,2016-07-03,,,96.0,14.0,95.0,,,96.0
UT,2016,16,27,2016-07-10,,,96.0,16.0,95.0,,,96.0
UT,2016,17,28,2016-07-17,,,96.0,20.0,95.0,,,96.0
UT,2016,18,29,2016-07-24,,,96.0,26.0,95.0,,,96.0
UT,2016,19,30,2016-07-31,,,96.0,33.0,95.0,,,96.0
UT,2016,20,31,2016-08-07,,,96.0,48.0,95.0,,,96.0
UT,2016,21,32,2016-08-14,,,96.0,60.0,95.0,,,96.0
UT,2016,22,33,2016-08-21,,,96.0,72.0,95.0,,,96.0
UT,2016,23,34,2016-08-28,,,96.0,84.0,95.0,,,96.0
UT,2016,24,35,2016-09-04,,,96.0,96.0,95.0,,,96.0
UT,2017,1,12,2017-03-26,,,0.0,0.0,0.0,,,3.0
UT,2017,2,13,2017-04-02,,,0.0,0.0,0.0,,,9.0
UT,2017,3,14,2017-04-09,,,0.0,0.0,0.0,,,24.0
UT,2017,4,15,2017-04-16,,,5.0,0.0,0.0,,,44.0
UT,2017,5,16,2017-04-23,,,15.0,0.0,0.0,,,60.0
UT,2017,6,17,2017-04-30,,,34.0,0.0,0.0,,,71.0
UT,2017,7,18,2017-05-07,,,58.0,0.0,0.0,,,88.0
UT,2017,8,19,2017-05-14,,,80.0,0.0,0.0,,,95.0
UT,2017,9,20,2017-05-21,,,88.0,0.0,0.0,,,95.0
UT,2017,10,21,2017-05-28,,,94.0,0.0,0.0,,,95.0
UT,2017,11,22,2017-06-04,,,99.0,0.0,3.0,,,95.0
UT,2017,12,23,2017-06-11,,,99.0,0.0,19.0,,,95.0
UT,2017,13,24,2017-06-18,,,99.0,0.0,36.0,,,95.0
UT,2017,14,25,2017-06-25,,,99.0,0.0,50.0,,,95.0
UT,2017,15,26,2017-07-02,,,99.0,0.0,71.0,,,95.0
UT,2017,16,27,2017-07-09,,,99.0,0.0,81.0,,,95.0
UT,2017,17,28,2017-07-16,,,99.0,1.0,90.0,,,95.0
UT,2017,18,29,2017-07-23,,,99.0,6.0,94.0,,,95.0
UT,2017,19,30,2017-07-30,,,99.0,15.0,97.0,,,95.0
UT,2017,20,31,2017-08-06,,,99.0,29.0,97.0,,,95.0
UT,2017,21,32,2017-08-13,,,99.0,49.0,97.0,,,95.0
UT,2017,22,33,2017-08-20,,,99.0,68.0,97.0,,,95.0
UT,2017,23,34,2017-08-27,,,99.0,78.0,97.0,,,95.0
UT,2017,24,35,2017-09-03,,,99.0,89.0,97.0,,,95.0
UT,2017,25,36,2017-09-10,,,99.0,95.0,97.0,,,95.0
UT,2018,1,12,2018-03-25,,,0.0,0.0,0.0,,,6.0
UT,2018,2,13,2018-04-01,,,0.0,0.0,0.0,,,13.0
UT,2018,3,14,2018-04-08,,,5.0,0.0,0.0,,,42.0
UT,2018,4,15,2018-04-15,,,12.0,0.0,0.0,,,55.0
UT,2018,5,16,2018-04-22,,,37.0,0.0,0.0,,,81.0
UT,2018,6,17,2018-04-29,,,65.0,0.0,0.0,,,92.0
UT,2018,7,18,2018-05-06,,,86.0,0.0,0.0,,,98.0
UT,2018,8,19,2018-05-13,,,92.0,0.0,0.0,,,98.0
UT,2018,9,20,2018-05-20,,,96.0,0.0,0.0,,,98.0
UT,2018,10,21,2018-05-27,,,96.0,0.0,3.0,,,98.0
UT,2018,11,22,2018-06-03,,,96.0,0.0,16.0,,,98.0
UT,2018,12,23,2018-06-10,,,96.0,0.0,19.0,,,98.0
UT,2018,13,24,2018-06-17,,,96.0,0.0,33.0,,,98.0
UT,2018,14,25,2018-06-24,,,96.0,0.0,57.0,,,98.0
UT,2018,15,26,2018-07-01,,,96.0,0.0,81.0,,,98.0
UT,2018,16,27,2018-07-08,,,96.0,0.0,89.0,,,98.0
UT,2018,17,28,2018-07-15,,,96.0,0.0,94.0,,,98.0
UT,2018,18,29,2018-07-22,,,96.0,7.0,100.0,,,98.0
UT,2018,19,30,2018-07-29,,,96.0,22.0,100.0,,,98.0
UT,2018,20,31,2018-08-05,,,96.0,38.0,100.0,,,98.0
UT,2018,21,32,2018-08-12,,,96.0,58.0,100.0,,,98.0
UT,2018,22,33,2018-08-19,,,96.0,75.0,100.0,,,98.0
UT,2018,23,34,2018-08-26,,,96.0,84.0,100.0,,,98.0
UT,2018,24,35,2018-09-02,,,96.0,90.0,100.0,,,98.0
UT,2018,25,36,2018-09-09,,,96.0,96.0,100.0,,,98.0
WA,2016,2,13,2016-04-03,,,9.0,0.0,0.0,,,17.0
WA,2016,3,14,2016-04-10,,,30.0,0.0,0.0,,,42.0
WA,2016,4,15,2016-04-17,,,35.0,0.0,0.0,,,63.0
WA,2016,5,16,2016-04-24,,,41.0,0.0,0.0,,,72.0
WA,2016,6,17,2016-05-01,,,56.0,0.0,0.0,,,83.0
WA,2016,7,18,2016-05-08,,,75.0,0.0,0.0,,,88.0
WA,2016,8,19,2016-05-15,,,90.0,0.0,0.0,,,97.0
WA,2016,9,20,2016-05-22,,,93.0,0.0,0.0,,,100.0
WA,2016,10,21,2016-05-29,,,96.0,0.0,4.0,,,100.0
WA,2016,11,22,2016-06-05,,,99.0,0.0,36.0,,,100.0
WA,2016,12,23,2016-06-12,,,99.0,0.0,54.0,,,100.0
WA,2016,13,24,2016-06-19,,,99.0,0.0,68.0,,,100.0
WA,2016,14,25,2016-06-26,,,99.0,0.0,84.0,,,100.0
WA,2016,15,26,2016-07-03,,,99.0,0.0,90.0,,,100.0
WA,2016,16,27,2016-07-10,,,99.0,0.0,95.0,,,100.0
WA,2016,17,28,2016-07-17,,,99.0,1.0,100.0,,,100.0
WA,2016,18,29,2016-07-24,,,99.0,2.0,100.0,,,100.0
WA,2016,19,30,2016-07-31,,,99.0,14.0,100.0,,,100.0
WA,2016,20,31,2016-08-07,,,99.0,30.0,100.0,,,100.0
WA,2016,21,32,2016-08-14,,,99.0,44.0,100.0,,,100.0
WA,2016,22,33,2016-08-21,,,99.0,66.0,100.0,,,100.0
WA,2016,23,34,2016-08-28,,,99.0,78.0,100.0,,,100.0
WA,2016,24,35,2016-09-04,,,99.0,91.0,100.0,,,100.0
WA,2016,25,36,2016-09-11,,,99.0,96.0,100.0,,,100.0
WA,2016,26,37,2016-09-18,,,99.0,100.0,100.0,,,100.0
WA,2016,27,38,2016-09-25,,,99.0,100.0,100.0,,,100.0
WA,2017,1,12,2017-03-26,,,0.0,0.0,0.0,,,2.0
WA,2017,2,13,2017-04-02,,,0.0,0.0,0.0,,,4.0
WA,2017,3,14,2017-04-09,,,0.0,0.0,0.0,,,11.0
WA,2017,4,15,2017-04-16,,,0.0,0.0,0.0,,,20.0
WA,2017,5,16,2017-04-23,,,1.0,0.0,0.0,,,38.0
WA,2017,6,17,2017-04-30,,,11.0,0.0,0.0,,,49.0
WA,2017,7,18,2017-05-07,,,46.0,0.0,0.0,,,72.0
WA,2017,8,19,2017-05-14,,,55.0,0.0,0.0,,,81.0
WA,2017,9,20,2017-05-21,,,80.0,0.0,0.0,,,95.0
WA,2017,10,21,2017-05-28,,,81.0,0.0,0.0,,,100.0
WA,2017,11,22,2017-06-04,,,87.0,0.0,1.0,,,100.0
WA,2017,12,23,2017-06-11,,,95.0,0.0,21.0,,,100.0
WA,2017,13,24,2017-06-18,,,95.0,0.0,28.0,,,100.0
WA,2017,14,25,2017-06-25,,,95.0,0.0,63.0,,,100.0
WA,2017,15,26,2017-07-02,,,95.0,0.0,83.0,,,100.0
WA,2017,16,27,2017-07-09,,,95.0,0.0,91.0,,,100.0
WA,2017,17,28,2017-07-16,,,95.0,0.0,93.0,,,100.0
WA,2017,18,29,2017-07-23,,,95.0,2.0,97.0,,,100.0
WA,2017,19,30,2017-07-30,,,95.0,5.0,97.0,,,100.0
WA,2017,20,31,2017-08-06,,,95.0,17.0,97.0,,,100.0
WA,2017,21,32,2017-08-13,,,95.0,43.0,97.0,,,100.0
WA,2017,22,33,2017-08-20,,,95.0,62.0,97.0,,,100.0
WA,2017,23,34,2017-08-27,,,95.0,77.0,97.0,,,100.0
WA,2017,24,35,2017-09-03,,,95.0,88.0,97.0,,,100.0
WA,2017,25,36,2017-09-10,,,95.0,93.0,97.0,,,100.0
WA,2017,26,37,2017-09-17,,,95.0,99.0,97.0,,,100.0
WA,2018,1,12,2018-03-25,,,0.0,0.0,0.0,,,9.0
WA,2018,2,13,2018-04-01,,,0.0,0.0,0.0,,,20.0
WA,2018,3,14,2018-04-08,,,0.0,0.0,0.0,,,27.0
WA,2018,4,15,2018-04-15,,,0.0,0.0,0.0,,,37.0
WA,2018,5,16,2018-04-22,,,5.0,0.0,0.0,,,39.0
WA,2018,6,17,2018-04-29,,,30.0,0.0,0.0,,,78.0
WA,2018,7,18,2018-05-06,,,49.0,0.0,0.0,,,83.0
WA,2018,8,19,2018-05-13,,,65.0,0.0,0.0,,,94.0
WA,2018,9,20,2018-05-20,,,75.0,0.0,0.0,,,96.0
WA,2018,10,21,2018-05-27,,,91.0,0.0,2.0,,,97.0
WA,2018,11,22,2018-06-03,,,93.0,0.0,11.0,,,100.0
WA,2018,12,23,2018-06-10,,,96.0,0.0,20.0,,,100.0
WA,2018,13,24,2018-06-17,,,98.0,0.0,45.0,,,100.0
WA,2018,14,25,2018-06-24,,,98.0,0.0,81.0,,,100.0
WA,2018,15,26,2018-07-01,,,98.0,0.0,88.0,,,100.0
WA,2018,16,27,2018-07-08,,,98.0,0.0,96.0,,,100.0
WA,2018,17,28,2018-07-15,,,98.0,0.0,100.0,,,100.0
WA,2018,18,29,2018-07-22,,,98.0,0.0,100.0,,,100.0
WA,2018,19,30,2018-07-29,,,98.0,6.0,100.0,,,100.0
WA,2018,20,31,2018-08-05,,,98.0,16.0,100.0,,,100.0
WA,2018,21,32,2018-08-12,,,98.0,35.0,100.0,,,100.0
WA,2018,22,33,2018-08-19,,,98.0,46.0,100.0,,,100.0
WA,2018,23,34,2018-08-26,,,98.0,71.0,100.0,,,100.0
WA,2018,24,35,2018-09-02,,,98.0,88.0,100.0,,,100.0
WA,2018,25,36,2018-09-09,,,98.0,90.0,100.0,,,100.0
WA,2018,26,37,2018-09-16,,,98.0,96.0,100.0,,,100.0
WA,2019,1,12,2019-03-24,,,0.0,0.0,0.0,,,0.0
WA,2019,2,13,2019-03-31,,,0.0,0.0,0.0,,,2.0
WA,2019,3,14,2019-04-07,,,0.0,0.0,0.0,,,11.0
WA,2019,4,15,2019-04-14,,,0.0,0.0,0.0,,,17.0
WA,2019,5,16,2019-04-21,,,0.0,0.0,0.0,,,27.0
WA,2019,6,17,2019-04-28,,,4.0,0.0,0.0,,,52.0
WA,2019,7,18,2019-05-05,,,34.0,0.0,0.0,,,72.0
WA,2019,8,19,2019-05-12,,,63.0,0.0,0.0,,,81.0
WA,2019,9,20,2019-05-19,,,69.0,0.0,0.0,,,87.0
WA,2019,10,21,2019-05-26,,,77.0,0.0,0.0,,,96.0
WA,2019,11,22,2019-06-02,,,86.0,0.0,0.0,,,99.0
WA,2019,12,23,2019-06-09,,,92.0,0.0,0.0,,,100.0
WA,2019,13,24,2019-06-16,,,98.0,0.0,13.0,,,100.0
WA,2019,14,25,2019-06-23,,,98.0,0.0,64.0,,,100.0
WA,2019,15,26,2019-06-30,,,98.0,0.0,79.0,,,100.0
WA,2019,16,27,2019-07-07,,,98.0,0.0,89.0,,,100.0
WA,2019,17,28,2019-07-14,,,98.0,0.0,95.0,,,100.0
WA,2019,18,29,2019-07-21,,,98.0,0.0,100.0,,,100.0
WA,2019,19,30,2019-07-28,,,98.0,2.0,100.0,,,100.0
WA,2019,20,31,2019-08-04,,,98.0,10.0,100.0,,,100.0
WA,2019,21,32,2019-08-11,,,98.0,18.0,100.0,,,100.0
WA,2019,22,33,2019-08-18,,,98.0,25.0,100.0,,,100.0
WA,2019,23,34,2019-08-25,,,98.0,47.0,100.0,,,100.0
WA,2019,24,35,2019-09-01,,,98.0,61.0,100.0,,,100.0
WA,2019,25,36,2019-09-08,,,98.0,74.0,100.0,,,100.0
WA,2019,26,37,2019-09-15,,,98.0,87.0,100.0,,,100.0
WA,2019,27,38,2019-09-22,,,98.0,91.0,100.0,,,100.0
WA,2019,28,39,2019-09-29,,,98.0,93.0,100.0,,,100.0
WA,2019,29,40,2019-10-06,,,98.0,95.0,100.0,,,100.0
WA,2020,3,14,2020-04-05,,,0.0,0.0,0.0,,,42.0
WA,2020,4,15,2020-04-12,,,20.0,0.0,0.0,,,57.0
WA,2020,5,16,2020-04-19,,,47.0,0.0,0.0,,,78.0
WA,2020,6,17,2020-04-26,,,60.0,0.0,0.0,,,88.0
WA,2020,7,18,2020-05-03,,,78.0,0.0,0.0,,,92.0
WA,2020,8,19,2020-05-10,,,80.0,0.0,0.0,,,96.0
WA,2020,9,20,2020-05-17,,,82.0,0.0,0.0,,,98.0
WA,2020,10,21,2020-05-24,,,87.0,0.0,0.0,,,99.0
WA,2020,11,22,2020-05-31,,,90.0,0.0,5.0,,,100.0
WA,2020,12,23,2020-06-07,,,95.0,0.0,9.0,,,100.0
WA,2020,13,24,2020-06-14,,,97.0,0.0,29.0,,,100.0
WA,2020,14,25,2020-06-21,,,97.0,0.0,59.0,,,100.0
WA,2020,15,26,2020-06-28,,,97.0,0.0,73.0,,,100.0
WA,2020,16,27,2020-07-05,,,97.0,0.0,83.0,,,100.0
WA,2020,17,28,2020-07-12,,,97.0,0.0,89.0,,,100.0
WA,2020,18,29,2020-07-19,,,97.0,0.0,95.0,,,100.0
WA,2020,19,30,2020-07-26,,,97.0,7.0,100.0,,,100.0
WA,2020,20,31,2020-08-02,,,97.0,9.0,100.0,,,100.0
WA,2020,21,32,2020-08-09,,,97.0,17.0,100.0,,,100.0
WA,2020,22,33,2020-08-16,,,97.0,36.0,100.0,,,100.0
WA,2020,23,34,2020-08-23,,,97.0,48.0,100.0,,,100.0
WA,2020,24,35,2020-08-30,,,97.0,62.0,100.0,,,100.0
WA,2020,25,36,2020-09-06,,,97.0,83.0,100.0,,,100.0
WA,2020,26,37,2020-09-13,,,97.0,87.0,100.0,,,100.0
WA,2020,27,38,2020-09-20,,,97.0,94.0,100.0,,,100.0
WA,2020,28,39,2020-09-27,,,97.0,99.0,100.0,,,100.0
WA,2021,1,12,2021-03-28,,,0.0,0.0,0.0,,,13.0
WA,2021,2,13,2021-04-04,,,0.0,0.0,0.0,,,14.0
WA,2021,3,14,2021-04-11,,,0.0,0.0,0.0,,,50.0
WA,2021,4,15,2021-04-18,,,15.0,0.0,0.0,,,71.0
WA,2021,5,16,2021-04-25,,,55.0,0.0,0.0,,,80.0
WA,2021,6,17,2021-05-02,,,63.0,0.0,0.0,,,86.0
WA,2021,7,18,2021-05-09,,,65.0,0.0,0.0,,,88.0
WA,2021,8,19,2021-05-16,,,84.0,0.0,0.0,,,99.0
WA,2021,9,20,2021-05-23,,,86.0,0.0,0.0,,,100.0
WA,2021,10,21,2021-05-30,,,93.0,0.0,0.0,,,100.0
WA,2021,11,22,2021-06-06,,,98.0,0.0,0.0,,,100.0
WA,2021,12,23,2021-06-13,,,99.0,0.0,23.0,,,100.0
WA,2021,13,24,2021-06-20,,,99.0,0.0,54.0,,,100.0
WA,2021,14,25,2021-06-27,,,99.0,0.0,88.0,,,100.0
WA,2021,15,26,2021-07-04,,,99.0,0.0,98.0,,,100.0
WA,2021,16,27,2021-07-11,,,99.0,0.0,100.0,,,100.0
WA,2021,17,28,2021-07-18,,,99.0,2.0,100.0,,,100.0
WA,2021,18,29,2021-07-25,,,99.0,12.0,100.0,,,100.0
WA,2021,19,30,2021-08-01,,,99.0,40.0,100.0,,,100.0
WA,2021,20,31,2021-08-08,,,99.0,57.0,100.0,,,100.0
WA,2021,21,32,2021-08-15,,,99.0,62.0,100.0,,,100.0
WA,2021,22,33,2021-08-22,,,99.0,87.0,100.0,,,100.0
WA,2021,23,34,2021-08-29,,,99.0,95.0,100.0,,,100.0
WA,2021,24,35,2021-09-05,,,99.0,96.0,100.0,,,100.0
WA,2022,2,13,2022-04-03,,,4.0,0.0,0.0,,,27.0
WA,2022,3,14,2022-04-10,,,11.0,0.0,0.0,,,32.0
WA,2022,4,15,2022-04-17,,,15.0,0.0,0.0,,,40.0
WA,2022,5,16,2022-04-24,,,24.0,0.0,0.0,,,73.0
WA,2022,6,17,2022-05-01,,,40.0,0.0,0.0,,,75.0
WA,2022,7,18,2022-05-08,,,49.0,0.0,0.0,,,86.0
WA,2022,8,19,2022-05-15,,,58.0,0.0,0.0,,,91.0
WA,2022,9,20,2022-05-22,,,66.0,0.0,0.0,,,96.0
WA,2022,10,21,2022-05-29,,,79.0,0.0,0.0,,,100.0
WA,2022,11,22,2022-06-05,,,89.0,0.0,0.0,,,100.0
WA,2022,12,23,2022-06-12,,,94.0,0.0,2.0,,,100.0
WA,2022,13,24,2022-06-19,,,99.0,0.0,15.0,,,100.0
WA,2022,14,25,2022-06-26,,,100.0,0.0,36.0,,,100.0
WA,2022,15,26,2022-07-03,,,100.0,0.0,57.0,,,100.0
WA,2022,16,27,2022-07-10,,,100.0,0.0,74.0,,,100.0
WA,2022,17,28,2022-07-17,,,100.0,0.0,89.0,,,100.0
WA,2022,18,29,2022-07-24,,,100.0,0.0,96.0,,,100.0
WA,2022,19,30,2022-07-31,,,100.0,1.0,98.0,,,100.0
WA,2022,20,31,2022-08-07,,,100.0,6.0,98.0,,,100.0
WA,2022,21,32,2022-08-14,,,100.0,14.0,98.0,,,100.0
WA,2022,22,33,2022-08-21,,,100.0,40.0,98.0,,,100.0
WA,2022,23,34,2022-08-28,,,100.0,61.0,98.0,,,100.0
WA,2022,24,35,2022-09-04,,,100.0,77.0,98.0,,,100.0
WA,2022,25,36,2022-09-11,,,100.0,92.0,98.0,,,100.0
WA,2022,26,37,2022-09-18,,,100.0,98.0,98.0,,,100.0
WA,2022,27,38,2022-09-25,,,100.0,99.0,98.0,,,100.0
WA,2023,2,13,2023-04-02,,,0.0,0.0,0.0,,,6.0
WA,2023,3,14,2023-04-09,,,0.0,0.0,0.0,,,11.0
WA,2023,4,15,2023-04-16,,,2.0,0.0,0.0,,,27.0
WA,2023,5,16,2023-04-23,,,10.0,0.0,0.0,,,48.0
WA,2023,6,17,2023-04-30,,,38.0,0.0,0.0,,,74.0
WA,2023,7,18,2023-05-07,,,52.0,0.0,0.0,,,89.0
WA,2023,8,19,2023-05-14,,,72.0,0.0,0.0,,,95.0
WA,2023,9,20,2023-05-21,,,89.0,0.0,0.0,,,98.0
WA,2023,10,21,2023-05-28,,,94.0,0.0,0.0,,,100.0
WA,2023,11,22,2023-06-04,,,99.0,0.0,0.0,,,100.0
WA,2023,12,23,2023-06-11,,,100.0,0.0,17.0,,,100.0
WA,2023,13,24,2023-06-18,,,100.0,0.0,41.0,,,100.0
WA,2023,14,25,2023-06-25,,,100.0,0.0,64.0,,,100.0
WA,2023,15,26,2023-07-02,,,100.0,0.0,90.0,,,100.0
WA,2023,16,27,2023-07-09,,,100.0,0.0,98.0,,,100.0
WA,2023,17,28,2023-07-16,,,100.0,0.0,100.0,,,100.0
WA,2023,18,29,2023-07-23,,,100.0,4.0,100.0,,,100.0
WA,2023,19,30,2023-07-30,,,100.0,12.0,100.0,,,100.0
WA,2023,20,31,2023-08-06,,,100.0,19.0,100.0,,,100.0
WA,2023,21,32,2023-08-13,,,100.0,30.0,100.0,,,100.0
WA,2023,22,33,2023-08-20,,,100.0,53.0,100.0,,,100.0
WA,2023,23,34,2023-08-27,,,100.0,78.0,100.0,,,100.0
WA,2023,24,35,2023-09-03,,,100.0,83.0,100.0,,,100.0
WA,2023,25,36,2023-09-10,,,100.0,95.0,100.0,,,100.0
WA,2023,26,37,2023-09-17,,,100.0,98.0,100.0,,,100.0
WA,2023,27,38,2023-09-24,,,100.0,99.0,100.0,,,100.0
WA,2024,2,13,2024-03-31,,,0.0,0.0,0.0,,,10.0
WA,2024,3,14,2024-04-07,,,0.0,0.0,0.0,,,21.0
WA,2024,4,15,2024-04-14,,,9.0,0.0,0.0,,,42.0
WA,2024,5,16,2024-04-21,,,18.0,0.0,0.0,,,60.0
WA,2024,6,17,2024-04-28,,,38.0,0.0,0.0,,,76.0
WA,2024,7,18,2024-05-05,,,54.0,0.0,0.0,,,90.0
WA,2024,8,19,2024-05-12,,,77.0,0.0,0.0,,,98.0
WA,2024,9,20,2024-05-19,,,95.0,0.0,0.0,,,99.0
WA,2024,10,21,2024-05-26,,,97.0,0.0,0.0,,,100.0
WA,2024,11,22,2024-06-02,,,100.0,0.0,4.0,,,100.0
WA,2024,12,23,2024-06-09,,,100.0,0.0,25.0,,,100.0
WA,2024,13,24,2024-06-16,,,100.0,0.0,31.0,,,100.0
WA,2024,14,25,2024-06-23,,,100.0,0.0,46.0,,,100.0
WA,2024,15,26,2024-06-30,,,100.0,0.0,71.0,,,100.0
WA,2024,16,27,2024-07-07,,,100.0,0.0,84.0,,,100.0
WA,2024,17,28,2024-07-14,,,100.0,0.0,98.0,,,100.0
WA,2024,18,29,2024-07-21,,,100.0,1.0,100.0,,,100.0
WA,2024,19,30,2024-07-28,,,100.0,5.0,100.0,,,100.0
WA,2024,20,31,2024-08-04,,,100.0,21.0,100.0,,,100.0
WA,2024,21,32,2024-08-11,,,100.0,32.0,100.0,,,100.0
WA,2024,22,33,2024-08-18,,,100.0,52.0,100.0,,,100.0
WA,2024,23,34,2024-08-25,,,100.0,75.0,100.0,,,100.0
WA,2024,24,35,2024-09-01,,,100.0,86.0,100.0,,,100.0
WA,2024,25,36,2024-09-08,,,100.0,96.0,100.0,,,100.0
WA,2024,26,37,2024-09-15,,,100.0,100.0,100.0,,,100.0
WA,2024,27,38,2024-09-22,,,100.0,100.0,100.0,,,100.0
WA,2025,3,14,2025-04-06,,,1.0,0.0,0.0,,,12.0
WA,2025,4,15,2025-04-13,,,3.0,0.0,0.0,,,28.0
WA,2025,5,16,2025-04-20,,,12.0,0.0,0.0,,,57.0
WA,2025,6,17,2025-04-27,,,32.0,0.0,0.0,,,79.0
WA,2025,7,18,2025-05-04,,,55.0,0.0,0.0,,,87.0
WA,2025,8,19,2025-05-11,,,78.0,0.0,0.0,,,93.0
WA,2025,9,20,2025-05-18,,,89.0,0.0,0.0,,,97.0
WA,2025,10,21,2025-05-25,,,97.0,0.0,0.0,,,100.0
WA,2025,11,22,2025-06-01,,,99.0,0.0,2.0,,,100.0
WA,2025,12,23,2025-06-08,,,100.0,0.0,18.0,,,100.0
WA,2025,13,24,2025-06-15,,,100.0,0.0,39.0,,,100.0
WA,2025,14,25,2025-06-22,,,100.0,0.0,65.0,,,100.0
WA,2025,15,26,2025-06-29,,,100.0,0.0,83.0,,,100.0
WA,2025,16,27,2025-07-06,,,100.0,0.0,95.0,,,100.0
WA,2025,17,28,2025-07-13,,,100.0,0.0,97.0,,,100.0
WA,2025,18,29,2025-07-20,,,100.0,1.0,100.0,,,100.0
WA,2025,19,30,2025-07-27,,,100.0,11.0,100.0,,,100.0
WA,2025,20,31,2025-08-03,,,100.0,24.0,100.0,,,100.0
WA,2025,21,32,2025-08-10,,,100.0,30.0,100.0,,,100.0
WA,2025,22,33,2025-08-17,,,100.0,45.0,100.0,,,100.0
WA,2025,23,34,2025-08-24,,,100.0,74.0,100.0,,,100.0
WA,2025,24,35,2025-08-31,,,100.0,90.0,100.0,,,100.0
WA,2025,25,36,2025-09-07,,,100.0,95.0,100.0,,,100.0
WA,2025,26,37,2025-09-14,,,100.0,97.0,100.0,,,100.0
WA,2025,27,38,2025-09-21,,,100.0,98.0,100.0,,,100.0
WY,2016,3,14,2016-04-10,0.0,0.0,0.0,0.0,0.0,0.0,0.0,11.0
WY,2016,4,15,2016-04-17,0.0,0.0,5.0,0.0,0.0,0.0,0.0,29.0
WY,2016,5,16,2016-04-24,0.0,0.0,17.0,0.0,0.0,0.0,0.0,35.0
WY,2016,6,17,2016-05-01,0.0,0.0,27.0,0.0,0.0,0.0,0.0,47.0
WY,2016,7,18,2016-05-08,0.0,0.0,40.0,0.0,0.0,0.0,0.0,75.0
WY,2016,8,19,2016-05-15,0.0,0.0,58.0,0.0,0.0,0.0,0.0,86.0
WY,2016,9,20,2016-05-22,0.0,0.0,78.0,0.0,0.0,0.0,0.0,94.0
WY,2016,10,21,2016-05-29,0.0,0.0,90.0,0.0,0.0,14.0,0.0,99.0
WY,2016,11,22,2016-06-05,0.0,0.0,97.0,0.0,0.0,30.0,0.0,99.0
WY,2016,12,23,2016-06-12,13.0,0.0,97.0,0.0,0.0,47.0,0.0,99.0
WY,2016,13,24,2016-06-19,33.0,0.0,97.0,0.0,0.0,72.0,0.0,99.0
WY,2016,14,25,2016-06-26,54.0,0.0,97.0,0.0,22.0,95.0,0.0,99.0
WY,2016,15,26,2016-07-03,80.0,7.0,97.0,0.0,47.0,95.0,0.0,99.0
WY,2016,16,27,2016-07-10,94.0,20.0,97.0,0.0,66.0,95.0,0.0,99.0
WY,2016,17,28,2016-07-17,99.0,38.0,97.0,0.0,78.0,95.0,0.0,99.0
WY,2016,18,29,2016-07-24,99.0,51.0,97.0,0.0,94.0,95.0,11.0,99.0
WY,2016,19,30,2016-07-31,99.0,72.0,97.0,8.0,97.0,95.0,31.0,99.0
WY,2016,20,31,2016-08-07,99.0,98.0,97.0,32.0,97.0,95.0,60.0,99.0
WY,2016,21,32,2016-08-14,99.0,98.0,97.0,54.0,97.0,95.0,85.0,99.0
WY,2016,22,33,2016-08-21,99.0,98.0,97.0,78.0,97.0,95.0,97.0,99.0
WY,2016,23,34,2016-08-28,99.0,98.0,97.0,85.0,97.0,95.0,97.0,99.0
WY,2016,24,35,2016-09-04,99.0,98.0,97.0,92.0,97.0,95.0,97.0,99.0
WY,2016,25,36,2016-09-11,99.0,98.0,97.0,97.0,97.0,95.0,97.0,99.0
WY,2017,3,14,2017-04-09,0.0,0.0,0.0,0.0,0.0,0.0,0.0,5.0
WY,2017,4,15,2017-04-16,0.0,0.0,0.0,0.0,0.0,0.0,0.0,27.0
WY,2017,5,16,2017-04-23,0.0,0.0,1.0,0.0,0.0,0.0,0.0,50.0
WY,2017,6,17,2017-04-30,0.0,0.0,17.0,0.0,0.0,0.0,0.0,71.0
WY,2017,7,18,2017-05-07,0.0,0.0,40.0,0.0,0.0,0.0,0.0,83.0
WY,2017,8,19,2017-05-14,0.0,0.0,52.0,0.0,0.0,0.0,0.0,88.0
WY,2017,9,20,2017-05-21,0.0,0.0,66.0,0.0,0.0,0.0,0.0,91.0
WY,2017,10,21,2017-05-28,0.0,0.0,75.0,0.0,0.0,3.0,0.0,94.0
WY,2017,11,22,2017-06-04,0.0,0.0,83.0,0.0,0.0,18.0,0.0,99.0
WY,2017,12,23,2017-06-11,9.0,0.0,93.0,0.0,0.0,47.0,0.0,99.0
WY,2017,13,24,2017-06-18,34.0,0.0,97.0,0.0,0.0,70.0,0.0,99.0
WY,2017,14,25,2017-06-25,55.0,0.0,97.0,0.0,20.0,95.0,0.0,99.0
WY,2017,15,26,2017-07-02,68.0,6.0,97.0,0.0,32.0,95.0,0.0,99.0
WY,2017,16,27,2017-07-09,95.0,28.0,97.0,0.0,52.0,95.0,0.0,99.0
WY,2017,17,28,2017-07-16,95.0,33.0,97.0,0.0,74.0,95.0,0.0,99.0
WY,2017,18,29,2017-07-23,95.0,62.0,97.0,0.0,93.0,95.0,9.0,99.0
WY,2017,19,30,2017-07-30,95.0,79.0,97.0,8.0,96.0,95.0,32.0,99.0
WY,2017,20,31,2017-08-06,95.0,89.0,97.0,15.0,96.0,95.0,61.0,99.0
WY,2017,21,32,2017-08-13,95.0,96.0,97.0,40.0,96.0,95.0,83.0,99.0
WY,2017,22,33,2017-08-20,95.0,96.0,97.0,66.0,96.0,95.0,96.0,99.0
WY,2017,23,34,2017-08-27,95.0,96.0,97.0,79.0,96.0,95.0,96.0,99.0
WY,2017,24,35,2017-09-03,95.0,96.0,97.0,87.0,96.0,95.0,96.0,99.0
WY,2017,25,36,2017-09-10,95.0,96.0,97.0,93.0,96.0,95.0,96.0,99.0
WY,2017,26,37,2017-09-17,95.0,96.0,97.0,96.0,96.0,95.0,96.0,99.0
WY,2018,3,14,2018-04-08,0.0,0.0,0.0,0.0,0.0,0.0,0.0,0.0
WY,2018,4,15,2018-04-15,0.0,0.0,0.0,0.0,0.0,0.0,0.0,8.0
WY,2018,5,16,2018-04-22,0.0,0.0,0.0,0.0,0.0,0.0,0.0,30.0
WY,2018,6,17,2018-04-29,0.0,0.0,8.0,0.0,0.0,0.0,0.0,56.0
WY,2018,7,18,2018-05-06,0.0,0.0,37.0,0.0,0.0,0.0,0.0,65.0
WY,2018,8,19,2018-05-13,0.0,0.0,44.0,0.0,0.0,0.0,0.0,71.0
WY,2018,9,20,2018-05-20,0.0,0.0,58.0,0.0,0.0,0.0,0.0,79.0
WY,2018,10,21,2018-05-27,0.0,0.0,69.0,0.0,0.0,0.0,0.0,90.0
WY,2018,11,22,2018-06-03,0.0,0.0,89.0,0.0,0.0,18.0,0.0,96.0
WY,2018,12,23,2018-06-10,0.0,0.0,95.0,0.0,0.0,38.0,0.0,96.0
WY,2018,13,24,2018-06-17,16.0,0.0,95.0,0.0,0.0,61.0,0.0,96.0
WY,2018,14,25,2018-06-24,38.0,0.0,95.0,0.0,13.0,82.0,0.0,96.0
WY,2018,15,26,2018-07-01,60.0,0.0,95.0,0.0,32.0,92.0,0.0,96.0
WY,2018,16,27,2018-07-08,77.0,15.0,95.0,0.0,43.0,98.0,0.0,96.0
WY,2018,17,28,2018-07-15,93.0,25.0,95.0,0.0,59.0,98.0,0.0,96.0
WY,2018,18,29,2018-07-22,97.0,31.0,95.0,0.0,71.0,98.0,12.0,96.0
WY,2018,19,30,2018-07-29,97.0,47.0,95.0,8.0,89.0,98.0,19.0,96.0
WY,2018,20,31,2018-08-05,97.0,76.0,95.0,15.0,99.0,98.0,39.0,96.0
WY,2018,21,32,2018-08-12,97.0,88.0,95.0,27.0,99.0,98.0,59.0,96.0
WY,2018,22,33,2018-08-19,97.0,95.0,95.0,43.0,99.0,98.0,75.0,96.0
WY,2018,23,34,2018-08-26,97.0,95.0,95.0,58.0,99.0,98.0,85.0,96.0
WY,2018,24,35,2018-09-02,97.0,95.0,95.0,72.0,99.0,98.0,96.0,96.0
WY,2018,25,36,2018-09-09,97.0,95.0,95.0,82.0,99.0,98.0,96.0,96.0
WY,2018,26,37,2018-09-16,97.0,95.0,95.0,91.0,99.0,98.0,96.0,96.0
WY,2018,27,38,2018-09-23,97.0,95.0,95.0,95.0,99.0,98.0,96.0,96.0
US,2016,3,14,2016-04-10,,,0.0,0.0,0.0,,,13.0
US,2016,4,15,2016-04-17,,,0.0,0.0,0.0,,,27.0
US,2016,5,16,2016-04-24,,,8.0,0.0,0.0,,,42.0
US,2016,6,17,2016-05-01,,,22.0,0.0,0.0,,,54.0
US,2016,7,18,2016-05-08,,,39.0,0.0,0.0,,,77.0
US,2016,8,19,2016-05-15,,,60.0,0.0,0.0,,,89.0
US,2016,9,20,2016-05-22,,,78.0,0.0,0.0,,,95.0
US,2016,10,21,2016-05-29,,,88.0,0.0,0.0,,,95.0
US,2016,11,22,2016-06-05,,,96.0,0.0,0.0,,,95.0
US,2016,13,24,2016-06-19,,,96.0,0.0,28.0,,,95.0
US,2016,14,25,2016-06-26,,,96.0,0.0,56.0,,,95.0
US,2016,15,26,2016-07-03,,,96.0,0.0,74.0,,,95.0
US,2016,16,27,2016-07-10,,,96.0,0.0,91.0,,,95.0
US,2016,17,28,2016-07-17,,,96.0,0.0,96.0,,,95.0
US,2016,19,30,2016-07-31,,,96.0,10.0,96.0,,,95.0
US,2016,20,31,2016-08-07,,,96.0,30.0,96.0,,,95.0
US,2016,21,32,2016-08-14,,,96.0,48.0,96.0,,,95.0
US,2016,22,33,2016-08-21,,,96.0,65.0,96.0,,,95.0
US,2016,23,34,2016-08-28,,,96.0,81.0,96.0,,,95.0
US,2016,24,35,2016-09-04,,,96.0,91.0,96.0,,,95.0
US,2016,25,36,2016-09-11,,,96.0,94.0,96.0,,,95.0
US,2016,26,37,2016-09-18,,,96.0,98.0,96.0,,,95.0
US,2017,3,14,2017-04-09,,,0.0,0.0,0.0,,,5.0
US,2017,4,15,2017-04-16,,,0.0,0.0,0.0,,,13.0
US,2017,5,16,2017-04-23,,,5.0,0.0,0.0,,,22.0
US,2017,6,17,2017-04-30,,,9.0,0.0,0.0,,,31.0
US,2017,7,18,2017-05-07,,,21.0,0.0,0.0,,,54.0
US,2017,8,19,2017-05-14,,,40.0,0.0,0.0,,,78.0
US,2017,9,20,2017-05-21,,,62.0,0.0,0.0,,,90.0
US,2017,10,21,2017-05-28,,,79.0,0.0,0.0,,,96.0
US,2017,11,22,2017-06-04,,,90.0,0.0,0.0,,,96.0
US,2017,12,23,2017-06-11,,,95.0,0.0,0.0,,,96.0
US,2017,13,24,2017-06-18,,,95.0,0.0,15.0,,,96.0
US,2017,14,25,2017-06-25,,,95.0,0.0,36.0,,,96.0
US,2017,15,26,2017-07-02,,,95.0,0.0,59.0,,,96.0
US,2017,16,27,2017-07-09,,,95.0,0.0,79.0,,,96.0
US,2017,17,28,2017-07-16,,,95.0,0.0,91.0,,,96.0
US,2017,18,29,2017-07-23,,,95.0,0.0,96.0,,,96.0
US,2017,19,30,2017-07-30,,,95.0,9.0,96.0,,,96.0
US,2017,20,31,2017-08-06,,,95.0,24.0,96.0,,,96.0
US,2017,21,32,2017-08-13,,,95.0,40.0,96.0,,,96.0
US,2017,22,33,2017-08-20,,,95.0,58.0,96.0,,,96.0
US,2017,23,34,2017-08-27,,,95.0,76.0,96.0,,,96.0
US,2017,24,35,2017-09-03,,,95.0,89.0,96.0,,,96.0
US,2017,25,36,2017-09-10,,,95.0,95.0,96.0,,,96.0
US,2018,3,14,2018-04-08,,,0.0,0.0,0.0,,,2.0
US,2018,4,15,2018-04-15,,,0.0,0.0,0.0,,,3.0
US,2018,5,16,2018-04-22,,,0.0,0.0,0.0,,,3.0
US,2018,6,17,2018-04-29,,,0.0,0.0,0.0,,,10.0
US,2018,7,18,2018-05-06,,,4.0,0.0,0.0,,,30.0
US,2018,8,19,2018-05-13,,,14.0,0.0,0.0,,,58.0
US,2018,9,20,2018-05-20,,,37.0,0.0,0.0,,,79.0
US,2018,10,21,2018-05-27,,,63.0,0.0,0.0,,,91.0
US,2018,11,22,2018-06-03,,,81.0,0.0,0.0,,,97.0
US,2018,12,23,2018-06-10,,,94.0,0.0,0.0,,,97.0
US,2018,13,24,2018-06-17,,,97.0,0.0,9.0,,,97.0
US,2018,14,25,2018-06-24,,,97.0,0.0,34.0,,,97.0
US,2018,15,26,2018-07-01,,,97.0,0.0,58.0,,,97.0
US,2018,16,27,2018-07-08,,,97.0,0.0,81.0,,,97.0
US,2018,17,28,2018-07-15,,,97.0,0.0,93.0,,,97.0
US,2018,18,29,2018-07-22,,,97.0,0.0,96.0,,,97.0
US,2018,19,30,2018-07-29,,,97.0,4.0,96.0,,,97.0
US,2018,20,31,2018-08-05,,,97.0,13.0,96.0,,,97.0
US,2018,21,32,2018-08-12,,,97.0,35.0,96.0,,,97.0
US,2018,22,33,2018-08-19,,,97.0,60.0,96.0,,,97.0
US,2018,23,34,2018-08-26,,,97.0,77.0,96.0,,,97.0
US,2018,24,35,2018-09-02,,,97.0,87.0,96.0,,,97.0
US,2018,25,36,2018-09-09,,,97.0,93.0,96.0,,,97.0
US,2018,26,37,2018-09-16,,,97.0,97.0,96.0,,,97.0
US,2019,3,14,2019-04-07,,,0.0,0.0,0.0,,,1.0
US,2019,4,15,2019-04-14,,,0.0,0.0,0.0,,,2.0
US,2019,5,16,2019-04-21,,,0.0,0.0,0.0,,,5.0
US,2019,6,17,2019-04-28,,,0.0,0.0,0.0,,,13.0
US,2019,7,18,2019-05-05,,,4.0,0.0,0.0,,,22.0
US,2019,8,19,2019-05-12,,,10.0,0.0,0.0,,,45.0
US,2019,9,20,2019-05-19,,,26.0,0.0,0.0,,,70.0
US,2019,10,21,2019-05-26,,,47.0,0.0,0.0,,,84.0
US,2019,11,22,2019-06-02,,,69.0,0.0,0.0,,,93.0
US,2019,12,23,2019-06-09,,,85.0,0.0,0.0,,,97.0
US,2019,13,24,2019-06-16,,,95.0,0.0,2.0,,,97.0
US,2019,14,25,2019-06-23,,,95.0,0.0,7.0,,,97.0
US,2019,15,26,2019-06-30,,,95.0,0.0,25.0,,,97.0
US,2019,16,27,2019-07-07,,,95.0,0.0,56.0,,,97.0
US,2019,17,28,2019-07-14,,,95.0,0.0,78.0,,,97.0
US,2019,18,29,2019-07-21,,,95.0,0.0,92.0,,,97.0
US,2019,19,30,2019-07-28,,,95.0,0.0,97.0,,,97.0
US,2019,20,31,2019-08-04,,,95.0,2.0,97.0,,,97.0
US,2019,21,32,2019-08-11,,,95.0,8.0,97.0,,,97.0
US,2019,22,33,2019-08-18,,,95.0,16.0,97.0,,,97.0
US,2019,23,34,2019-08-25,,,95.0,38.0,97.0,,,97.0
US,2019,24,35,2019-09-01,,,95.0,55.0,97.0,,,97.0
US,2019,25,36,2019-09-08,,,95.0,71.0,97.0,,,97.0
US,2019,26,37,2019-09-15,,,95.0,76.0,97.0,,,97.0
US,2019,27,38,2019-09-22,,,95.0,87.0,97.0,,,97.0
US,2019,28,39,2019-09-29,,,95.0,90.0,97.0,,,97.0
US,2019,29,40,2019-10-06,,,95.0,91.0,97.0,,,97.0
US,2020,4,15,2020-04-12,,,0.0,0.0,0.0,,,5.0
US,2020,5,16,2020-04-19,,,0.0,0.0,0.0,,,7.0
US,2020,6,17,2020-04-26,,,4.0,0.0,0.0,,,14.0
US,2020,7,18,2020-05-03,,,6.0,0.0,0.0,,,29.0
US,2020,8,19,2020-05-10,,,16.0,0.0,0.0,,,42.0
US,2020,9,20,2020-05-17,,,30.0,0.0,0.0,,,60.0
US,2020,10,21,2020-05-24,,,51.0,0.0,0.0,,,81.0
US,2020,11,22,2020-05-31,,,67.0,0.0,0.0,,,91.0
US,2020,12,23,2020-06-07,,,81.0,0.0,0.0,,,97.0
US,2020,13,24,2020-06-14,,,95.0,0.0,4.0,,,97.0
US,2020,14,25,2020-06-21,,,95.0,0.0,12.0,,,97.0
US,2020,15,26,2020-06-28,,,95.0,0.0,36.0,,,97.0
US,2020,16,27,2020-07-05,,,95.0,0.0,63.0,,,97.0
US,2020,17,28,2020-07-12,,,95.0,0.0,80.0,,,97.0
US,2020,18,29,2020-07-19,,,95.0,0.0,91.0,,,97.0
US,2020,19,30,2020-07-26,,,95.0,1.0,97.0,,,97.0
US,2020,20,31,2020-08-02,,,95.0,5.0,97.0,,,97.0
US,2020,21,32,2020-08-09,,,95.0,15.0,97.0,,,97.0
US,2020,22,33,2020-08-16,,,95.0,30.0,97.0,,,97.0
US,2020,23,34,2020-08-23,,,95.0,49.0,97.0,,,97.0
US,2020,24,35,2020-08-30,,,95.0,69.0,97.0,,,97.0
US,2020,25,36,2020-09-06,,,95.0,82.0,97.0,,,97.0
US,2020,26,37,2020-09-13,,,95.0,92.0,97.0,,,97.0
US,2020,27,38,2020-09-20,,,95.0,96.0,97.0,,,97.0
US,2021,2,13,2021-04-04,,,0.0,0.0,0.0,,,3.0
US,2021,3,14,2021-04-11,,,0.0,0.0,0.0,,,11.0
US,2021,4,15,2021-04-18,,,0.0,0.0,0.0,,,19.0
US,2021,5,16,2021-04-25,,,7.0,0.0,0.0,,,28.0
US,2021,6,17,2021-05-02,,,14.0,0.0,0.0,,,49.0
US,2021,7,18,2021-05-09,,,29.0,0.0,0.0,,,70.0
US,2021,8,19,2021-05-16,,,47.0,0.0,0.0,,,85.0
US,2021,9,20,2021-05-23,,,66.0,0.0,0.0,,,94.0
US,2021,10,21,2021-05-30,,,80.0,0.0,0.0,,,97.0
US,2021,11,22,2021-06-06,,,90.0,0.0,0.0,,,97.0
US,2021,12,23,2021-06-13,,,96.0,0.0,8.0,,,97.0
US,2021,13,24,2021-06-20,,,96.0,0.0,27.0,,,97.0
US,2021,14,25,2021-06-27,,,96.0,0.0,48.0,,,97.0
US,2021,15,26,2021-07-04,,,96.0,0.0,69.0,,,97.0
US,2021,16,27,2021-07-11,,,96.0,0.0,83.0,,,97.0
US,2021,17,28,2021-07-18,,,96.0,0.0,92.0,,,97.0
US,2021,18,29,2021-07-25,,,96.0,3.0,97.0,,,97.0
US,2021,19,30,2021-08-01,,,96.0,17.0,97.0,,,97.0
US,2021,20,31,2021-08-08,,,96.0,38.0,97.0,,,97.0
US,2021,21,32,2021-08-15,,,96.0,58.0,97.0,,,97.0
US,2021,22,33,2021-08-22,,,96.0,77.0,97.0,,,97.0
US,2021,23,34,2021-08-29,,,96.0,88.0,97.0,,,97.0
US,2021,24,35,2021-09-05,,,96.0,95.0,97.0,,,97.0
US,2022,2,13,2022-04-03,,,0.0,0.0,0.0,,,3.0
US,2022,3,14,2022-04-10,,,0.0,0.0,0.0,,,6.0
US,2022,4,15,2022-04-17,,,0.0,0.0,0.0,,,8.0
US,2022,5,16,2022-04-24,,,2.0,0.0,0.0,,,13.0
US,2022,6,17,2022-05-01,,,5.0,0.0,0.0,,,19.0
US,2022,7,18,2022-05-08,,,9.0,0.0,0.0,,,27.0
US,2022,8,19,2022-05-15,,,16.0,0.0,0.0,,,39.0
US,2022,9,20,2022-05-22,,,29.0,0.0,0.0,,,49.0
US,2022,10,21,2022-05-29,,,42.0,0.0,0.0,,,73.0
US,2022,11,22,2022-06-05,,,55.0,0.0,0.0,,,82.0
US,2022,12,23,2022-06-12,,,72.0,0.0,0.0,,,94.0
US,2022,13,24,2022-06-19,,,89.0,0.0,0.0,,,98.0
US,2022,14,25,2022-06-26,,,98.0,0.0,8.0,,,98.0
US,2022,15,26,2022-07-03,,,98.0,0.0,20.0,,,98.0
US,2022,16,27,2022-07-10,,,98.0,0.0,44.0,,,98.0
US,2022,17,28,2022-07-17,,,98.0,0.0,68.0,,,98.0
US,2022,18,29,2022-07-24,,,98.0,0.0,86.0,,,98.0
US,2022,19,30,2022-07-31,,,98.0,0.0,97.0,,,98.0
US,2022,20,31,2022-08-07,,,98.0,9.0,97.0,,,98.0
US,2022,21,32,2022-08-14,,,98.0,16.0,97.0,,,98.0
US,2022,22,33,2022-08-21,,,98.0,33.0,97.0,,,98.0
US,2022,23,34,2022-08-28,,,98.0,50.0,97.0,,,98.0
US,2022,24,35,2022-09-04,,,98.0,71.0,97.0,,,98.0
US,2022,25,36,2022-09-11,,,98.0,85.0,97.0,,,98.0
US,2022,26,37,2022-09-18,,,98.0,94.0,97.0,,,98.0
US,2022,27,38,2022-09-25,,,98.0,96.0,97.0,,,98.0
US,2023,2,13,2023-04-02,,,0.0,0.0,0.0,,,0.0
US,2023,3,14,2023-04-09,,,0.0,0.0,0.0,,,1.0
US,2023,4,15,2023-04-16,,,0.0,0.0,0.0,,,3.0
US,2023,5,16,2023-04-23,,,1.0,0.0,0.0,,,5.0
US,2023,6,17,2023-04-30,,,2.0,0.0,0.0,,,12.0
US,2023,7,18,2023-05-07,,,5.0,0.0,0.0,,,24.0
US,2023,8,19,2023-05-14,,,13.0,0.0,0.0,,,40.0
US,2023,9,20,2023-05-21,,,32.0,0.0,0.0,,,64.0
US,2023,10,21,2023-05-28,,,57.0,0.0,0.0,,,85.0
US,2023,11,22,2023-06-04,,,76.0,0.0,0.0,,,93.0
US,2023,12,23,2023-06-11,,,90.0,0.0,0.0,,,97.0
US,2023,13,24,2023-06-18,,,98.0,0.0,10.0,,,97.0
US,2023,14,25,2023-06-25,,,98.0,0.0,31.0,,,97.0
US,2023,15,26,2023-07-02,,,98.0,0.0,51.0,,,97.0
US,2023,16,27,2023-07-09,,,98.0,0.0,72.0,,,97.0
US,2023,17,28,2023-07-16,,,98.0,0.0,86.0,,,97.0
US,2023,18,29,2023-07-23,,,98.0,0.0,94.0,,,97.0
US,2023,19,30,2023-07-30,,,98.0,2.0,97.0,,,97.0
US,2023,20,31,2023-08-06,,,98.0,11.0,97.0,,,97.0
US,2023,21,32,2023-08-13,,,98.0,24.0,97.0,,,97.0
US,2023,22,33,2023-08-20,,,98.0,39.0,97.0,,,97.0
US,2023,23,34,2023-08-27,,,98.0,54.0,97.0,,,97.0
US,2023,24,35,2023-09-03,,,98.0,74.0,97.0,,,97.0
US,2023,25,36,2023-09-10,,,98.0,87.0,97.0,,,97.0
US,2023,26,37,2023-09-17,,,98.0,93.0,97.0,,,97.0
US,2023,27,38,2023-09-24,,,98.0,96.0,97.0,,,97.0
US,2024,2,13,2024-03-31,,,0.0,0.0,0.0,,,1.0
US,2024,3,14,2024-04-07,,,0.0,0.0,0.0,,,3.0
US,2024,4,15,2024-04-14,,,0.0,0.0,0.0,,,7.0
US,2024,5,16,2024-04-21,,,2.0,0.0,0.0,,,15.0
US,2024,6,17,2024-04-28,,,5.0,0.0,0.0,,,34.0
US,2024,7,18,2024-05-05,,,12.0,0.0,0.0,,,47.0
US,2024,8,19,2024-05-12,,,25.0,0.0,0.0,,,61.0
US,2024,9,20,2024-05-19,,,43.0,0.0,0.0,,,79.0
US,2024,10,21,2024-05-26,,,61.0,0.0,0.0,,,88.0
US,2024,11,22,2024-06-02,,,78.0,0.0,0.0,,,94.0
US,2024,12,23,2024-06-09,,,87.0,0.0,0.0,,,98.0
US,2024,13,24,2024-06-16,,,95.0,0.0,4.0,,,98.0
US,2024,14,25,2024-06-23,,,95.0,0.0,18.0,,,98.0
US,2024,15,26,2024-06-30,,,95.0,0.0,38.0,,,98.0
US,2024,16,27,2024-07-07,,,95.0,0.0,59.0,,,98.0
US,2024,17,28,2024-07-14,,,95.0,0.0,76.0,,,98.0
US,2024,18,29,2024-07-21,,,95.0,0.0,89.0,,,98.0
US,2024,19,30,2024-07-28,,,95.0,1.0,94.0,,,98.0
US,2024,20,31,2024-08-04,,,95.0,6.0,97.0,,,98.0
US,2024,21,32,2024-08-11,,,95.0,18.0,97.0,,,98.0
US,2024,22,33,2024-08-18,,,95.0,31.0,97.0,,,98.0
US,2024,23,34,2024-08-25,,,95.0,51.0,97.0,,,98.0
US,2024,24,35,2024-09-01,,,95.0,70.0,97.0,,,98.0
US,2024,25,36,2024-09-08,,,95.0,85.0,97.0,,,98.0
US,2024,26,37,2024-09-15,,,95.0,92.0,97.0,,,98.0
US,2024,27,38,2024-09-22,,,95.0,96.0,97.0,,,98.0
US,2025,3,14,2025-04-06,,,0.0,0.0,0.0,,,3.0
US,2025,4,15,2025-04-13,,,0.0,0.0,0.0,,,7.0
US,2025,5,16,2025-04-20,,,2.0,0.0,0.0,,,17.0
US,2025,6,17,2025-04-27,,,5.0,0.0,0.0,,,30.0
US,2025,7,18,2025-05-04,,,13.0,0.0,0.0,,,44.0
US,2025,8,19,2025-05-11,,,27.0,0.0,0.0,,,66.0
US,2025,9,20,2025-05-18,,,45.0,0.0,0.0,,,82.0
US,2025,10,21,2025-05-25,,,60.0,0.0,0.0,,,87.0
US,2025,11,22,2025-06-01,,,73.0,0.0,0.0,,,95.0
US,2025,12,23,2025-06-08,,,82.0,0.0,0.0,,,95.0
US,2025,13,24,2025-06-15,,,89.0,0.0,4.0,,,95.0
US,2025,14,25,2025-06-22,,,93.0,0.0,17.0,,,95.0
US,2025,15,26,2025-06-29,,,96.0,0.0,38.0,,,95.0
US,2025,16,27,2025-07-06,,,96.0,0.0,61.0,,,95.0
US,2025,17,28,2025-07-13,,,96.0,0.0,78.0,,,95.0
US,2025,18,29,2025-07-20,,,96.0,0.0,87.0,,,95.0
US,2025,19,30,2025-07-27,,,96.0,1.0,92.0,,,95.0
US,2025,20,31,2025-08-03,,,96.0,5.0,95.0,,,95.0
US,2025,21,32,2025-08-10,,,96.0,16.0,95.0,,,95.0
US,2025,22,33,2025-08-17,,,96.0,36.0,95.0,,,95.0
US,2025,23,34,2025-08-24,,,96.0,53.0,95.0,,,95.0
US,2025,24,35,2025-08-31,,,96.0,72.0,95.0,,,95.0
US,2025,25,36,2025-09-07,,,96.0,85.0,95.0,,,95.0
US,2025,26,37,2025-09-14,,,96.0,94.0,95.0,,,95.0
US,2025,27,38,2025-09-21,,,96.0,96.0,95.0,,,95.0
