state_alpha,season,week,cal_week,week_ending,PCT BOOTED,PCT BREAKING DORMANCY,PCT COLORING,PCT EMERGED,PCT HARVESTED,PCT HEADED,PCT JOINTING,PCT MATURE,PCT PASTURED,PCT PLANTED,PCT SEEDBED PREPARED
AL,2016,4,39,2015-09-27,,,,0.0,0.0,0.0,,,,1.0,
AL,2016,5,40,2015-10-04,,,,0.0,0.0,0.0,,,,5.0,
AL,2016,6,41,2015-10-11,,,,0.0,0.0,0.0,,,,15.0,
AL,2016,7,42,2015-10-18,,,,3.0,0.0,0.0,,,,19.0,
AL,2016,8,43,2015-10-25,,,,5.0,0.0,0.0,,,,26.0,
AL,2016,9,44,2015-11-01,,,,12.0,0.0,0.0,,,,34.0,
AL,2016,10,45,2015-11-08,,,,24.0,0.0,0.0,,,,38.0,
AL,2016,11,46,2015-11-15,,,,34.0,0.0,0.0,,,,54.0,
AL,2016,12,47,2015-11-22,,,,50.0,0.0,0.0,,,,74.0,
AL,2016,13,48,2015-11-29,,,,68.0,0.0,0.0,,,,88.0,
AL,2016,30,13,2016-04-03,,,,68.0,0.0,0.0,,,,88.0,
AL,2016,31,14,2016-04-10,,,,68.0,0.0,10.0,,,,88.0,
AL,2016,32,15,2016-04-17,,,,68.0,0.0,24.0,,,,88.0,
AL,2016,33,16,2016-04-24,,,,68.0,0.0,66.0,,,,88.0,
AL,2016,34,17,2016-05-01,,,,68.0,0.0,79.0,,,,88.0,
AL,2016,35,18,2016-05-08,,,,68.0,0.0,90.0,,,,88.0,
AL,2016,36,19,2016-05-15,,,,68.0,1.0,97.0,,,,88.0,
AL,2016,37,20,2016-05-22,,,,68.0,8.0,97.0,,,,88.0,
AL,2016,38,21,2016-05-29,,,,68.0,20.0,97.0,,,,88.0,
AL,2016,39,22,2016-06-05,,,,68.0,34.0,97.0,,,,88.0,
AL,2016,40,23,2016-06-12,,,,68.0,61.0,97.0,,,,88.0,
AL,2016,41,24,2016-06-19,,,,68.0,88.0,97.0,,,,88.0,
AL,2016,42,25,2016-06-26,,,,68.0,96.0,97.0,,,,88.0,
AL,2017,4,39,2016-10-02,,,,0.0,0.0,0.0,,,,0.0,
AL,2017,5,40,2016-10-09,,,,0.0,0.0,0.0,,,,2.0,
AL,2017,6,41,2016-10-16,,,,0.0,0.0,0.0,,,,3.0,
AL,2017,7,42,2016-10-23,,,,0.0,0.0,0.0,,,,11.0,
AL,2017,8,43,2016-10-30,,,,0.0,0.0,0.0,,,,15.0,
AL,2017,9,44,2016-11-06,,,,2.0,0.0,0.0,,,,18.0,
AL,2017,10,45,2016-11-13,,,,5.0,0.0,0.0,,,,41.0,
AL,2017,11,46,2016-11-20,,,,10.0,0.0,0.0,,,,56.0,
AL,2017,12,47,2016-11-27,,,,12.0,0.0,0.0,,,,70.0,
AL,2017,30,13,2017-04-02,,,,12.0,0.0,8.0,,,,70.0,
AL,2017,31,14,2017-04-09,,,,12.0,0.0,23.0,,,,70.0,
AL,2017,32,15,2017-04-16,,,,12.0,0.0,53.0,,,,70.0,
AL,2017,33,16,2017-04-23,,,,12.0,0.0,84.0,,,,70.0,
AL,2017,34,17,2017-04-30,,,,12.0,0.0,90.0,,,,70.0,
AL,2017,35,18,2017-05-07,,,,12.0,0.0,93.0,,,,70.0,
AL,2017,36,19,2017-05-14,,,,12.0,1.0,94.0,,,,70.0,
AL,2017,37,20,2017-05-21,,,,12.0,6.0,98.0,,,,70.0,
AL,2017,38,21,2017-05-28,,,,12.0,18.0,98.0,,,,70.0,
AL,2017,39,22,2017-06-04,,,,12.0,32.0,98.0,,,,70.0,
AL,2017,40,23,2017-06-11,,,,12.0,39.0,98.0,,,,70.0,
AL,2017,41,24,2017-06-18,,,,12.0,80.0,98.0,,,,70.0,
AL,2017,42,25,2017-06-25,,,,12.0,89.0,98.0,,,,70.0,
AL,2017,43,26,2017-07-02,,,,12.0,95.0,98.0,,,,70.0,
AL,2018,4,39,2017-10-01,,,,0.0,0.0,0.0,,,,1.0,
AL,2018,5,40,2017-10-08,,,,0.0,0.0,0.0,,,,6.0,
AL,2018,6,41,2017-10-15,,,,0.0,0.0,0.0,,,,12.0,
AL,2018,7,42,2017-10-22,,,,0.0,0.0,0.0,,,,18.0,
AL,2018,8,43,2017-10-29,,,,2.0,0.0,0.0,,,,33.0,
AL,2018,9,44,2017-11-05,,,,12.0,0.0,0.0,,,,41.0,
AL,2018,10,45,2017-11-12,,,,29.0,0.0,0.0,,,,53.0,
AL,2018,11,46,2017-11-19,,,,42.0,0.0,0.0,,,,67.0,
AL,2018,12,47,2017-11-26,,,,56.0,0.0,0.0,,,,80.0,
AL,2018,30,13,2018-04-01,,,,56.0,0.0,12.0,,,,80.0,
AL,2018,31,14,2018-04-08,,,,56.0,0.0,28.0,,,,80.0,
AL,2018,32,15,2018-04-15,,,,56.0,0.0,36.0,,,,80.0,
AL,2018,33,16,2018-04-22,,,,56.0,0.0,59.0,,,,80.0,
AL,2018,34,17,2018-04-29,,,,56.0,0.0,75.0,,,,80.0,
AL,2018,35,18,2018-05-06,,,,56.0,0.0,91.0,,,,80.0,
AL,2018,36,19,2018-05-13,,,,56.0,0.0,97.0,,,,80.0,
AL,2018,37,20,2018-05-20,,,,56.0,7.0,97.0,,,,80.0,
AL,2018,38,21,2018-05-27,,,,56.0,11.0,97.0,,,,80.0,
AL,2018,39,22,2018-06-03,,,,56.0,13.0,97.0,,,,80.0,
AL,2018,40,23,2018-06-10,,,,56.0,49.0,97.0,,,,80.0,
AL,2018,41,24,2018-06-17,,,,56.0,84.0,97.0,,,,80.0,
AL,2018,42,25,2018-06-24,,,,56.0,95.0,97.0,,,,80.0,
AL,2019,4,39,2018-09-30,,,,0.0,0.0,0.0,,,,0.0,
AL,2019,5,40,2018-10-07,,,,0.0,0.0,0.0,,,,6.0,
AL,2019,6,41,2018-10-14,,,,0.0,0.0,0.0,,,,15.0,
AL,2019,7,42,2018-10-21,,,,0.0,0.0,0.0,,,,17.0,
AL,2019,8,43,2018-10-28,,,,2.0,0.0,0.0,,,,19.0,
AL,2019,9,44,2018-11-04,,,,9.0,0.0,0.0,,,,25.0,
AL,2019,10,45,2018-11-11,,,,11.0,0.0,0.0,,,,32.0,
AL,2019,11,46,2018-11-18,,,,23.0,0.0,0.0,,,,39.0,
AL,2019,12,47,2018-11-25,,,,36.0,0.0,0.0,,,,54.0,
AL,2019,30,13,2019-03-31,,,,36.0,0.0,5.0,,,,54.0,
AL,2019,31,14,2019-04-07,,,,36.0,0.0,18.0,,,,54.0,
AL,2019,32,15,2019-04-14,,,,36.0,0.0,41.0,,,,54.0,
AL,2019,33,16,2019-04-21,,,,36.0,0.0,60.0,,,,54.0,
AL,2019,34,17,2019-04-28,,,,36.0,0.0,86.0,,,,54.0,
AL,2019,35,18,2019-05-05,,,,36.0,0.0,92.0,,,,54.0,
AL,2019,36,19,2019-05-12,,,,36.0,3.0,95.0,,,,54.0,
AL,2019,37,20,2019-05-19,,,,36.0,12.0,95.0,,,,54.0,
AL,2019,38,21,2019-05-26,,,,36.0,23.0,95.0,,,,54.0,
AL,2019,39,22,2019-06-02,,,,36.0,30.0,95.0,,,,54.0,
AL,2019,40,23,2019-06-09,,,,36.0,46.0,95.0,,,,54.0,
AL,2019,41,24,2019-06-16,,,,36.0,65.0,95.0,,,,54.0,
AL,2019,42,25,2019-06-23,,,,36.0,89.0,95.0,,,,54.0,
AL,2019,43,26,2019-06-30,,,,36.0,96.0,95.0,,,,54.0,
AL,2020,3,38,2019-09-22,,,,0.0,0.0,0.0,,,,2.0,
AL,2020,4,39,2019-09-29,,,,0.0,0.0,0.0,,,,6.0,
AL,2020,5,40,2019-10-06,,,,0.0,0.0,0.0,,,,6.0,
AL,2020,6,41,2019-10-13,,,,0.0,0.0,0.0,,,,10.0,
AL,2020,7,42,2019-10-20,,,,0.0,0.0,0.0,,,,19.0,
AL,2020,8,43,2019-10-27,,,,1.0,0.0,0.0,,,,27.0,
AL,2020,9,44,2019-11-03,,,,6.0,0.0,0.0,,,,32.0,
AL,2020,10,45,2019-11-10,,,,12.0,0.0,0.0,,,,39.0,
AL,2020,11,46,2019-11-17,,,,32.0,0.0,0.0,,,,58.0,
AL,2020,12,47,2019-11-24,,,,47.0,0.0,0.0,,,,74.0,
AL,2020,31,14,2020-04-05,,,,47.0,0.0,18.0,,,,74.0,
AL,2020,32,15,2020-04-12,,,,47.0,0.0,40.0,,,,74.0,
AL,2020,33,16,2020-04-19,,,,47.0,0.0,72.0,,,,74.0,
AL,2020,34,17,2020-04-26,,,,47.0,0.0,82.0,,,,74.0,
AL,2020,35,18,2020-05-03,,,,47.0,0.0,92.0,,,,74.0,
AL,2020,36,19,2020-05-10,,,,47.0,1.0,94.0,,,,74.0,
AL,2020,37,20,2020-05-17,,,,47.0,15.0,97.0,,,,74.0,
AL,2020,38,21,2020-05-24,,,,47.0,21.0,97.0,,,,74.0,
AL,2020,39,22,2020-05-31,,,,47.0,28.0,97.0,,,,74.0,
AL,2020,40,23,2020-06-07,,,,47.0,36.0,97.0,,,,74.0,
AL,2020,41,24,2020-06-14,,,,47.0,53.0,97.0,,,,74.0,
AL,2020,42,25,2020-06-21,,,,47.0,76.0,97.0,,,,74.0,
AL,2020,43,26,2020-06-28,,,,47.0,91.0,97.0,,,,74.0,
AL,2020,44,27,2020-07-05,,,,47.0,96.0,97.0,,,,74.0,
AL,2021,4,39,2020-09-27,,,,0.0,0.0,0.0,,,,1.0,
AL,2021,5,40,2020-10-04,,,,0.0,0.0,0.0,,,,4.0,
AL,2021,6,41,2020-10-11,,,,0.0,0.0,0.0,,,,8.0,
AL,2021,7,42,2020-10-18,,,,0.0,0.0,0.0,,,,10.0,
AL,2021,8,43,2020-10-25,,,,2.0,0.0,0.0,,,,17.0,
AL,2021,9,44,2020-11-01,,,,8.0,0.0,0.0,,,,21.0,
AL,2021,10,45,2020-11-08,,,,20.0,0.0,0.0,,,,44.0,
AL,2021,11,46,2020-11-15,,,,41.0,0.0,0.0,,,,62.0,
AL,2021,12,47,2020-11-22,,,,59.0,0.0,0.0,,,,76.0,
AL,2021,13,48,2020-11-29,,,,69.0,0.0,0.0,,,,87.0,
AL,2021,30,13,2021-04-04,,,,69.0,0.0,7.0,,,,87.0,
AL,2021,31,14,2021-04-11,,,,69.0,0.0,14.0,,,,87.0,
AL,2021,32,15,2021-04-18,,,,69.0,0.0,36.0,,,,87.0,
AL,2021,33,16,2021-04-25,,,,69.0,0.0,73.0,,,,87.0,
AL,2021,34,17,2021-05-02,,,,69.0,0.0,80.0,,,,87.0,
AL,2021,35,18,2021-05-09,,,,69.0,0.0,92.0,,,,87.0,
AL,2021,36,19,2021-05-16,,,,69.0,1.0,96.0,,,,87.0,
AL,2021,37,20,2021-05-23,,,,69.0,8.0,96.0,,,,87.0,
AL,2021,38,21,2021-05-30,,,,69.0,23.0,96.0,,,,87.0,
AL,2021,39,22,2021-06-06,,,,69.0,28.0,96.0,,,,87.0,
AL,2021,40,23,2021-06-13,,,,69.0,37.0,96.0,,,,87.0,
AL,2021,41,24,2021-06-20,,,,69.0,72.0,96.0,,,,87.0,
AL,2021,42,25,2021-06-27,,,,69.0,91.0,96.0,,,,87.0,
AL,2021,43,26,2021-07-04,,,,69.0,99.0,96.0,,,,87.0,
AL,2022,4,39,2021-10-03,,,,0.0,0.0,0.0,,,,2.0,
AL,2022,5,40,2021-10-10,,,,0.0,0.0,0.0,,,,4.0,
AL,2022,6,41,2021-10-17,,,,0.0,0.0,0.0,,,,7.0,
AL,2022,7,42,2021-10-24,,,,0.0,0.0,0.0,,,,12.0,
AL,2022,8,43,2021-10-31,,,,1.0,0.0,0.0,,,,14.0,
AL,2022,9,44,2021-11-07,,,,8.0,0.0,0.0,,,,21.0,
AL,2022,10,45,2021-11-14,,,,16.0,0.0,0.0,,,,40.0,
AL,2022,11,46,2021-11-21,,,,40.0,0.0,0.0,,,,52.0,
AL,2022,12,47,2021-11-28,,,,52.0,0.0,0.0,,,,77.0,
AL,2022,30,13,2022-04-03,,,,52.0,0.0,9.0,,,,77.0,
AL,2022,31,14,2022-04-10,,,,52.0,0.0,23.0,,,,77.0,
AL,2022,32,15,2022-04-17,,,,52.0,0.0,45.0,,,,77.0,
AL,2022,33,16,2022-04-24,,,,52.0,0.0,66.0,,,,77.0,
AL,2022,34,17,2022-05-01,,,,52.0,0.0,75.0,,,,77.0,
AL,2022,35,18,2022-05-08,,,,52.0,0.0,91.0,,,,77.0,
AL,2022,36,19,2022-05-15,,,,52.0,4.0,97.0,,,,77.0,
AL,2022,37,20,2022-05-22,,,,52.0,10.0,97.0,,,,77.0,
AL,2022,38,21,2022-05-29,,,,52.0,18.0,97.0,,,,77.0,
AL,2022,39,22,2022-06-05,,,,52.0,30.0,97.0,,,,77.0,
AL,2022,40,23,2022-06-12,,,,52.0,48.0,97.0,,,,77.0,
AL,2022,41,24,2022-06-19,,,,52.0,72.0,97.0,,,,77.0,
AL,2022,42,25,2022-06-26,,,,52.0,91.0,97.0,,,,77.0,
AL,2022,43,26,2022-07-03,,,,52.0,97.0,97.0,,,,77.0,
AL,2023,4,39,2022-10-02,,,,0.0,0.0,0.0,,,,0.0,
AL,2023,5,40,2022-10-09,,,,0.0,0.0,0.0,,,,2.0,
AL,2023,6,41,2022-10-16,,,,0.0,0.0,0.0,,,,9.0,
AL,2023,7,42,2022-10-23,,,,0.0,0.0,0.0,,,,19.0,
AL,2023,8,43,2022-10-30,,,,1.0,0.0,0.0,,,,32.0,
AL,2023,9,44,2022-11-06,,,,11.0,0.0,0.0,,,,42.0,
AL,2023,10,45,2022-11-13,,,,32.0,0.0,0.0,,,,56.0,
AL,2023,11,46,2022-11-20,,,,48.0,0.0,0.0,,,,70.0,
AL,2023,12,47,2022-11-27,,,,61.0,0.0,0.0,,,,83.0,
AL,2023,30,13,2023-04-02,,,,61.0,0.0,5.0,,,,83.0,
AL,2023,31,14,2023-04-09,,,,61.0,0.0,20.0,,,,83.0,
AL,2023,32,15,2023-04-16,,,,61.0,0.0,35.0,,,,83.0,
AL,2023,33,16,2023-04-23,,,,61.0,0.0,64.0,,,,83.0,
AL,2023,34,17,2023-04-30,,,,61.0,0.0,84.0,,,,83.0,
AL,2023,35,18,2023-05-07,,,,61.0,0.0,89.0,,,,83.0,
AL,2023,36,19,2023-05-14,,,,61.0,1.0,93.0,,,,83.0,
AL,2023,37,20,2023-05-21,,,,61.0,7.0,96.0,,,,83.0,
AL,2023,38,21,2023-05-28,,,,61.0,14.0,96.0,,,,83.0,
AL,2023,39,22,2023-06-04,,,,61.0,29.0,96.0,,,,83.0,
AL,2023,40,23,2023-06-11,,,,61.0,42.0,96.0,,,,83.0,
AL,2023,41,24,2023-06-18,,,,61.0,73.0,96.0,,,,83.0,
AL,2023,42,25,2023-06-25,,,,61.0,92.0,96.0,,,,83.0,
AL,2023,43,26,2023-07-02,,,,61.0,97.0,96.0,,,,83.0,
AL,2024,3,38,2023-09-24,,,,0.0,0.0,0.0,,,,0.0,
AL,2024,4,39,2023-10-01,,,,0.0,0.0,0.0,,,,1.0,
AL,2024,5,40,2023-10-08,,,,0.0,0.0,0.0,,,,3.0,
AL,2024,6,41,2023-10-15,,,,0.0,0.0,0.0,,,,8.0,
AL,2024,7,42,2023-10-22,,,,0.0,0.0,0.0,,,,20.0,
AL,2024,8,43,2023-10-29,,,,1.0,0.0,0.0,,,,34.0,
AL,2024,9,44,2023-11-05,,,,6.0,0.0,0.0,,,,45.0,
AL,2024,10,45,2023-11-12,,,,14.0,0.0,0.0,,,,49.0,
AL,2024,11,46,2023-11-19,,,,26.0,0.0,0.0,,,,65.0,
AL,2024,12,47,2023-11-26,,,,49.0,0.0,0.0,,,,83.0,
AL,2024,30,13,2024-03-31,,,,49.0,0.0,8.0,,,,83.0,
AL,2024,31,14,2024-04-07,,,,49.0,0.0,23.0,,,,83.0,
AL,2024,32,15,2024-04-14,,,,49.0,0.0,51.0,,,,83.0,
AL,2024,33,16,2024-04-21,,,,49.0,0.0,70.0,,,,83.0,
AL,2024,34,17,2024-04-28,,,,49.0,0.0,81.0,,,,83.0,
AL,2024,35,18,2024-05-05,,,,49.0,0.0,85.0,,,,83.0,
AL,2024,36,19,2024-05-12,,,,49.0,2.0,89.0,,,,83.0,
AL,2024,37,20,2024-05-19,,,,49.0,6.0,93.0,,,,83.0,
AL,2024,38,21,2024-05-26,,,,49.0,13.0,97.0,,,,83.0,
AL,2024,39,22,2024-06-02,,,,49.0,19.0,99.0,,,,83.0,
AL,2024,40,23,2024-06-09,,,,49.0,31.0,100.0,,,,83.0,
AL,2024,41,24,2024-06-16,,,,49.0,56.0,100.0,,,,83.0,
AL,2024,42,25,2024-06-23,,,,49.0,69.0,100.0,,,,83.0,
AL,2024,43,26,2024-06-30,,,,49.0,84.0,100.0,,,,83.0,
AL,2024,44,27,2024-07-07,,,,49.0,95.0,100.0,,,,83.0,
AL,2025,3,38,2024-09-22,,,,0.0,0.0,0.0,,,,0.0,
AL,2025,4,39,2024-09-29,,,,0.0,0.0,0.0,,,,1.0,
AL,2025,5,40,2024-10-06,,,,0.0,0.0,0.0,,,,2.0,
AL,2025,6,41,2024-10-13,,,,0.0,0.0,0.0,,,,7.0,
AL,2025,7,42,2024-10-20,,,,0.0,0.0,0.0,,,,22.0,
AL,2025,8,43,2024-10-27,,,,2.0,0.0,0.0,,,,28.0,
AL,2025,9,44,2024-11-03,,,,11.0,0.0,0.0,,,,37.0,
AL,2025,10,45,2024-11-10,,,,22.0,0.0,0.0,,,,48.0,
AL,2025,11,46,2024-11-17,,,,36.0,0.0,0.0,,,,63.0,
AL,2025,12,47,2024-11-24,,,,46.0,0.0,0.0,,,,76.0,
AL,2025,31,14,2025-04-06,,,,46.0,0.0,18.0,,,,76.0,
AL,2025,32,15,2025-04-13,,,,46.0,0.0,30.0,,,,76.0,
AL,2025,33,16,2025-04-20,,,,46.0,0.0,57.0,,,,76.0,
AL,2025,34,17,2025-04-27,,,,46.0,0.0,80.0,,,,76.0,
AL,2025,35,18,2025-05-04,,,,46.0,0.0,88.0,,,,76.0,
AL,2025,36,19,2025-05-11,,,,46.0,2.0,92.0,,,,76.0,
AL,2025,37,20,2025-05-18,,,,46.0,5.0,95.0,,,,76.0,
AL,2025,38,21,2025-05-25,,,,46.0,11.0,95.0,,,,76.0,
AL,2025,39,22,2025-06-01,,,,46.0,24.0,95.0,,,,76.0,
AL,2025,40,23,2025-06-08,,,,46.0,42.0,95.0,,,,76.0,
AL,2025,41,24,2025-06-15,,,,46.0,61.0,95.0,,,,76.0,
AL,2025,42,25,2025-06-22,,,,46.0,79.0,95.0,,,,76.0,
AL,2025,43,26,2025-06-29,,,,46.0,87.0,95.0,,,,76.0,
AL,2025,44,27,2025-07-06,,,,46.0,95.0,95.0,,,,76.0,
AL,2026,3,38,2025-09-21,,,,0.0,0.0,0.0,,,,1.0,
AL,2026,4,39,2025-09-28,,,,0.0,0.0,0.0,,,,2.0,
AL,2026,11,46,2025-11-16,,,,29.0,0.0,0.0,,,,52.0,
AL,2026,12,47,2025-11-23,,,,43.0,0.0,0.0,,,,71.0,
AR,2016,1,36,2015-09-06,,,0.0,0.0,0.0,0.0,,,,0.0,
AR,2016,2,37,2015-09-13,,,0.0,0.0,0.0,0.0,,,,0.0,
AR,2016,3,38,2015-09-20,,,0.0,0.0,0.0,0.0,,,,0.0,
AR,2016,4,39,2015-09-27,,,0.0,0.0,0.0,0.0,,,,1.0,
AR,2016,5,40,2015-10-04,,,0.0,0.0,0.0,0.0,,,,4.0,
AR,2016,6,41,2015-10-11,,,0.0,2.0,0.0,0.0,,,,14.0,
AR,2016,7,42,2015-10-18,,,0.0,8.0,0.0,0.0,,,,22.0,
AR,2016,8,43,2015-10-25,,,0.0,14.0,0.0,0.0,,,,40.0,
AR,2016,9,44,2015-11-01,,,0.0,35.0,0.0,0.0,,,,60.0,
AR,2016,10,45,2015-11-08,,,0.0,53.0,0.0,0.0,,,,69.0,
AR,2016,11,46,2015-11-15,,,0.0,68.0,0.0,0.0,,,,81.0,
AR,2016,12,47,2015-11-22,,,0.0,80.0,0.0,0.0,,,,95.0,
AR,2016,13,48,2015-11-29,,,0.0,85.0,0.0,0.0,,,,98.0,
AR,2016,29,12,2016-03-27,,,0.0,85.0,0.0,0.0,,,,98.0,
AR,2016,30,13,2016-04-03,,,0.0,85.0,0.0,0.0,,,,98.0,
AR,2016,31,14,2016-04-10,,,0.0,85.0,0.0,5.0,,,,98.0,
AR,2016,32,15,2016-04-17,,,0.0,85.0,0.0,29.0,,,,98.0,
AR,2016,33,16,2016-04-24,,,0.0,85.0,0.0,58.0,,,,98.0,
AR,2016,34,17,2016-05-01,,,0.0,85.0,0.0,84.0,,,,98.0,
AR,2016,35,18,2016-05-08,,,10.0,85.0,0.0,96.0,,,,98.0,
AR,2016,36,19,2016-05-15,,,43.0,85.0,0.0,98.0,,,,98.0,
AR,2016,37,20,2016-05-22,,,71.0,85.0,0.0,100.0,,,,98.0,
AR,2016,38,21,2016-05-29,,,96.0,85.0,0.0,100.0,,,,98.0,
AR,2016,39,22,2016-06-05,,,98.0,85.0,3.0,100.0,,,,98.0,
AR,2016,40,23,2016-06-12,,,100.0,85.0,45.0,100.0,,,,98.0,
AR,2016,41,24,2016-06-19,,,100.0,85.0,81.0,100.0,,,,98.0,
AR,2016,42,25,2016-06-26,,,100.0,85.0,96.0,100.0,,,,98.0,
AR,2016,43,26,2016-07-03,,,100.0,85.0,99.0,100.0,,,,98.0,
AR,2016,44,27,2016-07-10,,,100.0,85.0,100.0,100.0,,,,98.0,
AR,2016,45,28,2016-07-17,,,100.0,85.0,100.0,100.0,,,,98.0,
AR,2016,46,29,2016-07-24,,,100.0,85.0,100.0,100.0,,,,98.0,
AR,2016,47,30,2016-07-31,,,100.0,85.0,100.0,100.0,,,,98.0,
AR,2016,48,31,2016-08-07,,,100.0,85.0,100.0,100.0,,,,98.0,
AR,2016,49,32,2016-08-14,,,100.0,85.0,100.0,100.0,,,,98.0,
AR,2017,1,36,2016-09-11,,,0.0,0.0,0.0,0.0,,,,0.0,
AR,2017,2,37,2016-09-18,,,0.0,0.0,0.0,0.0,,,,1.0,
AR,2017,3,38,2016-09-25,,,0.0,0.0,0.0,0.0,,,,3.0,
AR,2017,4,39,2016-10-02,,,0.0,1.0,0.0,0.0,,,,7.0,
AR,2017,5,40,2016-10-09,,,0.0,7.0,0.0,0.0,,,,14.0,
AR,2017,6,41,2016-10-16,,,0.0,17.0,0.0,0.0,,,,28.0,
AR,2017,7,42,2016-10-23,,,0.0,27.0,0.0,0.0,,,,45.0,
AR,2017,8,43,2016-10-30,,,0.0,40.0,0.0,0.0,,,,57.0,
AR,2017,9,44,2016-11-06,,,0.0,51.0,0.0,0.0,,,,74.0,
AR,2017,10,45,2016-11-13,,,0.0,69.0,0.0,0.0,,,,90.0,
AR,2017,11,46,2016-11-20,,,0.0,82.0,0.0,0.0,,,,97.0,
AR,2017,12,47,2016-11-27,,,0.0,87.0,0.0,0.0,,,,99.0,
AR,2017,27,10,2017-03-12,,,0.0,87.0,0.0,0.0,,,,99.0,
AR,2017,28,11,2017-03-19,,,0.0,87.0,0.0,1.0,,,,99.0,
AR,2017,29,12,2017-03-26,,,0.0,87.0,0.0,5.0,,,,99.0,
AR,2017,30,13,2017-04-02,,,0.0,87.0,0.0,27.0,,,,99.0,
AR,2017,31,14,2017-04-09,,,0.0,87.0,0.0,65.0,,,,99.0,
AR,2017,32,15,2017-04-16,,,0.0,87.0,0.0,89.0,,,,99.0,
AR,2017,33,16,2017-04-23,,,4.0,87.0,0.0,96.0,,,,99.0,
AR,2017,34,17,2017-04-30,,,24.0,87.0,0.0,98.0,,,,99.0,
AR,2017,35,18,2017-05-07,,,44.0,87.0,0.0,100.0,,,,99.0,
AR,2017,36,19,2017-05-14,,,82.0,87.0,0.0,100.0,,,,99.0,
AR,2017,37,20,2017-05-21,,,92.0,87.0,2.0,100.0,,,,99.0,
AR,2017,38,21,2017-05-28,,,97.0,87.0,13.0,100.0,,,,99.0,
AR,2017,39,22,2017-06-04,,,100.0,87.0,28.0,100.0,,,,99.0,
AR,2017,40,23,2017-06-11,,,100.0,87.0,66.0,100.0,,,,99.0,
AR,2017,41,24,2017-06-18,,,100.0,87.0,88.0,100.0,,,,99.0,
AR,2017,42,25,2017-06-25,,,100.0,87.0,98.0,100.0,,,,99.0,
AR,2017,43,26,2017-07-02,,,100.0,87.0,99.0,100.0,,,,99.0,
AR,2017,44,27,2017-07-09,,,100.0,87.0,100.0,100.0,,,,99.0,
AR,2017,45,28,2017-07-16,,,100.0,87.0,100.0,100.0,,,,99.0,
AR,2017,46,29,2017-07-23,,,100.0,87.0,100.0,100.0,,,,99.0,
AR,2017,47,30,2017-07-30,,,100.0,87.0,100.0,100.0,,,,99.0,
AR,2017,48,31,2017-08-06,,,100.0,87.0,100.0,100.0,,,,99.0,
AR,2017,49,32,2017-08-13,,,100.0,87.0,100.0,100.0,,,,99.0,
AR,2018,1,36,2017-09-10,,,0.0,0.0,0.0,0.0,,,,0.0,
AR,2018,2,37,2017-09-17,,,0.0,0.0,0.0,0.0,,,,1.0,
AR,2018,3,38,2017-09-24,,,0.0,0.0,0.0,0.0,,,,7.0,
AR,2018,4,39,2017-10-01,,,0.0,1.0,0.0,0.0,,,,13.0,
AR,2018,5,40,2017-10-08,,,0.0,6.0,0.0,0.0,,,,18.0,
AR,2018,6,41,2017-10-15,,,0.0,16.0,0.0,0.0,,,,31.0,
AR,2018,7,42,2017-10-22,,,0.0,23.0,0.0,0.0,,,,41.0,
AR,2018,8,43,2017-10-29,,,0.0,41.0,0.0,0.0,,,,66.0,
AR,2018,9,44,2017-11-05,,,0.0,61.0,0.0,0.0,,,,79.0,
AR,2018,10,45,2017-11-12,,,0.0,77.0,0.0,0.0,,,,89.0,
AR,2018,11,46,2017-11-19,,,0.0,85.0,0.0,0.0,,,,94.0,
AR,2018,12,47,2017-11-26,,,0.0,90.0,0.0,0.0,,,,98.0,
AR,2018,27,10,2018-03-11,,,0.0,90.0,0.0,0.0,,,,98.0,
AR,2018,28,11,2018-03-18,,,0.0,90.0,0.0,2.0,,,,98.0,
AR,2018,29,12,2018-03-25,,,0.0,90.0,0.0,9.0,,,,98.0,
AR,2018,30,13,2018-04-01,,,0.0,90.0,0.0,18.0,,,,98.0,
AR,2018,31,14,2018-04-08,,,0.0,90.0,0.0,21.0,,,,98.0,
AR,2018,32,15,2018-04-15,,,0.0,90.0,0.0,32.0,,,,98.0,
AR,2018,33,16,2018-04-22,,,0.0,90.0,0.0,44.0,,,,98.0,
AR,2018,34,17,2018-04-29,,,0.0,90.0,0.0,66.0,,,,98.0,
AR,2018,35,18,2018-05-06,,,0.0,90.0,0.0,82.0,,,,98.0,
AR,2018,36,19,2018-05-13,,,16.0,90.0,0.0,98.0,,,,98.0,
AR,2018,37,20,2018-05-20,,,54.0,90.0,0.0,99.0,,,,98.0,
AR,2018,38,21,2018-05-27,,,87.0,90.0,0.0,100.0,,,,98.0,
AR,2018,39,22,2018-06-03,,,93.0,90.0,4.0,100.0,,,,98.0,
AR,2018,40,23,2018-06-10,,,99.0,90.0,39.0,100.0,,,,98.0,
AR,2018,41,24,2018-06-17,,,100.0,90.0,90.0,100.0,,,,98.0,
AR,2018,42,25,2018-06-24,,,100.0,90.0,99.0,100.0,,,,98.0,
AR,2018,43,26,2018-07-01,,,100.0,90.0,100.0,100.0,,,,98.0,
AR,2018,44,27,2018-07-08,,,100.0,90.0,100.0,100.0,,,,98.0,
AR,2018,45,28,2018-07-15,,,100.0,90.0,100.0,100.0,,,,98.0,
AR,2018,46,29,2018-07-22,,,100.0,90.0,100.0,100.0,,,,98.0,
AR,2018,47,30,2018-07-29,,,100.0,90.0,100.0,100.0,,,,98.0,
AR,2018,48,31,2018-08-05,,,100.0,90.0,100.0,100.0,,,,98.0,
AR,2018,49,32,2018-08-12,,,100.0,90.0,100.0,100.0,,,,98.0,
AR,2018,50,33,2018-08-19,,,100.0,90.0,100.0,100.0,,,,98.0,
AR,2018,52,35,2018-09-02,,,100.0,90.0,100.0,100.0,,,,0.0,
AR,2019,1,36,2018-09-09,,,0.0,0.0,0.0,0.0,,,,0.0,
AR,2019,2,37,2018-09-16,,,0.0,0.0,0.0,0.0,,,,0.0,
AR,2019,3,38,2018-09-23,,,0.0,0.0,0.0,0.0,,,,1.0,
AR,2019,4,39,2018-09-30,,,0.0,1.0,0.0,0.0,,,,3.0,
AR,2019,5,40,2018-10-07,,,0.0,3.0,0.0,0.0,,,,18.0,
AR,2019,6,41,2018-10-14,,,0.0,14.0,0.0,0.0,,,,27.0,
AR,2019,7,42,2018-10-21,,,0.0,20.0,0.0,0.0,,,,38.0,
AR,2019,8,43,2018-10-28,,,0.0,29.0,0.0,0.0,,,,50.0,
AR,2019,9,44,2018-11-04,,,0.0,34.0,0.0,0.0,,,,55.0,
AR,2019,10,45,2018-11-11,,,0.0,44.0,0.0,0.0,,,,65.0,
AR,2019,11,46,2018-11-18,,,0.0,59.0,0.0,0.0,,,,79.0,
AR,2019,12,47,2018-11-25,,,0.0,70.0,0.0,0.0,,,,85.0,
AR,2019,13,48,2018-12-02,,,0.0,78.0,0.0,0.0,,,,93.0,
AR,2019,27,10,2019-03-10,,,0.0,78.0,0.0,0.0,,,,93.0,
AR,2019,28,11,2019-03-17,,,0.0,78.0,0.0,0.0,,,,93.0,
AR,2019,29,12,2019-03-24,,,0.0,78.0,0.0,1.0,,,,93.0,
AR,2019,30,13,2019-03-31,,,0.0,78.0,0.0,5.0,,,,93.0,
AR,2019,31,14,2019-04-07,,,0.0,78.0,0.0,10.0,,,,93.0,
AR,2019,32,15,2019-04-14,,,0.0,78.0,0.0,19.0,,,,93.0,
AR,2019,33,16,2019-04-21,,,0.0,78.0,0.0,40.0,,,,93.0,
AR,2019,34,17,2019-04-28,,,0.0,78.0,0.0,63.0,,,,93.0,
AR,2019,35,18,2019-05-05,,,0.0,78.0,0.0,80.0,,,,93.0,
AR,2019,36,19,2019-05-12,,,4.0,78.0,0.0,88.0,,,,93.0,
AR,2019,37,20,2019-05-19,,,28.0,78.0,0.0,93.0,,,,93.0,
AR,2019,38,21,2019-05-26,,,59.0,78.0,0.0,100.0,,,,93.0,
AR,2019,39,22,2019-06-02,,,80.0,78.0,13.0,100.0,,,,93.0,
AR,2019,40,23,2019-06-09,,,88.0,78.0,27.0,100.0,,,,93.0,
AR,2019,41,24,2019-06-16,,,95.0,78.0,59.0,100.0,,,,93.0,
AR,2019,42,25,2019-06-23,,,100.0,78.0,80.0,100.0,,,,93.0,
AR,2019,43,26,2019-06-30,,,100.0,78.0,90.0,100.0,,,,93.0,
AR,2019,44,27,2019-07-07,,,100.0,78.0,98.0,100.0,,,,93.0,
AR,2019,45,28,2019-07-14,,,100.0,78.0,100.0,100.0,,,,93.0,
AR,2019,46,29,2019-07-21,,,100.0,78.0,100.0,100.0,,,,93.0,
AR,2019,47,30,2019-07-28,,,100.0,78.0,100.0,100.0,,,,93.0,
AR,2019,48,31,2019-08-04,,,100.0,78.0,100.0,100.0,,,,93.0,
AR,2019,49,32,2019-08-11,,,100.0,78.0,100.0,100.0,,,,93.0,
AR,2019,50,33,2019-08-18,,,100.0,78.0,100.0,100.0,,,,93.0,
AR,2019,51,34,2019-08-25,,,100.0,78.0,100.0,100.0,,,,93.0,
AR,2019,52,35,2019-09-01,,,100.0,78.0,100.0,100.0,,,,93.0,
AR,2020,2,37,2019-09-15,,,0.0,0.0,0.0,0.0,,,,1.0,
AR,2020,3,38,2019-09-22,,,0.0,0.0,0.0,0.0,,,,2.0,
AR,2020,4,39,2019-09-29,,,0.0,1.0,0.0,0.0,,,,10.0,
AR,2020,5,40,2019-10-06,,,0.0,6.0,0.0,0.0,,,,15.0,
AR,2020,6,41,2019-10-13,,,0.0,13.0,0.0,0.0,,,,25.0,
AR,2020,7,42,2019-10-20,,,0.0,24.0,0.0,0.0,,,,47.0,
AR,2020,8,43,2019-10-27,,,0.0,45.0,0.0,0.0,,,,67.0,
AR,2020,9,44,2019-11-03,,,0.0,61.0,0.0,0.0,,,,78.0,
AR,2020,10,45,2019-11-10,,,0.0,70.0,0.0,0.0,,,,84.0,
AR,2020,11,46,2019-11-17,,,0.0,76.0,0.0,0.0,,,,90.0,
AR,2020,12,47,2019-11-24,,,0.0,81.0,0.0,0.0,,,,93.0,
AR,2020,13,48,2019-12-01,,,0.0,91.0,0.0,0.0,,,,98.0,
AR,2020,14,49,2019-12-08,,,0.0,94.0,0.0,0.0,,,,100.0,
AR,2020,28,11,2020-03-15,,,0.0,94.0,0.0,0.0,,,,100.0,
AR,2020,29,12,2020-03-22,,,0.0,94.0,0.0,1.0,,,,100.0,
AR,2020,30,13,2020-03-29,,,0.0,94.0,0.0,2.0,,,,100.0,
AR,2020,31,14,2020-04-05,,,0.0,94.0,0.0,6.0,,,,100.0,
AR,2020,32,15,2020-04-12,,,0.0,94.0,0.0,33.0,,,,100.0,
AR,2020,33,16,2020-04-19,,,0.0,94.0,0.0,47.0,,,,100.0,
AR,2020,34,17,2020-04-26,,,0.0,94.0,0.0,62.0,,,,100.0,
AR,2020,35,18,2020-05-03,,,7.0,94.0,0.0,70.0,,,,100.0,
AR,2020,36,19,2020-05-10,,,18.0,94.0,0.0,83.0,,,,100.0,
AR,2020,37,20,2020-05-17,,,46.0,94.0,0.0,89.0,,,,100.0,
AR,2020,38,21,2020-05-24,,,64.0,94.0,1.0,95.0,,,,100.0,
AR,2020,39,22,2020-05-31,,,79.0,94.0,14.0,100.0,,,,100.0,
AR,2020,40,23,2020-06-07,,,88.0,94.0,28.0,100.0,,,,100.0,
AR,2020,41,24,2020-06-14,,,94.0,94.0,50.0,100.0,,,,100.0,
AR,2020,42,25,2020-06-21,,,97.0,94.0,79.0,100.0,,,,100.0,
AR,2020,43,26,2020-06-28,,,100.0,94.0,89.0,100.0,,,,100.0,
AR,2020,44,27,2020-07-05,,,100.0,94.0,95.0,100.0,,,,100.0,
AR,2020,45,28,2020-07-12,,,100.0,94.0,100.0,100.0,,,,100.0,
AR,2020,46,29,2020-07-19,,,100.0,94.0,100.0,100.0,,,,100.0,
AR,2020,47,30,2020-07-26,,,100.0,94.0,100.0,100.0,,,,100.0,
AR,2020,48,31,2020-08-02,,,100.0,94.0,100.0,100.0,,,,100.0,
AR,2020,49,32,2020-08-09,,,100.0,94.0,100.0,100.0,,,,100.0,
AR,2020,50,33,2020-08-16,,,100.0,94.0,100.0,100.0,,,,100.0,
AR,2020,51,34,2020-08-23,,,100.0,94.0,100.0,100.0,,,,100.0,
AR,2020,52,35,2020-08-30,,,100.0,94.0,100.0,100.0,,,,100.0,
AR,2021,1,36,2020-09-06,,,0.0,0.0,0.0,0.0,,,,0.0,
AR,2021,2,37,2020-09-13,,,0.0,0.0,0.0,0.0,,,,0.0,
AR,2021,3,38,2020-09-20,,,0.0,0.0,0.0,0.0,,,,0.0,
AR,2021,4,39,2020-09-27,,,0.0,0.0,0.0,0.0,,,,2.0,
AR,2021,5,40,2020-10-04,,,0.0,1.0,0.0,0.0,,,,8.0,
AR,2021,6,41,2020-10-11,,,0.0,7.0,0.0,0.0,,,,20.0,
AR,2021,7,42,2020-10-18,,,0.0,18.0,0.0,0.0,,,,34.0,
AR,2021,8,43,2020-10-25,,,0.0,33.0,0.0,0.0,,,,50.0,
AR,2021,9,44,2020-11-01,,,0.0,48.0,0.0,0.0,,,,59.0,
AR,2021,10,45,2020-11-08,,,0.0,56.0,0.0,0.0,,,,71.0,
AR,2021,11,46,2020-11-15,,,0.0,69.0,0.0,0.0,,,,82.0,
AR,2021,12,47,2020-11-22,,,0.0,76.0,0.0,0.0,,,,91.0,
AR,2021,13,48,2020-11-29,,,0.0,89.0,0.0,0.0,,,,95.0,
AR,2021,27,10,2021-03-14,,,0.0,89.0,0.0,0.0,,,,95.0,
AR,2021,28,11,2021-03-21,,,0.0,89.0,0.0,1.0,,,,95.0,
AR,2021,29,12,2021-03-28,,,0.0,89.0,0.0,2.0,,,,95.0,
AR,2021,30,13,2021-04-04,,,0.0,89.0,0.0,3.0,,,,95.0,
AR,2021,31,14,2021-04-11,,,0.0,89.0,0.0,12.0,,,,95.0,
AR,2021,32,15,2021-04-18,,,0.0,89.0,0.0,28.0,,,,95.0,
AR,2021,33,16,2021-04-25,,,0.0,89.0,0.0,46.0,,,,95.0,
AR,2021,34,17,2021-05-02,,,2.0,89.0,0.0,69.0,,,,95.0,
AR,2021,35,18,2021-05-09,,,7.0,89.0,0.0,76.0,,,,95.0,
AR,2021,36,19,2021-05-16,,,20.0,89.0,0.0,84.0,,,,95.0,
AR,2021,37,20,2021-05-23,,,45.0,89.0,0.0,91.0,,,,95.0,
AR,2021,38,21,2021-05-30,,,70.0,89.0,0.0,95.0,,,,95.0,
AR,2021,39,22,2021-06-06,,,86.0,89.0,11.0,98.0,,,,95.0,
AR,2021,40,23,2021-06-13,,,94.0,89.0,29.0,100.0,,,,95.0,
AR,2021,41,24,2021-06-20,,,95.0,89.0,60.0,100.0,,,,95.0,
AR,2021,42,25,2021-06-27,,,97.0,89.0,87.0,100.0,,,,95.0,
AR,2021,43,26,2021-07-04,,,100.0,89.0,93.0,100.0,,,,95.0,
AR,2021,44,27,2021-07-11,,,100.0,89.0,100.0,100.0,,,,95.0,
AR,2021,45,28,2021-07-18,,,100.0,89.0,100.0,100.0,,,,95.0,
AR,2021,46,29,2021-07-25,,,100.0,89.0,100.0,100.0,,,,95.0,
AR,2021,47,30,2021-08-01,,,100.0,89.0,100.0,100.0,,,,95.0,
AR,2021,48,31,2021-08-08,,,100.0,89.0,100.0,100.0,,,,95.0,
AR,2021,52,35,2021-09-05,,,100.0,89.0,100.0,100.0,,,,0.0,
AR,2022,1,36,2021-09-12,,,0.0,0.0,0.0,0.0,,,,0.0,
AR,2022,2,37,2021-09-19,,,0.0,0.0,0.0,0.0,,,,1.0,
AR,2022,3,38,2021-09-26,,,0.0,0.0,0.0,0.0,,,,4.0,
AR,2022,4,39,2021-10-03,,,0.0,3.0,0.0,0.0,,,,10.0,
AR,2022,5,40,2021-10-10,,,0.0,5.0,0.0,0.0,,,,22.0,
AR,2022,6,41,2021-10-17,,,0.0,12.0,0.0,0.0,,,,34.0,
AR,2022,7,42,2021-10-24,,,0.0,22.0,0.0,0.0,,,,46.0,
AR,2022,8,43,2021-10-31,,,0.0,35.0,0.0,0.0,,,,58.0,
AR,2022,9,44,2021-11-07,,,0.0,54.0,0.0,0.0,,,,71.0,
AR,2022,10,45,2021-11-14,,,0.0,69.0,0.0,0.0,,,,80.0,
AR,2022,11,46,2021-11-21,,,0.0,80.0,0.0,0.0,,,,94.0,
AR,2022,12,47,2021-11-28,,,0.0,93.0,0.0,0.0,,,,96.0,
AR,2022,28,11,2022-03-20,,,0.0,93.0,0.0,0.0,,,,96.0,
AR,2022,29,12,2022-03-27,,,0.0,93.0,0.0,1.0,,,,96.0,
AR,2022,30,13,2022-04-03,,,0.0,93.0,0.0,2.0,,,,96.0,
AR,2022,31,14,2022-04-10,,,0.0,93.0,0.0,5.0,,,,96.0,
AR,2022,32,15,2022-04-17,,,0.0,93.0,0.0,13.0,,,,96.0,
AR,2022,33,16,2022-04-24,,,0.0,93.0,0.0,26.0,,,,96.0,
AR,2022,34,17,2022-05-01,,,1.0,93.0,0.0,51.0,,,,96.0,
AR,2022,35,18,2022-05-08,,,7.0,93.0,0.0,78.0,,,,96.0,
AR,2022,36,19,2022-05-15,,,14.0,93.0,0.0,91.0,,,,96.0,
AR,2022,37,20,2022-05-22,,,39.0,93.0,0.0,98.0,,,,96.0,
AR,2022,38,21,2022-05-29,,,71.0,93.0,0.0,100.0,,,,96.0,
AR,2022,39,22,2022-06-05,,,90.0,93.0,15.0,100.0,,,,96.0,
AR,2022,40,23,2022-06-12,,,93.0,93.0,29.0,100.0,,,,96.0,
AR,2022,41,24,2022-06-19,,,94.0,93.0,71.0,100.0,,,,96.0,
AR,2022,42,25,2022-06-26,,,98.0,93.0,85.0,100.0,,,,96.0,
AR,2022,43,26,2022-07-03,,,100.0,93.0,94.0,100.0,,,,96.0,
AR,2022,44,27,2022-07-10,,,100.0,93.0,99.0,100.0,,,,96.0,
AR,2022,45,28,2022-07-17,,,100.0,93.0,100.0,100.0,,,,96.0,
AR,2022,46,29,2022-07-24,,,100.0,93.0,100.0,100.0,,,,96.0,
AR,2022,47,30,2022-07-31,,,100.0,93.0,100.0,100.0,,,,96.0,
AR,2022,48,31,2022-08-07,,,100.0,93.0,100.0,100.0,,,,96.0,
AR,2022,49,32,2022-08-14,,,100.0,93.0,100.0,100.0,,,,96.0,
AR,2022,50,33,2022-08-21,,,100.0,93.0,100.0,100.0,,,,96.0,
AR,2022,52,35,2022-09-04,,,100.0,93.0,100.0,100.0,,,,0.0,
AR,2023,1,36,2022-09-11,,,0.0,0.0,0.0,0.0,,,,0.0,
AR,2023,2,37,2022-09-18,,,0.0,0.0,0.0,0.0,,,,1.0,
AR,2023,3,38,2022-09-25,,,0.0,0.0,0.0,0.0,,,,3.0,
AR,2023,4,39,2022-10-02,,,0.0,0.0,0.0,0.0,,,,5.0,
AR,2023,5,40,2022-10-09,,,0.0,0.0,0.0,0.0,,,,8.0,
AR,2023,6,41,2022-10-16,,,0.0,3.0,0.0,0.0,,,,23.0,
AR,2023,7,42,2022-10-23,,,0.0,9.0,0.0,0.0,,,,34.0,
AR,2023,8,43,2022-10-30,,,0.0,22.0,0.0,0.0,,,,48.0,
AR,2023,9,44,2022-11-06,,,0.0,43.0,0.0,0.0,,,,67.0,
AR,2023,10,45,2022-11-13,,,0.0,59.0,0.0,0.0,,,,81.0,
AR,2023,11,46,2022-11-20,,,0.0,75.0,0.0,0.0,,,,93.0,
AR,2023,12,47,2022-11-27,,,0.0,86.0,0.0,0.0,,,,97.0,
AR,2023,27,10,2023-03-12,,,0.0,86.0,0.0,0.0,,,,97.0,
AR,2023,28,11,2023-03-19,,,0.0,86.0,0.0,0.0,,,,97.0,
AR,2023,29,12,2023-03-26,,,0.0,86.0,0.0,0.0,,,,97.0,
AR,2023,30,13,2023-04-02,,,0.0,86.0,0.0,3.0,,,,97.0,
AR,2023,31,14,2023-04-09,,,0.0,86.0,0.0,10.0,,,,97.0,
AR,2023,32,15,2023-04-16,,,0.0,86.0,0.0,25.0,,,,97.0,
AR,2023,33,16,2023-04-23,,,0.0,86.0,0.0,46.0,,,,97.0,
AR,2023,34,17,2023-04-30,,,0.0,86.0,0.0,71.0,,,,97.0,
AR,2023,35,18,2023-05-07,,,4.0,86.0,0.0,83.0,,,,97.0,
AR,2023,36,19,2023-05-14,,,26.0,86.0,0.0,90.0,,,,97.0,
AR,2023,37,20,2023-05-21,,,51.0,86.0,0.0,94.0,,,,97.0,
AR,2023,38,21,2023-05-28,,,73.0,86.0,1.0,98.0,,,,97.0,
AR,2023,39,22,2023-06-04,,,88.0,86.0,14.0,100.0,,,,97.0,
AR,2023,40,23,2023-06-11,,,91.0,86.0,33.0,100.0,,,,97.0,
AR,2023,41,24,2023-06-18,,,94.0,86.0,58.0,100.0,,,,97.0,
AR,2023,42,25,2023-06-25,,,99.0,86.0,85.0,100.0,,,,97.0,
AR,2023,43,26,2023-07-02,,,100.0,86.0,93.0,100.0,,,,97.0,
AR,2023,44,27,2023-07-09,,,100.0,86.0,97.0,100.0,,,,97.0,
AR,2023,45,28,2023-07-16,,,100.0,86.0,100.0,100.0,,,,97.0,
AR,2023,46,29,2023-07-23,,,100.0,86.0,100.0,100.0,,,,97.0,
AR,2023,47,30,2023-07-30,,,100.0,86.0,100.0,100.0,,,,97.0,
AR,2023,48,31,2023-08-06,,,100.0,86.0,100.0,100.0,,,,97.0,
AR,2023,49,32,2023-08-13,,,100.0,86.0,100.0,100.0,,,,97.0,
AR,2023,50,33,2023-08-20,,,100.0,86.0,100.0,100.0,,,,97.0,
AR,2023,52,35,2023-09-03,,,100.0,86.0,100.0,100.0,,,,0.0,
AR,2024,1,36,2023-09-10,,,0.0,0.0,0.0,0.0,,,,0.0,
AR,2024,2,37,2023-09-17,,,0.0,0.0,0.0,0.0,,,,1.0,
AR,2024,3,38,2023-09-24,,,0.0,0.0,0.0,0.0,,,,5.0,
AR,2024,4,39,2023-10-01,,,0.0,1.0,0.0,0.0,,,,7.0,
AR,2024,5,40,2023-10-08,,,0.0,3.0,0.0,0.0,,,,13.0,
AR,2024,6,41,2023-10-15,,,0.0,10.0,0.0,0.0,,,,28.0,
AR,2024,7,42,2023-10-22,,,0.0,16.0,0.0,0.0,,,,37.0,
AR,2024,8,43,2023-10-29,,,0.0,31.0,0.0,0.0,,,,54.0,
AR,2024,9,44,2023-11-05,,,0.0,49.0,0.0,0.0,,,,72.0,
AR,2024,10,45,2023-11-12,,,0.0,70.0,0.0,0.0,,,,87.0,
AR,2024,11,46,2023-11-19,,,0.0,77.0,0.0,0.0,,,,94.0,
AR,2024,12,47,2023-11-26,,,0.0,90.0,0.0,0.0,,,,98.0,
AR,2024,27,10,2024-03-10,,,0.0,90.0,0.0,0.0,,,,98.0,
AR,2024,28,11,2024-03-17,,,0.0,90.0,0.0,1.0,,,,98.0,
AR,2024,29,12,2024-03-24,,,0.0,90.0,0.0,4.0,,,,98.0,
AR,2024,30,13,2024-03-31,,,0.0,90.0,0.0,10.0,,,,98.0,
AR,2024,31,14,2024-04-07,,,0.0,90.0,0.0,16.0,,,,98.0,
AR,2024,32,15,2024-04-14,,,0.0,90.0,0.0,37.0,,,,98.0,
AR,2024,33,16,2024-04-21,,,0.0,90.0,0.0,50.0,,,,98.0,
AR,2024,34,17,2024-04-28,,,0.0,90.0,0.0,65.0,,,,98.0,
AR,2024,35,18,2024-05-05,,,4.0,90.0,0.0,81.0,,,,98.0,
AR,2024,36,19,2024-05-12,,,28.0,90.0,0.0,84.0,,,,98.0,
AR,2024,37,20,2024-05-19,,,49.0,90.0,0.0,91.0,,,,98.0,
AR,2024,38,21,2024-05-26,,,74.0,90.0,1.0,95.0,,,,98.0,
AR,2024,39,22,2024-06-02,,,85.0,90.0,10.0,99.0,,,,98.0,
AR,2024,40,23,2024-06-09,,,93.0,90.0,34.0,100.0,,,,98.0,
AR,2024,41,24,2024-06-16,,,98.0,90.0,68.0,100.0,,,,98.0,
AR,2024,42,25,2024-06-23,,,100.0,90.0,83.0,100.0,,,,98.0,
AR,2024,43,26,2024-06-30,,,100.0,90.0,94.0,100.0,,,,98.0,
AR,2024,44,27,2024-07-07,,,100.0,90.0,99.0,100.0,,,,98.0,
AR,2024,45,28,2024-07-14,,,100.0,90.0,100.0,100.0,,,,98.0,
AR,2024,46,29,2024-07-21,,,100.0,90.0,100.0,100.0,,,,98.0,
AR,2024,47,30,2024-07-28,,,100.0,90.0,100.0,100.0,,,,98.0,
AR,2024,48,31,2024-08-04,,,100.0,90.0,100.0,100.0,,,,98.0,
AR,2024,49,32,2024-08-11,,,100.0,90.0,100.0,100.0,,,,98.0,
AR,2024,50,33,2024-08-18,,,100.0,90.0,100.0,100.0,,,,98.0,
AR,2024,52,35,2024-09-01,,,100.0,90.0,100.0,100.0,,,,0.0,
AR,2025,1,36,2024-09-08,,,0.0,0.0,0.0,0.0,,,,0.0,
AR,2025,2,37,2024-09-15,,,0.0,0.0,0.0,0.0,,,,1.0,
AR,2025,3,38,2024-09-22,,,0.0,0.0,0.0,0.0,,,,3.0,
AR,2025,4,39,2024-09-29,,,0.0,0.0,0.0,0.0,,,,4.0,
AR,2025,5,40,2024-10-06,,,0.0,2.0,0.0,0.0,,,,18.0,
AR,2025,6,41,2024-10-13,,,0.0,8.0,0.0,0.0,,,,26.0,
AR,2025,7,42,2024-10-20,,,0.0,16.0,0.0,0.0,,,,34.0,
AR,2025,8,43,2024-10-27,,,0.0,23.0,0.0,0.0,,,,48.0,
AR,2025,9,44,2024-11-03,,,0.0,30.0,0.0,0.0,,,,63.0,
AR,2025,10,45,2024-11-10,,,0.0,49.0,0.0,0.0,,,,76.0,
AR,2025,11,46,2024-11-17,,,0.0,71.0,0.0,0.0,,,,88.0,
AR,2025,12,47,2024-11-24,,,0.0,84.0,0.0,0.0,,,,95.0,
AR,2025,27,10,2025-03-09,,,0.0,84.0,0.0,0.0,,,,95.0,
AR,2025,28,11,2025-03-16,,,0.0,84.0,0.0,3.0,,,,95.0,
AR,2025,29,12,2025-03-23,,,0.0,84.0,0.0,7.0,,,,95.0,
AR,2025,30,13,2025-03-30,,,0.0,84.0,0.0,11.0,,,,95.0,
AR,2025,31,14,2025-04-06,,,0.0,84.0,0.0,14.0,,,,95.0,
AR,2025,32,15,2025-04-13,,,0.0,84.0,0.0,24.0,,,,95.0,
AR,2025,33,16,2025-04-20,,,0.0,84.0,0.0,36.0,,,,95.0,
AR,2025,34,17,2025-04-27,,,0.0,84.0,0.0,48.0,,,,95.0,
AR,2025,35,18,2025-05-04,,,3.0,84.0,0.0,77.0,,,,95.0,
AR,2025,36,19,2025-05-11,,,24.0,84.0,0.0,85.0,,,,95.0,
AR,2025,37,20,2025-05-18,,,50.0,84.0,0.0,93.0,,,,95.0,
AR,2025,38,21,2025-05-25,,,66.0,84.0,1.0,95.0,,,,95.0,
AR,2025,39,22,2025-06-01,,,83.0,84.0,8.0,97.0,,,,95.0,
AR,2025,40,23,2025-06-08,,,92.0,84.0,19.0,99.0,,,,95.0,
AR,2025,41,24,2025-06-15,,,94.0,84.0,48.0,100.0,,,,95.0,
AR,2025,42,25,2025-06-22,,,98.0,84.0,70.0,100.0,,,,95.0,
AR,2025,43,26,2025-06-29,,,100.0,84.0,90.0,100.0,,,,95.0,
AR,2025,44,27,2025-07-06,,,100.0,84.0,98.0,100.0,,,,95.0,
AR,2025,45,28,2025-07-13,,,100.0,84.0,100.0,100.0,,,,95.0,
AR,2025,46,29,2025-07-20,,,100.0,84.0,100.0,100.0,,,,95.0,
AR,2025,47,30,2025-07-27,,,100.0,84.0,100.0,100.0,,,,95.0,
AR,2025,48,31,2025-08-03,,,100.0,84.0,100.0,100.0,,,,95.0,
AR,2025,49,32,2025-08-10,,,100.0,84.0,100.0,100.0,,,,95.0,
AR,2025,50,33,2025-08-17,,,100.0,84.0,100.0,100.0,,,,95.0,
AR,2025,51,34,2025-08-24,,,100.0,84.0,100.0,100.0,,,,95.0,
AR,2026,1,36,2025-09-07,,,0.0,0.0,0.0,0.0,,,,0.0,
AR,2026,2,37,2025-09-14,,,0.0,0.0,0.0,0.0,,,,0.0,
AR,2026,3,38,2025-09-21,,,0.0,0.0,0.0,0.0,,,,2.0,
AR,2026,4,39,2025-09-28,,,0.0,0.0,0.0,0.0,,,,6.0,
AR,2026,11,46,2025-11-16,,,0.0,67.0,0.0,0.0,,,,86.0,
AR,2026,12,47,2025-11-23,,,0.0,82.0,0.0,0.0,,,,95.0,
AZ,2016,24,7,2016-02-21,,,,0.0,0.0,0.0,,0.0,,0.0,
AZ,2016,25,8,2016-02-28,,,,15.0,0.0,0.0,,0.0,,40.0,
AZ,2016,26,9,2016-03-06,,,,45.0,0.0,0.0,,0.0,,60.0,
AZ,2016,27,10,2016-03-13,,,,50.0,0.0,0.0,,0.0,,65.0,
AZ,2016,28,11,2016-03-20,,,,55.0,0.0,0.0,,0.0,,85.0,
AZ,2016,29,12,2016-03-27,,,,60.0,0.0,0.0,,0.0,,90.0,
AZ,2016,30,13,2016-04-03,,,,70.0,0.0,0.0,,0.0,,95.0,
AZ,2016,31,14,2016-04-10,,,,75.0,0.0,0.0,,0.0,,100.0,
AZ,2016,32,15,2016-04-17,,,,85.0,0.0,0.0,,0.0,,100.0,
AZ,2016,33,16,2016-04-24,,,,90.0,0.0,0.0,,0.0,,100.0,
AZ,2016,34,17,2016-05-01,,,,95.0,0.0,0.0,,0.0,,100.0,
AZ,2016,35,18,2016-05-08,,,,95.0,0.0,50.0,,0.0,,100.0,
AZ,2016,36,19,2016-05-15,,,,95.0,0.0,75.0,,0.0,,100.0,
AZ,2016,37,20,2016-05-22,,,,95.0,0.0,90.0,,0.0,,100.0,
AZ,2016,38,21,2016-05-29,,,,95.0,0.0,95.0,,6.0,,100.0,
AZ,2016,39,22,2016-06-05,,,,95.0,6.0,99.0,,20.0,,100.0,
AZ,2016,40,23,2016-06-12,,,,95.0,15.0,99.0,,40.0,,100.0,
AZ,2016,41,24,2016-06-19,,,,95.0,35.0,99.0,,50.0,,100.0,
AZ,2016,42,25,2016-06-26,,,,95.0,45.0,99.0,,60.0,,100.0,
AZ,2016,43,26,2016-07-03,,,,95.0,55.0,99.0,,70.0,,100.0,
AZ,2016,44,27,2016-07-10,,,,95.0,60.0,99.0,,80.0,,100.0,
AZ,2016,45,28,2016-07-17,,,,95.0,70.0,99.0,,85.0,,100.0,
AZ,2016,46,29,2016-07-24,,,,95.0,89.0,99.0,,90.0,,100.0,
AZ,2016,47,30,2016-07-31,,,,95.0,92.0,99.0,,95.0,,100.0,
AZ,2016,48,31,2016-08-07,,,,95.0,95.0,99.0,,95.0,,100.0,
CA,2016,1,36,2015-09-06,,,,0.0,0.0,0.0,,,,0.0,
CA,2016,2,37,2015-09-13,,,,0.0,0.0,0.0,,,,0.0,
CA,2016,3,38,2015-09-20,,,,0.0,0.0,0.0,,,,1.0,
CA,2016,4,39,2015-09-27,,,,0.0,0.0,0.0,,,,2.0,
CA,2016,5,40,2015-10-04,,,,0.0,0.0,0.0,,,,5.0,
CA,2016,6,41,2015-10-11,,,,0.0,0.0,0.0,,,,6.0,
CA,2016,7,42,2015-10-18,,,,2.0,0.0,0.0,,,,12.0,
CA,2016,8,43,2015-10-25,,,,10.0,0.0,0.0,,,,40.0,
CA,2016,9,44,2015-11-01,,,,15.0,0.0,0.0,,,,45.0,
CA,2016,10,45,2015-11-08,,,,20.0,0.0,0.0,,,,50.0,
CA,2016,11,46,2015-11-15,,,,25.0,0.0,0.0,,,,70.0,
CA,2016,12,47,2015-11-22,,,,55.0,0.0,0.0,,,,85.0,
CA,2016,13,48,2015-11-29,,,,70.0,0.0,0.0,,,,90.0,
CA,2016,14,49,2015-12-06,,,,90.0,0.0,0.0,,,,95.0,
CA,2016,15,50,2015-12-13,,,,93.0,0.0,0.0,,,,97.0,
CA,2016,16,51,2015-12-20,,,,95.0,0.0,0.0,,,,97.0,
CA,2016,31,14,2016-04-10,,,,95.0,0.0,50.0,,,,97.0,
CA,2016,32,15,2016-04-17,,,,95.0,0.0,70.0,,,,97.0,
CA,2016,33,16,2016-04-24,,,,95.0,0.0,85.0,,,,97.0,
CA,2016,34,17,2016-05-01,,,,95.0,0.0,90.0,,,,97.0,
CA,2016,35,18,2016-05-08,,,,95.0,0.0,95.0,,,,97.0,
CA,2016,36,19,2016-05-15,,,,95.0,0.0,96.0,,,,97.0,
CA,2016,37,20,2016-05-22,,,,95.0,0.0,98.0,,,,97.0,
CA,2016,38,21,2016-05-29,,,,95.0,15.0,100.0,,,,97.0,
CA,2016,39,22,2016-06-05,,,,95.0,30.0,100.0,,,,97.0,
CA,2016,40,23,2016-06-12,,,,95.0,50.0,100.0,,,,97.0,
CA,2016,41,24,2016-06-19,,,,95.0,75.0,100.0,,,,97.0,
CA,2016,42,25,2016-06-26,,,,95.0,88.0,100.0,,,,97.0,
CA,2016,43,26,2016-07-03,,,,95.0,96.0,100.0,,,,97.0,
CA,2016,44,27,2016-07-10,,,,95.0,97.0,100.0,,,,97.0,
CA,2016,45,28,2016-07-17,,,,95.0,97.0,100.0,,,,97.0,
CA,2016,46,29,2016-07-24,,,,95.0,97.0,100.0,,,,97.0,
CA,2016,47,30,2016-07-31,,,,95.0,98.0,100.0,,,,97.0,
CA,2016,48,31,2016-08-07,,,,95.0,99.0,100.0,,,,97.0,
CA,2016,49,32,2016-08-14,,,,95.0,99.0,100.0,,,,97.0,
CA,2017,1,36,2016-09-11,,,,0.0,0.0,0.0,,,,0.0,
CA,2017,2,37,2016-09-18,,,,0.0,0.0,0.0,,,,0.0,
CA,2017,3,38,2016-09-25,,,,0.0,0.0,0.0,,,,4.0,
CA,2017,4,39,2016-10-02,,,,0.0,0.0,0.0,,,,7.0,
CA,2017,5,40,2016-10-09,,,,0.0,0.0,0.0,,,,8.0,
CA,2017,6,41,2016-10-16,,,,1.0,0.0,0.0,,,,14.0,
CA,2017,7,42,2016-10-23,,,,3.0,0.0,0.0,,,,31.0,
CA,2017,8,43,2016-10-30,,,,12.0,0.0,0.0,,,,33.0,
CA,2017,9,44,2016-11-06,,,,41.0,0.0,0.0,,,,60.0,
CA,2017,10,45,2016-11-13,,,,44.0,0.0,0.0,,,,66.0,
CA,2017,11,46,2016-11-20,,,,71.0,0.0,0.0,,,,90.0,
CA,2017,12,47,2016-11-27,,,,81.0,0.0,0.0,,,,90.0,
CA,2017,13,48,2016-12-04,,,,88.0,0.0,0.0,,,,90.0,
CA,2017,14,49,2016-12-11,,,,92.0,0.0,0.0,,,,94.0,
CA,2017,15,50,2016-12-18,,,,95.0,0.0,0.0,,,,96.0,
CA,2017,16,51,2016-12-25,,,,96.0,0.0,0.0,,,,98.0,
CA,2017,18,1,2017-01-08,,,,100.0,0.0,0.0,,,,100.0,
CA,2017,31,14,2017-04-09,,,,100.0,0.0,24.0,,,,100.0,
CA,2017,32,15,2017-04-16,,,,100.0,0.0,59.0,,,,100.0,
CA,2017,33,16,2017-04-23,,,,100.0,0.0,90.0,,,,100.0,
CA,2017,34,17,2017-04-30,,,,100.0,0.0,96.0,,,,100.0,
CA,2017,35,18,2017-05-07,,,,100.0,0.0,97.0,,,,100.0,
CA,2017,36,19,2017-05-14,,,,100.0,0.0,98.0,,,,100.0,
CA,2017,37,20,2017-05-21,,,,100.0,0.0,100.0,,,,100.0,
CA,2017,38,21,2017-05-28,,,,100.0,0.0,100.0,,,,100.0,
CA,2017,39,22,2017-06-04,,,,100.0,0.0,100.0,,,,100.0,
CA,2017,40,23,2017-06-11,,,,100.0,1.0,100.0,,,,100.0,
CA,2017,41,24,2017-06-18,,,,100.0,5.0,100.0,,,,100.0,
CA,2017,42,25,2017-06-25,,,,100.0,25.0,100.0,,,,100.0,
CA,2017,43,26,2017-07-02,,,,100.0,57.0,100.0,,,,100.0,
CA,2017,44,27,2017-07-09,,,,100.0,67.0,100.0,,,,100.0,
CA,2017,45,28,2017-07-16,,,,100.0,80.0,100.0,,,,100.0,
CA,2017,46,29,2017-07-23,,,,100.0,90.0,100.0,,,,100.0,
CA,2017,47,30,2017-07-30,,,,100.0,94.0,100.0,,,,100.0,
CA,2017,48,31,2017-08-06,,,,100.0,97.0,100.0,,,,100.0,
CA,2017,49,32,2017-08-13,,,,100.0,98.0,100.0,,,,100.0,
CA,2017,50,33,2017-08-20,,,,100.0,99.0,100.0,,,,100.0,
CA,2017,51,34,2017-08-27,,,,100.0,100.0,100.0,,,,100.0,
CA,2017,52,35,2017-09-03,,,,100.0,100.0,100.0,,,,100.0,
CA,2018,1,36,2017-09-10,,,,0.0,0.0,0.0,,,,3.0,
CA,2018,2,37,2017-09-17,,,,0.0,0.0,0.0,,,,5.0,
CA,2018,3,38,2017-09-24,,,,0.0,0.0,0.0,,,,6.0,
CA,2018,4,39,2017-10-01,,,,0.0,0.0,0.0,,,,7.0,
CA,2018,5,40,2017-10-08,,,,0.0,0.0,0.0,,,,10.0,
CA,2018,6,41,2017-10-15,,,,0.0,0.0,0.0,,,,15.0,
CA,2018,7,42,2017-10-22,,,,1.0,0.0,0.0,,,,20.0,
CA,2018,8,43,2017-10-29,,,,5.0,0.0,0.0,,,,30.0,
CA,2018,9,44,2017-11-05,,,,8.0,0.0,0.0,,,,41.0,
CA,2018,10,45,2017-11-12,,,,20.0,0.0,0.0,,,,50.0,
CA,2018,11,46,2017-11-19,,,,30.0,0.0,0.0,,,,55.0,
CA,2018,12,47,2017-11-26,,,,35.0,0.0,0.0,,,,65.0,
CA,2018,13,48,2017-12-03,,,,60.0,0.0,0.0,,,,85.0,
CA,2018,14,49,2017-12-10,,,,62.0,0.0,0.0,,,,86.0,
CA,2018,15,50,2017-12-17,,,,70.0,0.0,0.0,,,,90.0,
CA,2018,16,51,2017-12-24,,,,75.0,0.0,0.0,,,,95.0,
CA,2018,17,52,2017-01-01,,,,97.0,0.0,0.0,,,,99.0,
CA,2018,17,52,2017-12-31,,,,80.0,0.0,0.0,,,,99.0,
CA,2018,18,1,2018-01-07,,,,92.0,0.0,0.0,,,,100.0,
CA,2018,19,2,2018-01-14,,,,97.0,0.0,0.0,,,,100.0,
CA,2018,20,3,2018-01-21,,,,99.0,0.0,0.0,,,,100.0,
CA,2018,21,4,2018-01-28,,,,100.0,0.0,0.0,,,,100.0,
CA,2018,31,14,2018-04-08,,,,100.0,0.0,1.0,,,,100.0,
CA,2018,32,15,2018-04-15,,,,100.0,0.0,5.0,,,,100.0,
CA,2018,33,16,2018-04-22,,,,100.0,0.0,9.0,,,,100.0,
CA,2018,34,17,2018-04-29,,,,100.0,0.0,40.0,,,,100.0,
CA,2018,35,18,2018-05-06,,,,100.0,0.0,70.0,,,,100.0,
CA,2018,36,19,2018-05-13,,,,100.0,0.0,95.0,,,,100.0,
CA,2018,37,20,2018-05-20,,,,100.0,0.0,100.0,,,,100.0,
CA,2018,38,21,2018-05-27,,,,100.0,0.0,100.0,,,,100.0,
CA,2018,39,22,2018-06-03,,,,100.0,3.0,100.0,,,,100.0,
CA,2018,40,23,2018-06-10,,,,100.0,25.0,100.0,,,,100.0,
CA,2018,41,24,2018-06-17,,,,100.0,40.0,100.0,,,,100.0,
CA,2018,42,25,2018-06-24,,,,100.0,50.0,100.0,,,,100.0,
CA,2018,43,26,2018-07-01,,,,100.0,60.0,100.0,,,,100.0,
CA,2018,44,27,2018-07-08,,,,100.0,70.0,100.0,,,,100.0,
CA,2018,45,28,2018-07-15,,,,100.0,90.0,100.0,,,,100.0,
CA,2018,46,29,2018-07-22,,,,100.0,92.0,100.0,,,,100.0,
CA,2018,47,30,2018-07-29,,,,100.0,95.0,100.0,,,,100.0,
CA,2018,48,31,2018-08-05,,,,100.0,97.0,100.0,,,,100.0,
CA,2018,49,32,2018-08-12,,,,100.0,98.0,100.0,,,,100.0,
CA,2018,50,33,2018-08-19,,,,100.0,99.0,100.0,,,,100.0,
CA,2018,51,34,2018-08-26,,,,100.0,99.0,100.0,,,,100.0,
CA,2018,52,35,2018-09-02,,,,100.0,99.0,100.0,,,,100.0,
CA,2019,1,36,2018-09-09,,,,0.0,99.0,100.0,,,,0.0,
CA,2019,2,37,2018-09-16,,,,0.0,100.0,100.0,,,,2.0,
CA,2019,3,38,2018-09-23,,,,0.0,100.0,100.0,,,,13.0,
CA,2019,4,39,2018-09-30,,,,0.0,100.0,100.0,,,,15.0,
CA,2019,5,40,2018-10-07,,,,0.0,100.0,100.0,,,,16.0,
CA,2019,6,41,2018-10-14,,,,2.0,100.0,100.0,,,,17.0,
CA,2019,7,42,2018-10-21,,,,10.0,100.0,100.0,,,,20.0,
CA,2019,8,43,2018-10-28,,,,15.0,100.0,100.0,,,,30.0,
CA,2019,9,44,2018-11-04,,,,16.0,100.0,100.0,,,,32.0,
CA,2019,10,45,2018-11-11,,,,18.0,100.0,100.0,,,,40.0,
CA,2019,11,46,2018-11-18,,,,30.0,100.0,100.0,,,,55.0,
CA,2019,12,47,2018-11-25,,,,35.0,100.0,100.0,,,,65.0,
CA,2019,31,14,2019-04-07,,,,35.0,100.0,10.0,,,,65.0,
CA,2019,32,15,2019-04-14,,,,35.0,100.0,25.0,,,,65.0,
CA,2019,33,16,2019-04-21,,,,35.0,100.0,40.0,,,,65.0,
CA,2019,34,17,2019-04-28,,,,35.0,100.0,55.0,,,,65.0,
CA,2019,35,18,2019-05-05,,,,35.0,100.0,87.0,,,,65.0,
CA,2019,36,19,2019-05-12,,,,35.0,100.0,93.0,,,,65.0,
CA,2019,37,20,2019-05-19,,,,35.0,100.0,99.0,,,,65.0,
CA,2019,38,21,2019-05-26,,,,35.0,100.0,100.0,,,,65.0,
CA,2019,39,22,2019-06-02,,,,35.0,100.0,100.0,,,,65.0,
CA,2019,40,23,2019-06-09,,,,35.0,100.0,100.0,,,,65.0,
CA,2019,41,24,2019-06-16,,,,35.0,40.0,100.0,,,,65.0,
CA,2019,42,25,2019-06-23,,,,35.0,55.0,100.0,,,,65.0,
CA,2019,43,26,2019-06-30,,,,35.0,65.0,100.0,,,,65.0,
CA,2019,44,27,2019-07-07,,,,35.0,80.0,100.0,,,,65.0,
CA,2019,45,28,2019-07-14,,,,35.0,90.0,100.0,,,,65.0,
CA,2019,46,29,2019-07-21,,,,35.0,95.0,100.0,,,,65.0,
CA,2019,47,30,2019-07-28,,,,35.0,97.0,100.0,,,,65.0,
CA,2019,48,31,2019-08-04,,,,35.0,100.0,100.0,,,,65.0,
CA,2019,49,32,2019-08-11,,,,35.0,100.0,100.0,,,,65.0,
CA,2019,50,33,2019-08-18,,,,35.0,100.0,100.0,,,,65.0,
CA,2019,51,34,2019-08-25,,,,35.0,100.0,100.0,,,,65.0,
CA,2019,52,35,2019-09-01,,,,35.0,100.0,100.0,,,,65.0,
CA,2020,2,37,2019-09-15,,,,0.0,0.0,0.0,,,,0.0,
CA,2020,3,38,2019-09-22,,,,0.0,0.0,0.0,,,,5.0,
CA,2020,4,39,2019-09-29,,,,0.0,0.0,0.0,,,,10.0,
CA,2020,5,40,2019-10-06,,,,0.0,0.0,0.0,,,,12.0,
CA,2020,6,41,2019-10-13,,,,2.0,0.0,0.0,,,,15.0,
CA,2020,7,42,2019-10-20,,,,5.0,0.0,0.0,,,,20.0,
CA,2020,8,43,2019-10-27,,,,10.0,0.0,0.0,,,,25.0,
CA,2020,9,44,2019-11-03,,,,13.0,0.0,0.0,,,,30.0,
CA,2020,10,45,2019-11-10,,,,20.0,0.0,0.0,,,,40.0,
CA,2020,11,46,2019-11-17,,,,30.0,0.0,0.0,,,,50.0,
CA,2020,12,47,2019-11-24,,,,40.0,0.0,0.0,,,,50.0,
CA,2020,13,48,2019-12-01,,,,50.0,0.0,0.0,,,,50.0,
CA,2020,14,49,2019-12-08,,,,60.0,0.0,0.0,,,,50.0,
CA,2020,32,15,2020-04-12,,,,60.0,0.0,15.0,,,,50.0,
CA,2020,33,16,2020-04-19,,,,60.0,0.0,30.0,,,,50.0,
CA,2020,34,17,2020-04-26,,,,60.0,0.0,55.0,,,,50.0,
CA,2020,35,18,2020-05-03,,,,60.0,0.0,70.0,,,,50.0,
CA,2020,36,19,2020-05-10,,,,60.0,0.0,90.0,,,,50.0,
CA,2020,37,20,2020-05-17,,,,60.0,0.0,95.0,,,,50.0,
CA,2020,38,21,2020-05-24,,,,60.0,0.0,96.0,,,,50.0,
CA,2020,39,22,2020-05-31,,,,60.0,5.0,100.0,,,,50.0,
CA,2020,40,23,2020-06-07,,,,60.0,15.0,100.0,,,,50.0,
CA,2020,41,24,2020-06-14,,,,60.0,35.0,100.0,,,,50.0,
CA,2020,42,25,2020-06-21,,,,60.0,55.0,100.0,,,,50.0,
CA,2020,43,26,2020-06-28,,,,60.0,65.0,100.0,,,,50.0,
CA,2020,44,27,2020-07-05,,,,60.0,75.0,100.0,,,,50.0,
CA,2020,45,28,2020-07-12,,,,60.0,80.0,100.0,,,,50.0,
CA,2020,46,29,2020-07-19,,,,60.0,90.0,100.0,,,,50.0,
CA,2020,47,30,2020-07-26,,,,60.0,95.0,100.0,,,,50.0,
CA,2020,48,31,2020-08-02,,,,60.0,99.0,100.0,,,,50.0,
CA,2020,49,32,2020-08-09,,,,60.0,100.0,100.0,,,,50.0,
CA,2020,50,33,2020-08-16,,,,60.0,100.0,100.0,,,,50.0,
CA,2020,51,34,2020-08-23,,,,60.0,100.0,100.0,,,,50.0,
CA,2021,1,36,2020-09-06,,,,0.0,0.0,0.0,,,,0.0,
CA,2021,2,37,2020-09-13,,,,0.0,0.0,0.0,,,,0.0,
CA,2021,3,38,2020-09-20,,,,0.0,0.0,0.0,,,,5.0,
CA,2021,4,39,2020-09-27,,,,0.0,0.0,0.0,,,,10.0,
CA,2021,5,40,2020-10-04,,,,0.0,0.0,0.0,,,,13.0,
CA,2021,6,41,2020-10-11,,,,1.0,0.0,0.0,,,,15.0,
CA,2021,7,42,2020-10-18,,,,5.0,0.0,0.0,,,,20.0,
CA,2021,8,43,2020-10-25,,,,8.0,0.0,0.0,,,,25.0,
CA,2021,9,44,2020-11-01,,,,10.0,0.0,0.0,,,,30.0,
CA,2021,10,45,2020-11-08,,,,20.0,0.0,0.0,,,,40.0,
CA,2021,11,46,2020-11-15,,,,30.0,0.0,0.0,,,,50.0,
CA,2021,12,47,2020-11-22,,,,45.0,0.0,0.0,,,,50.0,
CA,2021,13,48,2020-11-29,,,,55.0,0.0,0.0,,,,50.0,
CA,2021,30,13,2021-04-04,,,,55.0,0.0,1.0,,,,50.0,
CA,2021,31,14,2021-04-11,,,,55.0,0.0,5.0,,,,50.0,
CA,2021,32,15,2021-04-18,,,,55.0,0.0,30.0,,,,50.0,
CA,2021,33,16,2021-04-25,,,,55.0,0.0,60.0,,,,50.0,
CA,2021,34,17,2021-05-02,,,,55.0,0.0,70.0,,,,50.0,
CA,2021,35,18,2021-05-09,,,,55.0,0.0,90.0,,,,50.0,
CA,2021,36,19,2021-05-16,,,,55.0,0.0,95.0,,,,50.0,
CA,2021,37,20,2021-05-23,,,,55.0,0.0,100.0,,,,50.0,
CA,2021,38,21,2021-05-30,,,,55.0,0.0,100.0,,,,50.0,
CA,2021,39,22,2021-06-06,,,,55.0,5.0,100.0,,,,50.0,
CA,2021,40,23,2021-06-13,,,,55.0,25.0,100.0,,,,50.0,
CA,2021,41,24,2021-06-20,,,,55.0,40.0,100.0,,,,50.0,
CA,2021,42,25,2021-06-27,,,,55.0,60.0,100.0,,,,50.0,
CA,2021,43,26,2021-07-04,,,,55.0,75.0,100.0,,,,50.0,
CA,2021,44,27,2021-07-11,,,,55.0,90.0,100.0,,,,50.0,
CA,2021,45,28,2021-07-18,,,,55.0,95.0,100.0,,,,50.0,
CA,2021,46,29,2021-07-25,,,,55.0,99.0,100.0,,,,50.0,
CA,2021,47,30,2021-08-01,,,,55.0,100.0,100.0,,,,50.0,
CA,2021,48,31,2021-08-08,,,,55.0,100.0,100.0,,,,50.0,
CA,2021,52,35,2021-09-05,,,,55.0,100.0,100.0,,,,0.0,
CA,2022,1,36,2021-09-12,,,,0.0,0.0,0.0,,,,0.0,
CA,2022,2,37,2021-09-19,,,,0.0,0.0,0.0,,,,0.0,
CA,2022,3,38,2021-09-26,,,,0.0,0.0,0.0,,,,5.0,
CA,2022,4,39,2021-10-03,,,,0.0,0.0,0.0,,,,8.0,
CA,2022,5,40,2021-10-10,,,,1.0,0.0,0.0,,,,10.0,
CA,2022,6,41,2021-10-17,,,,2.0,0.0,0.0,,,,15.0,
CA,2022,7,42,2021-10-24,,,,5.0,0.0,0.0,,,,20.0,
CA,2022,8,43,2021-10-31,,,,10.0,0.0,0.0,,,,30.0,
CA,2022,9,44,2021-11-07,,,,20.0,0.0,0.0,,,,45.0,
CA,2022,10,45,2021-11-14,,,,30.0,0.0,0.0,,,,60.0,
CA,2022,11,46,2021-11-21,,,,40.0,0.0,0.0,,,,70.0,
CA,2022,12,47,2021-11-28,,,,55.0,0.0,0.0,,,,85.0,
CA,2022,30,13,2022-04-03,,,,55.0,0.0,20.0,,,,85.0,
CA,2022,31,14,2022-04-10,,,,55.0,0.0,40.0,,,,85.0,
CA,2022,32,15,2022-04-17,,,,55.0,0.0,65.0,,,,85.0,
CA,2022,33,16,2022-04-24,,,,55.0,0.0,78.0,,,,85.0,
CA,2022,34,17,2022-05-01,,,,55.0,0.0,80.0,,,,85.0,
CA,2022,35,18,2022-05-08,,,,55.0,0.0,85.0,,,,85.0,
CA,2022,36,19,2022-05-15,,,,55.0,0.0,90.0,,,,85.0,
CA,2022,37,20,2022-05-22,,,,55.0,0.0,95.0,,,,85.0,
CA,2022,38,21,2022-05-29,,,,55.0,0.0,98.0,,,,85.0,
CA,2022,39,22,2022-06-05,,,,55.0,5.0,100.0,,,,85.0,
CA,2022,40,23,2022-06-12,,,,55.0,20.0,100.0,,,,85.0,
CA,2022,41,24,2022-06-19,,,,55.0,40.0,100.0,,,,85.0,
CA,2022,42,25,2022-06-26,,,,55.0,55.0,100.0,,,,85.0,
CA,2022,43,26,2022-07-03,,,,55.0,65.0,100.0,,,,85.0,
CA,2022,44,27,2022-07-10,,,,55.0,80.0,100.0,,,,85.0,
CA,2022,45,28,2022-07-17,,,,55.0,95.0,100.0,,,,85.0,
CA,2022,46,29,2022-07-24,,,,55.0,98.0,100.0,,,,85.0,
CA,2022,47,30,2022-07-31,,,,55.0,100.0,100.0,,,,85.0,
CA,2022,48,31,2022-08-07,,,,55.0,100.0,100.0,,,,85.0,
CA,2022,49,32,2022-08-14,,,,55.0,100.0,100.0,,,,85.0,
CA,2022,50,33,2022-08-21,,,,55.0,100.0,100.0,,,,85.0,
CA,2022,52,35,2022-09-04,,,,55.0,100.0,100.0,,,,0.0,
CA,2023,1,36,2022-09-11,,,,0.0,0.0,0.0,,,,0.0,
CA,2023,2,37,2022-09-18,,,,0.0,0.0,0.0,,,,0.0,
CA,2023,3,38,2022-09-25,,,,0.0,0.0,0.0,,,,5.0,
CA,2023,4,39,2022-10-02,,,,0.0,0.0,0.0,,,,10.0,
CA,2023,5,40,2022-10-09,,,,0.0,0.0,0.0,,,,15.0,
CA,2023,6,41,2022-10-16,,,,2.0,0.0,0.0,,,,17.0,
CA,2023,7,42,2022-10-23,,,,5.0,0.0,0.0,,,,20.0,
CA,2023,8,43,2022-10-30,,,,10.0,0.0,0.0,,,,30.0,
CA,2023,9,44,2022-11-06,,,,15.0,0.0,0.0,,,,45.0,
CA,2023,10,45,2022-11-13,,,,25.0,0.0,0.0,,,,60.0,
CA,2023,11,46,2022-11-20,,,,45.0,0.0,0.0,,,,60.0,
CA,2023,12,47,2022-11-27,,,,55.0,0.0,0.0,,,,60.0,
CA,2023,30,13,2023-04-02,,,,55.0,0.0,30.0,,,,60.0,
CA,2023,31,14,2023-04-09,,,,55.0,0.0,45.0,,,,60.0,
CA,2023,32,15,2023-04-16,,,,55.0,0.0,63.0,,,,60.0,
CA,2023,33,16,2023-04-23,,,,55.0,0.0,74.0,,,,60.0,
CA,2023,34,17,2023-04-30,,,,55.0,0.0,83.0,,,,60.0,
CA,2023,35,18,2023-05-07,,,,55.0,0.0,88.0,,,,60.0,
CA,2023,36,19,2023-05-14,,,,55.0,0.0,93.0,,,,60.0,
CA,2023,37,20,2023-05-21,,,,55.0,0.0,95.0,,,,60.0,
CA,2023,38,21,2023-05-28,,,,55.0,0.0,97.0,,,,60.0,
CA,2023,39,22,2023-06-04,,,,55.0,0.0,97.0,,,,60.0,
CA,2023,40,23,2023-06-11,,,,55.0,2.0,99.0,,,,60.0,
CA,2023,41,24,2023-06-18,,,,55.0,15.0,100.0,,,,60.0,
CA,2023,42,25,2023-06-25,,,,55.0,30.0,100.0,,,,60.0,
CA,2023,43,26,2023-07-02,,,,55.0,40.0,100.0,,,,60.0,
CA,2023,44,27,2023-07-09,,,,55.0,50.0,100.0,,,,60.0,
CA,2023,45,28,2023-07-16,,,,55.0,65.0,100.0,,,,60.0,
CA,2023,46,29,2023-07-23,,,,55.0,80.0,100.0,,,,60.0,
CA,2023,47,30,2023-07-30,,,,55.0,85.0,100.0,,,,60.0,
CA,2023,48,31,2023-08-06,,,,55.0,90.0,100.0,,,,60.0,
CA,2023,49,32,2023-08-13,,,,55.0,95.0,100.0,,,,60.0,
CA,2023,50,33,2023-08-20,,,,55.0,97.0,100.0,,,,60.0,
CA,2023,52,35,2023-09-03,,,,55.0,97.0,100.0,,,,0.0,
CA,2024,1,36,2023-09-10,,,,0.0,0.0,0.0,,,,0.0,
CA,2024,2,37,2023-09-17,,,,0.0,0.0,0.0,,,,0.0,
CA,2024,3,38,2023-09-24,,,,0.0,0.0,0.0,,,,0.0,
CA,2024,4,39,2023-10-01,,,,0.0,0.0,0.0,,,,5.0,
CA,2024,5,40,2023-10-08,,,,0.0,0.0,0.0,,,,7.0,
CA,2024,6,41,2023-10-15,,,,0.0,0.0,0.0,,,,10.0,
CA,2024,7,42,2023-10-22,,,,5.0,0.0,0.0,,,,20.0,
CA,2024,8,43,2023-10-29,,,,10.0,0.0,0.0,,,,25.0,
CA,2024,9,44,2023-11-05,,,,15.0,0.0,0.0,,,,35.0,
CA,2024,10,45,2023-11-12,,,,20.0,0.0,0.0,,,,45.0,
CA,2024,11,46,2023-11-19,,,,35.0,0.0,0.0,,,,60.0,
CA,2024,12,47,2023-11-26,,,,40.0,0.0,0.0,,,,70.0,
CA,2024,30,13,2024-03-31,,,,40.0,0.0,20.0,,,,70.0,
CA,2024,31,14,2024-04-07,,,,40.0,0.0,40.0,,,,70.0,
CA,2024,32,15,2024-04-14,,,,40.0,0.0,55.0,,,,70.0,
CA,2024,33,16,2024-04-21,,,,40.0,0.0,65.0,,,,70.0,
CA,2024,34,17,2024-04-28,,,,40.0,0.0,75.0,,,,70.0,
CA,2024,35,18,2024-05-05,,,,40.0,0.0,80.0,,,,70.0,
CA,2024,36,19,2024-05-12,,,,40.0,0.0,85.0,,,,70.0,
CA,2024,37,20,2024-05-19,,,,40.0,0.0,90.0,,,,70.0,
CA,2024,38,21,2024-05-26,,,,40.0,0.0,95.0,,,,70.0,
CA,2024,39,22,2024-06-02,,,,40.0,5.0,97.0,,,,70.0,
CA,2024,40,23,2024-06-09,,,,40.0,15.0,99.0,,,,70.0,
CA,2024,41,24,2024-06-16,,,,40.0,20.0,100.0,,,,70.0,
CA,2024,42,25,2024-06-23,,,,40.0,25.0,100.0,,,,70.0,
CA,2024,43,26,2024-06-30,,,,40.0,45.0,100.0,,,,70.0,
CA,2024,44,27,2024-07-07,,,,40.0,60.0,100.0,,,,70.0,
CA,2024,45,28,2024-07-14,,,,40.0,70.0,100.0,,,,70.0,
CA,2024,46,29,2024-07-21,,,,40.0,80.0,100.0,,,,70.0,
CA,2024,47,30,2024-07-28,,,,40.0,90.0,100.0,,,,70.0,
CA,2024,48,31,2024-08-04,,,,40.0,95.0,100.0,,,,70.0,
CA,2024,49,32,2024-08-11,,,,40.0,100.0,100.0,,,,70.0,
CA,2024,50,33,2024-08-18,,,,40.0,100.0,100.0,,,,70.0,
CA,2024,52,35,2024-09-01,,,,40.0,100.0,100.0,,,,0.0,
CA,2025,1,36,2024-09-08,,,,0.0,0.0,0.0,,,,0.0,
CA,2025,2,37,2024-09-15,,,,0.0,0.0,0.0,,,,0.0,
CA,2025,3,38,2024-09-22,,,,0.0,0.0,0.0,,,,0.0,
CA,2025,4,39,2024-09-29,,,,0.0,0.0,0.0,,,,5.0,
CA,2025,5,40,2024-10-06,,,,0.0,0.0,0.0,,,,10.0,
CA,2025,6,41,2024-10-13,,,,2.0,0.0,0.0,,,,15.0,
CA,2025,7,42,2024-10-20,,,,4.0,0.0,0.0,,,,20.0,
CA,2025,8,43,2024-10-27,,,,10.0,0.0,0.0,,,,30.0,
CA,2025,9,44,2024-11-03,,,,15.0,0.0,0.0,,,,45.0,
CA,2025,10,45,2024-11-10,,,,20.0,0.0,0.0,,,,55.0,
CA,2025,11,46,2024-11-17,,,,35.0,0.0,0.0,,,,60.0,
CA,2025,12,47,2024-11-24,,,,45.0,0.0,0.0,,,,70.0,
CA,2025,31,14,2025-04-06,,,,45.0,0.0,40.0,,,,70.0,
CA,2025,32,15,2025-04-13,,,,45.0,0.0,60.0,,,,70.0,
CA,2025,33,16,2025-04-20,,,,45.0,0.0,75.0,,,,70.0,
CA,2025,34,17,2025-04-27,,,,45.0,0.0,80.0,,,,70.0,
CA,2025,35,18,2025-05-04,,,,45.0,0.0,85.0,,,,70.0,
CA,2025,36,19,2025-05-11,,,,45.0,0.0,90.0,,,,70.0,
CA,2025,37,20,2025-05-18,,,,45.0,0.0,95.0,,,,70.0,
CA,2025,38,21,2025-05-25,,,,45.0,0.0,97.0,,,,70.0,
CA,2025,39,22,2025-06-01,,,,45.0,5.0,99.0,,,,70.0,
CA,2025,40,23,2025-06-08,,,,45.0,10.0,100.0,,,,70.0,
CA,2025,41,24,2025-06-15,,,,45.0,30.0,100.0,,,,70.0,
CA,2025,42,25,2025-06-22,,,,45.0,35.0,100.0,,,,70.0,
CA,2025,43,26,2025-06-29,,,,45.0,55.0,100.0,,,,70.0,
CA,2025,44,27,2025-07-06,,,,45.0,65.0,100.0,,,,70.0,
CA,2025,45,28,2025-07-13,,,,45.0,80.0,100.0,,,,70.0,
CA,2025,46,29,2025-07-20,,,,45.0,90.0,100.0,,,,70.0,
CA,2025,47,30,2025-07-27,,,,45.0,95.0,100.0,,,,70.0,
CA,2025,48,31,2025-08-03,,,,45.0,97.0,100.0,,,,70.0,
CA,2025,49,32,2025-08-10,,,,45.0,98.0,100.0,,,,70.0,
CA,2025,50,33,2025-08-17,,,,45.0,100.0,100.0,,,,70.0,
CA,2025,51,34,2025-08-24,,,,45.0,100.0,100.0,,,,70.0,
CA,2026,1,36,2025-09-07,,,,0.0,0.0,0.0,,,,0.0,
CA,2026,2,37,2025-09-14,,,,0.0,0.0,0.0,,,,2.0,
CA,2026,3,38,2025-09-21,,,,0.0,0.0,0.0,,,,4.0,
CA,2026,4,39,2025-09-28,,,,1.0,0.0,0.0,,,,5.0,
CA,2026,11,46,2025-11-16,,,,25.0,0.0,0.0,,,,50.0,
CA,2026,12,47,2025-11-23,,,,35.0,0.0,0.0,,,,60.0,
CO,2016,1,36,2015-09-06,,,0.0,1.0,0.0,0.0,0.0,0.0,0.0,13.0,
CO,2016,2,37,2015-09-13,,,0.0,5.0,0.0,0.0,0.0,0.0,0.0,25.0,
CO,2016,3,38,2015-09-20,,,0.0,14.0,0.0,0.0,0.0,0.0,0.0,45.0,
CO,2016,4,39,2015-09-27,,,0.0,23.0,0.0,0.0,0.0,0.0,0.0,57.0,
CO,2016,5,40,2015-10-04,,,0.0,35.0,0.0,0.0,0.0,0.0,0.0,77.0,
CO,2016,6,41,2015-10-11,,,0.0,47.0,0.0,0.0,0.0,0.0,0.0,86.0,
CO,2016,7,42,2015-10-18,,,0.0,60.0,0.0,0.0,0.0,0.0,0.0,95.0,
CO,2016,8,43,2015-10-25,,,0.0,83.0,0.0,0.0,0.0,0.0,0.0,96.0,
CO,2016,9,44,2015-11-01,,,0.0,91.0,0.0,0.0,0.0,0.0,0.0,99.0,
CO,2016,10,45,2015-11-08,,,0.0,95.0,0.0,0.0,0.0,0.0,0.0,99.0,
CO,2016,11,46,2015-11-15,,,0.0,100.0,0.0,0.0,0.0,0.0,0.0,100.0,
CO,2016,12,47,2015-11-22,,,0.0,100.0,0.0,0.0,0.0,0.0,0.0,100.0,
CO,2016,13,48,2015-11-29,,,0.0,100.0,0.0,0.0,0.0,0.0,0.0,100.0,
CO,2016,28,11,2016-03-20,,,0.0,100.0,0.0,0.0,1.0,0.0,10.0,100.0,
CO,2016,29,12,2016-03-27,,,0.0,100.0,0.0,0.0,2.0,0.0,11.0,100.0,
CO,2016,30,13,2016-04-03,,,0.0,100.0,0.0,0.0,4.0,0.0,9.0,100.0,
CO,2016,31,14,2016-04-10,,,0.0,100.0,0.0,0.0,18.0,0.0,7.0,100.0,
CO,2016,32,15,2016-04-17,,,0.0,100.0,0.0,0.0,35.0,0.0,7.0,100.0,
CO,2016,33,16,2016-04-24,,,0.0,100.0,0.0,0.0,54.0,0.0,6.0,100.0,
CO,2016,34,17,2016-05-01,,,0.0,100.0,0.0,1.0,67.0,0.0,6.0,100.0,
CO,2016,35,18,2016-05-08,,,0.0,100.0,0.0,8.0,79.0,0.0,6.0,100.0,
CO,2016,36,19,2016-05-15,,,0.0,100.0,0.0,20.0,88.0,0.0,6.0,100.0,
CO,2016,37,20,2016-05-22,,,1.0,100.0,0.0,43.0,91.0,0.0,6.0,100.0,
CO,2016,38,21,2016-05-29,,,4.0,100.0,0.0,67.0,95.0,0.0,6.0,100.0,
CO,2016,39,22,2016-06-05,,,9.0,100.0,0.0,89.0,98.0,0.0,6.0,100.0,
CO,2016,40,23,2016-06-12,,,35.0,100.0,0.0,96.0,98.0,0.0,6.0,100.0,
CO,2016,41,24,2016-06-19,,,61.0,100.0,0.0,96.0,98.0,7.0,6.0,100.0,
CO,2016,42,25,2016-06-26,,,86.0,100.0,2.0,96.0,98.0,31.0,6.0,100.0,
CO,2016,43,26,2016-07-03,,,98.0,100.0,7.0,96.0,98.0,58.0,6.0,100.0,
CO,2016,44,27,2016-07-10,,,98.0,100.0,33.0,96.0,98.0,86.0,6.0,100.0,
CO,2016,45,28,2016-07-17,,,98.0,100.0,70.0,96.0,98.0,95.0,6.0,100.0,
CO,2016,46,29,2016-07-24,,,98.0,100.0,90.0,96.0,98.0,95.0,6.0,100.0,
CO,2016,47,30,2016-07-31,,,98.0,100.0,95.0,96.0,98.0,95.0,6.0,100.0,
CO,2016,48,31,2016-08-07,,,98.0,100.0,97.0,96.0,98.0,95.0,6.0,100.0,
CO,2016,49,32,2016-08-14,,,98.0,100.0,99.0,96.0,98.0,95.0,6.0,100.0,
CO,2016,51,34,2016-08-28,,,98.0,100.0,99.0,96.0,98.0,95.0,6.0,1.0,
CO,2016,52,35,2016-09-04,,,98.0,100.0,99.0,96.0,98.0,95.0,6.0,7.0,
CO,2017,1,36,2016-09-11,,,0.0,1.0,0.0,0.0,0.0,0.0,0.0,17.0,
CO,2017,2,37,2016-09-18,,,0.0,14.0,0.0,0.0,0.0,0.0,0.0,36.0,
CO,2017,3,38,2016-09-25,,,0.0,20.0,0.0,0.0,0.0,0.0,0.0,55.0,
CO,2017,4,39,2016-10-02,,,0.0,40.0,0.0,0.0,0.0,0.0,0.0,74.0,
CO,2017,5,40,2016-10-09,,,0.0,60.0,0.0,0.0,0.0,0.0,0.0,87.0,
CO,2017,6,41,2016-10-16,,,0.0,72.0,0.0,0.0,0.0,0.0,0.0,96.0,
CO,2017,7,42,2016-10-23,,,0.0,86.0,0.0,0.0,0.0,0.0,0.0,97.0,
CO,2017,8,43,2016-10-30,,,0.0,92.0,0.0,0.0,0.0,0.0,0.0,98.0,
CO,2017,9,44,2016-11-06,,,0.0,94.0,0.0,0.0,0.0,0.0,0.0,99.0,
CO,2017,10,45,2016-11-13,,,0.0,96.0,0.0,0.0,0.0,0.0,0.0,100.0,
CO,2017,11,46,2016-11-20,,,0.0,97.0,0.0,0.0,0.0,0.0,0.0,100.0,
CO,2017,12,47,2016-11-27,,,0.0,99.0,0.0,0.0,0.0,0.0,0.0,100.0,
CO,2017,29,12,2017-03-26,,,0.0,99.0,0.0,0.0,1.0,0.0,9.0,100.0,
CO,2017,30,13,2017-04-02,,,0.0,99.0,0.0,0.0,2.0,0.0,13.0,100.0,
CO,2017,31,14,2017-04-09,,,0.0,99.0,0.0,0.0,6.0,0.0,14.0,100.0,
CO,2017,32,15,2017-04-16,,,0.0,99.0,0.0,0.0,18.0,0.0,12.0,100.0,
CO,2017,33,16,2017-04-23,,,0.0,99.0,0.0,0.0,43.0,0.0,12.0,100.0,
CO,2017,34,17,2017-04-30,,,0.0,99.0,0.0,0.0,55.0,0.0,15.0,100.0,
CO,2017,35,18,2017-05-07,,,0.0,99.0,0.0,3.0,79.0,0.0,15.0,100.0,
CO,2017,36,19,2017-05-14,,,0.0,99.0,0.0,20.0,87.0,0.0,15.0,100.0,
CO,2017,37,20,2017-05-21,,,0.0,99.0,0.0,45.0,93.0,0.0,15.0,100.0,
CO,2017,38,21,2017-05-28,,,0.0,99.0,0.0,70.0,98.0,0.0,15.0,100.0,
CO,2017,39,22,2017-06-04,,,5.0,99.0,0.0,92.0,98.0,0.0,15.0,100.0,
CO,2017,40,23,2017-06-11,,,17.0,99.0,0.0,96.0,98.0,0.0,15.0,100.0,
CO,2017,41,24,2017-06-18,,,64.0,99.0,0.0,97.0,98.0,13.0,15.0,100.0,
CO,2017,42,25,2017-06-25,,,87.0,99.0,1.0,97.0,98.0,40.0,15.0,100.0,
CO,2017,43,26,2017-07-02,,,95.0,99.0,13.0,97.0,98.0,65.0,15.0,100.0,
CO,2017,44,27,2017-07-09,,,98.0,99.0,47.0,97.0,98.0,92.0,15.0,100.0,
CO,2017,45,28,2017-07-16,,,98.0,99.0,73.0,97.0,98.0,97.0,15.0,100.0,
CO,2017,46,29,2017-07-23,,,98.0,99.0,90.0,97.0,98.0,97.0,15.0,100.0,
CO,2017,47,30,2017-07-30,,,98.0,99.0,94.0,97.0,98.0,97.0,15.0,100.0,
CO,2017,48,31,2017-08-06,,,98.0,99.0,98.0,97.0,98.0,97.0,15.0,100.0,
CO,2017,49,32,2017-08-13,,,98.0,99.0,99.0,97.0,98.0,97.0,15.0,100.0,
CO,2017,51,34,2017-08-27,,,98.0,99.0,99.0,97.0,98.0,97.0,15.0,0.0,
CO,2017,52,35,2017-09-03,,,98.0,99.0,99.0,97.0,98.0,97.0,15.0,2.0,
CO,2018,1,36,2017-09-10,,,0.0,0.0,0.0,0.0,0.0,0.0,0.0,11.0,
CO,2018,2,37,2017-09-17,,,0.0,3.0,0.0,0.0,0.0,0.0,0.0,23.0,
CO,2018,3,38,2017-09-24,,,0.0,13.0,0.0,0.0,0.0,0.0,0.0,39.0,
CO,2018,4,39,2017-10-01,,,0.0,29.0,0.0,0.0,0.0,0.0,0.0,57.0,
CO,2018,5,40,2017-10-08,,,0.0,38.0,0.0,0.0,0.0,0.0,0.0,70.0,
CO,2018,6,41,2017-10-15,,,0.0,53.0,0.0,0.0,0.0,0.0,0.0,84.0,
CO,2018,7,42,2017-10-22,,,0.0,65.0,0.0,0.0,0.0,0.0,0.0,94.0,
CO,2018,8,43,2017-10-29,,,0.0,82.0,0.0,0.0,0.0,0.0,0.0,97.0,
CO,2018,9,44,2017-11-05,,,0.0,89.0,0.0,0.0,0.0,0.0,0.0,98.0,
CO,2018,10,45,2017-11-12,,,0.0,94.0,0.0,0.0,0.0,0.0,0.0,100.0,
CO,2018,11,46,2017-11-19,,,0.0,96.0,0.0,0.0,0.0,0.0,0.0,100.0,
CO,2018,12,47,2017-11-26,,,0.0,97.0,0.0,0.0,0.0,0.0,0.0,100.0,
CO,2018,29,12,2018-03-25,,,0.0,97.0,0.0,0.0,0.0,0.0,9.0,100.0,
CO,2018,30,13,2018-04-01,,,0.0,97.0,0.0,0.0,1.0,0.0,7.0,100.0,
CO,2018,31,14,2018-04-08,,,0.0,97.0,0.0,0.0,3.0,0.0,9.0,100.0,
CO,2018,32,15,2018-04-15,,,0.0,97.0,0.0,0.0,10.0,0.0,19.0,100.0,
CO,2018,33,16,2018-04-22,,,0.0,97.0,0.0,0.0,20.0,0.0,3.0,100.0,
CO,2018,34,17,2018-04-29,,,0.0,97.0,0.0,0.0,29.0,0.0,2.0,100.0,
CO,2018,35,18,2018-05-06,,,0.0,97.0,0.0,1.0,46.0,0.0,2.0,100.0,
CO,2018,36,19,2018-05-13,,,0.0,97.0,0.0,11.0,72.0,0.0,2.0,100.0,
CO,2018,37,20,2018-05-20,,,0.0,97.0,0.0,34.0,86.0,0.0,2.0,100.0,
CO,2018,38,21,2018-05-27,,,1.0,97.0,0.0,60.0,96.0,0.0,2.0,100.0,
CO,2018,39,22,2018-06-03,,,7.0,97.0,0.0,76.0,96.0,0.0,2.0,100.0,
CO,2018,40,23,2018-06-10,,,29.0,97.0,0.0,92.0,96.0,0.0,2.0,100.0,
CO,2018,41,24,2018-06-17,,,62.0,97.0,0.0,97.0,96.0,3.0,2.0,100.0,
CO,2018,42,25,2018-06-24,,,88.0,97.0,6.0,97.0,96.0,36.0,2.0,100.0,
CO,2018,43,26,2018-07-01,,,94.0,97.0,21.0,97.0,96.0,61.0,2.0,100.0,
CO,2018,44,27,2018-07-08,,,97.0,97.0,45.0,97.0,96.0,81.0,2.0,100.0,
CO,2018,45,28,2018-07-15,,,97.0,97.0,80.0,97.0,96.0,95.0,2.0,100.0,
CO,2018,46,29,2018-07-22,,,97.0,97.0,90.0,97.0,96.0,95.0,2.0,100.0,
CO,2018,47,30,2018-07-29,,,97.0,97.0,97.0,97.0,96.0,95.0,2.0,100.0,
CO,2018,48,31,2018-08-05,,,97.0,97.0,99.0,97.0,96.0,95.0,2.0,100.0,
CO,2018,49,32,2018-08-12,,,97.0,97.0,100.0,97.0,96.0,95.0,2.0,100.0,
CO,2018,50,33,2018-08-19,,,97.0,97.0,100.0,97.0,96.0,95.0,2.0,100.0,
CO,2018,51,34,2018-08-26,,,97.0,97.0,100.0,97.0,96.0,95.0,2.0,1.0,
CO,2018,52,35,2018-09-02,,,97.0,97.0,100.0,97.0,96.0,95.0,2.0,2.0,
CO,2019,1,36,2018-09-09,,,0.0,1.0,0.0,0.0,0.0,0.0,0.0,7.0,
CO,2019,2,37,2018-09-16,,,0.0,11.0,0.0,0.0,0.0,0.0,0.0,24.0,
CO,2019,3,38,2018-09-23,,,0.0,21.0,0.0,0.0,0.0,0.0,0.0,47.0,
CO,2019,4,39,2018-09-30,,,0.0,39.0,0.0,0.0,0.0,0.0,0.0,67.0,
CO,2019,5,40,2018-10-07,,,0.0,56.0,0.0,0.0,0.0,0.0,0.0,78.0,
CO,2019,6,41,2018-10-14,,,0.0,66.0,0.0,0.0,0.0,0.0,0.0,86.0,
CO,2019,7,42,2018-10-21,,,0.0,75.0,0.0,0.0,0.0,0.0,0.0,94.0,
CO,2019,8,43,2018-10-28,,,0.0,85.0,0.0,0.0,0.0,0.0,0.0,96.0,
CO,2019,9,44,2018-11-04,,,0.0,91.0,0.0,0.0,0.0,0.0,0.0,98.0,
CO,2019,10,45,2018-11-11,,,0.0,95.0,0.0,0.0,0.0,0.0,0.0,100.0,
CO,2019,11,46,2018-11-18,,,0.0,97.0,0.0,0.0,0.0,0.0,0.0,100.0,
CO,2019,12,47,2018-11-25,,,0.0,98.0,0.0,0.0,0.0,0.0,0.0,100.0,
CO,2019,28,11,2019-03-17,,,0.0,98.0,0.0,0.0,0.0,0.0,16.0,100.0,
CO,2019,29,12,2019-03-24,,,0.0,98.0,0.0,0.0,0.0,0.0,16.0,100.0,
CO,2019,30,13,2019-03-31,,,0.0,98.0,0.0,0.0,1.0,0.0,21.0,100.0,
CO,2019,31,14,2019-04-07,,,0.0,98.0,0.0,0.0,6.0,0.0,17.0,100.0,
CO,2019,32,15,2019-04-14,,,0.0,98.0,0.0,0.0,11.0,0.0,25.0,100.0,
CO,2019,33,16,2019-04-21,,,0.0,98.0,0.0,0.0,15.0,0.0,18.0,100.0,
CO,2019,34,17,2019-04-28,,,0.0,98.0,0.0,0.0,37.0,0.0,24.0,100.0,
CO,2019,35,18,2019-05-05,,,0.0,98.0,0.0,2.0,54.0,0.0,24.0,100.0,
CO,2019,36,19,2019-05-12,,,0.0,98.0,0.0,6.0,77.0,0.0,24.0,100.0,
CO,2019,37,20,2019-05-19,,,0.0,98.0,0.0,18.0,89.0,0.0,24.0,100.0,
CO,2019,38,21,2019-05-26,,,0.0,98.0,0.0,47.0,94.0,0.0,24.0,100.0,
CO,2019,39,22,2019-06-02,,,1.0,98.0,0.0,68.0,96.0,0.0,24.0,100.0,
CO,2019,40,23,2019-06-09,,,2.0,98.0,0.0,83.0,96.0,0.0,24.0,100.0,
CO,2019,41,24,2019-06-16,,,20.0,98.0,0.0,92.0,96.0,0.0,24.0,100.0,
CO,2019,42,25,2019-06-23,,,44.0,98.0,0.0,95.0,96.0,1.0,24.0,100.0,
CO,2019,43,26,2019-06-30,,,70.0,98.0,1.0,96.0,96.0,21.0,24.0,100.0,
CO,2019,44,27,2019-07-07,,,90.0,98.0,10.0,97.0,96.0,51.0,24.0,100.0,
CO,2019,45,28,2019-07-14,,,95.0,98.0,22.0,97.0,96.0,66.0,24.0,100.0,
CO,2019,46,29,2019-07-21,,,95.0,98.0,65.0,97.0,96.0,87.0,24.0,100.0,
CO,2019,47,30,2019-07-28,,,95.0,98.0,80.0,97.0,96.0,95.0,24.0,100.0,
CO,2019,48,31,2019-08-04,,,95.0,98.0,92.0,97.0,96.0,95.0,24.0,100.0,
CO,2019,49,32,2019-08-11,,,95.0,98.0,96.0,97.0,96.0,95.0,24.0,100.0,
CO,2019,50,33,2019-08-18,,,95.0,98.0,97.0,97.0,96.0,95.0,24.0,1.0,
CO,2019,51,34,2019-08-25,,,95.0,98.0,98.0,97.0,96.0,95.0,24.0,2.0,
CO,2019,52,35,2019-09-01,,,95.0,98.0,98.0,97.0,96.0,95.0,24.0,3.0,
CO,2020,1,36,2019-09-08,,,0.0,0.0,0.0,0.0,0.0,0.0,0.0,4.0,
CO,2020,2,37,2019-09-15,,,0.0,7.0,0.0,0.0,0.0,0.0,0.0,21.0,
CO,2020,3,38,2019-09-22,,,0.0,18.0,0.0,0.0,0.0,0.0,0.0,43.0,
CO,2020,4,39,2019-09-29,,,0.0,39.0,0.0,0.0,0.0,0.0,0.0,67.0,
CO,2020,5,40,2019-10-06,,,0.0,50.0,0.0,0.0,0.0,0.0,0.0,79.0,
CO,2020,6,41,2019-10-13,,,0.0,63.0,0.0,0.0,0.0,0.0,0.0,91.0,
CO,2020,7,42,2019-10-20,,,0.0,72.0,0.0,0.0,0.0,0.0,0.0,97.0,
CO,2020,8,43,2019-10-27,,,0.0,79.0,0.0,0.0,0.0,0.0,0.0,98.0,
CO,2020,9,44,2019-11-03,,,0.0,85.0,0.0,0.0,0.0,0.0,0.0,99.0,
CO,2020,10,45,2019-11-10,,,0.0,88.0,0.0,0.0,0.0,0.0,0.0,100.0,
CO,2020,11,46,2019-11-17,,,0.0,91.0,0.0,0.0,0.0,0.0,0.0,100.0,
CO,2020,12,47,2019-11-24,,,0.0,94.0,0.0,0.0,0.0,0.0,0.0,100.0,
CO,2020,28,11,2020-03-15,,,0.0,94.0,0.0,0.0,0.0,0.0,9.0,100.0,
CO,2020,29,12,2020-03-22,,,0.0,94.0,0.0,0.0,0.0,0.0,9.0,100.0,
CO,2020,30,13,2020-03-29,,,0.0,94.0,0.0,0.0,1.0,0.0,8.0,100.0,
CO,2020,31,14,2020-04-05,,,0.0,94.0,0.0,0.0,2.0,0.0,6.0,100.0,
CO,2020,32,15,2020-04-12,,,0.0,94.0,0.0,0.0,12.0,0.0,11.0,100.0,
CO,2020,33,16,2020-04-19,,,0.0,94.0,0.0,0.0,25.0,0.0,6.0,100.0,
CO,2020,34,17,2020-04-26,,,0.0,94.0,0.0,0.0,41.0,0.0,7.0,100.0,
CO,2020,35,18,2020-05-03,,,0.0,94.0,0.0,1.0,57.0,0.0,7.0,100.0,
CO,2020,36,19,2020-05-10,,,0.0,94.0,0.0,11.0,64.0,0.0,7.0,100.0,
CO,2020,37,20,2020-05-17,,,0.0,94.0,0.0,22.0,77.0,0.0,7.0,100.0,
CO,2020,38,21,2020-05-24,,,0.0,94.0,0.0,46.0,92.0,0.0,7.0,100.0,
CO,2020,39,22,2020-05-31,,,4.0,94.0,0.0,67.0,98.0,0.0,7.0,100.0,
CO,2020,40,23,2020-06-07,,,10.0,94.0,0.0,86.0,98.0,0.0,7.0,100.0,
CO,2020,41,24,2020-06-14,,,32.0,94.0,0.0,92.0,98.0,1.0,7.0,100.0,
CO,2020,42,25,2020-06-21,,,63.0,94.0,7.0,97.0,98.0,17.0,7.0,100.0,
CO,2020,43,26,2020-06-28,,,92.0,94.0,15.0,97.0,98.0,43.0,7.0,100.0,
CO,2020,44,27,2020-07-05,,,97.0,94.0,36.0,97.0,98.0,74.0,7.0,100.0,
CO,2020,45,28,2020-07-12,,,97.0,94.0,70.0,97.0,98.0,95.0,7.0,100.0,
CO,2020,46,29,2020-07-19,,,97.0,94.0,92.0,97.0,98.0,95.0,7.0,100.0,
CO,2020,47,30,2020-07-26,,,97.0,94.0,97.0,97.0,98.0,95.0,7.0,100.0,
CO,2020,48,31,2020-08-02,,,97.0,94.0,99.0,97.0,98.0,95.0,7.0,100.0,
CO,2020,49,32,2020-08-09,,,97.0,94.0,100.0,97.0,98.0,95.0,7.0,100.0,
CO,2020,50,33,2020-08-16,,,97.0,94.0,100.0,97.0,98.0,95.0,7.0,100.0,
CO,2020,51,34,2020-08-23,,,97.0,94.0,100.0,97.0,98.0,95.0,7.0,100.0,
CO,2020,52,35,2020-08-30,,,97.0,94.0,100.0,97.0,98.0,95.0,7.0,0.0,
CO,2021,1,36,2020-09-06,,,0.0,0.0,0.0,0.0,0.0,0.0,0.0,17.0,
CO,2021,2,37,2020-09-13,,,0.0,8.0,0.0,0.0,0.0,0.0,0.0,30.0,
CO,2021,3,38,2020-09-20,,,0.0,13.0,0.0,0.0,0.0,0.0,0.0,45.0,
CO,2021,4,39,2020-09-27,,,0.0,19.0,0.0,0.0,0.0,0.0,0.0,66.0,
CO,2021,5,40,2020-10-04,,,0.0,35.0,0.0,0.0,0.0,0.0,0.0,86.0,
CO,2021,6,41,2020-10-11,,,0.0,56.0,0.0,0.0,0.0,0.0,0.0,94.0,
CO,2021,7,42,2020-10-18,,,0.0,68.0,0.0,0.0,0.0,0.0,0.0,98.0,
CO,2021,8,43,2020-10-25,,,0.0,78.0,0.0,0.0,0.0,0.0,0.0,99.0,
CO,2021,9,44,2020-11-01,,,0.0,89.0,0.0,0.0,0.0,0.0,0.0,99.0,
CO,2021,10,45,2020-11-08,,,0.0,91.0,0.0,0.0,0.0,0.0,0.0,99.0,
CO,2021,11,46,2020-11-15,,,0.0,92.0,0.0,0.0,0.0,0.0,0.0,100.0,
CO,2021,12,47,2020-11-22,,,0.0,94.0,0.0,0.0,0.0,0.0,0.0,100.0,
CO,2021,13,48,2020-11-29,,,0.0,95.0,0.0,0.0,0.0,0.0,0.0,100.0,
CO,2021,27,10,2021-03-14,,,0.0,95.0,0.0,0.0,0.0,0.0,9.0,100.0,
CO,2021,28,11,2021-03-21,,,0.0,95.0,0.0,0.0,1.0,0.0,17.0,100.0,
CO,2021,29,12,2021-03-28,,,0.0,95.0,0.0,0.0,4.0,0.0,13.0,100.0,
CO,2021,30,13,2021-04-04,,,0.0,95.0,0.0,0.0,9.0,0.0,18.0,100.0,
CO,2021,31,14,2021-04-11,,,0.0,95.0,0.0,0.0,19.0,0.0,14.0,100.0,
CO,2021,32,15,2021-04-18,,,0.0,95.0,0.0,0.0,31.0,0.0,7.0,100.0,
CO,2021,33,16,2021-04-25,,,0.0,95.0,0.0,0.0,41.0,0.0,8.0,100.0,
CO,2021,34,17,2021-05-02,,,0.0,95.0,0.0,0.0,61.0,0.0,15.0,100.0,
CO,2021,35,18,2021-05-09,,,0.0,95.0,0.0,0.0,71.0,0.0,15.0,100.0,
CO,2021,36,19,2021-05-16,,,0.0,95.0,0.0,5.0,85.0,0.0,15.0,100.0,
CO,2021,37,20,2021-05-23,,,1.0,95.0,0.0,25.0,95.0,0.0,15.0,100.0,
CO,2021,38,21,2021-05-30,,,2.0,95.0,0.0,56.0,95.0,0.0,15.0,100.0,
CO,2021,39,22,2021-06-06,,,5.0,95.0,0.0,72.0,95.0,0.0,15.0,100.0,
CO,2021,40,23,2021-06-13,,,15.0,95.0,0.0,92.0,95.0,1.0,15.0,100.0,
CO,2021,41,24,2021-06-20,,,47.0,95.0,0.0,97.0,95.0,6.0,15.0,100.0,
CO,2021,42,25,2021-06-27,,,85.0,95.0,1.0,97.0,95.0,17.0,15.0,100.0,
CO,2021,43,26,2021-07-04,,,97.0,95.0,8.0,97.0,95.0,52.0,15.0,100.0,
CO,2021,44,27,2021-07-11,,,97.0,95.0,19.0,97.0,95.0,84.0,15.0,100.0,
CO,2021,45,28,2021-07-18,,,97.0,95.0,61.0,97.0,95.0,98.0,15.0,100.0,
CO,2021,46,29,2021-07-25,,,97.0,95.0,92.0,97.0,95.0,98.0,15.0,100.0,
CO,2021,47,30,2021-08-01,,,97.0,95.0,98.0,97.0,95.0,98.0,15.0,100.0,
CO,2021,48,31,2021-08-08,,,97.0,95.0,99.0,97.0,95.0,98.0,15.0,100.0,
CO,2021,49,32,2021-08-15,,,97.0,95.0,100.0,97.0,95.0,98.0,15.0,100.0,
CO,2021,50,33,2021-08-22,,,97.0,95.0,100.0,97.0,95.0,98.0,15.0,3.0,
CO,2021,51,34,2021-08-29,,,97.0,95.0,100.0,97.0,95.0,98.0,15.0,12.0,
CO,2021,52,35,2021-09-05,,,97.0,4.0,100.0,97.0,95.0,98.0,15.0,22.0,
CO,2022,1,36,2021-09-12,,,0.0,8.0,0.0,0.0,0.0,0.0,0.0,29.0,
CO,2022,2,37,2021-09-19,,,0.0,15.0,0.0,0.0,0.0,0.0,0.0,48.0,
CO,2022,3,38,2021-09-26,,,0.0,25.0,0.0,0.0,0.0,0.0,0.0,57.0,
CO,2022,4,39,2021-10-03,,,0.0,37.0,0.0,0.0,0.0,0.0,0.0,77.0,
CO,2022,5,40,2021-10-10,,,0.0,47.0,0.0,0.0,0.0,0.0,0.0,88.0,
CO,2022,6,41,2021-10-17,,,0.0,58.0,0.0,0.0,0.0,0.0,0.0,92.0,
CO,2022,7,42,2021-10-24,,,0.0,68.0,0.0,0.0,0.0,0.0,0.0,97.0,
CO,2022,8,43,2021-10-31,,,0.0,74.0,0.0,0.0,0.0,0.0,0.0,98.0,
CO,2022,9,44,2021-11-07,,,0.0,84.0,0.0,0.0,0.0,0.0,0.0,99.0,
CO,2022,10,45,2021-11-14,,,0.0,89.0,0.0,0.0,0.0,0.0,0.0,100.0,
CO,2022,11,46,2021-11-21,,,0.0,92.0,0.0,0.0,0.0,0.0,0.0,100.0,
CO,2022,12,47,2021-11-28,,,0.0,94.0,0.0,0.0,0.0,0.0,0.0,100.0,
CO,2022,27,10,2022-03-13,,,0.0,94.0,0.0,0.0,0.0,0.0,5.0,100.0,
CO,2022,28,11,2022-03-20,,,0.0,94.0,0.0,0.0,0.0,0.0,5.0,100.0,
CO,2022,29,12,2022-03-27,,,0.0,94.0,0.0,0.0,0.0,0.0,9.0,100.0,
CO,2022,30,13,2022-04-03,,,0.0,94.0,0.0,0.0,4.0,0.0,3.0,100.0,
CO,2022,31,14,2022-04-10,,,0.0,94.0,0.0,0.0,15.0,0.0,8.0,100.0,
CO,2022,32,15,2022-04-17,,,0.0,94.0,0.0,0.0,20.0,0.0,10.0,100.0,
CO,2022,33,16,2022-04-24,,,0.0,94.0,0.0,0.0,30.0,0.0,9.0,100.0,
CO,2022,34,17,2022-05-01,,,0.0,94.0,0.0,0.0,40.0,0.0,10.0,100.0,
CO,2022,35,18,2022-05-08,,,0.0,94.0,0.0,0.0,55.0,0.0,21.0,100.0,
CO,2022,36,19,2022-05-15,,,0.0,94.0,0.0,6.0,74.0,0.0,8.0,100.0,
CO,2022,37,20,2022-05-22,,,0.0,94.0,0.0,30.0,86.0,0.0,8.0,100.0,
CO,2022,38,21,2022-05-29,,,1.0,94.0,0.0,46.0,96.0,0.0,8.0,100.0,
CO,2022,39,22,2022-06-05,,,5.0,94.0,0.0,78.0,96.0,0.0,8.0,100.0,
CO,2022,40,23,2022-06-12,,,18.0,94.0,0.0,90.0,96.0,0.0,8.0,100.0,
CO,2022,41,24,2022-06-19,,,48.0,94.0,0.0,98.0,96.0,2.0,8.0,100.0,
CO,2022,42,25,2022-06-26,,,65.0,94.0,0.0,99.0,96.0,7.0,8.0,100.0,
CO,2022,43,26,2022-07-03,,,90.0,94.0,8.0,99.0,96.0,42.0,8.0,100.0,
CO,2022,44,27,2022-07-10,,,98.0,94.0,28.0,99.0,96.0,78.0,8.0,100.0,
CO,2022,45,28,2022-07-17,,,98.0,94.0,57.0,99.0,96.0,95.0,8.0,100.0,
CO,2022,46,29,2022-07-24,,,98.0,94.0,88.0,99.0,96.0,95.0,8.0,100.0,
CO,2022,47,30,2022-07-31,,,98.0,94.0,99.0,99.0,96.0,95.0,8.0,100.0,
CO,2022,48,31,2022-08-07,,,98.0,94.0,100.0,99.0,96.0,95.0,8.0,100.0,
CO,2022,49,32,2022-08-14,,,98.0,94.0,100.0,99.0,96.0,95.0,8.0,100.0,
CO,2022,50,33,2022-08-21,,,98.0,94.0,100.0,99.0,96.0,95.0,8.0,100.0,
CO,2022,51,34,2022-08-28,,,98.0,94.0,100.0,99.0,96.0,95.0,8.0,1.0,
CO,2022,52,35,2022-09-04,,,98.0,94.0,100.0,99.0,96.0,95.0,8.0,13.0,
CO,2023,1,36,2022-09-11,,,0.0,1.0,0.0,0.0,0.0,0.0,0.0,20.0,
CO,2023,2,37,2022-09-18,,,0.0,9.0,0.0,0.0,0.0,0.0,0.0,31.0,
CO,2023,3,38,2022-09-25,,,0.0,20.0,0.0,0.0,0.0,0.0,0.0,48.0,
CO,2023,4,39,2022-10-02,,,0.0,31.0,0.0,0.0,0.0,0.0,0.0,65.0,
CO,2023,5,40,2022-10-09,,,0.0,46.0,0.0,0.0,0.0,0.0,0.0,85.0,
CO,2023,6,41,2022-10-16,,,0.0,60.0,0.0,0.0,0.0,0.0,0.0,95.0,
CO,2023,7,42,2022-10-23,,,0.0,65.0,0.0,0.0,0.0,0.0,0.0,97.0,
CO,2023,8,43,2022-10-30,,,0.0,75.0,0.0,0.0,0.0,0.0,0.0,98.0,
CO,2023,9,44,2022-11-06,,,0.0,85.0,0.0,0.0,0.0,0.0,0.0,99.0,
CO,2023,10,45,2022-11-13,,,0.0,97.0,0.0,0.0,0.0,0.0,0.0,100.0,
CO,2023,11,46,2022-11-20,,,0.0,99.0,0.0,0.0,0.0,0.0,0.0,100.0,
CO,2023,12,47,2022-11-27,,,0.0,100.0,0.0,0.0,0.0,0.0,0.0,100.0,
CO,2023,27,10,2023-03-12,,,0.0,100.0,0.0,0.0,0.0,0.0,11.0,100.0,
CO,2023,28,11,2023-03-19,,,0.0,100.0,0.0,0.0,0.0,0.0,15.0,100.0,
CO,2023,29,12,2023-03-26,,,0.0,100.0,0.0,0.0,0.0,0.0,10.0,100.0,
CO,2023,30,13,2023-04-02,,,0.0,100.0,0.0,0.0,0.0,0.0,8.0,100.0,
CO,2023,31,14,2023-04-09,,,0.0,100.0,0.0,0.0,7.0,0.0,9.0,100.0,
CO,2023,32,15,2023-04-16,,,0.0,100.0,0.0,0.0,11.0,0.0,9.0,100.0,
CO,2023,33,16,2023-04-23,,,0.0,100.0,0.0,0.0,21.0,0.0,6.0,100.0,
CO,2023,34,17,2023-04-30,,,0.0,100.0,0.0,0.0,25.0,0.0,7.0,100.0,
CO,2023,35,18,2023-05-07,,,0.0,100.0,0.0,1.0,39.0,0.0,7.0,100.0,
CO,2023,36,19,2023-05-14,,,0.0,100.0,0.0,5.0,54.0,0.0,7.0,100.0,
CO,2023,37,20,2023-05-21,,,0.0,100.0,0.0,32.0,77.0,0.0,7.0,100.0,
CO,2023,38,21,2023-05-28,,,0.0,100.0,0.0,48.0,87.0,0.0,7.0,100.0,
CO,2023,39,22,2023-06-04,,,1.0,100.0,0.0,68.0,96.0,0.0,7.0,100.0,
CO,2023,40,23,2023-06-11,,,6.0,100.0,0.0,81.0,96.0,1.0,7.0,100.0,
CO,2023,41,24,2023-06-18,,,25.0,100.0,0.0,91.0,96.0,2.0,7.0,100.0,
CO,2023,42,25,2023-06-25,,,56.0,100.0,0.0,95.0,96.0,9.0,7.0,100.0,
CO,2023,43,26,2023-07-02,,,74.0,100.0,0.0,95.0,96.0,28.0,7.0,100.0,
CO,2023,44,27,2023-07-09,,,90.0,100.0,1.0,95.0,96.0,58.0,7.0,100.0,
CO,2023,45,28,2023-07-16,,,93.0,100.0,20.0,95.0,96.0,79.0,7.0,100.0,
CO,2023,46,29,2023-07-23,,,98.0,100.0,48.0,95.0,96.0,89.0,7.0,100.0,
CO,2023,47,30,2023-07-30,,,98.0,100.0,81.0,95.0,96.0,95.0,7.0,100.0,
CO,2023,48,31,2023-08-06,,,98.0,100.0,91.0,95.0,96.0,95.0,7.0,100.0,
CO,2023,49,32,2023-08-13,,,98.0,100.0,97.0,95.0,96.0,95.0,7.0,100.0,
CO,2023,50,33,2023-08-20,,,98.0,100.0,99.0,95.0,96.0,95.0,7.0,100.0,
CO,2023,51,34,2023-08-27,,,98.0,100.0,100.0,95.0,96.0,95.0,7.0,100.0,
CO,2023,52,35,2023-09-03,,,98.0,100.0,100.0,95.0,96.0,95.0,7.0,1.0,
CO,2024,1,36,2023-09-10,,,0.0,1.0,0.0,0.0,0.0,0.0,0.0,19.0,
CO,2024,2,37,2023-09-17,,,0.0,2.0,0.0,0.0,0.0,0.0,0.0,29.0,
CO,2024,3,38,2023-09-24,,,0.0,22.0,0.0,0.0,0.0,0.0,0.0,52.0,
CO,2024,4,39,2023-10-01,,,0.0,36.0,0.0,0.0,0.0,0.0,0.0,72.0,
CO,2024,5,40,2023-10-08,,,0.0,50.0,0.0,0.0,0.0,0.0,0.0,89.0,
CO,2024,6,41,2023-10-15,,,0.0,59.0,0.0,0.0,0.0,0.0,0.0,94.0,
CO,2024,7,42,2023-10-22,,,0.0,70.0,0.0,0.0,0.0,0.0,0.0,96.0,
CO,2024,8,43,2023-10-29,,,0.0,83.0,0.0,0.0,0.0,0.0,0.0,99.0,
CO,2024,9,44,2023-11-05,,,0.0,87.0,0.0,0.0,0.0,0.0,0.0,100.0,
CO,2024,10,45,2023-11-12,,,0.0,93.0,0.0,0.0,0.0,0.0,0.0,100.0,
CO,2024,11,46,2023-11-19,,,0.0,95.0,0.0,0.0,0.0,0.0,0.0,100.0,
CO,2024,12,47,2023-11-26,,,0.0,96.0,0.0,0.0,0.0,0.0,0.0,100.0,
CO,2024,28,11,2024-03-17,,,0.0,96.0,0.0,0.0,0.0,0.0,3.0,100.0,
CO,2024,29,12,2024-03-24,,,0.0,96.0,0.0,0.0,0.0,0.0,12.0,100.0,
CO,2024,30,13,2024-03-31,,,0.0,96.0,0.0,0.0,1.0,0.0,9.0,100.0,
CO,2024,31,14,2024-04-07,,,0.0,96.0,0.0,0.0,10.0,0.0,5.0,100.0,
CO,2024,32,15,2024-04-14,,,0.0,96.0,0.0,0.0,18.0,0.0,5.0,100.0,
CO,2024,33,16,2024-04-21,,,0.0,96.0,0.0,0.0,27.0,0.0,7.0,100.0,
CO,2024,34,17,2024-04-28,,,0.0,96.0,0.0,0.0,35.0,0.0,4.0,100.0,
CO,2024,35,18,2024-05-05,,,0.0,96.0,0.0,0.0,54.0,0.0,4.0,100.0,
CO,2024,36,19,2024-05-12,,,0.0,96.0,0.0,1.0,68.0,0.0,4.0,100.0,
CO,2024,37,20,2024-05-19,,,1.0,96.0,0.0,21.0,80.0,0.0,4.0,100.0,
CO,2024,38,21,2024-05-26,,,7.0,96.0,0.0,44.0,94.0,0.0,4.0,100.0,
CO,2024,39,22,2024-06-02,,,13.0,96.0,0.0,64.0,96.0,0.0,4.0,100.0,
CO,2024,40,23,2024-06-09,,,22.0,96.0,0.0,77.0,96.0,0.0,4.0,100.0,
CO,2024,41,24,2024-06-16,,,41.0,96.0,0.0,92.0,96.0,4.0,4.0,100.0,
CO,2024,42,25,2024-06-23,,,82.0,96.0,1.0,95.0,96.0,32.0,4.0,100.0,
CO,2024,43,26,2024-06-30,,,95.0,96.0,23.0,95.0,96.0,66.0,4.0,100.0,
CO,2024,44,27,2024-07-07,,,95.0,96.0,51.0,95.0,96.0,88.0,4.0,100.0,
CO,2024,45,28,2024-07-14,,,95.0,96.0,76.0,95.0,96.0,94.0,4.0,100.0,
CO,2024,46,29,2024-07-21,,,95.0,96.0,90.0,95.0,96.0,98.0,4.0,100.0,
CO,2024,47,30,2024-07-28,,,95.0,96.0,95.0,95.0,96.0,98.0,4.0,100.0,
CO,2024,48,31,2024-08-04,,,95.0,96.0,99.0,95.0,96.0,98.0,4.0,100.0,
CO,2024,49,32,2024-08-11,,,95.0,96.0,100.0,95.0,96.0,98.0,4.0,100.0,
CO,2024,50,33,2024-08-18,,,95.0,96.0,100.0,95.0,96.0,98.0,4.0,100.0,
CO,2024,51,34,2024-08-25,,,95.0,96.0,100.0,95.0,96.0,98.0,4.0,2.0,
CO,2024,52,35,2024-09-01,,,95.0,96.0,100.0,95.0,96.0,98.0,4.0,7.0,
CO,2025,1,36,2024-09-08,,,0.0,0.0,0.0,0.0,0.0,0.0,0.0,17.0,
CO,2025,2,37,2024-09-15,,,0.0,3.0,0.0,0.0,0.0,0.0,0.0,35.0,
CO,2025,3,38,2024-09-22,,,0.0,9.0,0.0,0.0,0.0,0.0,0.0,47.0,
CO,2025,4,39,2024-09-29,,,0.0,30.0,0.0,0.0,0.0,0.0,0.0,69.0,
CO,2025,5,40,2024-10-06,,,0.0,42.0,0.0,0.0,0.0,0.0,0.0,82.0,
CO,2025,6,41,2024-10-13,,,0.0,50.0,0.0,0.0,0.0,0.0,0.0,91.0,
CO,2025,7,42,2024-10-20,,,0.0,62.0,0.0,0.0,0.0,0.0,0.0,96.0,
CO,2025,8,43,2024-10-27,,,0.0,74.0,0.0,0.0,0.0,0.0,0.0,99.0,
CO,2025,9,44,2024-11-03,,,0.0,86.0,0.0,0.0,0.0,0.0,0.0,99.0,
CO,2025,10,45,2024-11-10,,,0.0,92.0,0.0,0.0,0.0,0.0,0.0,99.0,
CO,2025,11,46,2024-11-17,,,0.0,95.0,0.0,0.0,0.0,0.0,0.0,99.0,
CO,2025,12,47,2024-11-24,,,0.0,98.0,0.0,0.0,0.0,0.0,0.0,99.0,
CO,2025,28,11,2025-03-16,,,0.0,98.0,0.0,0.0,0.0,0.0,4.0,99.0,
CO,2025,29,12,2025-03-23,,,0.0,98.0,0.0,0.0,0.0,0.0,3.0,99.0,
CO,2025,30,13,2025-03-30,,,0.0,98.0,0.0,0.0,3.0,0.0,3.0,99.0,
CO,2025,31,14,2025-04-06,,,0.0,98.0,0.0,0.0,6.0,0.0,2.0,99.0,
CO,2025,32,15,2025-04-13,,,0.0,98.0,0.0,0.0,15.0,0.0,3.0,99.0,
CO,2025,33,16,2025-04-20,,,0.0,98.0,0.0,0.0,25.0,0.0,17.0,99.0,
CO,2025,34,17,2025-04-27,,,0.0,98.0,0.0,0.0,44.0,0.0,12.0,99.0,
CO,2025,35,18,2025-05-04,,,0.0,98.0,0.0,0.0,50.0,0.0,12.0,99.0,
CO,2025,36,19,2025-05-11,,,0.0,98.0,0.0,9.0,65.0,0.0,12.0,99.0,
CO,2025,37,20,2025-05-18,,,0.0,98.0,0.0,28.0,80.0,0.0,12.0,99.0,
CO,2025,38,21,2025-05-25,,,1.0,98.0,0.0,53.0,93.0,0.0,12.0,99.0,
CO,2025,39,22,2025-06-01,,,2.0,98.0,0.0,64.0,97.0,0.0,12.0,99.0,
CO,2025,40,23,2025-06-08,,,14.0,98.0,0.0,78.0,97.0,0.0,12.0,99.0,
CO,2025,41,24,2025-06-15,,,27.0,98.0,0.0,90.0,97.0,1.0,12.0,99.0,
CO,2025,42,25,2025-06-22,,,60.0,98.0,0.0,98.0,97.0,2.0,12.0,99.0,
CO,2025,43,26,2025-06-29,,,80.0,98.0,3.0,99.0,97.0,16.0,12.0,99.0,
CO,2025,44,27,2025-07-06,,,95.0,98.0,25.0,99.0,97.0,50.0,12.0,99.0,
CO,2025,45,28,2025-07-13,,,95.0,98.0,47.0,99.0,97.0,80.0,12.0,99.0,
CO,2025,46,29,2025-07-20,,,95.0,98.0,81.0,99.0,97.0,98.0,12.0,99.0,
CO,2025,47,30,2025-07-27,,,95.0,98.0,92.0,99.0,97.0,99.0,12.0,99.0,
CO,2025,48,31,2025-08-03,,,95.0,98.0,96.0,99.0,97.0,99.0,12.0,99.0,
CO,2025,49,32,2025-08-10,,,95.0,98.0,100.0,99.0,97.0,99.0,12.0,99.0,
CO,2025,50,33,2025-08-17,,,95.0,98.0,100.0,99.0,97.0,99.0,12.0,99.0,
CO,2025,51,34,2025-08-24,,,95.0,98.0,100.0,99.0,97.0,99.0,12.0,99.0,
CO,2025,52,35,2025-08-31,,,95.0,98.0,100.0,99.0,97.0,99.0,12.0,1.0,
CO,2026,1,36,2025-09-07,,,0.0,0.0,0.0,0.0,0.0,0.0,0.0,6.0,
CO,2026,2,37,2025-09-14,,,0.0,3.0,0.0,0.0,0.0,0.0,0.0,20.0,
CO,2026,3,38,2025-09-21,,,0.0,10.0,0.0,0.0,0.0,0.0,0.0,37.0,
CO,2026,4,39,2025-09-28,,,0.0,27.0,0.0,0.0,0.0,0.0,0.0,59.0,
CO,2026,11,46,2025-11-16,,,0.0,95.0,0.0,0.0,0.0,0.0,0.0,99.0,
CO,2026,12,47,2025-11-23,,,0.0,96.0,0.0,0.0,0.0,0.0,0.0,100.0,
DE,2016,4,39,2015-09-27,,,0.0,0.0,0.0,0.0,,0.0,,5.0,
DE,2016,5,40,2015-10-04,,,0.0,0.0,0.0,0.0,,0.0,,13.0,
DE,2016,6,41,2015-10-11,,,0.0,9.0,0.0,0.0,,0.0,,25.0,
DE,2016,7,42,2015-10-18,,,0.0,13.0,0.0,0.0,,0.0,,36.0,
DE,2016,8,43,2015-10-25,,,0.0,28.0,0.0,0.0,,0.0,,59.0,
DE,2016,9,44,2015-11-01,,,0.0,39.0,0.0,0.0,,0.0,,64.0,
DE,2016,10,45,2015-11-08,,,0.0,68.0,0.0,0.0,,0.0,,83.0,
DE,2016,11,46,2015-11-15,,,0.0,73.0,0.0,0.0,,0.0,,85.0,
DE,2016,12,47,2015-11-22,,,0.0,95.0,0.0,0.0,,0.0,,96.0,
DE,2016,13,48,2015-11-29,,,0.0,95.0,0.0,0.0,,0.0,,97.0,
DE,2016,34,17,2016-05-01,,,0.0,95.0,0.0,12.0,,0.0,,97.0,
DE,2016,35,18,2016-05-08,,,0.0,95.0,0.0,61.0,,0.0,,97.0,
DE,2016,36,19,2016-05-15,,,0.0,95.0,0.0,72.0,,0.0,,97.0,
DE,2016,37,20,2016-05-22,,,0.0,95.0,0.0,81.0,,0.0,,97.0,
DE,2016,38,21,2016-05-29,,,10.0,95.0,0.0,95.0,,0.0,,97.0,
DE,2016,39,22,2016-06-05,,,39.0,95.0,0.0,95.0,,0.0,,97.0,
DE,2016,40,23,2016-06-12,,,59.0,95.0,0.0,95.0,,0.0,,97.0,
DE,2016,41,24,2016-06-19,,,82.0,95.0,0.0,95.0,,23.0,,97.0,
DE,2016,42,25,2016-06-26,,,93.0,95.0,8.0,95.0,,83.0,,97.0,
DE,2016,43,26,2016-07-03,,,96.0,95.0,53.0,95.0,,86.0,,97.0,
DE,2016,44,27,2016-07-10,,,100.0,95.0,69.0,95.0,,95.0,,97.0,
DE,2016,45,28,2016-07-17,,,100.0,95.0,80.0,95.0,,95.0,,97.0,
DE,2016,46,29,2016-07-24,,,100.0,95.0,95.0,95.0,,95.0,,97.0,
DE,2017,3,38,2016-09-25,,,0.0,0.0,0.0,0.0,,0.0,,1.0,
DE,2017,4,39,2016-10-02,,,0.0,0.0,0.0,0.0,,0.0,,5.0,
DE,2017,5,40,2016-10-09,,,0.0,2.0,0.0,0.0,,0.0,,10.0,
DE,2017,6,41,2016-10-16,,,0.0,4.0,0.0,0.0,,0.0,,11.0,
DE,2017,7,42,2016-10-23,,,0.0,7.0,0.0,0.0,,0.0,,37.0,
DE,2017,8,43,2016-10-30,,,0.0,41.0,0.0,0.0,,0.0,,59.0,
DE,2017,9,44,2016-11-06,,,0.0,56.0,0.0,0.0,,0.0,,77.0,
DE,2017,10,45,2016-11-13,,,0.0,64.0,0.0,0.0,,0.0,,81.0,
DE,2017,11,46,2016-11-20,,,0.0,71.0,0.0,0.0,,0.0,,93.0,
DE,2017,12,47,2016-11-27,,,0.0,91.0,0.0,0.0,,0.0,,99.0,
DE,2017,31,14,2017-04-09,,,0.0,91.0,0.0,0.0,,0.0,,99.0,
DE,2017,32,15,2017-04-16,,,0.0,91.0,0.0,8.0,,0.0,,99.0,
DE,2017,33,16,2017-04-23,,,0.0,91.0,0.0,21.0,,0.0,,99.0,
DE,2017,34,17,2017-04-30,,,0.0,91.0,0.0,50.0,,0.0,,99.0,
DE,2017,35,18,2017-05-07,,,0.0,91.0,0.0,60.0,,0.0,,99.0,
DE,2017,36,19,2017-05-14,,,0.0,91.0,0.0,72.0,,0.0,,99.0,
DE,2017,37,20,2017-05-21,,,0.0,91.0,0.0,80.0,,0.0,,99.0,
DE,2017,38,21,2017-05-28,,,22.0,91.0,0.0,84.0,,0.0,,99.0,
DE,2017,39,22,2017-06-04,,,51.0,91.0,0.0,90.0,,0.0,,99.0,
DE,2017,40,23,2017-06-11,,,54.0,91.0,0.0,93.0,,0.0,,99.0,
DE,2017,41,24,2017-06-18,,,66.0,91.0,0.0,96.0,,32.0,,99.0,
DE,2017,42,25,2017-06-25,,,87.0,91.0,19.0,96.0,,72.0,,99.0,
DE,2017,43,26,2017-07-02,,,90.0,91.0,42.0,96.0,,75.0,,99.0,
DE,2017,44,27,2017-07-09,,,100.0,91.0,70.0,96.0,,82.0,,99.0,
DE,2017,45,28,2017-07-16,,,100.0,91.0,73.0,96.0,,85.0,,99.0,
DE,2017,46,29,2017-07-23,,,100.0,91.0,93.0,96.0,,95.0,,99.0,
DE,2017,47,30,2017-07-30,,,100.0,91.0,96.0,96.0,,95.0,,99.0,
DE,2017,48,31,2017-08-06,,,100.0,91.0,98.0,96.0,,95.0,,99.0,
DE,2018,4,39,2017-10-01,,,0.0,0.0,0.0,0.0,,0.0,,0.0,
DE,2018,5,40,2017-10-08,,,0.0,2.0,0.0,0.0,,0.0,,8.0,
DE,2018,6,41,2017-10-15,,,0.0,10.0,0.0,0.0,,0.0,,30.0,
DE,2018,7,42,2017-10-22,,,0.0,18.0,0.0,0.0,,0.0,,47.0,
DE,2018,8,43,2017-10-29,,,0.0,38.0,0.0,0.0,,0.0,,68.0,
DE,2018,9,44,2017-11-05,,,0.0,54.0,0.0,0.0,,0.0,,71.0,
DE,2018,10,45,2017-11-12,,,0.0,55.0,0.0,0.0,,0.0,,74.0,
DE,2018,11,46,2017-11-19,,,0.0,70.0,0.0,0.0,,0.0,,82.0,
DE,2018,12,47,2017-11-26,,,0.0,80.0,0.0,0.0,,0.0,,90.0,
DE,2018,31,14,2018-04-08,,,0.0,80.0,0.0,0.0,,0.0,,90.0,
DE,2018,32,15,2018-04-15,,,0.0,80.0,0.0,0.0,,0.0,,90.0,
DE,2018,33,16,2018-04-22,,,0.0,80.0,0.0,0.0,,0.0,,90.0,
DE,2018,34,17,2018-04-29,,,0.0,80.0,0.0,0.0,,0.0,,90.0,
DE,2018,35,18,2018-05-06,,,0.0,80.0,0.0,4.0,,0.0,,90.0,
DE,2018,36,19,2018-05-13,,,0.0,80.0,0.0,52.0,,0.0,,90.0,
DE,2018,37,20,2018-05-20,,,0.0,80.0,0.0,66.0,,0.0,,90.0,
DE,2018,38,21,2018-05-27,,,1.0,80.0,0.0,79.0,,0.0,,90.0,
DE,2018,39,22,2018-06-03,,,12.0,80.0,0.0,87.0,,0.0,,90.0,
DE,2018,40,23,2018-06-10,,,62.0,80.0,0.0,90.0,,0.0,,90.0,
DE,2018,41,24,2018-06-17,,,87.0,80.0,0.0,92.0,,0.0,,90.0,
DE,2018,42,25,2018-06-24,,,98.0,80.0,15.0,100.0,,92.0,,90.0,
DE,2018,43,26,2018-07-01,,,100.0,80.0,55.0,100.0,,95.0,,90.0,
DE,2018,44,27,2018-07-08,,,100.0,80.0,72.0,100.0,,98.0,,90.0,
DE,2018,45,28,2018-07-15,,,100.0,80.0,78.0,100.0,,100.0,,90.0,
DE,2018,46,29,2018-07-22,,,100.0,80.0,81.0,100.0,,100.0,,90.0,
DE,2018,47,30,2018-07-29,,,100.0,80.0,83.0,100.0,,100.0,,90.0,
DE,2018,48,31,2018-08-05,,,100.0,80.0,91.0,100.0,,100.0,,90.0,
DE,2018,49,32,2018-08-12,,,100.0,80.0,100.0,100.0,,100.0,,90.0,
DE,2019,5,40,2018-10-07,,,0.0,0.0,0.0,0.0,,0.0,,15.0,
DE,2019,6,41,2018-10-14,,,0.0,0.0,0.0,0.0,,0.0,,16.0,
DE,2019,7,42,2018-10-21,,,0.0,14.0,0.0,0.0,,0.0,,38.0,
DE,2019,8,43,2018-10-28,,,0.0,28.0,0.0,0.0,,0.0,,67.0,
DE,2019,9,44,2018-11-04,,,0.0,52.0,0.0,0.0,,0.0,,89.0,
DE,2019,10,45,2018-11-11,,,0.0,76.0,0.0,0.0,,0.0,,96.0,
DE,2019,11,46,2018-11-18,,,0.0,96.0,0.0,0.0,,0.0,,96.0,
DE,2019,12,47,2018-11-25,,,0.0,97.0,0.0,0.0,,0.0,,96.0,
DE,2019,31,14,2019-04-07,,,0.0,97.0,0.0,0.0,,0.0,,96.0,
DE,2019,32,15,2019-04-14,,,0.0,97.0,0.0,0.0,,0.0,,96.0,
DE,2019,33,16,2019-04-21,,,0.0,97.0,0.0,9.0,,0.0,,96.0,
DE,2019,34,17,2019-04-28,,,0.0,97.0,0.0,17.0,,0.0,,96.0,
DE,2019,35,18,2019-05-05,,,0.0,97.0,0.0,46.0,,0.0,,96.0,
DE,2019,36,19,2019-05-12,,,0.0,97.0,0.0,63.0,,0.0,,96.0,
DE,2019,37,20,2019-05-19,,,0.0,97.0,0.0,65.0,,0.0,,96.0,
DE,2019,38,21,2019-05-26,,,3.0,97.0,0.0,68.0,,0.0,,96.0,
DE,2019,39,22,2019-06-02,,,32.0,97.0,0.0,82.0,,0.0,,96.0,
DE,2019,40,23,2019-06-09,,,60.0,97.0,0.0,100.0,,0.0,,96.0,
DE,2019,41,24,2019-06-16,,,76.0,97.0,22.0,100.0,,41.0,,96.0,
DE,2019,42,25,2019-06-23,,,100.0,97.0,41.0,100.0,,70.0,,96.0,
DE,2019,43,26,2019-06-30,,,100.0,97.0,64.0,100.0,,89.0,,96.0,
DE,2019,44,27,2019-07-07,,,100.0,97.0,88.0,100.0,,99.0,,96.0,
DE,2019,45,28,2019-07-14,,,100.0,97.0,95.0,100.0,,99.0,,96.0,
DE,2020,2,37,2019-09-15,,,0.0,0.0,0.0,0.0,,0.0,,0.0,
DE,2020,3,38,2019-09-22,,,0.0,0.0,0.0,0.0,,0.0,,1.0,
DE,2020,4,39,2019-09-29,,,0.0,0.0,0.0,0.0,,0.0,,1.0,
DE,2020,5,40,2019-10-06,,,0.0,1.0,0.0,0.0,,0.0,,5.0,
DE,2020,6,41,2019-10-13,,,0.0,3.0,0.0,0.0,,0.0,,9.0,
DE,2020,7,42,2019-10-20,,,0.0,5.0,0.0,0.0,,0.0,,28.0,
DE,2020,8,43,2019-10-27,,,0.0,26.0,0.0,0.0,,0.0,,53.0,
DE,2020,9,44,2019-11-03,,,0.0,39.0,0.0,0.0,,0.0,,69.0,
DE,2020,10,45,2019-11-10,,,0.0,55.0,0.0,0.0,,0.0,,72.0,
DE,2020,11,46,2019-11-17,,,0.0,72.0,0.0,0.0,,0.0,,92.0,
DE,2020,12,47,2019-11-24,,,0.0,75.0,0.0,0.0,,0.0,,95.0,
DE,2020,32,15,2020-04-12,,,0.0,75.0,0.0,0.0,,0.0,,95.0,
DE,2020,33,16,2020-04-19,,,0.0,75.0,0.0,5.0,,0.0,,95.0,
DE,2020,34,17,2020-04-26,,,0.0,75.0,0.0,21.0,,0.0,,95.0,
DE,2020,35,18,2020-05-03,,,0.0,75.0,0.0,40.0,,0.0,,95.0,
DE,2020,36,19,2020-05-10,,,0.0,75.0,0.0,57.0,,0.0,,95.0,
DE,2020,37,20,2020-05-17,,,0.0,75.0,0.0,59.0,,0.0,,95.0,
DE,2020,38,21,2020-05-24,,,0.0,75.0,0.0,73.0,,0.0,,95.0,
DE,2020,39,22,2020-05-31,,,25.0,75.0,0.0,81.0,,0.0,,95.0,
DE,2020,40,23,2020-06-07,,,49.0,75.0,0.0,81.0,,20.0,,95.0,
DE,2020,41,24,2020-06-14,,,51.0,75.0,1.0,81.0,,41.0,,95.0,
DE,2020,42,25,2020-06-21,,,93.0,75.0,10.0,81.0,,65.0,,95.0,
DE,2020,43,26,2020-06-28,,,99.0,75.0,50.0,81.0,,93.0,,95.0,
DE,2020,44,27,2020-07-05,,,99.0,75.0,88.0,81.0,,98.0,,95.0,
DE,2020,45,28,2020-07-12,,,99.0,75.0,94.0,81.0,,98.0,,95.0,
DE,2020,46,29,2020-07-19,,,99.0,75.0,99.0,81.0,,98.0,,95.0,
DE,2021,3,38,2020-09-20,,,0.0,0.0,0.0,0.0,,0.0,,0.0,
DE,2021,4,39,2020-09-27,,,0.0,0.0,0.0,0.0,,0.0,,1.0,
DE,2021,5,40,2020-10-04,,,0.0,0.0,0.0,0.0,,0.0,,2.0,
DE,2021,6,41,2020-10-11,,,0.0,2.0,0.0,0.0,,0.0,,10.0,
DE,2021,7,42,2020-10-18,,,0.0,6.0,0.0,0.0,,0.0,,21.0,
DE,2021,8,43,2020-10-25,,,0.0,17.0,0.0,0.0,,0.0,,34.0,
DE,2021,9,44,2020-11-01,,,0.0,33.0,0.0,0.0,,0.0,,46.0,
DE,2021,10,45,2020-11-08,,,0.0,44.0,0.0,0.0,,0.0,,65.0,
DE,2021,11,46,2020-11-15,,,0.0,61.0,0.0,0.0,,0.0,,80.0,
DE,2021,12,47,2020-11-22,,,0.0,77.0,0.0,0.0,,0.0,,93.0,
DE,2021,13,48,2020-11-29,,,0.0,90.0,0.0,0.0,,0.0,,97.0,
DE,2021,33,16,2021-04-25,,,0.0,90.0,0.0,0.0,,0.0,,97.0,
DE,2021,34,17,2021-05-02,,,0.0,90.0,0.0,38.0,,0.0,,97.0,
DE,2021,35,18,2021-05-09,,,0.0,90.0,0.0,50.0,,0.0,,97.0,
DE,2021,36,19,2021-05-16,,,0.0,90.0,0.0,70.0,,0.0,,97.0,
DE,2021,37,20,2021-05-23,,,0.0,90.0,0.0,97.0,,0.0,,97.0,
DE,2021,38,21,2021-05-30,,,36.0,90.0,0.0,97.0,,0.0,,97.0,
DE,2021,39,22,2021-06-06,,,80.0,90.0,0.0,97.0,,0.0,,97.0,
DE,2021,40,23,2021-06-13,,,94.0,90.0,0.0,97.0,,0.0,,97.0,
DE,2021,41,24,2021-06-20,,,97.0,90.0,14.0,97.0,,0.0,,97.0,
DE,2021,42,25,2021-06-27,,,97.0,90.0,36.0,97.0,,72.0,,97.0,
DE,2021,43,26,2021-07-04,,,97.0,90.0,73.0,97.0,,85.0,,97.0,
DE,2021,44,27,2021-07-11,,,97.0,90.0,84.0,97.0,,89.0,,97.0,
DE,2021,45,28,2021-07-18,,,97.0,90.0,97.0,97.0,,100.0,,97.0,
DE,2022,2,37,2021-09-19,,,0.0,0.0,0.0,0.0,,0.0,,0.0,
DE,2022,3,38,2021-09-26,,,0.0,0.0,0.0,0.0,,0.0,,1.0,
DE,2022,4,39,2021-10-03,,,0.0,0.0,0.0,0.0,,0.0,,14.0,
DE,2022,5,40,2021-10-10,,,0.0,2.0,0.0,0.0,,0.0,,16.0,
DE,2022,6,41,2021-10-17,,,0.0,7.0,0.0,0.0,,0.0,,22.0,
DE,2022,7,42,2021-10-24,,,0.0,18.0,0.0,0.0,,0.0,,36.0,
DE,2022,8,43,2021-10-31,,,0.0,43.0,0.0,0.0,,0.0,,53.0,
DE,2022,9,44,2021-11-07,,,0.0,48.0,0.0,0.0,,0.0,,72.0,
DE,2022,10,45,2021-11-14,,,0.0,56.0,0.0,0.0,,0.0,,83.0,
DE,2022,11,46,2021-11-21,,,0.0,59.0,0.0,0.0,,0.0,,91.0,
DE,2022,12,47,2021-11-28,,,0.0,64.0,0.0,0.0,,0.0,,96.0,
DE,2022,34,17,2022-05-01,,,0.0,64.0,0.0,28.0,,0.0,,96.0,
DE,2022,35,18,2022-05-08,,,0.0,64.0,0.0,56.0,,0.0,,96.0,
DE,2022,36,19,2022-05-15,,,0.0,64.0,0.0,79.0,,0.0,,96.0,
DE,2022,37,20,2022-05-22,,,0.0,64.0,0.0,94.0,,0.0,,96.0,
DE,2022,38,21,2022-05-29,,,20.0,64.0,0.0,98.0,,0.0,,96.0,
DE,2022,39,22,2022-06-05,,,62.0,64.0,0.0,99.0,,0.0,,96.0,
DE,2022,40,23,2022-06-12,,,87.0,64.0,0.0,99.0,,10.0,,96.0,
DE,2022,41,24,2022-06-19,,,89.0,64.0,0.0,99.0,,26.0,,96.0,
DE,2022,42,25,2022-06-26,,,94.0,64.0,0.0,99.0,,66.0,,96.0,
DE,2022,43,26,2022-07-03,,,100.0,64.0,0.0,99.0,,72.0,,96.0,
DE,2022,44,27,2022-07-10,,,100.0,64.0,46.0,99.0,,79.0,,96.0,
DE,2022,45,28,2022-07-17,,,100.0,64.0,95.0,99.0,,99.0,,96.0,
DE,2023,4,39,2022-10-02,,,0.0,0.0,0.0,0.0,,0.0,,0.0,
DE,2023,5,40,2022-10-09,,,0.0,0.0,0.0,0.0,,0.0,,13.0,
DE,2023,6,41,2022-10-16,,,0.0,0.0,0.0,0.0,,0.0,,18.0,
DE,2023,7,42,2022-10-23,,,0.0,14.0,0.0,0.0,,0.0,,25.0,
DE,2023,8,43,2022-10-30,,,0.0,28.0,0.0,0.0,,0.0,,38.0,
DE,2023,9,44,2022-11-06,,,0.0,45.0,0.0,0.0,,0.0,,50.0,
DE,2023,10,45,2022-11-13,,,0.0,50.0,0.0,0.0,,0.0,,70.0,
DE,2023,11,46,2022-11-20,,,0.0,70.0,0.0,0.0,,0.0,,85.0,
DE,2023,12,47,2022-11-27,,,0.0,80.0,0.0,0.0,,0.0,,94.0,
DE,2023,32,15,2023-04-16,,,0.0,80.0,0.0,17.0,,0.0,,94.0,
DE,2023,33,16,2023-04-23,,,0.0,80.0,0.0,33.0,,0.0,,94.0,
DE,2023,34,17,2023-04-30,,,0.0,80.0,0.0,45.0,,0.0,,94.0,
DE,2023,35,18,2023-05-07,,,0.0,80.0,0.0,73.0,,0.0,,94.0,
DE,2023,36,19,2023-05-14,,,0.0,80.0,0.0,86.0,,0.0,,94.0,
DE,2023,37,20,2023-05-21,,,6.0,80.0,0.0,89.0,,0.0,,94.0,
DE,2023,38,21,2023-05-28,,,33.0,80.0,0.0,90.0,,0.0,,94.0,
DE,2023,39,22,2023-06-04,,,51.0,80.0,0.0,95.0,,0.0,,94.0,
DE,2023,40,23,2023-06-11,,,84.0,80.0,0.0,95.0,,0.0,,94.0,
DE,2023,41,24,2023-06-18,,,92.0,80.0,0.0,95.0,,54.0,,94.0,
DE,2023,42,25,2023-06-25,,,98.0,80.0,16.0,95.0,,82.0,,94.0,
DE,2023,43,26,2023-07-02,,,98.0,80.0,40.0,95.0,,94.0,,94.0,
DE,2023,44,27,2023-07-09,,,98.0,80.0,70.0,95.0,,97.0,,94.0,
DE,2023,45,28,2023-07-16,,,98.0,80.0,90.0,95.0,,97.0,,94.0,
DE,2023,46,29,2023-07-23,,,98.0,80.0,96.0,95.0,,97.0,,94.0,
DE,2024,1,36,2023-09-10,,,0.0,0.0,0.0,0.0,,0.0,,0.0,
DE,2024,2,37,2023-09-17,,,0.0,0.0,0.0,0.0,,0.0,,10.0,
DE,2024,3,38,2023-09-24,,,0.0,0.0,0.0,0.0,,0.0,,16.0,
DE,2024,4,39,2023-10-01,,,0.0,0.0,0.0,0.0,,0.0,,20.0,
DE,2024,5,40,2023-10-08,,,0.0,8.0,0.0,0.0,,0.0,,23.0,
DE,2024,6,41,2023-10-15,,,0.0,14.0,0.0,0.0,,0.0,,30.0,
DE,2024,7,42,2023-10-22,,,0.0,20.0,0.0,0.0,,0.0,,35.0,
DE,2024,8,43,2023-10-29,,,0.0,25.0,0.0,0.0,,0.0,,53.0,
DE,2024,9,44,2023-11-05,,,0.0,52.0,0.0,0.0,,0.0,,83.0,
DE,2024,10,45,2023-11-12,,,0.0,64.0,0.0,0.0,,0.0,,88.0,
DE,2024,11,46,2023-11-19,,,0.0,70.0,0.0,0.0,,0.0,,93.0,
DE,2024,12,47,2023-11-26,,,0.0,81.0,0.0,0.0,,0.0,,99.0,
DE,2024,30,13,2024-03-31,,,0.0,81.0,0.0,0.0,,0.0,,99.0,
DE,2024,31,14,2024-04-07,,,0.0,81.0,0.0,0.0,,0.0,,99.0,
DE,2024,32,15,2024-04-14,,,0.0,81.0,0.0,2.0,,0.0,,99.0,
DE,2024,33,16,2024-04-21,,,0.0,81.0,0.0,12.0,,0.0,,99.0,
DE,2024,34,17,2024-04-28,,,0.0,81.0,0.0,27.0,,0.0,,99.0,
DE,2024,35,18,2024-05-05,,,0.0,81.0,0.0,74.0,,0.0,,99.0,
DE,2024,36,19,2024-05-12,,,0.0,81.0,0.0,95.0,,0.0,,99.0,
DE,2024,37,20,2024-05-19,,,12.0,81.0,0.0,95.0,,0.0,,99.0,
DE,2024,38,21,2024-05-26,,,35.0,81.0,0.0,95.0,,0.0,,99.0,
DE,2024,39,22,2024-06-02,,,59.0,81.0,0.0,95.0,,0.0,,99.0,
DE,2024,40,23,2024-06-09,,,96.0,81.0,0.0,95.0,,25.0,,99.0,
DE,2024,41,24,2024-06-16,,,96.0,81.0,8.0,95.0,,44.0,,99.0,
DE,2024,42,25,2024-06-23,,,96.0,81.0,44.0,95.0,,85.0,,99.0,
DE,2024,43,26,2024-06-30,,,96.0,81.0,62.0,95.0,,96.0,,99.0,
DE,2024,44,27,2024-07-07,,,96.0,81.0,88.0,95.0,,96.0,,99.0,
DE,2024,45,28,2024-07-14,,,96.0,81.0,98.0,95.0,,96.0,,99.0,
DE,2025,2,37,2024-09-15,,,0.0,0.0,0.0,0.0,,0.0,,5.0,
DE,2025,3,38,2024-09-22,,,0.0,0.0,0.0,0.0,,0.0,,12.0,
DE,2025,4,39,2024-09-29,,,0.0,0.0,0.0,0.0,,0.0,,20.0,
DE,2025,5,40,2024-10-06,,,0.0,0.0,0.0,0.0,,0.0,,22.0,
DE,2025,6,41,2024-10-13,,,0.0,9.0,0.0,0.0,,0.0,,30.0,
DE,2025,7,42,2024-10-20,,,0.0,15.0,0.0,0.0,,0.0,,32.0,
DE,2025,8,43,2024-10-27,,,0.0,26.0,0.0,0.0,,0.0,,47.0,
DE,2025,9,44,2024-11-03,,,0.0,35.0,0.0,0.0,,0.0,,65.0,
DE,2025,10,45,2024-11-10,,,0.0,46.0,0.0,0.0,,0.0,,78.0,
DE,2025,11,46,2024-11-17,,,0.0,58.0,0.0,0.0,,0.0,,87.0,
DE,2025,12,47,2024-11-24,,,0.0,69.0,0.0,0.0,,0.0,,96.0,
DE,2025,31,14,2025-04-06,,,0.0,69.0,0.0,0.0,,0.0,,96.0,
DE,2025,32,15,2025-04-13,,,0.0,69.0,0.0,0.0,,0.0,,96.0,
DE,2025,33,16,2025-04-20,,,0.0,69.0,0.0,1.0,,0.0,,96.0,
DE,2025,34,17,2025-04-27,,,0.0,69.0,0.0,8.0,,0.0,,96.0,
DE,2025,35,18,2025-05-04,,,0.0,69.0,0.0,11.0,,0.0,,96.0,
DE,2025,36,19,2025-05-11,,,1.0,69.0,0.0,31.0,,0.0,,96.0,
DE,2025,37,20,2025-05-18,,,25.0,69.0,0.0,50.0,,0.0,,96.0,
DE,2025,38,21,2025-05-25,,,46.0,69.0,0.0,94.0,,0.0,,96.0,
DE,2025,39,22,2025-06-01,,,66.0,69.0,0.0,99.0,,8.0,,96.0,
DE,2025,40,23,2025-06-08,,,93.0,69.0,0.0,99.0,,22.0,,96.0,
DE,2025,41,24,2025-06-15,,,98.0,69.0,6.0,99.0,,57.0,,96.0,
DE,2025,42,25,2025-06-22,,,98.0,69.0,9.0,99.0,,79.0,,96.0,
DE,2025,43,26,2025-06-29,,,98.0,69.0,21.0,99.0,,88.0,,96.0,
DE,2025,44,27,2025-07-06,,,98.0,69.0,80.0,99.0,,96.0,,96.0,
DE,2025,45,28,2025-07-13,,,98.0,69.0,90.0,99.0,,96.0,,96.0,
DE,2025,46,29,2025-07-20,,,98.0,69.0,95.0,99.0,,96.0,,96.0,
DE,2026,2,37,2025-09-14,,,0.0,0.0,0.0,0.0,,0.0,,0.0,
DE,2026,3,38,2025-09-21,,,0.0,0.0,0.0,0.0,,0.0,,6.0,
DE,2026,4,39,2025-09-28,,,0.0,0.0,0.0,0.0,,0.0,,10.0,
DE,2026,11,46,2025-11-16,,,0.0,68.0,0.0,0.0,,0.0,,90.0,
DE,2026,12,47,2025-11-23,,,0.0,76.0,0.0,0.0,,0.0,,94.0,
GA,2016,3,38,2015-09-20,,,,,0.0,0.0,,,,0.0,
GA,2016,4,39,2015-09-27,,,,,0.0,0.0,,,,2.0,
GA,2016,5,40,2015-10-04,,,,,0.0,0.0,,,,6.0,
GA,2016,6,41,2015-10-11,,,,,0.0,0.0,,,,7.0,
GA,2016,7,42,2015-10-18,,,,,0.0,0.0,,,,9.0,
GA,2016,8,43,2015-10-25,,,,,0.0,0.0,,,,14.0,
GA,2016,9,44,2015-11-01,,,,,0.0,0.0,,,,17.0,
GA,2016,10,45,2015-11-08,,,,,0.0,0.0,,,,22.0,
GA,2016,11,46,2015-11-15,,,,,0.0,0.0,,,,27.0,
GA,2016,12,47,2015-11-22,,,,,0.0,0.0,,,,40.0,
GA,2016,13,48,2015-11-29,,,,,0.0,0.0,,,,60.0,
GA,2016,30,13,2016-04-03,,,,,0.0,14.0,,,,60.0,
GA,2016,31,14,2016-04-10,,,,,0.0,38.0,,,,60.0,
GA,2016,32,15,2016-04-17,,,,,0.0,68.0,,,,60.0,
GA,2016,33,16,2016-04-24,,,,,0.0,85.0,,,,60.0,
GA,2016,34,17,2016-05-01,,,,,1.0,93.0,,,,60.0,
GA,2016,35,18,2016-05-08,,,,,4.0,95.0,,,,60.0,
GA,2016,36,19,2016-05-15,,,,,6.0,95.0,,,,60.0,
GA,2016,37,20,2016-05-22,,,,,14.0,95.0,,,,60.0,
GA,2016,38,21,2016-05-29,,,,,32.0,95.0,,,,60.0,
GA,2016,39,22,2016-06-05,,,,,67.0,95.0,,,,60.0,
GA,2016,40,23,2016-06-12,,,,,81.0,95.0,,,,60.0,
GA,2016,41,24,2016-06-19,,,,,95.0,95.0,,,,60.0,
GA,2017,4,39,2016-10-02,,,,0.0,0.0,0.0,,,,0.0,
GA,2017,5,40,2016-10-09,,,,0.0,0.0,0.0,,,,1.0,
GA,2017,6,41,2016-10-16,,,,0.0,0.0,0.0,,,,6.0,
GA,2017,7,42,2016-10-23,,,,0.0,0.0,0.0,,,,19.0,
GA,2017,8,43,2016-10-30,,,,0.0,0.0,0.0,,,,22.0,
GA,2017,9,44,2016-11-06,,,,2.0,0.0,0.0,,,,24.0,
GA,2017,10,45,2016-11-13,,,,6.0,0.0,0.0,,,,28.0,
GA,2017,11,46,2016-11-20,,,,10.0,0.0,0.0,,,,32.0,
GA,2017,12,47,2016-11-27,,,,20.0,0.0,0.0,,,,52.0,
GA,2017,30,13,2017-04-02,,,,20.0,0.0,30.0,,,,52.0,
GA,2017,31,14,2017-04-09,,,,20.0,0.0,53.0,,,,52.0,
GA,2017,32,15,2017-04-16,,,,20.0,0.0,74.0,,,,52.0,
GA,2017,33,16,2017-04-23,,,,20.0,0.0,86.0,,,,52.0,
GA,2017,34,17,2017-04-30,,,,20.0,0.0,91.0,,,,52.0,
GA,2017,35,18,2017-05-07,,,,20.0,1.0,95.0,,,,52.0,
GA,2017,36,19,2017-05-14,,,,20.0,6.0,95.0,,,,52.0,
GA,2017,37,20,2017-05-21,,,,20.0,24.0,95.0,,,,52.0,
GA,2017,38,21,2017-05-28,,,,20.0,38.0,95.0,,,,52.0,
GA,2017,39,22,2017-06-04,,,,20.0,60.0,95.0,,,,52.0,
GA,2017,40,23,2017-06-11,,,,20.0,81.0,95.0,,,,52.0,
GA,2017,41,24,2017-06-18,,,,20.0,93.0,95.0,,,,52.0,
GA,2017,42,25,2017-06-25,,,,20.0,97.0,95.0,,,,52.0,
GA,2018,5,40,2017-10-08,,,,0.0,0.0,0.0,,,,3.0,
GA,2018,6,41,2017-10-15,,,,0.0,0.0,0.0,,,,11.0,
GA,2018,7,42,2017-10-22,,,,0.0,0.0,0.0,,,,14.0,
GA,2018,8,43,2017-10-29,,,,0.0,0.0,0.0,,,,19.0,
GA,2018,9,44,2017-11-05,,,,2.0,0.0,0.0,,,,25.0,
GA,2018,10,45,2017-11-12,,,,13.0,0.0,0.0,,,,33.0,
GA,2018,11,46,2017-11-19,,,,23.0,0.0,0.0,,,,44.0,
GA,2018,12,47,2017-11-26,,,,39.0,0.0,0.0,,,,64.0,
GA,2018,30,13,2018-04-01,,,,39.0,0.0,34.0,,,,64.0,
GA,2018,31,14,2018-04-08,,,,39.0,0.0,58.0,,,,64.0,
GA,2018,32,15,2018-04-15,,,,39.0,0.0,77.0,,,,64.0,
GA,2018,33,16,2018-04-22,,,,39.0,0.0,88.0,,,,64.0,
GA,2018,34,17,2018-04-29,,,,39.0,1.0,94.0,,,,64.0,
GA,2018,35,18,2018-05-06,,,,39.0,5.0,98.0,,,,64.0,
GA,2018,36,19,2018-05-13,,,,39.0,9.0,98.0,,,,64.0,
GA,2018,37,20,2018-05-20,,,,39.0,18.0,98.0,,,,64.0,
GA,2018,38,21,2018-05-27,,,,39.0,25.0,98.0,,,,64.0,
GA,2018,39,22,2018-06-03,,,,39.0,32.0,98.0,,,,64.0,
GA,2018,40,23,2018-06-10,,,,39.0,68.0,98.0,,,,64.0,
GA,2018,41,24,2018-06-17,,,,39.0,88.0,98.0,,,,64.0,
GA,2018,42,25,2018-06-24,,,,39.0,94.0,98.0,,,,64.0,
GA,2018,43,26,2018-07-01,,,,39.0,98.0,98.0,,,,64.0,
GA,2019,5,40,2018-10-07,,,,0.0,0.0,0.0,,,,1.0,
GA,2019,6,41,2018-10-14,,,,0.0,0.0,0.0,,,,2.0,
GA,2019,7,42,2018-10-21,,,,0.0,0.0,0.0,,,,6.0,
GA,2019,8,43,2018-10-28,,,,0.0,0.0,0.0,,,,10.0,
GA,2019,9,44,2018-11-04,,,,2.0,0.0,0.0,,,,16.0,
GA,2019,10,45,2018-11-11,,,,8.0,0.0,0.0,,,,23.0,
GA,2019,11,46,2018-11-18,,,,16.0,0.0,0.0,,,,29.0,
GA,2019,12,47,2018-11-25,,,,25.0,0.0,0.0,,,,43.0,
GA,2019,30,13,2019-03-31,,,,25.0,0.0,28.0,,,,43.0,
GA,2019,31,14,2019-04-07,,,,25.0,0.0,51.0,,,,43.0,
GA,2019,32,15,2019-04-14,,,,25.0,0.0,73.0,,,,43.0,
GA,2019,33,16,2019-04-21,,,,25.0,0.0,84.0,,,,43.0,
GA,2019,34,17,2019-04-28,,,,25.0,0.0,93.0,,,,43.0,
GA,2019,35,18,2019-05-05,,,,25.0,1.0,95.0,,,,43.0,
GA,2019,36,19,2019-05-12,,,,25.0,15.0,95.0,,,,43.0,
GA,2019,37,20,2019-05-19,,,,25.0,29.0,95.0,,,,43.0,
GA,2019,38,21,2019-05-26,,,,25.0,57.0,95.0,,,,43.0,
GA,2019,39,22,2019-06-02,,,,25.0,77.0,95.0,,,,43.0,
GA,2019,40,23,2019-06-09,,,,25.0,92.0,95.0,,,,43.0,
GA,2019,41,24,2019-06-16,,,,25.0,97.0,95.0,,,,43.0,
GA,2020,5,40,2019-10-06,,,,0.0,0.0,0.0,,,,1.0,
GA,2020,6,41,2019-10-13,,,,0.0,0.0,0.0,,,,3.0,
GA,2020,7,42,2019-10-20,,,,0.0,0.0,0.0,,,,6.0,
GA,2020,8,43,2019-10-27,,,,0.0,0.0,0.0,,,,12.0,
GA,2020,9,44,2019-11-03,,,,3.0,0.0,0.0,,,,19.0,
GA,2020,10,45,2019-11-10,,,,16.0,0.0,0.0,,,,31.0,
GA,2020,11,46,2019-11-17,,,,26.0,0.0,0.0,,,,40.0,
GA,2020,12,47,2019-11-24,,,,33.0,0.0,0.0,,,,48.0,
GA,2020,31,14,2020-04-05,,,,33.0,0.0,50.0,,,,48.0,
GA,2020,32,15,2020-04-12,,,,33.0,0.0,73.0,,,,48.0,
GA,2020,33,16,2020-04-19,,,,33.0,0.0,85.0,,,,48.0,
GA,2020,34,17,2020-04-26,,,,33.0,0.0,91.0,,,,48.0,
GA,2020,35,18,2020-05-03,,,,33.0,4.0,95.0,,,,48.0,
GA,2020,36,19,2020-05-10,,,,33.0,20.0,95.0,,,,48.0,
GA,2020,37,20,2020-05-17,,,,33.0,31.0,95.0,,,,48.0,
GA,2020,38,21,2020-05-24,,,,33.0,37.0,95.0,,,,48.0,
GA,2020,39,22,2020-05-31,,,,33.0,55.0,95.0,,,,48.0,
GA,2020,40,23,2020-06-07,,,,33.0,75.0,95.0,,,,48.0,
GA,2020,41,24,2020-06-14,,,,33.0,88.0,95.0,,,,48.0,
GA,2020,42,25,2020-06-21,,,,33.0,93.0,95.0,,,,48.0,
GA,2020,43,26,2020-06-28,,,,33.0,96.0,95.0,,,,48.0,
GA,2021,5,40,2020-10-04,,,,0.0,0.0,0.0,,,,1.0,
GA,2021,6,41,2020-10-11,,,,0.0,0.0,0.0,,,,9.0,
GA,2021,7,42,2020-10-18,,,,0.0,0.0,0.0,,,,13.0,
GA,2021,8,43,2020-10-25,,,,0.0,0.0,0.0,,,,19.0,
GA,2021,9,44,2020-11-01,,,,4.0,0.0,0.0,,,,23.0,
GA,2021,10,45,2020-11-08,,,,12.0,0.0,0.0,,,,30.0,
GA,2021,11,46,2020-11-15,,,,20.0,0.0,0.0,,,,36.0,
GA,2021,12,47,2020-11-22,,,,34.0,0.0,0.0,,,,52.0,
GA,2021,13,48,2020-11-29,,,,48.0,0.0,0.0,,,,68.0,
GA,2021,30,13,2021-04-04,,,,48.0,0.0,38.0,,,,68.0,
GA,2021,31,14,2021-04-11,,,,48.0,0.0,61.0,,,,68.0,
GA,2021,32,15,2021-04-18,,,,48.0,0.0,74.0,,,,68.0,
GA,2021,33,16,2021-04-25,,,,48.0,0.0,86.0,,,,68.0,
GA,2021,34,17,2021-05-02,,,,48.0,2.0,92.0,,,,68.0,
GA,2021,35,18,2021-05-09,,,,48.0,8.0,95.0,,,,68.0,
GA,2021,36,19,2021-05-16,,,,48.0,15.0,95.0,,,,68.0,
GA,2021,37,20,2021-05-23,,,,48.0,31.0,95.0,,,,68.0,
GA,2021,38,21,2021-05-30,,,,48.0,60.0,95.0,,,,68.0,
GA,2021,39,22,2021-06-06,,,,48.0,82.0,95.0,,,,68.0,
GA,2021,40,23,2021-06-13,,,,48.0,88.0,95.0,,,,68.0,
GA,2021,41,24,2021-06-20,,,,48.0,93.0,95.0,,,,68.0,
GA,2021,42,25,2021-06-27,,,,48.0,95.0,95.0,,,,68.0,
GA,2022,4,39,2021-10-03,,,,0.0,0.0,0.0,,,,1.0,
GA,2022,5,40,2021-10-10,,,,0.0,0.0,0.0,,,,7.0,
GA,2022,6,41,2021-10-17,,,,0.0,0.0,0.0,,,,11.0,
GA,2022,7,42,2021-10-24,,,,0.0,0.0,0.0,,,,16.0,
GA,2022,8,43,2021-10-31,,,,3.0,0.0,0.0,,,,21.0,
GA,2022,9,44,2021-11-07,,,,12.0,0.0,0.0,,,,28.0,
GA,2022,10,45,2021-11-14,,,,21.0,0.0,0.0,,,,33.0,
GA,2022,11,46,2021-11-21,,,,35.0,0.0,0.0,,,,55.0,
GA,2022,12,47,2021-11-28,,,,43.0,0.0,0.0,,,,62.0,
GA,2022,30,13,2022-04-03,,,,43.0,0.0,39.0,,,,62.0,
GA,2022,31,14,2022-04-10,,,,43.0,0.0,60.0,,,,62.0,
GA,2022,32,15,2022-04-17,,,,43.0,0.0,74.0,,,,62.0,
GA,2022,33,16,2022-04-24,,,,43.0,0.0,84.0,,,,62.0,
GA,2022,34,17,2022-05-01,,,,43.0,0.0,90.0,,,,62.0,
GA,2022,35,18,2022-05-08,,,,43.0,7.0,96.0,,,,62.0,
GA,2022,36,19,2022-05-15,,,,43.0,15.0,96.0,,,,62.0,
GA,2022,37,20,2022-05-22,,,,43.0,29.0,96.0,,,,62.0,
GA,2022,38,21,2022-05-29,,,,43.0,44.0,96.0,,,,62.0,
GA,2022,39,22,2022-06-05,,,,43.0,72.0,96.0,,,,62.0,
GA,2022,40,23,2022-06-12,,,,43.0,87.0,96.0,,,,62.0,
GA,2022,41,24,2022-06-19,,,,43.0,96.0,96.0,,,,62.0,
GA,2023,3,38,2022-09-25,,,,0.0,0.0,0.0,,,,0.0,
GA,2023,4,39,2022-10-02,,,,0.0,0.0,0.0,,,,2.0,
GA,2023,5,40,2022-10-09,,,,0.0,0.0,0.0,,,,7.0,
GA,2023,6,41,2022-10-16,,,,0.0,0.0,0.0,,,,12.0,
GA,2023,7,42,2022-10-23,,,,0.0,0.0,0.0,,,,15.0,
GA,2023,8,43,2022-10-30,,,,3.0,0.0,0.0,,,,18.0,
GA,2023,9,44,2022-11-06,,,,8.0,0.0,0.0,,,,21.0,
GA,2023,10,45,2022-11-13,,,,14.0,0.0,0.0,,,,27.0,
GA,2023,11,46,2022-11-20,,,,23.0,0.0,0.0,,,,39.0,
GA,2023,12,47,2022-11-27,,,,30.0,0.0,0.0,,,,51.0,
GA,2023,30,13,2023-04-02,,,,30.0,0.0,43.0,,,,51.0,
GA,2023,31,14,2023-04-09,,,,30.0,0.0,65.0,,,,51.0,
GA,2023,32,15,2023-04-16,,,,30.0,0.0,78.0,,,,51.0,
GA,2023,33,16,2023-04-23,,,,30.0,0.0,87.0,,,,51.0,
GA,2023,34,17,2023-04-30,,,,30.0,0.0,94.0,,,,51.0,
GA,2023,35,18,2023-05-07,,,,30.0,7.0,96.0,,,,51.0,
GA,2023,36,19,2023-05-14,,,,30.0,13.0,96.0,,,,51.0,
GA,2023,37,20,2023-05-21,,,,30.0,24.0,96.0,,,,51.0,
GA,2023,38,21,2023-05-28,,,,30.0,37.0,96.0,,,,51.0,
GA,2023,39,22,2023-06-04,,,,30.0,66.0,96.0,,,,51.0,
GA,2023,40,23,2023-06-11,,,,30.0,84.0,96.0,,,,51.0,
GA,2023,41,24,2023-06-18,,,,30.0,91.0,96.0,,,,51.0,
GA,2023,42,25,2023-06-25,,,,30.0,95.0,96.0,,,,51.0,
GA,2024,3,38,2023-09-24,,,,0.0,0.0,0.0,,,,0.0,
GA,2024,4,39,2023-10-01,,,,0.0,0.0,0.0,,,,2.0,
GA,2024,5,40,2023-10-08,,,,0.0,0.0,0.0,,,,8.0,
GA,2024,6,41,2023-10-15,,,,0.0,0.0,0.0,,,,12.0,
GA,2024,7,42,2023-10-22,,,,0.0,0.0,0.0,,,,16.0,
GA,2024,8,43,2023-10-29,,,,2.0,0.0,0.0,,,,22.0,
GA,2024,9,44,2023-11-05,,,,10.0,0.0,0.0,,,,29.0,
GA,2024,10,45,2023-11-12,,,,14.0,0.0,0.0,,,,33.0,
GA,2024,11,46,2023-11-19,,,,20.0,0.0,0.0,,,,43.0,
GA,2024,12,47,2023-11-26,,,,32.0,0.0,0.0,,,,55.0,
GA,2024,30,13,2024-03-31,,,,100.0,0.0,37.0,,,,100.0,
GA,2024,31,14,2024-04-07,,,,100.0,0.0,64.0,,,,100.0,
GA,2024,32,15,2024-04-14,,,,100.0,0.0,79.0,,,,100.0,
GA,2024,33,16,2024-04-21,,,,100.0,0.0,87.0,,,,100.0,
GA,2024,34,17,2024-04-28,,,,100.0,0.0,92.0,,,,100.0,
GA,2024,35,18,2024-05-05,,,,100.0,4.0,95.0,,,,100.0,
GA,2024,36,19,2024-05-12,,,,100.0,22.0,98.0,,,,100.0,
GA,2024,37,20,2024-05-19,,,,100.0,34.0,100.0,,,,100.0,
GA,2024,38,21,2024-05-26,,,,100.0,43.0,100.0,,,,100.0,
GA,2024,39,22,2024-06-02,,,,100.0,58.0,100.0,,,,100.0,
GA,2024,40,23,2024-06-09,,,,100.0,77.0,100.0,,,,100.0,
GA,2024,41,24,2024-06-16,,,,100.0,87.0,100.0,,,,100.0,
GA,2024,42,25,2024-06-23,,,,100.0,94.0,100.0,,,,100.0,
GA,2024,43,26,2024-06-30,,,,100.0,98.0,100.0,,,,100.0,
GA,2025,3,38,2024-09-22,,,,0.0,0.0,0.0,,,,1.0,
GA,2025,4,39,2024-09-29,,,,0.0,0.0,0.0,,,,2.0,
GA,2025,5,40,2024-10-06,,,,0.0,0.0,0.0,,,,4.0,
GA,2025,6,41,2024-10-13,,,,0.0,0.0,0.0,,,,6.0,
GA,2025,7,42,2024-10-20,,,,0.0,0.0,0.0,,,,12.0,
GA,2025,8,43,2024-10-27,,,,1.0,0.0,0.0,,,,17.0,
GA,2025,9,44,2024-11-03,,,,8.0,0.0,0.0,,,,23.0,
GA,2025,10,45,2024-11-10,,,,17.0,0.0,0.0,,,,31.0,
GA,2025,11,46,2024-11-17,,,,28.0,0.0,0.0,,,,42.0,
GA,2025,12,47,2024-11-24,,,,41.0,0.0,0.0,,,,52.0,
GA,2025,31,14,2025-04-06,,,,41.0,0.0,43.0,,,,52.0,
GA,2025,32,15,2025-04-13,,,,41.0,0.0,65.0,,,,52.0,
GA,2025,33,16,2025-04-20,,,,41.0,0.0,80.0,,,,52.0,
GA,2025,34,17,2025-04-27,,,,41.0,0.0,88.0,,,,52.0,
GA,2025,35,18,2025-05-04,,,,41.0,4.0,95.0,,,,52.0,
GA,2025,36,19,2025-05-11,,,,41.0,14.0,95.0,,,,52.0,
GA,2025,37,20,2025-05-18,,,,41.0,24.0,95.0,,,,52.0,
GA,2025,38,21,2025-05-25,,,,41.0,44.0,95.0,,,,52.0,
GA,2025,39,22,2025-06-01,,,,41.0,67.0,95.0,,,,52.0,
GA,2025,40,23,2025-06-08,,,,41.0,82.0,95.0,,,,52.0,
GA,2025,41,24,2025-06-15,,,,41.0,88.0,95.0,,,,52.0,
GA,2025,42,25,2025-06-22,,,,41.0,94.0,95.0,,,,52.0,
GA,2025,43,26,2025-06-29,,,,41.0,97.0,95.0,,,,52.0,
GA,2026,3,38,2025-09-21,,,,0.0,0.0,0.0,,,,1.0,
GA,2026,4,39,2025-09-28,,,,0.0,0.0,0.0,,,,3.0,
GA,2026,11,46,2025-11-16,,,,21.0,0.0,0.0,,,,37.0,
GA,2026,12,47,2025-11-23,,,,36.0,0.0,0.0,,,,56.0,
ID,2016,2,37,2015-09-13,,,,0.0,0.0,0.0,,,,17.0,
ID,2016,3,38,2015-09-20,,,,4.0,0.0,0.0,,,,25.0,
ID,2016,4,39,2015-09-27,,,,9.0,0.0,0.0,,,,35.0,
ID,2016,5,40,2015-10-04,,,,32.0,0.0,0.0,,,,60.0,
ID,2016,6,41,2015-10-11,,,,38.0,0.0,0.0,,,,75.0,
ID,2016,7,42,2015-10-18,,,,62.0,0.0,0.0,,,,89.0,
ID,2016,8,43,2015-10-25,,,,69.0,0.0,0.0,,,,94.0,
ID,2016,9,44,2015-11-01,,,,79.0,0.0,0.0,,,,98.0,
ID,2016,10,45,2015-11-08,,,,86.0,0.0,0.0,,,,100.0,
ID,2016,11,46,2015-11-15,,,,87.0,0.0,0.0,,,,100.0,
ID,2016,12,47,2015-11-22,,,,91.0,0.0,0.0,,,,100.0,
ID,2016,13,48,2015-11-29,,,,95.0,0.0,0.0,,,,100.0,
ID,2016,30,13,2016-04-03,,,,95.0,0.0,0.0,,,,100.0,
ID,2016,31,14,2016-04-10,,,,95.0,0.0,0.0,,,,100.0,
ID,2016,32,15,2016-04-17,,,,95.0,0.0,1.0,,,,100.0,
ID,2016,33,16,2016-04-24,,,,95.0,0.0,3.0,,,,100.0,
ID,2016,34,17,2016-05-01,,,,95.0,0.0,4.0,,,,100.0,
ID,2016,35,18,2016-05-08,,,,95.0,0.0,5.0,,,,100.0,
ID,2016,36,19,2016-05-15,,,,95.0,0.0,10.0,,,,100.0,
ID,2016,37,20,2016-05-22,,,,95.0,0.0,19.0,,,,100.0,
ID,2016,38,21,2016-05-29,,,,95.0,0.0,30.0,,,,100.0,
ID,2016,39,22,2016-06-05,,,,95.0,0.0,59.0,,,,100.0,
ID,2016,40,23,2016-06-12,,,,95.0,0.0,79.0,,,,100.0,
ID,2016,41,24,2016-06-19,,,,95.0,0.0,93.0,,,,100.0,
ID,2016,42,25,2016-06-26,,,,95.0,0.0,95.0,,,,100.0,
ID,2016,43,26,2016-07-03,,,,95.0,1.0,95.0,,,,100.0,
ID,2016,44,27,2016-07-10,,,,95.0,2.0,95.0,,,,100.0,
ID,2016,45,28,2016-07-17,,,,95.0,5.0,95.0,,,,100.0,
ID,2016,46,29,2016-07-24,,,,95.0,10.0,95.0,,,,100.0,
ID,2016,47,30,2016-07-31,,,,95.0,21.0,95.0,,,,100.0,
ID,2016,48,31,2016-08-07,,,,95.0,55.0,95.0,,,,100.0,
ID,2016,49,32,2016-08-14,,,,95.0,72.0,95.0,,,,100.0,
ID,2016,50,33,2016-08-21,,,,95.0,75.0,95.0,,,,100.0,
ID,2016,51,34,2016-08-28,,,,95.0,89.0,95.0,,,,100.0,
ID,2016,52,35,2016-09-04,,,,95.0,96.0,95.0,,,,100.0,
ID,2017,1,36,2016-09-11,,,,0.0,0.0,0.0,,,,5.0,
ID,2017,2,37,2016-09-18,,,,9.0,0.0,0.0,,,,22.0,
ID,2017,3,38,2016-09-25,,,,19.0,0.0,0.0,,,,38.0,
ID,2017,4,39,2016-10-02,,,,29.0,0.0,0.0,,,,50.0,
ID,2017,5,40,2016-10-09,,,,49.0,0.0,0.0,,,,72.0,
ID,2017,6,41,2016-10-16,,,,67.0,0.0,0.0,,,,83.0,
ID,2017,7,42,2016-10-23,,,,76.0,0.0,0.0,,,,87.0,
ID,2017,8,43,2016-10-30,,,,79.0,0.0,0.0,,,,91.0,
ID,2017,9,44,2016-11-06,,,,82.0,0.0,0.0,,,,96.0,
ID,2017,10,45,2016-11-13,,,,91.0,0.0,0.0,,,,97.0,
ID,2017,11,46,2016-11-20,,,,93.0,0.0,0.0,,,,99.0,
ID,2017,12,47,2016-11-27,,,,97.0,0.0,0.0,,,,99.0,
ID,2017,31,14,2017-04-09,,,,97.0,0.0,0.0,,,,99.0,
ID,2017,32,15,2017-04-16,,,,97.0,0.0,0.0,,,,99.0,
ID,2017,33,16,2017-04-23,,,,97.0,0.0,0.0,,,,99.0,
ID,2017,34,17,2017-04-30,,,,97.0,0.0,1.0,,,,99.0,
ID,2017,35,18,2017-05-07,,,,97.0,0.0,2.0,,,,99.0,
ID,2017,36,19,2017-05-14,,,,97.0,0.0,3.0,,,,99.0,
ID,2017,37,20,2017-05-21,,,,97.0,0.0,4.0,,,,99.0,
ID,2017,38,21,2017-05-28,,,,97.0,0.0,7.0,,,,99.0,
ID,2017,39,22,2017-06-04,,,,97.0,0.0,25.0,,,,99.0,
ID,2017,40,23,2017-06-11,,,,97.0,0.0,28.0,,,,99.0,
ID,2017,41,24,2017-06-18,,,,97.0,0.0,66.0,,,,99.0,
ID,2017,42,25,2017-06-25,,,,97.0,0.0,75.0,,,,99.0,
ID,2017,43,26,2017-07-02,,,,97.0,0.0,95.0,,,,99.0,
ID,2017,44,27,2017-07-09,,,,97.0,0.0,95.0,,,,99.0,
ID,2017,45,28,2017-07-16,,,,97.0,6.0,95.0,,,,99.0,
ID,2017,46,29,2017-07-23,,,,97.0,11.0,95.0,,,,99.0,
ID,2017,47,30,2017-07-30,,,,97.0,17.0,95.0,,,,99.0,
ID,2017,48,31,2017-08-06,,,,97.0,52.0,95.0,,,,99.0,
ID,2017,49,32,2017-08-13,,,,97.0,84.0,95.0,,,,99.0,
ID,2017,50,33,2017-08-20,,,,97.0,91.0,95.0,,,,99.0,
ID,2017,51,34,2017-08-27,,,,97.0,95.0,95.0,,,,99.0,
ID,2017,52,35,2017-09-03,,,,97.0,98.0,95.0,,,,99.0,
ID,2018,1,36,2017-09-10,,,,0.0,0.0,0.0,,,,6.0,
ID,2018,2,37,2017-09-17,,,,0.0,0.0,0.0,,,,22.0,
ID,2018,3,38,2017-09-24,,,,2.0,0.0,0.0,,,,38.0,
ID,2018,4,39,2017-10-01,,,,13.0,0.0,0.0,,,,65.0,
ID,2018,5,40,2017-10-08,,,,37.0,0.0,0.0,,,,86.0,
ID,2018,6,41,2017-10-15,,,,50.0,0.0,0.0,,,,90.0,
ID,2018,7,42,2017-10-22,,,,58.0,0.0,0.0,,,,96.0,
ID,2018,8,43,2017-10-29,,,,82.0,0.0,0.0,,,,100.0,
ID,2018,9,44,2017-11-05,,,,92.0,0.0,0.0,,,,100.0,
ID,2018,10,45,2017-11-12,,,,93.0,0.0,0.0,,,,100.0,
ID,2018,11,46,2017-11-19,,,,96.0,0.0,0.0,,,,100.0,
ID,2018,12,47,2017-11-26,,,,98.0,0.0,0.0,,,,100.0,
ID,2018,31,14,2018-04-08,,,,98.0,0.0,0.0,,,,100.0,
ID,2018,32,15,2018-04-15,,,,98.0,0.0,0.0,,,,100.0,
ID,2018,33,16,2018-04-22,,,,98.0,0.0,1.0,,,,100.0,
ID,2018,34,17,2018-04-29,,,,98.0,0.0,2.0,,,,100.0,
ID,2018,35,18,2018-05-06,,,,98.0,0.0,4.0,,,,100.0,
ID,2018,36,19,2018-05-13,,,,98.0,0.0,9.0,,,,100.0,
ID,2018,37,20,2018-05-20,,,,98.0,0.0,13.0,,,,100.0,
ID,2018,38,21,2018-05-27,,,,98.0,0.0,31.0,,,,100.0,
ID,2018,39,22,2018-06-03,,,,98.0,0.0,46.0,,,,100.0,
ID,2018,40,23,2018-06-10,,,,98.0,0.0,71.0,,,,100.0,
ID,2018,41,24,2018-06-17,,,,98.0,0.0,86.0,,,,100.0,
ID,2018,42,25,2018-06-24,,,,98.0,0.0,95.0,,,,100.0,
ID,2018,43,26,2018-07-01,,,,98.0,0.0,95.0,,,,100.0,
ID,2018,44,27,2018-07-08,,,,98.0,1.0,95.0,,,,100.0,
ID,2018,45,28,2018-07-15,,,,98.0,5.0,95.0,,,,100.0,
ID,2018,46,29,2018-07-22,,,,98.0,12.0,95.0,,,,100.0,
ID,2018,47,30,2018-07-29,,,,98.0,24.0,95.0,,,,100.0,
ID,2018,48,31,2018-08-05,,,,98.0,48.0,95.0,,,,100.0,
ID,2018,49,32,2018-08-12,,,,98.0,70.0,95.0,,,,100.0,
ID,2018,50,33,2018-08-19,,,,98.0,89.0,95.0,,,,100.0,
ID,2018,51,34,2018-08-26,,,,98.0,97.0,95.0,,,,100.0,
ID,2018,52,35,2018-09-02,,,,98.0,98.0,95.0,,,,100.0,
ID,2019,1,36,2018-09-09,,,,0.0,0.0,0.0,,,,9.0,
ID,2019,2,37,2018-09-16,,,,0.0,0.0,0.0,,,,24.0,
ID,2019,3,38,2018-09-23,,,,5.0,0.0,0.0,,,,40.0,
ID,2019,4,39,2018-09-30,,,,14.0,0.0,0.0,,,,53.0,
ID,2019,5,40,2018-10-07,,,,35.0,0.0,0.0,,,,67.0,
ID,2019,6,41,2018-10-14,,,,48.0,0.0,0.0,,,,84.0,
ID,2019,7,42,2018-10-21,,,,61.0,0.0,0.0,,,,95.0,
ID,2019,8,43,2018-10-28,,,,77.0,0.0,0.0,,,,98.0,
ID,2019,9,44,2018-11-04,,,,88.0,0.0,0.0,,,,99.0,
ID,2019,10,45,2018-11-11,,,,90.0,0.0,0.0,,,,100.0,
ID,2019,11,46,2018-11-18,,,,93.0,0.0,0.0,,,,100.0,
ID,2019,12,47,2018-11-25,,,,99.0,0.0,0.0,,,,100.0,
ID,2019,31,14,2019-04-07,,,,99.0,0.0,0.0,,,,100.0,
ID,2019,32,15,2019-04-14,,,,99.0,0.0,0.0,,,,100.0,
ID,2019,33,16,2019-04-21,,,,99.0,0.0,0.0,,,,100.0,
ID,2019,34,17,2019-04-28,,,,99.0,0.0,1.0,,,,100.0,
ID,2019,35,18,2019-05-05,,,,99.0,0.0,2.0,,,,100.0,
ID,2019,36,19,2019-05-12,,,,99.0,0.0,3.0,,,,100.0,
ID,2019,37,20,2019-05-19,,,,99.0,0.0,7.0,,,,100.0,
ID,2019,38,21,2019-05-26,,,,99.0,0.0,10.0,,,,100.0,
ID,2019,39,22,2019-06-02,,,,99.0,0.0,32.0,,,,100.0,
ID,2019,40,23,2019-06-09,,,,99.0,0.0,50.0,,,,100.0,
ID,2019,41,24,2019-06-16,,,,99.0,0.0,74.0,,,,100.0,
ID,2019,42,25,2019-06-23,,,,99.0,0.0,89.0,,,,100.0,
ID,2019,43,26,2019-06-30,,,,99.0,0.0,96.0,,,,100.0,
ID,2019,44,27,2019-07-07,,,,99.0,0.0,96.0,,,,100.0,
ID,2019,45,28,2019-07-14,,,,99.0,1.0,96.0,,,,100.0,
ID,2019,46,29,2019-07-21,,,,99.0,2.0,96.0,,,,100.0,
ID,2019,47,30,2019-07-28,,,,99.0,6.0,96.0,,,,100.0,
ID,2019,48,31,2019-08-04,,,,99.0,15.0,96.0,,,,100.0,
ID,2019,49,32,2019-08-11,,,,99.0,36.0,96.0,,,,100.0,
ID,2019,50,33,2019-08-18,,,,99.0,60.0,96.0,,,,100.0,
ID,2019,51,34,2019-08-25,,,,99.0,86.0,96.0,,,,100.0,
ID,2019,52,35,2019-09-01,,,,99.0,96.0,96.0,,,,0.0,
ID,2020,1,36,2019-09-08,,,,0.0,0.0,0.0,,,,2.0,
ID,2020,2,37,2019-09-15,,,,0.0,0.0,0.0,,,,13.0,
ID,2020,3,38,2019-09-22,,,,3.0,0.0,0.0,,,,27.0,
ID,2020,4,39,2019-09-29,,,,12.0,0.0,0.0,,,,43.0,
ID,2020,5,40,2019-10-06,,,,27.0,0.0,0.0,,,,58.0,
ID,2020,6,41,2019-10-13,,,,39.0,0.0,0.0,,,,72.0,
ID,2020,7,42,2019-10-20,,,,50.0,0.0,0.0,,,,83.0,
ID,2020,8,43,2019-10-27,,,,72.0,0.0,0.0,,,,95.0,
ID,2020,9,44,2019-11-03,,,,77.0,0.0,0.0,,,,99.0,
ID,2020,10,45,2019-11-10,,,,92.0,0.0,0.0,,,,100.0,
ID,2020,11,46,2019-11-17,,,,95.0,0.0,0.0,,,,100.0,
ID,2020,12,47,2019-11-24,,,,98.0,0.0,0.0,,,,100.0,
ID,2020,32,15,2020-04-12,,,,98.0,0.0,0.0,,,,100.0,
ID,2020,33,16,2020-04-19,,,,98.0,0.0,0.0,,,,100.0,
ID,2020,34,17,2020-04-26,,,,98.0,0.0,0.0,,,,100.0,
ID,2020,35,18,2020-05-03,,,,98.0,0.0,1.0,,,,100.0,
ID,2020,36,19,2020-05-10,,,,98.0,0.0,4.0,,,,100.0,
ID,2020,37,20,2020-05-17,,,,98.0,0.0,11.0,,,,100.0,
ID,2020,38,21,2020-05-24,,,,98.0,0.0,14.0,,,,100.0,
ID,2020,39,22,2020-05-31,,,,98.0,0.0,16.0,,,,100.0,
ID,2020,40,23,2020-06-07,,,,98.0,0.0,33.0,,,,100.0,
ID,2020,41,24,2020-06-14,,,,98.0,0.0,58.0,,,,100.0,
ID,2020,42,25,2020-06-21,,,,98.0,0.0,92.0,,,,100.0,
ID,2020,43,26,2020-06-28,,,,98.0,0.0,96.0,,,,100.0,
ID,2020,44,27,2020-07-05,,,,98.0,1.0,96.0,,,,100.0,
ID,2020,45,28,2020-07-12,,,,98.0,2.0,96.0,,,,100.0,
ID,2020,46,29,2020-07-19,,,,98.0,6.0,96.0,,,,100.0,
ID,2020,47,30,2020-07-26,,,,98.0,13.0,96.0,,,,100.0,
ID,2020,48,31,2020-08-02,,,,98.0,21.0,96.0,,,,100.0,
ID,2020,49,32,2020-08-09,,,,98.0,35.0,96.0,,,,100.0,
ID,2020,50,33,2020-08-16,,,,98.0,60.0,96.0,,,,100.0,
ID,2020,51,34,2020-08-23,,,,98.0,83.0,96.0,,,,100.0,
ID,2020,52,35,2020-08-30,,,,98.0,94.0,96.0,,,,3.0,
ID,2021,1,36,2020-09-06,,,,0.0,99.0,0.0,,,,5.0,
ID,2021,2,37,2020-09-13,,,,0.0,99.0,0.0,,,,9.0,
ID,2021,3,38,2020-09-20,,,,3.0,99.0,0.0,,,,22.0,
ID,2021,4,39,2020-09-27,,,,9.0,99.0,0.0,,,,37.0,
ID,2021,5,40,2020-10-04,,,,23.0,99.0,0.0,,,,59.0,
ID,2021,6,41,2020-10-11,,,,39.0,99.0,0.0,,,,79.0,
ID,2021,7,42,2020-10-18,,,,51.0,99.0,0.0,,,,91.0,
ID,2021,8,43,2020-10-25,,,,61.0,99.0,0.0,,,,98.0,
ID,2021,9,44,2020-11-01,,,,77.0,99.0,0.0,,,,99.0,
ID,2021,10,45,2020-11-08,,,,86.0,99.0,0.0,,,,100.0,
ID,2021,11,46,2020-11-15,,,,94.0,99.0,0.0,,,,100.0,
ID,2021,12,47,2020-11-22,,,,95.0,99.0,0.0,,,,100.0,
ID,2021,13,48,2020-11-29,,,,98.0,99.0,0.0,,,,100.0,
ID,2021,30,13,2021-04-04,,,,98.0,99.0,0.0,,,,100.0,
ID,2021,31,14,2021-04-11,,,,98.0,99.0,0.0,,,,100.0,
ID,2021,32,15,2021-04-18,,,,98.0,99.0,0.0,,,,100.0,
ID,2021,33,16,2021-04-25,,,,98.0,99.0,0.0,,,,100.0,
ID,2021,34,17,2021-05-02,,,,98.0,99.0,1.0,,,,100.0,
ID,2021,35,18,2021-05-09,,,,98.0,99.0,2.0,,,,100.0,
ID,2021,36,19,2021-05-16,,,,98.0,99.0,4.0,,,,100.0,
ID,2021,37,20,2021-05-23,,,,98.0,99.0,6.0,,,,100.0,
ID,2021,38,21,2021-05-30,,,,98.0,99.0,19.0,,,,100.0,
ID,2021,39,22,2021-06-06,,,,98.0,0.0,29.0,,,,100.0,
ID,2021,40,23,2021-06-13,,,,98.0,0.0,55.0,,,,100.0,
ID,2021,41,24,2021-06-20,,,,98.0,0.0,84.0,,,,100.0,
ID,2021,42,25,2021-06-27,,,,98.0,0.0,89.0,,,,100.0,
ID,2021,43,26,2021-07-04,,,,98.0,1.0,96.0,,,,100.0,
ID,2021,44,27,2021-07-11,,,,98.0,7.0,96.0,,,,100.0,
ID,2021,45,28,2021-07-18,,,,98.0,15.0,96.0,,,,100.0,
ID,2021,46,29,2021-07-25,,,,98.0,29.0,96.0,,,,100.0,
ID,2021,47,30,2021-08-01,,,,98.0,47.0,96.0,,,,100.0,
ID,2021,48,31,2021-08-08,,,,98.0,71.0,96.0,,,,100.0,
ID,2021,49,32,2021-08-15,,,,98.0,86.0,96.0,,,,100.0,
ID,2021,50,33,2021-08-22,,,,98.0,95.0,96.0,,,,100.0,
ID,2021,51,34,2021-08-29,,,,98.0,95.0,96.0,,,,3.0,
ID,2021,52,35,2021-09-05,,,,98.0,95.0,96.0,,,,9.0,
ID,2022,1,36,2021-09-12,,,,0.0,0.0,0.0,,,,16.0,
ID,2022,2,37,2021-09-19,,,,4.0,0.0,0.0,,,,34.0,
ID,2022,3,38,2021-09-26,,,,15.0,0.0,0.0,,,,54.0,
ID,2022,4,39,2021-10-03,,,,27.0,0.0,0.0,,,,67.0,
ID,2022,5,40,2021-10-10,,,,45.0,0.0,0.0,,,,89.0,
ID,2022,6,41,2021-10-17,,,,58.0,0.0,0.0,,,,96.0,
ID,2022,7,42,2021-10-24,,,,70.0,0.0,0.0,,,,98.0,
ID,2022,8,43,2021-10-31,,,,85.0,0.0,0.0,,,,99.0,
ID,2022,9,44,2021-11-07,,,,92.0,0.0,0.0,,,,100.0,
ID,2022,10,45,2021-11-14,,,,95.0,0.0,0.0,,,,100.0,
ID,2022,11,46,2021-11-21,,,,97.0,0.0,0.0,,,,100.0,
ID,2022,12,47,2021-11-28,,,,99.0,0.0,0.0,,,,100.0,
ID,2022,30,13,2022-04-03,,,,99.0,0.0,0.0,,,,100.0,
ID,2022,31,14,2022-04-10,,,,99.0,0.0,0.0,,,,100.0,
ID,2022,32,15,2022-04-17,,,,99.0,0.0,0.0,,,,100.0,
ID,2022,33,16,2022-04-24,,,,99.0,0.0,0.0,,,,100.0,
ID,2022,34,17,2022-05-01,,,,99.0,0.0,0.0,,,,100.0,
ID,2022,35,18,2022-05-08,,,,99.0,0.0,1.0,,,,100.0,
ID,2022,36,19,2022-05-15,,,,99.0,0.0,3.0,,,,100.0,
ID,2022,37,20,2022-05-22,,,,99.0,0.0,8.0,,,,100.0,
ID,2022,38,21,2022-05-29,,,,99.0,0.0,14.0,,,,100.0,
ID,2022,39,22,2022-06-05,,,,99.0,0.0,22.0,,,,100.0,
ID,2022,40,23,2022-06-12,,,,99.0,0.0,32.0,,,,100.0,
ID,2022,41,24,2022-06-19,,,,99.0,0.0,44.0,,,,100.0,
ID,2022,42,25,2022-06-26,,,,99.0,0.0,75.0,,,,100.0,
ID,2022,43,26,2022-07-03,,,,99.0,0.0,96.0,,,,100.0,
ID,2022,44,27,2022-07-10,,,,99.0,0.0,96.0,,,,100.0,
ID,2022,45,28,2022-07-17,,,,99.0,1.0,96.0,,,,100.0,
ID,2022,46,29,2022-07-24,,,,99.0,2.0,96.0,,,,100.0,
ID,2022,47,30,2022-07-31,,,,99.0,14.0,96.0,,,,100.0,
ID,2022,48,31,2022-08-07,,,,99.0,20.0,96.0,,,,100.0,
ID,2022,49,32,2022-08-14,,,,99.0,28.0,96.0,,,,100.0,
ID,2022,50,33,2022-08-21,,,,99.0,45.0,96.0,,,,100.0,
ID,2022,51,34,2022-08-28,,,,99.0,67.0,96.0,,,,100.0,
ID,2022,52,35,2022-09-04,,,,99.0,91.0,96.0,,,,1.0,
ID,2023,1,36,2022-09-11,,,,0.0,96.0,0.0,,,,12.0,
ID,2023,2,37,2022-09-18,,,,1.0,96.0,0.0,,,,17.0,
ID,2023,3,38,2022-09-25,,,,5.0,96.0,0.0,,,,34.0,
ID,2023,4,39,2022-10-02,,,,10.0,96.0,0.0,,,,49.0,
ID,2023,5,40,2022-10-09,,,,23.0,96.0,0.0,,,,72.0,
ID,2023,6,41,2022-10-16,,,,40.0,96.0,0.0,,,,83.0,
ID,2023,7,42,2022-10-23,,,,57.0,96.0,0.0,,,,92.0,
ID,2023,8,43,2022-10-30,,,,75.0,96.0,0.0,,,,95.0,
ID,2023,9,44,2022-11-06,,,,88.0,96.0,0.0,,,,99.0,
ID,2023,10,45,2022-11-13,,,,91.0,96.0,0.0,,,,100.0,
ID,2023,11,46,2022-11-20,,,,95.0,96.0,0.0,,,,100.0,
ID,2023,12,47,2022-11-27,,,,97.0,96.0,0.0,,,,100.0,
ID,2023,30,13,2023-04-02,,,,97.0,96.0,0.0,,,,100.0,
ID,2023,31,14,2023-04-09,,,,97.0,96.0,0.0,,,,100.0,
ID,2023,32,15,2023-04-16,,,,97.0,96.0,0.0,,,,100.0,
ID,2023,33,16,2023-04-23,,,,97.0,96.0,0.0,,,,100.0,
ID,2023,34,17,2023-04-30,,,,97.0,96.0,0.0,,,,100.0,
ID,2023,35,18,2023-05-07,,,,97.0,96.0,0.0,,,,100.0,
ID,2023,36,19,2023-05-14,,,,97.0,96.0,1.0,,,,100.0,
ID,2023,37,20,2023-05-21,,,,97.0,96.0,2.0,,,,100.0,
ID,2023,38,21,2023-05-28,,,,97.0,96.0,8.0,,,,100.0,
ID,2023,39,22,2023-06-04,,,,97.0,0.0,33.0,,,,100.0,
ID,2023,40,23,2023-06-11,,,,97.0,0.0,53.0,,,,100.0,
ID,2023,41,24,2023-06-18,,,,97.0,0.0,69.0,,,,100.0,
ID,2023,42,25,2023-06-25,,,,97.0,0.0,77.0,,,,100.0,
ID,2023,43,26,2023-07-02,,,,97.0,0.0,97.0,,,,100.0,
ID,2023,44,27,2023-07-09,,,,97.0,1.0,97.0,,,,100.0,
ID,2023,45,28,2023-07-16,,,,97.0,5.0,97.0,,,,100.0,
ID,2023,46,29,2023-07-23,,,,97.0,12.0,97.0,,,,100.0,
ID,2023,47,30,2023-07-30,,,,97.0,21.0,97.0,,,,100.0,
ID,2023,48,31,2023-08-06,,,,97.0,31.0,97.0,,,,100.0,
ID,2023,49,32,2023-08-13,,,,97.0,49.0,97.0,,,,100.0,
ID,2023,50,33,2023-08-20,,,,97.0,70.0,97.0,,,,100.0,
ID,2023,51,34,2023-08-27,,,,97.0,83.0,97.0,,,,0.0,
ID,2023,52,35,2023-09-03,,,,97.0,93.0,97.0,,,,1.0,
ID,2024,1,36,2023-09-10,,,,0.0,98.0,0.0,,,,10.0,
ID,2024,2,37,2023-09-17,,,,1.0,98.0,0.0,,,,13.0,
ID,2024,3,38,2023-09-24,,,,3.0,98.0,0.0,,,,18.0,
ID,2024,4,39,2023-10-01,,,,8.0,98.0,0.0,,,,35.0,
ID,2024,5,40,2023-10-08,,,,20.0,98.0,0.0,,,,70.0,
ID,2024,6,41,2023-10-15,,,,36.0,98.0,0.0,,,,84.0,
ID,2024,7,42,2023-10-22,,,,55.0,98.0,0.0,,,,97.0,
ID,2024,8,43,2023-10-29,,,,79.0,98.0,0.0,,,,100.0,
ID,2024,9,44,2023-11-05,,,,93.0,98.0,0.0,,,,100.0,
ID,2024,10,45,2023-11-12,,,,99.0,98.0,0.0,,,,100.0,
ID,2024,11,46,2023-11-19,,,,100.0,98.0,0.0,,,,100.0,
ID,2024,12,47,2023-11-26,,,,100.0,98.0,0.0,,,,100.0,
ID,2024,30,13,2024-03-31,,,,100.0,98.0,0.0,,,,100.0,
ID,2024,31,14,2024-04-07,,,,100.0,98.0,0.0,,,,100.0,
ID,2024,32,15,2024-04-14,,,,100.0,98.0,0.0,,,,100.0,
ID,2024,33,16,2024-04-21,,,,100.0,98.0,0.0,,,,100.0,
ID,2024,34,17,2024-04-28,,,,100.0,98.0,0.0,,,,100.0,
ID,2024,35,18,2024-05-05,,,,100.0,98.0,0.0,,,,100.0,
ID,2024,36,19,2024-05-12,,,,100.0,98.0,0.0,,,,100.0,
ID,2024,37,20,2024-05-19,,,,100.0,98.0,4.0,,,,100.0,
ID,2024,38,21,2024-05-26,,,,100.0,98.0,8.0,,,,100.0,
ID,2024,39,22,2024-06-02,,,,100.0,0.0,18.0,,,,100.0,
ID,2024,40,23,2024-06-09,,,,100.0,0.0,43.0,,,,100.0,
ID,2024,41,24,2024-06-16,,,,100.0,0.0,61.0,,,,100.0,
ID,2024,42,25,2024-06-23,,,,100.0,0.0,80.0,,,,100.0,
ID,2024,43,26,2024-06-30,,,,100.0,0.0,95.0,,,,100.0,
ID,2024,44,27,2024-07-07,,,,100.0,1.0,95.0,,,,100.0,
ID,2024,45,28,2024-07-14,,,,100.0,3.0,95.0,,,,100.0,
ID,2024,46,29,2024-07-21,,,,100.0,7.0,95.0,,,,100.0,
ID,2024,47,30,2024-07-28,,,,100.0,14.0,95.0,,,,100.0,
ID,2024,48,31,2024-08-04,,,,100.0,26.0,95.0,,,,100.0,
ID,2024,49,32,2024-08-11,,,,100.0,48.0,95.0,,,,100.0,
ID,2024,50,33,2024-08-18,,,,100.0,72.0,95.0,,,,100.0,
ID,2024,51,34,2024-08-25,,,,100.0,90.0,95.0,,,,1.0,
ID,2024,52,35,2024-09-01,,,,100.0,97.0,95.0,,,,4.0,
ID,2025,1,36,2024-09-08,,,,0.0,0.0,0.0,,,,6.0,
ID,2025,2,37,2024-09-15,,,,1.0,0.0,0.0,,,,11.0,
ID,2025,3,38,2024-09-22,,,,2.0,0.0,0.0,,,,19.0,
ID,2025,4,39,2024-09-29,,,,8.0,0.0,0.0,,,,44.0,
ID,2025,5,40,2024-10-06,,,,14.0,0.0,0.0,,,,65.0,
ID,2025,6,41,2024-10-13,,,,39.0,0.0,0.0,,,,77.0,
ID,2025,7,42,2024-10-20,,,,53.0,0.0,0.0,,,,90.0,
ID,2025,8,43,2024-10-27,,,,69.0,0.0,0.0,,,,94.0,
ID,2025,9,44,2024-11-03,,,,83.0,0.0,0.0,,,,99.0,
ID,2025,10,45,2024-11-10,,,,89.0,0.0,0.0,,,,100.0,
ID,2025,11,46,2024-11-17,,,,95.0,0.0,0.0,,,,100.0,
ID,2025,12,47,2024-11-24,,,,98.0,0.0,0.0,,,,100.0,
ID,2025,31,14,2025-04-06,,,,98.0,0.0,0.0,,,,100.0,
ID,2025,32,15,2025-04-13,,,,98.0,0.0,0.0,,,,100.0,
ID,2025,33,16,2025-04-20,,,,98.0,0.0,0.0,,,,100.0,
ID,2025,34,17,2025-04-27,,,,98.0,0.0,0.0,,,,100.0,
ID,2025,35,18,2025-05-04,,,,98.0,0.0,0.0,,,,100.0,
ID,2025,36,19,2025-05-11,,,,98.0,0.0,1.0,,,,100.0,
ID,2025,37,20,2025-05-18,,,,98.0,0.0,3.0,,,,100.0,
ID,2025,38,21,2025-05-25,,,,98.0,0.0,16.0,,,,100.0,
ID,2025,39,22,2025-06-01,,,,98.0,0.0,36.0,,,,100.0,
ID,2025,40,23,2025-06-08,,,,98.0,0.0,55.0,,,,100.0,
ID,2025,41,24,2025-06-15,,,,98.0,0.0,70.0,,,,100.0,
ID,2025,42,25,2025-06-22,,,,98.0,0.0,93.0,,,,100.0,
ID,2025,43,26,2025-06-29,,,,98.0,0.0,97.0,,,,100.0,
ID,2025,44,27,2025-07-06,,,,98.0,2.0,97.0,,,,100.0,
ID,2025,45,28,2025-07-13,,,,98.0,4.0,97.0,,,,100.0,
ID,2025,46,29,2025-07-20,,,,98.0,12.0,97.0,,,,100.0,
ID,2025,47,30,2025-07-27,,,,98.0,19.0,97.0,,,,100.0,
ID,2025,48,31,2025-08-03,,,,98.0,33.0,97.0,,,,100.0,
ID,2025,49,32,2025-08-10,,,,98.0,50.0,97.0,,,,100.0,
ID,2025,50,33,2025-08-17,,,,98.0,72.0,97.0,,,,100.0,
ID,2025,51,34,2025-08-24,,,,98.0,92.0,97.0,,,,0.0,
ID,2025,52,35,2025-08-31,,,,98.0,97.0,97.0,,,,1.0,
ID,2026,1,36,2025-09-07,,,,0.0,0.0,0.0,,,,5.0,
ID,2026,2,37,2025-09-14,,,,1.0,0.0,0.0,,,,12.0,
ID,2026,3,38,2025-09-21,,,,5.0,0.0,0.0,,,,22.0,
ID,2026,4,39,2025-09-28,,,,10.0,0.0,0.0,,,,40.0,
ID,2026,11,46,2025-11-16,,,,95.0,0.0,0.0,,,,100.0,
ID,2026,12,47,2025-11-23,,,,98.0,0.0,0.0,,,,100.0,
IL,2016,1,36,2015-09-06,,,,0.0,0.0,0.0,,,,0.0,
IL,2016,2,37,2015-09-13,,,,0.0,0.0,0.0,,,,0.0,
IL,2016,3,38,2015-09-20,,,,0.0,0.0,0.0,,,,3.0,
IL,2016,4,39,2015-09-27,,,,0.0,0.0,0.0,,,,4.0,
IL,2016,5,40,2015-10-04,,,,5.0,0.0,0.0,,,,22.0,
IL,2016,6,41,2015-10-11,,,,13.0,0.0,0.0,,,,41.0,
IL,2016,7,42,2015-10-18,,,,33.0,0.0,0.0,,,,63.0,
IL,2016,8,43,2015-10-25,,,,55.0,0.0,0.0,,,,84.0,
IL,2016,9,44,2015-11-01,,,,69.0,0.0,0.0,,,,89.0,
IL,2016,10,45,2015-11-08,,,,86.0,0.0,0.0,,,,96.0,
IL,2016,11,46,2015-11-15,,,,90.0,0.0,0.0,,,,100.0,
IL,2016,12,47,2015-11-22,,,,95.0,0.0,0.0,,,,100.0,
IL,2016,13,48,2015-11-29,,,,100.0,0.0,0.0,,,,100.0,
IL,2016,31,14,2016-04-10,,,,100.0,0.0,1.0,,,,100.0,
IL,2016,32,15,2016-04-17,,,,100.0,0.0,1.0,,,,100.0,
IL,2016,33,16,2016-04-24,,,,100.0,0.0,2.0,,,,100.0,
IL,2016,34,17,2016-05-01,,,,100.0,0.0,29.0,,,,100.0,
IL,2016,35,18,2016-05-08,,,,100.0,0.0,65.0,,,,100.0,
IL,2016,36,19,2016-05-15,,,,100.0,0.0,80.0,,,,100.0,
IL,2016,37,20,2016-05-22,,,,100.0,0.0,88.0,,,,100.0,
IL,2016,38,21,2016-05-29,,,,100.0,0.0,94.0,,,,100.0,
IL,2016,39,22,2016-06-05,,,,100.0,0.0,98.0,,,,100.0,
IL,2016,40,23,2016-06-12,,,,100.0,1.0,100.0,,,,100.0,
IL,2016,41,24,2016-06-19,,,,100.0,38.0,100.0,,,,100.0,
IL,2016,42,25,2016-06-26,,,,100.0,76.0,100.0,,,,100.0,
IL,2016,43,26,2016-07-03,,,,100.0,90.0,100.0,,,,100.0,
IL,2016,44,27,2016-07-10,,,,100.0,95.0,100.0,,,,100.0,
IL,2016,45,28,2016-07-17,,,,100.0,97.0,100.0,,,,100.0,
IL,2016,46,29,2016-07-24,,,,100.0,99.0,100.0,,,,100.0,
IL,2016,47,30,2016-07-31,,,,100.0,99.0,100.0,,,,100.0,
IL,2016,48,31,2016-08-07,,,,100.0,100.0,100.0,,,,100.0,
IL,2016,49,32,2016-08-14,,,,100.0,100.0,100.0,,,,100.0,
IL,2017,1,36,2016-09-11,,,,0.0,0.0,0.0,,,,0.0,
IL,2017,2,37,2016-09-18,,,,0.0,0.0,0.0,,,,0.0,
IL,2017,3,38,2016-09-25,,,,0.0,0.0,0.0,,,,1.0,
IL,2017,4,39,2016-10-02,,,,0.0,0.0,0.0,,,,6.0,
IL,2017,5,40,2016-10-09,,,,3.0,0.0,0.0,,,,20.0,
IL,2017,6,41,2016-10-16,,,,14.0,0.0,0.0,,,,43.0,
IL,2017,7,42,2016-10-23,,,,38.0,0.0,0.0,,,,68.0,
IL,2017,8,43,2016-10-30,,,,63.0,0.0,0.0,,,,85.0,
IL,2017,9,44,2016-11-06,,,,78.0,0.0,0.0,,,,93.0,
IL,2017,10,45,2016-11-13,,,,85.0,0.0,0.0,,,,95.0,
IL,2017,11,46,2016-11-20,,,,90.0,0.0,0.0,,,,100.0,
IL,2017,12,47,2016-11-27,,,,96.0,0.0,0.0,,,,100.0,
IL,2017,31,14,2017-04-09,,,,96.0,0.0,2.0,,,,100.0,
IL,2017,32,15,2017-04-16,,,,96.0,0.0,3.0,,,,100.0,
IL,2017,33,16,2017-04-23,,,,96.0,0.0,28.0,,,,100.0,
IL,2017,34,17,2017-04-30,,,,96.0,0.0,67.0,,,,100.0,
IL,2017,35,18,2017-05-07,,,,96.0,0.0,78.0,,,,100.0,
IL,2017,36,19,2017-05-14,,,,96.0,0.0,86.0,,,,100.0,
IL,2017,37,20,2017-05-21,,,,96.0,0.0,94.0,,,,100.0,
IL,2017,38,21,2017-05-28,,,,96.0,0.0,98.0,,,,100.0,
IL,2017,39,22,2017-06-04,,,,96.0,1.0,100.0,,,,100.0,
IL,2017,40,23,2017-06-11,,,,96.0,24.0,100.0,,,,100.0,
IL,2017,41,24,2017-06-18,,,,96.0,65.0,100.0,,,,100.0,
IL,2017,42,25,2017-06-25,,,,96.0,78.0,100.0,,,,100.0,
IL,2017,43,26,2017-07-02,,,,96.0,90.0,100.0,,,,100.0,
IL,2017,44,27,2017-07-09,,,,96.0,95.0,100.0,,,,100.0,
IL,2017,45,28,2017-07-16,,,,96.0,100.0,100.0,,,,100.0,
IL,2017,46,29,2017-07-23,,,,96.0,100.0,100.0,,,,100.0,
IL,2017,47,30,2017-07-30,,,,96.0,100.0,100.0,,,,100.0,
IL,2017,48,31,2017-08-06,,,,96.0,100.0,100.0,,,,100.0,
IL,2017,49,32,2017-08-13,,,,96.0,100.0,100.0,,,,100.0,
IL,2018,1,36,2017-09-10,,,,0.0,0.0,0.0,,,,0.0,
IL,2018,2,37,2017-09-17,,,,0.0,0.0,0.0,,,,0.0,
IL,2018,3,38,2017-09-24,,,,0.0,0.0,0.0,,,,0.0,
IL,2018,4,39,2017-10-01,,,,0.0,0.0,0.0,,,,9.0,
IL,2018,5,40,2017-10-08,,,,1.0,0.0,0.0,,,,30.0,
IL,2018,6,41,2017-10-15,,,,13.0,0.0,0.0,,,,51.0,
IL,2018,7,42,2017-10-22,,,,38.0,0.0,0.0,,,,70.0,
IL,2018,8,43,2017-10-29,,,,54.0,0.0,0.0,,,,76.0,
IL,2018,9,44,2017-11-05,,,,73.0,0.0,0.0,,,,90.0,
IL,2018,10,45,2017-11-12,,,,85.0,0.0,0.0,,,,95.0,
IL,2018,11,46,2017-11-19,,,,92.0,0.0,0.0,,,,95.0,
IL,2018,12,47,2017-11-26,,,,95.0,0.0,0.0,,,,95.0,
IL,2018,30,13,2018-04-01,,,,95.0,0.0,2.0,,,,95.0,
IL,2018,31,14,2018-04-08,,,,95.0,0.0,3.0,,,,95.0,
IL,2018,32,15,2018-04-15,,,,95.0,0.0,3.0,,,,95.0,
IL,2018,33,16,2018-04-22,,,,95.0,0.0,4.0,,,,95.0,
IL,2018,34,17,2018-04-29,,,,95.0,0.0,5.0,,,,95.0,
IL,2018,35,18,2018-05-06,,,,95.0,0.0,14.0,,,,95.0,
IL,2018,36,19,2018-05-13,,,,95.0,0.0,48.0,,,,95.0,
IL,2018,37,20,2018-05-20,,,,95.0,0.0,74.0,,,,95.0,
IL,2018,38,21,2018-05-27,,,,95.0,0.0,93.0,,,,95.0,
IL,2018,39,22,2018-06-03,,,,95.0,0.0,98.0,,,,95.0,
IL,2018,40,23,2018-06-10,,,,95.0,1.0,100.0,,,,95.0,
IL,2018,41,24,2018-06-17,,,,95.0,30.0,100.0,,,,95.0,
IL,2018,42,25,2018-06-24,,,,95.0,66.0,100.0,,,,95.0,
IL,2018,43,26,2018-07-01,,,,95.0,83.0,100.0,,,,95.0,
IL,2018,44,27,2018-07-08,,,,95.0,92.0,100.0,,,,95.0,
IL,2018,45,28,2018-07-15,,,,95.0,97.0,100.0,,,,95.0,
IL,2018,46,29,2018-07-22,,,,95.0,100.0,100.0,,,,95.0,
IL,2018,47,30,2018-07-29,,,,95.0,100.0,100.0,,,,95.0,
IL,2018,48,31,2018-08-05,,,,95.0,100.0,100.0,,,,95.0,
IL,2018,49,32,2018-08-12,,,,95.0,100.0,100.0,,,,95.0,
IL,2018,50,33,2018-08-19,,,,95.0,100.0,100.0,,,,95.0,
IL,2019,1,36,2018-09-09,,,,0.0,0.0,0.0,,,,0.0,
IL,2019,2,37,2018-09-16,,,,0.0,0.0,0.0,,,,0.0,
IL,2019,3,38,2018-09-23,,,,0.0,0.0,0.0,,,,2.0,
IL,2019,4,39,2018-09-30,,,,0.0,0.0,0.0,,,,8.0,
IL,2019,5,40,2018-10-07,,,,3.0,0.0,0.0,,,,22.0,
IL,2019,6,41,2018-10-14,,,,15.0,0.0,0.0,,,,36.0,
IL,2019,7,42,2018-10-21,,,,29.0,0.0,0.0,,,,53.0,
IL,2019,8,43,2018-10-28,,,,50.0,0.0,0.0,,,,74.0,
IL,2019,9,44,2018-11-04,,,,66.0,0.0,0.0,,,,85.0,
IL,2019,10,45,2018-11-11,,,,74.0,0.0,0.0,,,,90.0,
IL,2019,11,46,2018-11-18,,,,84.0,0.0,0.0,,,,95.0,
IL,2019,12,47,2018-11-25,,,,86.0,0.0,0.0,,,,100.0,
IL,2019,30,13,2019-03-31,,,,86.0,0.0,0.0,,,,100.0,
IL,2019,31,14,2019-04-07,,,,86.0,0.0,1.0,,,,100.0,
IL,2019,32,15,2019-04-14,,,,86.0,0.0,1.0,,,,100.0,
IL,2019,33,16,2019-04-21,,,,86.0,0.0,2.0,,,,100.0,
IL,2019,34,17,2019-04-28,,,,86.0,0.0,3.0,,,,100.0,
IL,2019,35,18,2019-05-05,,,,86.0,0.0,9.0,,,,100.0,
IL,2019,36,19,2019-05-12,,,,86.0,0.0,35.0,,,,100.0,
IL,2019,37,20,2019-05-19,,,,86.0,0.0,64.0,,,,100.0,
IL,2019,38,21,2019-05-26,,,,86.0,0.0,78.0,,,,100.0,
IL,2019,39,22,2019-06-02,,,,86.0,0.0,87.0,,,,100.0,
IL,2019,40,23,2019-06-09,,,,86.0,0.0,93.0,,,,100.0,
IL,2019,41,24,2019-06-16,,,,86.0,6.0,97.0,,,,100.0,
IL,2019,42,25,2019-06-23,,,,86.0,15.0,100.0,,,,100.0,
IL,2019,43,26,2019-06-30,,,,86.0,47.0,100.0,,,,100.0,
IL,2019,44,27,2019-07-07,,,,86.0,74.0,100.0,,,,100.0,
IL,2019,45,28,2019-07-14,,,,86.0,90.0,100.0,,,,100.0,
IL,2019,46,29,2019-07-21,,,,86.0,94.0,100.0,,,,100.0,
IL,2019,47,30,2019-07-28,,,,86.0,98.0,100.0,,,,100.0,
IL,2019,48,31,2019-08-04,,,,86.0,100.0,100.0,,,,100.0,
IL,2019,49,32,2019-08-11,,,,86.0,100.0,100.0,,,,100.0,
IL,2019,50,33,2019-08-18,,,,86.0,100.0,100.0,,,,100.0,
IL,2019,51,34,2019-08-25,,,,86.0,100.0,100.0,,,,100.0,
IL,2020,2,37,2019-09-15,,,,0.0,0.0,0.0,,,,0.0,
IL,2020,3,38,2019-09-22,,,,0.0,0.0,0.0,,,,1.0,
IL,2020,4,39,2019-09-29,,,,0.0,0.0,0.0,,,,4.0,
IL,2020,5,40,2019-10-06,,,,3.0,0.0,0.0,,,,19.0,
IL,2020,6,41,2019-10-13,,,,13.0,0.0,0.0,,,,38.0,
IL,2020,7,42,2019-10-20,,,,30.0,0.0,0.0,,,,63.0,
IL,2020,8,43,2019-10-27,,,,47.0,0.0,0.0,,,,75.0,
IL,2020,9,44,2019-11-03,,,,60.0,0.0,0.0,,,,83.0,
IL,2020,10,45,2019-11-10,,,,75.0,0.0,0.0,,,,93.0,
IL,2020,11,46,2019-11-17,,,,85.0,0.0,0.0,,,,99.0,
IL,2020,12,47,2019-11-24,,,,91.0,0.0,0.0,,,,99.0,
IL,2020,31,14,2020-04-05,,,,91.0,0.0,0.0,,,,99.0,
IL,2020,32,15,2020-04-12,,,,91.0,0.0,1.0,,,,99.0,
IL,2020,33,16,2020-04-19,,,,91.0,0.0,2.0,,,,99.0,
IL,2020,34,17,2020-04-26,,,,91.0,0.0,6.0,,,,99.0,
IL,2020,35,18,2020-05-03,,,,91.0,0.0,20.0,,,,99.0,
IL,2020,36,19,2020-05-10,,,,91.0,0.0,41.0,,,,99.0,
IL,2020,37,20,2020-05-17,,,,91.0,0.0,67.0,,,,99.0,
IL,2020,38,21,2020-05-24,,,,91.0,0.0,82.0,,,,99.0,
IL,2020,39,22,2020-05-31,,,,91.0,0.0,86.0,,,,99.0,
IL,2020,40,23,2020-06-07,,,,91.0,0.0,93.0,,,,99.0,
IL,2020,41,24,2020-06-14,,,,91.0,3.0,97.0,,,,99.0,
IL,2020,42,25,2020-06-21,,,,91.0,26.0,100.0,,,,99.0,
IL,2020,43,26,2020-06-28,,,,91.0,63.0,100.0,,,,99.0,
IL,2020,44,27,2020-07-05,,,,91.0,82.0,100.0,,,,99.0,
IL,2020,45,28,2020-07-12,,,,91.0,89.0,100.0,,,,99.0,
IL,2020,46,29,2020-07-19,,,,91.0,94.0,100.0,,,,99.0,
IL,2020,47,30,2020-07-26,,,,91.0,97.0,100.0,,,,99.0,
IL,2020,48,31,2020-08-02,,,,91.0,99.0,100.0,,,,99.0,
IL,2020,49,32,2020-08-09,,,,91.0,100.0,100.0,,,,99.0,
IL,2020,50,33,2020-08-16,,,,91.0,100.0,100.0,,,,99.0,
IL,2020,51,34,2020-08-23,,,,91.0,100.0,100.0,,,,99.0,
IL,2021,1,36,2020-09-06,,,,0.0,0.0,0.0,,,,0.0,
IL,2021,2,37,2020-09-13,,,,0.0,0.0,0.0,,,,0.0,
IL,2021,3,38,2020-09-20,,,,0.0,0.0,0.0,,,,0.0,
IL,2021,4,39,2020-09-27,,,,0.0,0.0,0.0,,,,8.0,
IL,2021,5,40,2020-10-04,,,,9.0,0.0,0.0,,,,29.0,
IL,2021,6,41,2020-10-11,,,,15.0,0.0,0.0,,,,46.0,
IL,2021,7,42,2020-10-18,,,,25.0,0.0,0.0,,,,73.0,
IL,2021,8,43,2020-10-25,,,,57.0,0.0,0.0,,,,89.0,
IL,2021,9,44,2020-11-01,,,,82.0,0.0,0.0,,,,94.0,
IL,2021,10,45,2020-11-08,,,,90.0,0.0,0.0,,,,97.0,
IL,2021,11,46,2020-11-15,,,,92.0,0.0,0.0,,,,99.0,
IL,2021,12,47,2020-11-22,,,,96.0,0.0,0.0,,,,99.0,
IL,2021,13,48,2020-11-29,,,,99.0,0.0,0.0,,,,99.0,
IL,2021,30,13,2021-04-04,,,,99.0,0.0,2.0,,,,99.0,
IL,2021,31,14,2021-04-11,,,,99.0,0.0,3.0,,,,99.0,
IL,2021,32,15,2021-04-18,,,,99.0,0.0,5.0,,,,99.0,
IL,2021,33,16,2021-04-25,,,,99.0,0.0,19.0,,,,99.0,
IL,2021,34,17,2021-05-02,,,,99.0,0.0,21.0,,,,99.0,
IL,2021,35,18,2021-05-09,,,,99.0,0.0,58.0,,,,99.0,
IL,2021,36,19,2021-05-16,,,,99.0,0.0,85.0,,,,99.0,
IL,2021,37,20,2021-05-23,,,,99.0,0.0,90.0,,,,99.0,
IL,2021,38,21,2021-05-30,,,,99.0,0.0,95.0,,,,99.0,
IL,2021,39,22,2021-06-06,,,,99.0,0.0,96.0,,,,99.0,
IL,2021,40,23,2021-06-13,,,,99.0,0.0,99.0,,,,99.0,
IL,2021,41,24,2021-06-20,,,,99.0,12.0,100.0,,,,99.0,
IL,2021,42,25,2021-06-27,,,,99.0,63.0,100.0,,,,99.0,
IL,2021,43,26,2021-07-04,,,,99.0,87.0,100.0,,,,99.0,
IL,2021,44,27,2021-07-11,,,,99.0,95.0,100.0,,,,99.0,
IL,2021,45,28,2021-07-18,,,,99.0,97.0,100.0,,,,99.0,
IL,2021,46,29,2021-07-25,,,,99.0,99.0,100.0,,,,99.0,
IL,2021,47,30,2021-08-01,,,,99.0,99.0,100.0,,,,99.0,
IL,2021,48,31,2021-08-08,,,,99.0,100.0,100.0,,,,99.0,
IL,2021,52,35,2021-09-05,,,,99.0,100.0,100.0,,,,0.0,
IL,2022,1,36,2021-09-12,,,,0.0,0.0,0.0,,,,0.0,
IL,2022,2,37,2021-09-19,,,,0.0,0.0,0.0,,,,0.0,
IL,2022,3,38,2021-09-26,,,,0.0,0.0,0.0,,,,2.0,
IL,2022,4,39,2021-10-03,,,,1.0,0.0,0.0,,,,12.0,
IL,2022,5,40,2021-10-10,,,,7.0,0.0,0.0,,,,21.0,
IL,2022,6,41,2021-10-17,,,,34.0,0.0,0.0,,,,51.0,
IL,2022,7,42,2021-10-24,,,,48.0,0.0,0.0,,,,67.0,
IL,2022,8,43,2021-10-31,,,,53.0,0.0,0.0,,,,70.0,
IL,2022,9,44,2021-11-07,,,,59.0,0.0,0.0,,,,80.0,
IL,2022,10,45,2021-11-14,,,,71.0,0.0,0.0,,,,86.0,
IL,2022,11,46,2021-11-21,,,,75.0,0.0,0.0,,,,90.0,
IL,2022,12,47,2021-11-28,,,,92.0,0.0,0.0,,,,98.0,
IL,2022,30,13,2022-04-03,,,,92.0,0.0,0.0,,,,98.0,
IL,2022,31,14,2022-04-10,,,,92.0,0.0,4.0,,,,98.0,
IL,2022,32,15,2022-04-17,,,,92.0,0.0,4.0,,,,98.0,
IL,2022,33,16,2022-04-24,,,,92.0,0.0,5.0,,,,98.0,
IL,2022,34,17,2022-05-01,,,,92.0,0.0,12.0,,,,98.0,
IL,2022,35,18,2022-05-08,,,,92.0,0.0,19.0,,,,98.0,
IL,2022,36,19,2022-05-15,,,,92.0,0.0,57.0,,,,98.0,
IL,2022,37,20,2022-05-22,,,,92.0,0.0,71.0,,,,98.0,
IL,2022,38,21,2022-05-29,,,,92.0,0.0,91.0,,,,98.0,
IL,2022,39,22,2022-06-05,,,,92.0,0.0,97.0,,,,98.0,
IL,2022,40,23,2022-06-12,,,,92.0,3.0,98.0,,,,98.0,
IL,2022,41,24,2022-06-19,,,,92.0,18.0,100.0,,,,98.0,
IL,2022,42,25,2022-06-26,,,,92.0,66.0,100.0,,,,98.0,
IL,2022,43,26,2022-07-03,,,,92.0,87.0,100.0,,,,98.0,
IL,2022,44,27,2022-07-10,,,,92.0,92.0,100.0,,,,98.0,
IL,2022,45,28,2022-07-17,,,,92.0,96.0,100.0,,,,98.0,
IL,2022,46,29,2022-07-24,,,,92.0,97.0,100.0,,,,98.0,
IL,2022,47,30,2022-07-31,,,,92.0,99.0,100.0,,,,98.0,
IL,2022,48,31,2022-08-07,,,,92.0,100.0,100.0,,,,98.0,
IL,2022,49,32,2022-08-14,,,,92.0,100.0,100.0,,,,98.0,
IL,2022,50,33,2022-08-21,,,,92.0,100.0,100.0,,,,98.0,
IL,2022,52,35,2022-09-04,,,,92.0,100.0,100.0,,,,0.0,
IL,2023,1,36,2022-09-11,,,,0.0,0.0,0.0,,,,0.0,
IL,2023,2,37,2022-09-18,,,,0.0,0.0,0.0,,,,0.0,
IL,2023,3,38,2022-09-25,,,,0.0,0.0,0.0,,,,1.0,
IL,2023,4,39,2022-10-02,,,,0.0,0.0,0.0,,,,4.0,
IL,2023,5,40,2022-10-09,,,,2.0,0.0,0.0,,,,16.0,
IL,2023,6,41,2022-10-16,,,,8.0,0.0,0.0,,,,39.0,
IL,2023,7,42,2022-10-23,,,,17.0,0.0,0.0,,,,67.0,
IL,2023,8,43,2022-10-30,,,,26.0,0.0,0.0,,,,80.0,
IL,2023,9,44,2022-11-06,,,,45.0,0.0,0.0,,,,95.0,
IL,2023,10,45,2022-11-13,,,,74.0,0.0,0.0,,,,95.0,
IL,2023,11,46,2022-11-20,,,,79.0,0.0,0.0,,,,96.0,
IL,2023,12,47,2022-11-27,,,,84.0,0.0,0.0,,,,96.0,
IL,2023,30,13,2023-04-02,,,,84.0,0.0,0.0,,,,96.0,
IL,2023,31,14,2023-04-09,,,,84.0,0.0,1.0,,,,96.0,
IL,2023,32,15,2023-04-16,,,,84.0,0.0,3.0,,,,96.0,
IL,2023,33,16,2023-04-23,,,,84.0,0.0,7.0,,,,96.0,
IL,2023,34,17,2023-04-30,,,,84.0,0.0,15.0,,,,96.0,
IL,2023,35,18,2023-05-07,,,,84.0,0.0,39.0,,,,96.0,
IL,2023,36,19,2023-05-14,,,,84.0,0.0,74.0,,,,96.0,
IL,2023,37,20,2023-05-21,,,,84.0,0.0,84.0,,,,96.0,
IL,2023,38,21,2023-05-28,,,,84.0,0.0,93.0,,,,96.0,
IL,2023,39,22,2023-06-04,,,,84.0,0.0,98.0,,,,96.0,
IL,2023,40,23,2023-06-11,,,,84.0,0.0,99.0,,,,96.0,
IL,2023,41,24,2023-06-18,,,,84.0,13.0,99.0,,,,96.0,
IL,2023,42,25,2023-06-25,,,,84.0,49.0,100.0,,,,96.0,
IL,2023,43,26,2023-07-02,,,,84.0,82.0,100.0,,,,96.0,
IL,2023,44,27,2023-07-09,,,,84.0,88.0,100.0,,,,96.0,
IL,2023,45,28,2023-07-16,,,,84.0,95.0,100.0,,,,96.0,
IL,2023,46,29,2023-07-23,,,,84.0,97.0,100.0,,,,96.0,
IL,2023,47,30,2023-07-30,,,,84.0,99.0,100.0,,,,96.0,
IL,2023,48,31,2023-08-06,,,,84.0,100.0,100.0,,,,96.0,
IL,2023,49,32,2023-08-13,,,,84.0,100.0,100.0,,,,96.0,
IL,2023,50,33,2023-08-20,,,,84.0,100.0,100.0,,,,96.0,
IL,2023,52,35,2023-09-03,,,,84.0,100.0,100.0,,,,0.0,
IL,2024,1,36,2023-09-10,,,,0.0,0.0,0.0,,,,0.0,
IL,2024,2,37,2023-09-17,,,,0.0,0.0,0.0,,,,8.0,
IL,2024,3,38,2023-09-24,,,,0.0,0.0,0.0,,,,10.0,
IL,2024,4,39,2023-10-01,,,,1.0,0.0,0.0,,,,14.0,
IL,2024,5,40,2023-10-08,,,,5.0,0.0,0.0,,,,30.0,
IL,2024,6,41,2023-10-15,,,,15.0,0.0,0.0,,,,47.0,
IL,2024,7,42,2023-10-22,,,,36.0,0.0,0.0,,,,73.0,
IL,2024,8,43,2023-10-29,,,,63.0,0.0,0.0,,,,90.0,
IL,2024,9,44,2023-11-05,,,,77.0,0.0,0.0,,,,95.0,
IL,2024,10,45,2023-11-12,,,,85.0,0.0,0.0,,,,96.0,
IL,2024,11,46,2023-11-19,,,,90.0,0.0,0.0,,,,97.0,
IL,2024,12,47,2023-11-26,,,,93.0,0.0,0.0,,,,97.0,
IL,2024,30,13,2024-03-31,,,,93.0,0.0,0.0,,,,97.0,
IL,2024,31,14,2024-04-07,,,,93.0,0.0,2.0,,,,97.0,
IL,2024,32,15,2024-04-14,,,,93.0,0.0,5.0,,,,97.0,
IL,2024,33,16,2024-04-21,,,,93.0,0.0,11.0,,,,97.0,
IL,2024,34,17,2024-04-28,,,,93.0,0.0,16.0,,,,97.0,
IL,2024,35,18,2024-05-05,,,,93.0,0.0,65.0,,,,97.0,
IL,2024,36,19,2024-05-12,,,,93.0,0.0,83.0,,,,97.0,
IL,2024,37,20,2024-05-19,,,,93.0,0.0,90.0,,,,97.0,
IL,2024,38,21,2024-05-26,,,,93.0,0.0,93.0,,,,97.0,
IL,2024,39,22,2024-06-02,,,,93.0,0.0,96.0,,,,97.0,
IL,2024,40,23,2024-06-09,,,,93.0,6.0,98.0,,,,97.0,
IL,2024,41,24,2024-06-16,,,,93.0,53.0,100.0,,,,97.0,
IL,2024,42,25,2024-06-23,,,,93.0,72.0,100.0,,,,97.0,
IL,2024,43,26,2024-06-30,,,,93.0,89.0,100.0,,,,97.0,
IL,2024,44,27,2024-07-07,,,,93.0,93.0,100.0,,,,97.0,
IL,2024,45,28,2024-07-14,,,,93.0,96.0,100.0,,,,97.0,
IL,2024,46,29,2024-07-21,,,,93.0,98.0,100.0,,,,97.0,
IL,2024,47,30,2024-07-28,,,,93.0,100.0,100.0,,,,97.0,
IL,2024,48,31,2024-08-04,,,,93.0,100.0,100.0,,,,97.0,
IL,2024,49,32,2024-08-11,,,,93.0,100.0,100.0,,,,97.0,
IL,2024,50,33,2024-08-18,,,,93.0,100.0,100.0,,,,97.0,
IL,2024,52,35,2024-09-01,,,,93.0,100.0,100.0,,,,0.0,
IL,2025,1,36,2024-09-08,,,,0.0,0.0,0.0,,,,0.0,
IL,2025,2,37,2024-09-15,,,,0.0,0.0,0.0,,,,0.0,
IL,2025,3,38,2024-09-22,,,,0.0,0.0,0.0,,,,6.0,
IL,2025,4,39,2024-09-29,,,,2.0,0.0,0.0,,,,11.0,
IL,2025,5,40,2024-10-06,,,,6.0,0.0,0.0,,,,18.0,
IL,2025,6,41,2024-10-13,,,,9.0,0.0,0.0,,,,33.0,
IL,2025,7,42,2024-10-20,,,,33.0,0.0,0.0,,,,60.0,
IL,2025,8,43,2024-10-27,,,,55.0,0.0,0.0,,,,85.0,
IL,2025,9,44,2024-11-03,,,,69.0,0.0,0.0,,,,92.0,
IL,2025,10,45,2024-11-10,,,,83.0,0.0,0.0,,,,96.0,
IL,2025,11,46,2024-11-17,,,,89.0,0.0,0.0,,,,98.0,
IL,2025,12,47,2024-11-24,,,,93.0,0.0,0.0,,,,99.0,
IL,2025,31,14,2025-04-06,,,,93.0,0.0,0.0,,,,99.0,
IL,2025,32,15,2025-04-13,,,,93.0,0.0,1.0,,,,99.0,
IL,2025,33,16,2025-04-20,,,,93.0,0.0,5.0,,,,99.0,
IL,2025,34,17,2025-04-27,,,,93.0,0.0,16.0,,,,99.0,
IL,2025,35,18,2025-05-04,,,,93.0,0.0,23.0,,,,99.0,
IL,2025,36,19,2025-05-11,,,,93.0,0.0,46.0,,,,99.0,
IL,2025,37,20,2025-05-18,,,,93.0,0.0,63.0,,,,99.0,
IL,2025,38,21,2025-05-25,,,,93.0,0.0,72.0,,,,99.0,
IL,2025,39,22,2025-06-01,,,,93.0,0.0,94.0,,,,99.0,
IL,2025,40,23,2025-06-08,,,,93.0,0.0,98.0,,,,99.0,
IL,2025,41,24,2025-06-15,,,,93.0,1.0,99.0,,,,99.0,
IL,2025,42,25,2025-06-22,,,,93.0,17.0,100.0,,,,99.0,
IL,2025,43,26,2025-06-29,,,,93.0,69.0,100.0,,,,99.0,
IL,2025,44,27,2025-07-06,,,,93.0,87.0,100.0,,,,99.0,
IL,2025,45,28,2025-07-13,,,,93.0,93.0,100.0,,,,99.0,
IL,2025,46,29,2025-07-20,,,,93.0,98.0,100.0,,,,99.0,
IL,2025,47,30,2025-07-27,,,,93.0,99.0,100.0,,,,99.0,
IL,2025,48,31,2025-08-03,,,,93.0,100.0,100.0,,,,99.0,
IL,2025,49,32,2025-08-10,,,,93.0,100.0,100.0,,,,99.0,
IL,2025,50,33,2025-08-17,,,,93.0,100.0,100.0,,,,99.0,
IL,2025,51,34,2025-08-24,,,,93.0,100.0,100.0,,,,99.0,
IL,2026,1,36,2025-09-07,,,,0.0,0.0,0.0,,,,0.0,
IL,2026,2,37,2025-09-14,,,,0.0,0.0,0.0,,,,2.0,
IL,2026,3,38,2025-09-21,,,,0.0,0.0,0.0,,,,6.0,
IL,2026,4,39,2025-09-28,,,,1.0,0.0,0.0,,,,12.0,
IL,2026,11,46,2025-11-16,,,,73.0,0.0,0.0,,,,93.0,
IL,2026,12,47,2025-11-23,,,,87.0,0.0,0.0,,,,98.0,
IN,2016,1,36,2015-09-06,,,,0.0,0.0,0.0,0.0,0.0,,0.0,
IN,2016,2,37,2015-09-13,,,,0.0,0.0,0.0,0.0,0.0,,1.0,
IN,2016,3,38,2015-09-20,,,,0.0,0.0,0.0,0.0,0.0,,3.0,
IN,2016,4,39,2015-09-27,,,,0.0,0.0,0.0,0.0,0.0,,12.0,
IN,2016,5,40,2015-10-04,,,,7.0,0.0,0.0,0.0,0.0,,25.0,
IN,2016,6,41,2015-10-11,,,,18.0,0.0,0.0,0.0,0.0,,46.0,
IN,2016,7,42,2015-10-18,,,,37.0,0.0,0.0,0.0,0.0,,73.0,
IN,2016,8,43,2015-10-25,,,,57.0,0.0,0.0,0.0,0.0,,86.0,
IN,2016,9,44,2015-11-01,,,,79.0,0.0,0.0,0.0,0.0,,93.0,
IN,2016,10,45,2015-11-08,,,,87.0,0.0,0.0,0.0,0.0,,97.0,
IN,2016,11,46,2015-11-15,,,,94.0,0.0,0.0,0.0,0.0,,99.0,
IN,2016,12,47,2015-11-22,,,,97.0,0.0,0.0,0.0,0.0,,100.0,
IN,2016,13,48,2015-11-29,,,,100.0,0.0,0.0,0.0,0.0,,100.0,
IN,2016,30,13,2016-04-03,,,,100.0,0.0,0.0,11.0,0.0,,100.0,
IN,2016,31,14,2016-04-10,,,,100.0,0.0,0.0,30.0,0.0,,100.0,
IN,2016,32,15,2016-04-17,,,,100.0,0.0,0.0,47.0,0.0,,100.0,
IN,2016,33,16,2016-04-24,,,,100.0,0.0,3.0,69.0,0.0,,100.0,
IN,2016,34,17,2016-05-01,,,,100.0,0.0,14.0,81.0,0.0,,100.0,
IN,2016,35,18,2016-05-08,,,,100.0,0.0,33.0,88.0,0.0,,100.0,
IN,2016,36,19,2016-05-15,,,,100.0,0.0,54.0,93.0,0.0,,100.0,
IN,2016,37,20,2016-05-22,,,,100.0,0.0,74.0,96.0,0.0,,100.0,
IN,2016,38,21,2016-05-29,,,,100.0,0.0,91.0,96.0,0.0,,100.0,
IN,2016,39,22,2016-06-05,,,,100.0,0.0,95.0,96.0,5.0,,100.0,
IN,2016,40,23,2016-06-12,,,,100.0,1.0,98.0,96.0,33.0,,100.0,
IN,2016,41,24,2016-06-19,,,,100.0,14.0,98.0,96.0,61.0,,100.0,
IN,2016,42,25,2016-06-26,,,,100.0,34.0,98.0,96.0,82.0,,100.0,
IN,2016,43,26,2016-07-03,,,,100.0,63.0,98.0,96.0,93.0,,100.0,
IN,2016,44,27,2016-07-10,,,,100.0,83.0,98.0,96.0,98.0,,100.0,
IN,2016,45,28,2016-07-17,,,,100.0,96.0,98.0,96.0,98.0,,100.0,
IN,2016,46,29,2016-07-24,,,,100.0,99.0,98.0,96.0,98.0,,100.0,
IN,2016,47,30,2016-07-31,,,,100.0,100.0,98.0,96.0,98.0,,100.0,
IN,2016,48,31,2016-08-07,,,,100.0,100.0,98.0,96.0,98.0,,100.0,
IN,2016,49,32,2016-08-14,,,,100.0,100.0,98.0,96.0,98.0,,100.0,
IN,2016,50,33,2016-08-21,,,,100.0,100.0,98.0,96.0,98.0,,100.0,
IN,2016,52,35,2016-09-04,,,,100.0,100.0,98.0,96.0,98.0,,1.0,
IN,2017,1,36,2016-09-11,,,,0.0,0.0,0.0,0.0,0.0,,2.0,
IN,2017,2,37,2016-09-18,,,,0.0,0.0,0.0,0.0,0.0,,3.0,
IN,2017,3,38,2016-09-25,,,,0.0,0.0,0.0,0.0,0.0,,6.0,
IN,2017,4,39,2016-10-02,,,,3.0,0.0,0.0,0.0,0.0,,12.0,
IN,2017,5,40,2016-10-09,,,,9.0,0.0,0.0,0.0,0.0,,28.0,
IN,2017,6,41,2016-10-16,,,,17.0,0.0,0.0,0.0,0.0,,52.0,
IN,2017,7,42,2016-10-23,,,,42.0,0.0,0.0,0.0,0.0,,71.0,
IN,2017,8,43,2016-10-30,,,,62.0,0.0,0.0,0.0,0.0,,83.0,
IN,2017,9,44,2016-11-06,,,,77.0,0.0,0.0,0.0,0.0,,91.0,
IN,2017,10,45,2016-11-13,,,,85.0,0.0,0.0,0.0,0.0,,96.0,
IN,2017,11,46,2016-11-20,,,,92.0,0.0,0.0,0.0,0.0,,99.0,
IN,2017,12,47,2016-11-27,,,,95.0,0.0,0.0,0.0,0.0,,100.0,
IN,2017,31,14,2017-04-09,,,,95.0,0.0,0.0,0.0,0.0,,100.0,
IN,2017,32,15,2017-04-16,,,,95.0,0.0,3.0,36.0,0.0,,100.0,
IN,2017,33,16,2017-04-23,,,,95.0,0.0,18.0,51.0,0.0,,100.0,
IN,2017,34,17,2017-04-30,,,,95.0,0.0,32.0,70.0,0.0,,100.0,
IN,2017,35,18,2017-05-07,,,,95.0,0.0,46.0,81.0,0.0,,100.0,
IN,2017,36,19,2017-05-14,,,,95.0,0.0,59.0,86.0,0.0,,100.0,
IN,2017,37,20,2017-05-21,,,,95.0,0.0,79.0,95.0,0.0,,100.0,
IN,2017,38,21,2017-05-28,,,,95.0,0.0,90.0,95.0,5.0,,100.0,
IN,2017,39,22,2017-06-04,,,,95.0,1.0,96.0,95.0,23.0,,100.0,
IN,2017,40,23,2017-06-11,,,,95.0,9.0,99.0,95.0,46.0,,100.0,
IN,2017,41,24,2017-06-18,,,,95.0,23.0,100.0,95.0,69.0,,100.0,
IN,2017,42,25,2017-06-25,,,,95.0,35.0,100.0,95.0,86.0,,100.0,
IN,2017,43,26,2017-07-02,,,,95.0,56.0,100.0,95.0,93.0,,100.0,
IN,2017,44,27,2017-07-09,,,,95.0,78.0,100.0,95.0,98.0,,100.0,
IN,2017,45,28,2017-07-16,,,,95.0,90.0,100.0,95.0,100.0,,100.0,
IN,2017,46,29,2017-07-23,,,,95.0,96.0,100.0,95.0,100.0,,100.0,
IN,2017,47,30,2017-07-30,,,,95.0,99.0,100.0,95.0,100.0,,100.0,
IN,2017,48,31,2017-08-06,,,,95.0,100.0,100.0,95.0,100.0,,100.0,
IN,2017,49,32,2017-08-13,,,,95.0,100.0,100.0,95.0,100.0,,100.0,
IN,2018,1,36,2017-09-10,,,,0.0,0.0,0.0,0.0,0.0,,0.0,
IN,2018,2,37,2017-09-17,,,,0.0,0.0,0.0,0.0,0.0,,2.0,
IN,2018,3,38,2017-09-24,,,,0.0,0.0,0.0,0.0,0.0,,4.0,
IN,2018,4,39,2017-10-01,,,,0.0,0.0,0.0,0.0,0.0,,11.0,
IN,2018,5,40,2017-10-08,,,,5.0,0.0,0.0,0.0,0.0,,28.0,
IN,2018,6,41,2017-10-15,,,,21.0,0.0,0.0,0.0,0.0,,45.0,
IN,2018,7,42,2017-10-22,,,,39.0,0.0,0.0,0.0,0.0,,67.0,
IN,2018,8,43,2017-10-29,,,,55.0,0.0,0.0,0.0,0.0,,81.0,
IN,2018,9,44,2017-11-05,,,,67.0,0.0,0.0,0.0,0.0,,87.0,
IN,2018,10,45,2017-11-12,,,,77.0,0.0,0.0,0.0,0.0,,92.0,
IN,2018,11,46,2017-11-19,,,,83.0,0.0,0.0,0.0,0.0,,95.0,
IN,2018,12,47,2017-11-26,,,,91.0,0.0,0.0,0.0,0.0,,100.0,
IN,2018,30,13,2018-04-01,,,,91.0,0.0,0.0,2.0,0.0,,100.0,
IN,2018,31,14,2018-04-08,,,,91.0,0.0,0.0,12.0,0.0,,100.0,
IN,2018,32,15,2018-04-15,,,,91.0,0.0,0.0,20.0,0.0,,100.0,
IN,2018,33,16,2018-04-22,,,,91.0,0.0,2.0,34.0,0.0,,100.0,
IN,2018,34,17,2018-04-29,,,,91.0,0.0,3.0,55.0,0.0,,100.0,
IN,2018,35,18,2018-05-06,,,,91.0,0.0,5.0,69.0,0.0,,100.0,
IN,2018,36,19,2018-05-13,,,,91.0,0.0,20.0,83.0,0.0,,100.0,
IN,2018,37,20,2018-05-20,,,,91.0,0.0,48.0,91.0,0.0,,100.0,
IN,2018,38,21,2018-05-27,,,,91.0,0.0,75.0,96.0,0.0,,100.0,
IN,2018,39,22,2018-06-03,,,,91.0,0.0,88.0,99.0,5.0,,100.0,
IN,2018,40,23,2018-06-10,,,,91.0,1.0,97.0,99.0,24.0,,100.0,
IN,2018,41,24,2018-06-17,,,,91.0,6.0,99.0,99.0,50.0,,100.0,
IN,2018,42,25,2018-06-24,,,,91.0,28.0,99.0,99.0,79.0,,100.0,
IN,2018,43,26,2018-07-01,,,,91.0,50.0,99.0,99.0,90.0,,100.0,
IN,2018,44,27,2018-07-08,,,,91.0,80.0,99.0,99.0,97.0,,100.0,
IN,2018,45,28,2018-07-15,,,,91.0,94.0,99.0,99.0,100.0,,100.0,
IN,2018,46,29,2018-07-22,,,,91.0,98.0,99.0,99.0,100.0,,100.0,
IN,2018,47,30,2018-07-29,,,,91.0,100.0,99.0,99.0,100.0,,100.0,
IN,2018,48,31,2018-08-05,,,,91.0,100.0,99.0,99.0,100.0,,100.0,
IN,2018,49,32,2018-08-12,,,,91.0,100.0,99.0,99.0,100.0,,100.0,
IN,2018,50,33,2018-08-19,,,,91.0,100.0,99.0,99.0,100.0,,100.0,
IN,2018,52,35,2018-09-02,,,,91.0,100.0,99.0,99.0,100.0,,0.0,
IN,2019,1,36,2018-09-09,,,,0.0,0.0,0.0,0.0,0.0,,1.0,
IN,2019,2,37,2018-09-16,,,,0.0,0.0,0.0,0.0,0.0,,4.0,
IN,2019,3,38,2018-09-23,,,,0.0,0.0,0.0,0.0,0.0,,9.0,
IN,2019,4,39,2018-09-30,,,,1.0,0.0,0.0,0.0,0.0,,17.0,
IN,2019,5,40,2018-10-07,,,,10.0,0.0,0.0,0.0,0.0,,31.0,
IN,2019,6,41,2018-10-14,,,,24.0,0.0,0.0,0.0,0.0,,50.0,
IN,2019,7,42,2018-10-21,,,,43.0,0.0,0.0,0.0,0.0,,69.0,
IN,2019,8,43,2018-10-28,,,,58.0,0.0,0.0,0.0,0.0,,82.0,
IN,2019,9,44,2018-11-04,,,,71.0,0.0,0.0,0.0,0.0,,88.0,
IN,2019,10,45,2018-11-11,,,,79.0,0.0,0.0,0.0,0.0,,92.0,
IN,2019,11,46,2018-11-18,,,,84.0,0.0,0.0,0.0,0.0,,95.0,
IN,2019,12,47,2018-11-25,,,,89.0,0.0,0.0,0.0,0.0,,100.0,
IN,2019,31,14,2019-04-07,,,,89.0,0.0,0.0,4.0,0.0,,100.0,
IN,2019,32,15,2019-04-14,,,,89.0,0.0,0.0,22.0,0.0,,100.0,
IN,2019,33,16,2019-04-21,,,,89.0,0.0,1.0,39.0,0.0,,100.0,
IN,2019,34,17,2019-04-28,,,,89.0,0.0,1.0,52.0,0.0,,100.0,
IN,2019,35,18,2019-05-05,,,,89.0,0.0,12.0,62.0,0.0,,100.0,
IN,2019,36,19,2019-05-12,,,,89.0,0.0,28.0,72.0,0.0,,100.0,
IN,2019,37,20,2019-05-19,,,,89.0,0.0,40.0,78.0,0.0,,100.0,
IN,2019,38,21,2019-05-26,,,,89.0,0.0,56.0,85.0,0.0,,100.0,
IN,2019,39,22,2019-06-02,,,,89.0,0.0,75.0,91.0,0.0,,100.0,
IN,2019,40,23,2019-06-09,,,,89.0,0.0,89.0,96.0,7.0,,100.0,
IN,2019,41,24,2019-06-16,,,,89.0,4.0,94.0,100.0,27.0,,100.0,
IN,2019,42,25,2019-06-23,,,,89.0,10.0,96.0,100.0,49.0,,100.0,
IN,2019,43,26,2019-06-30,,,,89.0,28.0,100.0,100.0,77.0,,100.0,
IN,2019,44,27,2019-07-07,,,,89.0,48.0,100.0,100.0,87.0,,100.0,
IN,2019,45,28,2019-07-14,,,,89.0,79.0,100.0,100.0,96.0,,100.0,
IN,2019,46,29,2019-07-21,,,,89.0,92.0,100.0,100.0,100.0,,100.0,
IN,2019,47,30,2019-07-28,,,,89.0,96.0,100.0,100.0,100.0,,100.0,
IN,2019,48,31,2019-08-04,,,,89.0,100.0,100.0,100.0,100.0,,100.0,
IN,2019,49,32,2019-08-11,,,,89.0,100.0,100.0,100.0,100.0,,100.0,
IN,2019,50,33,2019-08-18,,,,89.0,100.0,100.0,100.0,100.0,,100.0,
IN,2019,51,34,2019-08-25,,,,89.0,100.0,100.0,100.0,100.0,,100.0,
IN,2020,2,37,2019-09-15,,,,0.0,0.0,0.0,0.0,0.0,,0.0,
IN,2020,3,38,2019-09-22,,,,0.0,0.0,0.0,0.0,0.0,,2.0,
IN,2020,4,39,2019-09-29,,,,0.0,0.0,0.0,0.0,0.0,,7.0,
IN,2020,5,40,2019-10-06,,,,3.0,0.0,0.0,0.0,0.0,,17.0,
IN,2020,6,41,2019-10-13,,,,9.0,0.0,0.0,0.0,0.0,,37.0,
IN,2020,7,42,2019-10-20,,,,27.0,0.0,0.0,0.0,0.0,,62.0,
IN,2020,8,43,2019-10-27,,,,48.0,0.0,0.0,0.0,0.0,,78.0,
IN,2020,9,44,2019-11-03,,,,66.0,0.0,0.0,0.0,0.0,,86.0,
IN,2020,10,45,2019-11-10,,,,76.0,0.0,0.0,0.0,0.0,,93.0,
IN,2020,11,46,2019-11-17,,,,82.0,0.0,0.0,0.0,0.0,,94.0,
IN,2020,12,47,2019-11-24,,,,89.0,0.0,0.0,0.0,0.0,,96.0,
IN,2020,32,15,2020-04-12,,,,89.0,0.0,0.0,7.0,0.0,,96.0,
IN,2020,33,16,2020-04-19,,,,89.0,0.0,0.0,26.0,0.0,,96.0,
IN,2020,34,17,2020-04-26,,,,89.0,0.0,0.0,42.0,0.0,,96.0,
IN,2020,35,18,2020-05-03,,,,89.0,0.0,1.0,65.0,0.0,,96.0,
IN,2020,36,19,2020-05-10,,,,89.0,0.0,23.0,76.0,0.0,,96.0,
IN,2020,37,20,2020-05-17,,,,89.0,0.0,36.0,88.0,0.0,,96.0,
IN,2020,38,21,2020-05-24,,,,89.0,0.0,51.0,93.0,0.0,,96.0,
IN,2020,39,22,2020-05-31,,,,89.0,0.0,73.0,96.0,1.0,,96.0,
IN,2020,40,23,2020-06-07,,,,89.0,0.0,90.0,100.0,9.0,,96.0,
IN,2020,41,24,2020-06-14,,,,89.0,3.0,96.0,100.0,28.0,,96.0,
IN,2020,42,25,2020-06-21,,,,89.0,13.0,100.0,100.0,51.0,,96.0,
IN,2020,43,26,2020-06-28,,,,89.0,22.0,100.0,100.0,70.0,,96.0,
IN,2020,44,27,2020-07-05,,,,89.0,48.0,100.0,100.0,91.0,,96.0,
IN,2020,45,28,2020-07-12,,,,89.0,83.0,100.0,100.0,99.0,,96.0,
IN,2020,46,29,2020-07-19,,,,89.0,96.0,100.0,100.0,100.0,,96.0,
IN,2020,47,30,2020-07-26,,,,89.0,100.0,100.0,100.0,100.0,,96.0,
IN,2020,48,31,2020-08-02,,,,89.0,100.0,100.0,100.0,100.0,,96.0,
IN,2020,49,32,2020-08-09,,,,89.0,100.0,100.0,100.0,100.0,,96.0,
IN,2020,50,33,2020-08-16,,,,89.0,100.0,100.0,100.0,100.0,,96.0,
IN,2020,51,34,2020-08-23,,,,89.0,100.0,100.0,100.0,100.0,,96.0,
IN,2021,1,36,2020-09-06,,,,0.0,0.0,0.0,0.0,0.0,,0.0,
IN,2021,2,37,2020-09-13,,,,0.0,0.0,0.0,0.0,0.0,,1.0,
IN,2021,3,38,2020-09-20,,,,0.0,0.0,0.0,0.0,0.0,,6.0,
IN,2021,4,39,2020-09-27,,,,0.0,0.0,0.0,0.0,0.0,,13.0,
IN,2021,5,40,2020-10-04,,,,3.0,0.0,0.0,0.0,0.0,,24.0,
IN,2021,6,41,2020-10-11,,,,8.0,0.0,0.0,0.0,0.0,,47.0,
IN,2021,7,42,2020-10-18,,,,24.0,0.0,0.0,0.0,0.0,,69.0,
IN,2021,8,43,2020-10-25,,,,50.0,0.0,0.0,0.0,0.0,,80.0,
IN,2021,9,44,2020-11-01,,,,67.0,0.0,0.0,0.0,0.0,,87.0,
IN,2021,10,45,2020-11-08,,,,77.0,0.0,0.0,0.0,0.0,,93.0,
IN,2021,11,46,2020-11-15,,,,85.0,0.0,0.0,0.0,0.0,,96.0,
IN,2021,12,47,2020-11-22,,,,91.0,0.0,0.0,0.0,0.0,,100.0,
IN,2021,13,48,2020-11-29,,,,95.0,0.0,0.0,0.0,0.0,,100.0,
IN,2021,30,13,2021-04-04,,,,95.0,0.0,0.0,8.0,0.0,,100.0,
IN,2021,31,14,2021-04-11,,,,95.0,0.0,0.0,26.0,0.0,,100.0,
IN,2021,32,15,2021-04-18,,,,95.0,0.0,0.0,42.0,0.0,,100.0,
IN,2021,33,16,2021-04-25,,,,95.0,0.0,0.0,53.0,0.0,,100.0,
IN,2021,34,17,2021-05-02,,,,95.0,0.0,5.0,67.0,0.0,,100.0,
IN,2021,35,18,2021-05-09,,,,95.0,0.0,22.0,79.0,0.0,,100.0,
IN,2021,36,19,2021-05-16,,,,95.0,0.0,33.0,86.0,0.0,,100.0,
IN,2021,37,20,2021-05-23,,,,95.0,0.0,52.0,92.0,0.0,,100.0,
IN,2021,38,21,2021-05-30,,,,95.0,0.0,74.0,96.0,0.0,,100.0,
IN,2021,39,22,2021-06-06,,,,95.0,0.0,93.0,100.0,15.0,,100.0,
IN,2021,40,23,2021-06-13,,,,95.0,1.0,96.0,100.0,27.0,,100.0,
IN,2021,41,24,2021-06-20,,,,95.0,12.0,100.0,100.0,56.0,,100.0,
IN,2021,42,25,2021-06-27,,,,95.0,25.0,100.0,100.0,79.0,,100.0,
IN,2021,43,26,2021-07-04,,,,95.0,44.0,100.0,100.0,94.0,,100.0,
IN,2021,44,27,2021-07-11,,,,95.0,77.0,100.0,100.0,99.0,,100.0,
IN,2021,45,28,2021-07-18,,,,95.0,88.0,100.0,100.0,100.0,,100.0,
IN,2021,46,29,2021-07-25,,,,95.0,96.0,100.0,100.0,100.0,,100.0,
IN,2021,47,30,2021-08-01,,,,95.0,100.0,100.0,100.0,100.0,,100.0,
IN,2021,48,31,2021-08-08,,,,95.0,100.0,100.0,100.0,100.0,,100.0,
IN,2021,49,32,2021-08-15,,,,95.0,100.0,100.0,100.0,100.0,,100.0,
IN,2021,50,33,2021-08-22,,,,95.0,100.0,100.0,100.0,100.0,,100.0,
IN,2021,52,35,2021-09-05,,,,95.0,100.0,100.0,100.0,100.0,,0.0,
IN,2022,1,36,2021-09-12,,,,0.0,0.0,0.0,0.0,0.0,,4.0,
IN,2022,2,37,2021-09-19,,,,0.0,0.0,0.0,0.0,0.0,,6.0,
IN,2022,3,38,2021-09-26,,,,3.0,0.0,0.0,0.0,0.0,,11.0,
IN,2022,4,39,2021-10-03,,,,5.0,0.0,0.0,0.0,0.0,,24.0,
IN,2022,5,40,2021-10-10,,,,12.0,0.0,0.0,0.0,0.0,,33.0,
IN,2022,6,41,2021-10-17,,,,22.0,0.0,0.0,0.0,0.0,,48.0,
IN,2022,7,42,2021-10-24,,,,38.0,0.0,0.0,0.0,0.0,,66.0,
IN,2022,8,43,2021-10-31,,,,53.0,0.0,0.0,0.0,0.0,,75.0,
IN,2022,9,44,2021-11-07,,,,65.0,0.0,0.0,0.0,0.0,,85.0,
IN,2022,10,45,2021-11-14,,,,75.0,0.0,0.0,0.0,0.0,,92.0,
IN,2022,11,46,2021-11-21,,,,85.0,0.0,0.0,0.0,0.0,,96.0,
IN,2022,12,47,2021-11-28,,,,91.0,0.0,0.0,0.0,0.0,,100.0,
IN,2022,30,13,2022-04-03,,,,91.0,0.0,0.0,5.0,0.0,,100.0,
IN,2022,31,14,2022-04-10,,,,91.0,0.0,0.0,14.0,0.0,,100.0,
IN,2022,32,15,2022-04-17,,,,91.0,0.0,0.0,23.0,0.0,,100.0,
IN,2022,33,16,2022-04-24,,,,91.0,0.0,0.0,35.0,0.0,,100.0,
IN,2022,34,17,2022-05-01,,,,91.0,0.0,1.0,52.0,0.0,,100.0,
IN,2022,35,18,2022-05-08,,,,91.0,0.0,4.0,64.0,0.0,,100.0,
IN,2022,36,19,2022-05-15,,,,91.0,0.0,18.0,79.0,0.0,,100.0,
IN,2022,37,20,2022-05-22,,,,91.0,0.0,40.0,88.0,0.0,,100.0,
IN,2022,38,21,2022-05-29,,,,91.0,0.0,63.0,95.0,0.0,,100.0,
IN,2022,39,22,2022-06-05,,,,91.0,0.0,86.0,100.0,3.0,,100.0,
IN,2022,40,23,2022-06-12,,,,91.0,0.0,96.0,100.0,15.0,,100.0,
IN,2022,41,24,2022-06-19,,,,91.0,7.0,100.0,100.0,47.0,,100.0,
IN,2022,42,25,2022-06-26,,,,91.0,32.0,100.0,100.0,79.0,,100.0,
IN,2022,43,26,2022-07-03,,,,91.0,62.0,100.0,100.0,93.0,,100.0,
IN,2022,44,27,2022-07-10,,,,91.0,83.0,100.0,100.0,98.0,,100.0,
IN,2022,45,28,2022-07-17,,,,91.0,95.0,100.0,100.0,100.0,,100.0,
IN,2022,46,29,2022-07-24,,,,91.0,100.0,100.0,100.0,100.0,,100.0,
IN,2022,47,30,2022-07-31,,,,91.0,100.0,100.0,100.0,100.0,,100.0,
IN,2022,48,31,2022-08-07,,,,91.0,100.0,100.0,100.0,100.0,,100.0,
IN,2022,49,32,2022-08-14,,,,91.0,100.0,100.0,100.0,100.0,,100.0,
IN,2022,50,33,2022-08-21,,,,91.0,100.0,100.0,100.0,100.0,,100.0,
IN,2022,52,35,2022-09-04,,,,91.0,100.0,100.0,100.0,100.0,,0.0,
IN,2023,1,36,2022-09-11,,,,0.0,0.0,0.0,0.0,0.0,,0.0,
IN,2023,2,37,2022-09-18,,,,0.0,0.0,0.0,0.0,0.0,,2.0,
IN,2023,3,38,2022-09-25,,,,0.0,0.0,0.0,0.0,0.0,,4.0,
IN,2023,4,39,2022-10-02,,,,3.0,0.0,0.0,0.0,0.0,,11.0,
IN,2023,5,40,2022-10-09,,,,5.0,0.0,0.0,0.0,0.0,,27.0,
IN,2023,6,41,2022-10-16,,,,11.0,0.0,0.0,0.0,0.0,,47.0,
IN,2023,7,42,2022-10-23,,,,24.0,0.0,0.0,0.0,0.0,,65.0,
IN,2023,8,43,2022-10-30,,,,42.0,0.0,0.0,0.0,0.0,,81.0,
IN,2023,9,44,2022-11-06,,,,63.0,0.0,0.0,0.0,0.0,,90.0,
IN,2023,10,45,2022-11-13,,,,77.0,0.0,0.0,0.0,0.0,,96.0,
IN,2023,11,46,2022-11-20,,,,86.0,0.0,0.0,0.0,0.0,,99.0,
IN,2023,12,47,2022-11-27,,,,93.0,0.0,0.0,0.0,0.0,,100.0,
IN,2023,30,13,2023-04-02,,,,93.0,0.0,0.0,6.0,0.0,,100.0,
IN,2023,31,14,2023-04-09,,,,93.0,0.0,0.0,16.0,0.0,,100.0,
IN,2023,32,15,2023-04-16,,,,93.0,0.0,0.0,38.0,0.0,,100.0,
IN,2023,33,16,2023-04-23,,,,93.0,0.0,0.0,54.0,0.0,,100.0,
IN,2023,34,17,2023-04-30,,,,93.0,0.0,5.0,70.0,0.0,,100.0,
IN,2023,35,18,2023-05-07,,,,93.0,0.0,16.0,80.0,0.0,,100.0,
IN,2023,36,19,2023-05-14,,,,93.0,0.0,32.0,89.0,0.0,,100.0,
IN,2023,37,20,2023-05-21,,,,93.0,0.0,53.0,93.0,0.0,,100.0,
IN,2023,38,21,2023-05-28,,,,93.0,0.0,77.0,97.0,0.0,,100.0,
IN,2023,39,22,2023-06-04,,,,93.0,0.0,90.0,100.0,7.0,,100.0,
IN,2023,40,23,2023-06-11,,,,93.0,0.0,96.0,100.0,29.0,,100.0,
IN,2023,41,24,2023-06-18,,,,93.0,8.0,99.0,100.0,61.0,,100.0,
IN,2023,42,25,2023-06-25,,,,93.0,21.0,100.0,100.0,82.0,,100.0,
IN,2023,43,26,2023-07-02,,,,93.0,36.0,100.0,100.0,90.0,,100.0,
IN,2023,44,27,2023-07-09,,,,93.0,62.0,100.0,100.0,97.0,,100.0,
IN,2023,45,28,2023-07-16,,,,93.0,89.0,100.0,100.0,100.0,,100.0,
IN,2023,46,29,2023-07-23,,,,93.0,96.0,100.0,100.0,100.0,,100.0,
IN,2023,47,30,2023-07-30,,,,93.0,99.0,100.0,100.0,100.0,,100.0,
IN,2023,48,31,2023-08-06,,,,93.0,100.0,100.0,100.0,100.0,,100.0,
IN,2023,49,32,2023-08-13,,,,93.0,100.0,100.0,100.0,100.0,,100.0,
IN,2023,50,33,2023-08-20,,,,93.0,100.0,100.0,100.0,100.0,,100.0,
IN,2023,52,35,2023-09-03,,,,93.0,100.0,100.0,100.0,100.0,,0.0,
IN,2024,1,36,2023-09-10,,,,0.0,0.0,0.0,0.0,0.0,,1.0,
IN,2024,2,37,2023-09-17,,,,0.0,0.0,0.0,0.0,0.0,,3.0,
IN,2024,3,38,2023-09-24,,,,1.0,0.0,0.0,0.0,0.0,,6.0,
IN,2024,4,39,2023-10-01,,,,3.0,0.0,0.0,0.0,0.0,,11.0,
IN,2024,5,40,2023-10-08,,,,4.0,0.0,0.0,0.0,0.0,,26.0,
IN,2024,6,41,2023-10-15,,,,10.0,0.0,0.0,0.0,0.0,,40.0,
IN,2024,7,42,2023-10-22,,,,23.0,0.0,0.0,0.0,0.0,,57.0,
IN,2024,8,43,2023-10-29,,,,41.0,0.0,0.0,0.0,0.0,,72.0,
IN,2024,9,44,2023-11-05,,,,61.0,0.0,0.0,0.0,0.0,,84.0,
IN,2024,10,45,2023-11-12,,,,75.0,0.0,0.0,0.0,0.0,,92.0,
IN,2024,11,46,2023-11-19,,,,81.0,0.0,0.0,0.0,0.0,,95.0,
IN,2024,12,47,2023-11-26,,,,89.0,0.0,0.0,0.0,0.0,,100.0,
IN,2024,30,13,2024-03-31,,,,89.0,0.0,0.0,5.0,0.0,,100.0,
IN,2024,31,14,2024-04-07,,,,89.0,0.0,0.0,11.0,0.0,,100.0,
IN,2024,32,15,2024-04-14,,,,89.0,0.0,0.0,25.0,0.0,,100.0,
IN,2024,33,16,2024-04-21,,,,89.0,0.0,0.0,43.0,0.0,,100.0,
IN,2024,34,17,2024-04-28,,,,89.0,0.0,7.0,61.0,0.0,,100.0,
IN,2024,35,18,2024-05-05,,,,89.0,0.0,23.0,79.0,0.0,,100.0,
IN,2024,36,19,2024-05-12,,,,89.0,0.0,46.0,88.0,0.0,,100.0,
IN,2024,37,20,2024-05-19,,,,89.0,0.0,65.0,94.0,0.0,,100.0,
IN,2024,38,21,2024-05-26,,,,89.0,0.0,83.0,97.0,0.0,,100.0,
IN,2024,39,22,2024-06-02,,,,89.0,0.0,92.0,100.0,8.0,,100.0,
IN,2024,40,23,2024-06-09,,,,89.0,0.0,96.0,100.0,27.0,,100.0,
IN,2024,41,24,2024-06-16,,,,89.0,13.0,100.0,100.0,63.0,,100.0,
IN,2024,42,25,2024-06-23,,,,89.0,39.0,100.0,100.0,81.0,,100.0,
IN,2024,43,26,2024-06-30,,,,89.0,64.0,100.0,100.0,92.0,,100.0,
IN,2024,44,27,2024-07-07,,,,89.0,84.0,100.0,100.0,96.0,,100.0,
IN,2024,45,28,2024-07-14,,,,89.0,94.0,100.0,100.0,99.0,,100.0,
IN,2024,46,29,2024-07-21,,,,89.0,97.0,100.0,100.0,100.0,,100.0,
IN,2024,47,30,2024-07-28,,,,89.0,100.0,100.0,100.0,100.0,,100.0,
IN,2024,48,31,2024-08-04,,,,89.0,100.0,100.0,100.0,100.0,,100.0,
IN,2024,49,32,2024-08-11,,,,89.0,100.0,100.0,100.0,100.0,,100.0,
IN,2024,50,33,2024-08-18,,,,89.0,100.0,100.0,100.0,100.0,,100.0,
IN,2024,51,34,2024-08-25,,,,89.0,100.0,100.0,100.0,100.0,,100.0,
IN,2024,52,35,2024-09-01,,,,89.0,100.0,100.0,100.0,100.0,,0.0,
IN,2025,1,36,2024-09-08,,,,0.0,0.0,0.0,0.0,0.0,,2.0,
IN,2025,2,37,2024-09-15,,,,0.0,0.0,0.0,0.0,0.0,,3.0,
IN,2025,3,38,2024-09-22,,,,1.0,0.0,0.0,0.0,0.0,,7.0,
IN,2025,4,39,2024-09-29,,,,2.0,0.0,0.0,0.0,0.0,,13.0,
IN,2025,5,40,2024-10-06,,,,6.0,0.0,0.0,0.0,0.0,,22.0,
IN,2025,6,41,2024-10-13,,,,12.0,0.0,0.0,0.0,0.0,,40.0,
IN,2025,7,42,2024-10-20,,,,26.0,0.0,0.0,0.0,0.0,,59.0,
IN,2025,8,43,2024-10-27,,,,40.0,0.0,0.0,0.0,0.0,,72.0,
IN,2025,9,44,2024-11-03,,,,57.0,0.0,0.0,0.0,0.0,,83.0,
IN,2025,10,45,2024-11-10,,,,71.0,0.0,0.0,0.0,0.0,,92.0,
IN,2025,11,46,2024-11-17,,,,82.0,0.0,0.0,0.0,0.0,,95.0,
IN,2025,12,47,2024-11-24,,,,88.0,0.0,0.0,0.0,0.0,,99.0,
IN,2025,31,14,2025-04-06,,,,88.0,0.0,0.0,4.0,0.0,,99.0,
IN,2025,32,15,2025-04-13,,,,88.0,0.0,0.0,14.0,0.0,,99.0,
IN,2025,33,16,2025-04-20,,,,88.0,0.0,1.0,30.0,0.0,,99.0,
IN,2025,34,17,2025-04-27,,,,88.0,0.0,4.0,50.0,0.0,,99.0,
IN,2025,35,18,2025-05-04,,,,88.0,0.0,12.0,64.0,0.0,,99.0,
IN,2025,36,19,2025-05-11,,,,88.0,0.0,31.0,78.0,0.0,,99.0,
IN,2025,37,20,2025-05-18,,,,88.0,0.0,51.0,89.0,0.0,,99.0,
IN,2025,38,21,2025-05-25,,,,88.0,0.0,68.0,94.0,0.0,,99.0,
IN,2025,39,22,2025-06-01,,,,88.0,0.0,79.0,97.0,0.0,,99.0,
IN,2025,40,23,2025-06-08,,,,88.0,0.0,90.0,97.0,5.0,,99.0,
IN,2025,41,24,2025-06-15,,,,88.0,0.0,94.0,97.0,18.0,,99.0,
IN,2025,42,25,2025-06-22,,,,88.0,2.0,95.0,97.0,44.0,,99.0,
IN,2025,43,26,2025-06-29,,,,88.0,23.0,100.0,97.0,71.0,,99.0,
IN,2025,44,27,2025-07-06,,,,88.0,59.0,100.0,97.0,89.0,,99.0,
IN,2025,45,28,2025-07-13,,,,88.0,81.0,100.0,97.0,96.0,,99.0,
IN,2025,46,29,2025-07-20,,,,88.0,92.0,100.0,97.0,100.0,,99.0,
IN,2025,47,30,2025-07-27,,,,88.0,99.0,100.0,97.0,100.0,,99.0,
IN,2025,48,31,2025-08-03,,,,88.0,100.0,100.0,97.0,100.0,,99.0,
IN,2025,49,32,2025-08-10,,,,88.0,100.0,100.0,97.0,100.0,,99.0,
IN,2025,50,33,2025-08-17,,,,88.0,100.0,100.0,97.0,100.0,,99.0,
IN,2025,51,34,2025-08-24,,,,88.0,100.0,100.0,97.0,100.0,,99.0,
IN,2025,52,35,2025-08-31,,,,88.0,100.0,100.0,97.0,100.0,,99.0,
IN,2026,1,36,2025-09-07,,,,0.0,0.0,0.0,0.0,,,2.0,
IN,2026,2,37,2025-09-14,,,,0.0,0.0,0.0,0.0,,,4.0,
IN,2026,3,38,2025-09-21,,,,1.0,0.0,0.0,0.0,,,6.0,
IN,2026,4,39,2025-09-28,,,,4.0,0.0,0.0,0.0,,,10.0,
IN,2026,11,46,2025-11-16,,,,64.0,0.0,0.0,0.0,,,92.0,
IN,2026,12,47,2025-11-23,,,,77.0,0.0,0.0,0.0,,,94.0,
KS,2016,1,36,2015-09-06,,,0.0,0.0,0.0,0.0,0.0,,,1.0,
KS,2016,2,37,2015-09-13,,,0.0,0.0,0.0,0.0,0.0,,,5.0,
KS,2016,3,38,2015-09-20,,,0.0,0.0,0.0,0.0,0.0,,,11.0,
KS,2016,4,39,2015-09-27,,,0.0,4.0,0.0,0.0,0.0,,,24.0,
KS,2016,5,40,2015-10-04,,,0.0,20.0,0.0,0.0,0.0,,,46.0,
KS,2016,6,41,2015-10-11,,,0.0,34.0,0.0,0.0,0.0,,,69.0,
KS,2016,7,42,2015-10-18,,,0.0,51.0,0.0,0.0,0.0,,,82.0,
KS,2016,8,43,2015-10-25,,,0.0,67.0,0.0,0.0,0.0,,,91.0,
KS,2016,9,44,2015-11-01,,,0.0,77.0,0.0,0.0,0.0,,,96.0,
KS,2016,10,45,2015-11-08,,,0.0,87.0,0.0,0.0,0.0,,,100.0,
KS,2016,11,46,2015-11-15,,,0.0,94.0,0.0,0.0,0.0,,,100.0,
KS,2016,12,47,2015-11-22,,,0.0,97.0,0.0,0.0,0.0,,,100.0,
KS,2016,13,48,2015-11-29,,,0.0,99.0,0.0,0.0,0.0,,,100.0,
KS,2016,27,10,2016-03-13,,,0.0,99.0,0.0,0.0,6.0,,,100.0,
KS,2016,28,11,2016-03-20,,,0.0,99.0,0.0,0.0,20.0,,,100.0,
KS,2016,29,12,2016-03-27,,,0.0,99.0,0.0,0.0,30.0,,,100.0,
KS,2016,30,13,2016-04-03,,,0.0,99.0,0.0,0.0,42.0,,,100.0,
KS,2016,31,14,2016-04-10,,,0.0,99.0,0.0,0.0,60.0,,,100.0,
KS,2016,32,15,2016-04-17,,,0.0,99.0,0.0,3.0,77.0,,,100.0,
KS,2016,33,16,2016-04-24,,,0.0,99.0,0.0,23.0,93.0,,,100.0,
KS,2016,34,17,2016-05-01,,,0.0,99.0,0.0,49.0,97.0,,,100.0,
KS,2016,35,18,2016-05-08,,,1.0,99.0,0.0,73.0,97.0,,,100.0,
KS,2016,36,19,2016-05-15,,,5.0,99.0,0.0,89.0,97.0,,,100.0,
KS,2016,37,20,2016-05-22,,,16.0,99.0,0.0,96.0,97.0,,,100.0,
KS,2016,38,21,2016-05-29,,,41.0,99.0,0.0,98.0,97.0,,,100.0,
KS,2016,39,22,2016-06-05,,,70.0,99.0,0.0,99.0,97.0,,,100.0,
KS,2016,40,23,2016-06-12,,,92.0,99.0,5.0,100.0,97.0,,,100.0,
KS,2016,41,24,2016-06-19,,,98.0,99.0,25.0,100.0,97.0,,,100.0,
KS,2016,42,25,2016-06-26,,,98.0,99.0,58.0,100.0,97.0,,,100.0,
KS,2016,43,26,2016-07-03,,,98.0,99.0,79.0,100.0,97.0,,,100.0,
KS,2016,44,27,2016-07-10,,,98.0,99.0,91.0,100.0,97.0,,,100.0,
KS,2016,45,28,2016-07-17,,,98.0,99.0,98.0,100.0,97.0,,,100.0,
KS,2016,46,29,2016-07-24,,,98.0,99.0,99.0,100.0,97.0,,,100.0,
KS,2016,47,30,2016-07-31,,,98.0,99.0,100.0,100.0,97.0,,,100.0,
KS,2016,48,31,2016-08-07,,,98.0,99.0,100.0,100.0,97.0,,,100.0,
KS,2016,49,32,2016-08-14,,,98.0,99.0,100.0,100.0,97.0,,,100.0,
KS,2016,51,34,2016-08-28,,,98.0,99.0,100.0,100.0,97.0,,,0.0,
KS,2016,52,35,2016-09-04,,,98.0,99.0,100.0,100.0,97.0,,,1.0,
KS,2017,1,36,2016-09-11,,,0.0,0.0,0.0,0.0,0.0,0.0,,4.0,
KS,2017,2,37,2016-09-18,,,0.0,0.0,0.0,0.0,0.0,0.0,,9.0,
KS,2017,3,38,2016-09-25,,,0.0,3.0,0.0,0.0,0.0,0.0,,20.0,
KS,2017,4,39,2016-10-02,,,0.0,12.0,0.0,0.0,0.0,0.0,,40.0,
KS,2017,5,40,2016-10-09,,,0.0,29.0,0.0,0.0,0.0,0.0,,58.0,
KS,2017,6,41,2016-10-16,,,0.0,47.0,0.0,0.0,0.0,0.0,,73.0,
KS,2017,7,42,2016-10-23,,,0.0,63.0,0.0,0.0,0.0,0.0,,84.0,
KS,2017,8,43,2016-10-30,,,0.0,75.0,0.0,0.0,0.0,0.0,,92.0,
KS,2017,9,44,2016-11-06,,,0.0,84.0,0.0,0.0,0.0,0.0,,96.0,
KS,2017,10,45,2016-11-13,,,0.0,91.0,0.0,0.0,0.0,0.0,,97.0,
KS,2017,11,46,2016-11-20,,,0.0,94.0,0.0,0.0,0.0,0.0,,99.0,
KS,2017,12,47,2016-11-27,,,0.0,96.0,0.0,0.0,0.0,0.0,,99.0,
KS,2017,27,10,2017-03-12,,,0.0,96.0,0.0,0.0,5.0,0.0,,99.0,
KS,2017,28,11,2017-03-19,,,0.0,96.0,0.0,0.0,10.0,0.0,,99.0,
KS,2017,29,12,2017-03-26,,,0.0,96.0,0.0,0.0,17.0,0.0,,99.0,
KS,2017,30,13,2017-04-02,,,0.0,96.0,0.0,0.0,31.0,0.0,,99.0,
KS,2017,31,14,2017-04-09,,,0.0,96.0,0.0,1.0,43.0,0.0,,99.0,
KS,2017,32,15,2017-04-16,,,0.0,96.0,0.0,9.0,65.0,0.0,,99.0,
KS,2017,33,16,2017-04-23,,,0.0,96.0,0.0,25.0,82.0,0.0,,99.0,
KS,2017,34,17,2017-04-30,,,0.0,96.0,0.0,44.0,90.0,0.0,,99.0,
KS,2017,35,18,2017-05-07,,,0.0,96.0,0.0,59.0,96.0,0.0,,99.0,
KS,2017,36,19,2017-05-14,,,8.0,96.0,0.0,84.0,96.0,0.0,,99.0,
KS,2017,37,20,2017-05-21,,,23.0,96.0,0.0,94.0,96.0,0.0,,99.0,
KS,2017,38,21,2017-05-28,,,39.0,96.0,0.0,97.0,96.0,0.0,,99.0,
KS,2017,39,22,2017-06-04,,,62.0,96.0,0.0,99.0,96.0,7.0,,99.0,
KS,2017,40,23,2017-06-11,,,85.0,96.0,4.0,100.0,96.0,33.0,,99.0,
KS,2017,41,24,2017-06-18,,,96.0,96.0,22.0,100.0,96.0,61.0,,99.0,
KS,2017,42,25,2017-06-25,,,96.0,96.0,48.0,100.0,96.0,85.0,,99.0,
KS,2017,43,26,2017-07-02,,,96.0,96.0,73.0,100.0,96.0,96.0,,99.0,
KS,2017,44,27,2017-07-09,,,96.0,96.0,93.0,100.0,96.0,96.0,,99.0,
KS,2017,45,28,2017-07-16,,,96.0,96.0,98.0,100.0,96.0,96.0,,99.0,
KS,2017,46,29,2017-07-23,,,96.0,96.0,100.0,100.0,96.0,96.0,,99.0,
KS,2017,47,30,2017-07-30,,,96.0,96.0,100.0,100.0,96.0,96.0,,99.0,
KS,2017,48,31,2017-08-06,,,96.0,96.0,100.0,100.0,96.0,96.0,,99.0,
KS,2017,49,32,2017-08-13,,,96.0,96.0,100.0,100.0,96.0,96.0,,99.0,
KS,2017,52,35,2017-09-03,,,96.0,96.0,100.0,100.0,96.0,96.0,,1.0,
KS,2018,1,36,2017-09-10,,,0.0,0.0,0.0,0.0,0.0,0.0,,3.0,
KS,2018,2,37,2017-09-17,,,0.0,0.0,0.0,0.0,0.0,0.0,,7.0,
KS,2018,3,38,2017-09-24,,,0.0,3.0,0.0,0.0,0.0,0.0,,14.0,
KS,2018,4,39,2017-10-01,,,0.0,9.0,0.0,0.0,0.0,0.0,,21.0,
KS,2018,5,40,2017-10-08,,,0.0,15.0,0.0,0.0,0.0,0.0,,27.0,
KS,2018,6,41,2017-10-15,,,0.0,25.0,0.0,0.0,0.0,0.0,,42.0,
KS,2018,7,42,2017-10-22,,,0.0,41.0,0.0,0.0,0.0,0.0,,67.0,
KS,2018,8,43,2017-10-29,,,0.0,57.0,0.0,0.0,0.0,0.0,,84.0,
KS,2018,9,44,2017-11-05,,,0.0,73.0,0.0,0.0,0.0,0.0,,93.0,
KS,2018,10,45,2017-11-12,,,0.0,84.0,0.0,0.0,0.0,0.0,,97.0,
KS,2018,11,46,2017-11-19,,,0.0,90.0,0.0,0.0,0.0,0.0,,97.0,
KS,2018,12,47,2017-11-26,,,0.0,93.0,0.0,0.0,0.0,0.0,,97.0,
KS,2018,30,13,2018-04-01,,,0.0,93.0,0.0,0.0,0.0,0.0,,97.0,
KS,2018,31,14,2018-04-08,,,0.0,93.0,0.0,0.0,13.0,0.0,,97.0,
KS,2018,32,15,2018-04-15,,,0.0,93.0,0.0,0.0,22.0,0.0,,97.0,
KS,2018,33,16,2018-04-22,,,0.0,93.0,0.0,0.0,35.0,0.0,,97.0,
KS,2018,34,17,2018-04-29,,,0.0,93.0,0.0,2.0,52.0,0.0,,97.0,
KS,2018,35,18,2018-05-06,,,0.0,93.0,0.0,19.0,74.0,0.0,,97.0,
KS,2018,36,19,2018-05-13,,,0.0,93.0,0.0,42.0,86.0,0.0,,97.0,
KS,2018,37,20,2018-05-20,,,0.0,93.0,0.0,71.0,96.0,0.0,,97.0,
KS,2018,38,21,2018-05-27,,,15.0,93.0,0.0,89.0,99.0,0.0,,97.0,
KS,2018,39,22,2018-06-03,,,48.0,93.0,0.0,96.0,99.0,3.0,,97.0,
KS,2018,40,23,2018-06-10,,,80.0,93.0,2.0,98.0,99.0,29.0,,97.0,
KS,2018,41,24,2018-06-17,,,94.0,93.0,23.0,100.0,99.0,64.0,,97.0,
KS,2018,42,25,2018-06-24,,,98.0,93.0,52.0,100.0,99.0,85.0,,97.0,
KS,2018,43,26,2018-07-01,,,98.0,93.0,71.0,100.0,99.0,97.0,,97.0,
KS,2018,44,27,2018-07-08,,,98.0,93.0,92.0,100.0,99.0,97.0,,97.0,
KS,2018,45,28,2018-07-15,,,98.0,93.0,99.0,100.0,99.0,97.0,,97.0,
KS,2018,46,29,2018-07-22,,,98.0,93.0,100.0,100.0,99.0,97.0,,97.0,
KS,2018,47,30,2018-07-29,,,98.0,93.0,100.0,100.0,99.0,97.0,,97.0,
KS,2018,48,31,2018-08-05,,,98.0,93.0,100.0,100.0,99.0,97.0,,97.0,
KS,2018,49,32,2018-08-12,,,98.0,93.0,100.0,100.0,99.0,97.0,,97.0,
KS,2018,50,33,2018-08-19,,,98.0,93.0,100.0,100.0,99.0,97.0,,97.0,
KS,2018,51,34,2018-08-26,,,98.0,93.0,100.0,100.0,99.0,97.0,,0.0,
KS,2018,52,35,2018-09-02,,,98.0,93.0,100.0,100.0,99.0,97.0,,1.0,
KS,2019,1,36,2018-09-09,,,0.0,0.0,0.0,0.0,0.0,0.0,,3.0,
KS,2019,2,37,2018-09-16,,,0.0,1.0,0.0,0.0,0.0,0.0,,7.0,
KS,2019,3,38,2018-09-23,,,0.0,5.0,0.0,0.0,0.0,0.0,,21.0,
KS,2019,4,39,2018-09-30,,,0.0,17.0,0.0,0.0,0.0,0.0,,41.0,
KS,2019,5,40,2018-10-07,,,0.0,33.0,0.0,0.0,0.0,0.0,,58.0,
KS,2019,6,41,2018-10-14,,,0.0,44.0,0.0,0.0,0.0,0.0,,62.0,
KS,2019,7,42,2018-10-21,,,0.0,53.0,0.0,0.0,0.0,0.0,,67.0,
KS,2019,8,43,2018-10-28,,,0.0,62.0,0.0,0.0,0.0,0.0,,76.0,
KS,2019,9,44,2018-11-04,,,0.0,69.0,0.0,0.0,0.0,0.0,,83.0,
KS,2019,10,45,2018-11-11,,,0.0,77.0,0.0,0.0,0.0,0.0,,90.0,
KS,2019,11,46,2018-11-18,,,0.0,81.0,0.0,0.0,0.0,0.0,,95.0,
KS,2019,12,47,2018-11-25,,,0.0,87.0,0.0,0.0,0.0,0.0,,96.0,
KS,2019,30,13,2019-03-31,,,0.0,87.0,0.0,0.0,2.0,0.0,,96.0,
KS,2019,31,14,2019-04-07,,,0.0,87.0,0.0,0.0,11.0,0.0,,96.0,
KS,2019,32,15,2019-04-14,,,0.0,87.0,0.0,0.0,26.0,0.0,,96.0,
KS,2019,33,16,2019-04-21,,,0.0,87.0,0.0,0.0,44.0,0.0,,96.0,
KS,2019,34,17,2019-04-28,,,0.0,87.0,0.0,4.0,64.0,0.0,,96.0,
KS,2019,35,18,2019-05-05,,,0.0,87.0,0.0,14.0,80.0,0.0,,96.0,
KS,2019,36,19,2019-05-12,,,0.0,87.0,0.0,35.0,89.0,0.0,,96.0,
KS,2019,37,20,2019-05-19,,,0.0,87.0,0.0,61.0,95.0,0.0,,96.0,
KS,2019,38,21,2019-05-26,,,7.0,87.0,0.0,84.0,95.0,0.0,,96.0,
KS,2019,39,22,2019-06-02,,,16.0,87.0,0.0,95.0,95.0,0.0,,96.0,
KS,2019,40,23,2019-06-09,,,49.0,87.0,0.0,96.0,95.0,2.0,,96.0,
KS,2019,41,24,2019-06-16,,,79.0,87.0,1.0,97.0,95.0,21.0,,96.0,
KS,2019,42,25,2019-06-23,,,92.0,87.0,5.0,98.0,95.0,47.0,,96.0,
KS,2019,43,26,2019-06-30,,,98.0,87.0,28.0,100.0,95.0,76.0,,96.0,
KS,2019,44,27,2019-07-07,,,98.0,87.0,61.0,100.0,95.0,92.0,,96.0,
KS,2019,45,28,2019-07-14,,,98.0,87.0,81.0,100.0,95.0,98.0,,96.0,
KS,2019,46,29,2019-07-21,,,98.0,87.0,96.0,100.0,95.0,98.0,,96.0,
KS,2019,47,30,2019-07-28,,,98.0,87.0,98.0,100.0,95.0,98.0,,96.0,
KS,2019,48,31,2019-08-04,,,98.0,87.0,99.0,100.0,95.0,98.0,,96.0,
KS,2019,49,32,2019-08-11,,,98.0,87.0,100.0,100.0,95.0,98.0,,96.0,
KS,2019,50,33,2019-08-18,,,98.0,87.0,100.0,100.0,95.0,98.0,,96.0,
KS,2019,51,34,2019-08-25,,,98.0,87.0,100.0,100.0,95.0,98.0,,96.0,
KS,2019,52,35,2019-09-01,,,98.0,87.0,100.0,100.0,95.0,98.0,,0.0,
KS,2020,1,36,2019-09-08,,,0.0,0.0,0.0,0.0,0.0,0.0,,1.0,
KS,2020,2,37,2019-09-15,,,0.0,0.0,0.0,0.0,0.0,0.0,,6.0,
KS,2020,3,38,2019-09-22,,,0.0,3.0,0.0,0.0,0.0,0.0,,15.0,
KS,2020,4,39,2019-09-29,,,0.0,12.0,0.0,0.0,0.0,0.0,,30.0,
KS,2020,5,40,2019-10-06,,,0.0,24.0,0.0,0.0,0.0,0.0,,45.0,
KS,2020,6,41,2019-10-13,,,0.0,37.0,0.0,0.0,0.0,0.0,,62.0,
KS,2020,7,42,2019-10-20,,,0.0,49.0,0.0,0.0,0.0,0.0,,77.0,
KS,2020,8,43,2019-10-27,,,0.0,62.0,0.0,0.0,0.0,0.0,,88.0,
KS,2020,9,44,2019-11-03,,,0.0,72.0,0.0,0.0,0.0,0.0,,94.0,
KS,2020,10,45,2019-11-10,,,0.0,79.0,0.0,0.0,0.0,0.0,,96.0,
KS,2020,11,46,2019-11-17,,,0.0,86.0,0.0,0.0,0.0,0.0,,98.0,
KS,2020,12,47,2019-11-24,,,0.0,89.0,0.0,0.0,0.0,0.0,,98.0,
KS,2020,13,48,2019-12-01,,,0.0,92.0,0.0,0.0,0.0,0.0,,98.0,
KS,2020,14,49,2019-12-08,,,0.0,94.0,0.0,0.0,0.0,0.0,,98.0,
KS,2020,30,13,2020-03-29,,,0.0,94.0,0.0,0.0,3.0,0.0,,98.0,
KS,2020,31,14,2020-04-05,,,0.0,94.0,0.0,0.0,20.0,0.0,,98.0,
KS,2020,32,15,2020-04-12,,,0.0,94.0,0.0,0.0,34.0,0.0,,98.0,
KS,2020,33,16,2020-04-19,,,0.0,94.0,0.0,0.0,50.0,0.0,,98.0,
KS,2020,34,17,2020-04-26,,,0.0,94.0,0.0,2.0,64.0,0.0,,98.0,
KS,2020,35,18,2020-05-03,,,0.0,94.0,0.0,17.0,79.0,0.0,,98.0,
KS,2020,36,19,2020-05-10,,,0.0,94.0,0.0,39.0,89.0,0.0,,98.0,
KS,2020,37,20,2020-05-17,,,0.0,94.0,0.0,61.0,94.0,0.0,,98.0,
KS,2020,38,21,2020-05-24,,,6.0,94.0,0.0,84.0,98.0,0.0,,98.0,
KS,2020,39,22,2020-05-31,,,17.0,94.0,0.0,94.0,98.0,0.0,,98.0,
KS,2020,40,23,2020-06-07,,,61.0,94.0,0.0,98.0,98.0,4.0,,98.0,
KS,2020,41,24,2020-06-14,,,89.0,94.0,9.0,99.0,98.0,32.0,,98.0,
KS,2020,42,25,2020-06-21,,,97.0,94.0,25.0,100.0,98.0,68.0,,98.0,
KS,2020,43,26,2020-06-28,,,97.0,94.0,47.0,100.0,98.0,90.0,,98.0,
KS,2020,44,27,2020-07-05,,,97.0,94.0,80.0,100.0,98.0,98.0,,98.0,
KS,2020,45,28,2020-07-12,,,97.0,94.0,95.0,100.0,98.0,98.0,,98.0,
KS,2020,46,29,2020-07-19,,,97.0,94.0,97.0,100.0,98.0,98.0,,98.0,
KS,2020,47,30,2020-07-26,,,97.0,94.0,99.0,100.0,98.0,98.0,,98.0,
KS,2020,48,31,2020-08-02,,,97.0,94.0,100.0,100.0,98.0,98.0,,98.0,
KS,2020,49,32,2020-08-09,,,97.0,94.0,100.0,100.0,98.0,98.0,,98.0,
KS,2020,50,33,2020-08-16,,,97.0,94.0,100.0,100.0,98.0,98.0,,98.0,
KS,2020,51,34,2020-08-23,,,97.0,94.0,100.0,100.0,98.0,98.0,,98.0,
KS,2021,1,36,2020-09-06,,,0.0,0.0,0.0,0.0,0.0,0.0,,0.0,
KS,2021,2,37,2020-09-13,,,0.0,0.0,0.0,0.0,0.0,0.0,,2.0,
KS,2021,3,38,2020-09-20,,,0.0,1.0,0.0,0.0,0.0,0.0,,14.0,
KS,2021,4,39,2020-09-27,,,0.0,10.0,0.0,0.0,0.0,0.0,,35.0,
KS,2021,5,40,2020-10-04,,,0.0,29.0,0.0,0.0,0.0,0.0,,56.0,
KS,2021,6,41,2020-10-11,,,0.0,50.0,0.0,0.0,0.0,0.0,,74.0,
KS,2021,7,42,2020-10-18,,,0.0,61.0,0.0,0.0,0.0,0.0,,84.0,
KS,2021,8,43,2020-10-25,,,0.0,70.0,0.0,0.0,0.0,0.0,,92.0,
KS,2021,9,44,2020-11-01,,,0.0,77.0,0.0,0.0,0.0,0.0,,95.0,
KS,2021,10,45,2020-11-08,,,0.0,84.0,0.0,0.0,0.0,0.0,,97.0,
KS,2021,11,46,2020-11-15,,,0.0,88.0,0.0,0.0,0.0,0.0,,98.0,
KS,2021,12,47,2020-11-22,,,0.0,92.0,0.0,0.0,0.0,0.0,,98.0,
KS,2021,13,48,2020-11-29,,,0.0,95.0,0.0,0.0,0.0,0.0,,98.0,
KS,2021,30,13,2021-04-04,,,0.0,95.0,0.0,0.0,10.0,0.0,,98.0,
KS,2021,31,14,2021-04-11,,,0.0,95.0,0.0,0.0,29.0,0.0,,98.0,
KS,2021,32,15,2021-04-18,,,0.0,95.0,0.0,0.0,50.0,0.0,,98.0,
KS,2021,33,16,2021-04-25,,,0.0,95.0,0.0,2.0,68.0,0.0,,98.0,
KS,2021,34,17,2021-05-02,,,0.0,95.0,0.0,12.0,83.0,0.0,,98.0,
KS,2021,35,18,2021-05-09,,,0.0,95.0,0.0,28.0,91.0,0.0,,98.0,
KS,2021,36,19,2021-05-16,,,0.0,95.0,0.0,58.0,96.0,0.0,,98.0,
KS,2021,37,20,2021-05-23,,,2.0,95.0,0.0,84.0,96.0,0.0,,98.0,
KS,2021,38,21,2021-05-30,,,14.0,95.0,0.0,95.0,96.0,0.0,,98.0,
KS,2021,39,22,2021-06-06,,,49.0,95.0,0.0,96.0,96.0,2.0,,98.0,
KS,2021,40,23,2021-06-13,,,79.0,95.0,0.0,98.0,96.0,18.0,,98.0,
KS,2021,41,24,2021-06-20,,,92.0,95.0,13.0,99.0,96.0,60.0,,98.0,
KS,2021,42,25,2021-06-27,,,98.0,95.0,41.0,99.0,96.0,83.0,,98.0,
KS,2021,43,26,2021-07-04,,,98.0,95.0,62.0,99.0,96.0,96.0,,98.0,
KS,2021,44,27,2021-07-11,,,98.0,95.0,85.0,99.0,96.0,96.0,,98.0,
KS,2021,45,28,2021-07-18,,,98.0,95.0,96.0,99.0,96.0,96.0,,98.0,
KS,2021,46,29,2021-07-25,,,98.0,95.0,98.0,99.0,96.0,96.0,,98.0,
KS,2021,47,30,2021-08-01,,,98.0,95.0,100.0,99.0,96.0,96.0,,98.0,
KS,2021,48,31,2021-08-08,,,98.0,95.0,100.0,99.0,96.0,96.0,,98.0,
KS,2021,52,35,2021-09-05,,,98.0,95.0,100.0,99.0,96.0,96.0,,0.0,
KS,2022,1,36,2021-09-12,,,0.0,0.0,0.0,0.0,0.0,0.0,,4.0,
KS,2022,2,37,2021-09-19,,,0.0,1.0,0.0,0.0,0.0,0.0,,13.0,
KS,2022,3,38,2021-09-26,,,0.0,6.0,0.0,0.0,0.0,0.0,,27.0,
KS,2022,4,39,2021-10-03,,,0.0,16.0,0.0,0.0,0.0,0.0,,42.0,
KS,2022,5,40,2021-10-10,,,0.0,31.0,0.0,0.0,0.0,0.0,,63.0,
KS,2022,6,41,2021-10-17,,,0.0,47.0,0.0,0.0,0.0,0.0,,75.0,
KS,2022,7,42,2021-10-24,,,0.0,59.0,0.0,0.0,0.0,0.0,,84.0,
KS,2022,8,43,2021-10-31,,,0.0,71.0,0.0,0.0,0.0,0.0,,91.0,
KS,2022,9,44,2021-11-07,,,0.0,80.0,0.0,0.0,0.0,0.0,,95.0,
KS,2022,10,45,2021-11-14,,,0.0,86.0,0.0,0.0,0.0,0.0,,96.0,
KS,2022,11,46,2021-11-21,,,0.0,89.0,0.0,0.0,0.0,0.0,,98.0,
KS,2022,12,47,2021-11-28,,,0.0,96.0,0.0,0.0,0.0,0.0,,98.0,
KS,2022,29,12,2022-03-27,,,0.0,96.0,0.0,0.0,1.0,0.0,,98.0,
KS,2022,30,13,2022-04-03,,,0.0,96.0,0.0,0.0,11.0,0.0,,98.0,
KS,2022,31,14,2022-04-10,,,0.0,96.0,0.0,0.0,20.0,0.0,,98.0,
KS,2022,32,15,2022-04-17,,,0.0,96.0,0.0,0.0,34.0,0.0,,98.0,
KS,2022,33,16,2022-04-24,,,0.0,96.0,0.0,0.0,49.0,0.0,,98.0,
KS,2022,34,17,2022-05-01,,,0.0,96.0,0.0,10.0,67.0,0.0,,98.0,
KS,2022,35,18,2022-05-08,,,0.0,96.0,0.0,30.0,83.0,0.0,,98.0,
KS,2022,36,19,2022-05-15,,,0.0,96.0,0.0,60.0,93.0,0.0,,98.0,
KS,2022,37,20,2022-05-22,,,5.0,96.0,0.0,86.0,98.0,0.0,,98.0,
KS,2022,38,21,2022-05-29,,,31.0,96.0,0.0,95.0,98.0,0.0,,98.0,
KS,2022,39,22,2022-06-05,,,61.0,96.0,0.0,98.0,98.0,2.0,,98.0,
KS,2022,40,23,2022-06-12,,,81.0,96.0,2.0,99.0,98.0,31.0,,98.0,
KS,2022,41,24,2022-06-19,,,94.0,96.0,27.0,100.0,98.0,70.0,,98.0,
KS,2022,42,25,2022-06-26,,,97.0,96.0,59.0,100.0,98.0,86.0,,98.0,
KS,2022,43,26,2022-07-03,,,100.0,96.0,83.0,100.0,98.0,98.0,,98.0,
KS,2022,44,27,2022-07-10,,,100.0,96.0,95.0,100.0,98.0,98.0,,98.0,
KS,2022,45,28,2022-07-17,,,100.0,96.0,99.0,100.0,98.0,98.0,,98.0,
KS,2022,46,29,2022-07-24,,,100.0,96.0,100.0,100.0,98.0,98.0,,98.0,
KS,2022,47,30,2022-07-31,,,100.0,96.0,100.0,100.0,98.0,98.0,,98.0,
KS,2022,48,31,2022-08-07,,,100.0,96.0,100.0,100.0,98.0,98.0,,98.0,
KS,2022,49,32,2022-08-14,,,100.0,96.0,100.0,100.0,98.0,98.0,,98.0,
KS,2022,50,33,2022-08-21,,,100.0,96.0,100.0,100.0,98.0,98.0,,98.0,
KS,2022,52,35,2022-09-04,,,100.0,96.0,100.0,100.0,98.0,98.0,,0.0,
KS,2023,1,36,2022-09-11,,,0.0,0.0,0.0,0.0,0.0,0.0,,3.0,
KS,2023,2,37,2022-09-18,,,0.0,0.0,0.0,0.0,0.0,0.0,,15.0,
KS,2023,3,38,2022-09-25,,,0.0,3.0,0.0,0.0,0.0,0.0,,19.0,
KS,2023,4,39,2022-10-02,,,0.0,6.0,0.0,0.0,0.0,0.0,,30.0,
KS,2023,5,40,2022-10-09,,,0.0,19.0,0.0,0.0,0.0,0.0,,50.0,
KS,2023,6,41,2022-10-16,,,0.0,33.0,0.0,0.0,0.0,0.0,,64.0,
KS,2023,7,42,2022-10-23,,,0.0,46.0,0.0,0.0,0.0,0.0,,76.0,
KS,2023,8,43,2022-10-30,,,0.0,58.0,0.0,0.0,0.0,0.0,,87.0,
KS,2023,9,44,2022-11-06,,,0.0,68.0,0.0,0.0,0.0,0.0,,93.0,
KS,2023,10,45,2022-11-13,,,0.0,75.0,0.0,0.0,0.0,0.0,,96.0,
KS,2023,11,46,2022-11-20,,,0.0,81.0,0.0,0.0,0.0,0.0,,96.0,
KS,2023,12,47,2022-11-27,,,0.0,87.0,0.0,0.0,0.0,0.0,,96.0,
KS,2023,13,48,2022-12-04,,,0.0,89.0,0.0,0.0,0.0,0.0,,96.0,
KS,2023,29,12,2023-03-26,,,0.0,89.0,0.0,0.0,4.0,0.0,,96.0,
KS,2023,30,13,2023-04-02,,,0.0,89.0,0.0,0.0,10.0,0.0,,96.0,
KS,2023,31,14,2023-04-09,,,0.0,89.0,0.0,0.0,17.0,0.0,,96.0,
KS,2023,32,15,2023-04-16,,,0.0,89.0,0.0,0.0,27.0,0.0,,96.0,
KS,2023,33,16,2023-04-23,,,0.0,89.0,0.0,3.0,46.0,0.0,,96.0,
KS,2023,34,17,2023-04-30,,,0.0,89.0,0.0,11.0,61.0,0.0,,96.0,
KS,2023,35,18,2023-05-07,,,0.0,89.0,0.0,32.0,78.0,0.0,,96.0,
KS,2023,36,19,2023-05-14,,,0.0,89.0,0.0,54.0,87.0,0.0,,96.0,
KS,2023,37,20,2023-05-21,,,0.0,89.0,0.0,73.0,92.0,0.0,,96.0,
KS,2023,38,21,2023-05-28,,,0.0,89.0,0.0,84.0,95.0,0.0,,96.0,
KS,2023,39,22,2023-06-04,,,0.0,89.0,0.0,93.0,95.0,0.0,,96.0,
KS,2023,40,23,2023-06-11,,,68.0,89.0,1.0,97.0,95.0,25.0,,96.0,
KS,2023,41,24,2023-06-18,,,80.0,89.0,8.0,98.0,95.0,40.0,,96.0,
KS,2023,42,25,2023-06-25,,,91.0,89.0,21.0,100.0,95.0,58.0,,96.0,
KS,2023,43,26,2023-07-02,,,95.0,89.0,46.0,100.0,95.0,81.0,,96.0,
KS,2023,44,27,2023-07-09,,,95.0,89.0,59.0,100.0,95.0,92.0,,96.0,
KS,2023,45,28,2023-07-16,,,95.0,89.0,71.0,100.0,95.0,97.0,,96.0,
KS,2023,46,29,2023-07-23,,,95.0,89.0,87.0,100.0,95.0,99.0,,96.0,
KS,2023,47,30,2023-07-30,,,95.0,89.0,95.0,100.0,95.0,99.0,,96.0,
KS,2023,48,31,2023-08-06,,,95.0,89.0,98.0,100.0,95.0,99.0,,96.0,
KS,2023,49,32,2023-08-13,,,95.0,89.0,99.0,100.0,95.0,99.0,,96.0,
KS,2023,50,33,2023-08-20,,,95.0,89.0,100.0,100.0,95.0,99.0,,96.0,
KS,2023,52,35,2023-09-03,,,95.0,89.0,100.0,100.0,95.0,99.0,,1.0,
KS,2024,1,36,2023-09-10,,,0.0,0.0,0.0,0.0,0.0,0.0,,4.0,
KS,2024,2,37,2023-09-17,,,0.0,1.0,0.0,0.0,0.0,0.0,,8.0,
KS,2024,3,38,2023-09-24,,,0.0,4.0,0.0,0.0,0.0,0.0,,18.0,
KS,2024,4,39,2023-10-01,,,0.0,14.0,0.0,0.0,0.0,0.0,,37.0,
KS,2024,5,40,2023-10-08,,,0.0,28.0,0.0,0.0,0.0,0.0,,57.0,
KS,2024,6,41,2023-10-15,,,0.0,38.0,0.0,0.0,0.0,0.0,,70.0,
KS,2024,7,42,2023-10-22,,,0.0,57.0,0.0,0.0,0.0,0.0,,85.0,
KS,2024,8,43,2023-10-29,,,0.0,70.0,0.0,0.0,0.0,0.0,,91.0,
KS,2024,9,44,2023-11-05,,,0.0,81.0,0.0,0.0,0.0,0.0,,96.0,
KS,2024,10,45,2023-11-12,,,0.0,86.0,0.0,0.0,0.0,0.0,,97.0,
KS,2024,11,46,2023-11-19,,,0.0,91.0,0.0,0.0,0.0,0.0,,98.0,
KS,2024,12,47,2023-11-26,,,0.0,93.0,0.0,0.0,0.0,0.0,,98.0,
KS,2024,13,48,2023-12-03,,,0.0,96.0,0.0,0.0,0.0,0.0,,98.0,
KS,2024,29,12,2024-03-24,,,0.0,96.0,0.0,0.0,7.0,0.0,,98.0,
KS,2024,30,13,2024-03-31,,,0.0,96.0,0.0,0.0,16.0,0.0,,98.0,
KS,2024,31,14,2024-04-07,,,0.0,96.0,0.0,0.0,30.0,0.0,,98.0,
KS,2024,32,15,2024-04-14,,,0.0,96.0,0.0,0.0,52.0,0.0,,98.0,
KS,2024,33,16,2024-04-21,,,0.0,96.0,0.0,4.0,72.0,0.0,,98.0,
KS,2024,34,17,2024-04-28,,,0.0,96.0,0.0,33.0,84.0,0.0,,98.0,
KS,2024,35,18,2024-05-05,,,0.0,96.0,0.0,54.0,93.0,0.0,,98.0,
KS,2024,36,19,2024-05-12,,,1.0,96.0,0.0,73.0,97.0,0.0,,98.0,
KS,2024,37,20,2024-05-19,,,24.0,96.0,0.0,90.0,97.0,0.0,,98.0,
KS,2024,38,21,2024-05-26,,,53.0,96.0,0.0,94.0,97.0,2.0,,98.0,
KS,2024,39,22,2024-06-02,,,70.0,96.0,0.0,97.0,97.0,25.0,,98.0,
KS,2024,40,23,2024-06-09,,,90.0,96.0,5.0,99.0,97.0,52.0,,98.0,
KS,2024,41,24,2024-06-16,,,98.0,96.0,28.0,100.0,97.0,76.0,,98.0,
KS,2024,42,25,2024-06-23,,,98.0,96.0,53.0,100.0,97.0,94.0,,98.0,
KS,2024,43,26,2024-06-30,,,98.0,96.0,80.0,100.0,97.0,98.0,,98.0,
KS,2024,44,27,2024-07-07,,,98.0,96.0,92.0,100.0,97.0,98.0,,98.0,
KS,2024,45,28,2024-07-14,,,98.0,96.0,97.0,100.0,97.0,98.0,,98.0,
KS,2024,46,29,2024-07-21,,,98.0,96.0,99.0,100.0,97.0,98.0,,98.0,
KS,2024,47,30,2024-07-28,,,98.0,96.0,99.0,100.0,97.0,98.0,,98.0,
KS,2024,48,31,2024-08-04,,,98.0,96.0,100.0,100.0,97.0,98.0,,98.0,
KS,2024,49,32,2024-08-11,,,98.0,96.0,100.0,100.0,97.0,98.0,,98.0,
KS,2024,50,33,2024-08-18,,,98.0,96.0,100.0,100.0,97.0,98.0,,98.0,
KS,2024,52,35,2024-09-01,,,98.0,96.0,100.0,100.0,97.0,98.0,,1.0,
KS,2025,1,36,2024-09-08,,,0.0,0.0,0.0,0.0,0.0,0.0,,4.0,
KS,2025,2,37,2024-09-15,,,0.0,0.0,0.0,0.0,0.0,0.0,,9.0,
KS,2025,3,38,2024-09-22,,,0.0,2.0,0.0,0.0,0.0,0.0,,16.0,
KS,2025,4,39,2024-09-29,,,0.0,10.0,0.0,0.0,0.0,0.0,,32.0,
KS,2025,5,40,2024-10-06,,,0.0,21.0,0.0,0.0,0.0,0.0,,52.0,
KS,2025,6,41,2024-10-13,,,0.0,36.0,0.0,0.0,0.0,0.0,,68.0,
KS,2025,7,42,2024-10-20,,,0.0,48.0,0.0,0.0,0.0,0.0,,78.0,
KS,2025,8,43,2024-10-27,,,0.0,63.0,0.0,0.0,0.0,0.0,,87.0,
KS,2025,9,44,2024-11-03,,,0.0,76.0,0.0,0.0,0.0,0.0,,94.0,
KS,2025,10,45,2024-11-10,,,0.0,84.0,0.0,0.0,0.0,0.0,,97.0,
KS,2025,11,46,2024-11-17,,,0.0,91.0,0.0,0.0,0.0,0.0,,99.0,
KS,2025,12,47,2024-11-24,,,0.0,96.0,0.0,0.0,0.0,0.0,,100.0,
KS,2025,30,13,2025-03-30,,,0.0,96.0,0.0,0.0,9.0,0.0,,100.0,
KS,2025,31,14,2025-04-06,,,0.0,96.0,0.0,0.0,27.0,0.0,,100.0,
KS,2025,32,15,2025-04-13,,,0.0,96.0,0.0,0.0,46.0,0.0,,100.0,
KS,2025,33,16,2025-04-20,,,0.0,96.0,0.0,6.0,66.0,0.0,,100.0,
KS,2025,34,17,2025-04-27,,,0.0,96.0,0.0,19.0,78.0,0.0,,100.0,
KS,2025,35,18,2025-05-04,,,0.0,96.0,0.0,45.0,87.0,0.0,,100.0,
KS,2025,36,19,2025-05-11,,,0.0,96.0,0.0,71.0,92.0,0.0,,100.0,
KS,2025,37,20,2025-05-18,,,7.0,96.0,0.0,84.0,96.0,0.0,,100.0,
KS,2025,38,21,2025-05-25,,,33.0,96.0,0.0,93.0,98.0,0.0,,100.0,
KS,2025,39,22,2025-06-01,,,53.0,96.0,0.0,96.0,98.0,1.0,,100.0,
KS,2025,40,23,2025-06-08,,,71.0,96.0,0.0,97.0,98.0,13.0,,100.0,
KS,2025,41,24,2025-06-15,,,88.0,96.0,3.0,98.0,98.0,39.0,,100.0,
KS,2025,42,25,2025-06-22,,,97.0,96.0,20.0,100.0,98.0,75.0,,100.0,
KS,2025,43,26,2025-06-29,,,97.0,96.0,53.0,100.0,98.0,94.0,,100.0,
KS,2025,44,27,2025-07-06,,,97.0,96.0,82.0,100.0,98.0,99.0,,100.0,
KS,2025,45,28,2025-07-13,,,97.0,96.0,93.0,100.0,98.0,99.0,,100.0,
KS,2025,46,29,2025-07-20,,,97.0,96.0,97.0,100.0,98.0,99.0,,100.0,
KS,2025,47,30,2025-07-27,,,97.0,96.0,99.0,100.0,98.0,99.0,,100.0,
KS,2025,48,31,2025-08-03,,,97.0,96.0,100.0,100.0,98.0,99.0,,100.0,
KS,2025,49,32,2025-08-10,,,97.0,96.0,100.0,100.0,98.0,99.0,,100.0,
KS,2025,50,33,2025-08-17,,,97.0,96.0,100.0,100.0,98.0,99.0,,100.0,
KS,2025,51,34,2025-08-24,,,97.0,96.0,100.0,100.0,98.0,99.0,,100.0,
KS,2025,52,35,2025-08-31,,,97.0,96.0,100.0,100.0,98.0,99.0,,100.0,
KS,2026,1,36,2025-09-07,,,0.0,0.0,0.0,0.0,0.0,0.0,,1.0,
KS,2026,2,37,2025-09-14,,,0.0,0.0,0.0,0.0,0.0,0.0,,4.0,
KS,2026,3,38,2025-09-21,,,0.0,1.0,0.0,0.0,0.0,0.0,,9.0,
KS,2026,4,39,2025-09-28,,,0.0,5.0,0.0,0.0,0.0,0.0,,17.0,
KS,2026,11,46,2025-11-16,,,0.0,85.0,0.0,0.0,0.0,0.0,,95.0,
KS,2026,12,47,2025-11-23,,,0.0,90.0,0.0,0.0,0.0,0.0,,100.0,
KY,2016,4,39,2015-09-27,,,0.0,0.0,0.0,0.0,,0.0,,3.0,
KY,2016,5,40,2015-10-04,,,0.0,0.0,0.0,0.0,,0.0,,9.0,
KY,2016,6,41,2015-10-11,,,0.0,3.0,0.0,0.0,,0.0,,19.0,
KY,2016,7,42,2015-10-18,,,0.0,11.0,0.0,0.0,,0.0,,35.0,
KY,2016,8,43,2015-10-25,,,0.0,20.0,0.0,0.0,,0.0,,56.0,
KY,2016,9,44,2015-11-01,,,0.0,37.0,0.0,0.0,,0.0,,66.0,
KY,2016,10,45,2015-11-08,,,0.0,48.0,0.0,0.0,,0.0,,79.0,
KY,2016,11,46,2015-11-15,,,0.0,65.0,0.0,0.0,,0.0,,88.0,
KY,2016,12,47,2015-11-22,,,0.0,81.0,0.0,0.0,,0.0,,94.0,
KY,2016,32,15,2016-04-17,,,0.0,81.0,0.0,4.0,,0.0,,94.0,
KY,2016,33,16,2016-04-24,,,0.0,81.0,0.0,29.0,,0.0,,94.0,
KY,2016,34,17,2016-05-01,,,0.0,81.0,0.0,53.0,,0.0,,94.0,
KY,2016,35,18,2016-05-08,,,0.0,81.0,0.0,80.0,,0.0,,94.0,
KY,2016,36,19,2016-05-15,,,0.0,81.0,0.0,91.0,,0.0,,94.0,
KY,2016,37,20,2016-05-22,,,0.0,81.0,0.0,95.0,,0.0,,94.0,
KY,2016,38,21,2016-05-29,,,30.0,81.0,0.0,95.0,,0.0,,94.0,
KY,2016,39,22,2016-06-05,,,70.0,81.0,0.0,95.0,,13.0,,94.0,
KY,2016,40,23,2016-06-12,,,91.0,81.0,15.0,95.0,,71.0,,94.0,
KY,2016,41,24,2016-06-19,,,97.0,81.0,48.0,95.0,,91.0,,94.0,
KY,2016,42,25,2016-06-26,,,97.0,81.0,81.0,95.0,,98.0,,94.0,
KY,2016,43,26,2016-07-03,,,97.0,81.0,95.0,95.0,,98.0,,94.0,
KY,2017,3,38,2016-09-25,,,0.0,0.0,0.0,0.0,,0.0,,2.0,
KY,2017,4,39,2016-10-02,,,0.0,0.0,0.0,0.0,,0.0,,5.0,
KY,2017,5,40,2016-10-09,,,0.0,2.0,0.0,0.0,,0.0,,13.0,
KY,2017,6,41,2016-10-16,,,0.0,9.0,0.0,0.0,,0.0,,30.0,
KY,2017,7,42,2016-10-23,,,0.0,26.0,0.0,0.0,,0.0,,52.0,
KY,2017,8,43,2016-10-30,,,0.0,41.0,0.0,0.0,,0.0,,75.0,
KY,2017,9,44,2016-11-06,,,0.0,53.0,0.0,0.0,,0.0,,86.0,
KY,2017,10,45,2016-11-13,,,0.0,68.0,0.0,0.0,,0.0,,93.0,
KY,2017,11,46,2016-11-20,,,0.0,77.0,0.0,0.0,,0.0,,95.0,
KY,2017,12,47,2016-11-27,,,0.0,83.0,0.0,0.0,,0.0,,95.0,
KY,2017,32,15,2017-04-16,,,0.0,83.0,0.0,20.0,,0.0,,95.0,
KY,2017,33,16,2017-04-23,,,0.0,83.0,0.0,45.0,,0.0,,95.0,
KY,2017,34,17,2017-04-30,,,0.0,83.0,0.0,76.0,,0.0,,95.0,
KY,2017,35,18,2017-05-07,,,0.0,83.0,0.0,88.0,,0.0,,95.0,
KY,2017,36,19,2017-05-14,,,0.0,83.0,0.0,97.0,,0.0,,95.0,
KY,2017,38,21,2017-05-28,,,83.0,83.0,0.0,97.0,,0.0,,95.0,
KY,2017,39,22,2017-06-04,,,96.0,83.0,0.0,97.0,,64.0,,95.0,
KY,2017,40,23,2017-06-11,,,96.0,83.0,21.0,97.0,,91.0,,95.0,
KY,2017,41,24,2017-06-18,,,96.0,83.0,73.0,97.0,,96.0,,95.0,
KY,2017,42,25,2017-06-25,,,96.0,83.0,89.0,97.0,,96.0,,95.0,
KY,2017,43,26,2017-07-02,,,96.0,83.0,95.0,97.0,,96.0,,95.0,
KY,2018,3,38,2017-09-24,,,0.0,0.0,0.0,0.0,,,,1.0,
KY,2018,4,39,2017-10-01,,,0.0,0.0,0.0,0.0,,,,7.0,
KY,2018,5,40,2017-10-08,,,0.0,2.0,0.0,0.0,,,,12.0,
KY,2018,6,41,2017-10-15,,,0.0,7.0,0.0,0.0,,,,19.0,
KY,2018,7,42,2017-10-22,,,0.0,14.0,0.0,0.0,,,,37.0,
KY,2018,8,43,2017-10-29,,,0.0,24.0,0.0,0.0,,,,55.0,
KY,2018,9,44,2017-11-05,,,0.0,43.0,0.0,0.0,,,,71.0,
KY,2018,10,45,2017-11-12,,,0.0,58.0,0.0,0.0,,,,77.0,
KY,2018,11,46,2017-11-19,,,0.0,69.0,0.0,0.0,,,,83.0,
KY,2018,12,47,2017-11-26,,,0.0,76.0,0.0,0.0,,,,88.0,
KY,2018,32,15,2018-04-15,,,0.0,76.0,0.0,1.0,,,,88.0,
KY,2018,33,16,2018-04-22,,,0.0,76.0,0.0,2.0,,,,88.0,
KY,2018,34,17,2018-04-29,,,0.0,76.0,0.0,5.0,,,,88.0,
KY,2018,35,18,2018-05-06,,,0.0,76.0,0.0,41.0,,,,88.0,
KY,2018,36,19,2018-05-13,,,0.0,76.0,0.0,75.0,,,,88.0,
KY,2018,37,20,2018-05-20,,,0.0,76.0,0.0,87.0,,,,88.0,
KY,2018,38,21,2018-05-27,,,0.0,76.0,0.0,91.0,,,,88.0,
KY,2018,39,22,2018-06-03,,,0.0,76.0,0.0,96.0,,,,88.0,
KY,2018,40,23,2018-06-10,,,80.0,76.0,0.0,96.0,,,,88.0,
KY,2018,41,24,2018-06-17,,,80.0,76.0,44.0,96.0,,,,88.0,
KY,2018,42,25,2018-06-24,,,80.0,76.0,81.0,96.0,,,,88.0,
KY,2018,43,26,2018-07-01,,,80.0,76.0,93.0,96.0,,,,88.0,
KY,2019,3,38,2018-09-23,,,0.0,0.0,0.0,0.0,,0.0,,2.0,
KY,2019,4,39,2018-09-30,,,0.0,0.0,0.0,0.0,,0.0,,5.0,
KY,2019,5,40,2018-10-07,,,0.0,3.0,0.0,0.0,,0.0,,12.0,
KY,2019,6,41,2018-10-14,,,0.0,5.0,0.0,0.0,,0.0,,23.0,
KY,2019,7,42,2018-10-21,,,0.0,13.0,0.0,0.0,,0.0,,36.0,
KY,2019,8,43,2018-10-28,,,0.0,24.0,0.0,0.0,,0.0,,51.0,
KY,2019,9,44,2018-11-04,,,0.0,33.0,0.0,0.0,,0.0,,59.0,
KY,2019,10,45,2018-11-11,,,0.0,46.0,0.0,0.0,,0.0,,70.0,
KY,2019,11,46,2018-11-18,,,0.0,58.0,0.0,0.0,,0.0,,75.0,
KY,2019,12,47,2018-11-25,,,0.0,70.0,0.0,0.0,,0.0,,81.0,
KY,2019,32,15,2019-04-14,,,0.0,70.0,0.0,1.0,,0.0,,81.0,
KY,2019,33,16,2019-04-21,,,0.0,70.0,0.0,4.0,,0.0,,81.0,
KY,2019,34,17,2019-04-28,,,0.0,70.0,0.0,24.0,,0.0,,81.0,
KY,2019,35,18,2019-05-05,,,0.0,70.0,0.0,56.0,,0.0,,81.0,
KY,2019,36,19,2019-05-12,,,0.0,70.0,0.0,78.0,,0.0,,81.0,
KY,2019,37,20,2019-05-19,,,0.0,70.0,0.0,90.0,,0.0,,81.0,
KY,2019,38,21,2019-05-26,,,0.0,70.0,0.0,94.0,,0.0,,81.0,
KY,2019,39,22,2019-06-02,,,75.0,70.0,0.0,98.0,,0.0,,81.0,
KY,2019,40,23,2019-06-09,,,92.0,70.0,0.0,98.0,,48.0,,81.0,
KY,2019,41,24,2019-06-16,,,98.0,70.0,36.0,98.0,,85.0,,81.0,
KY,2019,42,25,2019-06-23,,,98.0,70.0,56.0,98.0,,96.0,,81.0,
KY,2019,43,26,2019-06-30,,,98.0,70.0,79.0,98.0,,96.0,,81.0,
KY,2019,44,27,2019-07-07,,,98.0,70.0,93.0,98.0,,96.0,,81.0,
KY,2019,45,28,2019-07-14,,,98.0,70.0,98.0,98.0,,96.0,,81.0,
KY,2020,3,38,2019-09-22,,,0.0,0.0,0.0,0.0,,0.0,,1.0,
KY,2020,4,39,2019-09-29,,,0.0,0.0,0.0,0.0,,0.0,,4.0,
KY,2020,5,40,2019-10-06,,,0.0,1.0,0.0,0.0,,0.0,,11.0,
KY,2020,6,41,2019-10-13,,,0.0,9.0,0.0,0.0,,0.0,,21.0,
KY,2020,7,42,2019-10-20,,,0.0,13.0,0.0,0.0,,0.0,,39.0,
KY,2020,8,43,2019-10-27,,,0.0,29.0,0.0,0.0,,0.0,,53.0,
KY,2020,9,44,2019-11-03,,,0.0,45.0,0.0,0.0,,0.0,,69.0,
KY,2020,10,45,2019-11-10,,,0.0,55.0,0.0,0.0,,0.0,,79.0,
KY,2020,11,46,2019-11-17,,,0.0,62.0,0.0,0.0,,0.0,,86.0,
KY,2020,12,47,2019-11-24,,,0.0,70.0,0.0,0.0,,0.0,,92.0,
KY,2020,32,15,2020-04-12,,,0.0,70.0,0.0,3.0,,0.0,,92.0,
KY,2020,33,16,2020-04-19,,,0.0,70.0,0.0,19.0,,0.0,,92.0,
KY,2020,34,17,2020-04-26,,,0.0,70.0,0.0,46.0,,0.0,,92.0,
KY,2020,35,18,2020-05-03,,,0.0,70.0,0.0,74.0,,0.0,,92.0,
KY,2020,36,19,2020-05-10,,,0.0,70.0,0.0,83.0,,0.0,,92.0,
KY,2020,37,20,2020-05-17,,,0.0,70.0,0.0,89.0,,0.0,,92.0,
KY,2020,38,21,2020-05-24,,,0.0,70.0,0.0,96.0,,0.0,,92.0,
KY,2020,39,22,2020-05-31,,,44.0,70.0,0.0,98.0,,0.0,,92.0,
KY,2020,40,23,2020-06-07,,,72.0,70.0,0.0,99.0,,42.0,,92.0,
KY,2020,41,24,2020-06-14,,,95.0,70.0,11.0,100.0,,75.0,,92.0,
KY,2020,42,25,2020-06-21,,,95.0,70.0,55.0,100.0,,92.0,,92.0,
KY,2020,43,26,2020-06-28,,,95.0,70.0,83.0,100.0,,92.0,,92.0,
KY,2020,44,27,2020-07-05,,,95.0,70.0,95.0,100.0,,92.0,,92.0,
KY,2020,45,28,2020-07-12,,,95.0,70.0,99.0,100.0,,92.0,,92.0,
KY,2021,3,38,2020-09-20,,,0.0,0.0,0.0,0.0,,0.0,,1.0,
KY,2021,4,39,2020-09-27,,,0.0,0.0,0.0,0.0,,0.0,,4.0,
KY,2021,5,40,2020-10-04,,,0.0,1.0,0.0,0.0,,0.0,,7.0,
KY,2021,6,41,2020-10-11,,,0.0,6.0,0.0,0.0,,0.0,,22.0,
KY,2021,7,42,2020-10-18,,,0.0,11.0,0.0,0.0,,0.0,,33.0,
KY,2021,8,43,2020-10-25,,,0.0,31.0,0.0,0.0,,0.0,,53.0,
KY,2021,9,44,2020-11-01,,,0.0,39.0,0.0,0.0,,0.0,,62.0,
KY,2021,10,45,2020-11-08,,,0.0,49.0,0.0,0.0,,0.0,,68.0,
KY,2021,11,46,2020-11-15,,,0.0,66.0,0.0,0.0,,0.0,,82.0,
KY,2021,12,47,2020-11-22,,,0.0,76.0,0.0,0.0,,0.0,,90.0,
KY,2021,13,48,2020-11-29,,,0.0,84.0,0.0,0.0,,0.0,,92.0,
KY,2021,30,13,2021-04-04,,,0.0,84.0,0.0,0.0,,0.0,,92.0,
KY,2021,31,14,2021-04-11,,,0.0,84.0,0.0,2.0,,0.0,,92.0,
KY,2021,32,15,2021-04-18,,,0.0,84.0,0.0,12.0,,0.0,,92.0,
KY,2021,33,16,2021-04-25,,,0.0,84.0,0.0,23.0,,0.0,,92.0,
KY,2021,34,17,2021-05-02,,,0.0,84.0,0.0,38.0,,0.0,,92.0,
KY,2021,35,18,2021-05-09,,,0.0,84.0,0.0,68.0,,0.0,,92.0,
KY,2021,36,19,2021-05-16,,,0.0,84.0,0.0,81.0,,0.0,,92.0,
KY,2021,37,20,2021-05-23,,,0.0,84.0,0.0,90.0,,0.0,,92.0,
KY,2021,38,21,2021-05-30,,,0.0,84.0,0.0,95.0,,0.0,,92.0,
KY,2021,39,22,2021-06-06,,,41.0,84.0,0.0,99.0,,0.0,,92.0,
KY,2021,40,23,2021-06-13,,,70.0,84.0,0.0,99.0,,40.0,,92.0,
KY,2021,41,24,2021-06-20,,,96.0,84.0,39.0,100.0,,69.0,,92.0,
KY,2021,42,25,2021-06-27,,,96.0,84.0,68.0,100.0,,95.0,,92.0,
KY,2021,43,26,2021-07-04,,,96.0,84.0,87.0,100.0,,95.0,,92.0,
KY,2021,44,27,2021-07-11,,,96.0,84.0,99.0,100.0,,95.0,,92.0,
KY,2022,3,38,2021-09-26,,,0.0,0.0,0.0,0.0,,0.0,,1.0,
KY,2022,4,39,2021-10-03,,,0.0,0.0,0.0,0.0,,0.0,,8.0,
KY,2022,5,40,2021-10-10,,,0.0,1.0,0.0,0.0,,0.0,,14.0,
KY,2022,6,41,2021-10-17,,,0.0,9.0,0.0,0.0,,0.0,,24.0,
KY,2022,7,42,2021-10-24,,,0.0,18.0,0.0,0.0,,0.0,,36.0,
KY,2022,8,43,2021-10-31,,,0.0,31.0,0.0,0.0,,0.0,,51.0,
KY,2022,9,44,2021-11-07,,,0.0,43.0,0.0,0.0,,0.0,,64.0,
KY,2022,10,45,2021-11-14,,,0.0,52.0,0.0,0.0,,0.0,,77.0,
KY,2022,11,46,2021-11-21,,,0.0,59.0,0.0,0.0,,0.0,,85.0,
KY,2022,12,47,2021-11-28,,,0.0,63.0,0.0,0.0,,0.0,,93.0,
KY,2022,30,13,2022-04-03,,,0.0,63.0,0.0,0.0,,0.0,,93.0,
KY,2022,31,14,2022-04-10,,,0.0,63.0,0.0,0.0,,0.0,,93.0,
KY,2022,32,15,2022-04-17,,,0.0,63.0,0.0,4.0,,0.0,,93.0,
KY,2022,33,16,2022-04-24,,,0.0,63.0,0.0,7.0,,0.0,,93.0,
KY,2022,34,17,2022-05-01,,,0.0,63.0,0.0,26.0,,0.0,,93.0,
KY,2022,35,18,2022-05-08,,,0.0,63.0,0.0,55.0,,0.0,,93.0,
KY,2022,36,19,2022-05-15,,,0.0,63.0,0.0,77.0,,0.0,,93.0,
KY,2022,37,20,2022-05-22,,,0.0,63.0,0.0,91.0,,0.0,,93.0,
KY,2022,38,21,2022-05-29,,,0.0,63.0,0.0,96.0,,0.0,,93.0,
KY,2022,39,22,2022-06-05,,,55.0,63.0,0.0,96.0,,0.0,,93.0,
KY,2022,40,23,2022-06-12,,,85.0,63.0,0.0,96.0,,45.0,,93.0,
KY,2022,41,24,2022-06-19,,,96.0,63.0,40.0,96.0,,74.0,,93.0,
KY,2022,42,25,2022-06-26,,,96.0,63.0,73.0,96.0,,95.0,,93.0,
KY,2022,43,26,2022-07-03,,,96.0,63.0,90.0,96.0,,95.0,,93.0,
KY,2022,44,27,2022-07-10,,,96.0,63.0,99.0,96.0,,95.0,,93.0,
KY,2023,3,38,2022-09-25,,,0.0,0.0,0.0,0.0,,0.0,,2.0,
KY,2023,4,39,2022-10-02,,,0.0,0.0,0.0,0.0,,0.0,,5.0,
KY,2023,5,40,2022-10-09,,,0.0,1.0,0.0,0.0,,0.0,,11.0,
KY,2023,6,41,2022-10-16,,,0.0,7.0,0.0,0.0,,0.0,,27.0,
KY,2023,7,42,2022-10-23,,,0.0,16.0,0.0,0.0,,0.0,,44.0,
KY,2023,8,43,2022-10-30,,,0.0,26.0,0.0,0.0,,0.0,,62.0,
KY,2023,9,44,2022-11-06,,,0.0,40.0,0.0,0.0,,0.0,,76.0,
KY,2023,10,45,2022-11-13,,,0.0,53.0,0.0,0.0,,0.0,,86.0,
KY,2023,11,46,2022-11-20,,,0.0,66.0,0.0,0.0,,0.0,,93.0,
KY,2023,12,47,2022-11-27,,,0.0,74.0,0.0,0.0,,0.0,,96.0,
KY,2023,31,14,2023-04-09,,,0.0,74.0,0.0,2.0,,0.0,,96.0,
KY,2023,32,15,2023-04-16,,,0.0,74.0,0.0,6.0,,0.0,,96.0,
KY,2023,33,16,2023-04-23,,,0.0,74.0,0.0,18.0,,0.0,,96.0,
KY,2023,34,17,2023-04-30,,,0.0,74.0,0.0,40.0,,0.0,,96.0,
KY,2023,35,18,2023-05-07,,,0.0,74.0,0.0,68.0,,0.0,,96.0,
KY,2023,36,19,2023-05-14,,,0.0,74.0,0.0,82.0,,0.0,,96.0,
KY,2023,37,20,2023-05-21,,,0.0,74.0,0.0,92.0,,0.0,,96.0,
KY,2023,38,21,2023-05-28,,,0.0,74.0,0.0,95.0,,0.0,,96.0,
KY,2023,39,22,2023-06-04,,,60.0,74.0,0.0,95.0,,0.0,,96.0,
KY,2023,40,23,2023-06-11,,,85.0,74.0,4.0,95.0,,47.0,,96.0,
KY,2023,41,24,2023-06-18,,,90.0,74.0,20.0,95.0,,78.0,,96.0,
KY,2023,42,25,2023-06-25,,,90.0,74.0,51.0,95.0,,98.0,,96.0,
KY,2023,43,26,2023-07-02,,,90.0,74.0,85.0,95.0,,98.0,,96.0,
KY,2023,44,27,2023-07-09,,,90.0,74.0,89.0,95.0,,98.0,,96.0,
KY,2023,45,28,2023-07-16,,,90.0,74.0,99.0,95.0,,98.0,,96.0,
KY,2024,3,38,2023-09-24,,,0.0,0.0,0.0,0.0,,0.0,,1.0,
KY,2024,4,39,2023-10-01,,,0.0,0.0,0.0,0.0,,0.0,,5.0,
KY,2024,5,40,2023-10-08,,,0.0,1.0,0.0,0.0,,0.0,,9.0,
KY,2024,6,41,2023-10-15,,,0.0,5.0,0.0,0.0,,0.0,,21.0,
KY,2024,7,42,2023-10-22,,,0.0,10.0,0.0,0.0,,0.0,,32.0,
KY,2024,8,43,2023-10-29,,,0.0,19.0,0.0,0.0,,0.0,,50.0,
KY,2024,9,44,2023-11-05,,,0.0,33.0,0.0,0.0,,0.0,,57.0,
KY,2024,10,45,2023-11-12,,,0.0,47.0,0.0,0.0,,0.0,,69.0,
KY,2024,11,46,2023-11-19,,,0.0,65.0,0.0,0.0,,0.0,,83.0,
KY,2024,12,47,2023-11-26,,,0.0,75.0,0.0,0.0,,0.0,,91.0,
KY,2024,30,13,2024-03-31,,,0.0,75.0,0.0,1.0,,0.0,,91.0,
KY,2024,31,14,2024-04-07,,,0.0,75.0,0.0,4.0,,0.0,,91.0,
KY,2024,32,15,2024-04-14,,,0.0,75.0,0.0,8.0,,0.0,,91.0,
KY,2024,33,16,2024-04-21,,,0.0,75.0,0.0,20.0,,0.0,,91.0,
KY,2024,34,17,2024-04-28,,,0.0,75.0,0.0,38.0,,0.0,,91.0,
KY,2024,35,18,2024-05-05,,,0.0,75.0,0.0,66.0,,0.0,,91.0,
KY,2024,36,19,2024-05-12,,,0.0,75.0,0.0,87.0,,0.0,,91.0,
KY,2024,37,20,2024-05-19,,,0.0,75.0,0.0,95.0,,0.0,,91.0,
KY,2024,38,21,2024-05-26,,,0.0,75.0,0.0,97.0,,0.0,,91.0,
KY,2024,39,22,2024-06-02,,,65.0,75.0,0.0,97.0,,0.0,,91.0,
KY,2024,40,23,2024-06-09,,,86.0,75.0,0.0,97.0,,49.0,,91.0,
KY,2024,41,24,2024-06-16,,,97.0,75.0,34.0,97.0,,77.0,,91.0,
KY,2024,42,25,2024-06-23,,,100.0,75.0,73.0,97.0,,94.0,,91.0,
KY,2024,43,26,2024-06-30,,,100.0,75.0,91.0,97.0,,100.0,,91.0,
KY,2024,44,27,2024-07-07,,,100.0,75.0,97.0,97.0,,100.0,,91.0,
KY,2024,45,28,2024-07-14,,,100.0,75.0,100.0,97.0,,100.0,,91.0,
KY,2025,2,37,2024-09-15,,,0.0,0.0,0.0,0.0,,0.0,,0.0,
KY,2025,3,38,2024-09-22,,,0.0,0.0,0.0,0.0,,0.0,,1.0,
KY,2025,4,39,2024-09-29,,,0.0,0.0,0.0,0.0,,0.0,,5.0,
KY,2025,5,40,2024-10-06,,,0.0,1.0,0.0,0.0,,0.0,,9.0,
KY,2025,6,41,2024-10-13,,,0.0,5.0,0.0,0.0,,0.0,,18.0,
KY,2025,7,42,2024-10-20,,,0.0,12.0,0.0,0.0,,0.0,,35.0,
KY,2025,8,43,2024-10-27,,,0.0,22.0,0.0,0.0,,0.0,,47.0,
KY,2025,9,44,2024-11-03,,,0.0,41.0,0.0,0.0,,0.0,,62.0,
KY,2025,10,45,2024-11-10,,,0.0,56.0,0.0,0.0,,0.0,,74.0,
KY,2025,11,46,2024-11-17,,,0.0,67.0,0.0,0.0,,0.0,,83.0,
KY,2025,12,47,2024-11-24,,,0.0,78.0,0.0,0.0,,0.0,,93.0,
KY,2025,32,15,2025-04-13,,,0.0,78.0,0.0,3.0,,0.0,,93.0,
KY,2025,33,16,2025-04-20,,,0.0,78.0,0.0,8.0,,0.0,,93.0,
KY,2025,34,17,2025-04-27,,,0.0,78.0,0.0,27.0,,0.0,,93.0,
KY,2025,35,18,2025-05-04,,,0.0,78.0,0.0,52.0,,0.0,,93.0,
KY,2025,36,19,2025-05-11,,,0.0,78.0,0.0,76.0,,0.0,,93.0,
KY,2025,37,20,2025-05-18,,,0.0,78.0,0.0,88.0,,0.0,,93.0,
KY,2025,38,21,2025-05-25,,,0.0,78.0,0.0,97.0,,0.0,,93.0,
KY,2025,39,22,2025-06-01,,,68.0,78.0,0.0,97.0,,0.0,,93.0,
KY,2025,40,23,2025-06-08,,,85.0,78.0,0.0,97.0,,0.0,,93.0,
KY,2025,41,24,2025-06-15,,,95.0,78.0,0.0,97.0,,77.0,,93.0,
KY,2025,42,25,2025-06-22,,,95.0,78.0,50.0,97.0,,95.0,,93.0,
KY,2025,43,26,2025-06-29,,,95.0,78.0,71.0,97.0,,95.0,,93.0,
KY,2025,44,27,2025-07-06,,,95.0,78.0,88.0,97.0,,95.0,,93.0,
KY,2025,45,28,2025-07-13,,,95.0,78.0,97.0,97.0,,95.0,,93.0,
KY,2026,4,39,2025-09-28,,,0.0,0.0,0.0,0.0,,0.0,,5.0,
KY,2026,11,46,2025-11-16,,,0.0,69.0,0.0,0.0,,0.0,,85.0,
KY,2026,12,47,2025-11-23,,,0.0,76.0,0.0,0.0,,0.0,,90.0,
LA,2016,1,36,2015-09-06,,,0.0,0.0,0.0,0.0,,,,0.0,
LA,2016,2,37,2015-09-13,,,0.0,0.0,0.0,0.0,,,,0.0,
LA,2016,3,38,2015-09-20,,,0.0,0.0,0.0,0.0,,,,0.0,
LA,2016,4,39,2015-09-27,,,0.0,0.0,0.0,0.0,,,,0.0,
LA,2016,5,40,2015-10-04,,,0.0,0.0,0.0,0.0,,,,0.0,
LA,2016,6,41,2015-10-11,,,0.0,0.0,0.0,0.0,,,,2.0,
LA,2016,7,42,2015-10-18,,,0.0,2.0,0.0,0.0,,,,4.0,
LA,2016,8,43,2015-10-25,,,0.0,4.0,0.0,0.0,,,,7.0,
LA,2016,9,44,2015-11-01,,,0.0,7.0,0.0,0.0,,,,10.0,
LA,2016,10,45,2015-11-08,,,0.0,9.0,0.0,0.0,,,,12.0,
LA,2016,11,46,2015-11-15,,,0.0,10.0,0.0,0.0,,,,15.0,
LA,2016,12,47,2015-11-22,,,0.0,16.0,0.0,0.0,,,,34.0,
LA,2016,13,48,2015-11-29,,,0.0,36.0,0.0,0.0,,,,49.0,
LA,2016,29,12,2016-03-27,,,0.0,36.0,0.0,5.0,,,,49.0,
LA,2016,30,13,2016-04-03,,,0.0,36.0,0.0,35.0,,,,49.0,
LA,2016,31,14,2016-04-10,,,0.0,36.0,0.0,69.0,,,,49.0,
LA,2016,32,15,2016-04-17,,,0.0,36.0,0.0,79.0,,,,49.0,
LA,2016,33,16,2016-04-24,,,2.0,36.0,0.0,86.0,,,,49.0,
LA,2016,34,17,2016-05-01,,,8.0,36.0,0.0,87.0,,,,49.0,
LA,2016,35,18,2016-05-08,,,23.0,36.0,0.0,96.0,,,,49.0,
LA,2016,36,19,2016-05-15,,,60.0,36.0,0.0,99.0,,,,49.0,
LA,2016,37,20,2016-05-22,,,85.0,36.0,8.0,100.0,,,,49.0,
LA,2016,38,21,2016-05-29,,,97.0,36.0,31.0,100.0,,,,49.0,
LA,2016,39,22,2016-06-05,,,99.0,36.0,54.0,100.0,,,,49.0,
LA,2016,40,23,2016-06-12,,,100.0,36.0,86.0,100.0,,,,49.0,
LA,2016,41,24,2016-06-19,,,100.0,36.0,99.0,100.0,,,,49.0,
LA,2016,42,25,2016-06-26,,,100.0,36.0,100.0,100.0,,,,49.0,
LA,2016,43,26,2016-07-03,,,100.0,36.0,100.0,100.0,,,,49.0,
LA,2017,1,36,2016-09-11,,,0.0,0.0,0.0,0.0,,,,0.0,
LA,2017,2,37,2016-09-18,,,0.0,0.0,0.0,0.0,,,,0.0,
LA,2017,3,38,2016-09-25,,,0.0,0.0,0.0,0.0,,,,0.0,
LA,2017,4,39,2016-10-02,,,0.0,0.0,0.0,0.0,,,,0.0,
LA,2017,5,40,2016-10-09,,,0.0,0.0,0.0,0.0,,,,1.0,
LA,2017,6,41,2016-10-16,,,0.0,1.0,0.0,0.0,,,,3.0,
LA,2017,7,42,2016-10-23,,,0.0,3.0,0.0,0.0,,,,8.0,
LA,2017,8,43,2016-10-30,,,0.0,5.0,0.0,0.0,,,,9.0,
LA,2017,9,44,2016-11-06,,,0.0,9.0,0.0,0.0,,,,11.0,
LA,2017,10,45,2016-11-13,,,0.0,12.0,0.0,0.0,,,,24.0,
LA,2017,11,46,2016-11-20,,,0.0,20.0,0.0,0.0,,,,27.0,
LA,2017,12,47,2016-11-27,,,0.0,30.0,0.0,0.0,,,,56.0,
LA,2017,27,10,2017-03-12,,,0.0,30.0,0.0,2.0,,,,56.0,
LA,2017,28,11,2017-03-19,,,0.0,30.0,0.0,22.0,,,,56.0,
LA,2017,29,12,2017-03-26,,,0.0,30.0,0.0,35.0,,,,56.0,
LA,2017,30,13,2017-04-02,,,0.0,30.0,0.0,47.0,,,,56.0,
LA,2017,31,14,2017-04-09,,,0.0,30.0,0.0,69.0,,,,56.0,
LA,2017,32,15,2017-04-16,,,8.0,30.0,0.0,83.0,,,,56.0,
LA,2017,33,16,2017-04-23,,,21.0,30.0,0.0,95.0,,,,56.0,
LA,2017,34,17,2017-04-30,,,27.0,30.0,0.0,100.0,,,,56.0,
LA,2017,35,18,2017-05-07,,,56.0,30.0,0.0,100.0,,,,56.0,
LA,2017,36,19,2017-05-14,,,78.0,30.0,1.0,100.0,,,,56.0,
LA,2017,37,20,2017-05-21,,,86.0,30.0,16.0,100.0,,,,56.0,
LA,2017,38,21,2017-05-28,,,96.0,30.0,40.0,100.0,,,,56.0,
LA,2017,39,22,2017-06-04,,,100.0,30.0,46.0,100.0,,,,56.0,
LA,2017,40,23,2017-06-11,,,100.0,30.0,51.0,100.0,,,,56.0,
LA,2017,41,24,2017-06-18,,,100.0,30.0,93.0,100.0,,,,56.0,
LA,2017,42,25,2017-06-25,,,100.0,30.0,95.0,100.0,,,,56.0,
LA,2017,43,26,2017-07-02,,,100.0,30.0,100.0,100.0,,,,56.0,
LA,2018,1,36,2017-09-10,,,0.0,0.0,0.0,0.0,,,,0.0,
LA,2018,2,37,2017-09-17,,,0.0,0.0,0.0,0.0,,,,0.0,
LA,2018,3,38,2017-09-24,,,0.0,0.0,0.0,0.0,,,,0.0,
LA,2018,4,39,2017-10-01,,,0.0,0.0,0.0,0.0,,,,0.0,
LA,2018,5,40,2017-10-08,,,0.0,0.0,0.0,0.0,,,,0.0,
LA,2018,6,41,2017-10-15,,,0.0,0.0,0.0,0.0,,,,1.0,
LA,2018,7,42,2017-10-22,,,0.0,0.0,0.0,0.0,,,,5.0,
LA,2018,8,43,2017-10-29,,,0.0,2.0,0.0,0.0,,,,27.0,
LA,2018,9,44,2017-11-05,,,0.0,5.0,0.0,0.0,,,,33.0,
LA,2018,10,45,2017-11-12,,,0.0,22.0,0.0,0.0,,,,47.0,
LA,2018,11,46,2017-11-19,,,0.0,39.0,0.0,0.0,,,,69.0,
LA,2018,12,47,2017-11-26,,,0.0,49.0,0.0,0.0,,,,83.0,
LA,2018,27,10,2018-03-11,,,0.0,49.0,0.0,0.0,,,,83.0,
LA,2018,28,11,2018-03-18,,,0.0,49.0,0.0,10.0,,,,83.0,
LA,2018,29,12,2018-03-25,,,0.0,49.0,0.0,27.0,,,,83.0,
LA,2018,30,13,2018-04-01,,,0.0,49.0,0.0,58.0,,,,83.0,
LA,2018,31,14,2018-04-08,,,0.0,49.0,0.0,78.0,,,,83.0,
LA,2018,32,15,2018-04-15,,,1.0,49.0,0.0,89.0,,,,83.0,
LA,2018,33,16,2018-04-22,,,9.0,49.0,0.0,92.0,,,,83.0,
LA,2018,34,17,2018-04-29,,,21.0,49.0,0.0,93.0,,,,83.0,
LA,2018,35,18,2018-05-06,,,50.0,49.0,0.0,96.0,,,,83.0,
LA,2018,36,19,2018-05-13,,,90.0,49.0,0.0,99.0,,,,83.0,
LA,2018,37,20,2018-05-20,,,97.0,49.0,17.0,100.0,,,,83.0,
LA,2018,38,21,2018-05-27,,,100.0,49.0,44.0,100.0,,,,83.0,
LA,2018,39,22,2018-06-03,,,100.0,49.0,73.0,100.0,,,,83.0,
LA,2018,40,23,2018-06-10,,,100.0,49.0,95.0,100.0,,,,83.0,
LA,2018,41,24,2018-06-17,,,100.0,49.0,100.0,100.0,,,,83.0,
LA,2018,52,35,2018-09-02,,,100.0,49.0,100.0,100.0,,,,0.0,
LA,2019,1,36,2018-09-09,,,0.0,0.0,0.0,0.0,,,,0.0,
LA,2019,2,37,2018-09-16,,,0.0,0.0,0.0,0.0,,,,0.0,
LA,2019,3,38,2018-09-23,,,0.0,0.0,0.0,0.0,,,,0.0,
LA,2019,4,39,2018-09-30,,,0.0,0.0,0.0,0.0,,,,0.0,
LA,2019,5,40,2018-10-07,,,0.0,0.0,0.0,0.0,,,,0.0,
LA,2019,6,41,2018-10-14,,,0.0,0.0,0.0,0.0,,,,0.0,
LA,2019,7,42,2018-10-21,,,0.0,0.0,0.0,0.0,,,,8.0,
LA,2019,8,43,2018-10-28,,,0.0,1.0,0.0,0.0,,,,17.0,
LA,2019,9,44,2018-11-04,,,0.0,7.0,0.0,0.0,,,,31.0,
LA,2019,10,45,2018-11-11,,,0.0,17.0,0.0,0.0,,,,47.0,
LA,2019,11,46,2018-11-18,,,0.0,31.0,0.0,0.0,,,,53.0,
LA,2019,12,47,2018-11-25,,,0.0,42.0,0.0,0.0,,,,59.0,
LA,2019,13,48,2018-12-02,,,0.0,53.0,0.0,0.0,,,,68.0,
LA,2019,27,10,2019-03-10,,,0.0,53.0,0.0,2.0,,,,68.0,
LA,2019,28,11,2019-03-17,,,0.0,53.0,0.0,11.0,,,,68.0,
LA,2019,29,12,2019-03-24,,,0.0,53.0,0.0,30.0,,,,68.0,
LA,2019,30,13,2019-03-31,,,0.0,53.0,0.0,55.0,,,,68.0,
LA,2019,31,14,2019-04-07,,,0.0,53.0,0.0,67.0,,,,68.0,
LA,2019,32,15,2019-04-14,,,1.0,53.0,0.0,77.0,,,,68.0,
LA,2019,33,16,2019-04-21,,,15.0,53.0,0.0,88.0,,,,68.0,
LA,2019,34,17,2019-04-28,,,47.0,53.0,0.0,94.0,,,,68.0,
LA,2019,35,18,2019-05-05,,,76.0,53.0,0.0,99.0,,,,68.0,
LA,2019,36,19,2019-05-12,,,84.0,53.0,0.0,100.0,,,,68.0,
LA,2019,37,20,2019-05-19,,,90.0,53.0,8.0,100.0,,,,68.0,
LA,2019,38,21,2019-05-26,,,95.0,53.0,15.0,100.0,,,,68.0,
LA,2019,39,22,2019-06-02,,,100.0,53.0,29.0,100.0,,,,68.0,
LA,2019,40,23,2019-06-09,,,100.0,53.0,48.0,100.0,,,,68.0,
LA,2019,41,24,2019-06-16,,,100.0,53.0,68.0,100.0,,,,68.0,
LA,2019,42,25,2019-06-23,,,100.0,53.0,92.0,100.0,,,,68.0,
LA,2019,43,26,2019-06-30,,,100.0,53.0,95.0,100.0,,,,68.0,
LA,2019,44,27,2019-07-07,,,100.0,53.0,99.0,100.0,,,,68.0,
LA,2019,45,28,2019-07-14,,,100.0,53.0,100.0,100.0,,,,68.0,
LA,2020,2,37,2019-09-15,,,0.0,0.0,0.0,0.0,,,,0.0,
LA,2020,3,38,2019-09-22,,,0.0,0.0,0.0,0.0,,,,0.0,
LA,2020,4,39,2019-09-29,,,0.0,0.0,0.0,0.0,,,,0.0,
LA,2020,5,40,2019-10-06,,,0.0,0.0,0.0,0.0,,,,3.0,
LA,2020,6,41,2019-10-13,,,0.0,0.0,0.0,0.0,,,,11.0,
LA,2020,7,42,2019-10-20,,,0.0,1.0,0.0,0.0,,,,21.0,
LA,2020,8,43,2019-10-27,,,0.0,6.0,0.0,0.0,,,,24.0,
LA,2020,9,44,2019-11-03,,,0.0,19.0,0.0,0.0,,,,29.0,
LA,2020,10,45,2019-11-10,,,0.0,25.0,0.0,0.0,,,,53.0,
LA,2020,11,46,2019-11-17,,,0.0,37.0,0.0,0.0,,,,65.0,
LA,2020,12,47,2019-11-24,,,0.0,51.0,0.0,0.0,,,,74.0,
LA,2020,13,48,2019-12-01,,,0.0,73.0,0.0,0.0,,,,86.0,
LA,2020,14,49,2019-12-08,,,0.0,84.0,0.0,0.0,,,,89.0,
LA,2020,28,11,2020-03-15,,,0.0,84.0,0.0,1.0,,,,89.0,
LA,2020,29,12,2020-03-22,,,0.0,84.0,0.0,14.0,,,,89.0,
LA,2020,30,13,2020-03-29,,,0.0,84.0,0.0,44.0,,,,89.0,
LA,2020,31,14,2020-04-05,,,0.0,84.0,0.0,73.0,,,,89.0,
LA,2020,32,15,2020-04-12,,,6.0,84.0,0.0,88.0,,,,89.0,
LA,2020,33,16,2020-04-19,,,24.0,84.0,0.0,95.0,,,,89.0,
LA,2020,34,17,2020-04-26,,,46.0,84.0,0.0,98.0,,,,89.0,
LA,2020,35,18,2020-05-03,,,69.0,84.0,0.0,100.0,,,,89.0,
LA,2020,36,19,2020-05-10,,,86.0,84.0,8.0,100.0,,,,89.0,
LA,2020,37,20,2020-05-17,,,90.0,84.0,36.0,100.0,,,,89.0,
LA,2020,38,21,2020-05-24,,,94.0,84.0,52.0,100.0,,,,89.0,
LA,2020,39,22,2020-05-31,,,97.0,84.0,61.0,100.0,,,,89.0,
LA,2020,40,23,2020-06-07,,,100.0,84.0,74.0,100.0,,,,89.0,
LA,2020,41,24,2020-06-14,,,100.0,84.0,85.0,100.0,,,,89.0,
LA,2020,42,25,2020-06-21,,,100.0,84.0,93.0,100.0,,,,89.0,
LA,2020,43,26,2020-06-28,,,100.0,84.0,100.0,100.0,,,,89.0,
LA,2020,44,27,2020-07-05,,,100.0,84.0,100.0,100.0,,,,89.0,
LA,2020,45,28,2020-07-12,,,100.0,84.0,100.0,100.0,,,,89.0,
LA,2021,5,40,2020-10-04,,,0.0,0.0,0.0,0.0,,,,1.0,
LA,2021,6,41,2020-10-11,,,0.0,0.0,0.0,0.0,,,,10.0,
LA,2021,7,42,2020-10-18,,,0.0,2.0,0.0,0.0,,,,18.0,
LA,2021,8,43,2020-10-25,,,0.0,14.0,0.0,0.0,,,,38.0,
LA,2021,9,44,2020-11-01,,,0.0,21.0,0.0,0.0,,,,43.0,
LA,2021,10,45,2020-11-08,,,0.0,38.0,0.0,0.0,,,,59.0,
LA,2021,11,46,2020-11-15,,,0.0,43.0,0.0,0.0,,,,65.0,
LA,2021,12,47,2020-11-22,,,0.0,55.0,0.0,0.0,,,,73.0,
LA,2021,13,48,2020-11-29,,,0.0,71.0,0.0,0.0,,,,89.0,
LA,2021,27,10,2021-03-14,,,0.0,71.0,0.0,1.0,,,,89.0,
LA,2021,28,11,2021-03-21,,,0.0,71.0,0.0,9.0,,,,89.0,
LA,2021,29,12,2021-03-28,,,0.0,71.0,0.0,34.0,,,,89.0,
LA,2021,30,13,2021-04-04,,,0.0,71.0,0.0,55.0,,,,89.0,
LA,2021,31,14,2021-04-11,,,0.0,71.0,0.0,78.0,,,,89.0,
LA,2021,32,15,2021-04-18,,,7.0,71.0,0.0,90.0,,,,89.0,
LA,2021,33,16,2021-04-25,,,23.0,71.0,0.0,94.0,,,,89.0,
LA,2021,34,17,2021-05-02,,,42.0,71.0,0.0,97.0,,,,89.0,
LA,2021,35,18,2021-05-09,,,61.0,71.0,1.0,100.0,,,,89.0,
LA,2021,36,19,2021-05-16,,,80.0,71.0,10.0,100.0,,,,89.0,
LA,2021,37,20,2021-05-23,,,85.0,71.0,16.0,100.0,,,,89.0,
LA,2021,38,21,2021-05-30,,,90.0,71.0,41.0,100.0,,,,89.0,
LA,2021,39,22,2021-06-06,,,94.0,71.0,44.0,100.0,,,,89.0,
LA,2021,40,23,2021-06-13,,,98.0,71.0,65.0,100.0,,,,89.0,
LA,2021,41,24,2021-06-20,,,100.0,71.0,86.0,100.0,,,,89.0,
LA,2021,42,25,2021-06-27,,,100.0,71.0,94.0,100.0,,,,89.0,
LA,2021,43,26,2021-07-04,,,100.0,71.0,100.0,100.0,,,,89.0,
LA,2022,4,39,2021-10-03,,,0.0,0.0,0.0,0.0,,,,0.0,
LA,2022,5,40,2021-10-10,,,0.0,0.0,0.0,0.0,,,,1.0,
LA,2022,6,41,2021-10-17,,,0.0,0.0,0.0,0.0,,,,5.0,
LA,2022,7,42,2021-10-24,,,0.0,1.0,0.0,0.0,,,,10.0,
LA,2022,8,43,2021-10-31,,,0.0,5.0,0.0,0.0,,,,17.0,
LA,2022,9,44,2021-11-07,,,0.0,14.0,0.0,0.0,,,,26.0,
LA,2022,10,45,2021-11-14,,,0.0,24.0,0.0,0.0,,,,52.0,
LA,2022,11,46,2021-11-21,,,0.0,34.0,0.0,0.0,,,,62.0,
LA,2022,12,47,2021-11-28,,,0.0,47.0,0.0,0.0,,,,79.0,
LA,2022,27,10,2022-03-13,,,0.0,47.0,0.0,1.0,,,,79.0,
LA,2022,28,11,2022-03-20,,,0.0,47.0,0.0,4.0,,,,79.0,
LA,2022,29,12,2022-03-27,,,0.0,47.0,0.0,10.0,,,,79.0,
LA,2022,30,13,2022-04-03,,,0.0,47.0,0.0,22.0,,,,79.0,
LA,2022,31,14,2022-04-10,,,0.0,47.0,0.0,41.0,,,,79.0,
LA,2022,32,15,2022-04-17,,,1.0,47.0,0.0,61.0,,,,79.0,
LA,2022,33,16,2022-04-24,,,10.0,47.0,0.0,79.0,,,,79.0,
LA,2022,34,17,2022-05-01,,,24.0,47.0,0.0,92.0,,,,79.0,
LA,2022,35,18,2022-05-08,,,45.0,47.0,0.0,97.0,,,,79.0,
LA,2022,36,19,2022-05-15,,,72.0,47.0,2.0,100.0,,,,79.0,
LA,2022,37,20,2022-05-22,,,93.0,47.0,24.0,100.0,,,,79.0,
LA,2022,38,21,2022-05-29,,,96.0,47.0,50.0,100.0,,,,79.0,
LA,2022,39,22,2022-06-05,,,100.0,47.0,79.0,100.0,,,,79.0,
LA,2022,40,23,2022-06-12,,,100.0,47.0,90.0,100.0,,,,79.0,
LA,2022,41,24,2022-06-19,,,100.0,47.0,96.0,100.0,,,,79.0,
LA,2022,42,25,2022-06-26,,,100.0,47.0,99.0,100.0,,,,79.0,
LA,2022,43,26,2022-07-03,,,100.0,47.0,100.0,100.0,,,,79.0,
LA,2023,3,38,2022-09-25,,,0.0,0.0,0.0,0.0,,,,0.0,
LA,2023,4,39,2022-10-02,,,0.0,0.0,0.0,0.0,,,,0.0,
LA,2023,5,40,2022-10-09,,,0.0,0.0,0.0,0.0,,,,0.0,
LA,2023,6,41,2022-10-16,,,0.0,0.0,0.0,0.0,,,,0.0,
LA,2023,7,42,2022-10-23,,,0.0,0.0,0.0,0.0,,,,2.0,
LA,2023,8,43,2022-10-30,,,0.0,1.0,0.0,0.0,,,,19.0,
LA,2023,9,44,2022-11-06,,,0.0,18.0,0.0,0.0,,,,41.0,
LA,2023,10,45,2022-11-13,,,0.0,35.0,0.0,0.0,,,,65.0,
LA,2023,11,46,2022-11-20,,,0.0,43.0,0.0,0.0,,,,82.0,
LA,2023,12,47,2022-11-27,,,0.0,49.0,0.0,0.0,,,,85.0,
LA,2023,27,10,2023-03-12,,,0.0,49.0,0.0,1.0,,,,85.0,
LA,2023,28,11,2023-03-19,,,0.0,49.0,0.0,7.0,,,,85.0,
LA,2023,29,12,2023-03-26,,,0.0,49.0,0.0,30.0,,,,85.0,
LA,2023,30,13,2023-04-02,,,0.0,49.0,0.0,37.0,,,,85.0,
LA,2023,31,14,2023-04-09,,,0.0,49.0,0.0,63.0,,,,85.0,
LA,2023,32,15,2023-04-16,,,1.0,49.0,0.0,80.0,,,,85.0,
LA,2023,33,16,2023-04-23,,,7.0,49.0,0.0,88.0,,,,85.0,
LA,2023,34,17,2023-04-30,,,34.0,49.0,0.0,92.0,,,,85.0,
LA,2023,35,18,2023-05-07,,,55.0,49.0,1.0,97.0,,,,85.0,
LA,2023,36,19,2023-05-14,,,76.0,49.0,6.0,100.0,,,,85.0,
LA,2023,37,20,2023-05-21,,,91.0,49.0,30.0,100.0,,,,85.0,
LA,2023,38,21,2023-05-28,,,95.0,49.0,52.0,100.0,,,,85.0,
LA,2023,39,22,2023-06-04,,,98.0,49.0,63.0,100.0,,,,85.0,
LA,2023,40,23,2023-06-11,,,100.0,49.0,91.0,100.0,,,,85.0,
LA,2023,41,24,2023-06-18,,,100.0,49.0,96.0,100.0,,,,85.0,
LA,2023,42,25,2023-06-25,,,100.0,49.0,99.0,100.0,,,,85.0,
LA,2023,43,26,2023-07-02,,,100.0,49.0,100.0,100.0,,,,85.0,
LA,2024,4,39,2023-10-01,,,0.0,0.0,0.0,0.0,,,,0.0,
LA,2024,5,40,2023-10-08,,,0.0,0.0,0.0,0.0,,,,0.0,
LA,2024,6,41,2023-10-15,,,0.0,0.0,0.0,0.0,,,,0.0,
LA,2024,7,42,2023-10-22,,,0.0,0.0,0.0,0.0,,,,1.0,
LA,2024,8,43,2023-10-29,,,0.0,0.0,0.0,0.0,,,,5.0,
LA,2024,9,44,2023-11-05,,,0.0,1.0,0.0,0.0,,,,11.0,
LA,2024,10,45,2023-11-12,,,0.0,5.0,0.0,0.0,,,,18.0,
LA,2024,11,46,2023-11-19,,,0.0,14.0,0.0,0.0,,,,41.0,
LA,2024,12,47,2023-11-26,,,0.0,30.0,0.0,0.0,,,,60.0,
LA,2024,27,10,2024-03-10,,,0.0,30.0,0.0,2.0,,,,60.0,
LA,2024,28,11,2024-03-17,,,0.0,30.0,0.0,8.0,,,,60.0,
LA,2024,29,12,2024-03-24,,,0.0,30.0,0.0,25.0,,,,60.0,
LA,2024,30,13,2024-03-31,,,0.0,30.0,0.0,36.0,,,,60.0,
LA,2024,31,14,2024-04-07,,,1.0,30.0,0.0,51.0,,,,60.0,
LA,2024,32,15,2024-04-14,,,6.0,30.0,0.0,70.0,,,,60.0,
LA,2024,33,16,2024-04-21,,,15.0,30.0,0.0,80.0,,,,60.0,
LA,2024,34,17,2024-04-28,,,29.0,30.0,0.0,87.0,,,,60.0,
LA,2024,35,18,2024-05-05,,,44.0,30.0,2.0,90.0,,,,60.0,
LA,2024,36,19,2024-05-12,,,62.0,30.0,3.0,98.0,,,,60.0,
LA,2024,37,20,2024-05-19,,,74.0,30.0,10.0,100.0,,,,60.0,
LA,2024,38,21,2024-05-26,,,85.0,30.0,20.0,100.0,,,,60.0,
LA,2024,39,22,2024-06-02,,,97.0,30.0,48.0,100.0,,,,60.0,
LA,2024,40,23,2024-06-09,,,100.0,30.0,74.0,100.0,,,,60.0,
LA,2024,41,24,2024-06-16,,,100.0,30.0,85.0,100.0,,,,60.0,
LA,2024,42,25,2024-06-23,,,100.0,30.0,94.0,100.0,,,,60.0,
LA,2024,43,26,2024-06-30,,,100.0,30.0,99.0,100.0,,,,60.0,
LA,2024,44,27,2024-07-07,,,100.0,30.0,100.0,100.0,,,,60.0,
LA,2025,1,36,2024-09-08,,,0.0,0.0,0.0,0.0,,,,0.0,
LA,2025,2,37,2024-09-15,,,0.0,0.0,0.0,0.0,,,,0.0,
LA,2025,3,38,2024-09-22,,,0.0,0.0,0.0,0.0,,,,0.0,
LA,2025,4,39,2024-09-29,,,0.0,0.0,0.0,0.0,,,,0.0,
LA,2025,5,40,2024-10-06,,,0.0,0.0,0.0,0.0,,,,0.0,
LA,2025,6,41,2024-10-13,,,0.0,0.0,0.0,0.0,,,,1.0,
LA,2025,7,42,2024-10-20,,,0.0,0.0,0.0,0.0,,,,8.0,
LA,2025,8,43,2024-10-27,,,0.0,2.0,0.0,0.0,,,,13.0,
LA,2025,9,44,2024-11-03,,,0.0,6.0,0.0,0.0,,,,29.0,
LA,2025,10,45,2024-11-10,,,0.0,14.0,0.0,0.0,,,,35.0,
LA,2025,11,46,2024-11-17,,,0.0,31.0,0.0,0.0,,,,43.0,
LA,2025,12,47,2024-11-24,,,0.0,33.0,0.0,0.0,,,,52.0,
LA,2025,27,10,2025-03-09,,,0.0,33.0,0.0,0.0,,,,52.0,
LA,2025,28,11,2025-03-16,,,0.0,33.0,0.0,1.0,,,,52.0,
LA,2025,29,12,2025-03-23,,,0.0,33.0,0.0,6.0,,,,52.0,
LA,2025,30,13,2025-03-30,,,0.0,33.0,0.0,27.0,,,,52.0,
LA,2025,31,14,2025-04-06,,,0.0,33.0,0.0,35.0,,,,52.0,
LA,2025,32,15,2025-04-13,,,5.0,33.0,0.0,55.0,,,,52.0,
LA,2025,33,16,2025-04-20,,,12.0,33.0,0.0,66.0,,,,52.0,
LA,2025,34,17,2025-04-27,,,26.0,33.0,0.0,83.0,,,,52.0,
LA,2025,35,18,2025-05-04,,,39.0,33.0,1.0,88.0,,,,52.0,
LA,2025,36,19,2025-05-11,,,64.0,33.0,2.0,91.0,,,,52.0,
LA,2025,37,20,2025-05-18,,,72.0,33.0,11.0,95.0,,,,52.0,
LA,2025,38,21,2025-05-25,,,83.0,33.0,36.0,100.0,,,,52.0,
LA,2025,39,22,2025-06-01,,,90.0,33.0,49.0,100.0,,,,52.0,
LA,2025,40,23,2025-06-08,,,97.0,33.0,77.0,100.0,,,,52.0,
LA,2025,41,24,2025-06-15,,,100.0,33.0,84.0,100.0,,,,52.0,
LA,2025,42,25,2025-06-22,,,100.0,33.0,90.0,100.0,,,,52.0,
LA,2025,43,26,2025-06-29,,,100.0,33.0,98.0,100.0,,,,52.0,
LA,2025,44,27,2025-07-06,,,100.0,33.0,100.0,100.0,,,,52.0,
LA,2026,4,39,2025-09-28,,,0.0,0.0,0.0,0.0,,,,0.0,
LA,2026,11,46,2025-11-16,,,0.0,28.0,0.0,0.0,,,,41.0,
LA,2026,12,47,2025-11-23,,,0.0,36.0,0.0,0.0,,,,63.0,
MD,2016,4,39,2015-09-27,,,0.0,0.0,0.0,0.0,,0.0,,4.0,
MD,2016,5,40,2015-10-04,,,0.0,0.0,0.0,0.0,,0.0,,20.0,
MD,2016,6,41,2015-10-11,,,0.0,2.0,0.0,0.0,,0.0,,48.0,
MD,2016,7,42,2015-10-18,,,0.0,26.0,0.0,0.0,,0.0,,59.0,
MD,2016,8,43,2015-10-25,,,0.0,45.0,0.0,0.0,,0.0,,66.0,
MD,2016,9,44,2015-11-01,,,0.0,62.0,0.0,0.0,,0.0,,73.0,
MD,2016,10,45,2015-11-08,,,0.0,71.0,0.0,0.0,,0.0,,79.0,
MD,2016,11,46,2015-11-15,,,0.0,79.0,0.0,0.0,,0.0,,85.0,
MD,2016,12,47,2015-11-22,,,0.0,86.0,0.0,0.0,,0.0,,88.0,
MD,2016,13,48,2015-11-29,,,0.0,88.0,0.0,0.0,,0.0,,90.0,
MD,2016,34,17,2016-05-01,,,0.0,88.0,0.0,4.0,,0.0,,90.0,
MD,2016,35,18,2016-05-08,,,0.0,88.0,0.0,32.0,,0.0,,90.0,
MD,2016,36,19,2016-05-15,,,0.0,88.0,0.0,79.0,,0.0,,90.0,
MD,2016,37,20,2016-05-22,,,0.0,88.0,0.0,86.0,,0.0,,90.0,
MD,2016,38,21,2016-05-29,,,11.0,88.0,0.0,95.0,,0.0,,90.0,
MD,2016,39,22,2016-06-05,,,20.0,88.0,0.0,95.0,,0.0,,90.0,
MD,2016,40,23,2016-06-12,,,58.0,88.0,0.0,95.0,,0.0,,90.0,
MD,2016,41,24,2016-06-19,,,67.0,88.0,0.0,95.0,,20.0,,90.0,
MD,2016,42,25,2016-06-26,,,84.0,88.0,8.0,95.0,,60.0,,90.0,
MD,2016,43,26,2016-07-03,,,90.0,88.0,36.0,95.0,,74.0,,90.0,
MD,2016,44,27,2016-07-10,,,95.0,88.0,64.0,95.0,,93.0,,90.0,
MD,2016,45,28,2016-07-17,,,95.0,88.0,90.0,95.0,,95.0,,90.0,
MD,2016,46,29,2016-07-24,,,95.0,88.0,96.0,95.0,,95.0,,90.0,
MD,2017,3,38,2016-09-25,,,0.0,0.0,0.0,0.0,,0.0,,3.0,
MD,2017,4,39,2016-10-02,,,0.0,0.0,0.0,0.0,,0.0,,10.0,
MD,2017,5,40,2016-10-09,,,0.0,8.0,0.0,0.0,,0.0,,17.0,
MD,2017,6,41,2016-10-16,,,0.0,10.0,0.0,0.0,,0.0,,20.0,
MD,2017,7,42,2016-10-23,,,0.0,45.0,0.0,0.0,,0.0,,55.0,
MD,2017,8,43,2016-10-30,,,0.0,51.0,0.0,0.0,,0.0,,71.0,
MD,2017,9,44,2016-11-06,,,0.0,70.0,0.0,0.0,,0.0,,80.0,
MD,2017,10,45,2016-11-13,,,0.0,73.0,0.0,0.0,,0.0,,85.0,
MD,2017,11,46,2016-11-20,,,0.0,85.0,0.0,0.0,,0.0,,90.0,
MD,2017,12,47,2016-11-27,,,0.0,96.0,0.0,0.0,,0.0,,99.0,
MD,2017,31,14,2017-04-09,,,0.0,96.0,0.0,0.0,,0.0,,99.0,
MD,2017,32,15,2017-04-16,,,0.0,96.0,0.0,0.0,,0.0,,99.0,
MD,2017,33,16,2017-04-23,,,0.0,96.0,0.0,1.0,,0.0,,99.0,
MD,2017,34,17,2017-04-30,,,0.0,96.0,0.0,20.0,,0.0,,99.0,
MD,2017,35,18,2017-05-07,,,0.0,96.0,0.0,70.0,,0.0,,99.0,
MD,2017,36,19,2017-05-14,,,0.0,96.0,0.0,86.0,,0.0,,99.0,
MD,2017,37,20,2017-05-21,,,0.0,96.0,0.0,88.0,,0.0,,99.0,
MD,2017,38,21,2017-05-28,,,16.0,96.0,0.0,93.0,,0.0,,99.0,
MD,2017,39,22,2017-06-04,,,65.0,96.0,0.0,94.0,,0.0,,99.0,
MD,2017,40,23,2017-06-11,,,80.0,96.0,0.0,97.0,,0.0,,99.0,
MD,2017,41,24,2017-06-18,,,83.0,96.0,0.0,100.0,,23.0,,99.0,
MD,2017,42,25,2017-06-25,,,89.0,96.0,28.0,100.0,,69.0,,99.0,
MD,2017,43,26,2017-07-02,,,90.0,96.0,59.0,100.0,,72.0,,99.0,
MD,2017,44,27,2017-07-09,,,93.0,96.0,71.0,100.0,,76.0,,99.0,
MD,2017,45,28,2017-07-16,,,100.0,96.0,78.0,100.0,,91.0,,99.0,
MD,2017,46,29,2017-07-23,,,100.0,96.0,95.0,100.0,,100.0,,99.0,
MD,2018,4,39,2017-10-01,,,0.0,0.0,0.0,0.0,,0.0,,0.0,
MD,2018,5,40,2017-10-08,,,0.0,1.0,0.0,0.0,,0.0,,3.0,
MD,2018,6,41,2017-10-15,,,0.0,7.0,0.0,0.0,,0.0,,13.0,
MD,2018,7,42,2017-10-22,,,0.0,19.0,0.0,0.0,,0.0,,43.0,
MD,2018,8,43,2017-10-29,,,0.0,22.0,0.0,0.0,,0.0,,51.0,
MD,2018,9,44,2017-11-05,,,0.0,36.0,0.0,0.0,,0.0,,59.0,
MD,2018,10,45,2017-11-12,,,0.0,39.0,0.0,0.0,,0.0,,62.0,
MD,2018,11,46,2017-11-19,,,0.0,54.0,0.0,0.0,,0.0,,74.0,
MD,2018,12,47,2017-11-26,,,0.0,64.0,0.0,0.0,,0.0,,80.0,
MD,2018,31,14,2018-04-08,,,0.0,64.0,0.0,0.0,,0.0,,80.0,
MD,2018,32,15,2018-04-15,,,0.0,64.0,0.0,0.0,,0.0,,80.0,
MD,2018,33,16,2018-04-22,,,0.0,64.0,0.0,0.0,,0.0,,80.0,
MD,2018,34,17,2018-04-29,,,0.0,64.0,0.0,0.0,,0.0,,80.0,
MD,2018,35,18,2018-05-06,,,0.0,64.0,0.0,29.0,,0.0,,80.0,
MD,2018,36,19,2018-05-13,,,0.0,64.0,0.0,39.0,,0.0,,80.0,
MD,2018,37,20,2018-05-20,,,0.0,64.0,0.0,68.0,,0.0,,80.0,
MD,2018,38,21,2018-05-27,,,0.0,64.0,0.0,78.0,,0.0,,80.0,
MD,2018,39,22,2018-06-03,,,10.0,64.0,0.0,81.0,,0.0,,80.0,
MD,2018,40,23,2018-06-10,,,39.0,64.0,0.0,92.0,,0.0,,80.0,
MD,2018,41,24,2018-06-17,,,47.0,64.0,0.0,95.0,,0.0,,80.0,
MD,2018,42,25,2018-06-24,,,98.0,64.0,6.0,100.0,,88.0,,80.0,
MD,2018,43,26,2018-07-01,,,100.0,64.0,40.0,100.0,,91.0,,80.0,
MD,2018,44,27,2018-07-08,,,100.0,64.0,52.0,100.0,,94.0,,80.0,
MD,2018,45,28,2018-07-15,,,100.0,64.0,64.0,100.0,,97.0,,80.0,
MD,2018,46,29,2018-07-22,,,100.0,64.0,73.0,100.0,,100.0,,80.0,
MD,2018,47,30,2018-07-29,,,100.0,64.0,76.0,100.0,,100.0,,80.0,
MD,2018,48,31,2018-08-05,,,100.0,64.0,83.0,100.0,,100.0,,80.0,
MD,2018,49,32,2018-08-12,,,100.0,64.0,100.0,100.0,,100.0,,80.0,
MD,2019,5,40,2018-10-07,,,0.0,0.0,0.0,0.0,,0.0,,0.0,
MD,2019,6,41,2018-10-14,,,0.0,0.0,0.0,0.0,,0.0,,18.0,
MD,2019,7,42,2018-10-21,,,0.0,5.0,0.0,0.0,,0.0,,25.0,
MD,2019,8,43,2018-10-28,,,0.0,24.0,0.0,0.0,,0.0,,54.0,
MD,2019,9,44,2018-11-04,,,0.0,51.0,0.0,0.0,,0.0,,75.0,
MD,2019,10,45,2018-11-11,,,0.0,67.0,0.0,0.0,,0.0,,78.0,
MD,2019,11,46,2018-11-18,,,0.0,74.0,0.0,0.0,,0.0,,84.0,
MD,2019,12,47,2018-11-25,,,0.0,82.0,0.0,0.0,,0.0,,91.0,
MD,2019,31,14,2019-04-07,,,0.0,82.0,0.0,0.0,,0.0,,91.0,
MD,2019,32,15,2019-04-14,,,0.0,82.0,0.0,0.0,,0.0,,91.0,
MD,2019,33,16,2019-04-21,,,0.0,82.0,0.0,0.0,,0.0,,91.0,
MD,2019,34,17,2019-04-28,,,0.0,82.0,0.0,1.0,,0.0,,91.0,
MD,2019,35,18,2019-05-05,,,0.0,82.0,0.0,23.0,,0.0,,91.0,
MD,2019,36,19,2019-05-12,,,0.0,82.0,0.0,85.0,,0.0,,91.0,
MD,2019,37,20,2019-05-19,,,0.0,82.0,0.0,95.0,,0.0,,91.0,
MD,2019,38,21,2019-05-26,,,1.0,82.0,0.0,98.0,,0.0,,91.0,
MD,2019,39,22,2019-06-02,,,34.0,82.0,0.0,100.0,,0.0,,91.0,
MD,2019,40,23,2019-06-09,,,63.0,82.0,0.0,100.0,,0.0,,91.0,
MD,2019,41,24,2019-06-16,,,74.0,82.0,2.0,100.0,,22.0,,91.0,
MD,2019,42,25,2019-06-23,,,92.0,82.0,10.0,100.0,,51.0,,91.0,
MD,2019,43,26,2019-06-30,,,92.0,82.0,51.0,100.0,,80.0,,91.0,
MD,2019,44,27,2019-07-07,,,92.0,82.0,80.0,100.0,,99.0,,91.0,
MD,2019,45,28,2019-07-14,,,92.0,82.0,92.0,100.0,,99.0,,91.0,
MD,2019,46,29,2019-07-21,,,92.0,82.0,96.0,100.0,,99.0,,91.0,
MD,2020,2,37,2019-09-15,,,0.0,0.0,0.0,0.0,,0.0,,0.0,
MD,2020,3,38,2019-09-22,,,0.0,0.0,0.0,0.0,,0.0,,5.0,
MD,2020,4,39,2019-09-29,,,0.0,0.0,0.0,0.0,,0.0,,14.0,
MD,2020,5,40,2019-10-06,,,0.0,4.0,0.0,0.0,,0.0,,43.0,
MD,2020,6,41,2019-10-13,,,0.0,8.0,0.0,0.0,,0.0,,52.0,
MD,2020,7,42,2019-10-20,,,0.0,17.0,0.0,0.0,,0.0,,66.0,
MD,2020,8,43,2019-10-27,,,0.0,32.0,0.0,0.0,,0.0,,73.0,
MD,2020,9,44,2019-11-03,,,0.0,61.0,0.0,0.0,,0.0,,94.0,
MD,2020,10,45,2019-11-10,,,0.0,89.0,0.0,0.0,,0.0,,97.0,
MD,2020,11,46,2019-11-17,,,0.0,94.0,0.0,0.0,,0.0,,99.0,
MD,2020,12,47,2019-11-24,,,0.0,97.0,0.0,0.0,,0.0,,99.0,
MD,2020,32,15,2020-04-12,,,0.0,97.0,0.0,2.0,,0.0,,99.0,
MD,2020,33,16,2020-04-19,,,0.0,97.0,0.0,4.0,,0.0,,99.0,
MD,2020,34,17,2020-04-26,,,0.0,97.0,0.0,6.0,,0.0,,99.0,
MD,2020,35,18,2020-05-03,,,0.0,97.0,0.0,22.0,,0.0,,99.0,
MD,2020,36,19,2020-05-10,,,0.0,97.0,0.0,87.0,,0.0,,99.0,
MD,2020,37,20,2020-05-17,,,0.0,97.0,0.0,97.0,,0.0,,99.0,
MD,2020,38,21,2020-05-24,,,2.0,97.0,0.0,97.0,,0.0,,99.0,
MD,2020,39,22,2020-05-31,,,18.0,97.0,0.0,97.0,,0.0,,99.0,
MD,2020,40,23,2020-06-07,,,41.0,97.0,0.0,97.0,,0.0,,99.0,
MD,2020,41,24,2020-06-14,,,78.0,97.0,0.0,97.0,,8.0,,99.0,
MD,2020,42,25,2020-06-21,,,81.0,97.0,12.0,97.0,,51.0,,99.0,
MD,2020,43,26,2020-06-28,,,93.0,97.0,39.0,97.0,,70.0,,99.0,
MD,2020,44,27,2020-07-05,,,99.0,97.0,53.0,97.0,,97.0,,99.0,
MD,2020,45,28,2020-07-12,,,99.0,97.0,87.0,97.0,,97.0,,99.0,
MD,2020,46,29,2020-07-19,,,99.0,97.0,95.0,97.0,,97.0,,99.0,
MD,2021,3,38,2020-09-20,,,0.0,0.0,0.0,0.0,,0.0,,4.0,
MD,2021,4,39,2020-09-27,,,0.0,0.0,0.0,0.0,,0.0,,9.0,
MD,2021,5,40,2020-10-04,,,0.0,0.0,0.0,0.0,,0.0,,21.0,
MD,2021,6,41,2020-10-11,,,0.0,5.0,0.0,0.0,,0.0,,29.0,
MD,2021,7,42,2020-10-18,,,0.0,28.0,0.0,0.0,,0.0,,40.0,
MD,2021,8,43,2020-10-25,,,0.0,32.0,0.0,0.0,,0.0,,53.0,
MD,2021,9,44,2020-11-01,,,0.0,42.0,0.0,0.0,,0.0,,63.0,
MD,2021,10,45,2020-11-08,,,0.0,58.0,0.0,0.0,,0.0,,83.0,
MD,2021,11,46,2020-11-15,,,0.0,61.0,0.0,0.0,,0.0,,89.0,
MD,2021,12,47,2020-11-22,,,0.0,88.0,0.0,0.0,,0.0,,95.0,
MD,2021,13,48,2020-11-29,,,0.0,94.0,0.0,0.0,,0.0,,97.0,
MD,2021,31,14,2021-04-11,,,0.0,94.0,0.0,0.0,,0.0,,97.0,
MD,2021,32,15,2021-04-18,,,0.0,94.0,0.0,0.0,,0.0,,97.0,
MD,2021,33,16,2021-04-25,,,0.0,94.0,0.0,0.0,,0.0,,97.0,
MD,2021,34,17,2021-05-02,,,0.0,94.0,0.0,2.0,,0.0,,97.0,
MD,2021,35,18,2021-05-09,,,0.0,94.0,0.0,30.0,,0.0,,97.0,
MD,2021,36,19,2021-05-16,,,0.0,94.0,0.0,89.0,,0.0,,97.0,
MD,2021,37,20,2021-05-23,,,0.0,94.0,0.0,92.0,,0.0,,97.0,
MD,2021,38,21,2021-05-30,,,27.0,94.0,0.0,98.0,,0.0,,97.0,
MD,2021,39,22,2021-06-06,,,41.0,94.0,0.0,98.0,,0.0,,97.0,
MD,2021,40,23,2021-06-13,,,65.0,94.0,0.0,98.0,,7.0,,97.0,
MD,2021,41,24,2021-06-20,,,96.0,94.0,11.0,98.0,,45.0,,97.0,
MD,2021,42,25,2021-06-27,,,96.0,94.0,30.0,98.0,,75.0,,97.0,
MD,2021,43,26,2021-07-04,,,96.0,94.0,80.0,98.0,,93.0,,97.0,
MD,2021,44,27,2021-07-11,,,96.0,94.0,87.0,98.0,,94.0,,97.0,
MD,2021,45,28,2021-07-18,,,96.0,94.0,100.0,98.0,,100.0,,97.0,
MD,2022,2,37,2021-09-19,,,0.0,0.0,0.0,0.0,,0.0,,1.0,
MD,2022,3,38,2021-09-26,,,0.0,0.0,0.0,0.0,,0.0,,10.0,
MD,2022,4,39,2021-10-03,,,0.0,0.0,0.0,0.0,,0.0,,16.0,
MD,2022,5,40,2021-10-10,,,0.0,2.0,0.0,0.0,,0.0,,28.0,
MD,2022,6,41,2021-10-17,,,0.0,9.0,0.0,0.0,,0.0,,33.0,
MD,2022,7,42,2021-10-24,,,0.0,22.0,0.0,0.0,,0.0,,40.0,
MD,2022,8,43,2021-10-31,,,0.0,41.0,0.0,0.0,,0.0,,69.0,
MD,2022,9,44,2021-11-07,,,0.0,68.0,0.0,0.0,,0.0,,77.0,
MD,2022,10,45,2021-11-14,,,0.0,73.0,0.0,0.0,,0.0,,79.0,
MD,2022,11,46,2021-11-21,,,0.0,89.0,0.0,0.0,,0.0,,96.0,
MD,2022,12,47,2021-11-28,,,0.0,95.0,0.0,0.0,,0.0,,96.0,
MD,2022,34,17,2022-05-01,,,0.0,95.0,0.0,10.0,,0.0,,96.0,
MD,2022,35,18,2022-05-08,,,0.0,95.0,0.0,15.0,,0.0,,96.0,
MD,2022,36,19,2022-05-15,,,0.0,95.0,0.0,35.0,,0.0,,96.0,
MD,2022,37,20,2022-05-22,,,0.0,95.0,0.0,63.0,,0.0,,96.0,
MD,2022,38,21,2022-05-29,,,21.0,95.0,0.0,83.0,,0.0,,96.0,
MD,2022,39,22,2022-06-05,,,64.0,95.0,0.0,95.0,,0.0,,96.0,
MD,2022,40,23,2022-06-12,,,85.0,95.0,0.0,95.0,,5.0,,96.0,
MD,2022,41,24,2022-06-19,,,91.0,95.0,0.0,95.0,,31.0,,96.0,
MD,2022,42,25,2022-06-26,,,94.0,95.0,0.0,95.0,,86.0,,96.0,
MD,2022,43,26,2022-07-03,,,100.0,95.0,0.0,95.0,,95.0,,96.0,
MD,2022,44,27,2022-07-10,,,100.0,95.0,75.0,95.0,,95.0,,96.0,
MD,2022,45,28,2022-07-17,,,100.0,95.0,95.0,95.0,,95.0,,96.0,
MD,2023,3,38,2022-09-25,,,0.0,0.0,0.0,0.0,,0.0,,2.0,
MD,2023,4,39,2022-10-02,,,0.0,0.0,0.0,0.0,,0.0,,19.0,
MD,2023,5,40,2022-10-09,,,0.0,0.0,0.0,0.0,,0.0,,26.0,
MD,2023,6,41,2022-10-16,,,0.0,0.0,0.0,0.0,,0.0,,55.0,
MD,2023,7,42,2022-10-23,,,0.0,2.0,0.0,0.0,,0.0,,58.0,
MD,2023,8,43,2022-10-30,,,0.0,33.0,0.0,0.0,,0.0,,67.0,
MD,2023,9,44,2022-11-06,,,0.0,55.0,0.0,0.0,,0.0,,74.0,
MD,2023,10,45,2022-11-13,,,0.0,69.0,0.0,0.0,,0.0,,85.0,
MD,2023,11,46,2022-11-20,,,0.0,85.0,0.0,0.0,,0.0,,93.0,
MD,2023,12,47,2022-11-27,,,0.0,94.0,0.0,0.0,,0.0,,100.0,
MD,2023,32,15,2023-04-16,,,0.0,94.0,0.0,1.0,,0.0,,100.0,
MD,2023,33,16,2023-04-23,,,0.0,94.0,0.0,11.0,,0.0,,100.0,
MD,2023,34,17,2023-04-30,,,0.0,94.0,0.0,28.0,,0.0,,100.0,
MD,2023,35,18,2023-05-07,,,0.0,94.0,0.0,86.0,,0.0,,100.0,
MD,2023,36,19,2023-05-14,,,12.0,94.0,0.0,96.0,,0.0,,100.0,
MD,2023,37,20,2023-05-21,,,14.0,94.0,0.0,96.0,,0.0,,100.0,
MD,2023,38,21,2023-05-28,,,16.0,94.0,0.0,96.0,,0.0,,100.0,
MD,2023,39,22,2023-06-04,,,61.0,94.0,0.0,96.0,,0.0,,100.0,
MD,2023,40,23,2023-06-11,,,84.0,94.0,0.0,96.0,,0.0,,100.0,
MD,2023,41,24,2023-06-18,,,88.0,94.0,0.0,96.0,,17.0,,100.0,
MD,2023,42,25,2023-06-25,,,99.0,94.0,7.0,96.0,,70.0,,100.0,
MD,2023,43,26,2023-07-02,,,99.0,94.0,38.0,96.0,,92.0,,100.0,
MD,2023,44,27,2023-07-09,,,99.0,94.0,69.0,96.0,,99.0,,100.0,
MD,2023,45,28,2023-07-16,,,99.0,94.0,84.0,96.0,,99.0,,100.0,
MD,2023,46,29,2023-07-23,,,99.0,94.0,96.0,96.0,,99.0,,100.0,
MD,2024,1,36,2023-09-10,,,0.0,0.0,0.0,0.0,,0.0,,1.0,
MD,2024,2,37,2023-09-17,,,0.0,0.0,0.0,0.0,,0.0,,26.0,
MD,2024,3,38,2023-09-24,,,0.0,0.0,0.0,0.0,,0.0,,37.0,
MD,2024,4,39,2023-10-01,,,0.0,0.0,0.0,0.0,,0.0,,39.0,
MD,2024,5,40,2023-10-08,,,0.0,13.0,0.0,0.0,,0.0,,48.0,
MD,2024,6,41,2023-10-15,,,0.0,26.0,0.0,0.0,,0.0,,61.0,
MD,2024,7,42,2023-10-22,,,0.0,42.0,0.0,0.0,,0.0,,69.0,
MD,2024,8,43,2023-10-29,,,0.0,53.0,0.0,0.0,,0.0,,80.0,
MD,2024,9,44,2023-11-05,,,0.0,67.0,0.0,0.0,,0.0,,88.0,
MD,2024,10,45,2023-11-12,,,0.0,81.0,0.0,0.0,,0.0,,94.0,
MD,2024,11,46,2023-11-19,,,0.0,92.0,0.0,0.0,,0.0,,97.0,
MD,2024,12,47,2023-11-26,,,0.0,96.0,0.0,0.0,,0.0,,97.0,
MD,2024,30,13,2024-03-31,,,0.0,96.0,0.0,0.0,,0.0,,97.0,
MD,2024,31,14,2024-04-07,,,0.0,96.0,0.0,0.0,,0.0,,97.0,
MD,2024,32,15,2024-04-14,,,0.0,96.0,0.0,1.0,,0.0,,97.0,
MD,2024,33,16,2024-04-21,,,0.0,96.0,0.0,8.0,,0.0,,97.0,
MD,2024,34,17,2024-04-28,,,0.0,96.0,0.0,24.0,,0.0,,97.0,
MD,2024,35,18,2024-05-05,,,0.0,96.0,0.0,65.0,,0.0,,97.0,
MD,2024,36,19,2024-05-12,,,0.0,96.0,0.0,85.0,,0.0,,97.0,
MD,2024,37,20,2024-05-19,,,13.0,96.0,0.0,97.0,,0.0,,97.0,
MD,2024,38,21,2024-05-26,,,48.0,96.0,0.0,97.0,,0.0,,97.0,
MD,2024,39,22,2024-06-02,,,74.0,96.0,0.0,97.0,,0.0,,97.0,
MD,2024,40,23,2024-06-09,,,89.0,96.0,0.0,97.0,,24.0,,97.0,
MD,2024,41,24,2024-06-16,,,94.0,96.0,6.0,97.0,,56.0,,97.0,
MD,2024,42,25,2024-06-23,,,97.0,96.0,52.0,97.0,,89.0,,97.0,
MD,2024,43,26,2024-06-30,,,97.0,96.0,60.0,97.0,,92.0,,97.0,
MD,2024,44,27,2024-07-07,,,97.0,96.0,90.0,97.0,,99.0,,97.0,
MD,2024,45,28,2024-07-14,,,97.0,96.0,98.0,97.0,,99.0,,97.0,
MD,2025,2,37,2024-09-15,,,0.0,0.0,0.0,0.0,,0.0,,10.0,
MD,2025,3,38,2024-09-22,,,0.0,0.0,0.0,0.0,,0.0,,20.0,
MD,2025,4,39,2024-09-29,,,0.0,0.0,0.0,0.0,,0.0,,27.0,
MD,2025,5,40,2024-10-06,,,0.0,0.0,0.0,0.0,,0.0,,43.0,
MD,2025,6,41,2024-10-13,,,0.0,12.0,0.0,0.0,,0.0,,53.0,
MD,2025,7,42,2024-10-20,,,0.0,30.0,0.0,0.0,,0.0,,74.0,
MD,2025,8,43,2024-10-27,,,0.0,48.0,0.0,0.0,,0.0,,80.0,
MD,2025,9,44,2024-11-03,,,0.0,66.0,0.0,0.0,,0.0,,95.0,
MD,2025,10,45,2024-11-10,,,0.0,77.0,0.0,0.0,,0.0,,95.0,
MD,2025,11,46,2024-11-17,,,0.0,87.0,0.0,0.0,,0.0,,95.0,
MD,2025,12,47,2024-11-24,,,0.0,94.0,0.0,0.0,,0.0,,95.0,
MD,2025,31,14,2025-04-06,,,0.0,94.0,0.0,1.0,,0.0,,95.0,
MD,2025,32,15,2025-04-13,,,0.0,94.0,0.0,1.0,,0.0,,95.0,
MD,2025,33,16,2025-04-20,,,0.0,94.0,0.0,1.0,,0.0,,95.0,
MD,2025,34,17,2025-04-27,,,0.0,94.0,0.0,12.0,,0.0,,95.0,
MD,2025,35,18,2025-05-04,,,0.0,94.0,0.0,35.0,,0.0,,95.0,
MD,2025,36,19,2025-05-11,,,1.0,94.0,0.0,55.0,,0.0,,95.0,
MD,2025,37,20,2025-05-18,,,10.0,94.0,0.0,75.0,,0.0,,95.0,
MD,2025,38,21,2025-05-25,,,40.0,94.0,0.0,93.0,,0.0,,95.0,
MD,2025,39,22,2025-06-01,,,60.0,94.0,0.0,99.0,,1.0,,95.0,
MD,2025,40,23,2025-06-08,,,80.0,94.0,0.0,99.0,,17.0,,95.0,
MD,2025,41,24,2025-06-15,,,87.0,94.0,0.0,99.0,,30.0,,95.0,
MD,2025,42,25,2025-06-22,,,97.0,94.0,12.0,99.0,,67.0,,95.0,
MD,2025,43,26,2025-06-29,,,97.0,94.0,39.0,99.0,,84.0,,95.0,
MD,2025,44,27,2025-07-06,,,97.0,94.0,65.0,99.0,,94.0,,95.0,
MD,2025,45,28,2025-07-13,,,97.0,94.0,88.0,99.0,,99.0,,95.0,
MD,2025,46,29,2025-07-20,,,97.0,94.0,96.0,99.0,,99.0,,95.0,
MD,2026,2,37,2025-09-14,,,0.0,0.0,0.0,0.0,,0.0,,1.0,
MD,2026,3,38,2025-09-21,,,0.0,0.0,0.0,0.0,,0.0,,10.0,
MD,2026,4,39,2025-09-28,,,0.0,2.0,0.0,0.0,,0.0,,16.0,
MD,2026,11,46,2025-11-16,,,0.0,77.0,0.0,0.0,,0.0,,89.0,
MD,2026,12,47,2025-11-23,,,0.0,84.0,0.0,0.0,,0.0,,93.0,
MI,2016,1,36,2015-09-06,,,,0.0,0.0,0.0,0.0,0.0,,1.0,
MI,2016,2,37,2015-09-13,,,,0.0,0.0,0.0,0.0,0.0,,2.0,
MI,2016,3,38,2015-09-20,,,,0.0,0.0,0.0,0.0,0.0,,5.0,
MI,2016,4,39,2015-09-27,,,,0.0,0.0,0.0,0.0,0.0,,17.0,
MI,2016,5,40,2015-10-04,,,,6.0,0.0,0.0,0.0,0.0,,43.0,
MI,2016,6,41,2015-10-11,,,,28.0,0.0,0.0,0.0,0.0,,63.0,
MI,2016,7,42,2015-10-18,,,,48.0,0.0,0.0,0.0,0.0,,76.0,
MI,2016,8,43,2015-10-25,,,,67.0,0.0,0.0,0.0,0.0,,90.0,
MI,2016,9,44,2015-11-01,,,,80.0,0.0,0.0,0.0,0.0,,95.0,
MI,2016,10,45,2015-11-08,,,,91.0,0.0,0.0,0.0,0.0,,100.0,
MI,2016,11,46,2015-11-15,,,,95.0,0.0,0.0,0.0,0.0,,100.0,
MI,2016,12,47,2015-11-22,,,,100.0,0.0,0.0,0.0,0.0,,100.0,
MI,2016,13,48,2015-11-29,,,,100.0,0.0,0.0,0.0,0.0,,100.0,
MI,2016,30,13,2016-04-03,,,,100.0,0.0,0.0,0.0,0.0,,100.0,
MI,2016,31,14,2016-04-10,,,,100.0,0.0,0.0,2.0,0.0,,100.0,
MI,2016,32,15,2016-04-17,,,,100.0,0.0,0.0,7.0,0.0,,100.0,
MI,2016,33,16,2016-04-24,,,,100.0,0.0,0.0,21.0,0.0,,100.0,
MI,2016,34,17,2016-05-01,,,,100.0,0.0,0.0,35.0,0.0,,100.0,
MI,2016,35,18,2016-05-08,,,,100.0,0.0,0.0,47.0,0.0,,100.0,
MI,2016,36,19,2016-05-15,,,,100.0,0.0,2.0,69.0,0.0,,100.0,
MI,2016,37,20,2016-05-22,,,,100.0,0.0,4.0,79.0,0.0,,100.0,
MI,2016,38,21,2016-05-29,,,,100.0,0.0,25.0,93.0,0.0,,100.0,
MI,2016,39,22,2016-06-05,,,,100.0,0.0,68.0,96.0,0.0,,100.0,
MI,2016,40,23,2016-06-12,,,,100.0,0.0,88.0,100.0,1.0,,100.0,
MI,2016,41,24,2016-06-19,,,,100.0,0.0,93.0,100.0,8.0,,100.0,
MI,2016,42,25,2016-06-26,,,,100.0,0.0,95.0,100.0,20.0,,100.0,
MI,2016,43,26,2016-07-03,,,,100.0,3.0,100.0,100.0,55.0,,100.0,
MI,2016,44,27,2016-07-10,,,,100.0,15.0,100.0,100.0,78.0,,100.0,
MI,2016,45,28,2016-07-17,,,,100.0,43.0,100.0,100.0,91.0,,100.0,
MI,2016,46,29,2016-07-24,,,,100.0,81.0,100.0,100.0,97.0,,100.0,
MI,2016,47,30,2016-07-31,,,,100.0,94.0,100.0,100.0,97.0,,100.0,
MI,2016,48,31,2016-08-07,,,,100.0,99.0,100.0,100.0,97.0,,100.0,
MI,2016,49,32,2016-08-14,,,,100.0,100.0,100.0,100.0,97.0,,100.0,
MI,2016,52,35,2016-09-04,,,,100.0,100.0,100.0,100.0,97.0,,0.0,
MI,2017,1,36,2016-09-11,,,,0.0,0.0,0.0,0.0,0.0,,2.0,
MI,2017,2,37,2016-09-18,,,,0.0,0.0,0.0,0.0,0.0,,8.0,
MI,2017,3,38,2016-09-25,,,,2.0,0.0,0.0,0.0,0.0,,18.0,
MI,2017,4,39,2016-10-02,,,,9.0,0.0,0.0,0.0,0.0,,28.0,
MI,2017,5,40,2016-10-09,,,,19.0,0.0,0.0,0.0,0.0,,40.0,
MI,2017,6,41,2016-10-16,,,,33.0,0.0,0.0,0.0,0.0,,56.0,
MI,2017,7,42,2016-10-23,,,,52.0,0.0,0.0,0.0,0.0,,73.0,
MI,2017,8,43,2016-10-30,,,,67.0,0.0,0.0,0.0,0.0,,88.0,
MI,2017,9,44,2016-11-06,,,,79.0,0.0,0.0,0.0,0.0,,92.0,
MI,2017,10,45,2016-11-13,,,,85.0,0.0,0.0,0.0,0.0,,94.0,
MI,2017,11,46,2016-11-20,,,,90.0,0.0,0.0,0.0,0.0,,96.0,
MI,2017,12,47,2016-11-27,,,,92.0,0.0,0.0,0.0,0.0,,96.0,
MI,2017,31,14,2017-04-09,,,,92.0,0.0,0.0,1.0,0.0,,96.0,
MI,2017,32,15,2017-04-16,,,,92.0,0.0,0.0,4.0,0.0,,96.0,
MI,2017,33,16,2017-04-23,,,,92.0,0.0,0.0,9.0,0.0,,96.0,
MI,2017,34,17,2017-04-30,,,,92.0,0.0,0.0,23.0,0.0,,96.0,
MI,2017,35,18,2017-05-07,,,,92.0,0.0,0.0,41.0,0.0,,96.0,
MI,2017,36,19,2017-05-14,,,,92.0,0.0,0.0,59.0,0.0,,96.0,
MI,2017,37,20,2017-05-21,,,,92.0,0.0,2.0,76.0,0.0,,96.0,
MI,2017,38,21,2017-05-28,,,,92.0,0.0,27.0,84.0,0.0,,96.0,
MI,2017,39,22,2017-06-04,,,,92.0,0.0,59.0,89.0,0.0,,96.0,
MI,2017,40,23,2017-06-11,,,,92.0,0.0,77.0,94.0,0.0,,96.0,
MI,2017,41,24,2017-06-18,,,,92.0,0.0,89.0,94.0,13.0,,96.0,
MI,2017,42,25,2017-06-25,,,,92.0,0.0,92.0,94.0,24.0,,96.0,
MI,2017,43,26,2017-07-02,,,,92.0,0.0,94.0,94.0,38.0,,96.0,
MI,2017,44,27,2017-07-09,,,,92.0,10.0,94.0,94.0,64.0,,96.0,
MI,2017,45,28,2017-07-16,,,,92.0,34.0,94.0,94.0,79.0,,96.0,
MI,2017,46,29,2017-07-23,,,,92.0,70.0,94.0,94.0,89.0,,96.0,
MI,2017,47,30,2017-07-30,,,,92.0,88.0,94.0,94.0,95.0,,96.0,
MI,2017,48,31,2017-08-06,,,,92.0,94.0,94.0,94.0,95.0,,96.0,
MI,2017,49,32,2017-08-13,,,,92.0,97.0,94.0,94.0,95.0,,96.0,
MI,2018,1,36,2017-09-10,,,,0.0,0.0,0.0,0.0,0.0,,0.0,
MI,2018,2,37,2017-09-17,,,,0.0,0.0,0.0,0.0,0.0,,2.0,
MI,2018,3,38,2017-09-24,,,,0.0,0.0,0.0,0.0,0.0,,9.0,
MI,2018,4,39,2017-10-01,,,,3.0,0.0,0.0,0.0,0.0,,25.0,
MI,2018,5,40,2017-10-08,,,,25.0,0.0,0.0,0.0,0.0,,62.0,
MI,2018,6,41,2017-10-15,,,,49.0,0.0,0.0,0.0,0.0,,75.0,
MI,2018,7,42,2017-10-22,,,,69.0,0.0,0.0,0.0,0.0,,88.0,
MI,2018,8,43,2017-10-29,,,,78.0,0.0,0.0,0.0,0.0,,92.0,
MI,2018,9,44,2017-11-05,,,,88.0,0.0,0.0,0.0,0.0,,96.0,
MI,2018,10,45,2017-11-12,,,,93.0,0.0,0.0,0.0,0.0,,99.0,
MI,2018,11,46,2017-11-19,,,,95.0,0.0,0.0,0.0,0.0,,99.0,
MI,2018,12,47,2017-11-26,,,,97.0,0.0,0.0,0.0,0.0,,99.0,
MI,2018,30,13,2018-04-01,,,,97.0,0.0,0.0,1.0,0.0,,99.0,
MI,2018,31,14,2018-04-08,,,,97.0,0.0,0.0,2.0,0.0,,99.0,
MI,2018,32,15,2018-04-15,,,,97.0,0.0,0.0,4.0,0.0,,99.0,
MI,2018,33,16,2018-04-22,,,,97.0,0.0,0.0,6.0,0.0,,99.0,
MI,2018,34,17,2018-04-29,,,,97.0,0.0,0.0,9.0,0.0,,99.0,
MI,2018,35,18,2018-05-06,,,,97.0,0.0,0.0,25.0,0.0,,99.0,
MI,2018,36,19,2018-05-13,,,,97.0,0.0,1.0,38.0,0.0,,99.0,
MI,2018,37,20,2018-05-20,,,,97.0,0.0,2.0,52.0,0.0,,99.0,
MI,2018,38,21,2018-05-27,,,,97.0,0.0,12.0,69.0,0.0,,99.0,
MI,2018,39,22,2018-06-03,,,,97.0,0.0,46.0,84.0,0.0,,99.0,
MI,2018,40,23,2018-06-10,,,,97.0,0.0,76.0,89.0,0.0,,99.0,
MI,2018,41,24,2018-06-17,,,,97.0,0.0,85.0,92.0,4.0,,99.0,
MI,2018,42,25,2018-06-24,,,,97.0,0.0,95.0,97.0,11.0,,99.0,
MI,2018,43,26,2018-07-01,,,,97.0,0.0,95.0,97.0,45.0,,99.0,
MI,2018,44,27,2018-07-08,,,,97.0,9.0,95.0,97.0,69.0,,99.0,
MI,2018,45,28,2018-07-15,,,,97.0,38.0,95.0,97.0,88.0,,99.0,
MI,2018,46,29,2018-07-22,,,,97.0,70.0,95.0,97.0,99.0,,99.0,
MI,2018,47,30,2018-07-29,,,,97.0,87.0,95.0,97.0,100.0,,99.0,
MI,2018,48,31,2018-08-05,,,,97.0,93.0,95.0,97.0,100.0,,99.0,
MI,2018,49,32,2018-08-12,,,,97.0,96.0,95.0,97.0,100.0,,99.0,
MI,2018,50,33,2018-08-19,,,,97.0,100.0,95.0,97.0,100.0,,99.0,
MI,2018,52,35,2018-09-02,,,,97.0,100.0,95.0,97.0,100.0,,0.0,
MI,2019,1,36,2018-09-09,,,,0.0,0.0,0.0,0.0,0.0,,1.0,
MI,2019,2,37,2018-09-16,,,,0.0,0.0,0.0,0.0,0.0,,3.0,
MI,2019,3,38,2018-09-23,,,,0.0,0.0,0.0,0.0,0.0,,7.0,
MI,2019,4,39,2018-09-30,,,,6.0,0.0,0.0,0.0,0.0,,21.0,
MI,2019,5,40,2018-10-07,,,,14.0,0.0,0.0,0.0,0.0,,32.0,
MI,2019,6,41,2018-10-14,,,,24.0,0.0,0.0,0.0,0.0,,40.0,
MI,2019,7,42,2018-10-21,,,,36.0,0.0,0.0,0.0,0.0,,65.0,
MI,2019,8,43,2018-10-28,,,,48.0,0.0,0.0,0.0,0.0,,81.0,
MI,2019,9,44,2018-11-04,,,,61.0,0.0,0.0,0.0,0.0,,89.0,
MI,2019,10,45,2018-11-11,,,,71.0,0.0,0.0,0.0,0.0,,92.0,
MI,2019,11,46,2018-11-18,,,,81.0,0.0,0.0,0.0,0.0,,96.0,
MI,2019,12,47,2018-11-25,,,,87.0,0.0,0.0,0.0,0.0,,100.0,
MI,2019,30,13,2019-03-31,,,,87.0,0.0,0.0,0.0,0.0,,100.0,
MI,2019,31,14,2019-04-07,,,,87.0,0.0,0.0,3.0,0.0,,100.0,
MI,2019,32,15,2019-04-14,,,,87.0,0.0,0.0,6.0,0.0,,100.0,
MI,2019,33,16,2019-04-21,,,,87.0,0.0,0.0,10.0,0.0,,100.0,
MI,2019,34,17,2019-04-28,,,,87.0,0.0,0.0,14.0,0.0,,100.0,
MI,2019,35,18,2019-05-05,,,,87.0,0.0,0.0,22.0,0.0,,100.0,
MI,2019,36,19,2019-05-12,,,,87.0,0.0,0.0,27.0,0.0,,100.0,
MI,2019,37,20,2019-05-19,,,,87.0,0.0,0.0,44.0,0.0,,100.0,
MI,2019,38,21,2019-05-26,,,,87.0,0.0,1.0,63.0,0.0,,100.0,
MI,2019,39,22,2019-06-02,,,,87.0,0.0,5.0,79.0,0.0,,100.0,
MI,2019,40,23,2019-06-09,,,,87.0,0.0,35.0,88.0,0.0,,100.0,
MI,2019,41,24,2019-06-16,,,,87.0,0.0,64.0,94.0,0.0,,100.0,
MI,2019,42,25,2019-06-23,,,,87.0,0.0,79.0,97.0,0.0,,100.0,
MI,2019,43,26,2019-06-30,,,,87.0,0.0,88.0,100.0,3.0,,100.0,
MI,2019,44,27,2019-07-07,,,,87.0,0.0,97.0,100.0,20.0,,100.0,
MI,2019,45,28,2019-07-14,,,,87.0,2.0,100.0,100.0,44.0,,100.0,
MI,2019,46,29,2019-07-21,,,,87.0,14.0,100.0,100.0,70.0,,100.0,
MI,2019,47,30,2019-07-28,,,,87.0,45.0,100.0,100.0,86.0,,100.0,
MI,2019,48,31,2019-08-04,,,,87.0,74.0,100.0,100.0,95.0,,100.0,
MI,2019,49,32,2019-08-11,,,,87.0,89.0,100.0,100.0,100.0,,100.0,
MI,2019,50,33,2019-08-18,,,,87.0,95.0,100.0,100.0,100.0,,100.0,
MI,2019,51,34,2019-08-25,,,,87.0,100.0,100.0,100.0,100.0,,100.0,
MI,2020,1,36,2019-09-08,,,,0.0,0.0,0.0,0.0,0.0,,0.0,
MI,2020,2,37,2019-09-15,,,,0.0,0.0,0.0,0.0,0.0,,3.0,
MI,2020,3,38,2019-09-22,,,,0.0,0.0,0.0,0.0,0.0,,10.0,
MI,2020,4,39,2019-09-29,,,,2.0,0.0,0.0,0.0,0.0,,23.0,
MI,2020,5,40,2019-10-06,,,,11.0,0.0,0.0,0.0,0.0,,28.0,
MI,2020,6,41,2019-10-13,,,,21.0,0.0,0.0,0.0,0.0,,47.0,
MI,2020,7,42,2019-10-20,,,,35.0,0.0,0.0,0.0,0.0,,65.0,
MI,2020,8,43,2019-10-27,,,,54.0,0.0,0.0,0.0,0.0,,78.0,
MI,2020,9,44,2019-11-03,,,,66.0,0.0,0.0,0.0,0.0,,86.0,
MI,2020,10,45,2019-11-10,,,,75.0,0.0,0.0,0.0,0.0,,88.0,
MI,2020,11,46,2019-11-17,,,,81.0,0.0,0.0,0.0,0.0,,89.0,
MI,2020,12,47,2019-11-24,,,,85.0,0.0,0.0,0.0,0.0,,91.0,
MI,2020,31,14,2020-04-05,,,,85.0,0.0,0.0,1.0,0.0,,91.0,
MI,2020,32,15,2020-04-12,,,,85.0,0.0,0.0,5.0,0.0,,91.0,
MI,2020,33,16,2020-04-19,,,,85.0,0.0,0.0,13.0,0.0,,91.0,
MI,2020,34,17,2020-04-26,,,,85.0,0.0,0.0,22.0,0.0,,91.0,
MI,2020,35,18,2020-05-03,,,,85.0,0.0,0.0,37.0,0.0,,91.0,
MI,2020,36,19,2020-05-10,,,,85.0,0.0,0.0,53.0,0.0,,91.0,
MI,2020,37,20,2020-05-17,,,,85.0,0.0,1.0,69.0,0.0,,91.0,
MI,2020,38,21,2020-05-24,,,,85.0,0.0,4.0,81.0,0.0,,91.0,
MI,2020,39,22,2020-05-31,,,,85.0,0.0,20.0,89.0,0.0,,91.0,
MI,2020,40,23,2020-06-07,,,,85.0,0.0,50.0,95.0,0.0,,91.0,
MI,2020,41,24,2020-06-14,,,,85.0,0.0,71.0,100.0,0.0,,91.0,
MI,2020,42,25,2020-06-21,,,,85.0,0.0,80.0,100.0,0.0,,91.0,
MI,2020,43,26,2020-06-28,,,,85.0,0.0,88.0,100.0,4.0,,91.0,
MI,2020,44,27,2020-07-05,,,,85.0,0.0,97.0,100.0,24.0,,91.0,
MI,2020,45,28,2020-07-12,,,,85.0,17.0,100.0,100.0,49.0,,91.0,
MI,2020,46,29,2020-07-19,,,,85.0,46.0,100.0,100.0,76.0,,91.0,
MI,2020,47,30,2020-07-26,,,,85.0,78.0,100.0,100.0,96.0,,91.0,
MI,2020,48,31,2020-08-02,,,,85.0,91.0,100.0,100.0,100.0,,91.0,
MI,2020,49,32,2020-08-09,,,,85.0,98.0,100.0,100.0,100.0,,91.0,
MI,2020,50,33,2020-08-16,,,,85.0,100.0,100.0,100.0,100.0,,91.0,
MI,2020,51,34,2020-08-23,,,,85.0,100.0,100.0,100.0,100.0,,91.0,
MI,2021,1,36,2020-09-06,,,,0.0,0.0,0.0,0.0,0.0,,0.0,
MI,2021,2,37,2020-09-13,,,,0.0,0.0,0.0,0.0,0.0,,3.0,
MI,2021,3,38,2020-09-20,,,,0.0,0.0,0.0,0.0,0.0,,9.0,
MI,2021,4,39,2020-09-27,,,,6.0,0.0,0.0,0.0,0.0,,27.0,
MI,2021,5,40,2020-10-04,,,,21.0,0.0,0.0,0.0,0.0,,41.0,
MI,2021,6,41,2020-10-11,,,,32.0,0.0,0.0,0.0,0.0,,67.0,
MI,2021,7,42,2020-10-18,,,,45.0,0.0,0.0,0.0,0.0,,81.0,
MI,2021,8,43,2020-10-25,,,,63.0,0.0,0.0,0.0,0.0,,91.0,
MI,2021,9,44,2020-11-01,,,,77.0,0.0,0.0,0.0,0.0,,95.0,
MI,2021,10,45,2020-11-08,,,,94.0,0.0,0.0,0.0,0.0,,98.0,
MI,2021,11,46,2020-11-15,,,,96.0,0.0,0.0,0.0,0.0,,100.0,
MI,2021,12,47,2020-11-22,,,,99.0,0.0,0.0,0.0,0.0,,100.0,
MI,2021,13,48,2020-11-29,,,,100.0,0.0,0.0,0.0,0.0,,100.0,
MI,2021,30,13,2021-04-04,,,,100.0,0.0,0.0,0.0,0.0,,100.0,
MI,2021,31,14,2021-04-11,,,,100.0,0.0,0.0,15.0,0.0,,100.0,
MI,2021,32,15,2021-04-18,,,,100.0,0.0,0.0,40.0,0.0,,100.0,
MI,2021,33,16,2021-04-25,,,,100.0,0.0,0.0,58.0,0.0,,100.0,
MI,2021,34,17,2021-05-02,,,,100.0,0.0,0.0,75.0,0.0,,100.0,
MI,2021,35,18,2021-05-09,,,,100.0,0.0,0.0,83.0,0.0,,100.0,
MI,2021,36,19,2021-05-16,,,,100.0,0.0,0.0,89.0,0.0,,100.0,
MI,2021,37,20,2021-05-23,,,,100.0,0.0,14.0,95.0,0.0,,100.0,
MI,2021,38,21,2021-05-30,,,,100.0,0.0,51.0,97.0,0.0,,100.0,
MI,2021,39,22,2021-06-06,,,,100.0,0.0,86.0,99.0,0.0,,100.0,
MI,2021,40,23,2021-06-13,,,,100.0,0.0,93.0,100.0,1.0,,100.0,
MI,2021,41,24,2021-06-20,,,,100.0,0.0,95.0,100.0,3.0,,100.0,
MI,2021,42,25,2021-06-27,,,,100.0,0.0,99.0,100.0,20.0,,100.0,
MI,2021,43,26,2021-07-04,,,,100.0,0.0,100.0,100.0,54.0,,100.0,
MI,2021,44,27,2021-07-11,,,,100.0,12.0,100.0,100.0,85.0,,100.0,
MI,2021,45,28,2021-07-18,,,,100.0,47.0,100.0,100.0,92.0,,100.0,
MI,2021,46,29,2021-07-25,,,,100.0,83.0,100.0,100.0,98.0,,100.0,
MI,2021,47,30,2021-08-01,,,,100.0,93.0,100.0,100.0,100.0,,100.0,
MI,2021,48,31,2021-08-08,,,,100.0,96.0,100.0,100.0,100.0,,100.0,
MI,2021,49,32,2021-08-15,,,,100.0,100.0,100.0,100.0,100.0,,100.0,
MI,2021,52,35,2021-09-05,,,,100.0,100.0,100.0,100.0,100.0,,0.0,
MI,2022,1,36,2021-09-12,,,,0.0,0.0,0.0,0.0,0.0,,4.0,
MI,2022,2,37,2021-09-19,,,,0.0,0.0,0.0,0.0,0.0,,10.0,
MI,2022,3,38,2021-09-26,,,,4.0,0.0,0.0,0.0,0.0,,17.0,
MI,2022,4,39,2021-10-03,,,,13.0,0.0,0.0,0.0,0.0,,32.0,
MI,2022,5,40,2021-10-10,,,,24.0,0.0,0.0,0.0,0.0,,44.0,
MI,2022,6,41,2021-10-17,,,,41.0,0.0,0.0,0.0,0.0,,53.0,
MI,2022,7,42,2021-10-24,,,,55.0,0.0,0.0,0.0,0.0,,68.0,
MI,2022,8,43,2021-10-31,,,,66.0,0.0,0.0,0.0,0.0,,77.0,
MI,2022,9,44,2021-11-07,,,,74.0,0.0,0.0,0.0,0.0,,85.0,
MI,2022,10,45,2021-11-14,,,,81.0,0.0,0.0,0.0,0.0,,90.0,
MI,2022,11,46,2021-11-21,,,,86.0,0.0,0.0,0.0,0.0,,94.0,
MI,2022,12,47,2021-11-28,,,,89.0,0.0,0.0,0.0,0.0,,96.0,
MI,2022,30,13,2022-04-03,,,,89.0,0.0,0.0,0.0,0.0,,96.0,
MI,2022,31,14,2022-04-10,,,,89.0,0.0,0.0,0.0,0.0,,96.0,
MI,2022,32,15,2022-04-17,,,,89.0,0.0,0.0,3.0,0.0,,96.0,
MI,2022,33,16,2022-04-24,,,,89.0,0.0,0.0,9.0,0.0,,96.0,
MI,2022,34,17,2022-05-01,,,,89.0,0.0,0.0,32.0,0.0,,96.0,
MI,2022,35,18,2022-05-08,,,,89.0,0.0,0.0,47.0,0.0,,96.0,
MI,2022,36,19,2022-05-15,,,,89.0,0.0,1.0,79.0,0.0,,96.0,
MI,2022,37,20,2022-05-22,,,,89.0,0.0,2.0,89.0,0.0,,96.0,
MI,2022,38,21,2022-05-29,,,,89.0,0.0,23.0,90.0,0.0,,96.0,
MI,2022,39,22,2022-06-05,,,,89.0,0.0,52.0,96.0,0.0,,96.0,
MI,2022,40,23,2022-06-12,,,,89.0,0.0,86.0,99.0,0.0,,96.0,
MI,2022,41,24,2022-06-19,,,,89.0,0.0,91.0,99.0,2.0,,96.0,
MI,2022,42,25,2022-06-26,,,,89.0,0.0,95.0,99.0,15.0,,96.0,
MI,2022,43,26,2022-07-03,,,,89.0,1.0,95.0,99.0,30.0,,96.0,
MI,2022,44,27,2022-07-10,,,,89.0,8.0,95.0,99.0,59.0,,96.0,
MI,2022,45,28,2022-07-17,,,,89.0,34.0,95.0,99.0,80.0,,96.0,
MI,2022,46,29,2022-07-24,,,,89.0,68.0,95.0,99.0,93.0,,96.0,
MI,2022,47,30,2022-07-31,,,,89.0,85.0,95.0,99.0,96.0,,96.0,
MI,2022,48,31,2022-08-07,,,,89.0,93.0,95.0,99.0,96.0,,96.0,
MI,2022,49,32,2022-08-14,,,,89.0,96.0,95.0,99.0,96.0,,96.0,
MI,2022,50,33,2022-08-21,,,,89.0,99.0,95.0,99.0,96.0,,96.0,
MI,2022,52,35,2022-09-04,,,,89.0,99.0,95.0,99.0,96.0,,0.0,
MI,2023,1,36,2022-09-11,,,,0.0,0.0,0.0,0.0,0.0,,0.0,
MI,2023,2,37,2022-09-18,,,,0.0,0.0,0.0,0.0,0.0,,5.0,
MI,2023,3,38,2022-09-25,,,,5.0,0.0,0.0,0.0,0.0,,20.0,
MI,2023,4,39,2022-10-02,,,,11.0,0.0,0.0,0.0,0.0,,35.0,
MI,2023,5,40,2022-10-09,,,,21.0,0.0,0.0,0.0,0.0,,55.0,
MI,2023,6,41,2022-10-16,,,,37.0,0.0,0.0,0.0,0.0,,74.0,
MI,2023,7,42,2022-10-23,,,,58.0,0.0,0.0,0.0,0.0,,85.0,
MI,2023,8,43,2022-10-30,,,,74.0,0.0,0.0,0.0,0.0,,94.0,
MI,2023,9,44,2022-11-06,,,,91.0,0.0,0.0,0.0,0.0,,98.0,
MI,2023,10,45,2022-11-13,,,,94.0,0.0,0.0,0.0,0.0,,100.0,
MI,2023,11,46,2022-11-20,,,,98.0,0.0,0.0,0.0,0.0,,100.0,
MI,2023,12,47,2022-11-27,,,,100.0,0.0,0.0,0.0,0.0,,100.0,
MI,2023,30,13,2023-04-02,,,,100.0,0.0,0.0,0.0,0.0,,100.0,
MI,2023,31,14,2023-04-09,,,,100.0,0.0,0.0,1.0,0.0,,100.0,
MI,2023,32,15,2023-04-16,,,,100.0,0.0,0.0,6.0,0.0,,100.0,
MI,2023,33,16,2023-04-23,,,,100.0,0.0,0.0,15.0,0.0,,100.0,
MI,2023,34,17,2023-04-30,,,,100.0,0.0,0.0,21.0,0.0,,100.0,
MI,2023,35,18,2023-05-07,,,,100.0,0.0,1.0,42.0,0.0,,100.0,
MI,2023,36,19,2023-05-14,,,,100.0,0.0,4.0,58.0,0.0,,100.0,
MI,2023,37,20,2023-05-21,,,,100.0,0.0,6.0,80.0,0.0,,100.0,
MI,2023,38,21,2023-05-28,,,,100.0,0.0,29.0,89.0,0.0,,100.0,
MI,2023,39,22,2023-06-04,,,,100.0,0.0,58.0,95.0,0.0,,100.0,
MI,2023,40,23,2023-06-11,,,,100.0,0.0,86.0,98.0,0.0,,100.0,
MI,2023,41,24,2023-06-18,,,,100.0,0.0,93.0,100.0,0.0,,100.0,
MI,2023,42,25,2023-06-25,,,,100.0,0.0,95.0,100.0,5.0,,100.0,
MI,2023,43,26,2023-07-02,,,,100.0,0.0,99.0,100.0,22.0,,100.0,
MI,2023,44,27,2023-07-09,,,,100.0,3.0,100.0,100.0,41.0,,100.0,
MI,2023,45,28,2023-07-16,,,,100.0,31.0,100.0,100.0,67.0,,100.0,
MI,2023,46,29,2023-07-23,,,,100.0,47.0,100.0,100.0,79.0,,100.0,
MI,2023,47,30,2023-07-30,,,,100.0,62.0,100.0,100.0,82.0,,100.0,
MI,2023,48,31,2023-08-06,,,,100.0,86.0,100.0,100.0,95.0,,100.0,
MI,2023,49,32,2023-08-13,,,,100.0,90.0,100.0,100.0,99.0,,100.0,
MI,2023,50,33,2023-08-20,,,,100.0,95.0,100.0,100.0,100.0,,100.0,
MI,2023,51,34,2023-08-27,,,,100.0,99.0,100.0,100.0,100.0,,100.0,
MI,2023,52,35,2023-09-03,,,,100.0,100.0,100.0,100.0,100.0,,0.0,
MI,2024,1,36,2023-09-10,,,,0.0,0.0,0.0,0.0,0.0,,0.0,
MI,2024,2,37,2023-09-17,,,,0.0,0.0,0.0,0.0,0.0,,3.0,
MI,2024,3,38,2023-09-24,,,,0.0,0.0,0.0,0.0,0.0,,6.0,
MI,2024,4,39,2023-10-01,,,,5.0,0.0,0.0,0.0,0.0,,14.0,
MI,2024,5,40,2023-10-08,,,,17.0,0.0,0.0,0.0,0.0,,27.0,
MI,2024,6,41,2023-10-15,,,,26.0,0.0,0.0,0.0,0.0,,44.0,
MI,2024,7,42,2023-10-22,,,,44.0,0.0,0.0,0.0,0.0,,56.0,
MI,2024,8,43,2023-10-29,,,,58.0,0.0,0.0,0.0,0.0,,69.0,
MI,2024,9,44,2023-11-05,,,,68.0,0.0,0.0,0.0,0.0,,80.0,
MI,2024,10,45,2023-11-12,,,,76.0,0.0,0.0,0.0,0.0,,92.0,
MI,2024,11,46,2023-11-19,,,,86.0,0.0,0.0,0.0,0.0,,97.0,
MI,2024,12,47,2023-11-26,,,,93.0,0.0,0.0,0.0,0.0,,99.0,
MI,2024,30,13,2024-03-31,,,,93.0,0.0,0.0,0.0,0.0,,99.0,
MI,2024,31,14,2024-04-07,,,,93.0,0.0,0.0,0.0,0.0,,99.0,
MI,2024,32,15,2024-04-14,,,,93.0,0.0,0.0,11.0,0.0,,99.0,
MI,2024,33,16,2024-04-21,,,,93.0,0.0,0.0,34.0,0.0,,99.0,
MI,2024,34,17,2024-04-28,,,,93.0,0.0,0.0,53.0,0.0,,99.0,
MI,2024,35,18,2024-05-05,,,,93.0,0.0,0.0,66.0,0.0,,99.0,
MI,2024,36,19,2024-05-12,,,,93.0,0.0,1.0,74.0,0.0,,99.0,
MI,2024,37,20,2024-05-19,,,,93.0,0.0,21.0,87.0,0.0,,99.0,
MI,2024,38,21,2024-05-26,,,,93.0,0.0,56.0,91.0,0.0,,99.0,
MI,2024,39,22,2024-06-02,,,,93.0,0.0,77.0,97.0,0.0,,99.0,
MI,2024,40,23,2024-06-09,,,,93.0,0.0,87.0,99.0,0.0,,99.0,
MI,2024,41,24,2024-06-16,,,,93.0,0.0,95.0,100.0,0.0,,99.0,
MI,2024,42,25,2024-06-23,,,,93.0,0.0,97.0,100.0,17.0,,99.0,
MI,2024,43,26,2024-06-30,,,,93.0,3.0,100.0,100.0,44.0,,99.0,
MI,2024,44,27,2024-07-07,,,,93.0,31.0,100.0,100.0,73.0,,99.0,
MI,2024,45,28,2024-07-14,,,,93.0,50.0,100.0,100.0,91.0,,99.0,
MI,2024,46,29,2024-07-21,,,,93.0,71.0,100.0,100.0,97.0,,99.0,
MI,2024,47,30,2024-07-28,,,,93.0,90.0,100.0,100.0,100.0,,99.0,
MI,2024,48,31,2024-08-04,,,,93.0,96.0,100.0,100.0,100.0,,99.0,
MI,2024,49,32,2024-08-11,,,,93.0,100.0,100.0,100.0,100.0,,99.0,
MI,2024,50,33,2024-08-18,,,,93.0,100.0,100.0,100.0,100.0,,99.0,
MI,2024,52,35,2024-09-01,,,,93.0,100.0,100.0,100.0,100.0,,0.0,
MI,2025,1,36,2024-09-08,,,,0.0,0.0,0.0,0.0,,,2.0,
MI,2025,2,37,2024-09-15,,,,0.0,0.0,0.0,0.0,,,10.0,
MI,2025,3,38,2024-09-22,,,,0.0,0.0,0.0,0.0,,,17.0,
MI,2025,4,39,2024-09-29,,,,7.0,0.0,0.0,0.0,,,26.0,
MI,2025,5,40,2024-10-06,,,,15.0,0.0,0.0,0.0,,,44.0,
MI,2025,6,41,2024-10-13,,,,31.0,0.0,0.0,0.0,,,65.0,
MI,2025,7,42,2024-10-20,,,,49.0,0.0,0.0,0.0,,,77.0,
MI,2025,8,43,2024-10-27,,,,65.0,0.0,0.0,0.0,,,89.0,
MI,2025,9,44,2024-11-03,,,,78.0,0.0,0.0,0.0,,,96.0,
MI,2025,10,45,2024-11-10,,,,92.0,0.0,0.0,0.0,,,100.0,
MI,2025,11,46,2024-11-17,,,,96.0,0.0,0.0,0.0,,,100.0,
MI,2025,12,47,2024-11-24,,,,100.0,0.0,0.0,0.0,,,100.0,
MI,2025,31,14,2025-04-06,,,,100.0,0.0,0.0,1.0,,,100.0,
MI,2025,32,15,2025-04-13,,,,100.0,0.0,0.0,1.0,,,100.0,
MI,2025,33,16,2025-04-20,,,,100.0,0.0,0.0,4.0,,,100.0,
MI,2025,34,17,2025-04-27,,,,100.0,0.0,0.0,25.0,,,100.0,
MI,2025,35,18,2025-05-04,,,,100.0,0.0,0.0,43.0,,,100.0,
MI,2025,36,19,2025-05-11,,,,100.0,0.0,0.0,60.0,,,100.0,
MI,2025,37,20,2025-05-18,,,,100.0,0.0,1.0,82.0,,,100.0,
MI,2025,38,21,2025-05-25,,,,100.0,0.0,26.0,87.0,,,100.0,
MI,2025,39,22,2025-06-01,,,,100.0,0.0,61.0,90.0,,,100.0,
MI,2025,40,23,2025-06-08,,,,100.0,0.0,79.0,95.0,,,100.0,
MI,2025,41,24,2025-06-15,,,,100.0,1.0,88.0,100.0,,,100.0,
MI,2025,42,25,2025-06-22,,,,100.0,1.0,92.0,100.0,,,100.0,
MI,2025,43,26,2025-06-29,,,,100.0,4.0,100.0,100.0,,,100.0,
MI,2025,44,27,2025-07-06,,,,100.0,9.0,100.0,100.0,,,100.0,
MI,2025,45,28,2025-07-13,,,,100.0,30.0,100.0,100.0,,,100.0,
MI,2025,46,29,2025-07-20,,,,100.0,60.0,100.0,100.0,,,100.0,
MI,2025,47,30,2025-07-27,,,,100.0,73.0,100.0,100.0,,,100.0,
MI,2025,48,31,2025-08-03,,,,100.0,89.0,100.0,100.0,,,100.0,
MI,2025,49,32,2025-08-10,,,,100.0,98.0,100.0,100.0,,,100.0,
MI,2025,50,33,2025-08-17,,,,100.0,100.0,100.0,100.0,,,100.0,
MI,2025,51,34,2025-08-24,,,,100.0,100.0,100.0,100.0,,,100.0,
MI,2025,52,35,2025-08-31,,,,100.0,100.0,100.0,100.0,,,100.0,
MI,2026,1,36,2025-09-07,,,,0.0,0.0,0.0,0.0,,,0.0,
MI,2026,2,37,2025-09-14,,,,0.0,0.0,0.0,0.0,,,4.0,
MI,2026,3,38,2025-09-21,,,,0.0,0.0,0.0,0.0,,,6.0,
MI,2026,4,39,2025-09-28,,,,6.0,0.0,0.0,0.0,,,17.0,
MI,2026,11,46,2025-11-16,,,,96.0,0.0,0.0,0.0,,,99.0,
MI,2026,12,47,2025-11-23,,,,99.0,0.0,0.0,0.0,,,100.0,
MO,2016,1,36,2015-09-06,,,,0.0,0.0,0.0,,,,0.0,
MO,2016,2,37,2015-09-13,,,,0.0,0.0,0.0,,,,0.0,
MO,2016,3,38,2015-09-20,,,,0.0,0.0,0.0,,,,1.0,
MO,2016,4,39,2015-09-27,,,,0.0,0.0,0.0,,,,6.0,
MO,2016,5,40,2015-10-04,,,,3.0,0.0,0.0,,,,16.0,
MO,2016,6,41,2015-10-11,,,,11.0,0.0,0.0,,,,33.0,
MO,2016,7,42,2015-10-18,,,,20.0,0.0,0.0,,,,52.0,
MO,2016,8,43,2015-10-25,,,,31.0,0.0,0.0,,,,67.0,
MO,2016,9,44,2015-11-01,,,,50.0,0.0,0.0,,,,79.0,
MO,2016,10,45,2015-11-08,,,,65.0,0.0,0.0,,,,85.0,
MO,2016,11,46,2015-11-15,,,,78.0,0.0,0.0,,,,91.0,
MO,2016,12,47,2015-11-22,,,,90.0,0.0,0.0,,,,96.0,
MO,2016,13,48,2015-11-29,,,,96.0,0.0,0.0,,,,96.0,
MO,2016,31,14,2016-04-10,,,,96.0,0.0,0.0,,,,96.0,
MO,2016,32,15,2016-04-17,,,,96.0,0.0,0.0,,,,96.0,
MO,2016,33,16,2016-04-24,,,,96.0,0.0,23.0,,,,96.0,
MO,2016,34,17,2016-05-01,,,,96.0,0.0,56.0,,,,96.0,
MO,2016,35,18,2016-05-08,,,,96.0,0.0,79.0,,,,96.0,
MO,2016,36,19,2016-05-15,,,,96.0,0.0,90.0,,,,96.0,
MO,2016,37,20,2016-05-22,,,,96.0,0.0,96.0,,,,96.0,
MO,2016,38,21,2016-05-29,,,,96.0,0.0,96.0,,,,96.0,
MO,2016,39,22,2016-06-05,,,,96.0,0.0,100.0,,,,96.0,
MO,2016,40,23,2016-06-12,,,,96.0,22.0,100.0,,,,96.0,
MO,2016,41,24,2016-06-19,,,,96.0,49.0,100.0,,,,96.0,
MO,2016,42,25,2016-06-26,,,,96.0,82.0,100.0,,,,96.0,
MO,2016,43,26,2016-07-03,,,,96.0,94.0,100.0,,,,96.0,
MO,2016,44,27,2016-07-10,,,,96.0,98.0,100.0,,,,96.0,
MO,2016,45,28,2016-07-17,,,,96.0,98.0,100.0,,,,96.0,
MO,2016,46,29,2016-07-24,,,,96.0,98.0,100.0,,,,96.0,
MO,2016,47,30,2016-07-31,,,,96.0,100.0,100.0,,,,96.0,
MO,2016,48,31,2016-08-07,,,,96.0,100.0,100.0,,,,96.0,
MO,2016,49,32,2016-08-14,,,,96.0,100.0,100.0,,,,96.0,
MO,2017,1,36,2016-09-11,,,,0.0,0.0,0.0,,,,0.0,
MO,2017,2,37,2016-09-18,,,,0.0,0.0,0.0,,,,0.0,
MO,2017,3,38,2016-09-25,,,,0.0,0.0,0.0,,,,3.0,
MO,2017,4,39,2016-10-02,,,,3.0,0.0,0.0,,,,9.0,
MO,2017,5,40,2016-10-09,,,,8.0,0.0,0.0,,,,23.0,
MO,2017,6,41,2016-10-16,,,,17.0,0.0,0.0,,,,37.0,
MO,2017,7,42,2016-10-23,,,,27.0,0.0,0.0,,,,48.0,
MO,2017,8,43,2016-10-30,,,,40.0,0.0,0.0,,,,63.0,
MO,2017,9,44,2016-11-06,,,,54.0,0.0,0.0,,,,78.0,
MO,2017,10,45,2016-11-13,,,,65.0,0.0,0.0,,,,87.0,
MO,2017,11,46,2016-11-20,,,,76.0,0.0,0.0,,,,94.0,
MO,2017,12,47,2016-11-27,,,,84.0,0.0,0.0,,,,97.0,
MO,2017,31,14,2017-04-09,,,,84.0,0.0,0.0,,,,97.0,
MO,2017,32,15,2017-04-16,,,,84.0,0.0,23.0,,,,97.0,
MO,2017,33,16,2017-04-23,,,,84.0,0.0,56.0,,,,97.0,
MO,2017,34,17,2017-04-30,,,,84.0,0.0,76.0,,,,97.0,
MO,2017,35,18,2017-05-07,,,,84.0,0.0,84.0,,,,97.0,
MO,2017,36,19,2017-05-14,,,,84.0,0.0,95.0,,,,97.0,
MO,2017,37,20,2017-05-21,,,,84.0,0.0,97.0,,,,97.0,
MO,2017,38,21,2017-05-28,,,,84.0,0.0,100.0,,,,97.0,
MO,2017,39,22,2017-06-04,,,,84.0,2.0,100.0,,,,97.0,
MO,2017,40,23,2017-06-11,,,,84.0,21.0,100.0,,,,97.0,
MO,2017,41,24,2017-06-18,,,,84.0,52.0,100.0,,,,97.0,
MO,2017,42,25,2017-06-25,,,,84.0,76.0,100.0,,,,97.0,
MO,2017,43,26,2017-07-02,,,,84.0,91.0,100.0,,,,97.0,
MO,2017,44,27,2017-07-09,,,,84.0,96.0,100.0,,,,97.0,
MO,2017,45,28,2017-07-16,,,,84.0,99.0,100.0,,,,97.0,
MO,2017,46,29,2017-07-23,,,,84.0,100.0,100.0,,,,97.0,
MO,2017,47,30,2017-07-30,,,,84.0,100.0,100.0,,,,97.0,
MO,2017,48,31,2017-08-06,,,,84.0,100.0,100.0,,,,97.0,
MO,2017,49,32,2017-08-13,,,,84.0,100.0,100.0,,,,97.0,
MO,2018,1,36,2017-09-10,,,,0.0,0.0,0.0,,,,0.0,
MO,2018,2,37,2017-09-17,,,,0.0,0.0,0.0,,,,1.0,
MO,2018,3,38,2017-09-24,,,,0.0,0.0,0.0,,,,4.0,
MO,2018,4,39,2017-10-01,,,,3.0,0.0,0.0,,,,10.0,
MO,2018,5,40,2017-10-08,,,,7.0,0.0,0.0,,,,19.0,
MO,2018,6,41,2017-10-15,,,,15.0,0.0,0.0,,,,26.0,
MO,2018,7,42,2017-10-22,,,,25.0,0.0,0.0,,,,43.0,
MO,2018,8,43,2017-10-29,,,,35.0,0.0,0.0,,,,55.0,
MO,2018,9,44,2017-11-05,,,,47.0,0.0,0.0,,,,69.0,
MO,2018,10,45,2017-11-12,,,,63.0,0.0,0.0,,,,83.0,
MO,2018,11,46,2017-11-19,,,,75.0,0.0,0.0,,,,90.0,
MO,2018,12,47,2017-11-26,,,,83.0,0.0,0.0,,,,96.0,
MO,2018,17,52,2017-01-01,,,,69.0,0.0,0.0,,,,96.0,
MO,2018,30,13,2018-04-01,,,,69.0,0.0,0.0,,,,96.0,
MO,2018,31,14,2018-04-08,,,,69.0,0.0,0.0,,,,96.0,
MO,2018,32,15,2018-04-15,,,,69.0,0.0,1.0,,,,96.0,
MO,2018,33,16,2018-04-22,,,,69.0,0.0,2.0,,,,96.0,
MO,2018,34,17,2018-04-29,,,,69.0,0.0,4.0,,,,96.0,
MO,2018,35,18,2018-05-06,,,,69.0,0.0,24.0,,,,96.0,
MO,2018,36,19,2018-05-13,,,,69.0,0.0,61.0,,,,96.0,
MO,2018,37,20,2018-05-20,,,,69.0,0.0,84.0,,,,96.0,
MO,2018,38,21,2018-05-27,,,,69.0,0.0,95.0,,,,96.0,
MO,2018,39,22,2018-06-03,,,,69.0,0.0,100.0,,,,96.0,
MO,2018,40,23,2018-06-10,,,,69.0,8.0,100.0,,,,96.0,
MO,2018,41,24,2018-06-17,,,,69.0,44.0,100.0,,,,96.0,
MO,2018,42,25,2018-06-24,,,,69.0,66.0,100.0,,,,96.0,
MO,2018,43,26,2018-07-01,,,,69.0,85.0,100.0,,,,96.0,
MO,2018,44,27,2018-07-08,,,,69.0,95.0,100.0,,,,96.0,
MO,2018,45,28,2018-07-15,,,,69.0,100.0,100.0,,,,96.0,
MO,2018,46,29,2018-07-22,,,,69.0,100.0,100.0,,,,96.0,
MO,2018,47,30,2018-07-29,,,,69.0,100.0,100.0,,,,96.0,
MO,2018,48,31,2018-08-05,,,,69.0,100.0,100.0,,,,96.0,
MO,2018,49,32,2018-08-12,,,,69.0,100.0,100.0,,,,96.0,
MO,2018,50,33,2018-08-19,,,,69.0,100.0,100.0,,,,96.0,
MO,2019,1,36,2018-09-09,,,,0.0,0.0,0.0,,,,0.0,
MO,2019,2,37,2018-09-16,,,,0.0,0.0,0.0,,,,0.0,
MO,2019,3,38,2018-09-23,,,,0.0,0.0,0.0,,,,4.0,
MO,2019,4,39,2018-09-30,,,,2.0,0.0,0.0,,,,7.0,
MO,2019,5,40,2018-10-07,,,,8.0,0.0,0.0,,,,14.0,
MO,2019,6,41,2018-10-14,,,,13.0,0.0,0.0,,,,20.0,
MO,2019,7,42,2018-10-21,,,,22.0,0.0,0.0,,,,34.0,
MO,2019,8,43,2018-10-28,,,,31.0,0.0,0.0,,,,49.0,
MO,2019,9,44,2018-11-04,,,,44.0,0.0,0.0,,,,64.0,
MO,2019,10,45,2018-11-11,,,,54.0,0.0,0.0,,,,72.0,
MO,2019,11,46,2018-11-18,,,,65.0,0.0,0.0,,,,82.0,
MO,2019,12,47,2018-11-25,,,,72.0,0.0,0.0,,,,89.0,
MO,2019,30,13,2019-03-31,,,,72.0,0.0,0.0,,,,89.0,
MO,2019,31,14,2019-04-07,,,,72.0,0.0,0.0,,,,89.0,
MO,2019,32,15,2019-04-14,,,,72.0,0.0,0.0,,,,89.0,
MO,2019,33,16,2019-04-21,,,,72.0,0.0,2.0,,,,89.0,
MO,2019,34,17,2019-04-28,,,,72.0,0.0,11.0,,,,89.0,
MO,2019,35,18,2019-05-05,,,,72.0,0.0,26.0,,,,89.0,
MO,2019,36,19,2019-05-12,,,,72.0,0.0,51.0,,,,89.0,
MO,2019,37,20,2019-05-19,,,,72.0,0.0,70.0,,,,89.0,
MO,2019,38,21,2019-05-26,,,,72.0,0.0,83.0,,,,89.0,
MO,2019,39,22,2019-06-02,,,,72.0,0.0,93.0,,,,89.0,
MO,2019,40,23,2019-06-09,,,,72.0,0.0,97.0,,,,89.0,
MO,2019,41,24,2019-06-16,,,,72.0,11.0,100.0,,,,89.0,
MO,2019,42,25,2019-06-23,,,,72.0,18.0,100.0,,,,89.0,
MO,2019,43,26,2019-06-30,,,,72.0,52.0,100.0,,,,89.0,
MO,2019,44,27,2019-07-07,,,,72.0,79.0,100.0,,,,89.0,
MO,2019,45,28,2019-07-14,,,,72.0,96.0,100.0,,,,89.0,
MO,2019,46,29,2019-07-21,,,,72.0,100.0,100.0,,,,89.0,
MO,2019,47,30,2019-07-28,,,,72.0,100.0,100.0,,,,89.0,
MO,2019,48,31,2019-08-04,,,,72.0,100.0,100.0,,,,89.0,
MO,2019,49,32,2019-08-11,,,,72.0,100.0,100.0,,,,89.0,
MO,2019,50,33,2019-08-18,,,,72.0,100.0,100.0,,,,89.0,
MO,2019,51,34,2019-08-25,,,,72.0,100.0,100.0,,,,89.0,
MO,2020,2,37,2019-09-15,,,,0.0,0.0,0.0,,,,0.0,
MO,2020,3,38,2019-09-22,,,,0.0,0.0,0.0,,,,1.0,
MO,2020,4,39,2019-09-29,,,,1.0,0.0,0.0,,,,3.0,
MO,2020,5,40,2019-10-06,,,,2.0,0.0,0.0,,,,6.0,
MO,2020,6,41,2019-10-13,,,,6.0,0.0,0.0,,,,24.0,
MO,2020,7,42,2019-10-20,,,,15.0,0.0,0.0,,,,33.0,
MO,2020,8,43,2019-10-27,,,,25.0,0.0,0.0,,,,43.0,
MO,2020,9,44,2019-11-03,,,,33.0,0.0,0.0,,,,55.0,
MO,2020,10,45,2019-11-10,,,,51.0,0.0,0.0,,,,74.0,
MO,2020,11,46,2019-11-17,,,,68.0,0.0,0.0,,,,87.0,
MO,2020,12,47,2019-11-24,,,,77.0,0.0,0.0,,,,93.0,
MO,2020,32,15,2020-04-12,,,,77.0,0.0,0.0,,,,93.0,
MO,2020,33,16,2020-04-19,,,,77.0,0.0,2.0,,,,93.0,
MO,2020,34,17,2020-04-26,,,,77.0,0.0,20.0,,,,93.0,
MO,2020,35,18,2020-05-03,,,,77.0,0.0,42.0,,,,93.0,
MO,2020,36,19,2020-05-10,,,,77.0,0.0,59.0,,,,93.0,
MO,2020,37,20,2020-05-17,,,,77.0,0.0,80.0,,,,93.0,
MO,2020,38,21,2020-05-24,,,,77.0,0.0,90.0,,,,93.0,
MO,2020,39,22,2020-05-31,,,,77.0,0.0,95.0,,,,93.0,
MO,2020,40,23,2020-06-07,,,,77.0,1.0,95.0,,,,93.0,
MO,2020,41,24,2020-06-14,,,,77.0,14.0,100.0,,,,93.0,
MO,2020,42,25,2020-06-21,,,,77.0,41.0,100.0,,,,93.0,
MO,2020,43,26,2020-06-28,,,,77.0,66.0,100.0,,,,93.0,
MO,2020,44,27,2020-07-05,,,,77.0,86.0,100.0,,,,93.0,
MO,2020,45,28,2020-07-12,,,,77.0,95.0,100.0,,,,93.0,
MO,2020,46,29,2020-07-19,,,,77.0,99.0,100.0,,,,93.0,
MO,2020,47,30,2020-07-26,,,,77.0,100.0,100.0,,,,93.0,
MO,2020,48,31,2020-08-02,,,,77.0,100.0,100.0,,,,93.0,
MO,2020,49,32,2020-08-09,,,,77.0,100.0,100.0,,,,93.0,
MO,2020,50,33,2020-08-16,,,,77.0,100.0,100.0,,,,93.0,
MO,2020,51,34,2020-08-23,,,,77.0,100.0,100.0,,,,93.0,
MO,2021,1,36,2020-09-06,,,,0.0,0.0,0.0,,,,0.0,
MO,2021,2,37,2020-09-13,,,,0.0,0.0,0.0,,,,0.0,
MO,2021,3,38,2020-09-20,,,,0.0,0.0,0.0,,,,0.0,
MO,2021,4,39,2020-09-27,,,,0.0,0.0,0.0,,,,1.0,
MO,2021,5,40,2020-10-04,,,,0.0,0.0,0.0,,,,8.0,
MO,2021,6,41,2020-10-11,,,,7.0,0.0,0.0,,,,26.0,
MO,2021,7,42,2020-10-18,,,,18.0,0.0,0.0,,,,42.0,
MO,2021,8,43,2020-10-25,,,,30.0,0.0,0.0,,,,51.0,
MO,2021,9,44,2020-11-01,,,,42.0,0.0,0.0,,,,59.0,
MO,2021,10,45,2020-11-08,,,,56.0,0.0,0.0,,,,76.0,
MO,2021,11,46,2020-11-15,,,,68.0,0.0,0.0,,,,85.0,
MO,2021,12,47,2020-11-22,,,,81.0,0.0,0.0,,,,91.0,
MO,2021,13,48,2020-11-29,,,,89.0,0.0,0.0,,,,95.0,
MO,2021,30,13,2021-04-04,,,,89.0,0.0,0.0,,,,95.0,
MO,2021,31,14,2021-04-11,,,,89.0,0.0,3.0,,,,95.0,
MO,2021,32,15,2021-04-18,,,,89.0,0.0,4.0,,,,95.0,
MO,2021,33,16,2021-04-25,,,,89.0,0.0,8.0,,,,95.0,
MO,2021,34,17,2021-05-02,,,,89.0,0.0,31.0,,,,95.0,
MO,2021,35,18,2021-05-09,,,,89.0,0.0,57.0,,,,95.0,
MO,2021,36,19,2021-05-16,,,,89.0,0.0,80.0,,,,95.0,
MO,2021,37,20,2021-05-23,,,,89.0,0.0,91.0,,,,95.0,
MO,2021,38,21,2021-05-30,,,,89.0,0.0,96.0,,,,95.0,
MO,2021,39,22,2021-06-06,,,,89.0,0.0,96.0,,,,95.0,
MO,2021,40,23,2021-06-13,,,,89.0,2.0,99.0,,,,95.0,
MO,2021,41,24,2021-06-20,,,,89.0,27.0,100.0,,,,95.0,
MO,2021,42,25,2021-06-27,,,,89.0,51.0,100.0,,,,95.0,
MO,2021,43,26,2021-07-04,,,,89.0,66.0,100.0,,,,95.0,
MO,2021,44,27,2021-07-11,,,,89.0,88.0,100.0,,,,95.0,
MO,2021,45,28,2021-07-18,,,,89.0,96.0,100.0,,,,95.0,
MO,2021,46,29,2021-07-25,,,,89.0,99.0,100.0,,,,95.0,
MO,2021,47,30,2021-08-01,,,,89.0,100.0,100.0,,,,95.0,
MO,2021,48,31,2021-08-08,,,,89.0,100.0,100.0,,,,95.0,
MO,2021,52,35,2021-09-05,,,,89.0,100.0,100.0,,,,0.0,
MO,2022,1,36,2021-09-12,,,,0.0,0.0,0.0,,,,0.0,
MO,2022,2,37,2021-09-19,,,,0.0,0.0,0.0,,,,0.0,
MO,2022,3,38,2021-09-26,,,,0.0,0.0,0.0,,,,1.0,
MO,2022,4,39,2021-10-03,,,,0.0,0.0,0.0,,,,6.0,
MO,2022,5,40,2021-10-10,,,,7.0,0.0,0.0,,,,20.0,
MO,2022,6,41,2021-10-17,,,,15.0,0.0,0.0,,,,35.0,
MO,2022,7,42,2021-10-24,,,,30.0,0.0,0.0,,,,54.0,
MO,2022,8,43,2021-10-31,,,,45.0,0.0,0.0,,,,63.0,
MO,2022,9,44,2021-11-07,,,,59.0,0.0,0.0,,,,77.0,
MO,2022,10,45,2021-11-14,,,,72.0,0.0,0.0,,,,86.0,
MO,2022,11,46,2021-11-21,,,,80.0,0.0,0.0,,,,92.0,
MO,2022,12,47,2021-11-28,,,,86.0,0.0,0.0,,,,94.0,
MO,2022,30,13,2022-04-03,,,,86.0,0.0,1.0,,,,94.0,
MO,2022,31,14,2022-04-10,,,,86.0,0.0,1.0,,,,94.0,
MO,2022,32,15,2022-04-17,,,,86.0,0.0,1.0,,,,94.0,
MO,2022,33,16,2022-04-24,,,,86.0,0.0,3.0,,,,94.0,
MO,2022,34,17,2022-05-01,,,,86.0,0.0,10.0,,,,94.0,
MO,2022,35,18,2022-05-08,,,,86.0,0.0,26.0,,,,94.0,
MO,2022,36,19,2022-05-15,,,,86.0,0.0,62.0,,,,94.0,
MO,2022,37,20,2022-05-22,,,,86.0,0.0,88.0,,,,94.0,
MO,2022,38,21,2022-05-29,,,,86.0,0.0,95.0,,,,94.0,
MO,2022,39,22,2022-06-05,,,,86.0,1.0,96.0,,,,94.0,
MO,2022,40,23,2022-06-12,,,,86.0,2.0,99.0,,,,94.0,
MO,2022,41,24,2022-06-19,,,,86.0,34.0,100.0,,,,94.0,
MO,2022,42,25,2022-06-26,,,,86.0,65.0,100.0,,,,94.0,
MO,2022,43,26,2022-07-03,,,,86.0,88.0,100.0,,,,94.0,
MO,2022,44,27,2022-07-10,,,,86.0,98.0,100.0,,,,94.0,
MO,2022,45,28,2022-07-17,,,,86.0,99.0,100.0,,,,94.0,
MO,2022,46,29,2022-07-24,,,,86.0,100.0,100.0,,,,94.0,
MO,2022,47,30,2022-07-31,,,,86.0,100.0,100.0,,,,94.0,
MO,2022,48,31,2022-08-07,,,,86.0,100.0,100.0,,,,94.0,
MO,2022,49,32,2022-08-14,,,,86.0,100.0,100.0,,,,94.0,
MO,2022,50,33,2022-08-21,,,,86.0,100.0,100.0,,,,94.0,
MO,2022,52,35,2022-09-04,,,,86.0,100.0,100.0,,,,0.0,
MO,2023,1,36,2022-09-11,,,,0.0,0.0,0.0,,,,0.0,
MO,2023,2,37,2022-09-18,,,,0.0,0.0,0.0,,,,0.0,
MO,2023,3,38,2022-09-25,,,,0.0,0.0,0.0,,,,0.0,
MO,2023,4,39,2022-10-02,,,,0.0,0.0,0.0,,,,3.0,
MO,2023,5,40,2022-10-09,,,,3.0,0.0,0.0,,,,12.0,
MO,2023,6,41,2022-10-16,,,,9.0,0.0,0.0,,,,34.0,
MO,2023,7,42,2022-10-23,,,,18.0,0.0,0.0,,,,51.0,
MO,2023,8,43,2022-10-30,,,,35.0,0.0,0.0,,,,68.0,
MO,2023,9,44,2022-11-06,,,,57.0,0.0,0.0,,,,83.0,
MO,2023,10,45,2022-11-13,,,,72.0,0.0,0.0,,,,93.0,
MO,2023,11,46,2022-11-20,,,,83.0,0.0,0.0,,,,97.0,
MO,2023,12,47,2022-11-27,,,,92.0,0.0,0.0,,,,97.0,
MO,2023,30,13,2023-04-02,,,,92.0,0.0,0.0,,,,97.0,
MO,2023,31,14,2023-04-09,,,,92.0,0.0,0.0,,,,97.0,
MO,2023,32,15,2023-04-16,,,,92.0,0.0,3.0,,,,97.0,
MO,2023,33,16,2023-04-23,,,,92.0,0.0,12.0,,,,97.0,
MO,2023,34,17,2023-04-30,,,,92.0,0.0,25.0,,,,97.0,
MO,2023,35,18,2023-05-07,,,,92.0,0.0,40.0,,,,97.0,
MO,2023,36,19,2023-05-14,,,,92.0,0.0,77.0,,,,97.0,
MO,2023,37,20,2023-05-21,,,,92.0,0.0,91.0,,,,97.0,
MO,2023,38,21,2023-05-28,,,,92.0,0.0,97.0,,,,97.0,
MO,2023,39,22,2023-06-04,,,,92.0,1.0,98.0,,,,97.0,
MO,2023,40,23,2023-06-11,,,,92.0,21.0,99.0,,,,97.0,
MO,2023,41,24,2023-06-18,,,,92.0,46.0,99.0,,,,97.0,
MO,2023,42,25,2023-06-25,,,,92.0,69.0,100.0,,,,97.0,
MO,2023,43,26,2023-07-02,,,,92.0,88.0,100.0,,,,97.0,
MO,2023,44,27,2023-07-09,,,,92.0,95.0,100.0,,,,97.0,
MO,2023,45,28,2023-07-16,,,,92.0,99.0,100.0,,,,97.0,
MO,2023,46,29,2023-07-23,,,,92.0,100.0,100.0,,,,97.0,
MO,2023,47,30,2023-07-30,,,,92.0,100.0,100.0,,,,97.0,
MO,2023,48,31,2023-08-06,,,,92.0,100.0,100.0,,,,97.0,
MO,2023,49,32,2023-08-13,,,,92.0,100.0,100.0,,,,97.0,
MO,2023,50,33,2023-08-20,,,,92.0,100.0,100.0,,,,97.0,
MO,2023,52,35,2023-09-03,,,,92.0,100.0,100.0,,,,0.0,
MO,2024,1,36,2023-09-10,,,,0.0,0.0,0.0,,,,1.0,
MO,2024,2,37,2023-09-17,,,,0.0,0.0,0.0,,,,2.0,
MO,2024,3,38,2023-09-24,,,,0.0,0.0,0.0,,,,2.0,
MO,2024,4,39,2023-10-01,,,,1.0,0.0,0.0,,,,7.0,
MO,2024,5,40,2023-10-08,,,,2.0,0.0,0.0,,,,14.0,
MO,2024,6,41,2023-10-15,,,,6.0,0.0,0.0,,,,32.0,
MO,2024,7,42,2023-10-22,,,,16.0,0.0,0.0,,,,50.0,
MO,2024,8,43,2023-10-29,,,,36.0,0.0,0.0,,,,66.0,
MO,2024,9,44,2023-11-05,,,,55.0,0.0,0.0,,,,78.0,
MO,2024,10,45,2023-11-12,,,,65.0,0.0,0.0,,,,85.0,
MO,2024,11,46,2023-11-19,,,,81.0,0.0,0.0,,,,95.0,
MO,2024,12,47,2023-11-26,,,,92.0,0.0,0.0,,,,95.0,
MO,2024,30,13,2024-03-31,,,,92.0,0.0,0.0,,,,95.0,
MO,2024,31,14,2024-04-07,,,,92.0,0.0,2.0,,,,95.0,
MO,2024,32,15,2024-04-14,,,,92.0,0.0,5.0,,,,95.0,
MO,2024,33,16,2024-04-21,,,,92.0,0.0,23.0,,,,95.0,
MO,2024,34,17,2024-04-28,,,,92.0,0.0,51.0,,,,95.0,
MO,2024,35,18,2024-05-05,,,,92.0,0.0,76.0,,,,95.0,
MO,2024,36,19,2024-05-12,,,,92.0,0.0,90.0,,,,95.0,
MO,2024,37,20,2024-05-19,,,,92.0,0.0,95.0,,,,95.0,
MO,2024,38,21,2024-05-26,,,,92.0,2.0,97.0,,,,95.0,
MO,2024,39,22,2024-06-02,,,,92.0,5.0,99.0,,,,95.0,
MO,2024,40,23,2024-06-09,,,,92.0,10.0,100.0,,,,95.0,
MO,2024,41,24,2024-06-16,,,,92.0,38.0,100.0,,,,95.0,
MO,2024,42,25,2024-06-23,,,,92.0,76.0,100.0,,,,95.0,
MO,2024,43,26,2024-06-30,,,,92.0,92.0,100.0,,,,95.0,
MO,2024,44,27,2024-07-07,,,,92.0,95.0,100.0,,,,95.0,
MO,2024,45,28,2024-07-14,,,,92.0,97.0,100.0,,,,95.0,
MO,2024,46,29,2024-07-21,,,,92.0,99.0,100.0,,,,95.0,
MO,2024,47,30,2024-07-28,,,,92.0,100.0,100.0,,,,95.0,
MO,2024,48,31,2024-08-04,,,,92.0,100.0,100.0,,,,95.0,
MO,2024,49,32,2024-08-11,,,,92.0,100.0,100.0,,,,95.0,
MO,2024,50,33,2024-08-18,,,,92.0,100.0,100.0,,,,95.0,
MO,2024,52,35,2024-09-01,,,,92.0,100.0,100.0,,,,0.0,
MO,2025,1,36,2024-09-08,,,,0.0,0.0,0.0,,,,0.0,
MO,2025,2,37,2024-09-15,,,,0.0,0.0,0.0,,,,1.0,
MO,2025,3,38,2024-09-22,,,,0.0,0.0,0.0,,,,2.0,
MO,2025,4,39,2024-09-29,,,,1.0,0.0,0.0,,,,5.0,
MO,2025,5,40,2024-10-06,,,,2.0,0.0,0.0,,,,10.0,
MO,2025,6,41,2024-10-13,,,,4.0,0.0,0.0,,,,22.0,
MO,2025,7,42,2024-10-20,,,,15.0,0.0,0.0,,,,45.0,
MO,2025,8,43,2024-10-27,,,,26.0,0.0,0.0,,,,59.0,
MO,2025,9,44,2024-11-03,,,,44.0,0.0,0.0,,,,79.0,
MO,2025,10,45,2024-11-10,,,,64.0,0.0,0.0,,,,86.0,
MO,2025,11,46,2024-11-17,,,,77.0,0.0,0.0,,,,92.0,
MO,2025,12,47,2024-11-24,,,,82.0,0.0,0.0,,,,96.0,
MO,2025,31,14,2025-04-06,,,,82.0,0.0,2.0,,,,96.0,
MO,2025,32,15,2025-04-13,,,,82.0,0.0,9.0,,,,96.0,
MO,2025,33,16,2025-04-20,,,,82.0,0.0,13.0,,,,96.0,
MO,2025,34,17,2025-04-27,,,,82.0,0.0,26.0,,,,96.0,
MO,2025,35,18,2025-05-04,,,,82.0,0.0,48.0,,,,96.0,
MO,2025,36,19,2025-05-11,,,,82.0,0.0,76.0,,,,96.0,
MO,2025,37,20,2025-05-18,,,,82.0,0.0,92.0,,,,96.0,
MO,2025,38,21,2025-05-25,,,,82.0,0.0,96.0,,,,96.0,
MO,2025,39,22,2025-06-01,,,,82.0,1.0,98.0,,,,96.0,
MO,2025,40,23,2025-06-08,,,,82.0,2.0,99.0,,,,96.0,
MO,2025,41,24,2025-06-15,,,,82.0,13.0,99.0,,,,96.0,
MO,2025,42,25,2025-06-22,,,,82.0,29.0,100.0,,,,96.0,
MO,2025,43,26,2025-06-29,,,,82.0,65.0,100.0,,,,96.0,
MO,2025,44,27,2025-07-06,,,,82.0,90.0,100.0,,,,96.0,
MO,2025,45,28,2025-07-13,,,,82.0,97.0,100.0,,,,96.0,
MO,2025,46,29,2025-07-20,,,,82.0,99.0,100.0,,,,96.0,
MO,2025,47,30,2025-07-27,,,,82.0,100.0,100.0,,,,96.0,
MO,2025,48,31,2025-08-03,,,,82.0,100.0,100.0,,,,96.0,
MO,2025,49,32,2025-08-10,,,,82.0,100.0,100.0,,,,96.0,
MO,2025,50,33,2025-08-17,,,,82.0,100.0,100.0,,,,96.0,
MO,2025,51,34,2025-08-24,,,,82.0,100.0,100.0,,,,96.0,
MO,2026,1,36,2025-09-07,,,,0.0,0.0,0.0,,,,0.0,
MO,2026,2,37,2025-09-14,,,,0.0,0.0,0.0,,,,2.0,
MO,2026,3,38,2025-09-21,,,,0.0,0.0,0.0,,,,4.0,
MO,2026,4,39,2025-09-28,,,,0.0,0.0,0.0,,,,5.0,
MO,2026,11,46,2025-11-16,,,,56.0,0.0,0.0,,,,82.0,
MO,2026,12,47,2025-11-23,,,,69.0,0.0,0.0,,,,91.0,
MS,2016,1,36,2015-09-06,,,0.0,0.0,0.0,0.0,,,,0.0,
MS,2016,2,37,2015-09-13,,,0.0,0.0,0.0,0.0,,,,0.0,
MS,2016,3,38,2015-09-20,,,0.0,0.0,0.0,0.0,,,,2.0,
MS,2016,4,39,2015-09-27,,,0.0,0.0,0.0,0.0,,,,9.0,
MS,2016,5,40,2015-10-04,,,0.0,1.0,0.0,0.0,,,,16.0,
MS,2016,6,41,2015-10-11,,,0.0,9.0,0.0,0.0,,,,21.0,
MS,2016,7,42,2015-10-18,,,0.0,15.0,0.0,0.0,,,,25.0,
MS,2016,8,43,2015-10-25,,,0.0,20.0,0.0,0.0,,,,33.0,
MS,2016,9,44,2015-11-01,,,0.0,25.0,0.0,0.0,,,,40.0,
MS,2016,10,45,2015-11-08,,,0.0,27.0,0.0,0.0,,,,53.0,
MS,2016,11,46,2015-11-15,,,0.0,53.0,0.0,0.0,,,,67.0,
MS,2016,12,47,2015-11-22,,,0.0,61.0,0.0,0.0,,,,79.0,
MS,2016,13,48,2015-11-29,,,0.0,72.0,0.0,0.0,,,,89.0,
MS,2016,29,12,2016-03-27,,,0.0,72.0,0.0,0.0,,,,89.0,
MS,2016,30,13,2016-04-03,,,0.0,72.0,0.0,3.0,,,,89.0,
MS,2016,31,14,2016-04-10,,,0.0,72.0,0.0,11.0,,,,89.0,
MS,2016,32,15,2016-04-17,,,0.0,72.0,0.0,33.0,,,,89.0,
MS,2016,33,16,2016-04-24,,,0.0,72.0,0.0,53.0,,,,89.0,
MS,2016,34,17,2016-05-01,,,2.0,72.0,0.0,75.0,,,,89.0,
MS,2016,35,18,2016-05-08,,,20.0,72.0,0.0,88.0,,,,89.0,
MS,2016,36,19,2016-05-15,,,49.0,72.0,0.0,94.0,,,,89.0,
MS,2016,37,20,2016-05-22,,,71.0,72.0,1.0,95.0,,,,89.0,
MS,2016,38,21,2016-05-29,,,85.0,72.0,5.0,99.0,,,,89.0,
MS,2016,39,22,2016-06-05,,,91.0,72.0,17.0,100.0,,,,89.0,
MS,2016,40,23,2016-06-12,,,99.0,72.0,56.0,100.0,,,,89.0,
MS,2016,41,24,2016-06-19,,,100.0,72.0,84.0,100.0,,,,89.0,
MS,2016,42,25,2016-06-26,,,100.0,72.0,95.0,100.0,,,,89.0,
MS,2016,43,26,2016-07-03,,,100.0,72.0,98.0,100.0,,,,89.0,
MS,2016,44,27,2016-07-10,,,100.0,72.0,100.0,100.0,,,,89.0,
MS,2017,1,36,2016-09-11,,,0.0,0.0,0.0,0.0,,,,0.0,
MS,2017,2,37,2016-09-18,,,0.0,0.0,0.0,0.0,,,,0.0,
MS,2017,3,38,2016-09-25,,,0.0,0.0,0.0,0.0,,,,0.0,
MS,2017,4,39,2016-10-02,,,0.0,0.0,0.0,0.0,,,,2.0,
MS,2017,5,40,2016-10-09,,,0.0,0.0,0.0,0.0,,,,7.0,
MS,2017,6,41,2016-10-16,,,0.0,2.0,0.0,0.0,,,,10.0,
MS,2017,7,42,2016-10-23,,,0.0,7.0,0.0,0.0,,,,17.0,
MS,2017,8,43,2016-10-30,,,0.0,11.0,0.0,0.0,,,,31.0,
MS,2017,9,44,2016-11-06,,,0.0,12.0,0.0,0.0,,,,40.0,
MS,2017,10,45,2016-11-13,,,0.0,15.0,0.0,0.0,,,,49.0,
MS,2017,11,46,2016-11-20,,,0.0,37.0,0.0,0.0,,,,56.0,
MS,2017,12,47,2016-11-27,,,0.0,43.0,0.0,0.0,,,,68.0,
MS,2017,27,10,2017-03-12,,,0.0,43.0,0.0,0.0,,,,68.0,
MS,2017,28,11,2017-03-19,,,0.0,43.0,0.0,1.0,,,,68.0,
MS,2017,29,12,2017-03-26,,,0.0,43.0,0.0,6.0,,,,68.0,
MS,2017,30,13,2017-04-02,,,0.0,43.0,0.0,24.0,,,,68.0,
MS,2017,31,14,2017-04-09,,,0.0,43.0,0.0,50.0,,,,68.0,
MS,2017,32,15,2017-04-16,,,0.0,43.0,0.0,66.0,,,,68.0,
MS,2017,33,16,2017-04-23,,,6.0,43.0,0.0,85.0,,,,68.0,
MS,2017,34,17,2017-04-30,,,25.0,43.0,0.0,90.0,,,,68.0,
MS,2017,35,18,2017-05-07,,,40.0,43.0,0.0,92.0,,,,68.0,
MS,2017,36,19,2017-05-14,,,62.0,43.0,0.0,96.0,,,,68.0,
MS,2017,37,20,2017-05-21,,,82.0,43.0,4.0,97.0,,,,68.0,
MS,2017,38,21,2017-05-28,,,90.0,43.0,9.0,100.0,,,,68.0,
MS,2017,39,22,2017-06-04,,,96.0,43.0,25.0,100.0,,,,68.0,
MS,2017,40,23,2017-06-11,,,100.0,43.0,53.0,100.0,,,,68.0,
MS,2017,41,24,2017-06-18,,,100.0,43.0,72.0,100.0,,,,68.0,
MS,2017,42,25,2017-06-25,,,100.0,43.0,89.0,100.0,,,,68.0,
MS,2017,43,26,2017-07-02,,,100.0,43.0,97.0,100.0,,,,68.0,
MS,2017,44,27,2017-07-09,,,100.0,43.0,100.0,100.0,,,,68.0,
MS,2018,1,36,2017-09-10,,,0.0,0.0,0.0,0.0,,,,0.0,
MS,2018,2,37,2017-09-17,,,0.0,0.0,0.0,0.0,,,,0.0,
MS,2018,3,38,2017-09-24,,,0.0,0.0,0.0,0.0,,,,2.0,
MS,2018,4,39,2017-10-01,,,0.0,0.0,0.0,0.0,,,,3.0,
MS,2018,5,40,2017-10-08,,,0.0,0.0,0.0,0.0,,,,4.0,
MS,2018,6,41,2017-10-15,,,0.0,1.0,0.0,0.0,,,,8.0,
MS,2018,7,42,2017-10-22,,,0.0,7.0,0.0,0.0,,,,15.0,
MS,2018,8,43,2017-10-29,,,0.0,13.0,0.0,0.0,,,,31.0,
MS,2018,9,44,2017-11-05,,,0.0,15.0,0.0,0.0,,,,35.0,
MS,2018,10,45,2017-11-12,,,0.0,27.0,0.0,0.0,,,,49.0,
MS,2018,11,46,2017-11-19,,,0.0,40.0,0.0,0.0,,,,60.0,
MS,2018,12,47,2017-11-26,,,0.0,57.0,0.0,0.0,,,,68.0,
MS,2018,27,10,2018-03-11,,,0.0,57.0,0.0,0.0,,,,68.0,
MS,2018,28,11,2018-03-18,,,0.0,57.0,0.0,1.0,,,,68.0,
MS,2018,29,12,2018-03-25,,,0.0,57.0,0.0,3.0,,,,68.0,
MS,2018,30,13,2018-04-01,,,0.0,57.0,0.0,6.0,,,,68.0,
MS,2018,31,14,2018-04-08,,,0.0,57.0,0.0,15.0,,,,68.0,
MS,2018,32,15,2018-04-15,,,0.0,57.0,0.0,35.0,,,,68.0,
MS,2018,33,16,2018-04-22,,,0.0,57.0,0.0,55.0,,,,68.0,
MS,2018,34,17,2018-04-29,,,1.0,57.0,0.0,76.0,,,,68.0,
MS,2018,35,18,2018-05-06,,,3.0,57.0,0.0,82.0,,,,68.0,
MS,2018,36,19,2018-05-13,,,30.0,57.0,0.0,92.0,,,,68.0,
MS,2018,37,20,2018-05-20,,,60.0,57.0,0.0,95.0,,,,68.0,
MS,2018,38,21,2018-05-27,,,82.0,57.0,0.0,99.0,,,,68.0,
MS,2018,39,22,2018-06-03,,,90.0,57.0,6.0,100.0,,,,68.0,
MS,2018,40,23,2018-06-10,,,96.0,57.0,36.0,100.0,,,,68.0,
MS,2018,41,24,2018-06-17,,,99.0,57.0,79.0,100.0,,,,68.0,
MS,2018,42,25,2018-06-24,,,100.0,57.0,88.0,100.0,,,,68.0,
MS,2018,43,26,2018-07-01,,,100.0,57.0,99.0,100.0,,,,68.0,
MS,2018,44,27,2018-07-08,,,100.0,57.0,100.0,100.0,,,,68.0,
MS,2018,52,35,2018-09-02,,,100.0,57.0,100.0,100.0,,,,0.0,
MS,2019,1,36,2018-09-09,,,0.0,0.0,0.0,0.0,,,,0.0,
MS,2019,2,37,2018-09-16,,,0.0,0.0,0.0,0.0,,,,0.0,
MS,2019,3,38,2018-09-23,,,0.0,0.0,0.0,0.0,,,,1.0,
MS,2019,4,39,2018-09-30,,,0.0,0.0,0.0,0.0,,,,4.0,
MS,2019,5,40,2018-10-07,,,0.0,1.0,0.0,0.0,,,,5.0,
MS,2019,6,41,2018-10-14,,,0.0,2.0,0.0,0.0,,,,8.0,
MS,2019,7,42,2018-10-21,,,0.0,4.0,0.0,0.0,,,,14.0,
MS,2019,8,43,2018-10-28,,,0.0,8.0,0.0,0.0,,,,21.0,
MS,2019,9,44,2018-11-04,,,0.0,15.0,0.0,0.0,,,,34.0,
MS,2019,10,45,2018-11-11,,,0.0,32.0,0.0,0.0,,,,48.0,
MS,2019,11,46,2018-11-18,,,0.0,40.0,0.0,0.0,,,,60.0,
MS,2019,12,47,2018-11-25,,,0.0,59.0,0.0,0.0,,,,73.0,
MS,2019,13,48,2018-12-02,,,0.0,70.0,0.0,0.0,,,,80.0,
MS,2019,27,10,2019-03-10,,,0.0,70.0,0.0,1.0,,,,80.0,
MS,2019,28,11,2019-03-17,,,0.0,70.0,0.0,2.0,,,,80.0,
MS,2019,29,12,2019-03-24,,,0.0,70.0,0.0,3.0,,,,80.0,
MS,2019,30,13,2019-03-31,,,0.0,70.0,0.0,4.0,,,,80.0,
MS,2019,31,14,2019-04-07,,,0.0,70.0,0.0,11.0,,,,80.0,
MS,2019,32,15,2019-04-14,,,0.0,70.0,0.0,25.0,,,,80.0,
MS,2019,33,16,2019-04-21,,,0.0,70.0,0.0,39.0,,,,80.0,
MS,2019,34,17,2019-04-28,,,0.0,70.0,0.0,51.0,,,,80.0,
MS,2019,35,18,2019-05-05,,,6.0,70.0,0.0,80.0,,,,80.0,
MS,2019,36,19,2019-05-12,,,13.0,70.0,0.0,89.0,,,,80.0,
MS,2019,37,20,2019-05-19,,,29.0,70.0,0.0,91.0,,,,80.0,
MS,2019,38,21,2019-05-26,,,57.0,70.0,7.0,96.0,,,,80.0,
MS,2019,39,22,2019-06-02,,,86.0,70.0,26.0,98.0,,,,80.0,
MS,2019,40,23,2019-06-09,,,95.0,70.0,48.0,99.0,,,,80.0,
MS,2019,41,24,2019-06-16,,,97.0,70.0,76.0,100.0,,,,80.0,
MS,2019,42,25,2019-06-23,,,100.0,70.0,90.0,100.0,,,,80.0,
MS,2019,43,26,2019-06-30,,,100.0,70.0,95.0,100.0,,,,80.0,
MS,2019,44,27,2019-07-07,,,100.0,70.0,99.0,100.0,,,,80.0,
MS,2019,45,28,2019-07-14,,,100.0,70.0,100.0,100.0,,,,80.0,
MS,2020,2,37,2019-09-15,,,0.0,0.0,0.0,0.0,,,,0.0,
MS,2020,3,38,2019-09-22,,,0.0,0.0,0.0,0.0,,,,0.0,
MS,2020,4,39,2019-09-29,,,0.0,0.0,0.0,0.0,,,,1.0,
MS,2020,5,40,2019-10-06,,,0.0,1.0,0.0,0.0,,,,3.0,
MS,2020,6,41,2019-10-13,,,0.0,2.0,0.0,0.0,,,,7.0,
MS,2020,7,42,2019-10-20,,,0.0,5.0,0.0,0.0,,,,12.0,
MS,2020,8,43,2019-10-27,,,0.0,9.0,0.0,0.0,,,,17.0,
MS,2020,9,44,2019-11-03,,,0.0,17.0,0.0,0.0,,,,36.0,
MS,2020,10,45,2019-11-10,,,0.0,34.0,0.0,0.0,,,,45.0,
MS,2020,11,46,2019-11-17,,,0.0,39.0,0.0,0.0,,,,56.0,
MS,2020,12,47,2019-11-24,,,0.0,44.0,0.0,0.0,,,,63.0,
MS,2020,13,48,2019-12-01,,,0.0,54.0,0.0,0.0,,,,69.0,
MS,2020,14,49,2019-12-08,,,0.0,65.0,0.0,0.0,,,,74.0,
MS,2020,28,11,2020-03-15,,,0.0,65.0,0.0,0.0,,,,74.0,
MS,2020,29,12,2020-03-22,,,0.0,65.0,0.0,1.0,,,,74.0,
MS,2020,30,13,2020-03-29,,,0.0,65.0,0.0,6.0,,,,74.0,
MS,2020,31,14,2020-04-05,,,0.0,65.0,0.0,17.0,,,,74.0,
MS,2020,32,15,2020-04-12,,,0.0,65.0,0.0,35.0,,,,74.0,
MS,2020,33,16,2020-04-19,,,0.0,65.0,0.0,48.0,,,,74.0,
MS,2020,34,17,2020-04-26,,,9.0,65.0,0.0,59.0,,,,74.0,
MS,2020,35,18,2020-05-03,,,12.0,65.0,0.0,80.0,,,,74.0,
MS,2020,36,19,2020-05-10,,,16.0,65.0,0.0,85.0,,,,74.0,
MS,2020,37,20,2020-05-17,,,37.0,65.0,0.0,91.0,,,,74.0,
MS,2020,38,21,2020-05-24,,,56.0,65.0,0.0,95.0,,,,74.0,
MS,2020,39,22,2020-05-31,,,72.0,65.0,4.0,97.0,,,,74.0,
MS,2020,40,23,2020-06-07,,,84.0,65.0,22.0,100.0,,,,74.0,
MS,2020,41,24,2020-06-14,,,93.0,65.0,37.0,100.0,,,,74.0,
MS,2020,42,25,2020-06-21,,,97.0,65.0,66.0,100.0,,,,74.0,
MS,2020,43,26,2020-06-28,,,100.0,65.0,82.0,100.0,,,,74.0,
MS,2020,44,27,2020-07-05,,,100.0,65.0,90.0,100.0,,,,74.0,
MS,2020,45,28,2020-07-12,,,100.0,65.0,98.0,100.0,,,,74.0,
MS,2020,46,29,2020-07-19,,,100.0,65.0,100.0,100.0,,,,74.0,
MS,2021,2,37,2020-09-13,,,0.0,0.0,0.0,0.0,,,,0.0,
MS,2021,3,38,2020-09-20,,,0.0,0.0,0.0,0.0,,,,0.0,
MS,2021,4,39,2020-09-27,,,0.0,0.0,0.0,0.0,,,,1.0,
MS,2021,5,40,2020-10-04,,,0.0,0.0,0.0,0.0,,,,4.0,
MS,2021,6,41,2020-10-11,,,0.0,1.0,0.0,0.0,,,,5.0,
MS,2021,7,42,2020-10-18,,,0.0,4.0,0.0,0.0,,,,9.0,
MS,2021,8,43,2020-10-25,,,0.0,8.0,0.0,0.0,,,,20.0,
MS,2021,9,44,2020-11-01,,,0.0,14.0,0.0,0.0,,,,30.0,
MS,2021,10,45,2020-11-08,,,0.0,27.0,0.0,0.0,,,,49.0,
MS,2021,11,46,2020-11-15,,,0.0,46.0,0.0,0.0,,,,68.0,
MS,2021,12,47,2020-11-22,,,0.0,52.0,0.0,0.0,,,,76.0,
MS,2021,13,48,2020-11-29,,,0.0,71.0,0.0,0.0,,,,87.0,
MS,2021,27,10,2021-03-14,,,0.0,71.0,0.0,1.0,,,,87.0,
MS,2021,28,11,2021-03-21,,,0.0,71.0,0.0,9.0,,,,87.0,
MS,2021,29,12,2021-03-28,,,0.0,71.0,0.0,16.0,,,,87.0,
MS,2021,30,13,2021-04-04,,,0.0,71.0,0.0,22.0,,,,87.0,
MS,2021,31,14,2021-04-11,,,0.0,71.0,0.0,28.0,,,,87.0,
MS,2021,32,15,2021-04-18,,,0.0,71.0,0.0,38.0,,,,87.0,
MS,2021,33,16,2021-04-25,,,1.0,71.0,0.0,63.0,,,,87.0,
MS,2021,34,17,2021-05-02,,,4.0,71.0,0.0,78.0,,,,87.0,
MS,2021,35,18,2021-05-09,,,16.0,71.0,0.0,86.0,,,,87.0,
MS,2021,36,19,2021-05-16,,,43.0,71.0,0.0,89.0,,,,87.0,
MS,2021,37,20,2021-05-23,,,65.0,71.0,0.0,95.0,,,,87.0,
MS,2021,38,21,2021-05-30,,,75.0,71.0,5.0,97.0,,,,87.0,
MS,2021,39,22,2021-06-06,,,87.0,71.0,17.0,99.0,,,,87.0,
MS,2021,40,23,2021-06-13,,,89.0,71.0,20.0,100.0,,,,87.0,
MS,2021,41,24,2021-06-20,,,92.0,71.0,41.0,100.0,,,,87.0,
MS,2021,42,25,2021-06-27,,,100.0,71.0,74.0,100.0,,,,87.0,
MS,2021,43,26,2021-07-04,,,100.0,71.0,88.0,100.0,,,,87.0,
MS,2021,44,27,2021-07-11,,,100.0,71.0,96.0,100.0,,,,87.0,
MS,2021,45,28,2021-07-18,,,100.0,71.0,98.0,100.0,,,,87.0,
MS,2021,46,29,2021-07-25,,,100.0,71.0,100.0,100.0,,,,87.0,
MS,2022,2,37,2021-09-19,,,0.0,0.0,0.0,0.0,,,,1.0,
MS,2022,3,38,2021-09-26,,,0.0,0.0,0.0,0.0,,,,4.0,
MS,2022,4,39,2021-10-03,,,0.0,3.0,0.0,0.0,,,,13.0,
MS,2022,5,40,2021-10-10,,,0.0,10.0,0.0,0.0,,,,15.0,
MS,2022,6,41,2021-10-17,,,0.0,13.0,0.0,0.0,,,,17.0,
MS,2022,7,42,2021-10-24,,,0.0,14.0,0.0,0.0,,,,27.0,
MS,2022,8,43,2021-10-31,,,0.0,17.0,0.0,0.0,,,,34.0,
MS,2022,9,44,2021-11-07,,,0.0,24.0,0.0,0.0,,,,43.0,
MS,2022,10,45,2021-11-14,,,0.0,33.0,0.0,0.0,,,,50.0,
MS,2022,11,46,2021-11-21,,,0.0,43.0,0.0,0.0,,,,61.0,
MS,2022,12,47,2021-11-28,,,0.0,60.0,0.0,0.0,,,,72.0,
MS,2022,27,10,2022-03-13,,,0.0,60.0,0.0,0.0,,,,72.0,
MS,2022,28,11,2022-03-20,,,0.0,60.0,0.0,0.0,,,,72.0,
MS,2022,29,12,2022-03-27,,,0.0,60.0,0.0,1.0,,,,72.0,
MS,2022,30,13,2022-04-03,,,0.0,60.0,0.0,3.0,,,,72.0,
MS,2022,31,14,2022-04-10,,,0.0,60.0,0.0,17.0,,,,72.0,
MS,2022,32,15,2022-04-17,,,0.0,60.0,0.0,22.0,,,,72.0,
MS,2022,33,16,2022-04-24,,,1.0,60.0,0.0,34.0,,,,72.0,
MS,2022,34,17,2022-05-01,,,2.0,60.0,0.0,55.0,,,,72.0,
MS,2022,35,18,2022-05-08,,,10.0,60.0,0.0,72.0,,,,72.0,
MS,2022,36,19,2022-05-15,,,26.0,60.0,0.0,82.0,,,,72.0,
MS,2022,37,20,2022-05-22,,,53.0,60.0,0.0,88.0,,,,72.0,
MS,2022,38,21,2022-05-29,,,71.0,60.0,2.0,93.0,,,,72.0,
MS,2022,39,22,2022-06-05,,,84.0,60.0,20.0,98.0,,,,72.0,
MS,2022,40,23,2022-06-12,,,90.0,60.0,48.0,100.0,,,,72.0,
MS,2022,41,24,2022-06-19,,,93.0,60.0,69.0,100.0,,,,72.0,
MS,2022,42,25,2022-06-26,,,98.0,60.0,87.0,100.0,,,,72.0,
MS,2022,43,26,2022-07-03,,,100.0,60.0,92.0,100.0,,,,72.0,
MS,2022,44,27,2022-07-10,,,100.0,60.0,97.0,100.0,,,,72.0,
MS,2022,45,28,2022-07-17,,,100.0,60.0,100.0,100.0,,,,72.0,
MS,2023,2,37,2022-09-18,,,0.0,0.0,0.0,0.0,,,,1.0,
MS,2023,3,38,2022-09-25,,,0.0,0.0,0.0,0.0,,,,8.0,
MS,2023,4,39,2022-10-02,,,0.0,1.0,0.0,0.0,,,,12.0,
MS,2023,5,40,2022-10-09,,,0.0,6.0,0.0,0.0,,,,15.0,
MS,2023,6,41,2022-10-16,,,0.0,11.0,0.0,0.0,,,,21.0,
MS,2023,7,42,2022-10-23,,,0.0,14.0,0.0,0.0,,,,29.0,
MS,2023,8,43,2022-10-30,,,0.0,17.0,0.0,0.0,,,,38.0,
MS,2023,9,44,2022-11-06,,,0.0,21.0,0.0,0.0,,,,47.0,
MS,2023,10,45,2022-11-13,,,0.0,35.0,0.0,0.0,,,,57.0,
MS,2023,11,46,2022-11-20,,,0.0,50.0,0.0,0.0,,,,69.0,
MS,2023,12,47,2022-11-27,,,0.0,73.0,0.0,0.0,,,,79.0,
MS,2023,27,10,2023-03-12,,,0.0,73.0,0.0,2.0,,,,79.0,
MS,2023,28,11,2023-03-19,,,0.0,73.0,0.0,5.0,,,,79.0,
MS,2023,29,12,2023-03-26,,,0.0,73.0,0.0,8.0,,,,79.0,
MS,2023,30,13,2023-04-02,,,0.0,73.0,0.0,11.0,,,,79.0,
MS,2023,31,14,2023-04-09,,,0.0,73.0,0.0,17.0,,,,79.0,
MS,2023,32,15,2023-04-16,,,0.0,73.0,0.0,27.0,,,,79.0,
MS,2023,33,16,2023-04-23,,,0.0,73.0,0.0,52.0,,,,79.0,
MS,2023,34,17,2023-04-30,,,1.0,73.0,0.0,74.0,,,,79.0,
MS,2023,35,18,2023-05-07,,,10.0,73.0,0.0,90.0,,,,79.0,
MS,2023,36,19,2023-05-14,,,39.0,73.0,0.0,94.0,,,,79.0,
MS,2023,37,20,2023-05-21,,,57.0,73.0,1.0,96.0,,,,79.0,
MS,2023,38,21,2023-05-28,,,77.0,73.0,4.0,98.0,,,,79.0,
MS,2023,39,22,2023-06-04,,,90.0,73.0,16.0,99.0,,,,79.0,
MS,2023,40,23,2023-06-11,,,94.0,73.0,40.0,100.0,,,,79.0,
MS,2023,41,24,2023-06-18,,,96.0,73.0,65.0,100.0,,,,79.0,
MS,2023,42,25,2023-06-25,,,100.0,73.0,82.0,100.0,,,,79.0,
MS,2023,43,26,2023-07-02,,,100.0,73.0,95.0,100.0,,,,79.0,
MS,2023,44,27,2023-07-09,,,100.0,73.0,98.0,100.0,,,,79.0,
MS,2023,45,28,2023-07-16,,,100.0,73.0,100.0,100.0,,,,79.0,
MS,2023,52,35,2023-09-03,,,100.0,73.0,100.0,100.0,,,,0.0,
MS,2024,1,36,2023-09-10,,,0.0,0.0,0.0,0.0,,,,0.0,
MS,2024,2,37,2023-09-17,,,0.0,0.0,0.0,0.0,,,,0.0,
MS,2024,3,38,2023-09-24,,,0.0,0.0,0.0,0.0,,,,2.0,
MS,2024,4,39,2023-10-01,,,0.0,1.0,0.0,0.0,,,,10.0,
MS,2024,5,40,2023-10-08,,,0.0,5.0,0.0,0.0,,,,22.0,
MS,2024,6,41,2023-10-15,,,0.0,11.0,0.0,0.0,,,,29.0,
MS,2024,7,42,2023-10-22,,,0.0,19.0,0.0,0.0,,,,40.0,
MS,2024,8,43,2023-10-29,,,0.0,33.0,0.0,0.0,,,,48.0,
MS,2024,9,44,2023-11-05,,,0.0,39.0,0.0,0.0,,,,53.0,
MS,2024,10,45,2023-11-12,,,0.0,46.0,0.0,0.0,,,,71.0,
MS,2024,11,46,2023-11-19,,,0.0,54.0,0.0,0.0,,,,79.0,
MS,2024,12,47,2023-11-26,,,0.0,71.0,0.0,0.0,,,,82.0,
MS,2024,27,10,2024-03-10,,,0.0,71.0,0.0,2.0,,,,82.0,
MS,2024,28,11,2024-03-17,,,0.0,71.0,0.0,5.0,,,,82.0,
MS,2024,29,12,2024-03-24,,,0.0,71.0,0.0,8.0,,,,82.0,
MS,2024,30,13,2024-03-31,,,0.0,71.0,0.0,14.0,,,,82.0,
MS,2024,31,14,2024-04-07,,,0.0,71.0,0.0,18.0,,,,82.0,
MS,2024,32,15,2024-04-14,,,0.0,71.0,0.0,39.0,,,,82.0,
MS,2024,33,16,2024-04-21,,,0.0,71.0,0.0,53.0,,,,82.0,
MS,2024,34,17,2024-04-28,,,4.0,71.0,0.0,70.0,,,,82.0,
MS,2024,35,18,2024-05-05,,,19.0,71.0,0.0,87.0,,,,82.0,
MS,2024,36,19,2024-05-12,,,46.0,71.0,0.0,96.0,,,,82.0,
MS,2024,37,20,2024-05-19,,,61.0,71.0,0.0,98.0,,,,82.0,
MS,2024,38,21,2024-05-26,,,80.0,71.0,1.0,100.0,,,,82.0,
MS,2024,39,22,2024-06-02,,,91.0,71.0,20.0,100.0,,,,82.0,
MS,2024,40,23,2024-06-09,,,97.0,71.0,46.0,100.0,,,,82.0,
MS,2024,41,24,2024-06-16,,,98.0,71.0,68.0,100.0,,,,82.0,
MS,2024,42,25,2024-06-23,,,100.0,71.0,94.0,100.0,,,,82.0,
MS,2024,43,26,2024-06-30,,,100.0,71.0,98.0,100.0,,,,82.0,
MS,2024,44,27,2024-07-07,,,100.0,71.0,99.0,100.0,,,,82.0,
MS,2024,45,28,2024-07-14,,,100.0,71.0,100.0,100.0,,,,82.0,
MS,2025,1,36,2024-09-08,,,0.0,0.0,0.0,0.0,,,,0.0,
MS,2025,2,37,2024-09-15,,,0.0,0.0,0.0,0.0,,,,1.0,
MS,2025,3,38,2024-09-22,,,0.0,0.0,0.0,0.0,,,,3.0,
MS,2025,4,39,2024-09-29,,,0.0,1.0,0.0,0.0,,,,13.0,
MS,2025,5,40,2024-10-06,,,0.0,8.0,0.0,0.0,,,,25.0,
MS,2025,6,41,2024-10-13,,,0.0,15.0,0.0,0.0,,,,30.0,
MS,2025,7,42,2024-10-20,,,0.0,27.0,0.0,0.0,,,,46.0,
MS,2025,8,43,2024-10-27,,,0.0,33.0,0.0,0.0,,,,48.0,
MS,2025,9,44,2024-11-03,,,0.0,36.0,0.0,0.0,,,,51.0,
MS,2025,10,45,2024-11-10,,,0.0,49.0,0.0,0.0,,,,72.0,
MS,2025,11,46,2024-11-17,,,0.0,66.0,0.0,0.0,,,,84.0,
MS,2025,12,47,2024-11-24,,,0.0,75.0,0.0,0.0,,,,91.0,
MS,2025,27,10,2025-03-09,,,0.0,75.0,0.0,0.0,,,,91.0,
MS,2025,28,11,2025-03-16,,,0.0,75.0,0.0,1.0,,,,91.0,
MS,2025,29,12,2025-03-23,,,0.0,75.0,0.0,4.0,,,,91.0,
MS,2025,30,13,2025-03-30,,,0.0,75.0,0.0,7.0,,,,91.0,
MS,2025,31,14,2025-04-06,,,0.0,75.0,0.0,17.0,,,,91.0,
MS,2025,32,15,2025-04-13,,,0.0,75.0,0.0,33.0,,,,91.0,
MS,2025,33,16,2025-04-20,,,3.0,75.0,0.0,54.0,,,,91.0,
MS,2025,34,17,2025-04-27,,,7.0,75.0,0.0,63.0,,,,91.0,
MS,2025,35,18,2025-05-04,,,18.0,75.0,0.0,67.0,,,,91.0,
MS,2025,36,19,2025-05-11,,,37.0,75.0,0.0,72.0,,,,91.0,
MS,2025,37,20,2025-05-18,,,50.0,75.0,1.0,79.0,,,,91.0,
MS,2025,38,21,2025-05-25,,,72.0,75.0,6.0,94.0,,,,91.0,
MS,2025,39,22,2025-06-01,,,79.0,75.0,14.0,96.0,,,,91.0,
MS,2025,40,23,2025-06-08,,,87.0,75.0,41.0,98.0,,,,91.0,
MS,2025,41,24,2025-06-15,,,92.0,75.0,57.0,100.0,,,,91.0,
MS,2025,42,25,2025-06-22,,,98.0,75.0,67.0,100.0,,,,91.0,
MS,2025,43,26,2025-06-29,,,100.0,75.0,85.0,100.0,,,,91.0,
MS,2025,44,27,2025-07-06,,,100.0,75.0,93.0,100.0,,,,91.0,
MS,2025,45,28,2025-07-13,,,100.0,75.0,96.0,100.0,,,,91.0,
MS,2025,46,29,2025-07-20,,,100.0,75.0,100.0,100.0,,,,91.0,
MS,2025,47,30,2025-07-27,,,100.0,75.0,100.0,100.0,,,,91.0,
MS,2026,2,37,2025-09-14,,,0.0,0.0,0.0,0.0,,,,0.0,
MS,2026,3,38,2025-09-21,,,0.0,0.0,0.0,0.0,,,,1.0,
MS,2026,4,39,2025-09-28,,,0.0,0.0,0.0,0.0,,,,4.0,
MS,2026,11,46,2025-11-16,,,0.0,62.0,0.0,0.0,,,,79.0,
MS,2026,12,47,2025-11-23,,,0.0,71.0,0.0,0.0,,,,84.0,
MT,2016,3,38,2015-09-20,0.0,0.0,0.0,1.0,0.0,0.0,,,,38.0,
MT,2016,4,39,2015-09-27,0.0,0.0,0.0,12.0,0.0,0.0,,,,69.0,
MT,2016,5,40,2015-10-04,0.0,0.0,0.0,36.0,0.0,0.0,,,,86.0,
MT,2016,6,41,2015-10-11,0.0,0.0,0.0,63.0,0.0,0.0,,,,92.0,
MT,2016,7,42,2015-10-18,0.0,0.0,0.0,77.0,0.0,0.0,,,,95.0,
MT,2016,8,43,2015-10-25,0.0,0.0,0.0,84.0,0.0,0.0,,,,97.0,
MT,2016,9,44,2015-11-01,0.0,0.0,0.0,91.0,0.0,0.0,,,,99.0,
MT,2016,10,45,2015-11-08,0.0,0.0,0.0,95.0,0.0,0.0,,,,100.0,
MT,2016,11,46,2015-11-15,0.0,0.0,0.0,96.0,0.0,0.0,,,,100.0,
MT,2016,12,47,2015-11-22,0.0,0.0,0.0,97.0,0.0,0.0,,,,100.0,
MT,2016,13,48,2015-11-29,0.0,0.0,0.0,98.0,0.0,0.0,,,,100.0,
MT,2016,30,13,2016-04-03,0.0,32.0,0.0,98.0,0.0,0.0,,,,100.0,
MT,2016,31,14,2016-04-10,0.0,60.0,0.0,98.0,0.0,0.0,,,,100.0,
MT,2016,32,15,2016-04-17,0.0,85.0,0.0,98.0,0.0,0.0,,,,100.0,
MT,2016,33,16,2016-04-24,0.0,97.0,0.0,98.0,0.0,0.0,,,,100.0,
MT,2016,34,17,2016-05-01,1.0,97.0,0.0,98.0,0.0,0.0,,,,100.0,
MT,2016,35,18,2016-05-08,24.0,97.0,0.0,98.0,0.0,0.0,,,,100.0,
MT,2016,36,19,2016-05-15,32.0,97.0,0.0,98.0,0.0,0.0,,,,100.0,
MT,2016,37,20,2016-05-22,45.0,97.0,0.0,98.0,0.0,1.0,,,,100.0,
MT,2016,38,21,2016-05-29,59.0,97.0,0.0,98.0,0.0,18.0,,,,100.0,
MT,2016,39,22,2016-06-05,78.0,97.0,0.0,98.0,0.0,36.0,,,,100.0,
MT,2016,40,23,2016-06-12,95.0,97.0,2.0,98.0,0.0,66.0,,,,100.0,
MT,2016,41,24,2016-06-19,95.0,97.0,13.0,98.0,0.0,90.0,,,,100.0,
MT,2016,42,25,2016-06-26,95.0,97.0,40.0,98.0,0.0,96.0,,,,100.0,
MT,2016,43,26,2016-07-03,95.0,97.0,55.0,98.0,0.0,96.0,,,,100.0,
MT,2016,44,27,2016-07-10,95.0,97.0,88.0,98.0,0.0,96.0,,,,100.0,
MT,2016,45,28,2016-07-17,95.0,97.0,96.0,98.0,2.0,96.0,,,,100.0,
MT,2016,46,29,2016-07-24,95.0,97.0,96.0,98.0,20.0,96.0,,,,100.0,
MT,2016,47,30,2016-07-31,95.0,97.0,96.0,98.0,54.0,96.0,,,,100.0,
MT,2016,48,31,2016-08-07,95.0,97.0,96.0,98.0,82.0,96.0,,,,100.0,
MT,2016,49,32,2016-08-14,95.0,97.0,96.0,98.0,94.0,96.0,,,,100.0,
MT,2016,50,33,2016-08-21,95.0,97.0,96.0,98.0,97.0,96.0,,,,100.0,
MT,2016,52,35,2016-09-04,95.0,97.0,96.0,98.0,97.0,96.0,,,,0.0,
MT,2017,1,36,2016-09-11,0.0,0.0,0.0,0.0,0.0,0.0,,,,3.0,
MT,2017,2,37,2016-09-18,0.0,0.0,0.0,0.0,0.0,0.0,,,,23.0,
MT,2017,3,38,2016-09-25,0.0,0.0,0.0,1.0,0.0,0.0,,,,46.0,
MT,2017,4,39,2016-10-02,0.0,0.0,0.0,33.0,0.0,0.0,,,,70.0,
MT,2017,5,40,2016-10-09,0.0,0.0,0.0,51.0,0.0,0.0,,,,79.0,
MT,2017,6,41,2016-10-16,0.0,0.0,0.0,71.0,0.0,0.0,,,,84.0,
MT,2017,7,42,2016-10-23,0.0,0.0,0.0,78.0,0.0,0.0,,,,89.0,
MT,2017,8,43,2016-10-30,0.0,0.0,0.0,82.0,0.0,0.0,,,,91.0,
MT,2017,9,44,2016-11-06,0.0,0.0,0.0,85.0,0.0,0.0,,,,93.0,
MT,2017,10,45,2016-11-13,0.0,0.0,0.0,90.0,0.0,0.0,,,,98.0,
MT,2017,11,46,2016-11-20,0.0,0.0,0.0,94.0,0.0,0.0,,,,99.0,
MT,2017,12,47,2016-11-27,0.0,0.0,0.0,95.0,0.0,0.0,,,,99.0,
MT,2017,29,12,2017-03-26,0.0,8.0,0.0,95.0,0.0,0.0,,,,99.0,
MT,2017,30,13,2017-04-02,0.0,61.0,0.0,95.0,0.0,0.0,,,,99.0,
MT,2017,31,14,2017-04-09,0.0,83.0,0.0,95.0,0.0,0.0,,,,99.0,
MT,2017,32,15,2017-04-16,0.0,95.0,0.0,95.0,0.0,0.0,,,,99.0,
MT,2017,33,16,2017-04-23,0.0,95.0,0.0,95.0,0.0,0.0,,,,99.0,
MT,2017,34,17,2017-04-30,1.0,95.0,0.0,95.0,0.0,0.0,,,,99.0,
MT,2017,35,18,2017-05-07,5.0,95.0,0.0,95.0,0.0,0.0,,,,99.0,
MT,2017,36,19,2017-05-14,10.0,95.0,0.0,95.0,0.0,0.0,,,,99.0,
MT,2017,37,20,2017-05-21,24.0,95.0,0.0,95.0,0.0,0.0,,,,99.0,
MT,2017,38,21,2017-05-28,36.0,95.0,0.0,95.0,0.0,0.0,,,,99.0,
MT,2017,39,22,2017-06-04,55.0,95.0,0.0,95.0,0.0,18.0,,,,99.0,
MT,2017,40,23,2017-06-11,82.0,95.0,0.0,95.0,0.0,39.0,,,,99.0,
MT,2017,41,24,2017-06-18,97.0,95.0,0.0,95.0,0.0,79.0,,,,99.0,
MT,2017,42,25,2017-06-25,97.0,95.0,7.0,95.0,0.0,93.0,,,,99.0,
MT,2017,43,26,2017-07-02,97.0,95.0,35.0,95.0,0.0,98.0,,,,99.0,
MT,2017,44,27,2017-07-09,97.0,95.0,70.0,95.0,1.0,100.0,,,,99.0,
MT,2017,45,28,2017-07-16,97.0,95.0,93.0,95.0,9.0,100.0,,,,99.0,
MT,2017,46,29,2017-07-23,97.0,95.0,97.0,95.0,39.0,100.0,,,,99.0,
MT,2017,47,30,2017-07-30,97.0,95.0,97.0,95.0,65.0,100.0,,,,99.0,
MT,2017,48,31,2017-08-06,97.0,95.0,97.0,95.0,88.0,100.0,,,,99.0,
MT,2017,49,32,2017-08-13,97.0,95.0,97.0,95.0,92.0,100.0,,,,99.0,
MT,2017,50,33,2017-08-20,97.0,95.0,97.0,95.0,95.0,100.0,,,,99.0,
MT,2017,51,34,2017-08-27,97.0,95.0,97.0,95.0,95.0,100.0,,,,0.0,
MT,2017,52,35,2017-09-03,97.0,95.0,97.0,95.0,95.0,100.0,,,,2.0,
MT,2018,1,36,2017-09-10,0.0,0.0,0.0,0.0,0.0,0.0,0.0,,,13.0,
MT,2018,2,37,2017-09-17,0.0,0.0,0.0,0.0,0.0,0.0,0.0,,,16.0,
MT,2018,3,38,2017-09-24,0.0,0.0,0.0,0.0,0.0,0.0,0.0,,,23.0,
MT,2018,4,39,2017-10-01,0.0,0.0,0.0,2.0,0.0,0.0,0.0,,,53.0,
MT,2018,5,40,2017-10-08,0.0,0.0,0.0,34.0,0.0,0.0,0.0,,,75.0,
MT,2018,6,41,2017-10-15,0.0,0.0,0.0,53.0,0.0,0.0,0.0,,,81.0,
MT,2018,7,42,2017-10-22,0.0,0.0,0.0,66.0,0.0,0.0,0.0,,,92.0,
MT,2018,8,43,2017-10-29,0.0,0.0,0.0,79.0,0.0,0.0,0.0,,,95.0,
MT,2018,9,44,2017-11-05,0.0,0.0,0.0,83.0,0.0,0.0,0.0,,,97.0,
MT,2018,10,45,2017-11-12,0.0,0.0,0.0,90.0,0.0,0.0,0.0,,,99.0,
MT,2018,11,46,2017-11-19,0.0,0.0,0.0,93.0,0.0,0.0,0.0,,,100.0,
MT,2018,12,47,2017-11-26,0.0,0.0,0.0,95.0,0.0,0.0,0.0,,,100.0,
MT,2018,29,12,2018-03-25,0.0,0.0,0.0,95.0,0.0,0.0,0.0,,,100.0,
MT,2018,30,13,2018-04-01,0.0,3.0,0.0,95.0,0.0,0.0,0.0,,,100.0,
MT,2018,31,14,2018-04-08,0.0,12.0,0.0,95.0,0.0,0.0,0.0,,,100.0,
MT,2018,32,15,2018-04-15,0.0,17.0,0.0,95.0,0.0,0.0,0.0,,,100.0,
MT,2018,33,16,2018-04-22,0.0,55.0,0.0,95.0,0.0,0.0,0.0,,,100.0,
MT,2018,34,17,2018-04-29,0.0,89.0,0.0,95.0,0.0,0.0,0.0,,,100.0,
MT,2018,35,18,2018-05-06,0.0,95.0,0.0,95.0,0.0,0.0,0.0,,,100.0,
MT,2018,36,19,2018-05-13,13.0,95.0,0.0,95.0,0.0,0.0,0.0,,,100.0,
MT,2018,37,20,2018-05-20,30.0,95.0,0.0,95.0,0.0,0.0,0.0,,,100.0,
MT,2018,38,21,2018-05-27,35.0,95.0,0.0,95.0,0.0,0.0,0.0,,,100.0,
MT,2018,39,22,2018-06-03,57.0,95.0,0.0,95.0,0.0,5.0,0.0,,,100.0,
MT,2018,40,23,2018-06-10,71.0,95.0,0.0,95.0,0.0,22.0,0.0,,,100.0,
MT,2018,41,24,2018-06-17,83.0,95.0,0.0,95.0,0.0,41.0,0.0,,,100.0,
MT,2018,42,25,2018-06-24,93.0,95.0,3.0,95.0,0.0,64.0,0.0,,,100.0,
MT,2018,43,26,2018-07-01,96.0,95.0,19.0,95.0,0.0,80.0,0.0,,,100.0,
MT,2018,44,27,2018-07-08,96.0,95.0,56.0,95.0,0.0,88.0,0.0,,,100.0,
MT,2018,45,28,2018-07-15,96.0,95.0,76.0,95.0,0.0,93.0,0.0,,,100.0,
MT,2018,46,29,2018-07-22,96.0,95.0,86.0,95.0,7.0,97.0,0.0,,,100.0,
MT,2018,47,30,2018-07-29,96.0,95.0,96.0,95.0,19.0,97.0,0.0,,,100.0,
MT,2018,48,31,2018-08-05,96.0,95.0,96.0,95.0,44.0,97.0,0.0,,,100.0,
MT,2018,49,32,2018-08-12,96.0,95.0,96.0,95.0,67.0,97.0,0.0,,,100.0,
MT,2018,50,33,2018-08-19,96.0,95.0,96.0,95.0,85.0,97.0,0.0,,,100.0,
MT,2018,51,34,2018-08-26,96.0,95.0,96.0,95.0,91.0,97.0,0.0,,,100.0,
MT,2018,52,35,2018-09-02,96.0,95.0,96.0,95.0,95.0,97.0,0.0,,,100.0,
MT,2019,1,36,2018-09-09,0.0,0.0,0.0,0.0,0.0,0.0,,,,0.0,
MT,2019,2,37,2018-09-16,0.0,0.0,0.0,0.0,0.0,0.0,,,,0.0,
MT,2019,3,38,2018-09-23,0.0,0.0,0.0,1.0,0.0,0.0,,,,8.0,
MT,2019,4,39,2018-09-30,0.0,0.0,0.0,12.0,0.0,0.0,,,,35.0,
MT,2019,5,40,2018-10-07,0.0,0.0,0.0,32.0,0.0,0.0,,,,60.0,
MT,2019,6,41,2018-10-14,0.0,0.0,0.0,53.0,0.0,0.0,,,,74.0,
MT,2019,7,42,2018-10-21,0.0,0.0,0.0,59.0,0.0,0.0,,,,86.0,
MT,2019,8,43,2018-10-28,0.0,0.0,0.0,76.0,0.0,0.0,,,,94.0,
MT,2019,9,44,2018-11-04,0.0,0.0,0.0,83.0,0.0,0.0,,,,97.0,
MT,2019,10,45,2018-11-11,0.0,0.0,0.0,89.0,0.0,0.0,,,,99.0,
MT,2019,11,46,2018-11-18,0.0,0.0,0.0,92.0,0.0,0.0,,,,100.0,
MT,2019,12,47,2018-11-25,0.0,0.0,0.0,93.0,0.0,0.0,,,,100.0,
MT,2019,29,12,2019-03-24,0.0,1.0,0.0,93.0,0.0,0.0,,,,100.0,
MT,2019,30,13,2019-03-31,0.0,10.0,0.0,93.0,0.0,0.0,,,,100.0,
MT,2019,31,14,2019-04-07,0.0,30.0,0.0,93.0,0.0,0.0,,,,100.0,
MT,2019,32,15,2019-04-14,0.0,45.0,0.0,93.0,0.0,0.0,,,,100.0,
MT,2019,33,16,2019-04-21,0.0,70.0,0.0,93.0,0.0,0.0,,,,100.0,
MT,2019,34,17,2019-04-28,0.0,92.0,0.0,93.0,0.0,0.0,,,,100.0,
MT,2019,35,18,2019-05-05,0.0,96.0,0.0,93.0,0.0,0.0,,,,100.0,
MT,2019,36,19,2019-05-12,1.0,96.0,0.0,93.0,0.0,0.0,,,,100.0,
MT,2019,37,20,2019-05-19,2.0,96.0,0.0,93.0,0.0,0.0,,,,100.0,
MT,2019,38,21,2019-05-26,15.0,96.0,0.0,93.0,0.0,0.0,,,,100.0,
MT,2019,39,22,2019-06-02,30.0,96.0,0.0,93.0,0.0,0.0,,,,100.0,
MT,2019,40,23,2019-06-09,46.0,96.0,0.0,93.0,0.0,0.0,,,,100.0,
MT,2019,41,24,2019-06-16,73.0,96.0,0.0,93.0,0.0,16.0,,,,100.0,
MT,2019,42,25,2019-06-23,89.0,96.0,0.0,93.0,0.0,45.0,,,,100.0,
MT,2019,43,26,2019-06-30,96.0,96.0,15.0,93.0,0.0,74.0,,,,100.0,
MT,2019,44,27,2019-07-07,96.0,96.0,28.0,93.0,0.0,91.0,,,,100.0,
MT,2019,45,28,2019-07-14,96.0,96.0,50.0,93.0,0.0,96.0,,,,100.0,
MT,2019,46,29,2019-07-21,96.0,96.0,73.0,93.0,0.0,96.0,,,,100.0,
MT,2019,47,30,2019-07-28,96.0,96.0,89.0,93.0,1.0,96.0,,,,100.0,
MT,2019,48,31,2019-08-04,96.0,96.0,96.0,93.0,26.0,96.0,,,,100.0,
MT,2019,49,32,2019-08-11,96.0,96.0,96.0,93.0,50.0,96.0,,,,100.0,
MT,2019,50,33,2019-08-18,96.0,96.0,96.0,93.0,69.0,96.0,,,,100.0,
MT,2019,51,34,2019-08-25,96.0,96.0,96.0,93.0,80.0,96.0,,,,100.0,
MT,2019,52,35,2019-09-01,96.0,96.0,96.0,93.0,84.0,96.0,,,,100.0,
MT,2020,1,36,2019-09-08,0.0,0.0,0.0,0.0,89.0,0.0,,,,1.0,
MT,2020,2,37,2019-09-15,0.0,0.0,0.0,0.0,91.0,0.0,,,,5.0,
MT,2020,3,38,2019-09-22,0.0,0.0,0.0,0.0,96.0,0.0,,,,15.0,
MT,2020,4,39,2019-09-29,0.0,0.0,0.0,1.0,98.0,0.0,,,,40.0,
MT,2020,5,40,2019-10-06,0.0,0.0,0.0,9.0,98.0,0.0,,,,49.0,
MT,2020,6,41,2019-10-13,0.0,0.0,0.0,27.0,98.0,0.0,,,,60.0,
MT,2020,7,42,2019-10-20,0.0,0.0,0.0,40.0,98.0,0.0,,,,80.0,
MT,2020,8,43,2019-10-27,0.0,0.0,0.0,57.0,98.0,0.0,,,,87.0,
MT,2020,9,44,2019-11-03,0.0,0.0,0.0,64.0,98.0,0.0,,,,91.0,
MT,2020,10,45,2019-11-10,0.0,0.0,0.0,68.0,98.0,0.0,,,,93.0,
MT,2020,11,46,2019-11-17,0.0,0.0,0.0,75.0,98.0,0.0,,,,97.0,
MT,2020,12,47,2019-11-24,0.0,0.0,0.0,81.0,98.0,0.0,,,,97.0,
MT,2020,30,13,2020-03-29,0.0,6.0,0.0,81.0,98.0,0.0,,,,97.0,
MT,2020,31,14,2020-04-05,0.0,35.0,0.0,81.0,98.0,0.0,,,,97.0,
MT,2020,32,15,2020-04-12,0.0,49.0,0.0,81.0,98.0,0.0,,,,97.0,
MT,2020,33,16,2020-04-19,0.0,65.0,0.0,81.0,98.0,0.0,,,,97.0,
MT,2020,34,17,2020-04-26,0.0,85.0,0.0,81.0,98.0,0.0,,,,97.0,
MT,2020,35,18,2020-05-03,0.0,97.0,0.0,81.0,98.0,0.0,,,,97.0,
MT,2020,36,19,2020-05-10,1.0,97.0,0.0,81.0,98.0,0.0,,,,97.0,
MT,2020,37,20,2020-05-17,8.0,97.0,0.0,81.0,98.0,0.0,,,,97.0,
MT,2020,38,21,2020-05-24,12.0,97.0,0.0,81.0,98.0,0.0,,,,97.0,
MT,2020,39,22,2020-05-31,30.0,97.0,0.0,81.0,0.0,0.0,,,,97.0,
MT,2020,40,23,2020-06-07,43.0,97.0,0.0,81.0,0.0,5.0,,,,97.0,
MT,2020,41,24,2020-06-14,66.0,97.0,0.0,81.0,0.0,28.0,,,,97.0,
MT,2020,42,25,2020-06-21,84.0,97.0,0.0,81.0,0.0,55.0,,,,97.0,
MT,2020,43,26,2020-06-28,95.0,97.0,1.0,81.0,0.0,78.0,,,,97.0,
MT,2020,44,27,2020-07-05,98.0,97.0,34.0,81.0,0.0,94.0,,,,97.0,
MT,2020,45,28,2020-07-12,100.0,97.0,62.0,81.0,0.0,99.0,,,,97.0,
MT,2020,46,29,2020-07-19,100.0,97.0,81.0,81.0,3.0,99.0,,,,97.0,
MT,2020,47,30,2020-07-26,100.0,97.0,93.0,81.0,10.0,99.0,,,,97.0,
MT,2020,48,31,2020-08-02,100.0,97.0,95.0,81.0,20.0,99.0,,,,97.0,
MT,2020,49,32,2020-08-09,100.0,97.0,95.0,81.0,45.0,99.0,,,,97.0,
MT,2020,50,33,2020-08-16,100.0,97.0,95.0,81.0,60.0,99.0,,,,97.0,
MT,2020,51,34,2020-08-23,100.0,97.0,95.0,81.0,82.0,99.0,,,,97.0,
MT,2020,52,35,2020-08-30,100.0,97.0,95.0,81.0,93.0,99.0,,,,97.0,
MT,2021,1,36,2020-09-06,0.0,0.0,0.0,0.0,97.0,0.0,,,,5.0,
MT,2021,2,37,2020-09-13,0.0,0.0,0.0,0.0,97.0,0.0,,,,13.0,
MT,2021,3,38,2020-09-20,0.0,0.0,0.0,0.0,97.0,0.0,,,,18.0,
MT,2021,4,39,2020-09-27,0.0,0.0,0.0,6.0,97.0,0.0,,,,33.0,
MT,2021,5,40,2020-10-04,0.0,0.0,0.0,22.0,97.0,0.0,,,,50.0,
MT,2021,6,41,2020-10-11,0.0,0.0,0.0,40.0,97.0,0.0,,,,66.0,
MT,2021,7,42,2020-10-18,0.0,0.0,0.0,57.0,97.0,0.0,,,,77.0,
MT,2021,8,43,2020-10-25,0.0,0.0,0.0,65.0,97.0,0.0,,,,88.0,
MT,2021,9,44,2020-11-01,0.0,0.0,0.0,73.0,97.0,0.0,,,,94.0,
MT,2021,10,45,2020-11-08,0.0,0.0,0.0,85.0,97.0,0.0,,,,99.0,
MT,2021,11,46,2020-11-15,0.0,0.0,0.0,92.0,97.0,0.0,,,,99.0,
MT,2021,12,47,2020-11-22,0.0,0.0,0.0,94.0,97.0,0.0,,,,99.0,
MT,2021,13,48,2020-11-29,0.0,0.0,0.0,96.0,97.0,0.0,,,,99.0,
MT,2021,29,12,2021-03-28,0.0,18.0,0.0,96.0,97.0,0.0,,,,99.0,
MT,2021,30,13,2021-04-04,0.0,39.0,0.0,96.0,97.0,0.0,,,,99.0,
MT,2021,31,14,2021-04-11,0.0,52.0,0.0,96.0,97.0,0.0,,,,99.0,
MT,2021,32,15,2021-04-18,0.0,65.0,0.0,96.0,97.0,0.0,,,,99.0,
MT,2021,33,16,2021-04-25,0.0,77.0,0.0,96.0,97.0,0.0,,,,99.0,
MT,2021,34,17,2021-05-02,1.0,87.0,0.0,96.0,97.0,0.0,,,,99.0,
MT,2021,35,18,2021-05-09,2.0,95.0,0.0,96.0,97.0,0.0,,,,99.0,
MT,2021,36,19,2021-05-16,4.0,99.0,0.0,96.0,97.0,1.0,,,,99.0,
MT,2021,37,20,2021-05-23,13.0,99.0,0.0,96.0,97.0,2.0,,,,99.0,
MT,2021,38,21,2021-05-30,42.0,99.0,0.0,96.0,97.0,5.0,,,,99.0,
MT,2021,39,22,2021-06-06,45.0,99.0,0.0,96.0,0.0,6.0,,,,99.0,
MT,2021,40,23,2021-06-13,64.0,99.0,0.0,96.0,0.0,21.0,,,,99.0,
MT,2021,41,24,2021-06-20,82.0,99.0,0.0,96.0,0.0,50.0,,,,99.0,
MT,2021,42,25,2021-06-27,95.0,99.0,7.0,96.0,0.0,72.0,,,,99.0,
MT,2021,43,26,2021-07-04,95.0,99.0,35.0,96.0,0.0,86.0,,,,99.0,
MT,2021,44,27,2021-07-11,95.0,99.0,58.0,96.0,1.0,95.0,,,,99.0,
MT,2021,45,28,2021-07-18,95.0,99.0,82.0,96.0,10.0,95.0,,,,99.0,
MT,2021,46,29,2021-07-25,95.0,99.0,95.0,96.0,26.0,95.0,,,,99.0,
MT,2021,47,30,2021-08-01,95.0,99.0,95.0,96.0,52.0,95.0,,,,99.0,
MT,2021,48,31,2021-08-08,95.0,99.0,95.0,96.0,70.0,95.0,,,,99.0,
MT,2021,49,32,2021-08-15,95.0,99.0,95.0,96.0,85.0,95.0,,,,99.0,
MT,2021,50,33,2021-08-22,95.0,99.0,95.0,96.0,95.0,95.0,,,,99.0,
MT,2021,52,35,2021-09-05,95.0,99.0,95.0,96.0,95.0,95.0,,,,3.0,
MT,2022,1,36,2021-09-12,0.0,0.0,0.0,0.0,0.0,0.0,,,,14.0,
MT,2022,2,37,2021-09-19,0.0,0.0,0.0,3.0,0.0,0.0,,,,26.0,
MT,2022,3,38,2021-09-26,0.0,0.0,0.0,10.0,0.0,0.0,,,,42.0,
MT,2022,4,39,2021-10-03,0.0,0.0,0.0,19.0,0.0,0.0,,,,52.0,
MT,2022,5,40,2021-10-10,0.0,0.0,0.0,36.0,0.0,0.0,,,,66.0,
MT,2022,6,41,2021-10-17,0.0,0.0,0.0,50.0,0.0,0.0,,,,78.0,
MT,2022,7,42,2021-10-24,0.0,0.0,0.0,63.0,0.0,0.0,,,,88.0,
MT,2022,8,43,2021-10-31,0.0,0.0,0.0,75.0,0.0,0.0,,,,95.0,
MT,2022,9,44,2021-11-07,0.0,0.0,0.0,80.0,0.0,0.0,,,,99.0,
MT,2022,10,45,2021-11-14,0.0,0.0,0.0,81.0,0.0,0.0,,,,100.0,
MT,2022,11,46,2021-11-21,0.0,0.0,0.0,85.0,0.0,0.0,,,,100.0,
MT,2022,12,47,2021-11-28,0.0,0.0,0.0,88.0,0.0,0.0,,,,100.0,
MT,2022,29,12,2022-03-27,0.0,15.0,0.0,88.0,0.0,0.0,,,,100.0,
MT,2022,30,13,2022-04-03,0.0,34.0,0.0,88.0,0.0,0.0,,,,100.0,
MT,2022,31,14,2022-04-10,0.0,55.0,0.0,88.0,0.0,0.0,,,,100.0,
MT,2022,32,15,2022-04-17,0.0,73.0,0.0,88.0,0.0,0.0,,,,100.0,
MT,2022,33,16,2022-04-24,0.0,79.0,0.0,88.0,0.0,0.0,,,,100.0,
MT,2022,34,17,2022-05-01,1.0,86.0,0.0,88.0,0.0,0.0,,,,100.0,
MT,2022,35,18,2022-05-08,10.0,95.0,0.0,88.0,0.0,0.0,,,,100.0,
MT,2022,36,19,2022-05-15,25.0,99.0,0.0,88.0,0.0,1.0,,,,100.0,
MT,2022,37,20,2022-05-22,30.0,99.0,0.0,88.0,0.0,2.0,,,,100.0,
MT,2022,38,21,2022-05-29,40.0,99.0,0.0,88.0,0.0,5.0,,,,100.0,
MT,2022,39,22,2022-06-05,66.0,99.0,0.0,88.0,0.0,8.0,,,,100.0,
MT,2022,40,23,2022-06-12,75.0,99.0,0.0,88.0,0.0,14.0,,,,100.0,
MT,2022,41,24,2022-06-19,82.0,99.0,0.0,88.0,0.0,40.0,,,,100.0,
MT,2022,42,25,2022-06-26,99.0,99.0,0.0,88.0,0.0,55.0,,,,100.0,
MT,2022,43,26,2022-07-03,99.0,99.0,0.0,88.0,0.0,80.0,,,,100.0,
MT,2022,44,27,2022-07-10,99.0,99.0,17.0,88.0,1.0,90.0,,,,100.0,
MT,2022,45,28,2022-07-17,99.0,99.0,45.0,88.0,8.0,99.0,,,,100.0,
MT,2022,46,29,2022-07-24,99.0,99.0,72.0,88.0,18.0,99.0,,,,100.0,
MT,2022,47,30,2022-07-31,99.0,99.0,95.0,88.0,32.0,99.0,,,,100.0,
MT,2022,48,31,2022-08-07,99.0,99.0,95.0,88.0,51.0,99.0,,,,100.0,
MT,2022,49,32,2022-08-14,99.0,99.0,95.0,88.0,71.0,99.0,,,,100.0,
MT,2022,50,33,2022-08-21,99.0,99.0,95.0,88.0,92.0,99.0,,,,100.0,
MT,2022,51,34,2022-08-28,99.0,99.0,95.0,88.0,99.0,99.0,,,,2.0,
MT,2022,52,35,2022-09-04,99.0,99.0,95.0,88.0,99.0,99.0,,,,4.0,
MT,2023,1,36,2022-09-11,0.0,0.0,0.0,0.0,0.0,0.0,0.0,,,19.0,
MT,2023,2,37,2022-09-18,0.0,0.0,0.0,5.0,0.0,0.0,0.0,,,35.0,
MT,2023,3,38,2022-09-25,0.0,0.0,0.0,17.0,0.0,0.0,0.0,,,58.0,
MT,2023,4,39,2022-10-02,0.0,0.0,0.0,31.0,0.0,0.0,0.0,,,66.0,
MT,2023,5,40,2022-10-09,0.0,0.0,0.0,50.0,0.0,0.0,0.0,,,77.0,
MT,2023,6,41,2022-10-16,0.0,0.0,0.0,63.0,0.0,0.0,0.0,,,89.0,
MT,2023,7,42,2022-10-23,0.0,0.0,0.0,77.0,0.0,0.0,0.0,,,93.0,
MT,2023,8,43,2022-10-30,0.0,0.0,0.0,84.0,0.0,0.0,0.0,,,98.0,
MT,2023,9,44,2022-11-06,0.0,0.0,0.0,93.0,0.0,0.0,0.0,,,99.0,
MT,2023,10,45,2022-11-13,0.0,0.0,0.0,95.0,0.0,0.0,0.0,,,100.0,
MT,2023,11,46,2022-11-20,0.0,0.0,0.0,98.0,0.0,0.0,0.0,,,100.0,
MT,2023,12,47,2022-11-27,0.0,0.0,0.0,99.0,0.0,0.0,0.0,,,100.0,
MT,2023,29,12,2023-03-26,0.0,3.0,0.0,99.0,0.0,0.0,0.0,,,100.0,
MT,2023,30,13,2023-04-02,0.0,4.0,0.0,99.0,0.0,0.0,0.0,,,100.0,
MT,2023,31,14,2023-04-09,0.0,7.0,0.0,99.0,0.0,0.0,0.0,,,100.0,
MT,2023,32,15,2023-04-16,0.0,60.0,0.0,99.0,0.0,0.0,0.0,,,100.0,
MT,2023,33,16,2023-04-23,0.0,72.0,0.0,99.0,0.0,0.0,0.0,,,100.0,
MT,2023,34,17,2023-04-30,0.0,86.0,0.0,99.0,0.0,0.0,0.0,,,100.0,
MT,2023,35,18,2023-05-07,0.0,93.0,0.0,99.0,0.0,0.0,10.0,,,100.0,
MT,2023,36,19,2023-05-14,5.0,95.0,0.0,99.0,0.0,0.0,10.0,,,100.0,
MT,2023,37,20,2023-05-21,30.0,97.0,0.0,99.0,0.0,0.0,33.0,,,100.0,
MT,2023,38,21,2023-05-28,56.0,97.0,0.0,99.0,0.0,0.0,33.0,,,100.0,
MT,2023,39,22,2023-06-04,61.0,97.0,0.0,99.0,0.0,7.0,33.0,,,100.0,
MT,2023,40,23,2023-06-11,84.0,97.0,0.0,99.0,0.0,32.0,33.0,,,100.0,
MT,2023,41,24,2023-06-18,87.0,97.0,0.0,99.0,0.0,52.0,33.0,,,100.0,
MT,2023,42,25,2023-06-25,93.0,97.0,0.0,99.0,0.0,72.0,33.0,,,100.0,
MT,2023,43,26,2023-07-02,95.0,97.0,12.0,99.0,0.0,80.0,33.0,,,100.0,
MT,2023,44,27,2023-07-09,95.0,97.0,40.0,99.0,0.0,95.0,33.0,,,100.0,
MT,2023,45,28,2023-07-16,95.0,97.0,66.0,99.0,1.0,95.0,33.0,,,100.0,
MT,2023,46,29,2023-07-23,95.0,97.0,79.0,99.0,2.0,95.0,33.0,,,100.0,
MT,2023,47,30,2023-07-30,95.0,97.0,90.0,99.0,21.0,95.0,33.0,,,100.0,
MT,2023,48,31,2023-08-06,95.0,97.0,95.0,99.0,42.0,95.0,33.0,,,100.0,
MT,2023,49,32,2023-08-13,95.0,97.0,95.0,99.0,70.0,95.0,33.0,,,100.0,
MT,2023,50,33,2023-08-20,95.0,97.0,95.0,99.0,78.0,95.0,33.0,,,100.0,
MT,2023,51,34,2023-08-27,95.0,97.0,95.0,99.0,80.0,95.0,33.0,,,100.0,
MT,2023,52,35,2023-09-03,95.0,97.0,95.0,99.0,93.0,95.0,33.0,,,1.0,
MT,2024,1,36,2023-09-10,0.0,0.0,0.0,0.0,97.0,0.0,,,,3.0,
MT,2024,2,37,2023-09-17,0.0,0.0,0.0,0.0,97.0,0.0,,,,17.0,
MT,2024,3,38,2023-09-24,0.0,0.0,0.0,0.0,97.0,0.0,,,,37.0,
MT,2024,4,39,2023-10-01,0.0,0.0,0.0,5.0,97.0,0.0,,,,52.0,
MT,2024,5,40,2023-10-08,0.0,0.0,0.0,33.0,97.0,0.0,,,,74.0,
MT,2024,6,41,2023-10-15,0.0,0.0,0.0,57.0,97.0,0.0,,,,76.0,
MT,2024,7,42,2023-10-22,0.0,0.0,0.0,62.0,97.0,0.0,,,,78.0,
MT,2024,8,43,2023-10-29,0.0,0.0,0.0,78.0,97.0,0.0,,,,96.0,
MT,2024,9,44,2023-11-05,0.0,0.0,0.0,85.0,97.0,0.0,,,,97.0,
MT,2024,10,45,2023-11-12,0.0,0.0,0.0,91.0,97.0,0.0,,,,98.0,
MT,2024,11,46,2023-11-19,0.0,0.0,0.0,95.0,97.0,0.0,,,,99.0,
MT,2024,12,47,2023-11-26,0.0,0.0,0.0,97.0,97.0,0.0,,,,99.0,
MT,2024,29,12,2024-03-24,0.0,13.0,0.0,97.0,97.0,0.0,,,,99.0,
MT,2024,30,13,2024-03-31,0.0,42.0,0.0,97.0,97.0,0.0,,,,99.0,
MT,2024,31,14,2024-04-07,0.0,60.0,0.0,97.0,97.0,0.0,,,,99.0,
MT,2024,32,15,2024-04-14,0.0,70.0,0.0,97.0,97.0,0.0,,,,99.0,
MT,2024,33,16,2024-04-21,0.0,91.0,0.0,97.0,97.0,0.0,,,,99.0,
MT,2024,34,17,2024-04-28,0.0,93.0,0.0,97.0,97.0,0.0,,,,99.0,
MT,2024,35,18,2024-05-05,0.0,94.0,0.0,97.0,97.0,0.0,,,,99.0,
MT,2024,36,19,2024-05-12,1.0,99.0,0.0,97.0,97.0,0.0,,,,99.0,
MT,2024,37,20,2024-05-19,20.0,99.0,0.0,97.0,97.0,0.0,,,,99.0,
MT,2024,38,21,2024-05-26,45.0,99.0,0.0,97.0,97.0,1.0,,,,99.0,
MT,2024,39,22,2024-06-02,70.0,99.0,0.0,97.0,0.0,12.0,,,,99.0,
MT,2024,40,23,2024-06-09,72.0,99.0,0.0,97.0,0.0,27.0,,,,99.0,
MT,2024,41,24,2024-06-16,77.0,99.0,0.0,97.0,0.0,54.0,,,,99.0,
MT,2024,42,25,2024-06-23,80.0,99.0,12.0,97.0,0.0,71.0,,,,99.0,
MT,2024,43,26,2024-06-30,95.0,99.0,36.0,97.0,0.0,75.0,,,,99.0,
MT,2024,44,27,2024-07-07,95.0,99.0,64.0,97.0,0.0,95.0,,,,99.0,
MT,2024,45,28,2024-07-14,95.0,99.0,75.0,97.0,0.0,95.0,,,,99.0,
MT,2024,46,29,2024-07-21,95.0,99.0,78.0,97.0,3.0,95.0,,,,99.0,
MT,2024,47,30,2024-07-28,95.0,99.0,82.0,97.0,22.0,95.0,,,,99.0,
MT,2024,48,31,2024-08-04,95.0,99.0,95.0,97.0,51.0,95.0,,,,99.0,
MT,2024,49,32,2024-08-11,95.0,99.0,95.0,97.0,69.0,95.0,,,,99.0,
MT,2024,50,33,2024-08-18,95.0,99.0,95.0,97.0,75.0,95.0,,,,99.0,
MT,2024,51,34,2024-08-25,95.0,99.0,95.0,97.0,82.0,95.0,,,,99.0,
MT,2024,52,35,2024-09-01,95.0,99.0,95.0,97.0,91.0,95.0,,,,1.0,
MT,2025,1,36,2024-09-08,0.0,0.0,0.0,0.0,95.0,0.0,,,,2.0,
MT,2025,2,37,2024-09-15,0.0,0.0,0.0,0.0,95.0,0.0,,,,23.0,
MT,2025,3,38,2024-09-22,0.0,0.0,0.0,4.0,95.0,0.0,,,,39.0,
MT,2025,4,39,2024-09-29,0.0,0.0,0.0,24.0,95.0,0.0,,,,61.0,
MT,2025,5,40,2024-10-06,0.0,0.0,0.0,50.0,95.0,0.0,,,,64.0,
MT,2025,6,41,2024-10-13,0.0,0.0,0.0,58.0,95.0,0.0,,,,68.0,
MT,2025,7,42,2024-10-20,0.0,0.0,0.0,67.0,95.0,0.0,,,,75.0,
MT,2025,8,43,2024-10-27,0.0,0.0,0.0,72.0,95.0,0.0,,,,88.0,
MT,2025,9,44,2024-11-03,0.0,0.0,0.0,80.0,95.0,0.0,,,,95.0,
MT,2025,10,45,2024-11-10,0.0,0.0,0.0,86.0,95.0,0.0,,,,99.0,
MT,2025,11,46,2024-11-17,0.0,0.0,0.0,91.0,95.0,0.0,,,,100.0,
MT,2025,12,47,2024-11-24,0.0,0.0,0.0,95.0,95.0,0.0,,,,100.0,
MT,2025,30,13,2025-03-30,0.0,3.0,0.0,95.0,95.0,0.0,,,,100.0,
MT,2025,31,14,2025-04-06,0.0,26.0,0.0,95.0,95.0,0.0,,,,100.0,
MT,2025,32,15,2025-04-13,0.0,45.0,0.0,95.0,95.0,0.0,,,,100.0,
MT,2025,33,16,2025-04-20,0.0,73.0,0.0,95.0,95.0,0.0,,,,100.0,
MT,2025,34,17,2025-04-27,0.0,77.0,0.0,95.0,95.0,0.0,,,,100.0,
MT,2025,35,18,2025-05-04,0.0,78.0,0.0,95.0,95.0,0.0,,,,100.0,
MT,2025,36,19,2025-05-11,1.0,85.0,0.0,95.0,95.0,0.0,,,,100.0,
MT,2025,37,20,2025-05-18,14.0,90.0,0.0,95.0,95.0,0.0,,,,100.0,
MT,2025,38,21,2025-05-25,25.0,95.0,0.0,95.0,95.0,1.0,,,,100.0,
MT,2025,39,22,2025-06-01,41.0,95.0,0.0,95.0,0.0,19.0,,,,100.0,
MT,2025,40,23,2025-06-08,48.0,95.0,0.0,95.0,0.0,28.0,,,,100.0,
MT,2025,41,24,2025-06-15,57.0,95.0,0.0,95.0,0.0,38.0,,,,100.0,
MT,2025,42,25,2025-06-22,64.0,95.0,0.0,95.0,0.0,48.0,,,,100.0,
MT,2025,43,26,2025-06-29,68.0,95.0,4.0,95.0,0.0,52.0,,,,100.0,
MT,2025,44,27,2025-07-06,75.0,95.0,12.0,95.0,0.0,57.0,,,,100.0,
MT,2025,45,28,2025-07-13,80.0,95.0,40.0,95.0,0.0,64.0,,,,100.0,
MT,2025,46,29,2025-07-20,82.0,95.0,48.0,95.0,2.0,68.0,,,,100.0,
MT,2025,47,30,2025-07-27,95.0,95.0,58.0,95.0,15.0,76.0,,,,100.0,
MT,2025,48,31,2025-08-03,95.0,95.0,60.0,95.0,30.0,95.0,,,,100.0,
MT,2025,49,32,2025-08-10,95.0,95.0,89.0,95.0,40.0,95.0,,,,100.0,
MT,2025,50,33,2025-08-17,95.0,95.0,95.0,95.0,65.0,95.0,,,,100.0,
MT,2025,51,34,2025-08-24,95.0,95.0,95.0,95.0,82.0,95.0,,,,100.0,
MT,2025,52,35,2025-08-31,95.0,95.0,95.0,95.0,91.0,95.0,,,,100.0,
MT,2026,1,36,2025-09-07,0.0,0.0,0.0,0.0,96.0,0.0,,,,1.0,
MT,2026,2,37,2025-09-14,0.0,0.0,0.0,0.0,96.0,0.0,,,,11.0,
MT,2026,3,38,2025-09-21,0.0,0.0,0.0,1.0,96.0,0.0,,,,29.0,
MT,2026,4,39,2025-09-28,0.0,0.0,0.0,13.0,96.0,0.0,,,,56.0,
MT,2026,11,46,2025-11-16,0.0,0.0,0.0,80.0,96.0,0.0,,,,99.0,
MT,2026,12,47,2025-11-23,0.0,0.0,0.0,91.0,96.0,0.0,,,,100.0,
NC,2016,2,37,2015-09-13,,,,0.0,0.0,0.0,,,,0.0,
NC,2016,3,38,2015-09-20,,,,0.0,0.0,0.0,,,,0.0,
NC,2016,4,39,2015-09-27,,,,0.0,0.0,0.0,,,,0.0,
NC,2016,5,40,2015-10-04,,,,0.0,0.0,0.0,,,,0.0,
NC,2016,6,41,2015-10-11,,,,0.0,0.0,0.0,,,,3.0,
NC,2016,7,42,2015-10-18,,,,1.0,0.0,0.0,,,,10.0,
NC,2016,8,43,2015-10-25,,,,5.0,0.0,0.0,,,,20.0,
NC,2016,9,44,2015-11-01,,,,13.0,0.0,0.0,,,,32.0,
NC,2016,10,45,2015-11-08,,,,26.0,0.0,0.0,,,,36.0,
NC,2016,11,46,2015-11-15,,,,32.0,0.0,0.0,,,,45.0,
NC,2016,12,47,2015-11-22,,,,40.0,0.0,0.0,,,,57.0,
NC,2016,13,48,2015-11-29,,,,60.0,0.0,0.0,,,,75.0,
NC,2016,30,13,2016-04-03,,,,60.0,0.0,0.0,,,,75.0,
NC,2016,31,14,2016-04-10,,,,60.0,0.0,4.0,,,,75.0,
NC,2016,32,15,2016-04-17,,,,60.0,0.0,22.0,,,,75.0,
NC,2016,33,16,2016-04-24,,,,60.0,0.0,40.0,,,,75.0,
NC,2016,34,17,2016-05-01,,,,60.0,0.0,59.0,,,,75.0,
NC,2016,35,18,2016-05-08,,,,60.0,0.0,82.0,,,,75.0,
NC,2016,36,19,2016-05-15,,,,60.0,0.0,91.0,,,,75.0,
NC,2016,37,20,2016-05-22,,,,60.0,0.0,95.0,,,,75.0,
NC,2016,38,21,2016-05-29,,,,60.0,0.0,98.0,,,,75.0,
NC,2016,39,22,2016-06-05,,,,60.0,3.0,99.0,,,,75.0,
NC,2016,40,23,2016-06-12,,,,60.0,22.0,100.0,,,,75.0,
NC,2016,41,24,2016-06-19,,,,60.0,63.0,100.0,,,,75.0,
NC,2016,42,25,2016-06-26,,,,60.0,81.0,100.0,,,,75.0,
NC,2016,43,26,2016-07-03,,,,60.0,94.0,100.0,,,,75.0,
NC,2016,44,27,2016-07-10,,,,60.0,98.0,100.0,,,,75.0,
NC,2016,45,28,2016-07-17,,,,60.0,99.0,100.0,,,,75.0,
NC,2016,46,29,2016-07-24,,,,60.0,100.0,100.0,,,,75.0,
NC,2016,47,30,2016-07-31,,,,60.0,100.0,100.0,,,,75.0,
NC,2016,48,31,2016-08-07,,,,60.0,100.0,100.0,,,,75.0,
NC,2016,49,32,2016-08-14,,,,60.0,100.0,100.0,,,,75.0,
NC,2017,1,36,2016-09-11,,,,0.0,0.0,0.0,,,,0.0,
NC,2017,2,37,2016-09-18,,,,0.0,0.0,0.0,,,,0.0,
NC,2017,3,38,2016-09-25,,,,0.0,0.0,0.0,,,,0.0,
NC,2017,4,39,2016-10-02,,,,0.0,0.0,0.0,,,,0.0,
NC,2017,5,40,2016-10-09,,,,0.0,0.0,0.0,,,,3.0,
NC,2017,6,41,2016-10-16,,,,0.0,0.0,0.0,,,,6.0,
NC,2017,7,42,2016-10-23,,,,5.0,0.0,0.0,,,,15.0,
NC,2017,8,43,2016-10-30,,,,13.0,0.0,0.0,,,,33.0,
NC,2017,9,44,2016-11-06,,,,24.0,0.0,0.0,,,,42.0,
NC,2017,10,45,2016-11-13,,,,30.0,0.0,0.0,,,,56.0,
NC,2017,11,46,2016-11-20,,,,50.0,0.0,0.0,,,,71.0,
NC,2017,12,47,2016-11-27,,,,59.0,0.0,0.0,,,,79.0,
NC,2017,30,13,2017-04-02,,,,59.0,0.0,1.0,,,,79.0,
NC,2017,31,14,2017-04-09,,,,59.0,0.0,8.0,,,,79.0,
NC,2017,32,15,2017-04-16,,,,59.0,0.0,21.0,,,,79.0,
NC,2017,33,16,2017-04-23,,,,59.0,0.0,59.0,,,,79.0,
NC,2017,34,17,2017-04-30,,,,59.0,0.0,89.0,,,,79.0,
NC,2017,35,18,2017-05-07,,,,59.0,0.0,96.0,,,,79.0,
NC,2017,36,19,2017-05-14,,,,59.0,0.0,99.0,,,,79.0,
NC,2017,37,20,2017-05-21,,,,59.0,0.0,100.0,,,,79.0,
NC,2017,38,21,2017-05-28,,,,59.0,1.0,100.0,,,,79.0,
NC,2017,39,22,2017-06-04,,,,59.0,18.0,100.0,,,,79.0,
NC,2017,40,23,2017-06-11,,,,59.0,38.0,100.0,,,,79.0,
NC,2017,41,24,2017-06-18,,,,59.0,64.0,100.0,,,,79.0,
NC,2017,42,25,2017-06-25,,,,59.0,83.0,100.0,,,,79.0,
NC,2017,43,26,2017-07-02,,,,59.0,92.0,100.0,,,,79.0,
NC,2017,44,27,2017-07-09,,,,59.0,97.0,100.0,,,,79.0,
NC,2017,45,28,2017-07-16,,,,59.0,99.0,100.0,,,,79.0,
NC,2017,46,29,2017-07-23,,,,59.0,100.0,100.0,,,,79.0,
NC,2017,47,30,2017-07-30,,,,59.0,100.0,100.0,,,,79.0,
NC,2017,48,31,2017-08-06,,,,59.0,100.0,100.0,,,,79.0,
NC,2017,49,32,2017-08-13,,,,59.0,100.0,100.0,,,,79.0,
NC,2018,1,36,2017-09-10,,,,0.0,0.0,0.0,,,,0.0,
NC,2018,2,37,2017-09-17,,,,0.0,0.0,0.0,,,,1.0,
NC,2018,3,38,2017-09-24,,,,0.0,0.0,0.0,,,,2.0,
NC,2018,4,39,2017-10-01,,,,0.0,0.0,0.0,,,,3.0,
NC,2018,5,40,2017-10-08,,,,0.0,0.0,0.0,,,,9.0,
NC,2018,6,41,2017-10-15,,,,4.0,0.0,0.0,,,,14.0,
NC,2018,7,42,2017-10-22,,,,7.0,0.0,0.0,,,,24.0,
NC,2018,8,43,2017-10-29,,,,21.0,0.0,0.0,,,,39.0,
NC,2018,9,44,2017-11-05,,,,37.0,0.0,0.0,,,,58.0,
NC,2018,10,45,2017-11-12,,,,53.0,0.0,0.0,,,,72.0,
NC,2018,11,46,2017-11-19,,,,60.0,0.0,0.0,,,,78.0,
NC,2018,12,47,2017-11-26,,,,72.0,0.0,0.0,,,,88.0,
NC,2018,30,13,2018-04-01,,,,72.0,0.0,0.0,,,,88.0,
NC,2018,31,14,2018-04-08,,,,72.0,0.0,1.0,,,,88.0,
NC,2018,32,15,2018-04-15,,,,72.0,0.0,6.0,,,,88.0,
NC,2018,33,16,2018-04-22,,,,72.0,0.0,20.0,,,,88.0,
NC,2018,34,17,2018-04-29,,,,72.0,0.0,50.0,,,,88.0,
NC,2018,35,18,2018-05-06,,,,72.0,0.0,74.0,,,,88.0,
NC,2018,36,19,2018-05-13,,,,72.0,0.0,87.0,,,,88.0,
NC,2018,37,20,2018-05-20,,,,72.0,0.0,94.0,,,,88.0,
NC,2018,38,21,2018-05-27,,,,72.0,0.0,97.0,,,,88.0,
NC,2018,39,22,2018-06-03,,,,72.0,3.0,98.0,,,,88.0,
NC,2018,40,23,2018-06-10,,,,72.0,30.0,100.0,,,,88.0,
NC,2018,41,24,2018-06-17,,,,72.0,53.0,100.0,,,,88.0,
NC,2018,42,25,2018-06-24,,,,72.0,75.0,100.0,,,,88.0,
NC,2018,43,26,2018-07-01,,,,72.0,87.0,100.0,,,,88.0,
NC,2018,44,27,2018-07-08,,,,72.0,95.0,100.0,,,,88.0,
NC,2018,45,28,2018-07-15,,,,72.0,98.0,100.0,,,,88.0,
NC,2018,46,29,2018-07-22,,,,72.0,100.0,100.0,,,,88.0,
NC,2018,47,30,2018-07-29,,,,72.0,100.0,100.0,,,,88.0,
NC,2018,48,31,2018-08-05,,,,72.0,100.0,100.0,,,,88.0,
NC,2018,49,32,2018-08-12,,,,72.0,100.0,100.0,,,,88.0,
NC,2018,50,33,2018-08-19,,,,72.0,100.0,100.0,,,,88.0,
NC,2019,1,36,2018-09-09,,,,0.0,0.0,0.0,,,,0.0,
NC,2019,2,37,2018-09-16,,,,0.0,0.0,0.0,,,,0.0,
NC,2019,3,38,2018-09-23,,,,0.0,0.0,0.0,,,,0.0,
NC,2019,4,39,2018-09-30,,,,0.0,0.0,0.0,,,,1.0,
NC,2019,5,40,2018-10-07,,,,0.0,0.0,0.0,,,,6.0,
NC,2019,6,41,2018-10-14,,,,2.0,0.0,0.0,,,,7.0,
NC,2019,7,42,2018-10-21,,,,4.0,0.0,0.0,,,,10.0,
NC,2019,8,43,2018-10-28,,,,13.0,0.0,0.0,,,,21.0,
NC,2019,9,44,2018-11-04,,,,19.0,0.0,0.0,,,,35.0,
NC,2019,10,45,2018-11-11,,,,33.0,0.0,0.0,,,,44.0,
NC,2019,11,46,2018-11-18,,,,39.0,0.0,0.0,,,,53.0,
NC,2019,12,47,2018-11-25,,,,45.0,0.0,0.0,,,,60.0,
NC,2019,30,13,2019-03-31,,,,45.0,0.0,0.0,,,,60.0,
NC,2019,31,14,2019-04-07,,,,45.0,0.0,0.0,,,,60.0,
NC,2019,32,15,2019-04-14,,,,45.0,0.0,2.0,,,,60.0,
NC,2019,33,16,2019-04-21,,,,45.0,0.0,9.0,,,,60.0,
NC,2019,34,17,2019-04-28,,,,45.0,0.0,41.0,,,,60.0,
NC,2019,35,18,2019-05-05,,,,45.0,0.0,66.0,,,,60.0,
NC,2019,36,19,2019-05-12,,,,45.0,0.0,80.0,,,,60.0,
NC,2019,37,20,2019-05-19,,,,45.0,0.0,90.0,,,,60.0,
NC,2019,38,21,2019-05-26,,,,45.0,1.0,92.0,,,,60.0,
NC,2019,39,22,2019-06-02,,,,45.0,14.0,96.0,,,,60.0,
NC,2019,40,23,2019-06-09,,,,45.0,31.0,100.0,,,,60.0,
NC,2019,41,24,2019-06-16,,,,45.0,44.0,100.0,,,,60.0,
NC,2019,42,25,2019-06-23,,,,45.0,61.0,100.0,,,,60.0,
NC,2019,43,26,2019-06-30,,,,45.0,73.0,100.0,,,,60.0,
NC,2019,44,27,2019-07-07,,,,45.0,89.0,100.0,,,,60.0,
NC,2019,45,28,2019-07-14,,,,45.0,93.0,100.0,,,,60.0,
NC,2019,46,29,2019-07-21,,,,45.0,100.0,100.0,,,,60.0,
NC,2019,47,30,2019-07-28,,,,45.0,100.0,100.0,,,,60.0,
NC,2019,48,31,2019-08-04,,,,45.0,100.0,100.0,,,,60.0,
NC,2019,49,32,2019-08-11,,,,45.0,100.0,100.0,,,,60.0,
NC,2019,50,33,2019-08-18,,,,45.0,100.0,100.0,,,,60.0,
NC,2019,51,34,2019-08-25,,,,45.0,100.0,100.0,,,,60.0,
NC,2020,2,37,2019-09-15,,,,0.0,0.0,0.0,,,,0.0,
NC,2020,3,38,2019-09-22,,,,0.0,0.0,0.0,,,,0.0,
NC,2020,4,39,2019-09-29,,,,0.0,0.0,0.0,,,,1.0,
NC,2020,5,40,2019-10-06,,,,0.0,0.0,0.0,,,,2.0,
NC,2020,6,41,2019-10-13,,,,0.0,0.0,0.0,,,,3.0,
NC,2020,7,42,2019-10-20,,,,3.0,0.0,0.0,,,,13.0,
NC,2020,8,43,2019-10-27,,,,9.0,0.0,0.0,,,,22.0,
NC,2020,9,44,2019-11-03,,,,16.0,0.0,0.0,,,,32.0,
NC,2020,10,45,2019-11-10,,,,30.0,0.0,0.0,,,,46.0,
NC,2020,11,46,2019-11-17,,,,47.0,0.0,0.0,,,,64.0,
NC,2020,12,47,2019-11-24,,,,60.0,0.0,0.0,,,,77.0,
NC,2020,13,48,2019-12-01,,,,74.0,0.0,0.0,,,,86.0,
NC,2020,31,14,2020-04-05,,,,74.0,0.0,5.0,,,,86.0,
NC,2020,32,15,2020-04-12,,,,74.0,0.0,15.0,,,,86.0,
NC,2020,33,16,2020-04-19,,,,74.0,0.0,30.0,,,,86.0,
NC,2020,34,17,2020-04-26,,,,74.0,0.0,50.0,,,,86.0,
NC,2020,35,18,2020-05-03,,,,74.0,0.0,72.0,,,,86.0,
NC,2020,36,19,2020-05-10,,,,74.0,0.0,93.0,,,,86.0,
NC,2020,37,20,2020-05-17,,,,74.0,0.0,96.0,,,,86.0,
NC,2020,38,21,2020-05-24,,,,74.0,0.0,96.0,,,,86.0,
NC,2020,39,22,2020-05-31,,,,74.0,1.0,98.0,,,,86.0,
NC,2020,40,23,2020-06-07,,,,74.0,17.0,100.0,,,,86.0,
NC,2020,41,24,2020-06-14,,,,74.0,35.0,100.0,,,,86.0,
NC,2020,42,25,2020-06-21,,,,74.0,52.0,100.0,,,,86.0,
NC,2020,43,26,2020-06-28,,,,74.0,73.0,100.0,,,,86.0,
NC,2020,44,27,2020-07-05,,,,74.0,87.0,100.0,,,,86.0,
NC,2020,45,28,2020-07-12,,,,74.0,94.0,100.0,,,,86.0,
NC,2020,46,29,2020-07-19,,,,74.0,98.0,100.0,,,,86.0,
NC,2020,47,30,2020-07-26,,,,74.0,100.0,100.0,,,,86.0,
NC,2020,48,31,2020-08-02,,,,74.0,100.0,100.0,,,,86.0,
NC,2020,49,32,2020-08-09,,,,74.0,100.0,100.0,,,,86.0,
NC,2020,50,33,2020-08-16,,,,74.0,100.0,100.0,,,,86.0,
NC,2020,51,34,2020-08-23,,,,74.0,100.0,100.0,,,,86.0,
NC,2021,1,36,2020-09-06,,,,0.0,0.0,0.0,,,,0.0,
NC,2021,2,37,2020-09-13,,,,0.0,0.0,0.0,,,,0.0,
NC,2021,3,38,2020-09-20,,,,0.0,0.0,0.0,,,,1.0,
NC,2021,4,39,2020-09-27,,,,0.0,0.0,0.0,,,,2.0,
NC,2021,5,40,2020-10-04,,,,0.0,0.0,0.0,,,,8.0,
NC,2021,6,41,2020-10-11,,,,1.0,0.0,0.0,,,,10.0,
NC,2021,7,42,2020-10-18,,,,4.0,0.0,0.0,,,,15.0,
NC,2021,8,43,2020-10-25,,,,9.0,0.0,0.0,,,,20.0,
NC,2021,9,44,2020-11-01,,,,19.0,0.0,0.0,,,,36.0,
NC,2021,10,45,2020-11-08,,,,33.0,0.0,0.0,,,,51.0,
NC,2021,11,46,2020-11-15,,,,49.0,0.0,0.0,,,,66.0,
NC,2021,12,47,2020-11-22,,,,61.0,0.0,0.0,,,,74.0,
NC,2021,13,48,2020-11-29,,,,74.0,0.0,0.0,,,,87.0,
NC,2021,30,13,2021-04-04,,,,74.0,0.0,0.0,,,,87.0,
NC,2021,31,14,2021-04-11,,,,74.0,0.0,3.0,,,,87.0,
NC,2021,32,15,2021-04-18,,,,74.0,0.0,10.0,,,,87.0,
NC,2021,33,16,2021-04-25,,,,74.0,0.0,31.0,,,,87.0,
NC,2021,34,17,2021-05-02,,,,74.0,0.0,60.0,,,,87.0,
NC,2021,35,18,2021-05-09,,,,74.0,0.0,85.0,,,,87.0,
NC,2021,36,19,2021-05-16,,,,74.0,0.0,94.0,,,,87.0,
NC,2021,37,20,2021-05-23,,,,74.0,0.0,97.0,,,,87.0,
NC,2021,38,21,2021-05-30,,,,74.0,6.0,98.0,,,,87.0,
NC,2021,39,22,2021-06-06,,,,74.0,10.0,100.0,,,,87.0,
NC,2021,40,23,2021-06-13,,,,74.0,24.0,100.0,,,,87.0,
NC,2021,41,24,2021-06-20,,,,74.0,44.0,100.0,,,,87.0,
NC,2021,42,25,2021-06-27,,,,74.0,69.0,100.0,,,,87.0,
NC,2021,43,26,2021-07-04,,,,74.0,83.0,100.0,,,,87.0,
NC,2021,44,27,2021-07-11,,,,74.0,94.0,100.0,,,,87.0,
NC,2021,45,28,2021-07-18,,,,74.0,97.0,100.0,,,,87.0,
NC,2021,46,29,2021-07-25,,,,74.0,100.0,100.0,,,,87.0,
NC,2021,47,30,2021-08-01,,,,74.0,100.0,100.0,,,,87.0,
NC,2021,48,31,2021-08-08,,,,74.0,100.0,100.0,,,,87.0,
NC,2021,52,35,2021-09-05,,,,74.0,100.0,100.0,,,,0.0,
NC,2022,1,36,2021-09-12,,,,0.0,0.0,0.0,,,,0.0,
NC,2022,2,37,2021-09-19,,,,0.0,0.0,0.0,,,,3.0,
NC,2022,3,38,2021-09-26,,,,0.0,0.0,0.0,,,,6.0,
NC,2022,4,39,2021-10-03,,,,0.0,0.0,0.0,,,,7.0,
NC,2022,5,40,2021-10-10,,,,1.0,0.0,0.0,,,,9.0,
NC,2022,6,41,2021-10-17,,,,4.0,0.0,0.0,,,,14.0,
NC,2022,7,42,2021-10-24,,,,8.0,0.0,0.0,,,,22.0,
NC,2022,8,43,2021-10-31,,,,20.0,0.0,0.0,,,,35.0,
NC,2022,9,44,2021-11-07,,,,32.0,0.0,0.0,,,,50.0,
NC,2022,10,45,2021-11-14,,,,42.0,0.0,0.0,,,,67.0,
NC,2022,11,46,2021-11-21,,,,52.0,0.0,0.0,,,,81.0,
NC,2022,12,47,2021-11-28,,,,71.0,0.0,0.0,,,,93.0,
NC,2022,30,13,2022-04-03,,,,71.0,0.0,2.0,,,,93.0,
NC,2022,31,14,2022-04-10,,,,71.0,0.0,12.0,,,,93.0,
NC,2022,32,15,2022-04-17,,,,71.0,0.0,30.0,,,,93.0,
NC,2022,33,16,2022-04-24,,,,71.0,0.0,48.0,,,,93.0,
NC,2022,34,17,2022-05-01,,,,71.0,0.0,75.0,,,,93.0,
NC,2022,35,18,2022-05-08,,,,71.0,0.0,87.0,,,,93.0,
NC,2022,36,19,2022-05-15,,,,71.0,0.0,93.0,,,,93.0,
NC,2022,37,20,2022-05-22,,,,71.0,0.0,96.0,,,,93.0,
NC,2022,38,21,2022-05-29,,,,71.0,2.0,98.0,,,,93.0,
NC,2022,39,22,2022-06-05,,,,71.0,17.0,100.0,,,,93.0,
NC,2022,40,23,2022-06-12,,,,71.0,27.0,100.0,,,,93.0,
NC,2022,41,24,2022-06-19,,,,71.0,53.0,100.0,,,,93.0,
NC,2022,42,25,2022-06-26,,,,71.0,72.0,100.0,,,,93.0,
NC,2022,43,26,2022-07-03,,,,71.0,83.0,100.0,,,,93.0,
NC,2022,44,27,2022-07-10,,,,71.0,91.0,100.0,,,,93.0,
NC,2022,45,28,2022-07-17,,,,71.0,95.0,100.0,,,,93.0,
NC,2022,46,29,2022-07-24,,,,71.0,100.0,100.0,,,,93.0,
NC,2022,47,30,2022-07-31,,,,71.0,100.0,100.0,,,,93.0,
NC,2022,48,31,2022-08-07,,,,71.0,100.0,100.0,,,,93.0,
NC,2022,49,32,2022-08-14,,,,71.0,100.0,100.0,,,,93.0,
NC,2022,50,33,2022-08-21,,,,71.0,100.0,100.0,,,,93.0,
NC,2022,52,35,2022-09-04,,,,71.0,100.0,100.0,,,,0.0,
NC,2023,1,36,2022-09-11,,,,0.0,0.0,0.0,,,,0.0,
NC,2023,2,37,2022-09-18,,,,0.0,0.0,0.0,,,,1.0,
NC,2023,3,38,2022-09-25,,,,0.0,0.0,0.0,,,,4.0,
NC,2023,4,39,2022-10-02,,,,0.0,0.0,0.0,,,,6.0,
NC,2023,5,40,2022-10-09,,,,1.0,0.0,0.0,,,,9.0,
NC,2023,6,41,2022-10-16,,,,3.0,0.0,0.0,,,,11.0,
NC,2023,7,42,2022-10-23,,,,8.0,0.0,0.0,,,,24.0,
NC,2023,8,43,2022-10-30,,,,17.0,0.0,0.0,,,,38.0,
NC,2023,9,44,2022-11-06,,,,32.0,0.0,0.0,,,,54.0,
NC,2023,10,45,2022-11-13,,,,48.0,0.0,0.0,,,,69.0,
NC,2023,11,46,2022-11-20,,,,61.0,0.0,0.0,,,,80.0,
NC,2023,12,47,2022-11-27,,,,73.0,0.0,0.0,,,,90.0,
NC,2023,30,13,2023-04-02,,,,73.0,0.0,2.0,,,,90.0,
NC,2023,31,14,2023-04-09,,,,73.0,0.0,17.0,,,,90.0,
NC,2023,32,15,2023-04-16,,,,73.0,0.0,33.0,,,,90.0,
NC,2023,33,16,2023-04-23,,,,73.0,0.0,57.0,,,,90.0,
NC,2023,34,17,2023-04-30,,,,73.0,0.0,77.0,,,,90.0,
NC,2023,35,18,2023-05-07,,,,73.0,0.0,93.0,,,,90.0,
NC,2023,36,19,2023-05-14,,,,73.0,0.0,97.0,,,,90.0,
NC,2023,37,20,2023-05-21,,,,73.0,0.0,98.0,,,,90.0,
NC,2023,38,21,2023-05-28,,,,73.0,1.0,100.0,,,,90.0,
NC,2023,39,22,2023-06-04,,,,73.0,8.0,100.0,,,,90.0,
NC,2023,40,23,2023-06-11,,,,73.0,25.0,100.0,,,,90.0,
NC,2023,41,24,2023-06-18,,,,73.0,52.0,100.0,,,,90.0,
NC,2023,42,25,2023-06-25,,,,73.0,71.0,100.0,,,,90.0,
NC,2023,43,26,2023-07-02,,,,73.0,86.0,100.0,,,,90.0,
NC,2023,44,27,2023-07-09,,,,73.0,93.0,100.0,,,,90.0,
NC,2023,45,28,2023-07-16,,,,73.0,96.0,100.0,,,,90.0,
NC,2023,46,29,2023-07-23,,,,73.0,99.0,100.0,,,,90.0,
NC,2023,47,30,2023-07-30,,,,73.0,100.0,100.0,,,,90.0,
NC,2023,48,31,2023-08-06,,,,73.0,100.0,100.0,,,,90.0,
NC,2023,49,32,2023-08-13,,,,73.0,100.0,100.0,,,,90.0,
NC,2023,50,33,2023-08-20,,,,73.0,100.0,100.0,,,,90.0,
NC,2023,52,35,2023-09-03,,,,73.0,100.0,100.0,,,,0.0,
NC,2024,1,36,2023-09-10,,,,0.0,0.0,0.0,,,,0.0,
NC,2024,2,37,2023-09-17,,,,0.0,0.0,0.0,,,,1.0,
NC,2024,3,38,2023-09-24,,,,0.0,0.0,0.0,,,,1.0,
NC,2024,4,39,2023-10-01,,,,0.0,0.0,0.0,,,,3.0,
NC,2024,5,40,2023-10-08,,,,2.0,0.0,0.0,,,,7.0,
NC,2024,6,41,2023-10-15,,,,5.0,0.0,0.0,,,,9.0,
NC,2024,7,42,2023-10-22,,,,6.0,0.0,0.0,,,,17.0,
NC,2024,8,43,2023-10-29,,,,16.0,0.0,0.0,,,,35.0,
NC,2024,9,44,2023-11-05,,,,30.0,0.0,0.0,,,,55.0,
NC,2024,10,45,2023-11-12,,,,47.0,0.0,0.0,,,,74.0,
NC,2024,11,46,2023-11-19,,,,60.0,0.0,0.0,,,,86.0,
NC,2024,12,47,2023-11-26,,,,76.0,0.0,0.0,,,,93.0,
NC,2024,30,13,2024-03-31,,,,76.0,0.0,0.0,,,,93.0,
NC,2024,31,14,2024-04-07,,,,76.0,0.0,5.0,,,,93.0,
NC,2024,32,15,2024-04-14,,,,76.0,0.0,18.0,,,,93.0,
NC,2024,33,16,2024-04-21,,,,76.0,0.0,41.0,,,,93.0,
NC,2024,34,17,2024-04-28,,,,76.0,0.0,67.0,,,,93.0,
NC,2024,35,18,2024-05-05,,,,76.0,0.0,81.0,,,,93.0,
NC,2024,36,19,2024-05-12,,,,76.0,0.0,91.0,,,,93.0,
NC,2024,37,20,2024-05-19,,,,76.0,0.0,96.0,,,,93.0,
NC,2024,38,21,2024-05-26,,,,76.0,2.0,98.0,,,,93.0,
NC,2024,39,22,2024-06-02,,,,76.0,10.0,100.0,,,,93.0,
NC,2024,40,23,2024-06-09,,,,76.0,27.0,100.0,,,,93.0,
NC,2024,41,24,2024-06-16,,,,76.0,53.0,100.0,,,,93.0,
NC,2024,42,25,2024-06-23,,,,76.0,73.0,100.0,,,,93.0,
NC,2024,43,26,2024-06-30,,,,76.0,86.0,100.0,,,,93.0,
NC,2024,44,27,2024-07-07,,,,76.0,95.0,100.0,,,,93.0,
NC,2024,45,28,2024-07-14,,,,76.0,97.0,100.0,,,,93.0,
NC,2024,46,29,2024-07-21,,,,76.0,99.0,100.0,,,,93.0,
NC,2024,47,30,2024-07-28,,,,76.0,100.0,100.0,,,,93.0,
NC,2024,48,31,2024-08-04,,,,76.0,100.0,100.0,,,,93.0,
NC,2024,49,32,2024-08-11,,,,76.0,100.0,100.0,,,,93.0,
NC,2024,50,33,2024-08-18,,,,76.0,100.0,100.0,,,,93.0,
NC,2024,52,35,2024-09-01,,,,76.0,100.0,100.0,,,,0.0,
NC,2025,1,36,2024-09-08,,,,0.0,0.0,0.0,,,,0.0,
NC,2025,2,37,2024-09-15,,,,0.0,0.0,0.0,,,,1.0,
NC,2025,3,38,2024-09-22,,,,0.0,0.0,0.0,,,,2.0,
NC,2025,4,39,2024-09-29,,,,0.0,0.0,0.0,,,,3.0,
NC,2025,5,40,2024-10-06,,,,1.0,0.0,0.0,,,,4.0,
NC,2025,6,41,2024-10-13,,,,4.0,0.0,0.0,,,,9.0,
NC,2025,7,42,2024-10-20,,,,8.0,0.0,0.0,,,,14.0,
NC,2025,8,43,2024-10-27,,,,11.0,0.0,0.0,,,,24.0,
NC,2025,9,44,2024-11-03,,,,19.0,0.0,0.0,,,,34.0,
NC,2025,10,45,2024-11-10,,,,33.0,0.0,0.0,,,,49.0,
NC,2025,11,46,2024-11-17,,,,38.0,0.0,0.0,,,,60.0,
NC,2025,12,47,2024-11-24,,,,52.0,0.0,0.0,,,,74.0,
NC,2025,31,14,2025-04-06,,,,52.0,0.0,3.0,,,,74.0,
NC,2025,32,15,2025-04-13,,,,52.0,0.0,13.0,,,,74.0,
NC,2025,33,16,2025-04-20,,,,52.0,0.0,33.0,,,,74.0,
NC,2025,34,17,2025-04-27,,,,52.0,0.0,55.0,,,,74.0,
NC,2025,35,18,2025-05-04,,,,52.0,0.0,73.0,,,,74.0,
NC,2025,36,19,2025-05-11,,,,52.0,0.0,84.0,,,,74.0,
NC,2025,37,20,2025-05-18,,,,52.0,0.0,91.0,,,,74.0,
NC,2025,38,21,2025-05-25,,,,52.0,1.0,95.0,,,,74.0,
NC,2025,39,22,2025-06-01,,,,52.0,5.0,98.0,,,,74.0,
NC,2025,40,23,2025-06-08,,,,52.0,17.0,100.0,,,,74.0,
NC,2025,41,24,2025-06-15,,,,52.0,38.0,100.0,,,,74.0,
NC,2025,42,25,2025-06-22,,,,52.0,60.0,100.0,,,,74.0,
NC,2025,43,26,2025-06-29,,,,52.0,80.0,100.0,,,,74.0,
NC,2025,44,27,2025-07-06,,,,52.0,91.0,100.0,,,,74.0,
NC,2025,45,28,2025-07-13,,,,52.0,95.0,100.0,,,,74.0,
NC,2025,46,29,2025-07-20,,,,52.0,97.0,100.0,,,,74.0,
NC,2025,47,30,2025-07-27,,,,52.0,100.0,100.0,,,,74.0,
NC,2025,48,31,2025-08-03,,,,52.0,100.0,100.0,,,,74.0,
NC,2025,49,32,2025-08-10,,,,52.0,100.0,100.0,,,,74.0,
NC,2025,50,33,2025-08-17,,,,52.0,100.0,100.0,,,,74.0,
NC,2025,51,34,2025-08-24,,,,52.0,100.0,100.0,,,,74.0,
NC,2026,1,36,2025-09-07,,,,0.0,0.0,0.0,,,,0.0,
NC,2026,2,37,2025-09-14,,,,0.0,0.0,0.0,,,,1.0,
NC,2026,3,38,2025-09-21,,,,0.0,0.0,0.0,,,,2.0,
NC,2026,4,39,2025-09-28,,,,0.0,0.0,0.0,,,,3.0,
NC,2026,11,46,2025-11-16,,,,61.0,0.0,0.0,,,,77.0,
NC,2026,12,47,2025-11-23,,,,63.0,0.0,0.0,,,,81.0,
ND,2016,1,36,2015-09-06,,,0.0,0.0,0.0,0.0,0.0,,,2.0,
ND,2016,2,37,2015-09-13,,,0.0,0.0,0.0,0.0,0.0,,,34.0,
ND,2016,3,38,2015-09-20,,,0.0,0.0,0.0,0.0,0.0,,,52.0,
ND,2016,4,39,2015-09-27,,,0.0,15.0,0.0,0.0,0.0,,,72.0,
ND,2016,5,40,2015-10-04,,,0.0,44.0,0.0,0.0,0.0,,,89.0,
ND,2016,6,41,2015-10-11,,,0.0,62.0,0.0,0.0,0.0,,,95.0,
ND,2016,7,42,2015-10-18,,,0.0,76.0,0.0,0.0,0.0,,,98.0,
ND,2016,8,43,2015-10-25,,,0.0,88.0,0.0,0.0,0.0,,,100.0,
ND,2016,9,44,2015-11-01,,,0.0,93.0,0.0,0.0,0.0,,,100.0,
ND,2016,10,45,2015-11-08,,,0.0,95.0,0.0,0.0,0.0,,,100.0,
ND,2016,11,46,2015-11-15,,,0.0,98.0,0.0,0.0,0.0,,,100.0,
ND,2016,12,47,2015-11-22,,,0.0,100.0,0.0,0.0,0.0,,,100.0,
ND,2016,13,48,2015-11-29,,,0.0,100.0,0.0,0.0,0.0,,,100.0,
ND,2016,31,14,2016-04-10,,,0.0,100.0,0.0,0.0,0.0,,,100.0,
ND,2016,32,15,2016-04-17,,,0.0,100.0,0.0,0.0,1.0,,,100.0,
ND,2016,33,16,2016-04-24,,,0.0,100.0,0.0,0.0,3.0,,,100.0,
ND,2016,34,17,2016-05-01,,,0.0,100.0,0.0,0.0,19.0,,,100.0,
ND,2016,35,18,2016-05-08,,,0.0,100.0,0.0,0.0,33.0,,,100.0,
ND,2016,36,19,2016-05-15,,,0.0,100.0,0.0,0.0,51.0,,,100.0,
ND,2016,37,20,2016-05-22,,,0.0,100.0,0.0,3.0,70.0,,,100.0,
ND,2016,38,21,2016-05-29,,,0.0,100.0,0.0,5.0,77.0,,,100.0,
ND,2016,39,22,2016-06-05,,,0.0,100.0,0.0,17.0,83.0,,,100.0,
ND,2016,40,23,2016-06-12,,,0.0,100.0,0.0,45.0,91.0,,,100.0,
ND,2016,41,24,2016-06-19,,,0.0,100.0,0.0,79.0,97.0,,,100.0,
ND,2016,42,25,2016-06-26,,,12.0,100.0,0.0,91.0,97.0,,,100.0,
ND,2016,43,26,2016-07-03,,,38.0,100.0,0.0,99.0,97.0,,,100.0,
ND,2016,44,27,2016-07-10,,,70.0,100.0,0.0,99.0,97.0,,,100.0,
ND,2016,45,28,2016-07-17,,,86.0,100.0,5.0,99.0,97.0,,,100.0,
ND,2016,46,29,2016-07-24,,,93.0,100.0,13.0,99.0,97.0,,,100.0,
ND,2016,47,30,2016-07-31,,,95.0,100.0,40.0,99.0,97.0,,,100.0,
ND,2016,48,31,2016-08-07,,,100.0,100.0,74.0,99.0,97.0,,,100.0,
ND,2016,49,32,2016-08-14,,,100.0,100.0,87.0,99.0,97.0,,,100.0,
ND,2016,50,33,2016-08-21,,,100.0,100.0,95.0,99.0,97.0,,,100.0,
ND,2016,52,35,2016-09-04,,,100.0,100.0,95.0,99.0,97.0,,,1.0,
ND,2017,1,36,2016-09-11,,,0.0,0.0,0.0,0.0,0.0,0.0,,10.0,
ND,2017,2,37,2016-09-18,,,0.0,4.0,0.0,0.0,0.0,0.0,,36.0,
ND,2017,3,38,2016-09-25,,,0.0,12.0,0.0,0.0,0.0,0.0,,53.0,
ND,2017,4,39,2016-10-02,,,0.0,42.0,0.0,0.0,0.0,0.0,,72.0,
ND,2017,5,40,2016-10-09,,,0.0,55.0,0.0,0.0,0.0,0.0,,85.0,
ND,2017,6,41,2016-10-16,,,0.0,78.0,0.0,0.0,0.0,0.0,,92.0,
ND,2017,7,42,2016-10-23,,,0.0,87.0,0.0,0.0,0.0,0.0,,94.0,
ND,2017,8,43,2016-10-30,,,0.0,90.0,0.0,0.0,0.0,0.0,,95.0,
ND,2017,9,44,2016-11-06,,,0.0,93.0,0.0,0.0,0.0,0.0,,98.0,
ND,2017,10,45,2016-11-13,,,0.0,96.0,0.0,0.0,0.0,0.0,,100.0,
ND,2017,11,46,2016-11-20,,,0.0,98.0,0.0,0.0,0.0,0.0,,100.0,
ND,2017,12,47,2016-11-27,,,0.0,100.0,0.0,0.0,0.0,0.0,,100.0,
ND,2017,32,15,2017-04-16,,,0.0,100.0,0.0,0.0,2.0,0.0,,100.0,
ND,2017,33,16,2017-04-23,,,0.0,100.0,0.0,0.0,4.0,0.0,,100.0,
ND,2017,34,17,2017-04-30,,,0.0,100.0,0.0,0.0,8.0,0.0,,100.0,
ND,2017,35,18,2017-05-07,,,0.0,100.0,0.0,0.0,23.0,0.0,,100.0,
ND,2017,36,19,2017-05-14,,,0.0,100.0,0.0,3.0,41.0,0.0,,100.0,
ND,2017,37,20,2017-05-21,,,0.0,100.0,0.0,6.0,60.0,0.0,,100.0,
ND,2017,38,21,2017-05-28,,,0.0,100.0,0.0,9.0,76.0,0.0,,100.0,
ND,2017,39,22,2017-06-04,,,0.0,100.0,0.0,21.0,87.0,0.0,,100.0,
ND,2017,40,23,2017-06-11,,,0.0,100.0,0.0,40.0,93.0,0.0,,100.0,
ND,2017,41,24,2017-06-18,,,0.0,100.0,0.0,62.0,97.0,1.0,,100.0,
ND,2017,42,25,2017-06-25,,,0.0,100.0,0.0,78.0,97.0,17.0,,100.0,
ND,2017,43,26,2017-07-02,,,23.0,100.0,0.0,88.0,97.0,18.0,,100.0,
ND,2017,44,27,2017-07-09,,,47.0,100.0,0.0,95.0,97.0,24.0,,100.0,
ND,2017,45,28,2017-07-16,,,70.0,100.0,10.0,95.0,97.0,32.0,,100.0,
ND,2017,46,29,2017-07-23,,,91.0,100.0,12.0,95.0,97.0,54.0,,100.0,
ND,2017,47,30,2017-07-30,,,97.0,100.0,32.0,95.0,97.0,79.0,,100.0,
ND,2017,48,31,2017-08-06,,,97.0,100.0,57.0,95.0,97.0,94.0,,100.0,
ND,2017,49,32,2017-08-13,,,97.0,100.0,75.0,95.0,97.0,98.0,,100.0,
ND,2017,50,33,2017-08-20,,,97.0,100.0,85.0,95.0,97.0,98.0,,100.0,
ND,2017,51,34,2017-08-27,,,97.0,100.0,93.0,95.0,97.0,98.0,,100.0,
ND,2017,52,35,2017-09-03,,,97.0,100.0,95.0,95.0,97.0,98.0,,1.0,
ND,2018,1,36,2017-09-10,,,0.0,0.0,0.0,0.0,0.0,0.0,,11.0,
ND,2018,2,37,2017-09-17,,,0.0,2.0,0.0,0.0,0.0,0.0,,33.0,
ND,2018,3,38,2017-09-24,,,0.0,12.0,0.0,0.0,0.0,0.0,,52.0,
ND,2018,4,39,2017-10-01,,,0.0,32.0,0.0,0.0,0.0,0.0,,72.0,
ND,2018,5,40,2017-10-08,,,0.0,56.0,0.0,0.0,0.0,0.0,,80.0,
ND,2018,6,41,2017-10-15,,,0.0,68.0,0.0,0.0,0.0,0.0,,86.0,
ND,2018,7,42,2017-10-22,,,0.0,78.0,0.0,0.0,0.0,0.0,,91.0,
ND,2018,8,43,2017-10-29,,,0.0,87.0,0.0,0.0,0.0,0.0,,94.0,
ND,2018,9,44,2017-11-05,,,0.0,92.0,0.0,0.0,0.0,0.0,,96.0,
ND,2018,10,45,2017-11-12,,,0.0,94.0,0.0,0.0,0.0,0.0,,100.0,
ND,2018,11,46,2017-11-19,,,0.0,96.0,0.0,0.0,0.0,0.0,,100.0,
ND,2018,31,14,2018-04-08,,,0.0,96.0,0.0,0.0,0.0,0.0,,100.0,
ND,2018,32,15,2018-04-15,,,0.0,96.0,0.0,0.0,0.0,0.0,,100.0,
ND,2018,33,16,2018-04-22,,,0.0,96.0,0.0,0.0,1.0,0.0,,100.0,
ND,2018,34,17,2018-04-29,,,0.0,96.0,0.0,0.0,1.0,0.0,,100.0,
ND,2018,35,18,2018-05-06,,,0.0,96.0,0.0,0.0,3.0,0.0,,100.0,
ND,2018,36,19,2018-05-13,,,0.0,96.0,0.0,0.0,11.0,0.0,,100.0,
ND,2018,37,20,2018-05-20,,,0.0,96.0,0.0,0.0,28.0,0.0,,100.0,
ND,2018,38,21,2018-05-27,,,0.0,96.0,0.0,0.0,51.0,0.0,,100.0,
ND,2018,39,22,2018-06-03,,,0.0,96.0,0.0,2.0,65.0,0.0,,100.0,
ND,2018,40,23,2018-06-10,,,0.0,96.0,0.0,23.0,87.0,0.0,,100.0,
ND,2018,41,24,2018-06-17,,,0.0,96.0,0.0,42.0,93.0,0.0,,100.0,
ND,2018,42,25,2018-06-24,,,1.0,96.0,0.0,69.0,97.0,0.0,,100.0,
ND,2018,43,26,2018-07-01,,,12.0,96.0,0.0,90.0,97.0,1.0,,100.0,
ND,2018,44,27,2018-07-08,,,46.0,96.0,0.0,97.0,97.0,6.0,,100.0,
ND,2018,45,28,2018-07-15,,,74.0,96.0,0.0,97.0,97.0,20.0,,100.0,
ND,2018,46,29,2018-07-22,,,92.0,96.0,3.0,97.0,97.0,46.0,,100.0,
ND,2018,47,30,2018-07-29,,,95.0,96.0,11.0,97.0,97.0,62.0,,100.0,
ND,2018,48,31,2018-08-05,,,95.0,96.0,40.0,97.0,97.0,89.0,,100.0,
ND,2018,49,32,2018-08-12,,,95.0,96.0,73.0,97.0,97.0,96.0,,100.0,
ND,2018,50,33,2018-08-19,,,95.0,96.0,91.0,97.0,97.0,96.0,,100.0,
ND,2018,51,34,2018-08-26,,,95.0,96.0,95.0,97.0,97.0,96.0,,100.0,
ND,2018,52,35,2018-09-02,,,95.0,96.0,95.0,97.0,97.0,96.0,,2.0,
ND,2019,1,36,2018-09-09,,,0.0,0.0,0.0,0.0,0.0,0.0,,22.0,
ND,2019,2,37,2018-09-16,,,0.0,2.0,0.0,0.0,0.0,0.0,,37.0,
ND,2019,3,38,2018-09-23,,,0.0,11.0,0.0,0.0,0.0,0.0,,54.0,
ND,2019,4,39,2018-09-30,,,0.0,40.0,0.0,0.0,0.0,0.0,,76.0,
ND,2019,5,40,2018-10-07,,,0.0,53.0,0.0,0.0,0.0,0.0,,84.0,
ND,2019,6,41,2018-10-14,,,0.0,59.0,0.0,0.0,0.0,0.0,,87.0,
ND,2019,7,42,2018-10-21,,,0.0,75.0,0.0,0.0,0.0,0.0,,90.0,
ND,2019,8,43,2018-10-28,,,0.0,86.0,0.0,0.0,0.0,0.0,,96.0,
ND,2019,9,44,2018-11-04,,,0.0,92.0,0.0,0.0,0.0,0.0,,96.0,
ND,2019,10,45,2018-11-11,,,0.0,94.0,0.0,0.0,0.0,0.0,,96.0,
ND,2019,11,46,2018-11-18,,,0.0,96.0,0.0,0.0,0.0,0.0,,96.0,
ND,2019,34,17,2019-04-28,,,0.0,96.0,0.0,0.0,2.0,0.0,,96.0,
ND,2019,35,18,2019-05-05,,,0.0,96.0,0.0,0.0,7.0,0.0,,96.0,
ND,2019,36,19,2019-05-12,,,0.0,96.0,0.0,0.0,11.0,0.0,,96.0,
ND,2019,37,20,2019-05-19,,,0.0,96.0,0.0,0.0,21.0,0.0,,96.0,
ND,2019,38,21,2019-05-26,,,0.0,96.0,0.0,0.0,41.0,0.0,,96.0,
ND,2019,39,22,2019-06-02,,,0.0,96.0,0.0,1.0,64.0,0.0,,96.0,
ND,2019,40,23,2019-06-09,,,0.0,96.0,0.0,19.0,78.0,0.0,,96.0,
ND,2019,41,24,2019-06-16,,,0.0,96.0,0.0,29.0,86.0,0.0,,96.0,
ND,2019,42,25,2019-06-23,,,0.0,96.0,0.0,52.0,93.0,0.0,,96.0,
ND,2019,43,26,2019-06-30,,,2.0,96.0,0.0,73.0,97.0,0.0,,96.0,
ND,2019,44,27,2019-07-07,,,11.0,96.0,0.0,92.0,97.0,0.0,,96.0,
ND,2019,45,28,2019-07-14,,,29.0,96.0,0.0,95.0,97.0,3.0,,96.0,
ND,2019,46,29,2019-07-21,,,66.0,96.0,0.0,96.0,97.0,15.0,,96.0,
ND,2019,47,30,2019-07-28,,,86.0,96.0,1.0,96.0,97.0,40.0,,96.0,
ND,2019,48,31,2019-08-04,,,95.0,96.0,10.0,96.0,97.0,67.0,,96.0,
ND,2019,49,32,2019-08-11,,,95.0,96.0,34.0,96.0,97.0,87.0,,96.0,
ND,2019,50,33,2019-08-18,,,95.0,96.0,57.0,96.0,97.0,95.0,,96.0,
ND,2019,51,34,2019-08-25,,,95.0,96.0,77.0,96.0,97.0,95.0,,96.0,
ND,2019,52,35,2019-09-01,,,95.0,96.0,88.0,96.0,97.0,95.0,,96.0,
ND,2020,1,36,2019-09-08,,,0.0,0.0,91.0,0.0,0.0,0.0,,0.0,
ND,2020,2,37,2019-09-15,,,0.0,0.0,95.0,0.0,0.0,0.0,,8.0,
ND,2020,3,38,2019-09-22,,,0.0,6.0,95.0,0.0,0.0,0.0,,31.0,
ND,2020,4,39,2019-09-29,,,0.0,13.0,95.0,0.0,0.0,0.0,,47.0,
ND,2020,5,40,2019-10-06,,,0.0,36.0,95.0,0.0,0.0,0.0,,59.0,
ND,2020,6,41,2019-10-13,,,0.0,43.0,95.0,0.0,0.0,0.0,,64.0,
ND,2020,7,42,2019-10-20,,,0.0,74.0,95.0,0.0,0.0,0.0,,95.0,
ND,2020,8,43,2019-10-27,,,0.0,79.0,95.0,0.0,0.0,0.0,,95.0,
ND,2020,9,44,2019-11-03,,,0.0,87.0,95.0,0.0,0.0,0.0,,95.0,
ND,2020,10,45,2019-11-10,,,0.0,95.0,95.0,0.0,0.0,0.0,,95.0,
ND,2020,33,16,2020-04-19,,,0.0,95.0,95.0,0.0,3.0,0.0,,95.0,
ND,2020,34,17,2020-04-26,,,0.0,95.0,95.0,0.0,9.0,0.0,,95.0,
ND,2020,35,18,2020-05-03,,,0.0,95.0,95.0,0.0,13.0,0.0,,95.0,
ND,2020,36,19,2020-05-10,,,0.0,95.0,95.0,0.0,14.0,0.0,,95.0,
ND,2020,37,20,2020-05-17,,,0.0,95.0,95.0,0.0,30.0,0.0,,95.0,
ND,2020,38,21,2020-05-24,,,0.0,95.0,95.0,0.0,53.0,0.0,,95.0,
ND,2020,39,22,2020-05-31,,,0.0,95.0,95.0,2.0,69.0,0.0,,95.0,
ND,2020,40,23,2020-06-07,,,0.0,95.0,95.0,14.0,78.0,0.0,,95.0,
ND,2020,41,24,2020-06-14,,,0.0,95.0,95.0,29.0,88.0,0.0,,95.0,
ND,2020,42,25,2020-06-21,,,1.0,95.0,95.0,67.0,96.0,0.0,,95.0,
ND,2020,43,26,2020-06-28,,,8.0,95.0,95.0,87.0,96.0,0.0,,95.0,
ND,2020,44,27,2020-07-05,,,21.0,95.0,95.0,95.0,96.0,2.0,,95.0,
ND,2020,45,28,2020-07-12,,,45.0,95.0,95.0,95.0,96.0,4.0,,95.0,
ND,2020,46,29,2020-07-19,,,80.0,95.0,0.0,95.0,96.0,34.0,,95.0,
ND,2020,47,30,2020-07-26,,,90.0,95.0,6.0,95.0,96.0,57.0,,95.0,
ND,2020,48,31,2020-08-02,,,96.0,95.0,28.0,95.0,96.0,74.0,,95.0,
ND,2020,49,32,2020-08-09,,,96.0,95.0,52.0,95.0,96.0,87.0,,95.0,
ND,2020,50,33,2020-08-16,,,96.0,95.0,69.0,95.0,96.0,94.0,,95.0,
ND,2020,51,34,2020-08-23,,,96.0,95.0,84.0,95.0,96.0,96.0,,95.0,
ND,2020,52,35,2020-08-30,,,96.0,95.0,92.0,95.0,96.0,96.0,,95.0,
ND,2021,1,36,2020-09-06,,,0.0,0.0,95.0,0.0,0.0,0.0,,0.0,
ND,2021,2,37,2020-09-13,,,0.0,0.0,95.0,0.0,0.0,0.0,,15.0,
ND,2021,3,38,2020-09-20,,,0.0,7.0,95.0,0.0,0.0,0.0,,47.0,
ND,2021,4,39,2020-09-27,,,0.0,22.0,95.0,0.0,0.0,0.0,,75.0,
ND,2021,5,40,2020-10-04,,,0.0,58.0,95.0,0.0,0.0,0.0,,85.0,
ND,2021,6,41,2020-10-11,,,0.0,67.0,95.0,0.0,0.0,0.0,,91.0,
ND,2021,7,42,2020-10-18,,,0.0,83.0,95.0,0.0,0.0,0.0,,95.0,
ND,2021,8,43,2020-10-25,,,0.0,91.0,95.0,0.0,0.0,0.0,,100.0,
ND,2021,9,44,2020-11-01,,,0.0,94.0,95.0,0.0,0.0,0.0,,100.0,
ND,2021,10,45,2020-11-08,,,0.0,97.0,95.0,0.0,0.0,0.0,,100.0,
ND,2021,30,13,2021-04-04,,,0.0,97.0,95.0,0.0,0.0,0.0,,100.0,
ND,2021,31,14,2021-04-11,,,0.0,97.0,95.0,0.0,5.0,0.0,,100.0,
ND,2021,32,15,2021-04-18,,,0.0,97.0,95.0,0.0,10.0,0.0,,100.0,
ND,2021,33,16,2021-04-25,,,0.0,97.0,95.0,0.0,16.0,0.0,,100.0,
ND,2021,34,17,2021-05-02,,,0.0,97.0,95.0,0.0,21.0,0.0,,100.0,
ND,2021,35,18,2021-05-09,,,0.0,97.0,95.0,0.0,31.0,0.0,,100.0,
ND,2021,36,19,2021-05-16,,,0.0,97.0,95.0,1.0,57.0,0.0,,100.0,
ND,2021,37,20,2021-05-23,,,0.0,97.0,95.0,2.0,67.0,0.0,,100.0,
ND,2021,38,21,2021-05-30,,,0.0,97.0,95.0,10.0,80.0,0.0,,100.0,
ND,2021,39,22,2021-06-06,,,0.0,97.0,95.0,14.0,85.0,0.0,,100.0,
ND,2021,40,23,2021-06-13,,,0.0,97.0,95.0,29.0,87.0,0.0,,100.0,
ND,2021,41,24,2021-06-20,,,0.0,97.0,95.0,55.0,90.0,0.0,,100.0,
ND,2021,42,25,2021-06-27,,,7.0,97.0,95.0,73.0,93.0,2.0,,100.0,
ND,2021,43,26,2021-07-04,,,31.0,97.0,95.0,83.0,96.0,3.0,,100.0,
ND,2021,44,27,2021-07-11,,,61.0,97.0,5.0,89.0,96.0,27.0,,100.0,
ND,2021,45,28,2021-07-18,,,74.0,97.0,6.0,95.0,96.0,44.0,,100.0,
ND,2021,46,29,2021-07-25,,,88.0,97.0,13.0,95.0,96.0,62.0,,100.0,
ND,2021,47,30,2021-08-01,,,95.0,97.0,32.0,95.0,96.0,79.0,,100.0,
ND,2021,48,31,2021-08-08,,,95.0,97.0,66.0,95.0,96.0,95.0,,100.0,
ND,2021,49,32,2021-08-15,,,95.0,97.0,86.0,95.0,96.0,95.0,,100.0,
ND,2021,50,33,2021-08-22,,,95.0,97.0,94.0,95.0,96.0,95.0,,100.0,
ND,2021,51,34,2021-08-29,,,95.0,97.0,97.0,95.0,96.0,95.0,,100.0,
ND,2021,52,35,2021-09-05,,,95.0,97.0,100.0,95.0,96.0,95.0,,6.0,
ND,2022,1,36,2021-09-12,,,0.0,0.0,0.0,0.0,0.0,0.0,,24.0,
ND,2022,2,37,2021-09-19,,,0.0,1.0,0.0,0.0,0.0,0.0,,39.0,
ND,2022,3,38,2021-09-26,,,0.0,10.0,0.0,0.0,0.0,0.0,,66.0,
ND,2022,4,39,2021-10-03,,,0.0,44.0,0.0,0.0,0.0,0.0,,84.0,
ND,2022,5,40,2021-10-10,,,0.0,66.0,0.0,0.0,0.0,0.0,,93.0,
ND,2022,6,41,2021-10-17,,,0.0,82.0,0.0,0.0,0.0,0.0,,97.0,
ND,2022,7,42,2021-10-24,,,0.0,90.0,0.0,0.0,0.0,0.0,,100.0,
ND,2022,8,43,2021-10-31,,,0.0,94.0,0.0,0.0,0.0,0.0,,100.0,
ND,2022,9,44,2021-11-07,,,0.0,96.0,0.0,0.0,0.0,0.0,,100.0,
ND,2022,10,45,2021-11-14,,,0.0,98.0,0.0,0.0,0.0,0.0,,100.0,
ND,2022,11,46,2021-11-21,,,0.0,100.0,0.0,0.0,0.0,0.0,,100.0,
ND,2022,12,47,2021-11-28,,,0.0,100.0,0.0,0.0,0.0,0.0,,100.0,
ND,2022,30,13,2022-04-03,,,0.0,100.0,0.0,0.0,2.0,0.0,,100.0,
ND,2022,31,14,2022-04-10,,,0.0,100.0,0.0,0.0,9.0,0.0,,100.0,
ND,2022,32,15,2022-04-17,,,0.0,100.0,0.0,0.0,12.0,0.0,,100.0,
ND,2022,33,16,2022-04-24,,,0.0,100.0,0.0,0.0,14.0,0.0,,100.0,
ND,2022,34,17,2022-05-01,,,0.0,100.0,0.0,0.0,20.0,0.0,,100.0,
ND,2022,35,18,2022-05-08,,,0.0,100.0,0.0,0.0,30.0,0.0,,100.0,
ND,2022,36,19,2022-05-15,,,0.0,100.0,0.0,0.0,43.0,0.0,,100.0,
ND,2022,37,20,2022-05-22,,,0.0,100.0,0.0,0.0,51.0,0.0,,100.0,
ND,2022,38,21,2022-05-29,,,0.0,100.0,0.0,0.0,75.0,0.0,,100.0,
ND,2022,39,22,2022-06-05,,,0.0,100.0,0.0,8.0,79.0,0.0,,100.0,
ND,2022,40,23,2022-06-12,,,0.0,100.0,0.0,20.0,85.0,0.0,,100.0,
ND,2022,41,24,2022-06-19,,,0.0,100.0,0.0,43.0,87.0,0.0,,100.0,
ND,2022,42,25,2022-06-26,,,0.0,100.0,0.0,54.0,95.0,0.0,,100.0,
ND,2022,43,26,2022-07-03,,,11.0,100.0,0.0,86.0,95.0,0.0,,100.0,
ND,2022,44,27,2022-07-10,,,28.0,100.0,1.0,93.0,95.0,8.0,,100.0,
ND,2022,45,28,2022-07-17,,,49.0,100.0,2.0,98.0,95.0,17.0,,100.0,
ND,2022,46,29,2022-07-24,,,73.0,100.0,6.0,98.0,95.0,37.0,,100.0,
ND,2022,47,30,2022-07-31,,,90.0,100.0,18.0,98.0,95.0,49.0,,100.0,
ND,2022,48,31,2022-08-07,,,98.0,100.0,36.0,98.0,95.0,75.0,,100.0,
ND,2022,49,32,2022-08-14,,,98.0,100.0,66.0,98.0,95.0,96.0,,100.0,
ND,2022,50,33,2022-08-21,,,98.0,100.0,89.0,98.0,95.0,96.0,,100.0,
ND,2022,51,34,2022-08-28,,,98.0,100.0,98.0,98.0,95.0,96.0,,100.0,
ND,2022,52,35,2022-09-04,,,98.0,100.0,98.0,98.0,95.0,96.0,,7.0,
ND,2023,1,36,2022-09-11,,,0.0,0.0,0.0,0.0,0.0,0.0,,21.0,
ND,2023,2,37,2022-09-18,,,0.0,8.0,0.0,0.0,0.0,0.0,,42.0,
ND,2023,3,38,2022-09-25,,,0.0,13.0,0.0,0.0,0.0,0.0,,60.0,
ND,2023,4,39,2022-10-02,,,0.0,29.0,0.0,0.0,0.0,0.0,,78.0,
ND,2023,5,40,2022-10-09,,,0.0,52.0,0.0,0.0,0.0,0.0,,90.0,
ND,2023,6,41,2022-10-16,,,0.0,75.0,0.0,0.0,0.0,0.0,,95.0,
ND,2023,7,42,2022-10-23,,,0.0,88.0,0.0,0.0,0.0,0.0,,95.0,
ND,2023,8,43,2022-10-30,,,0.0,91.0,0.0,0.0,0.0,0.0,,95.0,
ND,2023,9,44,2022-11-06,,,0.0,95.0,0.0,0.0,0.0,0.0,,95.0,
ND,2023,10,45,2022-11-13,,,0.0,97.0,0.0,0.0,0.0,0.0,,95.0,
ND,2023,11,46,2022-11-20,,,0.0,100.0,0.0,0.0,0.0,0.0,,95.0,
ND,2023,12,47,2022-11-27,,,0.0,100.0,0.0,0.0,0.0,0.0,,95.0,
ND,2023,30,13,2023-04-02,,,0.0,100.0,0.0,0.0,3.0,0.0,,95.0,
ND,2023,31,14,2023-04-09,,,0.0,100.0,0.0,0.0,4.0,0.0,,95.0,
ND,2023,32,15,2023-04-16,,,0.0,100.0,0.0,0.0,4.0,0.0,,95.0,
ND,2023,33,16,2023-04-23,,,0.0,100.0,0.0,0.0,5.0,0.0,,95.0,
ND,2023,34,17,2023-04-30,,,0.0,100.0,0.0,0.0,6.0,0.0,,95.0,
ND,2023,35,18,2023-05-07,,,0.0,100.0,0.0,0.0,7.0,0.0,,95.0,
ND,2023,36,19,2023-05-14,,,0.0,100.0,0.0,0.0,9.0,0.0,,95.0,
ND,2023,37,20,2023-05-21,,,0.0,100.0,0.0,0.0,20.0,0.0,,95.0,
ND,2023,38,21,2023-05-28,,,0.0,100.0,0.0,1.0,45.0,0.0,,95.0,
ND,2023,39,22,2023-06-04,,,0.0,100.0,0.0,6.0,65.0,0.0,,95.0,
ND,2023,40,23,2023-06-11,,,0.0,100.0,0.0,24.0,87.0,0.0,,95.0,
ND,2023,41,24,2023-06-18,,,3.0,100.0,0.0,42.0,92.0,0.0,,95.0,
ND,2023,42,25,2023-06-25,,,11.0,100.0,0.0,68.0,97.0,0.0,,95.0,
ND,2023,43,26,2023-07-02,,,30.0,100.0,0.0,87.0,97.0,4.0,,95.0,
ND,2023,44,27,2023-07-09,,,45.0,100.0,0.0,92.0,97.0,8.0,,95.0,
ND,2023,45,28,2023-07-16,,,61.0,100.0,0.0,97.0,97.0,20.0,,95.0,
ND,2023,46,29,2023-07-23,,,75.0,100.0,3.0,97.0,97.0,38.0,,95.0,
ND,2023,47,30,2023-07-30,,,88.0,100.0,8.0,97.0,97.0,56.0,,95.0,
ND,2023,48,31,2023-08-06,,,98.0,100.0,23.0,97.0,97.0,73.0,,95.0,
ND,2023,49,32,2023-08-13,,,98.0,100.0,55.0,97.0,97.0,93.0,,95.0,
ND,2023,50,33,2023-08-20,,,98.0,100.0,74.0,97.0,97.0,99.0,,95.0,
ND,2023,51,34,2023-08-27,,,98.0,100.0,89.0,97.0,97.0,99.0,,95.0,
ND,2023,52,35,2023-09-03,,,98.0,100.0,93.0,97.0,97.0,99.0,,0.0,
ND,2024,1,36,2023-09-10,,,0.0,0.0,98.0,0.0,0.0,0.0,,12.0,
ND,2024,2,37,2023-09-17,,,0.0,0.0,98.0,0.0,0.0,0.0,,23.0,
ND,2024,3,38,2023-09-24,,,0.0,12.0,98.0,0.0,0.0,0.0,,36.0,
ND,2024,4,39,2023-10-01,,,0.0,36.0,98.0,0.0,0.0,0.0,,65.0,
ND,2024,5,40,2023-10-08,,,0.0,65.0,98.0,0.0,0.0,0.0,,84.0,
ND,2024,6,41,2023-10-15,,,0.0,70.0,98.0,0.0,0.0,0.0,,90.0,
ND,2024,7,42,2023-10-22,,,0.0,74.0,98.0,0.0,0.0,0.0,,92.0,
ND,2024,8,43,2023-10-29,,,0.0,88.0,98.0,0.0,0.0,0.0,,99.0,
ND,2024,9,44,2023-11-05,,,0.0,95.0,98.0,0.0,0.0,0.0,,100.0,
ND,2024,10,45,2023-11-12,,,0.0,97.0,98.0,0.0,0.0,0.0,,100.0,
ND,2024,11,46,2023-11-19,,,0.0,98.0,98.0,0.0,0.0,0.0,,100.0,
ND,2024,12,47,2023-11-26,,,0.0,100.0,98.0,0.0,0.0,0.0,,100.0,
ND,2024,17,52,2023-12-31,,,0.0,100.0,98.0,0.0,0.0,0.0,,100.0,
ND,2024,21,4,2024-01-28,,,0.0,100.0,98.0,0.0,0.0,0.0,,100.0,
ND,2024,30,13,2024-03-31,,,0.0,100.0,98.0,0.0,0.0,0.0,,100.0,
ND,2024,31,14,2024-04-07,,,0.0,100.0,98.0,0.0,0.0,0.0,,100.0,
ND,2024,32,15,2024-04-14,,,0.0,100.0,98.0,0.0,2.0,0.0,,100.0,
ND,2024,33,16,2024-04-21,,,0.0,100.0,98.0,0.0,3.0,0.0,,100.0,
ND,2024,34,17,2024-04-28,,,0.0,100.0,98.0,0.0,6.0,0.0,,100.0,
ND,2024,35,18,2024-05-05,,,0.0,100.0,98.0,0.0,12.0,0.0,,100.0,
ND,2024,36,19,2024-05-12,,,0.0,100.0,98.0,0.0,28.0,0.0,,100.0,
ND,2024,37,20,2024-05-19,,,0.0,100.0,98.0,0.0,34.0,0.0,,100.0,
ND,2024,38,21,2024-05-26,,,0.0,100.0,98.0,1.0,50.0,0.0,,100.0,
ND,2024,39,22,2024-06-02,,,0.0,100.0,98.0,8.0,65.0,0.0,,100.0,
ND,2024,40,23,2024-06-09,,,0.0,100.0,98.0,25.0,90.0,0.0,,100.0,
ND,2024,41,24,2024-06-16,,,0.0,100.0,98.0,35.0,96.0,0.0,,100.0,
ND,2024,42,25,2024-06-23,,,3.0,100.0,98.0,66.0,96.0,0.0,,100.0,
ND,2024,43,26,2024-06-30,,,15.0,100.0,98.0,81.0,96.0,0.0,,100.0,
ND,2024,44,27,2024-07-07,,,38.0,100.0,98.0,91.0,96.0,2.0,,100.0,
ND,2024,45,28,2024-07-14,,,62.0,100.0,98.0,95.0,96.0,9.0,,100.0,
ND,2024,46,29,2024-07-21,,,83.0,100.0,1.0,95.0,96.0,25.0,,100.0,
ND,2024,47,30,2024-07-28,,,96.0,100.0,6.0,95.0,96.0,55.0,,100.0,
ND,2024,48,31,2024-08-04,,,98.0,100.0,23.0,100.0,96.0,71.0,,100.0,
ND,2024,49,32,2024-08-11,,,98.0,100.0,56.0,100.0,96.0,88.0,,100.0,
ND,2024,50,33,2024-08-18,,,98.0,100.0,76.0,100.0,96.0,96.0,,100.0,
ND,2024,51,34,2024-08-25,,,98.0,100.0,88.0,100.0,96.0,99.0,,100.0,
ND,2024,52,35,2024-09-01,,,98.0,100.0,96.0,100.0,96.0,100.0,,1.0,
ND,2025,1,36,2024-09-08,,,0.0,0.0,0.0,0.0,0.0,0.0,,21.0,
ND,2025,2,37,2024-09-15,,,0.0,4.0,0.0,0.0,0.0,0.0,,39.0,
ND,2025,3,38,2024-09-22,,,0.0,17.0,0.0,0.0,0.0,0.0,,52.0,
ND,2025,4,39,2024-09-29,,,0.0,42.0,0.0,0.0,0.0,0.0,,69.0,
ND,2025,5,40,2024-10-06,,,0.0,60.0,0.0,0.0,0.0,0.0,,79.0,
ND,2025,6,41,2024-10-13,,,0.0,72.0,0.0,0.0,0.0,0.0,,88.0,
ND,2025,7,42,2024-10-20,,,0.0,83.0,0.0,0.0,0.0,0.0,,94.0,
ND,2025,8,43,2024-10-27,,,0.0,87.0,0.0,0.0,0.0,0.0,,97.0,
ND,2025,9,44,2024-11-03,,,0.0,92.0,0.0,0.0,0.0,0.0,,97.0,
ND,2025,10,45,2024-11-10,,,0.0,95.0,0.0,0.0,0.0,0.0,,97.0,
ND,2025,31,14,2025-04-06,,,0.0,95.0,0.0,0.0,0.0,0.0,,97.0,
ND,2025,32,15,2025-04-13,,,0.0,95.0,0.0,0.0,0.0,0.0,,97.0,
ND,2025,33,16,2025-04-20,,,0.0,95.0,0.0,0.0,1.0,0.0,,97.0,
ND,2025,34,17,2025-04-27,,,0.0,95.0,0.0,0.0,2.0,0.0,,97.0,
ND,2025,35,18,2025-05-04,,,0.0,95.0,0.0,0.0,5.0,0.0,,97.0,
ND,2025,36,19,2025-05-11,,,0.0,95.0,0.0,0.0,11.0,0.0,,97.0,
ND,2025,37,20,2025-05-18,,,0.0,95.0,0.0,1.0,41.0,0.0,,97.0,
ND,2025,38,21,2025-05-25,,,0.0,95.0,0.0,2.0,48.0,0.0,,97.0,
ND,2025,39,22,2025-06-01,,,0.0,95.0,0.0,4.0,62.0,0.0,,97.0,
ND,2025,40,23,2025-06-08,,,0.0,95.0,0.0,6.0,69.0,0.0,,97.0,
ND,2025,41,24,2025-06-15,,,0.0,95.0,0.0,20.0,82.0,0.0,,97.0,
ND,2025,42,25,2025-06-22,,,1.0,95.0,0.0,52.0,86.0,0.0,,97.0,
ND,2025,43,26,2025-06-29,,,12.0,95.0,0.0,71.0,94.0,0.0,,97.0,
ND,2025,44,27,2025-07-06,,,26.0,95.0,0.0,82.0,97.0,2.0,,97.0,
ND,2025,45,28,2025-07-13,,,31.0,95.0,1.0,89.0,97.0,3.0,,97.0,
ND,2025,46,29,2025-07-20,,,63.0,95.0,1.0,92.0,97.0,14.0,,97.0,
ND,2025,47,30,2025-07-27,,,79.0,95.0,2.0,96.0,97.0,46.0,,97.0,
ND,2025,48,31,2025-08-03,,,85.0,95.0,5.0,96.0,97.0,63.0,,97.0,
ND,2025,49,32,2025-08-10,,,90.0,95.0,23.0,96.0,97.0,79.0,,97.0,
ND,2025,50,33,2025-08-17,,,96.0,95.0,56.0,96.0,97.0,89.0,,97.0,
ND,2025,51,34,2025-08-24,,,96.0,95.0,71.0,96.0,97.0,91.0,,97.0,
ND,2025,52,35,2025-08-31,,,96.0,95.0,80.0,96.0,97.0,93.0,,97.0,
ND,2026,1,36,2025-09-07,,,0.0,0.0,85.0,0.0,0.0,95.0,,0.0,
ND,2026,2,37,2025-09-14,,,0.0,0.0,90.0,0.0,0.0,95.0,,0.0,
ND,2026,3,38,2025-09-21,,,0.0,0.0,96.0,0.0,0.0,95.0,,0.0,
ND,2026,11,46,2025-11-16,,,0.0,64.0,96.0,0.0,0.0,95.0,,95.0,
ND,2026,12,47,2025-11-23,,,0.0,72.0,96.0,0.0,0.0,95.0,,98.0,
NE,2016,1,36,2015-09-06,,,0.0,0.0,0.0,0.0,0.0,0.0,,2.0,
NE,2016,2,37,2015-09-13,,,0.0,0.0,0.0,0.0,0.0,0.0,,18.0,
NE,2016,3,38,2015-09-20,,,0.0,0.0,0.0,0.0,0.0,0.0,,49.0,
NE,2016,4,39,2015-09-27,,,0.0,25.0,0.0,0.0,0.0,0.0,,69.0,
NE,2016,5,40,2015-10-04,,,0.0,48.0,0.0,0.0,0.0,0.0,,84.0,
NE,2016,6,41,2015-10-11,,,0.0,70.0,0.0,0.0,0.0,0.0,,93.0,
NE,2016,7,42,2015-10-18,,,0.0,83.0,0.0,0.0,0.0,0.0,,97.0,
NE,2016,8,43,2015-10-25,,,0.0,92.0,0.0,0.0,0.0,0.0,,99.0,
NE,2016,9,44,2015-11-01,,,0.0,97.0,0.0,0.0,0.0,0.0,,100.0,
NE,2016,10,45,2015-11-08,,,0.0,98.0,0.0,0.0,0.0,0.0,,100.0,
NE,2016,11,46,2015-11-15,,,0.0,100.0,0.0,0.0,0.0,0.0,,100.0,
NE,2016,12,47,2015-11-22,,,0.0,100.0,0.0,0.0,0.0,0.0,,100.0,
NE,2016,13,48,2015-11-29,,,0.0,100.0,0.0,0.0,0.0,0.0,,100.0,
NE,2016,31,14,2016-04-10,,,0.0,100.0,0.0,0.0,10.0,0.0,,100.0,
NE,2016,32,15,2016-04-17,,,0.0,100.0,0.0,0.0,18.0,0.0,,100.0,
NE,2016,33,16,2016-04-24,,,0.0,100.0,0.0,0.0,56.0,0.0,,100.0,
NE,2016,34,17,2016-05-01,,,0.0,100.0,0.0,1.0,71.0,0.0,,100.0,
NE,2016,35,18,2016-05-08,,,0.0,100.0,0.0,10.0,81.0,0.0,,100.0,
NE,2016,36,19,2016-05-15,,,0.0,100.0,0.0,34.0,91.0,0.0,,100.0,
NE,2016,37,20,2016-05-22,,,0.0,100.0,0.0,43.0,94.0,0.0,,100.0,
NE,2016,38,21,2016-05-29,,,1.0,100.0,0.0,72.0,98.0,0.0,,100.0,
NE,2016,39,22,2016-06-05,,,10.0,100.0,0.0,86.0,98.0,0.0,,100.0,
NE,2016,40,23,2016-06-12,,,37.0,100.0,0.0,89.0,98.0,0.0,,100.0,
NE,2016,41,24,2016-06-19,,,62.0,100.0,0.0,99.0,98.0,0.0,,100.0,
NE,2016,42,25,2016-06-26,,,90.0,100.0,4.0,99.0,98.0,47.0,,100.0,
NE,2016,43,26,2016-07-03,,,94.0,100.0,20.0,99.0,98.0,70.0,,100.0,
NE,2016,44,27,2016-07-10,,,99.0,100.0,38.0,99.0,98.0,70.0,,100.0,
NE,2016,45,28,2016-07-17,,,99.0,100.0,75.0,99.0,98.0,98.0,,100.0,
NE,2016,46,29,2016-07-24,,,99.0,100.0,92.0,99.0,98.0,98.0,,100.0,
NE,2016,47,30,2016-07-31,,,99.0,100.0,97.0,99.0,98.0,98.0,,100.0,
NE,2016,48,31,2016-08-07,,,99.0,100.0,100.0,99.0,98.0,98.0,,100.0,
NE,2016,49,32,2016-08-14,,,99.0,100.0,100.0,99.0,98.0,98.0,,100.0,
NE,2016,51,34,2016-08-28,,,99.0,100.0,100.0,99.0,98.0,98.0,,1.0,
NE,2016,52,35,2016-09-04,,,99.0,100.0,100.0,99.0,98.0,98.0,,5.0,
NE,2017,1,36,2016-09-11,,,0.0,0.0,0.0,0.0,0.0,0.0,,19.0,
NE,2017,2,37,2016-09-18,,,0.0,8.0,0.0,0.0,0.0,0.0,,45.0,
NE,2017,3,38,2016-09-25,,,0.0,42.0,0.0,0.0,0.0,0.0,,72.0,
NE,2017,4,39,2016-10-02,,,0.0,60.0,0.0,0.0,0.0,0.0,,85.0,
NE,2017,5,40,2016-10-09,,,0.0,77.0,0.0,0.0,0.0,0.0,,95.0,
NE,2017,6,41,2016-10-16,,,0.0,90.0,0.0,0.0,0.0,0.0,,99.0,
NE,2017,7,42,2016-10-23,,,0.0,93.0,0.0,0.0,0.0,0.0,,100.0,
NE,2017,8,43,2016-10-30,,,0.0,95.0,0.0,0.0,0.0,0.0,,100.0,
NE,2017,9,44,2016-11-06,,,0.0,97.0,0.0,0.0,0.0,0.0,,100.0,
NE,2017,10,45,2016-11-13,,,0.0,98.0,0.0,0.0,0.0,0.0,,100.0,
NE,2017,11,46,2016-11-20,,,0.0,99.0,0.0,0.0,0.0,0.0,,100.0,
NE,2017,12,47,2016-11-27,,,0.0,100.0,0.0,0.0,0.0,0.0,,100.0,
NE,2017,31,14,2017-04-09,,,0.0,100.0,0.0,0.0,0.0,0.0,,100.0,
NE,2017,32,15,2017-04-16,,,0.0,100.0,0.0,0.0,7.0,0.0,,100.0,
NE,2017,33,16,2017-04-23,,,0.0,100.0,0.0,0.0,33.0,0.0,,100.0,
NE,2017,34,17,2017-04-30,,,0.0,100.0,0.0,0.0,55.0,0.0,,100.0,
NE,2017,35,18,2017-05-07,,,0.0,100.0,0.0,1.0,77.0,0.0,,100.0,
NE,2017,36,19,2017-05-14,,,0.0,100.0,0.0,32.0,94.0,0.0,,100.0,
NE,2017,37,20,2017-05-21,,,0.0,100.0,0.0,61.0,99.0,0.0,,100.0,
NE,2017,38,21,2017-05-28,,,0.0,100.0,0.0,86.0,99.0,0.0,,100.0,
NE,2017,39,22,2017-06-04,,,8.0,100.0,0.0,96.0,99.0,0.0,,100.0,
NE,2017,40,23,2017-06-11,,,30.0,100.0,0.0,99.0,99.0,0.0,,100.0,
NE,2017,41,24,2017-06-18,,,76.0,100.0,0.0,100.0,99.0,4.0,,100.0,
NE,2017,42,25,2017-06-25,,,92.0,100.0,1.0,100.0,99.0,27.0,,100.0,
NE,2017,43,26,2017-07-02,,,99.0,100.0,17.0,100.0,99.0,60.0,,100.0,
NE,2017,44,27,2017-07-09,,,99.0,100.0,52.0,100.0,99.0,85.0,,100.0,
NE,2017,45,28,2017-07-16,,,99.0,100.0,83.0,100.0,99.0,98.0,,100.0,
NE,2017,46,29,2017-07-23,,,99.0,100.0,93.0,100.0,99.0,98.0,,100.0,
NE,2017,47,30,2017-07-30,,,99.0,100.0,99.0,100.0,99.0,98.0,,100.0,
NE,2017,48,31,2017-08-06,,,99.0,100.0,100.0,100.0,99.0,98.0,,100.0,
NE,2017,49,32,2017-08-13,,,99.0,100.0,100.0,100.0,99.0,98.0,,100.0,
NE,2017,52,35,2017-09-03,,,99.0,100.0,100.0,100.0,99.0,98.0,,1.0,
NE,2018,1,36,2017-09-10,,,,0.0,0.0,0.0,,,,7.0,
NE,2018,2,37,2017-09-17,,,,0.0,0.0,0.0,,,,23.0,
NE,2018,3,38,2017-09-24,,,,15.0,0.0,0.0,,,,47.0,
NE,2018,4,39,2017-10-01,,,,42.0,0.0,0.0,,,,70.0,
NE,2018,5,40,2017-10-08,,,,57.0,0.0,0.0,,,,77.0,
NE,2018,6,41,2017-10-15,,,,66.0,0.0,0.0,,,,86.0,
NE,2018,7,42,2017-10-22,,,,77.0,0.0,0.0,,,,94.0,
NE,2018,8,43,2017-10-29,,,,88.0,0.0,0.0,,,,98.0,
NE,2018,9,44,2017-11-05,,,,93.0,0.0,0.0,,,,100.0,
NE,2018,10,45,2017-11-12,,,,95.0,0.0,0.0,,,,100.0,
NE,2018,11,46,2017-11-19,,,,98.0,0.0,0.0,,,,100.0,
NE,2018,12,47,2017-11-26,,,,99.0,0.0,0.0,,,,100.0,
NE,2018,31,14,2018-04-08,,,,99.0,0.0,0.0,,,,100.0,
NE,2018,32,15,2018-04-15,,,,99.0,0.0,0.0,,,,100.0,
NE,2018,33,16,2018-04-22,,,,99.0,0.0,0.0,,,,100.0,
NE,2018,34,17,2018-04-29,,,,99.0,0.0,0.0,,,,100.0,
NE,2018,35,18,2018-05-06,,,,99.0,0.0,0.0,,,,100.0,
NE,2018,36,19,2018-05-13,,,,99.0,0.0,1.0,,,,100.0,
NE,2018,37,20,2018-05-20,,,,99.0,0.0,4.0,,,,100.0,
NE,2018,38,21,2018-05-27,,,,99.0,0.0,37.0,,,,100.0,
NE,2018,39,22,2018-06-03,,,,99.0,0.0,72.0,,,,100.0,
NE,2018,40,23,2018-06-10,,,,99.0,0.0,88.0,,,,100.0,
NE,2018,41,24,2018-06-17,,,,99.0,0.0,98.0,,,,100.0,
NE,2018,42,25,2018-06-24,,,,99.0,1.0,98.0,,,,100.0,
NE,2018,43,26,2018-07-01,,,,99.0,7.0,98.0,,,,100.0,
NE,2018,44,27,2018-07-08,,,,99.0,25.0,98.0,,,,100.0,
NE,2018,45,28,2018-07-15,,,,99.0,62.0,98.0,,,,100.0,
NE,2018,46,29,2018-07-22,,,,99.0,82.0,98.0,,,,100.0,
NE,2018,47,30,2018-07-29,,,,99.0,89.0,98.0,,,,100.0,
NE,2018,48,31,2018-08-05,,,,99.0,94.0,98.0,,,,100.0,
NE,2018,49,32,2018-08-12,,,,99.0,98.0,98.0,,,,100.0,
NE,2018,50,33,2018-08-19,,,,99.0,100.0,98.0,,,,100.0,
NE,2018,51,34,2018-08-26,,,,99.0,100.0,98.0,,,,0.0,
NE,2018,52,35,2018-09-02,,,,99.0,100.0,98.0,,,,1.0,
NE,2019,1,36,2018-09-09,,,,0.0,0.0,0.0,,,,4.0,
NE,2019,2,37,2018-09-16,,,,0.0,0.0,0.0,,,,22.0,
NE,2019,3,38,2018-09-23,,,,8.0,0.0,0.0,,,,53.0,
NE,2019,4,39,2018-09-30,,,,31.0,0.0,0.0,,,,72.0,
NE,2019,5,40,2018-10-07,,,,60.0,0.0,0.0,,,,87.0,
NE,2019,6,41,2018-10-14,,,,75.0,0.0,0.0,,,,89.0,
NE,2019,7,42,2018-10-21,,,,83.0,0.0,0.0,,,,92.0,
NE,2019,8,43,2018-10-28,,,,89.0,0.0,0.0,,,,96.0,
NE,2019,9,44,2018-11-04,,,,93.0,0.0,0.0,,,,100.0,
NE,2019,10,45,2018-11-11,,,,96.0,0.0,0.0,,,,100.0,
NE,2019,11,46,2018-11-18,,,,98.0,0.0,0.0,,,,100.0,
NE,2019,12,47,2018-11-25,,,,100.0,0.0,0.0,,,,100.0,
NE,2019,31,14,2019-04-07,,,,100.0,0.0,0.0,,,,100.0,
NE,2019,32,15,2019-04-14,,,,100.0,0.0,0.0,,,,100.0,
NE,2019,33,16,2019-04-21,,,,100.0,0.0,0.0,,,,100.0,
NE,2019,34,17,2019-04-28,,,,100.0,0.0,0.0,,,,100.0,
NE,2019,35,18,2019-05-05,,,,100.0,0.0,1.0,,,,100.0,
NE,2019,36,19,2019-05-12,,,,100.0,0.0,2.0,,,,100.0,
NE,2019,37,20,2019-05-19,,,,100.0,0.0,8.0,,,,100.0,
NE,2019,38,21,2019-05-26,,,,100.0,0.0,19.0,,,,100.0,
NE,2019,39,22,2019-06-02,,,,100.0,0.0,45.0,,,,100.0,
NE,2019,40,23,2019-06-09,,,,100.0,0.0,69.0,,,,100.0,
NE,2019,41,24,2019-06-16,,,,100.0,0.0,83.0,,,,100.0,
NE,2019,42,25,2019-06-23,,,,100.0,0.0,94.0,,,,100.0,
NE,2019,43,26,2019-06-30,,,,100.0,0.0,98.0,,,,100.0,
NE,2019,44,27,2019-07-07,,,,100.0,2.0,98.0,,,,100.0,
NE,2019,45,28,2019-07-14,,,,100.0,14.0,98.0,,,,100.0,
NE,2019,46,29,2019-07-21,,,,100.0,33.0,98.0,,,,100.0,
NE,2019,47,30,2019-07-28,,,,100.0,55.0,98.0,,,,100.0,
NE,2019,48,31,2019-08-04,,,,100.0,75.0,98.0,,,,100.0,
NE,2019,49,32,2019-08-11,,,,100.0,90.0,98.0,,,,100.0,
NE,2019,50,33,2019-08-18,,,,100.0,96.0,98.0,,,,100.0,
NE,2019,51,34,2019-08-25,,,,100.0,98.0,98.0,,,,100.0,
NE,2019,52,35,2019-09-01,,,,100.0,98.0,98.0,,,,0.0,
NE,2020,1,36,2019-09-08,,,,0.0,0.0,0.0,,,,4.0,
NE,2020,2,37,2019-09-15,,,,0.0,0.0,0.0,,,,19.0,
NE,2020,3,38,2019-09-22,,,,0.0,0.0,0.0,,,,51.0,
NE,2020,4,39,2019-09-29,,,,23.0,0.0,0.0,,,,71.0,
NE,2020,5,40,2019-10-06,,,,41.0,0.0,0.0,,,,88.0,
NE,2020,6,41,2019-10-13,,,,66.0,0.0,0.0,,,,95.0,
NE,2020,7,42,2019-10-20,,,,85.0,0.0,0.0,,,,98.0,
NE,2020,8,43,2019-10-27,,,,92.0,0.0,0.0,,,,100.0,
NE,2020,9,44,2019-11-03,,,,97.0,0.0,0.0,,,,100.0,
NE,2020,10,45,2019-11-10,,,,100.0,0.0,0.0,,,,100.0,
NE,2020,11,46,2019-11-17,,,,100.0,0.0,0.0,,,,100.0,
NE,2020,12,47,2019-11-24,,,,100.0,0.0,0.0,,,,100.0,
NE,2020,13,48,2019-12-01,,,,100.0,0.0,0.0,,,,100.0,
NE,2020,32,15,2020-04-12,,,,100.0,0.0,0.0,,,,100.0,
NE,2020,33,16,2020-04-19,,,,100.0,0.0,0.0,,,,100.0,
NE,2020,34,17,2020-04-26,,,,100.0,0.0,0.0,,,,100.0,
NE,2020,35,18,2020-05-03,,,,100.0,0.0,0.0,,,,100.0,
NE,2020,36,19,2020-05-10,,,,100.0,0.0,1.0,,,,100.0,
NE,2020,37,20,2020-05-17,,,,100.0,0.0,5.0,,,,100.0,
NE,2020,38,21,2020-05-24,,,,100.0,0.0,22.0,,,,100.0,
NE,2020,39,22,2020-05-31,,,,100.0,0.0,41.0,,,,100.0,
NE,2020,40,23,2020-06-07,,,,100.0,0.0,67.0,,,,100.0,
NE,2020,41,24,2020-06-14,,,,100.0,0.0,85.0,,,,100.0,
NE,2020,42,25,2020-06-21,,,,100.0,0.0,96.0,,,,100.0,
NE,2020,43,26,2020-06-28,,,,100.0,1.0,96.0,,,,100.0,
NE,2020,44,27,2020-07-05,,,,100.0,16.0,96.0,,,,100.0,
NE,2020,45,28,2020-07-12,,,,100.0,50.0,96.0,,,,100.0,
NE,2020,46,29,2020-07-19,,,,100.0,79.0,96.0,,,,100.0,
NE,2020,47,30,2020-07-26,,,,100.0,93.0,96.0,,,,100.0,
NE,2020,48,31,2020-08-02,,,,100.0,96.0,96.0,,,,100.0,
NE,2020,49,32,2020-08-09,,,,100.0,98.0,96.0,,,,100.0,
NE,2020,50,33,2020-08-16,,,,100.0,100.0,96.0,,,,100.0,
NE,2020,51,34,2020-08-23,,,,100.0,100.0,96.0,,,,100.0,
NE,2020,52,35,2020-08-30,,,,100.0,100.0,96.0,,,,100.0,
NE,2021,1,36,2020-09-06,,,,0.0,0.0,0.0,,,,2.0,
NE,2021,2,37,2020-09-13,,,,0.0,0.0,0.0,,,,9.0,
NE,2021,3,38,2020-09-20,,,,4.0,0.0,0.0,,,,40.0,
NE,2021,4,39,2020-09-27,,,,15.0,0.0,0.0,,,,60.0,
NE,2021,5,40,2020-10-04,,,,33.0,0.0,0.0,,,,80.0,
NE,2021,6,41,2020-10-11,,,,60.0,0.0,0.0,,,,89.0,
NE,2021,7,42,2020-10-18,,,,72.0,0.0,0.0,,,,94.0,
NE,2021,8,43,2020-10-25,,,,84.0,0.0,0.0,,,,98.0,
NE,2021,9,44,2020-11-01,,,,89.0,0.0,0.0,,,,100.0,
NE,2021,10,45,2020-11-08,,,,94.0,0.0,0.0,,,,100.0,
NE,2021,11,46,2020-11-15,,,,95.0,0.0,0.0,,,,100.0,
NE,2021,12,47,2020-11-22,,,,97.0,0.0,0.0,,,,100.0,
NE,2021,13,48,2020-11-29,,,,100.0,0.0,0.0,,,,100.0,
NE,2021,30,13,2021-04-04,,,,100.0,0.0,0.0,,,,100.0,
NE,2021,31,14,2021-04-11,,,,100.0,0.0,0.0,,,,100.0,
NE,2021,32,15,2021-04-18,,,,100.0,0.0,0.0,,,,100.0,
NE,2021,33,16,2021-04-25,,,,100.0,0.0,0.0,,,,100.0,
NE,2021,34,17,2021-05-02,,,,100.0,0.0,0.0,,,,100.0,
NE,2021,35,18,2021-05-09,,,,100.0,0.0,3.0,,,,100.0,
NE,2021,36,19,2021-05-16,,,,100.0,0.0,8.0,,,,100.0,
NE,2021,37,20,2021-05-23,,,,100.0,0.0,28.0,,,,100.0,
NE,2021,38,21,2021-05-30,,,,100.0,0.0,49.0,,,,100.0,
NE,2021,39,22,2021-06-06,,,,100.0,0.0,79.0,,,,100.0,
NE,2021,40,23,2021-06-13,,,,100.0,0.0,93.0,,,,100.0,
NE,2021,41,24,2021-06-20,,,,100.0,0.0,98.0,,,,100.0,
NE,2021,42,25,2021-06-27,,,,100.0,1.0,100.0,,,,100.0,
NE,2021,43,26,2021-07-04,,,,100.0,7.0,100.0,,,,100.0,
NE,2021,44,27,2021-07-11,,,,100.0,23.0,100.0,,,,100.0,
NE,2021,45,28,2021-07-18,,,,100.0,60.0,100.0,,,,100.0,
NE,2021,46,29,2021-07-25,,,,100.0,88.0,100.0,,,,100.0,
NE,2021,47,30,2021-08-01,,,,100.0,95.0,100.0,,,,100.0,
NE,2021,48,31,2021-08-08,,,,100.0,97.0,100.0,,,,100.0,
NE,2021,52,35,2021-09-05,,,,100.0,97.0,100.0,,,,1.0,
NE,2022,1,36,2021-09-12,,,,0.0,0.0,0.0,,,,17.0,
NE,2022,2,37,2021-09-19,,,,5.0,0.0,0.0,,,,35.0,
NE,2022,3,38,2021-09-26,,,,20.0,0.0,0.0,,,,61.0,
NE,2022,4,39,2021-10-03,,,,44.0,0.0,0.0,,,,82.0,
NE,2022,5,40,2021-10-10,,,,60.0,0.0,0.0,,,,88.0,
NE,2022,6,41,2021-10-17,,,,76.0,0.0,0.0,,,,93.0,
NE,2022,7,42,2021-10-24,,,,84.0,0.0,0.0,,,,97.0,
NE,2022,8,43,2021-10-31,,,,90.0,0.0,0.0,,,,99.0,
NE,2022,9,44,2021-11-07,,,,94.0,0.0,0.0,,,,100.0,
NE,2022,10,45,2021-11-14,,,,98.0,0.0,0.0,,,,100.0,
NE,2022,11,46,2021-11-21,,,,100.0,0.0,0.0,,,,100.0,
NE,2022,12,47,2021-11-28,,,,100.0,0.0,0.0,,,,100.0,
NE,2022,30,13,2022-04-03,,,,100.0,0.0,0.0,,,,100.0,
NE,2022,31,14,2022-04-10,,,,100.0,0.0,0.0,,,,100.0,
NE,2022,32,15,2022-04-17,,,,100.0,0.0,0.0,,,,100.0,
NE,2022,33,16,2022-04-24,,,,100.0,0.0,0.0,,,,100.0,
NE,2022,34,17,2022-05-01,,,,100.0,0.0,0.0,,,,100.0,
NE,2022,35,18,2022-05-08,,,,100.0,0.0,0.0,,,,100.0,
NE,2022,36,19,2022-05-15,,,,100.0,0.0,10.0,,,,100.0,
NE,2022,37,20,2022-05-22,,,,100.0,0.0,27.0,,,,100.0,
NE,2022,38,21,2022-05-29,,,,100.0,0.0,50.0,,,,100.0,
NE,2022,39,22,2022-06-05,,,,100.0,0.0,74.0,,,,100.0,
NE,2022,40,23,2022-06-12,,,,100.0,0.0,87.0,,,,100.0,
NE,2022,41,24,2022-06-19,,,,100.0,0.0,95.0,,,,100.0,
NE,2022,42,25,2022-06-26,,,,100.0,1.0,98.0,,,,100.0,
NE,2022,43,26,2022-07-03,,,,100.0,22.0,98.0,,,,100.0,
NE,2022,44,27,2022-07-10,,,,100.0,36.0,98.0,,,,100.0,
NE,2022,45,28,2022-07-17,,,,100.0,61.0,98.0,,,,100.0,
NE,2022,46,29,2022-07-24,,,,100.0,84.0,98.0,,,,100.0,
NE,2022,47,30,2022-07-31,,,,100.0,92.0,98.0,,,,100.0,
NE,2022,48,31,2022-08-07,,,,100.0,95.0,98.0,,,,100.0,
NE,2022,49,32,2022-08-14,,,,100.0,98.0,98.0,,,,100.0,
NE,2022,50,33,2022-08-21,,,,100.0,100.0,98.0,,,,100.0,
NE,2022,52,35,2022-09-04,,,,100.0,100.0,98.0,,,,1.0,
NE,2023,1,36,2022-09-11,,,,0.0,0.0,0.0,,,,5.0,
NE,2023,2,37,2022-09-18,,,,1.0,0.0,0.0,,,,18.0,
NE,2023,3,38,2022-09-25,,,,4.0,0.0,0.0,,,,40.0,
NE,2023,4,39,2022-10-02,,,,25.0,0.0,0.0,,,,65.0,
NE,2023,5,40,2022-10-09,,,,52.0,0.0,0.0,,,,86.0,
NE,2023,6,41,2022-10-16,,,,73.0,0.0,0.0,,,,94.0,
NE,2023,7,42,2022-10-23,,,,86.0,0.0,0.0,,,,96.0,
NE,2023,8,43,2022-10-30,,,,94.0,0.0,0.0,,,,98.0,
NE,2023,9,44,2022-11-06,,,,96.0,0.0,0.0,,,,100.0,
NE,2023,10,45,2022-11-13,,,,100.0,0.0,0.0,,,,100.0,
NE,2023,11,46,2022-11-20,,,,100.0,0.0,0.0,,,,100.0,
NE,2023,12,47,2022-11-27,,,,100.0,0.0,0.0,,,,100.0,
NE,2023,30,13,2023-04-02,,,,100.0,0.0,0.0,,,,100.0,
NE,2023,31,14,2023-04-09,,,,100.0,0.0,0.0,,,,100.0,
NE,2023,32,15,2023-04-16,,,,100.0,0.0,0.0,,,,100.0,
NE,2023,33,16,2023-04-23,,,,100.0,0.0,0.0,,,,100.0,
NE,2023,34,17,2023-04-30,,,,100.0,0.0,0.0,,,,100.0,
NE,2023,35,18,2023-05-07,,,,100.0,0.0,1.0,,,,100.0,
NE,2023,36,19,2023-05-14,,,,100.0,0.0,2.0,,,,100.0,
NE,2023,37,20,2023-05-21,,,,100.0,0.0,19.0,,,,100.0,
NE,2023,38,21,2023-05-28,,,,100.0,0.0,36.0,,,,100.0,
NE,2023,39,22,2023-06-04,,,,100.0,0.0,61.0,,,,100.0,
NE,2023,40,23,2023-06-11,,,,100.0,0.0,87.0,,,,100.0,
NE,2023,41,24,2023-06-18,,,,100.0,0.0,94.0,,,,100.0,
NE,2023,42,25,2023-06-25,,,,100.0,0.0,98.0,,,,100.0,
NE,2023,43,26,2023-07-02,,,,100.0,3.0,98.0,,,,100.0,
NE,2023,44,27,2023-07-09,,,,100.0,12.0,98.0,,,,100.0,
NE,2023,45,28,2023-07-16,,,,100.0,21.0,98.0,,,,100.0,
NE,2023,46,29,2023-07-23,,,,100.0,43.0,98.0,,,,100.0,
NE,2023,47,30,2023-07-30,,,,100.0,72.0,98.0,,,,100.0,
NE,2023,48,31,2023-08-06,,,,100.0,87.0,98.0,,,,100.0,
NE,2023,49,32,2023-08-13,,,,100.0,97.0,98.0,,,,100.0,
NE,2023,50,33,2023-08-20,,,,100.0,99.0,98.0,,,,100.0,
NE,2023,52,35,2023-09-03,,,,100.0,99.0,98.0,,,,2.0,
NE,2024,1,36,2023-09-10,,,,0.0,0.0,0.0,,,,8.0,
NE,2024,2,37,2023-09-17,,,,0.0,0.0,0.0,,,,22.0,
NE,2024,3,38,2023-09-24,,,,15.0,0.0,0.0,,,,60.0,
NE,2024,4,39,2023-10-01,,,,38.0,0.0,0.0,,,,79.0,
NE,2024,5,40,2023-10-08,,,,65.0,0.0,0.0,,,,91.0,
NE,2024,6,41,2023-10-15,,,,84.0,0.0,0.0,,,,96.0,
NE,2024,7,42,2023-10-22,,,,89.0,0.0,0.0,,,,99.0,
NE,2024,8,43,2023-10-29,,,,95.0,0.0,0.0,,,,100.0,
NE,2024,9,44,2023-11-05,,,,96.0,0.0,0.0,,,,100.0,
NE,2024,10,45,2023-11-12,,,,99.0,0.0,0.0,,,,100.0,
NE,2024,11,46,2023-11-19,,,,100.0,0.0,0.0,,,,100.0,
NE,2024,12,47,2023-11-26,,,,100.0,0.0,0.0,,,,100.0,
NE,2024,30,13,2024-03-31,,,,100.0,0.0,0.0,,,,100.0,
NE,2024,31,14,2024-04-07,,,,100.0,0.0,0.0,,,,100.0,
NE,2024,32,15,2024-04-14,,,,100.0,0.0,0.0,,,,100.0,
NE,2024,33,16,2024-04-21,,,,100.0,0.0,0.0,,,,100.0,
NE,2024,34,17,2024-04-28,,,,100.0,0.0,0.0,,,,100.0,
NE,2024,35,18,2024-05-05,,,,100.0,0.0,1.0,,,,100.0,
NE,2024,36,19,2024-05-12,,,,100.0,0.0,5.0,,,,100.0,
NE,2024,37,20,2024-05-19,,,,100.0,0.0,22.0,,,,100.0,
NE,2024,38,21,2024-05-26,,,,100.0,0.0,52.0,,,,100.0,
NE,2024,39,22,2024-06-02,,,,100.0,0.0,72.0,,,,100.0,
NE,2024,40,23,2024-06-09,,,,100.0,0.0,93.0,,,,100.0,
NE,2024,41,24,2024-06-16,,,,100.0,0.0,97.0,,,,100.0,
NE,2024,42,25,2024-06-23,,,,100.0,2.0,100.0,,,,100.0,
NE,2024,43,26,2024-06-30,,,,100.0,13.0,100.0,,,,100.0,
NE,2024,44,27,2024-07-07,,,,100.0,28.0,100.0,,,,100.0,
NE,2024,45,28,2024-07-14,,,,100.0,70.0,100.0,,,,100.0,
NE,2024,46,29,2024-07-21,,,,100.0,86.0,100.0,,,,100.0,
NE,2024,47,30,2024-07-28,,,,100.0,95.0,100.0,,,,100.0,
NE,2024,48,31,2024-08-04,,,,100.0,97.0,100.0,,,,100.0,
NE,2024,49,32,2024-08-11,,,,100.0,99.0,100.0,,,,100.0,
NE,2024,50,33,2024-08-18,,,,100.0,100.0,100.0,,,,100.0,
NE,2024,52,35,2024-09-01,,,,100.0,100.0,100.0,,,,1.0,
NE,2025,1,36,2024-09-08,,,,0.0,0.0,0.0,,,,7.0,
NE,2025,2,37,2024-09-15,,,,3.0,0.0,0.0,,,,21.0,
NE,2025,3,38,2024-09-22,,,,14.0,0.0,0.0,,,,51.0,
NE,2025,4,39,2024-09-29,,,,20.0,0.0,0.0,,,,71.0,
NE,2025,5,40,2024-10-06,,,,37.0,0.0,0.0,,,,87.0,
NE,2025,6,41,2024-10-13,,,,69.0,0.0,0.0,,,,96.0,
NE,2025,7,42,2024-10-20,,,,77.0,0.0,0.0,,,,98.0,
NE,2025,8,43,2024-10-27,,,,81.0,0.0,0.0,,,,99.0,
NE,2025,9,44,2024-11-03,,,,83.0,0.0,0.0,,,,100.0,
NE,2025,10,45,2024-11-10,,,,90.0,0.0,0.0,,,,100.0,
NE,2025,11,46,2024-11-17,,,,91.0,0.0,0.0,,,,100.0,
NE,2025,12,47,2024-11-24,,,,95.0,0.0,0.0,,,,100.0,
NE,2025,31,14,2025-04-06,,,,95.0,0.0,0.0,,,,100.0,
NE,2025,32,15,2025-04-13,,,,95.0,0.0,0.0,,,,100.0,
NE,2025,33,16,2025-04-20,,,,95.0,0.0,0.0,,,,100.0,
NE,2025,34,17,2025-04-27,,,,95.0,0.0,0.0,,,,100.0,
NE,2025,35,18,2025-05-04,,,,95.0,0.0,0.0,,,,100.0,
NE,2025,36,19,2025-05-11,,,,95.0,0.0,2.0,,,,100.0,
NE,2025,37,20,2025-05-18,,,,95.0,0.0,29.0,,,,100.0,
NE,2025,38,21,2025-05-25,,,,95.0,0.0,60.0,,,,100.0,
NE,2025,39,22,2025-06-01,,,,95.0,0.0,80.0,,,,100.0,
NE,2025,40,23,2025-06-08,,,,95.0,0.0,88.0,,,,100.0,
NE,2025,41,24,2025-06-15,,,,95.0,0.0,94.0,,,,100.0,
NE,2025,42,25,2025-06-22,,,,95.0,0.0,99.0,,,,100.0,
NE,2025,43,26,2025-06-29,,,,95.0,4.0,99.0,,,,100.0,
NE,2025,44,27,2025-07-06,,,,95.0,22.0,99.0,,,,100.0,
NE,2025,45,28,2025-07-13,,,,95.0,35.0,99.0,,,,100.0,
NE,2025,46,29,2025-07-20,,,,95.0,47.0,99.0,,,,100.0,
NE,2025,47,30,2025-07-27,,,,95.0,79.0,99.0,,,,100.0,
NE,2025,48,31,2025-08-03,,,,95.0,92.0,99.0,,,,100.0,
NE,2025,49,32,2025-08-10,,,,95.0,96.0,99.0,,,,100.0,
NE,2025,50,33,2025-08-17,,,,95.0,98.0,99.0,,,,100.0,
NE,2025,51,34,2025-08-24,,,,95.0,100.0,99.0,,,,100.0,
NE,2025,52,35,2025-08-31,,,,95.0,100.0,99.0,,,,100.0,
NE,2026,1,36,2025-09-07,,,,0.0,0.0,0.0,,,,8.0,
NE,2026,2,37,2025-09-14,,,,0.0,0.0,0.0,,,,17.0,
NE,2026,3,38,2025-09-21,,,,5.0,0.0,0.0,,,,35.0,
NE,2026,4,39,2025-09-28,,,,32.0,0.0,0.0,,,,57.0,
NE,2026,11,46,2025-11-16,,,,75.0,0.0,0.0,,,,78.0,
NE,2026,12,47,2025-11-23,,,,93.0,0.0,0.0,,,,99.0,
NJ,2016,35,18,2016-05-08,,,0.0,,0.0,15.0,,0.0,,,
NJ,2016,36,19,2016-05-15,,,0.0,,0.0,46.0,,0.0,,,
NJ,2016,37,20,2016-05-22,,,0.0,,0.0,86.0,,0.0,,,
NJ,2016,38,21,2016-05-29,,,0.0,,0.0,92.0,,0.0,,,
NJ,2016,39,22,2016-06-05,,,0.0,,0.0,100.0,,0.0,,,
NJ,2016,40,23,2016-06-12,,,9.0,,0.0,100.0,,0.0,,,
NJ,2016,41,24,2016-06-19,,,65.0,,0.0,100.0,,0.0,,,
NJ,2016,42,25,2016-06-26,,,86.0,,0.0,100.0,,27.0,,,
NJ,2016,43,26,2016-07-03,,,97.0,,0.0,100.0,,73.0,,,
NJ,2016,44,27,2016-07-10,,,99.0,,29.0,100.0,,92.0,,,
NJ,2016,45,28,2016-07-17,,,99.0,,76.0,100.0,,96.0,,,
NJ,2016,46,29,2016-07-24,,,99.0,,87.0,100.0,,96.0,,,
NJ,2016,47,30,2016-07-31,,,99.0,,91.0,100.0,,96.0,,,
NJ,2016,48,31,2016-08-07,,,99.0,,93.0,100.0,,96.0,,,
NJ,2016,49,32,2016-08-14,,,99.0,,94.0,100.0,,96.0,,,
NJ,2016,50,33,2016-08-21,,,99.0,,95.0,100.0,,96.0,,,
NJ,2016,51,34,2016-08-28,,,99.0,,96.0,100.0,,96.0,,,
NJ,2017,12,47,2016-11-27,,,0.0,90.0,0.0,0.0,,0.0,,92.0,
NJ,2017,35,18,2017-05-07,,,0.0,90.0,0.0,19.0,,0.0,,92.0,
NJ,2017,36,19,2017-05-14,,,0.0,90.0,0.0,52.0,,0.0,,92.0,
NJ,2017,37,20,2017-05-21,,,0.0,90.0,0.0,90.0,,0.0,,92.0,
NJ,2017,38,21,2017-05-28,,,85.0,90.0,0.0,100.0,,0.0,,92.0,
NJ,2017,39,22,2017-06-04,,,93.0,90.0,0.0,100.0,,0.0,,92.0,
NJ,2017,40,23,2017-06-11,,,96.0,90.0,0.0,100.0,,0.0,,92.0,
NJ,2017,41,24,2017-06-18,,,97.0,90.0,0.0,100.0,,21.0,,92.0,
NJ,2017,42,25,2017-06-25,,,98.0,90.0,0.0,100.0,,40.0,,92.0,
NJ,2017,43,26,2017-07-02,,,100.0,90.0,0.0,100.0,,69.0,,92.0,
NJ,2017,44,27,2017-07-09,,,100.0,90.0,33.0,100.0,,90.0,,92.0,
NJ,2017,45,28,2017-07-16,,,100.0,90.0,72.0,100.0,,100.0,,92.0,
NJ,2017,46,29,2017-07-23,,,100.0,90.0,87.0,100.0,,100.0,,92.0,
NJ,2017,47,30,2017-07-30,,,100.0,90.0,95.0,100.0,,100.0,,92.0,
NJ,2017,48,31,2017-08-06,,,100.0,90.0,97.0,100.0,,100.0,,92.0,
NJ,2017,49,32,2017-08-13,,,100.0,90.0,99.0,100.0,,100.0,,92.0,
NJ,2017,50,33,2017-08-20,,,100.0,90.0,100.0,100.0,,100.0,,92.0,
NJ,2017,52,35,2017-09-03,,,100.0,90.0,100.0,100.0,,100.0,,2.0,
NJ,2018,1,36,2017-09-10,,0.0,0.0,0.0,0.0,0.0,,0.0,,19.0,
NJ,2018,2,37,2017-09-17,,0.0,0.0,0.0,0.0,0.0,,0.0,,20.0,
NJ,2018,3,38,2017-09-24,,0.0,0.0,0.0,0.0,0.0,,0.0,,21.0,
NJ,2018,4,39,2017-10-01,,0.0,0.0,0.0,0.0,0.0,,0.0,,24.0,
NJ,2018,5,40,2017-10-08,,0.0,0.0,14.0,0.0,0.0,,0.0,,58.0,
NJ,2018,6,41,2017-10-15,,0.0,0.0,21.0,0.0,0.0,,0.0,,59.0,
NJ,2018,7,42,2017-10-22,,0.0,0.0,36.0,0.0,0.0,,0.0,,70.0,
NJ,2018,8,43,2017-10-29,,0.0,0.0,51.0,0.0,0.0,,0.0,,83.0,
NJ,2018,9,44,2017-11-05,,0.0,0.0,59.0,0.0,0.0,,0.0,,87.0,
NJ,2018,10,45,2017-11-12,,0.0,0.0,73.0,0.0,0.0,,0.0,,96.0,
NJ,2018,11,46,2017-11-19,,0.0,0.0,81.0,0.0,0.0,,0.0,,96.0,
NJ,2018,12,47,2017-11-26,,0.0,0.0,84.0,0.0,0.0,,0.0,,96.0,
NJ,2018,33,16,2018-04-22,,70.0,0.0,84.0,0.0,0.0,,0.0,,96.0,
NJ,2018,34,17,2018-04-29,,84.0,0.0,84.0,0.0,0.0,,0.0,,96.0,
NJ,2018,35,18,2018-05-06,,85.0,0.0,84.0,0.0,0.0,,0.0,,96.0,
NJ,2018,36,19,2018-05-13,,86.0,0.0,84.0,0.0,0.0,,0.0,,96.0,
NJ,2018,37,20,2018-05-20,,87.0,0.0,84.0,0.0,39.0,,0.0,,96.0,
NJ,2018,38,21,2018-05-27,,90.0,0.0,84.0,0.0,67.0,,0.0,,96.0,
NJ,2018,39,22,2018-06-03,,98.0,25.0,84.0,0.0,82.0,,0.0,,96.0,
NJ,2018,40,23,2018-06-10,,98.0,60.0,84.0,0.0,87.0,,0.0,,96.0,
NJ,2018,41,24,2018-06-17,,98.0,84.0,84.0,0.0,97.0,,0.0,,96.0,
NJ,2018,42,25,2018-06-24,,98.0,89.0,84.0,0.0,97.0,,12.0,,96.0,
NJ,2018,43,26,2018-07-01,,98.0,98.0,84.0,0.0,97.0,,73.0,,96.0,
NJ,2018,44,27,2018-07-08,,98.0,98.0,84.0,39.0,97.0,,96.0,,96.0,
NJ,2018,45,28,2018-07-15,,98.0,98.0,84.0,59.0,97.0,,98.0,,96.0,
NJ,2018,46,29,2018-07-22,,98.0,98.0,84.0,78.0,97.0,,98.0,,96.0,
NJ,2018,47,30,2018-07-29,,98.0,98.0,84.0,82.0,97.0,,98.0,,96.0,
NJ,2018,48,31,2018-08-05,,98.0,98.0,84.0,90.0,97.0,,98.0,,96.0,
NJ,2018,49,32,2018-08-12,,98.0,98.0,84.0,100.0,97.0,,98.0,,96.0,
NJ,2019,1,36,2018-09-09,,0.0,0.0,0.0,0.0,0.0,,0.0,,0.0,
NJ,2019,2,37,2018-09-16,,0.0,0.0,0.0,0.0,0.0,,0.0,,1.0,
NJ,2019,3,38,2018-09-23,,0.0,0.0,0.0,0.0,0.0,,0.0,,2.0,
NJ,2019,4,39,2018-09-30,,0.0,0.0,0.0,0.0,0.0,,0.0,,22.0,
NJ,2019,5,40,2018-10-07,,0.0,0.0,0.0,0.0,0.0,,0.0,,39.0,
NJ,2019,6,41,2018-10-14,,0.0,0.0,0.0,0.0,0.0,,0.0,,45.0,
NJ,2019,7,42,2018-10-21,,0.0,0.0,10.0,0.0,0.0,,0.0,,46.0,
NJ,2019,8,43,2018-10-28,,0.0,0.0,30.0,0.0,0.0,,0.0,,70.0,
NJ,2019,9,44,2018-11-04,,0.0,0.0,31.0,0.0,0.0,,0.0,,71.0,
NJ,2019,10,45,2018-11-11,,0.0,0.0,45.0,0.0,0.0,,0.0,,80.0,
NJ,2019,11,46,2018-11-18,,0.0,0.0,53.0,0.0,0.0,,0.0,,81.0,
NJ,2019,12,47,2018-11-25,,0.0,0.0,72.0,0.0,0.0,,0.0,,100.0,
NJ,2019,32,15,2019-04-14,,45.0,0.0,72.0,0.0,0.0,,0.0,,100.0,
NJ,2019,33,16,2019-04-21,,56.0,0.0,72.0,0.0,0.0,,0.0,,100.0,
NJ,2019,34,17,2019-04-28,,74.0,0.0,72.0,0.0,1.0,,0.0,,100.0,
NJ,2019,35,18,2019-05-05,,89.0,0.0,72.0,0.0,4.0,,0.0,,100.0,
NJ,2019,36,19,2019-05-12,,90.0,0.0,72.0,0.0,17.0,,0.0,,100.0,
NJ,2019,37,20,2019-05-19,,91.0,0.0,72.0,0.0,37.0,,0.0,,100.0,
NJ,2019,38,21,2019-05-26,,92.0,0.0,72.0,0.0,57.0,,0.0,,100.0,
NJ,2019,39,22,2019-06-02,,98.0,64.0,72.0,0.0,84.0,,0.0,,100.0,
NJ,2019,40,23,2019-06-09,,100.0,78.0,72.0,0.0,94.0,,0.0,,100.0,
NJ,2019,41,24,2019-06-16,,100.0,79.0,72.0,0.0,96.0,,2.0,,100.0,
NJ,2019,42,25,2019-06-23,,100.0,83.0,72.0,0.0,97.0,,33.0,,100.0,
NJ,2019,43,26,2019-06-30,,100.0,93.0,72.0,17.0,98.0,,50.0,,100.0,
NJ,2019,44,27,2019-07-07,,100.0,94.0,72.0,42.0,98.0,,71.0,,100.0,
NJ,2019,45,28,2019-07-14,,100.0,95.0,72.0,69.0,99.0,,82.0,,100.0,
NJ,2019,46,29,2019-07-21,,100.0,98.0,72.0,75.0,100.0,,90.0,,100.0,
NJ,2019,47,30,2019-07-28,,100.0,98.0,72.0,81.0,100.0,,95.0,,100.0,
NJ,2019,48,31,2019-08-04,,100.0,98.0,72.0,93.0,100.0,,95.0,,100.0,
NJ,2019,49,32,2019-08-11,,100.0,98.0,72.0,96.0,100.0,,95.0,,100.0,
NJ,2019,50,33,2019-08-18,,100.0,98.0,72.0,97.0,100.0,,95.0,,100.0,
NJ,2020,2,37,2019-09-15,,,0.0,0.0,0.0,0.0,,0.0,,0.0,
NJ,2020,3,38,2019-09-22,,,0.0,0.0,0.0,0.0,,0.0,,1.0,
NJ,2020,4,39,2019-09-29,,,0.0,0.0,0.0,0.0,,0.0,,2.0,
NJ,2020,5,40,2019-10-06,,,0.0,0.0,0.0,0.0,,0.0,,21.0,
NJ,2020,6,41,2019-10-13,,,0.0,0.0,0.0,0.0,,0.0,,41.0,
NJ,2020,7,42,2019-10-20,,,0.0,0.0,0.0,0.0,,0.0,,84.0,
NJ,2020,8,43,2019-10-27,,,0.0,23.0,0.0,0.0,,0.0,,85.0,
NJ,2020,9,44,2019-11-03,,,0.0,45.0,0.0,0.0,,0.0,,90.0,
NJ,2020,10,45,2019-11-10,,,0.0,66.0,0.0,0.0,,0.0,,95.0,
NJ,2020,11,46,2019-11-17,,,0.0,70.0,0.0,0.0,,0.0,,95.0,
NJ,2020,12,47,2019-11-24,,,0.0,72.0,0.0,0.0,,0.0,,95.0,
NJ,2020,39,22,2020-05-31,,,1.0,72.0,0.0,43.0,,0.0,,95.0,
NJ,2020,40,23,2020-06-07,,,23.0,72.0,0.0,66.0,,0.0,,95.0,
NJ,2020,41,24,2020-06-14,,,69.0,72.0,0.0,78.0,,0.0,,95.0,
NJ,2020,42,25,2020-06-21,,,77.0,72.0,0.0,82.0,,0.0,,95.0,
NJ,2020,43,26,2020-06-28,,,87.0,72.0,0.0,92.0,,43.0,,95.0,
NJ,2020,44,27,2020-07-05,,,96.0,72.0,0.0,100.0,,66.0,,95.0,
NJ,2020,45,28,2020-07-12,,,96.0,72.0,0.0,100.0,,79.0,,95.0,
NJ,2020,46,29,2020-07-19,,,96.0,72.0,0.0,100.0,,88.0,,95.0,
NJ,2020,47,30,2020-07-26,,,96.0,72.0,0.0,100.0,,94.0,,95.0,
NJ,2020,48,31,2020-08-02,,,96.0,72.0,90.0,100.0,,99.0,,95.0,
NJ,2020,49,32,2020-08-09,,,96.0,72.0,98.0,100.0,,99.0,,95.0,
NJ,2021,4,39,2020-09-27,,0.0,0.0,0.0,0.0,0.0,,0.0,,19.0,
NJ,2021,5,40,2020-10-04,,0.0,0.0,0.0,0.0,0.0,,0.0,,21.0,
NJ,2021,6,41,2020-10-11,,0.0,0.0,0.0,0.0,0.0,,0.0,,22.0,
NJ,2021,7,42,2020-10-18,,0.0,0.0,21.0,0.0,0.0,,0.0,,45.0,
NJ,2021,8,43,2020-10-25,,0.0,0.0,29.0,0.0,0.0,,0.0,,50.0,
NJ,2021,9,44,2020-11-01,,0.0,0.0,41.0,0.0,0.0,,0.0,,55.0,
NJ,2021,10,45,2020-11-08,,0.0,0.0,47.0,0.0,0.0,,0.0,,71.0,
NJ,2021,11,46,2020-11-15,,0.0,0.0,55.0,0.0,0.0,,0.0,,75.0,
NJ,2021,12,47,2020-11-22,,0.0,0.0,70.0,0.0,0.0,,0.0,,80.0,
NJ,2021,13,48,2020-11-29,,0.0,0.0,77.0,0.0,0.0,,0.0,,89.0,
NJ,2021,33,16,2021-04-25,,0.0,0.0,77.0,0.0,0.0,,0.0,,89.0,
NJ,2021,34,17,2021-05-02,,0.0,0.0,77.0,0.0,0.0,,0.0,,89.0,
NJ,2021,35,18,2021-05-09,,0.0,0.0,77.0,0.0,62.0,,0.0,,89.0,
NJ,2021,36,19,2021-05-16,,0.0,0.0,77.0,0.0,69.0,,0.0,,89.0,
NJ,2021,37,20,2021-05-23,,69.0,0.0,77.0,0.0,69.0,,0.0,,89.0,
NJ,2021,38,21,2021-05-30,,69.0,26.0,77.0,0.0,69.0,,0.0,,89.0,
NJ,2021,39,22,2021-06-06,,69.0,59.0,77.0,0.0,70.0,,0.0,,89.0,
NJ,2021,40,23,2021-06-13,,69.0,63.0,77.0,0.0,76.0,,0.0,,89.0,
NJ,2021,41,24,2021-06-20,,69.0,80.0,77.0,1.0,90.0,,50.0,,89.0,
NJ,2021,42,25,2021-06-27,,69.0,90.0,77.0,10.0,100.0,,65.0,,89.0,
NJ,2021,43,26,2021-07-04,,69.0,100.0,77.0,71.0,100.0,,100.0,,89.0,
NJ,2021,44,27,2021-07-11,,69.0,100.0,77.0,93.0,100.0,,100.0,,89.0,
NJ,2021,45,28,2021-07-18,,69.0,100.0,77.0,99.0,100.0,,100.0,,89.0,
NJ,2022,4,39,2021-10-03,,0.0,0.0,0.0,0.0,0.0,,0.0,,22.0,
NJ,2022,5,40,2021-10-10,,0.0,0.0,0.0,0.0,0.0,,0.0,,33.0,
NJ,2022,6,41,2021-10-17,,0.0,0.0,0.0,0.0,0.0,,0.0,,41.0,
NJ,2022,7,42,2021-10-24,,0.0,0.0,25.0,0.0,0.0,,0.0,,46.0,
NJ,2022,8,43,2021-10-31,,0.0,0.0,46.0,0.0,0.0,,0.0,,58.0,
NJ,2022,9,44,2021-11-07,,0.0,0.0,57.0,0.0,0.0,,0.0,,68.0,
NJ,2022,10,45,2021-11-14,,0.0,0.0,68.0,0.0,0.0,,0.0,,86.0,
NJ,2022,11,46,2021-11-21,,0.0,0.0,79.0,0.0,0.0,,0.0,,89.0,
NJ,2022,12,47,2021-11-28,,0.0,0.0,85.0,0.0,0.0,,0.0,,95.0,
NJ,2022,34,17,2022-05-01,,100.0,0.0,85.0,0.0,0.0,,0.0,,95.0,
NJ,2022,35,18,2022-05-08,,100.0,0.0,85.0,0.0,0.0,,0.0,,95.0,
NJ,2022,36,19,2022-05-15,,100.0,0.0,85.0,0.0,90.0,,0.0,,95.0,
NJ,2022,37,20,2022-05-22,,100.0,0.0,85.0,0.0,100.0,,0.0,,95.0,
NJ,2022,38,21,2022-05-29,,100.0,100.0,85.0,0.0,100.0,,0.0,,95.0,
NJ,2022,39,22,2022-06-05,,100.0,100.0,85.0,0.0,100.0,,0.0,,95.0,
NJ,2022,40,23,2022-06-12,,100.0,100.0,85.0,0.0,100.0,,26.0,,95.0,
NJ,2022,41,24,2022-06-19,,100.0,100.0,85.0,0.0,100.0,,29.0,,95.0,
NJ,2022,42,25,2022-06-26,,100.0,100.0,85.0,0.0,100.0,,100.0,,95.0,
NJ,2022,43,26,2022-07-03,,100.0,100.0,85.0,50.0,100.0,,100.0,,95.0,
NJ,2022,44,27,2022-07-10,,100.0,100.0,85.0,94.0,100.0,,100.0,,95.0,
NJ,2022,45,28,2022-07-17,,100.0,100.0,85.0,99.0,100.0,,100.0,,95.0,
NJ,2023,4,39,2022-10-02,,0.0,0.0,0.0,0.0,0.0,,0.0,,27.0,
NJ,2023,5,40,2022-10-09,,0.0,0.0,0.0,0.0,0.0,,0.0,,33.0,
NJ,2023,6,41,2022-10-16,,0.0,0.0,9.0,0.0,0.0,,0.0,,41.0,
NJ,2023,7,42,2022-10-23,,0.0,0.0,27.0,0.0,0.0,,0.0,,74.0,
NJ,2023,8,43,2022-10-30,,0.0,0.0,57.0,0.0,0.0,,0.0,,82.0,
NJ,2023,9,44,2022-11-06,,0.0,0.0,74.0,0.0,0.0,,0.0,,86.0,
NJ,2023,10,45,2022-11-13,,0.0,0.0,85.0,0.0,0.0,,0.0,,95.0,
NJ,2023,11,46,2022-11-20,,0.0,0.0,92.0,0.0,0.0,,0.0,,95.0,
NJ,2023,12,47,2022-11-27,,0.0,0.0,99.0,0.0,0.0,,0.0,,95.0,
NJ,2023,30,13,2023-04-02,,29.0,0.0,99.0,0.0,0.0,,0.0,,95.0,
NJ,2023,31,14,2023-04-09,,52.0,0.0,99.0,0.0,0.0,,0.0,,95.0,
NJ,2023,32,15,2023-04-16,,65.0,0.0,99.0,0.0,0.0,,0.0,,95.0,
NJ,2023,33,16,2023-04-23,,80.0,0.0,99.0,0.0,2.0,,0.0,,95.0,
NJ,2023,34,17,2023-04-30,,100.0,0.0,99.0,0.0,21.0,,0.0,,95.0,
NJ,2023,35,18,2023-05-07,,100.0,0.0,99.0,0.0,50.0,,0.0,,95.0,
NJ,2023,36,19,2023-05-14,,100.0,0.0,99.0,0.0,75.0,,0.0,,95.0,
NJ,2023,37,20,2023-05-21,,100.0,0.0,99.0,0.0,95.0,,0.0,,95.0,
NJ,2023,38,21,2023-05-28,,100.0,20.0,99.0,0.0,95.0,,0.0,,95.0,
NJ,2023,39,22,2023-06-04,,100.0,45.0,99.0,0.0,95.0,,0.0,,95.0,
NJ,2023,40,23,2023-06-11,,100.0,70.0,99.0,0.0,95.0,,0.0,,95.0,
NJ,2023,41,24,2023-06-18,,100.0,95.0,99.0,0.0,95.0,,28.0,,95.0,
NJ,2023,42,25,2023-06-25,,100.0,95.0,99.0,4.0,95.0,,75.0,,95.0,
NJ,2023,43,26,2023-07-02,,100.0,95.0,99.0,24.0,95.0,,98.0,,95.0,
NJ,2023,44,27,2023-07-09,,100.0,95.0,99.0,46.0,95.0,,98.0,,95.0,
NJ,2023,45,28,2023-07-16,,100.0,95.0,99.0,61.0,95.0,,98.0,,95.0,
NJ,2023,46,29,2023-07-23,,100.0,95.0,99.0,75.0,95.0,,98.0,,95.0,
NJ,2023,47,30,2023-07-30,,100.0,95.0,99.0,85.0,95.0,,98.0,,95.0,
NJ,2023,48,31,2023-08-06,,100.0,95.0,99.0,88.0,95.0,,98.0,,95.0,
NJ,2023,49,32,2023-08-13,,100.0,95.0,99.0,90.0,95.0,,98.0,,95.0,
NJ,2023,50,33,2023-08-20,,100.0,95.0,99.0,92.0,95.0,,98.0,,95.0,
NJ,2023,51,34,2023-08-27,,100.0,95.0,99.0,96.0,95.0,,98.0,,95.0,
NJ,2024,5,40,2023-10-08,,0.0,0.0,0.0,0.0,0.0,,0.0,,5.0,
NJ,2024,6,41,2023-10-15,,0.0,0.0,5.0,0.0,0.0,,0.0,,24.0,
NJ,2024,7,42,2023-10-22,,0.0,0.0,12.0,0.0,0.0,,0.0,,40.0,
NJ,2024,8,43,2023-10-29,,0.0,0.0,34.0,0.0,0.0,,0.0,,57.0,
NJ,2024,9,44,2023-11-05,,0.0,0.0,50.0,0.0,0.0,,0.0,,70.0,
NJ,2024,10,45,2023-11-12,,0.0,0.0,64.0,0.0,0.0,,0.0,,80.0,
NJ,2024,11,46,2023-11-19,,0.0,0.0,79.0,0.0,0.0,,0.0,,90.0,
NJ,2024,12,47,2023-11-26,,0.0,0.0,86.0,0.0,0.0,,0.0,,92.0,
NJ,2024,30,13,2024-03-31,,42.0,0.0,86.0,0.0,0.0,,0.0,,92.0,
NJ,2024,31,14,2024-04-07,,51.0,0.0,86.0,0.0,0.0,,0.0,,92.0,
NJ,2024,32,15,2024-04-14,,59.0,0.0,86.0,0.0,0.0,,0.0,,92.0,
NJ,2024,33,16,2024-04-21,,70.0,0.0,86.0,0.0,0.0,,0.0,,92.0,
NJ,2024,34,17,2024-04-28,,75.0,0.0,86.0,0.0,29.0,,0.0,,92.0,
NJ,2024,35,18,2024-05-05,,80.0,0.0,86.0,0.0,48.0,,0.0,,92.0,
NJ,2024,36,19,2024-05-12,,95.0,0.0,86.0,0.0,62.0,,0.0,,92.0,
NJ,2024,37,20,2024-05-19,,95.0,0.0,86.0,0.0,85.0,,0.0,,92.0,
NJ,2024,38,21,2024-05-26,,95.0,0.0,86.0,0.0,95.0,,0.0,,92.0,
NJ,2024,39,22,2024-06-02,,95.0,40.0,86.0,0.0,95.0,,0.0,,92.0,
NJ,2024,40,23,2024-06-09,,95.0,60.0,86.0,0.0,95.0,,0.0,,92.0,
NJ,2024,41,24,2024-06-16,,95.0,85.0,86.0,0.0,95.0,,21.0,,92.0,
NJ,2024,42,25,2024-06-23,,95.0,95.0,86.0,0.0,95.0,,58.0,,92.0,
NJ,2024,43,26,2024-06-30,,95.0,95.0,86.0,29.0,95.0,,70.0,,92.0,
NJ,2024,44,27,2024-07-07,,95.0,95.0,86.0,45.0,95.0,,95.0,,92.0,
NJ,2024,45,28,2024-07-14,,95.0,95.0,86.0,58.0,95.0,,95.0,,92.0,
NJ,2024,46,29,2024-07-21,,95.0,95.0,86.0,71.0,95.0,,95.0,,92.0,
NJ,2024,47,30,2024-07-28,,95.0,95.0,86.0,81.0,95.0,,95.0,,92.0,
NJ,2024,48,31,2024-08-04,,95.0,95.0,86.0,89.0,95.0,,95.0,,92.0,
NJ,2024,49,32,2024-08-11,,95.0,95.0,86.0,93.0,95.0,,95.0,,92.0,
NJ,2024,50,33,2024-08-18,,95.0,95.0,86.0,95.0,95.0,,95.0,,92.0,
NJ,2025,3,38,2024-09-22,,0.0,0.0,0.0,0.0,0.0,,0.0,,0.0,
NJ,2025,4,39,2024-09-29,,0.0,0.0,0.0,0.0,0.0,,0.0,,5.0,
NJ,2025,5,40,2024-10-06,,0.0,0.0,0.0,0.0,0.0,,0.0,,10.0,
NJ,2025,6,41,2024-10-13,,0.0,0.0,1.0,0.0,0.0,,0.0,,20.0,
NJ,2025,7,42,2024-10-20,,0.0,0.0,3.0,0.0,0.0,,0.0,,24.0,
NJ,2025,8,43,2024-10-27,,0.0,0.0,7.0,0.0,0.0,,0.0,,40.0,
NJ,2025,9,44,2024-11-03,,0.0,0.0,9.0,0.0,0.0,,0.0,,45.0,
NJ,2025,10,45,2024-11-10,,0.0,0.0,12.0,0.0,0.0,,0.0,,50.0,
NJ,2025,11,46,2024-11-17,,0.0,0.0,16.0,0.0,0.0,,0.0,,65.0,
NJ,2025,12,47,2024-11-24,,0.0,0.0,35.0,0.0,0.0,,0.0,,72.0,
NJ,2025,31,14,2025-04-06,,47.0,0.0,35.0,0.0,0.0,,0.0,,72.0,
NJ,2025,32,15,2025-04-13,,58.0,0.0,35.0,0.0,0.0,,0.0,,72.0,
NJ,2025,33,16,2025-04-20,,75.0,0.0,35.0,0.0,0.0,,0.0,,72.0,
NJ,2025,34,17,2025-04-27,,88.0,0.0,35.0,0.0,4.0,,0.0,,72.0,
NJ,2025,35,18,2025-05-04,,95.0,0.0,35.0,0.0,27.0,,0.0,,72.0,
NJ,2025,36,19,2025-05-11,,95.0,0.0,35.0,0.0,53.0,,0.0,,72.0,
NJ,2025,37,20,2025-05-18,,95.0,0.0,35.0,0.0,73.0,,0.0,,72.0,
NJ,2025,38,21,2025-05-25,,95.0,28.0,35.0,0.0,95.0,,0.0,,72.0,
NJ,2025,39,22,2025-06-01,,95.0,44.0,35.0,0.0,95.0,,4.0,,72.0,
NJ,2025,40,23,2025-06-08,,95.0,72.0,35.0,0.0,95.0,,8.0,,72.0,
NJ,2025,41,24,2025-06-15,,95.0,89.0,35.0,0.0,95.0,,14.0,,72.0,
NJ,2025,42,25,2025-06-22,,95.0,95.0,35.0,0.0,95.0,,50.0,,72.0,
NJ,2025,43,26,2025-06-29,,95.0,95.0,35.0,22.0,95.0,,75.0,,72.0,
NJ,2025,44,27,2025-07-06,,95.0,95.0,35.0,41.0,95.0,,85.0,,72.0,
NJ,2025,45,28,2025-07-13,,95.0,95.0,35.0,58.0,95.0,,95.0,,72.0,
NJ,2025,46,29,2025-07-20,,95.0,95.0,35.0,78.0,95.0,,95.0,,72.0,
NJ,2025,47,30,2025-07-27,,95.0,95.0,35.0,95.0,95.0,,95.0,,72.0,
NJ,2026,4,39,2025-09-28,,0.0,0.0,0.0,0.0,0.0,,0.0,,1.0,
NJ,2026,11,46,2025-11-16,,0.0,0.0,75.0,0.0,0.0,,0.0,,95.0,
NJ,2026,12,47,2025-11-23,,0.0,0.0,85.0,0.0,0.0,,0.0,,95.0,
NM,2016,3,38,2015-09-20,,,,0.0,0.0,0.0,,,,19.0,
NM,2016,4,39,2015-09-27,,,,3.0,0.0,0.0,,,,27.0,
NM,2016,5,40,2015-10-04,,,,22.0,0.0,0.0,,,,42.0,
NM,2016,6,41,2015-10-11,,,,44.0,0.0,0.0,,,,61.0,
NM,2016,7,42,2015-10-18,,,,60.0,0.0,0.0,,,,71.0,
NM,2016,8,43,2015-10-25,,,,71.0,0.0,0.0,,,,85.0,
NM,2016,9,44,2015-11-01,,,,80.0,0.0,0.0,,,,92.0,
NM,2016,10,45,2015-11-08,,,,90.0,0.0,0.0,,,,99.0,
NM,2016,11,46,2015-11-15,,,,96.0,0.0,0.0,,,,99.0,
NM,2016,31,14,2016-04-10,,,,96.0,0.0,12.0,,,,99.0,
NM,2016,32,15,2016-04-17,,,,96.0,0.0,35.0,,,,99.0,
NM,2016,33,16,2016-04-24,,,,96.0,0.0,45.0,,,,99.0,
NM,2016,34,17,2016-05-01,,,,96.0,0.0,55.0,,,,99.0,
NM,2016,35,18,2016-05-08,,,,96.0,0.0,70.0,,,,99.0,
NM,2016,36,19,2016-05-15,,,,96.0,0.0,84.0,,,,99.0,
NM,2016,37,20,2016-05-22,,,,96.0,0.0,93.0,,,,99.0,
NM,2016,38,21,2016-05-29,,,,96.0,4.0,94.0,,,,99.0,
NM,2016,39,22,2016-06-05,,,,96.0,5.0,97.0,,,,99.0,
NM,2016,40,23,2016-06-12,,,,96.0,17.0,97.0,,,,99.0,
NM,2016,41,24,2016-06-19,,,,96.0,40.0,97.0,,,,99.0,
NM,2016,42,25,2016-06-26,,,,96.0,64.0,97.0,,,,99.0,
NM,2016,43,26,2016-07-03,,,,96.0,79.0,97.0,,,,99.0,
NM,2016,44,27,2016-07-10,,,,96.0,88.0,97.0,,,,99.0,
NM,2016,45,28,2016-07-17,,,,96.0,93.0,97.0,,,,99.0,
NM,2016,46,29,2016-07-24,,,,96.0,94.0,97.0,,,,99.0,
NM,2016,51,34,2016-08-28,,,,96.0,94.0,97.0,,,,1.0,
NM,2016,52,35,2016-09-04,,,,96.0,94.0,97.0,,,,6.0,
NM,2017,1,36,2016-09-11,,,,0.0,0.0,0.0,,,,16.0,
NM,2017,2,37,2016-09-18,,,,1.0,0.0,0.0,,,,30.0,
NM,2017,3,38,2016-09-25,,,,20.0,0.0,0.0,,,,55.0,
NM,2017,4,39,2016-10-02,,,,30.0,0.0,0.0,,,,65.0,
NM,2017,5,40,2016-10-09,,,,50.0,0.0,0.0,,,,85.0,
NM,2017,6,41,2016-10-16,,,,73.0,0.0,0.0,,,,98.0,
NM,2017,7,42,2016-10-23,,,,93.0,0.0,0.0,,,,98.0,
NM,2017,8,43,2016-10-30,,,,95.0,0.0,0.0,,,,98.0,
NM,2017,31,14,2017-04-09,,,,95.0,0.0,4.0,,,,98.0,
NM,2017,32,15,2017-04-16,,,,95.0,0.0,21.0,,,,98.0,
NM,2017,33,16,2017-04-23,,,,95.0,0.0,50.0,,,,98.0,
NM,2017,34,17,2017-04-30,,,,95.0,0.0,70.0,,,,98.0,
NM,2017,35,18,2017-05-07,,,,95.0,0.0,83.0,,,,98.0,
NM,2017,36,19,2017-05-14,,,,95.0,0.0,92.0,,,,98.0,
NM,2017,37,20,2017-05-21,,,,95.0,2.0,97.0,,,,98.0,
NM,2017,38,21,2017-05-28,,,,95.0,8.0,97.0,,,,98.0,
NM,2017,39,22,2017-06-04,,,,95.0,22.0,97.0,,,,98.0,
NM,2017,40,23,2017-06-11,,,,95.0,44.0,97.0,,,,98.0,
NM,2017,41,24,2017-06-18,,,,95.0,48.0,97.0,,,,98.0,
NM,2017,42,25,2017-06-25,,,,95.0,77.0,97.0,,,,98.0,
NM,2017,43,26,2017-07-02,,,,95.0,92.0,97.0,,,,98.0,
NM,2017,44,27,2017-07-09,,,,95.0,95.0,97.0,,,,98.0,
NM,2017,51,34,2017-08-27,,,,95.0,95.0,97.0,,,,3.0,
NM,2017,52,35,2017-09-03,,,,95.0,95.0,97.0,,,,23.0,
NM,2018,1,36,2017-09-10,,,,4.0,0.0,0.0,,,,48.0,
NM,2018,2,37,2017-09-17,,,,19.0,0.0,0.0,,,,67.0,
NM,2018,3,38,2017-09-24,,,,35.0,0.0,0.0,,,,79.0,
NM,2018,4,39,2017-10-01,,,,45.0,0.0,0.0,,,,89.0,
NM,2018,5,40,2017-10-08,,,,60.0,0.0,0.0,,,,97.0,
NM,2018,6,41,2017-10-15,,,,80.0,0.0,0.0,,,,97.0,
NM,2018,7,42,2017-10-22,,,,89.0,0.0,0.0,,,,97.0,
NM,2018,8,43,2017-10-29,,,,96.0,0.0,0.0,,,,97.0,
NM,2018,31,14,2018-04-08,,,,96.0,0.0,4.0,,,,97.0,
NM,2018,32,15,2018-04-15,,,,96.0,0.0,20.0,,,,97.0,
NM,2018,33,16,2018-04-22,,,,96.0,0.0,44.0,,,,97.0,
NM,2018,34,17,2018-04-29,,,,96.0,0.0,63.0,,,,97.0,
NM,2018,35,18,2018-05-06,,,,96.0,0.0,84.0,,,,97.0,
NM,2018,36,19,2018-05-13,,,,96.0,0.0,91.0,,,,97.0,
NM,2018,37,20,2018-05-20,,,,96.0,0.0,95.0,,,,97.0,
NM,2018,38,21,2018-05-27,,,,96.0,1.0,95.0,,,,97.0,
NM,2018,39,22,2018-06-03,,,,96.0,8.0,95.0,,,,97.0,
NM,2018,40,23,2018-06-10,,,,96.0,18.0,95.0,,,,97.0,
NM,2018,41,24,2018-06-17,,,,96.0,28.0,95.0,,,,97.0,
NM,2018,42,25,2018-06-24,,,,96.0,38.0,95.0,,,,97.0,
NM,2018,43,26,2018-07-01,,,,96.0,65.0,95.0,,,,97.0,
NM,2018,44,27,2018-07-08,,,,96.0,83.0,95.0,,,,97.0,
NM,2018,45,28,2018-07-15,,,,96.0,88.0,95.0,,,,97.0,
NM,2018,46,29,2018-07-22,,,,96.0,95.0,95.0,,,,97.0,
NM,2018,50,33,2018-08-19,,,,96.0,95.0,95.0,,,,2.0,
NM,2018,51,34,2018-08-26,,,,96.0,95.0,95.0,,,,11.0,
NM,2018,52,35,2018-09-02,,,,2.0,95.0,95.0,,,,24.0,
NM,2019,1,36,2018-09-09,,,,15.0,0.0,0.0,,,,35.0,
NM,2019,2,37,2018-09-16,,,,25.0,0.0,0.0,,,,45.0,
NM,2019,3,38,2018-09-23,,,,50.0,0.0,0.0,,,,70.0,
NM,2019,4,39,2018-09-30,,,,69.0,0.0,0.0,,,,85.0,
NM,2019,5,40,2018-10-07,,,,81.0,0.0,0.0,,,,88.0,
NM,2019,6,41,2018-10-14,,,,85.0,0.0,0.0,,,,91.0,
NM,2019,7,42,2018-10-21,,,,90.0,0.0,0.0,,,,96.0,
NM,2019,8,43,2018-10-28,,,,93.0,0.0,0.0,,,,96.0,
NM,2019,9,44,2018-11-04,,,,96.0,0.0,0.0,,,,96.0,
NM,2019,10,45,2018-11-11,,,,100.0,0.0,0.0,,,,96.0,
NM,2019,31,14,2019-04-07,,,,100.0,0.0,1.0,,,,96.0,
NM,2019,32,15,2019-04-14,,,,100.0,0.0,2.0,,,,96.0,
NM,2019,33,16,2019-04-21,,,,100.0,0.0,8.0,,,,96.0,
NM,2019,34,17,2019-04-28,,,,100.0,0.0,23.0,,,,96.0,
NM,2019,35,18,2019-05-05,,,,100.0,0.0,45.0,,,,96.0,
NM,2019,36,19,2019-05-12,,,,100.0,0.0,60.0,,,,96.0,
NM,2019,37,20,2019-05-19,,,,100.0,0.0,89.0,,,,96.0,
NM,2019,38,21,2019-05-26,,,,100.0,0.0,92.0,,,,96.0,
NM,2019,39,22,2019-06-02,,,,100.0,1.0,95.0,,,,96.0,
NM,2019,40,23,2019-06-09,,,,100.0,2.0,95.0,,,,96.0,
NM,2019,41,24,2019-06-16,,,,100.0,15.0,95.0,,,,96.0,
NM,2019,42,25,2019-06-23,,,,100.0,25.0,95.0,,,,96.0,
NM,2019,43,26,2019-06-30,,,,100.0,37.0,95.0,,,,96.0,
NM,2019,44,27,2019-07-07,,,,100.0,50.0,95.0,,,,96.0,
NM,2019,45,28,2019-07-14,,,,100.0,65.0,95.0,,,,96.0,
NM,2019,46,29,2019-07-21,,,,100.0,75.0,95.0,,,,96.0,
NM,2019,47,30,2019-07-28,,,,100.0,90.0,95.0,,,,96.0,
NM,2019,48,31,2019-08-04,,,,100.0,95.0,95.0,,,,96.0,
NM,2019,51,34,2019-08-25,,,,100.0,95.0,95.0,,,,7.0,
NM,2019,52,35,2019-09-01,,,,100.0,95.0,95.0,,,,23.0,
NM,2020,1,36,2019-09-08,,,,3.0,0.0,0.0,,,,30.0,
NM,2020,2,37,2019-09-15,,,,21.0,0.0,0.0,,,,49.0,
NM,2020,3,38,2019-09-22,,,,36.0,0.0,0.0,,,,66.0,
NM,2020,4,39,2019-09-29,,,,44.0,0.0,0.0,,,,81.0,
NM,2020,5,40,2019-10-06,,,,59.0,0.0,0.0,,,,85.0,
NM,2020,6,41,2019-10-13,,,,75.0,0.0,0.0,,,,90.0,
NM,2020,7,42,2019-10-20,,,,85.0,0.0,0.0,,,,95.0,
NM,2020,8,43,2019-10-27,,,,89.0,0.0,0.0,,,,95.0,
NM,2020,9,44,2019-11-03,,,,92.0,0.0,0.0,,,,95.0,
NM,2020,10,45,2019-11-10,,,,95.0,0.0,0.0,,,,95.0,
NM,2020,32,15,2020-04-12,,,,95.0,0.0,3.0,,,,95.0,
NM,2020,33,16,2020-04-19,,,,95.0,0.0,16.0,,,,95.0,
NM,2020,34,17,2020-04-26,,,,95.0,0.0,45.0,,,,95.0,
NM,2020,35,18,2020-05-03,,,,95.0,0.0,64.0,,,,95.0,
NM,2020,36,19,2020-05-10,,,,95.0,0.0,82.0,,,,95.0,
NM,2020,37,20,2020-05-17,,,,95.0,0.0,89.0,,,,95.0,
NM,2020,38,21,2020-05-24,,,,95.0,0.0,94.0,,,,95.0,
NM,2020,39,22,2020-05-31,,,,95.0,4.0,96.0,,,,95.0,
NM,2020,40,23,2020-06-07,,,,95.0,27.0,96.0,,,,95.0,
NM,2020,41,24,2020-06-14,,,,95.0,30.0,96.0,,,,95.0,
NM,2020,42,25,2020-06-21,,,,95.0,46.0,96.0,,,,95.0,
NM,2020,43,26,2020-06-28,,,,95.0,65.0,96.0,,,,95.0,
NM,2020,44,27,2020-07-05,,,,95.0,84.0,96.0,,,,95.0,
NM,2020,45,28,2020-07-12,,,,95.0,88.0,96.0,,,,95.0,
NM,2020,46,29,2020-07-19,,,,95.0,91.0,96.0,,,,95.0,
NM,2020,47,30,2020-07-26,,,,95.0,94.0,96.0,,,,95.0,
NM,2020,48,31,2020-08-02,,,,95.0,96.0,96.0,,,,95.0,
NM,2020,51,34,2020-08-23,,,,95.0,96.0,96.0,,,,3.0,
NM,2020,52,35,2020-08-30,,,,95.0,96.0,96.0,,,,6.0,
NM,2021,1,36,2020-09-06,,,,1.0,0.0,0.0,,,,14.0,
NM,2021,2,37,2020-09-13,,,,22.0,0.0,0.0,,,,42.0,
NM,2021,3,38,2020-09-20,,,,25.0,0.0,0.0,,,,47.0,
NM,2021,4,39,2020-09-27,,,,42.0,0.0,0.0,,,,67.0,
NM,2021,5,40,2020-10-04,,,,46.0,0.0,0.0,,,,74.0,
NM,2021,6,41,2020-10-11,,,,58.0,0.0,0.0,,,,80.0,
NM,2021,7,42,2020-10-18,,,,63.0,0.0,0.0,,,,84.0,
NM,2021,8,43,2020-10-25,,,,74.0,0.0,0.0,,,,92.0,
NM,2021,9,44,2020-11-01,,,,77.0,0.0,0.0,,,,95.0,
NM,2021,10,45,2020-11-08,,,,82.0,0.0,0.0,,,,95.0,
NM,2021,11,46,2020-11-15,,,,88.0,0.0,0.0,,,,95.0,
NM,2021,12,47,2020-11-22,,,,92.0,0.0,0.0,,,,95.0,
NM,2021,13,48,2020-11-29,,,,95.0,0.0,0.0,,,,95.0,
NM,2021,31,14,2021-04-11,,,,95.0,0.0,1.0,,,,95.0,
NM,2021,32,15,2021-04-18,,,,95.0,0.0,8.0,,,,95.0,
NM,2021,33,16,2021-04-25,,,,95.0,0.0,24.0,,,,95.0,
NM,2021,34,17,2021-05-02,,,,95.0,0.0,38.0,,,,95.0,
NM,2021,35,18,2021-05-09,,,,95.0,0.0,56.0,,,,95.0,
NM,2021,36,19,2021-05-16,,,,95.0,0.0,66.0,,,,95.0,
NM,2021,37,20,2021-05-23,,,,95.0,0.0,77.0,,,,95.0,
NM,2021,38,21,2021-05-30,,,,95.0,0.0,87.0,,,,95.0,
NM,2021,39,22,2021-06-06,,,,95.0,2.0,95.0,,,,95.0,
NM,2021,40,23,2021-06-13,,,,95.0,17.0,95.0,,,,95.0,
NM,2021,41,24,2021-06-20,,,,95.0,33.0,95.0,,,,95.0,
NM,2021,42,25,2021-06-27,,,,95.0,43.0,95.0,,,,95.0,
NM,2021,43,26,2021-07-04,,,,95.0,66.0,95.0,,,,95.0,
NM,2021,44,27,2021-07-11,,,,95.0,70.0,95.0,,,,95.0,
NM,2021,45,28,2021-07-18,,,,95.0,83.0,95.0,,,,95.0,
NM,2021,46,29,2021-07-25,,,,95.0,95.0,95.0,,,,95.0,
NM,2021,51,34,2021-08-29,,,,95.0,95.0,95.0,,,,1.0,
NM,2021,52,35,2021-09-05,,,,95.0,95.0,95.0,,,,15.0,
NM,2022,1,36,2021-09-12,,,,10.0,0.0,0.0,,,,30.0,
NM,2022,2,37,2021-09-19,,,,25.0,0.0,0.0,,,,45.0,
NM,2022,3,38,2021-09-26,,,,45.0,0.0,0.0,,,,65.0,
NM,2022,4,39,2021-10-03,,,,65.0,0.0,0.0,,,,83.0,
NM,2022,5,40,2021-10-10,,,,78.0,0.0,0.0,,,,89.0,
NM,2022,6,41,2021-10-17,,,,82.0,0.0,0.0,,,,91.0,
NM,2022,7,42,2021-10-24,,,,85.0,0.0,0.0,,,,94.0,
NM,2022,8,43,2021-10-31,,,,87.0,0.0,0.0,,,,95.0,
NM,2022,9,44,2021-11-07,,,,90.0,0.0,0.0,,,,97.0,
NM,2022,10,45,2021-11-14,,,,93.0,0.0,0.0,,,,97.0,
NM,2022,11,46,2021-11-21,,,,96.0,0.0,0.0,,,,97.0,
NM,2022,31,14,2022-04-10,,,,96.0,0.0,2.0,,,,97.0,
NM,2022,32,15,2022-04-17,,,,96.0,0.0,3.0,,,,97.0,
NM,2022,33,16,2022-04-24,,,,96.0,0.0,5.0,,,,97.0,
NM,2022,34,17,2022-05-01,,,,96.0,0.0,26.0,,,,97.0,
NM,2022,35,18,2022-05-08,,,,96.0,0.0,36.0,,,,97.0,
NM,2022,36,19,2022-05-15,,,,96.0,0.0,54.0,,,,97.0,
NM,2022,37,20,2022-05-22,,,,96.0,0.0,74.0,,,,97.0,
NM,2022,38,21,2022-05-29,,,,96.0,1.0,86.0,,,,97.0,
NM,2022,39,22,2022-06-05,,,,96.0,2.0,97.0,,,,97.0,
NM,2022,40,23,2022-06-12,,,,96.0,22.0,97.0,,,,97.0,
NM,2022,41,24,2022-06-19,,,,96.0,36.0,97.0,,,,97.0,
NM,2022,42,25,2022-06-26,,,,96.0,44.0,97.0,,,,97.0,
NM,2022,43,26,2022-07-03,,,,96.0,47.0,97.0,,,,97.0,
NM,2022,44,27,2022-07-10,,,,96.0,62.0,97.0,,,,97.0,
NM,2022,45,28,2022-07-17,,,,96.0,77.0,97.0,,,,97.0,
NM,2022,46,29,2022-07-24,,,,96.0,91.0,97.0,,,,97.0,
NM,2022,47,30,2022-07-31,,,,96.0,96.0,97.0,,,,97.0,
NM,2022,51,34,2022-08-28,,,,96.0,96.0,97.0,,,,1.0,
NM,2022,52,35,2022-09-04,,,,96.0,96.0,97.0,,,,14.0,
NM,2023,1,36,2022-09-11,,,,1.0,0.0,0.0,,,,19.0,
NM,2023,2,37,2022-09-18,,,,9.0,0.0,0.0,,,,24.0,
NM,2023,3,38,2022-09-25,,,,24.0,0.0,0.0,,,,42.0,
NM,2023,4,39,2022-10-02,,,,40.0,0.0,0.0,,,,60.0,
NM,2023,5,40,2022-10-09,,,,45.0,0.0,0.0,,,,70.0,
NM,2023,6,41,2022-10-16,,,,63.0,0.0,0.0,,,,78.0,
NM,2023,7,42,2022-10-23,,,,78.0,0.0,0.0,,,,91.0,
NM,2023,8,43,2022-10-30,,,,80.0,0.0,0.0,,,,95.0,
NM,2023,9,44,2022-11-06,,,,91.0,0.0,0.0,,,,98.0,
NM,2023,10,45,2022-11-13,,,,94.0,0.0,0.0,,,,100.0,
NM,2023,11,46,2022-11-20,,,,97.0,0.0,0.0,,,,100.0,
NM,2023,12,47,2022-11-27,,,,98.0,0.0,0.0,,,,100.0,
NM,2023,31,14,2023-04-09,,,,98.0,0.0,1.0,,,,100.0,
NM,2023,32,15,2023-04-16,,,,98.0,0.0,1.0,,,,100.0,
NM,2023,33,16,2023-04-23,,,,98.0,0.0,15.0,,,,100.0,
NM,2023,34,17,2023-04-30,,,,98.0,0.0,33.0,,,,100.0,
NM,2023,35,18,2023-05-07,,,,98.0,0.0,46.0,,,,100.0,
NM,2023,36,19,2023-05-14,,,,98.0,0.0,57.0,,,,100.0,
NM,2023,37,20,2023-05-21,,,,98.0,0.0,63.0,,,,100.0,
NM,2023,38,21,2023-05-28,,,,98.0,0.0,76.0,,,,100.0,
NM,2023,39,22,2023-06-04,,,,98.0,0.0,90.0,,,,100.0,
NM,2023,40,23,2023-06-11,,,,98.0,0.0,97.0,,,,100.0,
NM,2023,41,24,2023-06-18,,,,98.0,16.0,97.0,,,,100.0,
NM,2023,42,25,2023-06-25,,,,98.0,20.0,97.0,,,,100.0,
NM,2023,43,26,2023-07-02,,,,98.0,23.0,97.0,,,,100.0,
NM,2023,44,27,2023-07-09,,,,98.0,40.0,97.0,,,,100.0,
NM,2023,45,28,2023-07-16,,,,98.0,62.0,97.0,,,,100.0,
NM,2023,46,29,2023-07-23,,,,98.0,77.0,97.0,,,,100.0,
NM,2023,47,30,2023-07-30,,,,98.0,93.0,97.0,,,,100.0,
NM,2023,48,31,2023-08-06,,,,98.0,97.0,97.0,,,,100.0,
NM,2024,1,36,2023-09-10,,,,0.0,0.0,0.0,,,,1.0,
NM,2024,2,37,2023-09-17,,,,0.0,0.0,0.0,,,,19.0,
NM,2024,3,38,2023-09-24,,,,2.0,0.0,0.0,,,,37.0,
NM,2024,4,39,2023-10-01,,,,20.0,0.0,0.0,,,,55.0,
NM,2024,5,40,2023-10-08,,,,47.0,0.0,0.0,,,,75.0,
NM,2024,6,41,2023-10-15,,,,62.0,0.0,0.0,,,,88.0,
NM,2024,7,42,2023-10-22,,,,77.0,0.0,0.0,,,,91.0,
NM,2024,8,43,2023-10-29,,,,89.0,0.0,0.0,,,,94.0,
NM,2024,9,44,2023-11-05,,,,91.0,0.0,0.0,,,,96.0,
NM,2024,10,45,2023-11-12,,,,93.0,0.0,0.0,,,,96.0,
NM,2024,11,46,2023-11-19,,,,97.0,0.0,0.0,,,,96.0,
NM,2024,31,14,2024-04-07,,,,97.0,0.0,1.0,,,,96.0,
NM,2024,32,15,2024-04-14,,,,97.0,0.0,2.0,,,,96.0,
NM,2024,33,16,2024-04-21,,,,97.0,0.0,22.0,,,,96.0,
NM,2024,34,17,2024-04-28,,,,97.0,0.0,30.0,,,,96.0,
NM,2024,35,18,2024-05-05,,,,97.0,0.0,39.0,,,,96.0,
NM,2024,36,19,2024-05-12,,,,97.0,0.0,71.0,,,,96.0,
NM,2024,37,20,2024-05-19,,,,97.0,1.0,98.0,,,,96.0,
NM,2024,38,21,2024-05-26,,,,97.0,5.0,98.0,,,,96.0,
NM,2024,39,22,2024-06-02,,,,97.0,7.0,98.0,,,,96.0,
NM,2024,40,23,2024-06-09,,,,97.0,25.0,98.0,,,,96.0,
NM,2024,41,24,2024-06-16,,,,97.0,26.0,98.0,,,,96.0,
NM,2024,42,25,2024-06-23,,,,97.0,37.0,98.0,,,,96.0,
NM,2024,43,26,2024-06-30,,,,97.0,45.0,98.0,,,,96.0,
NM,2024,44,27,2024-07-07,,,,97.0,48.0,98.0,,,,96.0,
NM,2024,45,28,2024-07-14,,,,97.0,57.0,98.0,,,,96.0,
NM,2024,46,29,2024-07-21,,,,97.0,65.0,98.0,,,,96.0,
NM,2024,47,30,2024-07-28,,,,97.0,84.0,98.0,,,,96.0,
NM,2024,48,31,2024-08-04,,,,97.0,95.0,98.0,,,,96.0,
NM,2024,51,34,2024-08-25,,,,97.0,95.0,98.0,,,,2.0,
NM,2024,52,35,2024-09-01,,,,97.0,95.0,98.0,,,,5.0,
NM,2025,1,36,2024-09-08,,,,0.0,0.0,0.0,,,,15.0,
NM,2025,2,37,2024-09-15,,,,0.0,0.0,0.0,,,,25.0,
NM,2025,3,38,2024-09-22,,,,0.0,0.0,0.0,,,,62.0,
NM,2025,4,39,2024-09-29,,,,10.0,0.0,0.0,,,,68.0,
NM,2025,5,40,2024-10-06,,,,19.0,0.0,0.0,,,,93.0,
NM,2025,6,41,2024-10-13,,,,30.0,0.0,0.0,,,,93.0,
NM,2025,7,42,2024-10-20,,,,50.0,0.0,0.0,,,,93.0,
NM,2025,8,43,2024-10-27,,,,70.0,0.0,0.0,,,,93.0,
NM,2025,9,44,2024-11-03,,,,97.0,0.0,0.0,,,,93.0,
NM,2025,32,15,2025-04-13,,,,97.0,0.0,5.0,,,,93.0,
NM,2025,33,16,2025-04-20,,,,97.0,0.0,10.0,,,,93.0,
NM,2025,34,17,2025-04-27,,,,97.0,0.0,15.0,,,,93.0,
NM,2025,35,18,2025-05-04,,,,97.0,0.0,19.0,,,,93.0,
NM,2025,36,19,2025-05-11,,,,97.0,0.0,40.0,,,,93.0,
NM,2025,37,20,2025-05-18,,,,97.0,0.0,60.0,,,,93.0,
NM,2025,38,21,2025-05-25,,,,97.0,0.0,95.0,,,,93.0,
NM,2025,39,22,2025-06-01,,,,97.0,5.0,95.0,,,,93.0,
NM,2025,40,23,2025-06-08,,,,97.0,6.0,95.0,,,,93.0,
NM,2025,41,24,2025-06-15,,,,97.0,10.0,95.0,,,,93.0,
NM,2025,42,25,2025-06-22,,,,97.0,25.0,95.0,,,,93.0,
NM,2025,43,26,2025-06-29,,,,97.0,28.0,95.0,,,,93.0,
NM,2025,44,27,2025-07-06,,,,97.0,39.0,95.0,,,,93.0,
NM,2025,45,28,2025-07-13,,,,97.0,55.0,95.0,,,,93.0,
NM,2025,46,29,2025-07-20,,,,97.0,80.0,95.0,,,,93.0,
NM,2025,47,30,2025-07-27,,,,97.0,97.0,95.0,,,,93.0,
NM,2025,51,34,2025-08-24,,,,97.0,97.0,95.0,,,,0.0,
NM,2025,52,35,2025-08-31,,,,97.0,97.0,95.0,,,,0.0,
NM,2026,1,36,2025-09-07,,,,0.0,0.0,0.0,,,,5.0,
NM,2026,2,37,2025-09-14,,,,0.0,0.0,0.0,,,,9.0,
NM,2026,3,38,2025-09-21,,,,6.0,0.0,0.0,,,,18.0,
NM,2026,4,39,2025-09-28,,,,10.0,0.0,0.0,,,,30.0,
NM,2026,11,46,2025-11-16,,,,77.0,0.0,0.0,,,,30.0,
NM,2026,12,47,2025-11-23,,,,97.0,0.0,0.0,,,,30.0,
NY,2016,1,36,2015-09-06,,,,0.0,0.0,0.0,,,,3.0,
NY,2016,2,37,2015-09-13,,,,0.0,0.0,0.0,,,,13.0,
NY,2016,3,38,2015-09-20,,,,0.0,0.0,0.0,,,,24.0,
NY,2016,4,39,2015-09-27,,,,0.0,0.0,0.0,,,,40.0,
NY,2016,5,40,2015-10-04,,,,7.0,0.0,0.0,,,,58.0,
NY,2016,6,41,2015-10-11,,,,33.0,0.0,0.0,,,,74.0,
NY,2016,7,42,2015-10-18,,,,48.0,0.0,0.0,,,,85.0,
NY,2016,8,43,2015-10-25,,,,56.0,0.0,0.0,,,,91.0,
NY,2016,9,44,2015-11-01,,,,66.0,0.0,0.0,,,,94.0,
NY,2016,10,45,2015-11-08,,,,83.0,0.0,0.0,,,,96.0,
NY,2016,11,46,2015-11-15,,,,89.0,0.0,0.0,,,,96.0,
NY,2016,12,47,2015-11-22,,,,93.0,0.0,0.0,,,,96.0,
NY,2016,13,48,2015-11-29,,,,95.0,0.0,0.0,,,,96.0,
NY,2016,31,14,2016-04-10,,,,95.0,0.0,0.0,,,,96.0,
NY,2016,32,15,2016-04-17,,,,95.0,0.0,0.0,,,,96.0,
NY,2016,33,16,2016-04-24,,,,95.0,0.0,0.0,,,,96.0,
NY,2016,34,17,2016-05-01,,,,95.0,0.0,0.0,,,,96.0,
NY,2016,35,18,2016-05-08,,,,95.0,0.0,0.0,,,,96.0,
NY,2016,36,19,2016-05-15,,,,95.0,0.0,1.0,,,,96.0,
NY,2016,37,20,2016-05-22,,,,95.0,0.0,6.0,,,,96.0,
NY,2016,38,21,2016-05-29,,,,95.0,0.0,38.0,,,,96.0,
NY,2016,39,22,2016-06-05,,,,95.0,0.0,70.0,,,,96.0,
NY,2016,40,23,2016-06-12,,,,95.0,0.0,91.0,,,,96.0,
NY,2016,41,24,2016-06-19,,,,95.0,0.0,95.0,,,,96.0,
NY,2016,42,25,2016-06-26,,,,95.0,0.0,95.0,,,,96.0,
NY,2016,43,26,2016-07-03,,,,95.0,1.0,95.0,,,,96.0,
NY,2016,44,27,2016-07-10,,,,95.0,6.0,95.0,,,,96.0,
NY,2016,45,28,2016-07-17,,,,95.0,20.0,95.0,,,,96.0,
NY,2016,46,29,2016-07-24,,,,95.0,53.0,95.0,,,,96.0,
NY,2016,47,30,2016-07-31,,,,95.0,88.0,95.0,,,,96.0,
NY,2016,48,31,2016-08-07,,,,95.0,93.0,95.0,,,,96.0,
NY,2016,49,32,2016-08-14,,,,95.0,97.0,95.0,,,,96.0,
NY,2016,50,33,2016-08-21,,,,95.0,98.0,95.0,,,,96.0,
NY,2016,51,34,2016-08-28,,,,95.0,99.0,95.0,,,,96.0,
NY,2016,52,35,2016-09-04,,,,95.0,99.0,95.0,,,,96.0,
NY,2017,1,36,2016-09-11,,,,0.0,0.0,0.0,,,,0.0,
NY,2017,2,37,2016-09-18,,,,0.0,0.0,0.0,,,,12.0,
NY,2017,3,38,2016-09-25,,,,2.0,0.0,0.0,,,,32.0,
NY,2017,4,39,2016-10-02,,,,16.0,0.0,0.0,,,,55.0,
NY,2017,5,40,2016-10-09,,,,35.0,0.0,0.0,,,,76.0,
NY,2017,6,41,2016-10-16,,,,43.0,0.0,0.0,,,,85.0,
NY,2017,7,42,2016-10-23,,,,57.0,0.0,0.0,,,,93.0,
NY,2017,8,43,2016-10-30,,,,68.0,0.0,0.0,,,,95.0,
NY,2017,9,44,2016-11-06,,,,78.0,0.0,0.0,,,,95.0,
NY,2017,10,45,2016-11-13,,,,87.0,0.0,0.0,,,,95.0,
NY,2017,11,46,2016-11-20,,,,90.0,0.0,0.0,,,,95.0,
NY,2017,12,47,2016-11-27,,,,90.0,0.0,0.0,,,,95.0,
NY,2017,31,14,2017-04-09,,,,90.0,0.0,0.0,,,,95.0,
NY,2017,32,15,2017-04-16,,,,90.0,0.0,1.0,,,,95.0,
NY,2017,36,19,2017-05-14,,,,90.0,0.0,2.0,,,,95.0,
NY,2017,37,20,2017-05-21,,,,90.0,0.0,6.0,,,,95.0,
NY,2017,38,21,2017-05-28,,,,90.0,0.0,28.0,,,,95.0,
NY,2017,39,22,2017-06-04,,,,90.0,0.0,48.0,,,,95.0,
NY,2017,40,23,2017-06-11,,,,90.0,0.0,75.0,,,,95.0,
NY,2017,41,24,2017-06-18,,,,90.0,0.0,96.0,,,,95.0,
NY,2017,42,25,2017-06-25,,,,90.0,0.0,99.0,,,,95.0,
NY,2017,43,26,2017-07-02,,,,90.0,0.0,100.0,,,,95.0,
NY,2017,44,27,2017-07-09,,,,90.0,2.0,100.0,,,,95.0,
NY,2017,45,28,2017-07-16,,,,90.0,5.0,100.0,,,,95.0,
NY,2017,46,29,2017-07-23,,,,90.0,30.0,100.0,,,,95.0,
NY,2017,47,30,2017-07-30,,,,90.0,57.0,100.0,,,,95.0,
NY,2017,48,31,2017-08-06,,,,90.0,76.0,100.0,,,,95.0,
NY,2017,49,32,2017-08-13,,,,90.0,80.0,100.0,,,,95.0,
NY,2017,50,33,2017-08-20,,,,90.0,88.0,100.0,,,,95.0,
NY,2018,2,37,2017-09-17,,,,0.0,0.0,0.0,,,,8.0,
NY,2018,3,38,2017-09-24,,,,0.0,0.0,0.0,,,,34.0,
NY,2018,4,39,2017-10-01,,,,0.0,0.0,0.0,,,,48.0,
NY,2018,5,40,2017-10-08,,,,0.0,0.0,0.0,,,,63.0,
NY,2018,6,41,2017-10-15,,,,18.0,0.0,0.0,,,,72.0,
NY,2018,7,42,2017-10-22,,,,36.0,0.0,0.0,,,,88.0,
NY,2018,8,43,2017-10-29,,,,64.0,0.0,0.0,,,,94.0,
NY,2018,9,44,2017-11-05,,,,83.0,0.0,0.0,,,,96.0,
NY,2018,10,45,2017-11-12,,,,84.0,0.0,0.0,,,,97.0,
NY,2018,11,46,2017-11-19,,,,90.0,0.0,0.0,,,,99.0,
NY,2018,12,47,2017-11-26,,,,96.0,0.0,0.0,,,,100.0,
NY,2018,39,22,2018-06-03,,,,96.0,0.0,27.0,,,,100.0,
NY,2018,40,23,2018-06-10,,,,96.0,0.0,56.0,,,,100.0,
NY,2018,41,24,2018-06-17,,,,96.0,0.0,71.0,,,,100.0,
NY,2018,42,25,2018-06-24,,,,96.0,0.0,81.0,,,,100.0,
NY,2018,43,26,2018-07-01,,,,96.0,0.0,90.0,,,,100.0,
NY,2018,44,27,2018-07-08,,,,96.0,2.0,93.0,,,,100.0,
NY,2018,45,28,2018-07-15,,,,96.0,25.0,95.0,,,,100.0,
NY,2018,46,29,2018-07-22,,,,96.0,64.0,96.0,,,,100.0,
NY,2018,47,30,2018-07-29,,,,96.0,80.0,97.0,,,,100.0,
NY,2018,48,31,2018-08-05,,,,96.0,90.0,100.0,,,,100.0,
NY,2018,49,32,2018-08-12,,,,96.0,98.0,100.0,,,,100.0,
NY,2018,50,33,2018-08-19,,,,96.0,100.0,100.0,,,,100.0,
NY,2019,1,36,2018-09-09,,,,0.0,0.0,0.0,,,,6.0,
NY,2019,2,37,2018-09-16,,,,0.0,0.0,0.0,,,,10.0,
NY,2019,3,38,2018-09-23,,,,0.0,0.0,0.0,,,,13.0,
NY,2019,4,39,2018-09-30,,,,0.0,0.0,0.0,,,,30.0,
NY,2019,5,40,2018-10-07,,,,0.0,0.0,0.0,,,,43.0,
NY,2019,6,41,2018-10-14,,,,0.0,0.0,0.0,,,,55.0,
NY,2019,7,42,2018-10-21,,,,30.0,0.0,0.0,,,,65.0,
NY,2019,8,43,2018-10-28,,,,45.0,0.0,0.0,,,,75.0,
NY,2019,9,44,2018-11-04,,,,55.0,0.0,0.0,,,,77.0,
NY,2019,10,45,2018-11-11,,,,60.0,0.0,0.0,,,,79.0,
NY,2019,11,46,2018-11-18,,,,64.0,0.0,0.0,,,,81.0,
NY,2019,12,47,2018-11-25,,,,66.0,0.0,0.0,,,,82.0,
NY,2019,37,20,2019-05-19,,,,66.0,0.0,1.0,,,,82.0,
NY,2019,38,21,2019-05-26,,,,66.0,0.0,2.0,,,,82.0,
NY,2019,39,22,2019-06-02,,,,66.0,0.0,3.0,,,,82.0,
NY,2019,40,23,2019-06-09,,,,66.0,0.0,32.0,,,,82.0,
NY,2019,41,24,2019-06-16,,,,66.0,0.0,59.0,,,,82.0,
NY,2019,42,25,2019-06-23,,,,66.0,0.0,75.0,,,,82.0,
NY,2019,43,26,2019-06-30,,,,66.0,0.0,76.0,,,,82.0,
NY,2019,44,27,2019-07-07,,,,66.0,0.0,84.0,,,,82.0,
NY,2019,45,28,2019-07-14,,,,66.0,0.0,89.0,,,,82.0,
NY,2019,46,29,2019-07-21,,,,66.0,4.0,91.0,,,,82.0,
NY,2019,47,30,2019-07-28,,,,66.0,32.0,93.0,,,,82.0,
NY,2019,48,31,2019-08-04,,,,66.0,54.0,96.0,,,,82.0,
NY,2019,49,32,2019-08-11,,,,66.0,72.0,100.0,,,,82.0,
NY,2019,50,33,2019-08-18,,,,66.0,84.0,100.0,,,,82.0,
NY,2019,51,34,2019-08-25,,,,66.0,96.0,100.0,,,,82.0,
NY,2019,52,35,2019-09-01,,,,66.0,97.0,100.0,,,,82.0,
NY,2020,1,36,2019-09-08,,,,0.0,0.0,0.0,,,,2.0,
NY,2020,2,37,2019-09-15,,,,0.0,0.0,0.0,,,,4.0,
NY,2020,3,38,2019-09-22,,,,0.0,0.0,0.0,,,,25.0,
NY,2020,4,39,2019-09-29,,,,11.0,0.0,0.0,,,,46.0,
NY,2020,5,40,2019-10-06,,,,21.0,0.0,0.0,,,,63.0,
NY,2020,6,41,2019-10-13,,,,40.0,0.0,0.0,,,,74.0,
NY,2020,7,42,2019-10-20,,,,52.0,0.0,0.0,,,,78.0,
NY,2020,8,43,2019-10-27,,,,69.0,0.0,0.0,,,,86.0,
NY,2020,9,44,2019-11-03,,,,77.0,0.0,0.0,,,,94.0,
NY,2020,10,45,2019-11-10,,,,82.0,0.0,0.0,,,,95.0,
NY,2020,11,46,2019-11-17,,,,90.0,0.0,0.0,,,,96.0,
NY,2020,12,47,2019-11-24,,,,92.0,0.0,0.0,,,,97.0,
NY,2020,38,21,2020-05-24,,,,92.0,0.0,1.0,,,,97.0,
NY,2020,39,22,2020-05-31,,,,92.0,0.0,10.0,,,,97.0,
NY,2020,40,23,2020-06-07,,,,92.0,0.0,37.0,,,,97.0,
NY,2020,41,24,2020-06-14,,,,92.0,0.0,64.0,,,,97.0,
NY,2020,42,25,2020-06-21,,,,92.0,0.0,76.0,,,,97.0,
NY,2020,43,26,2020-06-28,,,,92.0,0.0,86.0,,,,97.0,
NY,2020,44,27,2020-07-05,,,,92.0,0.0,92.0,,,,97.0,
NY,2020,45,28,2020-07-12,,,,92.0,11.0,95.0,,,,97.0,
NY,2020,46,29,2020-07-19,,,,92.0,40.0,97.0,,,,97.0,
NY,2020,47,30,2020-07-26,,,,92.0,63.0,100.0,,,,97.0,
NY,2020,48,31,2020-08-02,,,,92.0,78.0,100.0,,,,97.0,
NY,2020,49,32,2020-08-09,,,,92.0,87.0,100.0,,,,97.0,
NY,2020,50,33,2020-08-16,,,,92.0,91.0,100.0,,,,97.0,
NY,2020,51,34,2020-08-23,,,,92.0,93.0,100.0,,,,97.0,
NY,2020,52,35,2020-08-30,,,,92.0,95.0,100.0,,,,97.0,
NY,2021,2,37,2020-09-13,,,,0.0,0.0,0.0,,,,1.0,
NY,2021,3,38,2020-09-20,,,,0.0,0.0,0.0,,,,9.0,
NY,2021,4,39,2020-09-27,,,,2.0,0.0,0.0,,,,34.0,
NY,2021,5,40,2020-10-04,,,,11.0,0.0,0.0,,,,53.0,
NY,2021,6,41,2020-10-11,,,,21.0,0.0,0.0,,,,64.0,
NY,2021,7,42,2020-10-18,,,,41.0,0.0,0.0,,,,78.0,
NY,2021,8,43,2020-10-25,,,,59.0,0.0,0.0,,,,86.0,
NY,2021,9,44,2020-11-01,,,,68.0,0.0,0.0,,,,88.0,
NY,2021,10,45,2020-11-08,,,,81.0,0.0,0.0,,,,91.0,
NY,2021,11,46,2020-11-15,,,,87.0,0.0,0.0,,,,93.0,
NY,2021,12,47,2020-11-22,,,,92.0,0.0,0.0,,,,96.0,
NY,2021,13,48,2020-11-29,,,,93.0,0.0,0.0,,,,99.0,
NY,2021,37,20,2021-05-23,,,,93.0,0.0,3.0,,,,99.0,
NY,2021,38,21,2021-05-30,,,,93.0,0.0,6.0,,,,99.0,
NY,2021,39,22,2021-06-06,,,,93.0,0.0,69.0,,,,99.0,
NY,2021,40,23,2021-06-13,,,,93.0,0.0,76.0,,,,99.0,
NY,2021,41,24,2021-06-20,,,,93.0,0.0,88.0,,,,99.0,
NY,2021,42,25,2021-06-27,,,,93.0,0.0,92.0,,,,99.0,
NY,2021,43,26,2021-07-04,,,,93.0,0.0,93.0,,,,99.0,
NY,2021,44,27,2021-07-11,,,,93.0,0.0,100.0,,,,99.0,
NY,2021,45,28,2021-07-18,,,,93.0,6.0,100.0,,,,99.0,
NY,2021,46,29,2021-07-25,,,,93.0,62.0,100.0,,,,99.0,
NY,2021,47,30,2021-08-01,,,,93.0,84.0,100.0,,,,99.0,
NY,2021,48,31,2021-08-08,,,,93.0,92.0,100.0,,,,99.0,
NY,2021,49,32,2021-08-15,,,,93.0,94.0,100.0,,,,99.0,
NY,2021,50,33,2021-08-22,,,,93.0,95.0,100.0,,,,99.0,
NY,2022,1,36,2021-09-12,,,,0.0,0.0,0.0,,,,0.0,
NY,2022,2,37,2021-09-19,,,,0.0,0.0,0.0,,,,11.0,
NY,2022,3,38,2021-09-26,,,,0.0,0.0,0.0,,,,16.0,
NY,2022,4,39,2021-10-03,,,,0.0,0.0,0.0,,,,34.0,
NY,2022,5,40,2021-10-10,,,,7.0,0.0,0.0,,,,45.0,
NY,2022,6,41,2021-10-17,,,,29.0,0.0,0.0,,,,72.0,
NY,2022,7,42,2021-10-24,,,,48.0,0.0,0.0,,,,78.0,
NY,2022,8,43,2021-10-31,,,,62.0,0.0,0.0,,,,85.0,
NY,2022,9,44,2021-11-07,,,,70.0,0.0,0.0,,,,87.0,
NY,2022,10,45,2021-11-14,,,,76.0,0.0,0.0,,,,88.0,
NY,2022,11,46,2021-11-21,,,,83.0,0.0,0.0,,,,89.0,
NY,2022,12,47,2021-11-28,,,,85.0,0.0,0.0,,,,91.0,
NY,2022,38,21,2022-05-29,,,,85.0,0.0,18.0,,,,91.0,
NY,2022,39,22,2022-06-05,,,,85.0,0.0,58.0,,,,91.0,
NY,2022,40,23,2022-06-12,,,,85.0,0.0,80.0,,,,91.0,
NY,2022,41,24,2022-06-19,,,,85.0,0.0,87.0,,,,91.0,
NY,2022,42,25,2022-06-26,,,,85.0,1.0,96.0,,,,91.0,
NY,2022,43,26,2022-07-03,,,,85.0,1.0,96.0,,,,91.0,
NY,2022,44,27,2022-07-10,,,,85.0,9.0,96.0,,,,91.0,
NY,2022,45,28,2022-07-17,,,,85.0,55.0,96.0,,,,91.0,
NY,2022,46,29,2022-07-24,,,,85.0,86.0,96.0,,,,91.0,
NY,2022,47,30,2022-07-31,,,,85.0,92.0,96.0,,,,91.0,
NY,2022,48,31,2022-08-07,,,,85.0,94.0,96.0,,,,91.0,
NY,2022,49,32,2022-08-14,,,,85.0,95.0,96.0,,,,91.0,
NY,2023,1,36,2022-09-11,,,,0.0,0.0,0.0,,,,0.0,
NY,2023,2,37,2022-09-18,,,,0.0,0.0,0.0,,,,9.0,
NY,2023,3,38,2022-09-25,,,,0.0,0.0,0.0,,,,19.0,
NY,2023,4,39,2022-10-02,,,,0.0,0.0,0.0,,,,28.0,
NY,2023,5,40,2022-10-09,,,,12.0,0.0,0.0,,,,48.0,
NY,2023,6,41,2022-10-16,,,,34.0,0.0,0.0,,,,64.0,
NY,2023,7,42,2022-10-23,,,,52.0,0.0,0.0,,,,80.0,
NY,2023,8,43,2022-10-30,,,,68.0,0.0,0.0,,,,90.0,
NY,2023,9,44,2022-11-06,,,,82.0,0.0,0.0,,,,92.0,
NY,2023,10,45,2022-11-13,,,,89.0,0.0,0.0,,,,94.0,
NY,2023,11,46,2022-11-20,,,,92.0,0.0,0.0,,,,98.0,
NY,2023,12,47,2022-11-27,,,,95.0,0.0,0.0,,,,98.0,
NY,2023,37,20,2023-05-21,,,,95.0,0.0,4.0,,,,98.0,
NY,2023,38,21,2023-05-28,,,,95.0,0.0,19.0,,,,98.0,
NY,2023,39,22,2023-06-04,,,,95.0,0.0,44.0,,,,98.0,
NY,2023,40,23,2023-06-11,,,,95.0,0.0,69.0,,,,98.0,
NY,2023,41,24,2023-06-18,,,,95.0,0.0,80.0,,,,98.0,
NY,2023,42,25,2023-06-25,,,,95.0,0.0,88.0,,,,98.0,
NY,2023,43,26,2023-07-02,,,,95.0,0.0,91.0,,,,98.0,
NY,2023,44,27,2023-07-09,,,,95.0,1.0,94.0,,,,98.0,
NY,2023,45,28,2023-07-16,,,,95.0,17.0,95.0,,,,98.0,
NY,2023,46,29,2023-07-23,,,,95.0,32.0,95.0,,,,98.0,
NY,2023,47,30,2023-07-30,,,,95.0,78.0,95.0,,,,98.0,
NY,2023,48,31,2023-08-06,,,,95.0,87.0,95.0,,,,98.0,
NY,2023,49,32,2023-08-13,,,,95.0,91.0,95.0,,,,98.0,
NY,2023,50,33,2023-08-20,,,,95.0,94.0,95.0,,,,98.0,
NY,2023,51,34,2023-08-27,,,,95.0,96.0,95.0,,,,98.0,
NY,2024,3,38,2023-09-24,,,,0.0,0.0,0.0,,,,19.0,
NY,2024,4,39,2023-10-01,,,,0.0,0.0,0.0,,,,33.0,
NY,2024,5,40,2023-10-08,,,,20.0,0.0,0.0,,,,45.0,
NY,2024,6,41,2023-10-15,,,,29.0,0.0,0.0,,,,52.0,
NY,2024,7,42,2023-10-22,,,,45.0,0.0,0.0,,,,71.0,
NY,2024,8,43,2023-10-29,,,,60.0,0.0,0.0,,,,86.0,
NY,2024,9,44,2023-11-05,,,,77.0,0.0,0.0,,,,96.0,
NY,2024,10,45,2023-11-12,,,,85.0,0.0,0.0,,,,96.0,
NY,2024,11,46,2023-11-19,,,,92.0,0.0,0.0,,,,96.0,
NY,2024,12,47,2023-11-26,,,,94.0,0.0,0.0,,,,96.0,
NY,2024,30,13,2024-03-31,,,,94.0,0.0,0.0,,,,96.0,
NY,2024,31,14,2024-04-07,,,,94.0,0.0,0.0,,,,96.0,
NY,2024,32,15,2024-04-14,,,,94.0,0.0,2.0,,,,96.0,
NY,2024,33,16,2024-04-21,,,,94.0,0.0,3.0,,,,96.0,
NY,2024,34,17,2024-04-28,,,,94.0,0.0,5.0,,,,96.0,
NY,2024,35,18,2024-05-05,,,,94.0,0.0,6.0,,,,96.0,
NY,2024,36,19,2024-05-12,,,,94.0,0.0,10.0,,,,96.0,
NY,2024,37,20,2024-05-19,,,,94.0,0.0,14.0,,,,96.0,
NY,2024,38,21,2024-05-26,,,,94.0,0.0,33.0,,,,96.0,
NY,2024,39,22,2024-06-02,,,,94.0,0.0,48.0,,,,96.0,
NY,2024,40,23,2024-06-09,,,,94.0,0.0,64.0,,,,96.0,
NY,2024,41,24,2024-06-16,,,,94.0,0.0,75.0,,,,96.0,
NY,2024,42,25,2024-06-23,,,,94.0,0.0,88.0,,,,96.0,
NY,2024,43,26,2024-06-30,,,,94.0,0.0,91.0,,,,96.0,
NY,2024,44,27,2024-07-07,,,,94.0,8.0,92.0,,,,96.0,
NY,2024,45,28,2024-07-14,,,,94.0,28.0,95.0,,,,96.0,
NY,2024,46,29,2024-07-21,,,,94.0,56.0,95.0,,,,96.0,
NY,2024,47,30,2024-07-28,,,,94.0,65.0,95.0,,,,96.0,
NY,2024,48,31,2024-08-04,,,,94.0,85.0,95.0,,,,96.0,
NY,2024,49,32,2024-08-11,,,,94.0,92.0,95.0,,,,96.0,
NY,2024,50,33,2024-08-18,,,,94.0,94.0,95.0,,,,96.0,
NY,2025,2,37,2024-09-15,,,,0.0,0.0,0.0,,,,2.0,
NY,2025,3,38,2024-09-22,,,,0.0,0.0,0.0,,,,8.0,
NY,2025,4,39,2024-09-29,,,,0.0,0.0,0.0,,,,22.0,
NY,2025,5,40,2024-10-06,,,,0.0,0.0,0.0,,,,42.0,
NY,2025,6,41,2024-10-13,,,,23.0,0.0,0.0,,,,60.0,
NY,2025,7,42,2024-10-20,,,,41.0,0.0,0.0,,,,72.0,
NY,2025,8,43,2024-10-27,,,,65.0,0.0,0.0,,,,84.0,
NY,2025,9,44,2024-11-03,,,,77.0,0.0,0.0,,,,93.0,
NY,2025,10,45,2024-11-10,,,,86.0,0.0,0.0,,,,97.0,
NY,2025,11,46,2024-11-17,,,,92.0,0.0,0.0,,,,97.0,
NY,2025,12,47,2024-11-24,,,,95.0,0.0,0.0,,,,97.0,
NY,2025,35,18,2025-05-04,,,,95.0,0.0,0.0,,,,97.0,
NY,2025,36,19,2025-05-11,,,,95.0,0.0,1.0,,,,97.0,
NY,2025,37,20,2025-05-18,,,,95.0,0.0,2.0,,,,97.0,
NY,2025,38,21,2025-05-25,,,,95.0,0.0,13.0,,,,97.0,
NY,2025,39,22,2025-06-01,,,,95.0,0.0,41.0,,,,97.0,
NY,2025,40,23,2025-06-08,,,,95.0,0.0,61.0,,,,97.0,
NY,2025,41,24,2025-06-15,,,,95.0,0.0,72.0,,,,97.0,
NY,2025,42,25,2025-06-22,,,,95.0,0.0,88.0,,,,97.0,
NY,2025,43,26,2025-06-29,,,,95.0,0.0,95.0,,,,97.0,
NY,2025,44,27,2025-07-06,,,,95.0,1.0,95.0,,,,97.0,
NY,2025,45,28,2025-07-13,,,,95.0,12.0,95.0,,,,97.0,
NY,2025,46,29,2025-07-20,,,,95.0,33.0,95.0,,,,97.0,
NY,2025,47,30,2025-07-27,,,,95.0,63.0,95.0,,,,97.0,
NY,2025,48,31,2025-08-03,,,,95.0,78.0,95.0,,,,97.0,
NY,2025,49,32,2025-08-10,,,,95.0,89.0,95.0,,,,97.0,
NY,2025,50,33,2025-08-17,,,,95.0,95.0,95.0,,,,97.0,
NY,2026,11,46,2025-11-16,,,,80.0,0.0,0.0,,,,95.0,
NY,2026,12,47,2025-11-23,,,,92.0,0.0,0.0,,,,95.0,
OH,2016,1,36,2015-09-06,,,,0.0,0.0,0.0,0.0,0.0,,0.0,
OH,2016,2,37,2015-09-13,,,,0.0,0.0,0.0,0.0,0.0,,0.0,
OH,2016,3,38,2015-09-20,,,,0.0,0.0,0.0,0.0,0.0,,2.0,
OH,2016,4,39,2015-09-27,,,,0.0,0.0,0.0,0.0,0.0,,13.0,
OH,2016,5,40,2015-10-04,,,,5.0,0.0,0.0,0.0,0.0,,36.0,
OH,2016,6,41,2015-10-11,,,,23.0,0.0,0.0,0.0,0.0,,62.0,
OH,2016,7,42,2015-10-18,,,,50.0,0.0,0.0,0.0,0.0,,85.0,
OH,2016,8,43,2015-10-25,,,,67.0,0.0,0.0,0.0,0.0,,92.0,
OH,2016,9,44,2015-11-01,,,,79.0,0.0,0.0,0.0,0.0,,95.0,
OH,2016,10,45,2015-11-08,,,,92.0,0.0,0.0,0.0,0.0,,99.0,
OH,2016,11,46,2015-11-15,,,,97.0,0.0,0.0,0.0,0.0,,100.0,
OH,2016,12,47,2015-11-22,,,,100.0,0.0,0.0,0.0,0.0,,100.0,
OH,2016,13,48,2015-11-29,,,,100.0,0.0,0.0,0.0,0.0,,100.0,
OH,2016,30,13,2016-04-03,,,,100.0,0.0,0.0,6.0,0.0,,100.0,
OH,2016,31,14,2016-04-10,,,,100.0,0.0,0.0,22.0,0.0,,100.0,
OH,2016,32,15,2016-04-17,,,,100.0,0.0,0.0,36.0,0.0,,100.0,
OH,2016,33,16,2016-04-24,,,,100.0,0.0,0.0,56.0,0.0,,100.0,
OH,2016,34,17,2016-05-01,,,,100.0,0.0,5.0,76.0,0.0,,100.0,
OH,2016,35,18,2016-05-08,,,,100.0,0.0,14.0,87.0,0.0,,100.0,
OH,2016,36,19,2016-05-15,,,,100.0,0.0,32.0,92.0,0.0,,100.0,
OH,2016,37,20,2016-05-22,,,,100.0,0.0,56.0,96.0,0.0,,100.0,
OH,2016,38,21,2016-05-29,,,,100.0,0.0,84.0,99.0,0.0,,100.0,
OH,2016,39,22,2016-06-05,,,,100.0,0.0,96.0,100.0,2.0,,100.0,
OH,2016,40,23,2016-06-12,,,,100.0,0.0,100.0,100.0,5.0,,100.0,
OH,2016,41,24,2016-06-19,,,,100.0,0.0,100.0,100.0,19.0,,100.0,
OH,2016,42,25,2016-06-26,,,,100.0,4.0,100.0,100.0,54.0,,100.0,
OH,2016,43,26,2016-07-03,,,,100.0,56.0,100.0,100.0,91.0,,100.0,
OH,2016,44,27,2016-07-10,,,,100.0,83.0,100.0,100.0,97.0,,100.0,
OH,2016,45,28,2016-07-17,,,,100.0,96.0,100.0,100.0,100.0,,100.0,
OH,2016,46,29,2016-07-24,,,,100.0,100.0,100.0,100.0,100.0,,100.0,
OH,2016,47,30,2016-07-31,,,,100.0,100.0,100.0,100.0,100.0,,100.0,
OH,2016,48,31,2016-08-07,,,,100.0,100.0,100.0,100.0,100.0,,100.0,
OH,2016,49,32,2016-08-14,,,,100.0,100.0,100.0,100.0,100.0,,100.0,
OH,2017,1,36,2016-09-11,,,,0.0,0.0,0.0,0.0,0.0,,0.0,
OH,2017,2,37,2016-09-18,,,,0.0,0.0,0.0,0.0,0.0,,1.0,
OH,2017,3,38,2016-09-25,,,,0.0,0.0,0.0,0.0,0.0,,5.0,
OH,2017,4,39,2016-10-02,,,,1.0,0.0,0.0,0.0,0.0,,10.0,
OH,2017,5,40,2016-10-09,,,,5.0,0.0,0.0,0.0,0.0,,31.0,
OH,2017,6,41,2016-10-16,,,,19.0,0.0,0.0,0.0,0.0,,61.0,
OH,2017,7,42,2016-10-23,,,,45.0,0.0,0.0,0.0,0.0,,85.0,
OH,2017,8,43,2016-10-30,,,,64.0,0.0,0.0,0.0,0.0,,93.0,
OH,2017,9,44,2016-11-06,,,,79.0,0.0,0.0,0.0,0.0,,95.0,
OH,2017,10,45,2016-11-13,,,,88.0,0.0,0.0,0.0,0.0,,99.0,
OH,2017,11,46,2016-11-20,,,,91.0,0.0,0.0,0.0,0.0,,100.0,
OH,2017,12,47,2016-11-27,,,,96.0,0.0,0.0,0.0,0.0,,100.0,
OH,2017,31,14,2017-04-09,,,,96.0,0.0,0.0,0.0,0.0,,100.0,
OH,2017,32,15,2017-04-16,,,,96.0,0.0,0.0,16.0,0.0,,100.0,
OH,2017,33,16,2017-04-23,,,,96.0,0.0,1.0,41.0,0.0,,100.0,
OH,2017,34,17,2017-04-30,,,,96.0,0.0,5.0,69.0,0.0,,100.0,
OH,2017,35,18,2017-05-07,,,,96.0,0.0,19.0,83.0,0.0,,100.0,
OH,2017,36,19,2017-05-14,,,,96.0,0.0,43.0,91.0,0.0,,100.0,
OH,2017,37,20,2017-05-21,,,,96.0,0.0,81.0,97.0,0.0,,100.0,
OH,2017,38,21,2017-05-28,,,,96.0,0.0,94.0,97.0,0.0,,100.0,
OH,2017,39,22,2017-06-04,,,,96.0,0.0,97.0,97.0,1.0,,100.0,
OH,2017,40,23,2017-06-11,,,,96.0,0.0,99.0,97.0,18.0,,100.0,
OH,2017,41,24,2017-06-18,,,,96.0,3.0,100.0,97.0,45.0,,100.0,
OH,2017,42,25,2017-06-25,,,,96.0,10.0,100.0,97.0,74.0,,100.0,
OH,2017,43,26,2017-07-02,,,,96.0,39.0,100.0,97.0,92.0,,100.0,
OH,2017,44,27,2017-07-09,,,,96.0,77.0,100.0,97.0,99.0,,100.0,
OH,2017,45,28,2017-07-16,,,,96.0,87.0,100.0,97.0,100.0,,100.0,
OH,2017,46,29,2017-07-23,,,,96.0,96.0,100.0,97.0,100.0,,100.0,
OH,2017,47,30,2017-07-30,,,,96.0,99.0,100.0,97.0,100.0,,100.0,
OH,2017,48,31,2017-08-06,,,,96.0,100.0,100.0,97.0,100.0,,100.0,
OH,2017,49,32,2017-08-13,,,,96.0,100.0,100.0,97.0,100.0,,100.0,
OH,2018,1,36,2017-09-10,,,,0.0,0.0,0.0,0.0,0.0,,0.0,
OH,2018,2,37,2017-09-17,,,,0.0,0.0,0.0,0.0,0.0,,1.0,
OH,2018,3,38,2017-09-24,,,,0.0,0.0,0.0,0.0,0.0,,3.0,
OH,2018,4,39,2017-10-01,,,,0.0,0.0,0.0,0.0,0.0,,18.0,
OH,2018,5,40,2017-10-08,,,,11.0,0.0,0.0,0.0,0.0,,43.0,
OH,2018,6,41,2017-10-15,,,,33.0,0.0,0.0,0.0,0.0,,56.0,
OH,2018,7,42,2017-10-22,,,,52.0,0.0,0.0,0.0,0.0,,82.0,
OH,2018,8,43,2017-10-29,,,,70.0,0.0,0.0,0.0,0.0,,91.0,
OH,2018,9,44,2017-11-05,,,,82.0,0.0,0.0,0.0,0.0,,94.0,
OH,2018,10,45,2017-11-12,,,,90.0,0.0,0.0,0.0,0.0,,97.0,
OH,2018,11,46,2017-11-19,,,,94.0,0.0,0.0,0.0,0.0,,97.0,
OH,2018,12,47,2017-11-26,,,,96.0,0.0,0.0,0.0,0.0,,97.0,
OH,2018,30,13,2018-04-01,,,,96.0,0.0,0.0,0.0,0.0,,97.0,
OH,2018,31,14,2018-04-08,,,,96.0,0.0,0.0,1.0,0.0,,97.0,
OH,2018,32,15,2018-04-15,,,,96.0,0.0,0.0,5.0,0.0,,97.0,
OH,2018,33,16,2018-04-22,,,,96.0,0.0,0.0,16.0,0.0,,97.0,
OH,2018,34,17,2018-04-29,,,,96.0,0.0,1.0,34.0,0.0,,97.0,
OH,2018,35,18,2018-05-06,,,,96.0,0.0,2.0,55.0,0.0,,97.0,
OH,2018,36,19,2018-05-13,,,,96.0,0.0,5.0,79.0,0.0,,97.0,
OH,2018,37,20,2018-05-20,,,,96.0,0.0,28.0,88.0,0.0,,97.0,
OH,2018,38,21,2018-05-27,,,,96.0,0.0,61.0,95.0,0.0,,97.0,
OH,2018,39,22,2018-06-03,,,,96.0,0.0,87.0,97.0,0.0,,97.0,
OH,2018,40,23,2018-06-10,,,,96.0,0.0,97.0,100.0,0.0,,97.0,
OH,2018,41,24,2018-06-17,,,,96.0,0.0,100.0,100.0,16.0,,97.0,
OH,2018,42,25,2018-06-24,,,,96.0,4.0,100.0,100.0,45.0,,97.0,
OH,2018,43,26,2018-07-01,,,,96.0,24.0,100.0,100.0,75.0,,97.0,
OH,2018,44,27,2018-07-08,,,,96.0,68.0,100.0,100.0,95.0,,97.0,
OH,2018,45,28,2018-07-15,,,,96.0,87.0,100.0,100.0,100.0,,97.0,
OH,2018,46,29,2018-07-22,,,,96.0,96.0,100.0,100.0,100.0,,97.0,
OH,2018,47,30,2018-07-29,,,,96.0,100.0,100.0,100.0,100.0,,97.0,
OH,2018,48,31,2018-08-05,,,,96.0,100.0,100.0,100.0,100.0,,97.0,
OH,2018,49,32,2018-08-12,,,,96.0,100.0,100.0,100.0,100.0,,97.0,
OH,2018,50,33,2018-08-19,,,,96.0,100.0,100.0,100.0,100.0,,97.0,
OH,2018,52,35,2018-09-02,,,,96.0,100.0,100.0,100.0,100.0,,0.0,
OH,2019,1,36,2018-09-09,,,,0.0,0.0,0.0,0.0,0.0,,0.0,
OH,2019,2,37,2018-09-16,,,,0.0,0.0,0.0,0.0,0.0,,0.0,
OH,2019,3,38,2018-09-23,,,,0.0,0.0,0.0,0.0,0.0,,3.0,
OH,2019,4,39,2018-09-30,,,,0.0,0.0,0.0,0.0,0.0,,8.0,
OH,2019,5,40,2018-10-07,,,,11.0,0.0,0.0,0.0,0.0,,33.0,
OH,2019,6,41,2018-10-14,,,,28.0,0.0,0.0,0.0,0.0,,51.0,
OH,2019,7,42,2018-10-21,,,,44.0,0.0,0.0,0.0,0.0,,70.0,
OH,2019,8,43,2018-10-28,,,,60.0,0.0,0.0,0.0,0.0,,84.0,
OH,2019,9,44,2018-11-04,,,,71.0,0.0,0.0,0.0,0.0,,91.0,
OH,2019,10,45,2018-11-11,,,,78.0,0.0,0.0,0.0,0.0,,94.0,
OH,2019,11,46,2018-11-18,,,,84.0,0.0,0.0,0.0,0.0,,96.0,
OH,2019,12,47,2018-11-25,,,,89.0,0.0,0.0,0.0,0.0,,100.0,
OH,2019,31,14,2019-04-07,,,,89.0,0.0,0.0,0.0,0.0,,100.0,
OH,2019,32,15,2019-04-14,,,,89.0,0.0,0.0,3.0,0.0,,100.0,
OH,2019,33,16,2019-04-21,,,,89.0,0.0,0.0,10.0,0.0,,100.0,
OH,2019,34,17,2019-04-28,,,,89.0,0.0,1.0,26.0,0.0,,100.0,
OH,2019,35,18,2019-05-05,,,,89.0,0.0,1.0,43.0,0.0,,100.0,
OH,2019,36,19,2019-05-12,,,,89.0,0.0,6.0,59.0,0.0,,100.0,
OH,2019,37,20,2019-05-19,,,,89.0,0.0,15.0,74.0,0.0,,100.0,
OH,2019,38,21,2019-05-26,,,,89.0,0.0,39.0,88.0,0.0,,100.0,
OH,2019,39,22,2019-06-02,,,,89.0,0.0,65.0,95.0,0.0,,100.0,
OH,2019,40,23,2019-06-09,,,,89.0,0.0,81.0,100.0,0.0,,100.0,
OH,2019,41,24,2019-06-16,,,,89.0,0.0,92.0,100.0,3.0,,100.0,
OH,2019,42,25,2019-06-23,,,,89.0,0.0,96.0,100.0,16.0,,100.0,
OH,2019,43,26,2019-06-30,,,,89.0,7.0,100.0,100.0,46.0,,100.0,
OH,2019,44,27,2019-07-07,,,,89.0,29.0,100.0,100.0,80.0,,100.0,
OH,2019,45,28,2019-07-14,,,,89.0,64.0,100.0,100.0,95.0,,100.0,
OH,2019,46,29,2019-07-21,,,,89.0,83.0,100.0,100.0,100.0,,100.0,
OH,2019,47,30,2019-07-28,,,,89.0,93.0,100.0,100.0,100.0,,100.0,
OH,2019,48,31,2019-08-04,,,,89.0,97.0,100.0,100.0,100.0,,100.0,
OH,2019,49,32,2019-08-11,,,,89.0,100.0,100.0,100.0,100.0,,100.0,
OH,2019,50,33,2019-08-18,,,,89.0,100.0,100.0,100.0,100.0,,100.0,
OH,2019,51,34,2019-08-25,,,,89.0,100.0,100.0,100.0,100.0,,100.0,
OH,2020,2,37,2019-09-15,,,,0.0,0.0,0.0,0.0,0.0,,1.0,
OH,2020,3,38,2019-09-22,,,,0.0,0.0,0.0,0.0,0.0,,11.0,
OH,2020,4,39,2019-09-29,,,,0.0,0.0,0.0,0.0,0.0,,26.0,
OH,2020,5,40,2019-10-06,,,,18.0,0.0,0.0,0.0,0.0,,50.0,
OH,2020,6,41,2019-10-13,,,,37.0,0.0,0.0,0.0,0.0,,72.0,
OH,2020,7,42,2019-10-20,,,,57.0,0.0,0.0,0.0,0.0,,83.0,
OH,2020,8,43,2019-10-27,,,,74.0,0.0,0.0,0.0,0.0,,91.0,
OH,2020,9,44,2019-11-03,,,,86.0,0.0,0.0,0.0,0.0,,96.0,
OH,2020,10,45,2019-11-10,,,,94.0,0.0,0.0,0.0,0.0,,100.0,
OH,2020,11,46,2019-11-17,,,,95.0,0.0,0.0,0.0,0.0,,100.0,
OH,2020,12,47,2019-11-24,,,,100.0,0.0,0.0,0.0,0.0,,100.0,
OH,2020,32,15,2020-04-12,,,,100.0,0.0,0.0,8.0,0.0,,100.0,
OH,2020,33,16,2020-04-19,,,,100.0,0.0,0.0,23.0,0.0,,100.0,
OH,2020,34,17,2020-04-26,,,,100.0,0.0,0.0,40.0,0.0,,100.0,
OH,2020,35,18,2020-05-03,,,,100.0,0.0,0.0,63.0,0.0,,100.0,
OH,2020,36,19,2020-05-10,,,,100.0,0.0,4.0,78.0,0.0,,100.0,
OH,2020,37,20,2020-05-17,,,,100.0,0.0,11.0,88.0,0.0,,100.0,
OH,2020,38,21,2020-05-24,,,,100.0,0.0,42.0,95.0,0.0,,100.0,
OH,2020,39,22,2020-05-31,,,,100.0,0.0,73.0,100.0,0.0,,100.0,
OH,2020,40,23,2020-06-07,,,,100.0,0.0,95.0,100.0,0.0,,100.0,
OH,2020,41,24,2020-06-14,,,,100.0,0.0,100.0,100.0,9.0,,100.0,
OH,2020,42,25,2020-06-21,,,,100.0,0.0,100.0,100.0,39.0,,100.0,
OH,2020,43,26,2020-06-28,,,,100.0,1.0,100.0,100.0,65.0,,100.0,
OH,2020,44,27,2020-07-05,,,,100.0,51.0,100.0,100.0,93.0,,100.0,
OH,2020,45,28,2020-07-12,,,,100.0,85.0,100.0,100.0,98.0,,100.0,
OH,2020,46,29,2020-07-19,,,,100.0,95.0,100.0,100.0,100.0,,100.0,
OH,2020,47,30,2020-07-26,,,,100.0,100.0,100.0,100.0,100.0,,100.0,
OH,2020,48,31,2020-08-02,,,,100.0,100.0,100.0,100.0,100.0,,100.0,
OH,2020,49,32,2020-08-09,,,,100.0,100.0,100.0,100.0,100.0,,100.0,
OH,2020,50,33,2020-08-16,,,,100.0,100.0,100.0,100.0,100.0,,100.0,
OH,2020,51,34,2020-08-23,,,,100.0,100.0,100.0,100.0,100.0,,100.0,
OH,2021,1,36,2020-09-06,,,,0.0,0.0,0.0,0.0,0.0,,0.0,
OH,2021,2,37,2020-09-13,,,,0.0,0.0,0.0,0.0,0.0,,1.0,
OH,2021,3,38,2020-09-20,,,,0.0,0.0,0.0,0.0,0.0,,3.0,
OH,2021,4,39,2020-09-27,,,,0.0,0.0,0.0,0.0,0.0,,14.0,
OH,2021,5,40,2020-10-04,,,,3.0,0.0,0.0,0.0,0.0,,32.0,
OH,2021,6,41,2020-10-11,,,,18.0,0.0,0.0,0.0,0.0,,66.0,
OH,2021,7,42,2020-10-18,,,,37.0,0.0,0.0,0.0,0.0,,84.0,
OH,2021,8,43,2020-10-25,,,,65.0,0.0,0.0,0.0,0.0,,92.0,
OH,2021,9,44,2020-11-01,,,,78.0,0.0,0.0,0.0,0.0,,95.0,
OH,2021,10,45,2020-11-08,,,,90.0,0.0,0.0,0.0,0.0,,100.0,
OH,2021,11,46,2020-11-15,,,,96.0,0.0,0.0,0.0,0.0,,100.0,
OH,2021,12,47,2020-11-22,,,,100.0,0.0,0.0,0.0,0.0,,100.0,
OH,2021,13,48,2020-11-29,,,,100.0,0.0,0.0,0.0,0.0,,100.0,
OH,2021,30,13,2021-04-04,,,,100.0,0.0,0.0,3.0,0.0,,100.0,
OH,2021,31,14,2021-04-11,,,,100.0,0.0,0.0,24.0,0.0,,100.0,
OH,2021,32,15,2021-04-18,,,,100.0,0.0,0.0,43.0,0.0,,100.0,
OH,2021,33,16,2021-04-25,,,,100.0,0.0,0.0,61.0,0.0,,100.0,
OH,2021,34,17,2021-05-02,,,,100.0,0.0,2.0,76.0,0.0,,100.0,
OH,2021,35,18,2021-05-09,,,,100.0,0.0,9.0,83.0,0.0,,100.0,
OH,2021,36,19,2021-05-16,,,,100.0,0.0,15.0,89.0,0.0,,100.0,
OH,2021,37,20,2021-05-23,,,,100.0,0.0,46.0,94.0,0.0,,100.0,
OH,2021,38,21,2021-05-30,,,,100.0,0.0,78.0,98.0,0.0,,100.0,
OH,2021,39,22,2021-06-06,,,,100.0,0.0,91.0,100.0,0.0,,100.0,
OH,2021,40,23,2021-06-13,,,,100.0,0.0,97.0,100.0,8.0,,100.0,
OH,2021,41,24,2021-06-20,,,,100.0,1.0,100.0,100.0,35.0,,100.0,
OH,2021,42,25,2021-06-27,,,,100.0,3.0,100.0,100.0,60.0,,100.0,
OH,2021,43,26,2021-07-04,,,,100.0,30.0,100.0,100.0,85.0,,100.0,
OH,2021,44,27,2021-07-11,,,,100.0,69.0,100.0,100.0,96.0,,100.0,
OH,2021,45,28,2021-07-18,,,,100.0,84.0,100.0,100.0,100.0,,100.0,
OH,2021,46,29,2021-07-25,,,,100.0,94.0,100.0,100.0,100.0,,100.0,
OH,2021,47,30,2021-08-01,,,,100.0,98.0,100.0,100.0,100.0,,100.0,
OH,2021,48,31,2021-08-08,,,,100.0,100.0,100.0,100.0,100.0,,100.0,
OH,2021,52,35,2021-09-05,,,,100.0,100.0,100.0,100.0,100.0,,0.0,
OH,2022,1,36,2021-09-12,,,,0.0,0.0,0.0,0.0,0.0,,1.0,
OH,2022,2,37,2021-09-19,,,,0.0,0.0,0.0,0.0,0.0,,2.0,
OH,2022,3,38,2021-09-26,,,,1.0,0.0,0.0,0.0,0.0,,5.0,
OH,2022,4,39,2021-10-03,,,,1.0,0.0,0.0,0.0,0.0,,25.0,
OH,2022,5,40,2021-10-10,,,,9.0,0.0,0.0,0.0,0.0,,42.0,
OH,2022,6,41,2021-10-17,,,,29.0,0.0,0.0,0.0,0.0,,59.0,
OH,2022,7,42,2021-10-24,,,,52.0,0.0,0.0,0.0,0.0,,75.0,
OH,2022,8,43,2021-10-31,,,,66.0,0.0,0.0,0.0,0.0,,80.0,
OH,2022,9,44,2021-11-07,,,,74.0,0.0,0.0,0.0,0.0,,86.0,
OH,2022,10,45,2021-11-14,,,,84.0,0.0,0.0,0.0,0.0,,92.0,
OH,2022,11,46,2021-11-21,,,,90.0,0.0,0.0,0.0,0.0,,95.0,
OH,2022,12,47,2021-11-28,,,,94.0,0.0,0.0,0.0,0.0,,100.0,
OH,2022,30,13,2022-04-03,,,,94.0,0.0,0.0,2.0,0.0,,100.0,
OH,2022,31,14,2022-04-10,,,,94.0,0.0,0.0,6.0,0.0,,100.0,
OH,2022,32,15,2022-04-17,,,,94.0,0.0,0.0,20.0,0.0,,100.0,
OH,2022,33,16,2022-04-24,,,,94.0,0.0,0.0,41.0,0.0,,100.0,
OH,2022,34,17,2022-05-01,,,,94.0,0.0,0.0,58.0,0.0,,100.0,
OH,2022,35,18,2022-05-08,,,,94.0,0.0,0.0,68.0,0.0,,100.0,
OH,2022,36,19,2022-05-15,,,,94.0,0.0,6.0,87.0,0.0,,100.0,
OH,2022,37,20,2022-05-22,,,,94.0,0.0,29.0,93.0,0.0,,100.0,
OH,2022,38,21,2022-05-29,,,,94.0,0.0,65.0,96.0,0.0,,100.0,
OH,2022,39,22,2022-06-05,,,,94.0,0.0,86.0,99.0,1.0,,100.0,
OH,2022,40,23,2022-06-12,,,,94.0,0.0,94.0,100.0,5.0,,100.0,
OH,2022,41,24,2022-06-19,,,,94.0,0.0,97.0,100.0,22.0,,100.0,
OH,2022,42,25,2022-06-26,,,,94.0,3.0,100.0,100.0,70.0,,100.0,
OH,2022,43,26,2022-07-03,,,,94.0,47.0,100.0,100.0,92.0,,100.0,
OH,2022,44,27,2022-07-10,,,,94.0,82.0,100.0,100.0,98.0,,100.0,
OH,2022,45,28,2022-07-17,,,,94.0,96.0,100.0,100.0,100.0,,100.0,
OH,2022,46,29,2022-07-24,,,,94.0,96.0,100.0,100.0,100.0,,100.0,
OH,2022,47,30,2022-07-31,,,,94.0,100.0,100.0,100.0,100.0,,100.0,
OH,2022,48,31,2022-08-07,,,,94.0,100.0,100.0,100.0,100.0,,100.0,
OH,2022,49,32,2022-08-14,,,,94.0,100.0,100.0,100.0,100.0,,100.0,
OH,2022,50,33,2022-08-21,,,,94.0,100.0,100.0,100.0,100.0,,100.0,
OH,2022,52,35,2022-09-04,,,,94.0,100.0,100.0,100.0,100.0,,0.0,
OH,2023,1,36,2022-09-11,,,,0.0,0.0,0.0,0.0,0.0,,0.0,
OH,2023,2,37,2022-09-18,,,,0.0,0.0,0.0,0.0,0.0,,0.0,
OH,2023,3,38,2022-09-25,,,,0.0,0.0,0.0,0.0,0.0,,2.0,
OH,2023,4,39,2022-10-02,,,,0.0,0.0,0.0,0.0,0.0,,17.0,
OH,2023,5,40,2022-10-09,,,,2.0,0.0,0.0,0.0,0.0,,37.0,
OH,2023,6,41,2022-10-16,,,,10.0,0.0,0.0,0.0,0.0,,66.0,
OH,2023,7,42,2022-10-23,,,,30.0,0.0,0.0,0.0,0.0,,84.0,
OH,2023,8,43,2022-10-30,,,,57.0,0.0,0.0,0.0,0.0,,93.0,
OH,2023,9,44,2022-11-06,,,,73.0,0.0,0.0,0.0,0.0,,97.0,
OH,2023,10,45,2022-11-13,,,,83.0,0.0,0.0,0.0,0.0,,99.0,
OH,2023,11,46,2022-11-20,,,,93.0,0.0,0.0,0.0,0.0,,100.0,
OH,2023,12,47,2022-11-27,,,,96.0,0.0,0.0,0.0,0.0,,100.0,
OH,2023,30,13,2023-04-02,,,,96.0,0.0,0.0,2.0,0.0,,100.0,
OH,2023,31,14,2023-04-09,,,,96.0,0.0,0.0,16.0,0.0,,100.0,
OH,2023,32,15,2023-04-16,,,,96.0,0.0,0.0,44.0,0.0,,100.0,
OH,2023,33,16,2023-04-23,,,,96.0,0.0,0.0,69.0,0.0,,100.0,
OH,2023,34,17,2023-04-30,,,,96.0,0.0,0.0,81.0,0.0,,100.0,
OH,2023,35,18,2023-05-07,,,,96.0,0.0,1.0,85.0,0.0,,100.0,
OH,2023,36,19,2023-05-14,,,,96.0,0.0,11.0,89.0,0.0,,100.0,
OH,2023,37,20,2023-05-21,,,,96.0,0.0,26.0,92.0,0.0,,100.0,
OH,2023,38,21,2023-05-28,,,,96.0,0.0,75.0,97.0,0.0,,100.0,
OH,2023,39,22,2023-06-04,,,,96.0,0.0,89.0,100.0,1.0,,100.0,
OH,2023,40,23,2023-06-11,,,,96.0,0.0,94.0,100.0,15.0,,100.0,
OH,2023,41,24,2023-06-18,,,,96.0,0.0,95.0,100.0,35.0,,100.0,
OH,2023,42,25,2023-06-25,,,,96.0,1.0,99.0,100.0,55.0,,100.0,
OH,2023,43,26,2023-07-02,,,,96.0,5.0,100.0,100.0,74.0,,100.0,
OH,2023,44,27,2023-07-09,,,,96.0,32.0,100.0,100.0,92.0,,100.0,
OH,2023,45,28,2023-07-16,,,,96.0,85.0,100.0,100.0,99.0,,100.0,
OH,2023,46,29,2023-07-23,,,,96.0,96.0,100.0,100.0,100.0,,100.0,
OH,2023,47,30,2023-07-30,,,,96.0,100.0,100.0,100.0,100.0,,100.0,
OH,2023,48,31,2023-08-06,,,,96.0,100.0,100.0,100.0,100.0,,100.0,
OH,2023,49,32,2023-08-13,,,,96.0,100.0,100.0,100.0,100.0,,100.0,
OH,2023,50,33,2023-08-20,,,,96.0,100.0,100.0,100.0,100.0,,100.0,
OH,2023,52,35,2023-09-03,,,,96.0,100.0,100.0,100.0,100.0,,0.0,
OH,2024,1,36,2023-09-10,,,,0.0,0.0,0.0,0.0,0.0,,0.0,
OH,2024,2,37,2023-09-17,,,,0.0,0.0,0.0,0.0,0.0,,1.0,
OH,2024,3,38,2023-09-24,,,,0.0,0.0,0.0,0.0,0.0,,3.0,
OH,2024,4,39,2023-10-01,,,,2.0,0.0,0.0,0.0,0.0,,11.0,
OH,2024,5,40,2023-10-08,,,,4.0,0.0,0.0,0.0,0.0,,31.0,
OH,2024,6,41,2023-10-15,,,,12.0,0.0,0.0,0.0,0.0,,52.0,
OH,2024,7,42,2023-10-22,,,,34.0,0.0,0.0,0.0,0.0,,73.0,
OH,2024,8,43,2023-10-29,,,,57.0,0.0,0.0,0.0,0.0,,87.0,
OH,2024,9,44,2023-11-05,,,,76.0,0.0,0.0,0.0,0.0,,95.0,
OH,2024,10,45,2023-11-12,,,,90.0,0.0,0.0,0.0,0.0,,99.0,
OH,2024,11,46,2023-11-19,,,,95.0,0.0,0.0,0.0,0.0,,100.0,
OH,2024,12,47,2023-11-26,,,,99.0,0.0,0.0,0.0,0.0,,100.0,
OH,2024,30,13,2024-03-31,,,,99.0,0.0,0.0,4.0,0.0,,100.0,
OH,2024,31,14,2024-04-07,,,,99.0,0.0,0.0,16.0,0.0,,100.0,
OH,2024,32,15,2024-04-14,,,,99.0,0.0,0.0,51.0,0.0,,100.0,
OH,2024,33,16,2024-04-21,,,,99.0,0.0,0.0,69.0,0.0,,100.0,
OH,2024,34,17,2024-04-28,,,,99.0,0.0,0.0,83.0,0.0,,100.0,
OH,2024,35,18,2024-05-05,,,,99.0,0.0,5.0,92.0,0.0,,100.0,
OH,2024,36,19,2024-05-12,,,,99.0,0.0,36.0,94.0,0.0,,100.0,
OH,2024,37,20,2024-05-19,,,,99.0,0.0,70.0,98.0,0.0,,100.0,
OH,2024,38,21,2024-05-26,,,,99.0,0.0,88.0,100.0,0.0,,100.0,
OH,2024,39,22,2024-06-02,,,,99.0,0.0,96.0,100.0,1.0,,100.0,
OH,2024,40,23,2024-06-09,,,,99.0,0.0,99.0,100.0,17.0,,100.0,
OH,2024,41,24,2024-06-16,,,,99.0,1.0,100.0,100.0,52.0,,100.0,
OH,2024,42,25,2024-06-23,,,,99.0,17.0,100.0,100.0,86.0,,100.0,
OH,2024,43,26,2024-06-30,,,,99.0,49.0,100.0,100.0,96.0,,100.0,
OH,2024,44,27,2024-07-07,,,,99.0,88.0,100.0,100.0,100.0,,100.0,
OH,2024,45,28,2024-07-14,,,,99.0,97.0,100.0,100.0,100.0,,100.0,
OH,2024,46,29,2024-07-21,,,,99.0,100.0,100.0,100.0,100.0,,100.0,
OH,2024,47,30,2024-07-28,,,,99.0,100.0,100.0,100.0,100.0,,100.0,
OH,2024,48,31,2024-08-04,,,,99.0,100.0,100.0,100.0,100.0,,100.0,
OH,2024,49,32,2024-08-11,,,,99.0,100.0,100.0,100.0,100.0,,100.0,
OH,2024,50,33,2024-08-18,,,,99.0,100.0,100.0,100.0,100.0,,100.0,
OH,2024,52,35,2024-09-01,,,,99.0,100.0,100.0,100.0,100.0,,0.0,
OH,2025,1,36,2024-09-08,,,,0.0,0.0,0.0,0.0,,,0.0,
OH,2025,2,37,2024-09-15,,,,0.0,0.0,0.0,0.0,,,1.0,
OH,2025,3,38,2024-09-22,,,,0.0,0.0,0.0,0.0,,,4.0,
OH,2025,4,39,2024-09-29,,,,0.0,0.0,0.0,0.0,,,17.0,
OH,2025,5,40,2024-10-06,,,,8.0,0.0,0.0,0.0,,,32.0,
OH,2025,6,41,2024-10-13,,,,18.0,0.0,0.0,0.0,,,58.0,
OH,2025,7,42,2024-10-20,,,,36.0,0.0,0.0,0.0,,,77.0,
OH,2025,8,43,2024-10-27,,,,52.0,0.0,0.0,0.0,,,88.0,
OH,2025,9,44,2024-11-03,,,,69.0,0.0,0.0,0.0,,,95.0,
OH,2025,10,45,2024-11-10,,,,86.0,0.0,0.0,0.0,,,99.0,
OH,2025,11,46,2024-11-17,,,,94.0,0.0,0.0,0.0,,,100.0,
OH,2025,12,47,2024-11-24,,,,97.0,0.0,0.0,0.0,,,100.0,
OH,2025,31,14,2025-04-06,,,,97.0,0.0,0.0,2.0,,,100.0,
OH,2025,32,15,2025-04-13,,,,97.0,0.0,0.0,12.0,,,100.0,
OH,2025,33,16,2025-04-20,,,,97.0,0.0,0.0,31.0,,,100.0,
OH,2025,34,17,2025-04-27,,,,97.0,0.0,0.0,55.0,,,100.0,
OH,2025,35,18,2025-05-04,,,,97.0,0.0,7.0,75.0,,,100.0,
OH,2025,36,19,2025-05-11,,,,97.0,0.0,14.0,88.0,,,100.0,
OH,2025,37,20,2025-05-18,,,,97.0,0.0,33.0,94.0,,,100.0,
OH,2025,38,21,2025-05-25,,,,97.0,0.0,75.0,98.0,,,100.0,
OH,2025,39,22,2025-06-01,,,,97.0,0.0,86.0,100.0,,,100.0,
OH,2025,40,23,2025-06-08,,,,97.0,0.0,95.0,100.0,,,100.0,
OH,2025,41,24,2025-06-15,,,,97.0,0.0,99.0,100.0,,,100.0,
OH,2025,42,25,2025-06-22,,,,97.0,2.0,100.0,100.0,,,100.0,
OH,2025,43,26,2025-06-29,,,,97.0,14.0,100.0,100.0,,,100.0,
OH,2025,44,27,2025-07-06,,,,97.0,48.0,100.0,100.0,,,100.0,
OH,2025,45,28,2025-07-13,,,,97.0,79.0,100.0,100.0,,,100.0,
OH,2025,46,29,2025-07-20,,,,97.0,93.0,100.0,100.0,,,100.0,
OH,2025,47,30,2025-07-27,,,,97.0,97.0,100.0,100.0,,,100.0,
OH,2025,48,31,2025-08-03,,,,97.0,100.0,100.0,100.0,,,100.0,
OH,2025,49,32,2025-08-10,,,,97.0,100.0,100.0,100.0,,,100.0,
OH,2025,50,33,2025-08-17,,,,97.0,100.0,100.0,100.0,,,100.0,
OH,2025,51,34,2025-08-24,,,,97.0,100.0,100.0,100.0,,,100.0,
OH,2025,52,35,2025-08-31,,,,97.0,100.0,100.0,100.0,,,100.0,
OH,2026,1,36,2025-09-07,,,,0.0,0.0,0.0,0.0,,,0.0,
OH,2026,2,37,2025-09-14,,,,0.0,0.0,0.0,0.0,,,0.0,
OH,2026,3,38,2025-09-21,,,,0.0,0.0,0.0,0.0,,,2.0,
OH,2026,4,39,2025-09-28,,,,1.0,0.0,0.0,0.0,,,11.0,
OH,2026,11,46,2025-11-16,,,,90.0,0.0,0.0,0.0,,,98.0,
OH,2026,12,47,2025-11-23,,,,97.0,0.0,0.0,0.0,,,99.0,
OK,2016,1,36,2015-09-06,,,,0.0,0.0,0.0,0.0,,0.0,0.0,0.0
OK,2016,2,37,2015-09-13,,,,0.0,0.0,0.0,0.0,,0.0,0.0,0.0
OK,2016,3,38,2015-09-20,,,,0.0,0.0,0.0,0.0,,0.0,6.0,0.0
OK,2016,4,39,2015-09-27,,,,1.0,0.0,0.0,0.0,,0.0,21.0,0.0
OK,2016,5,40,2015-10-04,,,,17.0,0.0,0.0,0.0,,0.0,46.0,0.0
OK,2016,6,41,2015-10-11,,,,32.0,0.0,0.0,0.0,,0.0,65.0,0.0
OK,2016,7,42,2015-10-18,,,,49.0,0.0,0.0,0.0,,0.0,78.0,0.0
OK,2016,8,43,2015-10-25,,,,62.0,0.0,0.0,0.0,,0.0,85.0,0.0
OK,2016,9,44,2015-11-01,,,,79.0,0.0,0.0,0.0,,0.0,91.0,0.0
OK,2016,10,45,2015-11-08,,,,86.0,0.0,0.0,0.0,,0.0,94.0,0.0
OK,2016,11,46,2015-11-15,,,,92.0,0.0,0.0,0.0,,0.0,97.0,0.0
OK,2016,12,47,2015-11-22,,,,93.0,0.0,0.0,0.0,,0.0,100.0,0.0
OK,2016,13,48,2015-11-29,,,,97.0,0.0,0.0,0.0,,0.0,100.0,0.0
OK,2016,21,4,2016-01-31,,,,97.0,0.0,0.0,0.0,,49.0,100.0,0.0
OK,2016,25,8,2016-02-28,,,,97.0,0.0,0.0,0.0,,50.0,100.0,0.0
OK,2016,26,9,2016-03-06,,,,97.0,0.0,0.0,0.0,,51.0,100.0,0.0
OK,2016,27,10,2016-03-13,,,,97.0,0.0,0.0,10.0,,51.0,100.0,0.0
OK,2016,28,11,2016-03-20,,,,97.0,0.0,0.0,38.0,,51.0,100.0,0.0
OK,2016,29,12,2016-03-27,,,,97.0,0.0,0.0,45.0,,51.0,100.0,0.0
OK,2016,30,13,2016-04-03,,,,97.0,0.0,0.0,60.0,,51.0,100.0,0.0
OK,2016,31,14,2016-04-10,,,,97.0,0.0,0.0,82.0,,51.0,100.0,0.0
OK,2016,32,15,2016-04-17,,,,97.0,0.0,25.0,91.0,,51.0,100.0,0.0
OK,2016,33,16,2016-04-24,,,,97.0,0.0,57.0,96.0,,51.0,100.0,0.0
OK,2016,34,17,2016-05-01,,,,97.0,0.0,72.0,97.0,,51.0,100.0,0.0
OK,2016,35,18,2016-05-08,,,,97.0,0.0,92.0,98.0,,51.0,100.0,0.0
OK,2016,36,19,2016-05-15,,,,97.0,0.0,95.0,99.0,,51.0,100.0,0.0
OK,2016,37,20,2016-05-22,,,,97.0,0.0,99.0,100.0,,51.0,100.0,0.0
OK,2016,38,21,2016-05-29,,,,97.0,0.0,100.0,100.0,,51.0,100.0,0.0
OK,2016,39,22,2016-06-05,,,,97.0,5.0,100.0,100.0,,51.0,100.0,0.0
OK,2016,40,23,2016-06-12,,,,97.0,34.0,100.0,100.0,,51.0,100.0,0.0
OK,2016,41,24,2016-06-19,,,,97.0,55.0,100.0,100.0,,51.0,100.0,0.0
OK,2016,42,25,2016-06-26,,,,97.0,87.0,100.0,100.0,,51.0,100.0,0.0
OK,2016,43,26,2016-07-03,,,,97.0,96.0,100.0,100.0,,51.0,100.0,0.0
OK,2016,44,27,2016-07-10,,,,97.0,98.0,100.0,100.0,,51.0,100.0,0.0
OK,2016,45,28,2016-07-17,,,,97.0,100.0,100.0,100.0,,51.0,100.0,0.0
OK,2016,46,29,2016-07-24,,,,97.0,100.0,100.0,100.0,,51.0,100.0,0.0
OK,2016,47,30,2016-07-31,,,,97.0,100.0,100.0,100.0,,51.0,100.0,0.0
OK,2016,48,31,2016-08-07,,,,97.0,100.0,100.0,100.0,,51.0,100.0,0.0
OK,2016,49,32,2016-08-14,,,,97.0,100.0,100.0,100.0,,51.0,100.0,0.0
OK,2016,50,33,2016-08-21,,,,97.0,100.0,100.0,100.0,,51.0,100.0,0.0
OK,2017,1,36,2016-09-11,,,,0.0,0.0,0.0,0.0,,0.0,1.0,
OK,2017,2,37,2016-09-18,,,,0.0,0.0,0.0,0.0,,0.0,19.0,
OK,2017,3,38,2016-09-25,,,,1.0,0.0,0.0,0.0,,0.0,25.0,
OK,2017,4,39,2016-10-02,,,,16.0,0.0,0.0,0.0,,0.0,42.0,
OK,2017,5,40,2016-10-09,,,,30.0,0.0,0.0,0.0,,0.0,65.0,
OK,2017,6,41,2016-10-16,,,,51.0,0.0,0.0,0.0,,0.0,78.0,
OK,2017,7,42,2016-10-23,,,,64.0,0.0,0.0,0.0,,0.0,83.0,
OK,2017,8,43,2016-10-30,,,,76.0,0.0,0.0,0.0,,0.0,88.0,
OK,2017,9,44,2016-11-06,,,,83.0,0.0,0.0,0.0,,0.0,94.0,
OK,2017,10,45,2016-11-13,,,,89.0,0.0,0.0,0.0,,0.0,96.0,
OK,2017,11,46,2016-11-20,,,,92.0,0.0,0.0,0.0,,0.0,100.0,
OK,2017,12,47,2016-11-27,,,,96.0,0.0,0.0,0.0,,0.0,100.0,
OK,2017,21,4,2017-01-29,,,,96.0,0.0,0.0,0.0,,55.0,100.0,
OK,2017,25,8,2017-02-26,,,,96.0,0.0,0.0,0.0,,65.0,100.0,
OK,2017,26,9,2017-03-05,,,,96.0,0.0,0.0,6.0,,65.0,100.0,
OK,2017,27,10,2017-03-12,,,,96.0,0.0,0.0,22.0,,65.0,100.0,
OK,2017,28,11,2017-03-19,,,,96.0,0.0,0.0,38.0,,65.0,100.0,
OK,2017,29,12,2017-03-26,,,,96.0,0.0,0.0,47.0,,65.0,100.0,
OK,2017,30,13,2017-04-02,,,,96.0,0.0,0.0,66.0,,65.0,100.0,
OK,2017,31,14,2017-04-09,,,,96.0,0.0,8.0,66.0,,65.0,100.0,
OK,2017,32,15,2017-04-16,,,,96.0,0.0,40.0,92.0,,65.0,100.0,
OK,2017,33,16,2017-04-23,,,,96.0,0.0,65.0,93.0,,65.0,100.0,
OK,2017,34,17,2017-04-30,,,,96.0,0.0,76.0,96.0,,65.0,100.0,
OK,2017,35,18,2017-05-07,,,,96.0,0.0,90.0,96.0,,65.0,100.0,
OK,2017,36,19,2017-05-14,,,,96.0,0.0,94.0,96.0,,65.0,100.0,
OK,2017,37,20,2017-05-21,,,,96.0,1.0,98.0,96.0,,65.0,100.0,
OK,2017,38,21,2017-05-28,,,,96.0,3.0,100.0,96.0,,65.0,100.0,
OK,2017,39,22,2017-06-04,,,,96.0,25.0,100.0,96.0,,65.0,100.0,
OK,2017,40,23,2017-06-11,,,,96.0,52.0,100.0,96.0,,65.0,100.0,
OK,2017,41,24,2017-06-18,,,,96.0,77.0,100.0,96.0,,65.0,100.0,
OK,2017,42,25,2017-06-25,,,,96.0,90.0,100.0,96.0,,65.0,100.0,
OK,2017,43,26,2017-07-02,,,,96.0,95.0,100.0,96.0,,65.0,100.0,
OK,2017,44,27,2017-07-09,,,,96.0,97.0,100.0,96.0,,65.0,100.0,
OK,2017,45,28,2017-07-16,,,,96.0,98.0,100.0,96.0,,65.0,100.0,
OK,2017,46,29,2017-07-23,,,,96.0,100.0,100.0,96.0,,65.0,100.0,
OK,2017,47,30,2017-07-30,,,,96.0,100.0,100.0,96.0,,65.0,100.0,
OK,2017,48,31,2017-08-06,,,,96.0,100.0,100.0,96.0,,65.0,100.0,
OK,2017,49,32,2017-08-13,,,,96.0,100.0,100.0,96.0,,65.0,100.0,
OK,2017,50,33,2017-08-20,,,,96.0,100.0,100.0,96.0,,65.0,100.0,
OK,2018,1,36,2017-09-10,,,,0.0,0.0,0.0,0.0,,0.0,1.0,
OK,2018,2,37,2017-09-17,,,,0.0,0.0,0.0,0.0,,0.0,11.0,
OK,2018,3,38,2017-09-24,,,,0.0,0.0,0.0,0.0,,0.0,16.0,
OK,2018,4,39,2017-10-01,,,,2.0,0.0,0.0,0.0,,0.0,30.0,
OK,2018,5,40,2017-10-08,,,,15.0,0.0,0.0,0.0,,0.0,42.0,
OK,2018,6,41,2017-10-15,,,,35.0,0.0,0.0,0.0,,0.0,57.0,
OK,2018,7,42,2017-10-22,,,,55.0,0.0,0.0,0.0,,0.0,72.0,
OK,2018,8,43,2017-10-29,,,,70.0,0.0,0.0,0.0,,0.0,83.0,
OK,2018,9,44,2017-11-05,,,,78.0,0.0,0.0,0.0,,0.0,90.0,
OK,2018,10,45,2017-11-12,,,,86.0,0.0,0.0,0.0,,0.0,93.0,
OK,2018,11,46,2017-11-19,,,,90.0,0.0,0.0,0.0,,0.0,97.0,
OK,2018,12,47,2017-11-26,,,,95.0,0.0,0.0,0.0,,0.0,97.0,
OK,2018,17,52,2017-01-01,,,,95.0,0.0,0.0,0.0,,47.0,97.0,
OK,2018,17,52,2017-12-31,,,,95.0,0.0,0.0,0.0,,35.0,97.0,
OK,2018,21,4,2018-01-28,,,,95.0,0.0,0.0,0.0,,40.0,97.0,
OK,2018,25,8,2018-02-25,,,,95.0,0.0,0.0,0.0,,46.0,97.0,
OK,2018,26,9,2018-03-04,,,,95.0,0.0,0.0,0.0,,47.0,97.0,
OK,2018,27,10,2018-03-11,,,,95.0,0.0,0.0,13.0,,47.0,97.0,
OK,2018,28,11,2018-03-18,,,,95.0,0.0,0.0,21.0,,47.0,97.0,
OK,2018,29,12,2018-03-25,,,,95.0,0.0,0.0,36.0,,47.0,97.0,
OK,2018,30,13,2018-04-01,,,,95.0,0.0,0.0,46.0,,47.0,97.0,
OK,2018,31,14,2018-04-08,,,,95.0,0.0,1.0,57.0,,47.0,97.0,
OK,2018,32,15,2018-04-15,,,,95.0,0.0,15.0,75.0,,47.0,97.0,
OK,2018,33,16,2018-04-22,,,,95.0,0.0,23.0,78.0,,47.0,97.0,
OK,2018,34,17,2018-04-29,,,,95.0,0.0,35.0,86.0,,47.0,97.0,
OK,2018,35,18,2018-05-06,,,,95.0,0.0,80.0,94.0,,47.0,97.0,
OK,2018,36,19,2018-05-13,,,,95.0,0.0,89.0,98.0,,47.0,97.0,
OK,2018,37,20,2018-05-20,,,,95.0,0.0,96.0,98.0,,47.0,97.0,
OK,2018,38,21,2018-05-27,,,,95.0,0.0,97.0,98.0,,47.0,97.0,
OK,2018,39,22,2018-06-03,,,,95.0,7.0,100.0,98.0,,47.0,97.0,
OK,2018,40,23,2018-06-10,,,,95.0,49.0,100.0,98.0,,47.0,97.0,
OK,2018,41,24,2018-06-17,,,,95.0,73.0,100.0,98.0,,47.0,97.0,
OK,2018,42,25,2018-06-24,,,,95.0,92.0,100.0,98.0,,47.0,97.0,
OK,2018,43,26,2018-07-01,,,,95.0,98.0,100.0,98.0,,47.0,97.0,
OK,2018,44,27,2018-07-08,,,,95.0,99.0,100.0,98.0,,47.0,97.0,
OK,2018,45,28,2018-07-15,,,,95.0,100.0,100.0,98.0,,47.0,97.0,
OK,2018,46,29,2018-07-22,,,,95.0,100.0,100.0,98.0,,47.0,97.0,
OK,2018,47,30,2018-07-29,,,,95.0,100.0,100.0,98.0,,47.0,97.0,
OK,2018,48,31,2018-08-05,,,,95.0,100.0,100.0,98.0,,47.0,97.0,
OK,2018,49,32,2018-08-12,,,,95.0,100.0,100.0,98.0,,47.0,97.0,
OK,2018,50,33,2018-08-19,,,,95.0,100.0,100.0,98.0,,47.0,97.0,
OK,2019,1,36,2018-09-09,,,,0.0,0.0,0.0,0.0,,0.0,2.0,
OK,2019,2,37,2018-09-16,,,,0.0,0.0,0.0,0.0,,0.0,12.0,
OK,2019,3,38,2018-09-23,,,,0.0,0.0,0.0,0.0,,0.0,27.0,
OK,2019,4,39,2018-09-30,,,,5.0,0.0,0.0,0.0,,0.0,41.0,
OK,2019,5,40,2018-10-07,,,,28.0,0.0,0.0,0.0,,0.0,60.0,
OK,2019,6,41,2018-10-14,,,,50.0,0.0,0.0,0.0,,0.0,66.0,
OK,2019,7,42,2018-10-21,,,,62.0,0.0,0.0,0.0,,0.0,75.0,
OK,2019,8,43,2018-10-28,,,,68.0,0.0,0.0,0.0,,0.0,78.0,
OK,2019,9,44,2018-11-04,,,,71.0,0.0,0.0,0.0,,0.0,82.0,
OK,2019,10,45,2018-11-11,,,,75.0,0.0,0.0,0.0,,0.0,84.0,
OK,2019,11,46,2018-11-18,,,,81.0,0.0,0.0,0.0,,0.0,92.0,
OK,2019,12,47,2018-11-25,,,,87.0,0.0,0.0,0.0,,0.0,95.0,
OK,2019,25,8,2019-02-24,,,,87.0,0.0,0.0,0.0,,43.0,95.0,
OK,2019,26,9,2019-03-03,,,,87.0,0.0,0.0,0.0,,47.0,95.0,
OK,2019,27,10,2019-03-10,,,,87.0,0.0,0.0,5.0,,52.0,95.0,
OK,2019,28,11,2019-03-17,,,,87.0,0.0,0.0,20.0,,52.0,95.0,
OK,2019,29,12,2019-03-24,,,,87.0,0.0,0.0,28.0,,52.0,95.0,
OK,2019,30,13,2019-03-31,,,,87.0,0.0,0.0,42.0,,52.0,95.0,
OK,2019,31,14,2019-04-07,,,,87.0,0.0,0.0,56.0,,52.0,95.0,
OK,2019,32,15,2019-04-14,,,,87.0,0.0,9.0,65.0,,52.0,95.0,
OK,2019,33,16,2019-04-21,,,,87.0,0.0,11.0,82.0,,52.0,95.0,
OK,2019,34,17,2019-04-28,,,,87.0,0.0,37.0,91.0,,52.0,95.0,
OK,2019,35,18,2019-05-05,,,,87.0,0.0,64.0,96.0,,52.0,95.0,
OK,2019,36,19,2019-05-12,,,,87.0,0.0,89.0,96.0,,52.0,95.0,
OK,2019,37,20,2019-05-19,,,,87.0,0.0,95.0,96.0,,52.0,95.0,
OK,2019,38,21,2019-05-26,,,,87.0,0.0,96.0,96.0,,52.0,95.0,
OK,2019,39,22,2019-06-02,,,,87.0,1.0,99.0,96.0,,52.0,95.0,
OK,2019,40,23,2019-06-09,,,,87.0,4.0,100.0,96.0,,52.0,95.0,
OK,2019,41,24,2019-06-16,,,,87.0,16.0,100.0,96.0,,52.0,95.0,
OK,2019,42,25,2019-06-23,,,,87.0,43.0,100.0,96.0,,52.0,95.0,
OK,2019,43,26,2019-06-30,,,,87.0,72.0,100.0,96.0,,52.0,95.0,
OK,2019,44,27,2019-07-07,,,,87.0,95.0,100.0,96.0,,52.0,95.0,
OK,2019,45,28,2019-07-14,,,,87.0,98.0,100.0,96.0,,52.0,95.0,
OK,2019,46,29,2019-07-21,,,,87.0,100.0,100.0,96.0,,52.0,95.0,
OK,2019,47,30,2019-07-28,,,,87.0,100.0,100.0,96.0,,52.0,95.0,
OK,2019,48,31,2019-08-04,,,,87.0,100.0,100.0,96.0,,52.0,95.0,
OK,2019,49,32,2019-08-11,,,,87.0,100.0,100.0,96.0,,52.0,95.0,
OK,2019,50,33,2019-08-18,,,,87.0,100.0,100.0,96.0,,52.0,95.0,
OK,2019,51,34,2019-08-25,,,,87.0,100.0,100.0,96.0,,52.0,95.0,
OK,2020,2,37,2019-09-15,,,,0.0,0.0,0.0,0.0,,0.0,7.0,
OK,2020,3,38,2019-09-22,,,,0.0,0.0,0.0,0.0,,0.0,21.0,
OK,2020,4,39,2019-09-29,,,,5.0,0.0,0.0,0.0,,0.0,45.0,
OK,2020,5,40,2019-10-06,,,,29.0,0.0,0.0,0.0,,0.0,57.0,
OK,2020,6,41,2019-10-13,,,,51.0,0.0,0.0,0.0,,0.0,69.0,
OK,2020,7,42,2019-10-20,,,,68.0,0.0,0.0,0.0,,0.0,80.0,
OK,2020,8,43,2019-10-27,,,,77.0,0.0,0.0,0.0,,0.0,89.0,
OK,2020,9,44,2019-11-03,,,,83.0,0.0,0.0,0.0,,0.0,93.0,
OK,2020,10,45,2019-11-10,,,,86.0,0.0,0.0,0.0,,0.0,95.0,
OK,2020,11,46,2019-11-17,,,,89.0,0.0,0.0,0.0,,0.0,97.0,
OK,2020,12,47,2019-11-24,,,,92.0,0.0,0.0,0.0,,0.0,97.0,
OK,2020,13,48,2019-12-01,,,,96.0,0.0,0.0,0.0,,0.0,97.0,
OK,2020,14,49,2019-12-08,,,,99.0,0.0,0.0,0.0,,0.0,97.0,
OK,2020,26,9,2020-03-01,,,,99.0,0.0,0.0,0.0,,60.0,97.0,
OK,2020,27,10,2020-03-08,,,,99.0,0.0,0.0,1.0,,60.0,97.0,
OK,2020,28,11,2020-03-15,,,,99.0,0.0,0.0,10.0,,60.0,97.0,
OK,2020,29,12,2020-03-22,,,,99.0,0.0,0.0,27.0,,60.0,97.0,
OK,2020,30,13,2020-03-29,,,,99.0,0.0,0.0,44.0,,60.0,97.0,
OK,2020,31,14,2020-04-05,,,,99.0,0.0,0.0,62.0,,60.0,97.0,
OK,2020,32,15,2020-04-12,,,,99.0,0.0,2.0,87.0,,60.0,97.0,
OK,2020,33,16,2020-04-19,,,,99.0,0.0,28.0,92.0,,60.0,97.0,
OK,2020,34,17,2020-04-26,,,,99.0,0.0,50.0,96.0,,60.0,97.0,
OK,2020,35,18,2020-05-03,,,,99.0,0.0,71.0,96.0,,60.0,97.0,
OK,2020,36,19,2020-05-10,,,,99.0,0.0,82.0,96.0,,60.0,97.0,
OK,2020,37,20,2020-05-17,,,,99.0,0.0,93.0,96.0,,60.0,97.0,
OK,2020,38,21,2020-05-24,,,,99.0,0.0,95.0,96.0,,60.0,97.0,
OK,2020,39,22,2020-05-31,,,,99.0,0.0,100.0,96.0,,60.0,97.0,
OK,2020,40,23,2020-06-07,,,,99.0,19.0,100.0,96.0,,60.0,97.0,
OK,2020,41,24,2020-06-14,,,,99.0,40.0,100.0,96.0,,60.0,97.0,
OK,2020,42,25,2020-06-21,,,,99.0,85.0,100.0,96.0,,60.0,97.0,
OK,2020,43,26,2020-06-28,,,,99.0,95.0,100.0,96.0,,60.0,97.0,
OK,2020,44,27,2020-07-05,,,,99.0,100.0,100.0,96.0,,60.0,97.0,
OK,2020,45,28,2020-07-12,,,,99.0,100.0,100.0,96.0,,60.0,97.0,
OK,2020,46,29,2020-07-19,,,,99.0,100.0,100.0,96.0,,60.0,97.0,
OK,2020,47,30,2020-07-26,,,,99.0,100.0,100.0,96.0,,60.0,97.0,
OK,2020,48,31,2020-08-02,,,,99.0,100.0,100.0,96.0,,60.0,97.0,
OK,2020,49,32,2020-08-09,,,,99.0,100.0,100.0,96.0,,60.0,97.0,
OK,2020,50,33,2020-08-16,,,,99.0,100.0,100.0,96.0,,60.0,97.0,
OK,2020,51,34,2020-08-23,,,,99.0,100.0,100.0,96.0,,60.0,97.0,
OK,2021,1,36,2020-09-06,,,,0.0,0.0,0.0,0.0,,0.0,1.0,
OK,2021,2,37,2020-09-13,,,,0.0,0.0,0.0,0.0,,0.0,6.0,
OK,2021,3,38,2020-09-20,,,,0.0,0.0,0.0,0.0,,0.0,15.0,
OK,2021,4,39,2020-09-27,,,,7.0,0.0,0.0,0.0,,0.0,27.0,
OK,2021,5,40,2020-10-04,,,,20.0,0.0,0.0,0.0,,0.0,45.0,
OK,2021,6,41,2020-10-11,,,,39.0,0.0,0.0,0.0,,0.0,69.0,
OK,2021,7,42,2020-10-18,,,,47.0,0.0,0.0,0.0,,0.0,74.0,
OK,2021,8,43,2020-10-25,,,,66.0,0.0,0.0,0.0,,0.0,82.0,
OK,2021,9,44,2020-11-01,,,,71.0,0.0,0.0,0.0,,0.0,88.0,
OK,2021,10,45,2020-11-08,,,,82.0,0.0,0.0,0.0,,0.0,95.0,
OK,2021,11,46,2020-11-15,,,,87.0,0.0,0.0,0.0,,0.0,100.0,
OK,2021,12,47,2020-11-22,,,,92.0,0.0,0.0,0.0,,0.0,100.0,
OK,2021,13,48,2020-11-29,,,,95.0,0.0,0.0,0.0,,0.0,100.0,
OK,2021,20,3,2021-01-24,,,,95.0,0.0,0.0,0.0,,51.0,100.0,
OK,2021,24,7,2021-02-21,,,,95.0,0.0,0.0,0.0,,48.0,100.0,
OK,2021,25,8,2021-02-28,,,,95.0,0.0,0.0,1.0,,50.0,100.0,
OK,2021,26,9,2021-03-07,,,,95.0,0.0,0.0,2.0,,50.0,100.0,
OK,2021,27,10,2021-03-14,,,,95.0,0.0,0.0,15.0,,50.0,100.0,
OK,2021,28,11,2021-03-21,,,,95.0,0.0,0.0,36.0,,50.0,100.0,
OK,2021,29,12,2021-03-28,,,,95.0,0.0,0.0,45.0,,50.0,100.0,
OK,2021,30,13,2021-04-04,,,,95.0,0.0,0.0,57.0,,50.0,100.0,
OK,2021,31,14,2021-04-11,,,,95.0,0.0,2.0,75.0,,50.0,100.0,
OK,2021,32,15,2021-04-18,,,,95.0,0.0,17.0,86.0,,50.0,100.0,
OK,2021,33,16,2021-04-25,,,,95.0,0.0,34.0,91.0,,50.0,100.0,
OK,2021,34,17,2021-05-02,,,,95.0,0.0,64.0,96.0,,50.0,100.0,
OK,2021,35,18,2021-05-09,,,,95.0,0.0,80.0,96.0,,50.0,100.0,
OK,2021,36,19,2021-05-16,,,,95.0,0.0,91.0,96.0,,50.0,100.0,
OK,2021,37,20,2021-05-23,,,,95.0,0.0,98.0,96.0,,50.0,100.0,
OK,2021,38,21,2021-05-30,,,,95.0,1.0,100.0,96.0,,50.0,100.0,
OK,2021,39,22,2021-06-06,,,,95.0,2.0,100.0,96.0,,50.0,100.0,
OK,2021,40,23,2021-06-13,,,,95.0,10.0,100.0,96.0,,50.0,100.0,
OK,2021,41,24,2021-06-20,,,,95.0,50.0,100.0,96.0,,50.0,100.0,
OK,2021,42,25,2021-06-27,,,,95.0,80.0,100.0,96.0,,50.0,100.0,
OK,2021,43,26,2021-07-04,,,,95.0,90.0,100.0,96.0,,50.0,100.0,
OK,2021,44,27,2021-07-11,,,,95.0,97.0,100.0,96.0,,50.0,100.0,
OK,2021,45,28,2021-07-18,,,,95.0,100.0,100.0,96.0,,50.0,100.0,
OK,2021,46,29,2021-07-25,,,,95.0,100.0,100.0,96.0,,50.0,100.0,
OK,2021,47,30,2021-08-01,,,,95.0,100.0,100.0,96.0,,50.0,100.0,
OK,2021,48,31,2021-08-08,,,,95.0,100.0,100.0,96.0,,50.0,100.0,
OK,2021,52,35,2021-09-05,,,,95.0,100.0,100.0,96.0,,50.0,0.0,
OK,2022,1,36,2021-09-12,,,,0.0,0.0,0.0,0.0,,0.0,8.0,
OK,2022,2,37,2021-09-19,,,,1.0,0.0,0.0,0.0,,0.0,15.0,
OK,2022,3,38,2021-09-26,,,,5.0,0.0,0.0,0.0,,0.0,28.0,
OK,2022,4,39,2021-10-03,,,,13.0,0.0,0.0,0.0,,0.0,37.0,
OK,2022,5,40,2021-10-10,,,,25.0,0.0,0.0,0.0,,0.0,50.0,
OK,2022,6,41,2021-10-17,,,,37.0,0.0,0.0,0.0,,0.0,57.0,
OK,2022,7,42,2021-10-24,,,,52.0,0.0,0.0,0.0,,0.0,73.0,
OK,2022,8,43,2021-10-31,,,,68.0,0.0,0.0,0.0,,0.0,85.0,
OK,2022,9,44,2021-11-07,,,,71.0,0.0,0.0,0.0,,0.0,88.0,
OK,2022,10,45,2021-11-14,,,,83.0,0.0,0.0,0.0,,0.0,94.0,
OK,2022,11,46,2021-11-21,,,,90.0,0.0,0.0,0.0,,0.0,96.0,
OK,2022,12,47,2021-11-28,,,,96.0,0.0,0.0,0.0,,0.0,96.0,
OK,2022,20,3,2022-01-23,,,,96.0,0.0,0.0,0.0,,41.0,96.0,
OK,2022,24,7,2022-02-20,,,,96.0,0.0,0.0,0.0,,61.0,96.0,
OK,2022,25,8,2022-02-27,,,,96.0,0.0,0.0,0.0,,66.0,96.0,
OK,2022,26,9,2022-03-06,,,,96.0,0.0,0.0,4.0,,66.0,96.0,
OK,2022,27,10,2022-03-13,,,,96.0,0.0,0.0,8.0,,66.0,96.0,
OK,2022,28,11,2022-03-20,,,,96.0,0.0,0.0,12.0,,66.0,96.0,
OK,2022,29,12,2022-03-27,,,,96.0,0.0,0.0,15.0,,66.0,96.0,
OK,2022,30,13,2022-04-03,,,,96.0,0.0,0.0,17.0,,66.0,96.0,
OK,2022,31,14,2022-04-10,,,,96.0,0.0,0.0,35.0,,66.0,96.0,
OK,2022,32,15,2022-04-17,,,,96.0,0.0,0.0,55.0,,66.0,96.0,
OK,2022,33,16,2022-04-24,,,,96.0,0.0,6.0,70.0,,66.0,96.0,
OK,2022,34,17,2022-05-01,,,,96.0,0.0,42.0,86.0,,66.0,96.0,
OK,2022,35,18,2022-05-08,,,,96.0,0.0,60.0,95.0,,66.0,96.0,
OK,2022,36,19,2022-05-15,,,,96.0,0.0,78.0,95.0,,66.0,96.0,
OK,2022,37,20,2022-05-22,,,,96.0,2.0,95.0,95.0,,66.0,96.0,
OK,2022,38,21,2022-05-29,,,,96.0,6.0,100.0,95.0,,66.0,96.0,
OK,2022,39,22,2022-06-05,,,,96.0,15.0,100.0,95.0,,66.0,96.0,
OK,2022,40,23,2022-06-12,,,,96.0,32.0,100.0,95.0,,66.0,96.0,
OK,2022,41,24,2022-06-19,,,,96.0,72.0,100.0,95.0,,66.0,96.0,
OK,2022,42,25,2022-06-26,,,,96.0,90.0,100.0,95.0,,66.0,96.0,
OK,2022,43,26,2022-07-03,,,,96.0,98.0,100.0,95.0,,66.0,96.0,
OK,2022,44,27,2022-07-10,,,,96.0,100.0,100.0,95.0,,66.0,96.0,
OK,2022,45,28,2022-07-17,,,,96.0,100.0,100.0,95.0,,66.0,96.0,
OK,2022,46,29,2022-07-24,,,,96.0,100.0,100.0,95.0,,66.0,96.0,
OK,2022,47,30,2022-07-31,,,,96.0,100.0,100.0,95.0,,66.0,96.0,
OK,2022,48,31,2022-08-07,,,,96.0,100.0,100.0,95.0,,66.0,96.0,
OK,2022,49,32,2022-08-14,,,,96.0,100.0,100.0,95.0,,66.0,96.0,
OK,2022,50,33,2022-08-21,,,,96.0,100.0,100.0,95.0,,66.0,96.0,
OK,2022,52,35,2022-09-04,,,,96.0,100.0,100.0,95.0,,66.0,5.0,
OK,2023,1,36,2022-09-11,,,,0.0,0.0,0.0,0.0,,0.0,11.0,
OK,2023,2,37,2022-09-18,,,,2.0,0.0,0.0,0.0,,0.0,13.0,
OK,2023,3,38,2022-09-25,,,,4.0,0.0,0.0,0.0,,0.0,21.0,
OK,2023,4,39,2022-10-02,,,,10.0,0.0,0.0,0.0,,0.0,28.0,
OK,2023,5,40,2022-10-09,,,,20.0,0.0,0.0,0.0,,0.0,38.0,
OK,2023,6,41,2022-10-16,,,,30.0,0.0,0.0,0.0,,0.0,53.0,
OK,2023,7,42,2022-10-23,,,,40.0,0.0,0.0,0.0,,0.0,72.0,
OK,2023,8,43,2022-10-30,,,,62.0,0.0,0.0,0.0,,0.0,84.0,
OK,2023,9,44,2022-11-06,,,,75.0,0.0,0.0,0.0,,0.0,90.0,
OK,2023,10,45,2022-11-13,,,,82.0,0.0,0.0,0.0,,0.0,95.0,
OK,2023,11,46,2022-11-20,,,,90.0,0.0,0.0,0.0,,0.0,95.0,
OK,2023,12,47,2022-11-27,,,,95.0,0.0,0.0,0.0,,0.0,95.0,
OK,2023,17,52,2022-01-02,,,,95.0,0.0,0.0,0.0,,36.0,95.0,
OK,2023,21,4,2023-01-29,,,,95.0,0.0,0.0,0.0,,36.0,95.0,
OK,2023,25,8,2023-02-26,,,,95.0,0.0,0.0,0.0,,63.0,95.0,
OK,2023,26,9,2023-03-05,,,,95.0,0.0,0.0,0.0,,63.0,95.0,
OK,2023,27,10,2023-03-12,,,,95.0,0.0,0.0,12.0,,63.0,95.0,
OK,2023,28,11,2023-03-19,,,,95.0,0.0,0.0,22.0,,63.0,95.0,
OK,2023,29,12,2023-03-26,,,,95.0,0.0,0.0,26.0,,63.0,95.0,
OK,2023,30,13,2023-04-02,,,,95.0,0.0,0.0,34.0,,63.0,95.0,
OK,2023,31,14,2023-04-09,,,,95.0,0.0,2.0,45.0,,63.0,95.0,
OK,2023,32,15,2023-04-16,,,,95.0,0.0,15.0,66.0,,63.0,95.0,
OK,2023,33,16,2023-04-23,,,,95.0,0.0,33.0,84.0,,63.0,95.0,
OK,2023,34,17,2023-04-30,,,,95.0,0.0,43.0,92.0,,63.0,95.0,
OK,2023,35,18,2023-05-07,,,,95.0,0.0,77.0,98.0,,63.0,95.0,
OK,2023,36,19,2023-05-14,,,,95.0,0.0,84.0,98.0,,63.0,95.0,
OK,2023,37,20,2023-05-21,,,,95.0,0.0,95.0,98.0,,63.0,95.0,
OK,2023,38,21,2023-05-28,,,,95.0,0.0,98.0,98.0,,63.0,95.0,
OK,2023,39,22,2023-06-04,,,,95.0,15.0,100.0,98.0,,63.0,95.0,
OK,2023,40,23,2023-06-11,,,,95.0,28.0,100.0,98.0,,63.0,95.0,
OK,2023,41,24,2023-06-18,,,,95.0,40.0,100.0,98.0,,63.0,95.0,
OK,2023,42,25,2023-06-25,,,,95.0,55.0,100.0,98.0,,63.0,95.0,
OK,2023,43,26,2023-07-02,,,,95.0,80.0,100.0,98.0,,63.0,95.0,
OK,2023,44,27,2023-07-09,,,,95.0,95.0,100.0,98.0,,63.0,95.0,
OK,2023,45,28,2023-07-16,,,,95.0,97.0,100.0,98.0,,63.0,95.0,
OK,2023,46,29,2023-07-23,,,,95.0,100.0,100.0,98.0,,63.0,95.0,
OK,2023,47,30,2023-07-30,,,,95.0,100.0,100.0,98.0,,63.0,95.0,
OK,2023,48,31,2023-08-06,,,,95.0,100.0,100.0,98.0,,63.0,95.0,
OK,2023,49,32,2023-08-13,,,,95.0,100.0,100.0,98.0,,63.0,95.0,
OK,2023,50,33,2023-08-20,,,,95.0,100.0,100.0,98.0,,63.0,95.0,
OK,2023,52,35,2023-09-03,,,,95.0,100.0,100.0,98.0,,63.0,0.0,
OK,2024,1,36,2023-09-10,,,,0.0,0.0,0.0,0.0,,0.0,5.0,
OK,2024,2,37,2023-09-17,,,,0.0,0.0,0.0,0.0,,0.0,12.0,
OK,2024,3,38,2023-09-24,,,,5.0,0.0,0.0,0.0,,0.0,18.0,
OK,2024,4,39,2023-10-01,,,,10.0,0.0,0.0,0.0,,0.0,27.0,
OK,2024,5,40,2023-10-08,,,,23.0,0.0,0.0,0.0,,0.0,50.0,
OK,2024,6,41,2023-10-15,,,,31.0,0.0,0.0,0.0,,0.0,64.0,
OK,2024,7,42,2023-10-22,,,,52.0,0.0,0.0,0.0,,0.0,71.0,
OK,2024,8,43,2023-10-29,,,,54.0,0.0,0.0,0.0,,0.0,75.0,
OK,2024,9,44,2023-11-05,,,,72.0,0.0,0.0,0.0,,0.0,87.0,
OK,2024,10,45,2023-11-12,,,,79.0,0.0,0.0,0.0,,0.0,91.0,
OK,2024,11,46,2023-11-19,,,,89.0,0.0,0.0,0.0,,0.0,95.0,
OK,2024,12,47,2023-11-26,,,,94.0,0.0,0.0,0.0,,0.0,95.0,
OK,2024,17,52,2023-01-01,,,,94.0,0.0,0.0,0.0,,32.0,95.0,
OK,2024,17,52,2023-12-31,,,,94.0,0.0,0.0,0.0,,53.0,95.0,
OK,2024,21,4,2024-01-28,,,,94.0,0.0,0.0,0.0,,55.0,95.0,
OK,2024,25,8,2024-02-25,,,,94.0,0.0,0.0,0.0,,57.0,95.0,
OK,2024,26,9,2024-03-03,,,,94.0,0.0,0.0,0.0,,57.0,95.0,
OK,2024,27,10,2024-03-10,,,,94.0,0.0,0.0,7.0,,57.0,95.0,
OK,2024,28,11,2024-03-17,,,,94.0,0.0,0.0,14.0,,57.0,95.0,
OK,2024,29,12,2024-03-24,,,,94.0,0.0,0.0,36.0,,57.0,95.0,
OK,2024,30,13,2024-03-31,,,,94.0,0.0,0.0,45.0,,57.0,95.0,
OK,2024,31,14,2024-04-07,,,,94.0,0.0,0.0,55.0,,57.0,95.0,
OK,2024,32,15,2024-04-14,,,,94.0,0.0,15.0,75.0,,57.0,95.0,
OK,2024,33,16,2024-04-21,,,,94.0,0.0,30.0,83.0,,57.0,95.0,
OK,2024,34,17,2024-04-28,,,,94.0,0.0,45.0,97.0,,57.0,95.0,
OK,2024,35,18,2024-05-05,,,,94.0,0.0,67.0,97.0,,57.0,95.0,
OK,2024,36,19,2024-05-12,,,,94.0,0.0,95.0,97.0,,57.0,95.0,
OK,2024,37,20,2024-05-19,,,,94.0,0.0,98.0,97.0,,57.0,95.0,
OK,2024,38,21,2024-05-26,,,,94.0,12.0,100.0,97.0,,57.0,95.0,
OK,2024,39,22,2024-06-02,,,,94.0,22.0,100.0,97.0,,57.0,95.0,
OK,2024,40,23,2024-06-09,,,,94.0,48.0,100.0,97.0,,57.0,95.0,
OK,2024,41,24,2024-06-16,,,,94.0,83.0,100.0,97.0,,57.0,95.0,
OK,2024,42,25,2024-06-23,,,,94.0,95.0,100.0,97.0,,57.0,95.0,
OK,2024,43,26,2024-06-30,,,,94.0,100.0,100.0,97.0,,57.0,95.0,
OK,2024,44,27,2024-07-07,,,,94.0,100.0,100.0,97.0,,57.0,95.0,
OK,2024,45,28,2024-07-14,,,,94.0,100.0,100.0,97.0,,57.0,95.0,
OK,2024,46,29,2024-07-21,,,,94.0,100.0,100.0,97.0,,57.0,95.0,
OK,2024,47,30,2024-07-28,,,,94.0,100.0,100.0,97.0,,57.0,95.0,
OK,2024,48,31,2024-08-04,,,,94.0,100.0,100.0,97.0,,57.0,95.0,
OK,2024,49,32,2024-08-11,,,,94.0,100.0,100.0,97.0,,57.0,95.0,
OK,2024,50,33,2024-08-18,,,,94.0,100.0,100.0,97.0,,57.0,95.0,
OK,2024,51,34,2024-08-25,,,,94.0,100.0,100.0,97.0,,57.0,95.0,
OK,2024,52,35,2024-09-01,,,,94.0,100.0,100.0,97.0,,57.0,0.0,
OK,2025,1,36,2024-09-08,,,,0.0,0.0,0.0,0.0,,0.0,0.0,
OK,2025,2,37,2024-09-15,,,,0.0,0.0,0.0,0.0,,0.0,6.0,
OK,2025,3,38,2024-09-22,,,,0.0,0.0,0.0,0.0,,0.0,16.0,
OK,2025,4,39,2024-09-29,,,,7.0,0.0,0.0,0.0,,0.0,22.0,
OK,2025,5,40,2024-10-06,,,,14.0,0.0,0.0,0.0,,0.0,32.0,
OK,2025,6,41,2024-10-13,,,,20.0,0.0,0.0,0.0,,0.0,43.0,
OK,2025,7,42,2024-10-20,,,,32.0,0.0,0.0,0.0,,0.0,55.0,
OK,2025,8,43,2024-10-27,,,,36.0,0.0,0.0,0.0,,0.0,59.0,
OK,2025,9,44,2024-11-03,,,,47.0,0.0,0.0,0.0,,0.0,72.0,
OK,2025,10,45,2024-11-10,,,,63.0,0.0,0.0,0.0,,0.0,79.0,
OK,2025,11,46,2024-11-17,,,,75.0,0.0,0.0,0.0,,0.0,90.0,
OK,2025,12,47,2024-11-24,,,,80.0,0.0,0.0,0.0,,0.0,95.0,
OK,2025,22,5,2025-02-02,,,,80.0,0.0,0.0,0.0,,39.0,95.0,
OK,2025,25,8,2025-02-23,,,,80.0,0.0,0.0,0.0,,44.0,95.0,
OK,2025,26,9,2025-03-02,,,,80.0,0.0,0.0,0.0,,47.0,95.0,
OK,2025,27,10,2025-03-09,,,,80.0,0.0,0.0,0.0,,47.0,95.0,
OK,2025,28,11,2025-03-16,,,,80.0,0.0,0.0,10.0,,47.0,95.0,
OK,2025,29,12,2025-03-23,,,,80.0,0.0,0.0,27.0,,47.0,95.0,
OK,2025,30,13,2025-03-30,,,,80.0,0.0,0.0,35.0,,47.0,95.0,
OK,2025,31,14,2025-04-06,,,,80.0,0.0,0.0,47.0,,47.0,95.0,
OK,2025,32,15,2025-04-13,,,,80.0,0.0,7.0,65.0,,47.0,95.0,
OK,2025,33,16,2025-04-20,,,,80.0,0.0,20.0,76.0,,47.0,95.0,
OK,2025,34,17,2025-04-27,,,,80.0,0.0,44.0,90.0,,47.0,95.0,
OK,2025,35,18,2025-05-04,,,,80.0,0.0,60.0,96.0,,47.0,95.0,
OK,2025,36,19,2025-05-11,,,,80.0,0.0,78.0,96.0,,47.0,95.0,
OK,2025,37,20,2025-05-18,,,,80.0,0.0,90.0,96.0,,47.0,95.0,
OK,2025,38,21,2025-05-25,,,,80.0,3.0,97.0,96.0,,47.0,95.0,
OK,2025,39,22,2025-06-01,,,,80.0,4.0,100.0,96.0,,47.0,95.0,
OK,2025,40,23,2025-06-08,,,,80.0,5.0,100.0,96.0,,47.0,95.0,
OK,2025,41,24,2025-06-15,,,,80.0,30.0,100.0,96.0,,47.0,95.0,
OK,2025,42,25,2025-06-22,,,,80.0,35.0,100.0,96.0,,47.0,95.0,
OK,2025,43,26,2025-06-29,,,,80.0,71.0,100.0,96.0,,47.0,95.0,
OK,2025,44,27,2025-07-06,,,,80.0,83.0,100.0,96.0,,47.0,95.0,
OK,2025,45,28,2025-07-13,,,,80.0,94.0,100.0,96.0,,47.0,95.0,
OK,2025,46,29,2025-07-20,,,,80.0,98.0,100.0,96.0,,47.0,95.0,
OK,2025,47,30,2025-07-27,,,,80.0,100.0,100.0,96.0,,47.0,95.0,
OK,2025,48,31,2025-08-03,,,,80.0,100.0,100.0,96.0,,47.0,95.0,
OK,2025,49,32,2025-08-10,,,,80.0,100.0,100.0,96.0,,47.0,95.0,
OK,2025,50,33,2025-08-17,,,,80.0,100.0,100.0,96.0,,47.0,95.0,
OK,2025,51,34,2025-08-24,,,,80.0,100.0,100.0,96.0,,47.0,95.0,
OK,2026,1,36,2025-09-07,,,,0.0,0.0,0.0,0.0,,0.0,0.0,
OK,2026,2,37,2025-09-14,,,,0.0,0.0,0.0,0.0,,0.0,4.0,
OK,2026,3,38,2025-09-21,,,,1.0,0.0,0.0,0.0,,0.0,14.0,
OK,2026,4,39,2025-09-28,,,,18.0,0.0,0.0,0.0,,0.0,33.0,
OK,2026,11,46,2025-11-16,,,,71.0,0.0,0.0,0.0,,0.0,92.0,
OK,2026,12,47,2025-11-23,,,,85.0,0.0,0.0,0.0,,0.0,97.0,
OR,2016,2,37,2015-09-13,,,,0.0,0.0,0.0,,,,5.0,
OR,2016,3,38,2015-09-20,,,,0.0,0.0,0.0,,,,9.0,
OR,2016,4,39,2015-09-27,,,,2.0,0.0,0.0,,,,21.0,
OR,2016,5,40,2015-10-04,,,,3.0,0.0,0.0,,,,27.0,
OR,2016,6,41,2015-10-11,,,,4.0,0.0,0.0,,,,48.0,
OR,2016,7,42,2015-10-18,,,,18.0,0.0,0.0,,,,60.0,
OR,2016,8,43,2015-10-25,,,,35.0,0.0,0.0,,,,76.0,
OR,2016,9,44,2015-11-01,,,,46.0,0.0,0.0,,,,89.0,
OR,2016,10,45,2015-11-08,,,,62.0,0.0,0.0,,,,93.0,
OR,2016,11,46,2015-11-15,,,,68.0,0.0,0.0,,,,97.0,
OR,2016,12,47,2015-11-22,,,,76.0,0.0,0.0,,,,99.0,
OR,2016,13,48,2015-11-29,,,,79.0,0.0,0.0,,,,100.0,
OR,2016,30,13,2016-04-03,,,,79.0,0.0,0.0,,,,100.0,
OR,2016,31,14,2016-04-10,,,,79.0,0.0,0.0,,,,100.0,
OR,2016,32,15,2016-04-17,,,,79.0,0.0,0.0,,,,100.0,
OR,2016,33,16,2016-04-24,,,,79.0,0.0,0.0,,,,100.0,
OR,2016,34,17,2016-05-01,,,,79.0,0.0,1.0,,,,100.0,
OR,2016,35,18,2016-05-08,,,,79.0,0.0,6.0,,,,100.0,
OR,2016,36,19,2016-05-15,,,,79.0,0.0,28.0,,,,100.0,
OR,2016,37,20,2016-05-22,,,,79.0,0.0,46.0,,,,100.0,
OR,2016,38,21,2016-05-29,,,,79.0,0.0,80.0,,,,100.0,
OR,2016,39,22,2016-06-05,,,,79.0,0.0,92.0,,,,100.0,
OR,2016,40,23,2016-06-12,,,,79.0,0.0,97.0,,,,100.0,
OR,2016,41,24,2016-06-19,,,,79.0,0.0,97.0,,,,100.0,
OR,2016,42,25,2016-06-26,,,,79.0,0.0,97.0,,,,100.0,
OR,2016,43,26,2016-07-03,,,,79.0,4.0,97.0,,,,100.0,
OR,2016,44,27,2016-07-10,,,,79.0,12.0,97.0,,,,100.0,
OR,2016,45,28,2016-07-17,,,,79.0,22.0,97.0,,,,100.0,
OR,2016,46,29,2016-07-24,,,,79.0,35.0,97.0,,,,100.0,
OR,2016,47,30,2016-07-31,,,,79.0,64.0,97.0,,,,100.0,
OR,2016,48,31,2016-08-07,,,,79.0,78.0,97.0,,,,100.0,
OR,2016,49,32,2016-08-14,,,,79.0,87.0,97.0,,,,100.0,
OR,2016,50,33,2016-08-21,,,,79.0,95.0,97.0,,,,100.0,
OR,2017,1,36,2016-09-11,,,,0.0,0.0,0.0,,,,5.0,
OR,2017,2,37,2016-09-18,,,,1.0,0.0,0.0,,,,9.0,
OR,2017,3,38,2016-09-25,,,,3.0,0.0,0.0,,,,15.0,
OR,2017,4,39,2016-10-02,,,,8.0,0.0,0.0,,,,30.0,
OR,2017,5,40,2016-10-09,,,,21.0,0.0,0.0,,,,58.0,
OR,2017,6,41,2016-10-16,,,,26.0,0.0,0.0,,,,68.0,
OR,2017,7,42,2016-10-23,,,,40.0,0.0,0.0,,,,83.0,
OR,2017,8,43,2016-10-30,,,,54.0,0.0,0.0,,,,88.0,
OR,2017,9,44,2016-11-06,,,,62.0,0.0,0.0,,,,92.0,
OR,2017,10,45,2016-11-13,,,,65.0,0.0,0.0,,,,96.0,
OR,2017,11,46,2016-11-20,,,,75.0,0.0,0.0,,,,97.0,
OR,2017,12,47,2016-11-27,,,,83.0,0.0,0.0,,,,97.0,
OR,2017,31,14,2017-04-09,,,,83.0,0.0,0.0,,,,97.0,
OR,2017,32,15,2017-04-16,,,,83.0,0.0,0.0,,,,97.0,
OR,2017,33,16,2017-04-23,,,,83.0,0.0,0.0,,,,97.0,
OR,2017,34,17,2017-04-30,,,,83.0,0.0,1.0,,,,97.0,
OR,2017,35,18,2017-05-07,,,,83.0,0.0,2.0,,,,97.0,
OR,2017,36,19,2017-05-14,,,,83.0,0.0,4.0,,,,97.0,
OR,2017,37,20,2017-05-21,,,,83.0,0.0,10.0,,,,97.0,
OR,2017,38,21,2017-05-28,,,,83.0,0.0,50.0,,,,97.0,
OR,2017,39,22,2017-06-04,,,,83.0,0.0,74.0,,,,97.0,
OR,2017,40,23,2017-06-11,,,,83.0,0.0,91.0,,,,97.0,
OR,2017,41,24,2017-06-18,,,,83.0,0.0,96.0,,,,97.0,
OR,2017,42,25,2017-06-25,,,,83.0,0.0,96.0,,,,97.0,
OR,2017,43,26,2017-07-02,,,,83.0,1.0,96.0,,,,97.0,
OR,2017,44,27,2017-07-09,,,,83.0,4.0,96.0,,,,97.0,
OR,2017,45,28,2017-07-16,,,,83.0,12.0,96.0,,,,97.0,
OR,2017,46,29,2017-07-23,,,,83.0,31.0,96.0,,,,97.0,
OR,2017,47,30,2017-07-30,,,,83.0,42.0,96.0,,,,97.0,
OR,2017,48,31,2017-08-06,,,,83.0,73.0,96.0,,,,97.0,
OR,2017,49,32,2017-08-13,,,,83.0,87.0,96.0,,,,97.0,
OR,2017,50,33,2017-08-20,,,,83.0,95.0,96.0,,,,97.0,
OR,2018,1,36,2017-09-10,,,,0.0,0.0,0.0,,,,1.0,
OR,2018,2,37,2017-09-17,,,,0.0,0.0,0.0,,,,8.0,
OR,2018,3,38,2017-09-24,,,,0.0,0.0,0.0,,,,21.0,
OR,2018,4,39,2017-10-01,,,,9.0,0.0,0.0,,,,36.0,
OR,2018,5,40,2017-10-08,,,,24.0,0.0,0.0,,,,49.0,
OR,2018,6,41,2017-10-15,,,,39.0,0.0,0.0,,,,74.0,
OR,2018,7,42,2017-10-22,,,,50.0,0.0,0.0,,,,82.0,
OR,2018,8,43,2017-10-29,,,,57.0,0.0,0.0,,,,89.0,
OR,2018,9,44,2017-11-05,,,,65.0,0.0,0.0,,,,96.0,
OR,2018,10,45,2017-11-12,,,,70.0,0.0,0.0,,,,100.0,
OR,2018,11,46,2017-11-19,,,,80.0,0.0,0.0,,,,100.0,
OR,2018,12,47,2017-11-26,,,,85.0,0.0,0.0,,,,100.0,
OR,2018,31,14,2018-04-08,,,,85.0,0.0,0.0,,,,100.0,
OR,2018,32,15,2018-04-15,,,,85.0,0.0,0.0,,,,100.0,
OR,2018,33,16,2018-04-22,,,,85.0,0.0,0.0,,,,100.0,
OR,2018,34,17,2018-04-29,,,,85.0,0.0,2.0,,,,100.0,
OR,2018,35,18,2018-05-06,,,,85.0,0.0,8.0,,,,100.0,
OR,2018,36,19,2018-05-13,,,,85.0,0.0,39.0,,,,100.0,
OR,2018,37,20,2018-05-20,,,,85.0,0.0,44.0,,,,100.0,
OR,2018,38,21,2018-05-27,,,,85.0,0.0,73.0,,,,100.0,
OR,2018,39,22,2018-06-03,,,,85.0,0.0,94.0,,,,100.0,
OR,2018,40,23,2018-06-10,,,,85.0,0.0,98.0,,,,100.0,
OR,2018,41,24,2018-06-17,,,,85.0,0.0,99.0,,,,100.0,
OR,2018,42,25,2018-06-24,,,,85.0,0.0,99.0,,,,100.0,
OR,2018,43,26,2018-07-01,,,,85.0,2.0,99.0,,,,100.0,
OR,2018,44,27,2018-07-08,,,,85.0,7.0,99.0,,,,100.0,
OR,2018,45,28,2018-07-15,,,,85.0,17.0,99.0,,,,100.0,
OR,2018,46,29,2018-07-22,,,,85.0,32.0,99.0,,,,100.0,
OR,2018,47,30,2018-07-29,,,,85.0,55.0,99.0,,,,100.0,
OR,2018,48,31,2018-08-05,,,,85.0,78.0,99.0,,,,100.0,
OR,2018,49,32,2018-08-12,,,,85.0,90.0,99.0,,,,100.0,
OR,2018,50,33,2018-08-19,,,,85.0,96.0,99.0,,,,100.0,
OR,2018,52,35,2018-09-02,,,,85.0,96.0,99.0,,,,1.0,
OR,2019,1,36,2018-09-09,,,,0.0,0.0,0.0,,,,6.0,
OR,2019,2,37,2018-09-16,,,,0.0,0.0,0.0,,,,10.0,
OR,2019,3,38,2018-09-23,,,,1.0,0.0,0.0,,,,20.0,
OR,2019,4,39,2018-09-30,,,,7.0,0.0,0.0,,,,32.0,
OR,2019,5,40,2018-10-07,,,,11.0,0.0,0.0,,,,42.0,
OR,2019,6,41,2018-10-14,,,,15.0,0.0,0.0,,,,51.0,
OR,2019,7,42,2018-10-21,,,,25.0,0.0,0.0,,,,70.0,
OR,2019,8,43,2018-10-28,,,,39.0,0.0,0.0,,,,80.0,
OR,2019,9,44,2018-11-04,,,,49.0,0.0,0.0,,,,92.0,
OR,2019,10,45,2018-11-11,,,,60.0,0.0,0.0,,,,98.0,
OR,2019,11,46,2018-11-18,,,,74.0,0.0,0.0,,,,100.0,
OR,2019,12,47,2018-11-25,,,,77.0,0.0,0.0,,,,100.0,
OR,2019,31,14,2019-04-07,,,,77.0,0.0,0.0,,,,100.0,
OR,2019,32,15,2019-04-14,,,,77.0,0.0,0.0,,,,100.0,
OR,2019,33,16,2019-04-21,,,,77.0,0.0,0.0,,,,100.0,
OR,2019,34,17,2019-04-28,,,,77.0,0.0,0.0,,,,100.0,
OR,2019,35,18,2019-05-05,,,,77.0,0.0,0.0,,,,100.0,
OR,2019,36,19,2019-05-12,,,,77.0,0.0,2.0,,,,100.0,
OR,2019,37,20,2019-05-19,,,,77.0,0.0,11.0,,,,100.0,
OR,2019,38,21,2019-05-26,,,,77.0,0.0,25.0,,,,100.0,
OR,2019,39,22,2019-06-02,,,,77.0,0.0,66.0,,,,100.0,
OR,2019,40,23,2019-06-09,,,,77.0,0.0,89.0,,,,100.0,
OR,2019,41,24,2019-06-16,,,,77.0,0.0,97.0,,,,100.0,
OR,2019,42,25,2019-06-23,,,,77.0,0.0,100.0,,,,100.0,
OR,2019,43,26,2019-06-30,,,,77.0,0.0,100.0,,,,100.0,
OR,2019,44,27,2019-07-07,,,,77.0,2.0,100.0,,,,100.0,
OR,2019,45,28,2019-07-14,,,,77.0,4.0,100.0,,,,100.0,
OR,2019,46,29,2019-07-21,,,,77.0,17.0,100.0,,,,100.0,
OR,2019,47,30,2019-07-28,,,,77.0,33.0,100.0,,,,100.0,
OR,2019,48,31,2019-08-04,,,,77.0,52.0,100.0,,,,100.0,
OR,2019,49,32,2019-08-11,,,,77.0,73.0,100.0,,,,100.0,
OR,2019,50,33,2019-08-18,,,,77.0,91.0,100.0,,,,100.0,
OR,2019,51,34,2019-08-25,,,,77.0,94.0,100.0,,,,100.0,
OR,2019,52,35,2019-09-01,,,,77.0,99.0,100.0,,,,8.0,
OR,2020,1,36,2019-09-08,,,,0.0,0.0,0.0,,,,9.0,
OR,2020,2,37,2019-09-15,,,,0.0,0.0,0.0,,,,14.0,
OR,2020,3,38,2019-09-22,,,,3.0,0.0,0.0,,,,21.0,
OR,2020,4,39,2019-09-29,,,,19.0,0.0,0.0,,,,43.0,
OR,2020,5,40,2019-10-06,,,,23.0,0.0,0.0,,,,57.0,
OR,2020,6,41,2019-10-13,,,,32.0,0.0,0.0,,,,76.0,
OR,2020,7,42,2019-10-20,,,,46.0,0.0,0.0,,,,85.0,
OR,2020,8,43,2019-10-27,,,,58.0,0.0,0.0,,,,90.0,
OR,2020,9,44,2019-11-03,,,,65.0,0.0,0.0,,,,96.0,
OR,2020,10,45,2019-11-10,,,,76.0,0.0,0.0,,,,97.0,
OR,2020,11,46,2019-11-17,,,,78.0,0.0,0.0,,,,98.0,
OR,2020,12,47,2019-11-24,,,,85.0,0.0,0.0,,,,98.0,
OR,2020,32,15,2020-04-12,,,,85.0,0.0,0.0,,,,98.0,
OR,2020,33,16,2020-04-19,,,,85.0,0.0,0.0,,,,98.0,
OR,2020,34,17,2020-04-26,,,,85.0,0.0,1.0,,,,98.0,
OR,2020,35,18,2020-05-03,,,,85.0,0.0,13.0,,,,98.0,
OR,2020,36,19,2020-05-10,,,,85.0,0.0,18.0,,,,98.0,
OR,2020,37,20,2020-05-17,,,,85.0,0.0,25.0,,,,98.0,
OR,2020,38,21,2020-05-24,,,,85.0,0.0,50.0,,,,98.0,
OR,2020,39,22,2020-05-31,,,,85.0,0.0,85.0,,,,98.0,
OR,2020,40,23,2020-06-07,,,,85.0,0.0,92.0,,,,98.0,
OR,2020,41,24,2020-06-14,,,,85.0,0.0,96.0,,,,98.0,
OR,2020,42,25,2020-06-21,,,,85.0,0.0,98.0,,,,98.0,
OR,2020,43,26,2020-06-28,,,,85.0,1.0,98.0,,,,98.0,
OR,2020,44,27,2020-07-05,,,,85.0,2.0,98.0,,,,98.0,
OR,2020,45,28,2020-07-12,,,,85.0,5.0,98.0,,,,98.0,
OR,2020,46,29,2020-07-19,,,,85.0,14.0,98.0,,,,98.0,
OR,2020,47,30,2020-07-26,,,,85.0,37.0,98.0,,,,98.0,
OR,2020,48,31,2020-08-02,,,,85.0,61.0,98.0,,,,98.0,
OR,2020,49,32,2020-08-09,,,,85.0,77.0,98.0,,,,98.0,
OR,2020,50,33,2020-08-16,,,,85.0,88.0,98.0,,,,98.0,
OR,2020,51,34,2020-08-23,,,,85.0,96.0,98.0,,,,98.0,
OR,2020,52,35,2020-08-30,,,,85.0,96.0,98.0,,,,1.0,
OR,2021,1,36,2020-09-06,,,,0.0,0.0,0.0,,,,5.0,
OR,2021,2,37,2020-09-13,,,,0.0,0.0,0.0,,,,9.0,
OR,2021,3,38,2020-09-20,,,,3.0,0.0,0.0,,,,14.0,
OR,2021,4,39,2020-09-27,,,,5.0,0.0,0.0,,,,16.0,
OR,2021,5,40,2020-10-04,,,,8.0,0.0,0.0,,,,29.0,
OR,2021,6,41,2020-10-11,,,,15.0,0.0,0.0,,,,49.0,
OR,2021,7,42,2020-10-18,,,,21.0,0.0,0.0,,,,62.0,
OR,2021,8,43,2020-10-25,,,,29.0,0.0,0.0,,,,85.0,
OR,2021,9,44,2020-11-01,,,,33.0,0.0,0.0,,,,93.0,
OR,2021,10,45,2020-11-08,,,,49.0,0.0,0.0,,,,98.0,
OR,2021,11,46,2020-11-15,,,,74.0,0.0,0.0,,,,99.0,
OR,2021,12,47,2020-11-22,,,,83.0,0.0,0.0,,,,99.0,
OR,2021,13,48,2020-11-29,,,,89.0,0.0,0.0,,,,99.0,
OR,2021,30,13,2021-04-04,,,,89.0,0.0,0.0,,,,99.0,
OR,2021,31,14,2021-04-11,,,,89.0,0.0,0.0,,,,99.0,
OR,2021,32,15,2021-04-18,,,,89.0,0.0,0.0,,,,99.0,
OR,2021,33,16,2021-04-25,,,,89.0,0.0,0.0,,,,99.0,
OR,2021,34,17,2021-05-02,,,,89.0,0.0,8.0,,,,99.0,
OR,2021,35,18,2021-05-09,,,,89.0,0.0,22.0,,,,99.0,
OR,2021,36,19,2021-05-16,,,,89.0,0.0,46.0,,,,99.0,
OR,2021,37,20,2021-05-23,,,,89.0,0.0,65.0,,,,99.0,
OR,2021,38,21,2021-05-30,,,,89.0,0.0,79.0,,,,99.0,
OR,2021,39,22,2021-06-06,,,,89.0,0.0,94.0,,,,99.0,
OR,2021,40,23,2021-06-13,,,,89.0,0.0,100.0,,,,99.0,
OR,2021,41,24,2021-06-20,,,,89.0,0.0,100.0,,,,99.0,
OR,2021,42,25,2021-06-27,,,,89.0,1.0,100.0,,,,99.0,
OR,2021,43,26,2021-07-04,,,,89.0,2.0,100.0,,,,99.0,
OR,2021,44,27,2021-07-11,,,,89.0,16.0,100.0,,,,99.0,
OR,2021,45,28,2021-07-18,,,,89.0,39.0,100.0,,,,99.0,
OR,2021,46,29,2021-07-25,,,,89.0,59.0,100.0,,,,99.0,
OR,2021,47,30,2021-08-01,,,,89.0,83.0,100.0,,,,99.0,
OR,2021,48,31,2021-08-08,,,,89.0,92.0,100.0,,,,99.0,
OR,2021,49,32,2021-08-15,,,,89.0,95.0,100.0,,,,0.0,
OR,2021,50,33,2021-08-22,,,,89.0,95.0,100.0,,,,1.0,
OR,2021,51,34,2021-08-29,,,,89.0,95.0,100.0,,,,2.0,
OR,2021,52,35,2021-09-05,,,,89.0,95.0,100.0,,,,3.0,
OR,2022,1,36,2021-09-12,,,,0.0,0.0,0.0,,,,4.0,
OR,2022,2,37,2021-09-19,,,,0.0,0.0,0.0,,,,7.0,
OR,2022,3,38,2021-09-26,,,,1.0,0.0,0.0,,,,10.0,
OR,2022,4,39,2021-10-03,,,,2.0,0.0,0.0,,,,19.0,
OR,2022,5,40,2021-10-10,,,,15.0,0.0,0.0,,,,41.0,
OR,2022,6,41,2021-10-17,,,,20.0,0.0,0.0,,,,57.0,
OR,2022,7,42,2021-10-24,,,,25.0,0.0,0.0,,,,70.0,
OR,2022,8,43,2021-10-31,,,,43.0,0.0,0.0,,,,88.0,
OR,2022,9,44,2021-11-07,,,,50.0,0.0,0.0,,,,94.0,
OR,2022,10,45,2021-11-14,,,,56.0,0.0,0.0,,,,96.0,
OR,2022,11,46,2021-11-21,,,,64.0,0.0,0.0,,,,99.0,
OR,2022,12,47,2021-11-28,,,,71.0,0.0,0.0,,,,99.0,
OR,2022,30,13,2022-04-03,,,,71.0,0.0,0.0,,,,99.0,
OR,2022,31,14,2022-04-10,,,,71.0,0.0,0.0,,,,99.0,
OR,2022,32,15,2022-04-17,,,,71.0,0.0,0.0,,,,99.0,
OR,2022,33,16,2022-04-24,,,,71.0,0.0,0.0,,,,99.0,
OR,2022,34,17,2022-05-01,,,,71.0,0.0,0.0,,,,99.0,
OR,2022,35,18,2022-05-08,,,,71.0,0.0,0.0,,,,99.0,
OR,2022,36,19,2022-05-15,,,,71.0,0.0,3.0,,,,99.0,
OR,2022,37,20,2022-05-22,,,,71.0,0.0,22.0,,,,99.0,
OR,2022,38,21,2022-05-29,,,,71.0,0.0,29.0,,,,99.0,
OR,2022,39,22,2022-06-05,,,,71.0,0.0,45.0,,,,99.0,
OR,2022,40,23,2022-06-12,,,,71.0,0.0,74.0,,,,99.0,
OR,2022,41,24,2022-06-19,,,,71.0,0.0,97.0,,,,99.0,
OR,2022,42,25,2022-06-26,,,,71.0,0.0,98.0,,,,99.0,
OR,2022,43,26,2022-07-03,,,,71.0,0.0,98.0,,,,99.0,
OR,2022,44,27,2022-07-10,,,,71.0,1.0,98.0,,,,99.0,
OR,2022,45,28,2022-07-17,,,,71.0,2.0,98.0,,,,99.0,
OR,2022,46,29,2022-07-24,,,,71.0,18.0,98.0,,,,99.0,
OR,2022,47,30,2022-07-31,,,,71.0,36.0,98.0,,,,99.0,
OR,2022,48,31,2022-08-07,,,,71.0,62.0,98.0,,,,99.0,
OR,2022,49,32,2022-08-14,,,,71.0,82.0,98.0,,,,99.0,
OR,2022,50,33,2022-08-21,,,,71.0,90.0,98.0,,,,99.0,
OR,2022,51,34,2022-08-28,,,,71.0,98.0,98.0,,,,99.0,
OR,2022,52,35,2022-09-04,,,,71.0,98.0,98.0,,,,3.0,
OR,2023,1,36,2022-09-11,,,,0.0,0.0,0.0,,,,5.0,
OR,2023,2,37,2022-09-18,,,,2.0,0.0,0.0,,,,14.0,
OR,2023,3,38,2022-09-25,,,,3.0,0.0,0.0,,,,19.0,
OR,2023,4,39,2022-10-02,,,,9.0,0.0,0.0,,,,33.0,
OR,2023,5,40,2022-10-09,,,,12.0,0.0,0.0,,,,47.0,
OR,2023,6,41,2022-10-16,,,,23.0,0.0,0.0,,,,71.0,
OR,2023,7,42,2022-10-23,,,,46.0,0.0,0.0,,,,90.0,
OR,2023,8,43,2022-10-30,,,,51.0,0.0,0.0,,,,94.0,
OR,2023,9,44,2022-11-06,,,,63.0,0.0,0.0,,,,98.0,
OR,2023,10,45,2022-11-13,,,,73.0,0.0,0.0,,,,99.0,
OR,2023,11,46,2022-11-20,,,,84.0,0.0,0.0,,,,99.0,
OR,2023,12,47,2022-11-27,,,,90.0,0.0,0.0,,,,99.0,
OR,2023,30,13,2023-04-02,,,,90.0,0.0,0.0,,,,99.0,
OR,2023,31,14,2023-04-09,,,,90.0,0.0,0.0,,,,99.0,
OR,2023,32,15,2023-04-16,,,,90.0,0.0,0.0,,,,99.0,
OR,2023,33,16,2023-04-23,,,,90.0,0.0,0.0,,,,99.0,
OR,2023,34,17,2023-04-30,,,,90.0,0.0,0.0,,,,99.0,
OR,2023,35,18,2023-05-07,,,,90.0,0.0,0.0,,,,99.0,
OR,2023,36,19,2023-05-14,,,,90.0,0.0,6.0,,,,99.0,
OR,2023,37,20,2023-05-21,,,,90.0,0.0,17.0,,,,99.0,
OR,2023,38,21,2023-05-28,,,,90.0,0.0,60.0,,,,99.0,
OR,2023,39,22,2023-06-04,,,,90.0,0.0,89.0,,,,99.0,
OR,2023,40,23,2023-06-11,,,,90.0,0.0,94.0,,,,99.0,
OR,2023,41,24,2023-06-18,,,,90.0,0.0,100.0,,,,99.0,
OR,2023,42,25,2023-06-25,,,,90.0,0.0,100.0,,,,99.0,
OR,2023,43,26,2023-07-02,,,,90.0,0.0,100.0,,,,99.0,
OR,2023,44,27,2023-07-09,,,,90.0,6.0,100.0,,,,99.0,
OR,2023,45,28,2023-07-16,,,,90.0,15.0,100.0,,,,99.0,
OR,2023,46,29,2023-07-23,,,,90.0,44.0,100.0,,,,99.0,
OR,2023,47,30,2023-07-30,,,,90.0,74.0,100.0,,,,99.0,
OR,2023,48,31,2023-08-06,,,,90.0,90.0,100.0,,,,99.0,
OR,2023,49,32,2023-08-13,,,,90.0,94.0,100.0,,,,99.0,
OR,2023,50,33,2023-08-20,,,,90.0,100.0,100.0,,,,0.0,
OR,2023,51,34,2023-08-27,,,,90.0,100.0,100.0,,,,0.0,
OR,2023,52,35,2023-09-03,,,,90.0,100.0,100.0,,,,0.0,
OR,2024,1,36,2023-09-10,,,,0.0,0.0,0.0,,,,7.0,
OR,2024,2,37,2023-09-17,,,,2.0,0.0,0.0,,,,12.0,
OR,2024,3,38,2023-09-24,,,,4.0,0.0,0.0,,,,15.0,
OR,2024,4,39,2023-10-01,,,,6.0,0.0,0.0,,,,23.0,
OR,2024,5,40,2023-10-08,,,,14.0,0.0,0.0,,,,41.0,
OR,2024,6,41,2023-10-15,,,,18.0,0.0,0.0,,,,54.0,
OR,2024,7,42,2023-10-22,,,,32.0,0.0,0.0,,,,70.0,
OR,2024,8,43,2023-10-29,,,,47.0,0.0,0.0,,,,81.0,
OR,2024,9,44,2023-11-05,,,,60.0,0.0,0.0,,,,88.0,
OR,2024,10,45,2023-11-12,,,,68.0,0.0,0.0,,,,95.0,
OR,2024,11,46,2023-11-19,,,,80.0,0.0,0.0,,,,99.0,
OR,2024,12,47,2023-11-26,,,,85.0,0.0,0.0,,,,99.0,
OR,2024,30,13,2024-03-31,,,,85.0,0.0,0.0,,,,99.0,
OR,2024,31,14,2024-04-07,,,,85.0,0.0,0.0,,,,99.0,
OR,2024,32,15,2024-04-14,,,,85.0,0.0,0.0,,,,99.0,
OR,2024,33,16,2024-04-21,,,,85.0,0.0,0.0,,,,99.0,
OR,2024,34,17,2024-04-28,,,,85.0,0.0,0.0,,,,99.0,
OR,2024,35,18,2024-05-05,,,,85.0,0.0,0.0,,,,99.0,
OR,2024,36,19,2024-05-12,,,,85.0,0.0,2.0,,,,99.0,
OR,2024,37,20,2024-05-19,,,,85.0,0.0,31.0,,,,99.0,
OR,2024,38,21,2024-05-26,,,,85.0,0.0,73.0,,,,99.0,
OR,2024,39,22,2024-06-02,,,,85.0,0.0,90.0,,,,99.0,
OR,2024,40,23,2024-06-09,,,,85.0,0.0,97.0,,,,99.0,
OR,2024,41,24,2024-06-16,,,,85.0,0.0,98.0,,,,99.0,
OR,2024,42,25,2024-06-23,,,,85.0,0.0,99.0,,,,99.0,
OR,2024,43,26,2024-06-30,,,,85.0,0.0,99.0,,,,99.0,
OR,2024,44,27,2024-07-07,,,,85.0,4.0,99.0,,,,99.0,
OR,2024,45,28,2024-07-14,,,,85.0,23.0,99.0,,,,99.0,
OR,2024,46,29,2024-07-21,,,,85.0,35.0,99.0,,,,99.0,
OR,2024,47,30,2024-07-28,,,,85.0,55.0,99.0,,,,99.0,
OR,2024,48,31,2024-08-04,,,,85.0,75.0,99.0,,,,99.0,
OR,2024,49,32,2024-08-11,,,,85.0,83.0,99.0,,,,99.0,
OR,2024,50,33,2024-08-18,,,,85.0,89.0,99.0,,,,0.0,
OR,2024,51,34,2024-08-25,,,,85.0,97.0,99.0,,,,0.0,
OR,2024,52,35,2024-09-01,,,,85.0,99.0,99.0,,,,1.0,
OR,2025,1,36,2024-09-08,,,,0.0,100.0,0.0,,,,4.0,
OR,2025,2,37,2024-09-15,,,,2.0,100.0,0.0,,,,12.0,
OR,2025,3,38,2024-09-22,,,,3.0,100.0,0.0,,,,16.0,
OR,2025,4,39,2024-09-29,,,,10.0,100.0,0.0,,,,29.0,
OR,2025,5,40,2024-10-06,,,,18.0,100.0,0.0,,,,45.0,
OR,2025,6,41,2024-10-13,,,,28.0,100.0,0.0,,,,64.0,
OR,2025,7,42,2024-10-20,,,,47.0,100.0,0.0,,,,83.0,
OR,2025,8,43,2024-10-27,,,,58.0,100.0,0.0,,,,93.0,
OR,2025,9,44,2024-11-03,,,,66.0,100.0,0.0,,,,95.0,
OR,2025,10,45,2024-11-10,,,,72.0,100.0,0.0,,,,98.0,
OR,2025,11,46,2024-11-17,,,,88.0,100.0,0.0,,,,100.0,
OR,2025,12,47,2024-11-24,,,,91.0,100.0,0.0,,,,100.0,
OR,2025,31,14,2025-04-06,,,,91.0,100.0,0.0,,,,100.0,
OR,2025,32,15,2025-04-13,,,,91.0,100.0,0.0,,,,100.0,
OR,2025,33,16,2025-04-20,,,,91.0,100.0,0.0,,,,100.0,
OR,2025,34,17,2025-04-27,,,,91.0,100.0,0.0,,,,100.0,
OR,2025,35,18,2025-05-04,,,,91.0,100.0,6.0,,,,100.0,
OR,2025,36,19,2025-05-11,,,,91.0,100.0,20.0,,,,100.0,
OR,2025,37,20,2025-05-18,,,,91.0,100.0,32.0,,,,100.0,
OR,2025,38,21,2025-05-25,,,,91.0,100.0,70.0,,,,100.0,
OR,2025,39,22,2025-06-01,,,,91.0,0.0,88.0,,,,100.0,
OR,2025,40,23,2025-06-08,,,,91.0,0.0,93.0,,,,100.0,
OR,2025,41,24,2025-06-15,,,,91.0,0.0,95.0,,,,100.0,
OR,2025,42,25,2025-06-22,,,,91.0,0.0,99.0,,,,100.0,
OR,2025,43,26,2025-06-29,,,,91.0,1.0,99.0,,,,100.0,
OR,2025,44,27,2025-07-06,,,,91.0,6.0,99.0,,,,100.0,
OR,2025,45,28,2025-07-13,,,,91.0,13.0,99.0,,,,100.0,
OR,2025,46,29,2025-07-20,,,,91.0,36.0,99.0,,,,100.0,
OR,2025,47,30,2025-07-27,,,,91.0,50.0,99.0,,,,100.0,
OR,2025,48,31,2025-08-03,,,,91.0,68.0,99.0,,,,100.0,
OR,2025,49,32,2025-08-10,,,,91.0,84.0,99.0,,,,100.0,
OR,2025,50,33,2025-08-17,,,,91.0,95.0,99.0,,,,0.0,
OR,2025,51,34,2025-08-24,,,,91.0,99.0,99.0,,,,1.0,
OR,2025,52,35,2025-08-31,,,,91.0,99.0,99.0,,,,2.0,
OR,2026,1,36,2025-09-07,,,,0.0,0.0,0.0,,,,5.0,
OR,2026,2,37,2025-09-14,,,,1.0,0.0,0.0,,,,13.0,
OR,2026,3,38,2025-09-21,,,,3.0,0.0,0.0,,,,16.0,
OR,2026,4,39,2025-09-28,,,,7.0,0.0,0.0,,,,28.0,
OR,2026,11,46,2025-11-16,,,,88.0,0.0,0.0,,,,100.0,
OR,2026,12,47,2025-11-23,,,,95.0,0.0,0.0,,,,100.0,
PA,2016,1,36,2015-09-06,,,0.0,0.0,0.0,0.0,,0.0,,1.0,
PA,2016,2,37,2015-09-13,,,0.0,0.0,0.0,0.0,,0.0,,13.0,
PA,2016,3,38,2015-09-20,,,0.0,6.0,0.0,0.0,,0.0,,24.0,
PA,2016,4,39,2015-09-27,,,0.0,19.0,0.0,0.0,,0.0,,51.0,
PA,2016,5,40,2015-10-04,,,0.0,37.0,0.0,0.0,,0.0,,61.0,
PA,2016,6,41,2015-10-11,,,0.0,52.0,0.0,0.0,,0.0,,68.0,
PA,2016,7,42,2015-10-18,,,0.0,67.0,0.0,0.0,,0.0,,78.0,
PA,2016,8,43,2015-10-25,,,0.0,73.0,0.0,0.0,,0.0,,86.0,
PA,2016,9,44,2015-11-01,,,0.0,79.0,0.0,0.0,,0.0,,91.0,
PA,2016,10,45,2015-11-08,,,0.0,86.0,0.0,0.0,,0.0,,93.0,
PA,2016,11,46,2015-11-15,,,0.0,89.0,0.0,0.0,,0.0,,94.0,
PA,2016,12,47,2015-11-22,,,0.0,93.0,0.0,0.0,,0.0,,96.0,
PA,2016,13,48,2015-11-29,,,0.0,95.0,0.0,0.0,,0.0,,96.0,
PA,2016,32,15,2016-04-17,,,0.0,95.0,0.0,0.0,,0.0,,96.0,
PA,2016,33,16,2016-04-24,,,0.0,95.0,0.0,0.0,,0.0,,96.0,
PA,2016,34,17,2016-05-01,,,0.0,95.0,0.0,2.0,,0.0,,96.0,
PA,2016,35,18,2016-05-08,,,0.0,95.0,0.0,6.0,,0.0,,96.0,
PA,2016,36,19,2016-05-15,,,0.0,95.0,0.0,41.0,,0.0,,96.0,
PA,2016,37,20,2016-05-22,,,0.0,95.0,0.0,68.0,,0.0,,96.0,
PA,2016,38,21,2016-05-29,,,5.0,95.0,0.0,85.0,,0.0,,96.0,
PA,2016,39,22,2016-06-05,,,39.0,95.0,0.0,95.0,,0.0,,96.0,
PA,2016,40,23,2016-06-12,,,56.0,95.0,0.0,95.0,,0.0,,96.0,
PA,2016,41,24,2016-06-19,,,81.0,95.0,0.0,95.0,,6.0,,96.0,
PA,2016,42,25,2016-06-26,,,89.0,95.0,1.0,95.0,,44.0,,96.0,
PA,2016,43,26,2016-07-03,,,92.0,95.0,13.0,95.0,,46.0,,96.0,
PA,2016,44,27,2016-07-10,,,95.0,95.0,60.0,95.0,,86.0,,96.0,
PA,2016,45,28,2016-07-17,,,99.0,95.0,84.0,95.0,,96.0,,96.0,
PA,2016,46,29,2016-07-24,,,100.0,95.0,90.0,95.0,,98.0,,96.0,
PA,2016,47,30,2016-07-31,,,100.0,95.0,95.0,95.0,,99.0,,96.0,
PA,2016,52,35,2016-09-04,,,100.0,95.0,95.0,95.0,,99.0,,0.0,
PA,2017,1,36,2016-09-11,,,0.0,0.0,0.0,0.0,,0.0,,0.0,
PA,2017,2,37,2016-09-18,,,0.0,0.0,0.0,0.0,,0.0,,6.0,
PA,2017,3,38,2016-09-25,,,0.0,0.0,0.0,0.0,,0.0,,27.0,
PA,2017,4,39,2016-10-02,,,0.0,0.0,0.0,0.0,,0.0,,49.0,
PA,2017,5,40,2016-10-09,,,0.0,30.0,0.0,0.0,,0.0,,61.0,
PA,2017,6,41,2016-10-16,,,0.0,33.0,0.0,0.0,,0.0,,73.0,
PA,2017,7,42,2016-10-23,,,0.0,37.0,0.0,0.0,,0.0,,85.0,
PA,2017,8,43,2016-10-30,,,0.0,68.0,0.0,0.0,,0.0,,94.0,
PA,2017,9,44,2016-11-06,,,0.0,79.0,0.0,0.0,,0.0,,96.0,
PA,2017,10,45,2016-11-13,,,0.0,86.0,0.0,0.0,,0.0,,96.0,
PA,2017,11,46,2016-11-20,,,0.0,90.0,0.0,0.0,,0.0,,96.0,
PA,2017,12,47,2016-11-27,,,0.0,95.0,0.0,0.0,,0.0,,96.0,
PA,2017,32,15,2017-04-16,,,0.0,95.0,0.0,100.0,,0.0,,96.0,
PA,2017,39,22,2017-06-04,,,19.0,95.0,0.0,44.0,,0.0,,96.0,
PA,2017,40,23,2017-06-11,,,25.0,95.0,0.0,77.0,,0.0,,96.0,
PA,2017,41,24,2017-06-18,,,66.0,95.0,0.0,85.0,,0.0,,96.0,
PA,2017,42,25,2017-06-25,,,81.0,95.0,0.0,91.0,,0.0,,96.0,
PA,2017,43,26,2017-07-02,,,86.0,95.0,15.0,94.0,,54.0,,96.0,
PA,2017,44,27,2017-07-09,,,92.0,95.0,48.0,97.0,,76.0,,96.0,
PA,2017,45,28,2017-07-16,,,96.0,95.0,67.0,98.0,,83.0,,96.0,
PA,2017,46,29,2017-07-23,,,98.0,95.0,75.0,100.0,,86.0,,96.0,
PA,2017,47,30,2017-07-30,,,100.0,95.0,81.0,100.0,,88.0,,96.0,
PA,2017,48,31,2017-08-06,,,100.0,95.0,87.0,100.0,,93.0,,96.0,
PA,2017,49,32,2017-08-13,,,100.0,95.0,90.0,100.0,,94.0,,96.0,
PA,2017,50,33,2017-08-20,,,100.0,95.0,94.0,100.0,,96.0,,96.0,
PA,2017,51,34,2017-08-27,,,100.0,95.0,95.0,100.0,,97.0,,96.0,
PA,2017,52,35,2017-09-03,,,100.0,95.0,96.0,100.0,,99.0,,96.0,
PA,2018,1,36,2017-09-10,,,0.0,0.0,97.0,0.0,,100.0,,0.0,
PA,2018,2,37,2017-09-17,,,0.0,0.0,97.0,0.0,,100.0,,0.0,
PA,2018,3,38,2017-09-24,,,0.0,0.0,98.0,0.0,,100.0,,2.0,
PA,2018,4,39,2017-10-01,,,0.0,0.0,100.0,0.0,,100.0,,21.0,
PA,2018,5,40,2017-10-08,,,0.0,0.0,100.0,0.0,,100.0,,33.0,
PA,2018,6,41,2017-10-15,,,0.0,0.0,100.0,0.0,,100.0,,48.0,
PA,2018,7,42,2017-10-22,,,0.0,0.0,100.0,0.0,,100.0,,59.0,
PA,2018,8,43,2017-10-29,,,0.0,38.0,100.0,0.0,,100.0,,75.0,
PA,2018,9,44,2017-11-05,,,0.0,52.0,100.0,0.0,,100.0,,80.0,
PA,2018,10,45,2017-11-12,,,0.0,71.0,100.0,0.0,,100.0,,90.0,
PA,2018,11,46,2017-11-19,,,0.0,72.0,100.0,0.0,,100.0,,90.0,
PA,2018,12,47,2017-11-26,,,0.0,79.0,100.0,0.0,,100.0,,91.0,
PA,2018,34,17,2018-04-29,,,0.0,79.0,100.0,0.0,,100.0,,91.0,
PA,2018,35,18,2018-05-06,,,0.0,79.0,100.0,0.0,,100.0,,91.0,
PA,2018,36,19,2018-05-13,,,0.0,79.0,100.0,25.0,,100.0,,91.0,
PA,2018,37,20,2018-05-20,,,0.0,79.0,100.0,71.0,,100.0,,91.0,
PA,2018,38,21,2018-05-27,,,0.0,79.0,100.0,81.0,,100.0,,91.0,
PA,2018,39,22,2018-06-03,,,4.0,79.0,100.0,92.0,,100.0,,91.0,
PA,2018,40,23,2018-06-10,,,35.0,79.0,100.0,96.0,,0.0,,91.0,
PA,2018,41,24,2018-06-17,,,54.0,79.0,100.0,96.0,,0.0,,91.0,
PA,2018,42,25,2018-06-24,,,77.0,79.0,100.0,96.0,,5.0,,91.0,
PA,2018,43,26,2018-07-01,,,87.0,79.0,0.0,96.0,,18.0,,91.0,
PA,2018,44,27,2018-07-08,,,93.0,79.0,27.0,96.0,,82.0,,91.0,
PA,2018,45,28,2018-07-15,,,94.0,79.0,55.0,96.0,,90.0,,91.0,
PA,2018,46,29,2018-07-22,,,96.0,79.0,63.0,96.0,,92.0,,91.0,
PA,2018,47,30,2018-07-29,,,96.0,79.0,66.0,96.0,,93.0,,91.0,
PA,2018,48,31,2018-08-05,,,96.0,79.0,73.0,96.0,,96.0,,91.0,
PA,2018,49,32,2018-08-12,,,96.0,79.0,86.0,96.0,,96.0,,91.0,
PA,2018,50,33,2018-08-19,,,96.0,79.0,93.0,96.0,,96.0,,91.0,
PA,2018,51,34,2018-08-26,,,96.0,79.0,96.0,96.0,,96.0,,91.0,
PA,2019,1,36,2018-09-09,,,0.0,0.0,0.0,0.0,,0.0,,0.0,
PA,2019,2,37,2018-09-16,,,0.0,0.0,0.0,0.0,,0.0,,0.0,
PA,2019,3,38,2018-09-23,,,0.0,1.0,0.0,0.0,,0.0,,3.0,
PA,2019,4,39,2018-09-30,,,0.0,3.0,0.0,0.0,,0.0,,14.0,
PA,2019,5,40,2018-10-07,,,0.0,14.0,0.0,0.0,,0.0,,35.0,
PA,2019,6,41,2018-10-14,,,0.0,33.0,0.0,0.0,,0.0,,48.0,
PA,2019,7,42,2018-10-21,,,0.0,46.0,0.0,0.0,,0.0,,69.0,
PA,2019,8,43,2018-10-28,,,0.0,59.0,0.0,0.0,,0.0,,88.0,
PA,2019,9,44,2018-11-04,,,0.0,70.0,0.0,0.0,,0.0,,90.0,
PA,2019,10,45,2018-11-11,,,0.0,75.0,0.0,0.0,,0.0,,93.0,
PA,2019,11,46,2018-11-18,,,0.0,81.0,0.0,0.0,,0.0,,94.0,
PA,2019,12,47,2018-11-25,,,0.0,83.0,0.0,0.0,,0.0,,96.0,
PA,2019,32,15,2019-04-14,,,0.0,83.0,0.0,0.0,,0.0,,96.0,
PA,2019,33,16,2019-04-21,,,0.0,83.0,0.0,0.0,,0.0,,96.0,
PA,2019,34,17,2019-04-28,,,0.0,83.0,0.0,0.0,,0.0,,96.0,
PA,2019,35,18,2019-05-05,,,0.0,83.0,0.0,0.0,,0.0,,96.0,
PA,2019,36,19,2019-05-12,,,0.0,83.0,0.0,1.0,,0.0,,96.0,
PA,2019,37,20,2019-05-19,,,0.0,83.0,0.0,23.0,,0.0,,96.0,
PA,2019,38,21,2019-05-26,,,0.0,83.0,0.0,57.0,,0.0,,96.0,
PA,2019,39,22,2019-06-02,,,14.0,83.0,0.0,85.0,,0.0,,96.0,
PA,2019,40,23,2019-06-09,,,25.0,83.0,0.0,91.0,,0.0,,96.0,
PA,2019,41,24,2019-06-16,,,49.0,83.0,0.0,93.0,,0.0,,96.0,
PA,2019,42,25,2019-06-23,,,78.0,83.0,0.0,95.0,,1.0,,96.0,
PA,2019,43,26,2019-06-30,,,85.0,83.0,4.0,95.0,,30.0,,96.0,
PA,2019,44,27,2019-07-07,,,89.0,83.0,25.0,95.0,,72.0,,96.0,
PA,2019,45,28,2019-07-14,,,94.0,83.0,54.0,95.0,,81.0,,96.0,
PA,2019,46,29,2019-07-21,,,96.0,83.0,77.0,95.0,,85.0,,96.0,
PA,2019,47,30,2019-07-28,,,96.0,83.0,84.0,95.0,,88.0,,96.0,
PA,2019,48,31,2019-08-04,,,96.0,83.0,85.0,95.0,,92.0,,96.0,
PA,2019,49,32,2019-08-11,,,96.0,83.0,88.0,95.0,,95.0,,96.0,
PA,2019,50,33,2019-08-18,,,96.0,83.0,90.0,95.0,,99.0,,96.0,
PA,2019,51,34,2019-08-25,,,96.0,83.0,94.0,95.0,,99.0,,96.0,
PA,2019,52,35,2019-09-01,,,96.0,83.0,96.0,95.0,,99.0,,96.0,
PA,2020,1,36,2019-09-08,,,0.0,,0.0,0.0,,0.0,,0.0,
PA,2020,2,37,2019-09-15,,,0.0,,0.0,0.0,,0.0,,4.0,
PA,2020,3,38,2019-09-22,,,0.0,,0.0,0.0,,0.0,,22.0,
PA,2020,4,39,2019-09-29,,,0.0,,0.0,0.0,,0.0,,51.0,
PA,2020,5,40,2019-10-06,,,0.0,,0.0,0.0,,0.0,,64.0,
PA,2020,6,41,2019-10-13,,,0.0,,0.0,0.0,,0.0,,77.0,
PA,2020,7,42,2019-10-20,,,0.0,,0.0,0.0,,0.0,,80.0,
PA,2020,8,43,2019-10-27,,,0.0,,0.0,0.0,,0.0,,87.0,
PA,2020,9,44,2019-11-03,,,0.0,,0.0,0.0,,0.0,,90.0,
PA,2020,10,45,2019-11-10,,,0.0,,0.0,0.0,,0.0,,92.0,
PA,2020,11,46,2019-11-17,,,0.0,,0.0,0.0,,0.0,,93.0,
PA,2020,12,47,2019-11-24,,,0.0,,0.0,0.0,,0.0,,94.0,
PA,2020,36,19,2020-05-10,,,0.0,,0.0,1.0,,0.0,,94.0,
PA,2020,37,20,2020-05-17,,,0.0,,0.0,10.0,,0.0,,94.0,
PA,2020,38,21,2020-05-24,,,0.0,,0.0,48.0,,0.0,,94.0,
PA,2020,39,22,2020-05-31,,,0.0,,0.0,80.0,,0.0,,94.0,
PA,2020,40,23,2020-06-07,,,0.0,,0.0,90.0,,0.0,,94.0,
PA,2020,41,24,2020-06-14,,,10.0,,0.0,94.0,,0.0,,94.0,
PA,2020,42,25,2020-06-21,,,59.0,,0.0,97.0,,0.0,,94.0,
PA,2020,43,26,2020-06-28,,,85.0,,1.0,97.0,,21.0,,94.0,
PA,2020,44,27,2020-07-05,,,94.0,,9.0,97.0,,71.0,,94.0,
PA,2020,45,28,2020-07-12,,,98.0,,55.0,97.0,,87.0,,94.0,
PA,2020,46,29,2020-07-19,,,98.0,,85.0,97.0,,95.0,,94.0,
PA,2020,47,30,2020-07-26,,,98.0,,88.0,97.0,,96.0,,94.0,
PA,2020,48,31,2020-08-02,,,98.0,,90.0,97.0,,96.0,,94.0,
PA,2020,49,32,2020-08-09,,,98.0,,94.0,97.0,,96.0,,94.0,
PA,2020,50,33,2020-08-16,,,98.0,,97.0,97.0,,96.0,,94.0,
PA,2021,1,36,2020-09-06,,,0.0,0.0,0.0,0.0,,0.0,,0.0,
PA,2021,2,37,2020-09-13,,,0.0,0.0,0.0,0.0,,0.0,,0.0,
PA,2021,3,38,2020-09-20,,,0.0,0.0,0.0,0.0,,0.0,,2.0,
PA,2021,4,39,2020-09-27,,,0.0,1.0,0.0,0.0,,0.0,,12.0,
PA,2021,5,40,2020-10-04,,,0.0,16.0,0.0,0.0,,0.0,,37.0,
PA,2021,6,41,2020-10-11,,,0.0,18.0,0.0,0.0,,0.0,,52.0,
PA,2021,7,42,2020-10-18,,,0.0,31.0,0.0,0.0,,0.0,,64.0,
PA,2021,8,43,2020-10-25,,,0.0,39.0,0.0,0.0,,0.0,,79.0,
PA,2021,9,44,2020-11-01,,,0.0,65.0,0.0,0.0,,0.0,,84.0,
PA,2021,10,45,2020-11-08,,,0.0,74.0,0.0,0.0,,0.0,,88.0,
PA,2021,11,46,2020-11-15,,,0.0,79.0,0.0,0.0,,0.0,,98.0,
PA,2021,12,47,2020-11-22,,,0.0,86.0,0.0,0.0,,0.0,,98.0,
PA,2021,13,48,2020-11-29,,,0.0,95.0,0.0,0.0,,0.0,,98.0,
PA,2021,32,15,2021-04-18,,,0.0,95.0,0.0,0.0,,0.0,,98.0,
PA,2021,33,16,2021-04-25,,,0.0,95.0,0.0,0.0,,0.0,,98.0,
PA,2021,34,17,2021-05-02,,,0.0,95.0,0.0,0.0,,0.0,,98.0,
PA,2021,35,18,2021-05-09,,,0.0,95.0,0.0,8.0,,0.0,,98.0,
PA,2021,36,19,2021-05-16,,,0.0,95.0,0.0,17.0,,0.0,,98.0,
PA,2021,37,20,2021-05-23,,,0.0,95.0,0.0,62.0,,0.0,,98.0,
PA,2021,38,21,2021-05-30,,,0.0,95.0,0.0,85.0,,0.0,,98.0,
PA,2021,39,22,2021-06-06,,,1.0,95.0,0.0,89.0,,0.0,,98.0,
PA,2021,40,23,2021-06-13,,,14.0,95.0,0.0,92.0,,0.0,,98.0,
PA,2021,41,24,2021-06-20,,,55.0,95.0,0.0,95.0,,0.0,,98.0,
PA,2021,42,25,2021-06-27,,,81.0,95.0,1.0,95.0,,11.0,,98.0,
PA,2021,43,26,2021-07-04,,,95.0,95.0,14.0,95.0,,50.0,,98.0,
PA,2021,44,27,2021-07-11,,,95.0,95.0,59.0,95.0,,84.0,,98.0,
PA,2021,45,28,2021-07-18,,,95.0,95.0,73.0,95.0,,92.0,,98.0,
PA,2021,46,29,2021-07-25,,,95.0,95.0,90.0,95.0,,96.0,,98.0,
PA,2021,47,30,2021-08-01,,,95.0,95.0,96.0,95.0,,96.0,,98.0,
PA,2021,52,35,2021-09-05,,,95.0,95.0,96.0,95.0,,96.0,,0.0,
PA,2022,1,36,2021-09-12,,,0.0,0.0,0.0,0.0,,0.0,,0.0,
PA,2022,2,37,2021-09-19,,,0.0,0.0,0.0,0.0,,0.0,,1.0,
PA,2022,3,38,2021-09-26,,,0.0,0.0,0.0,0.0,,0.0,,6.0,
PA,2022,4,39,2021-10-03,,,0.0,0.0,0.0,0.0,,0.0,,31.0,
PA,2022,5,40,2021-10-10,,,0.0,6.0,0.0,0.0,,0.0,,43.0,
PA,2022,6,41,2021-10-17,,,0.0,12.0,0.0,0.0,,0.0,,55.0,
PA,2022,7,42,2021-10-24,,,0.0,31.0,0.0,0.0,,0.0,,67.0,
PA,2022,8,43,2021-10-31,,,0.0,41.0,0.0,0.0,,0.0,,73.0,
PA,2022,9,44,2021-11-07,,,0.0,65.0,0.0,0.0,,0.0,,79.0,
PA,2022,10,45,2021-11-14,,,0.0,79.0,0.0,0.0,,0.0,,87.0,
PA,2022,11,46,2021-11-21,,,0.0,80.0,0.0,0.0,,0.0,,89.0,
PA,2022,12,47,2021-11-28,,,0.0,85.0,0.0,0.0,,0.0,,90.0,
PA,2022,33,16,2022-04-24,,,0.0,85.0,0.0,0.0,,0.0,,90.0,
PA,2022,34,17,2022-05-01,,,0.0,85.0,0.0,3.0,,0.0,,90.0,
PA,2022,35,18,2022-05-08,,,0.0,85.0,0.0,5.0,,0.0,,90.0,
PA,2022,36,19,2022-05-15,,,0.0,85.0,0.0,10.0,,0.0,,90.0,
PA,2022,37,20,2022-05-22,,,0.0,85.0,0.0,14.0,,0.0,,90.0,
PA,2022,38,21,2022-05-29,,,0.0,85.0,0.0,43.0,,0.0,,90.0,
PA,2022,39,22,2022-06-05,,,0.0,85.0,0.0,63.0,,0.0,,90.0,
PA,2022,40,23,2022-06-12,,,3.0,85.0,0.0,80.0,,0.0,,90.0,
PA,2022,41,24,2022-06-19,,,17.0,85.0,0.0,90.0,,0.0,,90.0,
PA,2022,42,25,2022-06-26,,,70.0,85.0,0.0,98.0,,0.0,,90.0,
PA,2022,43,26,2022-07-03,,,90.0,85.0,0.0,98.0,,13.0,,90.0,
PA,2022,44,27,2022-07-10,,,95.0,85.0,0.0,98.0,,31.0,,90.0,
PA,2022,45,28,2022-07-17,,,95.0,85.0,27.0,98.0,,50.0,,90.0,
PA,2022,46,29,2022-07-24,,,95.0,85.0,75.0,98.0,,90.0,,90.0,
PA,2022,47,30,2022-07-31,,,95.0,85.0,80.0,98.0,,95.0,,90.0,
PA,2022,48,31,2022-08-07,,,95.0,85.0,90.0,98.0,,95.0,,90.0,
PA,2022,49,32,2022-08-14,,,95.0,85.0,95.0,98.0,,97.0,,90.0,
PA,2023,4,39,2022-10-02,,,0.0,0.0,0.0,0.0,,0.0,,10.0,
PA,2023,5,40,2022-10-09,,,0.0,0.0,0.0,0.0,,0.0,,20.0,
PA,2023,6,41,2022-10-16,,,0.0,0.0,0.0,0.0,,0.0,,34.0,
PA,2023,7,42,2022-10-23,,,0.0,2.0,0.0,0.0,,0.0,,45.0,
PA,2023,8,43,2022-10-30,,,0.0,22.0,0.0,0.0,,0.0,,65.0,
PA,2023,9,44,2022-11-06,,,0.0,30.0,0.0,0.0,,0.0,,75.0,
PA,2023,10,45,2022-11-13,,,0.0,44.0,0.0,0.0,,0.0,,85.0,
PA,2023,11,46,2022-11-20,,,0.0,58.0,0.0,0.0,,0.0,,95.0,
PA,2023,12,47,2022-11-27,,,0.0,73.0,0.0,0.0,,0.0,,95.0,
PA,2023,33,16,2023-04-23,,,0.0,73.0,0.0,0.0,,0.0,,95.0,
PA,2023,34,17,2023-04-30,,,0.0,73.0,0.0,0.0,,0.0,,95.0,
PA,2023,35,18,2023-05-07,,,0.0,73.0,0.0,1.0,,0.0,,95.0,
PA,2023,36,19,2023-05-14,,,0.0,73.0,0.0,10.0,,0.0,,95.0,
PA,2023,37,20,2023-05-21,,,0.0,73.0,0.0,53.0,,0.0,,95.0,
PA,2023,38,21,2023-05-28,,,0.0,73.0,0.0,83.0,,0.0,,95.0,
PA,2023,39,22,2023-06-04,,,10.0,73.0,0.0,85.0,,0.0,,95.0,
PA,2023,40,23,2023-06-11,,,32.0,73.0,0.0,90.0,,0.0,,95.0,
PA,2023,41,24,2023-06-18,,,53.0,73.0,0.0,95.0,,7.0,,95.0,
PA,2023,42,25,2023-06-25,,,58.0,73.0,1.0,95.0,,11.0,,95.0,
PA,2023,43,26,2023-07-02,,,68.0,73.0,2.0,95.0,,22.0,,95.0,
PA,2023,44,27,2023-07-09,,,82.0,73.0,17.0,95.0,,36.0,,95.0,
PA,2023,45,28,2023-07-16,,,90.0,73.0,39.0,95.0,,62.0,,95.0,
PA,2023,46,29,2023-07-23,,,95.0,73.0,52.0,95.0,,76.0,,95.0,
PA,2023,47,30,2023-07-30,,,95.0,73.0,60.0,95.0,,86.0,,95.0,
PA,2023,48,31,2023-08-06,,,95.0,73.0,75.0,95.0,,96.0,,95.0,
PA,2023,49,32,2023-08-13,,,95.0,73.0,90.0,95.0,,96.0,,95.0,
PA,2023,50,33,2023-08-20,,,95.0,73.0,95.0,95.0,,96.0,,95.0,
PA,2023,52,35,2023-09-03,,,95.0,73.0,95.0,95.0,,96.0,,0.0,
PA,2024,1,36,2023-09-10,,,0.0,0.0,0.0,0.0,,0.0,,0.0,
PA,2024,2,37,2023-09-17,,,0.0,0.0,0.0,0.0,,0.0,,0.0,
PA,2024,3,38,2023-09-24,,,0.0,0.0,0.0,0.0,,0.0,,1.0,
PA,2024,4,39,2023-10-01,,,0.0,0.0,0.0,0.0,,0.0,,13.0,
PA,2024,5,40,2023-10-08,,,0.0,2.0,0.0,0.0,,0.0,,17.0,
PA,2024,6,41,2023-10-15,,,0.0,6.0,0.0,0.0,,0.0,,39.0,
PA,2024,7,42,2023-10-22,,,0.0,22.0,0.0,0.0,,0.0,,51.0,
PA,2024,8,43,2023-10-29,,,0.0,38.0,0.0,0.0,,0.0,,66.0,
PA,2024,9,44,2023-11-05,,,0.0,48.0,0.0,0.0,,0.0,,74.0,
PA,2024,10,45,2023-11-12,,,0.0,58.0,0.0,0.0,,0.0,,84.0,
PA,2024,11,46,2023-11-19,,,0.0,73.0,0.0,0.0,,0.0,,95.0,
PA,2024,12,47,2023-11-26,,,0.0,85.0,0.0,0.0,,0.0,,95.0,
PA,2024,33,16,2024-04-21,,,0.0,85.0,0.0,0.0,,0.0,,95.0,
PA,2024,34,17,2024-04-28,,,0.0,85.0,0.0,0.0,,0.0,,95.0,
PA,2024,35,18,2024-05-05,,,0.0,85.0,0.0,5.0,,0.0,,95.0,
PA,2024,36,19,2024-05-12,,,0.0,85.0,0.0,25.0,,0.0,,95.0,
PA,2024,37,20,2024-05-19,,,0.0,85.0,0.0,34.0,,0.0,,95.0,
PA,2024,38,21,2024-05-26,,,0.0,85.0,0.0,54.0,,0.0,,95.0,
PA,2024,39,22,2024-06-02,,,0.0,85.0,0.0,65.0,,0.0,,95.0,
PA,2024,40,23,2024-06-09,,,16.0,85.0,0.0,85.0,,0.0,,95.0,
PA,2024,41,24,2024-06-16,,,32.0,85.0,0.0,96.0,,6.0,,95.0,
PA,2024,42,25,2024-06-23,,,51.0,85.0,0.0,96.0,,21.0,,95.0,
PA,2024,43,26,2024-06-30,,,75.0,85.0,27.0,96.0,,41.0,,95.0,
PA,2024,44,27,2024-07-07,,,90.0,85.0,34.0,96.0,,51.0,,95.0,
PA,2024,45,28,2024-07-14,,,95.0,85.0,42.0,96.0,,70.0,,95.0,
PA,2024,46,29,2024-07-21,,,95.0,85.0,57.0,96.0,,85.0,,95.0,
PA,2024,47,30,2024-07-28,,,95.0,85.0,70.0,96.0,,95.0,,95.0,
PA,2024,48,31,2024-08-04,,,95.0,85.0,85.0,96.0,,95.0,,95.0,
PA,2024,49,32,2024-08-11,,,95.0,85.0,95.0,96.0,,95.0,,95.0,
PA,2024,52,35,2024-09-01,,,95.0,85.0,95.0,96.0,,95.0,,0.0,
PA,2025,1,36,2024-09-08,,,0.0,0.0,0.0,0.0,,0.0,,0.0,
PA,2025,2,37,2024-09-15,,,0.0,0.0,0.0,0.0,,0.0,,2.0,
PA,2025,3,38,2024-09-22,,,0.0,1.0,0.0,0.0,,0.0,,4.0,
PA,2025,4,39,2024-09-29,,,0.0,2.0,0.0,0.0,,0.0,,5.0,
PA,2025,5,40,2024-10-06,,,0.0,6.0,0.0,0.0,,0.0,,15.0,
PA,2025,6,41,2024-10-13,,,0.0,9.0,0.0,0.0,,0.0,,23.0,
PA,2025,7,42,2024-10-20,,,0.0,19.0,0.0,0.0,,0.0,,50.0,
PA,2025,8,43,2024-10-27,,,0.0,30.0,0.0,0.0,,0.0,,70.0,
PA,2025,9,44,2024-11-03,,,0.0,45.0,0.0,0.0,,0.0,,83.0,
PA,2025,10,45,2024-11-10,,,0.0,60.0,0.0,0.0,,0.0,,93.0,
PA,2025,11,46,2024-11-17,,,0.0,70.0,0.0,0.0,,0.0,,96.0,
PA,2025,12,47,2024-11-24,,,0.0,83.0,0.0,0.0,,0.0,,96.0,
PA,2025,33,16,2025-04-20,,,0.0,83.0,0.0,0.0,,0.0,,96.0,
PA,2025,34,17,2025-04-27,,,0.0,83.0,0.0,7.0,,0.0,,96.0,
PA,2025,35,18,2025-05-04,,,0.0,83.0,0.0,12.0,,0.0,,96.0,
PA,2025,36,19,2025-05-11,,,0.0,83.0,0.0,20.0,,0.0,,96.0,
PA,2025,37,20,2025-05-18,,,0.0,83.0,0.0,40.0,,0.0,,96.0,
PA,2025,38,21,2025-05-25,,,0.0,83.0,0.0,55.0,,0.0,,96.0,
PA,2025,39,22,2025-06-01,,,0.0,83.0,0.0,64.0,,0.0,,96.0,
PA,2025,40,23,2025-06-08,,,5.0,83.0,0.0,84.0,,0.0,,96.0,
PA,2025,41,24,2025-06-15,,,20.0,83.0,0.0,95.0,,0.0,,96.0,
PA,2025,42,25,2025-06-22,,,45.0,83.0,0.0,95.0,,0.0,,96.0,
PA,2025,43,26,2025-06-29,,,61.0,83.0,1.0,95.0,,19.0,,96.0,
PA,2025,44,27,2025-07-06,,,81.0,83.0,17.0,95.0,,45.0,,96.0,
PA,2025,45,28,2025-07-13,,,95.0,83.0,50.0,95.0,,70.0,,96.0,
PA,2025,46,29,2025-07-20,,,95.0,83.0,76.0,95.0,,95.0,,96.0,
PA,2025,47,30,2025-07-27,,,95.0,83.0,95.0,95.0,,95.0,,96.0,
PA,2025,52,35,2025-08-31,,,95.0,83.0,95.0,95.0,,95.0,,0.0,
PA,2026,1,36,2025-09-07,,,0.0,0.0,0.0,0.0,,0.0,,0.0,
PA,2026,2,37,2025-09-14,,,0.0,0.0,0.0,0.0,,0.0,,0.0,
PA,2026,3,38,2025-09-21,,,0.0,0.0,0.0,0.0,,0.0,,2.0,
PA,2026,4,39,2025-09-28,,,0.0,1.0,0.0,0.0,,0.0,,6.0,
PA,2026,11,46,2025-11-16,,,0.0,93.0,0.0,0.0,,0.0,,98.0,
PA,2026,12,47,2025-11-23,,,0.0,99.0,0.0,0.0,,0.0,,98.0,
SC,2016,1,36,2015-09-06,,,,0.0,0.0,0.0,,,,0.0,
SC,2016,2,37,2015-09-13,,,,0.0,0.0,0.0,,,,0.0,
SC,2016,3,38,2015-09-20,,,,0.0,0.0,0.0,,,,0.0,
SC,2016,4,39,2015-09-27,,,,0.0,0.0,0.0,,,,0.0,
SC,2016,5,40,2015-10-04,,,,0.0,0.0,0.0,,,,4.0,
SC,2016,6,41,2015-10-11,,,,0.0,0.0,0.0,,,,10.0,
SC,2016,7,42,2015-10-18,,,,0.0,0.0,0.0,,,,13.0,
SC,2016,8,43,2015-10-25,,,,0.0,0.0,0.0,,,,15.0,
SC,2016,9,44,2015-11-01,,,,5.0,0.0,0.0,,,,28.0,
SC,2016,10,45,2015-11-08,,,,19.0,0.0,0.0,,,,32.0,
SC,2016,11,46,2015-11-15,,,,26.0,0.0,0.0,,,,40.0,
SC,2016,12,47,2015-11-22,,,,34.0,0.0,0.0,,,,49.0,
SC,2016,13,48,2015-11-29,,,,49.0,0.0,0.0,,,,55.0,
SC,2016,30,13,2016-04-03,,,,49.0,0.0,2.0,,,,55.0,
SC,2016,31,14,2016-04-10,,,,49.0,0.0,8.0,,,,55.0,
SC,2016,32,15,2016-04-17,,,,49.0,0.0,32.0,,,,55.0,
SC,2016,33,16,2016-04-24,,,,49.0,0.0,57.0,,,,55.0,
SC,2016,34,17,2016-05-01,,,,49.0,0.0,64.0,,,,55.0,
SC,2016,35,18,2016-05-08,,,,49.0,0.0,84.0,,,,55.0,
SC,2016,36,19,2016-05-15,,,,49.0,0.0,94.0,,,,55.0,
SC,2016,37,20,2016-05-22,,,,49.0,3.0,95.0,,,,55.0,
SC,2016,38,21,2016-05-29,,,,49.0,5.0,95.0,,,,55.0,
SC,2016,39,22,2016-06-05,,,,49.0,25.0,95.0,,,,55.0,
SC,2016,40,23,2016-06-12,,,,49.0,50.0,95.0,,,,55.0,
SC,2016,41,24,2016-06-19,,,,49.0,85.0,95.0,,,,55.0,
SC,2016,42,25,2016-06-26,,,,49.0,91.0,95.0,,,,55.0,
SC,2016,43,26,2016-07-03,,,,49.0,94.0,95.0,,,,55.0,
SC,2016,44,27,2016-07-10,,,,49.0,96.0,95.0,,,,55.0,
SC,2017,3,38,2016-09-25,,,,0.0,0.0,0.0,,,,0.0,
SC,2017,4,39,2016-10-02,,,,0.0,0.0,0.0,,,,0.0,
SC,2017,5,40,2016-10-09,,,,0.0,0.0,0.0,,,,1.0,
SC,2017,6,41,2016-10-16,,,,0.0,0.0,0.0,,,,4.0,
SC,2017,7,42,2016-10-23,,,,0.0,0.0,0.0,,,,6.0,
SC,2017,8,43,2016-10-30,,,,0.0,0.0,0.0,,,,10.0,
SC,2017,9,44,2016-11-06,,,,0.0,0.0,0.0,,,,12.0,
SC,2017,10,45,2016-11-13,,,,0.0,0.0,0.0,,,,20.0,
SC,2017,11,46,2016-11-20,,,,6.0,0.0,0.0,,,,38.0,
SC,2017,12,47,2016-11-27,,,,11.0,0.0,0.0,,,,43.0,
SC,2017,30,13,2017-04-02,,,,11.0,0.0,8.0,,,,43.0,
SC,2017,31,14,2017-04-09,,,,11.0,0.0,38.0,,,,43.0,
SC,2017,32,15,2017-04-16,,,,11.0,0.0,59.0,,,,43.0,
SC,2017,33,16,2017-04-23,,,,11.0,0.0,72.0,,,,43.0,
SC,2017,34,17,2017-04-30,,,,11.0,0.0,83.0,,,,43.0,
SC,2017,35,18,2017-05-07,,,,11.0,0.0,95.0,,,,43.0,
SC,2017,36,19,2017-05-14,,,,11.0,0.0,95.0,,,,43.0,
SC,2017,37,20,2017-05-21,,,,11.0,1.0,95.0,,,,43.0,
SC,2017,38,21,2017-05-28,,,,11.0,5.0,95.0,,,,43.0,
SC,2017,39,22,2017-06-04,,,,11.0,32.0,95.0,,,,43.0,
SC,2017,40,23,2017-06-11,,,,11.0,47.0,95.0,,,,43.0,
SC,2017,41,24,2017-06-18,,,,11.0,71.0,95.0,,,,43.0,
SC,2017,42,25,2017-06-25,,,,11.0,86.0,95.0,,,,43.0,
SC,2017,43,26,2017-07-02,,,,11.0,97.0,95.0,,,,43.0,
SC,2018,3,38,2017-09-24,,,,0.0,0.0,0.0,,,,0.0,
SC,2018,4,39,2017-10-01,,,,0.0,0.0,0.0,,,,0.0,
SC,2018,5,40,2017-10-08,,,,0.0,0.0,0.0,,,,1.0,
SC,2018,6,41,2017-10-15,,,,0.0,0.0,0.0,,,,12.0,
SC,2018,7,42,2017-10-22,,,,0.0,0.0,0.0,,,,14.0,
SC,2018,8,43,2017-10-29,,,,0.0,0.0,0.0,,,,23.0,
SC,2018,9,44,2017-11-05,,,,5.0,0.0,0.0,,,,38.0,
SC,2018,10,45,2017-11-12,,,,22.0,0.0,0.0,,,,51.0,
SC,2018,11,46,2017-11-19,,,,31.0,0.0,0.0,,,,59.0,
SC,2018,12,47,2017-11-26,,,,43.0,0.0,0.0,,,,71.0,
SC,2018,30,13,2018-04-01,,,,43.0,0.0,0.0,,,,71.0,
SC,2018,31,14,2018-04-08,,,,43.0,0.0,6.0,,,,71.0,
SC,2018,32,15,2018-04-15,,,,43.0,0.0,14.0,,,,71.0,
SC,2018,33,16,2018-04-22,,,,43.0,0.0,43.0,,,,71.0,
SC,2018,34,17,2018-04-29,,,,43.0,0.0,78.0,,,,71.0,
SC,2018,35,18,2018-05-06,,,,43.0,0.0,97.0,,,,71.0,
SC,2018,36,19,2018-05-13,,,,43.0,0.0,97.0,,,,71.0,
SC,2018,37,20,2018-05-20,,,,43.0,0.0,97.0,,,,71.0,
SC,2018,38,21,2018-05-27,,,,43.0,6.0,97.0,,,,71.0,
SC,2018,39,22,2018-06-03,,,,43.0,24.0,97.0,,,,71.0,
SC,2018,40,23,2018-06-10,,,,43.0,50.0,97.0,,,,71.0,
SC,2018,41,24,2018-06-17,,,,43.0,81.0,97.0,,,,71.0,
SC,2018,42,25,2018-06-24,,,,43.0,96.0,97.0,,,,71.0,
SC,2019,4,39,2018-09-30,,,,0.0,0.0,0.0,,,,0.0,
SC,2019,5,40,2018-10-07,,,,0.0,0.0,0.0,,,,0.0,
SC,2019,6,41,2018-10-14,,,,0.0,0.0,0.0,,,,0.0,
SC,2019,7,42,2018-10-21,,,,0.0,0.0,0.0,,,,7.0,
SC,2019,8,43,2018-10-28,,,,0.0,0.0,0.0,,,,10.0,
SC,2019,9,44,2018-11-04,,,,0.0,0.0,0.0,,,,23.0,
SC,2019,10,45,2018-11-11,,,,4.0,0.0,0.0,,,,27.0,
SC,2019,11,46,2018-11-18,,,,22.0,0.0,0.0,,,,30.0,
SC,2019,12,47,2018-11-25,,,,28.0,0.0,0.0,,,,40.0,
SC,2019,30,13,2019-03-31,,,,28.0,0.0,0.0,,,,40.0,
SC,2019,31,14,2019-04-07,,,,28.0,0.0,3.0,,,,40.0,
SC,2019,32,15,2019-04-14,,,,28.0,0.0,27.0,,,,40.0,
SC,2019,33,16,2019-04-21,,,,28.0,0.0,39.0,,,,40.0,
SC,2019,34,17,2019-04-28,,,,28.0,0.0,55.0,,,,40.0,
SC,2019,35,18,2019-05-05,,,,28.0,0.0,85.0,,,,40.0,
SC,2019,36,19,2019-05-12,,,,28.0,0.0,97.0,,,,40.0,
SC,2019,37,20,2019-05-19,,,,28.0,0.0,97.0,,,,40.0,
SC,2019,38,21,2019-05-26,,,,28.0,15.0,97.0,,,,40.0,
SC,2019,39,22,2019-06-02,,,,28.0,20.0,97.0,,,,40.0,
SC,2019,40,23,2019-06-09,,,,28.0,40.0,97.0,,,,40.0,
SC,2019,41,24,2019-06-16,,,,28.0,65.0,97.0,,,,40.0,
SC,2019,42,25,2019-06-23,,,,28.0,89.0,97.0,,,,40.0,
SC,2019,43,26,2019-06-30,,,,28.0,96.0,97.0,,,,40.0,
SC,2020,3,38,2019-09-22,,,,0.0,0.0,0.0,,,,0.0,
SC,2020,4,39,2019-09-29,,,,0.0,0.0,0.0,,,,0.0,
SC,2020,5,40,2019-10-06,,,,0.0,0.0,0.0,,,,0.0,
SC,2020,6,41,2019-10-13,,,,0.0,0.0,0.0,,,,1.0,
SC,2020,7,42,2019-10-20,,,,0.0,0.0,0.0,,,,3.0,
SC,2020,8,43,2019-10-27,,,,0.0,0.0,0.0,,,,5.0,
SC,2020,9,44,2019-11-03,,,,0.0,0.0,0.0,,,,6.0,
SC,2020,10,45,2019-11-10,,,,6.0,0.0,0.0,,,,16.0,
SC,2020,11,46,2019-11-17,,,,12.0,0.0,0.0,,,,26.0,
SC,2020,12,47,2019-11-24,,,,24.0,0.0,0.0,,,,37.0,
SC,2020,31,14,2020-04-05,,,,24.0,0.0,15.0,,,,37.0,
SC,2020,32,15,2020-04-12,,,,24.0,0.0,31.0,,,,37.0,
SC,2020,33,16,2020-04-19,,,,24.0,0.0,54.0,,,,37.0,
SC,2020,34,17,2020-04-26,,,,24.0,0.0,80.0,,,,37.0,
SC,2020,35,18,2020-05-03,,,,24.0,0.0,85.0,,,,37.0,
SC,2020,36,19,2020-05-10,,,,24.0,0.0,90.0,,,,37.0,
SC,2020,37,20,2020-05-17,,,,24.0,1.0,93.0,,,,37.0,
SC,2020,38,21,2020-05-24,,,,24.0,6.0,95.0,,,,37.0,
SC,2020,39,22,2020-05-31,,,,24.0,8.0,95.0,,,,37.0,
SC,2020,40,23,2020-06-07,,,,24.0,18.0,95.0,,,,37.0,
SC,2020,41,24,2020-06-14,,,,24.0,37.0,95.0,,,,37.0,
SC,2020,42,25,2020-06-21,,,,24.0,70.0,95.0,,,,37.0,
SC,2020,43,26,2020-06-28,,,,24.0,80.0,95.0,,,,37.0,
SC,2020,44,27,2020-07-05,,,,24.0,92.0,95.0,,,,37.0,
SC,2020,45,28,2020-07-12,,,,24.0,96.0,95.0,,,,37.0,
SC,2021,6,41,2020-10-11,,,,0.0,0.0,0.0,,,,2.0,
SC,2021,7,42,2020-10-18,,,,0.0,0.0,0.0,,,,9.0,
SC,2021,8,43,2020-10-25,,,,0.0,0.0,0.0,,,,11.0,
SC,2021,9,44,2020-11-01,,,,7.0,0.0,0.0,,,,19.0,
SC,2021,10,45,2020-11-08,,,,11.0,0.0,0.0,,,,28.0,
SC,2021,11,46,2020-11-15,,,,22.0,0.0,0.0,,,,38.0,
SC,2021,12,47,2020-11-22,,,,38.0,0.0,0.0,,,,58.0,
SC,2021,13,48,2020-11-29,,,,51.0,0.0,0.0,,,,70.0,
SC,2021,30,13,2021-04-04,,,,51.0,0.0,1.0,,,,70.0,
SC,2021,31,14,2021-04-11,,,,51.0,0.0,18.0,,,,70.0,
SC,2021,32,15,2021-04-18,,,,51.0,0.0,47.0,,,,70.0,
SC,2021,33,16,2021-04-25,,,,51.0,0.0,73.0,,,,70.0,
SC,2021,34,17,2021-05-02,,,,51.0,0.0,88.0,,,,70.0,
SC,2021,35,18,2021-05-09,,,,51.0,0.0,95.0,,,,70.0,
SC,2021,36,19,2021-05-16,,,,51.0,1.0,95.0,,,,70.0,
SC,2021,37,20,2021-05-23,,,,51.0,8.0,95.0,,,,70.0,
SC,2021,38,21,2021-05-30,,,,51.0,21.0,95.0,,,,70.0,
SC,2021,39,22,2021-06-06,,,,51.0,44.0,95.0,,,,70.0,
SC,2021,40,23,2021-06-13,,,,51.0,55.0,95.0,,,,70.0,
SC,2021,41,24,2021-06-20,,,,51.0,70.0,95.0,,,,70.0,
SC,2021,42,25,2021-06-27,,,,51.0,85.0,95.0,,,,70.0,
SC,2021,43,26,2021-07-04,,,,51.0,92.0,95.0,,,,70.0,
SC,2021,44,27,2021-07-11,,,,51.0,95.0,95.0,,,,70.0,
SC,2022,3,38,2021-09-26,,,,0.0,0.0,0.0,,,,0.0,
SC,2022,4,39,2021-10-03,,,,0.0,0.0,0.0,,,,0.0,
SC,2022,5,40,2021-10-10,,,,0.0,0.0,0.0,,,,3.0,
SC,2022,6,41,2021-10-17,,,,0.0,0.0,0.0,,,,5.0,
SC,2022,7,42,2021-10-24,,,,0.0,0.0,0.0,,,,9.0,
SC,2022,8,43,2021-10-31,,,,0.0,0.0,0.0,,,,16.0,
SC,2022,9,44,2021-11-07,,,,2.0,0.0,0.0,,,,20.0,
SC,2022,10,45,2021-11-14,,,,8.0,0.0,0.0,,,,25.0,
SC,2022,11,46,2021-11-21,,,,19.0,0.0,0.0,,,,33.0,
SC,2022,12,47,2021-11-28,,,,29.0,0.0,0.0,,,,47.0,
SC,2022,30,13,2022-04-03,,,,29.0,0.0,5.0,,,,47.0,
SC,2022,31,14,2022-04-10,,,,29.0,0.0,13.0,,,,47.0,
SC,2022,32,15,2022-04-17,,,,29.0,0.0,41.0,,,,47.0,
SC,2022,33,16,2022-04-24,,,,29.0,0.0,60.0,,,,47.0,
SC,2022,34,17,2022-05-01,,,,29.0,0.0,74.0,,,,47.0,
SC,2022,35,18,2022-05-08,,,,29.0,0.0,87.0,,,,47.0,
SC,2022,36,19,2022-05-15,,,,29.0,0.0,95.0,,,,47.0,
SC,2022,37,20,2022-05-22,,,,29.0,4.0,95.0,,,,47.0,
SC,2022,38,21,2022-05-29,,,,29.0,12.0,95.0,,,,47.0,
SC,2022,39,22,2022-06-05,,,,29.0,32.0,95.0,,,,47.0,
SC,2022,40,23,2022-06-12,,,,29.0,48.0,95.0,,,,47.0,
SC,2022,41,24,2022-06-19,,,,29.0,70.0,95.0,,,,47.0,
SC,2022,42,25,2022-06-26,,,,29.0,93.0,95.0,,,,47.0,
SC,2022,43,26,2022-07-03,,,,29.0,97.0,95.0,,,,47.0,
SC,2023,3,38,2022-09-25,,,,0.0,0.0,0.0,,,,0.0,
SC,2023,4,39,2022-10-02,,,,0.0,0.0,0.0,,,,0.0,
SC,2023,5,40,2022-10-09,,,,0.0,0.0,0.0,,,,0.0,
SC,2023,6,41,2022-10-16,,,,0.0,0.0,0.0,,,,3.0,
SC,2023,7,42,2022-10-23,,,,0.0,0.0,0.0,,,,5.0,
SC,2023,8,43,2022-10-30,,,,0.0,0.0,0.0,,,,8.0,
SC,2023,9,44,2022-11-06,,,,3.0,0.0,0.0,,,,14.0,
SC,2023,10,45,2022-11-13,,,,6.0,0.0,0.0,,,,24.0,
SC,2023,11,46,2022-11-20,,,,18.0,0.0,0.0,,,,35.0,
SC,2023,12,47,2022-11-27,,,,26.0,0.0,0.0,,,,48.0,
SC,2023,30,13,2023-04-02,,,,26.0,0.0,4.0,,,,48.0,
SC,2023,31,14,2023-04-09,,,,26.0,0.0,20.0,,,,48.0,
SC,2023,32,15,2023-04-16,,,,26.0,0.0,48.0,,,,48.0,
SC,2023,33,16,2023-04-23,,,,26.0,0.0,70.0,,,,48.0,
SC,2023,34,17,2023-04-30,,,,26.0,0.0,85.0,,,,48.0,
SC,2023,35,18,2023-05-07,,,,26.0,0.0,93.0,,,,48.0,
SC,2023,36,19,2023-05-14,,,,26.0,0.0,98.0,,,,48.0,
SC,2023,37,20,2023-05-21,,,,26.0,0.0,98.0,,,,48.0,
SC,2023,38,21,2023-05-28,,,,26.0,5.0,98.0,,,,48.0,
SC,2023,39,22,2023-06-04,,,,26.0,25.0,98.0,,,,48.0,
SC,2023,40,23,2023-06-11,,,,26.0,44.0,98.0,,,,48.0,
SC,2023,41,24,2023-06-18,,,,26.0,53.0,98.0,,,,48.0,
SC,2023,42,25,2023-06-25,,,,26.0,62.0,98.0,,,,48.0,
SC,2023,43,26,2023-07-02,,,,26.0,82.0,98.0,,,,48.0,
SC,2023,44,27,2023-07-09,,,,26.0,96.0,98.0,,,,48.0,
SC,2024,3,38,2023-09-24,,,,0.0,0.0,0.0,,,,0.0,
SC,2024,4,39,2023-10-01,,,,0.0,0.0,0.0,,,,0.0,
SC,2024,5,40,2023-10-08,,,,0.0,0.0,0.0,,,,0.0,
SC,2024,6,41,2023-10-15,,,,0.0,0.0,0.0,,,,0.0,
SC,2024,7,42,2023-10-22,,,,0.0,0.0,0.0,,,,2.0,
SC,2024,8,43,2023-10-29,,,,0.0,0.0,0.0,,,,4.0,
SC,2024,9,44,2023-11-05,,,,3.0,0.0,0.0,,,,11.0,
SC,2024,10,45,2023-11-12,,,,10.0,0.0,0.0,,,,24.0,
SC,2024,11,46,2023-11-19,,,,17.0,0.0,0.0,,,,34.0,
SC,2024,12,47,2023-11-26,,,,26.0,0.0,0.0,,,,43.0,
SC,2024,30,13,2024-03-31,,,,26.0,0.0,7.0,,,,43.0,
SC,2024,31,14,2024-04-07,,,,26.0,0.0,22.0,,,,43.0,
SC,2024,32,15,2024-04-14,,,,26.0,0.0,42.0,,,,43.0,
SC,2024,33,16,2024-04-21,,,,26.0,0.0,68.0,,,,43.0,
SC,2024,34,17,2024-04-28,,,,26.0,0.0,86.0,,,,43.0,
SC,2024,35,18,2024-05-05,,,,26.0,0.0,90.0,,,,43.0,
SC,2024,36,19,2024-05-12,,,,26.0,0.0,95.0,,,,43.0,
SC,2024,37,20,2024-05-19,,,,26.0,2.0,99.0,,,,43.0,
SC,2024,38,21,2024-05-26,,,,26.0,14.0,100.0,,,,43.0,
SC,2024,39,22,2024-06-02,,,,26.0,37.0,100.0,,,,43.0,
SC,2024,40,23,2024-06-09,,,,26.0,55.0,100.0,,,,43.0,
SC,2024,41,24,2024-06-16,,,,26.0,70.0,100.0,,,,43.0,
SC,2024,42,25,2024-06-23,,,,26.0,88.0,100.0,,,,43.0,
SC,2024,43,26,2024-06-30,,,,26.0,96.0,100.0,,,,43.0,
SC,2025,3,38,2024-09-22,,,,0.0,0.0,0.0,,,,0.0,
SC,2025,4,39,2024-09-29,,,,0.0,0.0,0.0,,,,0.0,
SC,2025,5,40,2024-10-06,,,,0.0,0.0,0.0,,,,1.0,
SC,2025,6,41,2024-10-13,,,,0.0,0.0,0.0,,,,4.0,
SC,2025,7,42,2024-10-20,,,,0.0,0.0,0.0,,,,13.0,
SC,2025,8,43,2024-10-27,,,,2.0,0.0,0.0,,,,18.0,
SC,2025,9,44,2024-11-03,,,,9.0,0.0,0.0,,,,25.0,
SC,2025,10,45,2024-11-10,,,,16.0,0.0,0.0,,,,31.0,
SC,2025,11,46,2024-11-17,,,,25.0,0.0,0.0,,,,43.0,
SC,2025,12,47,2024-11-24,,,,33.0,0.0,0.0,,,,53.0,
SC,2025,31,14,2025-04-06,,,,33.0,0.0,16.0,,,,53.0,
SC,2025,32,15,2025-04-13,,,,33.0,0.0,32.0,,,,53.0,
SC,2025,33,16,2025-04-20,,,,33.0,0.0,58.0,,,,53.0,
SC,2025,34,17,2025-04-27,,,,33.0,0.0,76.0,,,,53.0,
SC,2025,35,18,2025-05-04,,,,33.0,0.0,87.0,,,,53.0,
SC,2025,36,19,2025-05-11,,,,33.0,1.0,96.0,,,,53.0,
SC,2025,37,20,2025-05-18,,,,33.0,4.0,98.0,,,,53.0,
SC,2025,38,21,2025-05-25,,,,33.0,13.0,98.0,,,,53.0,
SC,2025,39,22,2025-06-01,,,,33.0,27.0,98.0,,,,53.0,
SC,2025,40,23,2025-06-08,,,,33.0,41.0,98.0,,,,53.0,
SC,2025,41,24,2025-06-15,,,,33.0,54.0,98.0,,,,53.0,
SC,2025,42,25,2025-06-22,,,,33.0,75.0,98.0,,,,53.0,
SC,2025,43,26,2025-06-29,,,,33.0,84.0,98.0,,,,53.0,
SC,2025,44,27,2025-07-06,,,,33.0,91.0,98.0,,,,53.0,
SC,2025,45,28,2025-07-13,,,,33.0,97.0,98.0,,,,53.0,
SC,2026,3,38,2025-09-21,,,,0.0,0.0,0.0,,,,0.0,
SC,2026,4,39,2025-09-28,,,,0.0,0.0,0.0,,,,0.0,
SC,2026,11,46,2025-11-16,,,,24.0,0.0,0.0,,,,41.0,
SC,2026,12,47,2025-11-23,,,,30.0,0.0,0.0,,,,45.0,
SD,2016,1,36,2015-09-06,0.0,,0.0,0.0,0.0,0.0,0.0,,,5.0,
SD,2016,2,37,2015-09-13,0.0,,0.0,0.0,0.0,0.0,0.0,,,22.0,
SD,2016,3,38,2015-09-20,0.0,,0.0,1.0,0.0,0.0,0.0,,,49.0,
SD,2016,4,39,2015-09-27,0.0,,0.0,20.0,0.0,0.0,0.0,,,72.0,
SD,2016,5,40,2015-10-04,0.0,,0.0,33.0,0.0,0.0,0.0,,,83.0,
SD,2016,6,41,2015-10-11,0.0,,0.0,47.0,0.0,0.0,0.0,,,89.0,
SD,2016,7,42,2015-10-18,0.0,,0.0,75.0,0.0,0.0,0.0,,,97.0,
SD,2016,8,43,2015-10-25,0.0,,0.0,89.0,0.0,0.0,0.0,,,99.0,
SD,2016,9,44,2015-11-01,0.0,,0.0,95.0,0.0,0.0,0.0,,,99.0,
SD,2016,10,45,2015-11-08,0.0,,0.0,97.0,0.0,0.0,0.0,,,100.0,
SD,2016,11,46,2015-11-15,0.0,,0.0,98.0,0.0,0.0,0.0,,,100.0,
SD,2016,12,47,2015-11-22,0.0,,0.0,100.0,0.0,0.0,0.0,,,100.0,
SD,2016,13,48,2015-11-29,0.0,,0.0,100.0,0.0,0.0,0.0,,,100.0,
SD,2016,31,14,2016-04-10,0.0,,0.0,100.0,0.0,0.0,0.0,,,100.0,
SD,2016,32,15,2016-04-17,0.0,,0.0,100.0,0.0,0.0,2.0,,,100.0,
SD,2016,33,16,2016-04-24,0.0,,0.0,100.0,0.0,0.0,23.0,,,100.0,
SD,2016,34,17,2016-05-01,5.0,,0.0,100.0,0.0,0.0,34.0,,,100.0,
SD,2016,35,18,2016-05-08,5.0,,0.0,100.0,0.0,1.0,49.0,,,100.0,
SD,2016,36,19,2016-05-15,5.0,,0.0,100.0,0.0,5.0,60.0,,,100.0,
SD,2016,37,20,2016-05-22,5.0,,0.0,100.0,0.0,22.0,82.0,,,100.0,
SD,2016,38,21,2016-05-29,5.0,,0.0,100.0,0.0,46.0,90.0,,,100.0,
SD,2016,39,22,2016-06-05,5.0,,0.0,100.0,0.0,76.0,98.0,,,100.0,
SD,2016,40,23,2016-06-12,5.0,,9.0,100.0,0.0,90.0,99.0,,,100.0,
SD,2016,41,24,2016-06-19,5.0,,31.0,100.0,0.0,97.0,99.0,,,100.0,
SD,2016,42,25,2016-06-26,5.0,,78.0,100.0,0.0,97.0,99.0,,,100.0,
SD,2016,43,26,2016-07-03,5.0,,95.0,100.0,6.0,97.0,99.0,,,100.0,
SD,2016,44,27,2016-07-10,5.0,,95.0,100.0,21.0,97.0,99.0,,,100.0,
SD,2016,45,28,2016-07-17,5.0,,95.0,100.0,53.0,97.0,99.0,,,100.0,
SD,2016,46,29,2016-07-24,5.0,,95.0,100.0,82.0,97.0,99.0,,,100.0,
SD,2016,47,30,2016-07-31,5.0,,95.0,100.0,87.0,97.0,99.0,,,100.0,
SD,2016,48,31,2016-08-07,5.0,,95.0,100.0,92.0,97.0,99.0,,,100.0,
SD,2016,49,32,2016-08-14,5.0,,95.0,100.0,93.0,97.0,99.0,,,100.0,
SD,2016,50,33,2016-08-21,5.0,,95.0,100.0,96.0,97.0,99.0,,,100.0,
SD,2017,1,36,2016-09-11,,,0.0,0.0,0.0,0.0,0.0,0.0,,7.0,
SD,2017,2,37,2016-09-18,,,0.0,0.0,0.0,0.0,0.0,0.0,,20.0,
SD,2017,3,38,2016-09-25,,,0.0,3.0,0.0,0.0,0.0,0.0,,42.0,
SD,2017,4,39,2016-10-02,,,0.0,19.0,0.0,0.0,0.0,0.0,,56.0,
SD,2017,5,40,2016-10-09,,,0.0,45.0,0.0,0.0,0.0,0.0,,80.0,
SD,2017,6,41,2016-10-16,,,0.0,63.0,0.0,0.0,0.0,0.0,,96.0,
SD,2017,7,42,2016-10-23,,,0.0,82.0,0.0,0.0,0.0,0.0,,99.0,
SD,2017,8,43,2016-10-30,,,0.0,89.0,0.0,0.0,0.0,0.0,,100.0,
SD,2017,9,44,2016-11-06,,,0.0,93.0,0.0,0.0,0.0,0.0,,100.0,
SD,2017,10,45,2016-11-13,,,0.0,96.0,0.0,0.0,0.0,0.0,,100.0,
SD,2017,11,46,2016-11-20,,,0.0,99.0,0.0,0.0,0.0,0.0,,100.0,
SD,2017,12,47,2016-11-27,,,0.0,100.0,0.0,0.0,0.0,0.0,,100.0,
SD,2017,31,14,2017-04-09,,,0.0,100.0,0.0,0.0,0.0,0.0,,100.0,
SD,2017,32,15,2017-04-16,,,0.0,100.0,0.0,0.0,0.0,0.0,,100.0,
SD,2017,33,16,2017-04-23,,,0.0,100.0,0.0,0.0,1.0,0.0,,100.0,
SD,2017,34,17,2017-04-30,,,0.0,100.0,0.0,0.0,18.0,0.0,,100.0,
SD,2017,35,18,2017-05-07,,,0.0,100.0,0.0,0.0,28.0,0.0,,100.0,
SD,2017,36,19,2017-05-14,,,0.0,100.0,0.0,0.0,40.0,0.0,,100.0,
SD,2017,37,20,2017-05-21,,,0.0,100.0,0.0,10.0,56.0,0.0,,100.0,
SD,2017,38,21,2017-05-28,,,0.0,100.0,0.0,32.0,90.0,0.0,,100.0,
SD,2017,39,22,2017-06-04,,,0.0,100.0,0.0,78.0,97.0,0.0,,100.0,
SD,2017,40,23,2017-06-11,,,16.0,100.0,0.0,94.0,97.0,0.0,,100.0,
SD,2017,41,24,2017-06-18,,,31.0,100.0,0.0,98.0,97.0,0.0,,100.0,
SD,2017,42,25,2017-06-25,,,68.0,100.0,0.0,98.0,97.0,6.0,,100.0,
SD,2017,43,26,2017-07-02,,,80.0,100.0,7.0,98.0,97.0,22.0,,100.0,
SD,2017,44,27,2017-07-09,,,94.0,100.0,14.0,98.0,97.0,66.0,,100.0,
SD,2017,45,28,2017-07-16,,,100.0,100.0,43.0,98.0,97.0,88.0,,100.0,
SD,2017,46,29,2017-07-23,,,100.0,100.0,72.0,98.0,97.0,99.0,,100.0,
SD,2017,47,30,2017-07-30,,,100.0,100.0,82.0,98.0,97.0,99.0,,100.0,
SD,2017,48,31,2017-08-06,,,100.0,100.0,92.0,98.0,97.0,99.0,,100.0,
SD,2017,49,32,2017-08-13,,,100.0,100.0,95.0,98.0,97.0,99.0,,100.0,
SD,2018,1,36,2017-09-10,,,,0.0,0.0,0.0,,,,5.0,
SD,2018,2,37,2017-09-17,,,,1.0,0.0,0.0,,,,30.0,
SD,2018,3,38,2017-09-24,,,,6.0,0.0,0.0,,,,50.0,
SD,2018,4,39,2017-10-01,,,,21.0,0.0,0.0,,,,65.0,
SD,2018,5,40,2017-10-08,,,,50.0,0.0,0.0,,,,78.0,
SD,2018,6,41,2017-10-15,,,,67.0,0.0,0.0,,,,89.0,
SD,2018,7,42,2017-10-22,,,,80.0,0.0,0.0,,,,96.0,
SD,2018,8,43,2017-10-29,,,,91.0,0.0,0.0,,,,98.0,
SD,2018,9,44,2017-11-05,,,,95.0,0.0,0.0,,,,100.0,
SD,2018,10,45,2017-11-12,,,,97.0,0.0,0.0,,,,100.0,
SD,2018,11,46,2017-11-19,,,,99.0,0.0,0.0,,,,100.0,
SD,2018,12,47,2017-11-26,,,,100.0,0.0,0.0,,,,100.0,
SD,2018,31,14,2018-04-08,,,,100.0,0.0,0.0,,,,100.0,
SD,2018,32,15,2018-04-15,,,,100.0,0.0,0.0,,,,100.0,
SD,2018,33,16,2018-04-22,,,,100.0,0.0,0.0,,,,100.0,
SD,2018,34,17,2018-04-29,,,,100.0,0.0,0.0,,,,100.0,
SD,2018,35,18,2018-05-06,,,,100.0,0.0,0.0,,,,100.0,
SD,2018,36,19,2018-05-13,,,,100.0,0.0,0.0,,,,100.0,
SD,2018,37,20,2018-05-20,,,,100.0,0.0,0.0,,,,100.0,
SD,2018,38,21,2018-05-27,,,,100.0,0.0,7.0,,,,100.0,
SD,2018,39,22,2018-06-03,,,,100.0,0.0,30.0,,,,100.0,
SD,2018,40,23,2018-06-10,,,,100.0,0.0,73.0,,,,100.0,
SD,2018,41,24,2018-06-17,,,,100.0,0.0,89.0,,,,100.0,
SD,2018,42,25,2018-06-24,,,,100.0,0.0,94.0,,,,100.0,
SD,2018,43,26,2018-07-01,,,,100.0,0.0,97.0,,,,100.0,
SD,2018,44,27,2018-07-08,,,,100.0,2.0,97.0,,,,100.0,
SD,2018,45,28,2018-07-15,,,,100.0,20.0,97.0,,,,100.0,
SD,2018,46,29,2018-07-22,,,,100.0,47.0,97.0,,,,100.0,
SD,2018,47,30,2018-07-29,,,,100.0,79.0,97.0,,,,100.0,
SD,2018,48,31,2018-08-05,,,,100.0,90.0,97.0,,,,100.0,
SD,2018,49,32,2018-08-12,,,,100.0,97.0,97.0,,,,100.0,
SD,2018,50,33,2018-08-19,,,,100.0,99.0,97.0,,,,100.0,
SD,2018,52,35,2018-09-02,,,,100.0,99.0,97.0,,,,1.0,
SD,2019,1,36,2018-09-09,,,,0.0,0.0,0.0,,,,7.0,
SD,2019,2,37,2018-09-16,,,,1.0,0.0,0.0,,,,29.0,
SD,2019,3,38,2018-09-23,,,,8.0,0.0,0.0,,,,53.0,
SD,2019,4,39,2018-09-30,,,,31.0,0.0,0.0,,,,67.0,
SD,2019,5,40,2018-10-07,,,,49.0,0.0,0.0,,,,74.0,
SD,2019,6,41,2018-10-14,,,,61.0,0.0,0.0,,,,82.0,
SD,2019,7,42,2018-10-21,,,,72.0,0.0,0.0,,,,87.0,
SD,2019,8,43,2018-10-28,,,,80.0,0.0,0.0,,,,95.0,
SD,2019,9,44,2018-11-04,,,,84.0,0.0,0.0,,,,100.0,
SD,2019,10,45,2018-11-11,,,,92.0,0.0,0.0,,,,100.0,
SD,2019,11,46,2018-11-18,,,,94.0,0.0,0.0,,,,100.0,
SD,2019,12,47,2018-11-25,,,,98.0,0.0,0.0,,,,100.0,
SD,2019,31,14,2019-04-07,,,,98.0,0.0,0.0,,,,100.0,
SD,2019,32,15,2019-04-14,,,,98.0,0.0,0.0,,,,100.0,
SD,2019,33,16,2019-04-21,,,,98.0,0.0,0.0,,,,100.0,
SD,2019,34,17,2019-04-28,,,,98.0,0.0,0.0,,,,100.0,
SD,2019,35,18,2019-05-05,,,,98.0,0.0,0.0,,,,100.0,
SD,2019,36,19,2019-05-12,,,,98.0,0.0,0.0,,,,100.0,
SD,2019,37,20,2019-05-19,,,,98.0,0.0,0.0,,,,100.0,
SD,2019,38,21,2019-05-26,,,,98.0,0.0,0.0,,,,100.0,
SD,2019,39,22,2019-06-02,,,,98.0,0.0,6.0,,,,100.0,
SD,2019,40,23,2019-06-09,,,,98.0,0.0,23.0,,,,100.0,
SD,2019,41,24,2019-06-16,,,,98.0,0.0,53.0,,,,100.0,
SD,2019,42,25,2019-06-23,,,,98.0,0.0,80.0,,,,100.0,
SD,2019,43,26,2019-06-30,,,,98.0,0.0,93.0,,,,100.0,
SD,2019,44,27,2019-07-07,,,,98.0,0.0,97.0,,,,100.0,
SD,2019,45,28,2019-07-14,,,,98.0,0.0,97.0,,,,100.0,
SD,2019,46,29,2019-07-21,,,,98.0,0.0,97.0,,,,100.0,
SD,2019,47,30,2019-07-28,,,,98.0,24.0,97.0,,,,100.0,
SD,2019,48,31,2019-08-04,,,,98.0,49.0,97.0,,,,100.0,
SD,2019,49,32,2019-08-11,,,,98.0,68.0,97.0,,,,100.0,
SD,2019,50,33,2019-08-18,,,,98.0,76.0,97.0,,,,100.0,
SD,2019,51,34,2019-08-25,,,,98.0,89.0,97.0,,,,100.0,
SD,2019,52,35,2019-09-01,,,,98.0,96.0,97.0,,,,100.0,
SD,2020,2,37,2019-09-15,,,,0.0,0.0,0.0,,,,5.0,
SD,2020,3,38,2019-09-22,,,,4.0,0.0,0.0,,,,24.0,
SD,2020,4,39,2019-09-29,,,,15.0,0.0,0.0,,,,59.0,
SD,2020,5,40,2019-10-06,,,,48.0,0.0,0.0,,,,77.0,
SD,2020,6,41,2019-10-13,,,,66.0,0.0,0.0,,,,87.0,
SD,2020,7,42,2019-10-20,,,,80.0,0.0,0.0,,,,95.0,
SD,2020,8,43,2019-10-27,,,,87.0,0.0,0.0,,,,97.0,
SD,2020,9,44,2019-11-03,,,,91.0,0.0,0.0,,,,100.0,
SD,2020,10,45,2019-11-10,,,,95.0,0.0,0.0,,,,100.0,
SD,2020,11,46,2019-11-17,,,,98.0,0.0,0.0,,,,100.0,
SD,2020,12,47,2019-11-24,,,,100.0,0.0,0.0,,,,100.0,
SD,2020,32,15,2020-04-12,,,,100.0,0.0,0.0,,,,100.0,
SD,2020,33,16,2020-04-19,,,,100.0,0.0,0.0,,,,100.0,
SD,2020,34,17,2020-04-26,,,,100.0,0.0,0.0,,,,100.0,
SD,2020,35,18,2020-05-03,,,,100.0,0.0,0.0,,,,100.0,
SD,2020,36,19,2020-05-10,,,,100.0,0.0,0.0,,,,100.0,
SD,2020,37,20,2020-05-17,,,,100.0,0.0,0.0,,,,100.0,
SD,2020,38,21,2020-05-24,,,,100.0,0.0,8.0,,,,100.0,
SD,2020,39,22,2020-05-31,,,,100.0,0.0,23.0,,,,100.0,
SD,2020,40,23,2020-06-07,,,,100.0,0.0,51.0,,,,100.0,
SD,2020,41,24,2020-06-14,,,,100.0,0.0,79.0,,,,100.0,
SD,2020,42,25,2020-06-21,,,,100.0,0.0,93.0,,,,100.0,
SD,2020,43,26,2020-06-28,,,,100.0,0.0,98.0,,,,100.0,
SD,2020,44,27,2020-07-05,,,,100.0,0.0,98.0,,,,100.0,
SD,2020,45,28,2020-07-12,,,,100.0,5.0,98.0,,,,100.0,
SD,2020,46,29,2020-07-19,,,,100.0,33.0,98.0,,,,100.0,
SD,2020,47,30,2020-07-26,,,,100.0,68.0,98.0,,,,100.0,
SD,2020,48,31,2020-08-02,,,,100.0,87.0,98.0,,,,100.0,
SD,2020,49,32,2020-08-09,,,,100.0,95.0,98.0,,,,100.0,
SD,2020,50,33,2020-08-16,,,,100.0,98.0,98.0,,,,100.0,
SD,2020,51,34,2020-08-23,,,,100.0,99.0,98.0,,,,100.0,
SD,2021,1,36,2020-09-06,,,,0.0,0.0,0.0,,,,8.0,
SD,2021,2,37,2020-09-13,,,,0.0,0.0,0.0,,,,20.0,
SD,2021,3,38,2020-09-20,,,,5.0,0.0,0.0,,,,36.0,
SD,2021,4,39,2020-09-27,,,,17.0,0.0,0.0,,,,53.0,
SD,2021,5,40,2020-10-04,,,,38.0,0.0,0.0,,,,70.0,
SD,2021,6,41,2020-10-11,,,,53.0,0.0,0.0,,,,88.0,
SD,2021,7,42,2020-10-18,,,,71.0,0.0,0.0,,,,97.0,
SD,2021,8,43,2020-10-25,,,,80.0,0.0,0.0,,,,100.0,
SD,2021,9,44,2020-11-01,,,,84.0,0.0,0.0,,,,100.0,
SD,2021,10,45,2020-11-08,,,,91.0,0.0,0.0,,,,100.0,
SD,2021,11,46,2020-11-15,,,,94.0,0.0,0.0,,,,100.0,
SD,2021,12,47,2020-11-22,,,,97.0,0.0,0.0,,,,100.0,
SD,2021,13,48,2020-11-29,,,,98.0,0.0,0.0,,,,100.0,
SD,2021,30,13,2021-04-04,,,,98.0,0.0,0.0,,,,100.0,
SD,2021,31,14,2021-04-11,,,,98.0,0.0,0.0,,,,100.0,
SD,2021,32,15,2021-04-18,,,,98.0,0.0,0.0,,,,100.0,
SD,2021,33,16,2021-04-25,,,,98.0,0.0,0.0,,,,100.0,
SD,2021,34,17,2021-05-02,,,,98.0,0.0,0.0,,,,100.0,
SD,2021,35,18,2021-05-09,,,,98.0,0.0,0.0,,,,100.0,
SD,2021,36,19,2021-05-16,,,,98.0,0.0,0.0,,,,100.0,
SD,2021,37,20,2021-05-23,,,,98.0,0.0,9.0,,,,100.0,
SD,2021,38,21,2021-05-30,,,,98.0,0.0,34.0,,,,100.0,
SD,2021,39,22,2021-06-06,,,,98.0,0.0,64.0,,,,100.0,
SD,2021,40,23,2021-06-13,,,,98.0,0.0,89.0,,,,100.0,
SD,2021,41,24,2021-06-20,,,,98.0,0.0,94.0,,,,100.0,
SD,2021,42,25,2021-06-27,,,,98.0,0.0,97.0,,,,100.0,
SD,2021,43,26,2021-07-04,,,,98.0,1.0,97.0,,,,100.0,
SD,2021,44,27,2021-07-11,,,,98.0,16.0,97.0,,,,100.0,
SD,2021,45,28,2021-07-18,,,,98.0,33.0,97.0,,,,100.0,
SD,2021,46,29,2021-07-25,,,,98.0,71.0,97.0,,,,100.0,
SD,2021,47,30,2021-08-01,,,,98.0,91.0,97.0,,,,100.0,
SD,2021,48,31,2021-08-08,,,,98.0,97.0,97.0,,,,100.0,
SD,2021,52,35,2021-09-05,,,,98.0,97.0,97.0,,,,3.0,
SD,2022,1,36,2021-09-12,,,,0.0,0.0,0.0,,,,13.0,
SD,2022,2,37,2021-09-19,,,,1.0,0.0,0.0,,,,33.0,
SD,2022,3,38,2021-09-26,,,,4.0,0.0,0.0,,,,58.0,
SD,2022,4,39,2021-10-03,,,,27.0,0.0,0.0,,,,77.0,
SD,2022,5,40,2021-10-10,,,,42.0,0.0,0.0,,,,90.0,
SD,2022,6,41,2021-10-17,,,,51.0,0.0,0.0,,,,95.0,
SD,2022,7,42,2021-10-24,,,,69.0,0.0,0.0,,,,99.0,
SD,2022,8,43,2021-10-31,,,,93.0,0.0,0.0,,,,100.0,
SD,2022,9,44,2021-11-07,,,,95.0,0.0,0.0,,,,100.0,
SD,2022,10,45,2021-11-14,,,,97.0,0.0,0.0,,,,100.0,
SD,2022,11,46,2021-11-21,,,,99.0,0.0,0.0,,,,100.0,
SD,2022,12,47,2021-11-28,,,,100.0,0.0,0.0,,,,100.0,
SD,2022,30,13,2022-04-03,,,,100.0,0.0,0.0,,,,100.0,
SD,2022,31,14,2022-04-10,,,,100.0,0.0,0.0,,,,100.0,
SD,2022,32,15,2022-04-17,,,,100.0,0.0,0.0,,,,100.0,
SD,2022,33,16,2022-04-24,,,,100.0,0.0,0.0,,,,100.0,
SD,2022,34,17,2022-05-01,,,,100.0,0.0,0.0,,,,100.0,
SD,2022,35,18,2022-05-08,,,,100.0,0.0,0.0,,,,100.0,
SD,2022,36,19,2022-05-15,,,,100.0,0.0,0.0,,,,100.0,
SD,2022,37,20,2022-05-22,,,,100.0,0.0,1.0,,,,100.0,
SD,2022,38,21,2022-05-29,,,,100.0,0.0,12.0,,,,100.0,
SD,2022,39,22,2022-06-05,,,,100.0,0.0,33.0,,,,100.0,
SD,2022,40,23,2022-06-12,,,,100.0,0.0,55.0,,,,100.0,
SD,2022,41,24,2022-06-19,,,,100.0,0.0,76.0,,,,100.0,
SD,2022,42,25,2022-06-26,,,,100.0,0.0,95.0,,,,100.0,
SD,2022,43,26,2022-07-03,,,,100.0,0.0,95.0,,,,100.0,
SD,2022,44,27,2022-07-10,,,,100.0,10.0,95.0,,,,100.0,
SD,2022,45,28,2022-07-17,,,,100.0,25.0,95.0,,,,100.0,
SD,2022,46,29,2022-07-24,,,,100.0,64.0,95.0,,,,100.0,
SD,2022,47,30,2022-07-31,,,,100.0,77.0,95.0,,,,100.0,
SD,2022,48,31,2022-08-07,,,,100.0,92.0,95.0,,,,100.0,
SD,2022,49,32,2022-08-14,,,,100.0,94.0,95.0,,,,100.0,
SD,2022,50,33,2022-08-21,,,,100.0,97.0,95.0,,,,100.0,
SD,2022,52,35,2022-09-04,,,,100.0,97.0,95.0,,,,2.0,
SD,2023,1,36,2022-09-11,,,,0.0,0.0,0.0,,,,10.0,
SD,2023,2,37,2022-09-18,,,,5.0,0.0,0.0,,,,32.0,
SD,2023,3,38,2022-09-25,,,,18.0,0.0,0.0,,,,52.0,
SD,2023,4,39,2022-10-02,,,,26.0,0.0,0.0,,,,69.0,
SD,2023,5,40,2022-10-09,,,,38.0,0.0,0.0,,,,79.0,
SD,2023,6,41,2022-10-16,,,,54.0,0.0,0.0,,,,91.0,
SD,2023,7,42,2022-10-23,,,,62.0,0.0,0.0,,,,96.0,
SD,2023,8,43,2022-10-30,,,,68.0,0.0,0.0,,,,99.0,
SD,2023,9,44,2022-11-06,,,,75.0,0.0,0.0,,,,100.0,
SD,2023,10,45,2022-11-13,,,,78.0,0.0,0.0,,,,100.0,
SD,2023,11,46,2022-11-20,,,,88.0,0.0,0.0,,,,100.0,
SD,2023,12,47,2022-11-27,,,,95.0,0.0,0.0,,,,100.0,
SD,2023,30,13,2023-04-02,,,,95.0,0.0,0.0,,,,100.0,
SD,2023,31,14,2023-04-09,,,,95.0,0.0,0.0,,,,100.0,
SD,2023,32,15,2023-04-16,,,,95.0,0.0,0.0,,,,100.0,
SD,2023,33,16,2023-04-23,,,,95.0,0.0,0.0,,,,100.0,
SD,2023,34,17,2023-04-30,,,,95.0,0.0,0.0,,,,100.0,
SD,2023,35,18,2023-05-07,,,,95.0,0.0,0.0,,,,100.0,
SD,2023,36,19,2023-05-14,,,,95.0,0.0,0.0,,,,100.0,
SD,2023,37,20,2023-05-21,,,,95.0,0.0,2.0,,,,100.0,
SD,2023,38,21,2023-05-28,,,,95.0,0.0,10.0,,,,100.0,
SD,2023,39,22,2023-06-04,,,,95.0,0.0,49.0,,,,100.0,
SD,2023,40,23,2023-06-11,,,,95.0,0.0,68.0,,,,100.0,
SD,2023,41,24,2023-06-18,,,,95.0,0.0,85.0,,,,100.0,
SD,2023,42,25,2023-06-25,,,,95.0,0.0,93.0,,,,100.0,
SD,2023,43,26,2023-07-02,,,,95.0,1.0,98.0,,,,100.0,
SD,2023,44,27,2023-07-09,,,,95.0,9.0,100.0,,,,100.0,
SD,2023,45,28,2023-07-16,,,,95.0,22.0,100.0,,,,100.0,
SD,2023,46,29,2023-07-23,,,,95.0,46.0,100.0,,,,100.0,
SD,2023,47,30,2023-07-30,,,,95.0,74.0,100.0,,,,100.0,
SD,2023,48,31,2023-08-06,,,,95.0,87.0,100.0,,,,100.0,
SD,2023,49,32,2023-08-13,,,,95.0,93.0,100.0,,,,100.0,
SD,2023,50,33,2023-08-20,,,,95.0,97.0,100.0,,,,100.0,
SD,2023,51,34,2023-08-27,,,,95.0,97.0,100.0,,,,0.0,
SD,2023,52,35,2023-09-03,,,,95.0,97.0,100.0,,,,8.0,
SD,2024,1,36,2023-09-10,,,,0.0,0.0,0.0,,,,17.0,
SD,2024,2,37,2023-09-17,,,,0.0,0.0,0.0,,,,34.0,
SD,2024,3,38,2023-09-24,,,,6.0,0.0,0.0,,,,52.0,
SD,2024,4,39,2023-10-01,,,,26.0,0.0,0.0,,,,70.0,
SD,2024,5,40,2023-10-08,,,,44.0,0.0,0.0,,,,82.0,
SD,2024,6,41,2023-10-15,,,,57.0,0.0,0.0,,,,90.0,
SD,2024,7,42,2023-10-22,,,,69.0,0.0,0.0,,,,94.0,
SD,2024,8,43,2023-10-29,,,,79.0,0.0,0.0,,,,97.0,
SD,2024,9,44,2023-11-05,,,,90.0,0.0,0.0,,,,99.0,
SD,2024,10,45,2023-11-12,,,,93.0,0.0,0.0,,,,100.0,
SD,2024,11,46,2023-11-19,,,,96.0,0.0,0.0,,,,100.0,
SD,2024,12,47,2023-11-26,,,,100.0,0.0,0.0,,,,100.0,
SD,2024,30,13,2024-03-31,,,,100.0,0.0,0.0,,,,100.0,
SD,2024,31,14,2024-04-07,,,,100.0,0.0,0.0,,,,100.0,
SD,2024,32,15,2024-04-14,,,,100.0,0.0,0.0,,,,100.0,
SD,2024,33,16,2024-04-21,,,,100.0,0.0,0.0,,,,100.0,
SD,2024,34,17,2024-04-28,,,,100.0,0.0,0.0,,,,100.0,
SD,2024,35,18,2024-05-05,,,,100.0,0.0,0.0,,,,100.0,
SD,2024,36,19,2024-05-12,,,,100.0,0.0,0.0,,,,100.0,
SD,2024,37,20,2024-05-19,,,,100.0,0.0,1.0,,,,100.0,
SD,2024,38,21,2024-05-26,,,,100.0,0.0,10.0,,,,100.0,
SD,2024,39,22,2024-06-02,,,,100.0,0.0,22.0,,,,100.0,
SD,2024,40,23,2024-06-09,,,,100.0,0.0,61.0,,,,100.0,
SD,2024,41,24,2024-06-16,,,,100.0,0.0,89.0,,,,100.0,
SD,2024,42,25,2024-06-23,,,,100.0,0.0,93.0,,,,100.0,
SD,2024,43,26,2024-06-30,,,,100.0,0.0,96.0,,,,100.0,
SD,2024,44,27,2024-07-07,,,,100.0,9.0,96.0,,,,100.0,
SD,2024,45,28,2024-07-14,,,,100.0,15.0,96.0,,,,100.0,
SD,2024,46,29,2024-07-21,,,,100.0,31.0,96.0,,,,100.0,
SD,2024,47,30,2024-07-28,,,,100.0,63.0,96.0,,,,100.0,
SD,2024,48,31,2024-08-04,,,,100.0,86.0,96.0,,,,100.0,
SD,2024,49,32,2024-08-11,,,,100.0,95.0,96.0,,,,100.0,
SD,2024,50,33,2024-08-18,,,,100.0,97.0,96.0,,,,100.0,
SD,2024,52,35,2024-09-01,,,,100.0,97.0,96.0,,,,5.0,
SD,2025,1,36,2024-09-08,,,,0.0,0.0,0.0,,,,12.0,
SD,2025,2,37,2024-09-15,,,,0.0,0.0,0.0,,,,25.0,
SD,2025,3,38,2024-09-22,,,,7.0,0.0,0.0,,,,39.0,
SD,2025,4,39,2024-09-29,,,,16.0,0.0,0.0,,,,58.0,
SD,2025,5,40,2024-10-06,,,,31.0,0.0,0.0,,,,70.0,
SD,2025,6,41,2024-10-13,,,,48.0,0.0,0.0,,,,85.0,
SD,2025,7,42,2024-10-20,,,,60.0,0.0,0.0,,,,92.0,
SD,2025,8,43,2024-10-27,,,,66.0,0.0,0.0,,,,95.0,
SD,2025,9,44,2024-11-03,,,,70.0,0.0,0.0,,,,98.0,
SD,2025,10,45,2024-11-10,,,,75.0,0.0,0.0,,,,100.0,
SD,2025,11,46,2024-11-17,,,,83.0,0.0,0.0,,,,100.0,
SD,2025,12,47,2024-11-24,,,,86.0,0.0,0.0,,,,100.0,
SD,2025,31,14,2025-04-06,,,,86.0,0.0,0.0,,,,100.0,
SD,2025,32,15,2025-04-13,,,,86.0,0.0,0.0,,,,100.0,
SD,2025,33,16,2025-04-20,,,,86.0,0.0,0.0,,,,100.0,
SD,2025,34,17,2025-04-27,,,,86.0,0.0,0.0,,,,100.0,
SD,2025,35,18,2025-05-04,,,,86.0,0.0,0.0,,,,100.0,
SD,2025,36,19,2025-05-11,,,,86.0,0.0,0.0,,,,100.0,
SD,2025,37,20,2025-05-18,,,,86.0,0.0,0.0,,,,100.0,
SD,2025,38,21,2025-05-25,,,,86.0,0.0,3.0,,,,100.0,
SD,2025,39,22,2025-06-01,,,,86.0,0.0,21.0,,,,100.0,
SD,2025,40,23,2025-06-08,,,,86.0,0.0,52.0,,,,100.0,
SD,2025,41,24,2025-06-15,,,,86.0,0.0,78.0,,,,100.0,
SD,2025,42,25,2025-06-22,,,,86.0,0.0,95.0,,,,100.0,
SD,2025,43,26,2025-06-29,,,,86.0,0.0,98.0,,,,100.0,
SD,2025,44,27,2025-07-06,,,,86.0,1.0,98.0,,,,100.0,
SD,2025,45,28,2025-07-13,,,,86.0,10.0,98.0,,,,100.0,
SD,2025,46,29,2025-07-20,,,,86.0,30.0,98.0,,,,100.0,
SD,2025,47,30,2025-07-27,,,,86.0,55.0,98.0,,,,100.0,
SD,2025,48,31,2025-08-03,,,,86.0,79.0,98.0,,,,100.0,
SD,2025,49,32,2025-08-10,,,,86.0,89.0,98.0,,,,100.0,
SD,2025,50,33,2025-08-17,,,,86.0,95.0,98.0,,,,100.0,
SD,2025,51,34,2025-08-24,,,,86.0,100.0,98.0,,,,100.0,
SD,2026,1,36,2025-09-07,,,,0.0,0.0,0.0,,,,4.0,
SD,2026,2,37,2025-09-14,,,,0.0,0.0,0.0,,,,23.0,
SD,2026,3,38,2025-09-21,,,,4.0,0.0,0.0,,,,36.0,
SD,2026,4,39,2025-09-28,,,,17.0,0.0,0.0,,,,60.0,
SD,2026,11,46,2025-11-16,,,,90.0,0.0,0.0,,,,100.0,
SD,2026,12,47,2025-11-23,,,,92.0,0.0,0.0,,,,100.0,
TN,2016,4,39,2015-09-27,,,0.0,0.0,0.0,0.0,0.0,0.0,,2.0,
TN,2016,5,40,2015-10-04,,,0.0,0.0,0.0,0.0,0.0,0.0,,11.0,
TN,2016,6,41,2015-10-11,,,0.0,2.0,0.0,0.0,0.0,0.0,,19.0,
TN,2016,7,42,2015-10-18,,,0.0,11.0,0.0,0.0,0.0,0.0,,37.0,
TN,2016,8,43,2015-10-25,,,0.0,24.0,0.0,0.0,0.0,0.0,,54.0,
TN,2016,9,44,2015-11-01,,,0.0,41.0,0.0,0.0,0.0,0.0,,61.0,
TN,2016,10,45,2015-11-08,,,0.0,53.0,0.0,0.0,0.0,0.0,,74.0,
TN,2016,11,46,2015-11-15,,,0.0,65.0,0.0,0.0,0.0,0.0,,84.0,
TN,2016,12,47,2015-11-22,,,0.0,78.0,0.0,0.0,0.0,0.0,,91.0,
TN,2016,13,48,2015-11-29,,,0.0,89.0,0.0,0.0,0.0,0.0,,97.0,
TN,2016,30,13,2016-04-03,,,0.0,89.0,0.0,0.0,30.0,0.0,,97.0,
TN,2016,31,14,2016-04-10,,,0.0,89.0,0.0,0.0,55.0,0.0,,97.0,
TN,2016,32,15,2016-04-17,,,0.0,89.0,0.0,2.0,70.0,0.0,,97.0,
TN,2016,33,16,2016-04-24,,,0.0,89.0,0.0,25.0,89.0,0.0,,97.0,
TN,2016,34,17,2016-05-01,,,0.0,89.0,0.0,71.0,93.0,0.0,,97.0,
TN,2016,35,18,2016-05-08,,,0.0,89.0,0.0,86.0,96.0,0.0,,97.0,
TN,2016,36,19,2016-05-15,,,0.0,89.0,0.0,96.0,96.0,0.0,,97.0,
TN,2016,37,20,2016-05-22,,,25.0,89.0,0.0,99.0,96.0,0.0,,97.0,
TN,2016,38,21,2016-05-29,,,69.0,89.0,0.0,99.0,96.0,0.0,,97.0,
TN,2016,39,22,2016-06-05,,,88.0,89.0,0.0,99.0,96.0,0.0,,97.0,
TN,2016,40,23,2016-06-12,,,97.0,89.0,21.0,100.0,96.0,0.0,,97.0,
TN,2016,41,24,2016-06-19,,,99.0,89.0,50.0,100.0,96.0,80.0,,97.0,
TN,2016,42,25,2016-06-26,,,99.0,89.0,84.0,100.0,96.0,97.0,,97.0,
TN,2016,43,26,2016-07-03,,,99.0,89.0,94.0,100.0,96.0,99.0,,97.0,
TN,2016,44,27,2016-07-10,,,99.0,89.0,97.0,100.0,96.0,99.0,,97.0,
TN,2016,45,28,2016-07-17,,,99.0,89.0,98.0,100.0,96.0,99.0,,97.0,
TN,2017,3,38,2016-09-25,,,0.0,0.0,0.0,0.0,0.0,0.0,,1.0,
TN,2017,4,39,2016-10-02,,,0.0,1.0,0.0,0.0,0.0,0.0,,8.0,
TN,2017,5,40,2016-10-09,,,0.0,2.0,0.0,0.0,0.0,0.0,,26.0,
TN,2017,6,41,2016-10-16,,,0.0,7.0,0.0,0.0,0.0,0.0,,38.0,
TN,2017,7,42,2016-10-23,,,0.0,20.0,0.0,0.0,0.0,0.0,,58.0,
TN,2017,8,43,2016-10-30,,,0.0,33.0,0.0,0.0,0.0,0.0,,71.0,
TN,2017,9,44,2016-11-06,,,0.0,45.0,0.0,0.0,0.0,0.0,,81.0,
TN,2017,10,45,2016-11-13,,,0.0,54.0,0.0,0.0,0.0,0.0,,85.0,
TN,2017,11,46,2016-11-20,,,0.0,66.0,0.0,0.0,0.0,0.0,,91.0,
TN,2017,12,47,2016-11-27,,,0.0,76.0,0.0,0.0,0.0,0.0,,95.0,
TN,2017,30,13,2017-04-02,,,0.0,76.0,0.0,0.0,54.0,0.0,,95.0,
TN,2017,31,14,2017-04-09,,,0.0,76.0,0.0,7.0,77.0,0.0,,95.0,
TN,2017,32,15,2017-04-16,,,0.0,76.0,0.0,34.0,88.0,0.0,,95.0,
TN,2017,33,16,2017-04-23,,,0.0,76.0,0.0,60.0,94.0,0.0,,95.0,
TN,2017,34,17,2017-04-30,,,0.0,76.0,0.0,86.0,97.0,0.0,,95.0,
TN,2017,35,18,2017-05-07,,,0.0,76.0,0.0,95.0,97.0,0.0,,95.0,
TN,2017,36,19,2017-05-14,,,0.0,76.0,0.0,97.0,97.0,0.0,,95.0,
TN,2017,37,20,2017-05-21,,,36.0,76.0,0.0,97.0,97.0,0.0,,95.0,
TN,2017,38,21,2017-05-28,,,75.0,76.0,0.0,97.0,97.0,0.0,,95.0,
TN,2017,39,22,2017-06-04,,,94.0,76.0,7.0,97.0,97.0,0.0,,95.0,
TN,2017,40,23,2017-06-11,,,97.0,76.0,32.0,97.0,97.0,87.0,,95.0,
TN,2017,41,24,2017-06-18,,,97.0,76.0,75.0,97.0,97.0,95.0,,95.0,
TN,2017,42,25,2017-06-25,,,97.0,76.0,90.0,97.0,97.0,95.0,,95.0,
TN,2017,43,26,2017-07-02,,,97.0,76.0,96.0,97.0,97.0,95.0,,95.0,
TN,2018,3,38,2017-09-24,,,0.0,0.0,0.0,0.0,0.0,0.0,,1.0,
TN,2018,4,39,2017-10-01,,,0.0,1.0,0.0,0.0,0.0,0.0,,4.0,
TN,2018,5,40,2017-10-08,,,0.0,3.0,0.0,0.0,0.0,0.0,,18.0,
TN,2018,6,41,2017-10-15,,,0.0,8.0,0.0,0.0,0.0,0.0,,29.0,
TN,2018,7,42,2017-10-22,,,0.0,14.0,0.0,0.0,0.0,0.0,,41.0,
TN,2018,8,43,2017-10-29,,,0.0,28.0,0.0,0.0,0.0,0.0,,55.0,
TN,2018,9,44,2017-11-05,,,0.0,44.0,0.0,0.0,0.0,0.0,,68.0,
TN,2018,10,45,2017-11-12,,,0.0,60.0,0.0,0.0,0.0,0.0,,76.0,
TN,2018,11,46,2017-11-19,,,0.0,69.0,0.0,0.0,0.0,0.0,,85.0,
TN,2018,12,47,2017-11-26,,,0.0,79.0,0.0,0.0,0.0,0.0,,91.0,
TN,2018,30,13,2018-04-01,,,0.0,79.0,0.0,0.0,29.0,0.0,,91.0,
TN,2018,31,14,2018-04-08,,,0.0,79.0,0.0,2.0,72.0,0.0,,91.0,
TN,2018,32,15,2018-04-15,,,0.0,79.0,0.0,5.0,83.0,0.0,,91.0,
TN,2018,33,16,2018-04-22,,,0.0,79.0,0.0,10.0,89.0,0.0,,91.0,
TN,2018,34,17,2018-04-29,,,0.0,79.0,0.0,29.0,91.0,0.0,,91.0,
TN,2018,35,18,2018-05-06,,,0.0,79.0,0.0,67.0,95.0,0.0,,91.0,
TN,2018,36,19,2018-05-13,,,0.0,79.0,0.0,90.0,95.0,0.0,,91.0,
TN,2018,37,20,2018-05-20,,,28.0,79.0,0.0,96.0,95.0,0.0,,91.0,
TN,2018,38,21,2018-05-27,,,73.0,79.0,0.0,98.0,95.0,0.0,,91.0,
TN,2018,39,22,2018-06-03,,,92.0,79.0,1.0,99.0,95.0,18.0,,91.0,
TN,2018,40,23,2018-06-10,,,97.0,79.0,13.0,100.0,95.0,69.0,,91.0,
TN,2018,41,24,2018-06-17,,,97.0,79.0,60.0,100.0,95.0,94.0,,91.0,
TN,2018,42,25,2018-06-24,,,97.0,79.0,86.0,100.0,95.0,98.0,,91.0,
TN,2018,43,26,2018-07-01,,,97.0,79.0,94.0,100.0,95.0,99.0,,91.0,
TN,2018,44,27,2018-07-08,,,97.0,79.0,98.0,100.0,95.0,99.0,,91.0,
TN,2018,45,28,2018-07-15,,,97.0,79.0,100.0,100.0,95.0,99.0,,91.0,
TN,2019,1,36,2018-09-09,,,0.0,0.0,0.0,0.0,0.0,0.0,,0.0,
TN,2019,2,37,2018-09-16,,,0.0,0.0,0.0,0.0,0.0,0.0,,3.0,
TN,2019,3,38,2018-09-23,,,0.0,0.0,0.0,0.0,0.0,0.0,,9.0,
TN,2019,4,39,2018-09-30,,,0.0,6.0,0.0,0.0,0.0,0.0,,11.0,
TN,2019,5,40,2018-10-07,,,0.0,9.0,0.0,0.0,0.0,0.0,,17.0,
TN,2019,6,41,2018-10-14,,,0.0,14.0,0.0,0.0,0.0,0.0,,28.0,
TN,2019,7,42,2018-10-21,,,0.0,20.0,0.0,0.0,0.0,0.0,,36.0,
TN,2019,8,43,2018-10-28,,,0.0,32.0,0.0,0.0,0.0,0.0,,51.0,
TN,2019,9,44,2018-11-04,,,0.0,44.0,0.0,0.0,0.0,0.0,,63.0,
TN,2019,10,45,2018-11-11,,,0.0,47.0,0.0,0.0,0.0,0.0,,66.0,
TN,2019,11,46,2018-11-18,,,0.0,59.0,0.0,0.0,0.0,0.0,,74.0,
TN,2019,12,47,2018-11-25,,,0.0,67.0,0.0,0.0,0.0,0.0,,83.0,
TN,2019,30,13,2019-03-31,,,0.0,67.0,0.0,0.0,25.0,0.0,,83.0,
TN,2019,31,14,2019-04-07,,,0.0,67.0,0.0,0.0,48.0,0.0,,83.0,
TN,2019,32,15,2019-04-14,,,0.0,67.0,0.0,5.0,75.0,0.0,,83.0,
TN,2019,33,16,2019-04-21,,,0.0,67.0,0.0,21.0,87.0,0.0,,83.0,
TN,2019,34,17,2019-04-28,,,0.0,67.0,0.0,42.0,94.0,0.0,,83.0,
TN,2019,35,18,2019-05-05,,,0.0,67.0,0.0,78.0,97.0,0.0,,83.0,
TN,2019,36,19,2019-05-12,,,4.0,67.0,0.0,93.0,99.0,0.0,,83.0,
TN,2019,37,20,2019-05-19,,,32.0,67.0,0.0,97.0,99.0,0.0,,83.0,
TN,2019,38,21,2019-05-26,,,63.0,67.0,0.0,99.0,99.0,0.0,,83.0,
TN,2019,39,22,2019-06-02,,,86.0,67.0,3.0,99.0,99.0,0.0,,83.0,
TN,2019,40,23,2019-06-09,,,95.0,67.0,15.0,100.0,99.0,51.0,,83.0,
TN,2019,41,24,2019-06-16,,,95.0,67.0,43.0,100.0,99.0,89.0,,83.0,
TN,2019,42,25,2019-06-23,,,95.0,67.0,80.0,100.0,99.0,97.0,,83.0,
TN,2019,43,26,2019-06-30,,,95.0,67.0,91.0,100.0,99.0,99.0,,83.0,
TN,2019,44,27,2019-07-07,,,95.0,67.0,98.0,100.0,99.0,99.0,,83.0,
TN,2019,45,28,2019-07-14,,,95.0,67.0,99.0,100.0,99.0,99.0,,83.0,
TN,2019,46,29,2019-07-21,,,95.0,67.0,100.0,100.0,99.0,99.0,,83.0,
TN,2020,2,37,2019-09-15,,,0.0,0.0,0.0,0.0,0.0,0.0,,1.0,
TN,2020,3,38,2019-09-22,,,0.0,0.0,0.0,0.0,0.0,0.0,,4.0,
TN,2020,4,39,2019-09-29,,,0.0,2.0,0.0,0.0,0.0,0.0,,10.0,
TN,2020,5,40,2019-10-06,,,0.0,3.0,0.0,0.0,0.0,0.0,,16.0,
TN,2020,6,41,2019-10-13,,,0.0,7.0,0.0,0.0,0.0,0.0,,23.0,
TN,2020,7,42,2019-10-20,,,0.0,11.0,0.0,0.0,0.0,0.0,,34.0,
TN,2020,8,43,2019-10-27,,,0.0,21.0,0.0,0.0,0.0,0.0,,50.0,
TN,2020,9,44,2019-11-03,,,0.0,36.0,0.0,0.0,0.0,0.0,,58.0,
TN,2020,10,45,2019-11-10,,,0.0,48.0,0.0,0.0,0.0,0.0,,68.0,
TN,2020,11,46,2019-11-17,,,0.0,58.0,0.0,0.0,0.0,0.0,,81.0,
TN,2020,12,47,2019-11-24,,,0.0,72.0,0.0,0.0,0.0,0.0,,87.0,
TN,2020,31,14,2020-04-05,,,0.0,72.0,0.0,0.0,42.0,0.0,,87.0,
TN,2020,32,15,2020-04-12,,,0.0,72.0,0.0,6.0,73.0,0.0,,87.0,
TN,2020,33,16,2020-04-19,,,0.0,72.0,0.0,26.0,87.0,0.0,,87.0,
TN,2020,34,17,2020-04-26,,,0.0,72.0,0.0,58.0,95.0,0.0,,87.0,
TN,2020,35,18,2020-05-03,,,0.0,72.0,0.0,81.0,98.0,0.0,,87.0,
TN,2020,36,19,2020-05-10,,,0.0,72.0,0.0,92.0,98.0,0.0,,87.0,
TN,2020,37,20,2020-05-17,,,16.0,72.0,0.0,99.0,98.0,0.0,,87.0,
TN,2020,38,21,2020-05-24,,,46.0,72.0,0.0,100.0,98.0,0.0,,87.0,
TN,2020,39,22,2020-05-31,,,79.0,72.0,0.0,100.0,98.0,0.0,,87.0,
TN,2020,40,23,2020-06-07,,,94.0,72.0,7.0,100.0,98.0,0.0,,87.0,
TN,2020,41,24,2020-06-14,,,99.0,72.0,19.0,100.0,98.0,69.0,,87.0,
TN,2020,42,25,2020-06-21,,,99.0,72.0,62.0,100.0,98.0,95.0,,87.0,
TN,2020,43,26,2020-06-28,,,99.0,72.0,88.0,100.0,98.0,97.0,,87.0,
TN,2020,44,27,2020-07-05,,,99.0,72.0,97.0,100.0,98.0,99.0,,87.0,
TN,2020,45,28,2020-07-12,,,99.0,72.0,100.0,100.0,98.0,99.0,,87.0,
TN,2020,46,29,2020-07-19,,,99.0,72.0,100.0,100.0,98.0,99.0,,87.0,
TN,2021,1,36,2020-09-06,,,0.0,0.0,0.0,0.0,0.0,0.0,,0.0,
TN,2021,2,37,2020-09-13,,,0.0,0.0,0.0,0.0,0.0,0.0,,1.0,
TN,2021,3,38,2020-09-20,,,0.0,1.0,0.0,0.0,0.0,0.0,,4.0,
TN,2021,4,39,2020-09-27,,,0.0,3.0,0.0,0.0,0.0,0.0,,5.0,
TN,2021,5,40,2020-10-04,,,0.0,5.0,0.0,0.0,0.0,0.0,,11.0,
TN,2021,6,41,2020-10-11,,,0.0,9.0,0.0,0.0,0.0,0.0,,24.0,
TN,2021,7,42,2020-10-18,,,0.0,22.0,0.0,0.0,0.0,0.0,,41.0,
TN,2021,8,43,2020-10-25,,,0.0,36.0,0.0,0.0,0.0,0.0,,56.0,
TN,2021,9,44,2020-11-01,,,0.0,48.0,0.0,0.0,0.0,0.0,,64.0,
TN,2021,10,45,2020-11-08,,,0.0,60.0,0.0,0.0,0.0,0.0,,78.0,
TN,2021,11,46,2020-11-15,,,0.0,69.0,0.0,0.0,0.0,0.0,,85.0,
TN,2021,12,47,2020-11-22,,,0.0,78.0,0.0,0.0,0.0,0.0,,91.0,
TN,2021,13,48,2020-11-29,,,0.0,86.0,0.0,0.0,0.0,0.0,,96.0,
TN,2021,30,13,2021-04-04,,,0.0,86.0,0.0,1.0,40.0,0.0,,96.0,
TN,2021,31,14,2021-04-11,,,0.0,86.0,0.0,4.0,66.0,0.0,,96.0,
TN,2021,32,15,2021-04-18,,,0.0,86.0,0.0,10.0,79.0,0.0,,96.0,
TN,2021,33,16,2021-04-25,,,0.0,86.0,0.0,33.0,88.0,0.0,,96.0,
TN,2021,34,17,2021-05-02,,,0.0,86.0,0.0,59.0,94.0,0.0,,96.0,
TN,2021,35,18,2021-05-09,,,0.0,86.0,0.0,80.0,98.0,0.0,,96.0,
TN,2021,36,19,2021-05-16,,,2.0,86.0,0.0,92.0,98.0,0.0,,96.0,
TN,2021,37,20,2021-05-23,,,41.0,86.0,0.0,97.0,98.0,0.0,,96.0,
TN,2021,38,21,2021-05-30,,,80.0,86.0,0.0,97.0,98.0,0.0,,96.0,
TN,2021,39,22,2021-06-06,,,90.0,86.0,4.0,100.0,98.0,0.0,,96.0,
TN,2021,40,23,2021-06-13,,,96.0,86.0,14.0,100.0,98.0,47.0,,96.0,
TN,2021,41,24,2021-06-20,,,96.0,86.0,53.0,100.0,98.0,91.0,,96.0,
TN,2021,42,25,2021-06-27,,,96.0,86.0,82.0,100.0,98.0,97.0,,96.0,
TN,2021,43,26,2021-07-04,,,96.0,86.0,94.0,100.0,98.0,100.0,,96.0,
TN,2021,44,27,2021-07-11,,,96.0,86.0,98.0,100.0,98.0,100.0,,96.0,
TN,2021,45,28,2021-07-18,,,96.0,86.0,99.0,100.0,98.0,100.0,,96.0,
TN,2021,46,29,2021-07-25,,,96.0,86.0,100.0,100.0,98.0,100.0,,96.0,
TN,2021,52,35,2021-09-05,,,96.0,86.0,100.0,100.0,98.0,100.0,,1.0,
TN,2022,1,36,2021-09-12,,,0.0,0.0,0.0,0.0,0.0,0.0,,4.0,
TN,2022,2,37,2021-09-19,,,0.0,1.0,0.0,0.0,0.0,0.0,,8.0,
TN,2022,3,38,2021-09-26,,,0.0,4.0,0.0,0.0,0.0,0.0,,11.0,
TN,2022,4,39,2021-10-03,,,0.0,7.0,0.0,0.0,0.0,0.0,,16.0,
TN,2022,5,40,2021-10-10,,,0.0,13.0,0.0,0.0,0.0,0.0,,22.0,
TN,2022,6,41,2021-10-17,,,0.0,21.0,0.0,0.0,0.0,0.0,,37.0,
TN,2022,7,42,2021-10-24,,,0.0,28.0,0.0,0.0,0.0,0.0,,49.0,
TN,2022,8,43,2021-10-31,,,0.0,37.0,0.0,0.0,0.0,0.0,,59.0,
TN,2022,9,44,2021-11-07,,,0.0,50.0,0.0,0.0,0.0,0.0,,71.0,
TN,2022,10,45,2021-11-14,,,0.0,63.0,0.0,0.0,0.0,0.0,,82.0,
TN,2022,11,46,2021-11-21,,,0.0,72.0,0.0,0.0,0.0,0.0,,90.0,
TN,2022,12,47,2021-11-28,,,0.0,84.0,0.0,0.0,0.0,0.0,,95.0,
TN,2022,30,13,2022-04-03,,,0.0,84.0,0.0,0.0,33.0,0.0,,95.0,
TN,2022,31,14,2022-04-10,,,0.0,84.0,0.0,1.0,57.0,0.0,,95.0,
TN,2022,32,15,2022-04-17,,,0.0,84.0,0.0,9.0,79.0,0.0,,95.0,
TN,2022,33,16,2022-04-24,,,0.0,84.0,0.0,18.0,82.0,0.0,,95.0,
TN,2022,34,17,2022-05-01,,,0.0,84.0,0.0,56.0,94.0,0.0,,95.0,
TN,2022,35,18,2022-05-08,,,0.0,84.0,0.0,82.0,98.0,0.0,,95.0,
TN,2022,36,19,2022-05-15,,,7.0,84.0,0.0,92.0,100.0,0.0,,95.0,
TN,2022,37,20,2022-05-22,,,48.0,84.0,0.0,96.0,100.0,0.0,,95.0,
TN,2022,38,21,2022-05-29,,,82.0,84.0,0.0,98.0,100.0,5.0,,95.0,
TN,2022,39,22,2022-06-05,,,93.0,84.0,1.0,100.0,100.0,22.0,,95.0,
TN,2022,40,23,2022-06-12,,,97.0,84.0,7.0,100.0,100.0,50.0,,95.0,
TN,2022,41,24,2022-06-19,,,97.0,84.0,43.0,100.0,100.0,94.0,,95.0,
TN,2022,42,25,2022-06-26,,,97.0,84.0,81.0,100.0,100.0,97.0,,95.0,
TN,2022,43,26,2022-07-03,,,97.0,84.0,97.0,100.0,100.0,97.0,,95.0,
TN,2022,52,35,2022-09-04,,,97.0,84.0,97.0,100.0,100.0,97.0,,1.0,
TN,2023,1,36,2022-09-11,,,0.0,0.0,0.0,0.0,0.0,0.0,,2.0,
TN,2023,2,37,2022-09-18,,,0.0,1.0,0.0,0.0,0.0,0.0,,4.0,
TN,2023,3,38,2022-09-25,,,0.0,3.0,0.0,0.0,0.0,0.0,,10.0,
TN,2023,4,39,2022-10-02,,,0.0,5.0,0.0,0.0,0.0,0.0,,11.0,
TN,2023,5,40,2022-10-09,,,0.0,7.0,0.0,0.0,0.0,0.0,,20.0,
TN,2023,6,41,2022-10-16,,,0.0,11.0,0.0,0.0,0.0,0.0,,29.0,
TN,2023,7,42,2022-10-23,,,0.0,20.0,0.0,0.0,0.0,0.0,,46.0,
TN,2023,8,43,2022-10-30,,,0.0,36.0,0.0,0.0,0.0,0.0,,63.0,
TN,2023,9,44,2022-11-06,,,0.0,56.0,0.0,0.0,0.0,0.0,,80.0,
TN,2023,10,45,2022-11-13,,,0.0,66.0,0.0,0.0,0.0,0.0,,85.0,
TN,2023,11,46,2022-11-20,,,0.0,77.0,0.0,0.0,0.0,0.0,,93.0,
TN,2023,12,47,2022-11-27,,,0.0,85.0,0.0,0.0,0.0,0.0,,96.0,
TN,2023,30,13,2023-04-02,,,0.0,85.0,0.0,0.0,42.0,0.0,,96.0,
TN,2023,31,14,2023-04-09,,,0.0,85.0,0.0,1.0,67.0,0.0,,96.0,
TN,2023,32,15,2023-04-16,,,0.0,85.0,0.0,3.0,75.0,0.0,,96.0,
TN,2023,33,16,2023-04-23,,,0.0,85.0,0.0,38.0,91.0,0.0,,96.0,
TN,2023,34,17,2023-04-30,,,0.0,85.0,0.0,61.0,94.0,0.0,,96.0,
TN,2023,35,18,2023-05-07,,,0.0,85.0,0.0,85.0,97.0,0.0,,96.0,
TN,2023,36,19,2023-05-14,,,6.0,85.0,0.0,94.0,97.0,0.0,,96.0,
TN,2023,37,20,2023-05-21,,,35.0,85.0,0.0,97.0,97.0,0.0,,96.0,
TN,2023,38,21,2023-05-28,,,89.0,85.0,1.0,98.0,97.0,22.0,,96.0,
TN,2023,39,22,2023-06-04,,,95.0,85.0,3.0,98.0,97.0,51.0,,96.0,
TN,2023,40,23,2023-06-11,,,95.0,85.0,22.0,98.0,97.0,85.0,,96.0,
TN,2023,41,24,2023-06-18,,,95.0,85.0,50.0,98.0,97.0,95.0,,96.0,
TN,2023,42,25,2023-06-25,,,95.0,85.0,71.0,98.0,97.0,95.0,,96.0,
TN,2023,43,26,2023-07-02,,,95.0,85.0,88.0,98.0,97.0,95.0,,96.0,
TN,2023,44,27,2023-07-09,,,95.0,85.0,95.0,98.0,97.0,95.0,,96.0,
TN,2024,2,37,2023-09-17,,,0.0,0.0,0.0,0.0,0.0,0.0,,1.0,
TN,2024,3,38,2023-09-24,,,0.0,0.0,0.0,0.0,0.0,0.0,,4.0,
TN,2024,4,39,2023-10-01,,,0.0,1.0,0.0,0.0,0.0,0.0,,9.0,
TN,2024,5,40,2023-10-08,,,0.0,4.0,0.0,0.0,0.0,0.0,,16.0,
TN,2024,6,41,2023-10-15,,,0.0,9.0,0.0,0.0,0.0,0.0,,26.0,
TN,2024,7,42,2023-10-22,,,0.0,13.0,0.0,0.0,0.0,0.0,,35.0,
TN,2024,8,43,2023-10-29,,,0.0,25.0,0.0,0.0,0.0,0.0,,49.0,
TN,2024,9,44,2023-11-05,,,0.0,38.0,0.0,0.0,0.0,0.0,,63.0,
TN,2024,10,45,2023-11-12,,,0.0,52.0,0.0,0.0,0.0,0.0,,74.0,
TN,2024,11,46,2023-11-19,,,0.0,65.0,0.0,0.0,0.0,0.0,,88.0,
TN,2024,12,47,2023-11-26,,,0.0,80.0,0.0,0.0,0.0,0.0,,94.0,
TN,2024,30,13,2024-03-31,,,0.0,80.0,0.0,1.0,38.0,0.0,,94.0,
TN,2024,31,14,2024-04-07,,,0.0,80.0,0.0,2.0,59.0,0.0,,94.0,
TN,2024,32,15,2024-04-14,,,0.0,80.0,0.0,11.0,71.0,0.0,,94.0,
TN,2024,33,16,2024-04-21,,,0.0,80.0,0.0,36.0,86.0,0.0,,94.0,
TN,2024,34,17,2024-04-28,,,0.0,80.0,0.0,60.0,92.0,0.0,,94.0,
TN,2024,35,18,2024-05-05,,,0.0,80.0,0.0,83.0,96.0,0.0,,94.0,
TN,2024,36,19,2024-05-12,,,7.0,80.0,0.0,89.0,96.0,0.0,,94.0,
TN,2024,37,20,2024-05-19,,,45.0,80.0,0.0,93.0,96.0,0.0,,94.0,
TN,2024,38,21,2024-05-26,,,81.0,80.0,0.0,98.0,96.0,14.0,,94.0,
TN,2024,39,22,2024-06-02,,,95.0,80.0,7.0,98.0,96.0,60.0,,94.0,
TN,2024,40,23,2024-06-09,,,95.0,80.0,26.0,98.0,96.0,87.0,,94.0,
TN,2024,41,24,2024-06-16,,,95.0,80.0,57.0,98.0,96.0,96.0,,94.0,
TN,2024,42,25,2024-06-23,,,95.0,80.0,78.0,98.0,96.0,96.0,,94.0,
TN,2024,43,26,2024-06-30,,,95.0,80.0,93.0,98.0,96.0,96.0,,94.0,
TN,2024,44,27,2024-07-07,,,95.0,80.0,98.0,98.0,96.0,96.0,,94.0,
TN,2025,2,37,2024-09-15,,,0.0,0.0,0.0,0.0,0.0,0.0,,0.0,
TN,2025,3,38,2024-09-22,,,0.0,0.0,0.0,0.0,0.0,0.0,,4.0,
TN,2025,4,39,2024-09-29,,,0.0,0.0,0.0,0.0,0.0,0.0,,10.0,
TN,2025,5,40,2024-10-06,,,0.0,2.0,0.0,0.0,0.0,0.0,,20.0,
TN,2025,6,41,2024-10-13,,,0.0,11.0,0.0,0.0,0.0,0.0,,31.0,
TN,2025,7,42,2024-10-20,,,0.0,20.0,0.0,0.0,0.0,0.0,,42.0,
TN,2025,8,43,2024-10-27,,,0.0,30.0,0.0,0.0,0.0,0.0,,60.0,
TN,2025,9,44,2024-11-03,,,0.0,41.0,0.0,0.0,0.0,0.0,,69.0,
TN,2025,10,45,2024-11-10,,,0.0,59.0,0.0,0.0,0.0,0.0,,80.0,
TN,2025,11,46,2024-11-17,,,0.0,69.0,0.0,0.0,0.0,0.0,,86.0,
TN,2025,12,47,2024-11-24,,,0.0,80.0,0.0,0.0,0.0,0.0,,93.0,
TN,2025,31,14,2025-04-06,,,0.0,80.0,0.0,0.0,38.0,0.0,,93.0,
TN,2025,32,15,2025-04-13,,,0.0,80.0,0.0,2.0,60.0,0.0,,93.0,
TN,2025,33,16,2025-04-20,,,0.0,80.0,0.0,22.0,80.0,0.0,,93.0,
TN,2025,34,17,2025-04-27,,,0.0,80.0,0.0,49.0,89.0,0.0,,93.0,
TN,2025,35,18,2025-05-04,,,0.0,80.0,0.0,73.0,92.0,0.0,,93.0,
TN,2025,36,19,2025-05-11,,,0.0,80.0,0.0,88.0,95.0,0.0,,93.0,
TN,2025,37,20,2025-05-18,,,0.0,80.0,0.0,91.0,96.0,0.0,,93.0,
TN,2025,38,21,2025-05-25,,,43.0,80.0,0.0,94.0,96.0,3.0,,93.0,
TN,2025,39,22,2025-06-01,,,71.0,80.0,0.0,94.0,96.0,22.0,,93.0,
TN,2025,40,23,2025-06-08,,,84.0,80.0,13.0,94.0,96.0,57.0,,93.0,
TN,2025,41,24,2025-06-15,,,92.0,80.0,34.0,94.0,96.0,80.0,,93.0,
TN,2025,42,25,2025-06-22,,,95.0,80.0,55.0,94.0,96.0,87.0,,93.0,
TN,2025,43,26,2025-06-29,,,95.0,80.0,77.0,94.0,96.0,93.0,,93.0,
TN,2025,44,27,2025-07-06,,,95.0,80.0,91.0,94.0,96.0,97.0,,93.0,
TN,2025,45,28,2025-07-13,,,95.0,80.0,96.0,94.0,96.0,97.0,,93.0,
TN,2026,2,37,2025-09-14,,,0.0,0.0,0.0,0.0,0.0,0.0,,0.0,
TN,2026,3,38,2025-09-21,,,0.0,0.0,0.0,0.0,0.0,0.0,,3.0,
TN,2026,4,39,2025-09-28,,,0.0,0.0,0.0,0.0,0.0,0.0,,9.0,
TN,2026,11,46,2025-11-16,,,0.0,59.0,0.0,0.0,0.0,0.0,,83.0,
TN,2026,12,47,2025-11-23,,,0.0,65.0,0.0,0.0,0.0,0.0,,85.0,
TX,2016,1,36,2015-09-06,,,,0.0,0.0,0.0,,,,1.0,
TX,2016,2,37,2015-09-13,,,,0.0,0.0,0.0,,,,5.0,
TX,2016,3,38,2015-09-20,,,,0.0,0.0,0.0,,,,18.0,
TX,2016,4,39,2015-09-27,,,,2.0,0.0,0.0,,,,24.0,
TX,2016,5,40,2015-10-04,,,,8.0,0.0,0.0,,,,37.0,
TX,2016,6,41,2015-10-11,,,,20.0,0.0,0.0,,,,48.0,
TX,2016,7,42,2015-10-18,,,,35.0,0.0,0.0,,,,63.0,
TX,2016,8,43,2015-10-25,,,,44.0,0.0,0.0,,,,67.0,
TX,2016,9,44,2015-11-01,,,,55.0,0.0,0.0,,,,71.0,
TX,2016,10,45,2015-11-08,,,,59.0,0.0,0.0,,,,76.0,
TX,2016,11,46,2015-11-15,,,,73.0,0.0,0.0,,,,82.0,
TX,2016,12,47,2015-11-22,,,,74.0,0.0,0.0,,,,83.0,
TX,2016,13,48,2015-11-29,,,,79.0,0.0,0.0,,,,89.0,
TX,2016,19,2,2016-01-17,,,,94.0,0.0,0.0,,,,89.0,
TX,2016,20,3,2016-01-24,,,,95.0,0.0,0.0,,,,89.0,
TX,2016,21,4,2016-01-31,,,,97.0,0.0,0.0,,,,89.0,
TX,2016,22,5,2016-02-07,,,,98.0,0.0,0.0,,,,89.0,
TX,2016,23,6,2016-02-14,,,,99.0,0.0,0.0,,,,89.0,
TX,2016,24,7,2016-02-21,,,,100.0,0.0,0.0,,,,89.0,
TX,2016,28,11,2016-03-20,,,,100.0,0.0,2.0,,,,89.0,
TX,2016,29,12,2016-03-27,,,,100.0,0.0,5.0,,,,89.0,
TX,2016,30,13,2016-04-03,,,,100.0,0.0,12.0,,,,89.0,
TX,2016,31,14,2016-04-10,,,,100.0,0.0,20.0,,,,89.0,
TX,2016,32,15,2016-04-17,,,,100.0,0.0,35.0,,,,89.0,
TX,2016,33,16,2016-04-24,,,,100.0,0.0,50.0,,,,89.0,
TX,2016,34,17,2016-05-01,,,,100.0,0.0,73.0,,,,89.0,
TX,2016,35,18,2016-05-08,,,,100.0,0.0,83.0,,,,89.0,
TX,2016,36,19,2016-05-15,,,,100.0,2.0,97.0,,,,89.0,
TX,2016,37,20,2016-05-22,,,,100.0,6.0,98.0,,,,89.0,
TX,2016,38,21,2016-05-29,,,,100.0,11.0,100.0,,,,89.0,
TX,2016,39,22,2016-06-05,,,,100.0,16.0,100.0,,,,89.0,
TX,2016,40,23,2016-06-12,,,,100.0,35.0,100.0,,,,89.0,
TX,2016,41,24,2016-06-19,,,,100.0,55.0,100.0,,,,89.0,
TX,2016,42,25,2016-06-26,,,,100.0,80.0,100.0,,,,89.0,
TX,2016,43,26,2016-07-03,,,,100.0,95.0,100.0,,,,89.0,
TX,2016,44,27,2016-07-10,,,,100.0,97.0,100.0,,,,89.0,
TX,2016,45,28,2016-07-17,,,,100.0,100.0,100.0,,,,89.0,
TX,2016,46,29,2016-07-24,,,,100.0,100.0,100.0,,,,89.0,
TX,2016,47,30,2016-07-31,,,,100.0,100.0,100.0,,,,89.0,
TX,2016,48,31,2016-08-07,,,,100.0,100.0,100.0,,,,89.0,
TX,2016,49,32,2016-08-14,,,,100.0,100.0,100.0,,,,89.0,
TX,2016,52,35,2016-09-04,,,,100.0,100.0,100.0,,,,2.0,
TX,2017,1,36,2016-09-11,,,,0.0,0.0,0.0,,,,5.0,
TX,2017,2,37,2016-09-18,,,,0.0,0.0,0.0,,,,14.0,
TX,2017,3,38,2016-09-25,,,,10.0,0.0,0.0,,,,30.0,
TX,2017,4,39,2016-10-02,,,,18.0,0.0,0.0,,,,35.0,
TX,2017,5,40,2016-10-09,,,,31.0,0.0,0.0,,,,48.0,
TX,2017,6,41,2016-10-16,,,,32.0,0.0,0.0,,,,65.0,
TX,2017,7,42,2016-10-23,,,,42.0,0.0,0.0,,,,67.0,
TX,2017,8,43,2016-10-30,,,,56.0,0.0,0.0,,,,75.0,
TX,2017,9,44,2016-11-06,,,,71.0,0.0,0.0,,,,85.0,
TX,2017,10,45,2016-11-13,,,,72.0,0.0,0.0,,,,88.0,
TX,2017,11,46,2016-11-20,,,,79.0,0.0,0.0,,,,91.0,
TX,2017,12,47,2016-11-27,,,,80.0,0.0,0.0,,,,93.0,
TX,2017,21,4,2017-01-29,,,,93.0,0.0,0.0,,,,93.0,
TX,2017,22,5,2017-02-05,,,,94.0,0.0,0.0,,,,93.0,
TX,2017,23,6,2017-02-12,,,,98.0,0.0,0.0,,,,93.0,
TX,2017,24,7,2017-02-19,,,,99.0,0.0,0.0,,,,93.0,
TX,2017,25,8,2017-02-26,,,,100.0,0.0,0.0,,,,93.0,
TX,2017,28,11,2017-03-19,,,,100.0,0.0,1.0,,,,93.0,
TX,2017,29,12,2017-03-26,,,,100.0,0.0,11.0,,,,93.0,
TX,2017,30,13,2017-04-02,,,,100.0,0.0,33.0,,,,93.0,
TX,2017,31,14,2017-04-09,,,,100.0,0.0,40.0,,,,93.0,
TX,2017,32,15,2017-04-16,,,,100.0,0.0,51.0,,,,93.0,
TX,2017,33,16,2017-04-23,,,,100.0,0.0,67.0,,,,93.0,
TX,2017,34,17,2017-04-30,,,,100.0,0.0,78.0,,,,93.0,
TX,2017,35,18,2017-05-07,,,,100.0,0.0,83.0,,,,93.0,
TX,2017,36,19,2017-05-14,,,,100.0,7.0,91.0,,,,93.0,
TX,2017,37,20,2017-05-21,,,,100.0,20.0,98.0,,,,93.0,
TX,2017,38,21,2017-05-28,,,,100.0,22.0,100.0,,,,93.0,
TX,2017,39,22,2017-06-04,,,,100.0,58.0,100.0,,,,93.0,
TX,2017,40,23,2017-06-11,,,,100.0,72.0,100.0,,,,93.0,
TX,2017,41,24,2017-06-18,,,,100.0,74.0,100.0,,,,93.0,
TX,2017,42,25,2017-06-25,,,,100.0,87.0,100.0,,,,93.0,
TX,2017,43,26,2017-07-02,,,,100.0,93.0,100.0,,,,93.0,
TX,2017,44,27,2017-07-09,,,,100.0,97.0,100.0,,,,93.0,
TX,2017,45,28,2017-07-16,,,,100.0,100.0,100.0,,,,93.0,
TX,2017,46,29,2017-07-23,,,,100.0,100.0,100.0,,,,93.0,
TX,2017,47,30,2017-07-30,,,,100.0,100.0,100.0,,,,93.0,
TX,2017,48,31,2017-08-06,,,,100.0,100.0,100.0,,,,93.0,
TX,2017,49,32,2017-08-13,,,,100.0,100.0,100.0,,,,93.0,
TX,2017,52,35,2017-09-03,,,,100.0,100.0,100.0,,,,0.0,
TX,2018,1,36,2017-09-10,,,,0.0,0.0,0.0,,,,6.0,
TX,2018,2,37,2017-09-17,,,,0.0,0.0,0.0,,,,14.0,
TX,2018,3,38,2017-09-24,,,,4.0,0.0,0.0,,,,33.0,
TX,2018,4,39,2017-10-01,,,,15.0,0.0,0.0,,,,40.0,
TX,2018,5,40,2017-10-08,,,,30.0,0.0,0.0,,,,54.0,
TX,2018,6,41,2017-10-15,,,,35.0,0.0,0.0,,,,66.0,
TX,2018,7,42,2017-10-22,,,,53.0,0.0,0.0,,,,70.0,
TX,2018,8,43,2017-10-29,,,,60.0,0.0,0.0,,,,79.0,
TX,2018,9,44,2017-11-05,,,,69.0,0.0,0.0,,,,85.0,
TX,2018,10,45,2017-11-12,,,,78.0,0.0,0.0,,,,89.0,
TX,2018,11,46,2017-11-19,,,,79.0,0.0,0.0,,,,90.0,
TX,2018,12,47,2017-11-26,,,,84.0,0.0,0.0,,,,92.0,
TX,2018,28,11,2018-03-18,,,,84.0,0.0,0.0,,,,92.0,
TX,2018,29,12,2018-03-25,,,,84.0,0.0,5.0,,,,92.0,
TX,2018,30,13,2018-04-01,,,,84.0,0.0,11.0,,,,92.0,
TX,2018,31,14,2018-04-08,,,,84.0,0.0,17.0,,,,92.0,
TX,2018,32,15,2018-04-15,,,,84.0,0.0,40.0,,,,92.0,
TX,2018,33,16,2018-04-22,,,,84.0,0.0,56.0,,,,92.0,
TX,2018,34,17,2018-04-29,,,,84.0,1.0,70.0,,,,92.0,
TX,2018,35,18,2018-05-06,,,,84.0,5.0,73.0,,,,92.0,
TX,2018,36,19,2018-05-13,,,,84.0,7.0,81.0,,,,92.0,
TX,2018,37,20,2018-05-20,,,,84.0,12.0,93.0,,,,92.0,
TX,2018,38,21,2018-05-27,,,,84.0,20.0,94.0,,,,92.0,
TX,2018,39,22,2018-06-03,,,,84.0,35.0,96.0,,,,92.0,
TX,2018,40,23,2018-06-10,,,,84.0,58.0,100.0,,,,92.0,
TX,2018,41,24,2018-06-17,,,,84.0,65.0,100.0,,,,92.0,
TX,2018,42,25,2018-06-24,,,,84.0,71.0,100.0,,,,92.0,
TX,2018,43,26,2018-07-01,,,,84.0,80.0,100.0,,,,92.0,
TX,2018,44,27,2018-07-08,,,,84.0,86.0,100.0,,,,92.0,
TX,2018,45,28,2018-07-15,,,,84.0,95.0,100.0,,,,92.0,
TX,2018,46,29,2018-07-22,,,,84.0,100.0,100.0,,,,92.0,
TX,2018,47,30,2018-07-29,,,,84.0,100.0,100.0,,,,92.0,
TX,2018,48,31,2018-08-05,,,,84.0,100.0,100.0,,,,92.0,
TX,2018,49,32,2018-08-12,,,,84.0,100.0,100.0,,,,92.0,
TX,2018,50,33,2018-08-19,,,,84.0,100.0,100.0,,,,92.0,
TX,2018,51,34,2018-08-26,,,,84.0,100.0,100.0,,,,92.0,
TX,2019,1,36,2018-09-09,,,,0.0,0.0,0.0,,,,5.0,
TX,2019,2,37,2018-09-16,,,,0.0,0.0,0.0,,,,13.0,
TX,2019,3,38,2018-09-23,,,,0.0,0.0,0.0,,,,30.0,
TX,2019,4,39,2018-09-30,,,,4.0,0.0,0.0,,,,42.0,
TX,2019,5,40,2018-10-07,,,,20.0,0.0,0.0,,,,54.0,
TX,2019,6,41,2018-10-14,,,,35.0,0.0,0.0,,,,60.0,
TX,2019,7,42,2018-10-21,,,,45.0,0.0,0.0,,,,63.0,
TX,2019,8,43,2018-10-28,,,,56.0,0.0,0.0,,,,67.0,
TX,2019,9,44,2018-11-04,,,,62.0,0.0,0.0,,,,72.0,
TX,2019,10,45,2018-11-11,,,,67.0,0.0,0.0,,,,80.0,
TX,2019,11,46,2018-11-18,,,,72.0,0.0,0.0,,,,85.0,
TX,2019,12,47,2018-11-25,,,,80.0,0.0,0.0,,,,90.0,
TX,2019,22,5,2019-02-03,,,,96.0,0.0,0.0,,,,90.0,
TX,2019,23,6,2019-02-10,,,,98.0,0.0,0.0,,,,90.0,
TX,2019,24,7,2019-02-17,,,,99.0,0.0,0.0,,,,90.0,
TX,2019,29,12,2019-03-24,,,,99.0,0.0,1.0,,,,90.0,
TX,2019,30,13,2019-03-31,,,,99.0,0.0,8.0,,,,90.0,
TX,2019,31,14,2019-04-07,,,,99.0,0.0,15.0,,,,90.0,
TX,2019,32,15,2019-04-14,,,,99.0,0.0,27.0,,,,90.0,
TX,2019,33,16,2019-04-21,,,,99.0,0.0,41.0,,,,90.0,
TX,2019,34,17,2019-04-28,,,,99.0,0.0,64.0,,,,90.0,
TX,2019,35,18,2019-05-05,,,,99.0,0.0,77.0,,,,90.0,
TX,2019,36,19,2019-05-12,,,,99.0,3.0,87.0,,,,90.0,
TX,2019,37,20,2019-05-19,,,,99.0,8.0,95.0,,,,90.0,
TX,2019,38,21,2019-05-26,,,,99.0,11.0,96.0,,,,90.0,
TX,2019,39,22,2019-06-02,,,,99.0,22.0,98.0,,,,90.0,
TX,2019,40,23,2019-06-09,,,,99.0,27.0,99.0,,,,90.0,
TX,2019,41,24,2019-06-16,,,,99.0,42.0,99.0,,,,90.0,
TX,2019,42,25,2019-06-23,,,,99.0,58.0,100.0,,,,90.0,
TX,2019,43,26,2019-06-30,,,,99.0,81.0,100.0,,,,90.0,
TX,2019,44,27,2019-07-07,,,,99.0,92.0,100.0,,,,90.0,
TX,2019,45,28,2019-07-14,,,,99.0,97.0,100.0,,,,90.0,
TX,2019,46,29,2019-07-21,,,,99.0,100.0,100.0,,,,90.0,
TX,2019,47,30,2019-07-28,,,,99.0,100.0,100.0,,,,90.0,
TX,2019,48,31,2019-08-04,,,,99.0,100.0,100.0,,,,90.0,
TX,2019,49,32,2019-08-11,,,,99.0,100.0,100.0,,,,90.0,
TX,2019,50,33,2019-08-18,,,,99.0,100.0,100.0,,,,90.0,
TX,2019,51,34,2019-08-25,,,,99.0,100.0,100.0,,,,90.0,
TX,2019,52,35,2019-09-01,,,,99.0,100.0,100.0,,,,90.0,
TX,2020,2,37,2019-09-15,,,,0.0,0.0,0.0,,,,4.0,
TX,2020,3,38,2019-09-22,,,,0.0,0.0,0.0,,,,23.0,
TX,2020,4,39,2019-09-29,,,,6.0,0.0,0.0,,,,34.0,
TX,2020,5,40,2019-10-06,,,,25.0,0.0,0.0,,,,49.0,
TX,2020,6,41,2019-10-13,,,,40.0,0.0,0.0,,,,57.0,
TX,2020,7,42,2019-10-20,,,,43.0,0.0,0.0,,,,68.0,
TX,2020,8,43,2019-10-27,,,,51.0,0.0,0.0,,,,74.0,
TX,2020,9,44,2019-11-03,,,,57.0,0.0,0.0,,,,78.0,
TX,2020,10,45,2019-11-10,,,,69.0,0.0,0.0,,,,82.0,
TX,2020,11,46,2019-11-17,,,,72.0,0.0,0.0,,,,85.0,
TX,2020,12,47,2019-11-24,,,,75.0,0.0,0.0,,,,87.0,
TX,2020,13,48,2019-12-01,,,,79.0,0.0,0.0,,,,91.0,
TX,2020,14,49,2019-12-08,,,,83.0,0.0,0.0,,,,93.0,
TX,2020,21,4,2020-01-26,,,,92.0,0.0,0.0,,,,93.0,
TX,2020,22,5,2020-02-02,,,,95.0,0.0,0.0,,,,93.0,
TX,2020,23,6,2020-02-09,,,,95.0,0.0,5.0,,,,93.0,
TX,2020,24,7,2020-02-16,,,,95.0,0.0,7.0,,,,93.0,
TX,2020,25,8,2020-02-23,,,,95.0,0.0,23.0,,,,93.0,
TX,2020,26,9,2020-03-01,,,,95.0,0.0,24.0,,,,93.0,
TX,2020,27,10,2020-03-08,,,,95.0,0.0,25.0,,,,93.0,
TX,2020,28,11,2020-03-15,,,,95.0,0.0,26.0,,,,93.0,
TX,2020,29,12,2020-03-22,,,,95.0,0.0,27.0,,,,93.0,
TX,2020,30,13,2020-03-29,,,,95.0,0.0,28.0,,,,93.0,
TX,2020,31,14,2020-04-05,,,,95.0,0.0,29.0,,,,93.0,
TX,2020,32,15,2020-04-12,,,,95.0,0.0,35.0,,,,93.0,
TX,2020,33,16,2020-04-19,,,,95.0,0.0,53.0,,,,93.0,
TX,2020,34,17,2020-04-26,,,,95.0,0.0,68.0,,,,93.0,
TX,2020,35,18,2020-05-03,,,,95.0,0.0,81.0,,,,93.0,
TX,2020,36,19,2020-05-10,,,,95.0,2.0,88.0,,,,93.0,
TX,2020,37,20,2020-05-17,,,,95.0,8.0,96.0,,,,93.0,
TX,2020,38,21,2020-05-24,,,,95.0,27.0,100.0,,,,93.0,
TX,2020,39,22,2020-05-31,,,,95.0,32.0,100.0,,,,93.0,
TX,2020,40,23,2020-06-07,,,,95.0,53.0,100.0,,,,93.0,
TX,2020,41,24,2020-06-14,,,,95.0,68.0,100.0,,,,93.0,
TX,2020,42,25,2020-06-21,,,,95.0,85.0,100.0,,,,93.0,
TX,2020,43,26,2020-06-28,,,,95.0,96.0,100.0,,,,93.0,
TX,2020,44,27,2020-07-05,,,,95.0,98.0,100.0,,,,93.0,
TX,2020,45,28,2020-07-12,,,,95.0,100.0,100.0,,,,93.0,
TX,2020,46,29,2020-07-19,,,,95.0,100.0,100.0,,,,93.0,
TX,2020,47,30,2020-07-26,,,,95.0,100.0,100.0,,,,93.0,
TX,2020,48,31,2020-08-02,,,,95.0,100.0,100.0,,,,93.0,
TX,2020,49,32,2020-08-09,,,,95.0,100.0,100.0,,,,93.0,
TX,2020,50,33,2020-08-16,,,,95.0,100.0,100.0,,,,93.0,
TX,2020,51,34,2020-08-23,,,,95.0,100.0,100.0,,,,93.0,
TX,2021,1,36,2020-09-06,,,,0.0,0.0,0.0,,,,4.0,
TX,2021,2,37,2020-09-13,,,,0.0,0.0,0.0,,,,7.0,
TX,2021,3,38,2020-09-20,,,,1.0,0.0,0.0,,,,18.0,
TX,2021,4,39,2020-09-27,,,,5.0,0.0,0.0,,,,31.0,
TX,2021,5,40,2020-10-04,,,,18.0,0.0,0.0,,,,44.0,
TX,2021,6,41,2020-10-11,,,,33.0,0.0,0.0,,,,55.0,
TX,2021,7,42,2020-10-18,,,,40.0,0.0,0.0,,,,64.0,
TX,2021,8,43,2020-10-25,,,,49.0,0.0,0.0,,,,71.0,
TX,2021,9,44,2020-11-01,,,,57.0,0.0,0.0,,,,76.0,
TX,2021,10,45,2020-11-08,,,,65.0,0.0,0.0,,,,82.0,
TX,2021,11,46,2020-11-15,,,,70.0,0.0,0.0,,,,86.0,
TX,2021,12,47,2020-11-22,,,,77.0,0.0,0.0,,,,92.0,
TX,2021,13,48,2020-11-29,,,,80.0,0.0,0.0,,,,95.0,
TX,2021,20,3,2021-01-24,,,,92.0,0.0,0.0,,,,95.0,
TX,2021,21,4,2021-01-31,,,,95.0,0.0,1.0,,,,95.0,
TX,2021,22,5,2021-02-07,,,,95.0,0.0,2.0,,,,95.0,
TX,2021,23,6,2021-02-14,,,,95.0,0.0,3.0,,,,95.0,
TX,2021,24,7,2021-02-21,,,,95.0,0.0,4.0,,,,95.0,
TX,2021,25,8,2021-02-28,,,,95.0,0.0,5.0,,,,95.0,
TX,2021,26,9,2021-03-07,,,,95.0,0.0,6.0,,,,95.0,
TX,2021,27,10,2021-03-14,,,,95.0,0.0,10.0,,,,95.0,
TX,2021,28,11,2021-03-21,,,,95.0,0.0,12.0,,,,95.0,
TX,2021,29,12,2021-03-28,,,,95.0,0.0,24.0,,,,95.0,
TX,2021,30,13,2021-04-04,,,,95.0,0.0,25.0,,,,95.0,
TX,2021,31,14,2021-04-11,,,,95.0,0.0,26.0,,,,95.0,
TX,2021,32,15,2021-04-18,,,,95.0,0.0,41.0,,,,95.0,
TX,2021,33,16,2021-04-25,,,,95.0,0.0,57.0,,,,95.0,
TX,2021,34,17,2021-05-02,,,,95.0,0.0,65.0,,,,95.0,
TX,2021,35,18,2021-05-09,,,,95.0,5.0,76.0,,,,95.0,
TX,2021,36,19,2021-05-16,,,,95.0,10.0,92.0,,,,95.0,
TX,2021,37,20,2021-05-23,,,,95.0,12.0,95.0,,,,95.0,
TX,2021,38,21,2021-05-30,,,,95.0,18.0,100.0,,,,95.0,
TX,2021,39,22,2021-06-06,,,,95.0,20.0,100.0,,,,95.0,
TX,2021,40,23,2021-06-13,,,,95.0,30.0,100.0,,,,95.0,
TX,2021,41,24,2021-06-20,,,,95.0,58.0,100.0,,,,95.0,
TX,2021,42,25,2021-06-27,,,,95.0,75.0,100.0,,,,95.0,
TX,2021,43,26,2021-07-04,,,,95.0,85.0,100.0,,,,95.0,
TX,2021,44,27,2021-07-11,,,,95.0,94.0,100.0,,,,95.0,
TX,2021,45,28,2021-07-18,,,,95.0,99.0,100.0,,,,95.0,
TX,2021,46,29,2021-07-25,,,,95.0,100.0,100.0,,,,95.0,
TX,2021,47,30,2021-08-01,,,,95.0,100.0,100.0,,,,95.0,
TX,2021,48,31,2021-08-08,,,,95.0,100.0,100.0,,,,95.0,
TX,2021,52,35,2021-09-05,,,,95.0,100.0,100.0,,,,1.0,
TX,2022,1,36,2021-09-12,,,,0.0,0.0,0.0,,,,9.0,
TX,2022,2,37,2021-09-19,,,,0.0,0.0,0.0,,,,20.0,
TX,2022,3,38,2021-09-26,,,,10.0,0.0,0.0,,,,37.0,
TX,2022,4,39,2021-10-03,,,,19.0,0.0,0.0,,,,47.0,
TX,2022,5,40,2021-10-10,,,,30.0,0.0,0.0,,,,54.0,
TX,2022,6,41,2021-10-17,,,,39.0,0.0,0.0,,,,64.0,
TX,2022,7,42,2021-10-24,,,,46.0,0.0,0.0,,,,72.0,
TX,2022,8,43,2021-10-31,,,,56.0,0.0,0.0,,,,79.0,
TX,2022,9,44,2021-11-07,,,,63.0,0.0,0.0,,,,84.0,
TX,2022,10,45,2021-11-14,,,,71.0,0.0,0.0,,,,89.0,
TX,2022,11,46,2021-11-21,,,,75.0,0.0,0.0,,,,93.0,
TX,2022,12,47,2021-11-28,,,,83.0,0.0,0.0,,,,96.0,
TX,2022,20,3,2022-01-23,,,,90.0,0.0,0.0,,,,96.0,
TX,2022,21,4,2022-01-30,,,,95.0,0.0,0.0,,,,96.0,
TX,2022,22,5,2022-02-06,,,,95.0,0.0,0.0,,,,96.0,
TX,2022,23,6,2022-02-13,,,,95.0,0.0,1.0,,,,96.0,
TX,2022,24,7,2022-02-20,,,,95.0,0.0,2.0,,,,96.0,
TX,2022,25,8,2022-02-27,,,,95.0,0.0,13.0,,,,96.0,
TX,2022,26,9,2022-03-06,,,,95.0,0.0,15.0,,,,96.0,
TX,2022,27,10,2022-03-13,,,,95.0,0.0,17.0,,,,96.0,
TX,2022,28,11,2022-03-20,,,,95.0,0.0,18.0,,,,96.0,
TX,2022,29,12,2022-03-27,,,,95.0,0.0,21.0,,,,96.0,
TX,2022,30,13,2022-04-03,,,,95.0,0.0,23.0,,,,96.0,
TX,2022,31,14,2022-04-10,,,,95.0,0.0,26.0,,,,96.0,
TX,2022,32,15,2022-04-17,,,,95.0,0.0,30.0,,,,96.0,
TX,2022,33,16,2022-04-24,,,,95.0,0.0,45.0,,,,96.0,
TX,2022,34,17,2022-05-01,,,,95.0,0.0,66.0,,,,96.0,
TX,2022,35,18,2022-05-08,,,,95.0,1.0,76.0,,,,96.0,
TX,2022,36,19,2022-05-15,,,,95.0,7.0,86.0,,,,96.0,
TX,2022,37,20,2022-05-22,,,,95.0,10.0,92.0,,,,96.0,
TX,2022,38,21,2022-05-29,,,,95.0,22.0,96.0,,,,96.0,
TX,2022,39,22,2022-06-05,,,,95.0,36.0,100.0,,,,96.0,
TX,2022,40,23,2022-06-12,,,,95.0,53.0,100.0,,,,96.0,
TX,2022,41,24,2022-06-19,,,,95.0,72.0,100.0,,,,96.0,
TX,2022,42,25,2022-06-26,,,,95.0,80.0,100.0,,,,96.0,
TX,2022,43,26,2022-07-03,,,,95.0,94.0,100.0,,,,96.0,
TX,2022,44,27,2022-07-10,,,,95.0,97.0,100.0,,,,96.0,
TX,2022,45,28,2022-07-17,,,,95.0,100.0,100.0,,,,96.0,
TX,2022,46,29,2022-07-24,,,,95.0,100.0,100.0,,,,96.0,
TX,2022,47,30,2022-07-31,,,,95.0,100.0,100.0,,,,96.0,
TX,2022,48,31,2022-08-07,,,,95.0,100.0,100.0,,,,96.0,
TX,2022,49,32,2022-08-14,,,,95.0,100.0,100.0,,,,96.0,
TX,2022,50,33,2022-08-21,,,,95.0,100.0,100.0,,,,96.0,
TX,2022,52,35,2022-09-04,,,,95.0,100.0,100.0,,,,3.0,
TX,2023,1,36,2022-09-11,,,,0.0,0.0,0.0,,,,17.0,
TX,2023,2,37,2022-09-18,,,,3.0,0.0,0.0,,,,33.0,
TX,2023,3,38,2022-09-25,,,,14.0,0.0,0.0,,,,44.0,
TX,2023,4,39,2022-10-02,,,,19.0,0.0,0.0,,,,48.0,
TX,2023,5,40,2022-10-09,,,,28.0,0.0,0.0,,,,58.0,
TX,2023,6,41,2022-10-16,,,,37.0,0.0,0.0,,,,70.0,
TX,2023,7,42,2022-10-23,,,,46.0,0.0,0.0,,,,75.0,
TX,2023,8,43,2022-10-30,,,,59.0,0.0,0.0,,,,84.0,
TX,2023,9,44,2022-11-06,,,,67.0,0.0,0.0,,,,88.0,
TX,2023,10,45,2022-11-13,,,,75.0,0.0,0.0,,,,93.0,
TX,2023,11,46,2022-11-20,,,,80.0,0.0,0.0,,,,95.0,
TX,2023,12,47,2022-11-27,,,,85.0,0.0,0.0,,,,98.0,
TX,2023,20,3,2023-01-22,,,,95.0,0.0,0.0,,,,100.0,
TX,2023,21,4,2023-01-29,,,,97.0,0.0,2.0,,,,100.0,
TX,2023,22,5,2023-02-05,,,,99.0,0.0,4.0,,,,100.0,
TX,2023,23,6,2023-02-12,,,,100.0,0.0,6.0,,,,100.0,
TX,2023,24,7,2023-02-19,,,,100.0,0.0,8.0,,,,100.0,
TX,2023,25,8,2023-02-26,,,,100.0,0.0,17.0,,,,100.0,
TX,2023,26,9,2023-03-05,,,,100.0,0.0,19.0,,,,100.0,
TX,2023,27,10,2023-03-12,,,,100.0,0.0,21.0,,,,100.0,
TX,2023,28,11,2023-03-19,,,,100.0,0.0,22.0,,,,100.0,
TX,2023,29,12,2023-03-26,,,,100.0,0.0,25.0,,,,100.0,
TX,2023,30,13,2023-04-02,,,,100.0,0.0,29.0,,,,100.0,
TX,2023,31,14,2023-04-09,,,,100.0,0.0,31.0,,,,100.0,
TX,2023,32,15,2023-04-16,,,,100.0,0.0,35.0,,,,100.0,
TX,2023,33,16,2023-04-23,,,,100.0,0.0,53.0,,,,100.0,
TX,2023,34,17,2023-04-30,,,,100.0,0.0,69.0,,,,100.0,
TX,2023,35,18,2023-05-07,,,,100.0,0.0,77.0,,,,100.0,
TX,2023,36,19,2023-05-14,,,,100.0,0.0,84.0,,,,100.0,
TX,2023,37,20,2023-05-21,,,,100.0,5.0,92.0,,,,100.0,
TX,2023,38,21,2023-05-28,,,,100.0,18.0,95.0,,,,100.0,
TX,2023,39,22,2023-06-04,,,,100.0,29.0,100.0,,,,100.0,
TX,2023,40,23,2023-06-11,,,,100.0,42.0,100.0,,,,100.0,
TX,2023,41,24,2023-06-18,,,,100.0,62.0,100.0,,,,100.0,
TX,2023,42,25,2023-06-25,,,,100.0,74.0,100.0,,,,100.0,
TX,2023,43,26,2023-07-02,,,,100.0,86.0,100.0,,,,100.0,
TX,2023,44,27,2023-07-09,,,,100.0,93.0,100.0,,,,100.0,
TX,2023,45,28,2023-07-16,,,,100.0,97.0,100.0,,,,100.0,
TX,2023,46,29,2023-07-23,,,,100.0,100.0,100.0,,,,100.0,
TX,2023,47,30,2023-07-30,,,,100.0,100.0,100.0,,,,100.0,
TX,2023,48,31,2023-08-06,,,,100.0,100.0,100.0,,,,100.0,
TX,2023,49,32,2023-08-13,,,,100.0,100.0,100.0,,,,100.0,
TX,2023,50,33,2023-08-20,,,,100.0,100.0,100.0,,,,100.0,
TX,2023,51,34,2023-08-27,,,,100.0,100.0,100.0,,,,100.0,
TX,2023,52,35,2023-09-03,,,,100.0,100.0,100.0,,,,0.0,
TX,2024,1,36,2023-09-10,,,,0.0,0.0,0.0,,,,7.0,
TX,2024,2,37,2023-09-17,,,,0.0,0.0,0.0,,,,15.0,
TX,2024,3,38,2023-09-24,,,,6.0,0.0,0.0,,,,30.0,
TX,2024,4,39,2023-10-01,,,,13.0,0.0,0.0,,,,45.0,
TX,2024,5,40,2023-10-08,,,,28.0,0.0,0.0,,,,55.0,
TX,2024,6,41,2023-10-15,,,,35.0,0.0,0.0,,,,62.0,
TX,2024,7,42,2023-10-22,,,,45.0,0.0,0.0,,,,68.0,
TX,2024,8,43,2023-10-29,,,,55.0,0.0,0.0,,,,73.0,
TX,2024,9,44,2023-11-05,,,,60.0,0.0,0.0,,,,78.0,
TX,2024,10,45,2023-11-12,,,,66.0,0.0,0.0,,,,82.0,
TX,2024,11,46,2023-11-19,,,,73.0,0.0,0.0,,,,87.0,
TX,2024,12,47,2023-11-26,,,,78.0,0.0,0.0,,,,92.0,
TX,2024,17,52,2023-12-31,,,,40.0,0.0,0.0,,,,92.0,
TX,2024,20,3,2024-01-21,,,,95.0,0.0,0.0,,,,92.0,
TX,2024,21,4,2024-01-28,,,,95.0,0.0,0.0,,,,92.0,
TX,2024,22,5,2024-02-04,,,,95.0,0.0,1.0,,,,92.0,
TX,2024,23,6,2024-02-11,,,,95.0,0.0,3.0,,,,92.0,
TX,2024,24,7,2024-02-18,,,,95.0,0.0,5.0,,,,92.0,
TX,2024,25,8,2024-02-25,,,,95.0,0.0,8.0,,,,92.0,
TX,2024,26,9,2024-03-03,,,,95.0,0.0,9.0,,,,92.0,
TX,2024,27,10,2024-03-10,,,,95.0,0.0,10.0,,,,92.0,
TX,2024,28,11,2024-03-17,,,,95.0,0.0,13.0,,,,92.0,
TX,2024,29,12,2024-03-24,,,,95.0,0.0,17.0,,,,92.0,
TX,2024,30,13,2024-03-31,,,,95.0,0.0,20.0,,,,92.0,
TX,2024,31,14,2024-04-07,,,,95.0,0.0,27.0,,,,92.0,
TX,2024,32,15,2024-04-14,,,,95.0,0.0,40.0,,,,92.0,
TX,2024,33,16,2024-04-21,,,,95.0,0.0,50.0,,,,92.0,
TX,2024,34,17,2024-04-28,,,,95.0,0.0,64.0,,,,92.0,
TX,2024,35,18,2024-05-05,,,,95.0,0.0,75.0,,,,92.0,
TX,2024,36,19,2024-05-12,,,,95.0,5.0,88.0,,,,92.0,
TX,2024,37,20,2024-05-19,,,,95.0,10.0,96.0,,,,92.0,
TX,2024,38,21,2024-05-26,,,,95.0,21.0,100.0,,,,92.0,
TX,2024,39,22,2024-06-02,,,,95.0,33.0,100.0,,,,92.0,
TX,2024,40,23,2024-06-09,,,,95.0,47.0,100.0,,,,92.0,
TX,2024,41,24,2024-06-16,,,,95.0,63.0,100.0,,,,92.0,
TX,2024,42,25,2024-06-23,,,,95.0,74.0,100.0,,,,92.0,
TX,2024,43,26,2024-06-30,,,,95.0,87.0,100.0,,,,92.0,
TX,2024,44,27,2024-07-07,,,,95.0,92.0,100.0,,,,92.0,
TX,2024,45,28,2024-07-14,,,,95.0,97.0,100.0,,,,92.0,
TX,2024,46,29,2024-07-21,,,,95.0,100.0,100.0,,,,92.0,
TX,2024,47,30,2024-07-28,,,,95.0,100.0,100.0,,,,92.0,
TX,2024,48,31,2024-08-04,,,,95.0,100.0,100.0,,,,92.0,
TX,2024,49,32,2024-08-11,,,,95.0,100.0,100.0,,,,92.0,
TX,2024,50,33,2024-08-18,,,,95.0,100.0,100.0,,,,92.0,
TX,2024,52,35,2024-09-01,,,,95.0,100.0,100.0,,,,0.0,
TX,2025,1,36,2024-09-08,,,,0.0,0.0,0.0,,,,7.0,
TX,2025,2,37,2024-09-15,,,,0.0,0.0,0.0,,,,15.0,
TX,2025,3,38,2024-09-22,,,,5.0,0.0,0.0,,,,29.0,
TX,2025,4,39,2024-09-29,,,,15.0,0.0,0.0,,,,43.0,
TX,2025,5,40,2024-10-06,,,,26.0,0.0,0.0,,,,51.0,
TX,2025,6,41,2024-10-13,,,,34.0,0.0,0.0,,,,61.0,
TX,2025,7,42,2024-10-20,,,,40.0,0.0,0.0,,,,65.0,
TX,2025,8,43,2024-10-27,,,,46.0,0.0,0.0,,,,70.0,
TX,2025,9,44,2024-11-03,,,,52.0,0.0,0.0,,,,76.0,
TX,2025,10,45,2024-11-10,,,,63.0,0.0,0.0,,,,81.0,
TX,2025,11,46,2024-11-17,,,,71.0,0.0,0.0,,,,86.0,
TX,2025,12,47,2024-11-24,,,,78.0,0.0,0.0,,,,93.0,
TX,2025,20,3,2025-01-19,,,,88.0,0.0,0.0,,,,93.0,
TX,2025,21,4,2025-01-26,,,,95.0,0.0,0.0,,,,93.0,
TX,2025,22,5,2025-02-02,,,,95.0,0.0,2.0,,,,93.0,
TX,2025,23,6,2025-02-09,,,,95.0,0.0,3.0,,,,93.0,
TX,2025,24,7,2025-02-16,,,,95.0,0.0,5.0,,,,93.0,
TX,2025,25,8,2025-02-23,,,,95.0,0.0,6.0,,,,93.0,
TX,2025,26,9,2025-03-02,,,,95.0,0.0,8.0,,,,93.0,
TX,2025,27,10,2025-03-09,,,,95.0,0.0,10.0,,,,93.0,
TX,2025,28,11,2025-03-16,,,,95.0,0.0,15.0,,,,93.0,
TX,2025,29,12,2025-03-23,,,,95.0,0.0,17.0,,,,93.0,
TX,2025,30,13,2025-03-30,,,,95.0,0.0,22.0,,,,93.0,
TX,2025,31,14,2025-04-06,,,,95.0,0.0,23.0,,,,93.0,
TX,2025,32,15,2025-04-13,,,,95.0,0.0,30.0,,,,93.0,
TX,2025,33,16,2025-04-20,,,,95.0,0.0,47.0,,,,93.0,
TX,2025,34,17,2025-04-27,,,,95.0,0.0,72.0,,,,93.0,
TX,2025,35,18,2025-05-04,,,,95.0,0.0,78.0,,,,93.0,
TX,2025,36,19,2025-05-11,,,,95.0,0.0,89.0,,,,93.0,
TX,2025,37,20,2025-05-18,,,,95.0,8.0,95.0,,,,93.0,
TX,2025,38,21,2025-05-25,,,,95.0,17.0,97.0,,,,93.0,
TX,2025,39,22,2025-06-01,,,,95.0,25.0,100.0,,,,93.0,
TX,2025,40,23,2025-06-08,,,,95.0,40.0,100.0,,,,93.0,
TX,2025,41,24,2025-06-15,,,,95.0,56.0,100.0,,,,93.0,
TX,2025,42,25,2025-06-22,,,,95.0,70.0,100.0,,,,93.0,
TX,2025,43,26,2025-06-29,,,,95.0,80.0,100.0,,,,93.0,
TX,2025,44,27,2025-07-06,,,,95.0,83.0,100.0,,,,93.0,
TX,2025,45,28,2025-07-13,,,,95.0,90.0,100.0,,,,93.0,
TX,2025,46,29,2025-07-20,,,,95.0,97.0,100.0,,,,93.0,
TX,2025,47,30,2025-07-27,,,,95.0,99.0,100.0,,,,93.0,
TX,2025,48,31,2025-08-03,,,,95.0,100.0,100.0,,,,93.0,
TX,2025,49,32,2025-08-10,,,,95.0,100.0,100.0,,,,93.0,
TX,2025,50,33,2025-08-17,,,,95.0,100.0,100.0,,,,93.0,
TX,2025,51,34,2025-08-24,,,,95.0,100.0,100.0,,,,93.0,
TX,2026,1,36,2025-09-07,,,,0.0,0.0,0.0,,,,5.0,
TX,2026,2,37,2025-09-14,,,,0.0,0.0,0.0,,,,13.0,
TX,2026,3,38,2025-09-21,,,,3.0,0.0,0.0,,,,25.0,
TX,2026,4,39,2025-09-28,,,,12.0,0.0,0.0,,,,39.0,
TX,2026,11,46,2025-11-16,,,,70.0,0.0,0.0,,,,86.0,
TX,2026,12,47,2025-11-23,,,,78.0,0.0,0.0,,,,93.0,
UT,2016,1,36,2015-09-06,,,,0.0,0.0,0.0,,,,12.0,
UT,2016,2,37,2015-09-13,,,,0.0,0.0,0.0,,,,21.0,
UT,2016,3,38,2015-09-20,,,,8.0,0.0,0.0,,,,43.0,
UT,2016,4,39,2015-09-27,,,,25.0,0.0,0.0,,,,65.0,
UT,2016,5,40,2015-10-04,,,,41.0,0.0,0.0,,,,80.0,
UT,2016,6,41,2015-10-11,,,,55.0,0.0,0.0,,,,92.0,
UT,2016,7,42,2015-10-18,,,,82.0,0.0,0.0,,,,94.0,
UT,2016,8,43,2015-10-25,,,,86.0,0.0,0.0,,,,96.0,
UT,2016,9,44,2015-11-01,,,,90.0,0.0,0.0,,,,96.0,
UT,2016,10,45,2015-11-08,,,,94.0,0.0,0.0,,,,96.0,
UT,2016,11,46,2015-11-15,,,,95.0,0.0,0.0,,,,96.0,
UT,2016,38,21,2016-05-29,,,,95.0,0.0,19.0,,,,96.0,
UT,2016,39,22,2016-06-05,,,,95.0,0.0,48.0,,,,96.0,
UT,2016,40,23,2016-06-12,,,,95.0,0.0,77.0,,,,96.0,
UT,2016,41,24,2016-06-19,,,,95.0,0.0,96.0,,,,96.0,
UT,2016,42,25,2016-06-26,,,,95.0,0.0,96.0,,,,96.0,
UT,2016,43,26,2016-07-03,,,,95.0,4.0,96.0,,,,96.0,
UT,2016,44,27,2016-07-10,,,,95.0,9.0,96.0,,,,96.0,
UT,2016,45,28,2016-07-17,,,,95.0,21.0,96.0,,,,96.0,
UT,2016,46,29,2016-07-24,,,,95.0,44.0,96.0,,,,96.0,
UT,2016,47,30,2016-07-31,,,,95.0,63.0,96.0,,,,96.0,
UT,2016,48,31,2016-08-07,,,,95.0,84.0,96.0,,,,96.0,
UT,2016,49,32,2016-08-14,,,,95.0,90.0,96.0,,,,96.0,
UT,2016,50,33,2016-08-21,,,,95.0,95.0,96.0,,,,96.0,
UT,2016,51,34,2016-08-28,,,,95.0,95.0,96.0,,,,2.0,
UT,2016,52,35,2016-09-04,,,,95.0,95.0,96.0,,,,8.0,
UT,2017,1,36,2016-09-11,,,,0.0,0.0,0.0,,,,16.0,
UT,2017,2,37,2016-09-18,,,,1.0,0.0,0.0,,,,43.0,
UT,2017,3,38,2016-09-25,,,,23.0,0.0,0.0,,,,58.0,
UT,2017,4,39,2016-10-02,,,,42.0,0.0,0.0,,,,79.0,
UT,2017,5,40,2016-10-09,,,,54.0,0.0,0.0,,,,86.0,
UT,2017,6,41,2016-10-16,,,,66.0,0.0,0.0,,,,90.0,
UT,2017,7,42,2016-10-23,,,,69.0,0.0,0.0,,,,95.0,
UT,2017,8,43,2016-10-30,,,,72.0,0.0,0.0,,,,95.0,
UT,2017,9,44,2016-11-06,,,,82.0,0.0,0.0,,,,95.0,
UT,2017,10,45,2016-11-13,,,,88.0,0.0,0.0,,,,95.0,
UT,2017,11,46,2016-11-20,,,,94.0,0.0,0.0,,,,95.0,
UT,2017,12,47,2016-11-27,,,,97.0,0.0,0.0,,,,95.0,
UT,2017,36,19,2017-05-14,,,,97.0,0.0,0.0,,,,95.0,
UT,2017,37,20,2017-05-21,,,,97.0,0.0,20.0,,,,95.0,
UT,2017,38,21,2017-05-28,,,,97.0,0.0,34.0,,,,95.0,
UT,2017,39,22,2017-06-04,,,,97.0,0.0,54.0,,,,95.0,
UT,2017,40,23,2017-06-11,,,,97.0,0.0,72.0,,,,95.0,
UT,2017,41,24,2017-06-18,,,,97.0,0.0,82.0,,,,95.0,
UT,2017,42,25,2017-06-25,,,,97.0,0.0,90.0,,,,95.0,
UT,2017,43,26,2017-07-02,,,,97.0,2.0,96.0,,,,95.0,
UT,2017,44,27,2017-07-09,,,,97.0,6.0,96.0,,,,95.0,
UT,2017,45,28,2017-07-16,,,,97.0,9.0,96.0,,,,95.0,
UT,2017,46,29,2017-07-23,,,,97.0,22.0,96.0,,,,95.0,
UT,2017,47,30,2017-07-30,,,,97.0,43.0,96.0,,,,95.0,
UT,2017,48,31,2017-08-06,,,,97.0,65.0,96.0,,,,95.0,
UT,2017,49,32,2017-08-13,,,,97.0,78.0,96.0,,,,95.0,
UT,2017,50,33,2017-08-20,,,,97.0,89.0,96.0,,,,95.0,
UT,2017,51,34,2017-08-27,,,,97.0,95.0,96.0,,,,0.0,
UT,2017,52,35,2017-09-03,,,,97.0,95.0,96.0,,,,8.0,
UT,2018,1,36,2017-09-10,,,,0.0,0.0,0.0,,,,17.0,
UT,2018,2,37,2017-09-17,,,,2.0,0.0,0.0,,,,44.0,
UT,2018,3,38,2017-09-24,,,,8.0,0.0,0.0,,,,49.0,
UT,2018,4,39,2017-10-01,,,,20.0,0.0,0.0,,,,66.0,
UT,2018,5,40,2017-10-08,,,,45.0,0.0,0.0,,,,84.0,
UT,2018,6,41,2017-10-15,,,,54.0,0.0,0.0,,,,87.0,
UT,2018,7,42,2017-10-22,,,,63.0,0.0,0.0,,,,95.0,
UT,2018,8,43,2017-10-29,,,,81.0,0.0,0.0,,,,95.0,
UT,2018,9,44,2017-11-05,,,,87.0,0.0,0.0,,,,95.0,
UT,2018,10,45,2017-11-12,,,,97.0,0.0,0.0,,,,95.0,
UT,2018,36,19,2018-05-13,,,,97.0,0.0,0.0,,,,95.0,
UT,2018,37,20,2018-05-20,,,,97.0,0.0,4.0,,,,95.0,
UT,2018,38,21,2018-05-27,,,,97.0,0.0,15.0,,,,95.0,
UT,2018,39,22,2018-06-03,,,,97.0,0.0,39.0,,,,95.0,
UT,2018,40,23,2018-06-10,,,,97.0,0.0,68.0,,,,95.0,
UT,2018,41,24,2018-06-17,,,,97.0,0.0,86.0,,,,95.0,
UT,2018,42,25,2018-06-24,,,,97.0,0.0,96.0,,,,95.0,
UT,2018,43,26,2018-07-01,,,,97.0,1.0,96.0,,,,95.0,
UT,2018,44,27,2018-07-08,,,,97.0,3.0,96.0,,,,95.0,
UT,2018,45,28,2018-07-15,,,,97.0,13.0,96.0,,,,95.0,
UT,2018,46,29,2018-07-22,,,,97.0,42.0,96.0,,,,95.0,
UT,2018,47,30,2018-07-29,,,,97.0,61.0,96.0,,,,95.0,
UT,2018,48,31,2018-08-05,,,,97.0,72.0,96.0,,,,95.0,
UT,2018,49,32,2018-08-12,,,,97.0,93.0,96.0,,,,95.0,
UT,2018,50,33,2018-08-19,,,,97.0,98.0,96.0,,,,95.0,
UT,2018,51,34,2018-08-26,,,,97.0,98.0,96.0,,,,0.0,
UT,2018,52,35,2018-09-02,,,,97.0,98.0,96.0,,,,4.0,
UT,2019,1,36,2018-09-09,,,,0.0,0.0,0.0,,,,11.0,
UT,2019,2,37,2018-09-16,,,,1.0,0.0,0.0,,,,19.0,
UT,2019,3,38,2018-09-23,,,,3.0,0.0,0.0,,,,27.0,
UT,2019,4,39,2018-09-30,,,,5.0,0.0,0.0,,,,41.0,
UT,2019,5,40,2018-10-07,,,,8.0,0.0,0.0,,,,50.0,
UT,2019,6,41,2018-10-14,,,,15.0,0.0,0.0,,,,60.0,
UT,2019,7,42,2018-10-21,,,,23.0,0.0,0.0,,,,65.0,
UT,2019,8,43,2018-10-28,,,,46.0,0.0,0.0,,,,80.0,
UT,2019,9,44,2018-11-04,,,,57.0,0.0,0.0,,,,88.0,
UT,2019,10,45,2018-11-11,,,,63.0,0.0,0.0,,,,93.0,
UT,2019,11,46,2018-11-18,,,,70.0,0.0,0.0,,,,98.0,
UT,2019,12,47,2018-11-25,,,,79.0,0.0,0.0,,,,98.0,
UT,2019,35,18,2019-05-05,,,,79.0,0.0,0.0,,,,98.0,
UT,2019,36,19,2019-05-12,,,,79.0,0.0,0.0,,,,98.0,
UT,2019,37,20,2019-05-19,,,,79.0,0.0,2.0,,,,98.0,
UT,2019,38,21,2019-05-26,,,,79.0,0.0,8.0,,,,98.0,
UT,2019,39,22,2019-06-02,,,,79.0,0.0,15.0,,,,98.0,
UT,2019,40,23,2019-06-09,,,,79.0,0.0,34.0,,,,98.0,
UT,2019,41,24,2019-06-16,,,,79.0,0.0,58.0,,,,98.0,
UT,2019,42,25,2019-06-23,,,,79.0,0.0,79.0,,,,98.0,
UT,2019,43,26,2019-06-30,,,,79.0,0.0,95.0,,,,98.0,
UT,2019,44,27,2019-07-07,,,,79.0,1.0,95.0,,,,98.0,
UT,2019,45,28,2019-07-14,,,,79.0,5.0,95.0,,,,98.0,
UT,2019,46,29,2019-07-21,,,,79.0,10.0,95.0,,,,98.0,
UT,2019,47,30,2019-07-28,,,,79.0,13.0,95.0,,,,98.0,
UT,2019,48,31,2019-08-04,,,,79.0,42.0,95.0,,,,98.0,
UT,2019,49,32,2019-08-11,,,,79.0,65.0,95.0,,,,98.0,
UT,2019,50,33,2019-08-18,,,,79.0,82.0,95.0,,,,98.0,
UT,2019,51,34,2019-08-25,,,,79.0,86.0,95.0,,,,98.0,
UT,2019,52,35,2019-09-01,,,,79.0,93.0,95.0,,,,98.0,
UT,2020,1,36,2019-09-08,,,,0.0,96.0,0.0,,,,0.0,
UT,2020,3,38,2019-09-22,,,,0.0,96.0,0.0,,,,18.0,
UT,2020,4,39,2019-09-29,,,,4.0,96.0,0.0,,,,35.0,
UT,2020,5,40,2019-10-06,,,,13.0,96.0,0.0,,,,44.0,
UT,2020,6,41,2019-10-13,,,,35.0,96.0,0.0,,,,65.0,
UT,2020,7,42,2019-10-20,,,,48.0,96.0,0.0,,,,79.0,
UT,2020,8,43,2019-10-27,,,,54.0,96.0,0.0,,,,84.0,
UT,2020,9,44,2019-11-03,,,,63.0,96.0,0.0,,,,90.0,
UT,2020,10,45,2019-11-10,,,,71.0,96.0,0.0,,,,95.0,
UT,2020,11,46,2019-11-17,,,,77.0,96.0,0.0,,,,95.0,
UT,2020,12,47,2019-11-24,,,,86.0,96.0,0.0,,,,95.0,
UT,2020,35,18,2020-05-03,,,,86.0,96.0,0.0,,,,95.0,
UT,2020,36,19,2020-05-10,,,,86.0,96.0,0.0,,,,95.0,
UT,2020,37,20,2020-05-17,,,,86.0,96.0,6.0,,,,95.0,
UT,2020,38,21,2020-05-24,,,,86.0,96.0,21.0,,,,95.0,
UT,2020,39,22,2020-05-31,,,,86.0,96.0,39.0,,,,95.0,
UT,2020,40,23,2020-06-07,,,,86.0,96.0,48.0,,,,95.0,
UT,2020,41,24,2020-06-14,,,,86.0,96.0,70.0,,,,95.0,
UT,2020,42,25,2020-06-21,,,,86.0,96.0,82.0,,,,95.0,
UT,2020,43,26,2020-06-28,,,,86.0,0.0,90.0,,,,95.0,
UT,2020,44,27,2020-07-05,,,,86.0,1.0,93.0,,,,95.0,
UT,2020,45,28,2020-07-12,,,,86.0,2.0,95.0,,,,95.0,
UT,2020,46,29,2020-07-19,,,,86.0,5.0,95.0,,,,95.0,
UT,2020,47,30,2020-07-26,,,,86.0,22.0,95.0,,,,95.0,
UT,2020,48,31,2020-08-02,,,,86.0,30.0,95.0,,,,95.0,
UT,2020,49,32,2020-08-09,,,,86.0,54.0,95.0,,,,95.0,
UT,2020,50,33,2020-08-16,,,,86.0,71.0,95.0,,,,95.0,
UT,2020,51,34,2020-08-23,,,,86.0,81.0,95.0,,,,95.0,
UT,2020,52,35,2020-08-30,,,,86.0,88.0,95.0,,,,95.0,
UT,2021,1,36,2020-09-06,,,,0.0,95.0,0.0,,,,0.0,
UT,2021,3,38,2020-09-20,,,,0.0,95.0,0.0,,,,19.0,
UT,2021,4,39,2020-09-27,,,,8.0,95.0,0.0,,,,31.0,
UT,2021,5,40,2020-10-04,,,,26.0,95.0,0.0,,,,53.0,
UT,2021,6,41,2020-10-11,,,,36.0,95.0,0.0,,,,67.0,
UT,2021,7,42,2020-10-18,,,,42.0,95.0,0.0,,,,72.0,
UT,2021,8,43,2020-10-25,,,,58.0,95.0,0.0,,,,81.0,
UT,2021,9,44,2020-11-01,,,,63.0,95.0,0.0,,,,85.0,
UT,2021,10,45,2020-11-08,,,,68.0,95.0,0.0,,,,88.0,
UT,2021,11,46,2020-11-15,,,,72.0,95.0,0.0,,,,95.0,
UT,2021,12,47,2020-11-22,,,,78.0,95.0,0.0,,,,95.0,
UT,2021,13,48,2020-11-29,,,,82.0,95.0,0.0,,,,95.0,
UT,2021,35,18,2021-05-09,,,,82.0,95.0,0.0,,,,95.0,
UT,2021,36,19,2021-05-16,,,,82.0,95.0,3.0,,,,95.0,
UT,2021,37,20,2021-05-23,,,,82.0,95.0,9.0,,,,95.0,
UT,2021,38,21,2021-05-30,,,,82.0,95.0,28.0,,,,95.0,
UT,2021,39,22,2021-06-06,,,,82.0,95.0,55.0,,,,95.0,
UT,2021,40,23,2021-06-13,,,,82.0,95.0,72.0,,,,95.0,
UT,2021,41,24,2021-06-20,,,,82.0,95.0,87.0,,,,95.0,
UT,2021,42,25,2021-06-27,,,,82.0,0.0,97.0,,,,95.0,
UT,2021,43,26,2021-07-04,,,,82.0,2.0,97.0,,,,95.0,
UT,2021,44,27,2021-07-11,,,,82.0,2.0,97.0,,,,95.0,
UT,2021,45,28,2021-07-18,,,,82.0,15.0,97.0,,,,95.0,
UT,2021,46,29,2021-07-25,,,,82.0,34.0,97.0,,,,95.0,
UT,2021,47,30,2021-08-01,,,,82.0,53.0,97.0,,,,95.0,
UT,2021,48,31,2021-08-08,,,,82.0,74.0,97.0,,,,95.0,
UT,2021,49,32,2021-08-15,,,,82.0,83.0,97.0,,,,95.0,
UT,2021,50,33,2021-08-22,,,,82.0,89.0,97.0,,,,95.0,
UT,2021,51,34,2021-08-29,,,,82.0,95.0,97.0,,,,95.0,
UT,2022,1,36,2021-09-12,,,,0.0,0.0,0.0,,,,13.0,
UT,2022,2,37,2021-09-19,,,,9.0,0.0,0.0,,,,23.0,
UT,2022,3,38,2021-09-26,,,,25.0,0.0,0.0,,,,39.0,
UT,2022,4,39,2021-10-03,,,,39.0,0.0,0.0,,,,55.0,
UT,2022,5,40,2021-10-10,,,,44.0,0.0,0.0,,,,59.0,
UT,2022,6,41,2021-10-17,,,,51.0,0.0,0.0,,,,66.0,
UT,2022,7,42,2021-10-24,,,,55.0,0.0,0.0,,,,70.0,
UT,2022,8,43,2021-10-31,,,,60.0,0.0,0.0,,,,75.0,
UT,2022,9,44,2021-11-07,,,,65.0,0.0,0.0,,,,80.0,
UT,2022,10,45,2021-11-14,,,,69.0,0.0,0.0,,,,85.0,
UT,2022,11,46,2021-11-21,,,,75.0,0.0,0.0,,,,95.0,
UT,2022,12,47,2021-11-28,,,,80.0,0.0,0.0,,,,95.0,
UT,2022,34,17,2022-05-01,,,,80.0,0.0,0.0,,,,95.0,
UT,2022,35,18,2022-05-08,,,,80.0,0.0,0.0,,,,95.0,
UT,2022,36,19,2022-05-15,,,,80.0,0.0,3.0,,,,95.0,
UT,2022,37,20,2022-05-22,,,,80.0,0.0,14.0,,,,95.0,
UT,2022,38,21,2022-05-29,,,,80.0,0.0,37.0,,,,95.0,
UT,2022,39,22,2022-06-05,,,,80.0,0.0,56.0,,,,95.0,
UT,2022,40,23,2022-06-12,,,,80.0,0.0,73.0,,,,95.0,
UT,2022,41,24,2022-06-19,,,,80.0,0.0,91.0,,,,95.0,
UT,2022,42,25,2022-06-26,,,,80.0,0.0,97.0,,,,95.0,
UT,2022,43,26,2022-07-03,,,,80.0,0.0,97.0,,,,95.0,
UT,2022,44,27,2022-07-10,,,,80.0,3.0,97.0,,,,95.0,
UT,2022,45,28,2022-07-17,,,,80.0,14.0,97.0,,,,95.0,
UT,2022,46,29,2022-07-24,,,,80.0,24.0,97.0,,,,95.0,
UT,2022,47,30,2022-07-31,,,,80.0,45.0,97.0,,,,95.0,
UT,2022,48,31,2022-08-07,,,,80.0,56.0,97.0,,,,95.0,
UT,2022,49,32,2022-08-14,,,,80.0,65.0,97.0,,,,95.0,
UT,2022,50,33,2022-08-21,,,,80.0,70.0,97.0,,,,95.0,
UT,2022,51,34,2022-08-28,,,,80.0,76.0,97.0,,,,95.0,
UT,2022,52,35,2022-09-04,,,,80.0,82.0,97.0,,,,95.0,
UT,2023,1,36,2022-09-11,,,,0.0,95.0,0.0,,,,22.0,
UT,2023,2,37,2022-09-18,,,,9.0,95.0,0.0,,,,37.0,
UT,2023,3,38,2022-09-25,,,,18.0,95.0,0.0,,,,45.0,
UT,2023,4,39,2022-10-02,,,,39.0,95.0,0.0,,,,64.0,
UT,2023,5,40,2022-10-09,,,,48.0,95.0,0.0,,,,71.0,
UT,2023,6,41,2022-10-16,,,,59.0,95.0,0.0,,,,80.0,
UT,2023,7,42,2022-10-23,,,,63.0,95.0,0.0,,,,82.0,
UT,2023,8,43,2022-10-30,,,,72.0,95.0,0.0,,,,90.0,
UT,2023,9,44,2022-11-06,,,,81.0,95.0,0.0,,,,95.0,
UT,2023,10,45,2022-11-13,,,,87.0,95.0,0.0,,,,95.0,
UT,2023,11,46,2022-11-20,,,,95.0,95.0,0.0,,,,95.0,
UT,2023,35,18,2023-05-07,,,,95.0,95.0,0.0,,,,95.0,
UT,2023,36,19,2023-05-14,,,,95.0,95.0,0.0,,,,95.0,
UT,2023,37,20,2023-05-21,,,,95.0,95.0,0.0,,,,95.0,
UT,2023,38,21,2023-05-28,,,,95.0,95.0,5.0,,,,95.0,
UT,2023,39,22,2023-06-04,,,,95.0,95.0,25.0,,,,95.0,
UT,2023,40,23,2023-06-11,,,,95.0,95.0,51.0,,,,95.0,
UT,2023,41,24,2023-06-18,,,,95.0,95.0,68.0,,,,95.0,
UT,2023,42,25,2023-06-25,,,,95.0,95.0,85.0,,,,95.0,
UT,2023,43,26,2023-07-02,,,,95.0,1.0,99.0,,,,95.0,
UT,2023,44,27,2023-07-09,,,,95.0,2.0,99.0,,,,95.0,
UT,2023,45,28,2023-07-16,,,,95.0,3.0,99.0,,,,95.0,
UT,2023,46,29,2023-07-23,,,,95.0,4.0,99.0,,,,95.0,
UT,2023,47,30,2023-07-30,,,,95.0,9.0,99.0,,,,95.0,
UT,2023,48,31,2023-08-06,,,,95.0,33.0,99.0,,,,95.0,
UT,2023,49,32,2023-08-13,,,,95.0,54.0,99.0,,,,95.0,
UT,2023,50,33,2023-08-20,,,,95.0,79.0,99.0,,,,95.0,
UT,2023,51,34,2023-08-27,,,,95.0,87.0,99.0,,,,95.0,
UT,2023,52,35,2023-09-03,,,,95.0,95.0,99.0,,,,7.0,
UT,2024,1,36,2023-09-10,,,,0.0,0.0,0.0,,,,26.0,
UT,2024,2,37,2023-09-17,,,,15.0,0.0,0.0,,,,52.0,
UT,2024,3,38,2023-09-24,,,,34.0,0.0,0.0,,,,63.0,
UT,2024,4,39,2023-10-01,,,,53.0,0.0,0.0,,,,74.0,
UT,2024,5,40,2023-10-08,,,,66.0,0.0,0.0,,,,86.0,
UT,2024,6,41,2023-10-15,,,,73.0,0.0,0.0,,,,95.0,
UT,2024,7,42,2023-10-22,,,,86.0,0.0,0.0,,,,95.0,
UT,2024,8,43,2023-10-29,,,,91.0,0.0,0.0,,,,95.0,
UT,2024,9,44,2023-11-05,,,,95.0,0.0,0.0,,,,95.0,
UT,2024,35,18,2024-05-05,,,,95.0,0.0,4.0,,,,95.0,
UT,2024,36,19,2024-05-12,,,,95.0,0.0,6.0,,,,95.0,
UT,2024,37,20,2024-05-19,,,,95.0,0.0,8.0,,,,95.0,
UT,2024,38,21,2024-05-26,,,,95.0,0.0,12.0,,,,95.0,
UT,2024,39,22,2024-06-02,,,,95.0,0.0,20.0,,,,95.0,
UT,2024,40,23,2024-06-09,,,,95.0,0.0,49.0,,,,95.0,
UT,2024,41,24,2024-06-16,,,,95.0,0.0,87.0,,,,95.0,
UT,2024,42,25,2024-06-23,,,,95.0,0.0,98.0,,,,95.0,
UT,2024,43,26,2024-06-30,,,,95.0,0.0,98.0,,,,95.0,
UT,2024,44,27,2024-07-07,,,,95.0,2.0,98.0,,,,95.0,
UT,2024,45,28,2024-07-14,,,,95.0,3.0,98.0,,,,95.0,
UT,2024,46,29,2024-07-21,,,,95.0,11.0,98.0,,,,95.0,
UT,2024,47,30,2024-07-28,,,,95.0,36.0,98.0,,,,95.0,
UT,2024,48,31,2024-08-04,,,,95.0,51.0,98.0,,,,95.0,
UT,2024,49,32,2024-08-11,,,,95.0,64.0,98.0,,,,95.0,
UT,2024,50,33,2024-08-18,,,,95.0,76.0,98.0,,,,95.0,
UT,2024,51,34,2024-08-25,,,,95.0,87.0,98.0,,,,95.0,
UT,2024,52,35,2024-09-01,,,,95.0,90.0,98.0,,,,0.0,
UT,2025,1,36,2024-09-08,,,,0.0,95.0,0.0,,,,2.0,
UT,2025,2,37,2024-09-15,,,,0.0,95.0,0.0,,,,10.0,
UT,2025,3,38,2024-09-22,,,,6.0,95.0,0.0,,,,36.0,
UT,2025,4,39,2024-09-29,,,,10.0,95.0,0.0,,,,45.0,
UT,2025,5,40,2024-10-06,,,,29.0,95.0,0.0,,,,62.0,
UT,2025,6,41,2024-10-13,,,,37.0,95.0,0.0,,,,75.0,
UT,2025,7,42,2024-10-20,,,,61.0,95.0,0.0,,,,85.0,
UT,2025,8,43,2024-10-27,,,,67.0,95.0,0.0,,,,90.0,
UT,2025,9,44,2024-11-03,,,,74.0,95.0,0.0,,,,95.0,
UT,2025,10,45,2024-11-10,,,,81.0,95.0,0.0,,,,95.0,
UT,2025,11,46,2024-11-17,,,,89.0,95.0,0.0,,,,95.0,
UT,2025,12,47,2024-11-24,,,,92.0,95.0,0.0,,,,95.0,
UT,2025,36,19,2025-05-11,,,,92.0,95.0,0.0,,,,95.0,
UT,2025,37,20,2025-05-18,,,,92.0,95.0,0.0,,,,95.0,
UT,2025,38,21,2025-05-25,,,,92.0,95.0,1.0,,,,95.0,
UT,2025,39,22,2025-06-01,,,,92.0,95.0,25.0,,,,95.0,
UT,2025,40,23,2025-06-08,,,,92.0,95.0,54.0,,,,95.0,
UT,2025,41,24,2025-06-15,,,,92.0,95.0,79.0,,,,95.0,
UT,2025,42,25,2025-06-22,,,,92.0,0.0,85.0,,,,95.0,
UT,2025,43,26,2025-06-29,,,,92.0,0.0,95.0,,,,95.0,
UT,2025,44,27,2025-07-06,,,,92.0,0.0,95.0,,,,95.0,
UT,2025,45,28,2025-07-13,,,,92.0,1.0,95.0,,,,95.0,
UT,2025,46,29,2025-07-20,,,,92.0,24.0,95.0,,,,95.0,
UT,2025,47,30,2025-07-27,,,,92.0,34.0,95.0,,,,95.0,
UT,2025,48,31,2025-08-03,,,,92.0,38.0,95.0,,,,95.0,
UT,2025,49,32,2025-08-10,,,,92.0,41.0,95.0,,,,95.0,
UT,2025,50,33,2025-08-17,,,,92.0,61.0,95.0,,,,95.0,
UT,2025,51,34,2025-08-24,,,,92.0,88.0,95.0,,,,95.0,
UT,2025,52,35,2025-08-31,,,,92.0,95.0,95.0,,,,2.0,
UT,2026,1,36,2025-09-07,,,,0.0,0.0,0.0,,,,3.0,
UT,2026,2,37,2025-09-14,,,,0.0,0.0,0.0,,,,4.0,
UT,2026,3,38,2025-09-21,,,,0.0,0.0,0.0,,,,7.0,
UT,2026,4,39,2025-09-28,,,,0.0,0.0,0.0,,,,22.0,
UT,2026,11,46,2025-11-16,,,,80.0,0.0,0.0,,,,22.0,
UT,2026,12,47,2025-11-23,,,,90.0,0.0,0.0,,,,22.0,
VA,2016,3,38,2015-09-20,,,,,0.0,0.0,,,,4.0,
VA,2016,4,39,2015-09-27,,,,,0.0,0.0,,,,7.0,
VA,2016,5,40,2015-10-04,,,,,0.0,0.0,,,,9.0,
VA,2016,6,41,2015-10-11,,,,,0.0,0.0,,,,15.0,
VA,2016,7,42,2015-10-18,,,,,0.0,0.0,,,,24.0,
VA,2016,8,43,2015-10-25,,,,,0.0,0.0,,,,40.0,
VA,2016,9,44,2015-11-01,,,,,0.0,0.0,,,,52.0,
VA,2016,10,45,2015-11-08,,,,,0.0,0.0,,,,63.0,
VA,2016,11,46,2015-11-15,,,,,0.0,0.0,,,,71.0,
VA,2016,12,47,2015-11-22,,,,,0.0,0.0,,,,82.0,
VA,2016,13,48,2015-11-29,,,,,0.0,0.0,,,,87.0,
VA,2016,31,14,2016-04-10,,,,,0.0,0.0,,,,87.0,
VA,2016,32,15,2016-04-17,,,,,0.0,0.0,,,,87.0,
VA,2016,33,16,2016-04-24,,,,,0.0,16.0,,,,87.0,
VA,2016,34,17,2016-05-01,,,,,0.0,45.0,,,,87.0,
VA,2016,35,18,2016-05-08,,,,,0.0,77.0,,,,87.0,
VA,2016,36,19,2016-05-15,,,,,0.0,85.0,,,,87.0,
VA,2016,37,20,2016-05-22,,,,,0.0,91.0,,,,87.0,
VA,2016,38,21,2016-05-29,,,,,0.0,95.0,,,,87.0,
VA,2016,39,22,2016-06-05,,,,,3.0,95.0,,,,87.0,
VA,2016,40,23,2016-06-12,,,,,9.0,95.0,,,,87.0,
VA,2016,41,24,2016-06-19,,,,,20.0,95.0,,,,87.0,
VA,2016,42,25,2016-06-26,,,,,47.0,95.0,,,,87.0,
VA,2016,43,26,2016-07-03,,,,,63.0,95.0,,,,87.0,
VA,2016,44,27,2016-07-10,,,,,82.0,95.0,,,,87.0,
VA,2016,45,28,2016-07-17,,,,,92.0,95.0,,,,87.0,
VA,2016,46,29,2016-07-24,,,,,95.0,95.0,,,,87.0,
VA,2017,2,37,2016-09-18,,,,,0.0,0.0,,,,0.0,
VA,2017,3,38,2016-09-25,,,,,0.0,0.0,,,,1.0,
VA,2017,4,39,2016-10-02,,,,,0.0,0.0,,,,6.0,
VA,2017,5,40,2016-10-09,,,,,0.0,0.0,,,,11.0,
VA,2017,6,41,2016-10-16,,,,,0.0,0.0,,,,20.0,
VA,2017,7,42,2016-10-23,,,,,0.0,0.0,,,,35.0,
VA,2017,8,43,2016-10-30,,,,,0.0,0.0,,,,46.0,
VA,2017,9,44,2016-11-06,,,,,0.0,0.0,,,,58.0,
VA,2017,10,45,2016-11-13,,,,,0.0,0.0,,,,70.0,
VA,2017,11,46,2016-11-20,,,,,0.0,0.0,,,,81.0,
VA,2017,12,47,2016-11-27,,,,,0.0,0.0,,,,88.0,
VA,2017,31,14,2017-04-09,,,,,0.0,2.0,,,,88.0,
VA,2017,32,15,2017-04-16,,,,,0.0,12.0,,,,88.0,
VA,2017,33,16,2017-04-23,,,,,0.0,33.0,,,,88.0,
VA,2017,34,17,2017-04-30,,,,,0.0,54.0,,,,88.0,
VA,2017,35,18,2017-05-07,,,,,0.0,82.0,,,,88.0,
VA,2017,36,19,2017-05-14,,,,,0.0,85.0,,,,88.0,
VA,2017,37,20,2017-05-21,,,,,0.0,94.0,,,,88.0,
VA,2017,38,21,2017-05-28,,,,,0.0,98.0,,,,88.0,
VA,2017,39,22,2017-06-04,,,,,3.0,98.0,,,,88.0,
VA,2017,40,23,2017-06-11,,,,,22.0,98.0,,,,88.0,
VA,2017,41,24,2017-06-18,,,,,51.0,98.0,,,,88.0,
VA,2017,42,25,2017-06-25,,,,,66.0,98.0,,,,88.0,
VA,2017,43,26,2017-07-02,,,,,81.0,98.0,,,,88.0,
VA,2017,44,27,2017-07-09,,,,,93.0,98.0,,,,88.0,
VA,2017,45,28,2017-07-16,,,,,98.0,98.0,,,,88.0,
VA,2018,2,37,2017-09-17,,,,,0.0,0.0,,,,0.0,
VA,2018,3,38,2017-09-24,,,,,0.0,0.0,,,,4.0,
VA,2018,4,39,2017-10-01,,,,,0.0,0.0,,,,10.0,
VA,2018,5,40,2017-10-08,,,,,0.0,0.0,,,,18.0,
VA,2018,6,41,2017-10-15,,,,,0.0,0.0,,,,27.0,
VA,2018,7,42,2017-10-22,,,,,0.0,0.0,,,,38.0,
VA,2018,8,43,2017-10-29,,,,,0.0,0.0,,,,50.0,
VA,2018,9,44,2017-11-05,,,,,0.0,0.0,,,,60.0,
VA,2018,10,45,2017-11-12,,,,,0.0,0.0,,,,69.0,
VA,2018,11,46,2017-11-19,,,,,0.0,0.0,,,,82.0,
VA,2018,12,47,2017-11-26,,,,,0.0,0.0,,,,93.0,
VA,2018,31,14,2018-04-08,,,,,0.0,1.0,,,,93.0,
VA,2018,32,15,2018-04-15,,,,,0.0,3.0,,,,93.0,
VA,2018,33,16,2018-04-22,,,,,0.0,13.0,,,,93.0,
VA,2018,34,17,2018-04-29,,,,,0.0,29.0,,,,93.0,
VA,2018,35,18,2018-05-06,,,,,0.0,51.0,,,,93.0,
VA,2018,36,19,2018-05-13,,,,,0.0,74.0,,,,93.0,
VA,2018,37,20,2018-05-20,,,,,0.0,91.0,,,,93.0,
VA,2018,38,21,2018-05-27,,,,,0.0,96.0,,,,93.0,
VA,2018,39,22,2018-06-03,,,,,1.0,96.0,,,,93.0,
VA,2018,40,23,2018-06-10,,,,,11.0,96.0,,,,93.0,
VA,2018,41,24,2018-06-17,,,,,30.0,96.0,,,,93.0,
VA,2018,42,25,2018-06-24,,,,,53.0,96.0,,,,93.0,
VA,2018,43,26,2018-07-01,,,,,73.0,96.0,,,,93.0,
VA,2018,44,27,2018-07-08,,,,,89.0,96.0,,,,93.0,
VA,2018,45,28,2018-07-15,,,,,97.0,96.0,,,,93.0,
VA,2019,2,37,2018-09-16,,,,,0.0,0.0,,,,1.0,
VA,2019,3,38,2018-09-23,,,,,0.0,0.0,,,,5.0,
VA,2019,4,39,2018-09-30,,,,,0.0,0.0,,,,9.0,
VA,2019,5,40,2018-10-07,,,,,0.0,0.0,,,,13.0,
VA,2019,6,41,2018-10-14,,,,,0.0,0.0,,,,22.0,
VA,2019,7,42,2018-10-21,,,,,0.0,0.0,,,,32.0,
VA,2019,8,43,2018-10-28,,,,,0.0,0.0,,,,44.0,
VA,2019,9,44,2018-11-04,,,,,0.0,0.0,,,,57.0,
VA,2019,10,45,2018-11-11,,,,,0.0,0.0,,,,66.0,
VA,2019,11,46,2018-11-18,,,,,0.0,0.0,,,,71.0,
VA,2019,12,47,2018-11-25,,,,,0.0,0.0,,,,78.0,
VA,2019,31,14,2019-04-07,,,,,0.0,0.0,,,,78.0,
VA,2019,32,15,2019-04-14,,,,,0.0,4.0,,,,78.0,
VA,2019,33,16,2019-04-21,,,,,0.0,9.0,,,,78.0,
VA,2019,34,17,2019-04-28,,,,,0.0,24.0,,,,78.0,
VA,2019,35,18,2019-05-05,,,,,0.0,55.0,,,,78.0,
VA,2019,36,19,2019-05-12,,,,,0.0,75.0,,,,78.0,
VA,2019,37,20,2019-05-19,,,,,0.0,85.0,,,,78.0,
VA,2019,38,21,2019-05-26,,,,,0.0,93.0,,,,78.0,
VA,2019,39,22,2019-06-02,,,,,2.0,97.0,,,,78.0,
VA,2019,40,23,2019-06-09,,,,,11.0,97.0,,,,78.0,
VA,2019,41,24,2019-06-16,,,,,34.0,97.0,,,,78.0,
VA,2019,42,25,2019-06-23,,,,,58.0,97.0,,,,78.0,
VA,2019,43,26,2019-06-30,,,,,80.0,97.0,,,,78.0,
VA,2019,44,27,2019-07-07,,,,,91.0,97.0,,,,78.0,
VA,2019,45,28,2019-07-14,,,,,96.0,97.0,,,,78.0,
VA,2020,2,37,2019-09-15,,,,,0.0,0.0,,,,2.0,
VA,2020,3,38,2019-09-22,,,,,0.0,0.0,,,,15.0,
VA,2020,4,39,2019-09-29,,,,,0.0,0.0,,,,23.0,
VA,2020,5,40,2019-10-06,,,,,0.0,0.0,,,,34.0,
VA,2020,6,41,2019-10-13,,,,,0.0,0.0,,,,44.0,
VA,2020,7,42,2019-10-20,,,,,0.0,0.0,,,,51.0,
VA,2020,8,43,2019-10-27,,,,,0.0,0.0,,,,58.0,
VA,2020,9,44,2019-11-03,,,,,0.0,0.0,,,,71.0,
VA,2020,10,45,2019-11-10,,,,,0.0,0.0,,,,82.0,
VA,2020,11,46,2019-11-17,,,,,0.0,0.0,,,,90.0,
VA,2020,12,47,2019-11-24,,,,,0.0,0.0,,,,95.0,
VA,2020,32,15,2020-04-12,,,,,0.0,4.0,,,,95.0,
VA,2020,33,16,2020-04-19,,,,,0.0,21.0,,,,95.0,
VA,2020,34,17,2020-04-26,,,,,0.0,45.0,,,,95.0,
VA,2020,35,18,2020-05-03,,,,,0.0,66.0,,,,95.0,
VA,2020,36,19,2020-05-10,,,,,0.0,86.0,,,,95.0,
VA,2020,37,20,2020-05-17,,,,,0.0,93.0,,,,95.0,
VA,2020,38,21,2020-05-24,,,,,0.0,97.0,,,,95.0,
VA,2020,39,22,2020-05-31,,,,,2.0,99.0,,,,95.0,
VA,2020,40,23,2020-06-07,,,,,10.0,99.0,,,,95.0,
VA,2020,41,24,2020-06-14,,,,,23.0,99.0,,,,95.0,
VA,2020,42,25,2020-06-21,,,,,38.0,99.0,,,,95.0,
VA,2020,43,26,2020-06-28,,,,,60.0,99.0,,,,95.0,
VA,2020,44,27,2020-07-05,,,,,82.0,99.0,,,,95.0,
VA,2020,45,28,2020-07-12,,,,,95.0,99.0,,,,95.0,
VA,2021,2,37,2020-09-13,,,,,0.0,0.0,,,,1.0,
VA,2021,3,38,2020-09-20,,,,,0.0,0.0,,,,10.0,
VA,2021,4,39,2020-09-27,,,,,0.0,0.0,,,,19.0,
VA,2021,5,40,2020-10-04,,,,,0.0,0.0,,,,27.0,
VA,2021,6,41,2020-10-11,,,,,0.0,0.0,,,,34.0,
VA,2021,7,42,2020-10-18,,,,,0.0,0.0,,,,42.0,
VA,2021,8,43,2020-10-25,,,,,0.0,0.0,,,,49.0,
VA,2021,9,44,2020-11-01,,,,,0.0,0.0,,,,56.0,
VA,2021,10,45,2020-11-08,,,,,0.0,0.0,,,,66.0,
VA,2021,11,46,2020-11-15,,,,,0.0,0.0,,,,79.0,
VA,2021,12,47,2020-11-22,,,,,0.0,0.0,,,,89.0,
VA,2021,13,48,2020-11-29,,,,,0.0,0.0,,,,94.0,
VA,2021,31,14,2021-04-11,,,,,0.0,0.0,,,,94.0,
VA,2021,32,15,2021-04-18,,,,,0.0,7.0,,,,94.0,
VA,2021,33,16,2021-04-25,,,,,0.0,22.0,,,,94.0,
VA,2021,34,17,2021-05-02,,,,,0.0,38.0,,,,94.0,
VA,2021,35,18,2021-05-09,,,,,0.0,66.0,,,,94.0,
VA,2021,36,19,2021-05-16,,,,,0.0,80.0,,,,94.0,
VA,2021,37,20,2021-05-23,,,,,0.0,88.0,,,,94.0,
VA,2021,38,21,2021-05-30,,,,,2.0,98.0,,,,94.0,
VA,2021,39,22,2021-06-06,,,,,6.0,98.0,,,,94.0,
VA,2021,40,23,2021-06-13,,,,,18.0,98.0,,,,94.0,
VA,2021,41,24,2021-06-20,,,,,33.0,98.0,,,,94.0,
VA,2021,42,25,2021-06-27,,,,,61.0,98.0,,,,94.0,
VA,2021,43,26,2021-07-04,,,,,75.0,98.0,,,,94.0,
VA,2021,44,27,2021-07-11,,,,,85.0,98.0,,,,94.0,
VA,2021,45,28,2021-07-18,,,,,95.0,98.0,,,,94.0,
VA,2022,1,36,2021-09-12,,,,,0.0,0.0,,,,0.0,
VA,2022,2,37,2021-09-19,,,,,0.0,0.0,,,,5.0,
VA,2022,3,38,2021-09-26,,,,,0.0,0.0,,,,17.0,
VA,2022,4,39,2021-10-03,,,,,0.0,0.0,,,,25.0,
VA,2022,5,40,2021-10-10,,,,,0.0,0.0,,,,29.0,
VA,2022,6,41,2021-10-17,,,,,0.0,0.0,,,,38.0,
VA,2022,7,42,2021-10-24,,,,,0.0,0.0,,,,44.0,
VA,2022,8,43,2021-10-31,,,,,0.0,0.0,,,,57.0,
VA,2022,9,44,2021-11-07,,,,,0.0,0.0,,,,69.0,
VA,2022,10,45,2021-11-14,,,,,0.0,0.0,,,,79.0,
VA,2022,11,46,2021-11-21,,,,,0.0,0.0,,,,93.0,
VA,2022,12,47,2021-11-28,,,,,0.0,0.0,,,,98.0,
VA,2022,31,14,2022-04-10,,,,,0.0,0.0,,,,98.0,
VA,2022,32,15,2022-04-17,,,,,0.0,12.0,,,,98.0,
VA,2022,33,16,2022-04-24,,,,,0.0,29.0,,,,98.0,
VA,2022,34,17,2022-05-01,,,,,0.0,55.0,,,,98.0,
VA,2022,35,18,2022-05-08,,,,,0.0,74.0,,,,98.0,
VA,2022,36,19,2022-05-15,,,,,0.0,89.0,,,,98.0,
VA,2022,37,20,2022-05-22,,,,,0.0,95.0,,,,98.0,
VA,2022,38,21,2022-05-29,,,,,0.0,95.0,,,,98.0,
VA,2022,39,22,2022-06-05,,,,,8.0,95.0,,,,98.0,
VA,2022,40,23,2022-06-12,,,,,25.0,95.0,,,,98.0,
VA,2022,41,24,2022-06-19,,,,,47.0,95.0,,,,98.0,
VA,2022,42,25,2022-06-26,,,,,71.0,95.0,,,,98.0,
VA,2022,43,26,2022-07-03,,,,,93.0,95.0,,,,98.0,
VA,2022,44,27,2022-07-10,,,,,98.0,95.0,,,,98.0,
VA,2023,1,36,2022-09-11,,,,,0.0,0.0,,,,6.0,
VA,2023,2,37,2022-09-18,,,,,0.0,0.0,,,,14.0,
VA,2023,3,38,2022-09-25,,,,,0.0,0.0,,,,26.0,
VA,2023,4,39,2022-10-02,,,,,0.0,0.0,,,,35.0,
VA,2023,5,40,2022-10-09,,,,,0.0,0.0,,,,45.0,
VA,2023,6,41,2022-10-16,,,,,0.0,0.0,,,,52.0,
VA,2023,7,42,2022-10-23,,,,,0.0,0.0,,,,60.0,
VA,2023,8,43,2022-10-30,,,,,0.0,0.0,,,,69.0,
VA,2023,9,44,2022-11-06,,,,,0.0,0.0,,,,82.0,
VA,2023,10,45,2022-11-13,,,,,0.0,0.0,,,,92.0,
VA,2023,11,46,2022-11-20,,,,,0.0,0.0,,,,97.0,
VA,2023,30,13,2023-04-02,,,,,0.0,1.0,,,,97.0,
VA,2023,31,14,2023-04-09,,,,,0.0,5.0,,,,97.0,
VA,2023,32,15,2023-04-16,,,,,0.0,16.0,,,,97.0,
VA,2023,33,16,2023-04-23,,,,,0.0,41.0,,,,97.0,
VA,2023,34,17,2023-04-30,,,,,0.0,68.0,,,,97.0,
VA,2023,35,18,2023-05-07,,,,,0.0,82.0,,,,97.0,
VA,2023,36,19,2023-05-14,,,,,0.0,91.0,,,,97.0,
VA,2023,37,20,2023-05-21,,,,,0.0,96.0,,,,97.0,
VA,2023,38,21,2023-05-28,,,,,0.0,96.0,,,,97.0,
VA,2023,39,22,2023-06-04,,,,,4.0,96.0,,,,97.0,
VA,2023,40,23,2023-06-11,,,,,17.0,96.0,,,,97.0,
VA,2023,41,24,2023-06-18,,,,,30.0,96.0,,,,97.0,
VA,2023,42,25,2023-06-25,,,,,51.0,96.0,,,,97.0,
VA,2023,43,26,2023-07-02,,,,,73.0,96.0,,,,97.0,
VA,2023,44,27,2023-07-09,,,,,89.0,96.0,,,,97.0,
VA,2023,45,28,2023-07-16,,,,,95.0,96.0,,,,97.0,
VA,2024,1,36,2023-09-10,,,,,0.0,0.0,,,,0.0,
VA,2024,2,37,2023-09-17,,,,,0.0,0.0,,,,8.0,
VA,2024,3,38,2023-09-24,,,,,0.0,0.0,,,,15.0,
VA,2024,4,39,2023-10-01,,,,,0.0,0.0,,,,24.0,
VA,2024,5,40,2023-10-08,,,,,0.0,0.0,,,,31.0,
VA,2024,6,41,2023-10-15,,,,,0.0,0.0,,,,40.0,
VA,2024,7,42,2023-10-22,,,,,0.0,0.0,,,,48.0,
VA,2024,8,43,2023-10-29,,,,,0.0,0.0,,,,55.0,
VA,2024,9,44,2023-11-05,,,,,0.0,0.0,,,,66.0,
VA,2024,10,45,2023-11-12,,,,,0.0,0.0,,,,76.0,
VA,2024,11,46,2023-11-19,,,,,0.0,0.0,,,,90.0,
VA,2024,12,47,2023-11-26,,,,,0.0,0.0,,,,93.0,
VA,2024,30,13,2024-03-31,,,,,0.0,0.0,,,,93.0,
VA,2024,31,14,2024-04-07,,,,,0.0,3.0,,,,93.0,
VA,2024,32,15,2024-04-14,,,,,0.0,12.0,,,,93.0,
VA,2024,33,16,2024-04-21,,,,,0.0,29.0,,,,93.0,
VA,2024,34,17,2024-04-28,,,,,0.0,55.0,,,,93.0,
VA,2024,35,18,2024-05-05,,,,,0.0,76.0,,,,93.0,
VA,2024,36,19,2024-05-12,,,,,0.0,89.0,,,,93.0,
VA,2024,37,20,2024-05-19,,,,,0.0,94.0,,,,93.0,
VA,2024,38,21,2024-05-26,,,,,0.0,94.0,,,,93.0,
VA,2024,39,22,2024-06-02,,,,,7.0,94.0,,,,93.0,
VA,2024,40,23,2024-06-09,,,,,19.0,94.0,,,,93.0,
VA,2024,41,24,2024-06-16,,,,,33.0,94.0,,,,93.0,
VA,2024,42,25,2024-06-23,,,,,56.0,94.0,,,,93.0,
VA,2024,43,26,2024-06-30,,,,,83.0,94.0,,,,93.0,
VA,2024,44,27,2024-07-07,,,,,92.0,94.0,,,,93.0,
VA,2024,45,28,2024-07-14,,,,,98.0,94.0,,,,93.0,
VA,2025,1,36,2024-09-08,,,,,0.0,0.0,,,,1.0,
VA,2025,2,37,2024-09-15,,,,,0.0,0.0,,,,9.0,
VA,2025,3,38,2024-09-22,,,,,0.0,0.0,,,,17.0,
VA,2025,4,39,2024-09-29,,,,,0.0,0.0,,,,27.0,
VA,2025,5,40,2024-10-06,,,,,0.0,0.0,,,,34.0,
VA,2025,6,41,2024-10-13,,,,,0.0,0.0,,,,44.0,
VA,2025,7,42,2024-10-20,,,,,0.0,0.0,,,,52.0,
VA,2025,8,43,2024-10-27,,,,,0.0,0.0,,,,62.0,
VA,2025,9,44,2024-11-03,,,,,0.0,0.0,,,,72.0,
VA,2025,10,45,2024-11-10,,,,,0.0,0.0,,,,83.0,
VA,2025,11,46,2024-11-17,,,,,0.0,0.0,,,,93.0,
VA,2025,12,47,2024-11-24,,,,,0.0,0.0,,,,97.0,
VA,2025,31,14,2025-04-06,,,,,0.0,0.0,,,,97.0,
VA,2025,32,15,2025-04-13,,,,,0.0,6.0,,,,97.0,
VA,2025,33,16,2025-04-20,,,,,0.0,19.0,,,,97.0,
VA,2025,34,17,2025-04-27,,,,,0.0,47.0,,,,97.0,
VA,2025,35,18,2025-05-04,,,,,0.0,74.0,,,,97.0,
VA,2025,36,19,2025-05-11,,,,,0.0,87.0,,,,97.0,
VA,2025,37,20,2025-05-18,,,,,0.0,92.0,,,,97.0,
VA,2025,38,21,2025-05-25,,,,,1.0,95.0,,,,97.0,
VA,2025,39,22,2025-06-01,,,,,7.0,95.0,,,,97.0,
VA,2025,40,23,2025-06-08,,,,,19.0,95.0,,,,97.0,
VA,2025,41,24,2025-06-15,,,,,34.0,95.0,,,,97.0,
VA,2025,42,25,2025-06-22,,,,,58.0,95.0,,,,97.0,
VA,2025,43,26,2025-06-29,,,,,80.0,95.0,,,,97.0,
VA,2025,44,27,2025-07-06,,,,,94.0,95.0,,,,97.0,
VA,2025,45,28,2025-07-13,,,,,97.0,95.0,,,,97.0,
VA,2026,2,37,2025-09-14,,,,,0.0,0.0,,,,0.0,
VA,2026,3,38,2025-09-21,,,,,0.0,0.0,,,,7.0,
VA,2026,4,39,2025-09-28,,,,,0.0,0.0,,,,17.0,
VA,2026,11,46,2025-11-16,,,,,0.0,0.0,,,,83.0,
VA,2026,12,47,2025-11-23,,,,,0.0,0.0,,,,94.0,
WA,2016,3,38,2015-09-20,,,,27.0,0.0,0.0,,,,53.0,
WA,2016,4,39,2015-09-27,,,,37.0,0.0,0.0,,,,59.0,
WA,2016,5,40,2015-10-04,,,,48.0,0.0,0.0,,,,66.0,
WA,2016,6,41,2015-10-11,,,,60.0,0.0,0.0,,,,80.0,
WA,2016,7,42,2015-10-18,,,,62.0,0.0,0.0,,,,82.0,
WA,2016,8,43,2015-10-25,,,,74.0,0.0,0.0,,,,93.0,
WA,2016,9,44,2015-11-01,,,,75.0,0.0,0.0,,,,98.0,
WA,2016,10,45,2015-11-08,,,,79.0,0.0,0.0,,,,100.0,
WA,2016,11,46,2015-11-15,,,,82.0,0.0,0.0,,,,100.0,
WA,2016,12,47,2015-11-22,,,,85.0,0.0,0.0,,,,100.0,
WA,2016,13,48,2015-11-29,,,,87.0,0.0,0.0,,,,100.0,
WA,2016,30,13,2016-04-03,,,,87.0,0.0,0.0,,,,100.0,
WA,2016,31,14,2016-04-10,,,,87.0,0.0,0.0,,,,100.0,
WA,2016,32,15,2016-04-17,,,,87.0,0.0,1.0,,,,100.0,
WA,2016,33,16,2016-04-24,,,,87.0,0.0,5.0,,,,100.0,
WA,2016,34,17,2016-05-01,,,,87.0,0.0,14.0,,,,100.0,
WA,2016,35,18,2016-05-08,,,,87.0,0.0,25.0,,,,100.0,
WA,2016,36,19,2016-05-15,,,,87.0,0.0,39.0,,,,100.0,
WA,2016,37,20,2016-05-22,,,,87.0,0.0,53.0,,,,100.0,
WA,2016,38,21,2016-05-29,,,,87.0,0.0,76.0,,,,100.0,
WA,2016,39,22,2016-06-05,,,,87.0,0.0,87.0,,,,100.0,
WA,2016,40,23,2016-06-12,,,,87.0,0.0,97.0,,,,100.0,
WA,2016,41,24,2016-06-19,,,,87.0,0.0,97.0,,,,100.0,
WA,2016,42,25,2016-06-26,,,,87.0,1.0,97.0,,,,100.0,
WA,2016,43,26,2016-07-03,,,,87.0,2.0,97.0,,,,100.0,
WA,2016,44,27,2016-07-10,,,,87.0,4.0,97.0,,,,100.0,
WA,2016,45,28,2016-07-17,,,,87.0,10.0,97.0,,,,100.0,
WA,2016,46,29,2016-07-24,,,,87.0,23.0,97.0,,,,100.0,
WA,2016,47,30,2016-07-31,,,,87.0,41.0,97.0,,,,100.0,
WA,2016,48,31,2016-08-07,,,,87.0,57.0,97.0,,,,100.0,
WA,2016,49,32,2016-08-14,,,,87.0,74.0,97.0,,,,100.0,
WA,2016,50,33,2016-08-21,,,,87.0,88.0,97.0,,,,100.0,
WA,2016,51,34,2016-08-28,,,,87.0,95.0,97.0,,,,100.0,
WA,2017,1,36,2016-09-11,,,,8.0,0.0,0.0,,,,32.0,
WA,2017,2,37,2016-09-18,,,,20.0,0.0,0.0,,,,44.0,
WA,2017,3,38,2016-09-25,,,,35.0,0.0,0.0,,,,65.0,
WA,2017,4,39,2016-10-02,,,,52.0,0.0,0.0,,,,74.0,
WA,2017,5,40,2016-10-09,,,,64.0,0.0,0.0,,,,81.0,
WA,2017,6,41,2016-10-16,,,,68.0,0.0,0.0,,,,89.0,
WA,2017,7,42,2016-10-23,,,,70.0,0.0,0.0,,,,90.0,
WA,2017,8,43,2016-10-30,,,,74.0,0.0,0.0,,,,91.0,
WA,2017,9,44,2016-11-06,,,,79.0,0.0,0.0,,,,92.0,
WA,2017,10,45,2016-11-13,,,,85.0,0.0,0.0,,,,94.0,
WA,2017,11,46,2016-11-20,,,,91.0,0.0,0.0,,,,98.0,
WA,2017,12,47,2016-11-27,,,,94.0,0.0,0.0,,,,98.0,
WA,2017,31,14,2017-04-09,,,,94.0,0.0,0.0,,,,98.0,
WA,2017,32,15,2017-04-16,,,,94.0,0.0,0.0,,,,98.0,
WA,2017,33,16,2017-04-23,,,,94.0,0.0,0.0,,,,98.0,
WA,2017,34,17,2017-04-30,,,,94.0,0.0,0.0,,,,98.0,
WA,2017,35,18,2017-05-07,,,,94.0,0.0,1.0,,,,98.0,
WA,2017,36,19,2017-05-14,,,,94.0,0.0,6.0,,,,98.0,
WA,2017,37,20,2017-05-21,,,,94.0,0.0,14.0,,,,98.0,
WA,2017,38,21,2017-05-28,,,,94.0,0.0,38.0,,,,98.0,
WA,2017,39,22,2017-06-04,,,,94.0,0.0,49.0,,,,98.0,
WA,2017,40,23,2017-06-11,,,,94.0,0.0,73.0,,,,98.0,
WA,2017,41,24,2017-06-18,,,,94.0,0.0,84.0,,,,98.0,
WA,2017,42,25,2017-06-25,,,,94.0,0.0,97.0,,,,98.0,
WA,2017,43,26,2017-07-02,,,,94.0,3.0,97.0,,,,98.0,
WA,2017,44,27,2017-07-09,,,,94.0,4.0,97.0,,,,98.0,
WA,2017,45,28,2017-07-16,,,,94.0,8.0,97.0,,,,98.0,
WA,2017,46,29,2017-07-23,,,,94.0,18.0,97.0,,,,98.0,
WA,2017,47,30,2017-07-30,,,,94.0,31.0,97.0,,,,98.0,
WA,2017,48,31,2017-08-06,,,,94.0,54.0,97.0,,,,98.0,
WA,2017,49,32,2017-08-13,,,,94.0,74.0,97.0,,,,98.0,
WA,2017,50,33,2017-08-20,,,,94.0,89.0,97.0,,,,98.0,
WA,2017,51,34,2017-08-27,,,,94.0,95.0,97.0,,,,1.0,
WA,2017,52,35,2017-09-03,,,,94.0,95.0,97.0,,,,5.0,
WA,2018,1,36,2017-09-10,,,,0.0,0.0,0.0,,,,16.0,
WA,2018,2,37,2017-09-17,,,,0.0,0.0,0.0,,,,43.0,
WA,2018,3,38,2017-09-24,,,,19.0,0.0,0.0,,,,53.0,
WA,2018,4,39,2017-10-01,,,,42.0,0.0,0.0,,,,63.0,
WA,2018,5,40,2017-10-08,,,,53.0,0.0,0.0,,,,77.0,
WA,2018,6,41,2017-10-15,,,,59.0,0.0,0.0,,,,79.0,
WA,2018,7,42,2017-10-22,,,,72.0,0.0,0.0,,,,90.0,
WA,2018,8,43,2017-10-29,,,,73.0,0.0,0.0,,,,91.0,
WA,2018,9,44,2017-11-05,,,,82.0,0.0,0.0,,,,99.0,
WA,2018,10,45,2017-11-12,,,,94.0,0.0,0.0,,,,100.0,
WA,2018,11,46,2017-11-19,,,,96.0,0.0,0.0,,,,100.0,
WA,2018,12,47,2017-11-26,,,,97.0,0.0,0.0,,,,100.0,
WA,2018,31,14,2018-04-08,,,,97.0,0.0,0.0,,,,100.0,
WA,2018,32,15,2018-04-15,,,,97.0,0.0,0.0,,,,100.0,
WA,2018,33,16,2018-04-22,,,,97.0,0.0,0.0,,,,100.0,
WA,2018,34,17,2018-04-29,,,,97.0,0.0,0.0,,,,100.0,
WA,2018,35,18,2018-05-06,,,,97.0,0.0,4.0,,,,100.0,
WA,2018,36,19,2018-05-13,,,,97.0,0.0,5.0,,,,100.0,
WA,2018,37,20,2018-05-20,,,,97.0,0.0,35.0,,,,100.0,
WA,2018,38,21,2018-05-27,,,,97.0,0.0,45.0,,,,100.0,
WA,2018,39,22,2018-06-03,,,,97.0,0.0,70.0,,,,100.0,
WA,2018,40,23,2018-06-10,,,,97.0,0.0,87.0,,,,100.0,
WA,2018,41,24,2018-06-17,,,,97.0,0.0,95.0,,,,100.0,
WA,2018,42,25,2018-06-24,,,,97.0,0.0,95.0,,,,100.0,
WA,2018,43,26,2018-07-01,,,,97.0,0.0,95.0,,,,100.0,
WA,2018,44,27,2018-07-08,,,,97.0,1.0,95.0,,,,100.0,
WA,2018,45,28,2018-07-15,,,,97.0,8.0,95.0,,,,100.0,
WA,2018,46,29,2018-07-22,,,,97.0,16.0,95.0,,,,100.0,
WA,2018,47,30,2018-07-29,,,,97.0,28.0,95.0,,,,100.0,
WA,2018,48,31,2018-08-05,,,,97.0,49.0,95.0,,,,100.0,
WA,2018,49,32,2018-08-12,,,,97.0,70.0,95.0,,,,100.0,
WA,2018,50,33,2018-08-19,,,,97.0,84.0,95.0,,,,100.0,
WA,2018,51,34,2018-08-26,,,,97.0,94.0,95.0,,,,100.0,
WA,2018,52,35,2018-09-02,,,,97.0,97.0,95.0,,,,12.0,
WA,2019,1,36,2018-09-09,,,,0.0,0.0,0.0,,,,29.0,
WA,2019,2,37,2018-09-16,,,,10.0,0.0,0.0,,,,47.0,
WA,2019,3,38,2018-09-23,,,,27.0,0.0,0.0,,,,65.0,
WA,2019,4,39,2018-09-30,,,,34.0,0.0,0.0,,,,69.0,
WA,2019,5,40,2018-10-07,,,,40.0,0.0,0.0,,,,75.0,
WA,2019,6,41,2018-10-14,,,,47.0,0.0,0.0,,,,87.0,
WA,2019,7,42,2018-10-21,,,,53.0,0.0,0.0,,,,92.0,
WA,2019,8,43,2018-10-28,,,,65.0,0.0,0.0,,,,93.0,
WA,2019,9,44,2018-11-04,,,,80.0,0.0,0.0,,,,98.0,
WA,2019,10,45,2018-11-11,,,,85.0,0.0,0.0,,,,99.0,
WA,2019,11,46,2018-11-18,,,,87.0,0.0,0.0,,,,100.0,
WA,2019,12,47,2018-11-25,,,,90.0,0.0,0.0,,,,100.0,
WA,2019,31,14,2019-04-07,,,,90.0,0.0,0.0,,,,100.0,
WA,2019,32,15,2019-04-14,,,,90.0,0.0,0.0,,,,100.0,
WA,2019,33,16,2019-04-21,,,,90.0,0.0,0.0,,,,100.0,
WA,2019,34,17,2019-04-28,,,,90.0,0.0,1.0,,,,100.0,
WA,2019,35,18,2019-05-05,,,,90.0,0.0,2.0,,,,100.0,
WA,2019,36,19,2019-05-12,,,,90.0,0.0,3.0,,,,100.0,
WA,2019,37,20,2019-05-19,,,,90.0,0.0,10.0,,,,100.0,
WA,2019,38,21,2019-05-26,,,,90.0,0.0,22.0,,,,100.0,
WA,2019,39,22,2019-06-02,,,,90.0,0.0,53.0,,,,100.0,
WA,2019,40,23,2019-06-09,,,,90.0,0.0,76.0,,,,100.0,
WA,2019,41,24,2019-06-16,,,,90.0,0.0,91.0,,,,100.0,
WA,2019,42,25,2019-06-23,,,,90.0,0.0,95.0,,,,100.0,
WA,2019,43,26,2019-06-30,,,,90.0,0.0,100.0,,,,100.0,
WA,2019,44,27,2019-07-07,,,,90.0,0.0,100.0,,,,100.0,
WA,2019,45,28,2019-07-14,,,,90.0,1.0,100.0,,,,100.0,
WA,2019,46,29,2019-07-21,,,,90.0,10.0,100.0,,,,100.0,
WA,2019,47,30,2019-07-28,,,,90.0,19.0,100.0,,,,100.0,
WA,2019,48,31,2019-08-04,,,,90.0,35.0,100.0,,,,100.0,
WA,2019,49,32,2019-08-11,,,,90.0,56.0,100.0,,,,100.0,
WA,2019,50,33,2019-08-18,,,,90.0,69.0,100.0,,,,100.0,
WA,2019,51,34,2019-08-25,,,,90.0,84.0,100.0,,,,100.0,
WA,2019,52,35,2019-09-01,,,,90.0,91.0,100.0,,,,11.0,
WA,2020,1,36,2019-09-08,,,,0.0,95.0,0.0,,,,17.0,
WA,2020,2,37,2019-09-15,,,,0.0,95.0,0.0,,,,30.0,
WA,2020,3,38,2019-09-22,,,,5.0,95.0,0.0,,,,47.0,
WA,2020,4,39,2019-09-29,,,,13.0,95.0,0.0,,,,61.0,
WA,2020,5,40,2019-10-06,,,,30.0,95.0,0.0,,,,67.0,
WA,2020,6,41,2019-10-13,,,,47.0,95.0,0.0,,,,79.0,
WA,2020,7,42,2019-10-20,,,,66.0,95.0,0.0,,,,86.0,
WA,2020,8,43,2019-10-27,,,,70.0,95.0,0.0,,,,94.0,
WA,2020,9,44,2019-11-03,,,,78.0,95.0,0.0,,,,96.0,
WA,2020,10,45,2019-11-10,,,,82.0,95.0,0.0,,,,98.0,
WA,2020,11,46,2019-11-17,,,,83.0,95.0,0.0,,,,99.0,
WA,2020,12,47,2019-11-24,,,,91.0,95.0,0.0,,,,99.0,
WA,2020,32,15,2020-04-12,,,,91.0,95.0,0.0,,,,99.0,
WA,2020,33,16,2020-04-19,,,,91.0,95.0,0.0,,,,99.0,
WA,2020,34,17,2020-04-26,,,,91.0,95.0,0.0,,,,99.0,
WA,2020,35,18,2020-05-03,,,,91.0,95.0,5.0,,,,99.0,
WA,2020,36,19,2020-05-10,,,,91.0,95.0,9.0,,,,99.0,
WA,2020,37,20,2020-05-17,,,,91.0,95.0,20.0,,,,99.0,
WA,2020,38,21,2020-05-24,,,,91.0,95.0,28.0,,,,99.0,
WA,2020,39,22,2020-05-31,,,,91.0,0.0,55.0,,,,99.0,
WA,2020,40,23,2020-06-07,,,,91.0,0.0,72.0,,,,99.0,
WA,2020,41,24,2020-06-14,,,,91.0,0.0,88.0,,,,99.0,
WA,2020,42,25,2020-06-21,,,,91.0,0.0,96.0,,,,99.0,
WA,2020,43,26,2020-06-28,,,,91.0,0.0,96.0,,,,99.0,
WA,2020,44,27,2020-07-05,,,,91.0,1.0,96.0,,,,99.0,
WA,2020,45,28,2020-07-12,,,,91.0,2.0,96.0,,,,99.0,
WA,2020,46,29,2020-07-19,,,,91.0,5.0,96.0,,,,99.0,
WA,2020,47,30,2020-07-26,,,,91.0,19.0,96.0,,,,99.0,
WA,2020,48,31,2020-08-02,,,,91.0,33.0,96.0,,,,99.0,
WA,2020,49,32,2020-08-09,,,,91.0,55.0,96.0,,,,99.0,
WA,2020,50,33,2020-08-16,,,,91.0,73.0,96.0,,,,99.0,
WA,2020,51,34,2020-08-23,,,,91.0,82.0,96.0,,,,5.0,
WA,2020,52,35,2020-08-30,,,,91.0,88.0,96.0,,,,16.0,
WA,2021,1,36,2020-09-06,,,,0.0,95.0,0.0,,,,32.0,
WA,2021,2,37,2020-09-13,,,,0.0,95.0,0.0,,,,44.0,
WA,2021,3,38,2020-09-20,,,,16.0,95.0,0.0,,,,49.0,
WA,2021,4,39,2020-09-27,,,,32.0,95.0,0.0,,,,59.0,
WA,2021,5,40,2020-10-04,,,,54.0,95.0,0.0,,,,76.0,
WA,2021,6,41,2020-10-11,,,,55.0,95.0,0.0,,,,79.0,
WA,2021,7,42,2020-10-18,,,,65.0,95.0,0.0,,,,88.0,
WA,2021,8,43,2020-10-25,,,,68.0,95.0,0.0,,,,96.0,
WA,2021,9,44,2020-11-01,,,,78.0,95.0,0.0,,,,97.0,
WA,2021,10,45,2020-11-08,,,,85.0,95.0,0.0,,,,98.0,
WA,2021,11,46,2020-11-15,,,,95.0,95.0,0.0,,,,99.0,
WA,2021,12,47,2020-11-22,,,,96.0,95.0,0.0,,,,99.0,
WA,2021,13,48,2020-11-29,,,,99.0,95.0,0.0,,,,99.0,
WA,2021,30,13,2021-04-04,,,,99.0,95.0,0.0,,,,99.0,
WA,2021,31,14,2021-04-11,,,,99.0,95.0,0.0,,,,99.0,
WA,2021,32,15,2021-04-18,,,,99.0,95.0,0.0,,,,99.0,
WA,2021,33,16,2021-04-25,,,,99.0,95.0,0.0,,,,99.0,
WA,2021,34,17,2021-05-02,,,,99.0,95.0,1.0,,,,99.0,
WA,2021,35,18,2021-05-09,,,,99.0,95.0,3.0,,,,99.0,
WA,2021,36,19,2021-05-16,,,,99.0,95.0,10.0,,,,99.0,
WA,2021,37,20,2021-05-23,,,,99.0,95.0,25.0,,,,99.0,
WA,2021,38,21,2021-05-30,,,,99.0,95.0,51.0,,,,99.0,
WA,2021,39,22,2021-06-06,,,,99.0,0.0,69.0,,,,99.0,
WA,2021,40,23,2021-06-13,,,,99.0,0.0,93.0,,,,99.0,
WA,2021,41,24,2021-06-20,,,,99.0,0.0,98.0,,,,99.0,
WA,2021,42,25,2021-06-27,,,,99.0,0.0,98.0,,,,99.0,
WA,2021,43,26,2021-07-04,,,,99.0,0.0,98.0,,,,99.0,
WA,2021,44,27,2021-07-11,,,,99.0,10.0,98.0,,,,99.0,
WA,2021,45,28,2021-07-18,,,,99.0,30.0,98.0,,,,99.0,
WA,2021,46,29,2021-07-25,,,,99.0,50.0,98.0,,,,99.0,
WA,2021,47,30,2021-08-01,,,,99.0,74.0,98.0,,,,99.0,
WA,2021,48,31,2021-08-08,,,,99.0,84.0,98.0,,,,99.0,
WA,2021,49,32,2021-08-15,,,,99.0,92.0,98.0,,,,99.0,
WA,2021,50,33,2021-08-22,,,,99.0,98.0,98.0,,,,7.0,
WA,2021,51,34,2021-08-29,,,,99.0,98.0,98.0,,,,18.0,
WA,2021,52,35,2021-09-05,,,,99.0,98.0,98.0,,,,36.0,
WA,2022,1,36,2021-09-12,,,,0.0,0.0,0.0,,,,53.0,
WA,2022,2,37,2021-09-19,,,,16.0,0.0,0.0,,,,58.0,
WA,2022,3,38,2021-09-26,,,,26.0,0.0,0.0,,,,67.0,
WA,2022,4,39,2021-10-03,,,,40.0,0.0,0.0,,,,77.0,
WA,2022,5,40,2021-10-10,,,,50.0,0.0,0.0,,,,88.0,
WA,2022,6,41,2021-10-17,,,,58.0,0.0,0.0,,,,93.0,
WA,2022,7,42,2021-10-24,,,,68.0,0.0,0.0,,,,96.0,
WA,2022,8,43,2021-10-31,,,,75.0,0.0,0.0,,,,99.0,
WA,2022,9,44,2021-11-07,,,,86.0,0.0,0.0,,,,100.0,
WA,2022,10,45,2021-11-14,,,,92.0,0.0,0.0,,,,100.0,
WA,2022,11,46,2021-11-21,,,,96.0,0.0,0.0,,,,100.0,
WA,2022,12,47,2021-11-28,,,,99.0,0.0,0.0,,,,100.0,
WA,2022,30,13,2022-04-03,,,,99.0,0.0,0.0,,,,100.0,
WA,2022,31,14,2022-04-10,,,,99.0,0.0,0.0,,,,100.0,
WA,2022,32,15,2022-04-17,,,,99.0,0.0,0.0,,,,100.0,
WA,2022,33,16,2022-04-24,,,,99.0,0.0,0.0,,,,100.0,
WA,2022,34,17,2022-05-01,,,,99.0,0.0,0.0,,,,100.0,
WA,2022,35,18,2022-05-08,,,,99.0,0.0,0.0,,,,100.0,
WA,2022,36,19,2022-05-15,,,,99.0,0.0,2.0,,,,100.0,
WA,2022,37,20,2022-05-22,,,,99.0,0.0,7.0,,,,100.0,
WA,2022,38,21,2022-05-29,,,,99.0,0.0,11.0,,,,100.0,
WA,2022,39,22,2022-06-05,,,,99.0,0.0,16.0,,,,100.0,
WA,2022,40,23,2022-06-12,,,,99.0,0.0,50.0,,,,100.0,
WA,2022,41,24,2022-06-19,,,,99.0,0.0,67.0,,,,100.0,
WA,2022,42,25,2022-06-26,,,,99.0,0.0,87.0,,,,100.0,
WA,2022,43,26,2022-07-03,,,,99.0,0.0,97.0,,,,100.0,
WA,2022,44,27,2022-07-10,,,,99.0,2.0,97.0,,,,100.0,
WA,2022,45,28,2022-07-17,,,,99.0,3.0,97.0,,,,100.0,
WA,2022,46,29,2022-07-24,,,,99.0,5.0,97.0,,,,100.0,
WA,2022,47,30,2022-07-31,,,,99.0,10.0,97.0,,,,100.0,
WA,2022,48,31,2022-08-07,,,,99.0,27.0,97.0,,,,100.0,
WA,2022,49,32,2022-08-14,,,,99.0,45.0,97.0,,,,100.0,
WA,2022,50,33,2022-08-21,,,,99.0,73.0,97.0,,,,100.0,
WA,2022,51,34,2022-08-28,,,,99.0,85.0,97.0,,,,100.0,
WA,2022,52,35,2022-09-04,,,,99.0,93.0,97.0,,,,7.0,
WA,2023,1,36,2022-09-11,,,,0.0,98.0,0.0,,,,26.0,
WA,2023,2,37,2022-09-18,,,,5.0,98.0,0.0,,,,45.0,
WA,2023,3,38,2022-09-25,,,,26.0,98.0,0.0,,,,57.0,
WA,2023,4,39,2022-10-02,,,,34.0,98.0,0.0,,,,66.0,
WA,2023,5,40,2022-10-09,,,,46.0,98.0,0.0,,,,80.0,
WA,2023,6,41,2022-10-16,,,,64.0,98.0,0.0,,,,89.0,
WA,2023,7,42,2022-10-23,,,,72.0,98.0,0.0,,,,95.0,
WA,2023,8,43,2022-10-30,,,,77.0,98.0,0.0,,,,98.0,
WA,2023,9,44,2022-11-06,,,,90.0,98.0,0.0,,,,99.0,
WA,2023,10,45,2022-11-13,,,,93.0,98.0,0.0,,,,100.0,
WA,2023,11,46,2022-11-20,,,,95.0,98.0,0.0,,,,100.0,
WA,2023,12,47,2022-11-27,,,,97.0,98.0,0.0,,,,100.0,
WA,2023,30,13,2023-04-02,,,,97.0,98.0,0.0,,,,100.0,
WA,2023,31,14,2023-04-09,,,,97.0,98.0,0.0,,,,100.0,
WA,2023,32,15,2023-04-16,,,,97.0,98.0,0.0,,,,100.0,
WA,2023,33,16,2023-04-23,,,,97.0,98.0,0.0,,,,100.0,
WA,2023,34,17,2023-04-30,,,,97.0,98.0,0.0,,,,100.0,
WA,2023,35,18,2023-05-07,,,,97.0,98.0,1.0,,,,100.0,
WA,2023,36,19,2023-05-14,,,,97.0,98.0,6.0,,,,100.0,
WA,2023,37,20,2023-05-21,,,,97.0,98.0,18.0,,,,100.0,
WA,2023,38,21,2023-05-28,,,,97.0,98.0,45.0,,,,100.0,
WA,2023,39,22,2023-06-04,,,,97.0,0.0,63.0,,,,100.0,
WA,2023,40,23,2023-06-11,,,,97.0,0.0,81.0,,,,100.0,
WA,2023,41,24,2023-06-18,,,,97.0,0.0,90.0,,,,100.0,
WA,2023,42,25,2023-06-25,,,,97.0,0.0,96.0,,,,100.0,
WA,2023,43,26,2023-07-02,,,,97.0,0.0,96.0,,,,100.0,
WA,2023,44,27,2023-07-09,,,,97.0,1.0,96.0,,,,100.0,
WA,2023,45,28,2023-07-16,,,,97.0,6.0,96.0,,,,100.0,
WA,2023,46,29,2023-07-23,,,,97.0,20.0,96.0,,,,100.0,
WA,2023,47,30,2023-07-30,,,,97.0,36.0,96.0,,,,100.0,
WA,2023,48,31,2023-08-06,,,,97.0,57.0,96.0,,,,100.0,
WA,2023,49,32,2023-08-13,,,,97.0,70.0,96.0,,,,100.0,
WA,2023,50,33,2023-08-20,,,,97.0,87.0,96.0,,,,2.0,
WA,2023,51,34,2023-08-27,,,,97.0,94.0,96.0,,,,7.0,
WA,2023,52,35,2023-09-03,,,,97.0,96.0,96.0,,,,9.0,
WA,2024,1,36,2023-09-10,,,,4.0,0.0,0.0,,,,29.0,
WA,2024,2,37,2023-09-17,,,,6.0,0.0,0.0,,,,41.0,
WA,2024,3,38,2023-09-24,,,,22.0,0.0,0.0,,,,52.0,
WA,2024,4,39,2023-10-01,,,,37.0,0.0,0.0,,,,65.0,
WA,2024,5,40,2023-10-08,,,,49.0,0.0,0.0,,,,77.0,
WA,2024,6,41,2023-10-15,,,,61.0,0.0,0.0,,,,87.0,
WA,2024,7,42,2023-10-22,,,,68.0,0.0,0.0,,,,95.0,
WA,2024,8,43,2023-10-29,,,,74.0,0.0,0.0,,,,98.0,
WA,2024,9,44,2023-11-05,,,,90.0,0.0,0.0,,,,100.0,
WA,2024,10,45,2023-11-12,,,,99.0,0.0,0.0,,,,100.0,
WA,2024,11,46,2023-11-19,,,,100.0,0.0,0.0,,,,100.0,
WA,2024,12,47,2023-11-26,,,,100.0,0.0,0.0,,,,100.0,
WA,2024,30,13,2024-03-31,,,,100.0,0.0,0.0,,,,100.0,
WA,2024,31,14,2024-04-07,,,,100.0,0.0,0.0,,,,100.0,
WA,2024,32,15,2024-04-14,,,,100.0,0.0,0.0,,,,100.0,
WA,2024,33,16,2024-04-21,,,,100.0,0.0,0.0,,,,100.0,
WA,2024,34,17,2024-04-28,,,,100.0,0.0,0.0,,,,100.0,
WA,2024,35,18,2024-05-05,,,,100.0,0.0,1.0,,,,100.0,
WA,2024,36,19,2024-05-12,,,,100.0,0.0,8.0,,,,100.0,
WA,2024,37,20,2024-05-19,,,,100.0,0.0,35.0,,,,100.0,
WA,2024,38,21,2024-05-26,,,,100.0,0.0,46.0,,,,100.0,
WA,2024,39,22,2024-06-02,,,,100.0,0.0,69.0,,,,100.0,
WA,2024,40,23,2024-06-09,,,,100.0,0.0,80.0,,,,100.0,
WA,2024,41,24,2024-06-16,,,,100.0,0.0,90.0,,,,100.0,
WA,2024,42,25,2024-06-23,,,,100.0,0.0,95.0,,,,100.0,
WA,2024,43,26,2024-06-30,,,,100.0,0.0,95.0,,,,100.0,
WA,2024,44,27,2024-07-07,,,,100.0,2.0,95.0,,,,100.0,
WA,2024,45,28,2024-07-14,,,,100.0,5.0,95.0,,,,100.0,
WA,2024,46,29,2024-07-21,,,,100.0,10.0,95.0,,,,100.0,
WA,2024,47,30,2024-07-28,,,,100.0,32.0,95.0,,,,100.0,
WA,2024,48,31,2024-08-04,,,,100.0,47.0,95.0,,,,100.0,
WA,2024,49,32,2024-08-11,,,,100.0,66.0,95.0,,,,100.0,
WA,2024,50,33,2024-08-18,,,,100.0,85.0,95.0,,,,0.0,
WA,2024,51,34,2024-08-25,,,,100.0,95.0,95.0,,,,8.0,
WA,2024,52,35,2024-09-01,,,,100.0,95.0,95.0,,,,22.0,
WA,2025,1,36,2024-09-08,,,,4.0,0.0,0.0,,,,34.0,
WA,2025,2,37,2024-09-15,,,,9.0,0.0,0.0,,,,43.0,
WA,2025,3,38,2024-09-22,,,,22.0,0.0,0.0,,,,54.0,
WA,2025,4,39,2024-09-29,,,,38.0,0.0,0.0,,,,71.0,
WA,2025,5,40,2024-10-06,,,,51.0,0.0,0.0,,,,81.0,
WA,2025,6,41,2024-10-13,,,,63.0,0.0,0.0,,,,93.0,
WA,2025,7,42,2024-10-20,,,,74.0,0.0,0.0,,,,98.0,
WA,2025,8,43,2024-10-27,,,,89.0,0.0,0.0,,,,100.0,
WA,2025,9,44,2024-11-03,,,,95.0,0.0,0.0,,,,100.0,
WA,2025,10,45,2024-11-10,,,,99.0,0.0,0.0,,,,100.0,
WA,2025,11,46,2024-11-17,,,,100.0,0.0,0.0,,,,100.0,
WA,2025,12,47,2024-11-24,,,,100.0,0.0,0.0,,,,100.0,
WA,2025,31,14,2025-04-06,,,,100.0,0.0,0.0,,,,100.0,
WA,2025,32,15,2025-04-13,,,,100.0,0.0,0.0,,,,100.0,
WA,2025,33,16,2025-04-20,,,,100.0,0.0,0.0,,,,100.0,
WA,2025,34,17,2025-04-27,,,,100.0,0.0,0.0,,,,100.0,
WA,2025,35,18,2025-05-04,,,,100.0,0.0,1.0,,,,100.0,
WA,2025,36,19,2025-05-11,,,,100.0,0.0,7.0,,,,100.0,
WA,2025,37,20,2025-05-18,,,,100.0,0.0,21.0,,,,100.0,
WA,2025,38,21,2025-05-25,,,,100.0,0.0,48.0,,,,100.0,
WA,2025,39,22,2025-06-01,,,,100.0,0.0,66.0,,,,100.0,
WA,2025,40,23,2025-06-08,,,,100.0,0.0,80.0,,,,100.0,
WA,2025,41,24,2025-06-15,,,,100.0,0.0,95.0,,,,100.0,
WA,2025,42,25,2025-06-22,,,,100.0,0.0,99.0,,,,100.0,
WA,2025,43,26,2025-06-29,,,,100.0,0.0,99.0,,,,100.0,
WA,2025,44,27,2025-07-06,,,,100.0,3.0,99.0,,,,100.0,
WA,2025,45,28,2025-07-13,,,,100.0,5.0,99.0,,,,100.0,
WA,2025,46,29,2025-07-20,,,,100.0,18.0,99.0,,,,100.0,
WA,2025,47,30,2025-07-27,,,,100.0,35.0,99.0,,,,100.0,
WA,2025,48,31,2025-08-03,,,,100.0,54.0,99.0,,,,100.0,
WA,2025,49,32,2025-08-10,,,,100.0,69.0,99.0,,,,100.0,
WA,2025,50,33,2025-08-17,,,,100.0,78.0,99.0,,,,0.0,
WA,2025,51,34,2025-08-24,,,,100.0,96.0,99.0,,,,3.0,
WA,2025,52,35,2025-08-31,,,,100.0,96.0,99.0,,,,17.0,
WA,2026,1,36,2025-09-07,,,,0.0,0.0,0.0,,,,40.0,
WA,2026,2,37,2025-09-14,,,,13.0,0.0,0.0,,,,50.0,
WA,2026,3,38,2025-09-21,,,,30.0,0.0,0.0,,,,58.0,
WA,2026,4,39,2025-09-28,,,,40.0,0.0,0.0,,,,68.0,
WA,2026,11,46,2025-11-16,,,,97.0,0.0,0.0,,,,100.0,
WA,2026,12,47,2025-11-23,,,,98.0,0.0,0.0,,,,100.0,
WI,2016,1,36,2015-09-06,,,0.0,0.0,0.0,0.0,,,,2.0,
WI,2016,2,37,2015-09-13,,,0.0,0.0,0.0,0.0,,,,7.0,
WI,2016,3,38,2015-09-20,,,0.0,1.0,0.0,0.0,,,,16.0,
WI,2016,4,39,2015-09-27,,,0.0,7.0,0.0,0.0,,,,33.0,
WI,2016,5,40,2015-10-04,,,0.0,20.0,0.0,0.0,,,,51.0,
WI,2016,6,41,2015-10-11,,,0.0,37.0,0.0,0.0,,,,74.0,
WI,2016,7,42,2015-10-18,,,0.0,54.0,0.0,0.0,,,,86.0,
WI,2016,8,43,2015-10-25,,,0.0,71.0,0.0,0.0,,,,93.0,
WI,2016,9,44,2015-11-01,,,0.0,81.0,0.0,0.0,,,,97.0,
WI,2016,10,45,2015-11-08,,,0.0,90.0,0.0,0.0,,,,98.0,
WI,2016,11,46,2015-11-15,,,0.0,96.0,0.0,0.0,,,,99.0,
WI,2016,12,47,2015-11-22,,,0.0,98.0,0.0,0.0,,,,99.0,
WI,2016,13,48,2015-11-29,,,0.0,100.0,0.0,0.0,,,,99.0,
WI,2016,36,19,2016-05-15,,,0.0,100.0,0.0,0.0,,,,99.0,
WI,2016,37,20,2016-05-22,,,0.0,100.0,0.0,3.0,,,,99.0,
WI,2016,38,21,2016-05-29,,,0.0,100.0,0.0,24.0,,,,99.0,
WI,2016,39,22,2016-06-05,,,0.0,100.0,0.0,58.0,,,,99.0,
WI,2016,40,23,2016-06-12,,,3.0,100.0,0.0,82.0,,,,99.0,
WI,2016,41,24,2016-06-19,,,30.0,100.0,0.0,93.0,,,,99.0,
WI,2016,42,25,2016-06-26,,,57.0,100.0,0.0,97.0,,,,99.0,
WI,2016,43,26,2016-07-03,,,79.0,100.0,0.0,99.0,,,,99.0,
WI,2016,44,27,2016-07-10,,,93.0,100.0,1.0,99.0,,,,99.0,
WI,2016,45,28,2016-07-17,,,98.0,100.0,11.0,99.0,,,,99.0,
WI,2016,46,29,2016-07-24,,,98.0,100.0,45.0,99.0,,,,99.0,
WI,2016,47,30,2016-07-31,,,98.0,100.0,70.0,99.0,,,,99.0,
WI,2016,48,31,2016-08-07,,,98.0,100.0,89.0,99.0,,,,99.0,
WI,2016,49,32,2016-08-14,,,98.0,100.0,95.0,99.0,,,,99.0,
WI,2016,50,33,2016-08-21,,,98.0,100.0,98.0,99.0,,,,99.0,
WI,2016,51,34,2016-08-28,,,98.0,100.0,98.0,99.0,,,,1.0,
WI,2016,52,35,2016-09-04,,,98.0,100.0,98.0,99.0,,,,4.0,
WI,2017,1,36,2016-09-11,,,0.0,1.0,0.0,0.0,,,,11.0,
WI,2017,2,37,2016-09-18,,,0.0,4.0,0.0,0.0,,,,18.0,
WI,2017,3,38,2016-09-25,,,0.0,9.0,0.0,0.0,,,,22.0,
WI,2017,4,39,2016-10-02,,,0.0,18.0,0.0,0.0,,,,34.0,
WI,2017,5,40,2016-10-09,,,0.0,27.0,0.0,0.0,,,,52.0,
WI,2017,6,41,2016-10-16,,,0.0,43.0,0.0,0.0,,,,70.0,
WI,2017,7,42,2016-10-23,,,0.0,60.0,0.0,0.0,,,,83.0,
WI,2017,8,43,2016-10-30,,,0.0,72.0,0.0,0.0,,,,91.0,
WI,2017,9,44,2016-11-06,,,0.0,83.0,0.0,0.0,,,,95.0,
WI,2017,10,45,2016-11-13,,,0.0,90.0,0.0,0.0,,,,98.0,
WI,2017,11,46,2016-11-20,,,0.0,95.0,0.0,0.0,,,,98.0,
WI,2017,12,47,2016-11-27,,,0.0,99.0,0.0,0.0,,,,98.0,
WI,2017,34,17,2017-04-30,,,0.0,99.0,0.0,0.0,,,,98.0,
WI,2017,35,18,2017-05-07,,,0.0,99.0,0.0,0.0,,,,98.0,
WI,2017,36,19,2017-05-14,,,0.0,99.0,0.0,0.0,,,,98.0,
WI,2017,37,20,2017-05-21,,,0.0,99.0,0.0,1.0,,,,98.0,
WI,2017,38,21,2017-05-28,,,0.0,99.0,0.0,14.0,,,,98.0,
WI,2017,39,22,2017-06-04,,,0.0,99.0,0.0,29.0,,,,98.0,
WI,2017,40,23,2017-06-11,,,0.0,99.0,0.0,64.0,,,,98.0,
WI,2017,41,24,2017-06-18,,,13.0,99.0,0.0,80.0,,,,98.0,
WI,2017,42,25,2017-06-25,,,39.0,99.0,0.0,93.0,,,,98.0,
WI,2017,43,26,2017-07-02,,,64.0,99.0,0.0,97.0,,,,98.0,
WI,2017,44,27,2017-07-09,,,80.0,99.0,0.0,99.0,,,,98.0,
WI,2017,45,28,2017-07-16,,,93.0,99.0,1.0,99.0,,,,98.0,
WI,2017,46,29,2017-07-23,,,98.0,99.0,11.0,99.0,,,,98.0,
WI,2017,47,30,2017-07-30,,,98.0,99.0,40.0,99.0,,,,98.0,
WI,2017,48,31,2017-08-06,,,98.0,99.0,74.0,99.0,,,,98.0,
WI,2017,49,32,2017-08-13,,,98.0,99.0,91.0,99.0,,,,98.0,
WI,2017,50,33,2017-08-20,,,98.0,99.0,97.0,99.0,,,,98.0,
WI,2017,51,34,2017-08-27,,,98.0,99.0,98.0,99.0,,,,98.0,
WI,2017,52,35,2017-09-03,,,98.0,99.0,98.0,99.0,,,,2.0,
WI,2018,1,36,2017-09-10,,,0.0,1.0,0.0,0.0,,,,11.0,
WI,2018,2,37,2017-09-17,,,0.0,5.0,0.0,0.0,,,,22.0,
WI,2018,3,38,2017-09-24,,,0.0,18.0,0.0,0.0,,,,39.0,
WI,2018,4,39,2017-10-01,,,0.0,27.0,0.0,0.0,,,,53.0,
WI,2018,5,40,2017-10-08,,,0.0,37.0,0.0,0.0,,,,64.0,
WI,2018,6,41,2017-10-15,,,0.0,53.0,0.0,0.0,,,,77.0,
WI,2018,7,42,2017-10-22,,,0.0,66.0,0.0,0.0,,,,86.0,
WI,2018,8,43,2017-10-29,,,0.0,77.0,0.0,0.0,,,,92.0,
WI,2018,9,44,2017-11-05,,,0.0,84.0,0.0,0.0,,,,96.0,
WI,2018,10,45,2017-11-12,,,0.0,92.0,0.0,0.0,,,,96.0,
WI,2018,11,46,2017-11-19,,,0.0,96.0,0.0,0.0,,,,96.0,
WI,2018,12,47,2017-11-26,,,0.0,98.0,0.0,0.0,,,,96.0,
WI,2018,31,14,2018-04-08,,,0.0,98.0,0.0,0.0,,,,96.0,
WI,2018,32,15,2018-04-15,,,0.0,98.0,0.0,0.0,,,,96.0,
WI,2018,33,16,2018-04-22,,,0.0,98.0,0.0,0.0,,,,96.0,
WI,2018,34,17,2018-04-29,,,0.0,98.0,0.0,0.0,,,,96.0,
WI,2018,35,18,2018-05-06,,,0.0,98.0,0.0,0.0,,,,96.0,
WI,2018,36,19,2018-05-13,,,0.0,98.0,0.0,0.0,,,,96.0,
WI,2018,37,20,2018-05-20,,,0.0,98.0,0.0,0.0,,,,96.0,
WI,2018,38,21,2018-05-27,,,0.0,98.0,0.0,1.0,,,,96.0,
WI,2018,39,22,2018-06-03,,,0.0,98.0,0.0,17.0,,,,96.0,
WI,2018,40,23,2018-06-10,,,0.0,98.0,0.0,50.0,,,,96.0,
WI,2018,41,24,2018-06-17,,,4.0,98.0,0.0,72.0,,,,96.0,
WI,2018,42,25,2018-06-24,,,16.0,98.0,0.0,84.0,,,,96.0,
WI,2018,43,26,2018-07-01,,,50.0,98.0,0.0,93.0,,,,96.0,
WI,2018,44,27,2018-07-08,,,75.0,98.0,0.0,96.0,,,,96.0,
WI,2018,45,28,2018-07-15,,,90.0,98.0,6.0,98.0,,,,96.0,
WI,2018,46,29,2018-07-22,,,96.0,98.0,28.0,98.0,,,,96.0,
WI,2018,47,30,2018-07-29,,,96.0,98.0,60.0,98.0,,,,96.0,
WI,2018,48,31,2018-08-05,,,96.0,98.0,82.0,98.0,,,,96.0,
WI,2018,49,32,2018-08-12,,,96.0,98.0,92.0,98.0,,,,96.0,
WI,2018,50,33,2018-08-19,,,96.0,98.0,96.0,98.0,,,,96.0,
WI,2018,51,34,2018-08-26,,,96.0,98.0,98.0,98.0,,,,2.0,
WI,2018,52,35,2018-09-02,,,96.0,98.0,98.0,98.0,,,,5.0,
WI,2019,1,36,2018-09-09,,,0.0,2.0,0.0,0.0,,,,13.0,
WI,2019,2,37,2018-09-16,,,0.0,8.0,0.0,0.0,,,,23.0,
WI,2019,3,38,2018-09-23,,,0.0,16.0,0.0,0.0,,,,31.0,
WI,2019,4,39,2018-09-30,,,0.0,23.0,0.0,0.0,,,,46.0,
WI,2019,5,40,2018-10-07,,,0.0,33.0,0.0,0.0,,,,54.0,
WI,2019,6,41,2018-10-14,,,0.0,45.0,0.0,0.0,,,,63.0,
WI,2019,7,42,2018-10-21,,,0.0,55.0,0.0,0.0,,,,75.0,
WI,2019,8,43,2018-10-28,,,0.0,66.0,0.0,0.0,,,,86.0,
WI,2019,9,44,2018-11-04,,,0.0,74.0,0.0,0.0,,,,92.0,
WI,2019,10,45,2018-11-11,,,0.0,80.0,0.0,0.0,,,,95.0,
WI,2019,11,46,2018-11-18,,,0.0,88.0,0.0,0.0,,,,98.0,
WI,2019,12,47,2018-11-25,,,0.0,93.0,0.0,0.0,,,,98.0,
WI,2019,37,20,2019-05-19,,,0.0,93.0,0.0,0.0,,,,98.0,
WI,2019,38,21,2019-05-26,,,0.0,93.0,0.0,1.0,,,,98.0,
WI,2019,39,22,2019-06-02,,,0.0,93.0,0.0,7.0,,,,98.0,
WI,2019,40,23,2019-06-09,,,0.0,93.0,0.0,22.0,,,,98.0,
WI,2019,41,24,2019-06-16,,,1.0,93.0,0.0,48.0,,,,98.0,
WI,2019,42,25,2019-06-23,,,4.0,93.0,0.0,69.0,,,,98.0,
WI,2019,43,26,2019-06-30,,,18.0,93.0,0.0,81.0,,,,98.0,
WI,2019,44,27,2019-07-07,,,40.0,93.0,0.0,87.0,,,,98.0,
WI,2019,45,28,2019-07-14,,,66.0,93.0,0.0,93.0,,,,98.0,
WI,2019,46,29,2019-07-21,,,82.0,93.0,1.0,97.0,,,,98.0,
WI,2019,47,30,2019-07-28,,,94.0,93.0,10.0,97.0,,,,98.0,
WI,2019,48,31,2019-08-04,,,97.0,93.0,46.0,97.0,,,,98.0,
WI,2019,49,32,2019-08-11,,,98.0,93.0,69.0,97.0,,,,98.0,
WI,2019,50,33,2019-08-18,,,98.0,93.0,86.0,97.0,,,,98.0,
WI,2019,51,34,2019-08-25,,,98.0,93.0,94.0,97.0,,,,98.0,
WI,2019,52,35,2019-09-01,,,98.0,93.0,98.0,97.0,,,,2.0,
WI,2020,1,36,2019-09-08,,,0.0,0.0,99.0,0.0,,,,8.0,
WI,2020,2,37,2019-09-15,,,0.0,3.0,99.0,0.0,,,,10.0,
WI,2020,3,38,2019-09-22,,,0.0,8.0,99.0,0.0,,,,20.0,
WI,2020,4,39,2019-09-29,,,0.0,13.0,99.0,0.0,,,,24.0,
WI,2020,5,40,2019-10-06,,,0.0,18.0,99.0,0.0,,,,27.0,
WI,2020,6,41,2019-10-13,,,0.0,23.0,99.0,0.0,,,,37.0,
WI,2020,7,42,2019-10-20,,,0.0,34.0,99.0,0.0,,,,57.0,
WI,2020,8,43,2019-10-27,,,0.0,41.0,99.0,0.0,,,,69.0,
WI,2020,9,44,2019-11-03,,,0.0,49.0,99.0,0.0,,,,75.0,
WI,2020,10,45,2019-11-10,,,0.0,55.0,99.0,0.0,,,,80.0,
WI,2020,11,46,2019-11-17,,,0.0,60.0,99.0,0.0,,,,84.0,
WI,2020,12,47,2019-11-24,,,0.0,69.0,99.0,0.0,,,,84.0,
WI,2020,13,48,2019-12-01,,,0.0,74.0,99.0,0.0,,,,84.0,
WI,2020,35,18,2020-05-03,,,0.0,74.0,99.0,0.0,,,,84.0,
WI,2020,36,19,2020-05-10,,,0.0,74.0,99.0,0.0,,,,84.0,
WI,2020,37,20,2020-05-17,,,0.0,74.0,99.0,0.0,,,,84.0,
WI,2020,38,21,2020-05-24,,,0.0,74.0,99.0,1.0,,,,84.0,
WI,2020,39,22,2020-05-31,,,0.0,74.0,99.0,11.0,,,,84.0,
WI,2020,40,23,2020-06-07,,,0.0,74.0,99.0,31.0,,,,84.0,
WI,2020,41,24,2020-06-14,,,2.0,74.0,99.0,60.0,,,,84.0,
WI,2020,42,25,2020-06-21,,,13.0,74.0,99.0,74.0,,,,84.0,
WI,2020,43,26,2020-06-28,,,32.0,74.0,99.0,89.0,,,,84.0,
WI,2020,44,27,2020-07-05,,,65.0,74.0,0.0,96.0,,,,84.0,
WI,2020,45,28,2020-07-12,,,87.0,74.0,1.0,96.0,,,,84.0,
WI,2020,46,29,2020-07-19,,,97.0,74.0,9.0,96.0,,,,84.0,
WI,2020,47,30,2020-07-26,,,97.0,74.0,34.0,96.0,,,,84.0,
WI,2020,48,31,2020-08-02,,,97.0,74.0,62.0,96.0,,,,84.0,
WI,2020,49,32,2020-08-09,,,97.0,74.0,83.0,96.0,,,,84.0,
WI,2020,50,33,2020-08-16,,,97.0,74.0,94.0,96.0,,,,84.0,
WI,2020,51,34,2020-08-23,,,97.0,74.0,98.0,96.0,,,,1.0,
WI,2020,52,35,2020-08-30,,,97.0,74.0,98.0,96.0,,,,12.0,
WI,2021,1,36,2020-09-06,,,0.0,0.0,0.0,0.0,,,,22.0,
WI,2021,2,37,2020-09-13,,,0.0,4.0,0.0,0.0,,,,33.0,
WI,2021,3,38,2020-09-20,,,0.0,16.0,0.0,0.0,,,,48.0,
WI,2021,4,39,2020-09-27,,,0.0,28.0,0.0,0.0,,,,58.0,
WI,2021,5,40,2020-10-04,,,0.0,42.0,0.0,0.0,,,,68.0,
WI,2021,6,41,2020-10-11,,,0.0,55.0,0.0,0.0,,,,78.0,
WI,2021,7,42,2020-10-18,,,0.0,65.0,0.0,0.0,,,,86.0,
WI,2021,8,43,2020-10-25,,,0.0,71.0,0.0,0.0,,,,94.0,
WI,2021,9,44,2020-11-01,,,0.0,78.0,0.0,0.0,,,,97.0,
WI,2021,10,45,2020-11-08,,,0.0,88.0,0.0,0.0,,,,97.0,
WI,2021,11,46,2020-11-15,,,0.0,93.0,0.0,0.0,,,,97.0,
WI,2021,12,47,2020-11-22,,,0.0,96.0,0.0,0.0,,,,97.0,
WI,2021,13,48,2020-11-29,,,0.0,97.0,0.0,0.0,,,,97.0,
WI,2021,36,19,2021-05-16,,,0.0,97.0,0.0,1.0,,,,97.0,
WI,2021,37,20,2021-05-23,,,0.0,97.0,0.0,12.0,,,,97.0,
WI,2021,38,21,2021-05-30,,,2.0,97.0,0.0,34.0,,,,97.0,
WI,2021,39,22,2021-06-06,,,3.0,97.0,0.0,65.0,,,,97.0,
WI,2021,40,23,2021-06-13,,,13.0,97.0,0.0,84.0,,,,97.0,
WI,2021,41,24,2021-06-20,,,44.0,97.0,0.0,93.0,,,,97.0,
WI,2021,42,25,2021-06-27,,,70.0,97.0,0.0,98.0,,,,97.0,
WI,2021,43,26,2021-07-04,,,86.0,97.0,4.0,98.0,,,,97.0,
WI,2021,44,27,2021-07-11,,,93.0,97.0,9.0,98.0,,,,97.0,
WI,2021,45,28,2021-07-18,,,96.0,97.0,25.0,98.0,,,,97.0,
WI,2021,46,29,2021-07-25,,,96.0,97.0,62.0,98.0,,,,97.0,
WI,2021,47,30,2021-08-01,,,96.0,97.0,80.0,98.0,,,,97.0,
WI,2021,48,31,2021-08-08,,,96.0,97.0,89.0,98.0,,,,97.0,
WI,2021,49,32,2021-08-15,,,96.0,97.0,96.0,98.0,,,,97.0,
WI,2021,50,33,2021-08-22,,,96.0,97.0,98.0,98.0,,,,97.0,
WI,2021,51,34,2021-08-29,,,96.0,97.0,98.0,98.0,,,,5.0,
WI,2021,52,35,2021-09-05,,,96.0,2.0,98.0,98.0,,,,11.0,
WI,2022,1,36,2021-09-12,,,0.0,9.0,0.0,0.0,,,,20.0,
WI,2022,2,37,2021-09-19,,,0.0,12.0,0.0,0.0,,,,29.0,
WI,2022,3,38,2021-09-26,,,0.0,18.0,0.0,0.0,,,,42.0,
WI,2022,4,39,2021-10-03,,,0.0,29.0,0.0,0.0,,,,59.0,
WI,2022,5,40,2021-10-10,,,0.0,47.0,0.0,0.0,,,,74.0,
WI,2022,6,41,2021-10-17,,,0.0,66.0,0.0,0.0,,,,86.0,
WI,2022,7,42,2021-10-24,,,0.0,74.0,0.0,0.0,,,,93.0,
WI,2022,8,43,2021-10-31,,,0.0,85.0,0.0,0.0,,,,97.0,
WI,2022,9,44,2021-11-07,,,0.0,92.0,0.0,0.0,,,,97.0,
WI,2022,10,45,2021-11-14,,,0.0,96.0,0.0,0.0,,,,97.0,
WI,2022,30,13,2022-04-03,,,0.0,96.0,0.0,0.0,,,,97.0,
WI,2022,31,14,2022-04-10,,,0.0,96.0,0.0,0.0,,,,97.0,
WI,2022,32,15,2022-04-17,,,0.0,96.0,0.0,0.0,,,,97.0,
WI,2022,33,16,2022-04-24,,,0.0,96.0,0.0,0.0,,,,97.0,
WI,2022,34,17,2022-05-01,,,0.0,96.0,0.0,0.0,,,,97.0,
WI,2022,35,18,2022-05-08,,,0.0,96.0,0.0,0.0,,,,97.0,
WI,2022,36,19,2022-05-15,,,0.0,96.0,0.0,0.0,,,,97.0,
WI,2022,37,20,2022-05-22,,,0.0,96.0,0.0,0.0,,,,97.0,
WI,2022,38,21,2022-05-29,,,0.0,96.0,0.0,7.0,,,,97.0,
WI,2022,39,22,2022-06-05,,,0.0,96.0,0.0,19.0,,,,97.0,
WI,2022,40,23,2022-06-12,,,1.0,96.0,0.0,47.0,,,,97.0,
WI,2022,41,24,2022-06-19,,,7.0,96.0,0.0,75.0,,,,97.0,
WI,2022,42,25,2022-06-26,,,28.0,96.0,0.0,89.0,,,,97.0,
WI,2022,43,26,2022-07-03,,,55.0,96.0,0.0,97.0,,,,97.0,
WI,2022,44,27,2022-07-10,,,79.0,96.0,0.0,97.0,,,,97.0,
WI,2022,45,28,2022-07-17,,,92.0,96.0,5.0,97.0,,,,97.0,
WI,2022,46,29,2022-07-24,,,97.0,96.0,26.0,97.0,,,,97.0,
WI,2022,47,30,2022-07-31,,,99.0,96.0,56.0,97.0,,,,97.0,
WI,2022,48,31,2022-08-07,,,99.0,96.0,76.0,97.0,,,,97.0,
WI,2022,49,32,2022-08-14,,,99.0,96.0,86.0,97.0,,,,97.0,
WI,2022,50,33,2022-08-21,,,99.0,96.0,93.0,97.0,,,,97.0,
WI,2022,51,34,2022-08-28,,,99.0,96.0,96.0,97.0,,,,0.0,
WI,2022,52,35,2022-09-04,,,99.0,96.0,99.0,97.0,,,,1.0,
WI,2023,1,36,2022-09-11,,,0.0,2.0,0.0,0.0,,,,8.0,
WI,2023,2,37,2022-09-18,,,0.0,5.0,0.0,0.0,,,,21.0,
WI,2023,3,38,2022-09-25,,,0.0,23.0,0.0,0.0,,,,39.0,
WI,2023,4,39,2022-10-02,,,0.0,35.0,0.0,0.0,,,,54.0,
WI,2023,5,40,2022-10-09,,,0.0,46.0,0.0,0.0,,,,77.0,
WI,2023,6,41,2022-10-16,,,0.0,56.0,0.0,0.0,,,,83.0,
WI,2023,7,42,2022-10-23,,,0.0,67.0,0.0,0.0,,,,91.0,
WI,2023,8,43,2022-10-30,,,0.0,79.0,0.0,0.0,,,,96.0,
WI,2023,9,44,2022-11-06,,,0.0,88.0,0.0,0.0,,,,98.0,
WI,2023,10,45,2022-11-13,,,0.0,94.0,0.0,0.0,,,,98.0,
WI,2023,11,46,2022-11-20,,,0.0,95.0,0.0,0.0,,,,98.0,
WI,2023,12,47,2022-11-27,,,0.0,98.0,0.0,0.0,,,,98.0,
WI,2023,36,19,2023-05-14,,,0.0,98.0,0.0,0.0,,,,98.0,
WI,2023,37,20,2023-05-21,,,0.0,98.0,0.0,2.0,,,,98.0,
WI,2023,38,21,2023-05-28,,,0.0,98.0,0.0,10.0,,,,98.0,
WI,2023,39,22,2023-06-04,,,0.0,98.0,0.0,39.0,,,,98.0,
WI,2023,40,23,2023-06-11,,,0.0,98.0,0.0,68.0,,,,98.0,
WI,2023,41,24,2023-06-18,,,9.0,98.0,0.0,88.0,,,,98.0,
WI,2023,42,25,2023-06-25,,,37.0,98.0,0.0,93.0,,,,98.0,
WI,2023,43,26,2023-07-02,,,62.0,98.0,0.0,97.0,,,,98.0,
WI,2023,44,27,2023-07-09,,,82.0,98.0,2.0,97.0,,,,98.0,
WI,2023,45,28,2023-07-16,,,91.0,98.0,9.0,97.0,,,,98.0,
WI,2023,46,29,2023-07-23,,,96.0,98.0,24.0,97.0,,,,98.0,
WI,2023,47,30,2023-07-30,,,98.0,98.0,49.0,97.0,,,,98.0,
WI,2023,48,31,2023-08-06,,,98.0,98.0,76.0,97.0,,,,98.0,
WI,2023,49,32,2023-08-13,,,98.0,98.0,88.0,97.0,,,,98.0,
WI,2023,50,33,2023-08-20,,,98.0,98.0,95.0,97.0,,,,98.0,
WI,2023,51,34,2023-08-27,,,98.0,98.0,98.0,97.0,,,,1.0,
WI,2023,52,35,2023-09-03,,,98.0,98.0,98.0,97.0,,,,6.0,
WI,2024,1,36,2023-09-10,,,0.0,2.0,0.0,0.0,,,,18.0,
WI,2024,2,37,2023-09-17,,,0.0,8.0,0.0,0.0,,,,28.0,
WI,2024,3,38,2023-09-24,,,0.0,16.0,0.0,0.0,,,,39.0,
WI,2024,4,39,2023-10-01,,,0.0,29.0,0.0,0.0,,,,50.0,
WI,2024,5,40,2023-10-08,,,0.0,38.0,0.0,0.0,,,,62.0,
WI,2024,6,41,2023-10-15,,,0.0,49.0,0.0,0.0,,,,74.0,
WI,2024,7,42,2023-10-22,,,0.0,61.0,0.0,0.0,,,,86.0,
WI,2024,8,43,2023-10-29,,,0.0,72.0,0.0,0.0,,,,93.0,
WI,2024,9,44,2023-11-05,,,0.0,81.0,0.0,0.0,,,,97.0,
WI,2024,10,45,2023-11-12,,,0.0,90.0,0.0,0.0,,,,97.0,
WI,2024,11,46,2023-11-19,,,0.0,94.0,0.0,0.0,,,,97.0,
WI,2024,12,47,2023-11-26,,,0.0,97.0,0.0,0.0,,,,97.0,
WI,2024,30,13,2024-03-31,,,0.0,0.0,0.0,0.0,,,,97.0,
WI,2024,36,19,2024-05-12,,,0.0,0.0,0.0,1.0,,,,97.0,
WI,2024,37,20,2024-05-19,,,0.0,0.0,0.0,5.0,,,,97.0,
WI,2024,38,21,2024-05-26,,,0.0,0.0,0.0,23.0,,,,97.0,
WI,2024,39,22,2024-06-02,,,0.0,0.0,0.0,49.0,,,,97.0,
WI,2024,40,23,2024-06-09,,,2.0,0.0,0.0,81.0,,,,97.0,
WI,2024,41,24,2024-06-16,,,13.0,0.0,0.0,92.0,,,,97.0,
WI,2024,42,25,2024-06-23,,,35.0,0.0,0.0,97.0,,,,97.0,
WI,2024,43,26,2024-06-30,,,61.0,0.0,0.0,98.0,,,,97.0,
WI,2024,44,27,2024-07-07,,,90.0,0.0,1.0,98.0,,,,97.0,
WI,2024,45,28,2024-07-14,,,97.0,0.0,7.0,98.0,,,,97.0,
WI,2024,46,29,2024-07-21,,,97.0,0.0,31.0,98.0,,,,97.0,
WI,2024,47,30,2024-07-28,,,97.0,0.0,68.0,98.0,,,,97.0,
WI,2024,48,31,2024-08-04,,,97.0,0.0,86.0,98.0,,,,97.0,
WI,2024,49,32,2024-08-11,,,97.0,0.0,94.0,98.0,,,,97.0,
WI,2024,50,33,2024-08-18,,,97.0,0.0,97.0,98.0,,,,97.0,
WI,2024,51,34,2024-08-25,,,97.0,0.0,97.0,98.0,,,,1.0,
WI,2024,52,35,2024-09-01,,,97.0,0.0,97.0,98.0,,,,5.0,
WI,2025,1,36,2024-09-08,,,0.0,4.0,0.0,0.0,,,,11.0,
WI,2025,2,37,2024-09-15,,,0.0,8.0,0.0,0.0,,,,23.0,
WI,2025,3,38,2024-09-22,,,0.0,18.0,0.0,0.0,,,,34.0,
WI,2025,4,39,2024-09-29,,,0.0,28.0,0.0,0.0,,,,47.0,
WI,2025,5,40,2024-10-06,,,0.0,36.0,0.0,0.0,,,,63.0,
WI,2025,6,41,2024-10-13,,,0.0,49.0,0.0,0.0,,,,80.0,
WI,2025,7,42,2024-10-20,,,0.0,62.0,0.0,0.0,,,,91.0,
WI,2025,8,43,2024-10-27,,,0.0,74.0,0.0,0.0,,,,96.0,
WI,2025,9,44,2024-11-03,,,0.0,82.0,0.0,0.0,,,,96.0,
WI,2025,10,45,2024-11-10,,,0.0,89.0,0.0,0.0,,,,96.0,
WI,2025,11,46,2024-11-17,,,0.0,94.0,0.0,0.0,,,,96.0,
WI,2025,12,47,2024-11-24,,,0.0,97.0,0.0,0.0,,,,96.0,
WI,2025,36,19,2025-05-11,,,0.0,97.0,0.0,3.0,,,,96.0,
WI,2025,37,20,2025-05-18,,,0.0,97.0,0.0,6.0,,,,96.0,
WI,2025,38,21,2025-05-25,,,0.0,97.0,0.0,15.0,,,,96.0,
WI,2025,39,22,2025-06-01,,,0.0,97.0,0.0,26.0,,,,96.0,
WI,2025,40,23,2025-06-08,,,2.0,97.0,0.0,52.0,,,,96.0,
WI,2025,41,24,2025-06-15,,,8.0,97.0,0.0,83.0,,,,96.0,
WI,2025,42,25,2025-06-22,,,15.0,97.0,0.0,91.0,,,,96.0,
WI,2025,43,26,2025-06-29,,,41.0,97.0,0.0,95.0,,,,96.0,
WI,2025,44,27,2025-07-06,,,80.0,97.0,0.0,99.0,,,,96.0,
WI,2025,45,28,2025-07-13,,,92.0,97.0,3.0,99.0,,,,96.0,
WI,2025,46,29,2025-07-20,,,97.0,97.0,14.0,99.0,,,,96.0,
WI,2025,47,30,2025-07-27,,,97.0,97.0,37.0,99.0,,,,96.0,
WI,2025,48,31,2025-08-03,,,97.0,97.0,67.0,99.0,,,,96.0,
WI,2025,49,32,2025-08-10,,,97.0,97.0,89.0,99.0,,,,96.0,
WI,2025,50,33,2025-08-17,,,97.0,97.0,94.0,99.0,,,,96.0,
WI,2025,51,34,2025-08-24,,,97.0,97.0,98.0,99.0,,,,96.0,
WI,2025,52,35,2025-08-31,,,97.0,97.0,98.0,99.0,,,,2.0,
WI,2026,1,36,2025-09-07,,,0.0,0.0,0.0,0.0,,,,9.0,
WI,2026,2,37,2025-09-14,,,0.0,4.0,0.0,0.0,,,,16.0,
WI,2026,3,38,2025-09-21,,,0.0,10.0,0.0,0.0,,,,29.0,
WI,2026,4,39,2025-09-28,,,0.0,20.0,0.0,0.0,,,,43.0,
WI,2026,11,46,2025-11-16,,,0.0,87.0,0.0,0.0,,,,43.0,
WI,2026,12,47,2025-11-23,,,0.0,92.0,0.0,0.0,,,,43.0,
WV,2016,5,40,2015-10-04,,,,0.0,0.0,0.0,,,,5.0,
WV,2016,6,41,2015-10-11,,,,0.0,0.0,0.0,,,,13.0,
WV,2016,7,42,2015-10-18,,,,10.0,0.0,0.0,,,,31.0,
WV,2016,8,43,2015-10-25,,,,20.0,0.0,0.0,,,,39.0,
WV,2016,9,44,2015-11-01,,,,35.0,0.0,0.0,,,,60.0,
WV,2016,10,45,2015-11-08,,,,50.0,0.0,0.0,,,,78.0,
WV,2016,11,46,2015-11-15,,,,65.0,0.0,0.0,,,,85.0,
WV,2016,12,47,2015-11-22,,,,71.0,0.0,0.0,,,,90.0,
WV,2016,13,48,2015-11-29,,,,78.0,0.0,0.0,,,,95.0,
WV,2016,31,14,2016-04-10,,,,78.0,0.0,0.0,,,,95.0,
WV,2016,32,15,2016-04-17,,,,78.0,0.0,0.0,,,,95.0,
WV,2016,33,16,2016-04-24,,,,78.0,0.0,7.0,,,,95.0,
WV,2016,34,17,2016-05-01,,,,78.0,0.0,8.0,,,,95.0,
WV,2016,35,18,2016-05-08,,,,78.0,0.0,14.0,,,,95.0,
WV,2016,36,19,2016-05-15,,,,78.0,0.0,22.0,,,,95.0,
WV,2016,37,20,2016-05-22,,,,78.0,0.0,26.0,,,,95.0,
WV,2016,38,21,2016-05-29,,,,78.0,0.0,40.0,,,,95.0,
WV,2016,39,22,2016-06-05,,,,78.0,0.0,46.0,,,,95.0,
WV,2016,40,23,2016-06-12,,,,78.0,0.0,63.0,,,,95.0,
WV,2016,41,24,2016-06-19,,,,78.0,4.0,80.0,,,,95.0,
WV,2016,42,25,2016-06-26,,,,78.0,12.0,92.0,,,,95.0,
WV,2016,43,26,2016-07-03,,,,78.0,43.0,96.0,,,,95.0,
WV,2016,44,27,2016-07-10,,,,78.0,59.0,96.0,,,,95.0,
WV,2016,45,28,2016-07-17,,,,78.0,64.0,96.0,,,,95.0,
WV,2016,46,29,2016-07-24,,,,78.0,76.0,96.0,,,,95.0,
WV,2016,47,30,2016-07-31,,,,78.0,83.0,96.0,,,,95.0,
WV,2016,48,31,2016-08-07,,,,78.0,87.0,96.0,,,,95.0,
WV,2016,49,32,2016-08-14,,,,78.0,95.0,96.0,,,,95.0,
WV,2017,4,39,2016-10-02,,,,0.0,0.0,0.0,,,,4.0,
WV,2017,5,40,2016-10-09,,,,0.0,0.0,0.0,,,,19.0,
WV,2017,6,41,2016-10-16,,,,4.0,0.0,0.0,,,,30.0,
WV,2017,7,42,2016-10-23,,,,20.0,0.0,0.0,,,,41.0,
WV,2017,8,43,2016-10-30,,,,32.0,0.0,0.0,,,,52.0,
WV,2017,9,44,2016-11-06,,,,40.0,0.0,0.0,,,,57.0,
WV,2017,10,45,2016-11-13,,,,58.0,0.0,0.0,,,,70.0,
WV,2017,11,46,2016-11-20,,,,77.0,0.0,0.0,,,,89.0,
WV,2017,12,47,2016-11-27,,,,87.0,0.0,0.0,,,,96.0,
WV,2017,31,14,2017-04-09,,,,87.0,0.0,2.0,,,,96.0,
WV,2017,32,15,2017-04-16,,,,87.0,0.0,12.0,,,,96.0,
WV,2017,33,16,2017-04-23,,,,87.0,0.0,21.0,,,,96.0,
WV,2017,34,17,2017-04-30,,,,87.0,0.0,30.0,,,,96.0,
WV,2017,35,18,2017-05-07,,,,87.0,0.0,40.0,,,,96.0,
WV,2017,36,19,2017-05-14,,,,87.0,0.0,58.0,,,,96.0,
WV,2017,37,20,2017-05-21,,,,87.0,0.0,74.0,,,,96.0,
WV,2017,38,21,2017-05-28,,,,87.0,0.0,85.0,,,,96.0,
WV,2017,39,22,2017-06-04,,,,87.0,0.0,89.0,,,,96.0,
WV,2017,40,23,2017-06-11,,,,87.0,2.0,96.0,,,,96.0,
WV,2017,41,24,2017-06-18,,,,87.0,3.0,96.0,,,,96.0,
WV,2017,42,25,2017-06-25,,,,87.0,6.0,96.0,,,,96.0,
WV,2017,43,26,2017-07-02,,,,87.0,35.0,96.0,,,,96.0,
WV,2017,44,27,2017-07-09,,,,87.0,63.0,96.0,,,,96.0,
WV,2017,45,28,2017-07-16,,,,87.0,73.0,96.0,,,,96.0,
WV,2017,46,29,2017-07-23,,,,87.0,90.0,96.0,,,,96.0,
WV,2017,47,30,2017-07-30,,,,87.0,95.0,96.0,,,,96.0,
WV,2018,5,40,2017-10-08,,,,0.0,0.0,0.0,,,,6.0,
WV,2018,6,41,2017-10-15,,,,0.0,0.0,0.0,,,,14.0,
WV,2018,7,42,2017-10-22,,,,5.0,0.0,0.0,,,,30.0,
WV,2018,8,43,2017-10-29,,,,19.0,0.0,0.0,,,,52.0,
WV,2018,9,44,2017-11-05,,,,40.0,0.0,0.0,,,,65.0,
WV,2018,10,45,2017-11-12,,,,50.0,0.0,0.0,,,,78.0,
WV,2018,11,46,2017-11-19,,,,57.0,0.0,0.0,,,,91.0,
WV,2018,12,47,2017-11-26,,,,68.0,0.0,0.0,,,,94.0,
WV,2018,31,14,2018-04-08,,,,68.0,0.0,0.0,,,,94.0,
WV,2018,32,15,2018-04-15,,,,68.0,0.0,0.0,,,,94.0,
WV,2018,33,16,2018-04-22,,,,68.0,0.0,7.0,,,,94.0,
WV,2018,34,17,2018-04-29,,,,68.0,0.0,12.0,,,,94.0,
WV,2018,35,18,2018-05-06,,,,68.0,0.0,15.0,,,,94.0,
WV,2018,36,19,2018-05-13,,,,68.0,0.0,25.0,,,,94.0,
WV,2018,37,20,2018-05-20,,,,68.0,0.0,30.0,,,,94.0,
WV,2018,38,21,2018-05-27,,,,68.0,0.0,50.0,,,,94.0,
WV,2018,39,22,2018-06-03,,,,68.0,0.0,57.0,,,,94.0,
WV,2018,40,23,2018-06-10,,,,68.0,0.0,63.0,,,,94.0,
WV,2018,41,24,2018-06-17,,,,68.0,8.0,67.0,,,,94.0,
WV,2018,42,25,2018-06-24,,,,68.0,14.0,70.0,,,,94.0,
WV,2018,43,26,2018-07-01,,,,68.0,20.0,83.0,,,,94.0,
WV,2018,44,27,2018-07-08,,,,68.0,38.0,93.0,,,,94.0,
WV,2018,45,28,2018-07-15,,,,68.0,54.0,95.0,,,,94.0,
WV,2018,46,29,2018-07-22,,,,68.0,66.0,95.0,,,,94.0,
WV,2018,47,30,2018-07-29,,,,68.0,73.0,95.0,,,,94.0,
WV,2018,48,31,2018-08-05,,,,68.0,81.0,95.0,,,,94.0,
WV,2018,49,32,2018-08-12,,,,68.0,90.0,95.0,,,,94.0,
WV,2018,50,33,2018-08-19,,,,68.0,95.0,95.0,,,,94.0,
WV,2019,5,40,2018-10-07,,,,0.0,0.0,0.0,,,,5.0,
WV,2019,6,41,2018-10-14,,,,0.0,0.0,0.0,,,,10.0,
WV,2019,7,42,2018-10-21,,,,3.0,0.0,0.0,,,,22.0,
WV,2019,8,43,2018-10-28,,,,15.0,0.0,0.0,,,,35.0,
WV,2019,9,44,2018-11-04,,,,28.0,0.0,0.0,,,,48.0,
WV,2019,10,45,2018-11-11,,,,38.0,0.0,0.0,,,,54.0,
WV,2019,11,46,2018-11-18,,,,44.0,0.0,0.0,,,,60.0,
WV,2019,12,47,2018-11-25,,,,50.0,0.0,0.0,,,,67.0,
WV,2019,31,14,2019-04-07,,,,50.0,0.0,0.0,,,,67.0,
WV,2019,32,15,2019-04-14,,,,50.0,0.0,0.0,,,,67.0,
WV,2019,33,16,2019-04-21,,,,50.0,0.0,0.0,,,,67.0,
WV,2019,34,17,2019-04-28,,,,50.0,0.0,2.0,,,,67.0,
WV,2019,35,18,2019-05-05,,,,50.0,0.0,3.0,,,,67.0,
WV,2019,36,19,2019-05-12,,,,50.0,0.0,11.0,,,,67.0,
WV,2019,37,20,2019-05-19,,,,50.0,0.0,19.0,,,,67.0,
WV,2019,38,21,2019-05-26,,,,50.0,0.0,24.0,,,,67.0,
WV,2019,39,22,2019-06-02,,,,50.0,0.0,29.0,,,,67.0,
WV,2019,40,23,2019-06-09,,,,50.0,0.0,37.0,,,,67.0,
WV,2019,41,24,2019-06-16,,,,50.0,0.0,63.0,,,,67.0,
WV,2019,42,25,2019-06-23,,,,50.0,0.0,74.0,,,,67.0,
WV,2019,43,26,2019-06-30,,,,50.0,15.0,82.0,,,,67.0,
WV,2019,44,27,2019-07-07,,,,50.0,36.0,90.0,,,,67.0,
WV,2019,45,28,2019-07-14,,,,50.0,48.0,94.0,,,,67.0,
WV,2019,46,29,2019-07-21,,,,50.0,58.0,94.0,,,,67.0,
WV,2019,47,30,2019-07-28,,,,50.0,64.0,94.0,,,,67.0,
WV,2019,48,31,2019-08-04,,,,50.0,77.0,94.0,,,,67.0,
WV,2019,49,32,2019-08-11,,,,50.0,88.0,94.0,,,,67.0,
WV,2019,50,33,2019-08-18,,,,50.0,93.0,94.0,,,,67.0,
WV,2019,51,34,2019-08-25,,,,50.0,96.0,94.0,,,,67.0,
WV,2020,4,39,2019-09-29,,,,0.0,0.0,0.0,,,,6.0,
WV,2020,5,40,2019-10-06,,,,0.0,0.0,0.0,,,,21.0,
WV,2020,6,41,2019-10-13,,,,5.0,0.0,0.0,,,,33.0,
WV,2020,7,42,2019-10-20,,,,20.0,0.0,0.0,,,,47.0,
WV,2020,8,43,2019-10-27,,,,33.0,0.0,0.0,,,,61.0,
WV,2020,9,44,2019-11-03,,,,46.0,0.0,0.0,,,,73.0,
WV,2020,10,45,2019-11-10,,,,60.0,0.0,0.0,,,,80.0,
WV,2020,11,46,2019-11-17,,,,71.0,0.0,0.0,,,,85.0,
WV,2020,12,47,2019-11-24,,,,78.0,0.0,0.0,,,,91.0,
WV,2020,32,15,2020-04-12,,,,78.0,0.0,4.0,,,,91.0,
WV,2020,33,16,2020-04-19,,,,78.0,0.0,7.0,,,,91.0,
WV,2020,34,17,2020-04-26,,,,78.0,0.0,13.0,,,,91.0,
WV,2020,35,18,2020-05-03,,,,78.0,0.0,21.0,,,,91.0,
WV,2020,36,19,2020-05-10,,,,78.0,0.0,28.0,,,,91.0,
WV,2020,37,20,2020-05-17,,,,78.0,0.0,30.0,,,,91.0,
WV,2020,38,21,2020-05-24,,,,78.0,0.0,34.0,,,,91.0,
WV,2020,39,22,2020-05-31,,,,78.0,0.0,39.0,,,,91.0,
WV,2020,40,23,2020-06-07,,,,78.0,0.0,41.0,,,,91.0,
WV,2020,41,24,2020-06-14,,,,78.0,0.0,50.0,,,,91.0,
WV,2020,42,25,2020-06-21,,,,78.0,0.0,58.0,,,,91.0,
WV,2020,43,26,2020-06-28,,,,78.0,0.0,70.0,,,,91.0,
WV,2020,44,27,2020-07-05,,,,78.0,10.0,80.0,,,,91.0,
WV,2020,45,28,2020-07-12,,,,78.0,25.0,89.0,,,,91.0,
WV,2020,46,29,2020-07-19,,,,78.0,40.0,96.0,,,,91.0,
WV,2020,47,30,2020-07-26,,,,78.0,50.0,96.0,,,,91.0,
WV,2020,48,31,2020-08-02,,,,78.0,65.0,96.0,,,,91.0,
WV,2020,49,32,2020-08-09,,,,78.0,75.0,96.0,,,,91.0,
WV,2020,50,33,2020-08-16,,,,78.0,92.0,96.0,,,,91.0,
WV,2020,51,34,2020-08-23,,,,78.0,95.0,96.0,,,,91.0,
WV,2021,5,40,2020-10-04,,,,0.0,0.0,0.0,,,,5.0,
WV,2021,6,41,2020-10-11,,,,0.0,0.0,0.0,,,,12.0,
WV,2021,7,42,2020-10-18,,,,4.0,0.0,0.0,,,,28.0,
WV,2021,8,43,2020-10-25,,,,15.0,0.0,0.0,,,,41.0,
WV,2021,9,44,2020-11-01,,,,22.0,0.0,0.0,,,,55.0,
WV,2021,10,45,2020-11-08,,,,31.0,0.0,0.0,,,,69.0,
WV,2021,11,46,2020-11-15,,,,42.0,0.0,0.0,,,,82.0,
WV,2021,12,47,2020-11-22,,,,51.0,0.0,0.0,,,,90.0,
WV,2021,13,48,2020-11-29,,,,60.0,0.0,0.0,,,,97.0,
WV,2021,31,14,2021-04-11,,,,60.0,0.0,6.0,,,,97.0,
WV,2021,32,15,2021-04-18,,,,60.0,0.0,17.0,,,,97.0,
WV,2021,33,16,2021-04-25,,,,60.0,0.0,27.0,,,,97.0,
WV,2021,34,17,2021-05-02,,,,60.0,0.0,37.0,,,,97.0,
WV,2021,35,18,2021-05-09,,,,60.0,0.0,46.0,,,,97.0,
WV,2021,36,19,2021-05-16,,,,60.0,0.0,56.0,,,,97.0,
WV,2021,37,20,2021-05-23,,,,60.0,0.0,63.0,,,,97.0,
WV,2021,38,21,2021-05-30,,,,60.0,0.0,68.0,,,,97.0,
WV,2021,39,22,2021-06-06,,,,60.0,4.0,82.0,,,,97.0,
WV,2021,40,23,2021-06-13,,,,60.0,8.0,93.0,,,,97.0,
WV,2021,41,24,2021-06-20,,,,60.0,18.0,96.0,,,,97.0,
WV,2021,42,25,2021-06-27,,,,60.0,28.0,96.0,,,,97.0,
WV,2021,43,26,2021-07-04,,,,60.0,37.0,96.0,,,,97.0,
WV,2021,44,27,2021-07-11,,,,60.0,56.0,96.0,,,,97.0,
WV,2021,45,28,2021-07-18,,,,60.0,67.0,96.0,,,,97.0,
WV,2021,46,29,2021-07-25,,,,60.0,80.0,96.0,,,,97.0,
WV,2021,47,30,2021-08-01,,,,60.0,90.0,96.0,,,,97.0,
WV,2021,48,31,2021-08-08,,,,60.0,95.0,96.0,,,,97.0,
WV,2021,52,35,2021-09-05,,,,60.0,95.0,96.0,,,,4.0,
WV,2022,1,36,2021-09-12,,,,0.0,0.0,0.0,,,,13.0,
WV,2022,2,37,2021-09-19,,,,4.0,0.0,0.0,,,,22.0,
WV,2022,3,38,2021-09-26,,,,14.0,0.0,0.0,,,,36.0,
WV,2022,4,39,2021-10-03,,,,28.0,0.0,0.0,,,,49.0,
WV,2022,5,40,2021-10-10,,,,39.0,0.0,0.0,,,,58.0,
WV,2022,6,41,2021-10-17,,,,48.0,0.0,0.0,,,,69.0,
WV,2022,7,42,2021-10-24,,,,59.0,0.0,0.0,,,,80.0,
WV,2022,8,43,2021-10-31,,,,69.0,0.0,0.0,,,,95.0,
WV,2022,9,44,2021-11-07,,,,79.0,0.0,0.0,,,,95.0,
WV,2022,10,45,2021-11-14,,,,87.0,0.0,0.0,,,,95.0,
WV,2022,11,46,2021-11-21,,,,93.0,0.0,0.0,,,,95.0,
WV,2022,12,47,2021-11-28,,,,97.0,0.0,0.0,,,,95.0,
WV,2022,31,14,2022-04-10,,,,97.0,0.0,4.0,,,,95.0,
WV,2022,32,15,2022-04-17,,,,97.0,0.0,20.0,,,,95.0,
WV,2022,33,16,2022-04-24,,,,97.0,0.0,33.0,,,,95.0,
WV,2022,34,17,2022-05-01,,,,97.0,0.0,40.0,,,,95.0,
WV,2022,35,18,2022-05-08,,,,97.0,0.0,48.0,,,,95.0,
WV,2022,36,19,2022-05-15,,,,97.0,0.0,55.0,,,,95.0,
WV,2022,37,20,2022-05-22,,,,97.0,0.0,65.0,,,,95.0,
WV,2022,38,21,2022-05-29,,,,97.0,0.0,74.0,,,,95.0,
WV,2022,39,22,2022-06-05,,,,97.0,0.0,86.0,,,,95.0,
WV,2022,40,23,2022-06-12,,,,97.0,0.0,91.0,,,,95.0,
WV,2022,41,24,2022-06-19,,,,97.0,8.0,97.0,,,,95.0,
WV,2022,42,25,2022-06-26,,,,97.0,14.0,97.0,,,,95.0,
WV,2022,43,26,2022-07-03,,,,97.0,25.0,97.0,,,,95.0,
WV,2022,44,27,2022-07-10,,,,97.0,40.0,97.0,,,,95.0,
WV,2022,45,28,2022-07-17,,,,97.0,55.0,97.0,,,,95.0,
WV,2022,46,29,2022-07-24,,,,97.0,65.0,97.0,,,,95.0,
WV,2022,47,30,2022-07-31,,,,97.0,78.0,97.0,,,,95.0,
WV,2022,48,31,2022-08-07,,,,97.0,89.0,97.0,,,,95.0,
WV,2022,49,32,2022-08-14,,,,97.0,95.0,97.0,,,,95.0,
WV,2022,52,35,2022-09-04,,,,97.0,95.0,97.0,,,,4.0,
WV,2023,1,36,2022-09-11,,,,0.0,0.0,0.0,,,,12.0,
WV,2023,2,37,2022-09-18,,,,5.0,0.0,0.0,,,,25.0,
WV,2023,3,38,2022-09-25,,,,9.0,0.0,0.0,,,,37.0,
WV,2023,4,39,2022-10-02,,,,19.0,0.0,0.0,,,,47.0,
WV,2023,5,40,2022-10-09,,,,29.0,0.0,0.0,,,,58.0,
WV,2023,6,41,2022-10-16,,,,39.0,0.0,0.0,,,,72.0,
WV,2023,7,42,2022-10-23,,,,49.0,0.0,0.0,,,,88.0,
WV,2023,8,43,2022-10-30,,,,59.0,0.0,0.0,,,,96.0,
WV,2023,9,44,2022-11-06,,,,69.0,0.0,0.0,,,,96.0,
WV,2023,10,45,2022-11-13,,,,77.0,0.0,0.0,,,,96.0,
WV,2023,11,46,2022-11-20,,,,87.0,0.0,0.0,,,,96.0,
WV,2023,12,47,2022-11-27,,,,91.0,0.0,0.0,,,,96.0,
WV,2023,30,13,2023-04-02,,,,91.0,0.0,5.0,,,,96.0,
WV,2023,31,14,2023-04-09,,,,91.0,0.0,14.0,,,,96.0,
WV,2023,32,15,2023-04-16,,,,91.0,0.0,27.0,,,,96.0,
WV,2023,33,16,2023-04-23,,,,91.0,0.0,33.0,,,,96.0,
WV,2023,34,17,2023-04-30,,,,91.0,0.0,39.0,,,,96.0,
WV,2023,35,18,2023-05-07,,,,91.0,0.0,48.0,,,,96.0,
WV,2023,36,19,2023-05-14,,,,91.0,0.0,58.0,,,,96.0,
WV,2023,37,20,2023-05-21,,,,91.0,0.0,68.0,,,,96.0,
WV,2023,38,21,2023-05-28,,,,91.0,0.0,79.0,,,,96.0,
WV,2023,39,22,2023-06-04,,,,91.0,0.0,89.0,,,,96.0,
WV,2023,40,23,2023-06-11,,,,91.0,9.0,95.0,,,,96.0,
WV,2023,41,24,2023-06-18,,,,91.0,15.0,95.0,,,,96.0,
WV,2023,42,25,2023-06-25,,,,91.0,21.0,95.0,,,,96.0,
WV,2023,43,26,2023-07-02,,,,91.0,24.0,95.0,,,,96.0,
WV,2023,44,27,2023-07-09,,,,91.0,32.0,95.0,,,,96.0,
WV,2023,45,28,2023-07-16,,,,91.0,44.0,95.0,,,,96.0,
WV,2023,46,29,2023-07-23,,,,91.0,56.0,95.0,,,,96.0,
WV,2023,47,30,2023-07-30,,,,91.0,67.0,95.0,,,,96.0,
WV,2023,48,31,2023-08-06,,,,91.0,78.0,95.0,,,,96.0,
WV,2023,49,32,2023-08-13,,,,91.0,90.0,95.0,,,,96.0,
WV,2023,50,33,2023-08-20,,,,91.0,97.0,95.0,,,,96.0,
WV,2023,52,35,2023-09-03,,,,91.0,97.0,95.0,,,,0.0,
WV,2024,1,36,2023-09-10,,,,0.0,0.0,0.0,,,,5.0,
WV,2024,2,37,2023-09-17,,,,0.0,0.0,0.0,,,,13.0,
WV,2024,3,38,2023-09-24,,,,0.0,0.0,0.0,,,,24.0,
WV,2024,4,39,2023-10-01,,,,9.0,0.0,0.0,,,,33.0,
WV,2024,5,40,2023-10-08,,,,20.0,0.0,0.0,,,,42.0,
WV,2024,6,41,2023-10-15,,,,25.0,0.0,0.0,,,,58.0,
WV,2024,7,42,2023-10-22,,,,31.0,0.0,0.0,,,,70.0,
WV,2024,8,43,2023-10-29,,,,41.0,0.0,0.0,,,,79.0,
WV,2024,9,44,2023-11-05,,,,46.0,0.0,0.0,,,,88.0,
WV,2024,10,45,2023-11-12,,,,55.0,0.0,0.0,,,,96.0,
WV,2024,11,46,2023-11-19,,,,66.0,0.0,0.0,,,,96.0,
WV,2024,12,47,2023-11-26,,,,75.0,0.0,0.0,,,,96.0,
WV,2024,30,13,2024-03-31,,,,75.0,0.0,0.0,,,,96.0,
WV,2024,31,14,2024-04-07,,,,75.0,0.0,0.0,,,,96.0,
WV,2024,32,15,2024-04-14,,,,75.0,0.0,2.0,,,,96.0,
WV,2024,33,16,2024-04-21,,,,75.0,0.0,21.0,,,,96.0,
WV,2024,34,17,2024-04-28,,,,75.0,0.0,33.0,,,,96.0,
WV,2024,35,18,2024-05-05,,,,75.0,0.0,47.0,,,,96.0,
WV,2024,36,19,2024-05-12,,,,75.0,0.0,59.0,,,,96.0,
WV,2024,37,20,2024-05-19,,,,75.0,0.0,70.0,,,,96.0,
WV,2024,38,21,2024-05-26,,,,75.0,0.0,80.0,,,,96.0,
WV,2024,39,22,2024-06-02,,,,75.0,5.0,90.0,,,,96.0,
WV,2024,40,23,2024-06-09,,,,75.0,12.0,96.0,,,,96.0,
WV,2024,41,24,2024-06-16,,,,75.0,23.0,96.0,,,,96.0,
WV,2024,42,25,2024-06-23,,,,75.0,35.0,96.0,,,,96.0,
WV,2024,43,26,2024-06-30,,,,75.0,47.0,96.0,,,,96.0,
WV,2024,44,27,2024-07-07,,,,75.0,58.0,96.0,,,,96.0,
WV,2024,45,28,2024-07-14,,,,75.0,71.0,96.0,,,,96.0,
WV,2024,46,29,2024-07-21,,,,75.0,79.0,96.0,,,,96.0,
WV,2024,47,30,2024-07-28,,,,75.0,89.0,96.0,,,,96.0,
WV,2024,48,31,2024-08-04,,,,75.0,97.0,96.0,,,,96.0,
WV,2024,52,35,2024-09-01,,,,75.0,97.0,96.0,,,,8.0,
WV,2025,1,36,2024-09-08,,,,0.0,0.0,0.0,,,,15.0,
WV,2025,2,37,2024-09-15,,,,0.0,0.0,0.0,,,,22.0,
WV,2025,3,38,2024-09-22,,,,0.0,0.0,0.0,,,,38.0,
WV,2025,4,39,2024-09-29,,,,5.0,0.0,0.0,,,,45.0,
WV,2025,5,40,2024-10-06,,,,12.0,0.0,0.0,,,,51.0,
WV,2025,6,41,2024-10-13,,,,20.0,0.0,0.0,,,,57.0,
WV,2025,7,42,2024-10-20,,,,28.0,0.0,0.0,,,,66.0,
WV,2025,8,43,2024-10-27,,,,33.0,0.0,0.0,,,,77.0,
WV,2025,9,44,2024-11-03,,,,43.0,0.0,0.0,,,,85.0,
WV,2025,10,45,2024-11-10,,,,51.0,0.0,0.0,,,,95.0,
WV,2025,11,46,2024-11-17,,,,61.0,0.0,0.0,,,,95.0,
WV,2025,12,47,2024-11-24,,,,73.0,0.0,0.0,,,,95.0,
WV,2025,31,14,2025-04-06,,,,73.0,0.0,0.0,,,,95.0,
WV,2025,32,15,2025-04-13,,,,73.0,0.0,1.0,,,,95.0,
WV,2025,33,16,2025-04-20,,,,73.0,0.0,5.0,,,,95.0,
WV,2025,34,17,2025-04-27,,,,73.0,0.0,9.0,,,,95.0,
WV,2025,35,18,2025-05-04,,,,73.0,0.0,16.0,,,,95.0,
WV,2025,36,19,2025-05-11,,,,73.0,0.0,29.0,,,,95.0,
WV,2025,37,20,2025-05-18,,,,73.0,0.0,42.0,,,,95.0,
WV,2025,38,21,2025-05-25,,,,73.0,0.0,56.0,,,,95.0,
WV,2025,39,22,2025-06-01,,,,73.0,0.0,67.0,,,,95.0,
WV,2025,40,23,2025-06-08,,,,73.0,0.0,78.0,,,,95.0,
WV,2025,41,24,2025-06-15,,,,73.0,6.0,89.0,,,,95.0,
WV,2025,42,25,2025-06-22,,,,73.0,15.0,95.0,,,,95.0,
WV,2025,43,26,2025-06-29,,,,73.0,20.0,95.0,,,,95.0,
WV,2025,44,27,2025-07-06,,,,73.0,28.0,95.0,,,,95.0,
WV,2025,45,28,2025-07-13,,,,73.0,36.0,95.0,,,,95.0,
WV,2025,46,29,2025-07-20,,,,73.0,42.0,95.0,,,,95.0,
WV,2025,47,30,2025-07-27,,,,73.0,51.0,95.0,,,,95.0,
WV,2025,48,31,2025-08-03,,,,73.0,62.0,95.0,,,,95.0,
WV,2025,49,32,2025-08-10,,,,73.0,75.0,95.0,,,,95.0,
WV,2025,50,33,2025-08-17,,,,73.0,91.0,95.0,,,,95.0,
WV,2025,51,34,2025-08-24,,,,73.0,98.0,95.0,,,,95.0,
WV,2026,1,36,2025-09-07,,,,0.0,0.0,0.0,,,,2.0,
WV,2026,2,37,2025-09-14,,,,0.0,0.0,0.0,,,,13.0,
WV,2026,3,38,2025-09-21,,,,0.0,0.0,0.0,,,,19.0,
WV,2026,4,39,2025-09-28,,,,0.0,0.0,0.0,,,,28.0,
WV,2026,11,46,2025-11-16,,,,62.0,0.0,0.0,,,,95.0,
WV,2026,12,47,2025-11-23,,,,74.0,0.0,0.0,,,,95.0,
WY,2016,1,36,2015-09-06,0.0,,0.0,0.0,0.0,0.0,0.0,0.0,,10.0,
WY,2016,2,37,2015-09-13,0.0,,0.0,0.0,0.0,0.0,0.0,0.0,,31.0,
WY,2016,3,38,2015-09-20,0.0,,0.0,6.0,0.0,0.0,0.0,0.0,,48.0,
WY,2016,4,39,2015-09-27,0.0,,0.0,35.0,0.0,0.0,0.0,0.0,,80.0,
WY,2016,5,40,2015-10-04,0.0,,0.0,49.0,0.0,0.0,0.0,0.0,,95.0,
WY,2016,6,41,2015-10-11,0.0,,0.0,61.0,0.0,0.0,0.0,0.0,,95.0,
WY,2016,7,42,2015-10-18,0.0,,0.0,86.0,0.0,0.0,0.0,0.0,,95.0,
WY,2016,8,43,2015-10-25,0.0,,0.0,97.0,0.0,0.0,0.0,0.0,,95.0,
WY,2016,32,15,2016-04-17,0.0,,0.0,97.0,0.0,0.0,0.0,0.0,,95.0,
WY,2016,33,16,2016-04-24,0.0,,0.0,97.0,0.0,0.0,5.0,0.0,,95.0,
WY,2016,34,17,2016-05-01,0.0,,0.0,97.0,0.0,0.0,6.0,0.0,,95.0,
WY,2016,35,18,2016-05-08,0.0,,0.0,97.0,0.0,0.0,35.0,0.0,,95.0,
WY,2016,36,19,2016-05-15,0.0,,0.0,97.0,0.0,0.0,46.0,0.0,,95.0,
WY,2016,37,20,2016-05-22,0.0,,0.0,97.0,0.0,0.0,60.0,0.0,,95.0,
WY,2016,38,21,2016-05-29,0.0,,0.0,97.0,0.0,0.0,77.0,0.0,,95.0,
WY,2016,39,22,2016-06-05,0.0,,0.0,97.0,0.0,0.0,89.0,0.0,,95.0,
WY,2016,40,23,2016-06-12,62.0,,0.0,97.0,0.0,0.0,99.0,0.0,,95.0,
WY,2016,41,24,2016-06-19,85.0,,0.0,97.0,0.0,11.0,99.0,0.0,,95.0,
WY,2016,42,25,2016-06-26,91.0,,12.0,97.0,0.0,40.0,99.0,0.0,,95.0,
WY,2016,43,26,2016-07-03,97.0,,32.0,97.0,0.0,60.0,99.0,12.0,,95.0,
WY,2016,44,27,2016-07-10,97.0,,56.0,97.0,0.0,85.0,99.0,32.0,,95.0,
WY,2016,45,28,2016-07-17,97.0,,80.0,97.0,0.0,96.0,99.0,46.0,,95.0,
WY,2016,46,29,2016-07-24,97.0,,94.0,97.0,11.0,96.0,99.0,70.0,,95.0,
WY,2016,47,30,2016-07-31,97.0,,98.0,97.0,33.0,96.0,99.0,91.0,,95.0,
WY,2016,48,31,2016-08-07,97.0,,98.0,97.0,60.0,96.0,99.0,94.0,,95.0,
WY,2016,49,32,2016-08-14,97.0,,98.0,97.0,88.0,96.0,99.0,98.0,,95.0,
WY,2016,50,33,2016-08-21,97.0,,98.0,97.0,91.0,96.0,99.0,98.0,,95.0,
WY,2016,51,34,2016-08-28,97.0,,98.0,97.0,98.0,96.0,99.0,98.0,,1.0,
WY,2016,52,35,2016-09-04,97.0,,98.0,97.0,98.0,96.0,99.0,98.0,,26.0,
WY,2017,1,36,2016-09-11,0.0,,0.0,8.0,0.0,0.0,0.0,0.0,,40.0,
WY,2017,2,37,2016-09-18,0.0,,0.0,16.0,0.0,0.0,0.0,0.0,,59.0,
WY,2017,3,38,2016-09-25,0.0,,0.0,34.0,0.0,0.0,0.0,0.0,,77.0,
WY,2017,4,39,2016-10-02,0.0,,0.0,57.0,0.0,0.0,0.0,0.0,,96.0,
WY,2017,5,40,2016-10-09,0.0,,0.0,82.0,0.0,0.0,0.0,0.0,,96.0,
WY,2017,6,41,2016-10-16,0.0,,0.0,93.0,0.0,0.0,0.0,0.0,,96.0,
WY,2017,7,42,2016-10-23,0.0,,0.0,95.0,0.0,0.0,0.0,0.0,,96.0,
WY,2017,32,15,2017-04-16,0.0,,0.0,95.0,0.0,0.0,2.0,0.0,,96.0,
WY,2017,33,16,2017-04-23,0.0,,0.0,95.0,0.0,0.0,10.0,0.0,,96.0,
WY,2017,34,17,2017-04-30,0.0,,0.0,95.0,0.0,0.0,38.0,0.0,,96.0,
WY,2017,35,18,2017-05-07,0.0,,0.0,95.0,0.0,0.0,50.0,0.0,,96.0,
WY,2017,36,19,2017-05-14,0.0,,0.0,95.0,0.0,0.0,62.0,0.0,,96.0,
WY,2017,37,20,2017-05-21,0.0,,0.0,95.0,0.0,0.0,76.0,0.0,,96.0,
WY,2017,38,21,2017-05-28,0.0,,0.0,95.0,0.0,0.0,87.0,0.0,,96.0,
WY,2017,39,22,2017-06-04,0.0,,0.0,95.0,0.0,0.0,98.0,0.0,,96.0,
WY,2017,40,23,2017-06-11,50.0,,0.0,95.0,0.0,0.0,99.0,0.0,,96.0,
WY,2017,41,24,2017-06-18,79.0,,0.0,95.0,0.0,35.0,99.0,0.0,,96.0,
WY,2017,42,25,2017-06-25,92.0,,20.0,95.0,0.0,55.0,99.0,0.0,,96.0,
WY,2017,43,26,2017-07-02,95.0,,33.0,95.0,0.0,68.0,99.0,4.0,,96.0,
WY,2017,44,27,2017-07-09,95.0,,57.0,95.0,0.0,93.0,99.0,18.0,,96.0,
WY,2017,45,28,2017-07-16,95.0,,80.0,95.0,0.0,98.0,99.0,46.0,,96.0,
WY,2017,46,29,2017-07-23,95.0,,96.0,95.0,14.0,98.0,99.0,71.0,,96.0,
WY,2017,47,30,2017-07-30,95.0,,96.0,95.0,34.0,98.0,99.0,94.0,,96.0,
WY,2017,48,31,2017-08-06,95.0,,96.0,95.0,55.0,98.0,99.0,96.0,,96.0,
WY,2017,49,32,2017-08-13,95.0,,96.0,95.0,80.0,98.0,99.0,96.0,,96.0,
WY,2017,50,33,2017-08-20,95.0,,96.0,95.0,93.0,98.0,99.0,96.0,,96.0,
WY,2017,51,34,2017-08-27,95.0,,96.0,95.0,96.0,98.0,99.0,96.0,,3.0,
WY,2017,52,35,2017-09-03,95.0,,96.0,95.0,96.0,98.0,99.0,96.0,,8.0,
WY,2018,1,36,2017-09-10,0.0,,0.0,0.0,0.0,0.0,0.0,0.0,,28.0,
WY,2018,2,37,2017-09-17,0.0,,0.0,3.0,0.0,0.0,0.0,0.0,,48.0,
WY,2018,3,38,2017-09-24,0.0,,0.0,24.0,0.0,0.0,0.0,0.0,,74.0,
WY,2018,4,39,2017-10-01,0.0,,0.0,50.0,0.0,0.0,0.0,0.0,,92.0,
WY,2018,5,40,2017-10-08,0.0,,0.0,68.0,0.0,0.0,0.0,0.0,,97.0,
WY,2018,6,41,2017-10-15,0.0,,0.0,93.0,0.0,0.0,0.0,0.0,,97.0,
WY,2018,7,42,2017-10-22,0.0,,0.0,95.0,0.0,0.0,0.0,0.0,,97.0,
WY,2018,8,43,2017-10-29,0.0,,0.0,98.0,0.0,0.0,0.0,0.0,,97.0,
WY,2018,35,18,2018-05-06,0.0,,0.0,98.0,0.0,0.0,1.0,0.0,,97.0,
WY,2018,36,19,2018-05-13,0.0,,0.0,98.0,0.0,0.0,20.0,0.0,,97.0,
WY,2018,37,20,2018-05-20,0.0,,0.0,98.0,0.0,0.0,45.0,0.0,,97.0,
WY,2018,38,21,2018-05-27,0.0,,0.0,98.0,0.0,0.0,59.0,0.0,,97.0,
WY,2018,39,22,2018-06-03,0.0,,0.0,98.0,0.0,0.0,85.0,0.0,,97.0,
WY,2018,40,23,2018-06-10,12.0,,0.0,98.0,0.0,0.0,96.0,0.0,,97.0,
WY,2018,41,24,2018-06-17,51.0,,0.0,98.0,0.0,17.0,96.0,0.0,,97.0,
WY,2018,42,25,2018-06-24,80.0,,20.0,98.0,0.0,50.0,96.0,0.0,,97.0,
WY,2018,43,26,2018-07-01,99.0,,42.0,98.0,0.0,74.0,96.0,4.0,,97.0,
WY,2018,44,27,2018-07-08,99.0,,55.0,98.0,1.0,96.0,96.0,21.0,,97.0,
WY,2018,45,28,2018-07-15,99.0,,77.0,98.0,9.0,96.0,96.0,37.0,,97.0,
WY,2018,46,29,2018-07-22,99.0,,93.0,98.0,14.0,96.0,96.0,57.0,,97.0,
WY,2018,47,30,2018-07-29,99.0,,97.0,98.0,35.0,96.0,96.0,85.0,,97.0,
WY,2018,48,31,2018-08-05,99.0,,97.0,98.0,60.0,96.0,96.0,96.0,,97.0,
WY,2018,49,32,2018-08-12,99.0,,97.0,98.0,74.0,96.0,96.0,96.0,,97.0,
WY,2018,50,33,2018-08-19,99.0,,97.0,98.0,97.0,96.0,96.0,96.0,,97.0,
WY,2018,51,34,2018-08-26,99.0,,97.0,98.0,97.0,96.0,96.0,96.0,,0.0,
WY,2018,52,35,2018-09-02,99.0,,97.0,98.0,97.0,96.0,96.0,96.0,,6.0,
WY,2019,1,36,2018-09-09,0.0,,0.0,1.0,0.0,0.0,0.0,0.0,,30.0,
WY,2019,2,37,2018-09-16,0.0,,0.0,11.0,0.0,0.0,0.0,0.0,,51.0,
WY,2019,3,38,2018-09-23,0.0,,0.0,33.0,0.0,0.0,0.0,0.0,,76.0,
WY,2019,4,39,2018-09-30,0.0,,0.0,45.0,0.0,0.0,0.0,0.0,,95.0,
WY,2019,5,40,2018-10-07,0.0,,0.0,70.0,0.0,0.0,0.0,0.0,,95.0,
WY,2019,6,41,2018-10-14,0.0,,0.0,90.0,0.0,0.0,0.0,0.0,,95.0,
WY,2019,7,42,2018-10-21,0.0,,0.0,100.0,0.0,0.0,0.0,0.0,,95.0,
WY,2019,32,15,2019-04-14,0.0,,0.0,100.0,0.0,0.0,0.0,0.0,,95.0,
WY,2019,33,16,2019-04-21,0.0,,0.0,100.0,0.0,0.0,0.0,0.0,,95.0,
WY,2019,34,17,2019-04-28,0.0,,0.0,100.0,0.0,0.0,4.0,0.0,,95.0,
WY,2019,35,18,2019-05-05,0.0,,0.0,100.0,0.0,0.0,8.0,0.0,,95.0,
WY,2019,36,19,2019-05-12,0.0,,0.0,100.0,0.0,0.0,31.0,0.0,,95.0,
WY,2019,37,20,2019-05-19,22.0,,0.0,100.0,0.0,0.0,60.0,0.0,,95.0,
WY,2019,38,21,2019-05-26,32.0,,0.0,100.0,0.0,0.0,85.0,0.0,,95.0,
WY,2019,39,22,2019-06-02,44.0,,0.0,100.0,0.0,14.0,98.0,0.0,,95.0,
WY,2019,40,23,2019-06-09,64.0,,0.0,100.0,0.0,16.0,98.0,0.0,,95.0,
WY,2019,41,24,2019-06-16,82.0,,0.0,100.0,0.0,22.0,98.0,0.0,,95.0,
WY,2019,42,25,2019-06-23,91.0,,0.0,100.0,0.0,31.0,98.0,0.0,,95.0,
WY,2019,43,26,2019-06-30,99.0,,0.0,100.0,0.0,47.0,98.0,0.0,,95.0,
WY,2019,44,27,2019-07-07,99.0,,18.0,100.0,0.0,80.0,98.0,0.0,,95.0,
WY,2019,45,28,2019-07-14,99.0,,44.0,100.0,0.0,99.0,98.0,14.0,,95.0,
WY,2019,46,29,2019-07-21,99.0,,58.0,100.0,0.0,99.0,98.0,34.0,,95.0,
WY,2019,47,30,2019-07-28,99.0,,88.0,100.0,10.0,99.0,98.0,68.0,,95.0,
WY,2019,48,31,2019-08-04,99.0,,99.0,100.0,17.0,99.0,98.0,86.0,,95.0,
WY,2019,49,32,2019-08-11,99.0,,99.0,100.0,45.0,99.0,98.0,93.0,,95.0,
WY,2019,50,33,2019-08-18,99.0,,99.0,100.0,70.0,99.0,98.0,98.0,,95.0,
WY,2019,51,34,2019-08-25,99.0,,99.0,100.0,96.0,99.0,98.0,98.0,,0.0,
WY,2019,52,35,2019-09-01,99.0,,99.0,100.0,96.0,99.0,98.0,98.0,,4.0,
WY,2020,1,36,2019-09-08,0.0,,0.0,0.0,0.0,0.0,0.0,0.0,,14.0,
WY,2020,2,37,2019-09-15,0.0,,0.0,10.0,0.0,0.0,0.0,0.0,,40.0,
WY,2020,3,38,2019-09-22,0.0,,0.0,37.0,0.0,0.0,0.0,0.0,,67.0,
WY,2020,4,39,2019-09-29,0.0,,0.0,57.0,0.0,0.0,0.0,0.0,,89.0,
WY,2020,5,40,2019-10-06,0.0,,0.0,78.0,0.0,0.0,0.0,0.0,,97.0,
WY,2020,6,41,2019-10-13,0.0,,0.0,90.0,0.0,0.0,0.0,0.0,,97.0,
WY,2020,7,42,2019-10-20,0.0,,0.0,97.0,0.0,0.0,0.0,0.0,,97.0,
WY,2020,34,17,2020-04-26,0.0,,0.0,97.0,0.0,0.0,2.0,0.0,,97.0,
WY,2020,35,18,2020-05-03,0.0,,0.0,97.0,0.0,0.0,10.0,0.0,,97.0,
WY,2020,36,19,2020-05-10,0.0,,0.0,97.0,0.0,0.0,25.0,0.0,,97.0,
WY,2020,37,20,2020-05-17,1.0,,0.0,97.0,0.0,0.0,37.0,0.0,,97.0,
WY,2020,38,21,2020-05-24,10.0,,0.0,97.0,0.0,0.0,60.0,0.0,,97.0,
WY,2020,39,22,2020-05-31,14.0,,0.0,97.0,0.0,0.0,86.0,0.0,,97.0,
WY,2020,40,23,2020-06-07,34.0,,0.0,97.0,0.0,0.0,96.0,0.0,,97.0,
WY,2020,41,24,2020-06-14,63.0,,0.0,97.0,0.0,32.0,96.0,0.0,,97.0,
WY,2020,42,25,2020-06-21,92.0,,0.0,97.0,0.0,43.0,96.0,0.0,,97.0,
WY,2020,43,26,2020-06-28,99.0,,22.0,97.0,0.0,68.0,96.0,0.0,,97.0,
WY,2020,44,27,2020-07-05,99.0,,44.0,97.0,0.0,83.0,96.0,1.0,,97.0,
WY,2020,45,28,2020-07-12,99.0,,60.0,97.0,0.0,99.0,96.0,25.0,,97.0,
WY,2020,46,29,2020-07-19,99.0,,84.0,97.0,14.0,99.0,96.0,45.0,,97.0,
WY,2020,47,30,2020-07-26,99.0,,97.0,97.0,50.0,99.0,96.0,65.0,,97.0,
WY,2020,48,31,2020-08-02,99.0,,97.0,97.0,79.0,99.0,96.0,94.0,,97.0,
WY,2020,49,32,2020-08-09,99.0,,97.0,97.0,95.0,99.0,96.0,96.0,,97.0,
WY,2020,51,34,2020-08-23,99.0,,97.0,97.0,95.0,99.0,96.0,96.0,,0.0,
WY,2020,52,35,2020-08-30,99.0,,97.0,97.0,95.0,99.0,96.0,96.0,,3.0,
WY,2021,1,36,2020-09-06,0.0,,0.0,0.0,0.0,0.0,0.0,0.0,,19.0,
WY,2021,2,37,2020-09-13,0.0,,0.0,0.0,0.0,0.0,0.0,0.0,,29.0,
WY,2021,3,38,2020-09-20,0.0,,0.0,15.0,0.0,0.0,0.0,0.0,,39.0,
WY,2021,4,39,2020-09-27,0.0,,0.0,29.0,0.0,0.0,0.0,0.0,,64.0,
WY,2021,5,40,2020-10-04,0.0,,0.0,58.0,0.0,0.0,0.0,0.0,,93.0,
WY,2021,6,41,2020-10-11,0.0,,0.0,80.0,0.0,0.0,0.0,0.0,,93.0,
WY,2021,7,42,2020-10-18,0.0,,0.0,98.0,0.0,0.0,0.0,0.0,,93.0,
WY,2021,31,14,2021-04-11,0.0,,0.0,98.0,0.0,0.0,1.0,0.0,,93.0,
WY,2021,32,15,2021-04-18,0.0,,0.0,98.0,0.0,0.0,3.0,0.0,,93.0,
WY,2021,33,16,2021-04-25,0.0,,0.0,98.0,0.0,0.0,6.0,0.0,,93.0,
WY,2021,34,17,2021-05-02,0.0,,0.0,98.0,0.0,0.0,8.0,0.0,,93.0,
WY,2021,35,18,2021-05-09,0.0,,0.0,98.0,0.0,0.0,16.0,0.0,,93.0,
WY,2021,36,19,2021-05-16,1.0,,0.0,98.0,0.0,0.0,18.0,0.0,,93.0,
WY,2021,37,20,2021-05-23,5.0,,0.0,98.0,0.0,0.0,55.0,0.0,,93.0,
WY,2021,38,21,2021-05-30,15.0,,0.0,98.0,0.0,0.0,71.0,0.0,,93.0,
WY,2021,39,22,2021-06-06,31.0,,0.0,98.0,0.0,6.0,96.0,0.0,,93.0,
WY,2021,40,23,2021-06-13,60.0,,1.0,98.0,0.0,20.0,96.0,0.0,,93.0,
WY,2021,41,24,2021-06-20,80.0,,2.0,98.0,0.0,40.0,96.0,0.0,,93.0,
WY,2021,42,25,2021-06-27,95.0,,10.0,98.0,0.0,58.0,96.0,0.0,,93.0,
WY,2021,43,26,2021-07-04,95.0,,35.0,98.0,0.0,80.0,96.0,12.0,,93.0,
WY,2021,44,27,2021-07-11,95.0,,55.0,98.0,0.0,96.0,96.0,14.0,,93.0,
WY,2021,45,28,2021-07-18,95.0,,80.0,98.0,4.0,96.0,96.0,26.0,,93.0,
WY,2021,46,29,2021-07-25,95.0,,95.0,98.0,18.0,96.0,96.0,40.0,,93.0,
WY,2021,47,30,2021-08-01,95.0,,95.0,98.0,45.0,96.0,96.0,60.0,,93.0,
WY,2021,48,31,2021-08-08,95.0,,95.0,98.0,80.0,96.0,96.0,95.0,,93.0,
WY,2021,49,32,2021-08-15,95.0,,95.0,98.0,97.0,96.0,96.0,95.0,,93.0,
WY,2021,50,33,2021-08-22,95.0,,95.0,98.0,97.0,96.0,96.0,95.0,,3.0,
WY,2021,51,34,2021-08-29,95.0,,95.0,98.0,97.0,96.0,96.0,95.0,,7.0,
WY,2021,52,35,2021-09-05,95.0,,95.0,1.0,97.0,96.0,96.0,95.0,,10.0,
WY,2022,1,36,2021-09-12,0.0,,0.0,5.0,0.0,0.0,0.0,0.0,,26.0,
WY,2022,2,37,2021-09-19,0.0,,0.0,25.0,0.0,0.0,0.0,0.0,,40.0,
WY,2022,3,38,2021-09-26,0.0,,0.0,27.0,0.0,0.0,0.0,0.0,,63.0,
WY,2022,4,39,2021-10-03,0.0,,0.0,51.0,0.0,0.0,0.0,0.0,,86.0,
WY,2022,5,40,2021-10-10,0.0,,0.0,79.0,0.0,0.0,0.0,0.0,,99.0,
WY,2022,6,41,2021-10-17,0.0,,0.0,98.0,0.0,0.0,0.0,0.0,,99.0,
WY,2022,32,15,2022-04-17,0.0,,0.0,98.0,0.0,0.0,4.0,0.0,,99.0,
WY,2022,33,16,2022-04-24,0.0,,0.0,98.0,0.0,0.0,6.0,0.0,,99.0,
WY,2022,34,17,2022-05-01,0.0,,0.0,98.0,0.0,0.0,12.0,0.0,,99.0,
WY,2022,35,18,2022-05-08,2.0,,0.0,98.0,0.0,0.0,20.0,0.0,,99.0,
WY,2022,36,19,2022-05-15,8.0,,0.0,98.0,0.0,0.0,39.0,0.0,,99.0,
WY,2022,37,20,2022-05-22,10.0,,0.0,98.0,0.0,0.0,55.0,0.0,,99.0,
WY,2022,38,21,2022-05-29,20.0,,0.0,98.0,0.0,0.0,73.0,0.0,,99.0,
WY,2022,39,22,2022-06-05,29.0,,0.0,98.0,0.0,0.0,90.0,0.0,,99.0,
WY,2022,40,23,2022-06-12,50.0,,0.0,98.0,0.0,4.0,96.0,0.0,,99.0,
WY,2022,41,24,2022-06-19,75.0,,3.0,98.0,0.0,28.0,96.0,0.0,,99.0,
WY,2022,42,25,2022-06-26,91.0,,17.0,98.0,0.0,55.0,96.0,0.0,,99.0,
WY,2022,43,26,2022-07-03,96.0,,29.0,98.0,0.0,76.0,96.0,1.0,,99.0,
WY,2022,44,27,2022-07-10,99.0,,51.0,98.0,0.0,96.0,96.0,5.0,,99.0,
WY,2022,45,28,2022-07-17,99.0,,74.0,98.0,9.0,96.0,96.0,19.0,,99.0,
WY,2022,46,29,2022-07-24,99.0,,89.0,98.0,18.0,96.0,96.0,37.0,,99.0,
WY,2022,47,30,2022-07-31,99.0,,98.0,98.0,35.0,96.0,96.0,61.0,,99.0,
WY,2022,48,31,2022-08-07,99.0,,98.0,98.0,57.0,96.0,96.0,83.0,,99.0,
WY,2022,49,32,2022-08-14,99.0,,98.0,98.0,79.0,96.0,96.0,91.0,,99.0,
WY,2022,50,33,2022-08-21,99.0,,98.0,98.0,87.0,96.0,96.0,93.0,,0.0,
WY,2022,51,34,2022-08-28,99.0,,98.0,98.0,92.0,96.0,96.0,96.0,,11.0,
WY,2022,52,35,2022-09-04,99.0,,98.0,1.0,98.0,96.0,96.0,96.0,,31.0,
WY,2023,1,36,2022-09-11,0.0,,0.0,2.0,0.0,0.0,0.0,0.0,,56.0,
WY,2023,2,37,2022-09-18,0.0,,0.0,24.0,0.0,0.0,0.0,0.0,,67.0,
WY,2023,3,38,2022-09-25,0.0,,0.0,40.0,0.0,0.0,0.0,0.0,,70.0,
WY,2023,4,39,2022-10-02,0.0,,0.0,48.0,0.0,0.0,0.0,0.0,,84.0,
WY,2023,5,40,2022-10-09,0.0,,0.0,70.0,0.0,0.0,0.0,0.0,,91.0,
WY,2023,6,41,2022-10-16,0.0,,0.0,84.0,0.0,0.0,0.0,0.0,,94.0,
WY,2023,7,42,2022-10-23,0.0,,0.0,87.0,0.0,0.0,0.0,0.0,,97.0,
WY,2023,8,43,2022-10-30,0.0,,0.0,91.0,0.0,0.0,0.0,0.0,,97.0,
WY,2023,9,44,2022-11-06,0.0,,0.0,95.0,0.0,0.0,0.0,0.0,,97.0,
WY,2023,32,15,2023-04-16,0.0,,0.0,95.0,0.0,0.0,0.0,0.0,,97.0,
WY,2023,33,16,2023-04-23,0.0,,0.0,95.0,0.0,0.0,0.0,0.0,,97.0,
WY,2023,34,17,2023-04-30,0.0,,0.0,95.0,0.0,0.0,2.0,0.0,,97.0,
WY,2023,35,18,2023-05-07,0.0,,0.0,95.0,0.0,0.0,8.0,0.0,,97.0,
WY,2023,36,19,2023-05-14,0.0,,0.0,95.0,0.0,0.0,12.0,0.0,,97.0,
WY,2023,37,20,2023-05-21,0.0,,0.0,95.0,0.0,0.0,15.0,0.0,,97.0,
WY,2023,38,21,2023-05-28,1.0,,0.0,95.0,0.0,0.0,44.0,0.0,,97.0,
WY,2023,39,22,2023-06-04,17.0,,0.0,95.0,0.0,2.0,73.0,0.0,,97.0,
WY,2023,40,23,2023-06-11,30.0,,0.0,95.0,0.0,9.0,95.0,0.0,,97.0,
WY,2023,41,24,2023-06-18,59.0,,0.0,95.0,0.0,28.0,95.0,0.0,,97.0,
WY,2023,42,25,2023-06-25,88.0,,0.0,95.0,0.0,57.0,95.0,0.0,,97.0,
WY,2023,43,26,2023-07-02,90.0,,7.0,95.0,0.0,76.0,95.0,0.0,,97.0,
WY,2023,44,27,2023-07-09,95.0,,26.0,95.0,0.0,90.0,95.0,0.0,,97.0,
WY,2023,45,28,2023-07-16,95.0,,45.0,95.0,0.0,95.0,95.0,16.0,,97.0,
WY,2023,46,29,2023-07-23,95.0,,64.0,95.0,0.0,95.0,95.0,27.0,,97.0,
WY,2023,47,30,2023-07-30,95.0,,88.0,95.0,15.0,95.0,95.0,44.0,,97.0,
WY,2023,48,31,2023-08-06,95.0,,95.0,95.0,25.0,95.0,95.0,63.0,,97.0,
WY,2023,49,32,2023-08-13,95.0,,95.0,95.0,43.0,95.0,95.0,89.0,,97.0,
WY,2023,50,33,2023-08-20,95.0,,95.0,95.0,62.0,95.0,95.0,91.0,,97.0,
WY,2023,51,34,2023-08-27,95.0,,95.0,95.0,81.0,95.0,95.0,95.0,,97.0,
WY,2023,52,35,2023-09-03,95.0,,95.0,95.0,97.0,95.0,95.0,95.0,,4.0,
WY,2024,1,36,2023-09-10,0.0,,0.0,0.0,0.0,0.0,0.0,0.0,,19.0,
WY,2024,2,37,2023-09-17,0.0,,0.0,2.0,0.0,0.0,0.0,0.0,,40.0,
WY,2024,3,38,2023-09-24,0.0,,0.0,31.0,0.0,0.0,0.0,0.0,,59.0,
WY,2024,4,39,2023-10-01,0.0,,0.0,46.0,0.0,0.0,0.0,0.0,,75.0,
WY,2024,5,40,2023-10-08,0.0,,0.0,65.0,0.0,0.0,0.0,0.0,,90.0,
WY,2024,6,41,2023-10-15,0.0,,0.0,84.0,0.0,0.0,0.0,0.0,,93.0,
WY,2024,7,42,2023-10-22,0.0,,0.0,90.0,0.0,0.0,0.0,0.0,,95.0,
WY,2024,8,43,2023-10-29,0.0,,0.0,91.0,0.0,0.0,0.0,0.0,,95.0,
WY,2024,9,44,2023-11-05,0.0,,0.0,94.0,0.0,0.0,0.0,0.0,,95.0,
WY,2024,10,45,2023-11-12,0.0,,0.0,96.0,0.0,0.0,0.0,0.0,,95.0,
WY,2024,32,15,2024-04-14,0.0,,0.0,96.0,0.0,0.0,0.0,0.0,,95.0,
WY,2024,33,16,2024-04-21,0.0,,0.0,96.0,0.0,0.0,2.0,0.0,,95.0,
WY,2024,34,17,2024-04-28,0.0,,0.0,96.0,0.0,0.0,3.0,0.0,,95.0,
WY,2024,35,18,2024-05-05,0.0,,0.0,96.0,0.0,0.0,4.0,0.0,,95.0,
WY,2024,36,19,2024-05-12,0.0,,0.0,96.0,0.0,0.0,6.0,0.0,,95.0,
WY,2024,37,20,2024-05-19,1.0,,0.0,96.0,0.0,0.0,25.0,0.0,,95.0,
WY,2024,38,21,2024-05-26,19.0,,0.0,96.0,0.0,0.0,44.0,0.0,,95.0,
WY,2024,39,22,2024-06-02,38.0,,0.0,96.0,0.0,19.0,63.0,0.0,,95.0,
WY,2024,40,23,2024-06-09,45.0,,0.0,96.0,0.0,30.0,92.0,0.0,,95.0,
WY,2024,41,24,2024-06-16,64.0,,1.0,96.0,0.0,49.0,94.0,0.0,,95.0,
WY,2024,42,25,2024-06-23,93.0,,2.0,96.0,0.0,72.0,99.0,0.0,,95.0,
WY,2024,43,26,2024-06-30,96.0,,13.0,96.0,0.0,92.0,99.0,0.0,,95.0,
WY,2024,44,27,2024-07-07,96.0,,42.0,96.0,0.0,93.0,99.0,3.0,,95.0,
WY,2024,45,28,2024-07-14,96.0,,61.0,96.0,21.0,96.0,99.0,32.0,,95.0,
WY,2024,46,29,2024-07-21,96.0,,90.0,96.0,31.0,96.0,99.0,61.0,,95.0,
WY,2024,47,30,2024-07-28,96.0,,95.0,96.0,60.0,96.0,99.0,89.0,,95.0,
WY,2024,48,31,2024-08-04,96.0,,95.0,96.0,81.0,96.0,99.0,95.0,,95.0,
WY,2024,49,32,2024-08-11,96.0,,95.0,96.0,95.0,96.0,99.0,95.0,,95.0,
WY,2024,50,33,2024-08-18,96.0,,95.0,96.0,97.0,96.0,99.0,95.0,,0.0,
WY,2024,51,34,2024-08-25,96.0,,95.0,96.0,97.0,96.0,99.0,95.0,,3.0,
WY,2024,52,35,2024-09-01,96.0,,95.0,96.0,97.0,96.0,99.0,95.0,,14.0,
WY,2025,1,36,2024-09-08,0.0,,0.0,1.0,0.0,0.0,0.0,0.0,,29.0,
WY,2025,2,37,2024-09-15,0.0,,0.0,20.0,0.0,0.0,0.0,0.0,,48.0,
WY,2025,3,38,2024-09-22,0.0,,0.0,39.0,0.0,0.0,0.0,0.0,,67.0,
WY,2025,4,39,2024-09-29,0.0,,0.0,58.0,0.0,0.0,0.0,0.0,,84.0,
WY,2025,5,40,2024-10-06,0.0,,0.0,66.0,0.0,0.0,0.0,0.0,,92.0,
WY,2025,6,41,2024-10-13,0.0,,0.0,85.0,0.0,0.0,0.0,0.0,,93.0,
WY,2025,7,42,2024-10-20,0.0,,0.0,89.0,0.0,0.0,0.0,0.0,,95.0,
WY,2025,8,43,2024-10-27,0.0,,0.0,91.0,0.0,0.0,0.0,0.0,,95.0,
WY,2025,9,44,2024-11-03,0.0,,0.0,93.0,0.0,0.0,0.0,0.0,,95.0,
WY,2025,10,45,2024-11-10,0.0,,0.0,96.0,0.0,0.0,0.0,0.0,,95.0,
WY,2025,33,16,2025-04-20,0.0,,0.0,96.0,0.0,0.0,3.0,0.0,,95.0,
WY,2025,34,17,2025-04-27,0.0,,0.0,96.0,0.0,0.0,6.0,0.0,,95.0,
WY,2025,35,18,2025-05-04,2.0,,0.0,96.0,0.0,0.0,8.0,0.0,,95.0,
WY,2025,36,19,2025-05-11,3.0,,0.0,96.0,0.0,0.0,10.0,0.0,,95.0,
WY,2025,37,20,2025-05-18,4.0,,0.0,96.0,0.0,0.0,12.0,0.0,,95.0,
WY,2025,38,21,2025-05-25,23.0,,0.0,96.0,0.0,15.0,31.0,0.0,,95.0,
WY,2025,39,22,2025-06-01,51.0,,0.0,96.0,0.0,25.0,57.0,0.0,,95.0,
WY,2025,40,23,2025-06-08,56.0,,1.0,96.0,0.0,30.0,74.0,0.0,,95.0,
WY,2025,41,24,2025-06-15,73.0,,2.0,96.0,0.0,45.0,97.0,0.0,,95.0,
WY,2025,42,25,2025-06-22,95.0,,20.0,96.0,0.0,69.0,97.0,0.0,,95.0,
WY,2025,43,26,2025-06-29,95.0,,40.0,96.0,0.0,94.0,97.0,1.0,,95.0,
WY,2025,44,27,2025-07-06,95.0,,65.0,96.0,1.0,95.0,97.0,10.0,,95.0,
WY,2025,45,28,2025-07-13,95.0,,92.0,96.0,9.0,95.0,97.0,22.0,,95.0,
WY,2025,46,29,2025-07-20,95.0,,96.0,96.0,20.0,95.0,97.0,48.0,,95.0,
WY,2025,47,30,2025-07-27,95.0,,96.0,96.0,45.0,95.0,97.0,77.0,,95.0,
WY,2025,48,31,2025-08-03,95.0,,96.0,96.0,65.0,95.0,97.0,96.0,,95.0,
WY,2025,49,32,2025-08-10,95.0,,96.0,96.0,95.0,95.0,97.0,96.0,,95.0,
WY,2025,50,33,2025-08-17,95.0,,96.0,96.0,95.0,95.0,97.0,96.0,,1.0,
WY,2025,51,34,2025-08-24,95.0,,96.0,96.0,95.0,95.0,97.0,96.0,,2.0,
WY,2025,52,35,2025-08-31,95.0,,96.0,0.0,95.0,95.0,97.0,96.0,,13.0,
WY,2026,1,36,2025-09-07,0.0,,0.0,9.0,0.0,0.0,0.0,0.0,,22.0,
WY,2026,2,37,2025-09-14,0.0,,0.0,20.0,0.0,0.0,0.0,0.0,,48.0,
WY,2026,3,38,2025-09-21,0.0,,0.0,47.0,0.0,0.0,0.0,0.0,,73.0,
WY,2026,4,39,2025-09-28,0.0,,0.0,64.0,0.0,0.0,0.0,0.0,,78.0,
US,2016,1,36,2015-09-06,,,,0.0,0.0,0.0,,,,3.0,
US,2016,2,37,2015-09-13,,,,0.0,0.0,0.0,,,,9.0,
US,2016,3,38,2015-09-20,,,,0.0,0.0,0.0,,,,19.0,
US,2016,4,39,2015-09-27,,,,7.0,0.0,0.0,,,,31.0,
US,2016,5,40,2015-10-04,,,,20.0,0.0,0.0,,,,49.0,
US,2016,6,41,2015-10-11,,,,33.0,0.0,0.0,,,,64.0,
US,2016,7,42,2015-10-18,,,,49.0,0.0,0.0,,,,76.0,
US,2016,8,43,2015-10-25,,,,62.0,0.0,0.0,,,,83.0,
US,2016,9,44,2015-11-01,,,,72.0,0.0,0.0,,,,88.0,
US,2016,10,45,2015-11-08,,,,80.0,0.0,0.0,,,,92.0,
US,2016,11,46,2015-11-15,,,,87.0,0.0,0.0,,,,94.0,
US,2016,12,47,2015-11-22,,,,90.0,0.0,0.0,,,,96.0,
US,2016,13,48,2015-11-29,,,,93.0,0.0,0.0,,,,96.0,
US,2016,31,14,2016-04-10,,,,93.0,0.0,4.0,,,,96.0,
US,2016,32,15,2016-04-17,,,,93.0,0.0,12.0,,,,96.0,
US,2016,33,16,2016-04-24,,,,93.0,0.0,26.0,,,,96.0,
US,2016,34,17,2016-05-01,,,,93.0,0.0,42.0,,,,96.0,
US,2016,35,18,2016-05-08,,,,93.0,0.0,57.0,,,,96.0,
US,2016,36,19,2016-05-15,,,,93.0,0.0,68.0,,,,96.0,
US,2016,37,20,2016-05-22,,,,93.0,0.0,75.0,,,,96.0,
US,2016,38,21,2016-05-29,,,,93.0,0.0,84.0,,,,96.0,
US,2016,39,22,2016-06-05,,,,93.0,2.0,91.0,,,,96.0,
US,2016,40,23,2016-06-12,,,,93.0,11.0,96.0,,,,96.0,
US,2016,41,24,2016-06-19,,,,93.0,25.0,96.0,,,,96.0,
US,2016,42,25,2016-06-26,,,,93.0,45.0,96.0,,,,96.0,
US,2016,43,26,2016-07-03,,,,93.0,58.0,96.0,,,,96.0,
US,2016,44,27,2016-07-10,,,,93.0,66.0,96.0,,,,96.0,
US,2016,45,28,2016-07-17,,,,93.0,76.0,96.0,,,,96.0,
US,2016,46,29,2016-07-24,,,,93.0,83.0,96.0,,,,96.0,
US,2016,47,30,2016-07-31,,,,93.0,89.0,96.0,,,,96.0,
US,2016,48,31,2016-08-07,,,,93.0,94.0,96.0,,,,96.0,
US,2016,49,32,2016-08-14,,,,93.0,97.0,96.0,,,,96.0,
US,2017,1,36,2016-09-11,,,,0.0,0.0,0.0,,,,6.0,
US,2017,2,37,2016-09-18,,,,0.0,0.0,0.0,,,,17.0,
US,2017,3,38,2016-09-25,,,,8.0,0.0,0.0,,,,30.0,
US,2017,4,39,2016-10-02,,,,20.0,0.0,0.0,,,,43.0,
US,2017,5,40,2016-10-09,,,,34.0,0.0,0.0,,,,59.0,
US,2017,6,41,2016-10-16,,,,47.0,0.0,0.0,,,,72.0,
US,2017,7,42,2016-10-23,,,,60.0,0.0,0.0,,,,79.0,
US,2017,8,43,2016-10-30,,,,70.0,0.0,0.0,,,,86.0,
US,2017,9,44,2016-11-06,,,,79.0,0.0,0.0,,,,91.0,
US,2017,10,45,2016-11-13,,,,84.0,0.0,0.0,,,,94.0,
US,2017,11,46,2016-11-20,,,,89.0,0.0,0.0,,,,97.0,
US,2017,12,47,2016-11-27,,,,92.0,0.0,0.0,,,,97.0,
US,2017,31,14,2017-04-09,,,,92.0,0.0,9.0,,,,97.0,
US,2017,32,15,2017-04-16,,,,92.0,0.0,19.0,,,,97.0,
US,2017,33,16,2017-04-23,,,,92.0,0.0,32.0,,,,97.0,
US,2017,34,17,2017-04-30,,,,92.0,0.0,42.0,,,,97.0,
US,2017,35,18,2017-05-07,,,,92.0,0.0,50.0,,,,97.0,
US,2017,36,19,2017-05-14,,,,92.0,0.0,63.0,,,,97.0,
US,2017,37,20,2017-05-21,,,,92.0,0.0,72.0,,,,97.0,
US,2017,38,21,2017-05-28,,,,92.0,0.0,80.0,,,,97.0,
US,2017,39,22,2017-06-04,,,,92.0,10.0,87.0,,,,97.0,
US,2017,40,23,2017-06-11,,,,92.0,17.0,92.0,,,,97.0,
US,2017,41,24,2017-06-18,,,,92.0,28.0,97.0,,,,97.0,
US,2017,42,25,2017-06-25,,,,92.0,41.0,97.0,,,,97.0,
US,2017,43,26,2017-07-02,,,,92.0,53.0,97.0,,,,97.0,
US,2017,44,27,2017-07-09,,,,92.0,67.0,97.0,,,,97.0,
US,2017,45,28,2017-07-16,,,,92.0,75.0,97.0,,,,97.0,
US,2017,46,29,2017-07-23,,,,92.0,84.0,97.0,,,,97.0,
US,2017,47,30,2017-07-30,,,,92.0,88.0,97.0,,,,97.0,
US,2017,48,31,2017-08-06,,,,92.0,94.0,97.0,,,,97.0,
US,2017,49,32,2017-08-13,,,,92.0,97.0,97.0,,,,97.0,
US,2018,1,36,2017-09-10,,,,0.0,0.0,0.0,,,,5.0,
US,2018,2,37,2017-09-17,,,,0.0,0.0,0.0,,,,13.0,
US,2018,3,38,2017-09-24,,,,0.0,0.0,0.0,,,,24.0,
US,2018,4,39,2017-10-01,,,,12.0,0.0,0.0,,,,36.0,
US,2018,5,40,2017-10-08,,,,25.0,0.0,0.0,,,,48.0,
US,2018,6,41,2017-10-15,,,,37.0,0.0,0.0,,,,60.0,
US,2018,7,42,2017-10-22,,,,52.0,0.0,0.0,,,,75.0,
US,2018,8,43,2017-10-29,,,,65.0,0.0,0.0,,,,84.0,
US,2018,9,44,2017-11-05,,,,75.0,0.0,0.0,,,,91.0,
US,2018,10,45,2017-11-12,,,,84.0,0.0,0.0,,,,95.0,
US,2018,11,46,2017-11-19,,,,88.0,0.0,0.0,,,,95.0,
US,2018,12,47,2017-11-26,,,,92.0,0.0,0.0,,,,95.0,
US,2018,31,14,2018-04-08,,,,92.0,0.0,3.0,,,,95.0,
US,2018,32,15,2018-04-15,,,,92.0,0.0,9.0,,,,95.0,
US,2018,33,16,2018-04-22,,,,92.0,0.0,13.0,,,,95.0,
US,2018,34,17,2018-04-29,,,,92.0,0.0,19.0,,,,95.0,
US,2018,35,18,2018-05-06,,,,92.0,0.0,33.0,,,,95.0,
US,2018,36,19,2018-05-13,,,,92.0,0.0,45.0,,,,95.0,
US,2018,37,20,2018-05-20,,,,92.0,0.0,61.0,,,,95.0,
US,2018,38,21,2018-05-27,,,,92.0,0.0,73.0,,,,95.0,
US,2018,39,22,2018-06-03,,,,92.0,5.0,83.0,,,,95.0,
US,2018,40,23,2018-06-10,,,,92.0,14.0,91.0,,,,95.0,
US,2018,41,24,2018-06-17,,,,92.0,27.0,95.0,,,,95.0,
US,2018,42,25,2018-06-24,,,,92.0,41.0,95.0,,,,95.0,
US,2018,43,26,2018-07-01,,,,92.0,51.0,95.0,,,,95.0,
US,2018,44,27,2018-07-08,,,,92.0,63.0,95.0,,,,95.0,
US,2018,45,28,2018-07-15,,,,92.0,74.0,95.0,,,,95.0,
US,2018,46,29,2018-07-22,,,,92.0,80.0,95.0,,,,95.0,
US,2018,47,30,2018-07-29,,,,92.0,85.0,95.0,,,,95.0,
US,2018,48,31,2018-08-05,,,,92.0,90.0,95.0,,,,95.0,
US,2018,49,32,2018-08-12,,,,92.0,94.0,95.0,,,,95.0,
US,2018,50,33,2018-08-19,,,,92.0,97.0,95.0,,,,95.0,
US,2019,1,36,2018-09-09,,,,0.0,0.0,0.0,,,,5.0,
US,2019,2,37,2018-09-16,,,,0.0,0.0,0.0,,,,13.0,
US,2019,3,38,2018-09-23,,,,0.0,0.0,0.0,,,,28.0,
US,2019,4,39,2018-09-30,,,,14.0,0.0,0.0,,,,43.0,
US,2019,5,40,2018-10-07,,,,30.0,0.0,0.0,,,,57.0,
US,2019,6,41,2018-10-14,,,,44.0,0.0,0.0,,,,65.0,
US,2019,7,42,2018-10-21,,,,53.0,0.0,0.0,,,,72.0,
US,2019,8,43,2018-10-28,,,,63.0,0.0,0.0,,,,78.0,
US,2019,9,44,2018-11-04,,,,70.0,0.0,0.0,,,,84.0,
US,2019,10,45,2018-11-11,,,,77.0,0.0,0.0,,,,89.0,
US,2019,11,46,2018-11-18,,,,81.0,0.0,0.0,,,,93.0,
US,2019,12,47,2018-11-25,,,,86.0,0.0,0.0,,,,95.0,
US,2019,31,14,2019-04-07,,,,86.0,0.0,3.0,,,,95.0,
US,2019,32,15,2019-04-14,,,,86.0,0.0,6.0,,,,95.0,
US,2019,33,16,2019-04-21,,,,86.0,0.0,9.0,,,,95.0,
US,2019,34,17,2019-04-28,,,,86.0,0.0,19.0,,,,95.0,
US,2019,35,18,2019-05-05,,,,86.0,0.0,29.0,,,,95.0,
US,2019,36,19,2019-05-12,,,,86.0,0.0,42.0,,,,95.0,
US,2019,37,20,2019-05-19,,,,86.0,0.0,54.0,,,,95.0,
US,2019,38,21,2019-05-26,,,,86.0,0.0,66.0,,,,95.0,
US,2019,39,22,2019-06-02,,,,86.0,0.0,76.0,,,,95.0,
US,2019,40,23,2019-06-09,,,,86.0,4.0,83.0,,,,95.0,
US,2019,41,24,2019-06-16,,,,86.0,8.0,89.0,,,,95.0,
US,2019,42,25,2019-06-23,,,,86.0,15.0,94.0,,,,95.0,
US,2019,43,26,2019-06-30,,,,86.0,30.0,97.0,,,,95.0,
US,2019,44,27,2019-07-07,,,,86.0,47.0,97.0,,,,95.0,
US,2019,45,28,2019-07-14,,,,86.0,57.0,97.0,,,,95.0,
US,2019,46,29,2019-07-21,,,,86.0,69.0,97.0,,,,95.0,
US,2019,47,30,2019-07-28,,,,86.0,75.0,97.0,,,,95.0,
US,2019,48,31,2019-08-04,,,,86.0,82.0,97.0,,,,95.0,
US,2019,49,32,2019-08-11,,,,86.0,89.0,97.0,,,,95.0,
US,2019,50,33,2019-08-18,,,,86.0,93.0,97.0,,,,95.0,
US,2019,51,34,2019-08-25,,,,86.0,96.0,97.0,,,,95.0,
US,2020,2,37,2019-09-15,,,,0.0,0.0,0.0,,,,8.0,
US,2020,3,38,2019-09-22,,,,0.0,0.0,0.0,,,,22.0,
US,2020,4,39,2019-09-29,,,,11.0,0.0,0.0,,,,39.0,
US,2020,5,40,2019-10-06,,,,26.0,0.0,0.0,,,,52.0,
US,2020,6,41,2019-10-13,,,,41.0,0.0,0.0,,,,65.0,
US,2020,7,42,2019-10-20,,,,53.0,0.0,0.0,,,,77.0,
US,2020,8,43,2019-10-27,,,,63.0,0.0,0.0,,,,85.0,
US,2020,9,44,2019-11-03,,,,71.0,0.0,0.0,,,,89.0,
US,2020,10,45,2019-11-10,,,,78.0,0.0,0.0,,,,92.0,
US,2020,11,46,2019-11-17,,,,83.0,0.0,0.0,,,,95.0,
US,2020,12,47,2019-11-24,,,,87.0,0.0,0.0,,,,95.0,
US,2020,32,15,2020-04-12,,,,87.0,0.0,6.0,,,,95.0,
US,2020,33,16,2020-04-19,,,,87.0,0.0,14.0,,,,95.0,
US,2020,34,17,2020-04-26,,,,87.0,0.0,21.0,,,,95.0,
US,2020,35,18,2020-05-03,,,,87.0,0.0,32.0,,,,95.0,
US,2020,36,19,2020-05-10,,,,87.0,0.0,44.0,,,,95.0,
US,2020,37,20,2020-05-17,,,,87.0,0.0,56.0,,,,95.0,
US,2020,38,21,2020-05-24,,,,87.0,0.0,68.0,,,,95.0,
US,2020,39,22,2020-05-31,,,,87.0,3.0,77.0,,,,95.0,
US,2020,40,23,2020-06-07,,,,87.0,7.0,85.0,,,,95.0,
US,2020,41,24,2020-06-14,,,,87.0,15.0,91.0,,,,95.0,
US,2020,42,25,2020-06-21,,,,87.0,29.0,96.0,,,,95.0,
US,2020,43,26,2020-06-28,,,,87.0,41.0,96.0,,,,95.0,
US,2020,44,27,2020-07-05,,,,87.0,56.0,96.0,,,,95.0,
US,2020,45,28,2020-07-12,,,,87.0,68.0,96.0,,,,95.0,
US,2020,46,29,2020-07-19,,,,87.0,74.0,96.0,,,,95.0,
US,2020,47,30,2020-07-26,,,,87.0,81.0,96.0,,,,95.0,
US,2020,48,31,2020-08-02,,,,87.0,85.0,96.0,,,,95.0,
US,2020,49,32,2020-08-09,,,,87.0,90.0,96.0,,,,95.0,
US,2020,50,33,2020-08-16,,,,87.0,93.0,96.0,,,,95.0,
US,2020,51,34,2020-08-23,,,,87.0,97.0,96.0,,,,95.0,
US,2021,1,36,2020-09-06,,,,0.0,0.0,0.0,,,,5.0,
US,2021,2,37,2020-09-13,,,,0.0,0.0,0.0,,,,10.0,
US,2021,3,38,2020-09-20,,,,3.0,0.0,0.0,,,,20.0,
US,2021,4,39,2020-09-27,,,,10.0,0.0,0.0,,,,35.0,
US,2021,5,40,2020-10-04,,,,24.0,0.0,0.0,,,,52.0,
US,2021,6,41,2020-10-11,,,,41.0,0.0,0.0,,,,68.0,
US,2021,7,42,2020-10-18,,,,51.0,0.0,0.0,,,,77.0,
US,2021,8,43,2020-10-25,,,,62.0,0.0,0.0,,,,85.0,
US,2021,9,44,2020-11-01,,,,71.0,0.0,0.0,,,,89.0,
US,2021,10,45,2020-11-08,,,,79.0,0.0,0.0,,,,93.0,
US,2021,11,46,2020-11-15,,,,85.0,0.0,0.0,,,,96.0,
US,2021,12,47,2020-11-22,,,,89.0,0.0,0.0,,,,96.0,
US,2021,13,48,2020-11-29,,,,92.0,0.0,0.0,,,,96.0,
US,2021,30,13,2021-04-04,,,,92.0,0.0,4.0,,,,96.0,
US,2021,31,14,2021-04-11,,,,92.0,0.0,5.0,,,,96.0,
US,2021,32,15,2021-04-18,,,,92.0,0.0,10.0,,,,96.0,
US,2021,33,16,2021-04-25,,,,92.0,0.0,17.0,,,,96.0,
US,2021,34,17,2021-05-02,,,,92.0,0.0,27.0,,,,96.0,
US,2021,35,18,2021-05-09,,,,92.0,0.0,38.0,,,,96.0,
US,2021,36,19,2021-05-16,,,,92.0,0.0,53.0,,,,96.0,
US,2021,37,20,2021-05-23,,,,92.0,0.0,67.0,,,,96.0,
US,2021,38,21,2021-05-30,,,,92.0,0.0,79.0,,,,96.0,
US,2021,39,22,2021-06-06,,,,92.0,2.0,85.0,,,,96.0,
US,2021,40,23,2021-06-13,,,,92.0,4.0,92.0,,,,96.0,
US,2021,41,24,2021-06-20,,,,92.0,17.0,96.0,,,,96.0,
US,2021,42,25,2021-06-27,,,,92.0,33.0,96.0,,,,96.0,
US,2021,43,26,2021-07-04,,,,92.0,45.0,96.0,,,,96.0,
US,2021,44,27,2021-07-11,,,,92.0,59.0,96.0,,,,96.0,
US,2021,45,28,2021-07-18,,,,92.0,73.0,96.0,,,,96.0,
US,2021,46,29,2021-07-25,,,,92.0,84.0,96.0,,,,96.0,
US,2021,47,30,2021-08-01,,,,92.0,91.0,96.0,,,,96.0,
US,2021,48,31,2021-08-08,,,,92.0,95.0,96.0,,,,96.0,
US,2021,52,35,2021-09-05,,,,92.0,95.0,96.0,,,,5.0,
US,2022,1,36,2021-09-12,,,,0.0,0.0,0.0,,,,12.0,
US,2022,2,37,2021-09-19,,,,3.0,0.0,0.0,,,,21.0,
US,2022,3,38,2021-09-26,,,,9.0,0.0,0.0,,,,34.0,
US,2022,4,39,2021-10-03,,,,19.0,0.0,0.0,,,,47.0,
US,2022,5,40,2021-10-10,,,,31.0,0.0,0.0,,,,60.0,
US,2022,6,41,2021-10-17,,,,44.0,0.0,0.0,,,,70.0,
US,2022,7,42,2021-10-24,,,,55.0,0.0,0.0,,,,80.0,
US,2022,8,43,2021-10-31,,,,67.0,0.0,0.0,,,,87.0,
US,2022,9,44,2021-11-07,,,,74.0,0.0,0.0,,,,91.0,
US,2022,10,45,2021-11-14,,,,81.0,0.0,0.0,,,,94.0,
US,2022,11,46,2021-11-21,,,,86.0,0.0,0.0,,,,96.0,
US,2022,12,47,2021-11-28,,,,92.0,0.0,0.0,,,,96.0,
US,2022,30,13,2022-04-03,,,,92.0,0.0,4.0,,,,96.0,
US,2022,31,14,2022-04-10,,,,92.0,0.0,5.0,,,,96.0,
US,2022,32,15,2022-04-17,,,,92.0,0.0,7.0,,,,96.0,
US,2022,33,16,2022-04-24,,,,92.0,0.0,11.0,,,,96.0,
US,2022,34,17,2022-05-01,,,,92.0,0.0,23.0,,,,96.0,
US,2022,35,18,2022-05-08,,,,92.0,0.0,33.0,,,,96.0,
US,2022,36,19,2022-05-15,,,,92.0,0.0,48.0,,,,96.0,
US,2022,37,20,2022-05-22,,,,92.0,0.0,63.0,,,,96.0,
US,2022,38,21,2022-05-29,,,,92.0,0.0,72.0,,,,96.0,
US,2022,39,22,2022-06-05,,,,92.0,5.0,79.0,,,,96.0,
US,2022,40,23,2022-06-12,,,,92.0,10.0,86.0,,,,96.0,
US,2022,41,24,2022-06-19,,,,92.0,25.0,91.0,,,,96.0,
US,2022,42,25,2022-06-26,,,,92.0,41.0,95.0,,,,96.0,
US,2022,43,26,2022-07-03,,,,92.0,54.0,95.0,,,,96.0,
US,2022,44,27,2022-07-10,,,,92.0,63.0,95.0,,,,96.0,
US,2022,45,28,2022-07-17,,,,92.0,70.0,95.0,,,,96.0,
US,2022,46,29,2022-07-24,,,,92.0,77.0,95.0,,,,96.0,
US,2022,47,30,2022-07-31,,,,92.0,82.0,95.0,,,,96.0,
US,2022,48,31,2022-08-07,,,,92.0,86.0,95.0,,,,96.0,
US,2022,49,32,2022-08-14,,,,92.0,90.0,95.0,,,,96.0,
US,2022,50,33,2022-08-21,,,,92.0,95.0,95.0,,,,96.0,
US,2022,52,35,2022-09-04,,,,92.0,95.0,95.0,,,,3.0,
US,2023,1,36,2022-09-11,,,,0.0,0.0,0.0,,,,10.0,
US,2023,2,37,2022-09-18,,,,2.0,0.0,0.0,,,,21.0,
US,2023,3,38,2022-09-25,,,,9.0,0.0,0.0,,,,31.0,
US,2023,4,39,2022-10-02,,,,15.0,0.0,0.0,,,,40.0,
US,2023,5,40,2022-10-09,,,,26.0,0.0,0.0,,,,55.0,
US,2023,6,41,2022-10-16,,,,38.0,0.0,0.0,,,,69.0,
US,2023,7,42,2022-10-23,,,,49.0,0.0,0.0,,,,79.0,
US,2023,8,43,2022-10-30,,,,62.0,0.0,0.0,,,,87.0,
US,2023,9,44,2022-11-06,,,,73.0,0.0,0.0,,,,92.0,
US,2023,10,45,2022-11-13,,,,81.0,0.0,0.0,,,,96.0,
US,2023,11,46,2022-11-20,,,,87.0,0.0,0.0,,,,96.0,
US,2023,12,47,2022-11-27,,,,91.0,0.0,0.0,,,,96.0,
US,2023,30,13,2023-04-02,,,,91.0,0.0,6.0,,,,96.0,
US,2023,31,14,2023-04-09,,,,91.0,0.0,7.0,,,,96.0,
US,2023,32,15,2023-04-16,,,,91.0,0.0,10.0,,,,96.0,
US,2023,33,16,2023-04-23,,,,91.0,0.0,18.0,,,,96.0,
US,2023,34,17,2023-04-30,,,,91.0,0.0,25.0,,,,96.0,
US,2023,35,18,2023-05-07,,,,91.0,0.0,38.0,,,,96.0,
US,2023,36,19,2023-05-14,,,,91.0,0.0,49.0,,,,96.0,
US,2023,37,20,2023-05-21,,,,91.0,0.0,61.0,,,,96.0,
US,2023,38,21,2023-05-28,,,,91.0,0.0,72.0,,,,96.0,
US,2023,39,22,2023-06-04,,,,91.0,4.0,82.0,,,,96.0,
US,2023,40,23,2023-06-11,,,,91.0,8.0,89.0,,,,96.0,
US,2023,41,24,2023-06-18,,,,91.0,15.0,94.0,,,,96.0,
US,2023,42,25,2023-06-25,,,,91.0,24.0,97.0,,,,96.0,
US,2023,43,26,2023-07-02,,,,91.0,37.0,97.0,,,,96.0,
US,2023,44,27,2023-07-09,,,,91.0,46.0,97.0,,,,96.0,
US,2023,45,28,2023-07-16,,,,91.0,56.0,97.0,,,,96.0,
US,2023,46,29,2023-07-23,,,,91.0,68.0,97.0,,,,96.0,
US,2023,47,30,2023-07-30,,,,91.0,80.0,97.0,,,,96.0,
US,2023,48,31,2023-08-06,,,,91.0,87.0,97.0,,,,96.0,
US,2023,49,32,2023-08-13,,,,91.0,92.0,97.0,,,,96.0,
US,2023,50,33,2023-08-20,,,,91.0,96.0,97.0,,,,96.0,
US,2023,52,35,2023-09-03,,,,91.0,96.0,97.0,,,,1.0,
US,2024,1,36,2023-09-10,,,,0.0,0.0,0.0,,,,7.0,
US,2024,2,37,2023-09-17,,,,0.0,0.0,0.0,,,,15.0,
US,2024,3,38,2023-09-24,,,,7.0,0.0,0.0,,,,26.0,
US,2024,4,39,2023-10-01,,,,15.0,0.0,0.0,,,,40.0,
US,2024,5,40,2023-10-08,,,,29.0,0.0,0.0,,,,57.0,
US,2024,6,41,2023-10-15,,,,39.0,0.0,0.0,,,,68.0,
US,2024,7,42,2023-10-22,,,,53.0,0.0,0.0,,,,77.0,
US,2024,8,43,2023-10-29,,,,64.0,0.0,0.0,,,,84.0,
US,2024,9,44,2023-11-05,,,,75.0,0.0,0.0,,,,90.0,
US,2024,10,45,2023-11-12,,,,81.0,0.0,0.0,,,,93.0,
US,2024,11,46,2023-11-19,,,,87.0,0.0,0.0,,,,95.0,
US,2024,12,47,2023-11-26,,,,91.0,0.0,0.0,,,,95.0,
US,2024,30,13,2024-03-31,,,,91.0,0.0,4.0,,,,95.0,
US,2024,31,14,2024-04-07,,,,91.0,0.0,6.0,,,,95.0,
US,2024,32,15,2024-04-14,,,,91.0,0.0,11.0,,,,95.0,
US,2024,33,16,2024-04-21,,,,91.0,0.0,17.0,,,,95.0,
US,2024,34,17,2024-04-28,,,,91.0,0.0,30.0,,,,95.0,
US,2024,35,18,2024-05-05,,,,91.0,0.0,43.0,,,,95.0,
US,2024,36,19,2024-05-12,,,,91.0,0.0,57.0,,,,95.0,
US,2024,37,20,2024-05-19,,,,91.0,0.0,69.0,,,,95.0,
US,2024,38,21,2024-05-26,,,,91.0,0.0,77.0,,,,95.0,
US,2024,39,22,2024-06-02,,,,91.0,6.0,83.0,,,,95.0,
US,2024,40,23,2024-06-09,,,,91.0,12.0,89.0,,,,95.0,
US,2024,41,24,2024-06-16,,,,91.0,27.0,94.0,,,,95.0,
US,2024,42,25,2024-06-23,,,,91.0,40.0,97.0,,,,95.0,
US,2024,43,26,2024-06-30,,,,91.0,54.0,97.0,,,,95.0,
US,2024,44,27,2024-07-07,,,,91.0,63.0,97.0,,,,95.0,
US,2024,45,28,2024-07-14,,,,91.0,71.0,97.0,,,,95.0,
US,2024,46,29,2024-07-21,,,,91.0,76.0,97.0,,,,95.0,
US,2024,47,30,2024-07-28,,,,91.0,82.0,97.0,,,,95.0,
US,2024,48,31,2024-08-04,,,,91.0,88.0,97.0,,,,95.0,
US,2024,49,32,2024-08-11,,,,91.0,93.0,97.0,,,,95.0,
US,2024,50,33,2024-08-18,,,,91.0,96.0,97.0,,,,95.0,
US,2024,52,35,2024-09-01,,,,91.0,96.0,97.0,,,,2.0,
US,2025,1,36,2024-09-08,,,,0.0,0.0,0.0,,,,6.0,
US,2025,2,37,2024-09-15,,,,0.0,0.0,0.0,,,,14.0,
US,2025,3,38,2024-09-22,,,,4.0,0.0,0.0,,,,25.0,
US,2025,4,39,2024-09-29,,,,14.0,0.0,0.0,,,,39.0,
US,2025,5,40,2024-10-06,,,,25.0,0.0,0.0,,,,51.0,
US,2025,6,41,2024-10-13,,,,35.0,0.0,0.0,,,,64.0,
US,2025,7,42,2024-10-20,,,,46.0,0.0,0.0,,,,73.0,
US,2025,8,43,2024-10-27,,,,56.0,0.0,0.0,,,,80.0,
US,2025,9,44,2024-11-03,,,,66.0,0.0,0.0,,,,87.0,
US,2025,10,45,2024-11-10,,,,76.0,0.0,0.0,,,,91.0,
US,2025,11,46,2024-11-17,,,,84.0,0.0,0.0,,,,94.0,
US,2025,12,47,2024-11-24,,,,89.0,0.0,0.0,,,,97.0,
US,2025,31,14,2025-04-06,,,,89.0,0.0,5.0,,,,97.0,
US,2025,32,15,2025-04-13,,,,89.0,0.0,8.0,,,,97.0,
US,2025,33,16,2025-04-20,,,,89.0,0.0,15.0,,,,97.0,
US,2025,34,17,2025-04-27,,,,89.0,0.0,27.0,,,,97.0,
US,2025,35,18,2025-05-04,,,,89.0,0.0,39.0,,,,97.0,
US,2025,36,19,2025-05-11,,,,89.0,0.0,53.0,,,,97.0,
US,2025,37,20,2025-05-18,,,,89.0,0.0,64.0,,,,97.0,
US,2025,38,21,2025-05-25,,,,89.0,0.0,75.0,,,,97.0,
US,2025,39,22,2025-06-01,,,,89.0,3.0,83.0,,,,97.0,
US,2025,40,23,2025-06-08,,,,89.0,4.0,88.0,,,,97.0,
US,2025,41,24,2025-06-15,,,,89.0,10.0,93.0,,,,97.0,
US,2025,42,25,2025-06-22,,,,89.0,19.0,96.0,,,,97.0,
US,2025,43,26,2025-06-29,,,,89.0,37.0,96.0,,,,97.0,
US,2025,44,27,2025-07-06,,,,89.0,53.0,96.0,,,,97.0,
US,2025,45,28,2025-07-13,,,,89.0,63.0,96.0,,,,97.0,
US,2025,46,29,2025-07-20,,,,89.0,73.0,96.0,,,,97.0,
US,2025,47,30,2025-07-27,,,,89.0,80.0,96.0,,,,97.0,
US,2025,48,31,2025-08-03,,,,89.0,86.0,96.0,,,,97.0,
US,2025,49,32,2025-08-10,,,,89.0,90.0,96.0,,,,97.0,
US,2025,50,33,2025-08-17,,,,89.0,94.0,96.0,,,,97.0,
US,2025,51,34,2025-08-24,,,,89.0,98.0,96.0,,,,97.0,
US,2026,1,36,2025-09-07,,,,0.0,0.0,0.0,,,,5.0,
US,2026,2,37,2025-09-14,,,,0.0,0.0,0.0,,,,11.0,
US,2026,3,38,2025-09-21,,,,4.0,0.0,0.0,,,,20.0,
US,2026,4,39,2025-09-28,,,,13.0,0.0,0.0,,,,34.0,
US,2026,11,46,2025-11-16,,,,79.0,0.0,0.0,,,,92.0,
US,2026,12,47,2025-11-23,,,,87.0,0.0,0.0,,,,97.0,
