state_alpha,season,week,cal_week,week_ending,PROGRESS
AL,2016,4,39,2015-09-27,0.09090909090909091
AL,2016,5,40,2015-10-04,0.45454545454545453
AL,2016,6,41,2015-10-11,1.3636363636363635
AL,2016,7,42,2015-10-18,2.0
AL,2016,8,43,2015-10-25,2.8181818181818183
AL,2016,9,44,2015-11-01,4.181818181818182
AL,2016,10,45,2015-11-08,5.636363636363637
AL,2016,11,46,2015-11-15,8.0
AL,2016,12,47,2015-11-22,11.272727272727273
AL,2016,13,48,2015-11-29,14.181818181818182
AL,2016,30,13,2016-04-03,14.181818181818182
AL,2016,31,14,2016-04-10,15.090909090909092
AL,2016,32,15,2016-04-17,16.363636363636363
AL,2016,33,16,2016-04-24,20.181818181818183
AL,2016,34,17,2016-05-01,21.363636363636363
AL,2016,35,18,2016-05-08,22.363636363636363
AL,2016,36,19,2016-05-15,23.09090909090909
AL,2016,37,20,2016-05-22,23.727272727272727
AL,2016,38,21,2016-05-29,24.818181818181817
AL,2016,39,22,2016-06-05,26.09090909090909
AL,2016,40,23,2016-06-12,28.545454545454547
AL,2016,41,24,2016-06-19,31.0
AL,2016,42,25,2016-06-26,31.727272727272727
AL,2017,4,39,2016-10-02,0.0
AL,2017,5,40,2016-10-09,0.18181818181818182
AL,2017,6,41,2016-10-16,0.2727272727272727
AL,2017,7,42,2016-10-23,1.0
AL,2017,8,43,2016-10-30,1.3636363636363635
AL,2017,9,44,2016-11-06,1.8181818181818181
AL,2017,10,45,2016-11-13,4.181818181818182
AL,2017,11,46,2016-11-20,6.0
AL,2017,12,47,2016-11-27,7.454545454545454
AL,2017,30,13,2017-04-02,8.181818181818182
AL,2017,31,14,2017-04-09,9.545454545454545
AL,2017,32,15,2017-04-16,12.272727272727273
AL,2017,33,16,2017-04-23,15.090909090909092
AL,2017,34,17,2017-04-30,15.636363636363637
AL,2017,35,18,2017-05-07,15.909090909090908
AL,2017,36,19,2017-05-14,16.09090909090909
AL,2017,37,20,2017-05-21,16.90909090909091
AL,2017,38,21,2017-05-28,18.0
AL,2017,39,22,2017-06-04,19.272727272727273
AL,2017,40,23,2017-06-11,19.90909090909091
AL,2017,41,24,2017-06-18,23.636363636363637
AL,2017,42,25,2017-06-25,24.454545454545453
AL,2017,43,26,2017-07-02,25.0
AL,2018,4,39,2017-10-01,0.09090909090909091
AL,2018,5,40,2017-10-08,0.5454545454545454
AL,2018,6,41,2017-10-15,1.0909090909090908
AL,2018,7,42,2017-10-22,1.6363636363636365
AL,2018,8,43,2017-10-29,3.1818181818181817
AL,2018,9,44,2017-11-05,4.818181818181818
AL,2018,10,45,2017-11-12,7.454545454545454
AL,2018,11,46,2017-11-19,9.909090909090908
AL,2018,12,47,2017-11-26,12.363636363636363
AL,2018,30,13,2018-04-01,13.454545454545455
AL,2018,31,14,2018-04-08,14.909090909090908
AL,2018,32,15,2018-04-15,15.636363636363637
AL,2018,33,16,2018-04-22,17.727272727272727
AL,2018,34,17,2018-04-29,19.181818181818183
AL,2018,35,18,2018-05-06,20.636363636363637
AL,2018,36,19,2018-05-13,21.181818181818183
AL,2018,37,20,2018-05-20,21.818181818181817
AL,2018,38,21,2018-05-27,22.181818181818183
AL,2018,39,22,2018-06-03,22.363636363636363
AL,2018,40,23,2018-06-10,25.636363636363637
AL,2018,41,24,2018-06-17,28.818181818181817
AL,2018,42,25,2018-06-24,29.818181818181817
AL,2019,4,39,2018-09-30,0.0
AL,2019,5,40,2018-10-07,0.5454545454545454
AL,2019,6,41,2018-10-14,1.3636363636363635
AL,2019,7,42,2018-10-21,1.5454545454545454
AL,2019,8,43,2018-10-28,1.9090909090909092
AL,2019,9,44,2018-11-04,3.090909090909091
AL,2019,10,45,2018-11-11,3.909090909090909
AL,2019,11,46,2018-11-18,5.636363636363637
AL,2019,12,47,2018-11-25,8.181818181818182
AL,2019,30,13,2019-03-31,8.636363636363637
AL,2019,31,14,2019-04-07,9.818181818181818
AL,2019,32,15,2019-04-14,11.909090909090908
AL,2019,33,16,2019-04-21,13.636363636363637
AL,2019,34,17,2019-04-28,16.0
AL,2019,35,18,2019-05-05,16.545454545454547
AL,2019,36,19,2019-05-12,17.09090909090909
AL,2019,37,20,2019-05-19,17.90909090909091
AL,2019,38,21,2019-05-26,18.90909090909091
AL,2019,39,22,2019-06-02,19.545454545454547
AL,2019,40,23,2019-06-09,21.0
AL,2019,41,24,2019-06-16,22.727272727272727
AL,2019,42,25,2019-06-23,24.90909090909091
AL,2019,43,26,2019-06-30,25.545454545454547
AL,2020,3,38,2019-09-22,0.18181818181818182
AL,2020,4,39,2019-09-29,0.5454545454545454
AL,2020,5,40,2019-10-06,0.5454545454545454
AL,2020,6,41,2019-10-13,0.9090909090909091
AL,2020,7,42,2019-10-20,1.7272727272727273
AL,2020,8,43,2019-10-27,2.5454545454545454
AL,2020,9,44,2019-11-03,3.4545454545454546
AL,2020,10,45,2019-11-10,4.636363636363637
AL,2020,11,46,2019-11-17,8.181818181818182
AL,2020,12,47,2019-11-24,11.0
AL,2020,31,14,2020-04-05,12.636363636363637
AL,2020,32,15,2020-04-12,14.636363636363637
AL,2020,33,16,2020-04-19,17.545454545454547
AL,2020,34,17,2020-04-26,18.454545454545453
AL,2020,35,18,2020-05-03,19.363636363636363
AL,2020,36,19,2020-05-10,19.636363636363637
AL,2020,37,20,2020-05-17,21.181818181818183
AL,2020,38,21,2020-05-24,21.727272727272727
AL,2020,39,22,2020-05-31,22.363636363636363
AL,2020,40,23,2020-06-07,23.09090909090909
AL,2020,41,24,2020-06-14,24.636363636363637
AL,2020,42,25,2020-06-21,26.727272727272727
AL,2020,43,26,2020-06-28,28.09090909090909
AL,2020,44,27,2020-07-05,28.545454545454547
AL,2021,4,39,2020-09-27,0.09090909090909091
AL,2021,5,40,2020-10-04,0.36363636363636365
AL,2021,6,41,2020-10-11,0.7272727272727273
AL,2021,7,42,2020-10-18,0.9090909090909091
AL,2021,8,43,2020-10-25,1.7272727272727273
AL,2021,9,44,2020-11-01,2.6363636363636362
AL,2021,10,45,2020-11-08,5.818181818181818
AL,2021,11,46,2020-11-15,9.363636363636363
AL,2021,12,47,2020-11-22,12.272727272727273
AL,2021,13,48,2020-11-29,14.181818181818182
AL,2021,30,13,2021-04-04,14.818181818181818
AL,2021,31,14,2021-04-11,15.454545454545455
AL,2021,32,15,2021-04-18,17.454545454545453
AL,2021,33,16,2021-04-25,20.818181818181817
AL,2021,34,17,2021-05-02,21.454545454545453
AL,2021,35,18,2021-05-09,22.545454545454547
AL,2021,36,19,2021-05-16,23.0
AL,2021,37,20,2021-05-23,23.636363636363637
AL,2021,38,21,2021-05-30,25.0
AL,2021,39,22,2021-06-06,25.454545454545453
AL,2021,40,23,2021-06-13,26.272727272727273
AL,2021,41,24,2021-06-20,29.454545454545453
AL,2021,42,25,2021-06-27,31.181818181818183
AL,2021,43,26,2021-07-04,31.90909090909091
AL,2022,4,39,2021-10-03,0.18181818181818182
AL,2022,5,40,2021-10-10,0.36363636363636365
AL,2022,6,41,2021-10-17,0.6363636363636364
AL,2022,7,42,2021-10-24,1.0909090909090908
AL,2022,8,43,2021-10-31,1.3636363636363635
AL,2022,9,44,2021-11-07,2.6363636363636362
AL,2022,10,45,2021-11-14,5.090909090909091
AL,2022,11,46,2021-11-21,8.363636363636363
AL,2022,12,47,2021-11-28,11.727272727272727
AL,2022,30,13,2022-04-03,12.545454545454545
AL,2022,31,14,2022-04-10,13.818181818181818
AL,2022,32,15,2022-04-17,15.818181818181818
AL,2022,33,16,2022-04-24,17.727272727272727
AL,2022,34,17,2022-05-01,18.545454545454547
AL,2022,35,18,2022-05-08,20.0
AL,2022,36,19,2022-05-15,20.90909090909091
AL,2022,37,20,2022-05-22,21.454545454545453
AL,2022,38,21,2022-05-29,22.181818181818183
AL,2022,39,22,2022-06-05,23.272727272727273
AL,2022,40,23,2022-06-12,24.90909090909091
AL,2022,41,24,2022-06-19,27.09090909090909
AL,2022,42,25,2022-06-26,28.818181818181817
AL,2022,43,26,2022-07-03,29.363636363636363
AL,2023,4,39,2022-10-02,0.0
AL,2023,5,40,2022-10-09,0.18181818181818182
AL,2023,6,41,2022-10-16,0.8181818181818182
AL,2023,7,42,2022-10-23,1.7272727272727273
AL,2023,8,43,2022-10-30,3.0
AL,2023,9,44,2022-11-06,4.818181818181818
AL,2023,10,45,2022-11-13,8.0
AL,2023,11,46,2022-11-20,10.727272727272727
AL,2023,12,47,2022-11-27,13.090909090909092
AL,2023,30,13,2023-04-02,13.545454545454545
AL,2023,31,14,2023-04-09,14.909090909090908
AL,2023,32,15,2023-04-16,16.272727272727273
AL,2023,33,16,2023-04-23,18.90909090909091
AL,2023,34,17,2023-04-30,20.727272727272727
AL,2023,35,18,2023-05-07,21.181818181818183
AL,2023,36,19,2023-05-14,21.636363636363637
AL,2023,37,20,2023-05-21,22.454545454545453
AL,2023,38,21,2023-05-28,23.09090909090909
AL,2023,39,22,2023-06-04,24.454545454545453
AL,2023,40,23,2023-06-11,25.636363636363637
AL,2023,41,24,2023-06-18,28.454545454545453
AL,2023,42,25,2023-06-25,30.181818181818183
AL,2023,43,26,2023-07-02,30.636363636363637
AL,2024,3,38,2023-09-24,0.0
AL,2024,4,39,2023-10-01,0.09090909090909091
AL,2024,5,40,2023-10-08,0.2727272727272727
AL,2024,6,41,2023-10-15,0.7272727272727273
AL,2024,7,42,2023-10-22,1.8181818181818181
AL,2024,8,43,2023-10-29,3.1818181818181817
AL,2024,9,44,2023-11-05,4.636363636363637
AL,2024,10,45,2023-11-12,5.7272727272727275
AL,2024,11,46,2023-11-19,8.272727272727273
AL,2024,12,47,2023-11-26,12.0
AL,2024,30,13,2024-03-31,12.727272727272727
AL,2024,31,14,2024-04-07,14.090909090909092
AL,2024,32,15,2024-04-14,16.636363636363637
AL,2024,33,16,2024-04-21,18.363636363636363
AL,2024,34,17,2024-04-28,19.363636363636363
AL,2024,35,18,2024-05-05,19.727272727272727
AL,2024,36,19,2024-05-12,20.272727272727273
AL,2024,37,20,2024-05-19,21.0
AL,2024,38,21,2024-05-26,22.0
AL,2024,39,22,2024-06-02,22.727272727272727
AL,2024,40,23,2024-06-09,23.90909090909091
AL,2024,41,24,2024-06-16,26.181818181818183
AL,2024,42,25,2024-06-23,27.363636363636363
AL,2024,43,26,2024-06-30,28.727272727272727
AL,2024,44,27,2024-07-07,29.727272727272727
AL,2025,3,38,2024-09-22,0.0
AL,2025,4,39,2024-09-29,0.09090909090909091
AL,2025,5,40,2024-10-06,0.18181818181818182
AL,2025,6,41,2024-10-13,0.6363636363636364
AL,2025,7,42,2024-10-20,2.0
AL,2025,8,43,2024-10-27,2.727272727272727
AL,2025,9,44,2024-11-03,4.363636363636363
AL,2025,10,45,2024-11-10,6.363636363636363
AL,2025,11,46,2024-11-17,9.0
AL,2025,12,47,2024-11-24,11.090909090909092
AL,2025,31,14,2025-04-06,12.727272727272727
AL,2025,32,15,2025-04-13,13.818181818181818
AL,2025,33,16,2025-04-20,16.272727272727273
AL,2025,34,17,2025-04-27,18.363636363636363
AL,2025,35,18,2025-05-04,19.09090909090909
AL,2025,36,19,2025-05-11,19.636363636363637
AL,2025,37,20,2025-05-18,20.181818181818183
AL,2025,38,21,2025-05-25,20.727272727272727
AL,2025,39,22,2025-06-01,21.90909090909091
AL,2025,40,23,2025-06-08,23.545454545454547
AL,2025,41,24,2025-06-15,25.272727272727273
AL,2025,42,25,2025-06-22,26.90909090909091
AL,2025,43,26,2025-06-29,27.636363636363637
AL,2025,44,27,2025-07-06,28.363636363636363
AL,2026,3,38,2025-09-21,0.09090909090909091
AL,2026,4,39,2025-09-28,0.18181818181818182
AL,2026,11,46,2025-11-16,7.363636363636363
AL,2026,12,47,2025-11-23,10.363636363636363
AR,2016,1,36,2015-09-06,0.0
AR,2016,2,37,2015-09-13,0.0
AR,2016,3,38,2015-09-20,0.0
AR,2016,4,39,2015-09-27,0.09090909090909091
AR,2016,5,40,2015-10-04,0.36363636363636365
AR,2016,6,41,2015-10-11,1.4545454545454546
AR,2016,7,42,2015-10-18,2.727272727272727
AR,2016,8,43,2015-10-25,4.909090909090909
AR,2016,9,44,2015-11-01,8.636363636363637
AR,2016,10,45,2015-11-08,11.090909090909092
AR,2016,11,46,2015-11-15,13.545454545454545
AR,2016,12,47,2015-11-22,15.909090909090908
AR,2016,13,48,2015-11-29,16.636363636363637
AR,2016,29,12,2016-03-27,16.636363636363637
AR,2016,30,13,2016-04-03,16.636363636363637
AR,2016,31,14,2016-04-10,17.09090909090909
AR,2016,32,15,2016-04-17,19.272727272727273
AR,2016,33,16,2016-04-24,21.90909090909091
AR,2016,34,17,2016-05-01,24.272727272727273
AR,2016,35,18,2016-05-08,26.272727272727273
AR,2016,36,19,2016-05-15,29.454545454545453
AR,2016,37,20,2016-05-22,32.18181818181818
AR,2016,38,21,2016-05-29,34.45454545454545
AR,2016,39,22,2016-06-05,34.90909090909091
AR,2016,40,23,2016-06-12,38.90909090909091
AR,2016,41,24,2016-06-19,42.18181818181818
AR,2016,42,25,2016-06-26,43.54545454545455
AR,2016,43,26,2016-07-03,43.81818181818182
AR,2016,44,27,2016-07-10,43.90909090909091
AR,2016,45,28,2016-07-17,43.90909090909091
AR,2016,46,29,2016-07-24,43.90909090909091
AR,2016,47,30,2016-07-31,43.90909090909091
AR,2016,48,31,2016-08-07,43.90909090909091
AR,2016,49,32,2016-08-14,43.90909090909091
AR,2017,1,36,2016-09-11,0.0
AR,2017,2,37,2016-09-18,0.09090909090909091
AR,2017,3,38,2016-09-25,0.2727272727272727
AR,2017,4,39,2016-10-02,0.7272727272727273
AR,2017,5,40,2016-10-09,1.9090909090909092
AR,2017,6,41,2016-10-16,4.090909090909091
AR,2017,7,42,2016-10-23,6.545454545454546
AR,2017,8,43,2016-10-30,8.818181818181818
AR,2017,9,44,2016-11-06,11.363636363636363
AR,2017,10,45,2016-11-13,14.454545454545455
AR,2017,11,46,2016-11-20,16.272727272727273
AR,2017,12,47,2016-11-27,16.90909090909091
AR,2017,27,10,2017-03-12,16.90909090909091
AR,2017,28,11,2017-03-19,17.0
AR,2017,29,12,2017-03-26,17.363636363636363
AR,2017,30,13,2017-04-02,19.363636363636363
AR,2017,31,14,2017-04-09,22.818181818181817
AR,2017,32,15,2017-04-16,25.0
AR,2017,33,16,2017-04-23,26.0
AR,2017,34,17,2017-04-30,28.0
AR,2017,35,18,2017-05-07,30.0
AR,2017,36,19,2017-05-14,33.45454545454545
AR,2017,37,20,2017-05-21,34.54545454545455
AR,2017,38,21,2017-05-28,36.0
AR,2017,39,22,2017-06-04,37.63636363636363
AR,2017,40,23,2017-06-11,41.09090909090909
AR,2017,41,24,2017-06-18,43.09090909090909
AR,2017,42,25,2017-06-25,44.0
AR,2017,43,26,2017-07-02,44.09090909090909
AR,2017,44,27,2017-07-09,44.18181818181818
AR,2017,45,28,2017-07-16,44.18181818181818
AR,2017,46,29,2017-07-23,44.18181818181818
AR,2017,47,30,2017-07-30,44.18181818181818
AR,2017,48,31,2017-08-06,44.18181818181818
AR,2017,49,32,2017-08-13,44.18181818181818
AR,2018,1,36,2017-09-10,0.0
AR,2018,2,37,2017-09-17,0.09090909090909091
AR,2018,3,38,2017-09-24,0.6363636363636364
AR,2018,4,39,2017-10-01,1.2727272727272727
AR,2018,5,40,2017-10-08,2.1818181818181817
AR,2018,6,41,2017-10-15,4.2727272727272725
AR,2018,7,42,2017-10-22,5.818181818181818
AR,2018,8,43,2017-10-29,9.727272727272727
AR,2018,9,44,2017-11-05,12.727272727272727
AR,2018,10,45,2017-11-12,15.090909090909092
AR,2018,11,46,2017-11-19,16.272727272727273
AR,2018,12,47,2017-11-26,17.09090909090909
AR,2018,27,10,2018-03-11,17.09090909090909
AR,2018,28,11,2018-03-18,17.272727272727273
AR,2018,29,12,2018-03-25,17.90909090909091
AR,2018,30,13,2018-04-01,18.727272727272727
AR,2018,31,14,2018-04-08,19.0
AR,2018,32,15,2018-04-15,20.0
AR,2018,33,16,2018-04-22,21.09090909090909
AR,2018,34,17,2018-04-29,23.09090909090909
AR,2018,35,18,2018-05-06,24.545454545454547
AR,2018,36,19,2018-05-13,27.454545454545453
AR,2018,37,20,2018-05-20,31.0
AR,2018,38,21,2018-05-27,34.09090909090909
AR,2018,39,22,2018-06-03,35.0
AR,2018,40,23,2018-06-10,38.72727272727273
AR,2018,41,24,2018-06-17,43.45454545454545
AR,2018,42,25,2018-06-24,44.27272727272727
AR,2018,43,26,2018-07-01,44.36363636363637
AR,2018,44,27,2018-07-08,44.36363636363637
AR,2018,45,28,2018-07-15,44.36363636363637
AR,2018,46,29,2018-07-22,44.36363636363637
AR,2018,47,30,2018-07-29,44.36363636363637
AR,2018,48,31,2018-08-05,44.36363636363637
AR,2018,49,32,2018-08-12,44.36363636363637
AR,2018,50,33,2018-08-19,44.36363636363637
AR,2018,52,35,2018-09-02,35.45454545454545
AR,2019,1,36,2018-09-09,0.0
AR,2019,2,37,2018-09-16,0.0
AR,2019,3,38,2018-09-23,0.09090909090909091
AR,2019,4,39,2018-09-30,0.36363636363636365
AR,2019,5,40,2018-10-07,1.9090909090909092
AR,2019,6,41,2018-10-14,3.727272727272727
AR,2019,7,42,2018-10-21,5.2727272727272725
AR,2019,8,43,2018-10-28,7.181818181818182
AR,2019,9,44,2018-11-04,8.090909090909092
AR,2019,10,45,2018-11-11,9.909090909090908
AR,2019,11,46,2018-11-18,12.545454545454545
AR,2019,12,47,2018-11-25,14.090909090909092
AR,2019,13,48,2018-12-02,15.545454545454545
AR,2019,27,10,2019-03-10,15.545454545454545
AR,2019,28,11,2019-03-17,15.545454545454545
AR,2019,29,12,2019-03-24,15.636363636363637
AR,2019,30,13,2019-03-31,16.0
AR,2019,31,14,2019-04-07,16.454545454545453
AR,2019,32,15,2019-04-14,17.272727272727273
AR,2019,33,16,2019-04-21,19.181818181818183
AR,2019,34,17,2019-04-28,21.272727272727273
AR,2019,35,18,2019-05-05,22.818181818181817
AR,2019,36,19,2019-05-12,23.90909090909091
AR,2019,37,20,2019-05-19,26.545454545454547
AR,2019,38,21,2019-05-26,30.0
AR,2019,39,22,2019-06-02,33.09090909090909
AR,2019,40,23,2019-06-09,35.09090909090909
AR,2019,41,24,2019-06-16,38.63636363636363
AR,2019,42,25,2019-06-23,41.0
AR,2019,43,26,2019-06-30,41.90909090909091
AR,2019,44,27,2019-07-07,42.63636363636363
AR,2019,45,28,2019-07-14,42.81818181818182
AR,2019,46,29,2019-07-21,42.81818181818182
AR,2019,47,30,2019-07-28,42.81818181818182
AR,2019,48,31,2019-08-04,42.81818181818182
AR,2019,49,32,2019-08-11,42.81818181818182
AR,2019,50,33,2019-08-18,42.81818181818182
AR,2019,51,34,2019-08-25,42.81818181818182
AR,2019,52,35,2019-09-01,42.81818181818182
AR,2020,2,37,2019-09-15,0.09090909090909091
AR,2020,3,38,2019-09-22,0.18181818181818182
AR,2020,4,39,2019-09-29,1.0
AR,2020,5,40,2019-10-06,1.9090909090909092
AR,2020,6,41,2019-10-13,3.4545454545454546
AR,2020,7,42,2019-10-20,6.454545454545454
AR,2020,8,43,2019-10-27,10.181818181818182
AR,2020,9,44,2019-11-03,12.636363636363637
AR,2020,10,45,2019-11-10,14.0
AR,2020,11,46,2019-11-17,15.090909090909092
AR,2020,12,47,2019-11-24,15.818181818181818
AR,2020,13,48,2019-12-01,17.181818181818183
AR,2020,14,49,2019-12-08,17.636363636363637
AR,2020,28,11,2020-03-15,17.636363636363637
AR,2020,29,12,2020-03-22,17.727272727272727
AR,2020,30,13,2020-03-29,17.818181818181817
AR,2020,31,14,2020-04-05,18.181818181818183
AR,2020,32,15,2020-04-12,20.636363636363637
AR,2020,33,16,2020-04-19,21.90909090909091
AR,2020,34,17,2020-04-26,23.272727272727273
AR,2020,35,18,2020-05-03,24.636363636363637
AR,2020,36,19,2020-05-10,26.818181818181817
AR,2020,37,20,2020-05-17,29.90909090909091
AR,2020,38,21,2020-05-24,32.18181818181818
AR,2020,39,22,2020-05-31,35.18181818181818
AR,2020,40,23,2020-06-07,37.27272727272727
AR,2020,41,24,2020-06-14,39.81818181818182
AR,2020,42,25,2020-06-21,42.72727272727273
AR,2020,43,26,2020-06-28,43.90909090909091
AR,2020,44,27,2020-07-05,44.45454545454545
AR,2020,45,28,2020-07-12,44.90909090909091
AR,2020,46,29,2020-07-19,44.90909090909091
AR,2020,47,30,2020-07-26,44.90909090909091
AR,2020,48,31,2020-08-02,44.90909090909091
AR,2020,49,32,2020-08-09,44.90909090909091
AR,2020,50,33,2020-08-16,44.90909090909091
AR,2020,51,34,2020-08-23,44.90909090909091
AR,2020,52,35,2020-08-30,44.90909090909091
AR,2021,1,36,2020-09-06,0.0
AR,2021,2,37,2020-09-13,0.0
AR,2021,3,38,2020-09-20,0.0
AR,2021,4,39,2020-09-27,0.18181818181818182
AR,2021,5,40,2020-10-04,0.8181818181818182
AR,2021,6,41,2020-10-11,2.4545454545454546
AR,2021,7,42,2020-10-18,4.7272727272727275
AR,2021,8,43,2020-10-25,7.545454545454546
AR,2021,9,44,2020-11-01,9.727272727272727
AR,2021,10,45,2020-11-08,11.545454545454545
AR,2021,11,46,2020-11-15,13.727272727272727
AR,2021,12,47,2020-11-22,15.181818181818182
AR,2021,13,48,2020-11-29,16.727272727272727
AR,2021,27,10,2021-03-14,16.727272727272727
AR,2021,28,11,2021-03-21,16.818181818181817
AR,2021,29,12,2021-03-28,16.90909090909091
AR,2021,30,13,2021-04-04,17.0
AR,2021,31,14,2021-04-11,17.818181818181817
AR,2021,32,15,2021-04-18,19.272727272727273
AR,2021,33,16,2021-04-25,20.90909090909091
AR,2021,34,17,2021-05-02,23.181818181818183
AR,2021,35,18,2021-05-09,24.272727272727273
AR,2021,36,19,2021-05-16,26.181818181818183
AR,2021,37,20,2021-05-23,29.09090909090909
AR,2021,38,21,2021-05-30,31.727272727272727
AR,2021,39,22,2021-06-06,34.45454545454545
AR,2021,40,23,2021-06-13,37.0
AR,2021,41,24,2021-06-20,39.90909090909091
AR,2021,42,25,2021-06-27,42.54545454545455
AR,2021,43,26,2021-07-04,43.36363636363637
AR,2021,44,27,2021-07-11,44.0
AR,2021,45,28,2021-07-18,44.0
AR,2021,46,29,2021-07-25,44.0
AR,2021,47,30,2021-08-01,44.0
AR,2021,48,31,2021-08-08,44.0
AR,2021,52,35,2021-09-05,35.36363636363637
AR,2022,1,36,2021-09-12,0.0
AR,2022,2,37,2021-09-19,0.09090909090909091
AR,2022,3,38,2021-09-26,0.36363636363636365
AR,2022,4,39,2021-10-03,1.1818181818181819
AR,2022,5,40,2021-10-10,2.4545454545454546
AR,2022,6,41,2021-10-17,4.181818181818182
AR,2022,7,42,2021-10-24,6.181818181818182
AR,2022,8,43,2021-10-31,8.454545454545455
AR,2022,9,44,2021-11-07,11.363636363636363
AR,2022,10,45,2021-11-14,13.545454545454545
AR,2022,11,46,2021-11-21,15.818181818181818
AR,2022,12,47,2021-11-28,17.181818181818183
AR,2022,28,11,2022-03-20,17.181818181818183
AR,2022,29,12,2022-03-27,17.272727272727273
AR,2022,30,13,2022-04-03,17.363636363636363
AR,2022,31,14,2022-04-10,17.636363636363637
AR,2022,32,15,2022-04-17,18.363636363636363
AR,2022,33,16,2022-04-24,19.545454545454547
AR,2022,34,17,2022-05-01,21.90909090909091
AR,2022,35,18,2022-05-08,24.90909090909091
AR,2022,36,19,2022-05-15,26.727272727272727
AR,2022,37,20,2022-05-22,29.636363636363637
AR,2022,38,21,2022-05-29,32.72727272727273
AR,2022,39,22,2022-06-05,35.81818181818182
AR,2022,40,23,2022-06-12,37.36363636363637
AR,2022,41,24,2022-06-19,41.27272727272727
AR,2022,42,25,2022-06-26,42.90909090909091
AR,2022,43,26,2022-07-03,43.90909090909091
AR,2022,44,27,2022-07-10,44.36363636363637
AR,2022,45,28,2022-07-17,44.45454545454545
AR,2022,46,29,2022-07-24,44.45454545454545
AR,2022,47,30,2022-07-31,44.45454545454545
AR,2022,48,31,2022-08-07,44.45454545454545
AR,2022,49,32,2022-08-14,44.45454545454545
AR,2022,50,33,2022-08-21,44.45454545454545
AR,2022,52,35,2022-09-04,35.72727272727273
AR,2023,1,36,2022-09-11,0.0
AR,2023,2,37,2022-09-18,0.09090909090909091
AR,2023,3,38,2022-09-25,0.2727272727272727
AR,2023,4,39,2022-10-02,0.45454545454545453
AR,2023,5,40,2022-10-09,0.7272727272727273
AR,2023,6,41,2022-10-16,2.3636363636363638
AR,2023,7,42,2022-10-23,3.909090909090909
AR,2023,8,43,2022-10-30,6.363636363636363
AR,2023,9,44,2022-11-06,10.0
AR,2023,10,45,2022-11-13,12.727272727272727
AR,2023,11,46,2022-11-20,15.272727272727273
AR,2023,12,47,2022-11-27,16.636363636363637
AR,2023,27,10,2023-03-12,16.636363636363637
AR,2023,28,11,2023-03-19,16.636363636363637
AR,2023,29,12,2023-03-26,16.636363636363637
AR,2023,30,13,2023-04-02,16.90909090909091
AR,2023,31,14,2023-04-09,17.545454545454547
AR,2023,32,15,2023-04-16,18.90909090909091
AR,2023,33,16,2023-04-23,20.818181818181817
AR,2023,34,17,2023-04-30,23.09090909090909
AR,2023,35,18,2023-05-07,24.545454545454547
AR,2023,36,19,2023-05-14,27.181818181818183
AR,2023,37,20,2023-05-21,29.818181818181817
AR,2023,38,21,2023-05-28,32.27272727272727
AR,2023,39,22,2023-06-04,35.0
AR,2023,40,23,2023-06-11,37.0
AR,2023,41,24,2023-06-18,39.54545454545455
AR,2023,42,25,2023-06-25,42.45454545454545
AR,2023,43,26,2023-07-02,43.27272727272727
AR,2023,44,27,2023-07-09,43.63636363636363
AR,2023,45,28,2023-07-16,43.90909090909091
AR,2023,46,29,2023-07-23,43.90909090909091
AR,2023,47,30,2023-07-30,43.90909090909091
AR,2023,48,31,2023-08-06,43.90909090909091
AR,2023,49,32,2023-08-13,43.90909090909091
AR,2023,50,33,2023-08-20,43.90909090909091
AR,2023,52,35,2023-09-03,35.09090909090909
AR,2024,1,36,2023-09-10,0.0
AR,2024,2,37,2023-09-17,0.09090909090909091
AR,2024,3,38,2023-09-24,0.45454545454545453
AR,2024,4,39,2023-10-01,0.7272727272727273
AR,2024,5,40,2023-10-08,1.4545454545454546
AR,2024,6,41,2023-10-15,3.4545454545454546
AR,2024,7,42,2023-10-22,4.818181818181818
AR,2024,8,43,2023-10-29,7.7272727272727275
AR,2024,9,44,2023-11-05,11.0
AR,2024,10,45,2023-11-12,14.272727272727273
AR,2024,11,46,2023-11-19,15.545454545454545
AR,2024,12,47,2023-11-26,17.09090909090909
AR,2024,27,10,2024-03-10,17.09090909090909
AR,2024,28,11,2024-03-17,17.181818181818183
AR,2024,29,12,2024-03-24,17.454545454545453
AR,2024,30,13,2024-03-31,18.0
AR,2024,31,14,2024-04-07,18.545454545454547
AR,2024,32,15,2024-04-14,20.454545454545453
AR,2024,33,16,2024-04-21,21.636363636363637
AR,2024,34,17,2024-04-28,23.0
AR,2024,35,18,2024-05-05,24.818181818181817
AR,2024,36,19,2024-05-12,27.272727272727273
AR,2024,37,20,2024-05-19,29.818181818181817
AR,2024,38,21,2024-05-26,32.54545454545455
AR,2024,39,22,2024-06-02,34.72727272727273
AR,2024,40,23,2024-06-09,37.72727272727273
AR,2024,41,24,2024-06-16,41.27272727272727
AR,2024,42,25,2024-06-23,42.81818181818182
AR,2024,43,26,2024-06-30,43.81818181818182
AR,2024,44,27,2024-07-07,44.27272727272727
AR,2024,45,28,2024-07-14,44.36363636363637
AR,2024,46,29,2024-07-21,44.36363636363637
AR,2024,47,30,2024-07-28,44.36363636363637
AR,2024,48,31,2024-08-04,44.36363636363637
AR,2024,49,32,2024-08-11,44.36363636363637
AR,2024,50,33,2024-08-18,44.36363636363637
AR,2024,52,35,2024-09-01,35.45454545454545
AR,2025,1,36,2024-09-08,0.0
AR,2025,2,37,2024-09-15,0.09090909090909091
AR,2025,3,38,2024-09-22,0.2727272727272727
AR,2025,4,39,2024-09-29,0.36363636363636365
AR,2025,5,40,2024-10-06,1.8181818181818181
AR,2025,6,41,2024-10-13,3.090909090909091
AR,2025,7,42,2024-10-20,4.545454545454546
AR,2025,8,43,2024-10-27,6.454545454545454
AR,2025,9,44,2024-11-03,8.454545454545455
AR,2025,10,45,2024-11-10,11.363636363636363
AR,2025,11,46,2024-11-17,14.454545454545455
AR,2025,12,47,2024-11-24,16.272727272727273
AR,2025,27,10,2025-03-09,16.272727272727273
AR,2025,28,11,2025-03-16,16.545454545454547
AR,2025,29,12,2025-03-23,16.90909090909091
AR,2025,30,13,2025-03-30,17.272727272727273
AR,2025,31,14,2025-04-06,17.545454545454547
AR,2025,32,15,2025-04-13,18.454545454545453
AR,2025,33,16,2025-04-20,19.545454545454547
AR,2025,34,17,2025-04-27,20.636363636363637
AR,2025,35,18,2025-05-04,23.545454545454547
AR,2025,36,19,2025-05-11,26.181818181818183
AR,2025,37,20,2025-05-18,29.272727272727273
AR,2025,38,21,2025-05-25,31.0
AR,2025,39,22,2025-06-01,33.36363636363637
AR,2025,40,23,2025-06-08,35.36363636363637
AR,2025,41,24,2025-06-15,38.27272727272727
AR,2025,42,25,2025-06-22,40.63636363636363
AR,2025,43,26,2025-06-29,42.63636363636363
AR,2025,44,27,2025-07-06,43.36363636363637
AR,2025,45,28,2025-07-13,43.54545454545455
AR,2025,46,29,2025-07-20,43.54545454545455
AR,2025,47,30,2025-07-27,43.54545454545455
AR,2025,48,31,2025-08-03,43.54545454545455
AR,2025,49,32,2025-08-10,43.54545454545455
AR,2025,50,33,2025-08-17,43.54545454545455
AR,2025,51,34,2025-08-24,43.54545454545455
AR,2026,1,36,2025-09-07,0.0
AR,2026,2,37,2025-09-14,0.0
AR,2026,3,38,2025-09-21,0.18181818181818182
AR,2026,4,39,2025-09-28,0.5454545454545454
AR,2026,11,46,2025-11-16,13.909090909090908
AR,2026,12,47,2025-11-23,16.09090909090909
AZ,2016,24,7,2016-02-21,0.0
AZ,2016,25,8,2016-02-28,5.0
AZ,2016,26,9,2016-03-06,9.545454545454545
AZ,2016,27,10,2016-03-13,10.454545454545455
AZ,2016,28,11,2016-03-20,12.727272727272727
AZ,2016,29,12,2016-03-27,13.636363636363637
AZ,2016,30,13,2016-04-03,15.0
AZ,2016,31,14,2016-04-10,15.909090909090908
AZ,2016,32,15,2016-04-17,16.818181818181817
AZ,2016,33,16,2016-04-24,17.272727272727273
AZ,2016,34,17,2016-05-01,17.727272727272727
AZ,2016,35,18,2016-05-08,22.272727272727273
AZ,2016,36,19,2016-05-15,24.545454545454547
AZ,2016,37,20,2016-05-22,25.90909090909091
AZ,2016,38,21,2016-05-29,26.90909090909091
AZ,2016,39,22,2016-06-05,29.09090909090909
AZ,2016,40,23,2016-06-12,31.727272727272727
AZ,2016,41,24,2016-06-19,34.45454545454545
AZ,2016,42,25,2016-06-26,36.27272727272727
AZ,2016,43,26,2016-07-03,38.09090909090909
AZ,2016,44,27,2016-07-10,39.45454545454545
AZ,2016,45,28,2016-07-17,40.81818181818182
AZ,2016,46,29,2016-07-24,43.0
AZ,2016,47,30,2016-07-31,43.72727272727273
AZ,2016,48,31,2016-08-07,44.0
CA,2016,1,36,2015-09-06,0.0
CA,2016,2,37,2015-09-13,0.0
CA,2016,3,38,2015-09-20,0.09090909090909091
CA,2016,4,39,2015-09-27,0.18181818181818182
CA,2016,5,40,2015-10-04,0.45454545454545453
CA,2016,6,41,2015-10-11,0.5454545454545454
CA,2016,7,42,2015-10-18,1.2727272727272727
CA,2016,8,43,2015-10-25,4.545454545454546
CA,2016,9,44,2015-11-01,5.454545454545454
CA,2016,10,45,2015-11-08,6.363636363636363
CA,2016,11,46,2015-11-15,8.636363636363637
CA,2016,12,47,2015-11-22,12.727272727272727
CA,2016,13,48,2015-11-29,14.545454545454545
CA,2016,14,49,2015-12-06,16.818181818181817
CA,2016,15,50,2015-12-13,17.272727272727273
CA,2016,16,51,2015-12-20,17.454545454545453
CA,2016,31,14,2016-04-10,22.0
CA,2016,32,15,2016-04-17,23.818181818181817
CA,2016,33,16,2016-04-24,25.181818181818183
CA,2016,34,17,2016-05-01,25.636363636363637
CA,2016,35,18,2016-05-08,26.09090909090909
CA,2016,36,19,2016-05-15,26.181818181818183
CA,2016,37,20,2016-05-22,26.363636363636363
CA,2016,38,21,2016-05-29,27.90909090909091
CA,2016,39,22,2016-06-05,29.272727272727273
CA,2016,40,23,2016-06-12,31.09090909090909
CA,2016,41,24,2016-06-19,33.36363636363637
CA,2016,42,25,2016-06-26,34.54545454545455
CA,2016,43,26,2016-07-03,35.27272727272727
CA,2016,44,27,2016-07-10,35.36363636363637
CA,2016,45,28,2016-07-17,35.36363636363637
CA,2016,46,29,2016-07-24,35.36363636363637
CA,2016,47,30,2016-07-31,35.45454545454545
CA,2016,48,31,2016-08-07,35.54545454545455
CA,2016,49,32,2016-08-14,35.54545454545455
CA,2017,1,36,2016-09-11,0.0
CA,2017,2,37,2016-09-18,0.0
CA,2017,3,38,2016-09-25,0.36363636363636365
CA,2017,4,39,2016-10-02,0.6363636363636364
CA,2017,5,40,2016-10-09,0.7272727272727273
CA,2017,6,41,2016-10-16,1.3636363636363635
CA,2017,7,42,2016-10-23,3.090909090909091
CA,2017,8,43,2016-10-30,4.090909090909091
CA,2017,9,44,2016-11-06,9.181818181818182
CA,2017,10,45,2016-11-13,10.0
CA,2017,11,46,2016-11-20,14.636363636363637
CA,2017,12,47,2016-11-27,15.545454545454545
CA,2017,13,48,2016-12-04,16.181818181818183
CA,2017,14,49,2016-12-11,16.90909090909091
CA,2017,15,50,2016-12-18,17.363636363636363
CA,2017,16,51,2016-12-25,17.636363636363637
CA,2017,18,1,2017-01-08,18.181818181818183
CA,2017,31,14,2017-04-09,20.363636363636363
CA,2017,32,15,2017-04-16,23.545454545454547
CA,2017,33,16,2017-04-23,26.363636363636363
CA,2017,34,17,2017-04-30,26.90909090909091
CA,2017,35,18,2017-05-07,27.0
CA,2017,36,19,2017-05-14,27.09090909090909
CA,2017,37,20,2017-05-21,27.272727272727273
CA,2017,38,21,2017-05-28,27.272727272727273
CA,2017,39,22,2017-06-04,27.272727272727273
CA,2017,40,23,2017-06-11,27.363636363636363
CA,2017,41,24,2017-06-18,27.727272727272727
CA,2017,42,25,2017-06-25,29.545454545454547
CA,2017,43,26,2017-07-02,32.45454545454545
CA,2017,44,27,2017-07-09,33.36363636363637
CA,2017,45,28,2017-07-16,34.54545454545455
CA,2017,46,29,2017-07-23,35.45454545454545
CA,2017,47,30,2017-07-30,35.81818181818182
CA,2017,48,31,2017-08-06,36.09090909090909
CA,2017,49,32,2017-08-13,36.18181818181818
CA,2017,50,33,2017-08-20,36.27272727272727
CA,2017,51,34,2017-08-27,36.36363636363637
CA,2017,52,35,2017-09-03,36.36363636363637
CA,2018,1,36,2017-09-10,0.2727272727272727
CA,2018,2,37,2017-09-17,0.45454545454545453
CA,2018,3,38,2017-09-24,0.5454545454545454
CA,2018,4,39,2017-10-01,0.6363636363636364
CA,2018,5,40,2017-10-08,0.9090909090909091
CA,2018,6,41,2017-10-15,1.3636363636363635
CA,2018,7,42,2017-10-22,1.9090909090909092
CA,2018,8,43,2017-10-29,3.1818181818181817
CA,2018,9,44,2017-11-05,4.454545454545454
CA,2018,10,45,2017-11-12,6.363636363636363
CA,2018,11,46,2017-11-19,7.7272727272727275
CA,2018,12,47,2017-11-26,9.090909090909092
CA,2018,13,48,2017-12-03,13.181818181818182
CA,2018,14,49,2017-12-10,13.454545454545455
CA,2018,15,50,2017-12-17,14.545454545454545
CA,2018,16,51,2017-12-24,15.454545454545455
CA,2018,17,52,2017-01-01,17.818181818181817
CA,2018,17,52,2017-12-31,16.272727272727273
CA,2018,18,1,2018-01-07,17.454545454545453
CA,2018,19,2,2018-01-14,17.90909090909091
CA,2018,20,3,2018-01-21,18.09090909090909
CA,2018,21,4,2018-01-28,18.181818181818183
CA,2018,31,14,2018-04-08,18.272727272727273
CA,2018,32,15,2018-04-15,18.636363636363637
CA,2018,33,16,2018-04-22,19.0
CA,2018,34,17,2018-04-29,21.818181818181817
CA,2018,35,18,2018-05-06,24.545454545454547
CA,2018,36,19,2018-05-13,26.818181818181817
CA,2018,37,20,2018-05-20,27.272727272727273
CA,2018,38,21,2018-05-27,27.272727272727273
CA,2018,39,22,2018-06-03,27.545454545454547
CA,2018,40,23,2018-06-10,29.545454545454547
CA,2018,41,24,2018-06-17,30.90909090909091
CA,2018,42,25,2018-06-24,31.818181818181817
CA,2018,43,26,2018-07-01,32.72727272727273
CA,2018,44,27,2018-07-08,33.63636363636363
CA,2018,45,28,2018-07-15,35.45454545454545
CA,2018,46,29,2018-07-22,35.63636363636363
CA,2018,47,30,2018-07-29,35.90909090909091
CA,2018,48,31,2018-08-05,36.09090909090909
CA,2018,49,32,2018-08-12,36.18181818181818
CA,2018,50,33,2018-08-19,36.27272727272727
CA,2018,51,34,2018-08-26,36.27272727272727
CA,2018,52,35,2018-09-02,36.27272727272727
CA,2019,1,36,2018-09-09,18.09090909090909
CA,2019,2,37,2018-09-16,18.363636363636363
CA,2019,3,38,2018-09-23,19.363636363636363
CA,2019,4,39,2018-09-30,19.545454545454547
CA,2019,5,40,2018-10-07,19.636363636363637
CA,2019,6,41,2018-10-14,19.90909090909091
CA,2019,7,42,2018-10-21,20.90909090909091
CA,2019,8,43,2018-10-28,22.272727272727273
CA,2019,9,44,2018-11-04,22.545454545454547
CA,2019,10,45,2018-11-11,23.454545454545453
CA,2019,11,46,2018-11-18,25.90909090909091
CA,2019,12,47,2018-11-25,27.272727272727273
CA,2019,31,14,2019-04-07,19.09090909090909
CA,2019,32,15,2019-04-14,20.454545454545453
CA,2019,33,16,2019-04-21,21.818181818181817
CA,2019,34,17,2019-04-28,23.181818181818183
CA,2019,35,18,2019-05-05,26.09090909090909
CA,2019,36,19,2019-05-12,26.636363636363637
CA,2019,37,20,2019-05-19,27.181818181818183
CA,2019,38,21,2019-05-26,27.272727272727273
CA,2019,39,22,2019-06-02,27.272727272727273
CA,2019,40,23,2019-06-09,27.272727272727273
CA,2019,41,24,2019-06-16,21.818181818181817
CA,2019,42,25,2019-06-23,23.181818181818183
CA,2019,43,26,2019-06-30,24.09090909090909
CA,2019,44,27,2019-07-07,25.454545454545453
CA,2019,45,28,2019-07-14,26.363636363636363
CA,2019,46,29,2019-07-21,26.818181818181817
CA,2019,47,30,2019-07-28,27.0
CA,2019,48,31,2019-08-04,27.272727272727273
CA,2019,49,32,2019-08-11,27.272727272727273
CA,2019,50,33,2019-08-18,27.272727272727273
CA,2019,51,34,2019-08-25,27.272727272727273
CA,2019,52,35,2019-09-01,27.272727272727273
CA,2020,2,37,2019-09-15,0.0
CA,2020,3,38,2019-09-22,0.45454545454545453
CA,2020,4,39,2019-09-29,0.9090909090909091
CA,2020,5,40,2019-10-06,1.0909090909090908
CA,2020,6,41,2019-10-13,1.5454545454545454
CA,2020,7,42,2019-10-20,2.272727272727273
CA,2020,8,43,2019-10-27,3.1818181818181817
CA,2020,9,44,2019-11-03,3.909090909090909
CA,2020,10,45,2019-11-10,5.454545454545454
CA,2020,11,46,2019-11-17,7.2727272727272725
CA,2020,12,47,2019-11-24,8.181818181818182
CA,2020,13,48,2019-12-01,9.090909090909092
CA,2020,14,49,2019-12-08,10.0
CA,2020,32,15,2020-04-12,11.363636363636363
CA,2020,33,16,2020-04-19,12.727272727272727
CA,2020,34,17,2020-04-26,15.0
CA,2020,35,18,2020-05-03,16.363636363636363
CA,2020,36,19,2020-05-10,18.181818181818183
CA,2020,37,20,2020-05-17,18.636363636363637
CA,2020,38,21,2020-05-24,18.727272727272727
CA,2020,39,22,2020-05-31,19.545454545454547
CA,2020,40,23,2020-06-07,20.454545454545453
CA,2020,41,24,2020-06-14,22.272727272727273
CA,2020,42,25,2020-06-21,24.09090909090909
CA,2020,43,26,2020-06-28,25.0
CA,2020,44,27,2020-07-05,25.90909090909091
CA,2020,45,28,2020-07-12,26.363636363636363
CA,2020,46,29,2020-07-19,27.272727272727273
CA,2020,47,30,2020-07-26,27.727272727272727
CA,2020,48,31,2020-08-02,28.09090909090909
CA,2020,49,32,2020-08-09,28.181818181818183
CA,2020,50,33,2020-08-16,28.181818181818183
CA,2020,51,34,2020-08-23,28.181818181818183
CA,2021,1,36,2020-09-06,0.0
CA,2021,2,37,2020-09-13,0.0
CA,2021,3,38,2020-09-20,0.45454545454545453
CA,2021,4,39,2020-09-27,0.9090909090909091
CA,2021,5,40,2020-10-04,1.1818181818181819
CA,2021,6,41,2020-10-11,1.4545454545454546
CA,2021,7,42,2020-10-18,2.272727272727273
CA,2021,8,43,2020-10-25,3.0
CA,2021,9,44,2020-11-01,3.6363636363636362
CA,2021,10,45,2020-11-08,5.454545454545454
CA,2021,11,46,2020-11-15,7.2727272727272725
CA,2021,12,47,2020-11-22,8.636363636363637
CA,2021,13,48,2020-11-29,9.545454545454545
CA,2021,30,13,2021-04-04,9.636363636363637
CA,2021,31,14,2021-04-11,10.0
CA,2021,32,15,2021-04-18,12.272727272727273
CA,2021,33,16,2021-04-25,15.0
CA,2021,34,17,2021-05-02,15.909090909090908
CA,2021,35,18,2021-05-09,17.727272727272727
CA,2021,36,19,2021-05-16,18.181818181818183
CA,2021,37,20,2021-05-23,18.636363636363637
CA,2021,38,21,2021-05-30,18.636363636363637
CA,2021,39,22,2021-06-06,19.09090909090909
CA,2021,40,23,2021-06-13,20.90909090909091
CA,2021,41,24,2021-06-20,22.272727272727273
CA,2021,42,25,2021-06-27,24.09090909090909
CA,2021,43,26,2021-07-04,25.454545454545453
CA,2021,44,27,2021-07-11,26.818181818181817
CA,2021,45,28,2021-07-18,27.272727272727273
CA,2021,46,29,2021-07-25,27.636363636363637
CA,2021,47,30,2021-08-01,27.727272727272727
CA,2021,48,31,2021-08-08,27.727272727272727
CA,2021,52,35,2021-09-05,23.181818181818183
CA,2022,1,36,2021-09-12,0.0
CA,2022,2,37,2021-09-19,0.0
CA,2022,3,38,2021-09-26,0.45454545454545453
CA,2022,4,39,2021-10-03,0.7272727272727273
CA,2022,5,40,2021-10-10,1.0
CA,2022,6,41,2021-10-17,1.5454545454545454
CA,2022,7,42,2021-10-24,2.272727272727273
CA,2022,8,43,2021-10-31,3.6363636363636362
CA,2022,9,44,2021-11-07,5.909090909090909
CA,2022,10,45,2021-11-14,8.181818181818182
CA,2022,11,46,2021-11-21,10.0
CA,2022,12,47,2021-11-28,12.727272727272727
CA,2022,30,13,2022-04-03,14.545454545454545
CA,2022,31,14,2022-04-10,16.363636363636363
CA,2022,32,15,2022-04-17,18.636363636363637
CA,2022,33,16,2022-04-24,19.818181818181817
CA,2022,34,17,2022-05-01,20.0
CA,2022,35,18,2022-05-08,20.454545454545453
CA,2022,36,19,2022-05-15,20.90909090909091
CA,2022,37,20,2022-05-22,21.363636363636363
CA,2022,38,21,2022-05-29,21.636363636363637
CA,2022,39,22,2022-06-05,22.272727272727273
CA,2022,40,23,2022-06-12,23.636363636363637
CA,2022,41,24,2022-06-19,25.454545454545453
CA,2022,42,25,2022-06-26,26.818181818181817
CA,2022,43,26,2022-07-03,27.727272727272727
CA,2022,44,27,2022-07-10,29.09090909090909
CA,2022,45,28,2022-07-17,30.454545454545453
CA,2022,46,29,2022-07-24,30.727272727272727
CA,2022,47,30,2022-07-31,30.90909090909091
CA,2022,48,31,2022-08-07,30.90909090909091
CA,2022,49,32,2022-08-14,30.90909090909091
CA,2022,50,33,2022-08-21,30.90909090909091
CA,2022,52,35,2022-09-04,23.181818181818183
CA,2023,1,36,2022-09-11,0.0
CA,2023,2,37,2022-09-18,0.0
CA,2023,3,38,2022-09-25,0.45454545454545453
CA,2023,4,39,2022-10-02,0.9090909090909091
CA,2023,5,40,2022-10-09,1.3636363636363635
CA,2023,6,41,2022-10-16,1.7272727272727273
CA,2023,7,42,2022-10-23,2.272727272727273
CA,2023,8,43,2022-10-30,3.6363636363636362
CA,2023,9,44,2022-11-06,5.454545454545454
CA,2023,10,45,2022-11-13,7.7272727272727275
CA,2023,11,46,2022-11-20,9.545454545454545
CA,2023,12,47,2022-11-27,10.454545454545455
CA,2023,30,13,2023-04-02,13.181818181818182
CA,2023,31,14,2023-04-09,14.545454545454545
CA,2023,32,15,2023-04-16,16.181818181818183
CA,2023,33,16,2023-04-23,17.181818181818183
CA,2023,34,17,2023-04-30,18.0
CA,2023,35,18,2023-05-07,18.454545454545453
CA,2023,36,19,2023-05-14,18.90909090909091
CA,2023,37,20,2023-05-21,19.09090909090909
CA,2023,38,21,2023-05-28,19.272727272727273
CA,2023,39,22,2023-06-04,19.272727272727273
CA,2023,40,23,2023-06-11,19.636363636363637
CA,2023,41,24,2023-06-18,20.90909090909091
CA,2023,42,25,2023-06-25,22.272727272727273
CA,2023,43,26,2023-07-02,23.181818181818183
CA,2023,44,27,2023-07-09,24.09090909090909
CA,2023,45,28,2023-07-16,25.454545454545453
CA,2023,46,29,2023-07-23,26.818181818181817
CA,2023,47,30,2023-07-30,27.272727272727273
CA,2023,48,31,2023-08-06,27.727272727272727
CA,2023,49,32,2023-08-13,28.181818181818183
CA,2023,50,33,2023-08-20,28.363636363636363
CA,2023,52,35,2023-09-03,22.90909090909091
CA,2024,1,36,2023-09-10,0.0
CA,2024,2,37,2023-09-17,0.0
CA,2024,3,38,2023-09-24,0.0
CA,2024,4,39,2023-10-01,0.45454545454545453
CA,2024,5,40,2023-10-08,0.6363636363636364
CA,2024,6,41,2023-10-15,0.9090909090909091
CA,2024,7,42,2023-10-22,2.272727272727273
CA,2024,8,43,2023-10-29,3.1818181818181817
CA,2024,9,44,2023-11-05,4.545454545454546
CA,2024,10,45,2023-11-12,5.909090909090909
CA,2024,11,46,2023-11-19,8.636363636363637
CA,2024,12,47,2023-11-26,10.0
CA,2024,30,13,2024-03-31,11.818181818181818
CA,2024,31,14,2024-04-07,13.636363636363637
CA,2024,32,15,2024-04-14,15.0
CA,2024,33,16,2024-04-21,15.909090909090908
CA,2024,34,17,2024-04-28,16.818181818181817
CA,2024,35,18,2024-05-05,17.272727272727273
CA,2024,36,19,2024-05-12,17.727272727272727
CA,2024,37,20,2024-05-19,18.181818181818183
CA,2024,38,21,2024-05-26,18.636363636363637
CA,2024,39,22,2024-06-02,19.272727272727273
CA,2024,40,23,2024-06-09,20.363636363636363
CA,2024,41,24,2024-06-16,20.90909090909091
CA,2024,42,25,2024-06-23,21.363636363636363
CA,2024,43,26,2024-06-30,23.181818181818183
CA,2024,44,27,2024-07-07,24.545454545454547
CA,2024,45,28,2024-07-14,25.454545454545453
CA,2024,46,29,2024-07-21,26.363636363636363
CA,2024,47,30,2024-07-28,27.272727272727273
CA,2024,48,31,2024-08-04,27.727272727272727
CA,2024,49,32,2024-08-11,28.181818181818183
CA,2024,50,33,2024-08-18,28.181818181818183
CA,2024,52,35,2024-09-01,21.818181818181817
CA,2025,1,36,2024-09-08,0.0
CA,2025,2,37,2024-09-15,0.0
CA,2025,3,38,2024-09-22,0.0
CA,2025,4,39,2024-09-29,0.45454545454545453
CA,2025,5,40,2024-10-06,0.9090909090909091
CA,2025,6,41,2024-10-13,1.5454545454545454
CA,2025,7,42,2024-10-20,2.1818181818181817
CA,2025,8,43,2024-10-27,3.6363636363636362
CA,2025,9,44,2024-11-03,5.454545454545454
CA,2025,10,45,2024-11-10,6.818181818181818
CA,2025,11,46,2024-11-17,8.636363636363637
CA,2025,12,47,2024-11-24,10.454545454545455
CA,2025,31,14,2025-04-06,14.090909090909092
CA,2025,32,15,2025-04-13,15.909090909090908
CA,2025,33,16,2025-04-20,17.272727272727273
CA,2025,34,17,2025-04-27,17.727272727272727
CA,2025,35,18,2025-05-04,18.181818181818183
CA,2025,36,19,2025-05-11,18.636363636363637
CA,2025,37,20,2025-05-18,19.09090909090909
CA,2025,38,21,2025-05-25,19.272727272727273
CA,2025,39,22,2025-06-01,19.90909090909091
CA,2025,40,23,2025-06-08,20.454545454545453
CA,2025,41,24,2025-06-15,22.272727272727273
CA,2025,42,25,2025-06-22,22.727272727272727
CA,2025,43,26,2025-06-29,24.545454545454547
CA,2025,44,27,2025-07-06,25.454545454545453
CA,2025,45,28,2025-07-13,26.818181818181817
CA,2025,46,29,2025-07-20,27.727272727272727
CA,2025,47,30,2025-07-27,28.181818181818183
CA,2025,48,31,2025-08-03,28.363636363636363
CA,2025,49,32,2025-08-10,28.454545454545453
CA,2025,50,33,2025-08-17,28.636363636363637
CA,2025,51,34,2025-08-24,28.636363636363637
CA,2026,1,36,2025-09-07,0.0
CA,2026,2,37,2025-09-14,0.18181818181818182
CA,2026,3,38,2025-09-21,0.36363636363636365
CA,2026,4,39,2025-09-28,0.5454545454545454
CA,2026,11,46,2025-11-16,6.818181818181818
CA,2026,12,47,2025-11-23,8.636363636363637
CO,2016,1,36,2015-09-06,1.2727272727272727
CO,2016,2,37,2015-09-13,2.727272727272727
CO,2016,3,38,2015-09-20,5.363636363636363
CO,2016,4,39,2015-09-27,7.2727272727272725
CO,2016,5,40,2015-10-04,10.181818181818182
CO,2016,6,41,2015-10-11,12.090909090909092
CO,2016,7,42,2015-10-18,14.090909090909092
CO,2016,8,43,2015-10-25,16.272727272727273
CO,2016,9,44,2015-11-01,17.272727272727273
CO,2016,10,45,2015-11-08,17.636363636363637
CO,2016,11,46,2015-11-15,18.181818181818183
CO,2016,12,47,2015-11-22,18.181818181818183
CO,2016,13,48,2015-11-29,18.181818181818183
CO,2016,28,11,2016-03-20,19.181818181818183
CO,2016,29,12,2016-03-27,19.363636363636363
CO,2016,30,13,2016-04-03,19.363636363636363
CO,2016,31,14,2016-04-10,20.454545454545453
CO,2016,32,15,2016-04-17,22.0
CO,2016,33,16,2016-04-24,23.636363636363637
CO,2016,34,17,2016-05-01,24.90909090909091
CO,2016,35,18,2016-05-08,26.636363636363637
CO,2016,36,19,2016-05-15,28.545454545454547
CO,2016,37,20,2016-05-22,31.0
CO,2016,38,21,2016-05-29,33.81818181818182
CO,2016,39,22,2016-06-05,36.54545454545455
CO,2016,40,23,2016-06-12,39.54545454545455
CO,2016,41,24,2016-06-19,42.54545454545455
CO,2016,42,25,2016-06-26,47.18181818181818
CO,2016,43,26,2016-07-03,51.18181818181818
CO,2016,44,27,2016-07-10,56.09090909090909
CO,2016,45,28,2016-07-17,60.27272727272727
CO,2016,46,29,2016-07-24,62.09090909090909
CO,2016,47,30,2016-07-31,62.54545454545455
CO,2016,48,31,2016-08-07,62.72727272727273
CO,2016,49,32,2016-08-14,62.90909090909091
CO,2016,51,34,2016-08-28,53.90909090909091
CO,2016,52,35,2016-09-04,54.45454545454545
CO,2017,1,36,2016-09-11,1.6363636363636365
CO,2017,2,37,2016-09-18,4.545454545454546
CO,2017,3,38,2016-09-25,6.818181818181818
CO,2017,4,39,2016-10-02,10.363636363636363
CO,2017,5,40,2016-10-09,13.363636363636363
CO,2017,6,41,2016-10-16,15.272727272727273
CO,2017,7,42,2016-10-23,16.636363636363637
CO,2017,8,43,2016-10-30,17.272727272727273
CO,2017,9,44,2016-11-06,17.545454545454547
CO,2017,10,45,2016-11-13,17.818181818181817
CO,2017,11,46,2016-11-20,17.90909090909091
CO,2017,12,47,2016-11-27,18.09090909090909
CO,2017,29,12,2017-03-26,19.0
CO,2017,30,13,2017-04-02,19.454545454545453
CO,2017,31,14,2017-04-09,19.90909090909091
CO,2017,32,15,2017-04-16,20.818181818181817
CO,2017,33,16,2017-04-23,23.09090909090909
CO,2017,34,17,2017-04-30,24.454545454545453
CO,2017,35,18,2017-05-07,26.90909090909091
CO,2017,36,19,2017-05-14,29.181818181818183
CO,2017,37,20,2017-05-21,32.0
CO,2017,38,21,2017-05-28,34.72727272727273
CO,2017,39,22,2017-06-04,37.18181818181818
CO,2017,40,23,2017-06-11,38.63636363636363
CO,2017,41,24,2017-06-18,44.18181818181818
CO,2017,42,25,2017-06-25,48.81818181818182
CO,2017,43,26,2017-07-02,52.90909090909091
CO,2017,44,27,2017-07-09,58.72727272727273
CO,2017,45,28,2017-07-16,61.54545454545455
CO,2017,46,29,2017-07-23,63.09090909090909
CO,2017,47,30,2017-07-30,63.45454545454545
CO,2017,48,31,2017-08-06,63.81818181818182
CO,2017,49,32,2017-08-13,63.90909090909091
CO,2017,51,34,2017-08-27,54.81818181818182
CO,2017,52,35,2017-09-03,55.0
CO,2018,1,36,2017-09-10,1.0
CO,2018,2,37,2017-09-17,2.3636363636363638
CO,2018,3,38,2017-09-24,4.7272727272727275
CO,2018,4,39,2017-10-01,7.818181818181818
CO,2018,5,40,2017-10-08,9.818181818181818
CO,2018,6,41,2017-10-15,12.454545454545455
CO,2018,7,42,2017-10-22,14.454545454545455
CO,2018,8,43,2017-10-29,16.272727272727273
CO,2018,9,44,2017-11-05,17.0
CO,2018,10,45,2017-11-12,17.636363636363637
CO,2018,11,46,2017-11-19,17.818181818181817
CO,2018,12,47,2017-11-26,17.90909090909091
CO,2018,29,12,2018-03-25,18.727272727272727
CO,2018,30,13,2018-04-01,18.636363636363637
CO,2018,31,14,2018-04-08,19.0
CO,2018,32,15,2018-04-15,20.545454545454547
CO,2018,33,16,2018-04-22,20.0
CO,2018,34,17,2018-04-29,20.727272727272727
CO,2018,35,18,2018-05-06,22.363636363636363
CO,2018,36,19,2018-05-13,25.636363636363637
CO,2018,37,20,2018-05-20,29.0
CO,2018,38,21,2018-05-27,32.36363636363637
CO,2018,39,22,2018-06-03,34.36363636363637
CO,2018,40,23,2018-06-10,37.81818181818182
CO,2018,41,24,2018-06-17,41.54545454545455
CO,2018,42,25,2018-06-24,47.45454545454545
CO,2018,43,26,2018-07-01,51.63636363636363
CO,2018,44,27,2018-07-08,55.90909090909091
CO,2018,45,28,2018-07-15,60.36363636363637
CO,2018,46,29,2018-07-22,61.27272727272727
CO,2018,47,30,2018-07-29,61.90909090909091
CO,2018,48,31,2018-08-05,62.09090909090909
CO,2018,49,32,2018-08-12,62.18181818181818
CO,2018,50,33,2018-08-19,62.18181818181818
CO,2018,51,34,2018-08-26,53.18181818181818
CO,2018,52,35,2018-09-02,53.27272727272727
CO,2019,1,36,2018-09-09,0.7272727272727273
CO,2019,2,37,2018-09-16,3.1818181818181817
CO,2019,3,38,2018-09-23,6.181818181818182
CO,2019,4,39,2018-09-30,9.636363636363637
CO,2019,5,40,2018-10-07,12.181818181818182
CO,2019,6,41,2018-10-14,13.818181818181818
CO,2019,7,42,2018-10-21,15.363636363636363
CO,2019,8,43,2018-10-28,16.454545454545453
CO,2019,9,44,2018-11-04,17.181818181818183
CO,2019,10,45,2018-11-11,17.727272727272727
CO,2019,11,46,2018-11-18,17.90909090909091
CO,2019,12,47,2018-11-25,18.0
CO,2019,28,11,2019-03-17,19.454545454545453
CO,2019,29,12,2019-03-24,19.454545454545453
CO,2019,30,13,2019-03-31,20.0
CO,2019,31,14,2019-04-07,20.09090909090909
CO,2019,32,15,2019-04-14,21.272727272727273
CO,2019,33,16,2019-04-21,21.0
CO,2019,34,17,2019-04-28,23.545454545454547
CO,2019,35,18,2019-05-05,25.272727272727273
CO,2019,36,19,2019-05-12,27.727272727272727
CO,2019,37,20,2019-05-19,29.90909090909091
CO,2019,38,21,2019-05-26,33.0
CO,2019,39,22,2019-06-02,35.18181818181818
CO,2019,40,23,2019-06-09,36.63636363636363
CO,2019,41,24,2019-06-16,39.09090909090909
CO,2019,42,25,2019-06-23,41.63636363636363
CO,2019,43,26,2019-06-30,46.0
CO,2019,44,27,2019-07-07,51.45454545454545
CO,2019,45,28,2019-07-14,54.36363636363637
CO,2019,46,29,2019-07-21,60.18181818181818
CO,2019,47,30,2019-07-28,62.27272727272727
CO,2019,48,31,2019-08-04,63.36363636363637
CO,2019,49,32,2019-08-11,63.72727272727273
CO,2019,50,33,2019-08-18,54.81818181818182
CO,2019,51,34,2019-08-25,55.0
CO,2019,52,35,2019-09-01,55.09090909090909
CO,2020,1,36,2019-09-08,0.36363636363636365
CO,2020,2,37,2019-09-15,2.5454545454545454
CO,2020,3,38,2019-09-22,5.545454545454546
CO,2020,4,39,2019-09-29,9.636363636363637
CO,2020,5,40,2019-10-06,11.727272727272727
CO,2020,6,41,2019-10-13,14.0
CO,2020,7,42,2019-10-20,15.363636363636363
CO,2020,8,43,2019-10-27,16.09090909090909
CO,2020,9,44,2019-11-03,16.727272727272727
CO,2020,10,45,2019-11-10,17.09090909090909
CO,2020,11,46,2019-11-17,17.363636363636363
CO,2020,12,47,2019-11-24,17.636363636363637
CO,2020,28,11,2020-03-15,18.454545454545453
CO,2020,29,12,2020-03-22,18.454545454545453
CO,2020,30,13,2020-03-29,18.454545454545453
CO,2020,31,14,2020-04-05,18.363636363636363
CO,2020,32,15,2020-04-12,19.727272727272727
CO,2020,33,16,2020-04-19,20.454545454545453
CO,2020,34,17,2020-04-26,22.0
CO,2020,35,18,2020-05-03,23.545454545454547
CO,2020,36,19,2020-05-10,25.09090909090909
CO,2020,37,20,2020-05-17,27.272727272727273
CO,2020,38,21,2020-05-24,30.818181818181817
CO,2020,39,22,2020-05-31,33.63636363636363
CO,2020,40,23,2020-06-07,35.90909090909091
CO,2020,41,24,2020-06-14,38.54545454545455
CO,2020,42,25,2020-06-21,43.90909090909091
CO,2020,43,26,2020-06-28,49.63636363636363
CO,2020,44,27,2020-07-05,54.81818181818182
CO,2020,45,28,2020-07-12,59.81818181818182
CO,2020,46,29,2020-07-19,61.81818181818182
CO,2020,47,30,2020-07-26,62.27272727272727
CO,2020,48,31,2020-08-02,62.45454545454545
CO,2020,49,32,2020-08-09,62.54545454545455
CO,2020,50,33,2020-08-16,62.54545454545455
CO,2020,51,34,2020-08-23,62.54545454545455
CO,2020,52,35,2020-08-30,53.45454545454545
CO,2021,1,36,2020-09-06,1.5454545454545454
CO,2021,2,37,2020-09-13,3.4545454545454546
CO,2021,3,38,2020-09-20,5.2727272727272725
CO,2021,4,39,2020-09-27,7.7272727272727275
CO,2021,5,40,2020-10-04,11.0
CO,2021,6,41,2020-10-11,13.636363636363637
CO,2021,7,42,2020-10-18,15.090909090909092
CO,2021,8,43,2020-10-25,16.09090909090909
CO,2021,9,44,2020-11-01,17.09090909090909
CO,2021,10,45,2020-11-08,17.272727272727273
CO,2021,11,46,2020-11-15,17.454545454545453
CO,2021,12,47,2020-11-22,17.636363636363637
CO,2021,13,48,2020-11-29,17.727272727272727
CO,2021,27,10,2021-03-14,18.545454545454547
CO,2021,28,11,2021-03-21,19.363636363636363
CO,2021,29,12,2021-03-28,19.272727272727273
CO,2021,30,13,2021-04-04,20.181818181818183
CO,2021,31,14,2021-04-11,20.727272727272727
CO,2021,32,15,2021-04-18,21.181818181818183
CO,2021,33,16,2021-04-25,22.181818181818183
CO,2021,34,17,2021-05-02,24.636363636363637
CO,2021,35,18,2021-05-09,25.545454545454547
CO,2021,36,19,2021-05-16,27.272727272727273
CO,2021,37,20,2021-05-23,30.09090909090909
CO,2021,38,21,2021-05-30,33.0
CO,2021,39,22,2021-06-06,34.72727272727273
CO,2021,40,23,2021-06-13,37.54545454545455
CO,2021,41,24,2021-06-20,41.36363636363637
CO,2021,42,25,2021-06-27,45.90909090909091
CO,2021,43,26,2021-07-04,50.81818181818182
CO,2021,44,27,2021-07-11,54.72727272727273
CO,2021,45,28,2021-07-18,59.81818181818182
CO,2021,46,29,2021-07-25,62.63636363636363
CO,2021,47,30,2021-08-01,63.18181818181818
CO,2021,48,31,2021-08-08,63.27272727272727
CO,2021,49,32,2021-08-15,63.36363636363637
CO,2021,50,33,2021-08-22,54.54545454545455
CO,2021,51,34,2021-08-29,55.36363636363637
CO,2021,52,35,2021-09-05,48.0
CO,2022,1,36,2021-09-12,3.3636363636363638
CO,2022,2,37,2021-09-19,5.7272727272727275
CO,2022,3,38,2021-09-26,7.454545454545454
CO,2022,4,39,2021-10-03,10.363636363636363
CO,2022,5,40,2021-10-10,12.272727272727273
CO,2022,6,41,2021-10-17,13.636363636363637
CO,2022,7,42,2021-10-24,15.0
CO,2022,8,43,2021-10-31,15.636363636363637
CO,2022,9,44,2021-11-07,16.636363636363637
CO,2022,10,45,2021-11-14,17.181818181818183
CO,2022,11,46,2021-11-21,17.454545454545453
CO,2022,12,47,2021-11-28,17.636363636363637
CO,2022,27,10,2022-03-13,18.09090909090909
CO,2022,28,11,2022-03-20,18.09090909090909
CO,2022,29,12,2022-03-27,18.454545454545453
CO,2022,30,13,2022-04-03,18.272727272727273
CO,2022,31,14,2022-04-10,19.727272727272727
CO,2022,32,15,2022-04-17,20.363636363636363
CO,2022,33,16,2022-04-24,21.181818181818183
CO,2022,34,17,2022-05-01,22.181818181818183
CO,2022,35,18,2022-05-08,24.545454545454547
CO,2022,36,19,2022-05-15,25.636363636363637
CO,2022,37,20,2022-05-22,28.90909090909091
CO,2022,38,21,2022-05-29,31.363636363636363
CO,2022,39,22,2022-06-05,34.63636363636363
CO,2022,40,23,2022-06-12,36.90909090909091
CO,2022,41,24,2022-06-19,40.54545454545455
CO,2022,42,25,2022-06-26,42.63636363636363
CO,2022,43,26,2022-07-03,48.81818181818182
CO,2022,44,27,2022-07-10,54.63636363636363
CO,2022,45,28,2022-07-17,58.81818181818182
CO,2022,46,29,2022-07-24,61.63636363636363
CO,2022,47,30,2022-07-31,62.63636363636363
CO,2022,48,31,2022-08-07,62.72727272727273
CO,2022,49,32,2022-08-14,62.72727272727273
CO,2022,50,33,2022-08-21,62.72727272727273
CO,2022,51,34,2022-08-28,53.72727272727273
CO,2022,52,35,2022-09-04,54.81818181818182
CO,2023,1,36,2022-09-11,1.9090909090909092
CO,2023,2,37,2022-09-18,3.6363636363636362
CO,2023,3,38,2022-09-25,6.181818181818182
CO,2023,4,39,2022-10-02,8.727272727272727
CO,2023,5,40,2022-10-09,11.909090909090908
CO,2023,6,41,2022-10-16,14.090909090909092
CO,2023,7,42,2022-10-23,14.727272727272727
CO,2023,8,43,2022-10-30,15.727272727272727
CO,2023,9,44,2022-11-06,16.727272727272727
CO,2023,10,45,2022-11-13,17.90909090909091
CO,2023,11,46,2022-11-20,18.09090909090909
CO,2023,12,47,2022-11-27,18.181818181818183
CO,2023,27,10,2023-03-12,19.181818181818183
CO,2023,28,11,2023-03-19,19.545454545454547
CO,2023,29,12,2023-03-26,19.09090909090909
CO,2023,30,13,2023-04-02,18.90909090909091
CO,2023,31,14,2023-04-09,19.636363636363637
CO,2023,32,15,2023-04-16,20.0
CO,2023,33,16,2023-04-23,20.636363636363637
CO,2023,34,17,2023-04-30,21.09090909090909
CO,2023,35,18,2023-05-07,22.454545454545453
CO,2023,36,19,2023-05-14,24.181818181818183
CO,2023,37,20,2023-05-21,28.727272727272727
CO,2023,38,21,2023-05-28,31.09090909090909
CO,2023,39,22,2023-06-04,33.81818181818182
CO,2023,40,23,2023-06-11,35.54545454545455
CO,2023,41,24,2023-06-18,38.27272727272727
CO,2023,42,25,2023-06-25,42.09090909090909
CO,2023,43,26,2023-07-02,45.45454545454545
CO,2023,44,27,2023-07-09,49.72727272727273
CO,2023,45,28,2023-07-16,53.63636363636363
CO,2023,46,29,2023-07-23,57.54545454545455
CO,2023,47,30,2023-07-30,61.09090909090909
CO,2023,48,31,2023-08-06,62.0
CO,2023,49,32,2023-08-13,62.54545454545455
CO,2023,50,33,2023-08-20,62.72727272727273
CO,2023,51,34,2023-08-27,62.81818181818182
CO,2023,52,35,2023-09-03,53.81818181818182
CO,2024,1,36,2023-09-10,1.8181818181818181
CO,2024,2,37,2023-09-17,2.8181818181818183
CO,2024,3,38,2023-09-24,6.7272727272727275
CO,2024,4,39,2023-10-01,9.818181818181818
CO,2024,5,40,2023-10-08,12.636363636363637
CO,2024,6,41,2023-10-15,13.909090909090908
CO,2024,7,42,2023-10-22,15.090909090909092
CO,2024,8,43,2023-10-29,16.545454545454547
CO,2024,9,44,2023-11-05,17.0
CO,2024,10,45,2023-11-12,17.545454545454547
CO,2024,11,46,2023-11-19,17.727272727272727
CO,2024,12,47,2023-11-26,17.818181818181817
CO,2024,28,11,2024-03-17,18.09090909090909
CO,2024,29,12,2024-03-24,18.90909090909091
CO,2024,30,13,2024-03-31,18.727272727272727
CO,2024,31,14,2024-04-07,19.181818181818183
CO,2024,32,15,2024-04-14,19.90909090909091
CO,2024,33,16,2024-04-21,20.90909090909091
CO,2024,34,17,2024-04-28,21.363636363636363
CO,2024,35,18,2024-05-05,23.09090909090909
CO,2024,36,19,2024-05-12,24.454545454545453
CO,2024,37,20,2024-05-19,27.454545454545453
CO,2024,38,21,2024-05-26,31.363636363636363
CO,2024,39,22,2024-06-02,33.90909090909091
CO,2024,40,23,2024-06-09,35.90909090909091
CO,2024,41,24,2024-06-16,39.36363636363637
CO,2024,42,25,2024-06-23,46.0
CO,2024,43,26,2024-06-30,52.27272727272727
CO,2024,44,27,2024-07-07,56.81818181818182
CO,2024,45,28,2024-07-14,59.63636363636363
CO,2024,46,29,2024-07-21,61.27272727272727
CO,2024,47,30,2024-07-28,61.72727272727273
CO,2024,48,31,2024-08-04,62.09090909090909
CO,2024,49,32,2024-08-11,62.18181818181818
CO,2024,50,33,2024-08-18,62.18181818181818
CO,2024,51,34,2024-08-25,53.27272727272727
CO,2024,52,35,2024-09-01,53.72727272727273
CO,2025,1,36,2024-09-08,1.5454545454545454
CO,2025,2,37,2024-09-15,3.4545454545454546
CO,2025,3,38,2024-09-22,5.090909090909091
CO,2025,4,39,2024-09-29,9.0
CO,2025,5,40,2024-10-06,11.272727272727273
CO,2025,6,41,2024-10-13,12.818181818181818
CO,2025,7,42,2024-10-20,14.363636363636363
CO,2025,8,43,2024-10-27,15.727272727272727
CO,2025,9,44,2024-11-03,16.818181818181817
CO,2025,10,45,2024-11-10,17.363636363636363
CO,2025,11,46,2024-11-17,17.636363636363637
CO,2025,12,47,2024-11-24,17.90909090909091
CO,2025,28,11,2025-03-16,18.272727272727273
CO,2025,29,12,2025-03-23,18.181818181818183
CO,2025,30,13,2025-03-30,18.454545454545453
CO,2025,31,14,2025-04-06,18.636363636363637
CO,2025,32,15,2025-04-13,19.545454545454547
CO,2025,33,16,2025-04-20,21.727272727272727
CO,2025,34,17,2025-04-27,23.0
CO,2025,35,18,2025-05-04,23.545454545454547
CO,2025,36,19,2025-05-11,25.727272727272727
CO,2025,37,20,2025-05-18,28.818181818181817
CO,2025,38,21,2025-05-25,32.36363636363637
CO,2025,39,22,2025-06-01,33.81818181818182
CO,2025,40,23,2025-06-08,36.18181818181818
CO,2025,41,24,2025-06-15,38.54545454545455
CO,2025,42,25,2025-06-22,42.36363636363637
CO,2025,43,26,2025-06-29,45.81818181818182
CO,2025,44,27,2025-07-06,52.27272727272727
CO,2025,45,28,2025-07-13,57.0
CO,2025,46,29,2025-07-20,61.72727272727273
CO,2025,47,30,2025-07-27,62.81818181818182
CO,2025,48,31,2025-08-03,63.18181818181818
CO,2025,49,32,2025-08-10,63.54545454545455
CO,2025,50,33,2025-08-17,63.54545454545455
CO,2025,51,34,2025-08-24,63.54545454545455
CO,2025,52,35,2025-08-31,54.63636363636363
CO,2026,1,36,2025-09-07,0.5454545454545454
CO,2026,2,37,2025-09-14,2.090909090909091
CO,2026,3,38,2025-09-21,4.2727272727272725
CO,2026,4,39,2025-09-28,7.818181818181818
CO,2026,11,46,2025-11-16,17.636363636363637
CO,2026,12,47,2025-11-23,17.818181818181817
DE,2016,4,39,2015-09-27,0.45454545454545453
DE,2016,5,40,2015-10-04,1.1818181818181819
DE,2016,6,41,2015-10-11,3.090909090909091
DE,2016,7,42,2015-10-18,4.454545454545454
DE,2016,8,43,2015-10-25,7.909090909090909
DE,2016,9,44,2015-11-01,9.363636363636363
DE,2016,10,45,2015-11-08,13.727272727272727
DE,2016,11,46,2015-11-15,14.363636363636363
DE,2016,12,47,2015-11-22,17.363636363636363
DE,2016,13,48,2015-11-29,17.454545454545453
DE,2016,34,17,2016-05-01,18.545454545454547
DE,2016,35,18,2016-05-08,23.0
DE,2016,36,19,2016-05-15,24.0
DE,2016,37,20,2016-05-22,24.818181818181817
DE,2016,38,21,2016-05-29,27.0
DE,2016,39,22,2016-06-05,29.636363636363637
DE,2016,40,23,2016-06-12,31.454545454545453
DE,2016,41,24,2016-06-19,35.63636363636363
DE,2016,42,25,2016-06-26,42.81818181818182
DE,2016,43,26,2016-07-03,47.45454545454545
DE,2016,44,27,2016-07-10,50.09090909090909
DE,2016,45,28,2016-07-17,51.09090909090909
DE,2016,46,29,2016-07-24,52.45454545454545
DE,2017,3,38,2016-09-25,0.09090909090909091
DE,2017,4,39,2016-10-02,0.45454545454545453
DE,2017,5,40,2016-10-09,1.0909090909090908
DE,2017,6,41,2016-10-16,1.3636363636363635
DE,2017,7,42,2016-10-23,4.0
DE,2017,8,43,2016-10-30,9.090909090909092
DE,2017,9,44,2016-11-06,12.090909090909092
DE,2017,10,45,2016-11-13,13.181818181818182
DE,2017,11,46,2016-11-20,14.909090909090908
DE,2017,12,47,2016-11-27,17.272727272727273
DE,2017,31,14,2017-04-09,17.272727272727273
DE,2017,32,15,2017-04-16,18.0
DE,2017,33,16,2017-04-23,19.181818181818183
DE,2017,34,17,2017-04-30,21.818181818181817
DE,2017,35,18,2017-05-07,22.727272727272727
DE,2017,36,19,2017-05-14,23.818181818181817
DE,2017,37,20,2017-05-21,24.545454545454547
DE,2017,38,21,2017-05-28,26.90909090909091
DE,2017,39,22,2017-06-04,30.09090909090909
DE,2017,40,23,2017-06-11,30.636363636363637
DE,2017,41,24,2017-06-18,34.90909090909091
DE,2017,42,25,2017-06-25,42.18181818181818
DE,2017,43,26,2017-07-02,44.81818181818182
DE,2017,44,27,2017-07-09,48.90909090909091
DE,2017,45,28,2017-07-16,49.45454545454545
DE,2017,46,29,2017-07-23,52.18181818181818
DE,2017,47,30,2017-07-30,52.45454545454545
DE,2017,48,31,2017-08-06,52.63636363636363
DE,2018,4,39,2017-10-01,0.0
DE,2018,5,40,2017-10-08,0.9090909090909091
DE,2018,6,41,2017-10-15,3.6363636363636362
DE,2018,7,42,2017-10-22,5.909090909090909
DE,2018,8,43,2017-10-29,9.636363636363637
DE,2018,9,44,2017-11-05,11.363636363636363
DE,2018,10,45,2017-11-12,11.727272727272727
DE,2018,11,46,2017-11-19,13.818181818181818
DE,2018,12,47,2017-11-26,15.454545454545455
DE,2018,31,14,2018-04-08,15.454545454545455
DE,2018,32,15,2018-04-15,15.454545454545455
DE,2018,33,16,2018-04-22,15.454545454545455
DE,2018,34,17,2018-04-29,15.454545454545455
DE,2018,35,18,2018-05-06,15.818181818181818
DE,2018,36,19,2018-05-13,20.181818181818183
DE,2018,37,20,2018-05-20,21.454545454545453
DE,2018,38,21,2018-05-27,22.727272727272727
DE,2018,39,22,2018-06-03,24.454545454545453
DE,2018,40,23,2018-06-10,29.272727272727273
DE,2018,41,24,2018-06-17,31.727272727272727
DE,2018,42,25,2018-06-24,43.18181818181818
DE,2018,43,26,2018-07-01,47.27272727272727
DE,2018,44,27,2018-07-08,49.09090909090909
DE,2018,45,28,2018-07-15,49.81818181818182
DE,2018,46,29,2018-07-22,50.09090909090909
DE,2018,47,30,2018-07-29,50.27272727272727
DE,2018,48,31,2018-08-05,51.0
DE,2018,49,32,2018-08-12,51.81818181818182
DE,2019,5,40,2018-10-07,1.3636363636363635
DE,2019,6,41,2018-10-14,1.4545454545454546
DE,2019,7,42,2018-10-21,4.7272727272727275
DE,2019,8,43,2018-10-28,8.636363636363637
DE,2019,9,44,2018-11-04,12.818181818181818
DE,2019,10,45,2018-11-11,15.636363636363637
DE,2019,11,46,2018-11-18,17.454545454545453
DE,2019,12,47,2018-11-25,17.545454545454547
DE,2019,31,14,2019-04-07,17.545454545454547
DE,2019,32,15,2019-04-14,17.545454545454547
DE,2019,33,16,2019-04-21,18.363636363636363
DE,2019,34,17,2019-04-28,19.09090909090909
DE,2019,35,18,2019-05-05,21.727272727272727
DE,2019,36,19,2019-05-12,23.272727272727273
DE,2019,37,20,2019-05-19,23.454545454545453
DE,2019,38,21,2019-05-26,24.0
DE,2019,39,22,2019-06-02,27.90909090909091
DE,2019,40,23,2019-06-09,32.09090909090909
DE,2019,41,24,2019-06-16,39.27272727272727
DE,2019,42,25,2019-06-23,45.81818181818182
DE,2019,43,26,2019-06-30,49.63636363636363
DE,2019,44,27,2019-07-07,52.72727272727273
DE,2019,45,28,2019-07-14,53.36363636363637
DE,2020,2,37,2019-09-15,0.0
DE,2020,3,38,2019-09-22,0.09090909090909091
DE,2020,4,39,2019-09-29,0.09090909090909091
DE,2020,5,40,2019-10-06,0.5454545454545454
DE,2020,6,41,2019-10-13,1.0909090909090908
DE,2020,7,42,2019-10-20,3.0
DE,2020,8,43,2019-10-27,7.181818181818182
DE,2020,9,44,2019-11-03,9.818181818181818
DE,2020,10,45,2019-11-10,11.545454545454545
DE,2020,11,46,2019-11-17,14.909090909090908
DE,2020,12,47,2019-11-24,15.454545454545455
DE,2020,32,15,2020-04-12,15.454545454545455
DE,2020,33,16,2020-04-19,15.909090909090908
DE,2020,34,17,2020-04-26,17.363636363636363
DE,2020,35,18,2020-05-03,19.09090909090909
DE,2020,36,19,2020-05-10,20.636363636363637
DE,2020,37,20,2020-05-17,20.818181818181817
DE,2020,38,21,2020-05-24,22.09090909090909
DE,2020,39,22,2020-05-31,25.09090909090909
DE,2020,40,23,2020-06-07,29.09090909090909
DE,2020,41,24,2020-06-14,31.272727272727273
DE,2020,42,25,2020-06-21,38.09090909090909
DE,2020,43,26,2020-06-28,44.81818181818182
DE,2020,44,27,2020-07-05,48.72727272727273
DE,2020,45,28,2020-07-12,49.27272727272727
DE,2020,46,29,2020-07-19,49.72727272727273
DE,2021,3,38,2020-09-20,0.0
DE,2021,4,39,2020-09-27,0.09090909090909091
DE,2021,5,40,2020-10-04,0.18181818181818182
DE,2021,6,41,2020-10-11,1.0909090909090908
DE,2021,7,42,2020-10-18,2.4545454545454546
DE,2021,8,43,2020-10-25,4.636363636363637
DE,2021,9,44,2020-11-01,7.181818181818182
DE,2021,10,45,2020-11-08,9.909090909090908
DE,2021,11,46,2020-11-15,12.818181818181818
DE,2021,12,47,2020-11-22,15.454545454545455
DE,2021,13,48,2020-11-29,17.0
DE,2021,33,16,2021-04-25,17.0
DE,2021,34,17,2021-05-02,20.454545454545453
DE,2021,35,18,2021-05-09,21.545454545454547
DE,2021,36,19,2021-05-16,23.363636363636363
DE,2021,37,20,2021-05-23,25.818181818181817
DE,2021,38,21,2021-05-30,29.09090909090909
DE,2021,39,22,2021-06-06,33.09090909090909
DE,2021,40,23,2021-06-13,34.36363636363637
DE,2021,41,24,2021-06-20,35.90909090909091
DE,2021,42,25,2021-06-27,44.45454545454545
DE,2021,43,26,2021-07-04,49.0
DE,2021,44,27,2021-07-11,50.36363636363637
DE,2021,45,28,2021-07-18,52.54545454545455
DE,2022,2,37,2021-09-19,0.0
DE,2022,3,38,2021-09-26,0.09090909090909091
DE,2022,4,39,2021-10-03,1.2727272727272727
DE,2022,5,40,2021-10-10,1.6363636363636365
DE,2022,6,41,2021-10-17,2.6363636363636362
DE,2022,7,42,2021-10-24,4.909090909090909
DE,2022,8,43,2021-10-31,8.727272727272727
DE,2022,9,44,2021-11-07,10.909090909090908
DE,2022,10,45,2021-11-14,12.636363636363637
DE,2022,11,46,2021-11-21,13.636363636363637
DE,2022,12,47,2021-11-28,14.545454545454545
DE,2022,34,17,2022-05-01,17.09090909090909
DE,2022,35,18,2022-05-08,19.636363636363637
DE,2022,36,19,2022-05-15,21.727272727272727
DE,2022,37,20,2022-05-22,23.09090909090909
DE,2022,38,21,2022-05-29,25.272727272727273
DE,2022,39,22,2022-06-05,29.181818181818183
DE,2022,40,23,2022-06-12,32.36363636363637
DE,2022,41,24,2022-06-19,34.0
DE,2022,42,25,2022-06-26,38.09090909090909
DE,2022,43,26,2022-07-03,39.18181818181818
DE,2022,44,27,2022-07-10,44.0
DE,2022,45,28,2022-07-17,50.27272727272727
DE,2023,4,39,2022-10-02,0.0
DE,2023,5,40,2022-10-09,1.1818181818181819
DE,2023,6,41,2022-10-16,1.6363636363636365
DE,2023,7,42,2022-10-23,3.5454545454545454
DE,2023,8,43,2022-10-30,6.0
DE,2023,9,44,2022-11-06,8.636363636363637
DE,2023,10,45,2022-11-13,10.909090909090908
DE,2023,11,46,2022-11-20,14.090909090909092
DE,2023,12,47,2022-11-27,15.818181818181818
DE,2023,32,15,2023-04-16,17.363636363636363
DE,2023,33,16,2023-04-23,18.818181818181817
DE,2023,34,17,2023-04-30,19.90909090909091
DE,2023,35,18,2023-05-07,22.454545454545453
DE,2023,36,19,2023-05-14,23.636363636363637
DE,2023,37,20,2023-05-21,24.454545454545453
DE,2023,38,21,2023-05-28,27.0
DE,2023,39,22,2023-06-04,29.09090909090909
DE,2023,40,23,2023-06-11,32.09090909090909
DE,2023,41,24,2023-06-18,37.72727272727273
DE,2023,42,25,2023-06-25,42.27272727272727
DE,2023,43,26,2023-07-02,45.54545454545455
DE,2023,44,27,2023-07-09,48.54545454545455
DE,2023,45,28,2023-07-16,50.36363636363637
DE,2023,46,29,2023-07-23,50.90909090909091
DE,2024,1,36,2023-09-10,0.0
DE,2024,2,37,2023-09-17,0.9090909090909091
DE,2024,3,38,2023-09-24,1.4545454545454546
DE,2024,4,39,2023-10-01,1.8181818181818181
DE,2024,5,40,2023-10-08,2.8181818181818183
DE,2024,6,41,2023-10-15,4.0
DE,2024,7,42,2023-10-22,5.0
DE,2024,8,43,2023-10-29,7.090909090909091
DE,2024,9,44,2023-11-05,12.272727272727273
DE,2024,10,45,2023-11-12,13.818181818181818
DE,2024,11,46,2023-11-19,14.818181818181818
DE,2024,12,47,2023-11-26,16.363636363636363
DE,2024,30,13,2024-03-31,16.363636363636363
DE,2024,31,14,2024-04-07,16.363636363636363
DE,2024,32,15,2024-04-14,16.545454545454547
DE,2024,33,16,2024-04-21,17.454545454545453
DE,2024,34,17,2024-04-28,18.818181818181817
DE,2024,35,18,2024-05-05,23.09090909090909
DE,2024,36,19,2024-05-12,25.0
DE,2024,37,20,2024-05-19,26.09090909090909
DE,2024,38,21,2024-05-26,28.181818181818183
DE,2024,39,22,2024-06-02,30.363636363636363
DE,2024,40,23,2024-06-09,36.0
DE,2024,41,24,2024-06-16,38.45454545454545
DE,2024,42,25,2024-06-23,45.45454545454545
DE,2024,43,26,2024-06-30,48.09090909090909
DE,2024,44,27,2024-07-07,50.45454545454545
DE,2024,45,28,2024-07-14,51.36363636363637
DE,2025,2,37,2024-09-15,0.45454545454545453
DE,2025,3,38,2024-09-22,1.0909090909090908
DE,2025,4,39,2024-09-29,1.8181818181818181
DE,2025,5,40,2024-10-06,2.0
DE,2025,6,41,2024-10-13,3.5454545454545454
DE,2025,7,42,2024-10-20,4.2727272727272725
DE,2025,8,43,2024-10-27,6.636363636363637
DE,2025,9,44,2024-11-03,9.090909090909092
DE,2025,10,45,2024-11-10,11.272727272727273
DE,2025,11,46,2024-11-17,13.181818181818182
DE,2025,12,47,2024-11-24,15.0
DE,2025,31,14,2025-04-06,15.0
DE,2025,32,15,2025-04-13,15.0
DE,2025,33,16,2025-04-20,15.090909090909092
DE,2025,34,17,2025-04-27,15.727272727272727
DE,2025,35,18,2025-05-04,16.0
DE,2025,36,19,2025-05-11,17.90909090909091
DE,2025,37,20,2025-05-18,21.818181818181817
DE,2025,38,21,2025-05-25,27.727272727272727
DE,2025,39,22,2025-06-01,30.727272727272727
DE,2025,40,23,2025-06-08,34.45454545454545
DE,2025,41,24,2025-06-15,38.63636363636363
DE,2025,42,25,2025-06-22,40.90909090909091
DE,2025,43,26,2025-06-29,42.81818181818182
DE,2025,44,27,2025-07-06,48.90909090909091
DE,2025,45,28,2025-07-13,49.81818181818182
DE,2025,46,29,2025-07-20,50.27272727272727
DE,2026,2,37,2025-09-14,0.0
DE,2026,3,38,2025-09-21,0.5454545454545454
DE,2026,4,39,2025-09-28,0.9090909090909091
DE,2026,11,46,2025-11-16,14.363636363636363
DE,2026,12,47,2025-11-23,15.454545454545455
GA,2016,3,38,2015-09-20,0.0
GA,2016,4,39,2015-09-27,0.18181818181818182
GA,2016,5,40,2015-10-04,0.5454545454545454
GA,2016,6,41,2015-10-11,0.6363636363636364
GA,2016,7,42,2015-10-18,0.8181818181818182
GA,2016,8,43,2015-10-25,1.2727272727272727
GA,2016,9,44,2015-11-01,1.5454545454545454
GA,2016,10,45,2015-11-08,2.0
GA,2016,11,46,2015-11-15,2.4545454545454546
GA,2016,12,47,2015-11-22,3.6363636363636362
GA,2016,13,48,2015-11-29,5.454545454545454
GA,2016,30,13,2016-04-03,6.7272727272727275
GA,2016,31,14,2016-04-10,8.909090909090908
GA,2016,32,15,2016-04-17,11.636363636363637
GA,2016,33,16,2016-04-24,13.181818181818182
GA,2016,34,17,2016-05-01,14.0
GA,2016,35,18,2016-05-08,14.454545454545455
GA,2016,36,19,2016-05-15,14.636363636363637
GA,2016,37,20,2016-05-22,15.363636363636363
GA,2016,38,21,2016-05-29,17.0
GA,2016,39,22,2016-06-05,20.181818181818183
GA,2016,40,23,2016-06-12,21.454545454545453
GA,2016,41,24,2016-06-19,22.727272727272727
GA,2017,4,39,2016-10-02,0.0
GA,2017,5,40,2016-10-09,0.09090909090909091
GA,2017,6,41,2016-10-16,0.5454545454545454
GA,2017,7,42,2016-10-23,1.7272727272727273
GA,2017,8,43,2016-10-30,2.0
GA,2017,9,44,2016-11-06,2.3636363636363638
GA,2017,10,45,2016-11-13,3.090909090909091
GA,2017,11,46,2016-11-20,3.8181818181818183
GA,2017,12,47,2016-11-27,6.545454545454546
GA,2017,30,13,2017-04-02,9.272727272727273
GA,2017,31,14,2017-04-09,11.363636363636363
GA,2017,32,15,2017-04-16,13.272727272727273
GA,2017,33,16,2017-04-23,14.363636363636363
GA,2017,34,17,2017-04-30,14.818181818181818
GA,2017,35,18,2017-05-07,15.272727272727273
GA,2017,36,19,2017-05-14,15.727272727272727
GA,2017,37,20,2017-05-21,17.363636363636363
GA,2017,38,21,2017-05-28,18.636363636363637
GA,2017,39,22,2017-06-04,20.636363636363637
GA,2017,40,23,2017-06-11,22.545454545454547
GA,2017,41,24,2017-06-18,23.636363636363637
GA,2017,42,25,2017-06-25,24.0
GA,2018,5,40,2017-10-08,0.2727272727272727
GA,2018,6,41,2017-10-15,1.0
GA,2018,7,42,2017-10-22,1.2727272727272727
GA,2018,8,43,2017-10-29,1.7272727272727273
GA,2018,9,44,2017-11-05,2.4545454545454546
GA,2018,10,45,2017-11-12,4.181818181818182
GA,2018,11,46,2017-11-19,6.090909090909091
GA,2018,12,47,2017-11-26,9.363636363636363
GA,2018,30,13,2018-04-01,12.454545454545455
GA,2018,31,14,2018-04-08,14.636363636363637
GA,2018,32,15,2018-04-15,16.363636363636363
GA,2018,33,16,2018-04-22,17.363636363636363
GA,2018,34,17,2018-04-29,18.0
GA,2018,35,18,2018-05-06,18.727272727272727
GA,2018,36,19,2018-05-13,19.09090909090909
GA,2018,37,20,2018-05-20,19.90909090909091
GA,2018,38,21,2018-05-27,20.545454545454547
GA,2018,39,22,2018-06-03,21.181818181818183
GA,2018,40,23,2018-06-10,24.454545454545453
GA,2018,41,24,2018-06-17,26.272727272727273
GA,2018,42,25,2018-06-24,26.818181818181817
GA,2018,43,26,2018-07-01,27.181818181818183
GA,2019,5,40,2018-10-07,0.09090909090909091
GA,2019,6,41,2018-10-14,0.18181818181818182
GA,2019,7,42,2018-10-21,0.5454545454545454
GA,2019,8,43,2018-10-28,0.9090909090909091
GA,2019,9,44,2018-11-04,1.6363636363636365
GA,2019,10,45,2018-11-11,2.8181818181818183
GA,2019,11,46,2018-11-18,4.090909090909091
GA,2019,12,47,2018-11-25,6.181818181818182
GA,2019,30,13,2019-03-31,8.727272727272727
GA,2019,31,14,2019-04-07,10.818181818181818
GA,2019,32,15,2019-04-14,12.818181818181818
GA,2019,33,16,2019-04-21,13.818181818181818
GA,2019,34,17,2019-04-28,14.636363636363637
GA,2019,35,18,2019-05-05,14.909090909090908
GA,2019,36,19,2019-05-12,16.181818181818183
GA,2019,37,20,2019-05-19,17.454545454545453
GA,2019,38,21,2019-05-26,20.0
GA,2019,39,22,2019-06-02,21.818181818181817
GA,2019,40,23,2019-06-09,23.181818181818183
GA,2019,41,24,2019-06-16,23.636363636363637
GA,2020,5,40,2019-10-06,0.09090909090909091
GA,2020,6,41,2019-10-13,0.2727272727272727
GA,2020,7,42,2019-10-20,0.5454545454545454
GA,2020,8,43,2019-10-27,1.0909090909090908
GA,2020,9,44,2019-11-03,2.0
GA,2020,10,45,2019-11-10,4.2727272727272725
GA,2020,11,46,2019-11-17,6.0
GA,2020,12,47,2019-11-24,7.363636363636363
GA,2020,31,14,2020-04-05,11.909090909090908
GA,2020,32,15,2020-04-12,14.0
GA,2020,33,16,2020-04-19,15.090909090909092
GA,2020,34,17,2020-04-26,15.636363636363637
GA,2020,35,18,2020-05-03,16.363636363636363
GA,2020,36,19,2020-05-10,17.818181818181817
GA,2020,37,20,2020-05-17,18.818181818181817
GA,2020,38,21,2020-05-24,19.363636363636363
GA,2020,39,22,2020-05-31,21.0
GA,2020,40,23,2020-06-07,22.818181818181817
GA,2020,41,24,2020-06-14,24.0
GA,2020,42,25,2020-06-21,24.454545454545453
GA,2020,43,26,2020-06-28,24.727272727272727
GA,2021,5,40,2020-10-04,0.09090909090909091
GA,2021,6,41,2020-10-11,0.8181818181818182
GA,2021,7,42,2020-10-18,1.1818181818181819
GA,2021,8,43,2020-10-25,1.7272727272727273
GA,2021,9,44,2020-11-01,2.4545454545454546
GA,2021,10,45,2020-11-08,3.8181818181818183
GA,2021,11,46,2020-11-15,5.090909090909091
GA,2021,12,47,2020-11-22,7.818181818181818
GA,2021,13,48,2020-11-29,10.545454545454545
GA,2021,30,13,2021-04-04,14.0
GA,2021,31,14,2021-04-11,16.09090909090909
GA,2021,32,15,2021-04-18,17.272727272727273
GA,2021,33,16,2021-04-25,18.363636363636363
GA,2021,34,17,2021-05-02,19.09090909090909
GA,2021,35,18,2021-05-09,19.90909090909091
GA,2021,36,19,2021-05-16,20.545454545454547
GA,2021,37,20,2021-05-23,22.0
GA,2021,38,21,2021-05-30,24.636363636363637
GA,2021,39,22,2021-06-06,26.636363636363637
GA,2021,40,23,2021-06-13,27.181818181818183
GA,2021,41,24,2021-06-20,27.636363636363637
GA,2021,42,25,2021-06-27,27.818181818181817
GA,2022,4,39,2021-10-03,0.09090909090909091
GA,2022,5,40,2021-10-10,0.6363636363636364
GA,2022,6,41,2021-10-17,1.0
GA,2022,7,42,2021-10-24,1.4545454545454546
GA,2022,8,43,2021-10-31,2.1818181818181817
GA,2022,9,44,2021-11-07,3.6363636363636362
GA,2022,10,45,2021-11-14,4.909090909090909
GA,2022,11,46,2021-11-21,8.181818181818182
GA,2022,12,47,2021-11-28,9.545454545454545
GA,2022,30,13,2022-04-03,13.090909090909092
GA,2022,31,14,2022-04-10,15.0
GA,2022,32,15,2022-04-17,16.272727272727273
GA,2022,33,16,2022-04-24,17.181818181818183
GA,2022,34,17,2022-05-01,17.727272727272727
GA,2022,35,18,2022-05-08,18.90909090909091
GA,2022,36,19,2022-05-15,19.636363636363637
GA,2022,37,20,2022-05-22,20.90909090909091
GA,2022,38,21,2022-05-29,22.272727272727273
GA,2022,39,22,2022-06-05,24.818181818181817
GA,2022,40,23,2022-06-12,26.181818181818183
GA,2022,41,24,2022-06-19,27.0
GA,2023,3,38,2022-09-25,0.0
GA,2023,4,39,2022-10-02,0.18181818181818182
GA,2023,5,40,2022-10-09,0.6363636363636364
GA,2023,6,41,2022-10-16,1.0909090909090908
GA,2023,7,42,2022-10-23,1.3636363636363635
GA,2023,8,43,2022-10-30,1.9090909090909092
GA,2023,9,44,2022-11-06,2.6363636363636362
GA,2023,10,45,2022-11-13,3.727272727272727
GA,2023,11,46,2022-11-20,5.636363636363637
GA,2023,12,47,2022-11-27,7.363636363636363
GA,2023,30,13,2023-04-02,11.272727272727273
GA,2023,31,14,2023-04-09,13.272727272727273
GA,2023,32,15,2023-04-16,14.454545454545455
GA,2023,33,16,2023-04-23,15.272727272727273
GA,2023,34,17,2023-04-30,15.909090909090908
GA,2023,35,18,2023-05-07,16.727272727272727
GA,2023,36,19,2023-05-14,17.272727272727273
GA,2023,37,20,2023-05-21,18.272727272727273
GA,2023,38,21,2023-05-28,19.454545454545453
GA,2023,39,22,2023-06-04,22.09090909090909
GA,2023,40,23,2023-06-11,23.727272727272727
GA,2023,41,24,2023-06-18,24.363636363636363
GA,2023,42,25,2023-06-25,24.727272727272727
GA,2024,3,38,2023-09-24,0.0
GA,2024,4,39,2023-10-01,0.18181818181818182
GA,2024,5,40,2023-10-08,0.7272727272727273
GA,2024,6,41,2023-10-15,1.0909090909090908
GA,2024,7,42,2023-10-22,1.4545454545454546
GA,2024,8,43,2023-10-29,2.1818181818181817
GA,2024,9,44,2023-11-05,3.5454545454545454
GA,2024,10,45,2023-11-12,4.2727272727272725
GA,2024,11,46,2023-11-19,5.7272727272727275
GA,2024,12,47,2023-11-26,7.909090909090909
GA,2024,30,13,2024-03-31,21.545454545454547
GA,2024,31,14,2024-04-07,24.0
GA,2024,32,15,2024-04-14,25.363636363636363
GA,2024,33,16,2024-04-21,26.09090909090909
GA,2024,34,17,2024-04-28,26.545454545454547
GA,2024,35,18,2024-05-05,27.181818181818183
GA,2024,36,19,2024-05-12,29.09090909090909
GA,2024,37,20,2024-05-19,30.363636363636363
GA,2024,38,21,2024-05-26,31.181818181818183
GA,2024,39,22,2024-06-02,32.54545454545455
GA,2024,40,23,2024-06-09,34.27272727272727
GA,2024,41,24,2024-06-16,35.18181818181818
GA,2024,42,25,2024-06-23,35.81818181818182
GA,2024,43,26,2024-06-30,36.18181818181818
GA,2025,3,38,2024-09-22,0.09090909090909091
GA,2025,4,39,2024-09-29,0.18181818181818182
GA,2025,5,40,2024-10-06,0.36363636363636365
GA,2025,6,41,2024-10-13,0.5454545454545454
GA,2025,7,42,2024-10-20,1.0909090909090908
GA,2025,8,43,2024-10-27,1.6363636363636365
GA,2025,9,44,2024-11-03,2.8181818181818183
GA,2025,10,45,2024-11-10,4.363636363636363
GA,2025,11,46,2024-11-17,6.363636363636363
GA,2025,12,47,2024-11-24,8.454545454545455
GA,2025,31,14,2025-04-06,12.363636363636363
GA,2025,32,15,2025-04-13,14.363636363636363
GA,2025,33,16,2025-04-20,15.727272727272727
GA,2025,34,17,2025-04-27,16.454545454545453
GA,2025,35,18,2025-05-04,17.454545454545453
GA,2025,36,19,2025-05-11,18.363636363636363
GA,2025,37,20,2025-05-18,19.272727272727273
GA,2025,38,21,2025-05-25,21.09090909090909
GA,2025,39,22,2025-06-01,23.181818181818183
GA,2025,40,23,2025-06-08,24.545454545454547
GA,2025,41,24,2025-06-15,25.09090909090909
GA,2025,42,25,2025-06-22,25.636363636363637
GA,2025,43,26,2025-06-29,25.90909090909091
GA,2026,3,38,2025-09-21,0.09090909090909091
GA,2026,4,39,2025-09-28,0.2727272727272727
GA,2026,11,46,2025-11-16,5.2727272727272725
GA,2026,12,47,2025-11-23,8.363636363636363
ID,2016,2,37,2015-09-13,1.5454545454545454
ID,2016,3,38,2015-09-20,2.6363636363636362
ID,2016,4,39,2015-09-27,4.0
ID,2016,5,40,2015-10-04,8.363636363636363
ID,2016,6,41,2015-10-11,10.272727272727273
ID,2016,7,42,2015-10-18,13.727272727272727
ID,2016,8,43,2015-10-25,14.818181818181818
ID,2016,9,44,2015-11-01,16.09090909090909
ID,2016,10,45,2015-11-08,16.90909090909091
ID,2016,11,46,2015-11-15,17.0
ID,2016,12,47,2015-11-22,17.363636363636363
ID,2016,13,48,2015-11-29,17.727272727272727
ID,2016,30,13,2016-04-03,17.727272727272727
ID,2016,31,14,2016-04-10,17.727272727272727
ID,2016,32,15,2016-04-17,17.818181818181817
ID,2016,33,16,2016-04-24,18.0
ID,2016,34,17,2016-05-01,18.09090909090909
ID,2016,35,18,2016-05-08,18.181818181818183
ID,2016,36,19,2016-05-15,18.636363636363637
ID,2016,37,20,2016-05-22,19.454545454545453
ID,2016,38,21,2016-05-29,20.454545454545453
ID,2016,39,22,2016-06-05,23.09090909090909
ID,2016,40,23,2016-06-12,24.90909090909091
ID,2016,41,24,2016-06-19,26.181818181818183
ID,2016,42,25,2016-06-26,26.363636363636363
ID,2016,43,26,2016-07-03,26.454545454545453
ID,2016,44,27,2016-07-10,26.545454545454547
ID,2016,45,28,2016-07-17,26.818181818181817
ID,2016,46,29,2016-07-24,27.272727272727273
ID,2016,47,30,2016-07-31,28.272727272727273
ID,2016,48,31,2016-08-07,31.363636363636363
ID,2016,49,32,2016-08-14,32.90909090909091
ID,2016,50,33,2016-08-21,33.18181818181818
ID,2016,51,34,2016-08-28,34.45454545454545
ID,2016,52,35,2016-09-04,35.09090909090909
ID,2017,1,36,2016-09-11,0.45454545454545453
ID,2017,2,37,2016-09-18,2.8181818181818183
ID,2017,3,38,2016-09-25,5.181818181818182
ID,2017,4,39,2016-10-02,7.181818181818182
ID,2017,5,40,2016-10-09,11.0
ID,2017,6,41,2016-10-16,13.636363636363637
ID,2017,7,42,2016-10-23,14.818181818181818
ID,2017,8,43,2016-10-30,15.454545454545455
ID,2017,9,44,2016-11-06,16.181818181818183
ID,2017,10,45,2016-11-13,17.09090909090909
ID,2017,11,46,2016-11-20,17.454545454545453
ID,2017,12,47,2016-11-27,17.818181818181817
ID,2017,31,14,2017-04-09,17.818181818181817
ID,2017,32,15,2017-04-16,17.818181818181817
ID,2017,33,16,2017-04-23,17.818181818181817
ID,2017,34,17,2017-04-30,17.90909090909091
ID,2017,35,18,2017-05-07,18.0
ID,2017,36,19,2017-05-14,18.09090909090909
ID,2017,37,20,2017-05-21,18.181818181818183
ID,2017,38,21,2017-05-28,18.454545454545453
ID,2017,39,22,2017-06-04,20.09090909090909
ID,2017,40,23,2017-06-11,20.363636363636363
ID,2017,41,24,2017-06-18,23.818181818181817
ID,2017,42,25,2017-06-25,24.636363636363637
ID,2017,43,26,2017-07-02,26.454545454545453
ID,2017,44,27,2017-07-09,26.454545454545453
ID,2017,45,28,2017-07-16,27.0
ID,2017,46,29,2017-07-23,27.454545454545453
ID,2017,47,30,2017-07-30,28.0
ID,2017,48,31,2017-08-06,31.181818181818183
ID,2017,49,32,2017-08-13,34.09090909090909
ID,2017,50,33,2017-08-20,34.72727272727273
ID,2017,51,34,2017-08-27,35.09090909090909
ID,2017,52,35,2017-09-03,35.36363636363637
ID,2018,1,36,2017-09-10,0.5454545454545454
ID,2018,2,37,2017-09-17,2.0
ID,2018,3,38,2017-09-24,3.6363636363636362
ID,2018,4,39,2017-10-01,7.090909090909091
ID,2018,5,40,2017-10-08,11.181818181818182
ID,2018,6,41,2017-10-15,12.727272727272727
ID,2018,7,42,2017-10-22,14.0
ID,2018,8,43,2017-10-29,16.545454545454547
ID,2018,9,44,2017-11-05,17.454545454545453
ID,2018,10,45,2017-11-12,17.545454545454547
ID,2018,11,46,2017-11-19,17.818181818181817
ID,2018,12,47,2017-11-26,18.0
ID,2018,31,14,2018-04-08,18.0
ID,2018,32,15,2018-04-15,18.0
ID,2018,33,16,2018-04-22,18.09090909090909
ID,2018,34,17,2018-04-29,18.181818181818183
ID,2018,35,18,2018-05-06,18.363636363636363
ID,2018,36,19,2018-05-13,18.818181818181817
ID,2018,37,20,2018-05-20,19.181818181818183
ID,2018,38,21,2018-05-27,20.818181818181817
ID,2018,39,22,2018-06-03,22.181818181818183
ID,2018,40,23,2018-06-10,24.454545454545453
ID,2018,41,24,2018-06-17,25.818181818181817
ID,2018,42,25,2018-06-24,26.636363636363637
ID,2018,43,26,2018-07-01,26.636363636363637
ID,2018,44,27,2018-07-08,26.727272727272727
ID,2018,45,28,2018-07-15,27.09090909090909
ID,2018,46,29,2018-07-22,27.727272727272727
ID,2018,47,30,2018-07-29,28.818181818181817
ID,2018,48,31,2018-08-05,31.0
ID,2018,49,32,2018-08-12,33.0
ID,2018,50,33,2018-08-19,34.72727272727273
ID,2018,51,34,2018-08-26,35.45454545454545
ID,2018,52,35,2018-09-02,35.54545454545455
ID,2019,1,36,2018-09-09,0.8181818181818182
ID,2019,2,37,2018-09-16,2.1818181818181817
ID,2019,3,38,2018-09-23,4.090909090909091
ID,2019,4,39,2018-09-30,6.090909090909091
ID,2019,5,40,2018-10-07,9.272727272727273
ID,2019,6,41,2018-10-14,12.0
ID,2019,7,42,2018-10-21,14.181818181818182
ID,2019,8,43,2018-10-28,15.909090909090908
ID,2019,9,44,2018-11-04,17.0
ID,2019,10,45,2018-11-11,17.272727272727273
ID,2019,11,46,2018-11-18,17.545454545454547
ID,2019,12,47,2018-11-25,18.09090909090909
ID,2019,31,14,2019-04-07,18.09090909090909
ID,2019,32,15,2019-04-14,18.09090909090909
ID,2019,33,16,2019-04-21,18.09090909090909
ID,2019,34,17,2019-04-28,18.181818181818183
ID,2019,35,18,2019-05-05,18.272727272727273
ID,2019,36,19,2019-05-12,18.363636363636363
ID,2019,37,20,2019-05-19,18.727272727272727
ID,2019,38,21,2019-05-26,19.0
ID,2019,39,22,2019-06-02,21.0
ID,2019,40,23,2019-06-09,22.636363636363637
ID,2019,41,24,2019-06-16,24.818181818181817
ID,2019,42,25,2019-06-23,26.181818181818183
ID,2019,43,26,2019-06-30,26.818181818181817
ID,2019,44,27,2019-07-07,26.818181818181817
ID,2019,45,28,2019-07-14,26.90909090909091
ID,2019,46,29,2019-07-21,27.0
ID,2019,47,30,2019-07-28,27.363636363636363
ID,2019,48,31,2019-08-04,28.181818181818183
ID,2019,49,32,2019-08-11,30.09090909090909
ID,2019,50,33,2019-08-18,32.27272727272727
ID,2019,51,34,2019-08-25,34.63636363636363
ID,2019,52,35,2019-09-01,26.454545454545453
ID,2020,1,36,2019-09-08,0.18181818181818182
ID,2020,2,37,2019-09-15,1.1818181818181819
ID,2020,3,38,2019-09-22,2.727272727272727
ID,2020,4,39,2019-09-29,5.0
ID,2020,5,40,2019-10-06,7.7272727272727275
ID,2020,6,41,2019-10-13,10.090909090909092
ID,2020,7,42,2019-10-20,12.090909090909092
ID,2020,8,43,2019-10-27,15.181818181818182
ID,2020,9,44,2019-11-03,16.0
ID,2020,10,45,2019-11-10,17.454545454545453
ID,2020,11,46,2019-11-17,17.727272727272727
ID,2020,12,47,2019-11-24,18.0
ID,2020,32,15,2020-04-12,18.0
ID,2020,33,16,2020-04-19,18.0
ID,2020,34,17,2020-04-26,18.0
ID,2020,35,18,2020-05-03,18.09090909090909
ID,2020,36,19,2020-05-10,18.363636363636363
ID,2020,37,20,2020-05-17,19.0
ID,2020,38,21,2020-05-24,19.272727272727273
ID,2020,39,22,2020-05-31,19.454545454545453
ID,2020,40,23,2020-06-07,21.0
ID,2020,41,24,2020-06-14,23.272727272727273
ID,2020,42,25,2020-06-21,26.363636363636363
ID,2020,43,26,2020-06-28,26.727272727272727
ID,2020,44,27,2020-07-05,26.818181818181817
ID,2020,45,28,2020-07-12,26.90909090909091
ID,2020,46,29,2020-07-19,27.272727272727273
ID,2020,47,30,2020-07-26,27.90909090909091
ID,2020,48,31,2020-08-02,28.636363636363637
ID,2020,49,32,2020-08-09,29.90909090909091
ID,2020,50,33,2020-08-16,32.18181818181818
ID,2020,51,34,2020-08-23,34.27272727272727
ID,2020,52,35,2020-08-30,26.454545454545453
ID,2021,1,36,2020-09-06,9.454545454545455
ID,2021,2,37,2020-09-13,9.818181818181818
ID,2021,3,38,2020-09-20,11.272727272727273
ID,2021,4,39,2020-09-27,13.181818181818182
ID,2021,5,40,2020-10-04,16.454545454545453
ID,2021,6,41,2020-10-11,19.727272727272727
ID,2021,7,42,2020-10-18,21.90909090909091
ID,2021,8,43,2020-10-25,23.454545454545453
ID,2021,9,44,2020-11-01,25.0
ID,2021,10,45,2020-11-08,25.90909090909091
ID,2021,11,46,2020-11-15,26.636363636363637
ID,2021,12,47,2020-11-22,26.727272727272727
ID,2021,13,48,2020-11-29,27.0
ID,2021,30,13,2021-04-04,27.0
ID,2021,31,14,2021-04-11,27.0
ID,2021,32,15,2021-04-18,27.0
ID,2021,33,16,2021-04-25,27.0
ID,2021,34,17,2021-05-02,27.09090909090909
ID,2021,35,18,2021-05-09,27.181818181818183
ID,2021,36,19,2021-05-16,27.363636363636363
ID,2021,37,20,2021-05-23,27.545454545454547
ID,2021,38,21,2021-05-30,28.727272727272727
ID,2021,39,22,2021-06-06,20.636363636363637
ID,2021,40,23,2021-06-13,23.0
ID,2021,41,24,2021-06-20,25.636363636363637
ID,2021,42,25,2021-06-27,26.09090909090909
ID,2021,43,26,2021-07-04,26.818181818181817
ID,2021,44,27,2021-07-11,27.363636363636363
ID,2021,45,28,2021-07-18,28.09090909090909
ID,2021,46,29,2021-07-25,29.363636363636363
ID,2021,47,30,2021-08-01,31.0
ID,2021,48,31,2021-08-08,33.18181818181818
ID,2021,49,32,2021-08-15,34.54545454545455
ID,2021,50,33,2021-08-22,35.36363636363637
ID,2021,51,34,2021-08-29,26.545454545454547
ID,2021,52,35,2021-09-05,27.09090909090909
ID,2022,1,36,2021-09-12,1.4545454545454546
ID,2022,2,37,2021-09-19,3.4545454545454546
ID,2022,3,38,2021-09-26,6.2727272727272725
ID,2022,4,39,2021-10-03,8.545454545454545
ID,2022,5,40,2021-10-10,12.181818181818182
ID,2022,6,41,2021-10-17,14.0
ID,2022,7,42,2021-10-24,15.272727272727273
ID,2022,8,43,2021-10-31,16.727272727272727
ID,2022,9,44,2021-11-07,17.454545454545453
ID,2022,10,45,2021-11-14,17.727272727272727
ID,2022,11,46,2021-11-21,17.90909090909091
ID,2022,12,47,2021-11-28,18.09090909090909
ID,2022,30,13,2022-04-03,18.09090909090909
ID,2022,31,14,2022-04-10,18.09090909090909
ID,2022,32,15,2022-04-17,18.09090909090909
ID,2022,33,16,2022-04-24,18.09090909090909
ID,2022,34,17,2022-05-01,18.09090909090909
ID,2022,35,18,2022-05-08,18.181818181818183
ID,2022,36,19,2022-05-15,18.363636363636363
ID,2022,37,20,2022-05-22,18.818181818181817
ID,2022,38,21,2022-05-29,19.363636363636363
ID,2022,39,22,2022-06-05,20.09090909090909
ID,2022,40,23,2022-06-12,21.0
ID,2022,41,24,2022-06-19,22.09090909090909
ID,2022,42,25,2022-06-26,24.90909090909091
ID,2022,43,26,2022-07-03,26.818181818181817
ID,2022,44,27,2022-07-10,26.818181818181817
ID,2022,45,28,2022-07-17,26.90909090909091
ID,2022,46,29,2022-07-24,27.0
ID,2022,47,30,2022-07-31,28.09090909090909
ID,2022,48,31,2022-08-07,28.636363636363637
ID,2022,49,32,2022-08-14,29.363636363636363
ID,2022,50,33,2022-08-21,30.90909090909091
ID,2022,51,34,2022-08-28,32.90909090909091
ID,2022,52,35,2022-09-04,26.09090909090909
ID,2023,1,36,2022-09-11,9.818181818181818
ID,2023,2,37,2022-09-18,10.363636363636363
ID,2023,3,38,2022-09-25,12.272727272727273
ID,2023,4,39,2022-10-02,14.090909090909092
ID,2023,5,40,2022-10-09,17.363636363636363
ID,2023,6,41,2022-10-16,19.90909090909091
ID,2023,7,42,2022-10-23,22.272727272727273
ID,2023,8,43,2022-10-30,24.181818181818183
ID,2023,9,44,2022-11-06,25.727272727272727
ID,2023,10,45,2022-11-13,26.09090909090909
ID,2023,11,46,2022-11-20,26.454545454545453
ID,2023,12,47,2022-11-27,26.636363636363637
ID,2023,30,13,2023-04-02,26.636363636363637
ID,2023,31,14,2023-04-09,26.636363636363637
ID,2023,32,15,2023-04-16,26.636363636363637
ID,2023,33,16,2023-04-23,26.636363636363637
ID,2023,34,17,2023-04-30,26.636363636363637
ID,2023,35,18,2023-05-07,26.636363636363637
ID,2023,36,19,2023-05-14,26.727272727272727
ID,2023,37,20,2023-05-21,26.818181818181817
ID,2023,38,21,2023-05-28,27.363636363636363
ID,2023,39,22,2023-06-04,20.90909090909091
ID,2023,40,23,2023-06-11,22.727272727272727
ID,2023,41,24,2023-06-18,24.181818181818183
ID,2023,42,25,2023-06-25,24.90909090909091
ID,2023,43,26,2023-07-02,26.727272727272727
ID,2023,44,27,2023-07-09,26.818181818181817
ID,2023,45,28,2023-07-16,27.181818181818183
ID,2023,46,29,2023-07-23,27.818181818181817
ID,2023,47,30,2023-07-30,28.636363636363637
ID,2023,48,31,2023-08-06,29.545454545454547
ID,2023,49,32,2023-08-13,31.181818181818183
ID,2023,50,33,2023-08-20,33.09090909090909
ID,2023,51,34,2023-08-27,25.181818181818183
ID,2023,52,35,2023-09-03,26.181818181818183
ID,2024,1,36,2023-09-10,9.818181818181818
ID,2024,2,37,2023-09-17,10.181818181818182
ID,2024,3,38,2023-09-24,10.818181818181818
ID,2024,4,39,2023-10-01,12.818181818181818
ID,2024,5,40,2023-10-08,17.09090909090909
ID,2024,6,41,2023-10-15,19.818181818181817
ID,2024,7,42,2023-10-22,22.727272727272727
ID,2024,8,43,2023-10-29,25.181818181818183
ID,2024,9,44,2023-11-05,26.454545454545453
ID,2024,10,45,2023-11-12,27.0
ID,2024,11,46,2023-11-19,27.09090909090909
ID,2024,12,47,2023-11-26,27.09090909090909
ID,2024,30,13,2024-03-31,27.09090909090909
ID,2024,31,14,2024-04-07,27.09090909090909
ID,2024,32,15,2024-04-14,27.09090909090909
ID,2024,33,16,2024-04-21,27.09090909090909
ID,2024,34,17,2024-04-28,27.09090909090909
ID,2024,35,18,2024-05-05,27.09090909090909
ID,2024,36,19,2024-05-12,27.09090909090909
ID,2024,37,20,2024-05-19,27.454545454545453
ID,2024,38,21,2024-05-26,27.818181818181817
ID,2024,39,22,2024-06-02,19.818181818181817
ID,2024,40,23,2024-06-09,22.09090909090909
ID,2024,41,24,2024-06-16,23.727272727272727
ID,2024,42,25,2024-06-23,25.454545454545453
ID,2024,43,26,2024-06-30,26.818181818181817
ID,2024,44,27,2024-07-07,26.90909090909091
ID,2024,45,28,2024-07-14,27.09090909090909
ID,2024,46,29,2024-07-21,27.454545454545453
ID,2024,47,30,2024-07-28,28.09090909090909
ID,2024,48,31,2024-08-04,29.181818181818183
ID,2024,49,32,2024-08-11,31.181818181818183
ID,2024,50,33,2024-08-18,33.36363636363637
ID,2024,51,34,2024-08-25,26.0
ID,2024,52,35,2024-09-01,26.90909090909091
ID,2025,1,36,2024-09-08,0.5454545454545454
ID,2025,2,37,2024-09-15,1.0909090909090908
ID,2025,3,38,2024-09-22,1.9090909090909092
ID,2025,4,39,2024-09-29,4.7272727272727275
ID,2025,5,40,2024-10-06,7.181818181818182
ID,2025,6,41,2024-10-13,10.545454545454545
ID,2025,7,42,2024-10-20,13.0
ID,2025,8,43,2024-10-27,14.818181818181818
ID,2025,9,44,2024-11-03,16.545454545454547
ID,2025,10,45,2024-11-10,17.181818181818183
ID,2025,11,46,2024-11-17,17.727272727272727
ID,2025,12,47,2024-11-24,18.0
ID,2025,31,14,2025-04-06,18.0
ID,2025,32,15,2025-04-13,18.0
ID,2025,33,16,2025-04-20,18.0
ID,2025,34,17,2025-04-27,18.0
ID,2025,35,18,2025-05-04,18.0
ID,2025,36,19,2025-05-11,18.09090909090909
ID,2025,37,20,2025-05-18,18.272727272727273
ID,2025,38,21,2025-05-25,19.454545454545453
ID,2025,39,22,2025-06-01,21.272727272727273
ID,2025,40,23,2025-06-08,23.0
ID,2025,41,24,2025-06-15,24.363636363636363
ID,2025,42,25,2025-06-22,26.454545454545453
ID,2025,43,26,2025-06-29,26.818181818181817
ID,2025,44,27,2025-07-06,27.0
ID,2025,45,28,2025-07-13,27.181818181818183
ID,2025,46,29,2025-07-20,27.90909090909091
ID,2025,47,30,2025-07-27,28.545454545454547
ID,2025,48,31,2025-08-03,29.818181818181817
ID,2025,49,32,2025-08-10,31.363636363636363
ID,2025,50,33,2025-08-17,33.36363636363637
ID,2025,51,34,2025-08-24,26.09090909090909
ID,2025,52,35,2025-08-31,26.636363636363637
ID,2026,1,36,2025-09-07,0.45454545454545453
ID,2026,2,37,2025-09-14,1.1818181818181819
ID,2026,3,38,2025-09-21,2.4545454545454546
ID,2026,4,39,2025-09-28,4.545454545454546
ID,2026,11,46,2025-11-16,17.727272727272727
ID,2026,12,47,2025-11-23,18.0
IL,2016,1,36,2015-09-06,0.0
IL,2016,2,37,2015-09-13,0.0
IL,2016,3,38,2015-09-20,0.2727272727272727
IL,2016,4,39,2015-09-27,0.36363636363636365
IL,2016,5,40,2015-10-04,2.4545454545454546
IL,2016,6,41,2015-10-11,4.909090909090909
IL,2016,7,42,2015-10-18,8.727272727272727
IL,2016,8,43,2015-10-25,12.636363636363637
IL,2016,9,44,2015-11-01,14.363636363636363
IL,2016,10,45,2015-11-08,16.545454545454547
IL,2016,11,46,2015-11-15,17.272727272727273
IL,2016,12,47,2015-11-22,17.727272727272727
IL,2016,13,48,2015-11-29,18.181818181818183
IL,2016,31,14,2016-04-10,18.272727272727273
IL,2016,32,15,2016-04-17,18.272727272727273
IL,2016,33,16,2016-04-24,18.363636363636363
IL,2016,34,17,2016-05-01,20.818181818181817
IL,2016,35,18,2016-05-08,24.09090909090909
IL,2016,36,19,2016-05-15,25.454545454545453
IL,2016,37,20,2016-05-22,26.181818181818183
IL,2016,38,21,2016-05-29,26.727272727272727
IL,2016,39,22,2016-06-05,27.09090909090909
IL,2016,40,23,2016-06-12,27.363636363636363
IL,2016,41,24,2016-06-19,30.727272727272727
IL,2016,42,25,2016-06-26,34.18181818181818
IL,2016,43,26,2016-07-03,35.45454545454545
IL,2016,44,27,2016-07-10,35.90909090909091
IL,2016,45,28,2016-07-17,36.09090909090909
IL,2016,46,29,2016-07-24,36.27272727272727
IL,2016,47,30,2016-07-31,36.27272727272727
IL,2016,48,31,2016-08-07,36.36363636363637
IL,2016,49,32,2016-08-14,36.36363636363637
IL,2017,1,36,2016-09-11,0.0
IL,2017,2,37,2016-09-18,0.0
IL,2017,3,38,2016-09-25,0.09090909090909091
IL,2017,4,39,2016-10-02,0.5454545454545454
IL,2017,5,40,2016-10-09,2.090909090909091
IL,2017,6,41,2016-10-16,5.181818181818182
IL,2017,7,42,2016-10-23,9.636363636363637
IL,2017,8,43,2016-10-30,13.454545454545455
IL,2017,9,44,2016-11-06,15.545454545454545
IL,2017,10,45,2016-11-13,16.363636363636363
IL,2017,11,46,2016-11-20,17.272727272727273
IL,2017,12,47,2016-11-27,17.818181818181817
IL,2017,31,14,2017-04-09,18.0
IL,2017,32,15,2017-04-16,18.09090909090909
IL,2017,33,16,2017-04-23,20.363636363636363
IL,2017,34,17,2017-04-30,23.90909090909091
IL,2017,35,18,2017-05-07,24.90909090909091
IL,2017,36,19,2017-05-14,25.636363636363637
IL,2017,37,20,2017-05-21,26.363636363636363
IL,2017,38,21,2017-05-28,26.727272727272727
IL,2017,39,22,2017-06-04,27.0
IL,2017,40,23,2017-06-11,29.09090909090909
IL,2017,41,24,2017-06-18,32.81818181818182
IL,2017,42,25,2017-06-25,34.0
IL,2017,43,26,2017-07-02,35.09090909090909
IL,2017,44,27,2017-07-09,35.54545454545455
IL,2017,45,28,2017-07-16,36.0
IL,2017,46,29,2017-07-23,36.0
IL,2017,47,30,2017-07-30,36.0
IL,2017,48,31,2017-08-06,36.0
IL,2017,49,32,2017-08-13,36.0
IL,2018,1,36,2017-09-10,0.0
IL,2018,2,37,2017-09-17,0.0
IL,2018,3,38,2017-09-24,0.0
IL,2018,4,39,2017-10-01,0.8181818181818182
IL,2018,5,40,2017-10-08,2.8181818181818183
IL,2018,6,41,2017-10-15,5.818181818181818
IL,2018,7,42,2017-10-22,9.818181818181818
IL,2018,8,43,2017-10-29,11.818181818181818
IL,2018,9,44,2017-11-05,14.818181818181818
IL,2018,10,45,2017-11-12,16.363636363636363
IL,2018,11,46,2017-11-19,17.0
IL,2018,12,47,2017-11-26,17.272727272727273
IL,2018,30,13,2018-04-01,17.454545454545453
IL,2018,31,14,2018-04-08,17.545454545454547
IL,2018,32,15,2018-04-15,17.545454545454547
IL,2018,33,16,2018-04-22,17.636363636363637
IL,2018,34,17,2018-04-29,17.727272727272727
IL,2018,35,18,2018-05-06,18.545454545454547
IL,2018,36,19,2018-05-13,21.636363636363637
IL,2018,37,20,2018-05-20,24.0
IL,2018,38,21,2018-05-27,25.727272727272727
IL,2018,39,22,2018-06-03,26.181818181818183
IL,2018,40,23,2018-06-10,26.454545454545453
IL,2018,41,24,2018-06-17,29.09090909090909
IL,2018,42,25,2018-06-24,32.36363636363637
IL,2018,43,26,2018-07-01,33.90909090909091
IL,2018,44,27,2018-07-08,34.72727272727273
IL,2018,45,28,2018-07-15,35.18181818181818
IL,2018,46,29,2018-07-22,35.45454545454545
IL,2018,47,30,2018-07-29,35.45454545454545
IL,2018,48,31,2018-08-05,35.45454545454545
IL,2018,49,32,2018-08-12,35.45454545454545
IL,2018,50,33,2018-08-19,35.45454545454545
IL,2019,1,36,2018-09-09,0.0
IL,2019,2,37,2018-09-16,0.0
IL,2019,3,38,2018-09-23,0.18181818181818182
IL,2019,4,39,2018-09-30,0.7272727272727273
IL,2019,5,40,2018-10-07,2.272727272727273
IL,2019,6,41,2018-10-14,4.636363636363637
IL,2019,7,42,2018-10-21,7.454545454545454
IL,2019,8,43,2018-10-28,11.272727272727273
IL,2019,9,44,2018-11-04,13.727272727272727
IL,2019,10,45,2018-11-11,14.909090909090908
IL,2019,11,46,2018-11-18,16.272727272727273
IL,2019,12,47,2018-11-25,16.90909090909091
IL,2019,30,13,2019-03-31,16.90909090909091
IL,2019,31,14,2019-04-07,17.0
IL,2019,32,15,2019-04-14,17.0
IL,2019,33,16,2019-04-21,17.09090909090909
IL,2019,34,17,2019-04-28,17.181818181818183
IL,2019,35,18,2019-05-05,17.727272727272727
IL,2019,36,19,2019-05-12,20.09090909090909
IL,2019,37,20,2019-05-19,22.727272727272727
IL,2019,38,21,2019-05-26,24.0
IL,2019,39,22,2019-06-02,24.818181818181817
IL,2019,40,23,2019-06-09,25.363636363636363
IL,2019,41,24,2019-06-16,26.272727272727273
IL,2019,42,25,2019-06-23,27.363636363636363
IL,2019,43,26,2019-06-30,30.272727272727273
IL,2019,44,27,2019-07-07,32.72727272727273
IL,2019,45,28,2019-07-14,34.18181818181818
IL,2019,46,29,2019-07-21,34.54545454545455
IL,2019,47,30,2019-07-28,34.90909090909091
IL,2019,48,31,2019-08-04,35.09090909090909
IL,2019,49,32,2019-08-11,35.09090909090909
IL,2019,50,33,2019-08-18,35.09090909090909
IL,2019,51,34,2019-08-25,35.09090909090909
IL,2020,2,37,2019-09-15,0.0
IL,2020,3,38,2019-09-22,0.09090909090909091
IL,2020,4,39,2019-09-29,0.36363636363636365
IL,2020,5,40,2019-10-06,2.0
IL,2020,6,41,2019-10-13,4.636363636363637
IL,2020,7,42,2019-10-20,8.454545454545455
IL,2020,8,43,2019-10-27,11.090909090909092
IL,2020,9,44,2019-11-03,13.0
IL,2020,10,45,2019-11-10,15.272727272727273
IL,2020,11,46,2019-11-17,16.727272727272727
IL,2020,12,47,2019-11-24,17.272727272727273
IL,2020,31,14,2020-04-05,17.272727272727273
IL,2020,32,15,2020-04-12,17.363636363636363
IL,2020,33,16,2020-04-19,17.454545454545453
IL,2020,34,17,2020-04-26,17.818181818181817
IL,2020,35,18,2020-05-03,19.09090909090909
IL,2020,36,19,2020-05-10,21.0
IL,2020,37,20,2020-05-17,23.363636363636363
IL,2020,38,21,2020-05-24,24.727272727272727
IL,2020,39,22,2020-05-31,25.09090909090909
IL,2020,40,23,2020-06-07,25.727272727272727
IL,2020,41,24,2020-06-14,26.363636363636363
IL,2020,42,25,2020-06-21,28.727272727272727
IL,2020,43,26,2020-06-28,32.09090909090909
IL,2020,44,27,2020-07-05,33.81818181818182
IL,2020,45,28,2020-07-12,34.45454545454545
IL,2020,46,29,2020-07-19,34.90909090909091
IL,2020,47,30,2020-07-26,35.18181818181818
IL,2020,48,31,2020-08-02,35.36363636363637
IL,2020,49,32,2020-08-09,35.45454545454545
IL,2020,50,33,2020-08-16,35.45454545454545
IL,2020,51,34,2020-08-23,35.45454545454545
IL,2021,1,36,2020-09-06,0.0
IL,2021,2,37,2020-09-13,0.0
IL,2021,3,38,2020-09-20,0.0
IL,2021,4,39,2020-09-27,0.7272727272727273
IL,2021,5,40,2020-10-04,3.4545454545454546
IL,2021,6,41,2020-10-11,5.545454545454546
IL,2021,7,42,2020-10-18,8.909090909090908
IL,2021,8,43,2020-10-25,13.272727272727273
IL,2021,9,44,2020-11-01,16.0
IL,2021,10,45,2020-11-08,17.0
IL,2021,11,46,2020-11-15,17.363636363636363
IL,2021,12,47,2020-11-22,17.727272727272727
IL,2021,13,48,2020-11-29,18.0
IL,2021,30,13,2021-04-04,18.181818181818183
IL,2021,31,14,2021-04-11,18.272727272727273
IL,2021,32,15,2021-04-18,18.454545454545453
IL,2021,33,16,2021-04-25,19.727272727272727
IL,2021,34,17,2021-05-02,19.90909090909091
IL,2021,35,18,2021-05-09,23.272727272727273
IL,2021,36,19,2021-05-16,25.727272727272727
IL,2021,37,20,2021-05-23,26.181818181818183
IL,2021,38,21,2021-05-30,26.636363636363637
IL,2021,39,22,2021-06-06,26.727272727272727
IL,2021,40,23,2021-06-13,27.0
IL,2021,41,24,2021-06-20,28.181818181818183
IL,2021,42,25,2021-06-27,32.81818181818182
IL,2021,43,26,2021-07-04,35.0
IL,2021,44,27,2021-07-11,35.72727272727273
IL,2021,45,28,2021-07-18,35.90909090909091
IL,2021,46,29,2021-07-25,36.09090909090909
IL,2021,47,30,2021-08-01,36.09090909090909
IL,2021,48,31,2021-08-08,36.18181818181818
IL,2021,52,35,2021-09-05,27.181818181818183
IL,2022,1,36,2021-09-12,0.0
IL,2022,2,37,2021-09-19,0.0
IL,2022,3,38,2021-09-26,0.18181818181818182
IL,2022,4,39,2021-10-03,1.1818181818181819
IL,2022,5,40,2021-10-10,2.5454545454545454
IL,2022,6,41,2021-10-17,7.7272727272727275
IL,2022,7,42,2021-10-24,10.454545454545455
IL,2022,8,43,2021-10-31,11.181818181818182
IL,2022,9,44,2021-11-07,12.636363636363637
IL,2022,10,45,2021-11-14,14.272727272727273
IL,2022,11,46,2021-11-21,15.0
IL,2022,12,47,2021-11-28,17.272727272727273
IL,2022,30,13,2022-04-03,17.272727272727273
IL,2022,31,14,2022-04-10,17.636363636363637
IL,2022,32,15,2022-04-17,17.636363636363637
IL,2022,33,16,2022-04-24,17.727272727272727
IL,2022,34,17,2022-05-01,18.363636363636363
IL,2022,35,18,2022-05-08,19.0
IL,2022,36,19,2022-05-15,22.454545454545453
IL,2022,37,20,2022-05-22,23.727272727272727
IL,2022,38,21,2022-05-29,25.545454545454547
IL,2022,39,22,2022-06-05,26.09090909090909
IL,2022,40,23,2022-06-12,26.454545454545453
IL,2022,41,24,2022-06-19,28.0
IL,2022,42,25,2022-06-26,32.36363636363637
IL,2022,43,26,2022-07-03,34.27272727272727
IL,2022,44,27,2022-07-10,34.72727272727273
IL,2022,45,28,2022-07-17,35.09090909090909
IL,2022,46,29,2022-07-24,35.18181818181818
IL,2022,47,30,2022-07-31,35.36363636363637
IL,2022,48,31,2022-08-07,35.45454545454545
IL,2022,49,32,2022-08-14,35.45454545454545
IL,2022,50,33,2022-08-21,35.45454545454545
IL,2022,52,35,2022-09-04,26.545454545454547
IL,2023,1,36,2022-09-11,0.0
IL,2023,2,37,2022-09-18,0.0
IL,2023,3,38,2022-09-25,0.09090909090909091
IL,2023,4,39,2022-10-02,0.36363636363636365
IL,2023,5,40,2022-10-09,1.6363636363636365
IL,2023,6,41,2022-10-16,4.2727272727272725
IL,2023,7,42,2022-10-23,7.636363636363637
IL,2023,8,43,2022-10-30,9.636363636363637
IL,2023,9,44,2022-11-06,12.727272727272727
IL,2023,10,45,2022-11-13,15.363636363636363
IL,2023,11,46,2022-11-20,15.909090909090908
IL,2023,12,47,2022-11-27,16.363636363636363
IL,2023,30,13,2023-04-02,16.363636363636363
IL,2023,31,14,2023-04-09,16.454545454545453
IL,2023,32,15,2023-04-16,16.636363636363637
IL,2023,33,16,2023-04-23,17.0
IL,2023,34,17,2023-04-30,17.727272727272727
IL,2023,35,18,2023-05-07,19.90909090909091
IL,2023,36,19,2023-05-14,23.09090909090909
IL,2023,37,20,2023-05-21,24.0
IL,2023,38,21,2023-05-28,24.818181818181817
IL,2023,39,22,2023-06-04,25.272727272727273
IL,2023,40,23,2023-06-11,25.363636363636363
IL,2023,41,24,2023-06-18,26.545454545454547
IL,2023,42,25,2023-06-25,29.90909090909091
IL,2023,43,26,2023-07-02,32.90909090909091
IL,2023,44,27,2023-07-09,33.45454545454545
IL,2023,45,28,2023-07-16,34.09090909090909
IL,2023,46,29,2023-07-23,34.27272727272727
IL,2023,47,30,2023-07-30,34.45454545454545
IL,2023,48,31,2023-08-06,34.54545454545455
IL,2023,49,32,2023-08-13,34.54545454545455
IL,2023,50,33,2023-08-20,34.54545454545455
IL,2023,52,35,2023-09-03,25.818181818181817
IL,2024,1,36,2023-09-10,0.0
IL,2024,2,37,2023-09-17,0.7272727272727273
IL,2024,3,38,2023-09-24,0.9090909090909091
IL,2024,4,39,2023-10-01,1.3636363636363635
IL,2024,5,40,2023-10-08,3.1818181818181817
IL,2024,6,41,2023-10-15,5.636363636363637
IL,2024,7,42,2023-10-22,9.909090909090908
IL,2024,8,43,2023-10-29,13.909090909090908
IL,2024,9,44,2023-11-05,15.636363636363637
IL,2024,10,45,2023-11-12,16.454545454545453
IL,2024,11,46,2023-11-19,17.0
IL,2024,12,47,2023-11-26,17.272727272727273
IL,2024,30,13,2024-03-31,17.272727272727273
IL,2024,31,14,2024-04-07,17.454545454545453
IL,2024,32,15,2024-04-14,17.727272727272727
IL,2024,33,16,2024-04-21,18.272727272727273
IL,2024,34,17,2024-04-28,18.727272727272727
IL,2024,35,18,2024-05-05,23.181818181818183
IL,2024,36,19,2024-05-12,24.818181818181817
IL,2024,37,20,2024-05-19,25.454545454545453
IL,2024,38,21,2024-05-26,25.727272727272727
IL,2024,39,22,2024-06-02,26.0
IL,2024,40,23,2024-06-09,26.727272727272727
IL,2024,41,24,2024-06-16,31.181818181818183
IL,2024,42,25,2024-06-23,32.90909090909091
IL,2024,43,26,2024-06-30,34.45454545454545
IL,2024,44,27,2024-07-07,34.81818181818182
IL,2024,45,28,2024-07-14,35.09090909090909
IL,2024,46,29,2024-07-21,35.27272727272727
IL,2024,47,30,2024-07-28,35.45454545454545
IL,2024,48,31,2024-08-04,35.45454545454545
IL,2024,49,32,2024-08-11,35.45454545454545
IL,2024,50,33,2024-08-18,35.45454545454545
IL,2024,52,35,2024-09-01,26.636363636363637
IL,2025,1,36,2024-09-08,0.0
IL,2025,2,37,2024-09-15,0.0
IL,2025,3,38,2024-09-22,0.5454545454545454
IL,2025,4,39,2024-09-29,1.1818181818181819
IL,2025,5,40,2024-10-06,2.1818181818181817
IL,2025,6,41,2024-10-13,3.8181818181818183
IL,2025,7,42,2024-10-20,8.454545454545455
IL,2025,8,43,2024-10-27,12.727272727272727
IL,2025,9,44,2024-11-03,14.636363636363637
IL,2025,10,45,2024-11-10,16.272727272727273
IL,2025,11,46,2024-11-17,17.0
IL,2025,12,47,2024-11-24,17.454545454545453
IL,2025,31,14,2025-04-06,17.454545454545453
IL,2025,32,15,2025-04-13,17.545454545454547
IL,2025,33,16,2025-04-20,17.90909090909091
IL,2025,34,17,2025-04-27,18.90909090909091
IL,2025,35,18,2025-05-04,19.545454545454547
IL,2025,36,19,2025-05-11,21.636363636363637
IL,2025,37,20,2025-05-18,23.181818181818183
IL,2025,38,21,2025-05-25,24.0
IL,2025,39,22,2025-06-01,26.0
IL,2025,40,23,2025-06-08,26.363636363636363
IL,2025,41,24,2025-06-15,26.545454545454547
IL,2025,42,25,2025-06-22,28.09090909090909
IL,2025,43,26,2025-06-29,32.81818181818182
IL,2025,44,27,2025-07-06,34.45454545454545
IL,2025,45,28,2025-07-13,35.0
IL,2025,46,29,2025-07-20,35.45454545454545
IL,2025,47,30,2025-07-27,35.54545454545455
IL,2025,48,31,2025-08-03,35.63636363636363
IL,2025,49,32,2025-08-10,35.63636363636363
IL,2025,50,33,2025-08-17,35.63636363636363
IL,2025,51,34,2025-08-24,35.63636363636363
IL,2026,1,36,2025-09-07,0.0
IL,2026,2,37,2025-09-14,0.18181818181818182
IL,2026,3,38,2025-09-21,0.5454545454545454
IL,2026,4,39,2025-09-28,1.1818181818181819
IL,2026,11,46,2025-11-16,15.090909090909092
IL,2026,12,47,2025-11-23,16.818181818181817
IN,2016,1,36,2015-09-06,0.0
IN,2016,2,37,2015-09-13,0.09090909090909091
IN,2016,3,38,2015-09-20,0.2727272727272727
IN,2016,4,39,2015-09-27,1.0909090909090908
IN,2016,5,40,2015-10-04,2.909090909090909
IN,2016,6,41,2015-10-11,5.818181818181818
IN,2016,7,42,2015-10-18,10.0
IN,2016,8,43,2015-10-25,13.0
IN,2016,9,44,2015-11-01,15.636363636363637
IN,2016,10,45,2015-11-08,16.727272727272727
IN,2016,11,46,2015-11-15,17.545454545454547
IN,2016,12,47,2015-11-22,17.90909090909091
IN,2016,13,48,2015-11-29,18.181818181818183
IN,2016,30,13,2016-04-03,19.181818181818183
IN,2016,31,14,2016-04-10,20.90909090909091
IN,2016,32,15,2016-04-17,22.454545454545453
IN,2016,33,16,2016-04-24,24.727272727272727
IN,2016,34,17,2016-05-01,26.818181818181817
IN,2016,35,18,2016-05-08,29.181818181818183
IN,2016,36,19,2016-05-15,31.545454545454547
IN,2016,37,20,2016-05-22,33.63636363636363
IN,2016,38,21,2016-05-29,35.18181818181818
IN,2016,39,22,2016-06-05,36.0
IN,2016,40,23,2016-06-12,38.90909090909091
IN,2016,41,24,2016-06-19,42.63636363636363
IN,2016,42,25,2016-06-26,46.36363636363637
IN,2016,43,26,2016-07-03,50.0
IN,2016,44,27,2016-07-10,52.27272727272727
IN,2016,45,28,2016-07-17,53.45454545454545
IN,2016,46,29,2016-07-24,53.72727272727273
IN,2016,47,30,2016-07-31,53.81818181818182
IN,2016,48,31,2016-08-07,53.81818181818182
IN,2016,49,32,2016-08-14,53.81818181818182
IN,2016,50,33,2016-08-21,53.81818181818182
IN,2016,52,35,2016-09-04,44.81818181818182
IN,2017,1,36,2016-09-11,0.18181818181818182
IN,2017,2,37,2016-09-18,0.2727272727272727
IN,2017,3,38,2016-09-25,0.5454545454545454
IN,2017,4,39,2016-10-02,1.3636363636363635
IN,2017,5,40,2016-10-09,3.3636363636363638
IN,2017,6,41,2016-10-16,6.2727272727272725
IN,2017,7,42,2016-10-23,10.272727272727273
IN,2017,8,43,2016-10-30,13.181818181818182
IN,2017,9,44,2016-11-06,15.272727272727273
IN,2017,10,45,2016-11-13,16.454545454545453
IN,2017,11,46,2016-11-20,17.363636363636363
IN,2017,12,47,2016-11-27,17.727272727272727
IN,2017,31,14,2017-04-09,17.727272727272727
IN,2017,32,15,2017-04-16,21.272727272727273
IN,2017,33,16,2017-04-23,24.0
IN,2017,34,17,2017-04-30,27.0
IN,2017,35,18,2017-05-07,29.272727272727273
IN,2017,36,19,2017-05-14,30.90909090909091
IN,2017,37,20,2017-05-21,33.54545454545455
IN,2017,38,21,2017-05-28,35.0
IN,2017,39,22,2017-06-04,37.27272727272727
IN,2017,40,23,2017-06-11,40.36363636363637
IN,2017,41,24,2017-06-18,43.81818181818182
IN,2017,42,25,2017-06-25,46.45454545454545
IN,2017,43,26,2017-07-02,49.0
IN,2017,44,27,2017-07-09,51.45454545454545
IN,2017,45,28,2017-07-16,52.72727272727273
IN,2017,46,29,2017-07-23,53.27272727272727
IN,2017,47,30,2017-07-30,53.54545454545455
IN,2017,48,31,2017-08-06,53.63636363636363
IN,2017,49,32,2017-08-13,53.63636363636363
IN,2018,1,36,2017-09-10,0.0
IN,2018,2,37,2017-09-17,0.18181818181818182
IN,2018,3,38,2017-09-24,0.36363636363636365
IN,2018,4,39,2017-10-01,1.0
IN,2018,5,40,2017-10-08,3.0
IN,2018,6,41,2017-10-15,6.0
IN,2018,7,42,2017-10-22,9.636363636363637
IN,2018,8,43,2017-10-29,12.363636363636363
IN,2018,9,44,2017-11-05,14.0
IN,2018,10,45,2017-11-12,15.363636363636363
IN,2018,11,46,2017-11-19,16.181818181818183
IN,2018,12,47,2017-11-26,17.363636363636363
IN,2018,30,13,2018-04-01,17.545454545454547
IN,2018,31,14,2018-04-08,18.454545454545453
IN,2018,32,15,2018-04-15,19.181818181818183
IN,2018,33,16,2018-04-22,20.636363636363637
IN,2018,34,17,2018-04-29,22.636363636363637
IN,2018,35,18,2018-05-06,24.09090909090909
IN,2018,36,19,2018-05-13,26.727272727272727
IN,2018,37,20,2018-05-20,30.0
IN,2018,38,21,2018-05-27,32.90909090909091
IN,2018,39,22,2018-06-03,34.81818181818182
IN,2018,40,23,2018-06-10,37.45454545454545
IN,2018,41,24,2018-06-17,40.45454545454545
IN,2018,42,25,2018-06-24,45.09090909090909
IN,2018,43,26,2018-07-01,48.09090909090909
IN,2018,44,27,2018-07-08,51.45454545454545
IN,2018,45,28,2018-07-15,53.0
IN,2018,46,29,2018-07-22,53.36363636363637
IN,2018,47,30,2018-07-29,53.54545454545455
IN,2018,48,31,2018-08-05,53.54545454545455
IN,2018,49,32,2018-08-12,53.54545454545455
IN,2018,50,33,2018-08-19,53.54545454545455
IN,2018,52,35,2018-09-02,44.45454545454545
IN,2019,1,36,2018-09-09,0.09090909090909091
IN,2019,2,37,2018-09-16,0.36363636363636365
IN,2019,3,38,2018-09-23,0.8181818181818182
IN,2019,4,39,2018-09-30,1.6363636363636365
IN,2019,5,40,2018-10-07,3.727272727272727
IN,2019,6,41,2018-10-14,6.7272727272727275
IN,2019,7,42,2018-10-21,10.181818181818182
IN,2019,8,43,2018-10-28,12.727272727272727
IN,2019,9,44,2018-11-04,14.454545454545455
IN,2019,10,45,2018-11-11,15.545454545454545
IN,2019,11,46,2018-11-18,16.272727272727273
IN,2019,12,47,2018-11-25,17.181818181818183
IN,2019,31,14,2019-04-07,17.545454545454547
IN,2019,32,15,2019-04-14,19.181818181818183
IN,2019,33,16,2019-04-21,20.818181818181817
IN,2019,34,17,2019-04-28,22.0
IN,2019,35,18,2019-05-05,23.90909090909091
IN,2019,36,19,2019-05-12,26.272727272727273
IN,2019,37,20,2019-05-19,27.90909090909091
IN,2019,38,21,2019-05-26,30.0
IN,2019,39,22,2019-06-02,32.27272727272727
IN,2019,40,23,2019-06-09,34.63636363636363
IN,2019,41,24,2019-06-16,37.63636363636363
IN,2019,42,25,2019-06-23,40.36363636363637
IN,2019,43,26,2019-06-30,44.90909090909091
IN,2019,44,27,2019-07-07,47.63636363636363
IN,2019,45,28,2019-07-14,51.27272727272727
IN,2019,46,29,2019-07-21,52.81818181818182
IN,2019,47,30,2019-07-28,53.18181818181818
IN,2019,48,31,2019-08-04,53.54545454545455
IN,2019,49,32,2019-08-11,53.54545454545455
IN,2019,50,33,2019-08-18,53.54545454545455
IN,2019,51,34,2019-08-25,53.54545454545455
IN,2020,2,37,2019-09-15,0.0
IN,2020,3,38,2019-09-22,0.18181818181818182
IN,2020,4,39,2019-09-29,0.6363636363636364
IN,2020,5,40,2019-10-06,1.8181818181818181
IN,2020,6,41,2019-10-13,4.181818181818182
IN,2020,7,42,2019-10-20,8.090909090909092
IN,2020,8,43,2019-10-27,11.454545454545455
IN,2020,9,44,2019-11-03,13.818181818181818
IN,2020,10,45,2019-11-10,15.363636363636363
IN,2020,11,46,2019-11-17,16.0
IN,2020,12,47,2019-11-24,16.818181818181817
IN,2020,32,15,2020-04-12,17.454545454545453
IN,2020,33,16,2020-04-19,19.181818181818183
IN,2020,34,17,2020-04-26,20.636363636363637
IN,2020,35,18,2020-05-03,22.818181818181817
IN,2020,36,19,2020-05-10,25.818181818181817
IN,2020,37,20,2020-05-17,28.09090909090909
IN,2020,38,21,2020-05-24,29.90909090909091
IN,2020,39,22,2020-05-31,32.27272727272727
IN,2020,40,23,2020-06-07,34.90909090909091
IN,2020,41,24,2020-06-14,37.45454545454545
IN,2020,42,25,2020-06-21,40.81818181818182
IN,2020,43,26,2020-06-28,43.36363636363637
IN,2020,44,27,2020-07-05,47.63636363636363
IN,2020,45,28,2020-07-12,51.54545454545455
IN,2020,46,29,2020-07-19,52.81818181818182
IN,2020,47,30,2020-07-26,53.18181818181818
IN,2020,48,31,2020-08-02,53.18181818181818
IN,2020,49,32,2020-08-09,53.18181818181818
IN,2020,50,33,2020-08-16,53.18181818181818
IN,2020,51,34,2020-08-23,53.18181818181818
IN,2021,1,36,2020-09-06,0.0
IN,2021,2,37,2020-09-13,0.09090909090909091
IN,2021,3,38,2020-09-20,0.5454545454545454
IN,2021,4,39,2020-09-27,1.1818181818181819
IN,2021,5,40,2020-10-04,2.4545454545454546
IN,2021,6,41,2020-10-11,5.0
IN,2021,7,42,2020-10-18,8.454545454545455
IN,2021,8,43,2020-10-25,11.818181818181818
IN,2021,9,44,2020-11-01,14.0
IN,2021,10,45,2020-11-08,15.454545454545455
IN,2021,11,46,2020-11-15,16.454545454545453
IN,2021,12,47,2020-11-22,17.363636363636363
IN,2021,13,48,2020-11-29,17.727272727272727
IN,2021,30,13,2021-04-04,18.454545454545453
IN,2021,31,14,2021-04-11,20.09090909090909
IN,2021,32,15,2021-04-18,21.545454545454547
IN,2021,33,16,2021-04-25,22.545454545454547
IN,2021,34,17,2021-05-02,24.272727272727273
IN,2021,35,18,2021-05-09,26.90909090909091
IN,2021,36,19,2021-05-16,28.545454545454547
IN,2021,37,20,2021-05-23,30.818181818181817
IN,2021,38,21,2021-05-30,33.18181818181818
IN,2021,39,22,2021-06-06,36.63636363636363
IN,2021,40,23,2021-06-13,38.09090909090909
IN,2021,41,24,2021-06-20,42.09090909090909
IN,2021,42,25,2021-06-27,45.36363636363637
IN,2021,43,26,2021-07-04,48.45454545454545
IN,2021,44,27,2021-07-11,51.90909090909091
IN,2021,45,28,2021-07-18,53.0
IN,2021,46,29,2021-07-25,53.72727272727273
IN,2021,47,30,2021-08-01,54.09090909090909
IN,2021,48,31,2021-08-08,54.09090909090909
IN,2021,49,32,2021-08-15,54.09090909090909
IN,2021,50,33,2021-08-22,54.09090909090909
IN,2021,52,35,2021-09-05,45.0
IN,2022,1,36,2021-09-12,0.36363636363636365
IN,2022,2,37,2021-09-19,0.5454545454545454
IN,2022,3,38,2021-09-26,1.2727272727272727
IN,2022,4,39,2021-10-03,2.6363636363636362
IN,2022,5,40,2021-10-10,4.090909090909091
IN,2022,6,41,2021-10-17,6.363636363636363
IN,2022,7,42,2021-10-24,9.454545454545455
IN,2022,8,43,2021-10-31,11.636363636363637
IN,2022,9,44,2021-11-07,13.636363636363637
IN,2022,10,45,2021-11-14,15.181818181818182
IN,2022,11,46,2021-11-21,16.454545454545453
IN,2022,12,47,2021-11-28,17.363636363636363
IN,2022,30,13,2022-04-03,17.818181818181817
IN,2022,31,14,2022-04-10,18.636363636363637
IN,2022,32,15,2022-04-17,19.454545454545453
IN,2022,33,16,2022-04-24,20.545454545454547
IN,2022,34,17,2022-05-01,22.181818181818183
IN,2022,35,18,2022-05-08,23.545454545454547
IN,2022,36,19,2022-05-15,26.181818181818183
IN,2022,37,20,2022-05-22,29.0
IN,2022,38,21,2022-05-29,31.727272727272727
IN,2022,39,22,2022-06-05,34.54545454545455
IN,2022,40,23,2022-06-12,36.54545454545455
IN,2022,41,24,2022-06-19,40.45454545454545
IN,2022,42,25,2022-06-26,45.63636363636363
IN,2022,43,26,2022-07-03,49.63636363636363
IN,2022,44,27,2022-07-10,52.0
IN,2022,45,28,2022-07-17,53.27272727272727
IN,2022,46,29,2022-07-24,53.72727272727273
IN,2022,47,30,2022-07-31,53.72727272727273
IN,2022,48,31,2022-08-07,53.72727272727273
IN,2022,49,32,2022-08-14,53.72727272727273
IN,2022,50,33,2022-08-21,53.72727272727273
IN,2022,52,35,2022-09-04,44.63636363636363
IN,2023,1,36,2022-09-11,0.0
IN,2023,2,37,2022-09-18,0.18181818181818182
IN,2023,3,38,2022-09-25,0.36363636363636365
IN,2023,4,39,2022-10-02,1.2727272727272727
IN,2023,5,40,2022-10-09,2.909090909090909
IN,2023,6,41,2022-10-16,5.2727272727272725
IN,2023,7,42,2022-10-23,8.090909090909092
IN,2023,8,43,2022-10-30,11.181818181818182
IN,2023,9,44,2022-11-06,13.909090909090908
IN,2023,10,45,2022-11-13,15.727272727272727
IN,2023,11,46,2022-11-20,16.818181818181817
IN,2023,12,47,2022-11-27,17.545454545454547
IN,2023,30,13,2023-04-02,18.09090909090909
IN,2023,31,14,2023-04-09,19.0
IN,2023,32,15,2023-04-16,21.0
IN,2023,33,16,2023-04-23,22.454545454545453
IN,2023,34,17,2023-04-30,24.363636363636363
IN,2023,35,18,2023-05-07,26.272727272727273
IN,2023,36,19,2023-05-14,28.545454545454547
IN,2023,37,20,2023-05-21,30.818181818181817
IN,2023,38,21,2023-05-28,33.36363636363637
IN,2023,39,22,2023-06-04,35.45454545454545
IN,2023,40,23,2023-06-11,38.0
IN,2023,41,24,2023-06-18,41.90909090909091
IN,2023,42,25,2023-06-25,45.09090909090909
IN,2023,43,26,2023-07-02,47.18181818181818
IN,2023,44,27,2023-07-09,50.18181818181818
IN,2023,45,28,2023-07-16,52.90909090909091
IN,2023,46,29,2023-07-23,53.54545454545455
IN,2023,47,30,2023-07-30,53.81818181818182
IN,2023,48,31,2023-08-06,53.90909090909091
IN,2023,49,32,2023-08-13,53.90909090909091
IN,2023,50,33,2023-08-20,53.90909090909091
IN,2023,52,35,2023-09-03,44.81818181818182
IN,2024,1,36,2023-09-10,0.09090909090909091
IN,2024,2,37,2023-09-17,0.2727272727272727
IN,2024,3,38,2023-09-24,0.6363636363636364
IN,2024,4,39,2023-10-01,1.2727272727272727
IN,2024,5,40,2023-10-08,2.727272727272727
IN,2024,6,41,2023-10-15,4.545454545454546
IN,2024,7,42,2023-10-22,7.2727272727272725
IN,2024,8,43,2023-10-29,10.272727272727273
IN,2024,9,44,2023-11-05,13.181818181818182
IN,2024,10,45,2023-11-12,15.181818181818182
IN,2024,11,46,2023-11-19,16.0
IN,2024,12,47,2023-11-26,17.181818181818183
IN,2024,30,13,2024-03-31,17.636363636363637
IN,2024,31,14,2024-04-07,18.181818181818183
IN,2024,32,15,2024-04-14,19.454545454545453
IN,2024,33,16,2024-04-21,21.09090909090909
IN,2024,34,17,2024-04-28,23.363636363636363
IN,2024,35,18,2024-05-05,26.454545454545453
IN,2024,36,19,2024-05-12,29.363636363636363
IN,2024,37,20,2024-05-19,31.636363636363637
IN,2024,38,21,2024-05-26,33.54545454545455
IN,2024,39,22,2024-06-02,35.36363636363637
IN,2024,40,23,2024-06-09,37.45454545454545
IN,2024,41,24,2024-06-16,42.27272727272727
IN,2024,42,25,2024-06-23,46.27272727272727
IN,2024,43,26,2024-06-30,49.54545454545455
IN,2024,44,27,2024-07-07,51.72727272727273
IN,2024,45,28,2024-07-14,52.90909090909091
IN,2024,46,29,2024-07-21,53.27272727272727
IN,2024,47,30,2024-07-28,53.54545454545455
IN,2024,48,31,2024-08-04,53.54545454545455
IN,2024,49,32,2024-08-11,53.54545454545455
IN,2024,50,33,2024-08-18,53.54545454545455
IN,2024,51,34,2024-08-25,53.54545454545455
IN,2024,52,35,2024-09-01,44.45454545454545
IN,2025,1,36,2024-09-08,0.18181818181818182
IN,2025,2,37,2024-09-15,0.2727272727272727
IN,2025,3,38,2024-09-22,0.7272727272727273
IN,2025,4,39,2024-09-29,1.3636363636363635
IN,2025,5,40,2024-10-06,2.5454545454545454
IN,2025,6,41,2024-10-13,4.7272727272727275
IN,2025,7,42,2024-10-20,7.7272727272727275
IN,2025,8,43,2024-10-27,10.181818181818182
IN,2025,9,44,2024-11-03,12.727272727272727
IN,2025,10,45,2024-11-10,14.818181818181818
IN,2025,11,46,2024-11-17,16.09090909090909
IN,2025,12,47,2024-11-24,17.0
IN,2025,31,14,2025-04-06,17.363636363636363
IN,2025,32,15,2025-04-13,18.272727272727273
IN,2025,33,16,2025-04-20,19.818181818181817
IN,2025,34,17,2025-04-27,21.90909090909091
IN,2025,35,18,2025-05-04,23.90909090909091
IN,2025,36,19,2025-05-11,26.90909090909091
IN,2025,37,20,2025-05-18,29.727272727272727
IN,2025,38,21,2025-05-25,31.727272727272727
IN,2025,39,22,2025-06-01,33.0
IN,2025,40,23,2025-06-08,34.45454545454545
IN,2025,41,24,2025-06-15,36.0
IN,2025,42,25,2025-06-22,38.63636363636363
IN,2025,43,26,2025-06-29,43.45454545454545
IN,2025,44,27,2025-07-06,48.36363636363637
IN,2025,45,28,2025-07-13,51.0
IN,2025,46,29,2025-07-20,52.36363636363637
IN,2025,47,30,2025-07-27,53.0
IN,2025,48,31,2025-08-03,53.09090909090909
IN,2025,49,32,2025-08-10,53.09090909090909
IN,2025,50,33,2025-08-17,53.09090909090909
IN,2025,51,34,2025-08-24,53.09090909090909
IN,2025,52,35,2025-08-31,53.09090909090909
IN,2026,1,36,2025-09-07,0.18181818181818182
IN,2026,2,37,2025-09-14,0.36363636363636365
IN,2026,3,38,2025-09-21,0.6363636363636364
IN,2026,4,39,2025-09-28,1.2727272727272727
IN,2026,11,46,2025-11-16,14.181818181818182
IN,2026,12,47,2025-11-23,15.545454545454545
KS,2016,1,36,2015-09-06,0.09090909090909091
KS,2016,2,37,2015-09-13,0.45454545454545453
KS,2016,3,38,2015-09-20,1.0
KS,2016,4,39,2015-09-27,2.5454545454545454
KS,2016,5,40,2015-10-04,6.0
KS,2016,6,41,2015-10-11,9.363636363636363
KS,2016,7,42,2015-10-18,12.090909090909092
KS,2016,8,43,2015-10-25,14.363636363636363
KS,2016,9,44,2015-11-01,15.727272727272727
KS,2016,10,45,2015-11-08,17.0
KS,2016,11,46,2015-11-15,17.636363636363637
KS,2016,12,47,2015-11-22,17.90909090909091
KS,2016,13,48,2015-11-29,18.09090909090909
KS,2016,27,10,2016-03-13,18.636363636363637
KS,2016,28,11,2016-03-20,19.90909090909091
KS,2016,29,12,2016-03-27,20.818181818181817
KS,2016,30,13,2016-04-03,21.90909090909091
KS,2016,31,14,2016-04-10,23.545454545454547
KS,2016,32,15,2016-04-17,25.363636363636363
KS,2016,33,16,2016-04-24,28.636363636363637
KS,2016,34,17,2016-05-01,31.363636363636363
KS,2016,35,18,2016-05-08,33.63636363636363
KS,2016,36,19,2016-05-15,35.45454545454545
KS,2016,37,20,2016-05-22,37.09090909090909
KS,2016,38,21,2016-05-29,39.54545454545455
KS,2016,39,22,2016-06-05,42.27272727272727
KS,2016,40,23,2016-06-12,44.81818181818182
KS,2016,41,24,2016-06-19,47.18181818181818
KS,2016,42,25,2016-06-26,50.18181818181818
KS,2016,43,26,2016-07-03,52.09090909090909
KS,2016,44,27,2016-07-10,53.18181818181818
KS,2016,45,28,2016-07-17,53.81818181818182
KS,2016,46,29,2016-07-24,53.90909090909091
KS,2016,47,30,2016-07-31,54.0
KS,2016,48,31,2016-08-07,54.0
KS,2016,49,32,2016-08-14,54.0
KS,2016,51,34,2016-08-28,44.90909090909091
KS,2016,52,35,2016-09-04,45.0
KS,2017,1,36,2016-09-11,0.36363636363636365
KS,2017,2,37,2016-09-18,0.8181818181818182
KS,2017,3,38,2016-09-25,2.090909090909091
KS,2017,4,39,2016-10-02,4.7272727272727275
KS,2017,5,40,2016-10-09,7.909090909090909
KS,2017,6,41,2016-10-16,10.909090909090908
KS,2017,7,42,2016-10-23,13.363636363636363
KS,2017,8,43,2016-10-30,15.181818181818182
KS,2017,9,44,2016-11-06,16.363636363636363
KS,2017,10,45,2016-11-13,17.09090909090909
KS,2017,11,46,2016-11-20,17.545454545454547
KS,2017,12,47,2016-11-27,17.727272727272727
KS,2017,27,10,2017-03-12,18.181818181818183
KS,2017,28,11,2017-03-19,18.636363636363637
KS,2017,29,12,2017-03-26,19.272727272727273
KS,2017,30,13,2017-04-02,20.545454545454547
KS,2017,31,14,2017-04-09,21.727272727272727
KS,2017,32,15,2017-04-16,24.454545454545453
KS,2017,33,16,2017-04-23,27.454545454545453
KS,2017,34,17,2017-04-30,29.90909090909091
KS,2017,35,18,2017-05-07,31.818181818181817
KS,2017,36,19,2017-05-14,34.81818181818182
KS,2017,37,20,2017-05-21,37.09090909090909
KS,2017,38,21,2017-05-28,38.81818181818182
KS,2017,39,22,2017-06-04,41.72727272727273
KS,2017,40,23,2017-06-11,46.63636363636363
KS,2017,41,24,2017-06-18,51.81818181818182
KS,2017,42,25,2017-06-25,56.36363636363637
KS,2017,43,26,2017-07-02,59.63636363636363
KS,2017,44,27,2017-07-09,61.45454545454545
KS,2017,45,28,2017-07-16,61.90909090909091
KS,2017,46,29,2017-07-23,62.09090909090909
KS,2017,47,30,2017-07-30,62.09090909090909
KS,2017,48,31,2017-08-06,62.09090909090909
KS,2017,49,32,2017-08-13,62.09090909090909
KS,2017,52,35,2017-09-03,53.18181818181818
KS,2018,1,36,2017-09-10,0.2727272727272727
KS,2018,2,37,2017-09-17,0.6363636363636364
KS,2018,3,38,2017-09-24,1.5454545454545454
KS,2018,4,39,2017-10-01,2.727272727272727
KS,2018,5,40,2017-10-08,3.8181818181818183
KS,2018,6,41,2017-10-15,6.090909090909091
KS,2018,7,42,2017-10-22,9.818181818181818
KS,2018,8,43,2017-10-29,12.818181818181818
KS,2018,9,44,2017-11-05,15.090909090909092
KS,2018,10,45,2017-11-12,16.454545454545453
KS,2018,11,46,2017-11-19,17.0
KS,2018,12,47,2017-11-26,17.272727272727273
KS,2018,30,13,2018-04-01,17.272727272727273
KS,2018,31,14,2018-04-08,18.454545454545453
KS,2018,32,15,2018-04-15,19.272727272727273
KS,2018,33,16,2018-04-22,20.454545454545453
KS,2018,34,17,2018-04-29,22.181818181818183
KS,2018,35,18,2018-05-06,25.727272727272727
KS,2018,36,19,2018-05-13,28.90909090909091
KS,2018,37,20,2018-05-20,32.45454545454545
KS,2018,38,21,2018-05-27,35.72727272727273
KS,2018,39,22,2018-06-03,39.63636363636363
KS,2018,40,23,2018-06-10,45.27272727272727
KS,2018,41,24,2018-06-17,51.81818181818182
KS,2018,42,25,2018-06-24,56.72727272727273
KS,2018,43,26,2018-07-01,59.54545454545455
KS,2018,44,27,2018-07-08,61.45454545454545
KS,2018,45,28,2018-07-15,62.09090909090909
KS,2018,46,29,2018-07-22,62.18181818181818
KS,2018,47,30,2018-07-29,62.18181818181818
KS,2018,48,31,2018-08-05,62.18181818181818
KS,2018,49,32,2018-08-12,62.18181818181818
KS,2018,50,33,2018-08-19,62.18181818181818
KS,2018,51,34,2018-08-26,53.36363636363637
KS,2018,52,35,2018-09-02,53.45454545454545
KS,2019,1,36,2018-09-09,0.2727272727272727
KS,2019,2,37,2018-09-16,0.7272727272727273
KS,2019,3,38,2018-09-23,2.3636363636363638
KS,2019,4,39,2018-09-30,5.2727272727272725
KS,2019,5,40,2018-10-07,8.272727272727273
KS,2019,6,41,2018-10-14,9.636363636363637
KS,2019,7,42,2018-10-21,10.909090909090908
KS,2019,8,43,2018-10-28,12.545454545454545
KS,2019,9,44,2018-11-04,13.818181818181818
KS,2019,10,45,2018-11-11,15.181818181818182
KS,2019,11,46,2018-11-18,16.0
KS,2019,12,47,2018-11-25,16.636363636363637
KS,2019,30,13,2019-03-31,16.818181818181817
KS,2019,31,14,2019-04-07,17.636363636363637
KS,2019,32,15,2019-04-14,19.0
KS,2019,33,16,2019-04-21,20.636363636363637
KS,2019,34,17,2019-04-28,22.818181818181817
KS,2019,35,18,2019-05-05,25.181818181818183
KS,2019,36,19,2019-05-12,27.90909090909091
KS,2019,37,20,2019-05-19,30.818181818181817
KS,2019,38,21,2019-05-26,33.54545454545455
KS,2019,39,22,2019-06-02,35.36363636363637
KS,2019,40,23,2019-06-09,38.63636363636363
KS,2019,41,24,2019-06-16,43.27272727272727
KS,2019,42,25,2019-06-23,47.27272727272727
KS,2019,43,26,2019-06-30,52.72727272727273
KS,2019,44,27,2019-07-07,57.18181818181818
KS,2019,45,28,2019-07-14,59.54545454545455
KS,2019,46,29,2019-07-21,60.90909090909091
KS,2019,47,30,2019-07-28,61.09090909090909
KS,2019,48,31,2019-08-04,61.18181818181818
KS,2019,49,32,2019-08-11,61.27272727272727
KS,2019,50,33,2019-08-18,61.27272727272727
KS,2019,51,34,2019-08-25,61.27272727272727
KS,2019,52,35,2019-09-01,52.54545454545455
KS,2020,1,36,2019-09-08,0.09090909090909091
KS,2020,2,37,2019-09-15,0.5454545454545454
KS,2020,3,38,2019-09-22,1.6363636363636365
KS,2020,4,39,2019-09-29,3.8181818181818183
KS,2020,5,40,2019-10-06,6.2727272727272725
KS,2020,6,41,2019-10-13,9.0
KS,2020,7,42,2019-10-20,11.454545454545455
KS,2020,8,43,2019-10-27,13.636363636363637
KS,2020,9,44,2019-11-03,15.090909090909092
KS,2020,10,45,2019-11-10,15.909090909090908
KS,2020,11,46,2019-11-17,16.727272727272727
KS,2020,12,47,2019-11-24,17.0
KS,2020,13,48,2019-12-01,17.272727272727273
KS,2020,14,49,2019-12-08,17.454545454545453
KS,2020,30,13,2020-03-29,17.727272727272727
KS,2020,31,14,2020-04-05,19.272727272727273
KS,2020,32,15,2020-04-12,20.545454545454547
KS,2020,33,16,2020-04-19,22.0
KS,2020,34,17,2020-04-26,23.454545454545453
KS,2020,35,18,2020-05-03,26.181818181818183
KS,2020,36,19,2020-05-10,29.09090909090909
KS,2020,37,20,2020-05-17,31.545454545454547
KS,2020,38,21,2020-05-24,34.54545454545455
KS,2020,39,22,2020-05-31,36.45454545454545
KS,2020,40,23,2020-06-07,41.18181818181818
KS,2020,41,24,2020-06-14,47.18181818181818
KS,2020,42,25,2020-06-21,52.72727272727273
KS,2020,43,26,2020-06-28,56.72727272727273
KS,2020,44,27,2020-07-05,60.45454545454545
KS,2020,45,28,2020-07-12,61.81818181818182
KS,2020,46,29,2020-07-19,62.0
KS,2020,47,30,2020-07-26,62.18181818181818
KS,2020,48,31,2020-08-02,62.27272727272727
KS,2020,49,32,2020-08-09,62.27272727272727
KS,2020,50,33,2020-08-16,62.27272727272727
KS,2020,51,34,2020-08-23,62.27272727272727
KS,2021,1,36,2020-09-06,0.0
KS,2021,2,37,2020-09-13,0.18181818181818182
KS,2021,3,38,2020-09-20,1.3636363636363635
KS,2021,4,39,2020-09-27,4.090909090909091
KS,2021,5,40,2020-10-04,7.7272727272727275
KS,2021,6,41,2020-10-11,11.272727272727273
KS,2021,7,42,2020-10-18,13.181818181818182
KS,2021,8,43,2020-10-25,14.727272727272727
KS,2021,9,44,2020-11-01,15.636363636363637
KS,2021,10,45,2020-11-08,16.454545454545453
KS,2021,11,46,2020-11-15,16.90909090909091
KS,2021,12,47,2020-11-22,17.272727272727273
KS,2021,13,48,2020-11-29,17.545454545454547
KS,2021,30,13,2021-04-04,18.454545454545453
KS,2021,31,14,2021-04-11,20.181818181818183
KS,2021,32,15,2021-04-18,22.09090909090909
KS,2021,33,16,2021-04-25,23.90909090909091
KS,2021,34,17,2021-05-02,26.181818181818183
KS,2021,35,18,2021-05-09,28.363636363636363
KS,2021,36,19,2021-05-16,31.545454545454547
KS,2021,37,20,2021-05-23,34.09090909090909
KS,2021,38,21,2021-05-30,36.18181818181818
KS,2021,39,22,2021-06-06,39.63636363636363
KS,2021,40,23,2021-06-13,44.0
KS,2021,41,24,2021-06-20,50.27272727272727
KS,2021,42,25,2021-06-27,55.45454545454545
KS,2021,43,26,2021-07-04,58.54545454545455
KS,2021,44,27,2021-07-11,60.63636363636363
KS,2021,45,28,2021-07-18,61.63636363636363
KS,2021,46,29,2021-07-25,61.81818181818182
KS,2021,47,30,2021-08-01,62.0
KS,2021,48,31,2021-08-08,62.0
KS,2021,52,35,2021-09-05,53.09090909090909
KS,2022,1,36,2021-09-12,0.36363636363636365
KS,2022,2,37,2021-09-19,1.2727272727272727
KS,2022,3,38,2021-09-26,3.0
KS,2022,4,39,2021-10-03,5.2727272727272725
KS,2022,5,40,2021-10-10,8.545454545454545
KS,2022,6,41,2021-10-17,11.090909090909092
KS,2022,7,42,2021-10-24,13.0
KS,2022,8,43,2021-10-31,14.727272727272727
KS,2022,9,44,2021-11-07,15.909090909090908
KS,2022,10,45,2021-11-14,16.545454545454547
KS,2022,11,46,2021-11-21,17.0
KS,2022,12,47,2021-11-28,17.636363636363637
KS,2022,29,12,2022-03-27,17.727272727272727
KS,2022,30,13,2022-04-03,18.636363636363637
KS,2022,31,14,2022-04-10,19.454545454545453
KS,2022,32,15,2022-04-17,20.727272727272727
KS,2022,33,16,2022-04-24,22.09090909090909
KS,2022,34,17,2022-05-01,24.636363636363637
KS,2022,35,18,2022-05-08,27.90909090909091
KS,2022,36,19,2022-05-15,31.545454545454547
KS,2022,37,20,2022-05-22,34.81818181818182
KS,2022,38,21,2022-05-29,38.0
KS,2022,39,22,2022-06-05,41.18181818181818
KS,2022,40,23,2022-06-12,45.90909090909091
KS,2022,41,24,2022-06-19,53.0
KS,2022,42,25,2022-06-26,57.63636363636363
KS,2022,43,26,2022-07-03,61.18181818181818
KS,2022,44,27,2022-07-10,62.27272727272727
KS,2022,45,28,2022-07-17,62.63636363636363
KS,2022,46,29,2022-07-24,62.72727272727273
KS,2022,47,30,2022-07-31,62.72727272727273
KS,2022,48,31,2022-08-07,62.72727272727273
KS,2022,49,32,2022-08-14,62.72727272727273
KS,2022,50,33,2022-08-21,62.72727272727273
KS,2022,52,35,2022-09-04,53.81818181818182
KS,2023,1,36,2022-09-11,0.2727272727272727
KS,2023,2,37,2022-09-18,1.3636363636363635
KS,2023,3,38,2022-09-25,2.0
KS,2023,4,39,2022-10-02,3.272727272727273
KS,2023,5,40,2022-10-09,6.2727272727272725
KS,2023,6,41,2022-10-16,8.818181818181818
KS,2023,7,42,2022-10-23,11.090909090909092
KS,2023,8,43,2022-10-30,13.181818181818182
KS,2023,9,44,2022-11-06,14.636363636363637
KS,2023,10,45,2022-11-13,15.545454545454545
KS,2023,11,46,2022-11-20,16.09090909090909
KS,2023,12,47,2022-11-27,16.636363636363637
KS,2023,13,48,2022-12-04,16.818181818181817
KS,2023,29,12,2023-03-26,17.181818181818183
KS,2023,30,13,2023-04-02,17.727272727272727
KS,2023,31,14,2023-04-09,18.363636363636363
KS,2023,32,15,2023-04-16,19.272727272727273
KS,2023,33,16,2023-04-23,21.272727272727273
KS,2023,34,17,2023-04-30,23.363636363636363
KS,2023,35,18,2023-05-07,26.818181818181817
KS,2023,36,19,2023-05-14,29.636363636363637
KS,2023,37,20,2023-05-21,31.818181818181817
KS,2023,38,21,2023-05-28,33.09090909090909
KS,2023,39,22,2023-06-04,33.90909090909091
KS,2023,40,23,2023-06-11,42.81818181818182
KS,2023,41,24,2023-06-18,46.0
KS,2023,42,25,2023-06-25,50.0
KS,2023,43,26,2023-07-02,54.72727272727273
KS,2023,44,27,2023-07-09,56.90909090909091
KS,2023,45,28,2023-07-16,58.45454545454545
KS,2023,46,29,2023-07-23,60.09090909090909
KS,2023,47,30,2023-07-30,60.81818181818182
KS,2023,48,31,2023-08-06,61.09090909090909
KS,2023,49,32,2023-08-13,61.18181818181818
KS,2023,50,33,2023-08-20,61.27272727272727
KS,2023,52,35,2023-09-03,52.63636363636363
KS,2024,1,36,2023-09-10,0.36363636363636365
KS,2024,2,37,2023-09-17,0.8181818181818182
KS,2024,3,38,2023-09-24,2.0
KS,2024,4,39,2023-10-01,4.636363636363637
KS,2024,5,40,2023-10-08,7.7272727272727275
KS,2024,6,41,2023-10-15,9.818181818181818
KS,2024,7,42,2023-10-22,12.909090909090908
KS,2024,8,43,2023-10-29,14.636363636363637
KS,2024,9,44,2023-11-05,16.09090909090909
KS,2024,10,45,2023-11-12,16.636363636363637
KS,2024,11,46,2023-11-19,17.181818181818183
KS,2024,12,47,2023-11-26,17.363636363636363
KS,2024,13,48,2023-12-03,17.636363636363637
KS,2024,29,12,2024-03-24,18.272727272727273
KS,2024,30,13,2024-03-31,19.09090909090909
KS,2024,31,14,2024-04-07,20.363636363636363
KS,2024,32,15,2024-04-14,22.363636363636363
KS,2024,33,16,2024-04-21,24.545454545454547
KS,2024,34,17,2024-04-28,28.272727272727273
KS,2024,35,18,2024-05-05,31.0
KS,2024,36,19,2024-05-12,33.18181818181818
KS,2024,37,20,2024-05-19,36.81818181818182
KS,2024,38,21,2024-05-26,40.0
KS,2024,39,22,2024-06-02,43.90909090909091
KS,2024,40,23,2024-06-09,48.81818181818182
KS,2024,41,24,2024-06-16,53.90909090909091
KS,2024,42,25,2024-06-23,57.81818181818182
KS,2024,43,26,2024-06-30,60.63636363636363
KS,2024,44,27,2024-07-07,61.72727272727273
KS,2024,45,28,2024-07-14,62.18181818181818
KS,2024,46,29,2024-07-21,62.36363636363637
KS,2024,47,30,2024-07-28,62.36363636363637
KS,2024,48,31,2024-08-04,62.45454545454545
KS,2024,49,32,2024-08-11,62.45454545454545
KS,2024,50,33,2024-08-18,62.45454545454545
KS,2024,52,35,2024-09-01,53.63636363636363
KS,2025,1,36,2024-09-08,0.36363636363636365
KS,2025,2,37,2024-09-15,0.8181818181818182
KS,2025,3,38,2024-09-22,1.6363636363636365
KS,2025,4,39,2024-09-29,3.8181818181818183
KS,2025,5,40,2024-10-06,6.636363636363637
KS,2025,6,41,2024-10-13,9.454545454545455
KS,2025,7,42,2024-10-20,11.454545454545455
KS,2025,8,43,2024-10-27,13.636363636363637
KS,2025,9,44,2024-11-03,15.454545454545455
KS,2025,10,45,2024-11-10,16.454545454545453
KS,2025,11,46,2024-11-17,17.272727272727273
KS,2025,12,47,2024-11-24,17.818181818181817
KS,2025,30,13,2025-03-30,18.636363636363637
KS,2025,31,14,2025-04-06,20.272727272727273
KS,2025,32,15,2025-04-13,22.0
KS,2025,33,16,2025-04-20,24.363636363636363
KS,2025,34,17,2025-04-27,26.636363636363637
KS,2025,35,18,2025-05-04,29.818181818181817
KS,2025,36,19,2025-05-11,32.63636363636363
KS,2025,37,20,2025-05-18,34.81818181818182
KS,2025,38,21,2025-05-25,38.18181818181818
KS,2025,39,22,2025-06-01,40.36363636363637
KS,2025,40,23,2025-06-08,43.18181818181818
KS,2025,41,24,2025-06-15,47.45454545454545
KS,2025,42,25,2025-06-22,53.27272727272727
KS,2025,43,26,2025-06-29,58.0
KS,2025,44,27,2025-07-06,61.09090909090909
KS,2025,45,28,2025-07-13,62.09090909090909
KS,2025,46,29,2025-07-20,62.45454545454545
KS,2025,47,30,2025-07-27,62.63636363636363
KS,2025,48,31,2025-08-03,62.72727272727273
KS,2025,49,32,2025-08-10,62.72727272727273
KS,2025,50,33,2025-08-17,62.72727272727273
KS,2025,51,34,2025-08-24,62.72727272727273
KS,2025,52,35,2025-08-31,62.72727272727273
KS,2026,1,36,2025-09-07,0.09090909090909091
KS,2026,2,37,2025-09-14,0.36363636363636365
KS,2026,3,38,2025-09-21,0.9090909090909091
KS,2026,4,39,2025-09-28,2.0
KS,2026,11,46,2025-11-16,16.363636363636363
KS,2026,12,47,2025-11-23,17.272727272727273
KY,2016,4,39,2015-09-27,0.2727272727272727
KY,2016,5,40,2015-10-04,0.8181818181818182
KY,2016,6,41,2015-10-11,2.0
KY,2016,7,42,2015-10-18,4.181818181818182
KY,2016,8,43,2015-10-25,6.909090909090909
KY,2016,9,44,2015-11-01,9.363636363636363
KY,2016,10,45,2015-11-08,11.545454545454545
KY,2016,11,46,2015-11-15,13.909090909090908
KY,2016,12,47,2015-11-22,15.909090909090908
KY,2016,32,15,2016-04-17,16.272727272727273
KY,2016,33,16,2016-04-24,18.545454545454547
KY,2016,34,17,2016-05-01,20.727272727272727
KY,2016,35,18,2016-05-08,23.181818181818183
KY,2016,36,19,2016-05-15,24.181818181818183
KY,2016,37,20,2016-05-22,24.545454545454547
KY,2016,38,21,2016-05-29,27.272727272727273
KY,2016,39,22,2016-06-05,32.09090909090909
KY,2016,40,23,2016-06-12,40.63636363636363
KY,2016,41,24,2016-06-19,46.0
KY,2016,42,25,2016-06-26,49.63636363636363
KY,2016,43,26,2016-07-03,50.90909090909091
KY,2017,3,38,2016-09-25,0.18181818181818182
KY,2017,4,39,2016-10-02,0.45454545454545453
KY,2017,5,40,2016-10-09,1.3636363636363635
KY,2017,6,41,2016-10-16,3.5454545454545454
KY,2017,7,42,2016-10-23,7.090909090909091
KY,2017,8,43,2016-10-30,10.545454545454545
KY,2017,9,44,2016-11-06,12.636363636363637
KY,2017,10,45,2016-11-13,14.636363636363637
KY,2017,11,46,2016-11-20,15.636363636363637
KY,2017,12,47,2016-11-27,16.181818181818183
KY,2017,32,15,2017-04-16,18.0
KY,2017,33,16,2017-04-23,20.272727272727273
KY,2017,34,17,2017-04-30,23.09090909090909
KY,2017,35,18,2017-05-07,24.181818181818183
KY,2017,36,19,2017-05-14,25.0
KY,2017,38,21,2017-05-28,32.54545454545455
KY,2017,39,22,2017-06-04,39.54545454545455
KY,2017,40,23,2017-06-11,43.90909090909091
KY,2017,41,24,2017-06-18,49.09090909090909
KY,2017,42,25,2017-06-25,50.54545454545455
KY,2017,43,26,2017-07-02,51.09090909090909
KY,2018,3,38,2017-09-24,0.09090909090909091
KY,2018,4,39,2017-10-01,0.6363636363636364
KY,2018,5,40,2017-10-08,1.2727272727272727
KY,2018,6,41,2017-10-15,2.3636363636363638
KY,2018,7,42,2017-10-22,4.636363636363637
KY,2018,8,43,2017-10-29,7.181818181818182
KY,2018,9,44,2017-11-05,10.363636363636363
KY,2018,10,45,2017-11-12,12.272727272727273
KY,2018,11,46,2017-11-19,13.818181818181818
KY,2018,12,47,2017-11-26,14.909090909090908
KY,2018,32,15,2018-04-15,15.0
KY,2018,33,16,2018-04-22,15.090909090909092
KY,2018,34,17,2018-04-29,15.363636363636363
KY,2018,35,18,2018-05-06,18.636363636363637
KY,2018,36,19,2018-05-13,21.727272727272727
KY,2018,37,20,2018-05-20,22.818181818181817
KY,2018,38,21,2018-05-27,23.181818181818183
KY,2018,39,22,2018-06-03,23.636363636363637
KY,2018,40,23,2018-06-10,30.90909090909091
KY,2018,41,24,2018-06-17,34.90909090909091
KY,2018,42,25,2018-06-24,38.27272727272727
KY,2018,43,26,2018-07-01,39.36363636363637
KY,2019,3,38,2018-09-23,0.18181818181818182
KY,2019,4,39,2018-09-30,0.45454545454545453
KY,2019,5,40,2018-10-07,1.3636363636363635
KY,2019,6,41,2018-10-14,2.5454545454545454
KY,2019,7,42,2018-10-21,4.454545454545454
KY,2019,8,43,2018-10-28,6.818181818181818
KY,2019,9,44,2018-11-04,8.363636363636363
KY,2019,10,45,2018-11-11,10.545454545454545
KY,2019,11,46,2018-11-18,12.090909090909092
KY,2019,12,47,2018-11-25,13.727272727272727
KY,2019,32,15,2019-04-14,13.818181818181818
KY,2019,33,16,2019-04-21,14.090909090909092
KY,2019,34,17,2019-04-28,15.909090909090908
KY,2019,35,18,2019-05-05,18.818181818181817
KY,2019,36,19,2019-05-12,20.818181818181817
KY,2019,37,20,2019-05-19,21.90909090909091
KY,2019,38,21,2019-05-26,22.272727272727273
KY,2019,39,22,2019-06-02,29.454545454545453
KY,2019,40,23,2019-06-09,35.36363636363637
KY,2019,41,24,2019-06-16,42.54545454545455
KY,2019,42,25,2019-06-23,45.36363636363637
KY,2019,43,26,2019-06-30,47.45454545454545
KY,2019,44,27,2019-07-07,48.72727272727273
KY,2019,45,28,2019-07-14,49.18181818181818
KY,2020,3,38,2019-09-22,0.09090909090909091
KY,2020,4,39,2019-09-29,0.36363636363636365
KY,2020,5,40,2019-10-06,1.0909090909090908
KY,2020,6,41,2019-10-13,2.727272727272727
KY,2020,7,42,2019-10-20,4.7272727272727275
KY,2020,8,43,2019-10-27,7.454545454545454
KY,2020,9,44,2019-11-03,10.363636363636363
KY,2020,10,45,2019-11-10,12.181818181818182
KY,2020,11,46,2019-11-17,13.454545454545455
KY,2020,12,47,2019-11-24,14.727272727272727
KY,2020,32,15,2020-04-12,15.0
KY,2020,33,16,2020-04-19,16.454545454545453
KY,2020,34,17,2020-04-26,18.90909090909091
KY,2020,35,18,2020-05-03,21.454545454545453
KY,2020,36,19,2020-05-10,22.272727272727273
KY,2020,37,20,2020-05-17,22.818181818181817
KY,2020,38,21,2020-05-24,23.454545454545453
KY,2020,39,22,2020-05-31,27.636363636363637
KY,2020,40,23,2020-06-07,34.09090909090909
KY,2020,41,24,2020-06-14,40.27272727272727
KY,2020,42,25,2020-06-21,45.81818181818182
KY,2020,43,26,2020-06-28,48.36363636363637
KY,2020,44,27,2020-07-05,49.45454545454545
KY,2020,45,28,2020-07-12,49.81818181818182
KY,2021,3,38,2020-09-20,0.09090909090909091
KY,2021,4,39,2020-09-27,0.36363636363636365
KY,2021,5,40,2020-10-04,0.7272727272727273
KY,2021,6,41,2020-10-11,2.5454545454545454
KY,2021,7,42,2020-10-18,4.0
KY,2021,8,43,2020-10-25,7.636363636363637
KY,2021,9,44,2020-11-01,9.181818181818182
KY,2021,10,45,2020-11-08,10.636363636363637
KY,2021,11,46,2020-11-15,13.454545454545455
KY,2021,12,47,2020-11-22,15.090909090909092
KY,2021,13,48,2020-11-29,16.0
KY,2021,30,13,2021-04-04,16.0
KY,2021,31,14,2021-04-11,16.181818181818183
KY,2021,32,15,2021-04-18,17.09090909090909
KY,2021,33,16,2021-04-25,18.09090909090909
KY,2021,34,17,2021-05-02,19.454545454545453
KY,2021,35,18,2021-05-09,22.181818181818183
KY,2021,36,19,2021-05-16,23.363636363636363
KY,2021,37,20,2021-05-23,24.181818181818183
KY,2021,38,21,2021-05-30,24.636363636363637
KY,2021,39,22,2021-06-06,28.727272727272727
KY,2021,40,23,2021-06-13,35.0
KY,2021,41,24,2021-06-20,43.63636363636363
KY,2021,42,25,2021-06-27,48.63636363636363
KY,2021,43,26,2021-07-04,50.36363636363637
KY,2021,44,27,2021-07-11,51.45454545454545
KY,2022,3,38,2021-09-26,0.09090909090909091
KY,2022,4,39,2021-10-03,0.7272727272727273
KY,2022,5,40,2021-10-10,1.3636363636363635
KY,2022,6,41,2021-10-17,3.0
KY,2022,7,42,2021-10-24,4.909090909090909
KY,2022,8,43,2021-10-31,7.454545454545454
KY,2022,9,44,2021-11-07,9.727272727272727
KY,2022,10,45,2021-11-14,11.727272727272727
KY,2022,11,46,2021-11-21,13.090909090909092
KY,2022,12,47,2021-11-28,14.181818181818182
KY,2022,30,13,2022-04-03,14.181818181818182
KY,2022,31,14,2022-04-10,14.181818181818182
KY,2022,32,15,2022-04-17,14.545454545454545
KY,2022,33,16,2022-04-24,14.818181818181818
KY,2022,34,17,2022-05-01,16.545454545454547
KY,2022,35,18,2022-05-08,19.181818181818183
KY,2022,36,19,2022-05-15,21.181818181818183
KY,2022,37,20,2022-05-22,22.454545454545453
KY,2022,38,21,2022-05-29,22.90909090909091
KY,2022,39,22,2022-06-05,27.90909090909091
KY,2022,40,23,2022-06-12,34.72727272727273
KY,2022,41,24,2022-06-19,42.0
KY,2022,42,25,2022-06-26,46.90909090909091
KY,2022,43,26,2022-07-03,48.45454545454545
KY,2022,44,27,2022-07-10,49.27272727272727
KY,2023,3,38,2022-09-25,0.18181818181818182
KY,2023,4,39,2022-10-02,0.45454545454545453
KY,2023,5,40,2022-10-09,1.0909090909090908
KY,2023,6,41,2022-10-16,3.090909090909091
KY,2023,7,42,2022-10-23,5.454545454545454
KY,2023,8,43,2022-10-30,8.0
KY,2023,9,44,2022-11-06,10.545454545454545
KY,2023,10,45,2022-11-13,12.636363636363637
KY,2023,11,46,2022-11-20,14.454545454545455
KY,2023,12,47,2022-11-27,15.454545454545455
KY,2023,31,14,2023-04-09,15.636363636363637
KY,2023,32,15,2023-04-16,16.0
KY,2023,33,16,2023-04-23,17.09090909090909
KY,2023,34,17,2023-04-30,19.09090909090909
KY,2023,35,18,2023-05-07,21.636363636363637
KY,2023,36,19,2023-05-14,22.90909090909091
KY,2023,37,20,2023-05-21,23.818181818181817
KY,2023,38,21,2023-05-28,24.09090909090909
KY,2023,39,22,2023-06-04,29.545454545454547
KY,2023,40,23,2023-06-11,36.45454545454545
KY,2023,41,24,2023-06-18,41.18181818181818
KY,2023,42,25,2023-06-25,45.81818181818182
KY,2023,43,26,2023-07-02,48.90909090909091
KY,2023,44,27,2023-07-09,49.27272727272727
KY,2023,45,28,2023-07-16,50.18181818181818
KY,2024,3,38,2023-09-24,0.09090909090909091
KY,2024,4,39,2023-10-01,0.45454545454545453
KY,2024,5,40,2023-10-08,0.9090909090909091
KY,2024,6,41,2023-10-15,2.3636363636363638
KY,2024,7,42,2023-10-22,3.8181818181818183
KY,2024,8,43,2023-10-29,6.2727272727272725
KY,2024,9,44,2023-11-05,8.181818181818182
KY,2024,10,45,2023-11-12,10.545454545454545
KY,2024,11,46,2023-11-19,13.454545454545455
KY,2024,12,47,2023-11-26,15.090909090909092
KY,2024,30,13,2024-03-31,15.181818181818182
KY,2024,31,14,2024-04-07,15.454545454545455
KY,2024,32,15,2024-04-14,15.818181818181818
KY,2024,33,16,2024-04-21,16.90909090909091
KY,2024,34,17,2024-04-28,18.545454545454547
KY,2024,35,18,2024-05-05,21.09090909090909
KY,2024,36,19,2024-05-12,23.0
KY,2024,37,20,2024-05-19,23.727272727272727
KY,2024,38,21,2024-05-26,23.90909090909091
KY,2024,39,22,2024-06-02,29.818181818181817
KY,2024,40,23,2024-06-09,36.18181818181818
KY,2024,41,24,2024-06-16,42.81818181818182
KY,2024,42,25,2024-06-23,48.18181818181818
KY,2024,43,26,2024-06-30,50.36363636363637
KY,2024,44,27,2024-07-07,50.90909090909091
KY,2024,45,28,2024-07-14,51.18181818181818
KY,2025,2,37,2024-09-15,0.0
KY,2025,3,38,2024-09-22,0.09090909090909091
KY,2025,4,39,2024-09-29,0.45454545454545453
KY,2025,5,40,2024-10-06,0.9090909090909091
KY,2025,6,41,2024-10-13,2.090909090909091
KY,2025,7,42,2024-10-20,4.2727272727272725
KY,2025,8,43,2024-10-27,6.2727272727272725
KY,2025,9,44,2024-11-03,9.363636363636363
KY,2025,10,45,2024-11-10,11.818181818181818
KY,2025,11,46,2024-11-17,13.636363636363637
KY,2025,12,47,2024-11-24,15.545454545454545
KY,2025,32,15,2025-04-13,15.818181818181818
KY,2025,33,16,2025-04-20,16.272727272727273
KY,2025,34,17,2025-04-27,18.0
KY,2025,35,18,2025-05-04,20.272727272727273
KY,2025,36,19,2025-05-11,22.454545454545453
KY,2025,37,20,2025-05-18,23.545454545454547
KY,2025,38,21,2025-05-25,24.363636363636363
KY,2025,39,22,2025-06-01,30.545454545454547
KY,2025,40,23,2025-06-08,32.09090909090909
KY,2025,41,24,2025-06-15,40.0
KY,2025,42,25,2025-06-22,46.18181818181818
KY,2025,43,26,2025-06-29,48.09090909090909
KY,2025,44,27,2025-07-06,49.63636363636363
KY,2025,45,28,2025-07-13,50.45454545454545
KY,2026,4,39,2025-09-28,0.45454545454545453
KY,2026,11,46,2025-11-16,14.0
KY,2026,12,47,2025-11-23,15.090909090909092
LA,2016,1,36,2015-09-06,0.0
LA,2016,2,37,2015-09-13,0.0
LA,2016,3,38,2015-09-20,0.0
LA,2016,4,39,2015-09-27,0.0
LA,2016,5,40,2015-10-04,0.0
LA,2016,6,41,2015-10-11,0.18181818181818182
LA,2016,7,42,2015-10-18,0.5454545454545454
LA,2016,8,43,2015-10-25,1.0
LA,2016,9,44,2015-11-01,1.5454545454545454
LA,2016,10,45,2015-11-08,1.9090909090909092
LA,2016,11,46,2015-11-15,2.272727272727273
LA,2016,12,47,2015-11-22,4.545454545454546
LA,2016,13,48,2015-11-29,7.7272727272727275
LA,2016,29,12,2016-03-27,8.181818181818182
LA,2016,30,13,2016-04-03,10.909090909090908
LA,2016,31,14,2016-04-10,14.0
LA,2016,32,15,2016-04-17,14.909090909090908
LA,2016,33,16,2016-04-24,15.727272727272727
LA,2016,34,17,2016-05-01,16.363636363636363
LA,2016,35,18,2016-05-08,18.545454545454547
LA,2016,36,19,2016-05-15,22.181818181818183
LA,2016,37,20,2016-05-22,25.272727272727273
LA,2016,38,21,2016-05-29,28.454545454545453
LA,2016,39,22,2016-06-05,30.727272727272727
LA,2016,40,23,2016-06-12,33.72727272727273
LA,2016,41,24,2016-06-19,34.90909090909091
LA,2016,42,25,2016-06-26,35.0
LA,2016,43,26,2016-07-03,35.0
LA,2017,1,36,2016-09-11,0.0
LA,2017,2,37,2016-09-18,0.0
LA,2017,3,38,2016-09-25,0.0
LA,2017,4,39,2016-10-02,0.0
LA,2017,5,40,2016-10-09,0.09090909090909091
LA,2017,6,41,2016-10-16,0.36363636363636365
LA,2017,7,42,2016-10-23,1.0
LA,2017,8,43,2016-10-30,1.2727272727272727
LA,2017,9,44,2016-11-06,1.8181818181818181
LA,2017,10,45,2016-11-13,3.272727272727273
LA,2017,11,46,2016-11-20,4.2727272727272725
LA,2017,12,47,2016-11-27,7.818181818181818
LA,2017,27,10,2017-03-12,8.0
LA,2017,28,11,2017-03-19,9.818181818181818
LA,2017,29,12,2017-03-26,11.0
LA,2017,30,13,2017-04-02,12.090909090909092
LA,2017,31,14,2017-04-09,14.090909090909092
LA,2017,32,15,2017-04-16,16.09090909090909
LA,2017,33,16,2017-04-23,18.363636363636363
LA,2017,34,17,2017-04-30,19.363636363636363
LA,2017,35,18,2017-05-07,22.0
LA,2017,36,19,2017-05-14,24.09090909090909
LA,2017,37,20,2017-05-21,26.181818181818183
LA,2017,38,21,2017-05-28,29.272727272727273
LA,2017,39,22,2017-06-04,30.181818181818183
LA,2017,40,23,2017-06-11,30.636363636363637
LA,2017,41,24,2017-06-18,34.45454545454545
LA,2017,42,25,2017-06-25,34.63636363636363
LA,2017,43,26,2017-07-02,35.09090909090909
LA,2018,1,36,2017-09-10,0.0
LA,2018,2,37,2017-09-17,0.0
LA,2018,3,38,2017-09-24,0.0
LA,2018,4,39,2017-10-01,0.0
LA,2018,5,40,2017-10-08,0.0
LA,2018,6,41,2017-10-15,0.09090909090909091
LA,2018,7,42,2017-10-22,0.45454545454545453
LA,2018,8,43,2017-10-29,2.6363636363636362
LA,2018,9,44,2017-11-05,3.4545454545454546
LA,2018,10,45,2017-11-12,6.2727272727272725
LA,2018,11,46,2017-11-19,9.818181818181818
LA,2018,12,47,2017-11-26,12.0
LA,2018,27,10,2018-03-11,12.0
LA,2018,28,11,2018-03-18,12.909090909090908
LA,2018,29,12,2018-03-25,14.454545454545455
LA,2018,30,13,2018-04-01,17.272727272727273
LA,2018,31,14,2018-04-08,19.09090909090909
LA,2018,32,15,2018-04-15,20.181818181818183
LA,2018,33,16,2018-04-22,21.181818181818183
LA,2018,34,17,2018-04-29,22.363636363636363
LA,2018,35,18,2018-05-06,25.272727272727273
LA,2018,36,19,2018-05-13,29.181818181818183
LA,2018,37,20,2018-05-20,31.454545454545453
LA,2018,38,21,2018-05-27,34.18181818181818
LA,2018,39,22,2018-06-03,36.81818181818182
LA,2018,40,23,2018-06-10,38.81818181818182
LA,2018,41,24,2018-06-17,39.27272727272727
LA,2018,52,35,2018-09-02,31.727272727272727
LA,2019,1,36,2018-09-09,0.0
LA,2019,2,37,2018-09-16,0.0
LA,2019,3,38,2018-09-23,0.0
LA,2019,4,39,2018-09-30,0.0
LA,2019,5,40,2018-10-07,0.0
LA,2019,6,41,2018-10-14,0.0
LA,2019,7,42,2018-10-21,0.7272727272727273
LA,2019,8,43,2018-10-28,1.6363636363636365
LA,2019,9,44,2018-11-04,3.4545454545454546
LA,2019,10,45,2018-11-11,5.818181818181818
LA,2019,11,46,2018-11-18,7.636363636363637
LA,2019,12,47,2018-11-25,9.181818181818182
LA,2019,13,48,2018-12-02,11.0
LA,2019,27,10,2019-03-10,11.181818181818182
LA,2019,28,11,2019-03-17,12.0
LA,2019,29,12,2019-03-24,13.727272727272727
LA,2019,30,13,2019-03-31,16.0
LA,2019,31,14,2019-04-07,17.09090909090909
LA,2019,32,15,2019-04-14,18.09090909090909
LA,2019,33,16,2019-04-21,20.363636363636363
LA,2019,34,17,2019-04-28,23.818181818181817
LA,2019,35,18,2019-05-05,26.90909090909091
LA,2019,36,19,2019-05-12,27.727272727272727
LA,2019,37,20,2019-05-19,29.0
LA,2019,38,21,2019-05-26,30.09090909090909
LA,2019,39,22,2019-06-02,31.818181818181817
LA,2019,40,23,2019-06-09,33.54545454545455
LA,2019,41,24,2019-06-16,35.36363636363637
LA,2019,42,25,2019-06-23,37.54545454545455
LA,2019,43,26,2019-06-30,37.81818181818182
LA,2019,44,27,2019-07-07,38.18181818181818
LA,2019,45,28,2019-07-14,38.27272727272727
LA,2020,2,37,2019-09-15,0.0
LA,2020,3,38,2019-09-22,0.0
LA,2020,4,39,2019-09-29,0.0
LA,2020,5,40,2019-10-06,0.2727272727272727
LA,2020,6,41,2019-10-13,1.0
LA,2020,7,42,2019-10-20,2.0
LA,2020,8,43,2019-10-27,2.727272727272727
LA,2020,9,44,2019-11-03,4.363636363636363
LA,2020,10,45,2019-11-10,7.090909090909091
LA,2020,11,46,2019-11-17,9.272727272727273
LA,2020,12,47,2019-11-24,11.363636363636363
LA,2020,13,48,2019-12-01,14.454545454545455
LA,2020,14,49,2019-12-08,15.727272727272727
LA,2020,28,11,2020-03-15,15.818181818181818
LA,2020,29,12,2020-03-22,17.0
LA,2020,30,13,2020-03-29,19.727272727272727
LA,2020,31,14,2020-04-05,22.363636363636363
LA,2020,32,15,2020-04-12,24.272727272727273
LA,2020,33,16,2020-04-19,26.545454545454547
LA,2020,34,17,2020-04-26,28.818181818181817
LA,2020,35,18,2020-05-03,31.09090909090909
LA,2020,36,19,2020-05-10,33.36363636363637
LA,2020,37,20,2020-05-17,36.27272727272727
LA,2020,38,21,2020-05-24,38.09090909090909
LA,2020,39,22,2020-05-31,39.18181818181818
LA,2020,40,23,2020-06-07,40.63636363636363
LA,2020,41,24,2020-06-14,41.63636363636363
LA,2020,42,25,2020-06-21,42.36363636363637
LA,2020,43,26,2020-06-28,43.0
LA,2020,44,27,2020-07-05,43.0
LA,2020,45,28,2020-07-12,43.0
LA,2021,5,40,2020-10-04,0.09090909090909091
LA,2021,6,41,2020-10-11,0.9090909090909091
LA,2021,7,42,2020-10-18,1.8181818181818181
LA,2021,8,43,2020-10-25,4.7272727272727275
LA,2021,9,44,2020-11-01,5.818181818181818
LA,2021,10,45,2020-11-08,8.818181818181818
LA,2021,11,46,2020-11-15,9.818181818181818
LA,2021,12,47,2020-11-22,11.636363636363637
LA,2021,13,48,2020-11-29,14.545454545454545
LA,2021,27,10,2021-03-14,14.636363636363637
LA,2021,28,11,2021-03-21,15.363636363636363
LA,2021,29,12,2021-03-28,17.636363636363637
LA,2021,30,13,2021-04-04,19.545454545454547
LA,2021,31,14,2021-04-11,21.636363636363637
LA,2021,32,15,2021-04-18,23.363636363636363
LA,2021,33,16,2021-04-25,25.181818181818183
LA,2021,34,17,2021-05-02,27.181818181818183
LA,2021,35,18,2021-05-09,29.272727272727273
LA,2021,36,19,2021-05-16,31.818181818181817
LA,2021,37,20,2021-05-23,32.81818181818182
LA,2021,38,21,2021-05-30,35.54545454545455
LA,2021,39,22,2021-06-06,36.18181818181818
LA,2021,40,23,2021-06-13,38.45454545454545
LA,2021,41,24,2021-06-20,40.54545454545455
LA,2021,42,25,2021-06-27,41.27272727272727
LA,2021,43,26,2021-07-04,41.81818181818182
LA,2022,4,39,2021-10-03,0.0
LA,2022,5,40,2021-10-10,0.09090909090909091
LA,2022,6,41,2021-10-17,0.45454545454545453
LA,2022,7,42,2021-10-24,1.0
LA,2022,8,43,2021-10-31,2.0
LA,2022,9,44,2021-11-07,3.6363636363636362
LA,2022,10,45,2021-11-14,6.909090909090909
LA,2022,11,46,2021-11-21,8.727272727272727
LA,2022,12,47,2021-11-28,11.454545454545455
LA,2022,27,10,2022-03-13,11.545454545454545
LA,2022,28,11,2022-03-20,11.818181818181818
LA,2022,29,12,2022-03-27,12.363636363636363
LA,2022,30,13,2022-04-03,13.454545454545455
LA,2022,31,14,2022-04-10,15.181818181818182
LA,2022,32,15,2022-04-17,17.09090909090909
LA,2022,33,16,2022-04-24,19.545454545454547
LA,2022,34,17,2022-05-01,22.0
LA,2022,35,18,2022-05-08,24.363636363636363
LA,2022,36,19,2022-05-15,27.272727272727273
LA,2022,37,20,2022-05-22,31.181818181818183
LA,2022,38,21,2022-05-29,33.81818181818182
LA,2022,39,22,2022-06-05,36.81818181818182
LA,2022,40,23,2022-06-12,37.81818181818182
LA,2022,41,24,2022-06-19,38.36363636363637
LA,2022,42,25,2022-06-26,38.63636363636363
LA,2022,43,26,2022-07-03,38.72727272727273
LA,2023,3,38,2022-09-25,0.0
LA,2023,4,39,2022-10-02,0.0
LA,2023,5,40,2022-10-09,0.0
LA,2023,6,41,2022-10-16,0.0
LA,2023,7,42,2022-10-23,0.18181818181818182
LA,2023,8,43,2022-10-30,1.8181818181818181
LA,2023,9,44,2022-11-06,5.363636363636363
LA,2023,10,45,2022-11-13,9.090909090909092
LA,2023,11,46,2022-11-20,11.363636363636363
LA,2023,12,47,2022-11-27,12.181818181818182
LA,2023,27,10,2023-03-12,12.272727272727273
LA,2023,28,11,2023-03-19,12.818181818181818
LA,2023,29,12,2023-03-26,14.909090909090908
LA,2023,30,13,2023-04-02,15.545454545454545
LA,2023,31,14,2023-04-09,17.90909090909091
LA,2023,32,15,2023-04-16,19.545454545454547
LA,2023,33,16,2023-04-23,20.818181818181817
LA,2023,34,17,2023-04-30,23.636363636363637
LA,2023,35,18,2023-05-07,26.09090909090909
LA,2023,36,19,2023-05-14,28.727272727272727
LA,2023,37,20,2023-05-21,32.27272727272727
LA,2023,38,21,2023-05-28,34.63636363636363
LA,2023,39,22,2023-06-04,35.90909090909091
LA,2023,40,23,2023-06-11,38.63636363636363
LA,2023,41,24,2023-06-18,39.09090909090909
LA,2023,42,25,2023-06-25,39.36363636363637
LA,2023,43,26,2023-07-02,39.45454545454545
LA,2024,4,39,2023-10-01,0.0
LA,2024,5,40,2023-10-08,0.0
LA,2024,6,41,2023-10-15,0.0
LA,2024,7,42,2023-10-22,0.09090909090909091
LA,2024,8,43,2023-10-29,0.45454545454545453
LA,2024,9,44,2023-11-05,1.0909090909090908
LA,2024,10,45,2023-11-12,2.090909090909091
LA,2024,11,46,2023-11-19,5.0
LA,2024,12,47,2023-11-26,8.181818181818182
LA,2024,27,10,2024-03-10,8.363636363636363
LA,2024,28,11,2024-03-17,8.909090909090908
LA,2024,29,12,2024-03-24,10.454545454545455
LA,2024,30,13,2024-03-31,11.454545454545455
LA,2024,31,14,2024-04-07,12.909090909090908
LA,2024,32,15,2024-04-14,15.090909090909092
LA,2024,33,16,2024-04-21,16.818181818181817
LA,2024,34,17,2024-04-28,18.727272727272727
LA,2024,35,18,2024-05-05,20.545454545454547
LA,2024,36,19,2024-05-12,23.0
LA,2024,37,20,2024-05-19,24.90909090909091
LA,2024,38,21,2024-05-26,26.818181818181817
LA,2024,39,22,2024-06-02,30.454545454545453
LA,2024,40,23,2024-06-09,33.09090909090909
LA,2024,41,24,2024-06-16,34.09090909090909
LA,2024,42,25,2024-06-23,34.90909090909091
LA,2024,43,26,2024-06-30,35.36363636363637
LA,2024,44,27,2024-07-07,35.45454545454545
LA,2025,1,36,2024-09-08,0.0
LA,2025,2,37,2024-09-15,0.0
LA,2025,3,38,2024-09-22,0.0
LA,2025,4,39,2024-09-29,0.0
LA,2025,5,40,2024-10-06,0.0
LA,2025,6,41,2024-10-13,0.09090909090909091
LA,2025,7,42,2024-10-20,0.7272727272727273
LA,2025,8,43,2024-10-27,1.3636363636363635
LA,2025,9,44,2024-11-03,3.1818181818181817
LA,2025,10,45,2024-11-10,4.454545454545454
LA,2025,11,46,2024-11-17,6.7272727272727275
LA,2025,12,47,2024-11-24,7.7272727272727275
LA,2025,27,10,2025-03-09,7.7272727272727275
LA,2025,28,11,2025-03-16,7.818181818181818
LA,2025,29,12,2025-03-23,8.272727272727273
LA,2025,30,13,2025-03-30,10.181818181818182
LA,2025,31,14,2025-04-06,10.909090909090908
LA,2025,32,15,2025-04-13,13.181818181818182
LA,2025,33,16,2025-04-20,14.818181818181818
LA,2025,34,17,2025-04-27,17.636363636363637
LA,2025,35,18,2025-05-04,19.363636363636363
LA,2025,36,19,2025-05-11,22.0
LA,2025,37,20,2025-05-18,23.90909090909091
LA,2025,38,21,2025-05-25,27.636363636363637
LA,2025,39,22,2025-06-01,29.454545454545453
LA,2025,40,23,2025-06-08,32.63636363636363
LA,2025,41,24,2025-06-15,33.54545454545455
LA,2025,42,25,2025-06-22,34.09090909090909
LA,2025,43,26,2025-06-29,34.81818181818182
LA,2025,44,27,2025-07-06,35.0
LA,2026,4,39,2025-09-28,0.0
LA,2026,11,46,2025-11-16,6.2727272727272725
LA,2026,12,47,2025-11-23,9.0
MD,2016,4,39,2015-09-27,0.36363636363636365
MD,2016,5,40,2015-10-04,1.8181818181818181
MD,2016,6,41,2015-10-11,4.545454545454546
MD,2016,7,42,2015-10-18,7.7272727272727275
MD,2016,8,43,2015-10-25,10.090909090909092
MD,2016,9,44,2015-11-01,12.272727272727273
MD,2016,10,45,2015-11-08,13.636363636363637
MD,2016,11,46,2015-11-15,14.909090909090908
MD,2016,12,47,2015-11-22,15.818181818181818
MD,2016,13,48,2015-11-29,16.181818181818183
MD,2016,34,17,2016-05-01,16.545454545454547
MD,2016,35,18,2016-05-08,19.09090909090909
MD,2016,36,19,2016-05-15,23.363636363636363
MD,2016,37,20,2016-05-22,24.0
MD,2016,38,21,2016-05-29,25.818181818181817
MD,2016,39,22,2016-06-05,26.636363636363637
MD,2016,40,23,2016-06-12,30.09090909090909
MD,2016,41,24,2016-06-19,32.72727272727273
MD,2016,42,25,2016-06-26,38.63636363636363
MD,2016,43,26,2016-07-03,43.0
MD,2016,44,27,2016-07-10,47.72727272727273
MD,2016,45,28,2016-07-17,50.27272727272727
MD,2016,46,29,2016-07-24,50.81818181818182
MD,2017,3,38,2016-09-25,0.2727272727272727
MD,2017,4,39,2016-10-02,0.9090909090909091
MD,2017,5,40,2016-10-09,2.272727272727273
MD,2017,6,41,2016-10-16,2.727272727272727
MD,2017,7,42,2016-10-23,9.090909090909092
MD,2017,8,43,2016-10-30,11.090909090909092
MD,2017,9,44,2016-11-06,13.636363636363637
MD,2017,10,45,2016-11-13,14.363636363636363
MD,2017,11,46,2016-11-20,15.909090909090908
MD,2017,12,47,2016-11-27,17.727272727272727
MD,2017,31,14,2017-04-09,17.727272727272727
MD,2017,32,15,2017-04-16,17.727272727272727
MD,2017,33,16,2017-04-23,17.818181818181817
MD,2017,34,17,2017-04-30,19.545454545454547
MD,2017,35,18,2017-05-07,24.09090909090909
MD,2017,36,19,2017-05-14,25.545454545454547
MD,2017,37,20,2017-05-21,25.727272727272727
MD,2017,38,21,2017-05-28,27.636363636363637
MD,2017,39,22,2017-06-04,32.18181818181818
MD,2017,40,23,2017-06-11,33.81818181818182
MD,2017,41,24,2017-06-18,36.45454545454545
MD,2017,42,25,2017-06-25,43.72727272727273
MD,2017,43,26,2017-07-02,46.90909090909091
MD,2017,44,27,2017-07-09,48.63636363636363
MD,2017,45,28,2017-07-16,51.27272727272727
MD,2017,46,29,2017-07-23,53.63636363636363
MD,2018,4,39,2017-10-01,0.0
MD,2018,5,40,2017-10-08,0.36363636363636365
MD,2018,6,41,2017-10-15,1.8181818181818181
MD,2018,7,42,2017-10-22,5.636363636363637
MD,2018,8,43,2017-10-29,6.636363636363637
MD,2018,9,44,2017-11-05,8.636363636363637
MD,2018,10,45,2017-11-12,9.181818181818182
MD,2018,11,46,2017-11-19,11.636363636363637
MD,2018,12,47,2017-11-26,13.090909090909092
MD,2018,31,14,2018-04-08,13.090909090909092
MD,2018,32,15,2018-04-15,13.090909090909092
MD,2018,33,16,2018-04-22,13.090909090909092
MD,2018,34,17,2018-04-29,13.090909090909092
MD,2018,35,18,2018-05-06,15.727272727272727
MD,2018,36,19,2018-05-13,16.636363636363637
MD,2018,37,20,2018-05-20,19.272727272727273
MD,2018,38,21,2018-05-27,20.181818181818183
MD,2018,39,22,2018-06-03,21.363636363636363
MD,2018,40,23,2018-06-10,25.0
MD,2018,41,24,2018-06-17,26.0
MD,2018,42,25,2018-06-24,39.63636363636363
MD,2018,43,26,2018-07-01,43.18181818181818
MD,2018,44,27,2018-07-08,44.54545454545455
MD,2018,45,28,2018-07-15,45.90909090909091
MD,2018,46,29,2018-07-22,47.0
MD,2018,47,30,2018-07-29,47.27272727272727
MD,2018,48,31,2018-08-05,47.90909090909091
MD,2018,49,32,2018-08-12,49.45454545454545
MD,2019,5,40,2018-10-07,0.0
MD,2019,6,41,2018-10-14,1.6363636363636365
MD,2019,7,42,2018-10-21,2.727272727272727
MD,2019,8,43,2018-10-28,7.090909090909091
MD,2019,9,44,2018-11-04,11.454545454545455
MD,2019,10,45,2018-11-11,13.181818181818182
MD,2019,11,46,2018-11-18,14.363636363636363
MD,2019,12,47,2018-11-25,15.727272727272727
MD,2019,31,14,2019-04-07,15.727272727272727
MD,2019,32,15,2019-04-14,15.727272727272727
MD,2019,33,16,2019-04-21,15.727272727272727
MD,2019,34,17,2019-04-28,15.818181818181818
MD,2019,35,18,2019-05-05,17.818181818181817
MD,2019,36,19,2019-05-12,23.454545454545453
MD,2019,37,20,2019-05-19,24.363636363636363
MD,2019,38,21,2019-05-26,24.727272727272727
MD,2019,39,22,2019-06-02,27.90909090909091
MD,2019,40,23,2019-06-09,30.545454545454547
MD,2019,41,24,2019-06-16,33.72727272727273
MD,2019,42,25,2019-06-23,38.72727272727273
MD,2019,43,26,2019-06-30,45.09090909090909
MD,2019,44,27,2019-07-07,49.45454545454545
MD,2019,45,28,2019-07-14,50.54545454545455
MD,2019,46,29,2019-07-21,50.90909090909091
MD,2020,2,37,2019-09-15,0.0
MD,2020,3,38,2019-09-22,0.45454545454545453
MD,2020,4,39,2019-09-29,1.2727272727272727
MD,2020,5,40,2019-10-06,4.2727272727272725
MD,2020,6,41,2019-10-13,5.454545454545454
MD,2020,7,42,2019-10-20,7.545454545454546
MD,2020,8,43,2019-10-27,9.545454545454545
MD,2020,9,44,2019-11-03,14.090909090909092
MD,2020,10,45,2019-11-10,16.90909090909091
MD,2020,11,46,2019-11-17,17.545454545454547
MD,2020,12,47,2019-11-24,17.818181818181817
MD,2020,32,15,2020-04-12,18.0
MD,2020,33,16,2020-04-19,18.181818181818183
MD,2020,34,17,2020-04-26,18.363636363636363
MD,2020,35,18,2020-05-03,19.818181818181817
MD,2020,36,19,2020-05-10,25.727272727272727
MD,2020,37,20,2020-05-17,26.636363636363637
MD,2020,38,21,2020-05-24,26.818181818181817
MD,2020,39,22,2020-05-31,28.272727272727273
MD,2020,40,23,2020-06-07,30.363636363636363
MD,2020,41,24,2020-06-14,34.45454545454545
MD,2020,42,25,2020-06-21,39.72727272727273
MD,2020,43,26,2020-06-28,45.0
MD,2020,44,27,2020-07-05,49.27272727272727
MD,2020,45,28,2020-07-12,52.36363636363637
MD,2020,46,29,2020-07-19,53.09090909090909
MD,2021,3,38,2020-09-20,0.36363636363636365
MD,2021,4,39,2020-09-27,0.8181818181818182
MD,2021,5,40,2020-10-04,1.9090909090909092
MD,2021,6,41,2020-10-11,3.090909090909091
MD,2021,7,42,2020-10-18,6.181818181818182
MD,2021,8,43,2020-10-25,7.7272727272727275
MD,2021,9,44,2020-11-01,9.545454545454545
MD,2021,10,45,2020-11-08,12.818181818181818
MD,2021,11,46,2020-11-15,13.636363636363637
MD,2021,12,47,2020-11-22,16.636363636363637
MD,2021,13,48,2020-11-29,17.363636363636363
MD,2021,31,14,2021-04-11,17.363636363636363
MD,2021,32,15,2021-04-18,17.363636363636363
MD,2021,33,16,2021-04-25,17.363636363636363
MD,2021,34,17,2021-05-02,17.545454545454547
MD,2021,35,18,2021-05-09,20.09090909090909
MD,2021,36,19,2021-05-16,25.454545454545453
MD,2021,37,20,2021-05-23,25.727272727272727
MD,2021,38,21,2021-05-30,28.727272727272727
MD,2021,39,22,2021-06-06,30.0
MD,2021,40,23,2021-06-13,32.81818181818182
MD,2021,41,24,2021-06-20,40.09090909090909
MD,2021,42,25,2021-06-27,44.54545454545455
MD,2021,43,26,2021-07-04,50.72727272727273
MD,2021,44,27,2021-07-11,51.45454545454545
MD,2021,45,28,2021-07-18,53.18181818181818
MD,2022,2,37,2021-09-19,0.09090909090909091
MD,2022,3,38,2021-09-26,0.9090909090909091
MD,2022,4,39,2021-10-03,1.4545454545454546
MD,2022,5,40,2021-10-10,2.727272727272727
MD,2022,6,41,2021-10-17,3.8181818181818183
MD,2022,7,42,2021-10-24,5.636363636363637
MD,2022,8,43,2021-10-31,10.0
MD,2022,9,44,2021-11-07,13.181818181818182
MD,2022,10,45,2021-11-14,13.818181818181818
MD,2022,11,46,2021-11-21,16.818181818181817
MD,2022,12,47,2021-11-28,17.363636363636363
MD,2022,34,17,2022-05-01,18.272727272727273
MD,2022,35,18,2022-05-08,18.727272727272727
MD,2022,36,19,2022-05-15,20.545454545454547
MD,2022,37,20,2022-05-22,23.09090909090909
MD,2022,38,21,2022-05-29,26.818181818181817
MD,2022,39,22,2022-06-05,31.818181818181817
MD,2022,40,23,2022-06-12,34.18181818181818
MD,2022,41,24,2022-06-19,37.09090909090909
MD,2022,42,25,2022-06-26,42.36363636363637
MD,2022,43,26,2022-07-03,43.72727272727273
MD,2022,44,27,2022-07-10,50.54545454545455
MD,2022,45,28,2022-07-17,52.36363636363637
MD,2023,3,38,2022-09-25,0.18181818181818182
MD,2023,4,39,2022-10-02,1.7272727272727273
MD,2023,5,40,2022-10-09,2.3636363636363638
MD,2023,6,41,2022-10-16,5.0
MD,2023,7,42,2022-10-23,5.454545454545454
MD,2023,8,43,2022-10-30,9.090909090909092
MD,2023,9,44,2022-11-06,11.727272727272727
MD,2023,10,45,2022-11-13,14.0
MD,2023,11,46,2022-11-20,16.181818181818183
MD,2023,12,47,2022-11-27,17.636363636363637
MD,2023,32,15,2023-04-16,17.727272727272727
MD,2023,33,16,2023-04-23,18.636363636363637
MD,2023,34,17,2023-04-30,20.181818181818183
MD,2023,35,18,2023-05-07,25.454545454545453
MD,2023,36,19,2023-05-14,27.454545454545453
MD,2023,37,20,2023-05-21,27.636363636363637
MD,2023,38,21,2023-05-28,27.818181818181817
MD,2023,39,22,2023-06-04,31.90909090909091
MD,2023,40,23,2023-06-11,34.0
MD,2023,41,24,2023-06-18,35.90909090909091
MD,2023,42,25,2023-06-25,42.36363636363637
MD,2023,43,26,2023-07-02,47.18181818181818
MD,2023,44,27,2023-07-09,50.63636363636363
MD,2023,45,28,2023-07-16,52.0
MD,2023,46,29,2023-07-23,53.09090909090909
MD,2024,1,36,2023-09-10,0.09090909090909091
MD,2024,2,37,2023-09-17,2.3636363636363638
MD,2024,3,38,2023-09-24,3.3636363636363638
MD,2024,4,39,2023-10-01,3.5454545454545454
MD,2024,5,40,2023-10-08,5.545454545454546
MD,2024,6,41,2023-10-15,7.909090909090909
MD,2024,7,42,2023-10-22,10.090909090909092
MD,2024,8,43,2023-10-29,12.090909090909092
MD,2024,9,44,2023-11-05,14.090909090909092
MD,2024,10,45,2023-11-12,15.909090909090908
MD,2024,11,46,2023-11-19,17.181818181818183
MD,2024,12,47,2023-11-26,17.545454545454547
MD,2024,30,13,2024-03-31,17.545454545454547
MD,2024,31,14,2024-04-07,17.545454545454547
MD,2024,32,15,2024-04-14,17.636363636363637
MD,2024,33,16,2024-04-21,18.272727272727273
MD,2024,34,17,2024-04-28,19.727272727272727
MD,2024,35,18,2024-05-05,23.454545454545453
MD,2024,36,19,2024-05-12,25.272727272727273
MD,2024,37,20,2024-05-19,27.545454545454547
MD,2024,38,21,2024-05-26,30.727272727272727
MD,2024,39,22,2024-06-02,33.09090909090909
MD,2024,40,23,2024-06-09,36.63636363636363
MD,2024,41,24,2024-06-16,40.54545454545455
MD,2024,42,25,2024-06-23,48.0
MD,2024,43,26,2024-06-30,49.0
MD,2024,44,27,2024-07-07,52.36363636363637
MD,2024,45,28,2024-07-14,53.09090909090909
MD,2025,2,37,2024-09-15,0.9090909090909091
MD,2025,3,38,2024-09-22,1.8181818181818181
MD,2025,4,39,2024-09-29,2.4545454545454546
MD,2025,5,40,2024-10-06,3.909090909090909
MD,2025,6,41,2024-10-13,5.909090909090909
MD,2025,7,42,2024-10-20,9.454545454545455
MD,2025,8,43,2024-10-27,11.636363636363637
MD,2025,9,44,2024-11-03,14.636363636363637
MD,2025,10,45,2024-11-10,15.636363636363637
MD,2025,11,46,2024-11-17,16.545454545454547
MD,2025,12,47,2024-11-24,17.181818181818183
MD,2025,31,14,2025-04-06,17.272727272727273
MD,2025,32,15,2025-04-13,17.272727272727273
MD,2025,33,16,2025-04-20,17.272727272727273
MD,2025,34,17,2025-04-27,18.272727272727273
MD,2025,35,18,2025-05-04,20.363636363636363
MD,2025,36,19,2025-05-11,22.272727272727273
MD,2025,37,20,2025-05-18,24.90909090909091
MD,2025,38,21,2025-05-25,29.272727272727273
MD,2025,39,22,2025-06-01,31.727272727272727
MD,2025,40,23,2025-06-08,35.0
MD,2025,41,24,2025-06-15,36.81818181818182
MD,2025,42,25,2025-06-22,42.18181818181818
MD,2025,43,26,2025-06-29,46.18181818181818
MD,2025,44,27,2025-07-06,49.45454545454545
MD,2025,45,28,2025-07-13,52.0
MD,2025,46,29,2025-07-20,52.72727272727273
MD,2026,2,37,2025-09-14,0.09090909090909091
MD,2026,3,38,2025-09-21,0.9090909090909091
MD,2026,4,39,2025-09-28,1.6363636363636365
MD,2026,11,46,2025-11-16,15.090909090909092
MD,2026,12,47,2025-11-23,16.09090909090909
MI,2016,1,36,2015-09-06,0.09090909090909091
MI,2016,2,37,2015-09-13,0.18181818181818182
MI,2016,3,38,2015-09-20,0.45454545454545453
MI,2016,4,39,2015-09-27,1.5454545454545454
MI,2016,5,40,2015-10-04,4.454545454545454
MI,2016,6,41,2015-10-11,8.272727272727273
MI,2016,7,42,2015-10-18,11.272727272727273
MI,2016,8,43,2015-10-25,14.272727272727273
MI,2016,9,44,2015-11-01,15.909090909090908
MI,2016,10,45,2015-11-08,17.363636363636363
MI,2016,11,46,2015-11-15,17.727272727272727
MI,2016,12,47,2015-11-22,18.181818181818183
MI,2016,13,48,2015-11-29,18.181818181818183
MI,2016,30,13,2016-04-03,18.181818181818183
MI,2016,31,14,2016-04-10,18.363636363636363
MI,2016,32,15,2016-04-17,18.818181818181817
MI,2016,33,16,2016-04-24,20.09090909090909
MI,2016,34,17,2016-05-01,21.363636363636363
MI,2016,35,18,2016-05-08,22.454545454545453
MI,2016,36,19,2016-05-15,24.636363636363637
MI,2016,37,20,2016-05-22,25.727272727272727
MI,2016,38,21,2016-05-29,28.90909090909091
MI,2016,39,22,2016-06-05,33.09090909090909
MI,2016,40,23,2016-06-12,35.36363636363637
MI,2016,41,24,2016-06-19,36.45454545454545
MI,2016,42,25,2016-06-26,37.72727272727273
MI,2016,43,26,2016-07-03,41.63636363636363
MI,2016,44,27,2016-07-10,44.81818181818182
MI,2016,45,28,2016-07-17,48.54545454545455
MI,2016,46,29,2016-07-24,52.54545454545455
MI,2016,47,30,2016-07-31,53.72727272727273
MI,2016,48,31,2016-08-07,54.18181818181818
MI,2016,49,32,2016-08-14,54.27272727272727
MI,2016,52,35,2016-09-04,45.18181818181818
MI,2017,1,36,2016-09-11,0.18181818181818182
MI,2017,2,37,2016-09-18,0.7272727272727273
MI,2017,3,38,2016-09-25,1.8181818181818181
MI,2017,4,39,2016-10-02,3.3636363636363638
MI,2017,5,40,2016-10-09,5.363636363636363
MI,2017,6,41,2016-10-16,8.090909090909092
MI,2017,7,42,2016-10-23,11.363636363636363
MI,2017,8,43,2016-10-30,14.090909090909092
MI,2017,9,44,2016-11-06,15.545454545454545
MI,2017,10,45,2016-11-13,16.272727272727273
MI,2017,11,46,2016-11-20,16.90909090909091
MI,2017,12,47,2016-11-27,17.09090909090909
MI,2017,31,14,2017-04-09,17.181818181818183
MI,2017,32,15,2017-04-16,17.454545454545453
MI,2017,33,16,2017-04-23,17.90909090909091
MI,2017,34,17,2017-04-30,19.181818181818183
MI,2017,35,18,2017-05-07,20.818181818181817
MI,2017,36,19,2017-05-14,22.454545454545453
MI,2017,37,20,2017-05-21,24.181818181818183
MI,2017,38,21,2017-05-28,27.181818181818183
MI,2017,39,22,2017-06-04,30.545454545454547
MI,2017,40,23,2017-06-11,32.63636363636363
MI,2017,41,24,2017-06-18,34.90909090909091
MI,2017,42,25,2017-06-25,36.18181818181818
MI,2017,43,26,2017-07-02,37.63636363636363
MI,2017,44,27,2017-07-09,40.90909090909091
MI,2017,45,28,2017-07-16,44.45454545454545
MI,2017,46,29,2017-07-23,48.63636363636363
MI,2017,47,30,2017-07-30,50.81818181818182
MI,2017,48,31,2017-08-06,51.36363636363637
MI,2017,49,32,2017-08-13,51.63636363636363
MI,2018,1,36,2017-09-10,0.0
MI,2018,2,37,2017-09-17,0.18181818181818182
MI,2018,3,38,2017-09-24,0.8181818181818182
MI,2018,4,39,2017-10-01,2.5454545454545454
MI,2018,5,40,2017-10-08,7.909090909090909
MI,2018,6,41,2017-10-15,11.272727272727273
MI,2018,7,42,2017-10-22,14.272727272727273
MI,2018,8,43,2017-10-29,15.454545454545455
MI,2018,9,44,2017-11-05,16.727272727272727
MI,2018,10,45,2017-11-12,17.454545454545453
MI,2018,11,46,2017-11-19,17.636363636363637
MI,2018,12,47,2017-11-26,17.818181818181817
MI,2018,30,13,2018-04-01,17.90909090909091
MI,2018,31,14,2018-04-08,18.0
MI,2018,32,15,2018-04-15,18.181818181818183
MI,2018,33,16,2018-04-22,18.363636363636363
MI,2018,34,17,2018-04-29,18.636363636363637
MI,2018,35,18,2018-05-06,20.09090909090909
MI,2018,36,19,2018-05-13,21.363636363636363
MI,2018,37,20,2018-05-20,22.727272727272727
MI,2018,38,21,2018-05-27,25.181818181818183
MI,2018,39,22,2018-06-03,29.636363636363637
MI,2018,40,23,2018-06-10,32.81818181818182
MI,2018,41,24,2018-06-17,34.27272727272727
MI,2018,42,25,2018-06-24,36.27272727272727
MI,2018,43,26,2018-07-01,39.36363636363637
MI,2018,44,27,2018-07-08,42.36363636363637
MI,2018,45,28,2018-07-15,46.72727272727273
MI,2018,46,29,2018-07-22,50.63636363636363
MI,2018,47,30,2018-07-29,52.27272727272727
MI,2018,48,31,2018-08-05,52.81818181818182
MI,2018,49,32,2018-08-12,53.09090909090909
MI,2018,50,33,2018-08-19,53.45454545454545
MI,2018,52,35,2018-09-02,44.45454545454545
MI,2019,1,36,2018-09-09,0.09090909090909091
MI,2019,2,37,2018-09-16,0.2727272727272727
MI,2019,3,38,2018-09-23,0.6363636363636364
MI,2019,4,39,2018-09-30,2.4545454545454546
MI,2019,5,40,2018-10-07,4.181818181818182
MI,2019,6,41,2018-10-14,5.818181818181818
MI,2019,7,42,2018-10-21,9.181818181818182
MI,2019,8,43,2018-10-28,11.727272727272727
MI,2019,9,44,2018-11-04,13.636363636363637
MI,2019,10,45,2018-11-11,14.818181818181818
MI,2019,11,46,2018-11-18,16.09090909090909
MI,2019,12,47,2018-11-25,17.0
MI,2019,30,13,2019-03-31,17.0
MI,2019,31,14,2019-04-07,17.272727272727273
MI,2019,32,15,2019-04-14,17.545454545454547
MI,2019,33,16,2019-04-21,17.90909090909091
MI,2019,34,17,2019-04-28,18.272727272727273
MI,2019,35,18,2019-05-05,19.0
MI,2019,36,19,2019-05-12,19.454545454545453
MI,2019,37,20,2019-05-19,21.0
MI,2019,38,21,2019-05-26,22.818181818181817
MI,2019,39,22,2019-06-02,24.636363636363637
MI,2019,40,23,2019-06-09,28.181818181818183
MI,2019,41,24,2019-06-16,31.363636363636363
MI,2019,42,25,2019-06-23,33.0
MI,2019,43,26,2019-06-30,34.36363636363637
MI,2019,44,27,2019-07-07,36.72727272727273
MI,2019,45,28,2019-07-14,39.36363636363637
MI,2019,46,29,2019-07-21,42.81818181818182
MI,2019,47,30,2019-07-28,47.09090909090909
MI,2019,48,31,2019-08-04,50.54545454545455
MI,2019,49,32,2019-08-11,52.36363636363637
MI,2019,50,33,2019-08-18,52.90909090909091
MI,2019,51,34,2019-08-25,53.36363636363637
MI,2020,1,36,2019-09-08,0.0
MI,2020,2,37,2019-09-15,0.2727272727272727
MI,2020,3,38,2019-09-22,0.9090909090909091
MI,2020,4,39,2019-09-29,2.272727272727273
MI,2020,5,40,2019-10-06,3.5454545454545454
MI,2020,6,41,2019-10-13,6.181818181818182
MI,2020,7,42,2019-10-20,9.090909090909092
MI,2020,8,43,2019-10-27,12.0
MI,2020,9,44,2019-11-03,13.818181818181818
MI,2020,10,45,2019-11-10,14.818181818181818
MI,2020,11,46,2019-11-17,15.454545454545455
MI,2020,12,47,2019-11-24,16.0
MI,2020,31,14,2020-04-05,16.09090909090909
MI,2020,32,15,2020-04-12,16.454545454545453
MI,2020,33,16,2020-04-19,17.181818181818183
MI,2020,34,17,2020-04-26,18.0
MI,2020,35,18,2020-05-03,19.363636363636363
MI,2020,36,19,2020-05-10,20.818181818181817
MI,2020,37,20,2020-05-17,22.363636363636363
MI,2020,38,21,2020-05-24,23.727272727272727
MI,2020,39,22,2020-05-31,25.90909090909091
MI,2020,40,23,2020-06-07,29.181818181818183
MI,2020,41,24,2020-06-14,31.545454545454547
MI,2020,42,25,2020-06-21,32.36363636363637
MI,2020,43,26,2020-06-28,33.45454545454545
MI,2020,44,27,2020-07-05,36.09090909090909
MI,2020,45,28,2020-07-12,40.18181818181818
MI,2020,46,29,2020-07-19,45.27272727272727
MI,2020,47,30,2020-07-26,50.0
MI,2020,48,31,2020-08-02,51.54545454545455
MI,2020,49,32,2020-08-09,52.18181818181818
MI,2020,50,33,2020-08-16,52.36363636363637
MI,2020,51,34,2020-08-23,52.36363636363637
MI,2021,1,36,2020-09-06,0.0
MI,2021,2,37,2020-09-13,0.2727272727272727
MI,2021,3,38,2020-09-20,0.8181818181818182
MI,2021,4,39,2020-09-27,3.0
MI,2021,5,40,2020-10-04,5.636363636363637
MI,2021,6,41,2020-10-11,9.0
MI,2021,7,42,2020-10-18,11.454545454545455
MI,2021,8,43,2020-10-25,14.0
MI,2021,9,44,2020-11-01,15.636363636363637
MI,2021,10,45,2020-11-08,17.454545454545453
MI,2021,11,46,2020-11-15,17.818181818181817
MI,2021,12,47,2020-11-22,18.09090909090909
MI,2021,13,48,2020-11-29,18.181818181818183
MI,2021,30,13,2021-04-04,18.181818181818183
MI,2021,31,14,2021-04-11,19.545454545454547
MI,2021,32,15,2021-04-18,21.818181818181817
MI,2021,33,16,2021-04-25,23.454545454545453
MI,2021,34,17,2021-05-02,25.0
MI,2021,35,18,2021-05-09,25.727272727272727
MI,2021,36,19,2021-05-16,26.272727272727273
MI,2021,37,20,2021-05-23,28.09090909090909
MI,2021,38,21,2021-05-30,31.636363636363637
MI,2021,39,22,2021-06-06,35.0
MI,2021,40,23,2021-06-13,35.81818181818182
MI,2021,41,24,2021-06-20,36.18181818181818
MI,2021,42,25,2021-06-27,38.09090909090909
MI,2021,43,26,2021-07-04,41.27272727272727
MI,2021,44,27,2021-07-11,45.18181818181818
MI,2021,45,28,2021-07-18,49.0
MI,2021,46,29,2021-07-25,52.81818181818182
MI,2021,47,30,2021-08-01,53.90909090909091
MI,2021,48,31,2021-08-08,54.18181818181818
MI,2021,49,32,2021-08-15,54.54545454545455
MI,2021,52,35,2021-09-05,45.45454545454545
MI,2022,1,36,2021-09-12,0.36363636363636365
MI,2022,2,37,2021-09-19,0.9090909090909091
MI,2022,3,38,2021-09-26,1.9090909090909092
MI,2022,4,39,2021-10-03,4.090909090909091
MI,2022,5,40,2021-10-10,6.181818181818182
MI,2022,6,41,2021-10-17,8.545454545454545
MI,2022,7,42,2021-10-24,11.181818181818182
MI,2022,8,43,2021-10-31,13.0
MI,2022,9,44,2021-11-07,14.454545454545455
MI,2022,10,45,2021-11-14,15.545454545454545
MI,2022,11,46,2021-11-21,16.363636363636363
MI,2022,12,47,2021-11-28,16.818181818181817
MI,2022,30,13,2022-04-03,16.818181818181817
MI,2022,31,14,2022-04-10,16.818181818181817
MI,2022,32,15,2022-04-17,17.09090909090909
MI,2022,33,16,2022-04-24,17.636363636363637
MI,2022,34,17,2022-05-01,19.727272727272727
MI,2022,35,18,2022-05-08,21.09090909090909
MI,2022,36,19,2022-05-15,24.09090909090909
MI,2022,37,20,2022-05-22,25.09090909090909
MI,2022,38,21,2022-05-29,27.09090909090909
MI,2022,39,22,2022-06-05,30.272727272727273
MI,2022,40,23,2022-06-12,33.63636363636363
MI,2022,41,24,2022-06-19,34.27272727272727
MI,2022,42,25,2022-06-26,35.81818181818182
MI,2022,43,26,2022-07-03,37.27272727272727
MI,2022,44,27,2022-07-10,40.54545454545455
MI,2022,45,28,2022-07-17,44.81818181818182
MI,2022,46,29,2022-07-24,49.09090909090909
MI,2022,47,30,2022-07-31,50.90909090909091
MI,2022,48,31,2022-08-07,51.63636363636363
MI,2022,49,32,2022-08-14,51.90909090909091
MI,2022,50,33,2022-08-21,52.18181818181818
MI,2022,52,35,2022-09-04,43.45454545454545
MI,2023,1,36,2022-09-11,0.0
MI,2023,2,37,2022-09-18,0.45454545454545453
MI,2023,3,38,2022-09-25,2.272727272727273
MI,2023,4,39,2022-10-02,4.181818181818182
MI,2023,5,40,2022-10-09,6.909090909090909
MI,2023,6,41,2022-10-16,10.090909090909092
MI,2023,7,42,2022-10-23,13.0
MI,2023,8,43,2022-10-30,15.272727272727273
MI,2023,9,44,2022-11-06,17.181818181818183
MI,2023,10,45,2022-11-13,17.636363636363637
MI,2023,11,46,2022-11-20,18.0
MI,2023,12,47,2022-11-27,18.181818181818183
MI,2023,30,13,2023-04-02,18.181818181818183
MI,2023,31,14,2023-04-09,18.272727272727273
MI,2023,32,15,2023-04-16,18.727272727272727
MI,2023,33,16,2023-04-23,19.545454545454547
MI,2023,34,17,2023-04-30,20.09090909090909
MI,2023,35,18,2023-05-07,22.09090909090909
MI,2023,36,19,2023-05-14,23.818181818181817
MI,2023,37,20,2023-05-21,26.0
MI,2023,38,21,2023-05-28,28.90909090909091
MI,2023,39,22,2023-06-04,32.09090909090909
MI,2023,40,23,2023-06-11,34.90909090909091
MI,2023,41,24,2023-06-18,35.72727272727273
MI,2023,42,25,2023-06-25,36.36363636363637
MI,2023,43,26,2023-07-02,38.27272727272727
MI,2023,44,27,2023-07-09,40.36363636363637
MI,2023,45,28,2023-07-16,45.27272727272727
MI,2023,46,29,2023-07-23,47.81818181818182
MI,2023,47,30,2023-07-30,49.45454545454545
MI,2023,48,31,2023-08-06,52.81818181818182
MI,2023,49,32,2023-08-13,53.54545454545455
MI,2023,50,33,2023-08-20,54.09090909090909
MI,2023,51,34,2023-08-27,54.45454545454545
MI,2023,52,35,2023-09-03,45.45454545454545
MI,2024,1,36,2023-09-10,0.0
MI,2024,2,37,2023-09-17,0.2727272727272727
MI,2024,3,38,2023-09-24,0.5454545454545454
MI,2024,4,39,2023-10-01,1.7272727272727273
MI,2024,5,40,2023-10-08,4.0
MI,2024,6,41,2023-10-15,6.363636363636363
MI,2024,7,42,2023-10-22,9.090909090909092
MI,2024,8,43,2023-10-29,11.545454545454545
MI,2024,9,44,2023-11-05,13.454545454545455
MI,2024,10,45,2023-11-12,15.272727272727273
MI,2024,11,46,2023-11-19,16.636363636363637
MI,2024,12,47,2023-11-26,17.454545454545453
MI,2024,30,13,2024-03-31,17.454545454545453
MI,2024,31,14,2024-04-07,17.454545454545453
MI,2024,32,15,2024-04-14,18.454545454545453
MI,2024,33,16,2024-04-21,20.545454545454547
MI,2024,34,17,2024-04-28,22.272727272727273
MI,2024,35,18,2024-05-05,23.454545454545453
MI,2024,36,19,2024-05-12,24.272727272727273
MI,2024,37,20,2024-05-19,27.272727272727273
MI,2024,38,21,2024-05-26,30.818181818181817
MI,2024,39,22,2024-06-02,33.27272727272727
MI,2024,40,23,2024-06-09,34.36363636363637
MI,2024,41,24,2024-06-16,35.18181818181818
MI,2024,42,25,2024-06-23,36.90909090909091
MI,2024,43,26,2024-06-30,39.90909090909091
MI,2024,44,27,2024-07-07,45.09090909090909
MI,2024,45,28,2024-07-14,48.45454545454545
MI,2024,46,29,2024-07-21,50.90909090909091
MI,2024,47,30,2024-07-28,52.90909090909091
MI,2024,48,31,2024-08-04,53.45454545454545
MI,2024,49,32,2024-08-11,53.81818181818182
MI,2024,50,33,2024-08-18,53.81818181818182
MI,2024,52,35,2024-09-01,44.81818181818182
MI,2025,1,36,2024-09-08,0.18181818181818182
MI,2025,2,37,2024-09-15,0.9090909090909091
MI,2025,3,38,2024-09-22,1.5454545454545454
MI,2025,4,39,2024-09-29,3.0
MI,2025,5,40,2024-10-06,5.363636363636363
MI,2025,6,41,2024-10-13,8.727272727272727
MI,2025,7,42,2024-10-20,11.454545454545455
MI,2025,8,43,2024-10-27,14.0
MI,2025,9,44,2024-11-03,15.818181818181818
MI,2025,10,45,2024-11-10,17.454545454545453
MI,2025,11,46,2024-11-17,17.818181818181817
MI,2025,12,47,2024-11-24,18.181818181818183
MI,2025,31,14,2025-04-06,18.272727272727273
MI,2025,32,15,2025-04-13,18.272727272727273
MI,2025,33,16,2025-04-20,18.545454545454547
MI,2025,34,17,2025-04-27,20.454545454545453
MI,2025,35,18,2025-05-04,22.09090909090909
MI,2025,36,19,2025-05-11,23.636363636363637
MI,2025,37,20,2025-05-18,25.727272727272727
MI,2025,38,21,2025-05-25,28.454545454545453
MI,2025,39,22,2025-06-01,31.90909090909091
MI,2025,40,23,2025-06-08,34.0
MI,2025,41,24,2025-06-15,35.36363636363637
MI,2025,42,25,2025-06-22,35.72727272727273
MI,2025,43,26,2025-06-29,36.72727272727273
MI,2025,44,27,2025-07-06,37.18181818181818
MI,2025,45,28,2025-07-13,39.09090909090909
MI,2025,46,29,2025-07-20,41.81818181818182
MI,2025,47,30,2025-07-27,43.0
MI,2025,48,31,2025-08-03,44.45454545454545
MI,2025,49,32,2025-08-10,45.27272727272727
MI,2025,50,33,2025-08-17,45.45454545454545
MI,2025,51,34,2025-08-24,45.45454545454545
MI,2025,52,35,2025-08-31,45.45454545454545
MI,2026,1,36,2025-09-07,0.0
MI,2026,2,37,2025-09-14,0.36363636363636365
MI,2026,3,38,2025-09-21,0.5454545454545454
MI,2026,4,39,2025-09-28,2.090909090909091
MI,2026,11,46,2025-11-16,17.727272727272727
MI,2026,12,47,2025-11-23,18.09090909090909
MO,2016,1,36,2015-09-06,0.0
MO,2016,2,37,2015-09-13,0.0
MO,2016,3,38,2015-09-20,0.09090909090909091
MO,2016,4,39,2015-09-27,0.5454545454545454
MO,2016,5,40,2015-10-04,1.7272727272727273
MO,2016,6,41,2015-10-11,4.0
MO,2016,7,42,2015-10-18,6.545454545454546
MO,2016,8,43,2015-10-25,8.909090909090908
MO,2016,9,44,2015-11-01,11.727272727272727
MO,2016,10,45,2015-11-08,13.636363636363637
MO,2016,11,46,2015-11-15,15.363636363636363
MO,2016,12,47,2015-11-22,16.90909090909091
MO,2016,13,48,2015-11-29,17.454545454545453
MO,2016,31,14,2016-04-10,17.454545454545453
MO,2016,32,15,2016-04-17,17.454545454545453
MO,2016,33,16,2016-04-24,19.545454545454547
MO,2016,34,17,2016-05-01,22.545454545454547
MO,2016,35,18,2016-05-08,24.636363636363637
MO,2016,36,19,2016-05-15,25.636363636363637
MO,2016,37,20,2016-05-22,26.181818181818183
MO,2016,38,21,2016-05-29,26.181818181818183
MO,2016,39,22,2016-06-05,26.545454545454547
MO,2016,40,23,2016-06-12,28.545454545454547
MO,2016,41,24,2016-06-19,31.0
MO,2016,42,25,2016-06-26,34.0
MO,2016,43,26,2016-07-03,35.09090909090909
MO,2016,44,27,2016-07-10,35.45454545454545
MO,2016,45,28,2016-07-17,35.45454545454545
MO,2016,46,29,2016-07-24,35.45454545454545
MO,2016,47,30,2016-07-31,35.63636363636363
MO,2016,48,31,2016-08-07,35.63636363636363
MO,2016,49,32,2016-08-14,35.63636363636363
MO,2017,1,36,2016-09-11,0.0
MO,2017,2,37,2016-09-18,0.0
MO,2017,3,38,2016-09-25,0.2727272727272727
MO,2017,4,39,2016-10-02,1.0909090909090908
MO,2017,5,40,2016-10-09,2.8181818181818183
MO,2017,6,41,2016-10-16,4.909090909090909
MO,2017,7,42,2016-10-23,6.818181818181818
MO,2017,8,43,2016-10-30,9.363636363636363
MO,2017,9,44,2016-11-06,12.0
MO,2017,10,45,2016-11-13,13.818181818181818
MO,2017,11,46,2016-11-20,15.454545454545455
MO,2017,12,47,2016-11-27,16.454545454545453
MO,2017,31,14,2017-04-09,16.454545454545453
MO,2017,32,15,2017-04-16,18.545454545454547
MO,2017,33,16,2017-04-23,21.545454545454547
MO,2017,34,17,2017-04-30,23.363636363636363
MO,2017,35,18,2017-05-07,24.09090909090909
MO,2017,36,19,2017-05-14,25.09090909090909
MO,2017,37,20,2017-05-21,25.272727272727273
MO,2017,38,21,2017-05-28,25.545454545454547
MO,2017,39,22,2017-06-04,25.727272727272727
MO,2017,40,23,2017-06-11,27.454545454545453
MO,2017,41,24,2017-06-18,30.272727272727273
MO,2017,42,25,2017-06-25,32.45454545454545
MO,2017,43,26,2017-07-02,33.81818181818182
MO,2017,44,27,2017-07-09,34.27272727272727
MO,2017,45,28,2017-07-16,34.54545454545455
MO,2017,46,29,2017-07-23,34.63636363636363
MO,2017,47,30,2017-07-30,34.63636363636363
MO,2017,48,31,2017-08-06,34.63636363636363
MO,2017,49,32,2017-08-13,34.63636363636363
MO,2018,1,36,2017-09-10,0.0
MO,2018,2,37,2017-09-17,0.09090909090909091
MO,2018,3,38,2017-09-24,0.36363636363636365
MO,2018,4,39,2017-10-01,1.1818181818181819
MO,2018,5,40,2017-10-08,2.3636363636363638
MO,2018,6,41,2017-10-15,3.727272727272727
MO,2018,7,42,2017-10-22,6.181818181818182
MO,2018,8,43,2017-10-29,8.181818181818182
MO,2018,9,44,2017-11-05,10.545454545454545
MO,2018,10,45,2017-11-12,13.272727272727273
MO,2018,11,46,2017-11-19,15.0
MO,2018,12,47,2017-11-26,16.272727272727273
MO,2018,17,52,2017-01-01,15.0
MO,2018,30,13,2018-04-01,15.0
MO,2018,31,14,2018-04-08,15.0
MO,2018,32,15,2018-04-15,15.090909090909092
MO,2018,33,16,2018-04-22,15.181818181818182
MO,2018,34,17,2018-04-29,15.363636363636363
MO,2018,35,18,2018-05-06,17.181818181818183
MO,2018,36,19,2018-05-13,20.545454545454547
MO,2018,37,20,2018-05-20,22.636363636363637
MO,2018,38,21,2018-05-27,23.636363636363637
MO,2018,39,22,2018-06-03,24.09090909090909
MO,2018,40,23,2018-06-10,24.818181818181817
MO,2018,41,24,2018-06-17,28.09090909090909
MO,2018,42,25,2018-06-24,30.09090909090909
MO,2018,43,26,2018-07-01,31.818181818181817
MO,2018,44,27,2018-07-08,32.72727272727273
MO,2018,45,28,2018-07-15,33.18181818181818
MO,2018,46,29,2018-07-22,33.18181818181818
MO,2018,47,30,2018-07-29,33.18181818181818
MO,2018,48,31,2018-08-05,33.18181818181818
MO,2018,49,32,2018-08-12,33.18181818181818
MO,2018,50,33,2018-08-19,33.18181818181818
MO,2019,1,36,2018-09-09,0.0
MO,2019,2,37,2018-09-16,0.0
MO,2019,3,38,2018-09-23,0.36363636363636365
MO,2019,4,39,2018-09-30,0.8181818181818182
MO,2019,5,40,2018-10-07,2.0
MO,2019,6,41,2018-10-14,3.0
MO,2019,7,42,2018-10-21,5.090909090909091
MO,2019,8,43,2018-10-28,7.2727272727272725
MO,2019,9,44,2018-11-04,9.818181818181818
MO,2019,10,45,2018-11-11,11.454545454545455
MO,2019,11,46,2018-11-18,13.363636363636363
MO,2019,12,47,2018-11-25,14.636363636363637
MO,2019,30,13,2019-03-31,14.636363636363637
MO,2019,31,14,2019-04-07,14.636363636363637
MO,2019,32,15,2019-04-14,14.636363636363637
MO,2019,33,16,2019-04-21,14.818181818181818
MO,2019,34,17,2019-04-28,15.636363636363637
MO,2019,35,18,2019-05-05,17.0
MO,2019,36,19,2019-05-12,19.272727272727273
MO,2019,37,20,2019-05-19,21.0
MO,2019,38,21,2019-05-26,22.181818181818183
MO,2019,39,22,2019-06-02,23.09090909090909
MO,2019,40,23,2019-06-09,23.454545454545453
MO,2019,41,24,2019-06-16,24.727272727272727
MO,2019,42,25,2019-06-23,25.363636363636363
MO,2019,43,26,2019-06-30,28.454545454545453
MO,2019,44,27,2019-07-07,30.90909090909091
MO,2019,45,28,2019-07-14,32.45454545454545
MO,2019,46,29,2019-07-21,32.81818181818182
MO,2019,47,30,2019-07-28,32.81818181818182
MO,2019,48,31,2019-08-04,32.81818181818182
MO,2019,49,32,2019-08-11,32.81818181818182
MO,2019,50,33,2019-08-18,32.81818181818182
MO,2019,51,34,2019-08-25,32.81818181818182
MO,2020,2,37,2019-09-15,0.0
MO,2020,3,38,2019-09-22,0.09090909090909091
MO,2020,4,39,2019-09-29,0.36363636363636365
MO,2020,5,40,2019-10-06,0.7272727272727273
MO,2020,6,41,2019-10-13,2.727272727272727
MO,2020,7,42,2019-10-20,4.363636363636363
MO,2020,8,43,2019-10-27,6.181818181818182
MO,2020,9,44,2019-11-03,8.0
MO,2020,10,45,2019-11-10,11.363636363636363
MO,2020,11,46,2019-11-17,14.090909090909092
MO,2020,12,47,2019-11-24,15.454545454545455
MO,2020,32,15,2020-04-12,15.454545454545455
MO,2020,33,16,2020-04-19,15.636363636363637
MO,2020,34,17,2020-04-26,17.272727272727273
MO,2020,35,18,2020-05-03,19.272727272727273
MO,2020,36,19,2020-05-10,20.818181818181817
MO,2020,37,20,2020-05-17,22.727272727272727
MO,2020,38,21,2020-05-24,23.636363636363637
MO,2020,39,22,2020-05-31,24.09090909090909
MO,2020,40,23,2020-06-07,24.181818181818183
MO,2020,41,24,2020-06-14,25.818181818181817
MO,2020,42,25,2020-06-21,28.272727272727273
MO,2020,43,26,2020-06-28,30.545454545454547
MO,2020,44,27,2020-07-05,32.36363636363637
MO,2020,45,28,2020-07-12,33.18181818181818
MO,2020,46,29,2020-07-19,33.54545454545455
MO,2020,47,30,2020-07-26,33.63636363636363
MO,2020,48,31,2020-08-02,33.63636363636363
MO,2020,49,32,2020-08-09,33.63636363636363
MO,2020,50,33,2020-08-16,33.63636363636363
MO,2020,51,34,2020-08-23,33.63636363636363
MO,2021,1,36,2020-09-06,0.0
MO,2021,2,37,2020-09-13,0.0
MO,2021,3,38,2020-09-20,0.0
MO,2021,4,39,2020-09-27,0.09090909090909091
MO,2021,5,40,2020-10-04,0.7272727272727273
MO,2021,6,41,2020-10-11,3.0
MO,2021,7,42,2020-10-18,5.454545454545454
MO,2021,8,43,2020-10-25,7.363636363636363
MO,2021,9,44,2020-11-01,9.181818181818182
MO,2021,10,45,2020-11-08,12.0
MO,2021,11,46,2020-11-15,13.909090909090908
MO,2021,12,47,2020-11-22,15.636363636363637
MO,2021,13,48,2020-11-29,16.727272727272727
MO,2021,30,13,2021-04-04,16.727272727272727
MO,2021,31,14,2021-04-11,17.0
MO,2021,32,15,2021-04-18,17.09090909090909
MO,2021,33,16,2021-04-25,17.454545454545453
MO,2021,34,17,2021-05-02,19.545454545454547
MO,2021,35,18,2021-05-09,21.90909090909091
MO,2021,36,19,2021-05-16,24.0
MO,2021,37,20,2021-05-23,25.0
MO,2021,38,21,2021-05-30,25.454545454545453
MO,2021,39,22,2021-06-06,25.454545454545453
MO,2021,40,23,2021-06-13,25.90909090909091
MO,2021,41,24,2021-06-20,28.272727272727273
MO,2021,42,25,2021-06-27,30.454545454545453
MO,2021,43,26,2021-07-04,31.818181818181817
MO,2021,44,27,2021-07-11,33.81818181818182
MO,2021,45,28,2021-07-18,34.54545454545455
MO,2021,46,29,2021-07-25,34.81818181818182
MO,2021,47,30,2021-08-01,34.90909090909091
MO,2021,48,31,2021-08-08,34.90909090909091
MO,2021,52,35,2021-09-05,26.272727272727273
MO,2022,1,36,2021-09-12,0.0
MO,2022,2,37,2021-09-19,0.0
MO,2022,3,38,2021-09-26,0.09090909090909091
MO,2022,4,39,2021-10-03,0.5454545454545454
MO,2022,5,40,2021-10-10,2.4545454545454546
MO,2022,6,41,2021-10-17,4.545454545454546
MO,2022,7,42,2021-10-24,7.636363636363637
MO,2022,8,43,2021-10-31,9.818181818181818
MO,2022,9,44,2021-11-07,12.363636363636363
MO,2022,10,45,2021-11-14,14.363636363636363
MO,2022,11,46,2021-11-21,15.636363636363637
MO,2022,12,47,2021-11-28,16.363636363636363
MO,2022,30,13,2022-04-03,16.454545454545453
MO,2022,31,14,2022-04-10,16.454545454545453
MO,2022,32,15,2022-04-17,16.454545454545453
MO,2022,33,16,2022-04-24,16.636363636363637
MO,2022,34,17,2022-05-01,17.272727272727273
MO,2022,35,18,2022-05-08,18.727272727272727
MO,2022,36,19,2022-05-15,22.0
MO,2022,37,20,2022-05-22,24.363636363636363
MO,2022,38,21,2022-05-29,25.0
MO,2022,39,22,2022-06-05,25.181818181818183
MO,2022,40,23,2022-06-12,25.545454545454547
MO,2022,41,24,2022-06-19,28.545454545454547
MO,2022,42,25,2022-06-26,31.363636363636363
MO,2022,43,26,2022-07-03,33.45454545454545
MO,2022,44,27,2022-07-10,34.36363636363637
MO,2022,45,28,2022-07-17,34.45454545454545
MO,2022,46,29,2022-07-24,34.54545454545455
MO,2022,47,30,2022-07-31,34.54545454545455
MO,2022,48,31,2022-08-07,34.54545454545455
MO,2022,49,32,2022-08-14,34.54545454545455
MO,2022,50,33,2022-08-21,34.54545454545455
MO,2022,52,35,2022-09-04,26.0
MO,2023,1,36,2022-09-11,0.0
MO,2023,2,37,2022-09-18,0.0
MO,2023,3,38,2022-09-25,0.0
MO,2023,4,39,2022-10-02,0.2727272727272727
MO,2023,5,40,2022-10-09,1.3636363636363635
MO,2023,6,41,2022-10-16,3.909090909090909
MO,2023,7,42,2022-10-23,6.2727272727272725
MO,2023,8,43,2022-10-30,9.363636363636363
MO,2023,9,44,2022-11-06,12.727272727272727
MO,2023,10,45,2022-11-13,15.0
MO,2023,11,46,2022-11-20,16.363636363636363
MO,2023,12,47,2022-11-27,17.181818181818183
MO,2023,30,13,2023-04-02,17.181818181818183
MO,2023,31,14,2023-04-09,17.181818181818183
MO,2023,32,15,2023-04-16,17.454545454545453
MO,2023,33,16,2023-04-23,18.272727272727273
MO,2023,34,17,2023-04-30,19.454545454545453
MO,2023,35,18,2023-05-07,20.818181818181817
MO,2023,36,19,2023-05-14,24.181818181818183
MO,2023,37,20,2023-05-21,25.454545454545453
MO,2023,38,21,2023-05-28,26.0
MO,2023,39,22,2023-06-04,26.181818181818183
MO,2023,40,23,2023-06-11,28.09090909090909
MO,2023,41,24,2023-06-18,30.363636363636363
MO,2023,42,25,2023-06-25,32.54545454545455
MO,2023,43,26,2023-07-02,34.27272727272727
MO,2023,44,27,2023-07-09,34.90909090909091
MO,2023,45,28,2023-07-16,35.27272727272727
MO,2023,46,29,2023-07-23,35.36363636363637
MO,2023,47,30,2023-07-30,35.36363636363637
MO,2023,48,31,2023-08-06,35.36363636363637
MO,2023,49,32,2023-08-13,35.36363636363637
MO,2023,50,33,2023-08-20,35.36363636363637
MO,2023,52,35,2023-09-03,26.545454545454547
MO,2024,1,36,2023-09-10,0.09090909090909091
MO,2024,2,37,2023-09-17,0.18181818181818182
MO,2024,3,38,2023-09-24,0.18181818181818182
MO,2024,4,39,2023-10-01,0.7272727272727273
MO,2024,5,40,2023-10-08,1.4545454545454546
MO,2024,6,41,2023-10-15,3.4545454545454546
MO,2024,7,42,2023-10-22,6.0
MO,2024,8,43,2023-10-29,9.272727272727273
MO,2024,9,44,2023-11-05,12.090909090909092
MO,2024,10,45,2023-11-12,13.636363636363637
MO,2024,11,46,2023-11-19,16.0
MO,2024,12,47,2023-11-26,17.0
MO,2024,30,13,2024-03-31,17.0
MO,2024,31,14,2024-04-07,17.181818181818183
MO,2024,32,15,2024-04-14,17.454545454545453
MO,2024,33,16,2024-04-21,19.09090909090909
MO,2024,34,17,2024-04-28,21.636363636363637
MO,2024,35,18,2024-05-05,23.90909090909091
MO,2024,36,19,2024-05-12,25.181818181818183
MO,2024,37,20,2024-05-19,25.636363636363637
MO,2024,38,21,2024-05-26,26.0
MO,2024,39,22,2024-06-02,26.454545454545453
MO,2024,40,23,2024-06-09,27.0
MO,2024,41,24,2024-06-16,29.545454545454547
MO,2024,42,25,2024-06-23,33.0
MO,2024,43,26,2024-06-30,34.45454545454545
MO,2024,44,27,2024-07-07,34.72727272727273
MO,2024,45,28,2024-07-14,34.90909090909091
MO,2024,46,29,2024-07-21,35.09090909090909
MO,2024,47,30,2024-07-28,35.18181818181818
MO,2024,48,31,2024-08-04,35.18181818181818
MO,2024,49,32,2024-08-11,35.18181818181818
MO,2024,50,33,2024-08-18,35.18181818181818
MO,2024,52,35,2024-09-01,26.545454545454547
MO,2025,1,36,2024-09-08,0.0
MO,2025,2,37,2024-09-15,0.09090909090909091
MO,2025,3,38,2024-09-22,0.18181818181818182
MO,2025,4,39,2024-09-29,0.5454545454545454
MO,2025,5,40,2024-10-06,1.0909090909090908
MO,2025,6,41,2024-10-13,2.3636363636363638
MO,2025,7,42,2024-10-20,5.454545454545454
MO,2025,8,43,2024-10-27,7.7272727272727275
MO,2025,9,44,2024-11-03,11.181818181818182
MO,2025,10,45,2024-11-10,13.636363636363637
MO,2025,11,46,2024-11-17,15.363636363636363
MO,2025,12,47,2024-11-24,16.181818181818183
MO,2025,31,14,2025-04-06,16.363636363636363
MO,2025,32,15,2025-04-13,17.0
MO,2025,33,16,2025-04-20,17.363636363636363
MO,2025,34,17,2025-04-27,18.545454545454547
MO,2025,35,18,2025-05-04,20.545454545454547
MO,2025,36,19,2025-05-11,23.09090909090909
MO,2025,37,20,2025-05-18,24.545454545454547
MO,2025,38,21,2025-05-25,24.90909090909091
MO,2025,39,22,2025-06-01,25.181818181818183
MO,2025,40,23,2025-06-08,25.363636363636363
MO,2025,41,24,2025-06-15,26.363636363636363
MO,2025,42,25,2025-06-22,27.90909090909091
MO,2025,43,26,2025-06-29,31.181818181818183
MO,2025,44,27,2025-07-06,33.45454545454545
MO,2025,45,28,2025-07-13,34.09090909090909
MO,2025,46,29,2025-07-20,34.27272727272727
MO,2025,47,30,2025-07-27,34.36363636363637
MO,2025,48,31,2025-08-03,34.36363636363637
MO,2025,49,32,2025-08-10,34.36363636363637
MO,2025,50,33,2025-08-17,34.36363636363637
MO,2025,51,34,2025-08-24,34.36363636363637
MO,2026,1,36,2025-09-07,0.0
MO,2026,2,37,2025-09-14,0.18181818181818182
MO,2026,3,38,2025-09-21,0.36363636363636365
MO,2026,4,39,2025-09-28,0.45454545454545453
MO,2026,11,46,2025-11-16,12.545454545454545
MO,2026,12,47,2025-11-23,14.545454545454545
MS,2016,1,36,2015-09-06,0.0
MS,2016,2,37,2015-09-13,0.0
MS,2016,3,38,2015-09-20,0.18181818181818182
MS,2016,4,39,2015-09-27,0.8181818181818182
MS,2016,5,40,2015-10-04,1.5454545454545454
MS,2016,6,41,2015-10-11,2.727272727272727
MS,2016,7,42,2015-10-18,3.6363636363636362
MS,2016,8,43,2015-10-25,4.818181818181818
MS,2016,9,44,2015-11-01,5.909090909090909
MS,2016,10,45,2015-11-08,7.2727272727272725
MS,2016,11,46,2015-11-15,10.909090909090908
MS,2016,12,47,2015-11-22,12.727272727272727
MS,2016,13,48,2015-11-29,14.636363636363637
MS,2016,29,12,2016-03-27,14.636363636363637
MS,2016,30,13,2016-04-03,14.909090909090908
MS,2016,31,14,2016-04-10,15.636363636363637
MS,2016,32,15,2016-04-17,17.636363636363637
MS,2016,33,16,2016-04-24,19.454545454545453
MS,2016,34,17,2016-05-01,21.636363636363637
MS,2016,35,18,2016-05-08,24.454545454545453
MS,2016,36,19,2016-05-15,27.636363636363637
MS,2016,37,20,2016-05-22,29.818181818181817
MS,2016,38,21,2016-05-29,31.818181818181817
MS,2016,39,22,2016-06-05,33.54545454545455
MS,2016,40,23,2016-06-12,37.81818181818182
MS,2016,41,24,2016-06-19,40.45454545454545
MS,2016,42,25,2016-06-26,41.45454545454545
MS,2016,43,26,2016-07-03,41.72727272727273
MS,2016,44,27,2016-07-10,41.90909090909091
MS,2017,1,36,2016-09-11,0.0
MS,2017,2,37,2016-09-18,0.0
MS,2017,3,38,2016-09-25,0.0
MS,2017,4,39,2016-10-02,0.18181818181818182
MS,2017,5,40,2016-10-09,0.6363636363636364
MS,2017,6,41,2016-10-16,1.0909090909090908
MS,2017,7,42,2016-10-23,2.1818181818181817
MS,2017,8,43,2016-10-30,3.8181818181818183
MS,2017,9,44,2016-11-06,4.7272727272727275
MS,2017,10,45,2016-11-13,5.818181818181818
MS,2017,11,46,2016-11-20,8.454545454545455
MS,2017,12,47,2016-11-27,10.090909090909092
MS,2017,27,10,2017-03-12,10.090909090909092
MS,2017,28,11,2017-03-19,10.181818181818182
MS,2017,29,12,2017-03-26,10.636363636363637
MS,2017,30,13,2017-04-02,12.272727272727273
MS,2017,31,14,2017-04-09,14.636363636363637
MS,2017,32,15,2017-04-16,16.09090909090909
MS,2017,33,16,2017-04-23,18.363636363636363
MS,2017,34,17,2017-04-30,20.545454545454547
MS,2017,35,18,2017-05-07,22.09090909090909
MS,2017,36,19,2017-05-14,24.454545454545453
MS,2017,37,20,2017-05-21,26.727272727272727
MS,2017,38,21,2017-05-28,28.181818181818183
MS,2017,39,22,2017-06-04,30.181818181818183
MS,2017,40,23,2017-06-11,33.09090909090909
MS,2017,41,24,2017-06-18,34.81818181818182
MS,2017,42,25,2017-06-25,36.36363636363637
MS,2017,43,26,2017-07-02,37.09090909090909
MS,2017,44,27,2017-07-09,37.36363636363637
MS,2018,1,36,2017-09-10,0.0
MS,2018,2,37,2017-09-17,0.0
MS,2018,3,38,2017-09-24,0.18181818181818182
MS,2018,4,39,2017-10-01,0.2727272727272727
MS,2018,5,40,2017-10-08,0.36363636363636365
MS,2018,6,41,2017-10-15,0.8181818181818182
MS,2018,7,42,2017-10-22,2.0
MS,2018,8,43,2017-10-29,4.0
MS,2018,9,44,2017-11-05,4.545454545454546
MS,2018,10,45,2017-11-12,6.909090909090909
MS,2018,11,46,2017-11-19,9.090909090909092
MS,2018,12,47,2017-11-26,11.363636363636363
MS,2018,27,10,2018-03-11,11.363636363636363
MS,2018,28,11,2018-03-18,11.454545454545455
MS,2018,29,12,2018-03-25,11.636363636363637
MS,2018,30,13,2018-04-01,11.909090909090908
MS,2018,31,14,2018-04-08,12.727272727272727
MS,2018,32,15,2018-04-15,14.545454545454545
MS,2018,33,16,2018-04-22,16.363636363636363
MS,2018,34,17,2018-04-29,18.363636363636363
MS,2018,35,18,2018-05-06,19.09090909090909
MS,2018,36,19,2018-05-13,22.454545454545453
MS,2018,37,20,2018-05-20,25.454545454545453
MS,2018,38,21,2018-05-27,27.818181818181817
MS,2018,39,22,2018-06-03,29.181818181818183
MS,2018,40,23,2018-06-10,32.45454545454545
MS,2018,41,24,2018-06-17,36.63636363636363
MS,2018,42,25,2018-06-24,37.54545454545455
MS,2018,43,26,2018-07-01,38.54545454545455
MS,2018,44,27,2018-07-08,38.63636363636363
MS,2018,52,35,2018-09-02,32.45454545454545
MS,2019,1,36,2018-09-09,0.0
MS,2019,2,37,2018-09-16,0.0
MS,2019,3,38,2018-09-23,0.09090909090909091
MS,2019,4,39,2018-09-30,0.36363636363636365
MS,2019,5,40,2018-10-07,0.5454545454545454
MS,2019,6,41,2018-10-14,0.9090909090909091
MS,2019,7,42,2018-10-21,1.6363636363636365
MS,2019,8,43,2018-10-28,2.6363636363636362
MS,2019,9,44,2018-11-04,4.454545454545454
MS,2019,10,45,2018-11-11,7.2727272727272725
MS,2019,11,46,2018-11-18,9.090909090909092
MS,2019,12,47,2018-11-25,12.0
MS,2019,13,48,2018-12-02,13.636363636363637
MS,2019,27,10,2019-03-10,13.727272727272727
MS,2019,28,11,2019-03-17,13.818181818181818
MS,2019,29,12,2019-03-24,13.909090909090908
MS,2019,30,13,2019-03-31,14.0
MS,2019,31,14,2019-04-07,14.636363636363637
MS,2019,32,15,2019-04-14,15.909090909090908
MS,2019,33,16,2019-04-21,17.181818181818183
MS,2019,34,17,2019-04-28,18.272727272727273
MS,2019,35,18,2019-05-05,21.454545454545453
MS,2019,36,19,2019-05-12,22.90909090909091
MS,2019,37,20,2019-05-19,24.545454545454547
MS,2019,38,21,2019-05-26,28.181818181818183
MS,2019,39,22,2019-06-02,32.72727272727273
MS,2019,40,23,2019-06-09,35.63636363636363
MS,2019,41,24,2019-06-16,38.45454545454545
MS,2019,42,25,2019-06-23,40.0
MS,2019,43,26,2019-06-30,40.45454545454545
MS,2019,44,27,2019-07-07,40.81818181818182
MS,2019,45,28,2019-07-14,40.90909090909091
MS,2020,2,37,2019-09-15,0.0
MS,2020,3,38,2019-09-22,0.0
MS,2020,4,39,2019-09-29,0.09090909090909091
MS,2020,5,40,2019-10-06,0.36363636363636365
MS,2020,6,41,2019-10-13,0.8181818181818182
MS,2020,7,42,2019-10-20,1.5454545454545454
MS,2020,8,43,2019-10-27,2.3636363636363638
MS,2020,9,44,2019-11-03,4.818181818181818
MS,2020,10,45,2019-11-10,7.181818181818182
MS,2020,11,46,2019-11-17,8.636363636363637
MS,2020,12,47,2019-11-24,9.727272727272727
MS,2020,13,48,2019-12-01,11.181818181818182
MS,2020,14,49,2019-12-08,12.636363636363637
MS,2020,28,11,2020-03-15,12.636363636363637
MS,2020,29,12,2020-03-22,12.727272727272727
MS,2020,30,13,2020-03-29,13.181818181818182
MS,2020,31,14,2020-04-05,14.181818181818182
MS,2020,32,15,2020-04-12,15.818181818181818
MS,2020,33,16,2020-04-19,17.0
MS,2020,34,17,2020-04-26,18.818181818181817
MS,2020,35,18,2020-05-03,21.0
MS,2020,36,19,2020-05-10,21.818181818181817
MS,2020,37,20,2020-05-17,24.272727272727273
MS,2020,38,21,2020-05-24,26.363636363636363
MS,2020,39,22,2020-05-31,28.363636363636363
MS,2020,40,23,2020-06-07,31.363636363636363
MS,2020,41,24,2020-06-14,33.54545454545455
MS,2020,42,25,2020-06-21,36.54545454545455
MS,2020,43,26,2020-06-28,38.27272727272727
MS,2020,44,27,2020-07-05,39.0
MS,2020,45,28,2020-07-12,39.72727272727273
MS,2020,46,29,2020-07-19,39.90909090909091
MS,2021,2,37,2020-09-13,0.0
MS,2021,3,38,2020-09-20,0.0
MS,2021,4,39,2020-09-27,0.09090909090909091
MS,2021,5,40,2020-10-04,0.36363636363636365
MS,2021,6,41,2020-10-11,0.5454545454545454
MS,2021,7,42,2020-10-18,1.1818181818181819
MS,2021,8,43,2020-10-25,2.5454545454545454
MS,2021,9,44,2020-11-01,4.0
MS,2021,10,45,2020-11-08,6.909090909090909
MS,2021,11,46,2020-11-15,10.363636363636363
MS,2021,12,47,2020-11-22,11.636363636363637
MS,2021,13,48,2020-11-29,14.363636363636363
MS,2021,27,10,2021-03-14,14.454545454545455
MS,2021,28,11,2021-03-21,15.181818181818182
MS,2021,29,12,2021-03-28,15.818181818181818
MS,2021,30,13,2021-04-04,16.363636363636363
MS,2021,31,14,2021-04-11,16.90909090909091
MS,2021,32,15,2021-04-18,17.818181818181817
MS,2021,33,16,2021-04-25,20.181818181818183
MS,2021,34,17,2021-05-02,21.818181818181817
MS,2021,35,18,2021-05-09,23.636363636363637
MS,2021,36,19,2021-05-16,26.363636363636363
MS,2021,37,20,2021-05-23,28.90909090909091
MS,2021,38,21,2021-05-30,30.454545454545453
MS,2021,39,22,2021-06-06,32.81818181818182
MS,2021,40,23,2021-06-13,33.36363636363637
MS,2021,41,24,2021-06-20,35.54545454545455
MS,2021,42,25,2021-06-27,39.27272727272727
MS,2021,43,26,2021-07-04,40.54545454545455
MS,2021,44,27,2021-07-11,41.27272727272727
MS,2021,45,28,2021-07-18,41.45454545454545
MS,2021,46,29,2021-07-25,41.63636363636363
MS,2022,2,37,2021-09-19,0.09090909090909091
MS,2022,3,38,2021-09-26,0.36363636363636365
MS,2022,4,39,2021-10-03,1.4545454545454546
MS,2022,5,40,2021-10-10,2.272727272727273
MS,2022,6,41,2021-10-17,2.727272727272727
MS,2022,7,42,2021-10-24,3.727272727272727
MS,2022,8,43,2021-10-31,4.636363636363637
MS,2022,9,44,2021-11-07,6.090909090909091
MS,2022,10,45,2021-11-14,7.545454545454546
MS,2022,11,46,2021-11-21,9.454545454545455
MS,2022,12,47,2021-11-28,12.0
MS,2022,27,10,2022-03-13,12.0
MS,2022,28,11,2022-03-20,12.0
MS,2022,29,12,2022-03-27,12.090909090909092
MS,2022,30,13,2022-04-03,12.272727272727273
MS,2022,31,14,2022-04-10,13.545454545454545
MS,2022,32,15,2022-04-17,14.0
MS,2022,33,16,2022-04-24,15.181818181818182
MS,2022,34,17,2022-05-01,17.181818181818183
MS,2022,35,18,2022-05-08,19.454545454545453
MS,2022,36,19,2022-05-15,21.818181818181817
MS,2022,37,20,2022-05-22,24.818181818181817
MS,2022,38,21,2022-05-29,27.09090909090909
MS,2022,39,22,2022-06-05,30.363636363636363
MS,2022,40,23,2022-06-12,33.63636363636363
MS,2022,41,24,2022-06-19,35.81818181818182
MS,2022,42,25,2022-06-26,37.90909090909091
MS,2022,43,26,2022-07-03,38.54545454545455
MS,2022,44,27,2022-07-10,39.0
MS,2022,45,28,2022-07-17,39.27272727272727
MS,2023,2,37,2022-09-18,0.09090909090909091
MS,2023,3,38,2022-09-25,0.7272727272727273
MS,2023,4,39,2022-10-02,1.1818181818181819
MS,2023,5,40,2022-10-09,1.9090909090909092
MS,2023,6,41,2022-10-16,2.909090909090909
MS,2023,7,42,2022-10-23,3.909090909090909
MS,2023,8,43,2022-10-30,5.0
MS,2023,9,44,2022-11-06,6.181818181818182
MS,2023,10,45,2022-11-13,8.363636363636363
MS,2023,11,46,2022-11-20,10.818181818181818
MS,2023,12,47,2022-11-27,13.818181818181818
MS,2023,27,10,2023-03-12,14.0
MS,2023,28,11,2023-03-19,14.272727272727273
MS,2023,29,12,2023-03-26,14.545454545454545
MS,2023,30,13,2023-04-02,14.818181818181818
MS,2023,31,14,2023-04-09,15.363636363636363
MS,2023,32,15,2023-04-16,16.272727272727273
MS,2023,33,16,2023-04-23,18.545454545454547
MS,2023,34,17,2023-04-30,20.636363636363637
MS,2023,35,18,2023-05-07,22.90909090909091
MS,2023,36,19,2023-05-14,25.90909090909091
MS,2023,37,20,2023-05-21,27.818181818181817
MS,2023,38,21,2023-05-28,30.09090909090909
MS,2023,39,22,2023-06-04,32.45454545454545
MS,2023,40,23,2023-06-11,35.09090909090909
MS,2023,41,24,2023-06-18,37.54545454545455
MS,2023,42,25,2023-06-25,39.45454545454545
MS,2023,43,26,2023-07-02,40.63636363636363
MS,2023,44,27,2023-07-09,40.90909090909091
MS,2023,45,28,2023-07-16,41.09090909090909
MS,2023,52,35,2023-09-03,33.90909090909091
MS,2024,1,36,2023-09-10,0.0
MS,2024,2,37,2023-09-17,0.0
MS,2024,3,38,2023-09-24,0.18181818181818182
MS,2024,4,39,2023-10-01,1.0
MS,2024,5,40,2023-10-08,2.4545454545454546
MS,2024,6,41,2023-10-15,3.6363636363636362
MS,2024,7,42,2023-10-22,5.363636363636363
MS,2024,8,43,2023-10-29,7.363636363636363
MS,2024,9,44,2023-11-05,8.363636363636363
MS,2024,10,45,2023-11-12,10.636363636363637
MS,2024,11,46,2023-11-19,12.090909090909092
MS,2024,12,47,2023-11-26,13.909090909090908
MS,2024,27,10,2024-03-10,14.090909090909092
MS,2024,28,11,2024-03-17,14.363636363636363
MS,2024,29,12,2024-03-24,14.636363636363637
MS,2024,30,13,2024-03-31,15.181818181818182
MS,2024,31,14,2024-04-07,15.545454545454545
MS,2024,32,15,2024-04-14,17.454545454545453
MS,2024,33,16,2024-04-21,18.727272727272727
MS,2024,34,17,2024-04-28,20.636363636363637
MS,2024,35,18,2024-05-05,23.545454545454547
MS,2024,36,19,2024-05-12,26.818181818181817
MS,2024,37,20,2024-05-19,28.363636363636363
MS,2024,38,21,2024-05-26,30.363636363636363
MS,2024,39,22,2024-06-02,33.09090909090909
MS,2024,40,23,2024-06-09,36.0
MS,2024,41,24,2024-06-16,38.09090909090909
MS,2024,42,25,2024-06-23,40.63636363636363
MS,2024,43,26,2024-06-30,41.0
MS,2024,44,27,2024-07-07,41.09090909090909
MS,2024,45,28,2024-07-14,41.18181818181818
MS,2025,1,36,2024-09-08,0.0
MS,2025,2,37,2024-09-15,0.09090909090909091
MS,2025,3,38,2024-09-22,0.2727272727272727
MS,2025,4,39,2024-09-29,1.2727272727272727
MS,2025,5,40,2024-10-06,3.0
MS,2025,6,41,2024-10-13,4.090909090909091
MS,2025,7,42,2024-10-20,6.636363636363637
MS,2025,8,43,2024-10-27,7.363636363636363
MS,2025,9,44,2024-11-03,7.909090909090909
MS,2025,10,45,2024-11-10,11.0
MS,2025,11,46,2024-11-17,13.636363636363637
MS,2025,12,47,2024-11-24,15.090909090909092
MS,2025,27,10,2025-03-09,15.090909090909092
MS,2025,28,11,2025-03-16,15.181818181818182
MS,2025,29,12,2025-03-23,15.454545454545455
MS,2025,30,13,2025-03-30,15.727272727272727
MS,2025,31,14,2025-04-06,16.636363636363637
MS,2025,32,15,2025-04-13,18.09090909090909
MS,2025,33,16,2025-04-20,20.272727272727273
MS,2025,34,17,2025-04-27,21.454545454545453
MS,2025,35,18,2025-05-04,22.818181818181817
MS,2025,36,19,2025-05-11,25.0
MS,2025,37,20,2025-05-18,26.90909090909091
MS,2025,38,21,2025-05-25,30.727272727272727
MS,2025,39,22,2025-06-01,32.27272727272727
MS,2025,40,23,2025-06-08,35.63636363636363
MS,2025,41,24,2025-06-15,37.72727272727273
MS,2025,42,25,2025-06-22,39.18181818181818
MS,2025,43,26,2025-06-29,41.0
MS,2025,44,27,2025-07-06,41.72727272727273
MS,2025,45,28,2025-07-13,42.0
MS,2025,46,29,2025-07-20,42.36363636363637
MS,2025,47,30,2025-07-27,42.36363636363637
MS,2026,2,37,2025-09-14,0.0
MS,2026,3,38,2025-09-21,0.09090909090909091
MS,2026,4,39,2025-09-28,0.36363636363636365
MS,2026,11,46,2025-11-16,12.818181818181818
MS,2026,12,47,2025-11-23,14.090909090909092
MT,2016,3,38,2015-09-20,3.5454545454545454
MT,2016,4,39,2015-09-27,7.363636363636363
MT,2016,5,40,2015-10-04,11.090909090909092
MT,2016,6,41,2015-10-11,14.090909090909092
MT,2016,7,42,2015-10-18,15.636363636363637
MT,2016,8,43,2015-10-25,16.454545454545453
MT,2016,9,44,2015-11-01,17.272727272727273
MT,2016,10,45,2015-11-08,17.727272727272727
MT,2016,11,46,2015-11-15,17.818181818181817
MT,2016,12,47,2015-11-22,17.90909090909091
MT,2016,13,48,2015-11-29,18.0
MT,2016,30,13,2016-04-03,20.90909090909091
MT,2016,31,14,2016-04-10,23.454545454545453
MT,2016,32,15,2016-04-17,25.727272727272727
MT,2016,33,16,2016-04-24,26.818181818181817
MT,2016,34,17,2016-05-01,26.90909090909091
MT,2016,35,18,2016-05-08,29.0
MT,2016,36,19,2016-05-15,29.727272727272727
MT,2016,37,20,2016-05-22,31.0
MT,2016,38,21,2016-05-29,33.81818181818182
MT,2016,39,22,2016-06-05,37.18181818181818
MT,2016,40,23,2016-06-12,41.63636363636363
MT,2016,41,24,2016-06-19,44.81818181818182
MT,2016,42,25,2016-06-26,47.81818181818182
MT,2016,43,26,2016-07-03,49.18181818181818
MT,2016,44,27,2016-07-10,52.18181818181818
MT,2016,45,28,2016-07-17,53.09090909090909
MT,2016,46,29,2016-07-24,54.72727272727273
MT,2016,47,30,2016-07-31,57.81818181818182
MT,2016,48,31,2016-08-07,60.36363636363637
MT,2016,49,32,2016-08-14,61.45454545454545
MT,2016,50,33,2016-08-21,61.72727272727273
MT,2016,52,35,2016-09-04,52.63636363636363
MT,2017,1,36,2016-09-11,0.2727272727272727
MT,2017,2,37,2016-09-18,2.090909090909091
MT,2017,3,38,2016-09-25,4.2727272727272725
MT,2017,4,39,2016-10-02,9.363636363636363
MT,2017,5,40,2016-10-09,11.818181818181818
MT,2017,6,41,2016-10-16,14.090909090909092
MT,2017,7,42,2016-10-23,15.181818181818182
MT,2017,8,43,2016-10-30,15.727272727272727
MT,2017,9,44,2016-11-06,16.181818181818183
MT,2017,10,45,2016-11-13,17.09090909090909
MT,2017,11,46,2016-11-20,17.545454545454547
MT,2017,12,47,2016-11-27,17.636363636363637
MT,2017,29,12,2017-03-26,18.363636363636363
MT,2017,30,13,2017-04-02,23.181818181818183
MT,2017,31,14,2017-04-09,25.181818181818183
MT,2017,32,15,2017-04-16,26.272727272727273
MT,2017,33,16,2017-04-23,26.272727272727273
MT,2017,34,17,2017-04-30,26.363636363636363
MT,2017,35,18,2017-05-07,26.727272727272727
MT,2017,36,19,2017-05-14,27.181818181818183
MT,2017,37,20,2017-05-21,28.454545454545453
MT,2017,38,21,2017-05-28,29.545454545454547
MT,2017,39,22,2017-06-04,32.90909090909091
MT,2017,40,23,2017-06-11,37.27272727272727
MT,2017,41,24,2017-06-18,42.27272727272727
MT,2017,42,25,2017-06-25,44.18181818181818
MT,2017,43,26,2017-07-02,47.18181818181818
MT,2017,44,27,2017-07-09,50.63636363636363
MT,2017,45,28,2017-07-16,53.45454545454545
MT,2017,46,29,2017-07-23,56.54545454545455
MT,2017,47,30,2017-07-30,58.90909090909091
MT,2017,48,31,2017-08-06,61.0
MT,2017,49,32,2017-08-13,61.36363636363637
MT,2017,50,33,2017-08-20,61.63636363636363
MT,2017,51,34,2017-08-27,52.63636363636363
MT,2017,52,35,2017-09-03,52.81818181818182
MT,2018,1,36,2017-09-10,1.1818181818181819
MT,2018,2,37,2017-09-17,1.4545454545454546
MT,2018,3,38,2017-09-24,2.090909090909091
MT,2018,4,39,2017-10-01,5.0
MT,2018,5,40,2017-10-08,9.909090909090908
MT,2018,6,41,2017-10-15,12.181818181818182
MT,2018,7,42,2017-10-22,14.363636363636363
MT,2018,8,43,2017-10-29,15.818181818181818
MT,2018,9,44,2017-11-05,16.363636363636363
MT,2018,10,45,2017-11-12,17.181818181818183
MT,2018,11,46,2017-11-19,17.545454545454547
MT,2018,12,47,2017-11-26,17.727272727272727
MT,2018,29,12,2018-03-25,17.727272727272727
MT,2018,30,13,2018-04-01,18.0
MT,2018,31,14,2018-04-08,18.818181818181817
MT,2018,32,15,2018-04-15,19.272727272727273
MT,2018,33,16,2018-04-22,22.727272727272727
MT,2018,34,17,2018-04-29,25.818181818181817
MT,2018,35,18,2018-05-06,26.363636363636363
MT,2018,36,19,2018-05-13,27.545454545454547
MT,2018,37,20,2018-05-20,29.09090909090909
MT,2018,38,21,2018-05-27,29.545454545454547
MT,2018,39,22,2018-06-03,32.0
MT,2018,40,23,2018-06-10,34.81818181818182
MT,2018,41,24,2018-06-17,37.63636363636363
MT,2018,42,25,2018-06-24,40.90909090909091
MT,2018,43,26,2018-07-01,44.09090909090909
MT,2018,44,27,2018-07-08,48.18181818181818
MT,2018,45,28,2018-07-15,50.45454545454545
MT,2018,46,29,2018-07-22,52.36363636363637
MT,2018,47,30,2018-07-29,54.36363636363637
MT,2018,48,31,2018-08-05,56.63636363636363
MT,2018,49,32,2018-08-12,58.72727272727273
MT,2018,50,33,2018-08-19,60.36363636363637
MT,2018,51,34,2018-08-26,60.90909090909091
MT,2018,52,35,2018-09-02,61.27272727272727
MT,2019,1,36,2018-09-09,0.0
MT,2019,2,37,2018-09-16,0.0
MT,2019,3,38,2018-09-23,0.8181818181818182
MT,2019,4,39,2018-09-30,4.2727272727272725
MT,2019,5,40,2018-10-07,8.363636363636363
MT,2019,6,41,2018-10-14,11.545454545454545
MT,2019,7,42,2018-10-21,13.181818181818182
MT,2019,8,43,2018-10-28,15.454545454545455
MT,2019,9,44,2018-11-04,16.363636363636363
MT,2019,10,45,2018-11-11,17.09090909090909
MT,2019,11,46,2018-11-18,17.454545454545453
MT,2019,12,47,2018-11-25,17.545454545454547
MT,2019,29,12,2019-03-24,17.636363636363637
MT,2019,30,13,2019-03-31,18.454545454545453
MT,2019,31,14,2019-04-07,20.272727272727273
MT,2019,32,15,2019-04-14,21.636363636363637
MT,2019,33,16,2019-04-21,23.90909090909091
MT,2019,34,17,2019-04-28,25.90909090909091
MT,2019,35,18,2019-05-05,26.272727272727273
MT,2019,36,19,2019-05-12,26.363636363636363
MT,2019,37,20,2019-05-19,26.454545454545453
MT,2019,38,21,2019-05-26,27.636363636363637
MT,2019,39,22,2019-06-02,29.0
MT,2019,40,23,2019-06-09,30.454545454545453
MT,2019,41,24,2019-06-16,34.36363636363637
MT,2019,42,25,2019-06-23,38.45454545454545
MT,2019,43,26,2019-06-30,43.09090909090909
MT,2019,44,27,2019-07-07,45.81818181818182
MT,2019,45,28,2019-07-14,48.27272727272727
MT,2019,46,29,2019-07-21,50.36363636363637
MT,2019,47,30,2019-07-28,51.90909090909091
MT,2019,48,31,2019-08-04,54.81818181818182
MT,2019,49,32,2019-08-11,57.0
MT,2019,50,33,2019-08-18,58.72727272727273
MT,2019,51,34,2019-08-25,59.72727272727273
MT,2019,52,35,2019-09-01,60.09090909090909
MT,2020,1,36,2019-09-08,8.181818181818182
MT,2020,2,37,2019-09-15,8.727272727272727
MT,2020,3,38,2019-09-22,10.090909090909092
MT,2020,4,39,2019-09-29,12.636363636363637
MT,2020,5,40,2019-10-06,14.181818181818182
MT,2020,6,41,2019-10-13,16.818181818181817
MT,2020,7,42,2019-10-20,19.818181818181817
MT,2020,8,43,2019-10-27,22.0
MT,2020,9,44,2019-11-03,23.0
MT,2020,10,45,2019-11-10,23.545454545454547
MT,2020,11,46,2019-11-17,24.545454545454547
MT,2020,12,47,2019-11-24,25.09090909090909
MT,2020,30,13,2020-03-29,25.636363636363637
MT,2020,31,14,2020-04-05,28.272727272727273
MT,2020,32,15,2020-04-12,29.545454545454547
MT,2020,33,16,2020-04-19,31.0
MT,2020,34,17,2020-04-26,32.81818181818182
MT,2020,35,18,2020-05-03,33.90909090909091
MT,2020,36,19,2020-05-10,34.0
MT,2020,37,20,2020-05-17,34.63636363636363
MT,2020,38,21,2020-05-24,35.0
MT,2020,39,22,2020-05-31,27.727272727272727
MT,2020,40,23,2020-06-07,29.363636363636363
MT,2020,41,24,2020-06-14,33.54545454545455
MT,2020,42,25,2020-06-21,37.63636363636363
MT,2020,43,26,2020-06-28,40.81818181818182
MT,2020,44,27,2020-07-05,45.54545454545455
MT,2020,45,28,2020-07-12,48.72727272727273
MT,2020,46,29,2020-07-19,50.72727272727273
MT,2020,47,30,2020-07-26,52.45454545454545
MT,2020,48,31,2020-08-02,53.54545454545455
MT,2020,49,32,2020-08-09,55.81818181818182
MT,2020,50,33,2020-08-16,57.18181818181818
MT,2020,51,34,2020-08-23,59.18181818181818
MT,2020,52,35,2020-08-30,60.18181818181818
MT,2021,1,36,2020-09-06,9.272727272727273
MT,2021,2,37,2020-09-13,10.0
MT,2021,3,38,2020-09-20,10.454545454545455
MT,2021,4,39,2020-09-27,12.363636363636363
MT,2021,5,40,2020-10-04,15.363636363636363
MT,2021,6,41,2020-10-11,18.454545454545453
MT,2021,7,42,2020-10-18,21.0
MT,2021,8,43,2020-10-25,22.727272727272727
MT,2021,9,44,2020-11-01,24.0
MT,2021,10,45,2020-11-08,25.545454545454547
MT,2021,11,46,2020-11-15,26.181818181818183
MT,2021,12,47,2020-11-22,26.363636363636363
MT,2021,13,48,2020-11-29,26.545454545454547
MT,2021,29,12,2021-03-28,28.181818181818183
MT,2021,30,13,2021-04-04,30.09090909090909
MT,2021,31,14,2021-04-11,31.272727272727273
MT,2021,32,15,2021-04-18,32.45454545454545
MT,2021,33,16,2021-04-25,33.54545454545455
MT,2021,34,17,2021-05-02,34.54545454545455
MT,2021,35,18,2021-05-09,35.36363636363637
MT,2021,36,19,2021-05-16,36.0
MT,2021,37,20,2021-05-23,36.90909090909091
MT,2021,38,21,2021-05-30,39.81818181818182
MT,2021,39,22,2021-06-06,31.363636363636363
MT,2021,40,23,2021-06-13,34.45454545454545
MT,2021,41,24,2021-06-20,38.72727272727273
MT,2021,42,25,2021-06-27,42.54545454545455
MT,2021,43,26,2021-07-04,46.36363636363637
MT,2021,44,27,2021-07-11,49.36363636363637
MT,2021,45,28,2021-07-18,52.36363636363637
MT,2021,46,29,2021-07-25,55.0
MT,2021,47,30,2021-08-01,57.36363636363637
MT,2021,48,31,2021-08-08,59.0
MT,2021,49,32,2021-08-15,60.36363636363637
MT,2021,50,33,2021-08-22,61.27272727272727
MT,2021,52,35,2021-09-05,52.54545454545455
MT,2022,1,36,2021-09-12,1.2727272727272727
MT,2022,2,37,2021-09-19,2.6363636363636362
MT,2022,3,38,2021-09-26,4.7272727272727275
MT,2022,4,39,2021-10-03,6.454545454545454
MT,2022,5,40,2021-10-10,9.272727272727273
MT,2022,6,41,2021-10-17,11.636363636363637
MT,2022,7,42,2021-10-24,13.727272727272727
MT,2022,8,43,2021-10-31,15.454545454545455
MT,2022,9,44,2021-11-07,16.272727272727273
MT,2022,10,45,2021-11-14,16.454545454545453
MT,2022,11,46,2021-11-21,16.818181818181817
MT,2022,12,47,2021-11-28,17.09090909090909
MT,2022,29,12,2022-03-27,18.454545454545453
MT,2022,30,13,2022-04-03,20.181818181818183
MT,2022,31,14,2022-04-10,22.09090909090909
MT,2022,32,15,2022-04-17,23.727272727272727
MT,2022,33,16,2022-04-24,24.272727272727273
MT,2022,34,17,2022-05-01,25.0
MT,2022,35,18,2022-05-08,26.636363636363637
MT,2022,36,19,2022-05-15,28.454545454545453
MT,2022,37,20,2022-05-22,29.0
MT,2022,38,21,2022-05-29,30.181818181818183
MT,2022,39,22,2022-06-05,32.81818181818182
MT,2022,40,23,2022-06-12,34.18181818181818
MT,2022,41,24,2022-06-19,37.18181818181818
MT,2022,42,25,2022-06-26,40.09090909090909
MT,2022,43,26,2022-07-03,42.36363636363637
MT,2022,44,27,2022-07-10,44.90909090909091
MT,2022,45,28,2022-07-17,48.90909090909091
MT,2022,46,29,2022-07-24,52.27272727272727
MT,2022,47,30,2022-07-31,55.63636363636363
MT,2022,48,31,2022-08-07,57.36363636363637
MT,2022,49,32,2022-08-14,59.18181818181818
MT,2022,50,33,2022-08-21,61.09090909090909
MT,2022,51,34,2022-08-28,52.81818181818182
MT,2022,52,35,2022-09-04,53.0
MT,2023,1,36,2022-09-11,1.7272727272727273
MT,2023,2,37,2022-09-18,3.6363636363636362
MT,2023,3,38,2022-09-25,6.818181818181818
MT,2023,4,39,2022-10-02,8.818181818181818
MT,2023,5,40,2022-10-09,11.545454545454545
MT,2023,6,41,2022-10-16,13.818181818181818
MT,2023,7,42,2022-10-23,15.454545454545455
MT,2023,8,43,2022-10-30,16.545454545454547
MT,2023,9,44,2022-11-06,17.454545454545453
MT,2023,10,45,2022-11-13,17.727272727272727
MT,2023,11,46,2022-11-20,18.0
MT,2023,12,47,2022-11-27,18.09090909090909
MT,2023,29,12,2023-03-26,18.363636363636363
MT,2023,30,13,2023-04-02,18.454545454545453
MT,2023,31,14,2023-04-09,18.727272727272727
MT,2023,32,15,2023-04-16,23.545454545454547
MT,2023,33,16,2023-04-23,24.636363636363637
MT,2023,34,17,2023-04-30,25.90909090909091
MT,2023,35,18,2023-05-07,27.454545454545453
MT,2023,36,19,2023-05-14,28.09090909090909
MT,2023,37,20,2023-05-21,32.63636363636363
MT,2023,38,21,2023-05-28,35.0
MT,2023,39,22,2023-06-04,36.09090909090909
MT,2023,40,23,2023-06-11,40.45454545454545
MT,2023,41,24,2023-06-18,42.54545454545455
MT,2023,42,25,2023-06-25,44.90909090909091
MT,2023,43,26,2023-07-02,46.90909090909091
MT,2023,44,27,2023-07-09,50.81818181818182
MT,2023,45,28,2023-07-16,53.27272727272727
MT,2023,46,29,2023-07-23,54.54545454545455
MT,2023,47,30,2023-07-30,57.27272727272727
MT,2023,48,31,2023-08-06,59.63636363636363
MT,2023,49,32,2023-08-13,62.18181818181818
MT,2023,50,33,2023-08-20,62.90909090909091
MT,2023,51,34,2023-08-27,63.09090909090909
MT,2023,52,35,2023-09-03,55.27272727272727
MT,2024,1,36,2023-09-10,9.090909090909092
MT,2024,2,37,2023-09-17,10.363636363636363
MT,2024,3,38,2023-09-24,12.181818181818182
MT,2024,4,39,2023-10-01,14.0
MT,2024,5,40,2023-10-08,18.545454545454547
MT,2024,6,41,2023-10-15,20.90909090909091
MT,2024,7,42,2023-10-22,21.545454545454547
MT,2024,8,43,2023-10-29,24.636363636363637
MT,2024,9,44,2023-11-05,25.363636363636363
MT,2024,10,45,2023-11-12,26.0
MT,2024,11,46,2023-11-19,26.454545454545453
MT,2024,12,47,2023-11-26,26.636363636363637
MT,2024,29,12,2024-03-24,27.818181818181817
MT,2024,30,13,2024-03-31,30.454545454545453
MT,2024,31,14,2024-04-07,32.09090909090909
MT,2024,32,15,2024-04-14,33.0
MT,2024,33,16,2024-04-21,34.90909090909091
MT,2024,34,17,2024-04-28,35.09090909090909
MT,2024,35,18,2024-05-05,35.18181818181818
MT,2024,36,19,2024-05-12,35.72727272727273
MT,2024,37,20,2024-05-19,37.45454545454545
MT,2024,38,21,2024-05-26,39.81818181818182
MT,2024,39,22,2024-06-02,34.27272727272727
MT,2024,40,23,2024-06-09,35.81818181818182
MT,2024,41,24,2024-06-16,38.72727272727273
MT,2024,42,25,2024-06-23,41.63636363636363
MT,2024,43,26,2024-06-30,45.54545454545455
MT,2024,44,27,2024-07-07,49.90909090909091
MT,2024,45,28,2024-07-14,50.90909090909091
MT,2024,46,29,2024-07-21,51.45454545454545
MT,2024,47,30,2024-07-28,53.54545454545455
MT,2024,48,31,2024-08-04,57.36363636363637
MT,2024,49,32,2024-08-11,59.0
MT,2024,50,33,2024-08-18,59.54545454545455
MT,2024,51,34,2024-08-25,60.18181818181818
MT,2024,52,35,2024-09-01,52.09090909090909
MT,2025,1,36,2024-09-08,8.818181818181818
MT,2025,2,37,2024-09-15,10.727272727272727
MT,2025,3,38,2024-09-22,12.545454545454545
MT,2025,4,39,2024-09-29,16.363636363636363
MT,2025,5,40,2024-10-06,19.0
MT,2025,6,41,2024-10-13,20.09090909090909
MT,2025,7,42,2024-10-20,21.545454545454547
MT,2025,8,43,2024-10-27,23.181818181818183
MT,2025,9,44,2024-11-03,24.545454545454547
MT,2025,10,45,2024-11-10,25.454545454545453
MT,2025,11,46,2024-11-17,26.0
MT,2025,12,47,2024-11-24,26.363636363636363
MT,2025,30,13,2025-03-30,26.636363636363637
MT,2025,31,14,2025-04-06,28.727272727272727
MT,2025,32,15,2025-04-13,30.454545454545453
MT,2025,33,16,2025-04-20,33.0
MT,2025,34,17,2025-04-27,33.36363636363637
MT,2025,35,18,2025-05-04,33.45454545454545
MT,2025,36,19,2025-05-11,34.18181818181818
MT,2025,37,20,2025-05-18,35.81818181818182
MT,2025,38,21,2025-05-25,37.36363636363637
MT,2025,39,22,2025-06-01,31.818181818181817
MT,2025,40,23,2025-06-08,33.27272727272727
MT,2025,41,24,2025-06-15,35.0
MT,2025,42,25,2025-06-22,36.54545454545455
MT,2025,43,26,2025-06-29,37.63636363636363
MT,2025,44,27,2025-07-06,39.45454545454545
MT,2025,45,28,2025-07-13,43.09090909090909
MT,2025,46,29,2025-07-20,44.54545454545455
MT,2025,47,30,2025-07-27,48.54545454545455
MT,2025,48,31,2025-08-03,51.81818181818182
MT,2025,49,32,2025-08-10,55.36363636363637
MT,2025,50,33,2025-08-17,58.18181818181818
MT,2025,51,34,2025-08-24,59.72727272727273
MT,2025,52,35,2025-08-31,60.54545454545455
MT,2026,1,36,2025-09-07,8.818181818181818
MT,2026,2,37,2025-09-14,9.727272727272727
MT,2026,3,38,2025-09-21,11.454545454545455
MT,2026,4,39,2025-09-28,15.0
MT,2026,11,46,2025-11-16,25.0
MT,2026,12,47,2025-11-23,26.09090909090909
NC,2016,2,37,2015-09-13,0.0
NC,2016,3,38,2015-09-20,0.0
NC,2016,4,39,2015-09-27,0.0
NC,2016,5,40,2015-10-04,0.0
NC,2016,6,41,2015-10-11,0.2727272727272727
NC,2016,7,42,2015-10-18,1.0
NC,2016,8,43,2015-10-25,2.272727272727273
NC,2016,9,44,2015-11-01,4.090909090909091
NC,2016,10,45,2015-11-08,5.636363636363637
NC,2016,11,46,2015-11-15,7.0
NC,2016,12,47,2015-11-22,8.818181818181818
NC,2016,13,48,2015-11-29,12.272727272727273
NC,2016,30,13,2016-04-03,12.272727272727273
NC,2016,31,14,2016-04-10,12.636363636363637
NC,2016,32,15,2016-04-17,14.272727272727273
NC,2016,33,16,2016-04-24,15.909090909090908
NC,2016,34,17,2016-05-01,17.636363636363637
NC,2016,35,18,2016-05-08,19.727272727272727
NC,2016,36,19,2016-05-15,20.545454545454547
NC,2016,37,20,2016-05-22,20.90909090909091
NC,2016,38,21,2016-05-29,21.181818181818183
NC,2016,39,22,2016-06-05,21.545454545454547
NC,2016,40,23,2016-06-12,23.363636363636363
NC,2016,41,24,2016-06-19,27.09090909090909
NC,2016,42,25,2016-06-26,28.727272727272727
NC,2016,43,26,2016-07-03,29.90909090909091
NC,2016,44,27,2016-07-10,30.272727272727273
NC,2016,45,28,2016-07-17,30.363636363636363
NC,2016,46,29,2016-07-24,30.454545454545453
NC,2016,47,30,2016-07-31,30.454545454545453
NC,2016,48,31,2016-08-07,30.454545454545453
NC,2016,49,32,2016-08-14,30.454545454545453
NC,2017,1,36,2016-09-11,0.0
NC,2017,2,37,2016-09-18,0.0
NC,2017,3,38,2016-09-25,0.0
NC,2017,4,39,2016-10-02,0.0
NC,2017,5,40,2016-10-09,0.2727272727272727
NC,2017,6,41,2016-10-16,0.5454545454545454
NC,2017,7,42,2016-10-23,1.8181818181818181
NC,2017,8,43,2016-10-30,4.181818181818182
NC,2017,9,44,2016-11-06,6.0
NC,2017,10,45,2016-11-13,7.818181818181818
NC,2017,11,46,2016-11-20,11.0
NC,2017,12,47,2016-11-27,12.545454545454545
NC,2017,30,13,2017-04-02,12.636363636363637
NC,2017,31,14,2017-04-09,13.272727272727273
NC,2017,32,15,2017-04-16,14.454545454545455
NC,2017,33,16,2017-04-23,17.90909090909091
NC,2017,34,17,2017-04-30,20.636363636363637
NC,2017,35,18,2017-05-07,21.272727272727273
NC,2017,36,19,2017-05-14,21.545454545454547
NC,2017,37,20,2017-05-21,21.636363636363637
NC,2017,38,21,2017-05-28,21.727272727272727
NC,2017,39,22,2017-06-04,23.272727272727273
NC,2017,40,23,2017-06-11,25.09090909090909
NC,2017,41,24,2017-06-18,27.454545454545453
NC,2017,42,25,2017-06-25,29.181818181818183
NC,2017,43,26,2017-07-02,30.0
NC,2017,44,27,2017-07-09,30.454545454545453
NC,2017,45,28,2017-07-16,30.636363636363637
NC,2017,46,29,2017-07-23,30.727272727272727
NC,2017,47,30,2017-07-30,30.727272727272727
NC,2017,48,31,2017-08-06,30.727272727272727
NC,2017,49,32,2017-08-13,30.727272727272727
NC,2018,1,36,2017-09-10,0.0
NC,2018,2,37,2017-09-17,0.09090909090909091
NC,2018,3,38,2017-09-24,0.18181818181818182
NC,2018,4,39,2017-10-01,0.2727272727272727
NC,2018,5,40,2017-10-08,0.8181818181818182
NC,2018,6,41,2017-10-15,1.6363636363636365
NC,2018,7,42,2017-10-22,2.8181818181818183
NC,2018,8,43,2017-10-29,5.454545454545454
NC,2018,9,44,2017-11-05,8.636363636363637
NC,2018,10,45,2017-11-12,11.363636363636363
NC,2018,11,46,2017-11-19,12.545454545454545
NC,2018,12,47,2017-11-26,14.545454545454545
NC,2018,30,13,2018-04-01,14.545454545454545
NC,2018,31,14,2018-04-08,14.636363636363637
NC,2018,32,15,2018-04-15,15.090909090909092
NC,2018,33,16,2018-04-22,16.363636363636363
NC,2018,34,17,2018-04-29,19.09090909090909
NC,2018,35,18,2018-05-06,21.272727272727273
NC,2018,36,19,2018-05-13,22.454545454545453
NC,2018,37,20,2018-05-20,23.09090909090909
NC,2018,38,21,2018-05-27,23.363636363636363
NC,2018,39,22,2018-06-03,23.727272727272727
NC,2018,40,23,2018-06-10,26.363636363636363
NC,2018,41,24,2018-06-17,28.454545454545453
NC,2018,42,25,2018-06-24,30.454545454545453
NC,2018,43,26,2018-07-01,31.545454545454547
NC,2018,44,27,2018-07-08,32.27272727272727
NC,2018,45,28,2018-07-15,32.54545454545455
NC,2018,46,29,2018-07-22,32.72727272727273
NC,2018,47,30,2018-07-29,32.72727272727273
NC,2018,48,31,2018-08-05,32.72727272727273
NC,2018,49,32,2018-08-12,32.72727272727273
NC,2018,50,33,2018-08-19,32.72727272727273
NC,2019,1,36,2018-09-09,0.0
NC,2019,2,37,2018-09-16,0.0
NC,2019,3,38,2018-09-23,0.0
NC,2019,4,39,2018-09-30,0.09090909090909091
NC,2019,5,40,2018-10-07,0.5454545454545454
NC,2019,6,41,2018-10-14,0.8181818181818182
NC,2019,7,42,2018-10-21,1.2727272727272727
NC,2019,8,43,2018-10-28,3.090909090909091
NC,2019,9,44,2018-11-04,4.909090909090909
NC,2019,10,45,2018-11-11,7.0
NC,2019,11,46,2018-11-18,8.363636363636363
NC,2019,12,47,2018-11-25,9.545454545454545
NC,2019,30,13,2019-03-31,9.545454545454545
NC,2019,31,14,2019-04-07,9.545454545454545
NC,2019,32,15,2019-04-14,9.727272727272727
NC,2019,33,16,2019-04-21,10.363636363636363
NC,2019,34,17,2019-04-28,13.272727272727273
NC,2019,35,18,2019-05-05,15.545454545454545
NC,2019,36,19,2019-05-12,16.818181818181817
NC,2019,37,20,2019-05-19,17.727272727272727
NC,2019,38,21,2019-05-26,18.0
NC,2019,39,22,2019-06-02,19.545454545454547
NC,2019,40,23,2019-06-09,21.454545454545453
NC,2019,41,24,2019-06-16,22.636363636363637
NC,2019,42,25,2019-06-23,24.181818181818183
NC,2019,43,26,2019-06-30,25.272727272727273
NC,2019,44,27,2019-07-07,26.727272727272727
NC,2019,45,28,2019-07-14,27.09090909090909
NC,2019,46,29,2019-07-21,27.727272727272727
NC,2019,47,30,2019-07-28,27.727272727272727
NC,2019,48,31,2019-08-04,27.727272727272727
NC,2019,49,32,2019-08-11,27.727272727272727
NC,2019,50,33,2019-08-18,27.727272727272727
NC,2019,51,34,2019-08-25,27.727272727272727
NC,2020,2,37,2019-09-15,0.0
NC,2020,3,38,2019-09-22,0.0
NC,2020,4,39,2019-09-29,0.09090909090909091
NC,2020,5,40,2019-10-06,0.18181818181818182
NC,2020,6,41,2019-10-13,0.2727272727272727
NC,2020,7,42,2019-10-20,1.4545454545454546
NC,2020,8,43,2019-10-27,2.8181818181818183
NC,2020,9,44,2019-11-03,4.363636363636363
NC,2020,10,45,2019-11-10,6.909090909090909
NC,2020,11,46,2019-11-17,10.090909090909092
NC,2020,12,47,2019-11-24,12.454545454545455
NC,2020,13,48,2019-12-01,14.545454545454545
NC,2020,31,14,2020-04-05,15.0
NC,2020,32,15,2020-04-12,15.909090909090908
NC,2020,33,16,2020-04-19,17.272727272727273
NC,2020,34,17,2020-04-26,19.09090909090909
NC,2020,35,18,2020-05-03,21.09090909090909
NC,2020,36,19,2020-05-10,23.0
NC,2020,37,20,2020-05-17,23.272727272727273
NC,2020,38,21,2020-05-24,23.272727272727273
NC,2020,39,22,2020-05-31,23.545454545454547
NC,2020,40,23,2020-06-07,25.181818181818183
NC,2020,41,24,2020-06-14,26.818181818181817
NC,2020,42,25,2020-06-21,28.363636363636363
NC,2020,43,26,2020-06-28,30.272727272727273
NC,2020,44,27,2020-07-05,31.545454545454547
NC,2020,45,28,2020-07-12,32.18181818181818
NC,2020,46,29,2020-07-19,32.54545454545455
NC,2020,47,30,2020-07-26,32.72727272727273
NC,2020,48,31,2020-08-02,32.72727272727273
NC,2020,49,32,2020-08-09,32.72727272727273
NC,2020,50,33,2020-08-16,32.72727272727273
NC,2020,51,34,2020-08-23,32.72727272727273
NC,2021,1,36,2020-09-06,0.0
NC,2021,2,37,2020-09-13,0.0
NC,2021,3,38,2020-09-20,0.09090909090909091
NC,2021,4,39,2020-09-27,0.18181818181818182
NC,2021,5,40,2020-10-04,0.7272727272727273
NC,2021,6,41,2020-10-11,1.0
NC,2021,7,42,2020-10-18,1.7272727272727273
NC,2021,8,43,2020-10-25,2.6363636363636362
NC,2021,9,44,2020-11-01,5.0
NC,2021,10,45,2020-11-08,7.636363636363637
NC,2021,11,46,2020-11-15,10.454545454545455
NC,2021,12,47,2020-11-22,12.272727272727273
NC,2021,13,48,2020-11-29,14.636363636363637
NC,2021,30,13,2021-04-04,14.636363636363637
NC,2021,31,14,2021-04-11,14.909090909090908
NC,2021,32,15,2021-04-18,15.545454545454545
NC,2021,33,16,2021-04-25,17.454545454545453
NC,2021,34,17,2021-05-02,20.09090909090909
NC,2021,35,18,2021-05-09,22.363636363636363
NC,2021,36,19,2021-05-16,23.181818181818183
NC,2021,37,20,2021-05-23,23.454545454545453
NC,2021,38,21,2021-05-30,24.09090909090909
NC,2021,39,22,2021-06-06,24.636363636363637
NC,2021,40,23,2021-06-13,25.90909090909091
NC,2021,41,24,2021-06-20,27.727272727272727
NC,2021,42,25,2021-06-27,30.0
NC,2021,43,26,2021-07-04,31.272727272727273
NC,2021,44,27,2021-07-11,32.27272727272727
NC,2021,45,28,2021-07-18,32.54545454545455
NC,2021,46,29,2021-07-25,32.81818181818182
NC,2021,47,30,2021-08-01,32.81818181818182
NC,2021,48,31,2021-08-08,32.81818181818182
NC,2021,52,35,2021-09-05,24.90909090909091
NC,2022,1,36,2021-09-12,0.0
NC,2022,2,37,2021-09-19,0.2727272727272727
NC,2022,3,38,2021-09-26,0.5454545454545454
NC,2022,4,39,2021-10-03,0.6363636363636364
NC,2022,5,40,2021-10-10,0.9090909090909091
NC,2022,6,41,2021-10-17,1.6363636363636365
NC,2022,7,42,2021-10-24,2.727272727272727
NC,2022,8,43,2021-10-31,5.0
NC,2022,9,44,2021-11-07,7.454545454545454
NC,2022,10,45,2021-11-14,9.909090909090908
NC,2022,11,46,2021-11-21,12.090909090909092
NC,2022,12,47,2021-11-28,14.909090909090908
NC,2022,30,13,2022-04-03,15.090909090909092
NC,2022,31,14,2022-04-10,16.0
NC,2022,32,15,2022-04-17,17.636363636363637
NC,2022,33,16,2022-04-24,19.272727272727273
NC,2022,34,17,2022-05-01,21.727272727272727
NC,2022,35,18,2022-05-08,22.818181818181817
NC,2022,36,19,2022-05-15,23.363636363636363
NC,2022,37,20,2022-05-22,23.636363636363637
NC,2022,38,21,2022-05-29,24.0
NC,2022,39,22,2022-06-05,25.545454545454547
NC,2022,40,23,2022-06-12,26.454545454545453
NC,2022,41,24,2022-06-19,28.818181818181817
NC,2022,42,25,2022-06-26,30.545454545454547
NC,2022,43,26,2022-07-03,31.545454545454547
NC,2022,44,27,2022-07-10,32.27272727272727
NC,2022,45,28,2022-07-17,32.63636363636363
NC,2022,46,29,2022-07-24,33.09090909090909
NC,2022,47,30,2022-07-31,33.09090909090909
NC,2022,48,31,2022-08-07,33.09090909090909
NC,2022,49,32,2022-08-14,33.09090909090909
NC,2022,50,33,2022-08-21,33.09090909090909
NC,2022,52,35,2022-09-04,24.636363636363637
NC,2023,1,36,2022-09-11,0.0
NC,2023,2,37,2022-09-18,0.09090909090909091
NC,2023,3,38,2022-09-25,0.36363636363636365
NC,2023,4,39,2022-10-02,0.5454545454545454
NC,2023,5,40,2022-10-09,0.9090909090909091
NC,2023,6,41,2022-10-16,1.2727272727272727
NC,2023,7,42,2022-10-23,2.909090909090909
NC,2023,8,43,2022-10-30,5.0
NC,2023,9,44,2022-11-06,7.818181818181818
NC,2023,10,45,2022-11-13,10.636363636363637
NC,2023,11,46,2022-11-20,12.818181818181818
NC,2023,12,47,2022-11-27,14.818181818181818
NC,2023,30,13,2023-04-02,15.0
NC,2023,31,14,2023-04-09,16.363636363636363
NC,2023,32,15,2023-04-16,17.818181818181817
NC,2023,33,16,2023-04-23,20.0
NC,2023,34,17,2023-04-30,21.818181818181817
NC,2023,35,18,2023-05-07,23.272727272727273
NC,2023,36,19,2023-05-14,23.636363636363637
NC,2023,37,20,2023-05-21,23.727272727272727
NC,2023,38,21,2023-05-28,24.0
NC,2023,39,22,2023-06-04,24.636363636363637
NC,2023,40,23,2023-06-11,26.181818181818183
NC,2023,41,24,2023-06-18,28.636363636363637
NC,2023,42,25,2023-06-25,30.363636363636363
NC,2023,43,26,2023-07-02,31.727272727272727
NC,2023,44,27,2023-07-09,32.36363636363637
NC,2023,45,28,2023-07-16,32.63636363636363
NC,2023,46,29,2023-07-23,32.90909090909091
NC,2023,47,30,2023-07-30,33.0
NC,2023,48,31,2023-08-06,33.0
NC,2023,49,32,2023-08-13,33.0
NC,2023,50,33,2023-08-20,33.0
NC,2023,52,35,2023-09-03,24.818181818181817
NC,2024,1,36,2023-09-10,0.0
NC,2024,2,37,2023-09-17,0.09090909090909091
NC,2024,3,38,2023-09-24,0.09090909090909091
NC,2024,4,39,2023-10-01,0.2727272727272727
NC,2024,5,40,2023-10-08,0.8181818181818182
NC,2024,6,41,2023-10-15,1.2727272727272727
NC,2024,7,42,2023-10-22,2.090909090909091
NC,2024,8,43,2023-10-29,4.636363636363637
NC,2024,9,44,2023-11-05,7.7272727272727275
NC,2024,10,45,2023-11-12,11.0
NC,2024,11,46,2023-11-19,13.272727272727273
NC,2024,12,47,2023-11-26,15.363636363636363
NC,2024,30,13,2024-03-31,15.363636363636363
NC,2024,31,14,2024-04-07,15.818181818181818
NC,2024,32,15,2024-04-14,17.0
NC,2024,33,16,2024-04-21,19.09090909090909
NC,2024,34,17,2024-04-28,21.454545454545453
NC,2024,35,18,2024-05-05,22.727272727272727
NC,2024,36,19,2024-05-12,23.636363636363637
NC,2024,37,20,2024-05-19,24.09090909090909
NC,2024,38,21,2024-05-26,24.454545454545453
NC,2024,39,22,2024-06-02,25.363636363636363
NC,2024,40,23,2024-06-09,26.90909090909091
NC,2024,41,24,2024-06-16,29.272727272727273
NC,2024,42,25,2024-06-23,31.09090909090909
NC,2024,43,26,2024-06-30,32.27272727272727
NC,2024,44,27,2024-07-07,33.09090909090909
NC,2024,45,28,2024-07-14,33.27272727272727
NC,2024,46,29,2024-07-21,33.45454545454545
NC,2024,47,30,2024-07-28,33.54545454545455
NC,2024,48,31,2024-08-04,33.54545454545455
NC,2024,49,32,2024-08-11,33.54545454545455
NC,2024,50,33,2024-08-18,33.54545454545455
NC,2024,52,35,2024-09-01,25.09090909090909
NC,2025,1,36,2024-09-08,0.0
NC,2025,2,37,2024-09-15,0.09090909090909091
NC,2025,3,38,2024-09-22,0.18181818181818182
NC,2025,4,39,2024-09-29,0.2727272727272727
NC,2025,5,40,2024-10-06,0.45454545454545453
NC,2025,6,41,2024-10-13,1.1818181818181819
NC,2025,7,42,2024-10-20,2.0
NC,2025,8,43,2024-10-27,3.1818181818181817
NC,2025,9,44,2024-11-03,4.818181818181818
NC,2025,10,45,2024-11-10,7.454545454545454
NC,2025,11,46,2024-11-17,8.909090909090908
NC,2025,12,47,2024-11-24,11.454545454545455
NC,2025,31,14,2025-04-06,11.727272727272727
NC,2025,32,15,2025-04-13,12.636363636363637
NC,2025,33,16,2025-04-20,14.454545454545455
NC,2025,34,17,2025-04-27,16.454545454545453
NC,2025,35,18,2025-05-04,18.09090909090909
NC,2025,36,19,2025-05-11,19.09090909090909
NC,2025,37,20,2025-05-18,19.727272727272727
NC,2025,38,21,2025-05-25,20.181818181818183
NC,2025,39,22,2025-06-01,20.818181818181817
NC,2025,40,23,2025-06-08,22.09090909090909
NC,2025,41,24,2025-06-15,24.0
NC,2025,42,25,2025-06-22,26.0
NC,2025,43,26,2025-06-29,27.818181818181817
NC,2025,44,27,2025-07-06,28.818181818181817
NC,2025,45,28,2025-07-13,29.181818181818183
NC,2025,46,29,2025-07-20,29.363636363636363
NC,2025,47,30,2025-07-27,29.636363636363637
NC,2025,48,31,2025-08-03,29.636363636363637
NC,2025,49,32,2025-08-10,29.636363636363637
NC,2025,50,33,2025-08-17,29.636363636363637
NC,2025,51,34,2025-08-24,29.636363636363637
NC,2026,1,36,2025-09-07,0.0
NC,2026,2,37,2025-09-14,0.09090909090909091
NC,2026,3,38,2025-09-21,0.18181818181818182
NC,2026,4,39,2025-09-28,0.2727272727272727
NC,2026,11,46,2025-11-16,12.545454545454545
NC,2026,12,47,2025-11-23,13.090909090909092
ND,2016,1,36,2015-09-06,0.18181818181818182
ND,2016,2,37,2015-09-13,3.090909090909091
ND,2016,3,38,2015-09-20,4.7272727272727275
ND,2016,4,39,2015-09-27,7.909090909090909
ND,2016,5,40,2015-10-04,12.090909090909092
ND,2016,6,41,2015-10-11,14.272727272727273
ND,2016,7,42,2015-10-18,15.818181818181818
ND,2016,8,43,2015-10-25,17.09090909090909
ND,2016,9,44,2015-11-01,17.545454545454547
ND,2016,10,45,2015-11-08,17.727272727272727
ND,2016,11,46,2015-11-15,18.0
ND,2016,12,47,2015-11-22,18.181818181818183
ND,2016,13,48,2015-11-29,18.181818181818183
ND,2016,31,14,2016-04-10,18.181818181818183
ND,2016,32,15,2016-04-17,18.272727272727273
ND,2016,33,16,2016-04-24,18.454545454545453
ND,2016,34,17,2016-05-01,19.90909090909091
ND,2016,35,18,2016-05-08,21.181818181818183
ND,2016,36,19,2016-05-15,22.818181818181817
ND,2016,37,20,2016-05-22,24.818181818181817
ND,2016,38,21,2016-05-29,25.636363636363637
ND,2016,39,22,2016-06-05,27.272727272727273
ND,2016,40,23,2016-06-12,30.545454545454547
ND,2016,41,24,2016-06-19,34.18181818181818
ND,2016,42,25,2016-06-26,36.36363636363637
ND,2016,43,26,2016-07-03,39.45454545454545
ND,2016,44,27,2016-07-10,42.36363636363637
ND,2016,45,28,2016-07-17,44.27272727272727
ND,2016,46,29,2016-07-24,45.63636363636363
ND,2016,47,30,2016-07-31,48.27272727272727
ND,2016,48,31,2016-08-07,51.81818181818182
ND,2016,49,32,2016-08-14,53.0
ND,2016,50,33,2016-08-21,53.72727272727273
ND,2016,52,35,2016-09-04,44.72727272727273
ND,2017,1,36,2016-09-11,0.9090909090909091
ND,2017,2,37,2016-09-18,3.6363636363636362
ND,2017,3,38,2016-09-25,5.909090909090909
ND,2017,4,39,2016-10-02,10.363636363636363
ND,2017,5,40,2016-10-09,12.727272727272727
ND,2017,6,41,2016-10-16,15.454545454545455
ND,2017,7,42,2016-10-23,16.454545454545453
ND,2017,8,43,2016-10-30,16.818181818181817
ND,2017,9,44,2016-11-06,17.363636363636363
ND,2017,10,45,2016-11-13,17.818181818181817
ND,2017,11,46,2016-11-20,18.0
ND,2017,12,47,2016-11-27,18.181818181818183
ND,2017,32,15,2017-04-16,18.363636363636363
ND,2017,33,16,2017-04-23,18.545454545454547
ND,2017,34,17,2017-04-30,18.90909090909091
ND,2017,35,18,2017-05-07,20.272727272727273
ND,2017,36,19,2017-05-14,22.181818181818183
ND,2017,37,20,2017-05-21,24.181818181818183
ND,2017,38,21,2017-05-28,25.90909090909091
ND,2017,39,22,2017-06-04,28.0
ND,2017,40,23,2017-06-11,30.272727272727273
ND,2017,41,24,2017-06-18,32.72727272727273
ND,2017,42,25,2017-06-25,35.63636363636363
ND,2017,43,26,2017-07-02,38.72727272727273
ND,2017,44,27,2017-07-09,42.09090909090909
ND,2017,45,28,2017-07-16,45.81818181818182
ND,2017,46,29,2017-07-23,49.90909090909091
ND,2017,47,30,2017-07-30,54.54545454545455
ND,2017,48,31,2017-08-06,58.18181818181818
ND,2017,49,32,2017-08-13,60.18181818181818
ND,2017,50,33,2017-08-20,61.09090909090909
ND,2017,51,34,2017-08-27,61.81818181818182
ND,2017,52,35,2017-09-03,53.0
ND,2018,1,36,2017-09-10,1.0
ND,2018,2,37,2017-09-17,3.1818181818181817
ND,2018,3,38,2017-09-24,5.818181818181818
ND,2018,4,39,2017-10-01,9.454545454545455
ND,2018,5,40,2017-10-08,12.363636363636363
ND,2018,6,41,2017-10-15,14.0
ND,2018,7,42,2017-10-22,15.363636363636363
ND,2018,8,43,2017-10-29,16.454545454545453
ND,2018,9,44,2017-11-05,17.09090909090909
ND,2018,10,45,2017-11-12,17.636363636363637
ND,2018,11,46,2017-11-19,17.818181818181817
ND,2018,31,14,2018-04-08,17.818181818181817
ND,2018,32,15,2018-04-15,17.818181818181817
ND,2018,33,16,2018-04-22,17.90909090909091
ND,2018,34,17,2018-04-29,17.90909090909091
ND,2018,35,18,2018-05-06,18.09090909090909
ND,2018,36,19,2018-05-13,18.818181818181817
ND,2018,37,20,2018-05-20,20.363636363636363
ND,2018,38,21,2018-05-27,22.454545454545453
ND,2018,39,22,2018-06-03,23.90909090909091
ND,2018,40,23,2018-06-10,27.818181818181817
ND,2018,41,24,2018-06-17,30.09090909090909
ND,2018,42,25,2018-06-24,33.0
ND,2018,43,26,2018-07-01,36.0
ND,2018,44,27,2018-07-08,40.18181818181818
ND,2018,45,28,2018-07-15,44.0
ND,2018,46,29,2018-07-22,48.27272727272727
ND,2018,47,30,2018-07-29,50.72727272727273
ND,2018,48,31,2018-08-05,55.81818181818182
ND,2018,49,32,2018-08-12,59.45454545454545
ND,2018,50,33,2018-08-19,61.09090909090909
ND,2018,51,34,2018-08-26,61.45454545454545
ND,2018,52,35,2018-09-02,52.54545454545455
ND,2019,1,36,2018-09-09,2.0
ND,2019,2,37,2018-09-16,3.5454545454545454
ND,2019,3,38,2018-09-23,5.909090909090909
ND,2019,4,39,2018-09-30,10.545454545454545
ND,2019,5,40,2018-10-07,12.454545454545455
ND,2019,6,41,2018-10-14,13.272727272727273
ND,2019,7,42,2018-10-21,15.0
ND,2019,8,43,2018-10-28,16.545454545454547
ND,2019,9,44,2018-11-04,17.09090909090909
ND,2019,10,45,2018-11-11,17.272727272727273
ND,2019,11,46,2018-11-18,17.454545454545453
ND,2019,34,17,2019-04-28,17.636363636363637
ND,2019,35,18,2019-05-05,18.09090909090909
ND,2019,36,19,2019-05-12,18.454545454545453
ND,2019,37,20,2019-05-19,19.363636363636363
ND,2019,38,21,2019-05-26,21.181818181818183
ND,2019,39,22,2019-06-02,23.363636363636363
ND,2019,40,23,2019-06-09,26.272727272727273
ND,2019,41,24,2019-06-16,27.90909090909091
ND,2019,42,25,2019-06-23,30.636363636363637
ND,2019,43,26,2019-06-30,33.09090909090909
ND,2019,44,27,2019-07-07,35.63636363636363
ND,2019,45,28,2019-07-14,37.81818181818182
ND,2019,46,29,2019-07-21,42.36363636363637
ND,2019,47,30,2019-07-28,46.54545454545455
ND,2019,48,31,2019-08-04,50.63636363636363
ND,2019,49,32,2019-08-11,54.63636363636363
ND,2019,50,33,2019-08-18,57.45454545454545
ND,2019,51,34,2019-08-25,59.27272727272727
ND,2019,52,35,2019-09-01,60.27272727272727
ND,2020,1,36,2019-09-08,8.272727272727273
ND,2020,2,37,2019-09-15,9.363636363636363
ND,2020,3,38,2019-09-22,12.0
ND,2020,4,39,2019-09-29,14.090909090909092
ND,2020,5,40,2019-10-06,17.272727272727273
ND,2020,6,41,2019-10-13,18.363636363636363
ND,2020,7,42,2019-10-20,24.0
ND,2020,8,43,2019-10-27,24.454545454545453
ND,2020,9,44,2019-11-03,25.181818181818183
ND,2020,10,45,2019-11-10,25.90909090909091
ND,2020,33,16,2020-04-19,26.181818181818183
ND,2020,34,17,2020-04-26,26.727272727272727
ND,2020,35,18,2020-05-03,27.09090909090909
ND,2020,36,19,2020-05-10,27.181818181818183
ND,2020,37,20,2020-05-17,28.636363636363637
ND,2020,38,21,2020-05-24,30.727272727272727
ND,2020,39,22,2020-05-31,32.36363636363637
ND,2020,40,23,2020-06-07,34.27272727272727
ND,2020,41,24,2020-06-14,36.54545454545455
ND,2020,42,25,2020-06-21,40.81818181818182
ND,2020,43,26,2020-06-28,43.27272727272727
ND,2020,44,27,2020-07-05,45.36363636363637
ND,2020,45,28,2020-07-12,47.72727272727273
ND,2020,46,29,2020-07-19,45.0
ND,2020,47,30,2020-07-26,48.54545454545455
ND,2020,48,31,2020-08-02,52.63636363636363
ND,2020,49,32,2020-08-09,56.0
ND,2020,50,33,2020-08-16,58.18181818181818
ND,2020,51,34,2020-08-23,59.72727272727273
ND,2020,52,35,2020-08-30,60.45454545454545
ND,2021,1,36,2020-09-06,8.636363636363637
ND,2021,2,37,2020-09-13,10.0
ND,2021,3,38,2020-09-20,13.545454545454545
ND,2021,4,39,2020-09-27,17.454545454545453
ND,2021,5,40,2020-10-04,21.636363636363637
ND,2021,6,41,2020-10-11,23.0
ND,2021,7,42,2020-10-18,24.818181818181817
ND,2021,8,43,2020-10-25,26.0
ND,2021,9,44,2020-11-01,26.272727272727273
ND,2021,10,45,2020-11-08,26.545454545454547
ND,2021,30,13,2021-04-04,26.545454545454547
ND,2021,31,14,2021-04-11,27.0
ND,2021,32,15,2021-04-18,27.454545454545453
ND,2021,33,16,2021-04-25,28.0
ND,2021,34,17,2021-05-02,28.454545454545453
ND,2021,35,18,2021-05-09,29.363636363636363
ND,2021,36,19,2021-05-16,31.818181818181817
ND,2021,37,20,2021-05-23,32.81818181818182
ND,2021,38,21,2021-05-30,34.72727272727273
ND,2021,39,22,2021-06-06,35.54545454545455
ND,2021,40,23,2021-06-13,37.09090909090909
ND,2021,41,24,2021-06-20,39.72727272727273
ND,2021,42,25,2021-06-27,42.45454545454545
ND,2021,43,26,2021-07-04,45.90909090909091
ND,2021,44,27,2021-07-11,43.18181818181818
ND,2021,45,28,2021-07-18,46.54545454545455
ND,2021,46,29,2021-07-25,50.09090909090909
ND,2021,47,30,2021-08-01,54.0
ND,2021,48,31,2021-08-08,58.54545454545455
ND,2021,49,32,2021-08-15,60.36363636363637
ND,2021,50,33,2021-08-22,61.09090909090909
ND,2021,51,34,2021-08-29,61.36363636363637
ND,2021,52,35,2021-09-05,53.09090909090909
ND,2022,1,36,2021-09-12,2.1818181818181817
ND,2022,2,37,2021-09-19,3.6363636363636362
ND,2022,3,38,2021-09-26,6.909090909090909
ND,2022,4,39,2021-10-03,11.636363636363637
ND,2022,5,40,2021-10-10,14.454545454545455
ND,2022,6,41,2021-10-17,16.272727272727273
ND,2022,7,42,2021-10-24,17.272727272727273
ND,2022,8,43,2021-10-31,17.636363636363637
ND,2022,9,44,2021-11-07,17.818181818181817
ND,2022,10,45,2021-11-14,18.0
ND,2022,11,46,2021-11-21,18.181818181818183
ND,2022,12,47,2021-11-28,18.181818181818183
ND,2022,30,13,2022-04-03,18.363636363636363
ND,2022,31,14,2022-04-10,19.0
ND,2022,32,15,2022-04-17,19.272727272727273
ND,2022,33,16,2022-04-24,19.454545454545453
ND,2022,34,17,2022-05-01,20.0
ND,2022,35,18,2022-05-08,20.90909090909091
ND,2022,36,19,2022-05-15,22.09090909090909
ND,2022,37,20,2022-05-22,22.818181818181817
ND,2022,38,21,2022-05-29,25.0
ND,2022,39,22,2022-06-05,26.09090909090909
ND,2022,40,23,2022-06-12,27.727272727272727
ND,2022,41,24,2022-06-19,30.0
ND,2022,42,25,2022-06-26,31.727272727272727
ND,2022,43,26,2022-07-03,35.63636363636363
ND,2022,44,27,2022-07-10,38.63636363636363
ND,2022,45,28,2022-07-17,41.90909090909091
ND,2022,46,29,2022-07-24,46.27272727272727
ND,2022,47,30,2022-07-31,50.0
ND,2022,48,31,2022-08-07,54.72727272727273
ND,2022,49,32,2022-08-14,59.36363636363637
ND,2022,50,33,2022-08-21,61.45454545454545
ND,2022,51,34,2022-08-28,62.27272727272727
ND,2022,52,35,2022-09-04,53.81818181818182
ND,2023,1,36,2022-09-11,1.9090909090909092
ND,2023,2,37,2022-09-18,4.545454545454546
ND,2023,3,38,2022-09-25,6.636363636363637
ND,2023,4,39,2022-10-02,9.727272727272727
ND,2023,5,40,2022-10-09,12.909090909090908
ND,2023,6,41,2022-10-16,15.454545454545455
ND,2023,7,42,2022-10-23,16.636363636363637
ND,2023,8,43,2022-10-30,16.90909090909091
ND,2023,9,44,2022-11-06,17.272727272727273
ND,2023,10,45,2022-11-13,17.454545454545453
ND,2023,11,46,2022-11-20,17.727272727272727
ND,2023,12,47,2022-11-27,17.727272727272727
ND,2023,30,13,2023-04-02,18.0
ND,2023,31,14,2023-04-09,18.09090909090909
ND,2023,32,15,2023-04-16,18.09090909090909
ND,2023,33,16,2023-04-23,18.181818181818183
ND,2023,34,17,2023-04-30,18.272727272727273
ND,2023,35,18,2023-05-07,18.363636363636363
ND,2023,36,19,2023-05-14,18.545454545454547
ND,2023,37,20,2023-05-21,19.545454545454547
ND,2023,38,21,2023-05-28,21.90909090909091
ND,2023,39,22,2023-06-04,24.181818181818183
ND,2023,40,23,2023-06-11,27.818181818181817
ND,2023,41,24,2023-06-18,30.181818181818183
ND,2023,42,25,2023-06-25,33.72727272727273
ND,2023,43,26,2023-07-02,37.54545454545455
ND,2023,44,27,2023-07-09,39.72727272727273
ND,2023,45,28,2023-07-16,42.72727272727273
ND,2023,46,29,2023-07-23,45.90909090909091
ND,2023,47,30,2023-07-30,49.18181818181818
ND,2023,48,31,2023-08-06,53.0
ND,2023,49,32,2023-08-13,57.72727272727273
ND,2023,50,33,2023-08-20,60.0
ND,2023,51,34,2023-08-27,61.36363636363637
ND,2023,52,35,2023-09-03,53.09090909090909
ND,2024,1,36,2023-09-10,10.0
ND,2024,2,37,2023-09-17,11.0
ND,2024,3,38,2023-09-24,13.272727272727273
ND,2024,4,39,2023-10-01,18.09090909090909
ND,2024,5,40,2023-10-08,22.454545454545453
ND,2024,6,41,2023-10-15,23.454545454545453
ND,2024,7,42,2023-10-22,24.0
ND,2024,8,43,2023-10-29,25.90909090909091
ND,2024,9,44,2023-11-05,26.636363636363637
ND,2024,10,45,2023-11-12,26.818181818181817
ND,2024,11,46,2023-11-19,26.90909090909091
ND,2024,12,47,2023-11-26,27.09090909090909
ND,2024,17,52,2023-12-31,27.09090909090909
ND,2024,21,4,2024-01-28,27.09090909090909
ND,2024,30,13,2024-03-31,27.09090909090909
ND,2024,31,14,2024-04-07,27.09090909090909
ND,2024,32,15,2024-04-14,27.272727272727273
ND,2024,33,16,2024-04-21,27.363636363636363
ND,2024,34,17,2024-04-28,27.636363636363637
ND,2024,35,18,2024-05-05,28.181818181818183
ND,2024,36,19,2024-05-12,29.636363636363637
ND,2024,37,20,2024-05-19,30.181818181818183
ND,2024,38,21,2024-05-26,31.727272727272727
ND,2024,39,22,2024-06-02,33.72727272727273
ND,2024,40,23,2024-06-09,37.54545454545455
ND,2024,41,24,2024-06-16,39.0
ND,2024,42,25,2024-06-23,42.09090909090909
ND,2024,43,26,2024-06-30,44.54545454545455
ND,2024,44,27,2024-07-07,47.72727272727273
ND,2024,45,28,2024-07-14,50.90909090909091
ND,2024,46,29,2024-07-21,45.45454545454545
ND,2024,47,30,2024-07-28,49.81818181818182
ND,2024,48,31,2024-08-04,53.45454545454545
ND,2024,49,32,2024-08-11,58.0
ND,2024,50,33,2024-08-18,60.54545454545455
ND,2024,51,34,2024-08-25,61.90909090909091
ND,2024,52,35,2024-09-01,53.72727272727273
ND,2025,1,36,2024-09-08,1.9090909090909092
ND,2025,2,37,2024-09-15,3.909090909090909
ND,2025,3,38,2024-09-22,6.2727272727272725
ND,2025,4,39,2024-09-29,10.090909090909092
ND,2025,5,40,2024-10-06,12.636363636363637
ND,2025,6,41,2024-10-13,14.545454545454545
ND,2025,7,42,2024-10-20,16.09090909090909
ND,2025,8,43,2024-10-27,16.727272727272727
ND,2025,9,44,2024-11-03,17.181818181818183
ND,2025,10,45,2024-11-10,17.454545454545453
ND,2025,31,14,2025-04-06,17.454545454545453
ND,2025,32,15,2025-04-13,17.454545454545453
ND,2025,33,16,2025-04-20,17.545454545454547
ND,2025,34,17,2025-04-27,17.636363636363637
ND,2025,35,18,2025-05-04,17.90909090909091
ND,2025,36,19,2025-05-11,18.454545454545453
ND,2025,37,20,2025-05-18,21.272727272727273
ND,2025,38,21,2025-05-25,22.0
ND,2025,39,22,2025-06-01,23.454545454545453
ND,2025,40,23,2025-06-08,24.272727272727273
ND,2025,41,24,2025-06-15,26.727272727272727
ND,2025,42,25,2025-06-22,30.09090909090909
ND,2025,43,26,2025-06-29,33.54545454545455
ND,2025,44,27,2025-07-06,36.27272727272727
ND,2025,45,28,2025-07-13,37.54545454545455
ND,2025,46,29,2025-07-20,41.72727272727273
ND,2025,47,30,2025-07-27,46.54545454545455
ND,2025,48,31,2025-08-03,48.90909090909091
ND,2025,49,32,2025-08-10,52.45454545454545
ND,2025,50,33,2025-08-17,56.90909090909091
ND,2025,51,34,2025-08-24,58.45454545454545
ND,2025,52,35,2025-08-31,59.45454545454545
ND,2026,1,36,2025-09-07,16.363636363636363
ND,2026,2,37,2025-09-14,16.818181818181817
ND,2026,3,38,2025-09-21,17.363636363636363
ND,2026,11,46,2025-11-16,31.818181818181817
ND,2026,12,47,2025-11-23,32.81818181818182
NE,2016,1,36,2015-09-06,0.18181818181818182
NE,2016,2,37,2015-09-13,1.6363636363636365
NE,2016,3,38,2015-09-20,4.454545454545454
NE,2016,4,39,2015-09-27,8.545454545454545
NE,2016,5,40,2015-10-04,12.0
NE,2016,6,41,2015-10-11,14.818181818181818
NE,2016,7,42,2015-10-18,16.363636363636363
NE,2016,8,43,2015-10-25,17.363636363636363
NE,2016,9,44,2015-11-01,17.90909090909091
NE,2016,10,45,2015-11-08,18.0
NE,2016,11,46,2015-11-15,18.181818181818183
NE,2016,12,47,2015-11-22,18.181818181818183
NE,2016,13,48,2015-11-29,18.181818181818183
NE,2016,31,14,2016-04-10,19.09090909090909
NE,2016,32,15,2016-04-17,19.818181818181817
NE,2016,33,16,2016-04-24,23.272727272727273
NE,2016,34,17,2016-05-01,24.727272727272727
NE,2016,35,18,2016-05-08,26.454545454545453
NE,2016,36,19,2016-05-15,29.545454545454547
NE,2016,37,20,2016-05-22,30.636363636363637
NE,2016,38,21,2016-05-29,33.72727272727273
NE,2016,39,22,2016-06-05,35.81818181818182
NE,2016,40,23,2016-06-12,38.54545454545455
NE,2016,41,24,2016-06-19,41.72727272727273
NE,2016,42,25,2016-06-26,48.90909090909091
NE,2016,43,26,2016-07-03,52.81818181818182
NE,2016,44,27,2016-07-10,54.90909090909091
NE,2016,45,28,2016-07-17,60.81818181818182
NE,2016,46,29,2016-07-24,62.36363636363637
NE,2016,47,30,2016-07-31,62.81818181818182
NE,2016,48,31,2016-08-07,63.09090909090909
NE,2016,49,32,2016-08-14,63.09090909090909
NE,2016,51,34,2016-08-28,54.09090909090909
NE,2016,52,35,2016-09-04,54.45454545454545
NE,2017,1,36,2016-09-11,1.7272727272727273
NE,2017,2,37,2016-09-18,4.818181818181818
NE,2017,3,38,2016-09-25,10.363636363636363
NE,2017,4,39,2016-10-02,13.181818181818182
NE,2017,5,40,2016-10-09,15.636363636363637
NE,2017,6,41,2016-10-16,17.181818181818183
NE,2017,7,42,2016-10-23,17.545454545454547
NE,2017,8,43,2016-10-30,17.727272727272727
NE,2017,9,44,2016-11-06,17.90909090909091
NE,2017,10,45,2016-11-13,18.0
NE,2017,11,46,2016-11-20,18.09090909090909
NE,2017,12,47,2016-11-27,18.181818181818183
NE,2017,31,14,2017-04-09,18.181818181818183
NE,2017,32,15,2017-04-16,18.818181818181817
NE,2017,33,16,2017-04-23,21.181818181818183
NE,2017,34,17,2017-04-30,23.181818181818183
NE,2017,35,18,2017-05-07,25.272727272727273
NE,2017,36,19,2017-05-14,29.636363636363637
NE,2017,37,20,2017-05-21,32.72727272727273
NE,2017,38,21,2017-05-28,35.0
NE,2017,39,22,2017-06-04,36.63636363636363
NE,2017,40,23,2017-06-11,38.90909090909091
NE,2017,41,24,2017-06-18,43.54545454545455
NE,2017,42,25,2017-06-25,47.18181818181818
NE,2017,43,26,2017-07-02,52.27272727272727
NE,2017,44,27,2017-07-09,57.72727272727273
NE,2017,45,28,2017-07-16,61.72727272727273
NE,2017,46,29,2017-07-23,62.63636363636363
NE,2017,47,30,2017-07-30,63.18181818181818
NE,2017,48,31,2017-08-06,63.27272727272727
NE,2017,49,32,2017-08-13,63.27272727272727
NE,2017,52,35,2017-09-03,54.27272727272727
NE,2018,1,36,2017-09-10,0.6363636363636364
NE,2018,2,37,2017-09-17,2.090909090909091
NE,2018,3,38,2017-09-24,5.636363636363637
NE,2018,4,39,2017-10-01,10.181818181818182
NE,2018,5,40,2017-10-08,12.181818181818182
NE,2018,6,41,2017-10-15,13.818181818181818
NE,2018,7,42,2017-10-22,15.545454545454545
NE,2018,8,43,2017-10-29,16.90909090909091
NE,2018,9,44,2017-11-05,17.545454545454547
NE,2018,10,45,2017-11-12,17.727272727272727
NE,2018,11,46,2017-11-19,18.0
NE,2018,12,47,2017-11-26,18.09090909090909
NE,2018,31,14,2018-04-08,18.09090909090909
NE,2018,32,15,2018-04-15,18.09090909090909
NE,2018,33,16,2018-04-22,18.09090909090909
NE,2018,34,17,2018-04-29,18.09090909090909
NE,2018,35,18,2018-05-06,18.09090909090909
NE,2018,36,19,2018-05-13,18.181818181818183
NE,2018,37,20,2018-05-20,18.454545454545453
NE,2018,38,21,2018-05-27,21.454545454545453
NE,2018,39,22,2018-06-03,24.636363636363637
NE,2018,40,23,2018-06-10,26.09090909090909
NE,2018,41,24,2018-06-17,27.0
NE,2018,42,25,2018-06-24,27.09090909090909
NE,2018,43,26,2018-07-01,27.636363636363637
NE,2018,44,27,2018-07-08,29.272727272727273
NE,2018,45,28,2018-07-15,32.63636363636363
NE,2018,46,29,2018-07-22,34.45454545454545
NE,2018,47,30,2018-07-29,35.09090909090909
NE,2018,48,31,2018-08-05,35.54545454545455
NE,2018,49,32,2018-08-12,35.90909090909091
NE,2018,50,33,2018-08-19,36.09090909090909
NE,2018,51,34,2018-08-26,27.0
NE,2018,52,35,2018-09-02,27.09090909090909
NE,2019,1,36,2018-09-09,0.36363636363636365
NE,2019,2,37,2018-09-16,2.0
NE,2019,3,38,2018-09-23,5.545454545454546
NE,2019,4,39,2018-09-30,9.363636363636363
NE,2019,5,40,2018-10-07,13.363636363636363
NE,2019,6,41,2018-10-14,14.909090909090908
NE,2019,7,42,2018-10-21,15.909090909090908
NE,2019,8,43,2018-10-28,16.818181818181817
NE,2019,9,44,2018-11-04,17.545454545454547
NE,2019,10,45,2018-11-11,17.818181818181817
NE,2019,11,46,2018-11-18,18.0
NE,2019,12,47,2018-11-25,18.181818181818183
NE,2019,31,14,2019-04-07,18.181818181818183
NE,2019,32,15,2019-04-14,18.181818181818183
NE,2019,33,16,2019-04-21,18.181818181818183
NE,2019,34,17,2019-04-28,18.181818181818183
NE,2019,35,18,2019-05-05,18.272727272727273
NE,2019,36,19,2019-05-12,18.363636363636363
NE,2019,37,20,2019-05-19,18.90909090909091
NE,2019,38,21,2019-05-26,19.90909090909091
NE,2019,39,22,2019-06-02,22.272727272727273
NE,2019,40,23,2019-06-09,24.454545454545453
NE,2019,41,24,2019-06-16,25.727272727272727
NE,2019,42,25,2019-06-23,26.727272727272727
NE,2019,43,26,2019-06-30,27.09090909090909
NE,2019,44,27,2019-07-07,27.272727272727273
NE,2019,45,28,2019-07-14,28.363636363636363
NE,2019,46,29,2019-07-21,30.09090909090909
NE,2019,47,30,2019-07-28,32.09090909090909
NE,2019,48,31,2019-08-04,33.90909090909091
NE,2019,49,32,2019-08-11,35.27272727272727
NE,2019,50,33,2019-08-18,35.81818181818182
NE,2019,51,34,2019-08-25,36.0
NE,2019,52,35,2019-09-01,26.90909090909091
NE,2020,1,36,2019-09-08,0.36363636363636365
NE,2020,2,37,2019-09-15,1.7272727272727273
NE,2020,3,38,2019-09-22,4.636363636363637
NE,2020,4,39,2019-09-29,8.545454545454545
NE,2020,5,40,2019-10-06,11.727272727272727
NE,2020,6,41,2019-10-13,14.636363636363637
NE,2020,7,42,2019-10-20,16.636363636363637
NE,2020,8,43,2019-10-27,17.454545454545453
NE,2020,9,44,2019-11-03,17.90909090909091
NE,2020,10,45,2019-11-10,18.181818181818183
NE,2020,11,46,2019-11-17,18.181818181818183
NE,2020,12,47,2019-11-24,18.181818181818183
NE,2020,13,48,2019-12-01,18.181818181818183
NE,2020,32,15,2020-04-12,18.181818181818183
NE,2020,33,16,2020-04-19,18.181818181818183
NE,2020,34,17,2020-04-26,18.181818181818183
NE,2020,35,18,2020-05-03,18.181818181818183
NE,2020,36,19,2020-05-10,18.272727272727273
NE,2020,37,20,2020-05-17,18.636363636363637
NE,2020,38,21,2020-05-24,20.181818181818183
NE,2020,39,22,2020-05-31,21.90909090909091
NE,2020,40,23,2020-06-07,24.272727272727273
NE,2020,41,24,2020-06-14,25.90909090909091
NE,2020,42,25,2020-06-21,26.90909090909091
NE,2020,43,26,2020-06-28,27.0
NE,2020,44,27,2020-07-05,28.363636363636363
NE,2020,45,28,2020-07-12,31.454545454545453
NE,2020,46,29,2020-07-19,34.09090909090909
NE,2020,47,30,2020-07-26,35.36363636363637
NE,2020,48,31,2020-08-02,35.63636363636363
NE,2020,49,32,2020-08-09,35.81818181818182
NE,2020,50,33,2020-08-16,36.0
NE,2020,51,34,2020-08-23,36.0
NE,2020,52,35,2020-08-30,36.0
NE,2021,1,36,2020-09-06,0.18181818181818182
NE,2021,2,37,2020-09-13,0.8181818181818182
NE,2021,3,38,2020-09-20,4.0
NE,2021,4,39,2020-09-27,6.818181818181818
NE,2021,5,40,2020-10-04,10.272727272727273
NE,2021,6,41,2020-10-11,13.545454545454545
NE,2021,7,42,2020-10-18,15.090909090909092
NE,2021,8,43,2020-10-25,16.545454545454547
NE,2021,9,44,2020-11-01,17.181818181818183
NE,2021,10,45,2020-11-08,17.636363636363637
NE,2021,11,46,2020-11-15,17.727272727272727
NE,2021,12,47,2020-11-22,17.90909090909091
NE,2021,13,48,2020-11-29,18.181818181818183
NE,2021,30,13,2021-04-04,18.181818181818183
NE,2021,31,14,2021-04-11,18.181818181818183
NE,2021,32,15,2021-04-18,18.181818181818183
NE,2021,33,16,2021-04-25,18.181818181818183
NE,2021,34,17,2021-05-02,18.181818181818183
NE,2021,35,18,2021-05-09,18.454545454545453
NE,2021,36,19,2021-05-16,18.90909090909091
NE,2021,37,20,2021-05-23,20.727272727272727
NE,2021,38,21,2021-05-30,22.636363636363637
NE,2021,39,22,2021-06-06,25.363636363636363
NE,2021,40,23,2021-06-13,26.636363636363637
NE,2021,41,24,2021-06-20,27.09090909090909
NE,2021,42,25,2021-06-27,27.363636363636363
NE,2021,43,26,2021-07-04,27.90909090909091
NE,2021,44,27,2021-07-11,29.363636363636363
NE,2021,45,28,2021-07-18,32.72727272727273
NE,2021,46,29,2021-07-25,35.27272727272727
NE,2021,47,30,2021-08-01,35.90909090909091
NE,2021,48,31,2021-08-08,36.09090909090909
NE,2021,52,35,2021-09-05,27.09090909090909
NE,2022,1,36,2021-09-12,1.5454545454545454
NE,2022,2,37,2021-09-19,3.6363636363636362
NE,2022,3,38,2021-09-26,7.363636363636363
NE,2022,4,39,2021-10-03,11.454545454545455
NE,2022,5,40,2021-10-10,13.454545454545455
NE,2022,6,41,2021-10-17,15.363636363636363
NE,2022,7,42,2021-10-24,16.454545454545453
NE,2022,8,43,2021-10-31,17.181818181818183
NE,2022,9,44,2021-11-07,17.636363636363637
NE,2022,10,45,2021-11-14,18.0
NE,2022,11,46,2021-11-21,18.181818181818183
NE,2022,12,47,2021-11-28,18.181818181818183
NE,2022,30,13,2022-04-03,18.181818181818183
NE,2022,31,14,2022-04-10,18.181818181818183
NE,2022,32,15,2022-04-17,18.181818181818183
NE,2022,33,16,2022-04-24,18.181818181818183
NE,2022,34,17,2022-05-01,18.181818181818183
NE,2022,35,18,2022-05-08,18.181818181818183
NE,2022,36,19,2022-05-15,19.09090909090909
NE,2022,37,20,2022-05-22,20.636363636363637
NE,2022,38,21,2022-05-29,22.727272727272727
NE,2022,39,22,2022-06-05,24.90909090909091
NE,2022,40,23,2022-06-12,26.09090909090909
NE,2022,41,24,2022-06-19,26.818181818181817
NE,2022,42,25,2022-06-26,27.181818181818183
NE,2022,43,26,2022-07-03,29.09090909090909
NE,2022,44,27,2022-07-10,30.363636363636363
NE,2022,45,28,2022-07-17,32.63636363636363
NE,2022,46,29,2022-07-24,34.72727272727273
NE,2022,47,30,2022-07-31,35.45454545454545
NE,2022,48,31,2022-08-07,35.72727272727273
NE,2022,49,32,2022-08-14,36.0
NE,2022,50,33,2022-08-21,36.18181818181818
NE,2022,52,35,2022-09-04,27.181818181818183
NE,2023,1,36,2022-09-11,0.45454545454545453
NE,2023,2,37,2022-09-18,1.7272727272727273
NE,2023,3,38,2022-09-25,4.0
NE,2023,4,39,2022-10-02,8.181818181818182
NE,2023,5,40,2022-10-09,12.545454545454545
NE,2023,6,41,2022-10-16,15.181818181818182
NE,2023,7,42,2022-10-23,16.545454545454547
NE,2023,8,43,2022-10-30,17.454545454545453
NE,2023,9,44,2022-11-06,17.818181818181817
NE,2023,10,45,2022-11-13,18.181818181818183
NE,2023,11,46,2022-11-20,18.181818181818183
NE,2023,12,47,2022-11-27,18.181818181818183
NE,2023,30,13,2023-04-02,18.181818181818183
NE,2023,31,14,2023-04-09,18.181818181818183
NE,2023,32,15,2023-04-16,18.181818181818183
NE,2023,33,16,2023-04-23,18.181818181818183
NE,2023,34,17,2023-04-30,18.181818181818183
NE,2023,35,18,2023-05-07,18.272727272727273
NE,2023,36,19,2023-05-14,18.363636363636363
NE,2023,37,20,2023-05-21,19.90909090909091
NE,2023,38,21,2023-05-28,21.454545454545453
NE,2023,39,22,2023-06-04,23.727272727272727
NE,2023,40,23,2023-06-11,26.09090909090909
NE,2023,41,24,2023-06-18,26.727272727272727
NE,2023,42,25,2023-06-25,27.09090909090909
NE,2023,43,26,2023-07-02,27.363636363636363
NE,2023,44,27,2023-07-09,28.181818181818183
NE,2023,45,28,2023-07-16,29.0
NE,2023,46,29,2023-07-23,31.0
NE,2023,47,30,2023-07-30,33.63636363636363
NE,2023,48,31,2023-08-06,35.0
NE,2023,49,32,2023-08-13,35.90909090909091
NE,2023,50,33,2023-08-20,36.09090909090909
NE,2023,52,35,2023-09-03,27.181818181818183
NE,2024,1,36,2023-09-10,0.7272727272727273
NE,2024,2,37,2023-09-17,2.0
NE,2024,3,38,2023-09-24,6.818181818181818
NE,2024,4,39,2023-10-01,10.636363636363637
NE,2024,5,40,2023-10-08,14.181818181818182
NE,2024,6,41,2023-10-15,16.363636363636363
NE,2024,7,42,2023-10-22,17.09090909090909
NE,2024,8,43,2023-10-29,17.727272727272727
NE,2024,9,44,2023-11-05,17.818181818181817
NE,2024,10,45,2023-11-12,18.09090909090909
NE,2024,11,46,2023-11-19,18.181818181818183
NE,2024,12,47,2023-11-26,18.181818181818183
NE,2024,30,13,2024-03-31,18.181818181818183
NE,2024,31,14,2024-04-07,18.181818181818183
NE,2024,32,15,2024-04-14,18.181818181818183
NE,2024,33,16,2024-04-21,18.181818181818183
NE,2024,34,17,2024-04-28,18.181818181818183
NE,2024,35,18,2024-05-05,18.272727272727273
NE,2024,36,19,2024-05-12,18.636363636363637
NE,2024,37,20,2024-05-19,20.181818181818183
NE,2024,38,21,2024-05-26,22.90909090909091
NE,2024,39,22,2024-06-02,24.727272727272727
NE,2024,40,23,2024-06-09,26.636363636363637
NE,2024,41,24,2024-06-16,27.0
NE,2024,42,25,2024-06-23,27.454545454545453
NE,2024,43,26,2024-06-30,28.454545454545453
NE,2024,44,27,2024-07-07,29.818181818181817
NE,2024,45,28,2024-07-14,33.63636363636363
NE,2024,46,29,2024-07-21,35.09090909090909
NE,2024,47,30,2024-07-28,35.90909090909091
NE,2024,48,31,2024-08-04,36.09090909090909
NE,2024,49,32,2024-08-11,36.27272727272727
NE,2024,50,33,2024-08-18,36.36363636363637
NE,2024,52,35,2024-09-01,27.363636363636363
NE,2025,1,36,2024-09-08,0.6363636363636364
NE,2025,2,37,2024-09-15,2.1818181818181817
NE,2025,3,38,2024-09-22,5.909090909090909
NE,2025,4,39,2024-09-29,8.272727272727273
NE,2025,5,40,2024-10-06,11.272727272727273
NE,2025,6,41,2024-10-13,15.0
NE,2025,7,42,2024-10-20,15.909090909090908
NE,2025,8,43,2024-10-27,16.363636363636363
NE,2025,9,44,2024-11-03,16.636363636363637
NE,2025,10,45,2024-11-10,17.272727272727273
NE,2025,11,46,2024-11-17,17.363636363636363
NE,2025,12,47,2024-11-24,17.727272727272727
NE,2025,31,14,2025-04-06,17.727272727272727
NE,2025,32,15,2025-04-13,17.727272727272727
NE,2025,33,16,2025-04-20,17.727272727272727
NE,2025,34,17,2025-04-27,17.727272727272727
NE,2025,35,18,2025-05-04,17.727272727272727
NE,2025,36,19,2025-05-11,17.90909090909091
NE,2025,37,20,2025-05-18,20.363636363636363
NE,2025,38,21,2025-05-25,23.181818181818183
NE,2025,39,22,2025-06-01,25.0
NE,2025,40,23,2025-06-08,25.727272727272727
NE,2025,41,24,2025-06-15,26.272727272727273
NE,2025,42,25,2025-06-22,26.727272727272727
NE,2025,43,26,2025-06-29,27.09090909090909
NE,2025,44,27,2025-07-06,28.727272727272727
NE,2025,45,28,2025-07-13,29.90909090909091
NE,2025,46,29,2025-07-20,31.0
NE,2025,47,30,2025-07-27,33.90909090909091
NE,2025,48,31,2025-08-03,35.09090909090909
NE,2025,49,32,2025-08-10,35.45454545454545
NE,2025,50,33,2025-08-17,35.63636363636363
NE,2025,51,34,2025-08-24,35.81818181818182
NE,2025,52,35,2025-08-31,35.81818181818182
NE,2026,1,36,2025-09-07,0.7272727272727273
NE,2026,2,37,2025-09-14,1.5454545454545454
NE,2026,3,38,2025-09-21,3.6363636363636362
NE,2026,4,39,2025-09-28,8.090909090909092
NE,2026,11,46,2025-11-16,13.909090909090908
NE,2026,12,47,2025-11-23,17.454545454545453
NJ,2016,35,18,2016-05-08,1.3636363636363635
NJ,2016,36,19,2016-05-15,4.181818181818182
NJ,2016,37,20,2016-05-22,7.818181818181818
NJ,2016,38,21,2016-05-29,8.363636363636363
NJ,2016,39,22,2016-06-05,9.090909090909092
NJ,2016,40,23,2016-06-12,9.909090909090908
NJ,2016,41,24,2016-06-19,15.0
NJ,2016,42,25,2016-06-26,19.363636363636363
NJ,2016,43,26,2016-07-03,24.545454545454547
NJ,2016,44,27,2016-07-10,29.09090909090909
NJ,2016,45,28,2016-07-17,33.72727272727273
NJ,2016,46,29,2016-07-24,34.72727272727273
NJ,2016,47,30,2016-07-31,35.09090909090909
NJ,2016,48,31,2016-08-07,35.27272727272727
NJ,2016,49,32,2016-08-14,35.36363636363637
NJ,2016,50,33,2016-08-21,35.45454545454545
NJ,2016,51,34,2016-08-28,35.54545454545455
NJ,2017,12,47,2016-11-27,16.545454545454547
NJ,2017,35,18,2017-05-07,18.272727272727273
NJ,2017,36,19,2017-05-14,21.272727272727273
NJ,2017,37,20,2017-05-21,24.727272727272727
NJ,2017,38,21,2017-05-28,33.36363636363637
NJ,2017,39,22,2017-06-04,34.09090909090909
NJ,2017,40,23,2017-06-11,34.36363636363637
NJ,2017,41,24,2017-06-18,36.36363636363637
NJ,2017,42,25,2017-06-25,38.18181818181818
NJ,2017,43,26,2017-07-02,41.0
NJ,2017,44,27,2017-07-09,45.90909090909091
NJ,2017,45,28,2017-07-16,50.36363636363637
NJ,2017,46,29,2017-07-23,51.72727272727273
NJ,2017,47,30,2017-07-30,52.45454545454545
NJ,2017,48,31,2017-08-06,52.63636363636363
NJ,2017,49,32,2017-08-13,52.81818181818182
NJ,2017,50,33,2017-08-20,52.90909090909091
NJ,2017,52,35,2017-09-03,44.72727272727273
NJ,2018,1,36,2017-09-10,1.7272727272727273
NJ,2018,2,37,2017-09-17,1.8181818181818181
NJ,2018,3,38,2017-09-24,1.9090909090909092
NJ,2018,4,39,2017-10-01,2.1818181818181817
NJ,2018,5,40,2017-10-08,6.545454545454546
NJ,2018,6,41,2017-10-15,7.2727272727272725
NJ,2018,7,42,2017-10-22,9.636363636363637
NJ,2018,8,43,2017-10-29,12.181818181818182
NJ,2018,9,44,2017-11-05,13.272727272727273
NJ,2018,10,45,2017-11-12,15.363636363636363
NJ,2018,11,46,2017-11-19,16.09090909090909
NJ,2018,12,47,2017-11-26,16.363636363636363
NJ,2018,33,16,2018-04-22,22.727272727272727
NJ,2018,34,17,2018-04-29,24.0
NJ,2018,35,18,2018-05-06,24.09090909090909
NJ,2018,36,19,2018-05-13,24.181818181818183
NJ,2018,37,20,2018-05-20,27.818181818181817
NJ,2018,38,21,2018-05-27,30.636363636363637
NJ,2018,39,22,2018-06-03,35.0
NJ,2018,40,23,2018-06-10,38.63636363636363
NJ,2018,41,24,2018-06-17,41.72727272727273
NJ,2018,42,25,2018-06-24,43.27272727272727
NJ,2018,43,26,2018-07-01,49.63636363636363
NJ,2018,44,27,2018-07-08,55.27272727272727
NJ,2018,45,28,2018-07-15,57.27272727272727
NJ,2018,46,29,2018-07-22,59.0
NJ,2018,47,30,2018-07-29,59.36363636363637
NJ,2018,48,31,2018-08-05,60.09090909090909
NJ,2018,49,32,2018-08-12,61.0
NJ,2019,1,36,2018-09-09,0.0
NJ,2019,2,37,2018-09-16,0.09090909090909091
NJ,2019,3,38,2018-09-23,0.18181818181818182
NJ,2019,4,39,2018-09-30,2.0
NJ,2019,5,40,2018-10-07,3.5454545454545454
NJ,2019,6,41,2018-10-14,4.090909090909091
NJ,2019,7,42,2018-10-21,5.090909090909091
NJ,2019,8,43,2018-10-28,9.090909090909092
NJ,2019,9,44,2018-11-04,9.272727272727273
NJ,2019,10,45,2018-11-11,11.363636363636363
NJ,2019,11,46,2018-11-18,12.181818181818182
NJ,2019,12,47,2018-11-25,15.636363636363637
NJ,2019,32,15,2019-04-14,19.727272727272727
NJ,2019,33,16,2019-04-21,20.727272727272727
NJ,2019,34,17,2019-04-28,22.454545454545453
NJ,2019,35,18,2019-05-05,24.09090909090909
NJ,2019,36,19,2019-05-12,25.363636363636363
NJ,2019,37,20,2019-05-19,27.272727272727273
NJ,2019,38,21,2019-05-26,29.181818181818183
NJ,2019,39,22,2019-06-02,38.0
NJ,2019,40,23,2019-06-09,40.36363636363637
NJ,2019,41,24,2019-06-16,40.81818181818182
NJ,2019,42,25,2019-06-23,44.09090909090909
NJ,2019,43,26,2019-06-30,48.18181818181818
NJ,2019,44,27,2019-07-07,52.45454545454545
NJ,2019,45,28,2019-07-14,56.09090909090909
NJ,2019,46,29,2019-07-21,57.72727272727273
NJ,2019,47,30,2019-07-28,58.72727272727273
NJ,2019,48,31,2019-08-04,59.81818181818182
NJ,2019,49,32,2019-08-11,60.09090909090909
NJ,2019,50,33,2019-08-18,60.18181818181818
NJ,2020,2,37,2019-09-15,0.0
NJ,2020,3,38,2019-09-22,0.09090909090909091
NJ,2020,4,39,2019-09-29,0.18181818181818182
NJ,2020,5,40,2019-10-06,1.9090909090909092
NJ,2020,6,41,2019-10-13,3.727272727272727
NJ,2020,7,42,2019-10-20,7.636363636363637
NJ,2020,8,43,2019-10-27,9.818181818181818
NJ,2020,9,44,2019-11-03,12.272727272727273
NJ,2020,10,45,2019-11-10,14.636363636363637
NJ,2020,11,46,2019-11-17,15.0
NJ,2020,12,47,2019-11-24,15.181818181818182
NJ,2020,39,22,2020-05-31,19.181818181818183
NJ,2020,40,23,2020-06-07,23.272727272727273
NJ,2020,41,24,2020-06-14,28.545454545454547
NJ,2020,42,25,2020-06-21,29.636363636363637
NJ,2020,43,26,2020-06-28,35.36363636363637
NJ,2020,44,27,2020-07-05,39.0
NJ,2020,45,28,2020-07-12,40.18181818181818
NJ,2020,46,29,2020-07-19,41.0
NJ,2020,47,30,2020-07-26,41.54545454545455
NJ,2020,48,31,2020-08-02,50.18181818181818
NJ,2020,49,32,2020-08-09,50.90909090909091
NJ,2021,4,39,2020-09-27,1.7272727272727273
NJ,2021,5,40,2020-10-04,1.9090909090909092
NJ,2021,6,41,2020-10-11,2.0
NJ,2021,7,42,2020-10-18,6.0
NJ,2021,8,43,2020-10-25,7.181818181818182
NJ,2021,9,44,2020-11-01,8.727272727272727
NJ,2021,10,45,2020-11-08,10.727272727272727
NJ,2021,11,46,2020-11-15,11.818181818181818
NJ,2021,12,47,2020-11-22,13.636363636363637
NJ,2021,13,48,2020-11-29,15.090909090909092
NJ,2021,33,16,2021-04-25,15.090909090909092
NJ,2021,34,17,2021-05-02,15.090909090909092
NJ,2021,35,18,2021-05-09,20.727272727272727
NJ,2021,36,19,2021-05-16,21.363636363636363
NJ,2021,37,20,2021-05-23,27.636363636363637
NJ,2021,38,21,2021-05-30,30.0
NJ,2021,39,22,2021-06-06,33.09090909090909
NJ,2021,40,23,2021-06-13,34.0
NJ,2021,41,24,2021-06-20,41.45454545454545
NJ,2021,42,25,2021-06-27,45.45454545454545
NJ,2021,43,26,2021-07-04,55.09090909090909
NJ,2021,44,27,2021-07-11,57.09090909090909
NJ,2021,45,28,2021-07-18,57.63636363636363
NJ,2022,4,39,2021-10-03,2.0
NJ,2022,5,40,2021-10-10,3.0
NJ,2022,6,41,2021-10-17,3.727272727272727
NJ,2022,7,42,2021-10-24,6.454545454545454
NJ,2022,8,43,2021-10-31,9.454545454545455
NJ,2022,9,44,2021-11-07,11.363636363636363
NJ,2022,10,45,2021-11-14,14.0
NJ,2022,11,46,2021-11-21,15.272727272727273
NJ,2022,12,47,2021-11-28,16.363636363636363
NJ,2022,34,17,2022-05-01,25.454545454545453
NJ,2022,35,18,2022-05-08,25.454545454545453
NJ,2022,36,19,2022-05-15,33.63636363636363
NJ,2022,37,20,2022-05-22,34.54545454545455
NJ,2022,38,21,2022-05-29,43.63636363636363
NJ,2022,39,22,2022-06-05,43.63636363636363
NJ,2022,40,23,2022-06-12,46.0
NJ,2022,41,24,2022-06-19,46.27272727272727
NJ,2022,42,25,2022-06-26,52.72727272727273
NJ,2022,43,26,2022-07-03,57.27272727272727
NJ,2022,44,27,2022-07-10,61.27272727272727
NJ,2022,45,28,2022-07-17,61.72727272727273
NJ,2023,4,39,2022-10-02,2.4545454545454546
NJ,2023,5,40,2022-10-09,3.0
NJ,2023,6,41,2022-10-16,4.545454545454546
NJ,2023,7,42,2022-10-23,9.181818181818182
NJ,2023,8,43,2022-10-30,12.636363636363637
NJ,2023,9,44,2022-11-06,14.545454545454545
NJ,2023,10,45,2022-11-13,16.363636363636363
NJ,2023,11,46,2022-11-20,17.0
NJ,2023,12,47,2022-11-27,17.636363636363637
NJ,2023,30,13,2023-04-02,20.272727272727273
NJ,2023,31,14,2023-04-09,22.363636363636363
NJ,2023,32,15,2023-04-16,23.545454545454547
NJ,2023,33,16,2023-04-23,25.09090909090909
NJ,2023,34,17,2023-04-30,28.636363636363637
NJ,2023,35,18,2023-05-07,31.272727272727273
NJ,2023,36,19,2023-05-14,33.54545454545455
NJ,2023,37,20,2023-05-21,35.36363636363637
NJ,2023,38,21,2023-05-28,37.18181818181818
NJ,2023,39,22,2023-06-04,39.45454545454545
NJ,2023,40,23,2023-06-11,41.72727272727273
NJ,2023,41,24,2023-06-18,46.54545454545455
NJ,2023,42,25,2023-06-25,51.18181818181818
NJ,2023,43,26,2023-07-02,55.09090909090909
NJ,2023,44,27,2023-07-09,57.09090909090909
NJ,2023,45,28,2023-07-16,58.45454545454545
NJ,2023,46,29,2023-07-23,59.72727272727273
NJ,2023,47,30,2023-07-30,60.63636363636363
NJ,2023,48,31,2023-08-06,60.90909090909091
NJ,2023,49,32,2023-08-13,61.09090909090909
NJ,2023,50,33,2023-08-20,61.27272727272727
NJ,2023,51,34,2023-08-27,61.63636363636363
NJ,2024,5,40,2023-10-08,0.45454545454545453
NJ,2024,6,41,2023-10-15,2.6363636363636362
NJ,2024,7,42,2023-10-22,4.7272727272727275
NJ,2024,8,43,2023-10-29,8.272727272727273
NJ,2024,9,44,2023-11-05,10.909090909090908
NJ,2024,10,45,2023-11-12,13.090909090909092
NJ,2024,11,46,2023-11-19,15.363636363636363
NJ,2024,12,47,2023-11-26,16.181818181818183
NJ,2024,30,13,2024-03-31,20.0
NJ,2024,31,14,2024-04-07,20.818181818181817
NJ,2024,32,15,2024-04-14,21.545454545454547
NJ,2024,33,16,2024-04-21,22.545454545454547
NJ,2024,34,17,2024-04-28,25.636363636363637
NJ,2024,35,18,2024-05-05,27.818181818181817
NJ,2024,36,19,2024-05-12,30.454545454545453
NJ,2024,37,20,2024-05-19,32.54545454545455
NJ,2024,38,21,2024-05-26,33.45454545454545
NJ,2024,39,22,2024-06-02,37.09090909090909
NJ,2024,40,23,2024-06-09,38.90909090909091
NJ,2024,41,24,2024-06-16,43.09090909090909
NJ,2024,42,25,2024-06-23,47.36363636363637
NJ,2024,43,26,2024-06-30,51.09090909090909
NJ,2024,44,27,2024-07-07,54.81818181818182
NJ,2024,45,28,2024-07-14,56.0
NJ,2024,46,29,2024-07-21,57.18181818181818
NJ,2024,47,30,2024-07-28,58.09090909090909
NJ,2024,48,31,2024-08-04,58.81818181818182
NJ,2024,49,32,2024-08-11,59.18181818181818
NJ,2024,50,33,2024-08-18,59.36363636363637
NJ,2025,3,38,2024-09-22,0.0
NJ,2025,4,39,2024-09-29,0.45454545454545453
NJ,2025,5,40,2024-10-06,0.9090909090909091
NJ,2025,6,41,2024-10-13,1.9090909090909092
NJ,2025,7,42,2024-10-20,2.4545454545454546
NJ,2025,8,43,2024-10-27,4.2727272727272725
NJ,2025,9,44,2024-11-03,4.909090909090909
NJ,2025,10,45,2024-11-10,5.636363636363637
NJ,2025,11,46,2024-11-17,7.363636363636363
NJ,2025,12,47,2024-11-24,9.727272727272727
NJ,2025,31,14,2025-04-06,14.0
NJ,2025,32,15,2025-04-13,15.0
NJ,2025,33,16,2025-04-20,16.545454545454547
NJ,2025,34,17,2025-04-27,18.09090909090909
NJ,2025,35,18,2025-05-04,20.818181818181817
NJ,2025,36,19,2025-05-11,23.181818181818183
NJ,2025,37,20,2025-05-18,25.0
NJ,2025,38,21,2025-05-25,29.545454545454547
NJ,2025,39,22,2025-06-01,31.363636363636363
NJ,2025,40,23,2025-06-08,34.27272727272727
NJ,2025,41,24,2025-06-15,36.36363636363637
NJ,2025,42,25,2025-06-22,40.18181818181818
NJ,2025,43,26,2025-06-29,44.45454545454545
NJ,2025,44,27,2025-07-06,47.09090909090909
NJ,2025,45,28,2025-07-13,49.54545454545455
NJ,2025,46,29,2025-07-20,51.36363636363637
NJ,2025,47,30,2025-07-27,52.90909090909091
NJ,2026,4,39,2025-09-28,0.09090909090909091
NJ,2026,11,46,2025-11-16,15.454545454545455
NJ,2026,12,47,2025-11-23,16.363636363636363
NM,2016,3,38,2015-09-20,1.7272727272727273
NM,2016,4,39,2015-09-27,2.727272727272727
NM,2016,5,40,2015-10-04,5.818181818181818
NM,2016,6,41,2015-10-11,9.545454545454545
NM,2016,7,42,2015-10-18,11.909090909090908
NM,2016,8,43,2015-10-25,14.181818181818182
NM,2016,9,44,2015-11-01,15.636363636363637
NM,2016,10,45,2015-11-08,17.181818181818183
NM,2016,11,46,2015-11-15,17.727272727272727
NM,2016,31,14,2016-04-10,18.818181818181817
NM,2016,32,15,2016-04-17,20.90909090909091
NM,2016,33,16,2016-04-24,21.818181818181817
NM,2016,34,17,2016-05-01,22.727272727272727
NM,2016,35,18,2016-05-08,24.09090909090909
NM,2016,36,19,2016-05-15,25.363636363636363
NM,2016,37,20,2016-05-22,26.181818181818183
NM,2016,38,21,2016-05-29,26.636363636363637
NM,2016,39,22,2016-06-05,27.0
NM,2016,40,23,2016-06-12,28.09090909090909
NM,2016,41,24,2016-06-19,30.181818181818183
NM,2016,42,25,2016-06-26,32.36363636363637
NM,2016,43,26,2016-07-03,33.72727272727273
NM,2016,44,27,2016-07-10,34.54545454545455
NM,2016,45,28,2016-07-17,35.0
NM,2016,46,29,2016-07-24,35.09090909090909
NM,2016,51,34,2016-08-28,26.181818181818183
NM,2016,52,35,2016-09-04,26.636363636363637
NM,2017,1,36,2016-09-11,1.4545454545454546
NM,2017,2,37,2016-09-18,2.8181818181818183
NM,2017,3,38,2016-09-25,6.818181818181818
NM,2017,4,39,2016-10-02,8.636363636363637
NM,2017,5,40,2016-10-09,12.272727272727273
NM,2017,6,41,2016-10-16,15.545454545454545
NM,2017,7,42,2016-10-23,17.363636363636363
NM,2017,8,43,2016-10-30,17.545454545454547
NM,2017,31,14,2017-04-09,17.90909090909091
NM,2017,32,15,2017-04-16,19.454545454545453
NM,2017,33,16,2017-04-23,22.09090909090909
NM,2017,34,17,2017-04-30,23.90909090909091
NM,2017,35,18,2017-05-07,25.09090909090909
NM,2017,36,19,2017-05-14,25.90909090909091
NM,2017,37,20,2017-05-21,26.545454545454547
NM,2017,38,21,2017-05-28,27.09090909090909
NM,2017,39,22,2017-06-04,28.363636363636363
NM,2017,40,23,2017-06-11,30.363636363636363
NM,2017,41,24,2017-06-18,30.727272727272727
NM,2017,42,25,2017-06-25,33.36363636363637
NM,2017,43,26,2017-07-02,34.72727272727273
NM,2017,44,27,2017-07-09,35.0
NM,2017,51,34,2017-08-27,26.363636363636363
NM,2017,52,35,2017-09-03,28.181818181818183
NM,2018,1,36,2017-09-10,4.7272727272727275
NM,2018,2,37,2017-09-17,7.818181818181818
NM,2018,3,38,2017-09-24,10.363636363636363
NM,2018,4,39,2017-10-01,12.181818181818182
NM,2018,5,40,2017-10-08,14.272727272727273
NM,2018,6,41,2017-10-15,16.09090909090909
NM,2018,7,42,2017-10-22,16.90909090909091
NM,2018,8,43,2017-10-29,17.545454545454547
NM,2018,31,14,2018-04-08,17.90909090909091
NM,2018,32,15,2018-04-15,19.363636363636363
NM,2018,33,16,2018-04-22,21.545454545454547
NM,2018,34,17,2018-04-29,23.272727272727273
NM,2018,35,18,2018-05-06,25.181818181818183
NM,2018,36,19,2018-05-13,25.818181818181817
NM,2018,37,20,2018-05-20,26.181818181818183
NM,2018,38,21,2018-05-27,26.272727272727273
NM,2018,39,22,2018-06-03,26.90909090909091
NM,2018,40,23,2018-06-10,27.818181818181817
NM,2018,41,24,2018-06-17,28.727272727272727
NM,2018,42,25,2018-06-24,29.636363636363637
NM,2018,43,26,2018-07-01,32.09090909090909
NM,2018,44,27,2018-07-08,33.72727272727273
NM,2018,45,28,2018-07-15,34.18181818181818
NM,2018,46,29,2018-07-22,34.81818181818182
NM,2018,50,33,2018-08-19,26.181818181818183
NM,2018,51,34,2018-08-26,27.0
NM,2018,52,35,2018-09-02,19.636363636363637
NM,2019,1,36,2018-09-09,4.545454545454546
NM,2019,2,37,2018-09-16,6.363636363636363
NM,2019,3,38,2018-09-23,10.909090909090908
NM,2019,4,39,2018-09-30,14.0
NM,2019,5,40,2018-10-07,15.363636363636363
NM,2019,6,41,2018-10-14,16.0
NM,2019,7,42,2018-10-21,16.90909090909091
NM,2019,8,43,2018-10-28,17.181818181818183
NM,2019,9,44,2018-11-04,17.454545454545453
NM,2019,10,45,2018-11-11,17.818181818181817
NM,2019,31,14,2019-04-07,17.90909090909091
NM,2019,32,15,2019-04-14,18.0
NM,2019,33,16,2019-04-21,18.545454545454547
NM,2019,34,17,2019-04-28,19.90909090909091
NM,2019,35,18,2019-05-05,21.90909090909091
NM,2019,36,19,2019-05-12,23.272727272727273
NM,2019,37,20,2019-05-19,25.90909090909091
NM,2019,38,21,2019-05-26,26.181818181818183
NM,2019,39,22,2019-06-02,26.545454545454547
NM,2019,40,23,2019-06-09,26.636363636363637
NM,2019,41,24,2019-06-16,27.818181818181817
NM,2019,42,25,2019-06-23,28.727272727272727
NM,2019,43,26,2019-06-30,29.818181818181817
NM,2019,44,27,2019-07-07,31.0
NM,2019,45,28,2019-07-14,32.36363636363637
NM,2019,46,29,2019-07-21,33.27272727272727
NM,2019,47,30,2019-07-28,34.63636363636363
NM,2019,48,31,2019-08-04,35.09090909090909
NM,2019,51,34,2019-08-25,27.0
NM,2019,52,35,2019-09-01,28.454545454545453
NM,2020,1,36,2019-09-08,3.0
NM,2020,2,37,2019-09-15,6.363636363636363
NM,2020,3,38,2019-09-22,9.272727272727273
NM,2020,4,39,2019-09-29,11.363636363636363
NM,2020,5,40,2019-10-06,13.090909090909092
NM,2020,6,41,2019-10-13,15.0
NM,2020,7,42,2019-10-20,16.363636363636363
NM,2020,8,43,2019-10-27,16.727272727272727
NM,2020,9,44,2019-11-03,17.0
NM,2020,10,45,2019-11-10,17.272727272727273
NM,2020,32,15,2020-04-12,17.545454545454547
NM,2020,33,16,2020-04-19,18.727272727272727
NM,2020,34,17,2020-04-26,21.363636363636363
NM,2020,35,18,2020-05-03,23.09090909090909
NM,2020,36,19,2020-05-10,24.727272727272727
NM,2020,37,20,2020-05-17,25.363636363636363
NM,2020,38,21,2020-05-24,25.818181818181817
NM,2020,39,22,2020-05-31,26.363636363636363
NM,2020,40,23,2020-06-07,28.454545454545453
NM,2020,41,24,2020-06-14,28.727272727272727
NM,2020,42,25,2020-06-21,30.181818181818183
NM,2020,43,26,2020-06-28,31.90909090909091
NM,2020,44,27,2020-07-05,33.63636363636363
NM,2020,45,28,2020-07-12,34.0
NM,2020,46,29,2020-07-19,34.27272727272727
NM,2020,47,30,2020-07-26,34.54545454545455
NM,2020,48,31,2020-08-02,34.72727272727273
NM,2020,51,34,2020-08-23,26.363636363636363
NM,2020,52,35,2020-08-30,26.636363636363637
NM,2021,1,36,2020-09-06,1.3636363636363635
NM,2021,2,37,2020-09-13,5.818181818181818
NM,2021,3,38,2020-09-20,6.545454545454546
NM,2021,4,39,2020-09-27,9.909090909090908
NM,2021,5,40,2020-10-04,10.909090909090908
NM,2021,6,41,2020-10-11,12.545454545454545
NM,2021,7,42,2020-10-18,13.363636363636363
NM,2021,8,43,2020-10-25,15.090909090909092
NM,2021,9,44,2020-11-01,15.636363636363637
NM,2021,10,45,2020-11-08,16.09090909090909
NM,2021,11,46,2020-11-15,16.636363636363637
NM,2021,12,47,2020-11-22,17.0
NM,2021,13,48,2020-11-29,17.272727272727273
NM,2021,31,14,2021-04-11,17.363636363636363
NM,2021,32,15,2021-04-18,18.0
NM,2021,33,16,2021-04-25,19.454545454545453
NM,2021,34,17,2021-05-02,20.727272727272727
NM,2021,35,18,2021-05-09,22.363636363636363
NM,2021,36,19,2021-05-16,23.272727272727273
NM,2021,37,20,2021-05-23,24.272727272727273
NM,2021,38,21,2021-05-30,25.181818181818183
NM,2021,39,22,2021-06-06,26.09090909090909
NM,2021,40,23,2021-06-13,27.454545454545453
NM,2021,41,24,2021-06-20,28.90909090909091
NM,2021,42,25,2021-06-27,29.818181818181817
NM,2021,43,26,2021-07-04,31.90909090909091
NM,2021,44,27,2021-07-11,32.27272727272727
NM,2021,45,28,2021-07-18,33.45454545454545
NM,2021,46,29,2021-07-25,34.54545454545455
NM,2021,51,34,2021-08-29,26.0
NM,2021,52,35,2021-09-05,27.272727272727273
NM,2022,1,36,2021-09-12,3.6363636363636362
NM,2022,2,37,2021-09-19,6.363636363636363
NM,2022,3,38,2021-09-26,10.0
NM,2022,4,39,2021-10-03,13.454545454545455
NM,2022,5,40,2021-10-10,15.181818181818182
NM,2022,6,41,2021-10-17,15.727272727272727
NM,2022,7,42,2021-10-24,16.272727272727273
NM,2022,8,43,2021-10-31,16.545454545454547
NM,2022,9,44,2021-11-07,17.0
NM,2022,10,45,2021-11-14,17.272727272727273
NM,2022,11,46,2021-11-21,17.545454545454547
NM,2022,31,14,2022-04-10,17.727272727272727
NM,2022,32,15,2022-04-17,17.818181818181817
NM,2022,33,16,2022-04-24,18.0
NM,2022,34,17,2022-05-01,19.90909090909091
NM,2022,35,18,2022-05-08,20.818181818181817
NM,2022,36,19,2022-05-15,22.454545454545453
NM,2022,37,20,2022-05-22,24.272727272727273
NM,2022,38,21,2022-05-29,25.454545454545453
NM,2022,39,22,2022-06-05,26.545454545454547
NM,2022,40,23,2022-06-12,28.363636363636363
NM,2022,41,24,2022-06-19,29.636363636363637
NM,2022,42,25,2022-06-26,30.363636363636363
NM,2022,43,26,2022-07-03,30.636363636363637
NM,2022,44,27,2022-07-10,32.0
NM,2022,45,28,2022-07-17,33.36363636363637
NM,2022,46,29,2022-07-24,34.63636363636363
NM,2022,47,30,2022-07-31,35.09090909090909
NM,2022,51,34,2022-08-28,26.363636363636363
NM,2022,52,35,2022-09-04,27.545454545454547
NM,2023,1,36,2022-09-11,1.8181818181818181
NM,2023,2,37,2022-09-18,3.0
NM,2023,3,38,2022-09-25,6.0
NM,2023,4,39,2022-10-02,9.090909090909092
NM,2023,5,40,2022-10-09,10.454545454545455
NM,2023,6,41,2022-10-16,12.818181818181818
NM,2023,7,42,2022-10-23,15.363636363636363
NM,2023,8,43,2022-10-30,15.909090909090908
NM,2023,9,44,2022-11-06,17.181818181818183
NM,2023,10,45,2022-11-13,17.636363636363637
NM,2023,11,46,2022-11-20,17.90909090909091
NM,2023,12,47,2022-11-27,18.0
NM,2023,31,14,2023-04-09,18.09090909090909
NM,2023,32,15,2023-04-16,18.09090909090909
NM,2023,33,16,2023-04-23,19.363636363636363
NM,2023,34,17,2023-04-30,21.0
NM,2023,35,18,2023-05-07,22.181818181818183
NM,2023,36,19,2023-05-14,23.181818181818183
NM,2023,37,20,2023-05-21,23.727272727272727
NM,2023,38,21,2023-05-28,24.90909090909091
NM,2023,39,22,2023-06-04,26.181818181818183
NM,2023,40,23,2023-06-11,26.818181818181817
NM,2023,41,24,2023-06-18,28.272727272727273
NM,2023,42,25,2023-06-25,28.636363636363637
NM,2023,43,26,2023-07-02,28.90909090909091
NM,2023,44,27,2023-07-09,30.454545454545453
NM,2023,45,28,2023-07-16,32.45454545454545
NM,2023,46,29,2023-07-23,33.81818181818182
NM,2023,47,30,2023-07-30,35.27272727272727
NM,2023,48,31,2023-08-06,35.63636363636363
NM,2024,1,36,2023-09-10,0.09090909090909091
NM,2024,2,37,2023-09-17,1.7272727272727273
NM,2024,3,38,2023-09-24,3.5454545454545454
NM,2024,4,39,2023-10-01,6.818181818181818
NM,2024,5,40,2023-10-08,11.090909090909092
NM,2024,6,41,2023-10-15,13.636363636363637
NM,2024,7,42,2023-10-22,15.272727272727273
NM,2024,8,43,2023-10-29,16.636363636363637
NM,2024,9,44,2023-11-05,17.0
NM,2024,10,45,2023-11-12,17.181818181818183
NM,2024,11,46,2023-11-19,17.545454545454547
NM,2024,31,14,2024-04-07,17.636363636363637
NM,2024,32,15,2024-04-14,17.727272727272727
NM,2024,33,16,2024-04-21,19.545454545454547
NM,2024,34,17,2024-04-28,20.272727272727273
NM,2024,35,18,2024-05-05,21.09090909090909
NM,2024,36,19,2024-05-12,24.0
NM,2024,37,20,2024-05-19,26.545454545454547
NM,2024,38,21,2024-05-26,26.90909090909091
NM,2024,39,22,2024-06-02,27.09090909090909
NM,2024,40,23,2024-06-09,28.727272727272727
NM,2024,41,24,2024-06-16,28.818181818181817
NM,2024,42,25,2024-06-23,29.818181818181817
NM,2024,43,26,2024-06-30,30.545454545454547
NM,2024,44,27,2024-07-07,30.818181818181817
NM,2024,45,28,2024-07-14,31.636363636363637
NM,2024,46,29,2024-07-21,32.36363636363637
NM,2024,47,30,2024-07-28,34.09090909090909
NM,2024,48,31,2024-08-04,35.09090909090909
NM,2024,51,34,2024-08-25,26.545454545454547
NM,2024,52,35,2024-09-01,26.818181818181817
NM,2025,1,36,2024-09-08,1.3636363636363635
NM,2025,2,37,2024-09-15,2.272727272727273
NM,2025,3,38,2024-09-22,5.636363636363637
NM,2025,4,39,2024-09-29,7.090909090909091
NM,2025,5,40,2024-10-06,10.181818181818182
NM,2025,6,41,2024-10-13,11.181818181818182
NM,2025,7,42,2024-10-20,13.0
NM,2025,8,43,2024-10-27,14.818181818181818
NM,2025,9,44,2024-11-03,17.272727272727273
NM,2025,32,15,2025-04-13,17.727272727272727
NM,2025,33,16,2025-04-20,18.181818181818183
NM,2025,34,17,2025-04-27,18.636363636363637
NM,2025,35,18,2025-05-04,19.0
NM,2025,36,19,2025-05-11,20.90909090909091
NM,2025,37,20,2025-05-18,22.727272727272727
NM,2025,38,21,2025-05-25,25.90909090909091
NM,2025,39,22,2025-06-01,26.363636363636363
NM,2025,40,23,2025-06-08,26.454545454545453
NM,2025,41,24,2025-06-15,26.818181818181817
NM,2025,42,25,2025-06-22,28.181818181818183
NM,2025,43,26,2025-06-29,28.454545454545453
NM,2025,44,27,2025-07-06,29.454545454545453
NM,2025,45,28,2025-07-13,30.90909090909091
NM,2025,46,29,2025-07-20,33.18181818181818
NM,2025,47,30,2025-07-27,34.72727272727273
NM,2025,51,34,2025-08-24,26.272727272727273
NM,2025,52,35,2025-08-31,26.272727272727273
NM,2026,1,36,2025-09-07,0.45454545454545453
NM,2026,2,37,2025-09-14,0.8181818181818182
NM,2026,3,38,2025-09-21,2.1818181818181817
NM,2026,4,39,2025-09-28,3.6363636363636362
NM,2026,11,46,2025-11-16,9.727272727272727
NM,2026,12,47,2025-11-23,11.545454545454545
NY,2016,1,36,2015-09-06,0.2727272727272727
NY,2016,2,37,2015-09-13,1.1818181818181819
NY,2016,3,38,2015-09-20,2.1818181818181817
NY,2016,4,39,2015-09-27,3.6363636363636362
NY,2016,5,40,2015-10-04,5.909090909090909
NY,2016,6,41,2015-10-11,9.727272727272727
NY,2016,7,42,2015-10-18,12.090909090909092
NY,2016,8,43,2015-10-25,13.363636363636363
NY,2016,9,44,2015-11-01,14.545454545454545
NY,2016,10,45,2015-11-08,16.272727272727273
NY,2016,11,46,2015-11-15,16.818181818181817
NY,2016,12,47,2015-11-22,17.181818181818183
NY,2016,13,48,2015-11-29,17.363636363636363
NY,2016,31,14,2016-04-10,17.363636363636363
NY,2016,32,15,2016-04-17,17.363636363636363
NY,2016,33,16,2016-04-24,17.363636363636363
NY,2016,34,17,2016-05-01,17.363636363636363
NY,2016,35,18,2016-05-08,17.363636363636363
NY,2016,36,19,2016-05-15,17.454545454545453
NY,2016,37,20,2016-05-22,17.90909090909091
NY,2016,38,21,2016-05-29,20.818181818181817
NY,2016,39,22,2016-06-05,23.727272727272727
NY,2016,40,23,2016-06-12,25.636363636363637
NY,2016,41,24,2016-06-19,26.0
NY,2016,42,25,2016-06-26,26.0
NY,2016,43,26,2016-07-03,26.09090909090909
NY,2016,44,27,2016-07-10,26.545454545454547
NY,2016,45,28,2016-07-17,27.818181818181817
NY,2016,46,29,2016-07-24,30.818181818181817
NY,2016,47,30,2016-07-31,34.0
NY,2016,48,31,2016-08-07,34.45454545454545
NY,2016,49,32,2016-08-14,34.81818181818182
NY,2016,50,33,2016-08-21,34.90909090909091
NY,2016,51,34,2016-08-28,35.0
NY,2016,52,35,2016-09-04,35.0
NY,2017,1,36,2016-09-11,0.0
NY,2017,2,37,2016-09-18,1.0909090909090908
NY,2017,3,38,2016-09-25,3.090909090909091
NY,2017,4,39,2016-10-02,6.454545454545454
NY,2017,5,40,2016-10-09,10.090909090909092
NY,2017,6,41,2016-10-16,11.636363636363637
NY,2017,7,42,2016-10-23,13.636363636363637
NY,2017,8,43,2016-10-30,14.818181818181818
NY,2017,9,44,2016-11-06,15.727272727272727
NY,2017,10,45,2016-11-13,16.545454545454547
NY,2017,11,46,2016-11-20,16.818181818181817
NY,2017,12,47,2016-11-27,16.818181818181817
NY,2017,31,14,2017-04-09,16.818181818181817
NY,2017,32,15,2017-04-16,16.90909090909091
NY,2017,36,19,2017-05-14,17.0
NY,2017,37,20,2017-05-21,17.363636363636363
NY,2017,38,21,2017-05-28,19.363636363636363
NY,2017,39,22,2017-06-04,21.181818181818183
NY,2017,40,23,2017-06-11,23.636363636363637
NY,2017,41,24,2017-06-18,25.545454545454547
NY,2017,42,25,2017-06-25,25.818181818181817
NY,2017,43,26,2017-07-02,25.90909090909091
NY,2017,44,27,2017-07-09,26.09090909090909
NY,2017,45,28,2017-07-16,26.363636363636363
NY,2017,46,29,2017-07-23,28.636363636363637
NY,2017,47,30,2017-07-30,31.09090909090909
NY,2017,48,31,2017-08-06,32.81818181818182
NY,2017,49,32,2017-08-13,33.18181818181818
NY,2017,50,33,2017-08-20,33.90909090909091
NY,2018,2,37,2017-09-17,0.7272727272727273
NY,2018,3,38,2017-09-24,3.090909090909091
NY,2018,4,39,2017-10-01,4.363636363636363
NY,2018,5,40,2017-10-08,5.7272727272727275
NY,2018,6,41,2017-10-15,8.181818181818182
NY,2018,7,42,2017-10-22,11.272727272727273
NY,2018,8,43,2017-10-29,14.363636363636363
NY,2018,9,44,2017-11-05,16.272727272727273
NY,2018,10,45,2017-11-12,16.454545454545453
NY,2018,11,46,2017-11-19,17.181818181818183
NY,2018,12,47,2017-11-26,17.818181818181817
NY,2018,39,22,2018-06-03,20.272727272727273
NY,2018,40,23,2018-06-10,22.90909090909091
NY,2018,41,24,2018-06-17,24.272727272727273
NY,2018,42,25,2018-06-24,25.181818181818183
NY,2018,43,26,2018-07-01,26.0
NY,2018,44,27,2018-07-08,26.454545454545453
NY,2018,45,28,2018-07-15,28.727272727272727
NY,2018,46,29,2018-07-22,32.36363636363637
NY,2018,47,30,2018-07-29,33.90909090909091
NY,2018,48,31,2018-08-05,35.09090909090909
NY,2018,49,32,2018-08-12,35.81818181818182
NY,2018,50,33,2018-08-19,36.0
NY,2019,1,36,2018-09-09,0.5454545454545454
NY,2019,2,37,2018-09-16,0.9090909090909091
NY,2019,3,38,2018-09-23,1.1818181818181819
NY,2019,4,39,2018-09-30,2.727272727272727
NY,2019,5,40,2018-10-07,3.909090909090909
NY,2019,6,41,2018-10-14,5.0
NY,2019,7,42,2018-10-21,8.636363636363637
NY,2019,8,43,2018-10-28,10.909090909090908
NY,2019,9,44,2018-11-04,12.0
NY,2019,10,45,2018-11-11,12.636363636363637
NY,2019,11,46,2018-11-18,13.181818181818182
NY,2019,12,47,2018-11-25,13.454545454545455
NY,2019,37,20,2019-05-19,13.545454545454545
NY,2019,38,21,2019-05-26,13.636363636363637
NY,2019,39,22,2019-06-02,13.727272727272727
NY,2019,40,23,2019-06-09,16.363636363636363
NY,2019,41,24,2019-06-16,18.818181818181817
NY,2019,42,25,2019-06-23,20.272727272727273
NY,2019,43,26,2019-06-30,20.363636363636363
NY,2019,44,27,2019-07-07,21.09090909090909
NY,2019,45,28,2019-07-14,21.545454545454547
NY,2019,46,29,2019-07-21,22.09090909090909
NY,2019,47,30,2019-07-28,24.818181818181817
NY,2019,48,31,2019-08-04,27.09090909090909
NY,2019,49,32,2019-08-11,29.09090909090909
NY,2019,50,33,2019-08-18,30.181818181818183
NY,2019,51,34,2019-08-25,31.272727272727273
NY,2019,52,35,2019-09-01,31.363636363636363
NY,2020,1,36,2019-09-08,0.18181818181818182
NY,2020,2,37,2019-09-15,0.36363636363636365
NY,2020,3,38,2019-09-22,2.272727272727273
NY,2020,4,39,2019-09-29,5.181818181818182
NY,2020,5,40,2019-10-06,7.636363636363637
NY,2020,6,41,2019-10-13,10.363636363636363
NY,2020,7,42,2019-10-20,11.818181818181818
NY,2020,8,43,2019-10-27,14.090909090909092
NY,2020,9,44,2019-11-03,15.545454545454545
NY,2020,10,45,2019-11-10,16.09090909090909
NY,2020,11,46,2019-11-17,16.90909090909091
NY,2020,12,47,2019-11-24,17.181818181818183
NY,2020,38,21,2020-05-24,17.272727272727273
NY,2020,39,22,2020-05-31,18.09090909090909
NY,2020,40,23,2020-06-07,20.545454545454547
NY,2020,41,24,2020-06-14,23.0
NY,2020,42,25,2020-06-21,24.09090909090909
NY,2020,43,26,2020-06-28,25.0
NY,2020,44,27,2020-07-05,25.545454545454547
NY,2020,45,28,2020-07-12,26.818181818181817
NY,2020,46,29,2020-07-19,29.636363636363637
NY,2020,47,30,2020-07-26,32.0
NY,2020,48,31,2020-08-02,33.36363636363637
NY,2020,49,32,2020-08-09,34.18181818181818
NY,2020,50,33,2020-08-16,34.54545454545455
NY,2020,51,34,2020-08-23,34.72727272727273
NY,2020,52,35,2020-08-30,34.90909090909091
NY,2021,2,37,2020-09-13,0.09090909090909091
NY,2021,3,38,2020-09-20,0.8181818181818182
NY,2021,4,39,2020-09-27,3.272727272727273
NY,2021,5,40,2020-10-04,5.818181818181818
NY,2021,6,41,2020-10-11,7.7272727272727275
NY,2021,7,42,2020-10-18,10.818181818181818
NY,2021,8,43,2020-10-25,13.181818181818182
NY,2021,9,44,2020-11-01,14.181818181818182
NY,2021,10,45,2020-11-08,15.636363636363637
NY,2021,11,46,2020-11-15,16.363636363636363
NY,2021,12,47,2020-11-22,17.09090909090909
NY,2021,13,48,2020-11-29,17.454545454545453
NY,2021,37,20,2021-05-23,17.727272727272727
NY,2021,38,21,2021-05-30,18.0
NY,2021,39,22,2021-06-06,23.727272727272727
NY,2021,40,23,2021-06-13,24.363636363636363
NY,2021,41,24,2021-06-20,25.454545454545453
NY,2021,42,25,2021-06-27,25.818181818181817
NY,2021,43,26,2021-07-04,25.90909090909091
NY,2021,44,27,2021-07-11,26.545454545454547
NY,2021,45,28,2021-07-18,27.09090909090909
NY,2021,46,29,2021-07-25,32.18181818181818
NY,2021,47,30,2021-08-01,34.18181818181818
NY,2021,48,31,2021-08-08,34.90909090909091
NY,2021,49,32,2021-08-15,35.09090909090909
NY,2021,50,33,2021-08-22,35.18181818181818
NY,2022,1,36,2021-09-12,0.0
NY,2022,2,37,2021-09-19,1.0
NY,2022,3,38,2021-09-26,1.4545454545454546
NY,2022,4,39,2021-10-03,3.090909090909091
NY,2022,5,40,2021-10-10,4.7272727272727275
NY,2022,6,41,2021-10-17,9.181818181818182
NY,2022,7,42,2021-10-24,11.454545454545455
NY,2022,8,43,2021-10-31,13.363636363636363
NY,2022,9,44,2021-11-07,14.272727272727273
NY,2022,10,45,2021-11-14,14.909090909090908
NY,2022,11,46,2021-11-21,15.636363636363637
NY,2022,12,47,2021-11-28,16.0
NY,2022,38,21,2022-05-29,17.636363636363637
NY,2022,39,22,2022-06-05,21.272727272727273
NY,2022,40,23,2022-06-12,23.272727272727273
NY,2022,41,24,2022-06-19,23.90909090909091
NY,2022,42,25,2022-06-26,24.818181818181817
NY,2022,43,26,2022-07-03,24.818181818181817
NY,2022,44,27,2022-07-10,25.545454545454547
NY,2022,45,28,2022-07-17,29.727272727272727
NY,2022,46,29,2022-07-24,32.54545454545455
NY,2022,47,30,2022-07-31,33.09090909090909
NY,2022,48,31,2022-08-07,33.27272727272727
NY,2022,49,32,2022-08-14,33.36363636363637
NY,2023,1,36,2022-09-11,0.0
NY,2023,2,37,2022-09-18,0.8181818181818182
NY,2023,3,38,2022-09-25,1.7272727272727273
NY,2023,4,39,2022-10-02,2.5454545454545454
NY,2023,5,40,2022-10-09,5.454545454545454
NY,2023,6,41,2022-10-16,8.909090909090908
NY,2023,7,42,2022-10-23,12.0
NY,2023,8,43,2022-10-30,14.363636363636363
NY,2023,9,44,2022-11-06,15.818181818181818
NY,2023,10,45,2022-11-13,16.636363636363637
NY,2023,11,46,2022-11-20,17.272727272727273
NY,2023,12,47,2022-11-27,17.545454545454547
NY,2023,37,20,2023-05-21,17.90909090909091
NY,2023,38,21,2023-05-28,19.272727272727273
NY,2023,39,22,2023-06-04,21.545454545454547
NY,2023,40,23,2023-06-11,23.818181818181817
NY,2023,41,24,2023-06-18,24.818181818181817
NY,2023,42,25,2023-06-25,25.545454545454547
NY,2023,43,26,2023-07-02,25.818181818181817
NY,2023,44,27,2023-07-09,26.181818181818183
NY,2023,45,28,2023-07-16,27.727272727272727
NY,2023,46,29,2023-07-23,29.09090909090909
NY,2023,47,30,2023-07-30,33.27272727272727
NY,2023,48,31,2023-08-06,34.09090909090909
NY,2023,49,32,2023-08-13,34.45454545454545
NY,2023,50,33,2023-08-20,34.72727272727273
NY,2023,51,34,2023-08-27,34.90909090909091
NY,2024,3,38,2023-09-24,1.7272727272727273
NY,2024,4,39,2023-10-01,3.0
NY,2024,5,40,2023-10-08,5.909090909090909
NY,2024,6,41,2023-10-15,7.363636363636363
NY,2024,7,42,2023-10-22,10.545454545454545
NY,2024,8,43,2023-10-29,13.272727272727273
NY,2024,9,44,2023-11-05,15.727272727272727
NY,2024,10,45,2023-11-12,16.454545454545453
NY,2024,11,46,2023-11-19,17.09090909090909
NY,2024,12,47,2023-11-26,17.272727272727273
NY,2024,30,13,2024-03-31,17.272727272727273
NY,2024,31,14,2024-04-07,17.272727272727273
NY,2024,32,15,2024-04-14,17.454545454545453
NY,2024,33,16,2024-04-21,17.545454545454547
NY,2024,34,17,2024-04-28,17.727272727272727
NY,2024,35,18,2024-05-05,17.818181818181817
NY,2024,36,19,2024-05-12,18.181818181818183
NY,2024,37,20,2024-05-19,18.545454545454547
NY,2024,38,21,2024-05-26,20.272727272727273
NY,2024,39,22,2024-06-02,21.636363636363637
NY,2024,40,23,2024-06-09,23.09090909090909
NY,2024,41,24,2024-06-16,24.09090909090909
NY,2024,42,25,2024-06-23,25.272727272727273
NY,2024,43,26,2024-06-30,25.545454545454547
NY,2024,44,27,2024-07-07,26.363636363636363
NY,2024,45,28,2024-07-14,28.454545454545453
NY,2024,46,29,2024-07-21,31.0
NY,2024,47,30,2024-07-28,31.818181818181817
NY,2024,48,31,2024-08-04,33.63636363636363
NY,2024,49,32,2024-08-11,34.27272727272727
NY,2024,50,33,2024-08-18,34.45454545454545
NY,2025,2,37,2024-09-15,0.18181818181818182
NY,2025,3,38,2024-09-22,0.7272727272727273
NY,2025,4,39,2024-09-29,2.0
NY,2025,5,40,2024-10-06,3.8181818181818183
NY,2025,6,41,2024-10-13,7.545454545454546
NY,2025,7,42,2024-10-20,10.272727272727273
NY,2025,8,43,2024-10-27,13.545454545454545
NY,2025,9,44,2024-11-03,15.454545454545455
NY,2025,10,45,2024-11-10,16.636363636363637
NY,2025,11,46,2024-11-17,17.181818181818183
NY,2025,12,47,2024-11-24,17.454545454545453
NY,2025,35,18,2025-05-04,17.454545454545453
NY,2025,36,19,2025-05-11,17.545454545454547
NY,2025,37,20,2025-05-18,17.636363636363637
NY,2025,38,21,2025-05-25,18.636363636363637
NY,2025,39,22,2025-06-01,21.181818181818183
NY,2025,40,23,2025-06-08,23.0
NY,2025,41,24,2025-06-15,24.0
NY,2025,42,25,2025-06-22,25.454545454545453
NY,2025,43,26,2025-06-29,26.09090909090909
NY,2025,44,27,2025-07-06,26.181818181818183
NY,2025,45,28,2025-07-13,27.181818181818183
NY,2025,46,29,2025-07-20,29.09090909090909
NY,2025,47,30,2025-07-27,31.818181818181817
NY,2025,48,31,2025-08-03,33.18181818181818
NY,2025,49,32,2025-08-10,34.18181818181818
NY,2025,50,33,2025-08-17,34.72727272727273
NY,2026,11,46,2025-11-16,15.909090909090908
NY,2026,12,47,2025-11-23,17.0
OH,2016,1,36,2015-09-06,0.0
OH,2016,2,37,2015-09-13,0.0
OH,2016,3,38,2015-09-20,0.18181818181818182
OH,2016,4,39,2015-09-27,1.1818181818181819
OH,2016,5,40,2015-10-04,3.727272727272727
OH,2016,6,41,2015-10-11,7.7272727272727275
OH,2016,7,42,2015-10-18,12.272727272727273
OH,2016,8,43,2015-10-25,14.454545454545455
OH,2016,9,44,2015-11-01,15.818181818181818
OH,2016,10,45,2015-11-08,17.363636363636363
OH,2016,11,46,2015-11-15,17.90909090909091
OH,2016,12,47,2015-11-22,18.181818181818183
OH,2016,13,48,2015-11-29,18.181818181818183
OH,2016,30,13,2016-04-03,18.727272727272727
OH,2016,31,14,2016-04-10,20.181818181818183
OH,2016,32,15,2016-04-17,21.454545454545453
OH,2016,33,16,2016-04-24,23.272727272727273
OH,2016,34,17,2016-05-01,25.545454545454547
OH,2016,35,18,2016-05-08,27.363636363636363
OH,2016,36,19,2016-05-15,29.454545454545453
OH,2016,37,20,2016-05-22,32.0
OH,2016,38,21,2016-05-29,34.81818181818182
OH,2016,39,22,2016-06-05,36.18181818181818
OH,2016,40,23,2016-06-12,36.81818181818182
OH,2016,41,24,2016-06-19,38.09090909090909
OH,2016,42,25,2016-06-26,41.63636363636363
OH,2016,43,26,2016-07-03,49.72727272727273
OH,2016,44,27,2016-07-10,52.72727272727273
OH,2016,45,28,2016-07-17,54.18181818181818
OH,2016,46,29,2016-07-24,54.54545454545455
OH,2016,47,30,2016-07-31,54.54545454545455
OH,2016,48,31,2016-08-07,54.54545454545455
OH,2016,49,32,2016-08-14,54.54545454545455
OH,2017,1,36,2016-09-11,0.0
OH,2017,2,37,2016-09-18,0.09090909090909091
OH,2017,3,38,2016-09-25,0.45454545454545453
OH,2017,4,39,2016-10-02,1.0
OH,2017,5,40,2016-10-09,3.272727272727273
OH,2017,6,41,2016-10-16,7.2727272727272725
OH,2017,7,42,2016-10-23,11.818181818181818
OH,2017,8,43,2016-10-30,14.272727272727273
OH,2017,9,44,2016-11-06,15.818181818181818
OH,2017,10,45,2016-11-13,17.0
OH,2017,11,46,2016-11-20,17.363636363636363
OH,2017,12,47,2016-11-27,17.818181818181817
OH,2017,31,14,2017-04-09,17.818181818181817
OH,2017,32,15,2017-04-16,19.272727272727273
OH,2017,33,16,2017-04-23,21.636363636363637
OH,2017,34,17,2017-04-30,24.545454545454547
OH,2017,35,18,2017-05-07,27.09090909090909
OH,2017,36,19,2017-05-14,30.0
OH,2017,37,20,2017-05-21,34.0
OH,2017,38,21,2017-05-28,35.18181818181818
OH,2017,39,22,2017-06-04,35.54545454545455
OH,2017,40,23,2017-06-11,37.27272727272727
OH,2017,41,24,2017-06-18,40.09090909090909
OH,2017,42,25,2017-06-25,43.36363636363637
OH,2017,43,26,2017-07-02,47.63636363636363
OH,2017,44,27,2017-07-09,51.72727272727273
OH,2017,45,28,2017-07-16,52.72727272727273
OH,2017,46,29,2017-07-23,53.54545454545455
OH,2017,47,30,2017-07-30,53.81818181818182
OH,2017,48,31,2017-08-06,53.90909090909091
OH,2017,49,32,2017-08-13,53.90909090909091
OH,2018,1,36,2017-09-10,0.0
OH,2018,2,37,2017-09-17,0.09090909090909091
OH,2018,3,38,2017-09-24,0.2727272727272727
OH,2018,4,39,2017-10-01,1.6363636363636365
OH,2018,5,40,2017-10-08,4.909090909090909
OH,2018,6,41,2017-10-15,8.090909090909092
OH,2018,7,42,2017-10-22,12.181818181818182
OH,2018,8,43,2017-10-29,14.636363636363637
OH,2018,9,44,2017-11-05,16.0
OH,2018,10,45,2017-11-12,17.0
OH,2018,11,46,2017-11-19,17.363636363636363
OH,2018,12,47,2017-11-26,17.545454545454547
OH,2018,30,13,2018-04-01,17.545454545454547
OH,2018,31,14,2018-04-08,17.636363636363637
OH,2018,32,15,2018-04-15,18.0
OH,2018,33,16,2018-04-22,19.0
OH,2018,34,17,2018-04-29,20.727272727272727
OH,2018,35,18,2018-05-06,22.727272727272727
OH,2018,36,19,2018-05-13,25.181818181818183
OH,2018,37,20,2018-05-20,28.09090909090909
OH,2018,38,21,2018-05-27,31.727272727272727
OH,2018,39,22,2018-06-03,34.27272727272727
OH,2018,40,23,2018-06-10,35.45454545454545
OH,2018,41,24,2018-06-17,37.18181818181818
OH,2018,42,25,2018-06-24,40.18181818181818
OH,2018,43,26,2018-07-01,44.72727272727273
OH,2018,44,27,2018-07-08,50.54545454545455
OH,2018,45,28,2018-07-15,52.72727272727273
OH,2018,46,29,2018-07-22,53.54545454545455
OH,2018,47,30,2018-07-29,53.90909090909091
OH,2018,48,31,2018-08-05,53.90909090909091
OH,2018,49,32,2018-08-12,53.90909090909091
OH,2018,50,33,2018-08-19,53.90909090909091
OH,2018,52,35,2018-09-02,45.09090909090909
OH,2019,1,36,2018-09-09,0.0
OH,2019,2,37,2018-09-16,0.0
OH,2019,3,38,2018-09-23,0.2727272727272727
OH,2019,4,39,2018-09-30,0.7272727272727273
OH,2019,5,40,2018-10-07,4.0
OH,2019,6,41,2018-10-14,7.181818181818182
OH,2019,7,42,2018-10-21,10.363636363636363
OH,2019,8,43,2018-10-28,13.090909090909092
OH,2019,9,44,2018-11-04,14.727272727272727
OH,2019,10,45,2018-11-11,15.636363636363637
OH,2019,11,46,2018-11-18,16.363636363636363
OH,2019,12,47,2018-11-25,17.181818181818183
OH,2019,31,14,2019-04-07,17.181818181818183
OH,2019,32,15,2019-04-14,17.454545454545453
OH,2019,33,16,2019-04-21,18.09090909090909
OH,2019,34,17,2019-04-28,19.636363636363637
OH,2019,35,18,2019-05-05,21.181818181818183
OH,2019,36,19,2019-05-12,23.09090909090909
OH,2019,37,20,2019-05-19,25.272727272727273
OH,2019,38,21,2019-05-26,28.727272727272727
OH,2019,39,22,2019-06-02,31.727272727272727
OH,2019,40,23,2019-06-09,33.63636363636363
OH,2019,41,24,2019-06-16,34.90909090909091
OH,2019,42,25,2019-06-23,36.45454545454545
OH,2019,43,26,2019-06-30,40.18181818181818
OH,2019,44,27,2019-07-07,45.27272727272727
OH,2019,45,28,2019-07-14,49.81818181818182
OH,2019,46,29,2019-07-21,52.0
OH,2019,47,30,2019-07-28,52.90909090909091
OH,2019,48,31,2019-08-04,53.27272727272727
OH,2019,49,32,2019-08-11,53.54545454545455
OH,2019,50,33,2019-08-18,53.54545454545455
OH,2019,51,34,2019-08-25,53.54545454545455
OH,2020,2,37,2019-09-15,0.09090909090909091
OH,2020,3,38,2019-09-22,1.0
OH,2020,4,39,2019-09-29,2.3636363636363638
OH,2020,5,40,2019-10-06,6.181818181818182
OH,2020,6,41,2019-10-13,9.909090909090908
OH,2020,7,42,2019-10-20,12.727272727272727
OH,2020,8,43,2019-10-27,15.0
OH,2020,9,44,2019-11-03,16.545454545454547
OH,2020,10,45,2019-11-10,17.636363636363637
OH,2020,11,46,2019-11-17,17.727272727272727
OH,2020,12,47,2019-11-24,18.181818181818183
OH,2020,32,15,2020-04-12,18.90909090909091
OH,2020,33,16,2020-04-19,20.272727272727273
OH,2020,34,17,2020-04-26,21.818181818181817
OH,2020,35,18,2020-05-03,23.90909090909091
OH,2020,36,19,2020-05-10,25.636363636363637
OH,2020,37,20,2020-05-17,27.181818181818183
OH,2020,38,21,2020-05-24,30.636363636363637
OH,2020,39,22,2020-05-31,33.90909090909091
OH,2020,40,23,2020-06-07,35.90909090909091
OH,2020,41,24,2020-06-14,37.18181818181818
OH,2020,42,25,2020-06-21,39.90909090909091
OH,2020,43,26,2020-06-28,42.36363636363637
OH,2020,44,27,2020-07-05,49.45454545454545
OH,2020,45,28,2020-07-12,53.0
OH,2020,46,29,2020-07-19,54.09090909090909
OH,2020,47,30,2020-07-26,54.54545454545455
OH,2020,48,31,2020-08-02,54.54545454545455
OH,2020,49,32,2020-08-09,54.54545454545455
OH,2020,50,33,2020-08-16,54.54545454545455
OH,2020,51,34,2020-08-23,54.54545454545455
OH,2021,1,36,2020-09-06,0.0
OH,2021,2,37,2020-09-13,0.09090909090909091
OH,2021,3,38,2020-09-20,0.2727272727272727
OH,2021,4,39,2020-09-27,1.2727272727272727
OH,2021,5,40,2020-10-04,3.1818181818181817
OH,2021,6,41,2020-10-11,7.636363636363637
OH,2021,7,42,2020-10-18,11.0
OH,2021,8,43,2020-10-25,14.272727272727273
OH,2021,9,44,2020-11-01,15.727272727272727
OH,2021,10,45,2020-11-08,17.272727272727273
OH,2021,11,46,2020-11-15,17.818181818181817
OH,2021,12,47,2020-11-22,18.181818181818183
OH,2021,13,48,2020-11-29,18.181818181818183
OH,2021,30,13,2021-04-04,18.454545454545453
OH,2021,31,14,2021-04-11,20.363636363636363
OH,2021,32,15,2021-04-18,22.09090909090909
OH,2021,33,16,2021-04-25,23.727272727272727
OH,2021,34,17,2021-05-02,25.272727272727273
OH,2021,35,18,2021-05-09,26.545454545454547
OH,2021,36,19,2021-05-16,27.636363636363637
OH,2021,37,20,2021-05-23,30.90909090909091
OH,2021,38,21,2021-05-30,34.18181818181818
OH,2021,39,22,2021-06-06,35.54545454545455
OH,2021,40,23,2021-06-13,36.81818181818182
OH,2021,41,24,2021-06-20,39.63636363636363
OH,2021,42,25,2021-06-27,42.09090909090909
OH,2021,43,26,2021-07-04,46.81818181818182
OH,2021,44,27,2021-07-11,51.36363636363637
OH,2021,45,28,2021-07-18,53.09090909090909
OH,2021,46,29,2021-07-25,54.0
OH,2021,47,30,2021-08-01,54.36363636363637
OH,2021,48,31,2021-08-08,54.54545454545455
OH,2021,52,35,2021-09-05,45.45454545454545
OH,2022,1,36,2021-09-12,0.09090909090909091
OH,2022,2,37,2021-09-19,0.18181818181818182
OH,2022,3,38,2021-09-26,0.5454545454545454
OH,2022,4,39,2021-10-03,2.3636363636363638
OH,2022,5,40,2021-10-10,4.636363636363637
OH,2022,6,41,2021-10-17,8.0
OH,2022,7,42,2021-10-24,11.545454545454545
OH,2022,8,43,2021-10-31,13.272727272727273
OH,2022,9,44,2021-11-07,14.545454545454545
OH,2022,10,45,2021-11-14,16.0
OH,2022,11,46,2021-11-21,16.818181818181817
OH,2022,12,47,2021-11-28,17.636363636363637
OH,2022,30,13,2022-04-03,17.818181818181817
OH,2022,31,14,2022-04-10,18.181818181818183
OH,2022,32,15,2022-04-17,19.454545454545453
OH,2022,33,16,2022-04-24,21.363636363636363
OH,2022,34,17,2022-05-01,22.90909090909091
OH,2022,35,18,2022-05-08,23.818181818181817
OH,2022,36,19,2022-05-15,26.09090909090909
OH,2022,37,20,2022-05-22,28.727272727272727
OH,2022,38,21,2022-05-29,32.27272727272727
OH,2022,39,22,2022-06-05,34.54545454545455
OH,2022,40,23,2022-06-12,35.72727272727273
OH,2022,41,24,2022-06-19,37.54545454545455
OH,2022,42,25,2022-06-26,42.45454545454545
OH,2022,43,26,2022-07-03,48.45454545454545
OH,2022,44,27,2022-07-10,52.18181818181818
OH,2022,45,28,2022-07-17,53.63636363636363
OH,2022,46,29,2022-07-24,53.63636363636363
OH,2022,47,30,2022-07-31,54.0
OH,2022,48,31,2022-08-07,54.0
OH,2022,49,32,2022-08-14,54.0
OH,2022,50,33,2022-08-21,54.0
OH,2022,52,35,2022-09-04,44.90909090909091
OH,2023,1,36,2022-09-11,0.0
OH,2023,2,37,2022-09-18,0.0
OH,2023,3,38,2022-09-25,0.18181818181818182
OH,2023,4,39,2022-10-02,1.5454545454545454
OH,2023,5,40,2022-10-09,3.5454545454545454
OH,2023,6,41,2022-10-16,6.909090909090909
OH,2023,7,42,2022-10-23,10.363636363636363
OH,2023,8,43,2022-10-30,13.636363636363637
OH,2023,9,44,2022-11-06,15.454545454545455
OH,2023,10,45,2022-11-13,16.545454545454547
OH,2023,11,46,2022-11-20,17.545454545454547
OH,2023,12,47,2022-11-27,17.818181818181817
OH,2023,30,13,2023-04-02,18.0
OH,2023,31,14,2023-04-09,19.272727272727273
OH,2023,32,15,2023-04-16,21.818181818181817
OH,2023,33,16,2023-04-23,24.09090909090909
OH,2023,34,17,2023-04-30,25.181818181818183
OH,2023,35,18,2023-05-07,25.636363636363637
OH,2023,36,19,2023-05-14,26.90909090909091
OH,2023,37,20,2023-05-21,28.545454545454547
OH,2023,38,21,2023-05-28,33.45454545454545
OH,2023,39,22,2023-06-04,35.09090909090909
OH,2023,40,23,2023-06-11,36.81818181818182
OH,2023,41,24,2023-06-18,38.72727272727273
OH,2023,42,25,2023-06-25,41.0
OH,2023,43,26,2023-07-02,43.18181818181818
OH,2023,44,27,2023-07-09,47.27272727272727
OH,2023,45,28,2023-07-16,52.72727272727273
OH,2023,46,29,2023-07-23,53.81818181818182
OH,2023,47,30,2023-07-30,54.18181818181818
OH,2023,48,31,2023-08-06,54.18181818181818
OH,2023,49,32,2023-08-13,54.18181818181818
OH,2023,50,33,2023-08-20,54.18181818181818
OH,2023,52,35,2023-09-03,45.09090909090909
OH,2024,1,36,2023-09-10,0.0
OH,2024,2,37,2023-09-17,0.09090909090909091
OH,2024,3,38,2023-09-24,0.2727272727272727
OH,2024,4,39,2023-10-01,1.1818181818181819
OH,2024,5,40,2023-10-08,3.1818181818181817
OH,2024,6,41,2023-10-15,5.818181818181818
OH,2024,7,42,2023-10-22,9.727272727272727
OH,2024,8,43,2023-10-29,13.090909090909092
OH,2024,9,44,2023-11-05,15.545454545454545
OH,2024,10,45,2023-11-12,17.181818181818183
OH,2024,11,46,2023-11-19,17.727272727272727
OH,2024,12,47,2023-11-26,18.09090909090909
OH,2024,30,13,2024-03-31,18.454545454545453
OH,2024,31,14,2024-04-07,19.545454545454547
OH,2024,32,15,2024-04-14,22.727272727272727
OH,2024,33,16,2024-04-21,24.363636363636363
OH,2024,34,17,2024-04-28,25.636363636363637
OH,2024,35,18,2024-05-05,26.90909090909091
OH,2024,36,19,2024-05-12,29.90909090909091
OH,2024,37,20,2024-05-19,33.36363636363637
OH,2024,38,21,2024-05-26,35.18181818181818
OH,2024,39,22,2024-06-02,36.0
OH,2024,40,23,2024-06-09,37.72727272727273
OH,2024,41,24,2024-06-16,41.09090909090909
OH,2024,42,25,2024-06-23,45.63636363636363
OH,2024,43,26,2024-06-30,49.45454545454545
OH,2024,44,27,2024-07-07,53.36363636363637
OH,2024,45,28,2024-07-14,54.18181818181818
OH,2024,46,29,2024-07-21,54.45454545454545
OH,2024,47,30,2024-07-28,54.45454545454545
OH,2024,48,31,2024-08-04,54.45454545454545
OH,2024,49,32,2024-08-11,54.45454545454545
OH,2024,50,33,2024-08-18,54.45454545454545
OH,2024,52,35,2024-09-01,45.36363636363637
OH,2025,1,36,2024-09-08,0.0
OH,2025,2,37,2024-09-15,0.09090909090909091
OH,2025,3,38,2024-09-22,0.36363636363636365
OH,2025,4,39,2024-09-29,1.5454545454545454
OH,2025,5,40,2024-10-06,3.6363636363636362
OH,2025,6,41,2024-10-13,6.909090909090909
OH,2025,7,42,2024-10-20,10.272727272727273
OH,2025,8,43,2024-10-27,12.727272727272727
OH,2025,9,44,2024-11-03,14.909090909090908
OH,2025,10,45,2024-11-10,16.818181818181817
OH,2025,11,46,2024-11-17,17.636363636363637
OH,2025,12,47,2024-11-24,17.90909090909091
OH,2025,31,14,2025-04-06,18.09090909090909
OH,2025,32,15,2025-04-13,19.0
OH,2025,33,16,2025-04-20,20.727272727272727
OH,2025,34,17,2025-04-27,22.90909090909091
OH,2025,35,18,2025-05-04,25.363636363636363
OH,2025,36,19,2025-05-11,27.181818181818183
OH,2025,37,20,2025-05-18,29.454545454545453
OH,2025,38,21,2025-05-25,33.63636363636363
OH,2025,39,22,2025-06-01,34.81818181818182
OH,2025,40,23,2025-06-08,35.63636363636363
OH,2025,41,24,2025-06-15,36.0
OH,2025,42,25,2025-06-22,36.27272727272727
OH,2025,43,26,2025-06-29,37.36363636363637
OH,2025,44,27,2025-07-06,40.45454545454545
OH,2025,45,28,2025-07-13,43.27272727272727
OH,2025,46,29,2025-07-20,44.54545454545455
OH,2025,47,30,2025-07-27,44.90909090909091
OH,2025,48,31,2025-08-03,45.18181818181818
OH,2025,49,32,2025-08-10,45.18181818181818
OH,2025,50,33,2025-08-17,45.18181818181818
OH,2025,51,34,2025-08-24,45.18181818181818
OH,2025,52,35,2025-08-31,45.18181818181818
OH,2026,1,36,2025-09-07,0.0
OH,2026,2,37,2025-09-14,0.0
OH,2026,3,38,2025-09-21,0.18181818181818182
OH,2026,4,39,2025-09-28,1.0909090909090908
OH,2026,11,46,2025-11-16,17.09090909090909
OH,2026,12,47,2025-11-23,17.818181818181817
OK,2016,1,36,2015-09-06,0.0
OK,2016,2,37,2015-09-13,0.0
OK,2016,3,38,2015-09-20,0.5454545454545454
OK,2016,4,39,2015-09-27,2.0
OK,2016,5,40,2015-10-04,5.7272727272727275
OK,2016,6,41,2015-10-11,8.818181818181818
OK,2016,7,42,2015-10-18,11.545454545454545
OK,2016,8,43,2015-10-25,13.363636363636363
OK,2016,9,44,2015-11-01,15.454545454545455
OK,2016,10,45,2015-11-08,16.363636363636363
OK,2016,11,46,2015-11-15,17.181818181818183
OK,2016,12,47,2015-11-22,17.545454545454547
OK,2016,13,48,2015-11-29,17.90909090909091
OK,2016,21,4,2016-01-31,22.363636363636363
OK,2016,25,8,2016-02-28,22.454545454545453
OK,2016,26,9,2016-03-06,22.545454545454547
OK,2016,27,10,2016-03-13,23.454545454545453
OK,2016,28,11,2016-03-20,26.0
OK,2016,29,12,2016-03-27,26.636363636363637
OK,2016,30,13,2016-04-03,28.0
OK,2016,31,14,2016-04-10,30.0
OK,2016,32,15,2016-04-17,33.09090909090909
OK,2016,33,16,2016-04-24,36.45454545454545
OK,2016,34,17,2016-05-01,37.90909090909091
OK,2016,35,18,2016-05-08,39.81818181818182
OK,2016,36,19,2016-05-15,40.18181818181818
OK,2016,37,20,2016-05-22,40.63636363636363
OK,2016,38,21,2016-05-29,40.72727272727273
OK,2016,39,22,2016-06-05,41.18181818181818
OK,2016,40,23,2016-06-12,43.81818181818182
OK,2016,41,24,2016-06-19,45.72727272727273
OK,2016,42,25,2016-06-26,48.63636363636363
OK,2016,43,26,2016-07-03,49.45454545454545
OK,2016,44,27,2016-07-10,49.63636363636363
OK,2016,45,28,2016-07-17,49.81818181818182
OK,2016,46,29,2016-07-24,49.81818181818182
OK,2016,47,30,2016-07-31,49.81818181818182
OK,2016,48,31,2016-08-07,49.81818181818182
OK,2016,49,32,2016-08-14,49.81818181818182
OK,2016,50,33,2016-08-21,49.81818181818182
OK,2017,1,36,2016-09-11,0.09090909090909091
OK,2017,2,37,2016-09-18,1.7272727272727273
OK,2017,3,38,2016-09-25,2.3636363636363638
OK,2017,4,39,2016-10-02,5.2727272727272725
OK,2017,5,40,2016-10-09,8.636363636363637
OK,2017,6,41,2016-10-16,11.727272727272727
OK,2017,7,42,2016-10-23,13.363636363636363
OK,2017,8,43,2016-10-30,14.909090909090908
OK,2017,9,44,2016-11-06,16.09090909090909
OK,2017,10,45,2016-11-13,16.818181818181817
OK,2017,11,46,2016-11-20,17.454545454545453
OK,2017,12,47,2016-11-27,17.818181818181817
OK,2017,21,4,2017-01-29,22.818181818181817
OK,2017,25,8,2017-02-26,23.727272727272727
OK,2017,26,9,2017-03-05,24.272727272727273
OK,2017,27,10,2017-03-12,25.727272727272727
OK,2017,28,11,2017-03-19,27.181818181818183
OK,2017,29,12,2017-03-26,28.0
OK,2017,30,13,2017-04-02,29.727272727272727
OK,2017,31,14,2017-04-09,30.454545454545453
OK,2017,32,15,2017-04-16,35.72727272727273
OK,2017,33,16,2017-04-23,38.09090909090909
OK,2017,34,17,2017-04-30,39.36363636363637
OK,2017,35,18,2017-05-07,40.63636363636363
OK,2017,36,19,2017-05-14,41.0
OK,2017,37,20,2017-05-21,41.45454545454545
OK,2017,38,21,2017-05-28,41.81818181818182
OK,2017,39,22,2017-06-04,43.81818181818182
OK,2017,40,23,2017-06-11,46.27272727272727
OK,2017,41,24,2017-06-18,48.54545454545455
OK,2017,42,25,2017-06-25,49.72727272727273
OK,2017,43,26,2017-07-02,50.18181818181818
OK,2017,44,27,2017-07-09,50.36363636363637
OK,2017,45,28,2017-07-16,50.45454545454545
OK,2017,46,29,2017-07-23,50.63636363636363
OK,2017,47,30,2017-07-30,50.63636363636363
OK,2017,48,31,2017-08-06,50.63636363636363
OK,2017,49,32,2017-08-13,50.63636363636363
OK,2017,50,33,2017-08-20,50.63636363636363
OK,2018,1,36,2017-09-10,0.09090909090909091
OK,2018,2,37,2017-09-17,1.0
OK,2018,3,38,2017-09-24,1.4545454545454546
OK,2018,4,39,2017-10-01,2.909090909090909
OK,2018,5,40,2017-10-08,5.181818181818182
OK,2018,6,41,2017-10-15,8.363636363636363
OK,2018,7,42,2017-10-22,11.545454545454545
OK,2018,8,43,2017-10-29,13.909090909090908
OK,2018,9,44,2017-11-05,15.272727272727273
OK,2018,10,45,2017-11-12,16.272727272727273
OK,2018,11,46,2017-11-19,17.0
OK,2018,12,47,2017-11-26,17.454545454545453
OK,2018,17,52,2017-01-01,21.727272727272727
OK,2018,17,52,2017-12-31,20.636363636363637
OK,2018,21,4,2018-01-28,21.09090909090909
OK,2018,25,8,2018-02-25,21.636363636363637
OK,2018,26,9,2018-03-04,21.727272727272727
OK,2018,27,10,2018-03-11,22.90909090909091
OK,2018,28,11,2018-03-18,23.636363636363637
OK,2018,29,12,2018-03-25,25.0
OK,2018,30,13,2018-04-01,25.90909090909091
OK,2018,31,14,2018-04-08,27.0
OK,2018,32,15,2018-04-15,29.90909090909091
OK,2018,33,16,2018-04-22,30.90909090909091
OK,2018,34,17,2018-04-29,32.72727272727273
OK,2018,35,18,2018-05-06,37.54545454545455
OK,2018,36,19,2018-05-13,38.72727272727273
OK,2018,37,20,2018-05-20,39.36363636363637
OK,2018,38,21,2018-05-27,39.45454545454545
OK,2018,39,22,2018-06-03,40.36363636363637
OK,2018,40,23,2018-06-10,44.18181818181818
OK,2018,41,24,2018-06-17,46.36363636363637
OK,2018,42,25,2018-06-24,48.09090909090909
OK,2018,43,26,2018-07-01,48.63636363636363
OK,2018,44,27,2018-07-08,48.72727272727273
OK,2018,45,28,2018-07-15,48.81818181818182
OK,2018,46,29,2018-07-22,48.81818181818182
OK,2018,47,30,2018-07-29,48.81818181818182
OK,2018,48,31,2018-08-05,48.81818181818182
OK,2018,49,32,2018-08-12,48.81818181818182
OK,2018,50,33,2018-08-19,48.81818181818182
OK,2019,1,36,2018-09-09,0.18181818181818182
OK,2019,2,37,2018-09-16,1.0909090909090908
OK,2019,3,38,2018-09-23,2.4545454545454546
OK,2019,4,39,2018-09-30,4.181818181818182
OK,2019,5,40,2018-10-07,8.0
OK,2019,6,41,2018-10-14,10.545454545454545
OK,2019,7,42,2018-10-21,12.454545454545455
OK,2019,8,43,2018-10-28,13.272727272727273
OK,2019,9,44,2018-11-04,13.909090909090908
OK,2019,10,45,2018-11-11,14.454545454545455
OK,2019,11,46,2018-11-18,15.727272727272727
OK,2019,12,47,2018-11-25,16.545454545454547
OK,2019,25,8,2019-02-24,20.454545454545453
OK,2019,26,9,2019-03-03,20.818181818181817
OK,2019,27,10,2019-03-10,21.727272727272727
OK,2019,28,11,2019-03-17,23.09090909090909
OK,2019,29,12,2019-03-24,23.818181818181817
OK,2019,30,13,2019-03-31,25.09090909090909
OK,2019,31,14,2019-04-07,26.363636363636363
OK,2019,32,15,2019-04-14,28.0
OK,2019,33,16,2019-04-21,29.727272727272727
OK,2019,34,17,2019-04-28,32.90909090909091
OK,2019,35,18,2019-05-05,35.81818181818182
OK,2019,36,19,2019-05-12,38.09090909090909
OK,2019,37,20,2019-05-19,38.63636363636363
OK,2019,38,21,2019-05-26,38.72727272727273
OK,2019,39,22,2019-06-02,39.09090909090909
OK,2019,40,23,2019-06-09,39.45454545454545
OK,2019,41,24,2019-06-16,40.54545454545455
OK,2019,42,25,2019-06-23,43.0
OK,2019,43,26,2019-06-30,45.63636363636363
OK,2019,44,27,2019-07-07,47.72727272727273
OK,2019,45,28,2019-07-14,48.0
OK,2019,46,29,2019-07-21,48.18181818181818
OK,2019,47,30,2019-07-28,48.18181818181818
OK,2019,48,31,2019-08-04,48.18181818181818
OK,2019,49,32,2019-08-11,48.18181818181818
OK,2019,50,33,2019-08-18,48.18181818181818
OK,2019,51,34,2019-08-25,48.18181818181818
OK,2020,2,37,2019-09-15,0.6363636363636364
OK,2020,3,38,2019-09-22,1.9090909090909092
OK,2020,4,39,2019-09-29,4.545454545454546
OK,2020,5,40,2019-10-06,7.818181818181818
OK,2020,6,41,2019-10-13,10.909090909090908
OK,2020,7,42,2019-10-20,13.454545454545455
OK,2020,8,43,2019-10-27,15.090909090909092
OK,2020,9,44,2019-11-03,16.0
OK,2020,10,45,2019-11-10,16.454545454545453
OK,2020,11,46,2019-11-17,16.90909090909091
OK,2020,12,47,2019-11-24,17.181818181818183
OK,2020,13,48,2019-12-01,17.545454545454547
OK,2020,14,49,2019-12-08,17.818181818181817
OK,2020,26,9,2020-03-01,23.272727272727273
OK,2020,27,10,2020-03-08,23.363636363636363
OK,2020,28,11,2020-03-15,24.181818181818183
OK,2020,29,12,2020-03-22,25.727272727272727
OK,2020,30,13,2020-03-29,27.272727272727273
OK,2020,31,14,2020-04-05,28.90909090909091
OK,2020,32,15,2020-04-12,31.363636363636363
OK,2020,33,16,2020-04-19,34.18181818181818
OK,2020,34,17,2020-04-26,36.54545454545455
OK,2020,35,18,2020-05-03,38.45454545454545
OK,2020,36,19,2020-05-10,39.45454545454545
OK,2020,37,20,2020-05-17,40.45454545454545
OK,2020,38,21,2020-05-24,40.63636363636363
OK,2020,39,22,2020-05-31,41.09090909090909
OK,2020,40,23,2020-06-07,42.81818181818182
OK,2020,41,24,2020-06-14,44.72727272727273
OK,2020,42,25,2020-06-21,48.81818181818182
OK,2020,43,26,2020-06-28,49.72727272727273
OK,2020,44,27,2020-07-05,50.18181818181818
OK,2020,45,28,2020-07-12,50.18181818181818
OK,2020,46,29,2020-07-19,50.18181818181818
OK,2020,47,30,2020-07-26,50.18181818181818
OK,2020,48,31,2020-08-02,50.18181818181818
OK,2020,49,32,2020-08-09,50.18181818181818
OK,2020,50,33,2020-08-16,50.18181818181818
OK,2020,51,34,2020-08-23,50.18181818181818
OK,2021,1,36,2020-09-06,0.09090909090909091
OK,2021,2,37,2020-09-13,0.5454545454545454
OK,2021,3,38,2020-09-20,1.3636363636363635
OK,2021,4,39,2020-09-27,3.090909090909091
OK,2021,5,40,2020-10-04,5.909090909090909
OK,2021,6,41,2020-10-11,9.818181818181818
OK,2021,7,42,2020-10-18,11.0
OK,2021,8,43,2020-10-25,13.454545454545455
OK,2021,9,44,2020-11-01,14.454545454545455
OK,2021,10,45,2020-11-08,16.09090909090909
OK,2021,11,46,2020-11-15,17.0
OK,2021,12,47,2020-11-22,17.454545454545453
OK,2021,13,48,2020-11-29,17.727272727272727
OK,2021,20,3,2021-01-24,22.363636363636363
OK,2021,24,7,2021-02-21,22.09090909090909
OK,2021,25,8,2021-02-28,22.363636363636363
OK,2021,26,9,2021-03-07,22.454545454545453
OK,2021,27,10,2021-03-14,23.636363636363637
OK,2021,28,11,2021-03-21,25.545454545454547
OK,2021,29,12,2021-03-28,26.363636363636363
OK,2021,30,13,2021-04-04,27.454545454545453
OK,2021,31,14,2021-04-11,29.272727272727273
OK,2021,32,15,2021-04-18,31.636363636363637
OK,2021,33,16,2021-04-25,33.63636363636363
OK,2021,34,17,2021-05-02,36.81818181818182
OK,2021,35,18,2021-05-09,38.27272727272727
OK,2021,36,19,2021-05-16,39.27272727272727
OK,2021,37,20,2021-05-23,39.90909090909091
OK,2021,38,21,2021-05-30,40.18181818181818
OK,2021,39,22,2021-06-06,40.27272727272727
OK,2021,40,23,2021-06-13,41.0
OK,2021,41,24,2021-06-20,44.63636363636363
OK,2021,42,25,2021-06-27,47.36363636363637
OK,2021,43,26,2021-07-04,48.27272727272727
OK,2021,44,27,2021-07-11,48.90909090909091
OK,2021,45,28,2021-07-18,49.18181818181818
OK,2021,46,29,2021-07-25,49.18181818181818
OK,2021,47,30,2021-08-01,49.18181818181818
OK,2021,48,31,2021-08-08,49.18181818181818
OK,2021,52,35,2021-09-05,40.09090909090909
OK,2022,1,36,2021-09-12,0.7272727272727273
OK,2022,2,37,2021-09-19,1.4545454545454546
OK,2022,3,38,2021-09-26,3.0
OK,2022,4,39,2021-10-03,4.545454545454546
OK,2022,5,40,2021-10-10,6.818181818181818
OK,2022,6,41,2021-10-17,8.545454545454545
OK,2022,7,42,2021-10-24,11.363636363636363
OK,2022,8,43,2021-10-31,13.909090909090908
OK,2022,9,44,2021-11-07,14.454545454545455
OK,2022,10,45,2021-11-14,16.09090909090909
OK,2022,11,46,2021-11-21,16.90909090909091
OK,2022,12,47,2021-11-28,17.454545454545453
OK,2022,20,3,2022-01-23,21.181818181818183
OK,2022,24,7,2022-02-20,23.0
OK,2022,25,8,2022-02-27,23.454545454545453
OK,2022,26,9,2022-03-06,23.818181818181817
OK,2022,27,10,2022-03-13,24.181818181818183
OK,2022,28,11,2022-03-20,24.545454545454547
OK,2022,29,12,2022-03-27,24.818181818181817
OK,2022,30,13,2022-04-03,25.0
OK,2022,31,14,2022-04-10,26.636363636363637
OK,2022,32,15,2022-04-17,28.454545454545453
OK,2022,33,16,2022-04-24,30.363636363636363
OK,2022,34,17,2022-05-01,35.09090909090909
OK,2022,35,18,2022-05-08,37.54545454545455
OK,2022,36,19,2022-05-15,39.18181818181818
OK,2022,37,20,2022-05-22,40.90909090909091
OK,2022,38,21,2022-05-29,41.72727272727273
OK,2022,39,22,2022-06-05,42.54545454545455
OK,2022,40,23,2022-06-12,44.09090909090909
OK,2022,41,24,2022-06-19,47.72727272727273
OK,2022,42,25,2022-06-26,49.36363636363637
OK,2022,43,26,2022-07-03,50.09090909090909
OK,2022,44,27,2022-07-10,50.27272727272727
OK,2022,45,28,2022-07-17,50.27272727272727
OK,2022,46,29,2022-07-24,50.27272727272727
OK,2022,47,30,2022-07-31,50.27272727272727
OK,2022,48,31,2022-08-07,50.27272727272727
OK,2022,49,32,2022-08-14,50.27272727272727
OK,2022,50,33,2022-08-21,50.27272727272727
OK,2022,52,35,2022-09-04,42.0
OK,2023,1,36,2022-09-11,1.0
OK,2023,2,37,2022-09-18,1.3636363636363635
OK,2023,3,38,2022-09-25,2.272727272727273
OK,2023,4,39,2022-10-02,3.4545454545454546
OK,2023,5,40,2022-10-09,5.2727272727272725
OK,2023,6,41,2022-10-16,7.545454545454546
OK,2023,7,42,2022-10-23,10.181818181818182
OK,2023,8,43,2022-10-30,13.272727272727273
OK,2023,9,44,2022-11-06,15.0
OK,2023,10,45,2022-11-13,16.09090909090909
OK,2023,11,46,2022-11-20,16.818181818181817
OK,2023,12,47,2022-11-27,17.272727272727273
OK,2023,17,52,2022-01-02,20.545454545454547
OK,2023,21,4,2023-01-29,20.545454545454547
OK,2023,25,8,2023-02-26,23.0
OK,2023,26,9,2023-03-05,23.0
OK,2023,27,10,2023-03-12,24.09090909090909
OK,2023,28,11,2023-03-19,25.0
OK,2023,29,12,2023-03-26,25.363636363636363
OK,2023,30,13,2023-04-02,26.09090909090909
OK,2023,31,14,2023-04-09,27.272727272727273
OK,2023,32,15,2023-04-16,30.363636363636363
OK,2023,33,16,2023-04-23,33.63636363636363
OK,2023,34,17,2023-04-30,35.27272727272727
OK,2023,35,18,2023-05-07,38.90909090909091
OK,2023,36,19,2023-05-14,39.54545454545455
OK,2023,37,20,2023-05-21,40.54545454545455
OK,2023,38,21,2023-05-28,40.81818181818182
OK,2023,39,22,2023-06-04,42.36363636363637
OK,2023,40,23,2023-06-11,43.54545454545455
OK,2023,41,24,2023-06-18,44.63636363636363
OK,2023,42,25,2023-06-25,46.0
OK,2023,43,26,2023-07-02,48.27272727272727
OK,2023,44,27,2023-07-09,49.63636363636363
OK,2023,45,28,2023-07-16,49.81818181818182
OK,2023,46,29,2023-07-23,50.09090909090909
OK,2023,47,30,2023-07-30,50.09090909090909
OK,2023,48,31,2023-08-06,50.09090909090909
OK,2023,49,32,2023-08-13,50.09090909090909
OK,2023,50,33,2023-08-20,50.09090909090909
OK,2023,52,35,2023-09-03,41.45454545454545
OK,2024,1,36,2023-09-10,0.45454545454545453
OK,2024,2,37,2023-09-17,1.0909090909090908
OK,2024,3,38,2023-09-24,2.090909090909091
OK,2024,4,39,2023-10-01,3.3636363636363638
OK,2024,5,40,2023-10-08,6.636363636363637
OK,2024,6,41,2023-10-15,8.636363636363637
OK,2024,7,42,2023-10-22,11.181818181818182
OK,2024,8,43,2023-10-29,11.727272727272727
OK,2024,9,44,2023-11-05,14.454545454545455
OK,2024,10,45,2023-11-12,15.454545454545455
OK,2024,11,46,2023-11-19,16.727272727272727
OK,2024,12,47,2023-11-26,17.181818181818183
OK,2024,17,52,2023-01-01,20.09090909090909
OK,2024,17,52,2023-12-31,22.0
OK,2024,21,4,2024-01-28,22.181818181818183
OK,2024,25,8,2024-02-25,22.363636363636363
OK,2024,26,9,2024-03-03,22.363636363636363
OK,2024,27,10,2024-03-10,23.0
OK,2024,28,11,2024-03-17,23.636363636363637
OK,2024,29,12,2024-03-24,25.636363636363637
OK,2024,30,13,2024-03-31,26.454545454545453
OK,2024,31,14,2024-04-07,27.363636363636363
OK,2024,32,15,2024-04-14,30.545454545454547
OK,2024,33,16,2024-04-21,32.63636363636363
OK,2024,34,17,2024-04-28,35.27272727272727
OK,2024,35,18,2024-05-05,37.27272727272727
OK,2024,36,19,2024-05-12,39.81818181818182
OK,2024,37,20,2024-05-19,40.09090909090909
OK,2024,38,21,2024-05-26,41.36363636363637
OK,2024,39,22,2024-06-02,42.27272727272727
OK,2024,40,23,2024-06-09,44.63636363636363
OK,2024,41,24,2024-06-16,47.81818181818182
OK,2024,42,25,2024-06-23,48.90909090909091
OK,2024,43,26,2024-06-30,49.36363636363637
OK,2024,44,27,2024-07-07,49.36363636363637
OK,2024,45,28,2024-07-14,49.36363636363637
OK,2024,46,29,2024-07-21,49.36363636363637
OK,2024,47,30,2024-07-28,49.36363636363637
OK,2024,48,31,2024-08-04,49.36363636363637
OK,2024,49,32,2024-08-11,49.36363636363637
OK,2024,50,33,2024-08-18,49.36363636363637
OK,2024,51,34,2024-08-25,49.36363636363637
OK,2024,52,35,2024-09-01,40.72727272727273
OK,2025,1,36,2024-09-08,0.0
OK,2025,2,37,2024-09-15,0.5454545454545454
OK,2025,3,38,2024-09-22,1.4545454545454546
OK,2025,4,39,2024-09-29,2.6363636363636362
OK,2025,5,40,2024-10-06,4.181818181818182
OK,2025,6,41,2024-10-13,5.7272727272727275
OK,2025,7,42,2024-10-20,7.909090909090909
OK,2025,8,43,2024-10-27,8.636363636363637
OK,2025,9,44,2024-11-03,10.818181818181818
OK,2025,10,45,2024-11-10,12.909090909090908
OK,2025,11,46,2024-11-17,15.0
OK,2025,12,47,2024-11-24,15.909090909090908
OK,2025,22,5,2025-02-02,19.454545454545453
OK,2025,25,8,2025-02-23,19.90909090909091
OK,2025,26,9,2025-03-02,20.181818181818183
OK,2025,27,10,2025-03-09,20.181818181818183
OK,2025,28,11,2025-03-16,21.09090909090909
OK,2025,29,12,2025-03-23,22.636363636363637
OK,2025,30,13,2025-03-30,23.363636363636363
OK,2025,31,14,2025-04-06,24.454545454545453
OK,2025,32,15,2025-04-13,26.727272727272727
OK,2025,33,16,2025-04-20,28.90909090909091
OK,2025,34,17,2025-04-27,32.36363636363637
OK,2025,35,18,2025-05-04,34.36363636363637
OK,2025,36,19,2025-05-11,36.0
OK,2025,37,20,2025-05-18,37.09090909090909
OK,2025,38,21,2025-05-25,38.0
OK,2025,39,22,2025-06-01,38.36363636363637
OK,2025,40,23,2025-06-08,38.45454545454545
OK,2025,41,24,2025-06-15,40.72727272727273
OK,2025,42,25,2025-06-22,41.18181818181818
OK,2025,43,26,2025-06-29,44.45454545454545
OK,2025,44,27,2025-07-06,45.54545454545455
OK,2025,45,28,2025-07-13,46.54545454545455
OK,2025,46,29,2025-07-20,46.90909090909091
OK,2025,47,30,2025-07-27,47.09090909090909
OK,2025,48,31,2025-08-03,47.09090909090909
OK,2025,49,32,2025-08-10,47.09090909090909
OK,2025,50,33,2025-08-17,47.09090909090909
OK,2025,51,34,2025-08-24,47.09090909090909
OK,2026,1,36,2025-09-07,0.0
OK,2026,2,37,2025-09-14,0.36363636363636365
OK,2026,3,38,2025-09-21,1.3636363636363635
OK,2026,4,39,2025-09-28,4.636363636363637
OK,2026,11,46,2025-11-16,14.818181818181818
OK,2026,12,47,2025-11-23,16.545454545454547
OR,2016,2,37,2015-09-13,0.45454545454545453
OR,2016,3,38,2015-09-20,0.8181818181818182
OR,2016,4,39,2015-09-27,2.090909090909091
OR,2016,5,40,2015-10-04,2.727272727272727
OR,2016,6,41,2015-10-11,4.7272727272727275
OR,2016,7,42,2015-10-18,7.090909090909091
OR,2016,8,43,2015-10-25,10.090909090909092
OR,2016,9,44,2015-11-01,12.272727272727273
OR,2016,10,45,2015-11-08,14.090909090909092
OR,2016,11,46,2015-11-15,15.0
OR,2016,12,47,2015-11-22,15.909090909090908
OR,2016,13,48,2015-11-29,16.272727272727273
OR,2016,30,13,2016-04-03,16.272727272727273
OR,2016,31,14,2016-04-10,16.272727272727273
OR,2016,32,15,2016-04-17,16.272727272727273
OR,2016,33,16,2016-04-24,16.272727272727273
OR,2016,34,17,2016-05-01,16.363636363636363
OR,2016,35,18,2016-05-08,16.818181818181817
OR,2016,36,19,2016-05-15,18.818181818181817
OR,2016,37,20,2016-05-22,20.454545454545453
OR,2016,38,21,2016-05-29,23.545454545454547
OR,2016,39,22,2016-06-05,24.636363636363637
OR,2016,40,23,2016-06-12,25.09090909090909
OR,2016,41,24,2016-06-19,25.09090909090909
OR,2016,42,25,2016-06-26,25.09090909090909
OR,2016,43,26,2016-07-03,25.454545454545453
OR,2016,44,27,2016-07-10,26.181818181818183
OR,2016,45,28,2016-07-17,27.09090909090909
OR,2016,46,29,2016-07-24,28.272727272727273
OR,2016,47,30,2016-07-31,30.90909090909091
OR,2016,48,31,2016-08-07,32.18181818181818
OR,2016,49,32,2016-08-14,33.0
OR,2016,50,33,2016-08-21,33.72727272727273
OR,2017,1,36,2016-09-11,0.45454545454545453
OR,2017,2,37,2016-09-18,0.9090909090909091
OR,2017,3,38,2016-09-25,1.6363636363636365
OR,2017,4,39,2016-10-02,3.4545454545454546
OR,2017,5,40,2016-10-09,7.181818181818182
OR,2017,6,41,2016-10-16,8.545454545454545
OR,2017,7,42,2016-10-23,11.181818181818182
OR,2017,8,43,2016-10-30,12.909090909090908
OR,2017,9,44,2016-11-06,14.0
OR,2017,10,45,2016-11-13,14.636363636363637
OR,2017,11,46,2016-11-20,15.636363636363637
OR,2017,12,47,2016-11-27,16.363636363636363
OR,2017,31,14,2017-04-09,16.363636363636363
OR,2017,32,15,2017-04-16,16.363636363636363
OR,2017,33,16,2017-04-23,16.363636363636363
OR,2017,34,17,2017-04-30,16.454545454545453
OR,2017,35,18,2017-05-07,16.545454545454547
OR,2017,36,19,2017-05-14,16.727272727272727
OR,2017,37,20,2017-05-21,17.272727272727273
OR,2017,38,21,2017-05-28,20.90909090909091
OR,2017,39,22,2017-06-04,23.09090909090909
OR,2017,40,23,2017-06-11,24.636363636363637
OR,2017,41,24,2017-06-18,25.09090909090909
OR,2017,42,25,2017-06-25,25.09090909090909
OR,2017,43,26,2017-07-02,25.181818181818183
OR,2017,44,27,2017-07-09,25.454545454545453
OR,2017,45,28,2017-07-16,26.181818181818183
OR,2017,46,29,2017-07-23,27.90909090909091
OR,2017,47,30,2017-07-30,28.90909090909091
OR,2017,48,31,2017-08-06,31.727272727272727
OR,2017,49,32,2017-08-13,33.0
OR,2017,50,33,2017-08-20,33.72727272727273
OR,2018,1,36,2017-09-10,0.09090909090909091
OR,2018,2,37,2017-09-17,0.7272727272727273
OR,2018,3,38,2017-09-24,1.9090909090909092
OR,2018,4,39,2017-10-01,4.090909090909091
OR,2018,5,40,2017-10-08,6.636363636363637
OR,2018,6,41,2017-10-15,10.272727272727273
OR,2018,7,42,2017-10-22,12.0
OR,2018,8,43,2017-10-29,13.272727272727273
OR,2018,9,44,2017-11-05,14.636363636363637
OR,2018,10,45,2017-11-12,15.454545454545455
OR,2018,11,46,2017-11-19,16.363636363636363
OR,2018,12,47,2017-11-26,16.818181818181817
OR,2018,31,14,2018-04-08,16.818181818181817
OR,2018,32,15,2018-04-15,16.818181818181817
OR,2018,33,16,2018-04-22,16.818181818181817
OR,2018,34,17,2018-04-29,17.0
OR,2018,35,18,2018-05-06,17.545454545454547
OR,2018,36,19,2018-05-13,20.363636363636363
OR,2018,37,20,2018-05-20,20.818181818181817
OR,2018,38,21,2018-05-27,23.454545454545453
OR,2018,39,22,2018-06-03,25.363636363636363
OR,2018,40,23,2018-06-10,25.727272727272727
OR,2018,41,24,2018-06-17,25.818181818181817
OR,2018,42,25,2018-06-24,25.818181818181817
OR,2018,43,26,2018-07-01,26.0
OR,2018,44,27,2018-07-08,26.454545454545453
OR,2018,45,28,2018-07-15,27.363636363636363
OR,2018,46,29,2018-07-22,28.727272727272727
OR,2018,47,30,2018-07-29,30.818181818181817
OR,2018,48,31,2018-08-05,32.90909090909091
OR,2018,49,32,2018-08-12,34.0
OR,2018,50,33,2018-08-19,34.54545454545455
OR,2018,52,35,2018-09-02,25.545454545454547
OR,2019,1,36,2018-09-09,0.5454545454545454
OR,2019,2,37,2018-09-16,0.9090909090909091
OR,2019,3,38,2018-09-23,1.9090909090909092
OR,2019,4,39,2018-09-30,3.5454545454545454
OR,2019,5,40,2018-10-07,4.818181818181818
OR,2019,6,41,2018-10-14,6.0
OR,2019,7,42,2018-10-21,8.636363636363637
OR,2019,8,43,2018-10-28,10.818181818181818
OR,2019,9,44,2018-11-04,12.818181818181818
OR,2019,10,45,2018-11-11,14.363636363636363
OR,2019,11,46,2018-11-18,15.818181818181818
OR,2019,12,47,2018-11-25,16.09090909090909
OR,2019,31,14,2019-04-07,16.09090909090909
OR,2019,32,15,2019-04-14,16.09090909090909
OR,2019,33,16,2019-04-21,16.09090909090909
OR,2019,34,17,2019-04-28,16.09090909090909
OR,2019,35,18,2019-05-05,16.09090909090909
OR,2019,36,19,2019-05-12,16.272727272727273
OR,2019,37,20,2019-05-19,17.09090909090909
OR,2019,38,21,2019-05-26,18.363636363636363
OR,2019,39,22,2019-06-02,22.09090909090909
OR,2019,40,23,2019-06-09,24.181818181818183
OR,2019,41,24,2019-06-16,24.90909090909091
OR,2019,42,25,2019-06-23,25.181818181818183
OR,2019,43,26,2019-06-30,25.181818181818183
OR,2019,44,27,2019-07-07,25.363636363636363
OR,2019,45,28,2019-07-14,25.545454545454547
OR,2019,46,29,2019-07-21,26.727272727272727
OR,2019,47,30,2019-07-28,28.181818181818183
OR,2019,48,31,2019-08-04,29.90909090909091
OR,2019,49,32,2019-08-11,31.818181818181817
OR,2019,50,33,2019-08-18,33.45454545454545
OR,2019,51,34,2019-08-25,33.72727272727273
OR,2019,52,35,2019-09-01,25.818181818181817
OR,2020,1,36,2019-09-08,0.8181818181818182
OR,2020,2,37,2019-09-15,1.2727272727272727
OR,2020,3,38,2019-09-22,2.1818181818181817
OR,2020,4,39,2019-09-29,5.636363636363637
OR,2020,5,40,2019-10-06,7.2727272727272725
OR,2020,6,41,2019-10-13,9.818181818181818
OR,2020,7,42,2019-10-20,11.909090909090908
OR,2020,8,43,2019-10-27,13.454545454545455
OR,2020,9,44,2019-11-03,14.636363636363637
OR,2020,10,45,2019-11-10,15.727272727272727
OR,2020,11,46,2019-11-17,16.0
OR,2020,12,47,2019-11-24,16.636363636363637
OR,2020,32,15,2020-04-12,16.636363636363637
OR,2020,33,16,2020-04-19,16.636363636363637
OR,2020,34,17,2020-04-26,16.727272727272727
OR,2020,35,18,2020-05-03,17.818181818181817
OR,2020,36,19,2020-05-10,18.272727272727273
OR,2020,37,20,2020-05-17,18.90909090909091
OR,2020,38,21,2020-05-24,21.181818181818183
OR,2020,39,22,2020-05-31,24.363636363636363
OR,2020,40,23,2020-06-07,25.0
OR,2020,41,24,2020-06-14,25.363636363636363
OR,2020,42,25,2020-06-21,25.545454545454547
OR,2020,43,26,2020-06-28,25.636363636363637
OR,2020,44,27,2020-07-05,25.727272727272727
OR,2020,45,28,2020-07-12,26.0
OR,2020,46,29,2020-07-19,26.818181818181817
OR,2020,47,30,2020-07-26,28.90909090909091
OR,2020,48,31,2020-08-02,31.09090909090909
OR,2020,49,32,2020-08-09,32.54545454545455
OR,2020,50,33,2020-08-16,33.54545454545455
OR,2020,51,34,2020-08-23,34.27272727272727
OR,2020,52,35,2020-08-30,25.454545454545453
OR,2021,1,36,2020-09-06,0.45454545454545453
OR,2021,2,37,2020-09-13,0.8181818181818182
OR,2021,3,38,2020-09-20,1.5454545454545454
OR,2021,4,39,2020-09-27,1.9090909090909092
OR,2021,5,40,2020-10-04,3.3636363636363638
OR,2021,6,41,2020-10-11,5.818181818181818
OR,2021,7,42,2020-10-18,7.545454545454546
OR,2021,8,43,2020-10-25,10.363636363636363
OR,2021,9,44,2020-11-01,11.454545454545455
OR,2021,10,45,2020-11-08,13.363636363636363
OR,2021,11,46,2020-11-15,15.727272727272727
OR,2021,12,47,2020-11-22,16.545454545454547
OR,2021,13,48,2020-11-29,17.09090909090909
OR,2021,30,13,2021-04-04,17.09090909090909
OR,2021,31,14,2021-04-11,17.09090909090909
OR,2021,32,15,2021-04-18,17.09090909090909
OR,2021,33,16,2021-04-25,17.09090909090909
OR,2021,34,17,2021-05-02,17.818181818181817
OR,2021,35,18,2021-05-09,19.09090909090909
OR,2021,36,19,2021-05-16,21.272727272727273
OR,2021,37,20,2021-05-23,23.0
OR,2021,38,21,2021-05-30,24.272727272727273
OR,2021,39,22,2021-06-06,25.636363636363637
OR,2021,40,23,2021-06-13,26.181818181818183
OR,2021,41,24,2021-06-20,26.181818181818183
OR,2021,42,25,2021-06-27,26.272727272727273
OR,2021,43,26,2021-07-04,26.363636363636363
OR,2021,44,27,2021-07-11,27.636363636363637
OR,2021,45,28,2021-07-18,29.727272727272727
OR,2021,46,29,2021-07-25,31.545454545454547
OR,2021,47,30,2021-08-01,33.72727272727273
OR,2021,48,31,2021-08-08,34.54545454545455
OR,2021,49,32,2021-08-15,25.818181818181817
OR,2021,50,33,2021-08-22,25.90909090909091
OR,2021,51,34,2021-08-29,26.0
OR,2021,52,35,2021-09-05,26.09090909090909
OR,2022,1,36,2021-09-12,0.36363636363636365
OR,2022,2,37,2021-09-19,0.6363636363636364
OR,2022,3,38,2021-09-26,1.0
OR,2022,4,39,2021-10-03,1.9090909090909092
OR,2022,5,40,2021-10-10,5.090909090909091
OR,2022,6,41,2021-10-17,7.0
OR,2022,7,42,2021-10-24,8.636363636363637
OR,2022,8,43,2021-10-31,11.909090909090908
OR,2022,9,44,2021-11-07,13.090909090909092
OR,2022,10,45,2021-11-14,13.818181818181818
OR,2022,11,46,2021-11-21,14.818181818181818
OR,2022,12,47,2021-11-28,15.454545454545455
OR,2022,30,13,2022-04-03,15.454545454545455
OR,2022,31,14,2022-04-10,15.454545454545455
OR,2022,32,15,2022-04-17,15.454545454545455
OR,2022,33,16,2022-04-24,15.454545454545455
OR,2022,34,17,2022-05-01,15.454545454545455
OR,2022,35,18,2022-05-08,15.454545454545455
OR,2022,36,19,2022-05-15,15.727272727272727
OR,2022,37,20,2022-05-22,17.454545454545453
OR,2022,38,21,2022-05-29,18.09090909090909
OR,2022,39,22,2022-06-05,19.545454545454547
OR,2022,40,23,2022-06-12,22.181818181818183
OR,2022,41,24,2022-06-19,24.272727272727273
OR,2022,42,25,2022-06-26,24.363636363636363
OR,2022,43,26,2022-07-03,24.363636363636363
OR,2022,44,27,2022-07-10,24.454545454545453
OR,2022,45,28,2022-07-17,24.545454545454547
OR,2022,46,29,2022-07-24,26.0
OR,2022,47,30,2022-07-31,27.636363636363637
OR,2022,48,31,2022-08-07,30.0
OR,2022,49,32,2022-08-14,31.818181818181817
OR,2022,50,33,2022-08-21,32.54545454545455
OR,2022,51,34,2022-08-28,33.27272727272727
OR,2022,52,35,2022-09-04,24.545454545454547
OR,2023,1,36,2022-09-11,0.45454545454545453
OR,2023,2,37,2022-09-18,1.4545454545454546
OR,2023,3,38,2022-09-25,2.0
OR,2023,4,39,2022-10-02,3.8181818181818183
OR,2023,5,40,2022-10-09,5.363636363636363
OR,2023,6,41,2022-10-16,8.545454545454545
OR,2023,7,42,2022-10-23,12.363636363636363
OR,2023,8,43,2022-10-30,13.181818181818182
OR,2023,9,44,2022-11-06,14.636363636363637
OR,2023,10,45,2022-11-13,15.636363636363637
OR,2023,11,46,2022-11-20,16.636363636363637
OR,2023,12,47,2022-11-27,17.181818181818183
OR,2023,30,13,2023-04-02,17.181818181818183
OR,2023,31,14,2023-04-09,17.181818181818183
OR,2023,32,15,2023-04-16,17.181818181818183
OR,2023,33,16,2023-04-23,17.181818181818183
OR,2023,34,17,2023-04-30,17.181818181818183
OR,2023,35,18,2023-05-07,17.181818181818183
OR,2023,36,19,2023-05-14,17.727272727272727
OR,2023,37,20,2023-05-21,18.727272727272727
OR,2023,38,21,2023-05-28,22.636363636363637
OR,2023,39,22,2023-06-04,25.272727272727273
OR,2023,40,23,2023-06-11,25.727272727272727
OR,2023,41,24,2023-06-18,26.272727272727273
OR,2023,42,25,2023-06-25,26.272727272727273
OR,2023,43,26,2023-07-02,26.272727272727273
OR,2023,44,27,2023-07-09,26.818181818181817
OR,2023,45,28,2023-07-16,27.636363636363637
OR,2023,46,29,2023-07-23,30.272727272727273
OR,2023,47,30,2023-07-30,33.0
OR,2023,48,31,2023-08-06,34.45454545454545
OR,2023,49,32,2023-08-13,34.81818181818182
OR,2023,50,33,2023-08-20,26.363636363636363
OR,2023,51,34,2023-08-27,26.363636363636363
OR,2023,52,35,2023-09-03,26.363636363636363
OR,2024,1,36,2023-09-10,0.6363636363636364
OR,2024,2,37,2023-09-17,1.2727272727272727
OR,2024,3,38,2023-09-24,1.7272727272727273
OR,2024,4,39,2023-10-01,2.6363636363636362
OR,2024,5,40,2023-10-08,5.0
OR,2024,6,41,2023-10-15,6.545454545454546
OR,2024,7,42,2023-10-22,9.272727272727273
OR,2024,8,43,2023-10-29,11.636363636363637
OR,2024,9,44,2023-11-05,13.454545454545455
OR,2024,10,45,2023-11-12,14.818181818181818
OR,2024,11,46,2023-11-19,16.272727272727273
OR,2024,12,47,2023-11-26,16.727272727272727
OR,2024,30,13,2024-03-31,16.727272727272727
OR,2024,31,14,2024-04-07,16.727272727272727
OR,2024,32,15,2024-04-14,16.727272727272727
OR,2024,33,16,2024-04-21,16.727272727272727
OR,2024,34,17,2024-04-28,16.727272727272727
OR,2024,35,18,2024-05-05,16.727272727272727
OR,2024,36,19,2024-05-12,16.90909090909091
OR,2024,37,20,2024-05-19,19.545454545454547
OR,2024,38,21,2024-05-26,23.363636363636363
OR,2024,39,22,2024-06-02,24.90909090909091
OR,2024,40,23,2024-06-09,25.545454545454547
OR,2024,41,24,2024-06-16,25.636363636363637
OR,2024,42,25,2024-06-23,25.727272727272727
OR,2024,43,26,2024-06-30,25.727272727272727
OR,2024,44,27,2024-07-07,26.09090909090909
OR,2024,45,28,2024-07-14,27.818181818181817
OR,2024,46,29,2024-07-21,28.90909090909091
OR,2024,47,30,2024-07-28,30.727272727272727
OR,2024,48,31,2024-08-04,32.54545454545455
OR,2024,49,32,2024-08-11,33.27272727272727
OR,2024,50,33,2024-08-18,24.818181818181817
OR,2024,51,34,2024-08-25,25.545454545454547
OR,2024,52,35,2024-09-01,25.818181818181817
OR,2025,1,36,2024-09-08,9.454545454545455
OR,2025,2,37,2024-09-15,10.363636363636363
OR,2025,3,38,2024-09-22,10.818181818181818
OR,2025,4,39,2024-09-29,12.636363636363637
OR,2025,5,40,2024-10-06,14.818181818181818
OR,2025,6,41,2024-10-13,17.454545454545453
OR,2025,7,42,2024-10-20,20.90909090909091
OR,2025,8,43,2024-10-27,22.818181818181817
OR,2025,9,44,2024-11-03,23.727272727272727
OR,2025,10,45,2024-11-10,24.545454545454547
OR,2025,11,46,2024-11-17,26.181818181818183
OR,2025,12,47,2024-11-24,26.454545454545453
OR,2025,31,14,2025-04-06,26.454545454545453
OR,2025,32,15,2025-04-13,26.454545454545453
OR,2025,33,16,2025-04-20,26.454545454545453
OR,2025,34,17,2025-04-27,26.454545454545453
OR,2025,35,18,2025-05-04,27.0
OR,2025,36,19,2025-05-11,28.272727272727273
OR,2025,37,20,2025-05-18,29.363636363636363
OR,2025,38,21,2025-05-25,32.81818181818182
OR,2025,39,22,2025-06-01,25.363636363636363
OR,2025,40,23,2025-06-08,25.818181818181817
OR,2025,41,24,2025-06-15,26.0
OR,2025,42,25,2025-06-22,26.363636363636363
OR,2025,43,26,2025-06-29,26.454545454545453
OR,2025,44,27,2025-07-06,26.90909090909091
OR,2025,45,28,2025-07-13,27.545454545454547
OR,2025,46,29,2025-07-20,29.636363636363637
OR,2025,47,30,2025-07-27,30.90909090909091
OR,2025,48,31,2025-08-03,32.54545454545455
OR,2025,49,32,2025-08-10,34.0
OR,2025,50,33,2025-08-17,25.90909090909091
OR,2025,51,34,2025-08-24,26.363636363636363
OR,2025,52,35,2025-08-31,26.454545454545453
OR,2026,1,36,2025-09-07,0.45454545454545453
OR,2026,2,37,2025-09-14,1.2727272727272727
OR,2026,3,38,2025-09-21,1.7272727272727273
OR,2026,4,39,2025-09-28,3.1818181818181817
OR,2026,11,46,2025-11-16,17.09090909090909
OR,2026,12,47,2025-11-23,17.727272727272727
PA,2016,1,36,2015-09-06,0.09090909090909091
PA,2016,2,37,2015-09-13,1.1818181818181819
PA,2016,3,38,2015-09-20,2.727272727272727
PA,2016,4,39,2015-09-27,6.363636363636363
PA,2016,5,40,2015-10-04,8.909090909090908
PA,2016,6,41,2015-10-11,10.909090909090908
PA,2016,7,42,2015-10-18,13.181818181818182
PA,2016,8,43,2015-10-25,14.454545454545455
PA,2016,9,44,2015-11-01,15.454545454545455
PA,2016,10,45,2015-11-08,16.272727272727273
PA,2016,11,46,2015-11-15,16.636363636363637
PA,2016,12,47,2015-11-22,17.181818181818183
PA,2016,13,48,2015-11-29,17.363636363636363
PA,2016,32,15,2016-04-17,17.363636363636363
PA,2016,33,16,2016-04-24,17.363636363636363
PA,2016,34,17,2016-05-01,17.545454545454547
PA,2016,35,18,2016-05-08,17.90909090909091
PA,2016,36,19,2016-05-15,21.09090909090909
PA,2016,37,20,2016-05-22,23.545454545454547
PA,2016,38,21,2016-05-29,25.545454545454547
PA,2016,39,22,2016-06-05,29.545454545454547
PA,2016,40,23,2016-06-12,31.09090909090909
PA,2016,41,24,2016-06-19,33.90909090909091
PA,2016,42,25,2016-06-26,38.18181818181818
PA,2016,43,26,2016-07-03,39.72727272727273
PA,2016,44,27,2016-07-10,47.90909090909091
PA,2016,45,28,2016-07-17,51.36363636363637
PA,2016,46,29,2016-07-24,52.18181818181818
PA,2016,47,30,2016-07-31,52.72727272727273
PA,2016,52,35,2016-09-04,44.0
PA,2017,1,36,2016-09-11,0.0
PA,2017,2,37,2016-09-18,0.5454545454545454
PA,2017,3,38,2016-09-25,2.4545454545454546
PA,2017,4,39,2016-10-02,4.454545454545454
PA,2017,5,40,2016-10-09,8.272727272727273
PA,2017,6,41,2016-10-16,9.636363636363637
PA,2017,7,42,2016-10-23,11.090909090909092
PA,2017,8,43,2016-10-30,14.727272727272727
PA,2017,9,44,2016-11-06,15.909090909090908
PA,2017,10,45,2016-11-13,16.545454545454547
PA,2017,11,46,2016-11-20,16.90909090909091
PA,2017,12,47,2016-11-27,17.363636363636363
PA,2017,32,15,2017-04-16,26.454545454545453
PA,2017,39,22,2017-06-04,23.09090909090909
PA,2017,40,23,2017-06-11,26.636363636363637
PA,2017,41,24,2017-06-18,31.09090909090909
PA,2017,42,25,2017-06-25,33.0
PA,2017,43,26,2017-07-02,40.0
PA,2017,44,27,2017-07-09,45.81818181818182
PA,2017,45,28,2017-07-16,48.63636363636363
PA,2017,46,29,2017-07-23,50.0
PA,2017,47,30,2017-07-30,50.90909090909091
PA,2017,48,31,2017-08-06,51.90909090909091
PA,2017,49,32,2017-08-13,52.27272727272727
PA,2017,50,33,2017-08-20,52.81818181818182
PA,2017,51,34,2017-08-27,53.0
PA,2017,52,35,2017-09-03,53.27272727272727
PA,2018,1,36,2017-09-10,17.90909090909091
PA,2018,2,37,2017-09-17,17.90909090909091
PA,2018,3,38,2017-09-24,18.181818181818183
PA,2018,4,39,2017-10-01,20.09090909090909
PA,2018,5,40,2017-10-08,21.181818181818183
PA,2018,6,41,2017-10-15,22.545454545454547
PA,2018,7,42,2017-10-22,23.545454545454547
PA,2018,8,43,2017-10-29,28.454545454545453
PA,2018,9,44,2017-11-05,30.181818181818183
PA,2018,10,45,2017-11-12,32.81818181818182
PA,2018,11,46,2017-11-19,32.90909090909091
PA,2018,12,47,2017-11-26,33.63636363636363
PA,2018,34,17,2018-04-29,33.63636363636363
PA,2018,35,18,2018-05-06,33.63636363636363
PA,2018,36,19,2018-05-13,35.90909090909091
PA,2018,37,20,2018-05-20,40.09090909090909
PA,2018,38,21,2018-05-27,41.0
PA,2018,39,22,2018-06-03,42.36363636363637
PA,2018,40,23,2018-06-10,36.45454545454545
PA,2018,41,24,2018-06-17,38.18181818181818
PA,2018,42,25,2018-06-24,40.72727272727273
PA,2018,43,26,2018-07-01,33.72727272727273
PA,2018,44,27,2018-07-08,42.54545454545455
PA,2018,45,28,2018-07-15,45.90909090909091
PA,2018,46,29,2018-07-22,47.0
PA,2018,47,30,2018-07-29,47.36363636363637
PA,2018,48,31,2018-08-05,48.27272727272727
PA,2018,49,32,2018-08-12,49.45454545454545
PA,2018,50,33,2018-08-19,50.09090909090909
PA,2018,51,34,2018-08-26,50.36363636363637
PA,2019,1,36,2018-09-09,0.0
PA,2019,2,37,2018-09-16,0.0
PA,2019,3,38,2018-09-23,0.36363636363636365
PA,2019,4,39,2018-09-30,1.5454545454545454
PA,2019,5,40,2018-10-07,4.454545454545454
PA,2019,6,41,2018-10-14,7.363636363636363
PA,2019,7,42,2018-10-21,10.454545454545455
PA,2019,8,43,2018-10-28,13.363636363636363
PA,2019,9,44,2018-11-04,14.545454545454545
PA,2019,10,45,2018-11-11,15.272727272727273
PA,2019,11,46,2018-11-18,15.909090909090908
PA,2019,12,47,2018-11-25,16.272727272727273
PA,2019,32,15,2019-04-14,16.272727272727273
PA,2019,33,16,2019-04-21,16.272727272727273
PA,2019,34,17,2019-04-28,16.272727272727273
PA,2019,35,18,2019-05-05,16.272727272727273
PA,2019,36,19,2019-05-12,16.363636363636363
PA,2019,37,20,2019-05-19,18.363636363636363
PA,2019,38,21,2019-05-26,21.454545454545453
PA,2019,39,22,2019-06-02,25.272727272727273
PA,2019,40,23,2019-06-09,26.818181818181817
PA,2019,41,24,2019-06-16,29.181818181818183
PA,2019,42,25,2019-06-23,32.09090909090909
PA,2019,43,26,2019-06-30,35.72727272727273
PA,2019,44,27,2019-07-07,41.81818181818182
PA,2019,45,28,2019-07-14,45.72727272727273
PA,2019,46,29,2019-07-21,48.36363636363637
PA,2019,47,30,2019-07-28,49.27272727272727
PA,2019,48,31,2019-08-04,49.72727272727273
PA,2019,49,32,2019-08-11,50.27272727272727
PA,2019,50,33,2019-08-18,50.81818181818182
PA,2019,51,34,2019-08-25,51.18181818181818
PA,2019,52,35,2019-09-01,51.36363636363637
PA,2020,1,36,2019-09-08,0.0
PA,2020,2,37,2019-09-15,0.36363636363636365
PA,2020,3,38,2019-09-22,2.0
PA,2020,4,39,2019-09-29,4.636363636363637
PA,2020,5,40,2019-10-06,5.818181818181818
PA,2020,6,41,2019-10-13,7.0
PA,2020,7,42,2019-10-20,7.2727272727272725
PA,2020,8,43,2019-10-27,7.909090909090909
PA,2020,9,44,2019-11-03,8.181818181818182
PA,2020,10,45,2019-11-10,8.363636363636363
PA,2020,11,46,2019-11-17,8.454545454545455
PA,2020,12,47,2019-11-24,8.545454545454545
PA,2020,36,19,2020-05-10,8.636363636363637
PA,2020,37,20,2020-05-17,9.454545454545455
PA,2020,38,21,2020-05-24,12.909090909090908
PA,2020,39,22,2020-05-31,15.818181818181818
PA,2020,40,23,2020-06-07,16.727272727272727
PA,2020,41,24,2020-06-14,18.0
PA,2020,42,25,2020-06-21,22.727272727272727
PA,2020,43,26,2020-06-28,27.09090909090909
PA,2020,44,27,2020-07-05,33.18181818181818
PA,2020,45,28,2020-07-12,39.18181818181818
PA,2020,46,29,2020-07-19,42.63636363636363
PA,2020,47,30,2020-07-26,43.0
PA,2020,48,31,2020-08-02,43.18181818181818
PA,2020,49,32,2020-08-09,43.54545454545455
PA,2020,50,33,2020-08-16,43.81818181818182
PA,2021,1,36,2020-09-06,0.0
PA,2021,2,37,2020-09-13,0.0
PA,2021,3,38,2020-09-20,0.18181818181818182
PA,2021,4,39,2020-09-27,1.1818181818181819
PA,2021,5,40,2020-10-04,4.818181818181818
PA,2021,6,41,2020-10-11,6.363636363636363
PA,2021,7,42,2020-10-18,8.636363636363637
PA,2021,8,43,2020-10-25,10.727272727272727
PA,2021,9,44,2020-11-01,13.545454545454545
PA,2021,10,45,2020-11-08,14.727272727272727
PA,2021,11,46,2020-11-15,16.09090909090909
PA,2021,12,47,2020-11-22,16.727272727272727
PA,2021,13,48,2020-11-29,17.545454545454547
PA,2021,32,15,2021-04-18,17.545454545454547
PA,2021,33,16,2021-04-25,17.545454545454547
PA,2021,34,17,2021-05-02,17.545454545454547
PA,2021,35,18,2021-05-09,18.272727272727273
PA,2021,36,19,2021-05-16,19.09090909090909
PA,2021,37,20,2021-05-23,23.181818181818183
PA,2021,38,21,2021-05-30,25.272727272727273
PA,2021,39,22,2021-06-06,25.727272727272727
PA,2021,40,23,2021-06-13,27.181818181818183
PA,2021,41,24,2021-06-20,31.181818181818183
PA,2021,42,25,2021-06-27,34.63636363636363
PA,2021,43,26,2021-07-04,40.63636363636363
PA,2021,44,27,2021-07-11,47.81818181818182
PA,2021,45,28,2021-07-18,49.81818181818182
PA,2021,46,29,2021-07-25,51.72727272727273
PA,2021,47,30,2021-08-01,52.27272727272727
PA,2021,52,35,2021-09-05,43.36363636363637
PA,2022,1,36,2021-09-12,0.0
PA,2022,2,37,2021-09-19,0.09090909090909091
PA,2022,3,38,2021-09-26,0.5454545454545454
PA,2022,4,39,2021-10-03,2.8181818181818183
PA,2022,5,40,2021-10-10,4.454545454545454
PA,2022,6,41,2021-10-17,6.090909090909091
PA,2022,7,42,2021-10-24,8.909090909090908
PA,2022,8,43,2021-10-31,10.363636363636363
PA,2022,9,44,2021-11-07,13.090909090909092
PA,2022,10,45,2021-11-14,15.090909090909092
PA,2022,11,46,2021-11-21,15.363636363636363
PA,2022,12,47,2021-11-28,15.909090909090908
PA,2022,33,16,2022-04-24,15.909090909090908
PA,2022,34,17,2022-05-01,16.181818181818183
PA,2022,35,18,2022-05-08,16.363636363636363
PA,2022,36,19,2022-05-15,16.818181818181817
PA,2022,37,20,2022-05-22,17.181818181818183
PA,2022,38,21,2022-05-29,19.818181818181817
PA,2022,39,22,2022-06-05,21.636363636363637
PA,2022,40,23,2022-06-12,23.454545454545453
PA,2022,41,24,2022-06-19,25.636363636363637
PA,2022,42,25,2022-06-26,31.181818181818183
PA,2022,43,26,2022-07-03,34.18181818181818
PA,2022,44,27,2022-07-10,36.27272727272727
PA,2022,45,28,2022-07-17,40.45454545454545
PA,2022,46,29,2022-07-24,48.45454545454545
PA,2022,47,30,2022-07-31,49.36363636363637
PA,2022,48,31,2022-08-07,50.27272727272727
PA,2022,49,32,2022-08-14,50.90909090909091
PA,2023,4,39,2022-10-02,0.9090909090909091
PA,2023,5,40,2022-10-09,1.8181818181818181
PA,2023,6,41,2022-10-16,3.090909090909091
PA,2023,7,42,2022-10-23,4.2727272727272725
PA,2023,8,43,2022-10-30,7.909090909090909
PA,2023,9,44,2022-11-06,9.545454545454545
PA,2023,10,45,2022-11-13,11.727272727272727
PA,2023,11,46,2022-11-20,13.909090909090908
PA,2023,12,47,2022-11-27,15.272727272727273
PA,2023,33,16,2023-04-23,15.272727272727273
PA,2023,34,17,2023-04-30,15.272727272727273
PA,2023,35,18,2023-05-07,15.363636363636363
PA,2023,36,19,2023-05-14,16.181818181818183
PA,2023,37,20,2023-05-21,20.09090909090909
PA,2023,38,21,2023-05-28,22.818181818181817
PA,2023,39,22,2023-06-04,23.90909090909091
PA,2023,40,23,2023-06-11,26.363636363636363
PA,2023,41,24,2023-06-18,29.363636363636363
PA,2023,42,25,2023-06-25,30.272727272727273
PA,2023,43,26,2023-07-02,32.27272727272727
PA,2023,44,27,2023-07-09,36.18181818181818
PA,2023,45,28,2023-07-16,41.27272727272727
PA,2023,46,29,2023-07-23,44.18181818181818
PA,2023,47,30,2023-07-30,45.81818181818182
PA,2023,48,31,2023-08-06,48.09090909090909
PA,2023,49,32,2023-08-13,49.45454545454545
PA,2023,50,33,2023-08-20,49.90909090909091
PA,2023,52,35,2023-09-03,41.27272727272727
PA,2024,1,36,2023-09-10,0.0
PA,2024,2,37,2023-09-17,0.0
PA,2024,3,38,2023-09-24,0.09090909090909091
PA,2024,4,39,2023-10-01,1.1818181818181819
PA,2024,5,40,2023-10-08,1.7272727272727273
PA,2024,6,41,2023-10-15,4.090909090909091
PA,2024,7,42,2023-10-22,6.636363636363637
PA,2024,8,43,2023-10-29,9.454545454545455
PA,2024,9,44,2023-11-05,11.090909090909092
PA,2024,10,45,2023-11-12,12.909090909090908
PA,2024,11,46,2023-11-19,15.272727272727273
PA,2024,12,47,2023-11-26,16.363636363636363
PA,2024,33,16,2024-04-21,16.363636363636363
PA,2024,34,17,2024-04-28,16.363636363636363
PA,2024,35,18,2024-05-05,16.818181818181817
PA,2024,36,19,2024-05-12,18.636363636363637
PA,2024,37,20,2024-05-19,19.454545454545453
PA,2024,38,21,2024-05-26,21.272727272727273
PA,2024,39,22,2024-06-02,22.272727272727273
PA,2024,40,23,2024-06-09,25.545454545454547
PA,2024,41,24,2024-06-16,28.545454545454547
PA,2024,42,25,2024-06-23,31.636363636363637
PA,2024,43,26,2024-06-30,38.09090909090909
PA,2024,44,27,2024-07-07,41.0
PA,2024,45,28,2024-07-14,43.90909090909091
PA,2024,46,29,2024-07-21,46.63636363636363
PA,2024,47,30,2024-07-28,48.72727272727273
PA,2024,48,31,2024-08-04,50.09090909090909
PA,2024,49,32,2024-08-11,51.0
PA,2024,52,35,2024-09-01,42.36363636363637
PA,2025,1,36,2024-09-08,0.0
PA,2025,2,37,2024-09-15,0.18181818181818182
PA,2025,3,38,2024-09-22,0.45454545454545453
PA,2025,4,39,2024-09-29,0.6363636363636364
PA,2025,5,40,2024-10-06,1.9090909090909092
PA,2025,6,41,2024-10-13,2.909090909090909
PA,2025,7,42,2024-10-20,6.2727272727272725
PA,2025,8,43,2024-10-27,9.090909090909092
PA,2025,9,44,2024-11-03,11.636363636363637
PA,2025,10,45,2024-11-10,13.909090909090908
PA,2025,11,46,2024-11-17,15.090909090909092
PA,2025,12,47,2024-11-24,16.272727272727273
PA,2025,33,16,2025-04-20,16.272727272727273
PA,2025,34,17,2025-04-27,16.90909090909091
PA,2025,35,18,2025-05-04,17.363636363636363
PA,2025,36,19,2025-05-11,18.09090909090909
PA,2025,37,20,2025-05-18,19.90909090909091
PA,2025,38,21,2025-05-25,21.272727272727273
PA,2025,39,22,2025-06-01,22.09090909090909
PA,2025,40,23,2025-06-08,24.363636363636363
PA,2025,41,24,2025-06-15,26.727272727272727
PA,2025,42,25,2025-06-22,29.0
PA,2025,43,26,2025-06-29,32.27272727272727
PA,2025,44,27,2025-07-06,37.90909090909091
PA,2025,45,28,2025-07-13,44.45454545454545
PA,2025,46,29,2025-07-20,49.09090909090909
PA,2025,47,30,2025-07-27,50.81818181818182
PA,2025,52,35,2025-08-31,42.09090909090909
PA,2026,1,36,2025-09-07,0.0
PA,2026,2,37,2025-09-14,0.0
PA,2026,3,38,2025-09-21,0.18181818181818182
PA,2026,4,39,2025-09-28,0.6363636363636364
PA,2026,11,46,2025-11-16,17.363636363636363
PA,2026,12,47,2025-11-23,17.90909090909091
SC,2016,1,36,2015-09-06,0.0
SC,2016,2,37,2015-09-13,0.0
SC,2016,3,38,2015-09-20,0.0
SC,2016,4,39,2015-09-27,0.0
SC,2016,5,40,2015-10-04,0.36363636363636365
SC,2016,6,41,2015-10-11,0.9090909090909091
SC,2016,7,42,2015-10-18,1.1818181818181819
SC,2016,8,43,2015-10-25,1.3636363636363635
SC,2016,9,44,2015-11-01,3.0
SC,2016,10,45,2015-11-08,4.636363636363637
SC,2016,11,46,2015-11-15,6.0
SC,2016,12,47,2015-11-22,7.545454545454546
SC,2016,13,48,2015-11-29,9.454545454545455
SC,2016,30,13,2016-04-03,9.636363636363637
SC,2016,31,14,2016-04-10,10.181818181818182
SC,2016,32,15,2016-04-17,12.363636363636363
SC,2016,33,16,2016-04-24,14.636363636363637
SC,2016,34,17,2016-05-01,15.272727272727273
SC,2016,35,18,2016-05-08,17.09090909090909
SC,2016,36,19,2016-05-15,18.0
SC,2016,37,20,2016-05-22,18.363636363636363
SC,2016,38,21,2016-05-29,18.545454545454547
SC,2016,39,22,2016-06-05,20.363636363636363
SC,2016,40,23,2016-06-12,22.636363636363637
SC,2016,41,24,2016-06-19,25.818181818181817
SC,2016,42,25,2016-06-26,26.363636363636363
SC,2016,43,26,2016-07-03,26.636363636363637
SC,2016,44,27,2016-07-10,26.818181818181817
SC,2017,3,38,2016-09-25,0.0
SC,2017,4,39,2016-10-02,0.0
SC,2017,5,40,2016-10-09,0.09090909090909091
SC,2017,6,41,2016-10-16,0.36363636363636365
SC,2017,7,42,2016-10-23,0.5454545454545454
SC,2017,8,43,2016-10-30,0.9090909090909091
SC,2017,9,44,2016-11-06,1.0909090909090908
SC,2017,10,45,2016-11-13,1.8181818181818181
SC,2017,11,46,2016-11-20,4.0
SC,2017,12,47,2016-11-27,4.909090909090909
SC,2017,30,13,2017-04-02,5.636363636363637
SC,2017,31,14,2017-04-09,8.363636363636363
SC,2017,32,15,2017-04-16,10.272727272727273
SC,2017,33,16,2017-04-23,11.454545454545455
SC,2017,34,17,2017-04-30,12.454545454545455
SC,2017,35,18,2017-05-07,13.545454545454545
SC,2017,36,19,2017-05-14,13.545454545454545
SC,2017,37,20,2017-05-21,13.636363636363637
SC,2017,38,21,2017-05-28,14.0
SC,2017,39,22,2017-06-04,16.454545454545453
SC,2017,40,23,2017-06-11,17.818181818181817
SC,2017,41,24,2017-06-18,20.0
SC,2017,42,25,2017-06-25,21.363636363636363
SC,2017,43,26,2017-07-02,22.363636363636363
SC,2018,3,38,2017-09-24,0.0
SC,2018,4,39,2017-10-01,0.0
SC,2018,5,40,2017-10-08,0.09090909090909091
SC,2018,6,41,2017-10-15,1.0909090909090908
SC,2018,7,42,2017-10-22,1.2727272727272727
SC,2018,8,43,2017-10-29,2.090909090909091
SC,2018,9,44,2017-11-05,3.909090909090909
SC,2018,10,45,2017-11-12,6.636363636363637
SC,2018,11,46,2017-11-19,8.181818181818182
SC,2018,12,47,2017-11-26,10.363636363636363
SC,2018,30,13,2018-04-01,10.363636363636363
SC,2018,31,14,2018-04-08,10.909090909090908
SC,2018,32,15,2018-04-15,11.636363636363637
SC,2018,33,16,2018-04-22,14.272727272727273
SC,2018,34,17,2018-04-29,17.454545454545453
SC,2018,35,18,2018-05-06,19.181818181818183
SC,2018,36,19,2018-05-13,19.181818181818183
SC,2018,37,20,2018-05-20,19.181818181818183
SC,2018,38,21,2018-05-27,19.727272727272727
SC,2018,39,22,2018-06-03,21.363636363636363
SC,2018,40,23,2018-06-10,23.727272727272727
SC,2018,41,24,2018-06-17,26.545454545454547
SC,2018,42,25,2018-06-24,27.90909090909091
SC,2019,4,39,2018-09-30,0.0
SC,2019,5,40,2018-10-07,0.0
SC,2019,6,41,2018-10-14,0.0
SC,2019,7,42,2018-10-21,0.6363636363636364
SC,2019,8,43,2018-10-28,0.9090909090909091
SC,2019,9,44,2018-11-04,2.090909090909091
SC,2019,10,45,2018-11-11,2.8181818181818183
SC,2019,11,46,2018-11-18,4.7272727272727275
SC,2019,12,47,2018-11-25,6.181818181818182
SC,2019,30,13,2019-03-31,6.181818181818182
SC,2019,31,14,2019-04-07,6.454545454545454
SC,2019,32,15,2019-04-14,8.636363636363637
SC,2019,33,16,2019-04-21,9.727272727272727
SC,2019,34,17,2019-04-28,11.181818181818182
SC,2019,35,18,2019-05-05,13.909090909090908
SC,2019,36,19,2019-05-12,15.0
SC,2019,37,20,2019-05-19,15.0
SC,2019,38,21,2019-05-26,16.363636363636363
SC,2019,39,22,2019-06-02,16.818181818181817
SC,2019,40,23,2019-06-09,18.636363636363637
SC,2019,41,24,2019-06-16,20.90909090909091
SC,2019,42,25,2019-06-23,23.09090909090909
SC,2019,43,26,2019-06-30,23.727272727272727
SC,2020,3,38,2019-09-22,0.0
SC,2020,4,39,2019-09-29,0.0
SC,2020,5,40,2019-10-06,0.0
SC,2020,6,41,2019-10-13,0.09090909090909091
SC,2020,7,42,2019-10-20,0.2727272727272727
SC,2020,8,43,2019-10-27,0.45454545454545453
SC,2020,9,44,2019-11-03,0.5454545454545454
SC,2020,10,45,2019-11-10,2.0
SC,2020,11,46,2019-11-17,3.4545454545454546
SC,2020,12,47,2019-11-24,5.545454545454546
SC,2020,31,14,2020-04-05,6.909090909090909
SC,2020,32,15,2020-04-12,8.363636363636363
SC,2020,33,16,2020-04-19,10.454545454545455
SC,2020,34,17,2020-04-26,12.818181818181818
SC,2020,35,18,2020-05-03,13.272727272727273
SC,2020,36,19,2020-05-10,13.727272727272727
SC,2020,37,20,2020-05-17,14.090909090909092
SC,2020,38,21,2020-05-24,14.727272727272727
SC,2020,39,22,2020-05-31,14.909090909090908
SC,2020,40,23,2020-06-07,15.818181818181818
SC,2020,41,24,2020-06-14,17.545454545454547
SC,2020,42,25,2020-06-21,20.545454545454547
SC,2020,43,26,2020-06-28,21.454545454545453
SC,2020,44,27,2020-07-05,22.545454545454547
SC,2020,45,28,2020-07-12,22.90909090909091
SC,2021,6,41,2020-10-11,0.18181818181818182
SC,2021,7,42,2020-10-18,0.8181818181818182
SC,2021,8,43,2020-10-25,1.0
SC,2021,9,44,2020-11-01,2.3636363636363638
SC,2021,10,45,2020-11-08,3.5454545454545454
SC,2021,11,46,2020-11-15,5.454545454545454
SC,2021,12,47,2020-11-22,8.727272727272727
SC,2021,13,48,2020-11-29,11.0
SC,2021,30,13,2021-04-04,11.090909090909092
SC,2021,31,14,2021-04-11,12.636363636363637
SC,2021,32,15,2021-04-18,15.272727272727273
SC,2021,33,16,2021-04-25,17.636363636363637
SC,2021,34,17,2021-05-02,19.0
SC,2021,35,18,2021-05-09,19.636363636363637
SC,2021,36,19,2021-05-16,19.727272727272727
SC,2021,37,20,2021-05-23,20.363636363636363
SC,2021,38,21,2021-05-30,21.545454545454547
SC,2021,39,22,2021-06-06,23.636363636363637
SC,2021,40,23,2021-06-13,24.636363636363637
SC,2021,41,24,2021-06-20,26.0
SC,2021,42,25,2021-06-27,27.363636363636363
SC,2021,43,26,2021-07-04,28.0
SC,2021,44,27,2021-07-11,28.272727272727273
SC,2022,3,38,2021-09-26,0.0
SC,2022,4,39,2021-10-03,0.0
SC,2022,5,40,2021-10-10,0.2727272727272727
SC,2022,6,41,2021-10-17,0.45454545454545453
SC,2022,7,42,2021-10-24,0.8181818181818182
SC,2022,8,43,2021-10-31,1.4545454545454546
SC,2022,9,44,2021-11-07,2.0
SC,2022,10,45,2021-11-14,3.0
SC,2022,11,46,2021-11-21,4.7272727272727275
SC,2022,12,47,2021-11-28,6.909090909090909
SC,2022,30,13,2022-04-03,7.363636363636363
SC,2022,31,14,2022-04-10,8.090909090909092
SC,2022,32,15,2022-04-17,10.636363636363637
SC,2022,33,16,2022-04-24,12.363636363636363
SC,2022,34,17,2022-05-01,13.636363636363637
SC,2022,35,18,2022-05-08,14.818181818181818
SC,2022,36,19,2022-05-15,15.545454545454545
SC,2022,37,20,2022-05-22,15.909090909090908
SC,2022,38,21,2022-05-29,16.636363636363637
SC,2022,39,22,2022-06-05,18.454545454545453
SC,2022,40,23,2022-06-12,19.90909090909091
SC,2022,41,24,2022-06-19,21.90909090909091
SC,2022,42,25,2022-06-26,24.0
SC,2022,43,26,2022-07-03,24.363636363636363
SC,2023,3,38,2022-09-25,0.0
SC,2023,4,39,2022-10-02,0.0
SC,2023,5,40,2022-10-09,0.0
SC,2023,6,41,2022-10-16,0.2727272727272727
SC,2023,7,42,2022-10-23,0.45454545454545453
SC,2023,8,43,2022-10-30,0.7272727272727273
SC,2023,9,44,2022-11-06,1.5454545454545454
SC,2023,10,45,2022-11-13,2.727272727272727
SC,2023,11,46,2022-11-20,4.818181818181818
SC,2023,12,47,2022-11-27,6.7272727272727275
SC,2023,30,13,2023-04-02,7.090909090909091
SC,2023,31,14,2023-04-09,8.545454545454545
SC,2023,32,15,2023-04-16,11.090909090909092
SC,2023,33,16,2023-04-23,13.090909090909092
SC,2023,34,17,2023-04-30,14.454545454545455
SC,2023,35,18,2023-05-07,15.181818181818182
SC,2023,36,19,2023-05-14,15.636363636363637
SC,2023,37,20,2023-05-21,15.636363636363637
SC,2023,38,21,2023-05-28,16.09090909090909
SC,2023,39,22,2023-06-04,17.90909090909091
SC,2023,40,23,2023-06-11,19.636363636363637
SC,2023,41,24,2023-06-18,20.454545454545453
SC,2023,42,25,2023-06-25,21.272727272727273
SC,2023,43,26,2023-07-02,23.09090909090909
SC,2023,44,27,2023-07-09,24.363636363636363
SC,2024,3,38,2023-09-24,0.0
SC,2024,4,39,2023-10-01,0.0
SC,2024,5,40,2023-10-08,0.0
SC,2024,6,41,2023-10-15,0.0
SC,2024,7,42,2023-10-22,0.18181818181818182
SC,2024,8,43,2023-10-29,0.36363636363636365
SC,2024,9,44,2023-11-05,1.2727272727272727
SC,2024,10,45,2023-11-12,3.090909090909091
SC,2024,11,46,2023-11-19,4.636363636363637
SC,2024,12,47,2023-11-26,6.2727272727272725
SC,2024,30,13,2024-03-31,6.909090909090909
SC,2024,31,14,2024-04-07,8.272727272727273
SC,2024,32,15,2024-04-14,10.090909090909092
SC,2024,33,16,2024-04-21,12.454545454545455
SC,2024,34,17,2024-04-28,14.090909090909092
SC,2024,35,18,2024-05-05,14.454545454545455
SC,2024,36,19,2024-05-12,14.909090909090908
SC,2024,37,20,2024-05-19,15.454545454545455
SC,2024,38,21,2024-05-26,16.636363636363637
SC,2024,39,22,2024-06-02,18.727272727272727
SC,2024,40,23,2024-06-09,20.363636363636363
SC,2024,41,24,2024-06-16,21.727272727272727
SC,2024,42,25,2024-06-23,23.363636363636363
SC,2024,43,26,2024-06-30,24.09090909090909
SC,2025,3,38,2024-09-22,0.0
SC,2025,4,39,2024-09-29,0.0
SC,2025,5,40,2024-10-06,0.09090909090909091
SC,2025,6,41,2024-10-13,0.36363636363636365
SC,2025,7,42,2024-10-20,1.1818181818181819
SC,2025,8,43,2024-10-27,1.8181818181818181
SC,2025,9,44,2024-11-03,3.090909090909091
SC,2025,10,45,2024-11-10,4.2727272727272725
SC,2025,11,46,2024-11-17,6.181818181818182
SC,2025,12,47,2024-11-24,7.818181818181818
SC,2025,31,14,2025-04-06,9.272727272727273
SC,2025,32,15,2025-04-13,10.727272727272727
SC,2025,33,16,2025-04-20,13.090909090909092
SC,2025,34,17,2025-04-27,14.727272727272727
SC,2025,35,18,2025-05-04,15.727272727272727
SC,2025,36,19,2025-05-11,16.636363636363637
SC,2025,37,20,2025-05-18,17.09090909090909
SC,2025,38,21,2025-05-25,17.90909090909091
SC,2025,39,22,2025-06-01,19.181818181818183
SC,2025,40,23,2025-06-08,20.454545454545453
SC,2025,41,24,2025-06-15,21.636363636363637
SC,2025,42,25,2025-06-22,23.545454545454547
SC,2025,43,26,2025-06-29,24.363636363636363
SC,2025,44,27,2025-07-06,25.0
SC,2025,45,28,2025-07-13,25.545454545454547
SC,2026,3,38,2025-09-21,0.0
SC,2026,4,39,2025-09-28,0.0
SC,2026,11,46,2025-11-16,5.909090909090909
SC,2026,12,47,2025-11-23,6.818181818181818
SD,2016,1,36,2015-09-06,0.45454545454545453
SD,2016,2,37,2015-09-13,2.0
SD,2016,3,38,2015-09-20,4.545454545454546
SD,2016,4,39,2015-09-27,8.363636363636363
SD,2016,5,40,2015-10-04,10.545454545454545
SD,2016,6,41,2015-10-11,12.363636363636363
SD,2016,7,42,2015-10-18,15.636363636363637
SD,2016,8,43,2015-10-25,17.09090909090909
SD,2016,9,44,2015-11-01,17.636363636363637
SD,2016,10,45,2015-11-08,17.90909090909091
SD,2016,11,46,2015-11-15,18.0
SD,2016,12,47,2015-11-22,18.181818181818183
SD,2016,13,48,2015-11-29,18.181818181818183
SD,2016,31,14,2016-04-10,18.181818181818183
SD,2016,32,15,2016-04-17,18.363636363636363
SD,2016,33,16,2016-04-24,20.272727272727273
SD,2016,34,17,2016-05-01,21.727272727272727
SD,2016,35,18,2016-05-08,23.181818181818183
SD,2016,36,19,2016-05-15,24.545454545454547
SD,2016,37,20,2016-05-22,28.09090909090909
SD,2016,38,21,2016-05-29,31.0
SD,2016,39,22,2016-06-05,34.45454545454545
SD,2016,40,23,2016-06-12,36.63636363636363
SD,2016,41,24,2016-06-19,39.27272727272727
SD,2016,42,25,2016-06-26,43.54545454545455
SD,2016,43,26,2016-07-03,45.63636363636363
SD,2016,44,27,2016-07-10,47.0
SD,2016,45,28,2016-07-17,49.90909090909091
SD,2016,46,29,2016-07-24,52.54545454545455
SD,2016,47,30,2016-07-31,53.0
SD,2016,48,31,2016-08-07,53.45454545454545
SD,2016,49,32,2016-08-14,53.54545454545455
SD,2016,50,33,2016-08-21,53.81818181818182
SD,2017,1,36,2016-09-11,0.6363636363636364
SD,2017,2,37,2016-09-18,1.8181818181818181
SD,2017,3,38,2016-09-25,4.090909090909091
SD,2017,4,39,2016-10-02,6.818181818181818
SD,2017,5,40,2016-10-09,11.363636363636363
SD,2017,6,41,2016-10-16,14.454545454545455
SD,2017,7,42,2016-10-23,16.454545454545453
SD,2017,8,43,2016-10-30,17.181818181818183
SD,2017,9,44,2016-11-06,17.545454545454547
SD,2017,10,45,2016-11-13,17.818181818181817
SD,2017,11,46,2016-11-20,18.09090909090909
SD,2017,12,47,2016-11-27,18.181818181818183
SD,2017,31,14,2017-04-09,18.181818181818183
SD,2017,32,15,2017-04-16,18.181818181818183
SD,2017,33,16,2017-04-23,18.272727272727273
SD,2017,34,17,2017-04-30,19.818181818181817
SD,2017,35,18,2017-05-07,20.727272727272727
SD,2017,36,19,2017-05-14,21.818181818181817
SD,2017,37,20,2017-05-21,24.181818181818183
SD,2017,38,21,2017-05-28,29.272727272727273
SD,2017,39,22,2017-06-04,34.09090909090909
SD,2017,40,23,2017-06-11,37.0
SD,2017,41,24,2017-06-18,38.72727272727273
SD,2017,42,25,2017-06-25,42.63636363636363
SD,2017,43,26,2017-07-02,45.81818181818182
SD,2017,44,27,2017-07-09,51.72727272727273
SD,2017,45,28,2017-07-16,56.90909090909091
SD,2017,46,29,2017-07-23,60.54545454545455
SD,2017,47,30,2017-07-30,61.45454545454545
SD,2017,48,31,2017-08-06,62.36363636363637
SD,2017,49,32,2017-08-13,62.63636363636363
SD,2018,1,36,2017-09-10,0.45454545454545453
SD,2018,2,37,2017-09-17,2.8181818181818183
SD,2018,3,38,2017-09-24,5.090909090909091
SD,2018,4,39,2017-10-01,7.818181818181818
SD,2018,5,40,2017-10-08,11.636363636363637
SD,2018,6,41,2017-10-15,14.181818181818182
SD,2018,7,42,2017-10-22,16.0
SD,2018,8,43,2017-10-29,17.181818181818183
SD,2018,9,44,2017-11-05,17.727272727272727
SD,2018,10,45,2017-11-12,17.90909090909091
SD,2018,11,46,2017-11-19,18.09090909090909
SD,2018,12,47,2017-11-26,18.181818181818183
SD,2018,31,14,2018-04-08,18.181818181818183
SD,2018,32,15,2018-04-15,18.181818181818183
SD,2018,33,16,2018-04-22,18.181818181818183
SD,2018,34,17,2018-04-29,18.181818181818183
SD,2018,35,18,2018-05-06,18.181818181818183
SD,2018,36,19,2018-05-13,18.181818181818183
SD,2018,37,20,2018-05-20,18.181818181818183
SD,2018,38,21,2018-05-27,18.818181818181817
SD,2018,39,22,2018-06-03,20.90909090909091
SD,2018,40,23,2018-06-10,24.818181818181817
SD,2018,41,24,2018-06-17,26.272727272727273
SD,2018,42,25,2018-06-24,26.727272727272727
SD,2018,43,26,2018-07-01,27.0
SD,2018,44,27,2018-07-08,27.181818181818183
SD,2018,45,28,2018-07-15,28.818181818181817
SD,2018,46,29,2018-07-22,31.272727272727273
SD,2018,47,30,2018-07-29,34.18181818181818
SD,2018,48,31,2018-08-05,35.18181818181818
SD,2018,49,32,2018-08-12,35.81818181818182
SD,2018,50,33,2018-08-19,36.0
SD,2018,52,35,2018-09-02,27.0
SD,2019,1,36,2018-09-09,0.6363636363636364
SD,2019,2,37,2018-09-16,2.727272727272727
SD,2019,3,38,2018-09-23,5.545454545454546
SD,2019,4,39,2018-09-30,8.909090909090908
SD,2019,5,40,2018-10-07,11.181818181818182
SD,2019,6,41,2018-10-14,13.0
SD,2019,7,42,2018-10-21,14.454545454545455
SD,2019,8,43,2018-10-28,15.909090909090908
SD,2019,9,44,2018-11-04,16.727272727272727
SD,2019,10,45,2018-11-11,17.454545454545453
SD,2019,11,46,2018-11-18,17.636363636363637
SD,2019,12,47,2018-11-25,18.0
SD,2019,31,14,2019-04-07,18.0
SD,2019,32,15,2019-04-14,18.0
SD,2019,33,16,2019-04-21,18.0
SD,2019,34,17,2019-04-28,18.0
SD,2019,35,18,2019-05-05,18.0
SD,2019,36,19,2019-05-12,18.0
SD,2019,37,20,2019-05-19,18.0
SD,2019,38,21,2019-05-26,18.0
SD,2019,39,22,2019-06-02,18.545454545454547
SD,2019,40,23,2019-06-09,20.09090909090909
SD,2019,41,24,2019-06-16,22.818181818181817
SD,2019,42,25,2019-06-23,25.272727272727273
SD,2019,43,26,2019-06-30,26.454545454545453
SD,2019,44,27,2019-07-07,26.818181818181817
SD,2019,45,28,2019-07-14,26.818181818181817
SD,2019,46,29,2019-07-21,26.818181818181817
SD,2019,47,30,2019-07-28,29.0
SD,2019,48,31,2019-08-04,31.272727272727273
SD,2019,49,32,2019-08-11,33.0
SD,2019,50,33,2019-08-18,33.72727272727273
SD,2019,51,34,2019-08-25,34.90909090909091
SD,2019,52,35,2019-09-01,35.54545454545455
SD,2020,2,37,2019-09-15,0.45454545454545453
SD,2020,3,38,2019-09-22,2.5454545454545454
SD,2020,4,39,2019-09-29,6.7272727272727275
SD,2020,5,40,2019-10-06,11.363636363636363
SD,2020,6,41,2019-10-13,13.909090909090908
SD,2020,7,42,2019-10-20,15.909090909090908
SD,2020,8,43,2019-10-27,16.727272727272727
SD,2020,9,44,2019-11-03,17.363636363636363
SD,2020,10,45,2019-11-10,17.727272727272727
SD,2020,11,46,2019-11-17,18.0
SD,2020,12,47,2019-11-24,18.181818181818183
SD,2020,32,15,2020-04-12,18.181818181818183
SD,2020,33,16,2020-04-19,18.181818181818183
SD,2020,34,17,2020-04-26,18.181818181818183
SD,2020,35,18,2020-05-03,18.181818181818183
SD,2020,36,19,2020-05-10,18.181818181818183
SD,2020,37,20,2020-05-17,18.181818181818183
SD,2020,38,21,2020-05-24,18.90909090909091
SD,2020,39,22,2020-05-31,20.272727272727273
SD,2020,40,23,2020-06-07,22.818181818181817
SD,2020,41,24,2020-06-14,25.363636363636363
SD,2020,42,25,2020-06-21,26.636363636363637
SD,2020,43,26,2020-06-28,27.09090909090909
SD,2020,44,27,2020-07-05,27.09090909090909
SD,2020,45,28,2020-07-12,27.545454545454547
SD,2020,46,29,2020-07-19,30.09090909090909
SD,2020,47,30,2020-07-26,33.27272727272727
SD,2020,48,31,2020-08-02,35.0
SD,2020,49,32,2020-08-09,35.72727272727273
SD,2020,50,33,2020-08-16,36.0
SD,2020,51,34,2020-08-23,36.09090909090909
SD,2021,1,36,2020-09-06,0.7272727272727273
SD,2021,2,37,2020-09-13,1.8181818181818181
SD,2021,3,38,2020-09-20,3.727272727272727
SD,2021,4,39,2020-09-27,6.363636363636363
SD,2021,5,40,2020-10-04,9.818181818181818
SD,2021,6,41,2020-10-11,12.818181818181818
SD,2021,7,42,2020-10-18,15.272727272727273
SD,2021,8,43,2020-10-25,16.363636363636363
SD,2021,9,44,2020-11-01,16.727272727272727
SD,2021,10,45,2020-11-08,17.363636363636363
SD,2021,11,46,2020-11-15,17.636363636363637
SD,2021,12,47,2020-11-22,17.90909090909091
SD,2021,13,48,2020-11-29,18.0
SD,2021,30,13,2021-04-04,18.0
SD,2021,31,14,2021-04-11,18.0
SD,2021,32,15,2021-04-18,18.0
SD,2021,33,16,2021-04-25,18.0
SD,2021,34,17,2021-05-02,18.0
SD,2021,35,18,2021-05-09,18.0
SD,2021,36,19,2021-05-16,18.0
SD,2021,37,20,2021-05-23,18.818181818181817
SD,2021,38,21,2021-05-30,21.09090909090909
SD,2021,39,22,2021-06-06,23.818181818181817
SD,2021,40,23,2021-06-13,26.09090909090909
SD,2021,41,24,2021-06-20,26.545454545454547
SD,2021,42,25,2021-06-27,26.818181818181817
SD,2021,43,26,2021-07-04,26.90909090909091
SD,2021,44,27,2021-07-11,28.272727272727273
SD,2021,45,28,2021-07-18,29.818181818181817
SD,2021,46,29,2021-07-25,33.27272727272727
SD,2021,47,30,2021-08-01,35.09090909090909
SD,2021,48,31,2021-08-08,35.63636363636363
SD,2021,52,35,2021-09-05,26.818181818181817
SD,2022,1,36,2021-09-12,1.1818181818181819
SD,2022,2,37,2021-09-19,3.090909090909091
SD,2022,3,38,2021-09-26,5.636363636363637
SD,2022,4,39,2021-10-03,9.454545454545455
SD,2022,5,40,2021-10-10,12.0
SD,2022,6,41,2021-10-17,13.272727272727273
SD,2022,7,42,2021-10-24,15.272727272727273
SD,2022,8,43,2021-10-31,17.545454545454547
SD,2022,9,44,2021-11-07,17.727272727272727
SD,2022,10,45,2021-11-14,17.90909090909091
SD,2022,11,46,2021-11-21,18.09090909090909
SD,2022,12,47,2021-11-28,18.181818181818183
SD,2022,30,13,2022-04-03,18.181818181818183
SD,2022,31,14,2022-04-10,18.181818181818183
SD,2022,32,15,2022-04-17,18.181818181818183
SD,2022,33,16,2022-04-24,18.181818181818183
SD,2022,34,17,2022-05-01,18.181818181818183
SD,2022,35,18,2022-05-08,18.181818181818183
SD,2022,36,19,2022-05-15,18.181818181818183
SD,2022,37,20,2022-05-22,18.272727272727273
SD,2022,38,21,2022-05-29,19.272727272727273
SD,2022,39,22,2022-06-05,21.181818181818183
SD,2022,40,23,2022-06-12,23.181818181818183
SD,2022,41,24,2022-06-19,25.09090909090909
SD,2022,42,25,2022-06-26,26.818181818181817
SD,2022,43,26,2022-07-03,26.818181818181817
SD,2022,44,27,2022-07-10,27.727272727272727
SD,2022,45,28,2022-07-17,29.09090909090909
SD,2022,46,29,2022-07-24,32.63636363636363
SD,2022,47,30,2022-07-31,33.81818181818182
SD,2022,48,31,2022-08-07,35.18181818181818
SD,2022,49,32,2022-08-14,35.36363636363637
SD,2022,50,33,2022-08-21,35.63636363636363
SD,2022,52,35,2022-09-04,26.727272727272727
SD,2023,1,36,2022-09-11,0.9090909090909091
SD,2023,2,37,2022-09-18,3.3636363636363638
SD,2023,3,38,2022-09-25,6.363636363636363
SD,2023,4,39,2022-10-02,8.636363636363637
SD,2023,5,40,2022-10-09,10.636363636363637
SD,2023,6,41,2022-10-16,13.181818181818182
SD,2023,7,42,2022-10-23,14.363636363636363
SD,2023,8,43,2022-10-30,15.181818181818182
SD,2023,9,44,2022-11-06,15.909090909090908
SD,2023,10,45,2022-11-13,16.181818181818183
SD,2023,11,46,2022-11-20,17.09090909090909
SD,2023,12,47,2022-11-27,17.727272727272727
SD,2023,30,13,2023-04-02,17.727272727272727
SD,2023,31,14,2023-04-09,17.727272727272727
SD,2023,32,15,2023-04-16,17.727272727272727
SD,2023,33,16,2023-04-23,17.727272727272727
SD,2023,34,17,2023-04-30,17.727272727272727
SD,2023,35,18,2023-05-07,17.727272727272727
SD,2023,36,19,2023-05-14,17.727272727272727
SD,2023,37,20,2023-05-21,17.90909090909091
SD,2023,38,21,2023-05-28,18.636363636363637
SD,2023,39,22,2023-06-04,22.181818181818183
SD,2023,40,23,2023-06-11,23.90909090909091
SD,2023,41,24,2023-06-18,25.454545454545453
SD,2023,42,25,2023-06-25,26.181818181818183
SD,2023,43,26,2023-07-02,26.727272727272727
SD,2023,44,27,2023-07-09,27.636363636363637
SD,2023,45,28,2023-07-16,28.818181818181817
SD,2023,46,29,2023-07-23,31.0
SD,2023,47,30,2023-07-30,33.54545454545455
SD,2023,48,31,2023-08-06,34.72727272727273
SD,2023,49,32,2023-08-13,35.27272727272727
SD,2023,50,33,2023-08-20,35.63636363636363
SD,2023,51,34,2023-08-27,26.545454545454547
SD,2023,52,35,2023-09-03,27.272727272727273
SD,2024,1,36,2023-09-10,1.5454545454545454
SD,2024,2,37,2023-09-17,3.090909090909091
SD,2024,3,38,2023-09-24,5.2727272727272725
SD,2024,4,39,2023-10-01,8.727272727272727
SD,2024,5,40,2023-10-08,11.454545454545455
SD,2024,6,41,2023-10-15,13.363636363636363
SD,2024,7,42,2023-10-22,14.818181818181818
SD,2024,8,43,2023-10-29,16.0
SD,2024,9,44,2023-11-05,17.181818181818183
SD,2024,10,45,2023-11-12,17.545454545454547
SD,2024,11,46,2023-11-19,17.818181818181817
SD,2024,12,47,2023-11-26,18.181818181818183
SD,2024,30,13,2024-03-31,18.181818181818183
SD,2024,31,14,2024-04-07,18.181818181818183
SD,2024,32,15,2024-04-14,18.181818181818183
SD,2024,33,16,2024-04-21,18.181818181818183
SD,2024,34,17,2024-04-28,18.181818181818183
SD,2024,35,18,2024-05-05,18.181818181818183
SD,2024,36,19,2024-05-12,18.181818181818183
SD,2024,37,20,2024-05-19,18.272727272727273
SD,2024,38,21,2024-05-26,19.09090909090909
SD,2024,39,22,2024-06-02,20.181818181818183
SD,2024,40,23,2024-06-09,23.727272727272727
SD,2024,41,24,2024-06-16,26.272727272727273
SD,2024,42,25,2024-06-23,26.636363636363637
SD,2024,43,26,2024-06-30,26.90909090909091
SD,2024,44,27,2024-07-07,27.727272727272727
SD,2024,45,28,2024-07-14,28.272727272727273
SD,2024,46,29,2024-07-21,29.727272727272727
SD,2024,47,30,2024-07-28,32.63636363636363
SD,2024,48,31,2024-08-04,34.72727272727273
SD,2024,49,32,2024-08-11,35.54545454545455
SD,2024,50,33,2024-08-18,35.72727272727273
SD,2024,52,35,2024-09-01,27.09090909090909
SD,2025,1,36,2024-09-08,1.0909090909090908
SD,2025,2,37,2024-09-15,2.272727272727273
SD,2025,3,38,2024-09-22,4.181818181818182
SD,2025,4,39,2024-09-29,6.7272727272727275
SD,2025,5,40,2024-10-06,9.181818181818182
SD,2025,6,41,2024-10-13,12.090909090909092
SD,2025,7,42,2024-10-20,13.818181818181818
SD,2025,8,43,2024-10-27,14.636363636363637
SD,2025,9,44,2024-11-03,15.272727272727273
SD,2025,10,45,2024-11-10,15.909090909090908
SD,2025,11,46,2024-11-17,16.636363636363637
SD,2025,12,47,2024-11-24,16.90909090909091
SD,2025,31,14,2025-04-06,16.90909090909091
SD,2025,32,15,2025-04-13,16.90909090909091
SD,2025,33,16,2025-04-20,16.90909090909091
SD,2025,34,17,2025-04-27,16.90909090909091
SD,2025,35,18,2025-05-04,16.90909090909091
SD,2025,36,19,2025-05-11,16.90909090909091
SD,2025,37,20,2025-05-18,16.90909090909091
SD,2025,38,21,2025-05-25,17.181818181818183
SD,2025,39,22,2025-06-01,18.818181818181817
SD,2025,40,23,2025-06-08,21.636363636363637
SD,2025,41,24,2025-06-15,24.0
SD,2025,42,25,2025-06-22,25.545454545454547
SD,2025,43,26,2025-06-29,25.818181818181817
SD,2025,44,27,2025-07-06,25.90909090909091
SD,2025,45,28,2025-07-13,26.727272727272727
SD,2025,46,29,2025-07-20,28.545454545454547
SD,2025,47,30,2025-07-27,30.818181818181817
SD,2025,48,31,2025-08-03,33.0
SD,2025,49,32,2025-08-10,33.90909090909091
SD,2025,50,33,2025-08-17,34.45454545454545
SD,2025,51,34,2025-08-24,34.90909090909091
SD,2026,1,36,2025-09-07,0.36363636363636365
SD,2026,2,37,2025-09-14,2.090909090909091
SD,2026,3,38,2025-09-21,3.6363636363636362
SD,2026,4,39,2025-09-28,7.0
SD,2026,11,46,2025-11-16,17.272727272727273
SD,2026,12,47,2025-11-23,17.454545454545453
TN,2016,4,39,2015-09-27,0.18181818181818182
TN,2016,5,40,2015-10-04,1.0
TN,2016,6,41,2015-10-11,1.9090909090909092
TN,2016,7,42,2015-10-18,4.363636363636363
TN,2016,8,43,2015-10-25,7.090909090909091
TN,2016,9,44,2015-11-01,9.272727272727273
TN,2016,10,45,2015-11-08,11.545454545454545
TN,2016,11,46,2015-11-15,13.545454545454545
TN,2016,12,47,2015-11-22,15.363636363636363
TN,2016,13,48,2015-11-29,16.90909090909091
TN,2016,30,13,2016-04-03,19.636363636363637
TN,2016,31,14,2016-04-10,21.90909090909091
TN,2016,32,15,2016-04-17,23.454545454545453
TN,2016,33,16,2016-04-24,27.272727272727273
TN,2016,34,17,2016-05-01,31.818181818181817
TN,2016,35,18,2016-05-08,33.45454545454545
TN,2016,36,19,2016-05-15,34.36363636363637
TN,2016,37,20,2016-05-22,36.90909090909091
TN,2016,38,21,2016-05-29,40.90909090909091
TN,2016,39,22,2016-06-05,42.63636363636363
TN,2016,40,23,2016-06-12,45.45454545454545
TN,2016,41,24,2016-06-19,55.54545454545455
TN,2016,42,25,2016-06-26,60.18181818181818
TN,2016,43,26,2016-07-03,61.27272727272727
TN,2016,44,27,2016-07-10,61.54545454545455
TN,2016,45,28,2016-07-17,61.63636363636363
TN,2017,3,38,2016-09-25,0.09090909090909091
TN,2017,4,39,2016-10-02,0.8181818181818182
TN,2017,5,40,2016-10-09,2.5454545454545454
TN,2017,6,41,2016-10-16,4.090909090909091
TN,2017,7,42,2016-10-23,7.090909090909091
TN,2017,8,43,2016-10-30,9.454545454545455
TN,2017,9,44,2016-11-06,11.454545454545455
TN,2017,10,45,2016-11-13,12.636363636363637
TN,2017,11,46,2016-11-20,14.272727272727273
TN,2017,12,47,2016-11-27,15.545454545454545
TN,2017,30,13,2017-04-02,20.454545454545453
TN,2017,31,14,2017-04-09,23.181818181818183
TN,2017,32,15,2017-04-16,26.636363636363637
TN,2017,33,16,2017-04-23,29.545454545454547
TN,2017,34,17,2017-04-30,32.18181818181818
TN,2017,35,18,2017-05-07,33.0
TN,2017,36,19,2017-05-14,33.18181818181818
TN,2017,37,20,2017-05-21,36.45454545454545
TN,2017,38,21,2017-05-28,40.0
TN,2017,39,22,2017-06-04,42.36363636363637
TN,2017,40,23,2017-06-11,52.81818181818182
TN,2017,41,24,2017-06-18,57.45454545454545
TN,2017,42,25,2017-06-25,58.81818181818182
TN,2017,43,26,2017-07-02,59.36363636363637
TN,2018,3,38,2017-09-24,0.09090909090909091
TN,2018,4,39,2017-10-01,0.45454545454545453
TN,2018,5,40,2017-10-08,1.9090909090909092
TN,2018,6,41,2017-10-15,3.3636363636363638
TN,2018,7,42,2017-10-22,5.0
TN,2018,8,43,2017-10-29,7.545454545454546
TN,2018,9,44,2017-11-05,10.181818181818182
TN,2018,10,45,2017-11-12,12.363636363636363
TN,2018,11,46,2017-11-19,14.0
TN,2018,12,47,2017-11-26,15.454545454545455
TN,2018,30,13,2018-04-01,18.09090909090909
TN,2018,31,14,2018-04-08,22.181818181818183
TN,2018,32,15,2018-04-15,23.454545454545453
TN,2018,33,16,2018-04-22,24.454545454545453
TN,2018,34,17,2018-04-29,26.363636363636363
TN,2018,35,18,2018-05-06,30.181818181818183
TN,2018,36,19,2018-05-13,32.27272727272727
TN,2018,37,20,2018-05-20,35.36363636363637
TN,2018,38,21,2018-05-27,39.63636363636363
TN,2018,39,22,2018-06-03,43.18181818181818
TN,2018,40,23,2018-06-10,49.45454545454545
TN,2018,41,24,2018-06-17,56.0
TN,2018,42,25,2018-06-24,58.72727272727273
TN,2018,43,26,2018-07-01,59.54545454545455
TN,2018,44,27,2018-07-08,59.90909090909091
TN,2018,45,28,2018-07-15,60.09090909090909
TN,2019,1,36,2018-09-09,0.0
TN,2019,2,37,2018-09-16,0.2727272727272727
TN,2019,3,38,2018-09-23,0.8181818181818182
TN,2019,4,39,2018-09-30,1.5454545454545454
TN,2019,5,40,2018-10-07,2.3636363636363638
TN,2019,6,41,2018-10-14,3.8181818181818183
TN,2019,7,42,2018-10-21,5.090909090909091
TN,2019,8,43,2018-10-28,7.545454545454546
TN,2019,9,44,2018-11-04,9.727272727272727
TN,2019,10,45,2018-11-11,10.272727272727273
TN,2019,11,46,2018-11-18,12.090909090909092
TN,2019,12,47,2018-11-25,13.636363636363637
TN,2019,30,13,2019-03-31,15.909090909090908
TN,2019,31,14,2019-04-07,18.0
TN,2019,32,15,2019-04-14,20.90909090909091
TN,2019,33,16,2019-04-21,23.454545454545453
TN,2019,34,17,2019-04-28,26.0
TN,2019,35,18,2019-05-05,29.545454545454547
TN,2019,36,19,2019-05-12,31.454545454545453
TN,2019,37,20,2019-05-19,34.36363636363637
TN,2019,38,21,2019-05-26,37.36363636363637
TN,2019,39,22,2019-06-02,39.72727272727273
TN,2019,40,23,2019-06-09,46.36363636363637
TN,2019,41,24,2019-06-16,52.36363636363637
TN,2019,42,25,2019-06-23,56.45454545454545
TN,2019,43,26,2019-06-30,57.63636363636363
TN,2019,44,27,2019-07-07,58.27272727272727
TN,2019,45,28,2019-07-14,58.36363636363637
TN,2019,46,29,2019-07-21,58.45454545454545
TN,2020,2,37,2019-09-15,0.09090909090909091
TN,2020,3,38,2019-09-22,0.36363636363636365
TN,2020,4,39,2019-09-29,1.0909090909090908
TN,2020,5,40,2019-10-06,1.7272727272727273
TN,2020,6,41,2019-10-13,2.727272727272727
TN,2020,7,42,2019-10-20,4.090909090909091
TN,2020,8,43,2019-10-27,6.454545454545454
TN,2020,9,44,2019-11-03,8.545454545454545
TN,2020,10,45,2019-11-10,10.545454545454545
TN,2020,11,46,2019-11-17,12.636363636363637
TN,2020,12,47,2019-11-24,14.454545454545455
TN,2020,31,14,2020-04-05,18.272727272727273
TN,2020,32,15,2020-04-12,21.636363636363637
TN,2020,33,16,2020-04-19,24.727272727272727
TN,2020,34,17,2020-04-26,28.363636363636363
TN,2020,35,18,2020-05-03,30.727272727272727
TN,2020,36,19,2020-05-10,31.727272727272727
TN,2020,37,20,2020-05-17,33.81818181818182
TN,2020,38,21,2020-05-24,36.63636363636363
TN,2020,39,22,2020-05-31,39.63636363636363
TN,2020,40,23,2020-06-07,41.63636363636363
TN,2020,41,24,2020-06-14,49.45454545454545
TN,2020,42,25,2020-06-21,55.72727272727273
TN,2020,43,26,2020-06-28,58.27272727272727
TN,2020,44,27,2020-07-05,59.27272727272727
TN,2020,45,28,2020-07-12,59.54545454545455
TN,2020,46,29,2020-07-19,59.54545454545455
TN,2021,1,36,2020-09-06,0.0
TN,2021,2,37,2020-09-13,0.09090909090909091
TN,2021,3,38,2020-09-20,0.45454545454545453
TN,2021,4,39,2020-09-27,0.7272727272727273
TN,2021,5,40,2020-10-04,1.4545454545454546
TN,2021,6,41,2020-10-11,3.0
TN,2021,7,42,2020-10-18,5.7272727272727275
TN,2021,8,43,2020-10-25,8.363636363636363
TN,2021,9,44,2020-11-01,10.181818181818182
TN,2021,10,45,2020-11-08,12.545454545454545
TN,2021,11,46,2020-11-15,14.0
TN,2021,12,47,2020-11-22,15.363636363636363
TN,2021,13,48,2020-11-29,16.545454545454547
TN,2021,30,13,2021-04-04,20.272727272727273
TN,2021,31,14,2021-04-11,22.90909090909091
TN,2021,32,15,2021-04-18,24.636363636363637
TN,2021,33,16,2021-04-25,27.545454545454547
TN,2021,34,17,2021-05-02,30.454545454545453
TN,2021,35,18,2021-05-09,32.72727272727273
TN,2021,36,19,2021-05-16,34.0
TN,2021,37,20,2021-05-23,38.0
TN,2021,38,21,2021-05-30,41.54545454545455
TN,2021,39,22,2021-06-06,43.09090909090909
TN,2021,40,23,2021-06-13,48.81818181818182
TN,2021,41,24,2021-06-20,56.36363636363637
TN,2021,42,25,2021-06-27,59.54545454545455
TN,2021,43,26,2021-07-04,60.90909090909091
TN,2021,44,27,2021-07-11,61.27272727272727
TN,2021,45,28,2021-07-18,61.36363636363637
TN,2021,46,29,2021-07-25,61.45454545454545
TN,2021,52,35,2021-09-05,52.81818181818182
TN,2022,1,36,2021-09-12,0.36363636363636365
TN,2022,2,37,2021-09-19,0.8181818181818182
TN,2022,3,38,2021-09-26,1.3636363636363635
TN,2022,4,39,2021-10-03,2.090909090909091
TN,2022,5,40,2021-10-10,3.1818181818181817
TN,2022,6,41,2021-10-17,5.2727272727272725
TN,2022,7,42,2021-10-24,7.0
TN,2022,8,43,2021-10-31,8.727272727272727
TN,2022,9,44,2021-11-07,11.0
TN,2022,10,45,2021-11-14,13.181818181818182
TN,2022,11,46,2021-11-21,14.727272727272727
TN,2022,12,47,2021-11-28,16.272727272727273
TN,2022,30,13,2022-04-03,19.272727272727273
TN,2022,31,14,2022-04-10,21.545454545454547
TN,2022,32,15,2022-04-17,24.272727272727273
TN,2022,33,16,2022-04-24,25.363636363636363
TN,2022,34,17,2022-05-01,29.90909090909091
TN,2022,35,18,2022-05-08,32.63636363636363
TN,2022,36,19,2022-05-15,34.36363636363637
TN,2022,37,20,2022-05-22,38.45454545454545
TN,2022,38,21,2022-05-29,42.18181818181818
TN,2022,39,22,2022-06-05,45.0
TN,2022,40,23,2022-06-12,48.45454545454545
TN,2022,41,24,2022-06-19,55.72727272727273
TN,2022,42,25,2022-06-26,59.45454545454545
TN,2022,43,26,2022-07-03,60.90909090909091
TN,2022,52,35,2022-09-04,52.36363636363637
TN,2023,1,36,2022-09-11,0.18181818181818182
TN,2023,2,37,2022-09-18,0.45454545454545453
TN,2023,3,38,2022-09-25,1.1818181818181819
TN,2023,4,39,2022-10-02,1.4545454545454546
TN,2023,5,40,2022-10-09,2.4545454545454546
TN,2023,6,41,2022-10-16,3.6363636363636362
TN,2023,7,42,2022-10-23,6.0
TN,2023,8,43,2022-10-30,9.0
TN,2023,9,44,2022-11-06,12.363636363636363
TN,2023,10,45,2022-11-13,13.727272727272727
TN,2023,11,46,2022-11-20,15.454545454545455
TN,2023,12,47,2022-11-27,16.454545454545453
TN,2023,30,13,2023-04-02,20.272727272727273
TN,2023,31,14,2023-04-09,22.636363636363637
TN,2023,32,15,2023-04-16,23.545454545454547
TN,2023,33,16,2023-04-23,28.181818181818183
TN,2023,34,17,2023-04-30,30.545454545454547
TN,2023,35,18,2023-05-07,33.0
TN,2023,36,19,2023-05-14,34.36363636363637
TN,2023,37,20,2023-05-21,37.27272727272727
TN,2023,38,21,2023-05-28,44.36363636363637
TN,2023,39,22,2023-06-04,47.72727272727273
TN,2023,40,23,2023-06-11,52.54545454545455
TN,2023,41,24,2023-06-18,56.0
TN,2023,42,25,2023-06-25,57.90909090909091
TN,2023,43,26,2023-07-02,59.45454545454545
TN,2023,44,27,2023-07-09,60.09090909090909
TN,2024,2,37,2023-09-17,0.09090909090909091
TN,2024,3,38,2023-09-24,0.36363636363636365
TN,2024,4,39,2023-10-01,0.9090909090909091
TN,2024,5,40,2023-10-08,1.8181818181818181
TN,2024,6,41,2023-10-15,3.1818181818181817
TN,2024,7,42,2023-10-22,4.363636363636363
TN,2024,8,43,2023-10-29,6.7272727272727275
TN,2024,9,44,2023-11-05,9.181818181818182
TN,2024,10,45,2023-11-12,11.454545454545455
TN,2024,11,46,2023-11-19,13.909090909090908
TN,2024,12,47,2023-11-26,15.818181818181818
TN,2024,30,13,2024-03-31,19.363636363636363
TN,2024,31,14,2024-04-07,21.363636363636363
TN,2024,32,15,2024-04-14,23.272727272727273
TN,2024,33,16,2024-04-21,26.90909090909091
TN,2024,34,17,2024-04-28,29.636363636363637
TN,2024,35,18,2024-05-05,32.09090909090909
TN,2024,36,19,2024-05-12,33.27272727272727
TN,2024,37,20,2024-05-19,37.09090909090909
TN,2024,38,21,2024-05-26,42.09090909090909
TN,2024,39,22,2024-06-02,48.18181818181818
TN,2024,40,23,2024-06-09,52.36363636363637
TN,2024,41,24,2024-06-16,56.0
TN,2024,42,25,2024-06-23,57.90909090909091
TN,2024,43,26,2024-06-30,59.27272727272727
TN,2024,44,27,2024-07-07,59.72727272727273
TN,2025,2,37,2024-09-15,0.0
TN,2025,3,38,2024-09-22,0.36363636363636365
TN,2025,4,39,2024-09-29,0.9090909090909091
TN,2025,5,40,2024-10-06,2.0
TN,2025,6,41,2024-10-13,3.8181818181818183
TN,2025,7,42,2024-10-20,5.636363636363637
TN,2025,8,43,2024-10-27,8.181818181818182
TN,2025,9,44,2024-11-03,10.0
TN,2025,10,45,2024-11-10,12.636363636363637
TN,2025,11,46,2024-11-17,14.090909090909092
TN,2025,12,47,2024-11-24,15.727272727272727
TN,2025,31,14,2025-04-06,19.181818181818183
TN,2025,32,15,2025-04-13,21.363636363636363
TN,2025,33,16,2025-04-20,25.0
TN,2025,34,17,2025-04-27,28.272727272727273
TN,2025,35,18,2025-05-04,30.727272727272727
TN,2025,36,19,2025-05-11,32.36363636363637
TN,2025,37,20,2025-05-18,32.72727272727273
TN,2025,38,21,2025-05-25,37.18181818181818
TN,2025,39,22,2025-06-01,41.45454545454545
TN,2025,40,23,2025-06-08,47.0
TN,2025,41,24,2025-06-15,51.72727272727273
TN,2025,42,25,2025-06-22,54.54545454545455
TN,2025,43,26,2025-06-29,57.09090909090909
TN,2025,44,27,2025-07-06,58.72727272727273
TN,2025,45,28,2025-07-13,59.18181818181818
TN,2026,2,37,2025-09-14,0.0
TN,2026,3,38,2025-09-21,0.2727272727272727
TN,2026,4,39,2025-09-28,0.8181818181818182
TN,2026,11,46,2025-11-16,12.909090909090908
TN,2026,12,47,2025-11-23,13.636363636363637
TX,2016,1,36,2015-09-06,0.09090909090909091
TX,2016,2,37,2015-09-13,0.45454545454545453
TX,2016,3,38,2015-09-20,1.6363636363636365
TX,2016,4,39,2015-09-27,2.3636363636363638
TX,2016,5,40,2015-10-04,4.090909090909091
TX,2016,6,41,2015-10-11,6.181818181818182
TX,2016,7,42,2015-10-18,8.909090909090908
TX,2016,8,43,2015-10-25,10.090909090909092
TX,2016,9,44,2015-11-01,11.454545454545455
TX,2016,10,45,2015-11-08,12.272727272727273
TX,2016,11,46,2015-11-15,14.090909090909092
TX,2016,12,47,2015-11-22,14.272727272727273
TX,2016,13,48,2015-11-29,15.272727272727273
TX,2016,19,2,2016-01-17,16.636363636363637
TX,2016,20,3,2016-01-24,16.727272727272727
TX,2016,21,4,2016-01-31,16.90909090909091
TX,2016,22,5,2016-02-07,17.0
TX,2016,23,6,2016-02-14,17.09090909090909
TX,2016,24,7,2016-02-21,17.181818181818183
TX,2016,28,11,2016-03-20,17.363636363636363
TX,2016,29,12,2016-03-27,17.636363636363637
TX,2016,30,13,2016-04-03,18.272727272727273
TX,2016,31,14,2016-04-10,19.0
TX,2016,32,15,2016-04-17,20.363636363636363
TX,2016,33,16,2016-04-24,21.727272727272727
TX,2016,34,17,2016-05-01,23.818181818181817
TX,2016,35,18,2016-05-08,24.727272727272727
TX,2016,36,19,2016-05-15,26.181818181818183
TX,2016,37,20,2016-05-22,26.636363636363637
TX,2016,38,21,2016-05-29,27.272727272727273
TX,2016,39,22,2016-06-05,27.727272727272727
TX,2016,40,23,2016-06-12,29.454545454545453
TX,2016,41,24,2016-06-19,31.272727272727273
TX,2016,42,25,2016-06-26,33.54545454545455
TX,2016,43,26,2016-07-03,34.90909090909091
TX,2016,44,27,2016-07-10,35.09090909090909
TX,2016,45,28,2016-07-17,35.36363636363637
TX,2016,46,29,2016-07-24,35.36363636363637
TX,2016,47,30,2016-07-31,35.36363636363637
TX,2016,48,31,2016-08-07,35.36363636363637
TX,2016,49,32,2016-08-14,35.36363636363637
TX,2016,52,35,2016-09-04,27.454545454545453
TX,2017,1,36,2016-09-11,0.45454545454545453
TX,2017,2,37,2016-09-18,1.2727272727272727
TX,2017,3,38,2016-09-25,3.6363636363636362
TX,2017,4,39,2016-10-02,4.818181818181818
TX,2017,5,40,2016-10-09,7.181818181818182
TX,2017,6,41,2016-10-16,8.818181818181818
TX,2017,7,42,2016-10-23,9.909090909090908
TX,2017,8,43,2016-10-30,11.909090909090908
TX,2017,9,44,2016-11-06,14.181818181818182
TX,2017,10,45,2016-11-13,14.545454545454545
TX,2017,11,46,2016-11-20,15.454545454545455
TX,2017,12,47,2016-11-27,15.727272727272727
TX,2017,21,4,2017-01-29,16.90909090909091
TX,2017,22,5,2017-02-05,17.0
TX,2017,23,6,2017-02-12,17.363636363636363
TX,2017,24,7,2017-02-19,17.454545454545453
TX,2017,25,8,2017-02-26,17.545454545454547
TX,2017,28,11,2017-03-19,17.636363636363637
TX,2017,29,12,2017-03-26,18.545454545454547
TX,2017,30,13,2017-04-02,20.545454545454547
TX,2017,31,14,2017-04-09,21.181818181818183
TX,2017,32,15,2017-04-16,22.181818181818183
TX,2017,33,16,2017-04-23,23.636363636363637
TX,2017,34,17,2017-04-30,24.636363636363637
TX,2017,35,18,2017-05-07,25.09090909090909
TX,2017,36,19,2017-05-14,26.454545454545453
TX,2017,37,20,2017-05-21,28.272727272727273
TX,2017,38,21,2017-05-28,28.636363636363637
TX,2017,39,22,2017-06-04,31.90909090909091
TX,2017,40,23,2017-06-11,33.18181818181818
TX,2017,41,24,2017-06-18,33.36363636363637
TX,2017,42,25,2017-06-25,34.54545454545455
TX,2017,43,26,2017-07-02,35.09090909090909
TX,2017,44,27,2017-07-09,35.45454545454545
TX,2017,45,28,2017-07-16,35.72727272727273
TX,2017,46,29,2017-07-23,35.72727272727273
TX,2017,47,30,2017-07-30,35.72727272727273
TX,2017,48,31,2017-08-06,35.72727272727273
TX,2017,49,32,2017-08-13,35.72727272727273
TX,2017,52,35,2017-09-03,27.272727272727273
TX,2018,1,36,2017-09-10,0.5454545454545454
TX,2018,2,37,2017-09-17,1.2727272727272727
TX,2018,3,38,2017-09-24,3.3636363636363638
TX,2018,4,39,2017-10-01,5.0
TX,2018,5,40,2017-10-08,7.636363636363637
TX,2018,6,41,2017-10-15,9.181818181818182
TX,2018,7,42,2017-10-22,11.181818181818182
TX,2018,8,43,2017-10-29,12.636363636363637
TX,2018,9,44,2017-11-05,14.0
TX,2018,10,45,2017-11-12,15.181818181818182
TX,2018,11,46,2017-11-19,15.363636363636363
TX,2018,12,47,2017-11-26,16.0
TX,2018,28,11,2018-03-18,16.0
TX,2018,29,12,2018-03-25,16.454545454545453
TX,2018,30,13,2018-04-01,17.0
TX,2018,31,14,2018-04-08,17.545454545454547
TX,2018,32,15,2018-04-15,19.636363636363637
TX,2018,33,16,2018-04-22,21.09090909090909
TX,2018,34,17,2018-04-29,22.454545454545453
TX,2018,35,18,2018-05-06,23.09090909090909
TX,2018,36,19,2018-05-13,24.0
TX,2018,37,20,2018-05-20,25.545454545454547
TX,2018,38,21,2018-05-27,26.363636363636363
TX,2018,39,22,2018-06-03,27.90909090909091
TX,2018,40,23,2018-06-10,30.363636363636363
TX,2018,41,24,2018-06-17,31.0
TX,2018,42,25,2018-06-24,31.545454545454547
TX,2018,43,26,2018-07-01,32.36363636363637
TX,2018,44,27,2018-07-08,32.90909090909091
TX,2018,45,28,2018-07-15,33.72727272727273
TX,2018,46,29,2018-07-22,34.18181818181818
TX,2018,47,30,2018-07-29,34.18181818181818
TX,2018,48,31,2018-08-05,34.18181818181818
TX,2018,49,32,2018-08-12,34.18181818181818
TX,2018,50,33,2018-08-19,34.18181818181818
TX,2018,51,34,2018-08-26,34.18181818181818
TX,2019,1,36,2018-09-09,0.45454545454545453
TX,2019,2,37,2018-09-16,1.1818181818181819
TX,2019,3,38,2018-09-23,2.727272727272727
TX,2019,4,39,2018-09-30,4.181818181818182
TX,2019,5,40,2018-10-07,6.7272727272727275
TX,2019,6,41,2018-10-14,8.636363636363637
TX,2019,7,42,2018-10-21,9.818181818181818
TX,2019,8,43,2018-10-28,11.181818181818182
TX,2019,9,44,2018-11-04,12.181818181818182
TX,2019,10,45,2018-11-11,13.363636363636363
TX,2019,11,46,2018-11-18,14.272727272727273
TX,2019,12,47,2018-11-25,15.454545454545455
TX,2019,22,5,2019-02-03,16.90909090909091
TX,2019,23,6,2019-02-10,17.09090909090909
TX,2019,24,7,2019-02-17,17.181818181818183
TX,2019,29,12,2019-03-24,17.272727272727273
TX,2019,30,13,2019-03-31,17.90909090909091
TX,2019,31,14,2019-04-07,18.545454545454547
TX,2019,32,15,2019-04-14,19.636363636363637
TX,2019,33,16,2019-04-21,20.90909090909091
TX,2019,34,17,2019-04-28,23.0
TX,2019,35,18,2019-05-05,24.181818181818183
TX,2019,36,19,2019-05-12,25.363636363636363
TX,2019,37,20,2019-05-19,26.545454545454547
TX,2019,38,21,2019-05-26,26.90909090909091
TX,2019,39,22,2019-06-02,28.09090909090909
TX,2019,40,23,2019-06-09,28.636363636363637
TX,2019,41,24,2019-06-16,30.0
TX,2019,42,25,2019-06-23,31.545454545454547
TX,2019,43,26,2019-06-30,33.63636363636363
TX,2019,44,27,2019-07-07,34.63636363636363
TX,2019,45,28,2019-07-14,35.09090909090909
TX,2019,46,29,2019-07-21,35.36363636363637
TX,2019,47,30,2019-07-28,35.36363636363637
TX,2019,48,31,2019-08-04,35.36363636363637
TX,2019,49,32,2019-08-11,35.36363636363637
TX,2019,50,33,2019-08-18,35.36363636363637
TX,2019,51,34,2019-08-25,35.36363636363637
TX,2019,52,35,2019-09-01,35.36363636363637
TX,2020,2,37,2019-09-15,0.36363636363636365
TX,2020,3,38,2019-09-22,2.090909090909091
TX,2020,4,39,2019-09-29,3.6363636363636362
TX,2020,5,40,2019-10-06,6.7272727272727275
TX,2020,6,41,2019-10-13,8.818181818181818
TX,2020,7,42,2019-10-20,10.090909090909092
TX,2020,8,43,2019-10-27,11.363636363636363
TX,2020,9,44,2019-11-03,12.272727272727273
TX,2020,10,45,2019-11-10,13.727272727272727
TX,2020,11,46,2019-11-17,14.272727272727273
TX,2020,12,47,2019-11-24,14.727272727272727
TX,2020,13,48,2019-12-01,15.454545454545455
TX,2020,14,49,2019-12-08,16.0
TX,2020,21,4,2020-01-26,16.818181818181817
TX,2020,22,5,2020-02-02,17.09090909090909
TX,2020,23,6,2020-02-09,17.545454545454547
TX,2020,24,7,2020-02-16,17.727272727272727
TX,2020,25,8,2020-02-23,19.181818181818183
TX,2020,26,9,2020-03-01,19.272727272727273
TX,2020,27,10,2020-03-08,19.363636363636363
TX,2020,28,11,2020-03-15,19.454545454545453
TX,2020,29,12,2020-03-22,19.545454545454547
TX,2020,30,13,2020-03-29,19.636363636363637
TX,2020,31,14,2020-04-05,19.727272727272727
TX,2020,32,15,2020-04-12,20.272727272727273
TX,2020,33,16,2020-04-19,21.90909090909091
TX,2020,34,17,2020-04-26,23.272727272727273
TX,2020,35,18,2020-05-03,24.454545454545453
TX,2020,36,19,2020-05-10,25.272727272727273
TX,2020,37,20,2020-05-17,26.545454545454547
TX,2020,38,21,2020-05-24,28.636363636363637
TX,2020,39,22,2020-05-31,29.09090909090909
TX,2020,40,23,2020-06-07,31.0
TX,2020,41,24,2020-06-14,32.36363636363637
TX,2020,42,25,2020-06-21,33.90909090909091
TX,2020,43,26,2020-06-28,34.90909090909091
TX,2020,44,27,2020-07-05,35.09090909090909
TX,2020,45,28,2020-07-12,35.27272727272727
TX,2020,46,29,2020-07-19,35.27272727272727
TX,2020,47,30,2020-07-26,35.27272727272727
TX,2020,48,31,2020-08-02,35.27272727272727
TX,2020,49,32,2020-08-09,35.27272727272727
TX,2020,50,33,2020-08-16,35.27272727272727
TX,2020,51,34,2020-08-23,35.27272727272727
TX,2021,1,36,2020-09-06,0.36363636363636365
TX,2021,2,37,2020-09-13,0.6363636363636364
TX,2021,3,38,2020-09-20,1.7272727272727273
TX,2021,4,39,2020-09-27,3.272727272727273
TX,2021,5,40,2020-10-04,5.636363636363637
TX,2021,6,41,2020-10-11,8.0
TX,2021,7,42,2020-10-18,9.454545454545455
TX,2021,8,43,2020-10-25,10.909090909090908
TX,2021,9,44,2020-11-01,12.090909090909092
TX,2021,10,45,2020-11-08,13.363636363636363
TX,2021,11,46,2020-11-15,14.181818181818182
TX,2021,12,47,2020-11-22,15.363636363636363
TX,2021,13,48,2020-11-29,15.909090909090908
TX,2021,20,3,2021-01-24,17.0
TX,2021,21,4,2021-01-31,17.363636363636363
TX,2021,22,5,2021-02-07,17.454545454545453
TX,2021,23,6,2021-02-14,17.545454545454547
TX,2021,24,7,2021-02-21,17.636363636363637
TX,2021,25,8,2021-02-28,17.727272727272727
TX,2021,26,9,2021-03-07,17.818181818181817
TX,2021,27,10,2021-03-14,18.181818181818183
TX,2021,28,11,2021-03-21,18.363636363636363
TX,2021,29,12,2021-03-28,19.454545454545453
TX,2021,30,13,2021-04-04,19.545454545454547
TX,2021,31,14,2021-04-11,19.636363636363637
TX,2021,32,15,2021-04-18,21.0
TX,2021,33,16,2021-04-25,22.454545454545453
TX,2021,34,17,2021-05-02,23.181818181818183
TX,2021,35,18,2021-05-09,24.636363636363637
TX,2021,36,19,2021-05-16,26.545454545454547
TX,2021,37,20,2021-05-23,27.0
TX,2021,38,21,2021-05-30,28.0
TX,2021,39,22,2021-06-06,28.181818181818183
TX,2021,40,23,2021-06-13,29.09090909090909
TX,2021,41,24,2021-06-20,31.636363636363637
TX,2021,42,25,2021-06-27,33.18181818181818
TX,2021,43,26,2021-07-04,34.09090909090909
TX,2021,44,27,2021-07-11,34.90909090909091
TX,2021,45,28,2021-07-18,35.36363636363637
TX,2021,46,29,2021-07-25,35.45454545454545
TX,2021,47,30,2021-08-01,35.45454545454545
TX,2021,48,31,2021-08-08,35.45454545454545
TX,2021,52,35,2021-09-05,26.90909090909091
TX,2022,1,36,2021-09-12,0.8181818181818182
TX,2022,2,37,2021-09-19,1.8181818181818181
TX,2022,3,38,2021-09-26,4.2727272727272725
TX,2022,4,39,2021-10-03,6.0
TX,2022,5,40,2021-10-10,7.636363636363637
TX,2022,6,41,2021-10-17,9.363636363636363
TX,2022,7,42,2021-10-24,10.727272727272727
TX,2022,8,43,2021-10-31,12.272727272727273
TX,2022,9,44,2021-11-07,13.363636363636363
TX,2022,10,45,2021-11-14,14.545454545454545
TX,2022,11,46,2021-11-21,15.272727272727273
TX,2022,12,47,2021-11-28,16.272727272727273
TX,2022,20,3,2022-01-23,16.90909090909091
TX,2022,21,4,2022-01-30,17.363636363636363
TX,2022,22,5,2022-02-06,17.363636363636363
TX,2022,23,6,2022-02-13,17.454545454545453
TX,2022,24,7,2022-02-20,17.545454545454547
TX,2022,25,8,2022-02-27,18.545454545454547
TX,2022,26,9,2022-03-06,18.727272727272727
TX,2022,27,10,2022-03-13,18.90909090909091
TX,2022,28,11,2022-03-20,19.0
TX,2022,29,12,2022-03-27,19.272727272727273
TX,2022,30,13,2022-04-03,19.454545454545453
TX,2022,31,14,2022-04-10,19.727272727272727
TX,2022,32,15,2022-04-17,20.09090909090909
TX,2022,33,16,2022-04-24,21.454545454545453
TX,2022,34,17,2022-05-01,23.363636363636363
TX,2022,35,18,2022-05-08,24.363636363636363
TX,2022,36,19,2022-05-15,25.818181818181817
TX,2022,37,20,2022-05-22,26.636363636363637
TX,2022,38,21,2022-05-29,28.09090909090909
TX,2022,39,22,2022-06-05,29.727272727272727
TX,2022,40,23,2022-06-12,31.272727272727273
TX,2022,41,24,2022-06-19,33.0
TX,2022,42,25,2022-06-26,33.72727272727273
TX,2022,43,26,2022-07-03,35.0
TX,2022,44,27,2022-07-10,35.27272727272727
TX,2022,45,28,2022-07-17,35.54545454545455
TX,2022,46,29,2022-07-24,35.54545454545455
TX,2022,47,30,2022-07-31,35.54545454545455
TX,2022,48,31,2022-08-07,35.54545454545455
TX,2022,49,32,2022-08-14,35.54545454545455
TX,2022,50,33,2022-08-21,35.54545454545455
TX,2022,52,35,2022-09-04,27.09090909090909
TX,2023,1,36,2022-09-11,1.5454545454545454
TX,2023,2,37,2022-09-18,3.272727272727273
TX,2023,3,38,2022-09-25,5.2727272727272725
TX,2023,4,39,2022-10-02,6.090909090909091
TX,2023,5,40,2022-10-09,7.818181818181818
TX,2023,6,41,2022-10-16,9.727272727272727
TX,2023,7,42,2022-10-23,11.0
TX,2023,8,43,2022-10-30,13.0
TX,2023,9,44,2022-11-06,14.090909090909092
TX,2023,10,45,2022-11-13,15.272727272727273
TX,2023,11,46,2022-11-20,15.909090909090908
TX,2023,12,47,2022-11-27,16.636363636363637
TX,2023,20,3,2023-01-22,17.727272727272727
TX,2023,21,4,2023-01-29,18.09090909090909
TX,2023,22,5,2023-02-05,18.454545454545453
TX,2023,23,6,2023-02-12,18.727272727272727
TX,2023,24,7,2023-02-19,18.90909090909091
TX,2023,25,8,2023-02-26,19.727272727272727
TX,2023,26,9,2023-03-05,19.90909090909091
TX,2023,27,10,2023-03-12,20.09090909090909
TX,2023,28,11,2023-03-19,20.181818181818183
TX,2023,29,12,2023-03-26,20.454545454545453
TX,2023,30,13,2023-04-02,20.818181818181817
TX,2023,31,14,2023-04-09,21.0
TX,2023,32,15,2023-04-16,21.363636363636363
TX,2023,33,16,2023-04-23,23.0
TX,2023,34,17,2023-04-30,24.454545454545453
TX,2023,35,18,2023-05-07,25.181818181818183
TX,2023,36,19,2023-05-14,25.818181818181817
TX,2023,37,20,2023-05-21,27.0
TX,2023,38,21,2023-05-28,28.454545454545453
TX,2023,39,22,2023-06-04,29.90909090909091
TX,2023,40,23,2023-06-11,31.09090909090909
TX,2023,41,24,2023-06-18,32.90909090909091
TX,2023,42,25,2023-06-25,34.0
TX,2023,43,26,2023-07-02,35.09090909090909
TX,2023,44,27,2023-07-09,35.72727272727273
TX,2023,45,28,2023-07-16,36.09090909090909
TX,2023,46,29,2023-07-23,36.36363636363637
TX,2023,47,30,2023-07-30,36.36363636363637
TX,2023,48,31,2023-08-06,36.36363636363637
TX,2023,49,32,2023-08-13,36.36363636363637
TX,2023,50,33,2023-08-20,36.36363636363637
TX,2023,51,34,2023-08-27,36.36363636363637
TX,2023,52,35,2023-09-03,27.272727272727273
TX,2024,1,36,2023-09-10,0.6363636363636364
TX,2024,2,37,2023-09-17,1.3636363636363635
TX,2024,3,38,2023-09-24,3.272727272727273
TX,2024,4,39,2023-10-01,5.2727272727272725
TX,2024,5,40,2023-10-08,7.545454545454546
TX,2024,6,41,2023-10-15,8.818181818181818
TX,2024,7,42,2023-10-22,10.272727272727273
TX,2024,8,43,2023-10-29,11.636363636363637
TX,2024,9,44,2023-11-05,12.545454545454545
TX,2024,10,45,2023-11-12,13.454545454545455
TX,2024,11,46,2023-11-19,14.545454545454545
TX,2024,12,47,2023-11-26,15.454545454545455
TX,2024,17,52,2023-12-31,12.0
TX,2024,20,3,2024-01-21,17.0
TX,2024,21,4,2024-01-28,17.0
TX,2024,22,5,2024-02-04,17.09090909090909
TX,2024,23,6,2024-02-11,17.272727272727273
TX,2024,24,7,2024-02-18,17.454545454545453
TX,2024,25,8,2024-02-25,17.727272727272727
TX,2024,26,9,2024-03-03,17.818181818181817
TX,2024,27,10,2024-03-10,17.90909090909091
TX,2024,28,11,2024-03-17,18.181818181818183
TX,2024,29,12,2024-03-24,18.545454545454547
TX,2024,30,13,2024-03-31,18.818181818181817
TX,2024,31,14,2024-04-07,19.454545454545453
TX,2024,32,15,2024-04-14,20.636363636363637
TX,2024,33,16,2024-04-21,21.545454545454547
TX,2024,34,17,2024-04-28,22.818181818181817
TX,2024,35,18,2024-05-05,23.818181818181817
TX,2024,36,19,2024-05-12,25.454545454545453
TX,2024,37,20,2024-05-19,26.636363636363637
TX,2024,38,21,2024-05-26,28.0
TX,2024,39,22,2024-06-02,29.09090909090909
TX,2024,40,23,2024-06-09,30.363636363636363
TX,2024,41,24,2024-06-16,31.818181818181817
TX,2024,42,25,2024-06-23,32.81818181818182
TX,2024,43,26,2024-06-30,34.0
TX,2024,44,27,2024-07-07,34.45454545454545
TX,2024,45,28,2024-07-14,34.90909090909091
TX,2024,46,29,2024-07-21,35.18181818181818
TX,2024,47,30,2024-07-28,35.18181818181818
TX,2024,48,31,2024-08-04,35.18181818181818
TX,2024,49,32,2024-08-11,35.18181818181818
TX,2024,50,33,2024-08-18,35.18181818181818
TX,2024,52,35,2024-09-01,26.818181818181817
TX,2025,1,36,2024-09-08,0.6363636363636364
TX,2025,2,37,2024-09-15,1.3636363636363635
TX,2025,3,38,2024-09-22,3.090909090909091
TX,2025,4,39,2024-09-29,5.2727272727272725
TX,2025,5,40,2024-10-06,7.0
TX,2025,6,41,2024-10-13,8.636363636363637
TX,2025,7,42,2024-10-20,9.545454545454545
TX,2025,8,43,2024-10-27,10.545454545454545
TX,2025,9,44,2024-11-03,11.636363636363637
TX,2025,10,45,2024-11-10,13.090909090909092
TX,2025,11,46,2024-11-17,14.272727272727273
TX,2025,12,47,2024-11-24,15.545454545454545
TX,2025,20,3,2025-01-19,16.454545454545453
TX,2025,21,4,2025-01-26,17.09090909090909
TX,2025,22,5,2025-02-02,17.272727272727273
TX,2025,23,6,2025-02-09,17.363636363636363
TX,2025,24,7,2025-02-16,17.545454545454547
TX,2025,25,8,2025-02-23,17.636363636363637
TX,2025,26,9,2025-03-02,17.818181818181817
TX,2025,27,10,2025-03-09,18.0
TX,2025,28,11,2025-03-16,18.454545454545453
TX,2025,29,12,2025-03-23,18.636363636363637
TX,2025,30,13,2025-03-30,19.09090909090909
TX,2025,31,14,2025-04-06,19.181818181818183
TX,2025,32,15,2025-04-13,19.818181818181817
TX,2025,33,16,2025-04-20,21.363636363636363
TX,2025,34,17,2025-04-27,23.636363636363637
TX,2025,35,18,2025-05-04,24.181818181818183
TX,2025,36,19,2025-05-11,25.181818181818183
TX,2025,37,20,2025-05-18,26.454545454545453
TX,2025,38,21,2025-05-25,27.454545454545453
TX,2025,39,22,2025-06-01,28.454545454545453
TX,2025,40,23,2025-06-08,29.818181818181817
TX,2025,41,24,2025-06-15,31.272727272727273
TX,2025,42,25,2025-06-22,32.54545454545455
TX,2025,43,26,2025-06-29,33.45454545454545
TX,2025,44,27,2025-07-06,33.72727272727273
TX,2025,45,28,2025-07-13,34.36363636363637
TX,2025,46,29,2025-07-20,35.0
TX,2025,47,30,2025-07-27,35.18181818181818
TX,2025,48,31,2025-08-03,35.27272727272727
TX,2025,49,32,2025-08-10,35.27272727272727
TX,2025,50,33,2025-08-17,35.27272727272727
TX,2025,51,34,2025-08-24,35.27272727272727
TX,2026,1,36,2025-09-07,0.45454545454545453
TX,2026,2,37,2025-09-14,1.1818181818181819
TX,2026,3,38,2025-09-21,2.5454545454545454
TX,2026,4,39,2025-09-28,4.636363636363637
TX,2026,11,46,2025-11-16,14.181818181818182
TX,2026,12,47,2025-11-23,15.545454545454545
UT,2016,1,36,2015-09-06,1.0909090909090908
UT,2016,2,37,2015-09-13,1.9090909090909092
UT,2016,3,38,2015-09-20,4.636363636363637
UT,2016,4,39,2015-09-27,8.181818181818182
UT,2016,5,40,2015-10-04,11.0
UT,2016,6,41,2015-10-11,13.363636363636363
UT,2016,7,42,2015-10-18,16.0
UT,2016,8,43,2015-10-25,16.545454545454547
UT,2016,9,44,2015-11-01,16.90909090909091
UT,2016,10,45,2015-11-08,17.272727272727273
UT,2016,11,46,2015-11-15,17.363636363636363
UT,2016,38,21,2016-05-29,19.09090909090909
UT,2016,39,22,2016-06-05,21.727272727272727
UT,2016,40,23,2016-06-12,24.363636363636363
UT,2016,41,24,2016-06-19,26.09090909090909
UT,2016,42,25,2016-06-26,26.09090909090909
UT,2016,43,26,2016-07-03,26.454545454545453
UT,2016,44,27,2016-07-10,26.90909090909091
UT,2016,45,28,2016-07-17,28.0
UT,2016,46,29,2016-07-24,30.09090909090909
UT,2016,47,30,2016-07-31,31.818181818181817
UT,2016,48,31,2016-08-07,33.72727272727273
UT,2016,49,32,2016-08-14,34.27272727272727
UT,2016,50,33,2016-08-21,34.72727272727273
UT,2016,51,34,2016-08-28,26.181818181818183
UT,2016,52,35,2016-09-04,26.727272727272727
UT,2017,1,36,2016-09-11,1.4545454545454546
UT,2017,2,37,2016-09-18,4.0
UT,2017,3,38,2016-09-25,7.363636363636363
UT,2017,4,39,2016-10-02,11.0
UT,2017,5,40,2016-10-09,12.727272727272727
UT,2017,6,41,2016-10-16,14.181818181818182
UT,2017,7,42,2016-10-23,14.909090909090908
UT,2017,8,43,2016-10-30,15.181818181818182
UT,2017,9,44,2016-11-06,16.09090909090909
UT,2017,10,45,2016-11-13,16.636363636363637
UT,2017,11,46,2016-11-20,17.181818181818183
UT,2017,12,47,2016-11-27,17.454545454545453
UT,2017,36,19,2017-05-14,17.454545454545453
UT,2017,37,20,2017-05-21,19.272727272727273
UT,2017,38,21,2017-05-28,20.545454545454547
UT,2017,39,22,2017-06-04,22.363636363636363
UT,2017,40,23,2017-06-11,24.0
UT,2017,41,24,2017-06-18,24.90909090909091
UT,2017,42,25,2017-06-25,25.636363636363637
UT,2017,43,26,2017-07-02,26.363636363636363
UT,2017,44,27,2017-07-09,26.727272727272727
UT,2017,45,28,2017-07-16,27.0
UT,2017,46,29,2017-07-23,28.181818181818183
UT,2017,47,30,2017-07-30,30.09090909090909
UT,2017,48,31,2017-08-06,32.09090909090909
UT,2017,49,32,2017-08-13,33.27272727272727
UT,2017,50,33,2017-08-20,34.27272727272727
UT,2017,51,34,2017-08-27,26.181818181818183
UT,2017,52,35,2017-09-03,26.90909090909091
UT,2018,1,36,2017-09-10,1.5454545454545454
UT,2018,2,37,2017-09-17,4.181818181818182
UT,2018,3,38,2017-09-24,5.181818181818182
UT,2018,4,39,2017-10-01,7.818181818181818
UT,2018,5,40,2017-10-08,11.727272727272727
UT,2018,6,41,2017-10-15,12.818181818181818
UT,2018,7,42,2017-10-22,14.363636363636363
UT,2018,8,43,2017-10-29,16.0
UT,2018,9,44,2017-11-05,16.545454545454547
UT,2018,10,45,2017-11-12,17.454545454545453
UT,2018,36,19,2018-05-13,17.454545454545453
UT,2018,37,20,2018-05-20,17.818181818181817
UT,2018,38,21,2018-05-27,18.818181818181817
UT,2018,39,22,2018-06-03,21.0
UT,2018,40,23,2018-06-10,23.636363636363637
UT,2018,41,24,2018-06-17,25.272727272727273
UT,2018,42,25,2018-06-24,26.181818181818183
UT,2018,43,26,2018-07-01,26.272727272727273
UT,2018,44,27,2018-07-08,26.454545454545453
UT,2018,45,28,2018-07-15,27.363636363636363
UT,2018,46,29,2018-07-22,30.0
UT,2018,47,30,2018-07-29,31.727272727272727
UT,2018,48,31,2018-08-05,32.72727272727273
UT,2018,49,32,2018-08-12,34.63636363636363
UT,2018,50,33,2018-08-19,35.09090909090909
UT,2018,51,34,2018-08-26,26.454545454545453
UT,2018,52,35,2018-09-02,26.818181818181817
UT,2019,1,36,2018-09-09,1.0
UT,2019,2,37,2018-09-16,1.8181818181818181
UT,2019,3,38,2018-09-23,2.727272727272727
UT,2019,4,39,2018-09-30,4.181818181818182
UT,2019,5,40,2018-10-07,5.2727272727272725
UT,2019,6,41,2018-10-14,6.818181818181818
UT,2019,7,42,2018-10-21,8.0
UT,2019,8,43,2018-10-28,11.454545454545455
UT,2019,9,44,2018-11-04,13.181818181818182
UT,2019,10,45,2018-11-11,14.181818181818182
UT,2019,11,46,2018-11-18,15.272727272727273
UT,2019,12,47,2018-11-25,16.09090909090909
UT,2019,35,18,2019-05-05,16.09090909090909
UT,2019,36,19,2019-05-12,16.09090909090909
UT,2019,37,20,2019-05-19,16.272727272727273
UT,2019,38,21,2019-05-26,16.818181818181817
UT,2019,39,22,2019-06-02,17.454545454545453
UT,2019,40,23,2019-06-09,19.181818181818183
UT,2019,41,24,2019-06-16,21.363636363636363
UT,2019,42,25,2019-06-23,23.272727272727273
UT,2019,43,26,2019-06-30,24.727272727272727
UT,2019,44,27,2019-07-07,24.818181818181817
UT,2019,45,28,2019-07-14,25.181818181818183
UT,2019,46,29,2019-07-21,25.636363636363637
UT,2019,47,30,2019-07-28,25.90909090909091
UT,2019,48,31,2019-08-04,28.545454545454547
UT,2019,49,32,2019-08-11,30.636363636363637
UT,2019,50,33,2019-08-18,32.18181818181818
UT,2019,51,34,2019-08-25,32.54545454545455
UT,2019,52,35,2019-09-01,33.18181818181818
UT,2020,1,36,2019-09-08,8.727272727272727
UT,2020,3,38,2019-09-22,10.363636363636363
UT,2020,4,39,2019-09-29,12.272727272727273
UT,2020,5,40,2019-10-06,13.909090909090908
UT,2020,6,41,2019-10-13,17.818181818181817
UT,2020,7,42,2019-10-20,20.272727272727273
UT,2020,8,43,2019-10-27,21.272727272727273
UT,2020,9,44,2019-11-03,22.636363636363637
UT,2020,10,45,2019-11-10,23.818181818181817
UT,2020,11,46,2019-11-17,24.363636363636363
UT,2020,12,47,2019-11-24,25.181818181818183
UT,2020,35,18,2020-05-03,25.181818181818183
UT,2020,36,19,2020-05-10,25.181818181818183
UT,2020,37,20,2020-05-17,25.727272727272727
UT,2020,38,21,2020-05-24,27.09090909090909
UT,2020,39,22,2020-05-31,28.727272727272727
UT,2020,40,23,2020-06-07,29.545454545454547
UT,2020,41,24,2020-06-14,31.545454545454547
UT,2020,42,25,2020-06-21,32.63636363636363
UT,2020,43,26,2020-06-28,24.636363636363637
UT,2020,44,27,2020-07-05,25.0
UT,2020,45,28,2020-07-12,25.272727272727273
UT,2020,46,29,2020-07-19,25.545454545454547
UT,2020,47,30,2020-07-26,27.09090909090909
UT,2020,48,31,2020-08-02,27.818181818181817
UT,2020,49,32,2020-08-09,30.0
UT,2020,50,33,2020-08-16,31.545454545454547
UT,2020,51,34,2020-08-23,32.45454545454545
UT,2020,52,35,2020-08-30,33.09090909090909
UT,2021,1,36,2020-09-06,8.636363636363637
UT,2021,3,38,2020-09-20,10.363636363636363
UT,2021,4,39,2020-09-27,12.181818181818182
UT,2021,5,40,2020-10-04,15.818181818181818
UT,2021,6,41,2020-10-11,18.0
UT,2021,7,42,2020-10-18,19.0
UT,2021,8,43,2020-10-25,21.272727272727273
UT,2021,9,44,2020-11-01,22.09090909090909
UT,2021,10,45,2020-11-08,22.818181818181817
UT,2021,11,46,2020-11-15,23.818181818181817
UT,2021,12,47,2020-11-22,24.363636363636363
UT,2021,13,48,2020-11-29,24.727272727272727
UT,2021,35,18,2021-05-09,24.727272727272727
UT,2021,36,19,2021-05-16,25.0
UT,2021,37,20,2021-05-23,25.545454545454547
UT,2021,38,21,2021-05-30,27.272727272727273
UT,2021,39,22,2021-06-06,29.727272727272727
UT,2021,40,23,2021-06-13,31.272727272727273
UT,2021,41,24,2021-06-20,32.63636363636363
UT,2021,42,25,2021-06-27,24.90909090909091
UT,2021,43,26,2021-07-04,25.09090909090909
UT,2021,44,27,2021-07-11,25.09090909090909
UT,2021,45,28,2021-07-18,26.272727272727273
UT,2021,46,29,2021-07-25,28.0
UT,2021,47,30,2021-08-01,29.727272727272727
UT,2021,48,31,2021-08-08,31.636363636363637
UT,2021,49,32,2021-08-15,32.45454545454545
UT,2021,50,33,2021-08-22,33.0
UT,2021,51,34,2021-08-29,33.54545454545455
UT,2022,1,36,2021-09-12,1.1818181818181819
UT,2022,2,37,2021-09-19,2.909090909090909
UT,2022,3,38,2021-09-26,5.818181818181818
UT,2022,4,39,2021-10-03,8.545454545454545
UT,2022,5,40,2021-10-10,9.363636363636363
UT,2022,6,41,2021-10-17,10.636363636363637
UT,2022,7,42,2021-10-24,11.363636363636363
UT,2022,8,43,2021-10-31,12.272727272727273
UT,2022,9,44,2021-11-07,13.181818181818182
UT,2022,10,45,2021-11-14,14.0
UT,2022,11,46,2021-11-21,15.454545454545455
UT,2022,12,47,2021-11-28,15.909090909090908
UT,2022,34,17,2022-05-01,15.909090909090908
UT,2022,35,18,2022-05-08,15.909090909090908
UT,2022,36,19,2022-05-15,16.181818181818183
UT,2022,37,20,2022-05-22,17.181818181818183
UT,2022,38,21,2022-05-29,19.272727272727273
UT,2022,39,22,2022-06-05,21.0
UT,2022,40,23,2022-06-12,22.545454545454547
UT,2022,41,24,2022-06-19,24.181818181818183
UT,2022,42,25,2022-06-26,24.727272727272727
UT,2022,43,26,2022-07-03,24.727272727272727
UT,2022,44,27,2022-07-10,25.0
UT,2022,45,28,2022-07-17,26.0
UT,2022,46,29,2022-07-24,26.90909090909091
UT,2022,47,30,2022-07-31,28.818181818181817
UT,2022,48,31,2022-08-07,29.818181818181817
UT,2022,49,32,2022-08-14,30.636363636363637
UT,2022,50,33,2022-08-21,31.09090909090909
UT,2022,51,34,2022-08-28,31.636363636363637
UT,2022,52,35,2022-09-04,32.18181818181818
UT,2023,1,36,2022-09-11,10.636363636363637
UT,2023,2,37,2022-09-18,12.818181818181818
UT,2023,3,38,2022-09-25,14.363636363636363
UT,2023,4,39,2022-10-02,18.0
UT,2023,5,40,2022-10-09,19.454545454545453
UT,2023,6,41,2022-10-16,21.272727272727273
UT,2023,7,42,2022-10-23,21.818181818181817
UT,2023,8,43,2022-10-30,23.363636363636363
UT,2023,9,44,2022-11-06,24.636363636363637
UT,2023,10,45,2022-11-13,25.181818181818183
UT,2023,11,46,2022-11-20,25.90909090909091
UT,2023,35,18,2023-05-07,25.90909090909091
UT,2023,36,19,2023-05-14,25.90909090909091
UT,2023,37,20,2023-05-21,25.90909090909091
UT,2023,38,21,2023-05-28,26.363636363636363
UT,2023,39,22,2023-06-04,28.181818181818183
UT,2023,40,23,2023-06-11,30.545454545454547
UT,2023,41,24,2023-06-18,32.09090909090909
UT,2023,42,25,2023-06-25,33.63636363636363
UT,2023,43,26,2023-07-02,26.363636363636363
UT,2023,44,27,2023-07-09,26.454545454545453
UT,2023,45,28,2023-07-16,26.545454545454547
UT,2023,46,29,2023-07-23,26.636363636363637
UT,2023,47,30,2023-07-30,27.09090909090909
UT,2023,48,31,2023-08-06,29.272727272727273
UT,2023,49,32,2023-08-13,31.181818181818183
UT,2023,50,33,2023-08-20,33.45454545454545
UT,2023,51,34,2023-08-27,34.18181818181818
UT,2023,52,35,2023-09-03,26.90909090909091
UT,2024,1,36,2023-09-10,2.3636363636363638
UT,2024,2,37,2023-09-17,6.090909090909091
UT,2024,3,38,2023-09-24,8.818181818181818
UT,2024,4,39,2023-10-01,11.545454545454545
UT,2024,5,40,2023-10-08,13.818181818181818
UT,2024,6,41,2023-10-15,15.272727272727273
UT,2024,7,42,2023-10-22,16.454545454545453
UT,2024,8,43,2023-10-29,16.90909090909091
UT,2024,9,44,2023-11-05,17.272727272727273
UT,2024,35,18,2024-05-05,17.636363636363637
UT,2024,36,19,2024-05-12,17.818181818181817
UT,2024,37,20,2024-05-19,18.0
UT,2024,38,21,2024-05-26,18.363636363636363
UT,2024,39,22,2024-06-02,19.09090909090909
UT,2024,40,23,2024-06-09,21.727272727272727
UT,2024,41,24,2024-06-16,25.181818181818183
UT,2024,42,25,2024-06-23,26.181818181818183
UT,2024,43,26,2024-06-30,26.181818181818183
UT,2024,44,27,2024-07-07,26.363636363636363
UT,2024,45,28,2024-07-14,26.454545454545453
UT,2024,46,29,2024-07-21,27.181818181818183
UT,2024,47,30,2024-07-28,29.454545454545453
UT,2024,48,31,2024-08-04,30.818181818181817
UT,2024,49,32,2024-08-11,32.0
UT,2024,50,33,2024-08-18,33.09090909090909
UT,2024,51,34,2024-08-25,34.09090909090909
UT,2024,52,35,2024-09-01,25.727272727272727
UT,2025,1,36,2024-09-08,8.818181818181818
UT,2025,2,37,2024-09-15,9.545454545454545
UT,2025,3,38,2024-09-22,12.454545454545455
UT,2025,4,39,2024-09-29,13.636363636363637
UT,2025,5,40,2024-10-06,16.90909090909091
UT,2025,6,41,2024-10-13,18.818181818181817
UT,2025,7,42,2024-10-20,21.90909090909091
UT,2025,8,43,2024-10-27,22.90909090909091
UT,2025,9,44,2024-11-03,24.0
UT,2025,10,45,2024-11-10,24.636363636363637
UT,2025,11,46,2024-11-17,25.363636363636363
UT,2025,12,47,2024-11-24,25.636363636363637
UT,2025,36,19,2025-05-11,25.636363636363637
UT,2025,37,20,2025-05-18,25.636363636363637
UT,2025,38,21,2025-05-25,25.727272727272727
UT,2025,39,22,2025-06-01,27.90909090909091
UT,2025,40,23,2025-06-08,30.545454545454547
UT,2025,41,24,2025-06-15,32.81818181818182
UT,2025,42,25,2025-06-22,24.727272727272727
UT,2025,43,26,2025-06-29,25.636363636363637
UT,2025,44,27,2025-07-06,25.636363636363637
UT,2025,45,28,2025-07-13,25.727272727272727
UT,2025,46,29,2025-07-20,27.818181818181817
UT,2025,47,30,2025-07-27,28.727272727272727
UT,2025,48,31,2025-08-03,29.09090909090909
UT,2025,49,32,2025-08-10,29.363636363636363
UT,2025,50,33,2025-08-17,31.181818181818183
UT,2025,51,34,2025-08-24,33.63636363636363
UT,2025,52,35,2025-08-31,25.818181818181817
UT,2026,1,36,2025-09-07,0.2727272727272727
UT,2026,2,37,2025-09-14,0.36363636363636365
UT,2026,3,38,2025-09-21,0.6363636363636364
UT,2026,4,39,2025-09-28,2.0
UT,2026,11,46,2025-11-16,9.272727272727273
UT,2026,12,47,2025-11-23,10.181818181818182
VA,2016,3,38,2015-09-20,0.36363636363636365
VA,2016,4,39,2015-09-27,0.6363636363636364
VA,2016,5,40,2015-10-04,0.8181818181818182
VA,2016,6,41,2015-10-11,1.3636363636363635
VA,2016,7,42,2015-10-18,2.1818181818181817
VA,2016,8,43,2015-10-25,3.6363636363636362
VA,2016,9,44,2015-11-01,4.7272727272727275
VA,2016,10,45,2015-11-08,5.7272727272727275
VA,2016,11,46,2015-11-15,6.454545454545454
VA,2016,12,47,2015-11-22,7.454545454545454
VA,2016,13,48,2015-11-29,7.909090909090909
VA,2016,31,14,2016-04-10,7.909090909090909
VA,2016,32,15,2016-04-17,7.909090909090909
VA,2016,33,16,2016-04-24,9.363636363636363
VA,2016,34,17,2016-05-01,12.0
VA,2016,35,18,2016-05-08,14.909090909090908
VA,2016,36,19,2016-05-15,15.636363636363637
VA,2016,37,20,2016-05-22,16.181818181818183
VA,2016,38,21,2016-05-29,16.545454545454547
VA,2016,39,22,2016-06-05,16.818181818181817
VA,2016,40,23,2016-06-12,17.363636363636363
VA,2016,41,24,2016-06-19,18.363636363636363
VA,2016,42,25,2016-06-26,20.818181818181817
VA,2016,43,26,2016-07-03,22.272727272727273
VA,2016,44,27,2016-07-10,24.0
VA,2016,45,28,2016-07-17,24.90909090909091
VA,2016,46,29,2016-07-24,25.181818181818183
VA,2017,2,37,2016-09-18,0.0
VA,2017,3,38,2016-09-25,0.09090909090909091
VA,2017,4,39,2016-10-02,0.5454545454545454
VA,2017,5,40,2016-10-09,1.0
VA,2017,6,41,2016-10-16,1.8181818181818181
VA,2017,7,42,2016-10-23,3.1818181818181817
VA,2017,8,43,2016-10-30,4.181818181818182
VA,2017,9,44,2016-11-06,5.2727272727272725
VA,2017,10,45,2016-11-13,6.363636363636363
VA,2017,11,46,2016-11-20,7.363636363636363
VA,2017,12,47,2016-11-27,8.0
VA,2017,31,14,2017-04-09,8.181818181818182
VA,2017,32,15,2017-04-16,9.090909090909092
VA,2017,33,16,2017-04-23,11.0
VA,2017,34,17,2017-04-30,12.909090909090908
VA,2017,35,18,2017-05-07,15.454545454545455
VA,2017,36,19,2017-05-14,15.727272727272727
VA,2017,37,20,2017-05-21,16.545454545454547
VA,2017,38,21,2017-05-28,16.90909090909091
VA,2017,39,22,2017-06-04,17.181818181818183
VA,2017,40,23,2017-06-11,18.90909090909091
VA,2017,41,24,2017-06-18,21.545454545454547
VA,2017,42,25,2017-06-25,22.90909090909091
VA,2017,43,26,2017-07-02,24.272727272727273
VA,2017,44,27,2017-07-09,25.363636363636363
VA,2017,45,28,2017-07-16,25.818181818181817
VA,2018,2,37,2017-09-17,0.0
VA,2018,3,38,2017-09-24,0.36363636363636365
VA,2018,4,39,2017-10-01,0.9090909090909091
VA,2018,5,40,2017-10-08,1.6363636363636365
VA,2018,6,41,2017-10-15,2.4545454545454546
VA,2018,7,42,2017-10-22,3.4545454545454546
VA,2018,8,43,2017-10-29,4.545454545454546
VA,2018,9,44,2017-11-05,5.454545454545454
VA,2018,10,45,2017-11-12,6.2727272727272725
VA,2018,11,46,2017-11-19,7.454545454545454
VA,2018,12,47,2017-11-26,8.454545454545455
VA,2018,31,14,2018-04-08,8.545454545454545
VA,2018,32,15,2018-04-15,8.727272727272727
VA,2018,33,16,2018-04-22,9.636363636363637
VA,2018,34,17,2018-04-29,11.090909090909092
VA,2018,35,18,2018-05-06,13.090909090909092
VA,2018,36,19,2018-05-13,15.181818181818182
VA,2018,37,20,2018-05-20,16.727272727272727
VA,2018,38,21,2018-05-27,17.181818181818183
VA,2018,39,22,2018-06-03,17.272727272727273
VA,2018,40,23,2018-06-10,18.181818181818183
VA,2018,41,24,2018-06-17,19.90909090909091
VA,2018,42,25,2018-06-24,22.0
VA,2018,43,26,2018-07-01,23.818181818181817
VA,2018,44,27,2018-07-08,25.272727272727273
VA,2018,45,28,2018-07-15,26.0
VA,2019,2,37,2018-09-16,0.09090909090909091
VA,2019,3,38,2018-09-23,0.45454545454545453
VA,2019,4,39,2018-09-30,0.8181818181818182
VA,2019,5,40,2018-10-07,1.1818181818181819
VA,2019,6,41,2018-10-14,2.0
VA,2019,7,42,2018-10-21,2.909090909090909
VA,2019,8,43,2018-10-28,4.0
VA,2019,9,44,2018-11-04,5.181818181818182
VA,2019,10,45,2018-11-11,6.0
VA,2019,11,46,2018-11-18,6.454545454545454
VA,2019,12,47,2018-11-25,7.090909090909091
VA,2019,31,14,2019-04-07,7.090909090909091
VA,2019,32,15,2019-04-14,7.454545454545454
VA,2019,33,16,2019-04-21,7.909090909090909
VA,2019,34,17,2019-04-28,9.272727272727273
VA,2019,35,18,2019-05-05,12.090909090909092
VA,2019,36,19,2019-05-12,13.909090909090908
VA,2019,37,20,2019-05-19,14.818181818181818
VA,2019,38,21,2019-05-26,15.545454545454545
VA,2019,39,22,2019-06-02,16.09090909090909
VA,2019,40,23,2019-06-09,16.90909090909091
VA,2019,41,24,2019-06-16,19.0
VA,2019,42,25,2019-06-23,21.181818181818183
VA,2019,43,26,2019-06-30,23.181818181818183
VA,2019,44,27,2019-07-07,24.181818181818183
VA,2019,45,28,2019-07-14,24.636363636363637
VA,2020,2,37,2019-09-15,0.18181818181818182
VA,2020,3,38,2019-09-22,1.3636363636363635
VA,2020,4,39,2019-09-29,2.090909090909091
VA,2020,5,40,2019-10-06,3.090909090909091
VA,2020,6,41,2019-10-13,4.0
VA,2020,7,42,2019-10-20,4.636363636363637
VA,2020,8,43,2019-10-27,5.2727272727272725
VA,2020,9,44,2019-11-03,6.454545454545454
VA,2020,10,45,2019-11-10,7.454545454545454
VA,2020,11,46,2019-11-17,8.181818181818182
VA,2020,12,47,2019-11-24,8.636363636363637
VA,2020,32,15,2020-04-12,9.0
VA,2020,33,16,2020-04-19,10.545454545454545
VA,2020,34,17,2020-04-26,12.727272727272727
VA,2020,35,18,2020-05-03,14.636363636363637
VA,2020,36,19,2020-05-10,16.454545454545453
VA,2020,37,20,2020-05-17,17.09090909090909
VA,2020,38,21,2020-05-24,17.454545454545453
VA,2020,39,22,2020-05-31,17.818181818181817
VA,2020,40,23,2020-06-07,18.545454545454547
VA,2020,41,24,2020-06-14,19.727272727272727
VA,2020,42,25,2020-06-21,21.09090909090909
VA,2020,43,26,2020-06-28,23.09090909090909
VA,2020,44,27,2020-07-05,25.09090909090909
VA,2020,45,28,2020-07-12,26.272727272727273
VA,2021,2,37,2020-09-13,0.09090909090909091
VA,2021,3,38,2020-09-20,0.9090909090909091
VA,2021,4,39,2020-09-27,1.7272727272727273
VA,2021,5,40,2020-10-04,2.4545454545454546
VA,2021,6,41,2020-10-11,3.090909090909091
VA,2021,7,42,2020-10-18,3.8181818181818183
VA,2021,8,43,2020-10-25,4.454545454545454
VA,2021,9,44,2020-11-01,5.090909090909091
VA,2021,10,45,2020-11-08,6.0
VA,2021,11,46,2020-11-15,7.181818181818182
VA,2021,12,47,2020-11-22,8.090909090909092
VA,2021,13,48,2020-11-29,8.545454545454545
VA,2021,31,14,2021-04-11,8.545454545454545
VA,2021,32,15,2021-04-18,9.181818181818182
VA,2021,33,16,2021-04-25,10.545454545454545
VA,2021,34,17,2021-05-02,12.0
VA,2021,35,18,2021-05-09,14.545454545454545
VA,2021,36,19,2021-05-16,15.818181818181818
VA,2021,37,20,2021-05-23,16.545454545454547
VA,2021,38,21,2021-05-30,17.636363636363637
VA,2021,39,22,2021-06-06,18.0
VA,2021,40,23,2021-06-13,19.09090909090909
VA,2021,41,24,2021-06-20,20.454545454545453
VA,2021,42,25,2021-06-27,23.0
VA,2021,43,26,2021-07-04,24.272727272727273
VA,2021,44,27,2021-07-11,25.181818181818183
VA,2021,45,28,2021-07-18,26.09090909090909
VA,2022,1,36,2021-09-12,0.0
VA,2022,2,37,2021-09-19,0.45454545454545453
VA,2022,3,38,2021-09-26,1.5454545454545454
VA,2022,4,39,2021-10-03,2.272727272727273
VA,2022,5,40,2021-10-10,2.6363636363636362
VA,2022,6,41,2021-10-17,3.4545454545454546
VA,2022,7,42,2021-10-24,4.0
VA,2022,8,43,2021-10-31,5.181818181818182
VA,2022,9,44,2021-11-07,6.2727272727272725
VA,2022,10,45,2021-11-14,7.181818181818182
VA,2022,11,46,2021-11-21,8.454545454545455
VA,2022,12,47,2021-11-28,8.909090909090908
VA,2022,31,14,2022-04-10,8.909090909090908
VA,2022,32,15,2022-04-17,10.0
VA,2022,33,16,2022-04-24,11.545454545454545
VA,2022,34,17,2022-05-01,13.909090909090908
VA,2022,35,18,2022-05-08,15.636363636363637
VA,2022,36,19,2022-05-15,17.0
VA,2022,37,20,2022-05-22,17.545454545454547
VA,2022,38,21,2022-05-29,17.545454545454547
VA,2022,39,22,2022-06-05,18.272727272727273
VA,2022,40,23,2022-06-12,19.818181818181817
VA,2022,41,24,2022-06-19,21.818181818181817
VA,2022,42,25,2022-06-26,24.0
VA,2022,43,26,2022-07-03,26.0
VA,2022,44,27,2022-07-10,26.454545454545453
VA,2023,1,36,2022-09-11,0.5454545454545454
VA,2023,2,37,2022-09-18,1.2727272727272727
VA,2023,3,38,2022-09-25,2.3636363636363638
VA,2023,4,39,2022-10-02,3.1818181818181817
VA,2023,5,40,2022-10-09,4.090909090909091
VA,2023,6,41,2022-10-16,4.7272727272727275
VA,2023,7,42,2022-10-23,5.454545454545454
VA,2023,8,43,2022-10-30,6.2727272727272725
VA,2023,9,44,2022-11-06,7.454545454545454
VA,2023,10,45,2022-11-13,8.363636363636363
VA,2023,11,46,2022-11-20,8.818181818181818
VA,2023,30,13,2023-04-02,8.909090909090908
VA,2023,31,14,2023-04-09,9.272727272727273
VA,2023,32,15,2023-04-16,10.272727272727273
VA,2023,33,16,2023-04-23,12.545454545454545
VA,2023,34,17,2023-04-30,15.0
VA,2023,35,18,2023-05-07,16.272727272727273
VA,2023,36,19,2023-05-14,17.09090909090909
VA,2023,37,20,2023-05-21,17.545454545454547
VA,2023,38,21,2023-05-28,17.545454545454547
VA,2023,39,22,2023-06-04,17.90909090909091
VA,2023,40,23,2023-06-11,19.09090909090909
VA,2023,41,24,2023-06-18,20.272727272727273
VA,2023,42,25,2023-06-25,22.181818181818183
VA,2023,43,26,2023-07-02,24.181818181818183
VA,2023,44,27,2023-07-09,25.636363636363637
VA,2023,45,28,2023-07-16,26.181818181818183
VA,2024,1,36,2023-09-10,0.0
VA,2024,2,37,2023-09-17,0.7272727272727273
VA,2024,3,38,2023-09-24,1.3636363636363635
VA,2024,4,39,2023-10-01,2.1818181818181817
VA,2024,5,40,2023-10-08,2.8181818181818183
VA,2024,6,41,2023-10-15,3.6363636363636362
VA,2024,7,42,2023-10-22,4.363636363636363
VA,2024,8,43,2023-10-29,5.0
VA,2024,9,44,2023-11-05,6.0
VA,2024,10,45,2023-11-12,6.909090909090909
VA,2024,11,46,2023-11-19,8.181818181818182
VA,2024,12,47,2023-11-26,8.454545454545455
VA,2024,30,13,2024-03-31,8.454545454545455
VA,2024,31,14,2024-04-07,8.727272727272727
VA,2024,32,15,2024-04-14,9.545454545454545
VA,2024,33,16,2024-04-21,11.090909090909092
VA,2024,34,17,2024-04-28,13.454545454545455
VA,2024,35,18,2024-05-05,15.363636363636363
VA,2024,36,19,2024-05-12,16.545454545454547
VA,2024,37,20,2024-05-19,17.0
VA,2024,38,21,2024-05-26,17.0
VA,2024,39,22,2024-06-02,17.636363636363637
VA,2024,40,23,2024-06-09,18.727272727272727
VA,2024,41,24,2024-06-16,20.0
VA,2024,42,25,2024-06-23,22.09090909090909
VA,2024,43,26,2024-06-30,24.545454545454547
VA,2024,44,27,2024-07-07,25.363636363636363
VA,2024,45,28,2024-07-14,25.90909090909091
VA,2025,1,36,2024-09-08,0.09090909090909091
VA,2025,2,37,2024-09-15,0.8181818181818182
VA,2025,3,38,2024-09-22,1.5454545454545454
VA,2025,4,39,2024-09-29,2.4545454545454546
VA,2025,5,40,2024-10-06,3.090909090909091
VA,2025,6,41,2024-10-13,4.0
VA,2025,7,42,2024-10-20,4.7272727272727275
VA,2025,8,43,2024-10-27,5.636363636363637
VA,2025,9,44,2024-11-03,6.545454545454546
VA,2025,10,45,2024-11-10,7.545454545454546
VA,2025,11,46,2024-11-17,8.454545454545455
VA,2025,12,47,2024-11-24,8.818181818181818
VA,2025,31,14,2025-04-06,8.818181818181818
VA,2025,32,15,2025-04-13,9.363636363636363
VA,2025,33,16,2025-04-20,10.545454545454545
VA,2025,34,17,2025-04-27,13.090909090909092
VA,2025,35,18,2025-05-04,15.545454545454545
VA,2025,36,19,2025-05-11,16.727272727272727
VA,2025,37,20,2025-05-18,17.181818181818183
VA,2025,38,21,2025-05-25,17.545454545454547
VA,2025,39,22,2025-06-01,18.09090909090909
VA,2025,40,23,2025-06-08,19.181818181818183
VA,2025,41,24,2025-06-15,20.545454545454547
VA,2025,42,25,2025-06-22,22.727272727272727
VA,2025,43,26,2025-06-29,24.727272727272727
VA,2025,44,27,2025-07-06,26.0
VA,2025,45,28,2025-07-13,26.272727272727273
VA,2026,2,37,2025-09-14,0.0
VA,2026,3,38,2025-09-21,0.6363636363636364
VA,2026,4,39,2025-09-28,1.5454545454545454
VA,2026,11,46,2025-11-16,7.545454545454546
VA,2026,12,47,2025-11-23,8.545454545454545
WA,2016,3,38,2015-09-20,7.2727272727272725
WA,2016,4,39,2015-09-27,8.727272727272727
WA,2016,5,40,2015-10-04,10.363636363636363
WA,2016,6,41,2015-10-11,12.727272727272727
WA,2016,7,42,2015-10-18,13.090909090909092
WA,2016,8,43,2015-10-25,15.181818181818182
WA,2016,9,44,2015-11-01,15.727272727272727
WA,2016,10,45,2015-11-08,16.272727272727273
WA,2016,11,46,2015-11-15,16.545454545454547
WA,2016,12,47,2015-11-22,16.818181818181817
WA,2016,13,48,2015-11-29,17.0
WA,2016,30,13,2016-04-03,17.0
WA,2016,31,14,2016-04-10,17.0
WA,2016,32,15,2016-04-17,17.09090909090909
WA,2016,33,16,2016-04-24,17.454545454545453
WA,2016,34,17,2016-05-01,18.272727272727273
WA,2016,35,18,2016-05-08,19.272727272727273
WA,2016,36,19,2016-05-15,20.545454545454547
WA,2016,37,20,2016-05-22,21.818181818181817
WA,2016,38,21,2016-05-29,23.90909090909091
WA,2016,39,22,2016-06-05,24.90909090909091
WA,2016,40,23,2016-06-12,25.818181818181817
WA,2016,41,24,2016-06-19,25.818181818181817
WA,2016,42,25,2016-06-26,25.90909090909091
WA,2016,43,26,2016-07-03,26.0
WA,2016,44,27,2016-07-10,26.181818181818183
WA,2016,45,28,2016-07-17,26.727272727272727
WA,2016,46,29,2016-07-24,27.90909090909091
WA,2016,47,30,2016-07-31,29.545454545454547
WA,2016,48,31,2016-08-07,31.0
WA,2016,49,32,2016-08-14,32.54545454545455
WA,2016,50,33,2016-08-21,33.81818181818182
WA,2016,51,34,2016-08-28,34.45454545454545
WA,2017,1,36,2016-09-11,3.6363636363636362
WA,2017,2,37,2016-09-18,5.818181818181818
WA,2017,3,38,2016-09-25,9.090909090909092
WA,2017,4,39,2016-10-02,11.454545454545455
WA,2017,5,40,2016-10-09,13.181818181818182
WA,2017,6,41,2016-10-16,14.272727272727273
WA,2017,7,42,2016-10-23,14.545454545454545
WA,2017,8,43,2016-10-30,15.0
WA,2017,9,44,2016-11-06,15.545454545454545
WA,2017,10,45,2016-11-13,16.272727272727273
WA,2017,11,46,2016-11-20,17.181818181818183
WA,2017,12,47,2016-11-27,17.454545454545453
WA,2017,31,14,2017-04-09,17.454545454545453
WA,2017,32,15,2017-04-16,17.454545454545453
WA,2017,33,16,2017-04-23,17.454545454545453
WA,2017,34,17,2017-04-30,17.454545454545453
WA,2017,35,18,2017-05-07,17.545454545454547
WA,2017,36,19,2017-05-14,18.0
WA,2017,37,20,2017-05-21,18.727272727272727
WA,2017,38,21,2017-05-28,20.90909090909091
WA,2017,39,22,2017-06-04,21.90909090909091
WA,2017,40,23,2017-06-11,24.09090909090909
WA,2017,41,24,2017-06-18,25.09090909090909
WA,2017,42,25,2017-06-25,26.272727272727273
WA,2017,43,26,2017-07-02,26.545454545454547
WA,2017,44,27,2017-07-09,26.636363636363637
WA,2017,45,28,2017-07-16,27.0
WA,2017,46,29,2017-07-23,27.90909090909091
WA,2017,47,30,2017-07-30,29.09090909090909
WA,2017,48,31,2017-08-06,31.181818181818183
WA,2017,49,32,2017-08-13,33.0
WA,2017,50,33,2017-08-20,34.36363636363637
WA,2017,51,34,2017-08-27,26.09090909090909
WA,2017,52,35,2017-09-03,26.454545454545453
WA,2018,1,36,2017-09-10,1.4545454545454546
WA,2018,2,37,2017-09-17,3.909090909090909
WA,2018,3,38,2017-09-24,6.545454545454546
WA,2018,4,39,2017-10-01,9.545454545454545
WA,2018,5,40,2017-10-08,11.818181818181818
WA,2018,6,41,2017-10-15,12.545454545454545
WA,2018,7,42,2017-10-22,14.727272727272727
WA,2018,8,43,2017-10-29,14.909090909090908
WA,2018,9,44,2017-11-05,16.454545454545453
WA,2018,10,45,2017-11-12,17.636363636363637
WA,2018,11,46,2017-11-19,17.818181818181817
WA,2018,12,47,2017-11-26,17.90909090909091
WA,2018,31,14,2018-04-08,17.90909090909091
WA,2018,32,15,2018-04-15,17.90909090909091
WA,2018,33,16,2018-04-22,17.90909090909091
WA,2018,34,17,2018-04-29,17.90909090909091
WA,2018,35,18,2018-05-06,18.272727272727273
WA,2018,36,19,2018-05-13,18.363636363636363
WA,2018,37,20,2018-05-20,21.09090909090909
WA,2018,38,21,2018-05-27,22.0
WA,2018,39,22,2018-06-03,24.272727272727273
WA,2018,40,23,2018-06-10,25.818181818181817
WA,2018,41,24,2018-06-17,26.545454545454547
WA,2018,42,25,2018-06-24,26.545454545454547
WA,2018,43,26,2018-07-01,26.545454545454547
WA,2018,44,27,2018-07-08,26.636363636363637
WA,2018,45,28,2018-07-15,27.272727272727273
WA,2018,46,29,2018-07-22,28.0
WA,2018,47,30,2018-07-29,29.09090909090909
WA,2018,48,31,2018-08-05,31.0
WA,2018,49,32,2018-08-12,32.90909090909091
WA,2018,50,33,2018-08-19,34.18181818181818
WA,2018,51,34,2018-08-26,35.09090909090909
WA,2018,52,35,2018-09-02,27.363636363636363
WA,2019,1,36,2018-09-09,2.6363636363636362
WA,2019,2,37,2018-09-16,5.181818181818182
WA,2019,3,38,2018-09-23,8.363636363636363
WA,2019,4,39,2018-09-30,9.363636363636363
WA,2019,5,40,2018-10-07,10.454545454545455
WA,2019,6,41,2018-10-14,12.181818181818182
WA,2019,7,42,2018-10-21,13.181818181818182
WA,2019,8,43,2018-10-28,14.363636363636363
WA,2019,9,44,2018-11-04,16.181818181818183
WA,2019,10,45,2018-11-11,16.727272727272727
WA,2019,11,46,2018-11-18,17.0
WA,2019,12,47,2018-11-25,17.272727272727273
WA,2019,31,14,2019-04-07,17.272727272727273
WA,2019,32,15,2019-04-14,17.272727272727273
WA,2019,33,16,2019-04-21,17.272727272727273
WA,2019,34,17,2019-04-28,17.363636363636363
WA,2019,35,18,2019-05-05,17.454545454545453
WA,2019,36,19,2019-05-12,17.545454545454547
WA,2019,37,20,2019-05-19,18.181818181818183
WA,2019,38,21,2019-05-26,19.272727272727273
WA,2019,39,22,2019-06-02,22.09090909090909
WA,2019,40,23,2019-06-09,24.181818181818183
WA,2019,41,24,2019-06-16,25.545454545454547
WA,2019,42,25,2019-06-23,25.90909090909091
WA,2019,43,26,2019-06-30,26.363636363636363
WA,2019,44,27,2019-07-07,26.363636363636363
WA,2019,45,28,2019-07-14,26.454545454545453
WA,2019,46,29,2019-07-21,27.272727272727273
WA,2019,47,30,2019-07-28,28.09090909090909
WA,2019,48,31,2019-08-04,29.545454545454547
WA,2019,49,32,2019-08-11,31.454545454545453
WA,2019,50,33,2019-08-18,32.63636363636363
WA,2019,51,34,2019-08-25,34.0
WA,2019,52,35,2019-09-01,26.545454545454547
WA,2020,1,36,2019-09-08,10.181818181818182
WA,2020,2,37,2019-09-15,11.363636363636363
WA,2020,3,38,2019-09-22,13.363636363636363
WA,2020,4,39,2019-09-29,15.363636363636363
WA,2020,5,40,2019-10-06,17.454545454545453
WA,2020,6,41,2019-10-13,20.09090909090909
WA,2020,7,42,2019-10-20,22.454545454545453
WA,2020,8,43,2019-10-27,23.545454545454547
WA,2020,9,44,2019-11-03,24.454545454545453
WA,2020,10,45,2019-11-10,25.0
WA,2020,11,46,2019-11-17,25.181818181818183
WA,2020,12,47,2019-11-24,25.90909090909091
WA,2020,32,15,2020-04-12,25.90909090909091
WA,2020,33,16,2020-04-19,25.90909090909091
WA,2020,34,17,2020-04-26,25.90909090909091
WA,2020,35,18,2020-05-03,26.363636363636363
WA,2020,36,19,2020-05-10,26.727272727272727
WA,2020,37,20,2020-05-17,27.727272727272727
WA,2020,38,21,2020-05-24,28.454545454545453
WA,2020,39,22,2020-05-31,22.272727272727273
WA,2020,40,23,2020-06-07,23.818181818181817
WA,2020,41,24,2020-06-14,25.272727272727273
WA,2020,42,25,2020-06-21,26.0
WA,2020,43,26,2020-06-28,26.0
WA,2020,44,27,2020-07-05,26.09090909090909
WA,2020,45,28,2020-07-12,26.181818181818183
WA,2020,46,29,2020-07-19,26.454545454545453
WA,2020,47,30,2020-07-26,27.727272727272727
WA,2020,48,31,2020-08-02,29.0
WA,2020,49,32,2020-08-09,31.0
WA,2020,50,33,2020-08-16,32.63636363636363
WA,2020,51,34,2020-08-23,24.90909090909091
WA,2020,52,35,2020-08-30,26.454545454545453
WA,2021,1,36,2020-09-06,11.545454545454545
WA,2021,2,37,2020-09-13,12.636363636363637
WA,2021,3,38,2020-09-20,14.545454545454545
WA,2021,4,39,2020-09-27,16.90909090909091
WA,2021,5,40,2020-10-04,20.454545454545453
WA,2021,6,41,2020-10-11,20.818181818181817
WA,2021,7,42,2020-10-18,22.545454545454547
WA,2021,8,43,2020-10-25,23.545454545454547
WA,2021,9,44,2020-11-01,24.545454545454547
WA,2021,10,45,2020-11-08,25.272727272727273
WA,2021,11,46,2020-11-15,26.272727272727273
WA,2021,12,47,2020-11-22,26.363636363636363
WA,2021,13,48,2020-11-29,26.636363636363637
WA,2021,30,13,2021-04-04,26.636363636363637
WA,2021,31,14,2021-04-11,26.636363636363637
WA,2021,32,15,2021-04-18,26.636363636363637
WA,2021,33,16,2021-04-25,26.636363636363637
WA,2021,34,17,2021-05-02,26.727272727272727
WA,2021,35,18,2021-05-09,26.90909090909091
WA,2021,36,19,2021-05-16,27.545454545454547
WA,2021,37,20,2021-05-23,28.90909090909091
WA,2021,38,21,2021-05-30,31.272727272727273
WA,2021,39,22,2021-06-06,24.272727272727273
WA,2021,40,23,2021-06-13,26.454545454545453
WA,2021,41,24,2021-06-20,26.90909090909091
WA,2021,42,25,2021-06-27,26.90909090909091
WA,2021,43,26,2021-07-04,26.90909090909091
WA,2021,44,27,2021-07-11,27.818181818181817
WA,2021,45,28,2021-07-18,29.636363636363637
WA,2021,46,29,2021-07-25,31.454545454545453
WA,2021,47,30,2021-08-01,33.63636363636363
WA,2021,48,31,2021-08-08,34.54545454545455
WA,2021,49,32,2021-08-15,35.27272727272727
WA,2021,50,33,2021-08-22,27.454545454545453
WA,2021,51,34,2021-08-29,28.454545454545453
WA,2021,52,35,2021-09-05,30.09090909090909
WA,2022,1,36,2021-09-12,4.818181818181818
WA,2022,2,37,2021-09-19,6.7272727272727275
WA,2022,3,38,2021-09-26,8.454545454545455
WA,2022,4,39,2021-10-03,10.636363636363637
WA,2022,5,40,2021-10-10,12.545454545454545
WA,2022,6,41,2021-10-17,13.727272727272727
WA,2022,7,42,2021-10-24,14.909090909090908
WA,2022,8,43,2021-10-31,15.818181818181818
WA,2022,9,44,2021-11-07,16.90909090909091
WA,2022,10,45,2021-11-14,17.454545454545453
WA,2022,11,46,2021-11-21,17.818181818181817
WA,2022,12,47,2021-11-28,18.09090909090909
WA,2022,30,13,2022-04-03,18.09090909090909
WA,2022,31,14,2022-04-10,18.09090909090909
WA,2022,32,15,2022-04-17,18.09090909090909
WA,2022,33,16,2022-04-24,18.09090909090909
WA,2022,34,17,2022-05-01,18.09090909090909
WA,2022,35,18,2022-05-08,18.09090909090909
WA,2022,36,19,2022-05-15,18.272727272727273
WA,2022,37,20,2022-05-22,18.727272727272727
WA,2022,38,21,2022-05-29,19.09090909090909
WA,2022,39,22,2022-06-05,19.545454545454547
WA,2022,40,23,2022-06-12,22.636363636363637
WA,2022,41,24,2022-06-19,24.181818181818183
WA,2022,42,25,2022-06-26,26.0
WA,2022,43,26,2022-07-03,26.90909090909091
WA,2022,44,27,2022-07-10,27.09090909090909
WA,2022,45,28,2022-07-17,27.181818181818183
WA,2022,46,29,2022-07-24,27.363636363636363
WA,2022,47,30,2022-07-31,27.818181818181817
WA,2022,48,31,2022-08-07,29.363636363636363
WA,2022,49,32,2022-08-14,31.0
WA,2022,50,33,2022-08-21,33.54545454545455
WA,2022,51,34,2022-08-28,34.63636363636363
WA,2022,52,35,2022-09-04,26.90909090909091
WA,2023,1,36,2022-09-11,11.272727272727273
WA,2023,2,37,2022-09-18,13.454545454545455
WA,2023,3,38,2022-09-25,16.454545454545453
WA,2023,4,39,2022-10-02,18.0
WA,2023,5,40,2022-10-09,20.363636363636363
WA,2023,6,41,2022-10-16,22.818181818181817
WA,2023,7,42,2022-10-23,24.09090909090909
WA,2023,8,43,2022-10-30,24.818181818181817
WA,2023,9,44,2022-11-06,26.09090909090909
WA,2023,10,45,2022-11-13,26.454545454545453
WA,2023,11,46,2022-11-20,26.636363636363637
WA,2023,12,47,2022-11-27,26.818181818181817
WA,2023,30,13,2023-04-02,26.818181818181817
WA,2023,31,14,2023-04-09,26.818181818181817
WA,2023,32,15,2023-04-16,26.818181818181817
WA,2023,33,16,2023-04-23,26.818181818181817
WA,2023,34,17,2023-04-30,26.818181818181817
WA,2023,35,18,2023-05-07,26.90909090909091
WA,2023,36,19,2023-05-14,27.363636363636363
WA,2023,37,20,2023-05-21,28.454545454545453
WA,2023,38,21,2023-05-28,30.90909090909091
WA,2023,39,22,2023-06-04,23.636363636363637
WA,2023,40,23,2023-06-11,25.272727272727273
WA,2023,41,24,2023-06-18,26.09090909090909
WA,2023,42,25,2023-06-25,26.636363636363637
WA,2023,43,26,2023-07-02,26.636363636363637
WA,2023,44,27,2023-07-09,26.727272727272727
WA,2023,45,28,2023-07-16,27.181818181818183
WA,2023,46,29,2023-07-23,28.454545454545453
WA,2023,47,30,2023-07-30,29.90909090909091
WA,2023,48,31,2023-08-06,31.818181818181817
WA,2023,49,32,2023-08-13,33.0
WA,2023,50,33,2023-08-20,25.636363636363637
WA,2023,51,34,2023-08-27,26.727272727272727
WA,2023,52,35,2023-09-03,27.09090909090909
WA,2024,1,36,2023-09-10,3.0
WA,2024,2,37,2023-09-17,4.2727272727272725
WA,2024,3,38,2023-09-24,6.7272727272727275
WA,2024,4,39,2023-10-01,9.272727272727273
WA,2024,5,40,2023-10-08,11.454545454545455
WA,2024,6,41,2023-10-15,13.454545454545455
WA,2024,7,42,2023-10-22,14.818181818181818
WA,2024,8,43,2023-10-29,15.636363636363637
WA,2024,9,44,2023-11-05,17.272727272727273
WA,2024,10,45,2023-11-12,18.09090909090909
WA,2024,11,46,2023-11-19,18.181818181818183
WA,2024,12,47,2023-11-26,18.181818181818183
WA,2024,30,13,2024-03-31,18.181818181818183
WA,2024,31,14,2024-04-07,18.181818181818183
WA,2024,32,15,2024-04-14,18.181818181818183
WA,2024,33,16,2024-04-21,18.181818181818183
WA,2024,34,17,2024-04-28,18.181818181818183
WA,2024,35,18,2024-05-05,18.272727272727273
WA,2024,36,19,2024-05-12,18.90909090909091
WA,2024,37,20,2024-05-19,21.363636363636363
WA,2024,38,21,2024-05-26,22.363636363636363
WA,2024,39,22,2024-06-02,24.454545454545453
WA,2024,40,23,2024-06-09,25.454545454545453
WA,2024,41,24,2024-06-16,26.363636363636363
WA,2024,42,25,2024-06-23,26.818181818181817
WA,2024,43,26,2024-06-30,26.818181818181817
WA,2024,44,27,2024-07-07,27.0
WA,2024,45,28,2024-07-14,27.272727272727273
WA,2024,46,29,2024-07-21,27.727272727272727
WA,2024,47,30,2024-07-28,29.727272727272727
WA,2024,48,31,2024-08-04,31.09090909090909
WA,2024,49,32,2024-08-11,32.81818181818182
WA,2024,50,33,2024-08-18,25.454545454545453
WA,2024,51,34,2024-08-25,27.09090909090909
WA,2024,52,35,2024-09-01,28.363636363636363
WA,2025,1,36,2024-09-08,3.4545454545454546
WA,2025,2,37,2024-09-15,4.7272727272727275
WA,2025,3,38,2024-09-22,6.909090909090909
WA,2025,4,39,2024-09-29,9.909090909090908
WA,2025,5,40,2024-10-06,12.0
WA,2025,6,41,2024-10-13,14.181818181818182
WA,2025,7,42,2024-10-20,15.636363636363637
WA,2025,8,43,2024-10-27,17.181818181818183
WA,2025,9,44,2024-11-03,17.727272727272727
WA,2025,10,45,2024-11-10,18.09090909090909
WA,2025,11,46,2024-11-17,18.181818181818183
WA,2025,12,47,2024-11-24,18.181818181818183
WA,2025,31,14,2025-04-06,18.181818181818183
WA,2025,32,15,2025-04-13,18.181818181818183
WA,2025,33,16,2025-04-20,18.181818181818183
WA,2025,34,17,2025-04-27,18.181818181818183
WA,2025,35,18,2025-05-04,18.272727272727273
WA,2025,36,19,2025-05-11,18.818181818181817
WA,2025,37,20,2025-05-18,20.09090909090909
WA,2025,38,21,2025-05-25,22.545454545454547
WA,2025,39,22,2025-06-01,24.181818181818183
WA,2025,40,23,2025-06-08,25.454545454545453
WA,2025,41,24,2025-06-15,26.818181818181817
WA,2025,42,25,2025-06-22,27.181818181818183
WA,2025,43,26,2025-06-29,27.181818181818183
WA,2025,44,27,2025-07-06,27.454545454545453
WA,2025,45,28,2025-07-13,27.636363636363637
WA,2025,46,29,2025-07-20,28.818181818181817
WA,2025,47,30,2025-07-27,30.363636363636363
WA,2025,48,31,2025-08-03,32.09090909090909
WA,2025,49,32,2025-08-10,33.45454545454545
WA,2025,50,33,2025-08-17,25.181818181818183
WA,2025,51,34,2025-08-24,27.09090909090909
WA,2025,52,35,2025-08-31,28.363636363636363
WA,2026,1,36,2025-09-07,3.6363636363636362
WA,2026,2,37,2025-09-14,5.7272727272727275
WA,2026,3,38,2025-09-21,8.0
WA,2026,4,39,2025-09-28,9.818181818181818
WA,2026,11,46,2025-11-16,17.90909090909091
WA,2026,12,47,2025-11-23,18.0
WI,2016,1,36,2015-09-06,0.18181818181818182
WI,2016,2,37,2015-09-13,0.6363636363636364
WI,2016,3,38,2015-09-20,1.5454545454545454
WI,2016,4,39,2015-09-27,3.6363636363636362
WI,2016,5,40,2015-10-04,6.454545454545454
WI,2016,6,41,2015-10-11,10.090909090909092
WI,2016,7,42,2015-10-18,12.727272727272727
WI,2016,8,43,2015-10-25,14.909090909090908
WI,2016,9,44,2015-11-01,16.181818181818183
WI,2016,10,45,2015-11-08,17.09090909090909
WI,2016,11,46,2015-11-15,17.727272727272727
WI,2016,12,47,2015-11-22,17.90909090909091
WI,2016,13,48,2015-11-29,18.09090909090909
WI,2016,36,19,2016-05-15,18.09090909090909
WI,2016,37,20,2016-05-22,18.363636363636363
WI,2016,38,21,2016-05-29,20.272727272727273
WI,2016,39,22,2016-06-05,23.363636363636363
WI,2016,40,23,2016-06-12,25.818181818181817
WI,2016,41,24,2016-06-19,29.272727272727273
WI,2016,42,25,2016-06-26,32.09090909090909
WI,2016,43,26,2016-07-03,34.27272727272727
WI,2016,44,27,2016-07-10,35.63636363636363
WI,2016,45,28,2016-07-17,37.0
WI,2016,46,29,2016-07-24,40.09090909090909
WI,2016,47,30,2016-07-31,42.36363636363637
WI,2016,48,31,2016-08-07,44.09090909090909
WI,2016,49,32,2016-08-14,44.63636363636363
WI,2016,50,33,2016-08-21,44.90909090909091
WI,2016,51,34,2016-08-28,36.0
WI,2016,52,35,2016-09-04,36.27272727272727
WI,2017,1,36,2016-09-11,1.0909090909090908
WI,2017,2,37,2016-09-18,2.0
WI,2017,3,38,2016-09-25,2.8181818181818183
WI,2017,4,39,2016-10-02,4.7272727272727275
WI,2017,5,40,2016-10-09,7.181818181818182
WI,2017,6,41,2016-10-16,10.272727272727273
WI,2017,7,42,2016-10-23,13.0
WI,2017,8,43,2016-10-30,14.818181818181818
WI,2017,9,44,2016-11-06,16.181818181818183
WI,2017,10,45,2016-11-13,17.09090909090909
WI,2017,11,46,2016-11-20,17.545454545454547
WI,2017,12,47,2016-11-27,17.90909090909091
WI,2017,34,17,2017-04-30,17.90909090909091
WI,2017,35,18,2017-05-07,17.90909090909091
WI,2017,36,19,2017-05-14,17.90909090909091
WI,2017,37,20,2017-05-21,18.0
WI,2017,38,21,2017-05-28,19.181818181818183
WI,2017,39,22,2017-06-04,20.545454545454547
WI,2017,40,23,2017-06-11,23.727272727272727
WI,2017,41,24,2017-06-18,26.363636363636363
WI,2017,42,25,2017-06-25,29.90909090909091
WI,2017,43,26,2017-07-02,32.54545454545455
WI,2017,44,27,2017-07-09,34.18181818181818
WI,2017,45,28,2017-07-16,35.45454545454545
WI,2017,46,29,2017-07-23,36.81818181818182
WI,2017,47,30,2017-07-30,39.45454545454545
WI,2017,48,31,2017-08-06,42.54545454545455
WI,2017,49,32,2017-08-13,44.09090909090909
WI,2017,50,33,2017-08-20,44.63636363636363
WI,2017,51,34,2017-08-27,44.72727272727273
WI,2017,52,35,2017-09-03,36.0
WI,2018,1,36,2017-09-10,1.0909090909090908
WI,2018,2,37,2017-09-17,2.4545454545454546
WI,2018,3,38,2017-09-24,5.181818181818182
WI,2018,4,39,2017-10-01,7.2727272727272725
WI,2018,5,40,2017-10-08,9.181818181818182
WI,2018,6,41,2017-10-15,11.818181818181818
WI,2018,7,42,2017-10-22,13.818181818181818
WI,2018,8,43,2017-10-29,15.363636363636363
WI,2018,9,44,2017-11-05,16.363636363636363
WI,2018,10,45,2017-11-12,17.09090909090909
WI,2018,11,46,2017-11-19,17.454545454545453
WI,2018,12,47,2017-11-26,17.636363636363637
WI,2018,31,14,2018-04-08,17.636363636363637
WI,2018,32,15,2018-04-15,17.636363636363637
WI,2018,33,16,2018-04-22,17.636363636363637
WI,2018,34,17,2018-04-29,17.636363636363637
WI,2018,35,18,2018-05-06,17.636363636363637
WI,2018,36,19,2018-05-13,17.636363636363637
WI,2018,37,20,2018-05-20,17.636363636363637
WI,2018,38,21,2018-05-27,17.727272727272727
WI,2018,39,22,2018-06-03,19.181818181818183
WI,2018,40,23,2018-06-10,22.181818181818183
WI,2018,41,24,2018-06-17,24.545454545454547
WI,2018,42,25,2018-06-24,26.727272727272727
WI,2018,43,26,2018-07-01,30.636363636363637
WI,2018,44,27,2018-07-08,33.18181818181818
WI,2018,45,28,2018-07-15,35.27272727272727
WI,2018,46,29,2018-07-22,37.81818181818182
WI,2018,47,30,2018-07-29,40.72727272727273
WI,2018,48,31,2018-08-05,42.72727272727273
WI,2018,49,32,2018-08-12,43.63636363636363
WI,2018,50,33,2018-08-19,44.0
WI,2018,51,34,2018-08-26,35.63636363636363
WI,2018,52,35,2018-09-02,35.90909090909091
WI,2019,1,36,2018-09-09,1.3636363636363635
WI,2019,2,37,2018-09-16,2.8181818181818183
WI,2019,3,38,2018-09-23,4.2727272727272725
WI,2019,4,39,2018-09-30,6.2727272727272725
WI,2019,5,40,2018-10-07,7.909090909090909
WI,2019,6,41,2018-10-14,9.818181818181818
WI,2019,7,42,2018-10-21,11.818181818181818
WI,2019,8,43,2018-10-28,13.818181818181818
WI,2019,9,44,2018-11-04,15.090909090909092
WI,2019,10,45,2018-11-11,15.909090909090908
WI,2019,11,46,2018-11-18,16.90909090909091
WI,2019,12,47,2018-11-25,17.363636363636363
WI,2019,37,20,2019-05-19,17.363636363636363
WI,2019,38,21,2019-05-26,17.454545454545453
WI,2019,39,22,2019-06-02,18.0
WI,2019,40,23,2019-06-09,19.363636363636363
WI,2019,41,24,2019-06-16,21.818181818181817
WI,2019,42,25,2019-06-23,24.0
WI,2019,43,26,2019-06-30,26.363636363636363
WI,2019,44,27,2019-07-07,28.90909090909091
WI,2019,45,28,2019-07-14,31.818181818181817
WI,2019,46,29,2019-07-21,33.72727272727273
WI,2019,47,30,2019-07-28,35.63636363636363
WI,2019,48,31,2019-08-04,39.18181818181818
WI,2019,49,32,2019-08-11,41.36363636363637
WI,2019,50,33,2019-08-18,42.90909090909091
WI,2019,51,34,2019-08-25,43.63636363636363
WI,2019,52,35,2019-09-01,35.27272727272727
WI,2020,1,36,2019-09-08,9.727272727272727
WI,2020,2,37,2019-09-15,10.181818181818182
WI,2020,3,38,2019-09-22,11.545454545454545
WI,2020,4,39,2019-09-29,12.363636363636363
WI,2020,5,40,2019-10-06,13.090909090909092
WI,2020,6,41,2019-10-13,14.454545454545455
WI,2020,7,42,2019-10-20,17.272727272727273
WI,2020,8,43,2019-10-27,19.0
WI,2020,9,44,2019-11-03,20.272727272727273
WI,2020,10,45,2019-11-10,21.272727272727273
WI,2020,11,46,2019-11-17,22.09090909090909
WI,2020,12,47,2019-11-24,22.90909090909091
WI,2020,13,48,2019-12-01,23.363636363636363
WI,2020,35,18,2020-05-03,23.363636363636363
WI,2020,36,19,2020-05-10,23.363636363636363
WI,2020,37,20,2020-05-17,23.363636363636363
WI,2020,38,21,2020-05-24,23.454545454545453
WI,2020,39,22,2020-05-31,24.363636363636363
WI,2020,40,23,2020-06-07,26.181818181818183
WI,2020,41,24,2020-06-14,29.0
WI,2020,42,25,2020-06-21,31.272727272727273
WI,2020,43,26,2020-06-28,34.36363636363637
WI,2020,44,27,2020-07-05,29.0
WI,2020,45,28,2020-07-12,31.09090909090909
WI,2020,46,29,2020-07-19,32.72727272727273
WI,2020,47,30,2020-07-26,35.0
WI,2020,48,31,2020-08-02,37.54545454545455
WI,2020,49,32,2020-08-09,39.45454545454545
WI,2020,50,33,2020-08-16,40.45454545454545
WI,2020,51,34,2020-08-23,33.27272727272727
WI,2020,52,35,2020-08-30,34.27272727272727
WI,2021,1,36,2020-09-06,2.0
WI,2021,2,37,2020-09-13,3.3636363636363638
WI,2021,3,38,2020-09-20,5.818181818181818
WI,2021,4,39,2020-09-27,7.818181818181818
WI,2021,5,40,2020-10-04,10.0
WI,2021,6,41,2020-10-11,12.090909090909092
WI,2021,7,42,2020-10-18,13.727272727272727
WI,2021,8,43,2020-10-25,15.0
WI,2021,9,44,2020-11-01,15.909090909090908
WI,2021,10,45,2020-11-08,16.818181818181817
WI,2021,11,46,2020-11-15,17.272727272727273
WI,2021,12,47,2020-11-22,17.545454545454547
WI,2021,13,48,2020-11-29,17.636363636363637
WI,2021,36,19,2021-05-16,17.727272727272727
WI,2021,37,20,2021-05-23,18.727272727272727
WI,2021,38,21,2021-05-30,20.90909090909091
WI,2021,39,22,2021-06-06,23.818181818181817
WI,2021,40,23,2021-06-13,26.454545454545453
WI,2021,41,24,2021-06-20,30.09090909090909
WI,2021,42,25,2021-06-27,32.90909090909091
WI,2021,43,26,2021-07-04,34.72727272727273
WI,2021,44,27,2021-07-11,35.81818181818182
WI,2021,45,28,2021-07-18,37.54545454545455
WI,2021,46,29,2021-07-25,40.90909090909091
WI,2021,47,30,2021-08-01,42.54545454545455
WI,2021,48,31,2021-08-08,43.36363636363637
WI,2021,49,32,2021-08-15,44.0
WI,2021,50,33,2021-08-22,44.18181818181818
WI,2021,51,34,2021-08-29,35.81818181818182
WI,2021,52,35,2021-09-05,27.727272727272727
WI,2022,1,36,2021-09-12,2.6363636363636362
WI,2022,2,37,2021-09-19,3.727272727272727
WI,2022,3,38,2021-09-26,5.454545454545454
WI,2022,4,39,2021-10-03,8.0
WI,2022,5,40,2021-10-10,11.0
WI,2022,6,41,2021-10-17,13.818181818181818
WI,2022,7,42,2021-10-24,15.181818181818182
WI,2022,8,43,2021-10-31,16.545454545454547
WI,2022,9,44,2021-11-07,17.181818181818183
WI,2022,10,45,2021-11-14,17.545454545454547
WI,2022,30,13,2022-04-03,17.545454545454547
WI,2022,31,14,2022-04-10,17.545454545454547
WI,2022,32,15,2022-04-17,17.545454545454547
WI,2022,33,16,2022-04-24,17.545454545454547
WI,2022,34,17,2022-05-01,17.545454545454547
WI,2022,35,18,2022-05-08,17.545454545454547
WI,2022,36,19,2022-05-15,17.545454545454547
WI,2022,37,20,2022-05-22,17.545454545454547
WI,2022,38,21,2022-05-29,18.181818181818183
WI,2022,39,22,2022-06-05,19.272727272727273
WI,2022,40,23,2022-06-12,21.90909090909091
WI,2022,41,24,2022-06-19,25.0
WI,2022,42,25,2022-06-26,28.181818181818183
WI,2022,43,26,2022-07-03,31.363636363636363
WI,2022,44,27,2022-07-10,33.54545454545455
WI,2022,45,28,2022-07-17,35.18181818181818
WI,2022,46,29,2022-07-24,37.54545454545455
WI,2022,47,30,2022-07-31,40.45454545454545
WI,2022,48,31,2022-08-07,42.27272727272727
WI,2022,49,32,2022-08-14,43.18181818181818
WI,2022,50,33,2022-08-21,43.81818181818182
WI,2022,51,34,2022-08-28,35.27272727272727
WI,2022,52,35,2022-09-04,35.63636363636363
WI,2023,1,36,2022-09-11,0.9090909090909091
WI,2023,2,37,2022-09-18,2.3636363636363638
WI,2023,3,38,2022-09-25,5.636363636363637
WI,2023,4,39,2022-10-02,8.090909090909092
WI,2023,5,40,2022-10-09,11.181818181818182
WI,2023,6,41,2022-10-16,12.636363636363637
WI,2023,7,42,2022-10-23,14.363636363636363
WI,2023,8,43,2022-10-30,15.909090909090908
WI,2023,9,44,2022-11-06,16.90909090909091
WI,2023,10,45,2022-11-13,17.454545454545453
WI,2023,11,46,2022-11-20,17.545454545454547
WI,2023,12,47,2022-11-27,17.818181818181817
WI,2023,36,19,2023-05-14,17.818181818181817
WI,2023,37,20,2023-05-21,18.0
WI,2023,38,21,2023-05-28,18.727272727272727
WI,2023,39,22,2023-06-04,21.363636363636363
WI,2023,40,23,2023-06-11,24.0
WI,2023,41,24,2023-06-18,26.636363636363637
WI,2023,42,25,2023-06-25,29.636363636363637
WI,2023,43,26,2023-07-02,32.27272727272727
WI,2023,44,27,2023-07-09,34.27272727272727
WI,2023,45,28,2023-07-16,35.72727272727273
WI,2023,46,29,2023-07-23,37.54545454545455
WI,2023,47,30,2023-07-30,40.0
WI,2023,48,31,2023-08-06,42.45454545454545
WI,2023,49,32,2023-08-13,43.54545454545455
WI,2023,50,33,2023-08-20,44.18181818181818
WI,2023,51,34,2023-08-27,35.63636363636363
WI,2023,52,35,2023-09-03,36.09090909090909
WI,2024,1,36,2023-09-10,1.8181818181818181
WI,2024,2,37,2023-09-17,3.272727272727273
WI,2024,3,38,2023-09-24,5.0
WI,2024,4,39,2023-10-01,7.181818181818182
WI,2024,5,40,2023-10-08,9.090909090909092
WI,2024,6,41,2023-10-15,11.181818181818182
WI,2024,7,42,2023-10-22,13.363636363636363
WI,2024,8,43,2023-10-29,15.0
WI,2024,9,44,2023-11-05,16.181818181818183
WI,2024,10,45,2023-11-12,17.0
WI,2024,11,46,2023-11-19,17.363636363636363
WI,2024,12,47,2023-11-26,17.636363636363637
WI,2024,30,13,2024-03-31,8.818181818181818
WI,2024,36,19,2024-05-12,8.909090909090908
WI,2024,37,20,2024-05-19,9.272727272727273
WI,2024,38,21,2024-05-26,10.909090909090908
WI,2024,39,22,2024-06-02,13.272727272727273
WI,2024,40,23,2024-06-09,16.363636363636363
WI,2024,41,24,2024-06-16,18.363636363636363
WI,2024,42,25,2024-06-23,20.818181818181817
WI,2024,43,26,2024-06-30,23.272727272727273
WI,2024,44,27,2024-07-07,26.0
WI,2024,45,28,2024-07-14,27.181818181818183
WI,2024,46,29,2024-07-21,29.363636363636363
WI,2024,47,30,2024-07-28,32.72727272727273
WI,2024,48,31,2024-08-04,34.36363636363637
WI,2024,49,32,2024-08-11,35.09090909090909
WI,2024,50,33,2024-08-18,35.36363636363637
WI,2024,51,34,2024-08-25,26.636363636363637
WI,2024,52,35,2024-09-01,27.0
WI,2025,1,36,2024-09-08,1.3636363636363635
WI,2025,2,37,2024-09-15,2.8181818181818183
WI,2025,3,38,2024-09-22,4.7272727272727275
WI,2025,4,39,2024-09-29,6.818181818181818
WI,2025,5,40,2024-10-06,9.0
WI,2025,6,41,2024-10-13,11.727272727272727
WI,2025,7,42,2024-10-20,13.909090909090908
WI,2025,8,43,2024-10-27,15.454545454545455
WI,2025,9,44,2024-11-03,16.181818181818183
WI,2025,10,45,2024-11-10,16.818181818181817
WI,2025,11,46,2024-11-17,17.272727272727273
WI,2025,12,47,2024-11-24,17.545454545454547
WI,2025,36,19,2025-05-11,17.818181818181817
WI,2025,37,20,2025-05-18,18.09090909090909
WI,2025,38,21,2025-05-25,18.90909090909091
WI,2025,39,22,2025-06-01,19.90909090909091
WI,2025,40,23,2025-06-08,22.454545454545453
WI,2025,41,24,2025-06-15,25.818181818181817
WI,2025,42,25,2025-06-22,27.181818181818183
WI,2025,43,26,2025-06-29,29.90909090909091
WI,2025,44,27,2025-07-06,33.81818181818182
WI,2025,45,28,2025-07-13,35.18181818181818
WI,2025,46,29,2025-07-20,36.63636363636363
WI,2025,47,30,2025-07-27,38.72727272727273
WI,2025,48,31,2025-08-03,41.45454545454545
WI,2025,49,32,2025-08-10,43.45454545454545
WI,2025,50,33,2025-08-17,43.90909090909091
WI,2025,51,34,2025-08-24,44.27272727272727
WI,2025,52,35,2025-08-31,35.72727272727273
WI,2026,1,36,2025-09-07,0.8181818181818182
WI,2026,2,37,2025-09-14,1.8181818181818181
WI,2026,3,38,2025-09-21,3.5454545454545454
WI,2026,4,39,2025-09-28,5.7272727272727275
WI,2026,11,46,2025-11-16,11.818181818181818
WI,2026,12,47,2025-11-23,12.272727272727273
WV,2016,5,40,2015-10-04,0.45454545454545453
WV,2016,6,41,2015-10-11,1.1818181818181819
WV,2016,7,42,2015-10-18,3.727272727272727
WV,2016,8,43,2015-10-25,5.363636363636363
WV,2016,9,44,2015-11-01,8.636363636363637
WV,2016,10,45,2015-11-08,11.636363636363637
WV,2016,11,46,2015-11-15,13.636363636363637
WV,2016,12,47,2015-11-22,14.636363636363637
WV,2016,13,48,2015-11-29,15.727272727272727
WV,2016,31,14,2016-04-10,15.727272727272727
WV,2016,32,15,2016-04-17,15.727272727272727
WV,2016,33,16,2016-04-24,16.363636363636363
WV,2016,34,17,2016-05-01,16.454545454545453
WV,2016,35,18,2016-05-08,17.0
WV,2016,36,19,2016-05-15,17.727272727272727
WV,2016,37,20,2016-05-22,18.09090909090909
WV,2016,38,21,2016-05-29,19.363636363636363
WV,2016,39,22,2016-06-05,19.90909090909091
WV,2016,40,23,2016-06-12,21.454545454545453
WV,2016,41,24,2016-06-19,23.363636363636363
WV,2016,42,25,2016-06-26,25.181818181818183
WV,2016,43,26,2016-07-03,28.363636363636363
WV,2016,44,27,2016-07-10,29.818181818181817
WV,2016,45,28,2016-07-17,30.272727272727273
WV,2016,46,29,2016-07-24,31.363636363636363
WV,2016,47,30,2016-07-31,32.0
WV,2016,48,31,2016-08-07,32.36363636363637
WV,2016,49,32,2016-08-14,33.09090909090909
WV,2017,4,39,2016-10-02,0.36363636363636365
WV,2017,5,40,2016-10-09,1.7272727272727273
WV,2017,6,41,2016-10-16,3.090909090909091
WV,2017,7,42,2016-10-23,5.545454545454546
WV,2017,8,43,2016-10-30,7.636363636363637
WV,2017,9,44,2016-11-06,8.818181818181818
WV,2017,10,45,2016-11-13,11.636363636363637
WV,2017,11,46,2016-11-20,15.090909090909092
WV,2017,12,47,2016-11-27,16.636363636363637
WV,2017,31,14,2017-04-09,16.818181818181817
WV,2017,32,15,2017-04-16,17.727272727272727
WV,2017,33,16,2017-04-23,18.545454545454547
WV,2017,34,17,2017-04-30,19.363636363636363
WV,2017,35,18,2017-05-07,20.272727272727273
WV,2017,36,19,2017-05-14,21.90909090909091
WV,2017,37,20,2017-05-21,23.363636363636363
WV,2017,38,21,2017-05-28,24.363636363636363
WV,2017,39,22,2017-06-04,24.727272727272727
WV,2017,40,23,2017-06-11,25.545454545454547
WV,2017,41,24,2017-06-18,25.636363636363637
WV,2017,42,25,2017-06-25,25.90909090909091
WV,2017,43,26,2017-07-02,28.545454545454547
WV,2017,44,27,2017-07-09,31.09090909090909
WV,2017,45,28,2017-07-16,32.0
WV,2017,46,29,2017-07-23,33.54545454545455
WV,2017,47,30,2017-07-30,34.0
WV,2018,5,40,2017-10-08,0.5454545454545454
WV,2018,6,41,2017-10-15,1.2727272727272727
WV,2018,7,42,2017-10-22,3.1818181818181817
WV,2018,8,43,2017-10-29,6.454545454545454
WV,2018,9,44,2017-11-05,9.545454545454545
WV,2018,10,45,2017-11-12,11.636363636363637
WV,2018,11,46,2017-11-19,13.454545454545455
WV,2018,12,47,2017-11-26,14.727272727272727
WV,2018,31,14,2018-04-08,14.727272727272727
WV,2018,32,15,2018-04-15,14.727272727272727
WV,2018,33,16,2018-04-22,15.363636363636363
WV,2018,34,17,2018-04-29,15.818181818181818
WV,2018,35,18,2018-05-06,16.09090909090909
WV,2018,36,19,2018-05-13,17.0
WV,2018,37,20,2018-05-20,17.454545454545453
WV,2018,38,21,2018-05-27,19.272727272727273
WV,2018,39,22,2018-06-03,19.90909090909091
WV,2018,40,23,2018-06-10,20.454545454545453
WV,2018,41,24,2018-06-17,21.545454545454547
WV,2018,42,25,2018-06-24,22.363636363636363
WV,2018,43,26,2018-07-01,24.09090909090909
WV,2018,44,27,2018-07-08,26.636363636363637
WV,2018,45,28,2018-07-15,28.272727272727273
WV,2018,46,29,2018-07-22,29.363636363636363
WV,2018,47,30,2018-07-29,30.0
WV,2018,48,31,2018-08-05,30.727272727272727
WV,2018,49,32,2018-08-12,31.545454545454547
WV,2018,50,33,2018-08-19,32.0
WV,2019,5,40,2018-10-07,0.45454545454545453
WV,2019,6,41,2018-10-14,0.9090909090909091
WV,2019,7,42,2018-10-21,2.272727272727273
WV,2019,8,43,2018-10-28,4.545454545454546
WV,2019,9,44,2018-11-04,6.909090909090909
WV,2019,10,45,2018-11-11,8.363636363636363
WV,2019,11,46,2018-11-18,9.454545454545455
WV,2019,12,47,2018-11-25,10.636363636363637
WV,2019,31,14,2019-04-07,10.636363636363637
WV,2019,32,15,2019-04-14,10.636363636363637
WV,2019,33,16,2019-04-21,10.636363636363637
WV,2019,34,17,2019-04-28,10.818181818181818
WV,2019,35,18,2019-05-05,10.909090909090908
WV,2019,36,19,2019-05-12,11.636363636363637
WV,2019,37,20,2019-05-19,12.363636363636363
WV,2019,38,21,2019-05-26,12.818181818181818
WV,2019,39,22,2019-06-02,13.272727272727273
WV,2019,40,23,2019-06-09,14.0
WV,2019,41,24,2019-06-16,16.363636363636363
WV,2019,42,25,2019-06-23,17.363636363636363
WV,2019,43,26,2019-06-30,19.454545454545453
WV,2019,44,27,2019-07-07,22.09090909090909
WV,2019,45,28,2019-07-14,23.545454545454547
WV,2019,46,29,2019-07-21,24.454545454545453
WV,2019,47,30,2019-07-28,25.0
WV,2019,48,31,2019-08-04,26.181818181818183
WV,2019,49,32,2019-08-11,27.181818181818183
WV,2019,50,33,2019-08-18,27.636363636363637
WV,2019,51,34,2019-08-25,27.90909090909091
WV,2020,4,39,2019-09-29,0.5454545454545454
WV,2020,5,40,2019-10-06,1.9090909090909092
WV,2020,6,41,2019-10-13,3.4545454545454546
WV,2020,7,42,2019-10-20,6.090909090909091
WV,2020,8,43,2019-10-27,8.545454545454545
WV,2020,9,44,2019-11-03,10.818181818181818
WV,2020,10,45,2019-11-10,12.727272727272727
WV,2020,11,46,2019-11-17,14.181818181818182
WV,2020,12,47,2019-11-24,15.363636363636363
WV,2020,32,15,2020-04-12,15.727272727272727
WV,2020,33,16,2020-04-19,16.0
WV,2020,34,17,2020-04-26,16.545454545454547
WV,2020,35,18,2020-05-03,17.272727272727273
WV,2020,36,19,2020-05-10,17.90909090909091
WV,2020,37,20,2020-05-17,18.09090909090909
WV,2020,38,21,2020-05-24,18.454545454545453
WV,2020,39,22,2020-05-31,18.90909090909091
WV,2020,40,23,2020-06-07,19.09090909090909
WV,2020,41,24,2020-06-14,19.90909090909091
WV,2020,42,25,2020-06-21,20.636363636363637
WV,2020,43,26,2020-06-28,21.727272727272727
WV,2020,44,27,2020-07-05,23.545454545454547
WV,2020,45,28,2020-07-12,25.727272727272727
WV,2020,46,29,2020-07-19,27.727272727272727
WV,2020,47,30,2020-07-26,28.636363636363637
WV,2020,48,31,2020-08-02,30.0
WV,2020,49,32,2020-08-09,30.90909090909091
WV,2020,50,33,2020-08-16,32.45454545454545
WV,2020,51,34,2020-08-23,32.72727272727273
WV,2021,5,40,2020-10-04,0.45454545454545453
WV,2021,6,41,2020-10-11,1.0909090909090908
WV,2021,7,42,2020-10-18,2.909090909090909
WV,2021,8,43,2020-10-25,5.090909090909091
WV,2021,9,44,2020-11-01,7.0
WV,2021,10,45,2020-11-08,9.090909090909092
WV,2021,11,46,2020-11-15,11.272727272727273
WV,2021,12,47,2020-11-22,12.818181818181818
WV,2021,13,48,2020-11-29,14.272727272727273
WV,2021,31,14,2021-04-11,14.818181818181818
WV,2021,32,15,2021-04-18,15.818181818181818
WV,2021,33,16,2021-04-25,16.727272727272727
WV,2021,34,17,2021-05-02,17.636363636363637
WV,2021,35,18,2021-05-09,18.454545454545453
WV,2021,36,19,2021-05-16,19.363636363636363
WV,2021,37,20,2021-05-23,20.0
WV,2021,38,21,2021-05-30,20.454545454545453
WV,2021,39,22,2021-06-06,22.09090909090909
WV,2021,40,23,2021-06-13,23.454545454545453
WV,2021,41,24,2021-06-20,24.636363636363637
WV,2021,42,25,2021-06-27,25.545454545454547
WV,2021,43,26,2021-07-04,26.363636363636363
WV,2021,44,27,2021-07-11,28.09090909090909
WV,2021,45,28,2021-07-18,29.09090909090909
WV,2021,46,29,2021-07-25,30.272727272727273
WV,2021,47,30,2021-08-01,31.181818181818183
WV,2021,48,31,2021-08-08,31.636363636363637
WV,2021,52,35,2021-09-05,23.181818181818183
WV,2022,1,36,2021-09-12,1.1818181818181819
WV,2022,2,37,2021-09-19,2.3636363636363638
WV,2022,3,38,2021-09-26,4.545454545454546
WV,2022,4,39,2021-10-03,7.0
WV,2022,5,40,2021-10-10,8.818181818181818
WV,2022,6,41,2021-10-17,10.636363636363637
WV,2022,7,42,2021-10-24,12.636363636363637
WV,2022,8,43,2021-10-31,14.909090909090908
WV,2022,9,44,2021-11-07,15.818181818181818
WV,2022,10,45,2021-11-14,16.545454545454547
WV,2022,11,46,2021-11-21,17.09090909090909
WV,2022,12,47,2021-11-28,17.454545454545453
WV,2022,31,14,2022-04-10,17.818181818181817
WV,2022,32,15,2022-04-17,19.272727272727273
WV,2022,33,16,2022-04-24,20.454545454545453
WV,2022,34,17,2022-05-01,21.09090909090909
WV,2022,35,18,2022-05-08,21.818181818181817
WV,2022,36,19,2022-05-15,22.454545454545453
WV,2022,37,20,2022-05-22,23.363636363636363
WV,2022,38,21,2022-05-29,24.181818181818183
WV,2022,39,22,2022-06-05,25.272727272727273
WV,2022,40,23,2022-06-12,25.727272727272727
WV,2022,41,24,2022-06-19,27.0
WV,2022,42,25,2022-06-26,27.545454545454547
WV,2022,43,26,2022-07-03,28.545454545454547
WV,2022,44,27,2022-07-10,29.90909090909091
WV,2022,45,28,2022-07-17,31.272727272727273
WV,2022,46,29,2022-07-24,32.18181818181818
WV,2022,47,30,2022-07-31,33.36363636363637
WV,2022,48,31,2022-08-07,34.36363636363637
WV,2022,49,32,2022-08-14,34.90909090909091
WV,2022,52,35,2022-09-04,26.636363636363637
WV,2023,1,36,2022-09-11,1.0909090909090908
WV,2023,2,37,2022-09-18,2.727272727272727
WV,2023,3,38,2022-09-25,4.181818181818182
WV,2023,4,39,2022-10-02,6.0
WV,2023,5,40,2022-10-09,7.909090909090909
WV,2023,6,41,2022-10-16,10.090909090909092
WV,2023,7,42,2022-10-23,12.454545454545455
WV,2023,8,43,2022-10-30,14.090909090909092
WV,2023,9,44,2022-11-06,15.0
WV,2023,10,45,2022-11-13,15.727272727272727
WV,2023,11,46,2022-11-20,16.636363636363637
WV,2023,12,47,2022-11-27,17.0
WV,2023,30,13,2023-04-02,17.454545454545453
WV,2023,31,14,2023-04-09,18.272727272727273
WV,2023,32,15,2023-04-16,19.454545454545453
WV,2023,33,16,2023-04-23,20.0
WV,2023,34,17,2023-04-30,20.545454545454547
WV,2023,35,18,2023-05-07,21.363636363636363
WV,2023,36,19,2023-05-14,22.272727272727273
WV,2023,37,20,2023-05-21,23.181818181818183
WV,2023,38,21,2023-05-28,24.181818181818183
WV,2023,39,22,2023-06-04,25.09090909090909
WV,2023,40,23,2023-06-11,26.454545454545453
WV,2023,41,24,2023-06-18,27.0
WV,2023,42,25,2023-06-25,27.545454545454547
WV,2023,43,26,2023-07-02,27.818181818181817
WV,2023,44,27,2023-07-09,28.545454545454547
WV,2023,45,28,2023-07-16,29.636363636363637
WV,2023,46,29,2023-07-23,30.727272727272727
WV,2023,47,30,2023-07-30,31.727272727272727
WV,2023,48,31,2023-08-06,32.72727272727273
WV,2023,49,32,2023-08-13,33.81818181818182
WV,2023,50,33,2023-08-20,34.45454545454545
WV,2023,52,35,2023-09-03,25.727272727272727
WV,2024,1,36,2023-09-10,0.45454545454545453
WV,2024,2,37,2023-09-17,1.1818181818181819
WV,2024,3,38,2023-09-24,2.1818181818181817
WV,2024,4,39,2023-10-01,3.8181818181818183
WV,2024,5,40,2023-10-08,5.636363636363637
WV,2024,6,41,2023-10-15,7.545454545454546
WV,2024,7,42,2023-10-22,9.181818181818182
WV,2024,8,43,2023-10-29,10.909090909090908
WV,2024,9,44,2023-11-05,12.181818181818182
WV,2024,10,45,2023-11-12,13.727272727272727
WV,2024,11,46,2023-11-19,14.727272727272727
WV,2024,12,47,2023-11-26,15.545454545454545
WV,2024,30,13,2024-03-31,15.545454545454545
WV,2024,31,14,2024-04-07,15.545454545454545
WV,2024,32,15,2024-04-14,15.727272727272727
WV,2024,33,16,2024-04-21,17.454545454545453
WV,2024,34,17,2024-04-28,18.545454545454547
WV,2024,35,18,2024-05-05,19.818181818181817
WV,2024,36,19,2024-05-12,20.90909090909091
WV,2024,37,20,2024-05-19,21.90909090909091
WV,2024,38,21,2024-05-26,22.818181818181817
WV,2024,39,22,2024-06-02,24.181818181818183
WV,2024,40,23,2024-06-09,25.363636363636363
WV,2024,41,24,2024-06-16,26.363636363636363
WV,2024,42,25,2024-06-23,27.454545454545453
WV,2024,43,26,2024-06-30,28.545454545454547
WV,2024,44,27,2024-07-07,29.545454545454547
WV,2024,45,28,2024-07-14,30.727272727272727
WV,2024,46,29,2024-07-21,31.454545454545453
WV,2024,47,30,2024-07-28,32.36363636363637
WV,2024,48,31,2024-08-04,33.09090909090909
WV,2024,52,35,2024-09-01,25.09090909090909
WV,2025,1,36,2024-09-08,1.3636363636363635
WV,2025,2,37,2024-09-15,2.0
WV,2025,3,38,2024-09-22,3.4545454545454546
WV,2025,4,39,2024-09-29,4.545454545454546
WV,2025,5,40,2024-10-06,5.7272727272727275
WV,2025,6,41,2024-10-13,7.0
WV,2025,7,42,2024-10-20,8.545454545454545
WV,2025,8,43,2024-10-27,10.0
WV,2025,9,44,2024-11-03,11.636363636363637
WV,2025,10,45,2024-11-10,13.272727272727273
WV,2025,11,46,2024-11-17,14.181818181818182
WV,2025,12,47,2024-11-24,15.272727272727273
WV,2025,31,14,2025-04-06,15.272727272727273
WV,2025,32,15,2025-04-13,15.363636363636363
WV,2025,33,16,2025-04-20,15.727272727272727
WV,2025,34,17,2025-04-27,16.09090909090909
WV,2025,35,18,2025-05-04,16.727272727272727
WV,2025,36,19,2025-05-11,17.90909090909091
WV,2025,37,20,2025-05-18,19.09090909090909
WV,2025,38,21,2025-05-25,20.363636363636363
WV,2025,39,22,2025-06-01,21.363636363636363
WV,2025,40,23,2025-06-08,22.363636363636363
WV,2025,41,24,2025-06-15,23.90909090909091
WV,2025,42,25,2025-06-22,25.272727272727273
WV,2025,43,26,2025-06-29,25.727272727272727
WV,2025,44,27,2025-07-06,26.454545454545453
WV,2025,45,28,2025-07-13,27.181818181818183
WV,2025,46,29,2025-07-20,27.727272727272727
WV,2025,47,30,2025-07-27,28.545454545454547
WV,2025,48,31,2025-08-03,29.545454545454547
WV,2025,49,32,2025-08-10,30.727272727272727
WV,2025,50,33,2025-08-17,32.18181818181818
WV,2025,51,34,2025-08-24,32.81818181818182
WV,2026,1,36,2025-09-07,0.18181818181818182
WV,2026,2,37,2025-09-14,1.1818181818181819
WV,2026,3,38,2025-09-21,1.7272727272727273
WV,2026,4,39,2025-09-28,2.5454545454545454
WV,2026,11,46,2025-11-16,14.272727272727273
WV,2026,12,47,2025-11-23,15.363636363636363
WY,2016,1,36,2015-09-06,0.9090909090909091
WY,2016,2,37,2015-09-13,2.8181818181818183
WY,2016,3,38,2015-09-20,4.909090909090909
WY,2016,4,39,2015-09-27,10.454545454545455
WY,2016,5,40,2015-10-04,13.090909090909092
WY,2016,6,41,2015-10-11,14.181818181818182
WY,2016,7,42,2015-10-18,16.454545454545453
WY,2016,8,43,2015-10-25,17.454545454545453
WY,2016,32,15,2016-04-17,17.454545454545453
WY,2016,33,16,2016-04-24,17.90909090909091
WY,2016,34,17,2016-05-01,18.0
WY,2016,35,18,2016-05-08,20.636363636363637
WY,2016,36,19,2016-05-15,21.636363636363637
WY,2016,37,20,2016-05-22,22.90909090909091
WY,2016,38,21,2016-05-29,24.454545454545453
WY,2016,39,22,2016-06-05,25.545454545454547
WY,2016,40,23,2016-06-12,32.09090909090909
WY,2016,41,24,2016-06-19,35.18181818181818
WY,2016,42,25,2016-06-26,39.45454545454545
WY,2016,43,26,2016-07-03,44.72727272727273
WY,2016,44,27,2016-07-10,51.0
WY,2016,45,28,2016-07-17,55.45454545454545
WY,2016,46,29,2016-07-24,59.90909090909091
WY,2016,47,30,2016-07-31,64.18181818181819
WY,2016,48,31,2016-08-07,66.9090909090909
WY,2016,49,32,2016-08-14,69.81818181818181
WY,2016,50,33,2016-08-21,70.0909090909091
WY,2016,51,34,2016-08-28,62.18181818181818
WY,2016,52,35,2016-09-04,64.45454545454545
WY,2017,1,36,2016-09-11,4.363636363636363
WY,2017,2,37,2016-09-18,6.818181818181818
WY,2017,3,38,2016-09-25,10.090909090909092
WY,2017,4,39,2016-10-02,13.909090909090908
WY,2017,5,40,2016-10-09,16.181818181818183
WY,2017,6,41,2016-10-16,17.181818181818183
WY,2017,7,42,2016-10-23,17.363636363636363
WY,2017,32,15,2017-04-16,17.545454545454547
WY,2017,33,16,2017-04-23,18.272727272727273
WY,2017,34,17,2017-04-30,20.818181818181817
WY,2017,35,18,2017-05-07,21.90909090909091
WY,2017,36,19,2017-05-14,23.0
WY,2017,37,20,2017-05-21,24.272727272727273
WY,2017,38,21,2017-05-28,25.272727272727273
WY,2017,39,22,2017-06-04,26.272727272727273
WY,2017,40,23,2017-06-11,30.90909090909091
WY,2017,41,24,2017-06-18,36.72727272727273
WY,2017,42,25,2017-06-25,41.54545454545455
WY,2017,43,26,2017-07-02,44.54545454545455
WY,2017,44,27,2017-07-09,50.27272727272727
WY,2017,45,28,2017-07-16,55.36363636363637
WY,2017,46,29,2017-07-23,60.36363636363637
WY,2017,47,30,2017-07-30,64.27272727272727
WY,2017,48,31,2017-08-06,66.36363636363636
WY,2017,49,32,2017-08-13,68.63636363636364
WY,2017,50,33,2017-08-20,69.81818181818181
WY,2017,51,34,2017-08-27,61.63636363636363
WY,2017,52,35,2017-09-03,62.09090909090909
WY,2018,1,36,2017-09-10,2.5454545454545454
WY,2018,2,37,2017-09-17,4.636363636363637
WY,2018,3,38,2017-09-24,8.909090909090908
WY,2018,4,39,2017-10-01,12.909090909090908
WY,2018,5,40,2017-10-08,15.0
WY,2018,6,41,2017-10-15,17.272727272727273
WY,2018,7,42,2017-10-22,17.454545454545453
WY,2018,8,43,2017-10-29,17.727272727272727
WY,2018,35,18,2018-05-06,17.818181818181817
WY,2018,36,19,2018-05-13,19.545454545454547
WY,2018,37,20,2018-05-20,21.818181818181817
WY,2018,38,21,2018-05-27,23.09090909090909
WY,2018,39,22,2018-06-03,25.454545454545453
WY,2018,40,23,2018-06-10,27.545454545454547
WY,2018,41,24,2018-06-17,32.63636363636363
WY,2018,42,25,2018-06-24,40.09090909090909
WY,2018,43,26,2018-07-01,46.36363636363637
WY,2018,44,27,2018-07-08,51.18181818181818
WY,2018,45,28,2018-07-15,55.36363636363637
WY,2018,46,29,2018-07-22,59.09090909090909
WY,2018,47,30,2018-07-29,63.90909090909091
WY,2018,48,31,2018-08-05,67.18181818181819
WY,2018,49,32,2018-08-12,68.45454545454545
WY,2018,50,33,2018-08-19,70.54545454545455
WY,2018,51,34,2018-08-26,61.72727272727273
WY,2018,52,35,2018-09-02,62.27272727272727
WY,2019,1,36,2018-09-09,2.8181818181818183
WY,2019,2,37,2018-09-16,5.636363636363637
WY,2019,3,38,2018-09-23,9.909090909090908
WY,2019,4,39,2018-09-30,12.727272727272727
WY,2019,5,40,2018-10-07,15.0
WY,2019,6,41,2018-10-14,16.818181818181817
WY,2019,7,42,2018-10-21,17.727272727272727
WY,2019,32,15,2019-04-14,17.727272727272727
WY,2019,33,16,2019-04-21,17.727272727272727
WY,2019,34,17,2019-04-28,18.09090909090909
WY,2019,35,18,2019-05-05,18.454545454545453
WY,2019,36,19,2019-05-12,20.545454545454547
WY,2019,37,20,2019-05-19,25.181818181818183
WY,2019,38,21,2019-05-26,28.363636363636363
WY,2019,39,22,2019-06-02,31.90909090909091
WY,2019,40,23,2019-06-09,33.90909090909091
WY,2019,41,24,2019-06-16,36.09090909090909
WY,2019,42,25,2019-06-23,37.72727272727273
WY,2019,43,26,2019-06-30,39.90909090909091
WY,2019,44,27,2019-07-07,44.54545454545455
WY,2019,45,28,2019-07-14,49.90909090909091
WY,2019,46,29,2019-07-21,53.0
WY,2019,47,30,2019-07-28,59.72727272727273
WY,2019,48,31,2019-08-04,63.0
WY,2019,49,32,2019-08-11,66.18181818181819
WY,2019,50,33,2019-08-18,68.9090909090909
WY,2019,51,34,2019-08-25,62.63636363636363
WY,2019,52,35,2019-09-01,63.0
WY,2020,1,36,2019-09-08,1.2727272727272727
WY,2020,2,37,2019-09-15,4.545454545454546
WY,2020,3,38,2019-09-22,9.454545454545455
WY,2020,4,39,2019-09-29,13.272727272727273
WY,2020,5,40,2019-10-06,15.909090909090908
WY,2020,6,41,2019-10-13,17.0
WY,2020,7,42,2019-10-20,17.636363636363637
WY,2020,34,17,2020-04-26,17.818181818181817
WY,2020,35,18,2020-05-03,18.545454545454547
WY,2020,36,19,2020-05-10,19.90909090909091
WY,2020,37,20,2020-05-17,21.09090909090909
WY,2020,38,21,2020-05-24,24.0
WY,2020,39,22,2020-05-31,26.727272727272727
WY,2020,40,23,2020-06-07,29.454545454545453
WY,2020,41,24,2020-06-14,35.0
WY,2020,42,25,2020-06-21,38.63636363636363
WY,2020,43,26,2020-06-28,43.54545454545455
WY,2020,44,27,2020-07-05,47.0
WY,2020,45,28,2020-07-12,52.09090909090909
WY,2020,46,29,2020-07-19,57.36363636363637
WY,2020,47,30,2020-07-26,63.63636363636363
WY,2020,48,31,2020-08-02,68.9090909090909
WY,2020,49,32,2020-08-09,70.54545454545455
WY,2020,51,34,2020-08-23,61.72727272727273
WY,2020,52,35,2020-08-30,62.0
WY,2021,1,36,2020-09-06,1.7272727272727273
WY,2021,2,37,2020-09-13,2.6363636363636362
WY,2021,3,38,2020-09-20,4.909090909090909
WY,2021,4,39,2020-09-27,8.454545454545455
WY,2021,5,40,2020-10-04,13.727272727272727
WY,2021,6,41,2020-10-11,15.727272727272727
WY,2021,7,42,2020-10-18,17.363636363636363
WY,2021,31,14,2021-04-11,17.454545454545453
WY,2021,32,15,2021-04-18,17.636363636363637
WY,2021,33,16,2021-04-25,17.90909090909091
WY,2021,34,17,2021-05-02,18.09090909090909
WY,2021,35,18,2021-05-09,18.818181818181817
WY,2021,36,19,2021-05-16,19.09090909090909
WY,2021,37,20,2021-05-23,22.818181818181817
WY,2021,38,21,2021-05-30,25.181818181818183
WY,2021,39,22,2021-06-06,29.454545454545453
WY,2021,40,23,2021-06-13,33.45454545454545
WY,2021,41,24,2021-06-20,37.18181818181818
WY,2021,42,25,2021-06-27,40.90909090909091
WY,2021,43,26,2021-07-04,46.27272727272727
WY,2021,44,27,2021-07-11,49.72727272727273
WY,2021,45,28,2021-07-18,53.45454545454545
WY,2021,46,29,2021-07-25,57.36363636363637
WY,2021,47,30,2021-08-01,61.63636363636363
WY,2021,48,31,2021-08-08,68.0
WY,2021,49,32,2021-08-15,69.54545454545455
WY,2021,50,33,2021-08-22,61.36363636363637
WY,2021,51,34,2021-08-29,61.72727272727273
WY,2021,52,35,2021-09-05,53.18181818181818
WY,2022,1,36,2021-09-12,2.8181818181818183
WY,2022,2,37,2021-09-19,5.909090909090909
WY,2022,3,38,2021-09-26,8.181818181818182
WY,2022,4,39,2021-10-03,12.454545454545455
WY,2022,5,40,2021-10-10,16.181818181818183
WY,2022,6,41,2021-10-17,17.90909090909091
WY,2022,32,15,2022-04-17,18.272727272727273
WY,2022,33,16,2022-04-24,18.454545454545453
WY,2022,34,17,2022-05-01,19.0
WY,2022,35,18,2022-05-08,19.90909090909091
WY,2022,36,19,2022-05-15,22.181818181818183
WY,2022,37,20,2022-05-22,23.818181818181817
WY,2022,38,21,2022-05-29,26.363636363636363
WY,2022,39,22,2022-06-05,28.727272727272727
WY,2022,40,23,2022-06-12,31.545454545454547
WY,2022,41,24,2022-06-19,36.27272727272727
WY,2022,42,25,2022-06-26,41.45454545454545
WY,2022,43,26,2022-07-03,45.0
WY,2022,44,27,2022-07-10,49.45454545454545
WY,2022,45,28,2022-07-17,53.63636363636363
WY,2022,46,29,2022-07-24,57.45454545454545
WY,2022,47,30,2022-07-31,62.0
WY,2022,48,31,2022-08-07,66.0
WY,2022,49,32,2022-08-14,68.72727272727273
WY,2022,50,33,2022-08-21,60.63636363636363
WY,2022,51,34,2022-08-28,62.36363636363637
WY,2022,52,35,2022-09-04,55.90909090909091
WY,2023,1,36,2022-09-11,5.2727272727272725
WY,2023,2,37,2022-09-18,8.272727272727273
WY,2023,3,38,2022-09-25,10.0
WY,2023,4,39,2022-10-02,12.0
WY,2023,5,40,2022-10-09,14.636363636363637
WY,2023,6,41,2022-10-16,16.181818181818183
WY,2023,7,42,2022-10-23,16.727272727272727
WY,2023,8,43,2022-10-30,17.09090909090909
WY,2023,9,44,2022-11-06,17.454545454545453
WY,2023,32,15,2023-04-16,17.454545454545453
WY,2023,33,16,2023-04-23,17.454545454545453
WY,2023,34,17,2023-04-30,17.636363636363637
WY,2023,35,18,2023-05-07,18.181818181818183
WY,2023,36,19,2023-05-14,18.545454545454547
WY,2023,37,20,2023-05-21,18.818181818181817
WY,2023,38,21,2023-05-28,21.545454545454547
WY,2023,39,22,2023-06-04,25.818181818181817
WY,2023,40,23,2023-06-11,29.636363636363637
WY,2023,41,24,2023-06-18,34.0
WY,2023,42,25,2023-06-25,39.27272727272727
WY,2023,43,26,2023-07-02,41.81818181818182
WY,2023,44,27,2023-07-09,45.27272727272727
WY,2023,45,28,2023-07-16,48.90909090909091
WY,2023,46,29,2023-07-23,51.63636363636363
WY,2023,47,30,2023-07-30,56.72727272727273
WY,2023,48,31,2023-08-06,60.0
WY,2023,49,32,2023-08-13,64.0
WY,2023,50,33,2023-08-20,65.9090909090909
WY,2023,51,34,2023-08-27,68.0
WY,2023,52,35,2023-09-03,61.0
WY,2024,1,36,2023-09-10,1.7272727272727273
WY,2024,2,37,2023-09-17,3.8181818181818183
WY,2024,3,38,2023-09-24,8.181818181818182
WY,2024,4,39,2023-10-01,11.0
WY,2024,5,40,2023-10-08,14.090909090909092
WY,2024,6,41,2023-10-15,16.09090909090909
WY,2024,7,42,2023-10-22,16.818181818181817
WY,2024,8,43,2023-10-29,16.90909090909091
WY,2024,9,44,2023-11-05,17.181818181818183
WY,2024,10,45,2023-11-12,17.363636363636363
WY,2024,32,15,2024-04-14,17.363636363636363
WY,2024,33,16,2024-04-21,17.545454545454547
WY,2024,34,17,2024-04-28,17.636363636363637
WY,2024,35,18,2024-05-05,17.727272727272727
WY,2024,36,19,2024-05-12,17.90909090909091
WY,2024,37,20,2024-05-19,19.727272727272727
WY,2024,38,21,2024-05-26,23.09090909090909
WY,2024,39,22,2024-06-02,28.272727272727273
WY,2024,40,23,2024-06-09,32.54545454545455
WY,2024,41,24,2024-06-16,36.27272727272727
WY,2024,42,25,2024-06-23,41.54545454545455
WY,2024,43,26,2024-06-30,44.63636363636363
WY,2024,44,27,2024-07-07,47.63636363636363
WY,2024,45,28,2024-07-14,54.18181818181818
WY,2024,46,29,2024-07-21,60.36363636363637
WY,2024,47,30,2024-07-28,66.0
WY,2024,48,31,2024-08-04,68.45454545454545
WY,2024,49,32,2024-08-11,69.72727272727273
WY,2024,50,33,2024-08-18,61.27272727272727
WY,2024,51,34,2024-08-25,61.54545454545455
WY,2024,52,35,2024-09-01,62.54545454545455
WY,2025,1,36,2024-09-08,2.727272727272727
WY,2025,2,37,2024-09-15,6.181818181818182
WY,2025,3,38,2024-09-22,9.636363636363637
WY,2025,4,39,2024-09-29,12.909090909090908
WY,2025,5,40,2024-10-06,14.363636363636363
WY,2025,6,41,2024-10-13,16.181818181818183
WY,2025,7,42,2024-10-20,16.727272727272727
WY,2025,8,43,2024-10-27,16.90909090909091
WY,2025,9,44,2024-11-03,17.09090909090909
WY,2025,10,45,2024-11-10,17.363636363636363
WY,2025,33,16,2025-04-20,17.636363636363637
WY,2025,34,17,2025-04-27,17.90909090909091
WY,2025,35,18,2025-05-04,18.272727272727273
WY,2025,36,19,2025-05-11,18.545454545454547
WY,2025,37,20,2025-05-18,18.818181818181817
WY,2025,38,21,2025-05-25,23.636363636363637
WY,2025,39,22,2025-06-01,29.454545454545453
WY,2025,40,23,2025-06-08,32.0
WY,2025,41,24,2025-06-15,37.09090909090909
WY,2025,42,25,2025-06-22,42.90909090909091
WY,2025,43,26,2025-06-29,47.09090909090909
WY,2025,44,27,2025-07-06,50.36363636363637
WY,2025,45,28,2025-07-13,54.63636363636363
WY,2025,46,29,2025-07-20,58.36363636363637
WY,2025,47,30,2025-07-27,63.27272727272727
WY,2025,48,31,2025-08-03,66.81818181818181
WY,2025,49,32,2025-08-10,69.54545454545455
WY,2025,50,33,2025-08-17,61.0
WY,2025,51,34,2025-08-24,61.09090909090909
WY,2025,52,35,2025-08-31,53.36363636363637
WY,2026,1,36,2025-09-07,2.8181818181818183
WY,2026,2,37,2025-09-14,6.181818181818182
WY,2026,3,38,2025-09-21,10.909090909090908
WY,2026,4,39,2025-09-28,12.909090909090908
US,2016,1,36,2015-09-06,0.75
US,2016,2,37,2015-09-13,2.25
US,2016,3,38,2015-09-20,4.75
US,2016,4,39,2015-09-27,9.5
US,2016,5,40,2015-10-04,17.25
US,2016,6,41,2015-10-11,24.25
US,2016,7,42,2015-10-18,31.25
US,2016,8,43,2015-10-25,36.25
US,2016,9,44,2015-11-01,40.0
US,2016,10,45,2015-11-08,43.0
US,2016,11,46,2015-11-15,45.25
US,2016,12,47,2015-11-22,46.5
US,2016,13,48,2015-11-29,47.25
US,2016,31,14,2016-04-10,48.25
US,2016,32,15,2016-04-17,50.25
US,2016,33,16,2016-04-24,53.75
US,2016,34,17,2016-05-01,57.75
US,2016,35,18,2016-05-08,61.5
US,2016,36,19,2016-05-15,64.25
US,2016,37,20,2016-05-22,66.0
US,2016,38,21,2016-05-29,68.25
US,2016,39,22,2016-06-05,70.5
US,2016,40,23,2016-06-12,74.0
US,2016,41,24,2016-06-19,77.5
US,2016,42,25,2016-06-26,82.5
US,2016,43,26,2016-07-03,85.75
US,2016,44,27,2016-07-10,87.75
US,2016,45,28,2016-07-17,90.25
US,2016,46,29,2016-07-24,92.0
US,2016,47,30,2016-07-31,93.5
US,2016,48,31,2016-08-07,94.75
US,2016,49,32,2016-08-14,95.5
US,2017,1,36,2016-09-11,1.5
US,2017,2,37,2016-09-18,4.25
US,2017,3,38,2016-09-25,9.5
US,2017,4,39,2016-10-02,15.75
US,2017,5,40,2016-10-09,23.25
US,2017,6,41,2016-10-16,29.75
US,2017,7,42,2016-10-23,34.75
US,2017,8,43,2016-10-30,39.0
US,2017,9,44,2016-11-06,42.5
US,2017,10,45,2016-11-13,44.5
US,2017,11,46,2016-11-20,46.5
US,2017,12,47,2016-11-27,47.25
US,2017,31,14,2017-04-09,49.5
US,2017,32,15,2017-04-16,52.0
US,2017,33,16,2017-04-23,55.25
US,2017,34,17,2017-04-30,57.75
US,2017,35,18,2017-05-07,59.75
US,2017,36,19,2017-05-14,63.0
US,2017,37,20,2017-05-21,65.25
US,2017,38,21,2017-05-28,67.25
US,2017,39,22,2017-06-04,71.5
US,2017,40,23,2017-06-11,74.5
US,2017,41,24,2017-06-18,78.5
US,2017,42,25,2017-06-25,81.75
US,2017,43,26,2017-07-02,84.75
US,2017,44,27,2017-07-09,88.25
US,2017,45,28,2017-07-16,90.25
US,2017,46,29,2017-07-23,92.5
US,2017,47,30,2017-07-30,93.5
US,2017,48,31,2017-08-06,95.0
US,2017,49,32,2017-08-13,95.75
US,2018,1,36,2017-09-10,1.25
US,2018,2,37,2017-09-17,3.25
US,2018,3,38,2017-09-24,6.0
US,2018,4,39,2017-10-01,12.0
US,2018,5,40,2017-10-08,18.25
US,2018,6,41,2017-10-15,24.25
US,2018,7,42,2017-10-22,31.75
US,2018,8,43,2017-10-29,37.25
US,2018,9,44,2017-11-05,41.5
US,2018,10,45,2017-11-12,44.75
US,2018,11,46,2017-11-19,45.75
US,2018,12,47,2017-11-26,46.75
US,2018,31,14,2018-04-08,47.5
US,2018,32,15,2018-04-15,49.0
US,2018,33,16,2018-04-22,50.0
US,2018,34,17,2018-04-29,51.5
US,2018,35,18,2018-05-06,55.0
US,2018,36,19,2018-05-13,58.0
US,2018,37,20,2018-05-20,62.0
US,2018,38,21,2018-05-27,65.0
US,2018,39,22,2018-06-03,68.75
US,2018,40,23,2018-06-10,73.0
US,2018,41,24,2018-06-17,77.25
US,2018,42,25,2018-06-24,80.75
US,2018,43,26,2018-07-01,83.25
US,2018,44,27,2018-07-08,86.25
US,2018,45,28,2018-07-15,89.0
US,2018,46,29,2018-07-22,90.5
US,2018,47,30,2018-07-29,91.75
US,2018,48,31,2018-08-05,93.0
US,2018,49,32,2018-08-12,94.0
US,2018,50,33,2018-08-19,94.75
US,2019,1,36,2018-09-09,1.25
US,2019,2,37,2018-09-16,3.25
US,2019,3,38,2018-09-23,7.0
US,2019,4,39,2018-09-30,14.25
US,2019,5,40,2018-10-07,21.75
US,2019,6,41,2018-10-14,27.25
US,2019,7,42,2018-10-21,31.25
US,2019,8,43,2018-10-28,35.25
US,2019,9,44,2018-11-04,38.5
US,2019,10,45,2018-11-11,41.5
US,2019,11,46,2018-11-18,43.5
US,2019,12,47,2018-11-25,45.25
US,2019,31,14,2019-04-07,46.0
US,2019,32,15,2019-04-14,46.75
US,2019,33,16,2019-04-21,47.5
US,2019,34,17,2019-04-28,50.0
US,2019,35,18,2019-05-05,52.5
US,2019,36,19,2019-05-12,55.75
US,2019,37,20,2019-05-19,58.75
US,2019,38,21,2019-05-26,61.75
US,2019,39,22,2019-06-02,64.25
US,2019,40,23,2019-06-09,67.0
US,2019,41,24,2019-06-16,69.5
US,2019,42,25,2019-06-23,72.5
US,2019,43,26,2019-06-30,77.0
US,2019,44,27,2019-07-07,81.25
US,2019,45,28,2019-07-14,83.75
US,2019,46,29,2019-07-21,86.75
US,2019,47,30,2019-07-28,88.25
US,2019,48,31,2019-08-04,90.0
US,2019,49,32,2019-08-11,91.75
US,2019,50,33,2019-08-18,92.75
US,2019,51,34,2019-08-25,93.5
US,2020,2,37,2019-09-15,2.0
US,2020,3,38,2019-09-22,5.5
US,2020,4,39,2019-09-29,12.5
US,2020,5,40,2019-10-06,19.5
US,2020,6,41,2019-10-13,26.5
US,2020,7,42,2019-10-20,32.5
US,2020,8,43,2019-10-27,37.0
US,2020,9,44,2019-11-03,40.0
US,2020,10,45,2019-11-10,42.5
US,2020,11,46,2019-11-17,44.5
US,2020,12,47,2019-11-24,45.5
US,2020,32,15,2020-04-12,47.0
US,2020,33,16,2020-04-19,49.0
US,2020,34,17,2020-04-26,50.75
US,2020,35,18,2020-05-03,53.5
US,2020,36,19,2020-05-10,56.5
US,2020,37,20,2020-05-17,59.5
US,2020,38,21,2020-05-24,62.5
US,2020,39,22,2020-05-31,65.5
US,2020,40,23,2020-06-07,68.5
US,2020,41,24,2020-06-14,72.0
US,2020,42,25,2020-06-21,76.75
US,2020,43,26,2020-06-28,79.75
US,2020,44,27,2020-07-05,83.5
US,2020,45,28,2020-07-12,86.5
US,2020,46,29,2020-07-19,88.0
US,2020,47,30,2020-07-26,89.75
US,2020,48,31,2020-08-02,90.75
US,2020,49,32,2020-08-09,92.0
US,2020,50,33,2020-08-16,92.75
US,2020,51,34,2020-08-23,93.75
US,2021,1,36,2020-09-06,1.25
US,2021,2,37,2020-09-13,2.5
US,2021,3,38,2020-09-20,5.75
US,2021,4,39,2020-09-27,11.25
US,2021,5,40,2020-10-04,19.0
US,2021,6,41,2020-10-11,27.25
US,2021,7,42,2020-10-18,32.0
US,2021,8,43,2020-10-25,36.75
US,2021,9,44,2020-11-01,40.0
US,2021,10,45,2020-11-08,43.0
US,2021,11,46,2020-11-15,45.25
US,2021,12,47,2020-11-22,46.25
US,2021,13,48,2020-11-29,47.0
US,2021,30,13,2021-04-04,48.0
US,2021,31,14,2021-04-11,48.25
US,2021,32,15,2021-04-18,49.5
US,2021,33,16,2021-04-25,51.25
US,2021,34,17,2021-05-02,53.75
US,2021,35,18,2021-05-09,56.5
US,2021,36,19,2021-05-16,60.25
US,2021,37,20,2021-05-23,63.75
US,2021,38,21,2021-05-30,66.75
US,2021,39,22,2021-06-06,68.75
US,2021,40,23,2021-06-13,71.0
US,2021,41,24,2021-06-20,75.25
US,2021,42,25,2021-06-27,79.25
US,2021,43,26,2021-07-04,82.25
US,2021,44,27,2021-07-11,85.75
US,2021,45,28,2021-07-18,89.25
US,2021,46,29,2021-07-25,92.0
US,2021,47,30,2021-08-01,93.75
US,2021,48,31,2021-08-08,94.75
US,2021,52,35,2021-09-05,72.0
US,2022,1,36,2021-09-12,3.0
US,2022,2,37,2021-09-19,6.0
US,2022,3,38,2021-09-26,10.75
US,2022,4,39,2021-10-03,16.5
US,2022,5,40,2021-10-10,22.75
US,2022,6,41,2021-10-17,28.5
US,2022,7,42,2021-10-24,33.75
US,2022,8,43,2021-10-31,38.5
US,2022,9,44,2021-11-07,41.25
US,2022,10,45,2021-11-14,43.75
US,2022,11,46,2021-11-21,45.5
US,2022,12,47,2021-11-28,47.0
US,2022,30,13,2022-04-03,48.0
US,2022,31,14,2022-04-10,48.25
US,2022,32,15,2022-04-17,48.75
US,2022,33,16,2022-04-24,49.75
US,2022,34,17,2022-05-01,52.75
US,2022,35,18,2022-05-08,55.25
US,2022,36,19,2022-05-15,59.0
US,2022,37,20,2022-05-22,62.75
US,2022,38,21,2022-05-29,65.0
US,2022,39,22,2022-06-05,68.0
US,2022,40,23,2022-06-12,71.0
US,2022,41,24,2022-06-19,76.0
US,2022,42,25,2022-06-26,81.0
US,2022,43,26,2022-07-03,84.25
US,2022,44,27,2022-07-10,86.5
US,2022,45,28,2022-07-17,88.25
US,2022,46,29,2022-07-24,90.0
US,2022,47,30,2022-07-31,91.25
US,2022,48,31,2022-08-07,92.25
US,2022,49,32,2022-08-14,93.25
US,2022,50,33,2022-08-21,94.5
US,2022,52,35,2022-09-04,71.25
US,2023,1,36,2022-09-11,2.5
US,2023,2,37,2022-09-18,5.75
US,2023,3,38,2022-09-25,10.0
US,2023,4,39,2022-10-02,13.75
US,2023,5,40,2022-10-09,20.25
US,2023,6,41,2022-10-16,26.75
US,2023,7,42,2022-10-23,32.0
US,2023,8,43,2022-10-30,37.25
US,2023,9,44,2022-11-06,41.25
US,2023,10,45,2022-11-13,44.25
US,2023,11,46,2022-11-20,45.75
US,2023,12,47,2022-11-27,46.75
US,2023,30,13,2023-04-02,48.25
US,2023,31,14,2023-04-09,48.5
US,2023,32,15,2023-04-16,49.25
US,2023,33,16,2023-04-23,51.25
US,2023,34,17,2023-04-30,53.0
US,2023,35,18,2023-05-07,56.25
US,2023,36,19,2023-05-14,59.0
US,2023,37,20,2023-05-21,62.0
US,2023,38,21,2023-05-28,64.75
US,2023,39,22,2023-06-04,68.25
US,2023,40,23,2023-06-11,71.0
US,2023,41,24,2023-06-18,74.0
US,2023,42,25,2023-06-25,77.0
US,2023,43,26,2023-07-02,80.25
US,2023,44,27,2023-07-09,82.5
US,2023,45,28,2023-07-16,85.0
US,2023,46,29,2023-07-23,88.0
US,2023,47,30,2023-07-30,91.0
US,2023,48,31,2023-08-06,92.75
US,2023,49,32,2023-08-13,94.0
US,2023,50,33,2023-08-20,95.0
US,2023,52,35,2023-09-03,71.25
US,2024,1,36,2023-09-10,1.75
US,2024,2,37,2023-09-17,3.75
US,2024,3,38,2023-09-24,8.25
US,2024,4,39,2023-10-01,13.75
US,2024,5,40,2023-10-08,21.5
US,2024,6,41,2023-10-15,26.75
US,2024,7,42,2023-10-22,32.5
US,2024,8,43,2023-10-29,37.0
US,2024,9,44,2023-11-05,41.25
US,2024,10,45,2023-11-12,43.5
US,2024,11,46,2023-11-19,45.5
US,2024,12,47,2023-11-26,46.5
US,2024,30,13,2024-03-31,47.5
US,2024,31,14,2024-04-07,48.0
US,2024,32,15,2024-04-14,49.25
US,2024,33,16,2024-04-21,50.75
US,2024,34,17,2024-04-28,54.0
US,2024,35,18,2024-05-05,57.25
US,2024,36,19,2024-05-12,60.75
US,2024,37,20,2024-05-19,63.75
US,2024,38,21,2024-05-26,65.75
US,2024,39,22,2024-06-02,68.75
US,2024,40,23,2024-06-09,71.75
US,2024,41,24,2024-06-16,76.75
US,2024,42,25,2024-06-23,80.75
US,2024,43,26,2024-06-30,84.25
US,2024,44,27,2024-07-07,86.5
US,2024,45,28,2024-07-14,88.5
US,2024,46,29,2024-07-21,89.75
US,2024,47,30,2024-07-28,91.25
US,2024,48,31,2024-08-04,92.75
US,2024,49,32,2024-08-11,94.0
US,2024,50,33,2024-08-18,94.75
US,2024,52,35,2024-09-01,71.5
US,2025,1,36,2024-09-08,1.5
US,2025,2,37,2024-09-15,3.5
US,2025,3,38,2024-09-22,7.25
US,2025,4,39,2024-09-29,13.25
US,2025,5,40,2024-10-06,19.0
US,2025,6,41,2024-10-13,24.75
US,2025,7,42,2024-10-20,29.75
US,2025,8,43,2024-10-27,34.0
US,2025,9,44,2024-11-03,38.25
US,2025,10,45,2024-11-10,41.75
US,2025,11,46,2024-11-17,44.5
US,2025,12,47,2024-11-24,46.5
US,2025,31,14,2025-04-06,47.75
US,2025,32,15,2025-04-13,48.5
US,2025,33,16,2025-04-20,50.25
US,2025,34,17,2025-04-27,53.25
US,2025,35,18,2025-05-04,56.25
US,2025,36,19,2025-05-11,59.75
US,2025,37,20,2025-05-18,62.5
US,2025,38,21,2025-05-25,65.25
US,2025,39,22,2025-06-01,68.0
US,2025,40,23,2025-06-08,69.5
US,2025,41,24,2025-06-15,72.25
US,2025,42,25,2025-06-22,75.25
US,2025,43,26,2025-06-29,79.75
US,2025,44,27,2025-07-06,83.75
US,2025,45,28,2025-07-13,86.25
US,2025,46,29,2025-07-20,88.75
US,2025,47,30,2025-07-27,90.5
US,2025,48,31,2025-08-03,92.0
US,2025,49,32,2025-08-10,93.0
US,2025,50,33,2025-08-17,94.0
US,2025,51,34,2025-08-24,95.0
US,2026,1,36,2025-09-07,1.25
US,2026,2,37,2025-09-14,2.75
US,2026,3,38,2025-09-21,6.0
US,2026,4,39,2025-09-28,11.75
US,2026,11,46,2025-11-16,42.75
US,2026,12,47,2025-11-23,46.0
